Latitude,Longitude,Radius Distance,Estado,POI
-23.5680833,-46.6735565,0.3,SP,Concessionárias
-23.5131592,-46.6995648,0.3,SP,Concessionárias
-23.5466647,-46.5668599,0.3,SP,Concessionárias
-23.6394536,-46.72234770000001,0.3,SP,Concessionárias
-23.497236,-46.8419513,0.3,SP,Concessionárias
-23.5550659,-46.698443,0.3,SP,Concessionárias
-23.5819293,-46.6832098,0.3,SP,Concessionárias
-23.6793774,-46.5434449,0.3,SP,Concessionárias
-23.6220078,-46.6621038,0.3,SP,Concessionárias
-23.5338035,-46.2128615,0.3,SP,Concessionárias
-21.2101503,-47.80086190000001,0.3,SP,Concessionárias
-23.0120306,-43.2993215,0.3,Demais Praças,Concessionárias
-22.9562191,-43.1922401,0.3,Demais Praças,Concessionárias
-22.9554479,-43.1804445,0.3,Demais Praças,Concessionárias
-18.9022946,-48.2660847,0.3,Demais Praças,Concessionárias
-25.4209479,-49.24845939999999,0.3,Demais Praças,Concessionárias
-23.0108696,-43.4494103,0.3,Demais Praças,Concessionárias
-24.953611,-53.4208154,0.3,Demais Praças,Concessionárias
-26.9666072,-48.6392327,0.3,Demais Praças,Concessionárias
-22.826188,-47.0969274,0.3,SP,Concessionárias
-23.2061861,-45.9046825,0.3,SP,Concessionárias
-23.549699,-46.5666678,0.3,SP,Concessionárias
-21.805755,-43.375651,0.3,Demais Praças,Concessionárias
-20.8536411,-49.4132153,0.3,SP,Concessionárias
-19.9595917,-43.9637062,0.3,Demais Praças,Concessionárias
-23.6499435,-46.578177,0.3,SP,Concessionárias
-21.2104445,-47.8021102,0.3,SP,Concessionárias
-28.6779593,-49.3656157,0.3,Demais Praças,Concessionárias
-23.5182331,-46.66753809999999,0.3,SP,Concessionárias
-19.7535164,-47.9151046,0.3,Demais Praças,Concessionárias
-15.8697514,-47.9309928,0.3,Demais Praças,Concessionárias
-20.8541831,-49.4151173,0.3,SP,Concessionárias
-23.290551,-51.2199416,0.3,Demais Praças,Concessionárias
-21.8073716,-43.3766662,0.3,Demais Praças,Concessionárias
-22.7302405,-47.6146592,0.3,SP,Concessionárias
-28.2677535,-52.4375915,0.3,Demais Praças,Concessionárias
-23.5717506,-46.6747154,0.3,SP,Concessionárias
-15.8361178,-47.9331995,0.3,Demais Praças,Concessionárias
-23.1768573,-46.9052058,0.3,SP,Concessionárias
-26.9609204,-48.6404647,0.3,Demais Praças,Concessionárias
-23.6007017,-46.6781041,0.3,SP,Concessionárias
-20.567419,-47.4078469,0.3,SP,Concessionárias
-23.5292023,-46.7370931,0.3,SP,Concessionárias
-27.0961532,-52.61904879999999,0.3,Demais Praças,Concessionárias
-23.4241867,-51.8992589,0.3,Demais Praças,Concessionárias
-31.7612748,-52.31851640000001,0.3,Demais Praças,Concessionárias
-23.545266,-46.569399,0.3,SP,Concessionárias
-30.0413102,-51.1736866,0.3,Demais Praças,Concessionárias
-23.5508612,-46.5674626,0.3,SP,Concessionárias
-27.595083,-48.5727371,0.3,Demais Praças,Concessionárias
-22.8861922,-47.0623702,0.3,SP,Concessionárias
-19.9607377,-43.9571141,0.3,Demais Praças,Concessionárias
-21.7779239,-43.3461209,0.3,Demais Praças,Concessionárias
-25.4302851,-49.3234191,0.3,Demais Praças,Concessionárias
-26.3239067,-48.868371,0.3,Demais Praças,Concessionárias
-29.7104262,-51.14661479999999,0.3,Demais Praças,Concessionárias
-23.5827086,-46.6512483,0.3,SP,Concessionárias
-23.4925521,-46.8426524,0.3,SP,Concessionárias
-30.0669795,-51.2123826,0.3,Demais Praças,Concessionárias
-23.536457,-46.674658,0.3,SP,Concessionárias
-16.6981713,-49.2313845,0.3,Demais Praças,Concessionárias
-26.9359216,-49.06737589999999,0.3,Demais Praças,Concessionárias
-29.1527406,-51.157169,0.3,Demais Praças,Concessionárias
-23.4240135,-51.9548093,0.3,Demais Praças,Concessionárias
-23.4238627,-51.9549482,0.3,Demais Praças,Concessionárias
-23.0001664,-43.3316538,0.3,Demais Praças,Concessionárias
-18.9267256,-48.2591439,0.3,Demais Praças,Concessionárias
-22.7932589,-43.3666157,0.3,Demais Praças,Concessionárias
-16.7258124,-43.880641,0.3,Demais Praças,Concessionárias
-22.2874495,-43.91497589999999,0.3,Demais Praças,Concessionárias
-22.9564684,-43.19107890000001,0.3,Demais Praças,Concessionárias
-23.5667477,-46.6518414,0.3,SP,Concessionárias
-23.472368,-47.423595,0.3,SP,Concessionárias
-30.0009864,-51.3080583,0.3,Demais Praças,Concessionárias
-26.8672576,-49.1033134,0.3,Demais Praças,Concessionárias
-19.9656623,-43.9613969,0.3,Demais Praças,Concessionárias
-30.0116452,-51.14798889999999,0.3,Demais Praças,Concessionárias
-15.8044474,-47.9699199,0.3,Demais Praças,Concessionárias
-27.5920797,-48.5744726,0.3,Demais Praças,Concessionárias
-28.2693243,-52.4405805,0.3,Demais Praças,Concessionárias
-25.4533569,-49.262832,0.3,Demais Praças,Concessionárias
-22.794576,-43.366505,0.3,Demais Praças,Concessionárias
-23.5481686,-51.4502642,0.3,Demais Praças,Concessionárias
-22.8855311,-47.06203180000001,0.3,SP,Concessionárias
-23.6418361,-46.7240794,0.3,SP,Concessionárias
-23.5608932,-46.7052949,0.3,SP,Concessionárias
-22.899431,-47.054878,0.3,SP,Concessionárias
-23.5236917,-46.6934864,0.3,SP,Concessionárias
-26.9124506,-49.0519891,0.3,Demais Praças,Concessionárias
-23.476178,-47.4270013,0.3,SP,Concessionárias
-24.9660582,-53.4811048,0.3,Demais Praças,Concessionárias
-23.5976231,-46.62785830000001,0.3,SP,Concessionárias
-23.9474569,-46.3238704,0.3,SP,Concessionárias
-15.8700526,-47.9625306,0.3,Demais Praças,Concessionárias
-23.9516518,-46.3225214,0.3,SP,Concessionárias
-21.2100291,-47.8015749,0.3,SP,Concessionárias
-23.4919768,-46.8426905,0.3,SP,Concessionárias
-23.5970482,-46.6880274,0.3,SP,Concessionárias
-23.6355375,-46.7185654,0.3,SP,Concessionárias
-22.904732,-47.0465069,0.3,SP,Concessionárias
-21.210241,-47.8011689,0.3,SP,Concessionárias
-23.0011249,-43.4157036,0.3,Demais Praças,Concessionárias
-25.4477094,-49.26559109999999,0.3,Demais Praças,Concessionárias
-27.5776766,-48.59254079999999,0.3,Demais Praças,Concessionárias
-30.0032169,-51.1862362,0.3,Demais Praças,Concessionárias
-23.422974,-51.911478,0.3,Demais Praças,Concessionárias
-26.9219758,-49.063246,0.3,Demais Praças,Concessionárias
-23.5931567,-46.6774487,0.3,SP,Concessionárias
-29.42881179999999,-52.0157393,0.3,Demais Praças,Concessionárias
-30.0585407,-51.2167956,0.3,Demais Praças,Concessionárias
-29.1687465,-51.2140687,0.3,Demais Praças,Concessionárias
-29.1445132,-51.2271166,0.3,Demais Praças,Concessionárias
-28.2714918,-52.3864105,0.3,Demais Praças,Concessionárias
-28.214291,-52.3578681,0.3,Demais Praças,Concessionárias
-27.177809,-49.593926,0.3,Demais Praças,Concessionárias
-26.8681668,-49.1055754,0.3,Demais Praças,Concessionárias
-25.3856443,-51.5142874,0.3,Demais Praças,Concessionárias
-25.4394417,-49.3011287,0.3,Demais Praças,Concessionárias
-31.7428253,-52.3822142,0.3,Demais Praças,Concessionárias
-31.68241029999999,-52.3441925,0.3,Demais Praças,Concessionárias
-27.5793199,-48.5885865,0.3,Demais Praças,Concessionárias
-26.9960669,-48.6455576,0.3,Demais Praças,Concessionárias
-24.953555,-53.4209615,0.3,Demais Praças,Concessionárias
-23.7789994,-53.0966527,0.3,Demais Praças,Concessionárias
-23.5987583,-46.6782143,0.3,SP,Concessionárias
-23.5014729,-47.47909310000001,0.3,SP,Concessionárias
-22.884564,-47.0416581,0.3,SP,Concessionárias
-23.7458326,-46.55491809999999,0.3,SP,Concessionárias
-23.9280205,-46.38714830000001,0.3,SP,Concessionárias
-23.0097059,-43.30319,0.3,Demais Praças,Concessionárias
-22.9450708,-43.1853139,0.3,Demais Praças,Concessionárias
-23.0099808,-43.3030292,0.3,Demais Praças,Concessionárias
-26.948422,-48.68300900000001,0.3,Demais Praças,Concessionárias
-27.8129022,-50.3696585,0.3,Demais Praças,Concessionárias
-26.999457,-51.1020969,0.3,Demais Praças,Concessionárias
-18.1830335,-49.2906189,0.3,Demais Praças,Concessionárias
-27.0016017,-52.6497434,0.3,Demais Praças,Concessionárias
-25.5103715,-49.3411864,0.3,Demais Praças,Concessionárias
-26.8920888,-49.0716745,0.3,Demais Praças,Concessionárias
-26.8681668,-49.1055754,0.3,Demais Praças,Concessionárias
-25.4546924,-49.290211,0.3,Demais Praças,Concessionárias
-23.4223934,-51.9088624,0.3,Demais Praças,Concessionárias
-23.2995063,-51.1884987,0.3,Demais Praças,Concessionárias
-23.6366863,-46.5428913,0.3,SP,Concessionárias
-23.5440794,-46.5901173,0.3,SP,Concessionárias
-23.6033539,-46.6251287,0.3,SP,Concessionárias
-18.3660764,-49.2139568,0.3,Demais Praças,Concessionárias
-28.4667826,-49.0069441,0.3,Demais Praças,Concessionárias
-26.9902444,-48.63229690000001,0.3,Demais Praças,Concessionárias
-23.6008039,-46.6945839,0.3,SP,Concessionárias
-23.5504421,-51.4640073,0.3,Demais Praças,Concessionárias
-22.950559,-49.8775461,0.3,SP,Concessionárias
-22.7385375,-48.608203,0.3,SP,Concessionárias
-23.5778772,-46.68126179999999,0.3,SP,Concessionárias
-23.6389108,-46.7209633,0.3,SP,Concessionárias
-23.498795,-46.8589365,0.3,SP,Concessionárias
-23.5232064,-46.6576357,0.3,SP,Concessionárias
-23.1823263,-46.8784065,0.3,SP,Concessionárias
-23.5005626,-46.8546921,0.3,SP,Concessionárias
-23.4238203,-46.392093,0.3,SP,Concessionárias
-23.5292607,-46.2024334,0.3,SP,Concessionárias
-22.620711,-47.3463438,0.3,SP,Concessionárias
-23.2009728,-45.9095951,0.3,SP,Concessionárias
-22.5785855,-47.367335,0.3,SP,Concessionárias
-23.1067863,-45.6957989,0.3,SP,Concessionárias
-22.4226043,-45.4702923,0.3,Demais Praças,Concessionárias
-21.1941041,-47.7758571,0.3,SP,Concessionárias
-23.7939991,-45.39991879999999,0.3,SP,Concessionárias
-23.0097915,-43.3064938,0.3,Demais Praças,Concessionárias
-22.7518424,-43.2869075,0.3,Demais Praças,Concessionárias
-22.9202671,-43.1700177,0.3,Demais Praças,Concessionárias
-19.959072,-43.956865,0.3,Demais Praças,Concessionárias
-19.960202,-44.168467,0.3,Demais Praças,Concessionárias
-21.7384854,-41.329365,0.3,Demais Praças,Concessionárias
-18.9290636,-48.2438528,0.3,Demais Praças,Concessionárias
-18.863346,-48.2553644,0.3,Demais Praças,Concessionárias
-21.2142667,-47.7594419,0.3,SP,Concessionárias
-18.6396237,-46.49110580000001,0.3,Demais Praças,Concessionárias
-18.9514588,-48.2792618,0.3,Demais Praças,Concessionárias
-21.7702899,-48.2411053,0.3,SP,Concessionárias
-20.8575933,-49.4114607,0.3,SP,Concessionárias
-20.890814,-49.431192,0.3,SP,Concessionárias
-16.7066912,-49.2373961,0.3,Demais Praças,Concessionárias
-16.8275187,-49.2423324,0.3,Demais Praças,Concessionárias
-16.6292512,-49.2051553,0.3,Demais Praças,Concessionárias
-21.2567321,-50.4191083,0.3,SP,Concessionárias
-15.8033237,-47.9680259,0.3,Demais Praças,Concessionárias
-22.2662533,-51.3019148,0.3,SP,Concessionárias
-23.2470134,-51.2518433,0.3,Demais Praças,Concessionárias
-24.0898979,-52.3804855,0.3,Demais Praças,Concessionárias
-23.7785948,-53.2869387,0.3,Demais Praças,Concessionárias
-24.9724675,-53.3948252,0.3,Demais Praças,Concessionárias
-24.9668033,-53.4238344,0.3,Demais Praças,Concessionárias
-23.4166771,-51.9858332,0.3,Demais Praças,Concessionárias
-22.7711416,-53.2683507,0.3,Demais Praças,Concessionárias
-26.9480905,-48.6840577,0.3,Demais Praças,Concessionárias
-27.1557058,-48.5793427,0.3,Demais Praças,Concessionárias
-27.4350337,-48.4798594,0.3,Demais Praças,Concessionárias
-27.006318,-48.6245185,0.3,Demais Praças,Concessionárias
-27.4342747,-48.478638,0.3,Demais Praças,Concessionárias
-15.8057269,-47.95080859999999,0.3,Demais Praças,Concessionárias
-16.699088,-49.2684625,0.3,Demais Praças,Concessionárias
-19.9637,-43.96295,0.3,Demais Praças,Concessionárias
-18.951453,-48.2772832,0.3,Demais Praças,Concessionárias
-25.4303474,-49.324071,0.3,Demais Praças,Concessionárias
-23.2910805,-51.2212907,0.3,Demais Praças,Concessionárias
-23.4230325,-51.91144449999999,0.3,Demais Praças,Concessionárias
-30.0027486,-51.19134469999999,0.3,Demais Praças,Concessionárias
-22.9279453,-43.0640335,0.3,Demais Praças,Concessionárias
-23.0056202,-43.4378306,0.3,Demais Praças,Concessionárias
-26.9593324,-48.6390049,0.3,Demais Praças,Concessionárias
-26.914982,-49.0571115,0.3,Demais Praças,Concessionárias
-27.091936,-52.6181181,0.3,Demais Praças,Concessionárias
-27.5961912,-48.6020291,0.3,Demais Praças,Concessionárias
-23.5071007,-46.8481009,0.3,SP,Concessionárias
-21.2106804,-47.8024877,0.3,SP,Concessionárias
-20.8126218,-49.3767619,0.3,SP,Concessionárias
-23.5705417,-46.7005324,0.3,SP,Concessionárias
-23.617174,-46.7029161,0.3,SP,Concessionárias
-23.5601445,-46.56713389999999,0.3,SP,Concessionárias
-23.5310426,-46.7380272,0.3,SP,Concessionárias
-23.6108454,-46.6548885,0.3,SP,Concessionárias
-23.5312434,-46.6613341,0.3,SP,Concessionárias
-23.5712877,-46.6736745,0.3,SP,Concessionárias
-22.8758006,-47.0472389,0.3,SP,Concessionárias
-23.5017019,-47.4798371,0.3,SP,Concessionárias
-23.2017656,-45.908714,0.3,SP,Concessionárias
-23.5496587,-46.66792539999999,0.3,SP,Concessionárias
-23.5025656,-46.538379,0.3,SP,Concessionárias
-23.5526588,-46.7032308,0.3,SP,Concessionárias
-23.5932344,-46.6771556,0.3,SP,Concessionárias
-23.5641718,-46.6723015,0.3,SP,Concessionárias
-23.485281,-46.825665,0.3,SP,Concessionárias
-23.5705479,-46.6575354,0.3,SP,Concessionárias
-23.5857248,-46.6824158,0.3,SP,Concessionárias
-22.9484628,-43.3698459,0.3,Demais Praças,Concessionárias
-29.9885256,-51.1402652,0.3,Demais Praças,Concessionárias
-25.4078824,-49.3092264,0.3,Demais Praças,Concessionárias
-19.599168,-43.913171,0.3,Demais Praças,Concessionárias
-15.7061286,-47.9960511,0.3,Demais Praças,Concessionárias
-14.235004,-51.92528,0.3,Demais Praças,Concessionárias
-22.8235526,-46.6898516,0.3,SP,Concessionárias
-23.276999,-51.100126,0.3,Demais Praças,Concessionárias
-16.6980763,-49.2515557,0.3,Demais Praças,Concessionárias
-22.781439,-45.662843,0.3,SP,Resorts
-23.597423,-46.700852,0.3,SP,Resorts
-23.563694,-46.656080,0.3,SP,Resorts
-22.771366,-45.599871,0.3,SP,Resorts
-22.433902,-44.519794,0.3,Demais Praças,Resorts
-23.632001,-46.722677,0.3,SP,Resorts
-3.944276,-38.276277,0.3,Demais Praças,Resorts
-23.371699,-47.562569,0.3,SP,Resorts
-23.370600,-47.550093,0.3,SP,Resorts
-23.054087,-47.070242,0.3,SP,Resorts
-28.817604,-49.251578,0.3,Demais Praças,Marinas
-20.6141323,-46.0478758,0.3,Demais Praças,Marinas
-23.503465,-45.124357,0.3,SP,Marinas
-26.7899836,-48.6046012,0.3,Demais Praças,Marinas
-24.174704,-46.817336,0.3,SP,Marinas
-27.4863624,-48.6483316,0.3,Demais Praças,Marinas
-29.3281031,-49.7395509,0.3,Demais Praças,Marinas
-22.7721821,-53.2676175,0.3,Demais Praças,Marinas
-27.0096164,-48.6130822,0.3,Demais Praças,Marinas
-22.8463505,-50.8760925,0.3,Demais Praças,Marinas
-23.9276197,-46.2083466,0.3,SP,Marinas
-22.7713103,-53.2684885,0.3,Demais Praças,Marinas
-24.0436553,-52.3781098,0.3,Demais Praças,Marinas
-23.695678,-45.438575,0.3,SP,Marinas
-24.0006234,-46.296787,0.3,SP,Marinas
-21.74222,-52.079582,0.3,SP,Marinas
-23.707265,-45.4325699,0.3,SP,Marinas
-23.4273793,-49.7239575,0.3,SP,Marinas
-20.091674,-50.928504,0.3,SP,Marinas
-23.7100362,-45.4301173,0.3,SP,Marinas
-22.577171,-53.058244,0.3,Demais Praças,Marinas
-25.5275684,-48.5095372,0.3,Demais Praças,Marinas
-20.5849457,-46.9191613,0.3,Demais Praças,Marinas
-27.1895326,-48.506187,0.3,Demais Praças,Marinas
-20.459348,-45.435814,0.3,Demais Praças,Marinas
-18.5174539,-49.497771,0.3,Demais Praças,Marinas
-25.6972404,-48.4759771,0.3,Demais Praças,Marinas
-26.775917,-48.6470006,0.3,Demais Praças,Marinas
-26.188547,-48.571242,0.3,Demais Praças,Marinas
-23.38735139,-49.64048158,0.3,SP,Marinas
-21.0350635,-44.7593214,0.3,Demais Praças,Marinas
-30.0187489,-51.2565001,0.3,Demais Praças,Marinas
-29.3207869,-49.7239294,0.3,Demais Praças,Marinas
-27.4311146,-48.4774009,0.3,Demais Praças,Marinas
-23.630561,-45.427032,0.3,SP,Marinas
-26.202446,-48.792251,0.3,Demais Praças,Marinas
-23.9276197,-46.2083466,0.3,SP,Marinas
-30.152222,-51.32239,0.3,Demais Praças,Marinas
-23.005276,-43.312726,0.3,Demais Praças,Marinas
-24.17329962,-46.81860573,0.3,SP,Marinas
-22.769185,-53.267565,0.3,Demais Praças,Marinas
-20.6350921,-46.5054775,0.3,Demais Praças,Marinas
-22.573603,-53.055507,0.3,Demais Praças,Marinas
-23.2200216,-44.7204284,0.3,Demais Praças,Marinas
-26.827036,-48.623176,0.3,Demais Praças,Marinas
-24.492001,-54.312423,0.3,Demais Praças,Marinas
-27.0096164,-48.6130822,0.3,Demais Praças,Marinas
-25.5165725,-48.5229975,0.3,Demais Praças,Marinas
-20.0923485,-50.9303341,0.3,SP,Marinas
-22.66776778,-53.07973317,0.3,Demais Praças,Marinas
-19.8664968,-47.4407846,0.3,Demais Praças,Marinas
-26.20119225,-48.79053025,0.3,Demais Praças,Marinas
-27.36638845,-48.55692737,0.3,Demais Praças,Marinas
-22.769185,-53.267565,0.3,Demais Praças,Marinas
-23.1815565,-46.3978706,0.3,SP,Marinas
-23.1659688,-46.4014012,0.3,SP,Marinas
-23.7744403,-45.3538938,0.3,SP,Marinas
-23.692914,-45.438074,0.3,SP,Marinas
-27.5953778,-48.5480499,0.3,Demais Praças,Marinas
-22.575348,-53.057368,0.3,Demais Praças,Marinas
-24.695629,-47.570842,0.3,SP,Marinas
-22.771298,-53.266168,0.3,Demais Praças,Marinas
-23.7200915,-46.756345,0.3,SP,Marinas
-23.5727858,-45.2748091,0.3,SP,Marinas
-22.8243512,-53.2246372,0.3,Demais Praças,Marinas
-23.3793926,-45.4437621,0.3,SP,Marinas
-25.5165725,-48.5229975,0.3,Demais Praças,Marinas
-27.161408,-48.5793985,0.3,Demais Praças,Marinas
-18.41309,-49.202349,0.3,Demais Praças,Marinas
-22.7714959,-53.2639688,0.3,Demais Praças,Marinas
-26.7759715,-48.6728286,0.3,Demais Praças,Marinas
-27.0096164,-48.6130822,0.3,Demais Praças,Marinas
-29.994138,-52.379044,0.3,Demais Praças,Marinas
-27.015383,-48.6322413,0.3,Demais Praças,Marinas
-20.0807296,-47.4295515,0.3,SP,Marinas
-22.782332,-41.963238,0.3,Demais Praças,Marinas
-27.2747533,-52.3395474,0.3,Demais Praças,Marinas
-22.7713103,-53.2684885,0.3,Demais Praças,Marinas
-23.2052269,-46.1562788,0.3,SP,Marinas
-26.073244,-48.603667,0.3,Demais Praças,Marinas
-24.7290503,-47.5607692,0.3,SP,Marinas
-29.3207869,-49.7239294,0.3,Demais Praças,Marinas
-23.0057347,-44.3157591,0.3,Demais Praças,Marinas
-20.179973,-48.0309631,0.3,SP,Marinas
-26.171181,-48.600218,0.3,Demais Praças,Marinas
-23.692699,-46.715452,0.3,SP,Marinas
-27.15309,-48.5397115,0.3,Demais Praças,Marinas
-24.187511,-46.796617,0.3,SP,Marinas
-23.200919,-49.755903,0.3,SP,Marinas
-25.6972404,-48.4759771,0.3,Demais Praças,Marinas
-22.2567218,-47.8170462,0.3,SP,Marinas
-22.717719,-53.1718325,0.3,Demais Praças,Marinas
-21.3157294,-51.8325787,0.3,SP,Marinas
-23.577265,-45.2756475,0.3,SP,Marinas
-23.6934056,-45.440858,0.3,SP,Marinas
-23.0035309,-44.2370119,0.3,Demais Praças,Marinas
-23.023335,-44.357925,0.3,Demais Praças,Marinas
-25.6344713,-53.3455701,0.3,Demais Praças,Marinas
-23.3176861,-46.2241105,0.3,SP,Marinas
-25.3496458,-54.2410116,0.3,Demais Praças,Marinas
-22.769185,-53.267565,0.3,Demais Praças,Marinas
-25.6972404,-48.4759771,0.3,Demais Praças,Marinas
-23.854507,-46.141614,0.3,SP,Marinas
-20.6344447,-46.0012219,0.3,Demais Praças,Marinas
-22.95300243,-44.39366629,0.3,Demais Praças,Marinas
-22.75521391,-53.19122861,0.3,Demais Praças,Marinas
-26.7750707,-48.6711776,0.3,Demais Praças,Marinas
-23.591152,-46.66698,0.3,SP,Marinas
-22.95547,-46.392926,0.3,SP,Marinas
-25.7105736,-52.9193013,0.3,Demais Praças,Marinas
-23.9276197,-46.2083466,0.3,SP,Marinas
-20.4832016,-45.8053073,0.3,Demais Praças,Marinas
-23.628023,-46.70444,0.3,SP,Marinas
-26.45519,-48.6137043,0.3,Demais Praças,Marinas
-23.594187,-45.364945,0.3,SP,Marinas
-27.24252,-48.623302,0.3,Demais Praças,Marinas
-23.484882,-45.156847,0.3,SP,Marinas
-23.80138,-46.048418,0.3,SP,Marinas
-29.9860772,-51.2514215,0.3,Demais Praças,Marinas
-20.088833,-47.4201885,0.3,SP,Marinas
-18.1382481,-49.0408911,0.3,Demais Praças,Marinas
-23.697864,-45.439488,0.3,SP,Marinas
-22.4981391,-48.5606695,0.3,SP,Marinas
-23.630561,-45.427032,0.3,SP,Marinas
-27.016816,-48.631105,0.3,Demais Praças,Marinas
-23.854742,-46.136947,0.3,SP,Marinas
-25.517601,-48.5025844,0.3,Demais Praças,Marinas
-25.6972404,-48.4759771,0.3,Demais Praças,Marinas
-29.9759381,-50.1275202,0.3,Demais Praças,Marinas
-21.2069225,-47.806629,0.3,SP,Marinas
-18.1382481,-49.0408911,0.3,Demais Praças,Marinas
-27.007687,-48.623921,0.3,Demais Praças,Marinas
-25.942586,-52.1747755,0.3,Demais Praças,Marinas
-18.413055,-49.198284,0.3,Demais Praças,Marinas
-24.187511,-46.796617,0.3,SP,Marinas
-24.0039225,-46.2926205,0.3,SP,Marinas
-25.6972404,-48.4759771,0.3,Demais Praças,Marinas
-27.867036,-48.6041794,0.3,Demais Praças,Marinas
-23.2200216,-44.7204284,0.3,Demais Praças,Marinas
-20.082015,-47.42007,0.3,SP,Marinas
-26.1856949,-48.5695025,0.3,Demais Praças,Marinas
-25.8795802,-48.6210868,0.3,Demais Praças,Marinas
-23.7913986,-46.5484768,0.3,SP,Marinas
-27.011298,-48.628303,0.3,Demais Praças,Marinas
-26.188547,-48.571242,0.3,Demais Praças,Marinas
-16.2527168,-47.92581261,0.3,Demais Praças,Marinas
-30.1115332,-51.6307505,0.3,Demais Praças,Marinas
-23.489688,-45.074689,0.3,SP,Marinas
-23.1815565,-46.3978706,0.3,SP,Marinas
-26.207764,-48.801364,0.3,Demais Praças,Marinas
-27.012089,-48.627467,0.3,Demais Praças,Marinas
-30.00551535,-51.25841464,0.3,Demais Praças,Marinas
-21.2329671,-49.6455916,0.3,SP,Marinas
-27.7592083,-48.5694693,0.3,Demais Praças,Marinas
-15.8208752,-47.8812509,0.3,Demais Praças,Marinas
-25.018727,-47.926466,0.3,SP,Marinas
-22.7340214,-53.0407335,0.3,Demais Praças,Marinas
-20.7616599,-45.9219446,0.3,Demais Praças,Marinas
-22.1796642,-47.8888643,0.3,SP,Marinas
-19.8664968,-47.4407846,0.3,Demais Praças,Marinas
-20.7635597,-45.915665,0.3,Demais Praças,Marinas
-22.66616655,-53.09034482,0.3,Demais Praças,Marinas
-20.3395373,-49.1920033,0.3,SP,Marinas
-25.531573,-48.51855,0.3,Demais Praças,Marinas
-25.51801,-48.545771,0.3,Demais Praças,Marinas
-23.004335,-44.235554,0.3,Demais Praças,Marinas
-20.0830687,-47.4215714,0.3,SP,Marinas
-23.686036,-46.716341,0.3,SP,Marinas
-22.782332,-41.963238,0.3,Demais Praças,Marinas
-15.8212522,-47.8814209,0.3,Demais Praças,Marinas
-26.772591,-48.676117,0.3,Demais Praças,Marinas
-27.4697207,-48.6402508,0.3,Demais Praças,Marinas
-23.6601008,-47.223489,0.3,SP,Marinas
-22.717719,-53.1718325,0.3,Demais Praças,Marinas
-27.153132,-48.539631,0.3,Demais Praças,Marinas
-21.4093821,-45.8290502,0.3,Demais Praças,Marinas
-22.9598984,-44.0413146,0.3,Demais Praças,Marinas
-22.9292618,-46.2753862,0.3,SP,Marinas
-25.517564,-48.502585,0.3,Demais Praças,Marinas
-22.8247037,-53.2198492,0.3,Demais Praças,Marinas
-26.0713285,-48.6177384,0.3,Demais Praças,Marinas
-26.0713285,-48.6177384,0.3,Demais Praças,Marinas
-20.5849457,-46.9191613,0.3,Demais Praças,Marinas
-26.221318,-48.821812,0.3,Demais Praças,Marinas
-27.0096164,-48.6130822,0.3,Demais Praças,Marinas
-26.891487,-49.004251,0.3,Demais Praças,Marinas
-30.0009406,-51.2611372,0.3,Demais Praças,Marinas
-17.7403188,-48.6318126,0.3,Demais Praças,Marinas
-22.870539,-42.047594,0.3,Demais Praças,Marinas
-23.981734,-46.213548,0.3,SP,Marinas
-23.2167338,-46.14158014,0.3,SP,Marinas
-20.640705,-51.103789,0.3,SP,Marinas
-20.179973,-48.0309631,0.3,SP,Marinas
-26.7545181,-48.6876224,0.3,Demais Praças,Marinas
-22.7707592,-53.2676397,0.3,Demais Praças,Marinas
-23.7555238,-45.4123661,0.3,SP,Marinas
-23.54661,-45.231814,0.3,SP,Marinas
-29.923528,-51.201142,0.3,Demais Praças,Marinas
-23.800262,-45.364575,0.3,SP,Marinas
-20.0807296,-47.4295515,0.3,SP,Marinas
-24.1817994,-46.7850334,0.3,SP,Marinas
-21.3544405,-51.856666,0.3,SP,Marinas
-23.1815565,-46.3978706,0.3,SP,Marinas
-26.612179,-48.67953,0.3,Demais Praças,Marinas
-25.569606,-48.355769,0.3,Demais Praças,Marinas
-24.015328,-46.438593,0.3,SP,Marinas
-27.613839,-48.484686,0.3,Demais Praças,Marinas
-22.900085,-42.065583,0.3,Demais Praças,Marinas
-26.4565112,-48.6130755,0.3,Demais Praças,Marinas
-27.007047,-48.623215,0.3,Demais Praças,Marinas
-16.1976908,-48.7060608,0.3,Demais Praças,Marinas
-27.0960682,-48.6178074,0.3,Demais Praças,Marinas
-22.771402,-53.266063,0.3,Demais Praças,Marinas
-23.009796,-43.300903,0.3,Demais Praças,Marinas
-23.97754048,-46.39757885,0.3,SP,Marinas
-22.2318862,-43.1141413,0.3,Demais Praças,Golf Clubs
-29.698193,-53.783295,0.3,Demais Praças,Golf Clubs
-23.5700715,-46.8786955,0.3,SP,Golf Clubs
-20.026872,-43.933938,0.3,Demais Praças,Golf Clubs
-22.3951627,-42.9860396,0.3,Demais Praças,Golf Clubs
-29.6858441,-53.8088936,0.3,Demais Praças,Golf Clubs
-30.19063063,-51.17267766,0.3,Demais Praças,Golf Clubs
-22.8888234,-47.0490418,0.3,SP,Golf Clubs
-23.34013496,-47.54748104,0.3,SP,Golf Clubs
-23.806165,-46.0568963,0.3,SP,Golf Clubs
-23.519409,-46.649155,0.3,SP,Golf Clubs
-25.468034,-49.538966,0.3,Demais Praças,Golf Clubs
-29.37616,-50.878136,0.3,Demais Praças,Golf Clubs
-29.1223321,-51.0232317,0.3,Demais Praças,Golf Clubs
-23.607509,-47.026132,0.3,SP,Golf Clubs
-29.3383976,-49.728226,0.3,Demais Praças,Golf Clubs
-23.9583677,-46.3890551,0.3,SP,Golf Clubs
-25.396633,-49.2312275,0.3,Demais Praças,Golf Clubs
-23.77868914,-46.74307548,0.3,SP,Golf Clubs
-22.79976664,-45.16036367,0.3,SP,Golf Clubs
-23.53315186,-47.63666189,0.3,SP,Golf Clubs
-15.7942287,-47.8821658,0.3,Demais Praças,Golf Clubs
-23.100409,-48.9160363,0.3,SP,Golf Clubs
-21.2490323,-47.7982928,0.3,SP,Golf Clubs
-23.966238,-46.191177,0.3,SP,Golf Clubs
-22.428453,-43.1155966,0.3,Demais Praças,Golf Clubs
-17.79272,-50.9196585,0.3,Demais Praças,Golf Clubs
-23.9850084,-48.8742698,0.3,SP,Golf Clubs
-24.71200357,-53.7176225,0.3,Demais Praças,Golf Clubs
-23.411868,-46.322237,0.3,SP,Golf Clubs
-25.1082861,-50.0957226,0.3,Demais Praças,Golf Clubs
-21.9221397,-50.7317774,0.3,SP,Golf Clubs
-23.31077729,-51.2941552,0.3,Demais Praças,Golf Clubs
-23.559105,-46.586409,0.3,SP,Golf Clubs
-22.9973488,-43.2643762,0.3,Demais Praças,Golf Clubs
-22.0176747,-47.8919396,0.3,SP,Golf Clubs
-22.811603,-47.257765,0.3,SP,Golf Clubs
-23.307633,-47.296657,0.3,SP,Golf Clubs
-22.94914,-46.64443981,0.3,SP,Golf Clubs
-23.168673,-47.071553,0.3,SP,Golf Clubs
-23.36971683,-46.35357247,0.3,SP,Golf Clubs
-23.8126195,-46.4733424,0.3,SP,Golf Clubs
-24.633919,-53.309741,0.3,Demais Praças,Golf Clubs
-23.621668,-47.018517,0.3,SP,Golf Clubs
-22.991396,-43.30406648,0.3,Demais Praças,Golf Clubs
-23.6641,-46.699049,0.3,SP,Golf Clubs
-22.9713942,-46.9941723,0.3,SP,Golf Clubs
-23.2024208,-46.89193299999999,0.3,SP,Bancos
-22.7201006,-47.3475118,0.3,SP,Bancos
-23.5647586,-46.6196127,0.3,SP,Bancos
-22.8939122,-47.0641707,0.3,SP,Bancos
-22.9696801,-47.0122666,0.3,SP,Bancos
-22.7533716,-47.3610117,0.3,SP,Bancos
-23.1920544,-46.9035197,0.3,SP,Bancos
-23.1832453,-46.8927808,0.3,SP,Bancos
-23.1889775,-46.9020417,0.3,SP,Bancos
-22.9019337,-47.0604199,0.3,SP,Bancos
-22.8536297,-47.2280282,0.3,SP,Bancos
-22.3424287,-49.0680074,0.3,SP,Bancos
-23.2556586,-47.2984623,0.3,SP,Bancos
-25.4463629,-49.2904205,0.3,Demais Praças,Bancos
-25.4200683,-49.2826456,0.3,Demais Praças,Bancos
-23.3241459,-51.1672823,0.3,Demais Praças,Bancos
-25.411007,-49.255511,0.3,Demais Praças,Bancos
-25.4421382,-49.2880246,0.3,Demais Praças,Bancos
-25.4490302,-49.2885119,0.3,Demais Praças,Bancos
-21.7844854,-48.1975837,0.3,SP,Bancos
-23.9407442,-46.3359939,0.3,SP,Bancos
-23.5832873,-46.6711367,0.3,SP,Bancos
-23.5966485,-46.6869052,0.3,SP,Bancos
-23.545765,-46.6331974,0.3,SP,Bancos
-23.5775252,-46.6868419,0.3,SP,Bancos
-23.5901841,-46.682061,0.3,SP,Bancos
-23.5694409,-46.6912187,0.3,SP,Bancos
-23.59219,-46.6890431,0.3,SP,Bancos
-23.5930371,-46.68671699999999,0.3,SP,Bancos
-23.5884138,-46.6822137,0.3,SP,Bancos
-23.5801179,-46.6401822,0.3,SP,Bancos
-23.6236987,-46.7033679,0.3,SP,Bancos
-22.9074515,-47.0577698,0.3,SP,Bancos
-23.0871472,-47.1992591,0.3,SP,Bancos
-22.4243764,-47.5598971,0.3,SP,Bancos
-22.9118479,-47.0422059,0.3,SP,Bancos
-22.8921545,-47.0499766,0.3,SP,Bancos
-22.8907823,-47.0519559,0.3,SP,Bancos
-22.822675,-47.0854623,0.3,SP,Bancos
-22.8844567,-47.060006,0.3,SP,Bancos
-22.9225205,-47.0871844,0.3,SP,Bancos
-22.4058982,-46.9677267,0.3,SP,Bancos
-22.7253495,-47.6532452,0.3,SP,Bancos
-23.1920544,-46.9035197,0.3,SP,Bancos
-22.8903359,-47.0354544,0.3,SP,Bancos
-22.9005651,-47.0656581,0.3,SP,Bancos
-22.7412934,-47.3287225,0.3,SP,Bancos
-23.0367239,-46.9834846,0.3,SP,Bancos
-22.8969675,-47.0516607,0.3,SP,Bancos
-22.4058511,-46.967667,0.3,SP,Bancos
-24.495874,-47.8436463,0.3,SP,Bancos
-25.4381052,-49.2665602,0.3,Demais Praças,Bancos
-25.5444903,-49.198938,0.3,Demais Praças,Bancos
-25.4084687,-49.2159931,0.3,Demais Praças,Bancos
-25.4437075,-49.2837424,0.3,Demais Praças,Bancos
-25.4207846,-49.268057,0.3,Demais Praças,Bancos
-25.3685575,-49.2638378,0.3,Demais Praças,Bancos
-25.4381369,-49.2754104,0.3,Demais Praças,Bancos
-25.4327799,-49.29918610000001,0.3,Demais Praças,Bancos
-25.4429984,-49.2819485,0.3,Demais Praças,Bancos
-25.4201651,-49.2685498,0.3,Demais Praças,Bancos
-23.5169108,-46.1790669,0.3,SP,Bancos
-23.9593729,-46.3298604,0.3,SP,Bancos
-23.6634558,-46.5216963,0.3,SP,Bancos
-23.5848825,-46.6731957,0.3,SP,Bancos
-23.5472411,-46.6334317,0.3,SP,Bancos
-23.6146049,-46.569119,0.3,SP,Bancos
-23.6217465,-45.4144704,0.3,SP,Bancos
-23.6444404,-46.7005036,0.3,SP,Bancos
-23.5061647,-47.45842469999999,0.3,SP,Bancos
-25.1032528,-50.1589075,0.3,Demais Praças,Bancos
-22.1152563,-51.4001587,0.3,SP,Bancos
-23.3310776,-51.1778012,0.3,Demais Praças,Bancos
-26.4078596,-50.1398922,0.3,Demais Praças,Bancos
-26.2285009,-51.0898298,0.3,Demais Praças,Bancos
-25.8748302,-50.3851688,0.3,Demais Praças,Bancos
-25.4318572,-49.2697078,0.3,Demais Praças,Bancos
-25.387732,-51.4619923,0.3,Demais Praças,Bancos
-23.5826533,-46.6823747,0.3,SP,Bancos
-23.546218,-46.635848,0.3,SP,Bancos
-23.1910411,-46.8824595,0.3,SP,Bancos
-22.9506168,-47.3068051,0.3,SP,Bancos
-22.7303916,-47.6403249,0.3,SP,Bancos
-22.560772,-47.4170862,0.3,SP,Bancos
-23.0847649,-47.1841655,0.3,SP,Bancos
-27.2263175,-52.0299208,0.3,Demais Praças,Bancos
-27.6394597,-52.2691309,0.3,Demais Praças,Bancos
-27.2355554,-52.0372458,0.3,Demais Praças,Bancos
-28.2477488,-52.4064379,0.3,Demais Praças,Bancos
-28.2627198,-52.4124802,0.3,Demais Praças,Bancos
-28.2638377,-52.4077477,0.3,Demais Praças,Bancos
-27.1588542,-52.3159161,0.3,Demais Praças,Bancos
-28.264498,-52.4158869,0.3,Demais Praças,Bancos
-28.2552393,-52.3989398,0.3,Demais Praças,Bancos
-27.402741,-51.2288067,0.3,Demais Praças,Bancos
-28.2656563,-52.4053007,0.3,Demais Praças,Bancos
-28.263936,-52.41481049999999,0.3,Demais Praças,Bancos
-28.2653942,-52.40343000000001,0.3,Demais Praças,Bancos
-28.562689,-51.9736594,0.3,Demais Praças,Bancos
-29.168735,-51.19335599999999,0.3,Demais Praças,Bancos
-28.2653195,-52.4021053,0.3,Demais Praças,Bancos
-28.5070995,-50.9370111,0.3,Demais Praças,Bancos
-29.1668043,-51.1886903,0.3,Demais Praças,Bancos
-25.4303032,-49.2662611,0.3,Demais Praças,Bancos
-25.4581037,-49.2774677,0.3,Demais Praças,Bancos
-25.433458,-49.28045969999999,0.3,Demais Praças,Bancos
-25.410797,-49.2554463,0.3,Demais Praças,Bancos
-26.284753,-48.8565787,0.3,Demais Praças,Bancos
-25.4743195,-49.2733638,0.3,Demais Praças,Bancos
-25.4371102,-49.3291009,0.3,Demais Praças,Bancos
-23.5859777,-46.6829919,0.3,SP,Bancos
-23.6298641,-46.7048838,0.3,SP,Bancos
-23.6026769,-46.6618652,0.3,SP,Bancos
-23.5923048,-46.6821803,0.3,SP,Bancos
-23.5944972,-46.6889693,0.3,SP,Bancos
-25.3864172,-49.22178359999999,0.3,Demais Praças,Bancos
-26.3129518,-48.8574474,0.3,Demais Praças,Bancos
-26.2876715,-48.8413941,0.3,Demais Praças,Bancos
-25.4353808,-49.2688172,0.3,Demais Praças,Bancos
-26.2757997,-48.85325210000001,0.3,Demais Praças,Bancos
-26.2743993,-48.843554,0.3,Demais Praças,Bancos
-25.4355763,-49.2778139,0.3,Demais Praças,Bancos
-28.6409549,-53.6060241,0.3,Demais Praças,Bancos
-28.6299492,-53.0908402,0.3,Demais Praças,Bancos
-28.8267706,-52.5117947,0.3,Demais Praças,Bancos
-29.6926316,-53.8076314,0.3,Demais Praças,Bancos
-29.691607,-53.8063205,0.3,Demais Praças,Bancos
-29.7184624,-52.4259487,0.3,Demais Praças,Bancos
-30.03352,-51.1781063,0.3,Demais Praças,Bancos
-30.02582259999999,-51.20345409999999,0.3,Demais Praças,Bancos
-30.028792,-51.2268294,0.3,Demais Praças,Bancos
-29.46260729999999,-51.9672817,0.3,Demais Praças,Bancos
-30.0319304,-51.1627954,0.3,Demais Praças,Bancos
-22.5330113,-41.9617784,0.3,Demais Praças,Bancos
-25.5383453,-49.1973221,0.3,Demais Praças,Bancos
-28.6700023,-49.3769314,0.3,Demais Praças,Bancos
-27.594447,-48.55852789999999,0.3,Demais Praças,Bancos
-26.9217872,-49.066348,0.3,Demais Praças,Bancos
-25.4290975,-49.2635466,0.3,Demais Praças,Bancos
-26.3029807,-48.8429624,0.3,Demais Praças,Bancos
-23.5211928,-47.4640756,0.3,SP,Bancos
-23.5452203,-47.4667951,0.3,SP,Bancos
-23.5005083,-47.4551195,0.3,SP,Bancos
-25.4147576,-49.2599228,0.3,Demais Praças,Bancos
-25.440218,-49.2813509,0.3,Demais Praças,Bancos
-25.4020181,-49.2414378,0.3,Demais Praças,Bancos
-25.4430439,-49.29084779999999,0.3,Demais Praças,Bancos
-25.4337695,-49.3003394,0.3,Demais Praças,Bancos
-23.6262316,-46.6881874,0.3,SP,Bancos
-23.1928589,-45.8942529,0.3,SP,Bancos
-23.2199841,-45.9106168,0.3,SP,Bancos
-23.0263481,-45.5804566,0.3,SP,Bancos
-23.4932242,-46.84966559999999,0.3,SP,Bancos
-23.5218692,-46.18218230000001,0.3,SP,Bancos
-27.5868104,-48.5486449,0.3,Demais Praças,Bancos
-22.4029823,-41.7957208,0.3,Demais Praças,Bancos
-29.6818871,-51.129099,0.3,Demais Praças,Bancos
-30.0332949,-51.214968,0.3,Demais Praças,Bancos
-23.5008449,-46.6374361,0.3,SP,Bancos
-23.452984,-46.5433242,0.3,SP,Bancos
-23.5101501,-46.1915632,0.3,SP,Bancos
-23.6240509,-46.5806709,0.3,SP,Bancos
-23.5371445,-46.67318179999999,0.3,SP,Bancos
-23.5730136,-46.6509349,0.3,SP,Bancos
-23.5777878,-46.6403056,0.3,SP,Bancos
-25.0994977,-50.157585,0.3,Demais Praças,Bancos
-26.9231993,-49.0647439,0.3,Demais Praças,Bancos
-26.4962272,-49.0904047,0.3,Demais Praças,Bancos
-26.4991385,-49.0831217,0.3,Demais Praças,Bancos
-26.9152032,-49.0712623,0.3,Demais Praças,Bancos
-28.3076289,-54.2579588,0.3,Demais Praças,Bancos
-27.8677495,-54.4799152,0.3,Demais Praças,Bancos
-27.7789854,-54.2341072,0.3,Demais Praças,Bancos
-27.7752377,-54.2321493,0.3,Demais Praças,Bancos
-27.6320372,-54.3082523,0.3,Demais Praças,Bancos
-28.2954059,-54.2656941,0.3,Demais Praças,Bancos
-27.1065818,-52.615665,0.3,Demais Praças,Bancos
-23.5864814,-46.6791683,0.3,SP,Bancos
-23.5947096,-46.6818209,0.3,SP,Bancos
-23.6308943,-46.71329470000001,0.3,SP,Bancos
-23.5656594,-46.6682604,0.3,SP,Bancos
-23.58786,-46.6803818,0.3,SP,Bancos
-23.5665706,-46.6655918,0.3,SP,Bancos
-23.5976016,-46.6849454,0.3,SP,Bancos
-23.5733669,-46.6897419,0.3,SP,Bancos
-23.6231991,-46.6818348,0.3,SP,Bancos
-23.575251,-46.6959753,0.3,SP,Bancos
-23.5617955,-46.6601677,0.3,SP,Bancos
-27.4621365,-51.9094355,0.3,Demais Praças,Bancos
-29.17153309999999,-51.1756726,0.3,Demais Praças,Bancos
-29.1776958,-51.4952572,0.3,Demais Praças,Bancos
-28.5943594,-51.7837698,0.3,Demais Praças,Bancos
-30.0250592,-51.1826832,0.3,Demais Praças,Bancos
-30.0352983,-51.1765713,0.3,Demais Praças,Bancos
-30.0432547,-51.176094,0.3,Demais Praças,Bancos
-30.027364,-51.18103929999999,0.3,Demais Praças,Bancos
-29.6909696,-51.126619,0.3,Demais Praças,Bancos
-25.5461896,-54.5863473,0.3,Demais Praças,Bancos
-24.9451834,-53.4689606,0.3,Demais Praças,Bancos
-24.9515254,-53.4469209,0.3,Demais Praças,Bancos
-25.3844192,-49.33417120000001,0.3,Demais Praças,Bancos
-29.1777185,-51.2161535,0.3,Demais Praças,Bancos
-25.4075805,-49.2540694,0.3,Demais Praças,Bancos
-25.4014053,-49.2675101,0.3,Demais Praças,Bancos
-30.0179048,-51.1909156,0.3,Demais Praças,Bancos
-30.03132,-51.23682969999999,0.3,Demais Praças,Bancos
-30.1520525,-51.2210506,0.3,Demais Praças,Bancos
-30.0227653,-51.18821519999999,0.3,Demais Praças,Bancos
-30.0405683,-51.1256926,0.3,Demais Praças,Bancos
-30.0264564,-51.1840559,0.3,Demais Praças,Bancos
-30.0283061,-51.1629264,0.3,Demais Praças,Bancos
-30.0469329,-51.2303302,0.3,Demais Praças,Bancos
-30.0293764,-51.1798313,0.3,Demais Praças,Bancos
-26.9927719,-48.6287009,0.3,Demais Praças,Bancos
-26.48955,-49.0797721,0.3,Demais Praças,Bancos
-25.460785,-49.530451,0.3,Demais Praças,Bancos
-27.2117756,-49.6341951,0.3,Demais Praças,Bancos
-25.097291,-50.1568881,0.3,Demais Praças,Bancos
-26.9041484,-48.6577522,0.3,Demais Praças,Bancos
-26.3165174,-48.84805230000001,0.3,Demais Praças,Bancos
-27.5839274,-48.54394,0.3,Demais Praças,Bancos
-26.2949485,-48.8492664,0.3,Demais Praças,Bancos
-26.2394681,-52.6725797,0.3,Demais Praças,Bancos
-29.6820609,-51.1272163,0.3,Demais Praças,Bancos
-29.5880059,-51.0862348,0.3,Demais Praças,Bancos
-27.2313452,-52.0238327,0.3,Demais Praças,Bancos
-28.8462016,-51.8926325,0.3,Demais Praças,Bancos
-28.2637285,-52.407656,0.3,Demais Praças,Bancos
-24.9512789,-53.4566498,0.3,Demais Praças,Bancos
-30.0281956,-51.2037275,0.3,Demais Praças,Bancos
-29.1697669,-51.1752118,0.3,Demais Praças,Bancos
-30.0351423,-51.1799653,0.3,Demais Praças,Bancos
-30.0179613,-51.1911662,0.3,Demais Praças,Bancos
-30.02332909999999,-51.1608595,0.3,Demais Praças,Bancos
-30.0289134,-51.1816608,0.3,Demais Praças,Bancos
-24.9588816,-53.4703651,0.3,Demais Praças,Bancos
-31.7667508,-52.3407741,0.3,Demais Praças,Bancos
-24.9486062,-53.44579719999999,0.3,Demais Praças,Bancos
-27.1079474,-52.6192234,0.3,Demais Praças,Bancos
-27.813257,-50.3300545,0.3,Demais Praças,Bancos
-28.6813984,-49.3644099,0.3,Demais Praças,Bancos
-28.6914117,-49.345379,0.3,Demais Praças,Bancos
-27.5833246,-48.5451882,0.3,Demais Praças,Bancos
-27.589685,-48.5521411,0.3,Demais Praças,Bancos
-29.1140055,-49.6383646,0.3,Demais Praças,Bancos
-29.3397721,-49.7300415,0.3,Demais Praças,Bancos
-29.3396001,-49.7258173,0.3,Demais Praças,Bancos
-28.4816791,-49.0061596,0.3,Demais Praças,Bancos
-29.1132993,-49.6351915,0.3,Demais Praças,Bancos
-29.333012,-49.7230246,0.3,Demais Praças,Bancos
-27.5874445,-48.5478563,0.3,Demais Praças,Bancos
-27.592421,-48.55448699999999,0.3,Demais Praças,Bancos
-27.5452879,-48.5013318,0.3,Demais Praças,Bancos
-27.5939373,-48.5512111,0.3,Demais Praças,Bancos
-27.5908261,-48.553016,0.3,Demais Praças,Bancos
-26.9756322,-48.6471158,0.3,Demais Praças,Bancos
-26.9444621,-48.6311154,0.3,Demais Praças,Bancos
-27.594394,-48.550595,0.3,Demais Praças,Bancos
-27.120163,-48.61312520000001,0.3,Demais Praças,Bancos
-27.1490053,-48.5086743,0.3,Demais Praças,Bancos
-26.993459,-48.63697450000001,0.3,Demais Praças,Bancos
-26.9278183,-48.6459657,0.3,Demais Praças,Bancos
-26.9523187,-48.6397494,0.3,Demais Praças,Bancos
-27.5913989,-48.5497953,0.3,Demais Praças,Bancos
-27.5879589,-48.542893,0.3,Demais Praças,Bancos
-27.4944543,-48.5054689,0.3,Demais Praças,Bancos
-27.1481366,-48.5871143,0.3,Demais Praças,Bancos
-27.4576665,-48.40197329999999,0.3,Demais Praças,Bancos
-27.4396799,-48.403717,0.3,Demais Praças,Bancos
-27.1297537,-48.6047129,0.3,Demais Praças,Bancos
-25.430811,-49.270938,0.3,Demais Praças,Bancos
-25.4308093,-49.29183769999999,0.3,Demais Praças,Bancos
-26.9840809,-48.6340931,0.3,Demais Praças,Bancos
-26.9796762,-48.6366417,0.3,Demais Praças,Bancos
-26.9829699,-48.6355747,0.3,Demais Praças,Bancos
-26.979342,-48.64103189999999,0.3,Demais Praças,Bancos
-27.5881692,-48.5424487,0.3,Demais Praças,Bancos
-26.9145021,-49.0881064,0.3,Demais Praças,Bancos
-26.905539,-48.66133019999999,0.3,Demais Praças,Bancos
-27.0027045,-48.6208733,0.3,Demais Praças,Bancos
-26.9819043,-48.6350309,0.3,Demais Praças,Bancos
-26.9925334,-48.6291382,0.3,Demais Praças,Bancos
-26.9926988,-48.6288682,0.3,Demais Praças,Bancos
-26.9042317,-48.65764799999999,0.3,Demais Praças,Bancos
-25.1038382,-50.1597736,0.3,Demais Praças,Bancos
-26.3680849,-48.848445,0.3,Demais Praças,Bancos
-26.9164383,-48.6525358,0.3,Demais Praças,Bancos
-26.9164086,-49.0716688,0.3,Demais Praças,Bancos
-25.4339431,-49.3011065,0.3,Demais Praças,Bancos
-25.4347745,-49.2787672,0.3,Demais Praças,Bancos
-26.9986085,-48.63965049999999,0.3,Demais Praças,Bancos
-28.1325764,-49.1049474,0.3,Demais Praças,Bancos
-28.2443207,-48.66363699999999,0.3,Demais Praças,Bancos
-23.2660465,-51.0494292,0.3,Demais Praças,Bancos
-23.3473613,-51.14759360000001,0.3,Demais Praças,Bancos
-25.4518117,-49.29148559999999,0.3,Demais Praças,Bancos
-25.4576109,-49.2882227,0.3,Demais Praças,Bancos
-25.4573643,-49.2889271,0.3,Demais Praças,Bancos
-25.458231,-49.336144,0.3,Demais Praças,Bancos
-25.5868798,-49.3998986,0.3,Demais Praças,Bancos
-25.4823044,-49.2301942,0.3,Demais Praças,Bancos
-22.3391337,-49.0667799,0.3,SP,Bancos
-22.3385912,-49.0586881,0.3,SP,Bancos
-22.3516093,-49.0509941,0.3,SP,Bancos
-21.2196552,-47.8068919,0.3,SP,Bancos
-27.1483661,-48.4933048,0.3,Demais Praças,Bancos
-27.1457972,-48.502412,0.3,Demais Praças,Bancos
-27.1426552,-48.50693589999999,0.3,Demais Praças,Bancos
-27.5921926,-48.5538332,0.3,Demais Praças,Bancos
-27.1305157,-48.6004604,0.3,Demais Praças,Bancos
-27.122001,-48.6077599,0.3,Demais Praças,Bancos
-27.6410304,-48.6855558,0.3,Demais Praças,Bancos
-27.1066201,-48.9151466,0.3,Demais Praças,Bancos
-27.4245067,-48.4376797,0.3,Demais Praças,Bancos
-26.9326088,-49.0631701,0.3,Demais Praças,Bancos
-27.5989753,-48.6057497,0.3,Demais Praças,Bancos
-27.1341277,-48.5967105,0.3,Demais Praças,Bancos
-25.097797,-50.1570152,0.3,Demais Praças,Bancos
-25.1146024,-50.1553708,0.3,Demais Praças,Bancos
-27.0020003,-48.6223679,0.3,Demais Praças,Bancos
-27.0058575,-48.632797,0.3,Demais Praças,Bancos
-26.7773317,-48.6364975,0.3,Demais Praças,Bancos
-26.9963103,-48.63486839999999,0.3,Demais Praças,Bancos
-27.0243871,-48.6529986,0.3,Demais Praças,Bancos
-26.7660689,-48.6717581,0.3,Demais Praças,Bancos
-26.989163,-48.63363950000001,0.3,Demais Praças,Bancos
-26.9849208,-48.6346131,0.3,Demais Praças,Bancos
-26.7353622,-48.6816433,0.3,Demais Praças,Bancos
-27.0098739,-48.629207,0.3,Demais Praças,Bancos
-26.923146,-49.06482099999999,0.3,Demais Praças,Bancos
-26.930096,-48.643969,0.3,Demais Praças,Bancos
-26.4760698,-48.9982209,0.3,Demais Praças,Bancos
-22.0117163,-47.8970098,0.3,SP,Bancos
-21.4644414,-46.99813,0.3,SP,Bancos
-21.2116478,-47.8070467,0.3,SP,Bancos
-21.9681035,-46.7606535,0.3,SP,Bancos
-21.2183473,-47.80601009999999,0.3,SP,Bancos
-21.2064244,-47.810609,0.3,SP,Bancos
-23.3155854,-51.16362729999999,0.3,Demais Praças,Bancos
-23.4187107,-51.9268545,0.3,Demais Praças,Bancos
-23.4284768,-51.9369019,0.3,Demais Praças,Bancos
-23.4306615,-51.97257889999999,0.3,Demais Praças,Bancos
-23.415724,-51.9488193,0.3,Demais Praças,Bancos
-23.4254644,-51.9428276,0.3,Demais Praças,Bancos
-25.4329291,-49.2788755,0.3,Demais Praças,Bancos
-25.4294205,-49.2909405,0.3,Demais Praças,Bancos
-25.4522354,-49.2818201,0.3,Demais Praças,Bancos
-25.3557107,-49.2105131,0.3,Demais Praças,Bancos
-25.4972536,-49.2378611,0.3,Demais Praças,Bancos
-25.4246048,-49.273439,0.3,Demais Praças,Bancos
-25.48688,-49.2922197,0.3,Demais Praças,Bancos
-25.441447,-49.291366,0.3,Demais Praças,Bancos
-25.3877362,-49.2535703,0.3,Demais Praças,Bancos
-25.4421754,-49.28790799999999,0.3,Demais Praças,Bancos
-25.4582094,-49.28907160000001,0.3,Demais Praças,Bancos
-21.2118834,-47.81844299999999,0.3,SP,Bancos
-21.2085138,-47.7943216,0.3,SP,Bancos
-21.1767922,-47.7867849,0.3,SP,Bancos
-21.2166225,-47.7979349,0.3,SP,Bancos
-21.2176135,-47.7661263,0.3,SP,Bancos
-21.1993596,-47.8052813,0.3,SP,Bancos
-21.1853031,-47.8143581,0.3,SP,Bancos
-21.7772716,-48.1727924,0.3,SP,Bancos
-20.5564434,-47.40682229999999,0.3,SP,Bancos
-20.5340641,-47.4121959,0.3,SP,Bancos
-22.2936975,-48.5548355,0.3,SP,Bancos
-21.6060955,-48.3720204,0.3,SP,Bancos
-20.903707,-49.4502902,0.3,SP,Bancos
-25.087494,-50.1684352,0.3,Demais Praças,Bancos
-21.1342791,-48.9735556,0.3,SP,Bancos
-21.1343325,-48.9735935,0.3,SP,Bancos
-20.8269688,-49.3893156,0.3,SP,Bancos
-20.8280816,-49.3823168,0.3,SP,Bancos
-20.8225808,-49.3876661,0.3,SP,Bancos
-20.8162482,-49.3801915,0.3,SP,Bancos
-21.7757688,-47.0829248,0.3,SP,Bancos
-21.7820705,-46.5602117,0.3,Demais Praças,Bancos
-22.4745586,-46.6329582,0.3,SP,Bancos
-22.1789987,-47.387023,0.3,SP,Bancos
-22.5508492,-47.9144723,0.3,SP,Bancos
-18.9305515,-48.2899197,0.3,Demais Praças,Bancos
-18.9327766,-48.2753734,0.3,Demais Praças,Bancos
-20.8451699,-49.4009459,0.3,SP,Bancos
-18.90784,-48.2694311,0.3,Demais Praças,Bancos
-23.4239633,-51.934338,0.3,Demais Praças,Bancos
-23.3193549,-51.1475152,0.3,Demais Praças,Bancos
-23.3064908,-51.1762958,0.3,Demais Praças,Bancos
-23.3341028,-51.1750761,0.3,Demais Praças,Bancos
-21.2257148,-47.83560079999999,0.3,SP,Bancos
-21.2104445,-47.8021102,0.3,SP,Bancos
-20.5525934,-47.4041337,0.3,SP,Bancos
-20.9170633,-46.9954881,0.3,Demais Praças,Bancos
-21.2199582,-47.8171916,0.3,SP,Bancos
-20.54216,-47.4313927,0.3,SP,Bancos
-19.7614119,-47.9496487,0.3,Demais Praças,Bancos
-19.7468573,-47.9391141,0.3,Demais Praças,Bancos
-19.7523804,-47.9499751,0.3,Demais Praças,Bancos
-20.5727108,-48.5616513,0.3,SP,Bancos
-17.7941159,-50.9255469,0.3,Demais Praças,Bancos
-18.9270777,-48.2792524,0.3,Demais Praças,Bancos
-22.1887654,-46.7466963,0.3,SP,Bancos
-21.4269051,-45.9538016,0.3,Demais Praças,Bancos
-21.1343001,-51.1004691,0.3,SP,Bancos
-18.9191645,-48.2701234,0.3,Demais Praças,Bancos
-18.9562428,-48.2763747,0.3,Demais Praças,Bancos
-18.9081918,-48.2613218,0.3,Demais Praças,Bancos
-22.1211896,-51.3858779,0.3,SP,Bancos
-21.2155919,-50.4406555,0.3,SP,Bancos
-18.9183322,-48.2657402,0.3,Demais Praças,Bancos
-18.9156855,-48.2384636,0.3,Demais Praças,Bancos
-18.9523777,-48.2716483,0.3,Demais Praças,Bancos
-20.8090014,-49.3508165,0.3,SP,Bancos
-22.2208023,-49.9394368,0.3,SP,Bancos
-21.6792859,-49.7639501,0.3,SP,Bancos
-19.5977905,-46.9407298,0.3,Demais Praças,Bancos
-16.7046524,-49.2701989,0.3,Demais Praças,Bancos
-16.6697155,-49.23287269999999,0.3,Demais Praças,Bancos
-16.7049919,-49.2408156,0.3,Demais Praças,Bancos
-17.8112208,-50.9315222,0.3,Demais Praças,Bancos
-21.3018023,-50.33879599999999,0.3,SP,Bancos
-20.8151364,-49.3742825,0.3,SP,Bancos
-18.1789118,-47.9556128,0.3,Demais Praças,Bancos
-23.4871505,-46.7480205,0.3,SP,Bancos
-23.4627201,-46.4202746,0.3,SP,Bancos
-23.3608063,-46.7456793,0.3,SP,Bancos
-23.4944863,-46.8515509,0.3,SP,Bancos
-23.5013965,-46.8487154,0.3,SP,Bancos
-23.4531211,-46.8972439,0.3,SP,Bancos
-23.4641575,-46.87119879999999,0.3,SP,Bancos
-23.5290737,-46.7791192,0.3,SP,Bancos
-23.4996616,-46.85495479999999,0.3,SP,Bancos
-23.5048746,-46.8492622,0.3,SP,Bancos
-16.7049932,-49.2410533,0.3,Demais Praças,Bancos
-18.4012193,-49.2041963,0.3,Demais Praças,Bancos
-16.7031375,-49.23311229999999,0.3,Demais Praças,Bancos
-22.746629,-47.638872,0.3,SP,Bancos
-22.704497,-47.6716849,0.3,SP,Bancos
-22.2323685,-45.9358521,0.3,Demais Praças,Bancos
-22.2246364,-45.9229274,0.3,Demais Praças,Bancos
-22.8089734,-46.28132919999999,0.3,Demais Praças,Bancos
-22.7339275,-45.1244384,0.3,SP,Bancos
-23.513713,-46.65251929999999,0.3,SP,Bancos
-23.534118,-46.7709517,0.3,SP,Bancos
-23.5514487,-46.659621,0.3,SP,Bancos
-23.5597164,-46.6880278,0.3,SP,Bancos
-23.5400283,-46.73425,0.3,SP,Bancos
-23.5543397,-46.6621038,0.3,SP,Bancos
-23.5214468,-46.6603855,0.3,SP,Bancos
-23.4430177,-46.5577951,0.3,SP,Bancos
-23.4945128,-46.8514638,0.3,SP,Bancos
-22.9128823,-47.054982,0.3,SP,Bancos
-23.4962718,-46.8528949,0.3,SP,Bancos
-23.3297206,-51.1777139,0.3,Demais Praças,Bancos
-22.3985702,-43.1340307,0.3,Demais Praças,Bancos
-22.5324473,-43.1999527,0.3,Demais Praças,Bancos
-21.7812076,-43.3613731,0.3,Demais Praças,Bancos
-21.7662074,-43.3461249,0.3,Demais Praças,Bancos
-21.7813881,-43.35918239999999,0.3,Demais Praças,Bancos
-22.898509,-43.1779926,0.3,Demais Praças,Bancos
-22.8997984,-43.176722,0.3,Demais Praças,Bancos
-22.9062518,-43.1775724,0.3,Demais Praças,Bancos
-22.942312,-43.1815818,0.3,Demais Praças,Bancos
-22.9041278,-43.1782069,0.3,Demais Praças,Bancos
-21.7813881,-43.35918239999999,0.3,Demais Praças,Bancos
-22.9203786,-43.0931279,0.3,Demais Praças,Bancos
-22.9037501,-43.17789399999999,0.3,Demais Praças,Bancos
-22.9841293,-43.2171098,0.3,Demais Praças,Bancos
-22.9840043,-43.2174534,0.3,Demais Praças,Bancos
-22.9051376,-43.17828799999999,0.3,Demais Praças,Bancos
-22.9981232,-43.3372362,0.3,Demais Praças,Bancos
-22.7260217,-47.6541989,0.3,SP,Bancos
-22.7174449,-47.673754,0.3,SP,Bancos
-22.4317713,-45.4642551,0.3,Demais Praças,Bancos
-23.4993289,-46.637764,0.3,SP,Bancos
-23.5398373,-46.7791888,0.3,SP,Bancos
-23.2052401,-45.9030553,0.3,SP,Bancos
-23.5353631,-46.72458719999999,0.3,SP,Bancos
-23.5596982,-46.6579321,0.3,SP,Bancos
-23.5402836,-46.56661940000001,0.3,SP,Bancos
-23.5643576,-46.6534319,0.3,SP,Bancos
-22.7278202,-41.9891306,0.3,Demais Praças,Bancos
-22.8770955,-42.0132329,0.3,Demais Praças,Bancos
-22.2889658,-42.5349192,0.3,Demais Praças,Bancos
-22.8368875,-42.0286401,0.3,Demais Praças,Bancos
-22.8718947,-42.3342044,0.3,Demais Praças,Bancos
-22.8869809,-42.0437101,0.3,Demais Praças,Bancos
-22.290009,-42.5371696,0.3,Demais Praças,Bancos
-22.3723436,-41.7831637,0.3,Demais Praças,Bancos
-22.9060615,-43.105922,0.3,Demais Praças,Bancos
-22.9854785,-43.2260598,0.3,Demais Praças,Bancos
-23.4944863,-46.8515509,0.3,SP,Bancos
-23.4867605,-46.8612422,0.3,SP,Bancos
-23.5216866,-46.6621582,0.3,SP,Bancos
-22.9013614,-43.17722879999999,0.3,Demais Praças,Bancos
-22.9096022,-43.1698311,0.3,Demais Praças,Bancos
-22.9647906,-43.2203482,0.3,Demais Praças,Bancos
-22.9816578,-43.2100362,0.3,Demais Praças,Bancos
-22.9994579,-43.3482064,0.3,Demais Praças,Bancos
-22.9649023,-43.2177873,0.3,Demais Praças,Bancos
-22.5212672,-44.1028943,0.3,Demais Praças,Bancos
-22.9845227,-43.2279439,0.3,Demais Praças,Bancos
-22.9055338,-43.1782834,0.3,Demais Praças,Bancos
-23.003714,-43.317332,0.3,Demais Praças,Bancos
-22.8318522,-43.3439323,0.3,Demais Praças,Bancos
-23.0015072,-43.3880879,0.3,Demais Praças,Bancos
-22.9424961,-43.181369,0.3,Demais Praças,Bancos
-22.9161313,-42.9312703,0.3,Demais Praças,Bancos
-21.727033,-43.3564844,0.3,Demais Praças,Bancos
-21.7713115,-43.3741033,0.3,Demais Praças,Bancos
-21.2746692,-43.1803766,0.3,Demais Praças,Bancos
-22.9849673,-43.3587183,0.3,Demais Praças,Bancos
-22.9980045,-43.34630970000001,0.3,Demais Praças,Bancos
-22.9066934,-43.1768455,0.3,Demais Praças,Bancos
-22.9833731,-43.2180252,0.3,Demais Praças,Bancos
-22.9073392,-43.175273,0.3,Demais Praças,Bancos
-22.896859,-43.1236835,0.3,Demais Praças,Bancos
-22.9846272,-43.2252337,0.3,Demais Praças,Bancos
-23.0010479,-43.3943072,0.3,Demais Praças,Bancos
-22.9849701,-43.2262491,0.3,Demais Praças,Bancos
-22.9156305,-43.2443482,0.3,Demais Praças,Bancos
-22.9994546,-43.3477264,0.3,Demais Praças,Bancos
-22.9139437,-43.1778894,0.3,Demais Praças,Bancos
-22.9505072,-43.1807382,0.3,Demais Praças,Bancos
-22.939038,-43.3800082,0.3,Demais Praças,Bancos
-22.9216628,-43.2418416,0.3,Demais Praças,Bancos
-22.8886065,-42.0459363,0.3,Demais Praças,Bancos
-22.8637744,-41.9881775,0.3,Demais Praças,Bancos
-22.9443311,-43.1825559,0.3,Demais Praças,Bancos
-22.9042323,-43.1752459,0.3,Demais Praças,Bancos
-22.942242,-43.18133,0.3,Demais Praças,Bancos
-21.2100042,-41.8950075,0.3,Demais Praças,Bancos
-21.1303433,-42.36915219999999,0.3,Demais Praças,Bancos
-21.7615646,-41.3327626,0.3,Demais Praças,Bancos
-21.7571426,-41.3397655,0.3,Demais Praças,Bancos
-21.7619443,-41.3328344,0.3,Demais Praças,Bancos
-20.7633608,-42.8905934,0.3,Demais Praças,Bancos
-21.203276,-41.892226,0.3,Demais Praças,Bancos
-20.6580857,-43.7851613,0.3,Demais Praças,Bancos
-19.9273635,-43.9429755,0.3,Demais Praças,Bancos
-19.929201,-43.9445402,0.3,Demais Praças,Bancos
-19.9248458,-43.9454984,0.3,Demais Praças,Bancos
-19.9361577,-43.9371775,0.3,Demais Praças,Bancos
-19.9762567,-43.9444798,0.3,Demais Praças,Bancos
-19.9701432,-43.9555225,0.3,Demais Praças,Bancos
-19.9342364,-43.9467348,0.3,Demais Praças,Bancos
-19.9383117,-43.9336441,0.3,Demais Praças,Bancos
-20.4059798,-42.8909955,0.3,Demais Praças,Bancos
-19.4486772,-44.2453099,0.3,Demais Praças,Bancos
-20.1353436,-44.8954244,0.3,Demais Praças,Bancos
-19.9691587,-44.1974181,0.3,Demais Praças,Bancos
-19.8047499,-43.97559450000001,0.3,Demais Praças,Bancos
-19.9301744,-43.9407684,0.3,Demais Praças,Bancos
-19.93863,-43.9344659,0.3,Demais Praças,Bancos
-19.9385445,-43.9414648,0.3,Demais Praças,Bancos
-16.7285412,-43.8803331,0.3,Demais Praças,Bancos
-19.9324431,-43.9262144,0.3,Demais Praças,Bancos
-19.9285965,-43.94992420000001,0.3,Demais Praças,Bancos
-19.9388714,-43.9332078,0.3,Demais Praças,Bancos
-19.9391601,-43.9406943,0.3,Demais Praças,Bancos
-19.9389793,-43.9276591,0.3,Demais Praças,Bancos
-19.9379942,-43.9373752,0.3,Demais Praças,Bancos
-19.9286403,-43.9396925,0.3,Demais Praças,Bancos
-19.9311389,-43.9348176,0.3,Demais Praças,Bancos
-19.9344871,-43.9283672,0.3,Demais Praças,Bancos
-19.9391775,-43.9387292,0.3,Demais Praças,Bancos
-19.98338,-43.9460494,0.3,Demais Praças,Bancos
-19.504859,-42.5718367,0.3,Demais Praças,Bancos
-18.9063805,-41.9623539,0.3,Demais Praças,Bancos
-19.4673337,-42.5585309,0.3,Demais Praças,Bancos
-19.8642236,-43.9811201,0.3,Demais Praças,Bancos
-19.935697,-43.92867409999999,0.3,Demais Praças,Bancos
-19.9385445,-43.9414648,0.3,Demais Praças,Bancos
-19.3172542,-46.0500646,0.3,Demais Praças,Bancos
-19.967583,-43.9550586,0.3,Demais Praças,Bancos
-19.9323003,-44.001612,0.3,Demais Praças,Bancos
-19.9187005,-43.939269,0.3,Demais Praças,Bancos
-19.9360485,-43.9340735,0.3,Demais Praças,Bancos
-19.8994344,-44.0952407,0.3,Demais Praças,Bancos
-15.8213076,-47.9807405,0.3,Demais Praças,Bancos
-15.7917014,-47.9136163,0.3,Demais Praças,Bancos
-16.7073159,-49.2773008,0.3,Demais Praças,Bancos
-16.6862385,-49.2707267,0.3,Demais Praças,Bancos
-16.69558,-49.2918855,0.3,Demais Praças,Bancos
-16.7426887,-49.2936891,0.3,Demais Praças,Bancos
-15.7928176,-47.9099635,0.3,Demais Praças,Bancos
-15.7874548,-47.9144023,0.3,Demais Praças,Bancos
-15.7917014,-47.9136163,0.3,Demais Praças,Bancos
-15.809975,-48.0939452,0.3,Demais Praças,Bancos
-15.7868263,-47.8891917,0.3,Demais Praças,Bancos
-16.6755898,-49.2529894,0.3,Demais Praças,Bancos
-16.6354679,-49.272585,0.3,Demais Praças,Bancos
-16.7138598,-49.27076810000001,0.3,Demais Praças,Bancos
-15.8513019,-47.900985,0.3,Demais Praças,Bancos
-16.7661945,-47.608126,0.3,Demais Praças,Bancos
-17.6342711,-47.7773256,0.3,Demais Praças,Bancos
-15.8034572,-47.8807415,0.3,Demais Praças,Bancos
-15.7536989,-47.8895779,0.3,Demais Praças,Bancos
-15.7570178,-47.8836321,0.3,Demais Praças,Bancos
-15.7877168,-47.8823618,0.3,Demais Praças,Bancos
-15.8405589,-48.02727609999999,0.3,Demais Praças,Bancos
-15.8417849,-48.0295303,0.3,Demais Praças,Bancos
-15.7968658,-47.8907408,0.3,Demais Praças,Bancos
-15.7880547,-47.8797564,0.3,Demais Praças,Bancos
-18.1644964,-47.9323141,0.3,Demais Praças,Bancos
-16.6488964,-49.1565948,0.3,Demais Praças,Bancos
-16.7043871,-49.2403026,0.3,Demais Praças,Bancos
-15.8151993,-47.9659718,0.3,Demais Praças,Bancos
-15.7908684,-47.88505019999999,0.3,Demais Praças,Bancos
-16.6971377,-49.2557137,0.3,Demais Praças,Bancos
-16.7212003,-49.2730472,0.3,Demais Praças,Bancos
-18.9281806,-48.2799078,0.3,Demais Praças,Bancos
-18.8963517,-48.2516615,0.3,Demais Praças,Bancos
-18.9256717,-48.2277928,0.3,Demais Praças,Bancos
-18.65424,-48.1966691,0.3,Demais Praças,Bancos
-15.7835077,-47.8780511,0.3,Demais Praças,Bancos
-16.7205591,-49.3019649,0.3,Demais Praças,Bancos
-16.7130533,-49.2771577,0.3,Demais Praças,Bancos
-16.7131469,-49.2667717,0.3,Demais Praças,Bancos
-16.7697633,-49.3343715,0.3,Demais Praças,Bancos
-16.6822171,-50.4641034,0.3,Demais Praças,Bancos
-18.9104697,-48.32358869999999,0.3,Demais Praças,Bancos
-16.3241786,-48.9663672,0.3,Demais Praças,Bancos
-15.8316462,-48.0411298,0.3,Demais Praças,Bancos
-16.7150021,-49.2668806,0.3,Demais Praças,Bancos
-16.6872848,-49.2126002,0.3,Demais Praças,Bancos
-16.7094952,-49.3208358,0.3,Demais Praças,Bancos
-16.7205308,-49.285351,0.3,Demais Praças,Bancos
-19.7372453,-47.9401225,0.3,Demais Praças,Bancos
-26.2495529,-49.384865,0.3,Demais Praças,Bancos
-23.3113591,-51.16583060000001,0.3,Demais Praças,Bancos
-23.3175728,-51.1460942,0.3,Demais Praças,Bancos
-23.5452203,-47.4667951,0.3,SP,Bancos
-23.5216982,-47.4688267,0.3,SP,Bancos
-23.500121,-47.4546897,0.3,SP,Bancos
-23.5147899,-47.4619029,0.3,SP,Bancos
-23.4758424,-47.4272885,0.3,SP,Bancos
-23.5269102,-47.470468,0.3,SP,Bancos
-23.4977422,-47.4658959,0.3,SP,Bancos
-23.514299,-47.46232,0.3,SP,Bancos
-23.5120801,-47.4589227,0.3,SP,Bancos
-23.5087559,-47.47016670000001,0.3,SP,Bancos
-23.3017426,-51.1783923,0.3,Demais Praças,Bancos
-23.511102,-47.4349291,0.3,SP,Bancos
-23.3086432,-51.1665155,0.3,Demais Praças,Bancos
-26.0776206,-53.0623002,0.3,Demais Praças,Bancos
-25.7430758,-53.0560714,0.3,Demais Praças,Bancos
-26.7667447,-53.1765287,0.3,Demais Praças,Bancos
-26.9595122,-52.5344069,0.3,Demais Praças,Bancos
-23.2017692,-47.29412689999999,0.3,SP,Bancos
-23.6036933,-46.7641028,0.3,SP,Bancos
-23.584433,-46.6818642,0.3,SP,Bancos
-23.5776167,-46.6730726,0.3,SP,Bancos
-24.9544622,-53.4598033,0.3,Demais Praças,Bancos
-24.9505957,-53.4637494,0.3,Demais Praças,Bancos
-24.7229122,-53.738589,0.3,Demais Praças,Bancos
-24.9556072,-53.471779,0.3,Demais Praças,Bancos
-25.2969332,-54.09669539999999,0.3,Demais Praças,Bancos
-24.9621905,-53.4825331,0.3,Demais Praças,Bancos
-26.2270031,-52.6698227,0.3,Demais Praças,Bancos
-26.0815088,-53.0508046,0.3,Demais Praças,Bancos
-25.7585558,-53.0568835,0.3,Demais Praças,Bancos
-24.2785989,-53.84043089999999,0.3,Demais Praças,Bancos
-24.539794,-52.9915685,0.3,Demais Praças,Bancos
-25.3487878,-51.4739545,0.3,Demais Praças,Bancos
-25.3891835,-51.4709245,0.3,Demais Praças,Bancos
-23.5930133,-46.6017857,0.3,SP,Bancos
-23.7113736,-46.4115249,0.3,SP,Bancos
-23.1086768,-45.7035034,0.3,SP,Bancos
-23.2087026,-45.9084349,0.3,SP,Bancos
-23.5506502,-46.594682,0.3,SP,Bancos
-23.6914012,-46.5492155,0.3,SP,Bancos
-23.5632284,-46.4693626,0.3,SP,Bancos
-23.6079229,-46.48051330000001,0.3,SP,Bancos
-23.5942185,-46.6097006,0.3,SP,Bancos
-23.5640543,-46.5623189,0.3,SP,Bancos
-23.5487344,-46.6320555,0.3,SP,Bancos
-23.5575035,-46.599878,0.3,SP,Bancos
-23.5456667,-46.6361053,0.3,SP,Bancos
-23.5460143,-46.6351421,0.3,SP,Bancos
-23.5142515,-46.19811259999999,0.3,SP,Bancos
-23.533589,-46.2144531,0.3,SP,Bancos
-23.710677,-46.4131921,0.3,SP,Bancos
-23.5264921,-46.2004958,0.3,SP,Bancos
-23.5426882,-46.2376936,0.3,SP,Bancos
-23.3998212,-46.3940764,0.3,SP,Bancos
-23.5606405,-46.4643285,0.3,SP,Bancos
-22.7056007,-46.7634357,0.3,SP,Bancos
-22.701692,-46.7597654,0.3,SP,Bancos
-23.59139,-46.6320573,0.3,SP,Bancos
-23.5402828,-46.56584369999999,0.3,SP,Bancos
-23.5954967,-46.6362695,0.3,SP,Bancos
-23.5417496,-46.5593049,0.3,SP,Bancos
-23.5468831,-46.636752,0.3,SP,Bancos
-23.5735061,-46.4779593,0.3,SP,Bancos
-23.6914785,-46.54954860000001,0.3,SP,Bancos
-23.5631366,-46.6379172,0.3,SP,Bancos
-23.1952399,-45.8929205,0.3,SP,Bancos
-23.2199841,-45.9106168,0.3,SP,Bancos
-23.5311511,-46.4316651,0.3,SP,Bancos
-22.806158,-45.2044126,0.3,SP,Bancos
-22.117982,-45.0543874,0.3,Demais Praças,Bancos
-22.52061,-44.10402699999999,0.3,Demais Praças,Bancos
-22.9889178,-43.3595726,0.3,Demais Praças,Bancos
-22.5060773,-44.0899735,0.3,Demais Praças,Bancos
-22.9180849,-43.3768075,0.3,Demais Praças,Bancos
-22.9994579,-43.3482064,0.3,Demais Praças,Bancos
-22.9842841,-43.6935519,0.3,Demais Praças,Bancos
-23.0009852,-43.343723,0.3,Demais Praças,Bancos
-23.00343,-43.32549059999999,0.3,Demais Praças,Bancos
-19.861867,-43.967736,0.3,Demais Praças,Bancos
-19.627216,-43.8949491,0.3,Demais Praças,Bancos
-23.0037324,-43.3263122,0.3,Demais Praças,Bancos
-22.9849673,-43.3587183,0.3,Demais Praças,Bancos
-23.0033062,-43.3219443,0.3,Demais Praças,Bancos
-22.9860249,-43.2276253,0.3,Demais Praças,Bancos
-22.9850949,-43.22649879999999,0.3,Demais Praças,Bancos
-19.9384325,-43.9408777,0.3,Demais Praças,Bancos
-19.9330805,-43.9357278,0.3,Demais Praças,Bancos
-19.9282617,-43.9511559,0.3,Demais Praças,Bancos
-19.4684032,-44.2492621,0.3,Demais Praças,Bancos
-19.9316915,-43.9361054,0.3,Demais Praças,Bancos
-19.9264586,-43.9296051,0.3,Demais Praças,Bancos
-19.9152203,-44.0805427,0.3,Demais Praças,Bancos
-19.9377761,-43.9437477,0.3,Demais Praças,Bancos
-19.8884087,-43.9969018,0.3,Demais Praças,Bancos
-19.925539,-43.9192712,0.3,Demais Praças,Bancos
-19.9381976,-43.9330955,0.3,Demais Praças,Bancos
-19.9308546,-43.9323588,0.3,Demais Praças,Bancos
-19.9542741,-43.9600593,0.3,Demais Praças,Bancos
-19.8465441,-43.9858622,0.3,Demais Praças,Bancos
-19.934397,-43.9319219,0.3,Demais Praças,Bancos
-19.9256365,-43.9394875,0.3,Demais Praças,Bancos
-29.683208,-51.1271059,0.3,Demais Praças,Bancos
-30.0290172,-51.2335944,0.3,Demais Praças,Bancos
-30.0500824,-51.2277985,0.3,Demais Praças,Bancos
-30.03475,-51.18601,0.3,Demais Praças,Bancos
-30.0279068,-51.1679962,0.3,Demais Praças,Bancos
-29.16813299999999,-51.1839897,0.3,Demais Praças,Bancos
-21.7601558,-41.3317355,0.3,Demais Praças,Bancos
-22.8202362,-43.0396019,0.3,Demais Praças,Bancos
-22.9037203,-43.110723,0.3,Demais Praças,Bancos
-22.9033863,-43.1168814,0.3,Demais Praças,Bancos
-27.5959682,-48.5520284,0.3,Demais Praças,Bancos
-15.7893902,-47.8898912,0.3,Demais Praças,Bancos
-18.9208407,-48.2776414,0.3,Demais Praças,Bancos
-21.7626953,-43.349568,0.3,Demais Praças,Bancos
-19.926536,-43.9363434,0.3,Demais Praças,Bancos
-22.2247885,-49.93240489999999,0.3,SP,Bancos
-22.3361411,-49.06841319999999,0.3,SP,Bancos
-22.7144748,-47.63769689999999,0.3,SP,Bancos
-22.7247277,-47.6495924,0.3,SP,Bancos
-22.5619336,-47.4022911,0.3,SP,Bancos
-22.7395516,-47.3320898,0.3,SP,Bancos
-23.3135702,-51.165851,0.3,Demais Praças,Bancos
-22.1192485,-51.3913479,0.3,SP,Bancos
-20.8159444,-49.3925695,0.3,SP,Bancos
-20.8157853,-49.3797007,0.3,SP,Bancos
-16.6771642,-49.2677763,0.3,Demais Praças,Bancos
-15.8098606,-47.9023968,0.3,Demais Praças,Bancos
-15.7972332,-47.8940017,0.3,Demais Praças,Bancos
-19.9339586,-43.9460877,0.3,Demais Praças,Bancos
-19.935376,-43.942023,0.3,Demais Praças,Bancos
-19.9366749,-43.9348488,0.3,Demais Praças,Bancos
-21.1884474,-47.8071304,0.3,SP,Bancos
-23.084424,-47.20171089999999,0.3,SP,Bancos
-22.5101339,-43.1838346,0.3,Demais Praças,Bancos
-16.3254828,-48.9563575,0.3,Demais Praças,Bancos
-22.8935293,-47.0648466,0.3,SP,Bancos
-22.9038526,-47.06060180000001,0.3,SP,Bancos
-22.8841423,-47.05347450000001,0.3,SP,Bancos
-22.9749546,-46.9993238,0.3,SP,Bancos
-22.8998763,-47.0545249,0.3,SP,Bancos
-25.4376935,-49.2813384,0.3,Demais Praças,Bancos
-25.4318312,-49.26985149999999,0.3,Demais Praças,Bancos
-25.1154118,-50.171383,0.3,Demais Praças,Bancos
-26.9230744,-49.0638004,0.3,Demais Praças,Bancos
-23.3123212,-51.165851,0.3,Demais Praças,Bancos
-27.0968103,-52.61681429999999,0.3,Demais Praças,Bancos
-24.9547022,-53.4520847,0.3,Demais Praças,Bancos
-27.5954565,-48.5488179,0.3,Demais Praças,Bancos
-23.50081,-47.4576544,0.3,SP,Bancos
-22.337943,-49.0673571,0.3,SP,Bancos
-22.2182105,-49.9482915,0.3,SP,Bancos
-23.5580091,-46.6598234,0.3,SP,Bancos
-28.6814533,-49.3648818,0.3,Demais Praças,Bancos
-23.6429564,-46.69961869999999,0.3,SP,Bancos
-29.2236948,-51.3453279,0.3,Demais Praças,Bancos
-29.6816377,-51.12709539999999,0.3,Demais Praças,Bancos
-30.0283306,-51.2042487,0.3,Demais Praças,Bancos
-23.4987434,-46.6246819,0.3,SP,Bancos
-23.5998828,-46.71526189999999,0.3,SP,Bancos
-23.6137258,-46.6377923,0.3,SP,Bancos
-23.5710639,-46.6435539,0.3,SP,Bancos
-23.5473073,-46.5730526,0.3,SP,Bancos
-23.5712396,-46.6902048,0.3,SP,Bancos
-23.7024265,-46.5519098,0.3,SP,Bancos
-23.49633,-46.8481807,0.3,SP,Bancos
-23.5575116,-46.6005891,0.3,SP,Bancos
-23.580244,-46.6857751,0.3,SP,Bancos
-23.5228528,-46.70350310000001,0.3,SP,Bancos
-23.544181,-46.666193,0.3,SP,Bancos
-23.5855365,-46.67712090000001,0.3,SP,Bancos
-23.186286,-46.8848396,0.3,SP,Bancos
-23.9369279,-46.326921,0.3,SP,Bancos
-23.6145219,-46.57259089999999,0.3,SP,Bancos
-22.9059884,-47.0595846,0.3,SP,Bancos
-23.6041371,-46.663141,0.3,SP,Bancos
-23.5447164,-46.6576573,0.3,SP,Bancos
-22.8936377,-47.0565252,0.3,SP,Bancos
-23.578571,-46.6937365,0.3,SP,Bancos
-23.5240059,-46.194993,0.3,SP,Bancos
-23.661393,-46.524931,0.3,SP,Bancos
-23.4669375,-46.5303193,0.3,SP,Bancos
-21.2058881,-50.4376391,0.3,SP,Bancos
-20.8136994,-49.3835228,0.3,SP,Bancos
-23.0260414,-45.5810468,0.3,SP,Bancos
-25.4726045,-49.29559339999999,0.3,Demais Praças,Bancos
-23.5262675,-46.6889797,0.3,SP,Bancos
-23.5898704,-46.6802449,0.3,SP,Bancos
-22.9994579,-43.3482064,0.3,Demais Praças,Bancos
-19.9272283,-43.9364137,0.3,Demais Praças,Bancos
-22.948682,-43.1826996,0.3,Demais Praças,Bancos
-22.9842632,-43.2022804,0.3,Demais Praças,Bancos
-22.901218,-43.17701900000001,0.3,Demais Praças,Bancos
-22.9061237,-43.11220540000001,0.3,Demais Praças,Bancos
-21.1742323,-47.8090256,0.3,SP,Bancos
-21.1760164,-47.811741,0.3,SP,Bancos
-18.9171096,-48.276647,0.3,Demais Praças,Bancos
-16.6837192,-49.2662955,0.3,Demais Praças,Bancos
-16.6958798,-49.2724225,0.3,Demais Praças,Bancos
-23.6332819,-46.73113559999999,0.3,SP,Bancos
-23.5973864,-46.6865837,0.3,SP,Bancos
-23.6047547,-46.66290670000001,0.3,SP,Bancos
-30.0279409,-51.1691189,0.3,Demais Praças,Bancos
-23.5530855,-46.5661898,0.3,SP,Bancos
-21.1873752,-47.8085887,0.3,SP,Bancos
-23.5496276,-46.6594072,0.3,SP,Bancos
-22.725104,-47.64962999999999,0.3,SP,Bancos
-23.5658293,-46.6681634,0.3,SP,Bancos
-22.9092795,-43.1743602,0.3,Demais Praças,Bancos
-23.5925066,-46.6014367,0.3,SP,Bancos
-23.6617844,-46.5242515,0.3,SP,Bancos
-23.6111834,-46.6960925,0.3,SP,Bancos
-22.3373898,-49.0675904,0.3,SP,Bancos
-21.7450745,-43.3529642,0.3,Demais Praças,Bancos
-23.5532587,-46.7100454,0.3,SP,Bancos
-29.1676871,-51.182081,0.3,Demais Praças,Bancos
-23.6360311,-46.6946136,0.3,SP,Bancos
-23.5907135,-46.6809776,0.3,SP,Bancos
-23.5447116,-46.5731382,0.3,SP,Bancos
-25.452759,-49.2787714,0.3,Demais Praças,Bancos
-23.4980492,-46.8544127,0.3,SP,Bancos
-30.02983069999999,-51.2010709,0.3,Demais Praças,Bancos
-23.5893542,-46.61043979999999,0.3,SP,Bancos
-23.9676896,-46.3320231,0.3,SP,Bancos
-20.8171852,-49.387173,0.3,SP,Bancos
-23.5784064,-46.68589919999999,0.3,SP,Bancos
-23.5640715,-46.5971818,0.3,SP,Bancos
-23.5897696,-46.6696849,0.3,SP,Bancos
-23.3107084,-51.1658273,0.3,Demais Praças,Bancos
-23.5436328,-46.6659882,0.3,SP,Bancos
-22.9693884,-43.18527110000001,0.3,Demais Praças,Bancos
-22.8998923,-47.0524863,0.3,SP,Bancos
-23.9553847,-46.3264593,0.3,SP,Bancos
-18.916501,-48.2742157,0.3,Demais Praças,Bancos
-23.1863323,-46.8840949,0.3,SP,Bancos
-22.9123325,-43.2062607,0.3,Demais Praças,Bancos
-19.9398465,-43.9358139,0.3,Demais Praças,Bancos
-23.5472013,-46.6343211,0.3,SP,Bancos
-25.4383362,-49.28133099999999,0.3,Demais Praças,Bancos
-23.5639436,-46.7531452,0.3,SP,Bancos
-23.4680873,-46.53014100000001,0.3,SP,Bancos
-23.5805093,-46.68539490000001,0.3,SP,Bancos
-23.5837105,-46.6374421,0.3,SP,Bancos
-24.3317967,-50.6265337,0.3,Demais Praças,Bancos
-21.7596059,-41.333624,0.3,Demais Praças,Bancos
-22.8195421,-47.0723793,0.3,SP,Bancos
-23.5972674,-46.6424805,0.3,SP,Bancos
-23.6239074,-46.6836178,0.3,SP,Bancos
-19.9335266,-43.95090709999999,0.3,Demais Praças,Bancos
-22.9252612,-43.22630170000001,0.3,Demais Praças,Bancos
-30.0288201,-51.22886700000001,0.3,Demais Praças,Bancos
-27.588666,-48.5573413,0.3,Demais Praças,Bancos
-22.4023396,-41.7965992,0.3,Demais Praças,Bancos
-22.905623,-43.1083151,0.3,Demais Praças,Bancos
-22.8964349,-47.0672359,0.3,SP,Bancos
-23.1855187,-45.8863764,0.3,SP,Bancos
-23.5487644,-46.6336911,0.3,SP,Bancos
-22.2180672,-49.9484434,0.3,SP,Bancos
-19.7503378,-47.9332499,0.3,Demais Praças,Bancos
-19.153931,-45.452304,0.3,Demais Praças,Bancos
-26.2997504,-48.84803309999999,0.3,Demais Praças,Bancos
-23.5672775,-46.650124,0.3,SP,Bancos
-22.9071445,-47.0583975,0.3,SP,Bancos
-22.9018555,-43.1791042,0.3,Demais Praças,Bancos
-22.9527988,-43.1884987,0.3,Demais Praças,Bancos
-23.5390288,-46.6753221,0.3,SP,Bancos
-23.5706753,-46.6443046,0.3,SP,Bancos
-23.5574803,-46.6594035,0.3,SP,Bancos
-23.570188,-46.6805315,0.3,SP,Bancos
-23.6140517,-46.5705521,0.3,SP,Bancos
-19.9462577,-43.9215348,0.3,Demais Praças,Bancos
-23.0009209,-43.3478293,0.3,Demais Praças,Bancos
-16.6822977,-49.2665332,0.3,Demais Praças,Bancos
-22.9786553,-49.8808683,0.3,SP,Bancos
-23.0887809,-48.9231814,0.3,SP,Bancos
-22.3328863,-49.0678107,0.3,SP,Bancos
-22.3382446,-49.0708967,0.3,SP,Bancos
-22.3402255,-49.0627547,0.3,SP,Bancos
-22.6620547,-50.4164239,0.3,SP,Bancos
-22.2965204,-48.5562074,0.3,SP,Bancos
-22.8891726,-48.463161,0.3,SP,Bancos
-22.194522,-49.96250509999999,0.3,SP,Bancos
-22.3391337,-49.0667799,0.3,SP,Bancos
-22.7227743,-47.6471701,0.3,SP,Bancos
-22.2201925,-49.9437918,0.3,SP,Bancos
-22.7187745,-47.6457643,0.3,SP,Bancos
-23.5322798,-47.4658189,0.3,SP,Bancos
-22.0240047,-47.8907667,0.3,SP,Bancos
-25.434749,-49.2787093,0.3,Demais Praças,Bancos
-22.6082545,-48.8047225,0.3,SP,Bancos
-22.8496079,-47.083491,0.3,SP,Bancos
-22.8788999,-47.0539908,0.3,SP,Bancos
-22.8569037,-47.055223,0.3,SP,Bancos
-22.9050115,-47.0597844,0.3,SP,Bancos
-22.3563686,-47.38939020000001,0.3,SP,Bancos
-23.1080375,-47.7130527,0.3,SP,Bancos
-22.7260366,-47.63842289999999,0.3,SP,Bancos
-22.8933395,-47.0884522,0.3,SP,Bancos
-22.9016166,-47.0451747,0.3,SP,Bancos
-22.3542414,-47.383835,0.3,SP,Bancos
-22.5689949,-47.4031545,0.3,SP,Bancos
-22.3851901,-46.9430209,0.3,SP,Bancos
-23.0847649,-47.1841655,0.3,SP,Bancos
-22.3559385,-47.3897134,0.3,SP,Bancos
-22.8474826,-47.085793,0.3,SP,Bancos
-23.2199618,-45.91059689999999,0.3,SP,Bancos
-23.1999071,-45.8834485,0.3,SP,Bancos
-23.2237847,-45.8890144,0.3,SP,Bancos
-23.2246649,-45.910188,0.3,SP,Bancos
-23.2138469,-45.9093664,0.3,SP,Bancos
-23.2656619,-45.9383422,0.3,SP,Bancos
-23.2157293,-45.9095397,0.3,SP,Bancos
-23.5235148,-46.1963753,0.3,SP,Bancos
-23.221346,-45.910705,0.3,SP,Bancos
-23.9787216,-46.309005,0.3,SP,Bancos
-23.9809304,-46.2988577,0.3,SP,Bancos
-23.6209359,-46.5280537,0.3,SP,Bancos
-23.562184,-46.6550358,0.3,SP,Bancos
-23.5472722,-46.5569987,0.3,SP,Bancos
-23.5667203,-46.6524286,0.3,SP,Bancos
-23.5692422,-46.6486111,0.3,SP,Bancos
-23.3301665,-51.178355,0.3,Demais Praças,Bancos
-23.3171341,-51.1798297,0.3,Demais Praças,Bancos
-15.759032,-49.313784,0.3,Demais Praças,Clubes
-26.8997375,-49.0110756,0.3,Demais Praças,Clubes
-25.979821,-52.5678016,0.3,Demais Praças,Clubes
-23.51643,-46.170281,0.3,SP,Clubes
-30.98612462,-54.66432301,0.3,Demais Praças,Clubes
-16.9722816,-49.7762669,0.3,Demais Praças,Clubes
-22.9713942,-46.9941723,0.3,SP,Clubes
-17.23112083,-48.25886586,0.3,Demais Praças,Clubes
-22.2522523,-45.7035974,0.3,Demais Praças,Clubes
-17.8407034,-41.5151601,0.3,Demais Praças,Clubes
-23.603634,-51.6400085,0.3,Demais Praças,Clubes
-32.1172747,-52.1757186,0.3,Demais Praças,Clubes
-21.4930634,-47.3787585,0.3,SP,Clubes
-23.53315186,-47.63666189,0.3,SP,Clubes
-15.7959909,-47.885041,0.3,Demais Praças,Clubes
-18.032094,-41.6827892,0.3,Demais Praças,Clubes
-20.50313746,-48.59679205,0.3,SP,Clubes
-19.650884,-43.896641,0.3,Demais Praças,Clubes
-24.243247,-51.676508,0.3,Demais Praças,Clubes
-22.501065,-43.184566,0.3,Demais Praças,Clubes
-25.2842978,-54.0861785,0.3,Demais Praças,Clubes
-23.4340664,-52.2933985,0.3,Demais Praças,Clubes
-22.9737694,-43.4937589,0.3,Demais Praças,Clubes
-26.222079,-51.0932582,0.3,Demais Praças,Clubes
-23.0952593,-52.4827066,0.3,Demais Praças,Clubes
-16.084277,-48.500508,0.3,Demais Praças,Clubes
-26.454616,-52.693551,0.3,Demais Praças,Clubes
-21.7836507,-43.3600731,0.3,Demais Praças,Clubes
-23.553747,-46.634948,0.3,SP,Clubes
-20.4442588,-48.0133293,0.3,SP,Clubes
-24.94351084,-53.45144357,0.3,Demais Praças,Clubes
-22.43618,-44.303643,0.3,Demais Praças,Clubes
-19.8263408,-43.3599814,0.3,Demais Praças,Clubes
-24.57184134,-51.34207233,0.3,Demais Praças,Clubes
-23.470134,-52.5549674,0.3,Demais Praças,Clubes
-29.7112876,-52.3995353,0.3,Demais Praças,Clubes
-20.492542,-45.4334691,0.3,Demais Praças,Clubes
-22.508668,-43.172836,0.3,Demais Praças,Clubes
-19.9481255,-44.1498578,0.3,Demais Praças,Clubes
-21.92641866,-45.07234909,0.3,Demais Praças,Clubes
-24.47348,-53.952883,0.3,Demais Praças,Clubes
-22.2916016,-42.5369601,0.3,Demais Praças,Clubes
-22.7575434,-51.6582701,0.3,Demais Praças,Clubes
-22.952485,-45.484173,0.3,SP,Clubes
-22.57494505,-46.64745249,0.3,SP,Clubes
-22.97170465,-43.32295988,0.3,Demais Praças,Clubes
-21.2490323,-47.7982928,0.3,SP,Clubes
-23.324825,-46.587702,0.3,SP,Clubes
-22.4465825,-45.487816,0.3,Demais Praças,Clubes
-23.6191974,-52.2207636,0.3,Demais Praças,Clubes
-22.99492627,-43.54873461,0.3,Demais Praças,Clubes
-28.94345575,-49.4269939,0.3,Demais Praças,Clubes
-22.5316634,-44.7785327,0.3,SP,Clubes
-23.411049,-46.3707986,0.3,SP,Clubes
-22.89736699,-43.03451419,0.3,Demais Praças,Clubes
-21.1293485,-42.9500064,0.3,Demais Praças,Clubes
-22.3824947,-43.1180455,0.3,Demais Praças,Clubes
-22.922513,-43.267523,0.3,Demais Praças,Clubes
-25.246888,-53.9808565,0.3,Demais Praças,Clubes
-27.1021869,-52.6700591,0.3,Demais Praças,Clubes
-22.0748479,-47.83769507,0.3,SP,Clubes
-26.2217166,-48.8828937,0.3,Demais Praças,Clubes
-22.0640027,-42.0601711,0.3,Demais Praças,Clubes
-30.1324483,-51.1713653,0.3,Demais Praças,Clubes
-15.94549405,-41.11525245,0.3,Demais Praças,Clubes
-21.304365,-46.698129,0.3,Demais Praças,Clubes
-18.8426298,-41.9542326,0.3,Demais Praças,Clubes
-23.77868914,-46.74307548,0.3,SP,Clubes
-16.753912,-48.517458,0.3,Demais Praças,Clubes
-30.132229,-51.339843,0.3,Demais Praças,Clubes
-20.026872,-43.933938,0.3,Demais Praças,Clubes
-22.027376,-45.835855,0.3,Demais Praças,Clubes
-25.7714923,-53.534619,0.3,Demais Praças,Clubes
-23.7346704,-52.858999,0.3,Demais Praças,Clubes
-23.8786864,-47.9940081,0.3,SP,Clubes
-19.855855,-43.9485134,0.3,Demais Praças,Clubes
-20.266201,-43.769575,0.3,Demais Praças,Clubes
-24.540318,-52.9828575,0.3,Demais Praças,Clubes
-22.8628731,-43.4430607,0.3,Demais Praças,Clubes
-23.100409,-48.9160363,0.3,SP,Clubes
-22.9405796,-46.9771989,0.3,SP,Clubes
-21.715283,-49.728543,0.3,SP,Clubes
-20.002293,-43.88971,0.3,Demais Praças,Clubes
-22.4142809,-43.1273661,0.3,Demais Praças,Clubes
-25.7464549,-53.0615734,0.3,Demais Praças,Clubes
-22.4836725,-42.2015431,0.3,Demais Praças,Clubes
-22.428453,-43.1155966,0.3,Demais Praças,Clubes
-23.8714093,-49.8024588,0.3,Demais Praças,Clubes
-23.82555071,-51.66789997,0.3,Demais Praças,Clubes
-25.5318354,-49.2035722,0.3,Demais Praças,Clubes
-21.9314519,-42.605043,0.3,Demais Praças,Clubes
-28.0576777,-53.0684395,0.3,Demais Praças,Clubes
-21.970417,-46.762504,0.3,SP,Clubes
-22.93634,-43.23884,0.3,Demais Praças,Clubes
-22.201818,-45.259698,0.3,Demais Praças,Clubes
-24.612633,-53.325178,0.3,Demais Praças,Clubes
-22.807867,-45.196882,0.3,SP,Clubes
-19.90678391,-42.22853559,0.3,Demais Praças,Clubes
-22.9851278,-43.2123242,0.3,Demais Praças,Clubes
-17.7405182,-46.1741639,0.3,Demais Praças,Clubes
-23.1843867,-50.6428495,0.3,Demais Praças,Clubes
-23.5030795,-46.501829,0.3,SP,Clubes
-23.2980974,-50.0726882,0.3,Demais Praças,Clubes
-22.2522523,-45.7035974,0.3,Demais Praças,Clubes
-22.9973488,-43.2643762,0.3,Demais Praças,Clubes
-25.3944002,-51.4672472,0.3,Demais Praças,Clubes
-16.31185816,-49.06249476,0.3,Demais Praças,Clubes
-22.7669357,-43.4028568,0.3,Demais Praças,Clubes
-16.7823764,-49.3537987,0.3,Demais Praças,Clubes
-23.190556,-46.936393,0.3,SP,Clubes
-22.2326299,-49.9801951,0.3,SP,Clubes
-20.8938356,-45.2721363,0.3,Demais Praças,Clubes
-23.4346259,-51.9468805,0.3,Demais Praças,Clubes
-17.0806813,-40.9387356,0.3,Demais Praças,Clubes
-23.43639656,-50.56196247,0.3,Demais Praças,Clubes
-20.5599813,-48.5660143,0.3,SP,Clubes
-20.7205051,-46.611621,0.3,Demais Praças,Clubes
-19.882842,-44.597903,0.3,Demais Praças,Clubes
-21.53330083,-42.61731754,0.3,Demais Praças,Clubes
-23.061979,-47.157422,0.3,SP,Clubes
-23.4195684,-49.7176129,0.3,SP,Clubes
-16.818505,-49.240444,0.3,Demais Praças,Clubes
-16.5585736,-41.5025529,0.3,Demais Praças,Clubes
-23.168673,-47.071553,0.3,SP,Clubes
-18.7749518,-46.4061588,0.3,Demais Praças,Clubes
-23.326213,-53.0664175,0.3,Demais Praças,Clubes
-25.407165,-49.2486083,0.3,Demais Praças,Clubes
-22.6262971,-43.9058584,0.3,Demais Praças,Clubes
-17.2202002,-46.8700982,0.3,Demais Praças,Clubes
-22.5112498,-43.1779306,0.3,Demais Praças,Clubes
-18.9311526,-48.2753329,0.3,Demais Praças,Clubes
-21.2039575,-42.8590292,0.3,Demais Praças,Clubes
-15.82636853,-50.60873846,0.3,Demais Praças,Clubes
-30.0201559,-51.171396,0.3,Demais Praças,Clubes
-23.0441679,-50.2262471,0.3,Demais Praças,Clubes
-23.711566,-47.40563,0.3,SP,Clubes
-22.7352565,-53.0390174,0.3,Demais Praças,Clubes
-15.9085409,-47.9406712,0.3,Demais Praças,Clubes
-23.0365724,-50.8321348,0.3,Demais Praças,Clubes
-23.553425,-46.892038,0.3,SP,Clubes
-23.311145,-51.3648668,0.3,Demais Praças,Clubes
-21.08302267,-42.449496,0.3,Demais Praças,Clubes
-24.590026,-53.518319,0.3,Demais Praças,Clubes
-23.2765765,-45.9019645,0.3,SP,Clubes
-30.02512,-51.16242,0.3,Demais Praças,Shoppings
-29.17606,-51.22034,0.3,Demais Praças,Shoppings
-27.59011,-48.51503,0.3,Demais Praças,Shoppings
-25.44293,-49.29081,0.3,Demais Praças,Shoppings
-23.59891,-46.69760,0.3,SP,Shoppings
-23.59145,-46.68982,0.3,SP,Shoppings
-23.57704,-46.68819,0.3,SP,Shoppings
-23.53366,-47.46344,0.3,SP,Shoppings
-23.50456,-46.84836,0.3,SP,Shoppings
-22.99934,-43.35155,0.3,Demais Praças,Shoppings
-22.92833,-43.22536,0.3,Demais Praças,Shoppings
-22.91933,-43.25019,0.3,Demais Praças,Shoppings
-22.89264,-47.02727,0.3,SP,Shoppings
-22.89234,-47.02688,0.3,SP,Shoppings
-22.01751,-47.91500,0.3,SP,Shoppings
-21.22570,-47.83524,0.3,SP,Shoppings
-20.86646,-49.41453,0.3,SP,Shoppings
-19.94401,-44.04065,0.3,Demais Praças,Shoppings
-18.91045,-48.25980,0.3,Demais Praças,Shoppings
-18.59798,-46.51376,0.3,Demais Praças,Shoppings
-15.72094,-47.88592,0.3,Demais Praças,Shoppings
-23.5255533,-46.50845,0.3,SP,Restaurantes
-23.5662429,-46.679553,0.3,SP,Restaurantes
-23.5449103,-46.6446962,0.3,SP,Restaurantes
-23.5651184,-46.6659616,0.3,SP,Restaurantes
-23.5448362,-46.6462222,0.3,SP,Restaurantes
-23.566461,-46.6686649,0.3,SP,Restaurantes
-23.5518264,-46.6943104,0.3,SP,Restaurantes
-23.5561245,-46.6925681,0.3,SP,Restaurantes
-23.5448362,-46.6462222,0.3,SP,Restaurantes
-23.5554987,-46.6571041,0.3,SP,Restaurantes
-23.5644473,-46.6694869,0.3,SP,Restaurantes
-23.5988139,-46.6982423,0.3,SP,Restaurantes
-23.5682867,-46.6897416,0.3,SP,Restaurantes
-23.5626208,-46.6686011,0.3,SP,Restaurantes
-23.5597308,-46.6993553,0.3,SP,Restaurantes
-23.5651537,-46.6688076,0.3,SP,Restaurantes
-23.5855831,-46.6848146,0.3,SP,Restaurantes
-23.5605285,-46.6623253,0.3,SP,Restaurantes
-23.58487,-46.6850098,0.3,SP,Restaurantes
-23.5448362,-46.6462222,0.3,SP,Restaurantes
-23.5647292,-46.6811122,0.3,SP,Restaurantes
-23.5678069,-46.6639107,0.3,SP,Restaurantes
-23.5971295,-46.667915,0.3,SP,Restaurantes
-23.5578576,-46.6737616,0.3,SP,Restaurantes
-23.5650382,-46.6709180999999,0.3,SP,Restaurantes
-23.5676048,-46.6934236,0.3,SP,Restaurantes
-23.5647869,-46.6804664,0.3,SP,Restaurantes
-23.5651184,-46.6659616,0.3,SP,Restaurantes
-23.5646715,-46.6808476,0.3,SP,Restaurantes
-23.5627159,-46.6681971,0.3,SP,Restaurantes
-23.5635306,-46.6731127,0.3,SP,Restaurantes
-23.5554987,-46.6571041,0.3,SP,Restaurantes
-23.5647292,-46.6811122,0.3,SP,Restaurantes
-23.5637434,-46.6694044,0.3,SP,Restaurantes
-23.5676086,-46.6883343,0.3,SP,Restaurantes
-23.5666615,-46.6798234,0.3,SP,Restaurantes
-23.5645262,-46.6801825999999,0.3,SP,Restaurantes
-23.5662429,-46.679553,0.3,SP,Restaurantes
-23.5635306,-46.6731127,0.3,SP,Restaurantes
-23.5554987,-46.6571041,0.3,SP,Restaurantes
-23.5682867,-46.6897416,0.3,SP,Restaurantes
-23.5453644,-46.6434585,0.3,SP,Restaurantes
-23.5633779,-46.6689304999999,0.3,SP,Restaurantes
-22.9844538,-43.2274071,0.3,Demais Praças,Restaurantes
-22.9862747,-43.1890001,0.3,Demais Praças,Restaurantes
-22.9847776,-43.2280374,0.3,Demais Praças,Restaurantes
-23.5568907,-46.6591864,0.3,SP,Restaurantes
-23.5868611,-46.678221,0.3,SP,Restaurantes
-23.5670739,-46.6791816,0.3,SP,Restaurantes
-23.5644275,-46.6802643,0.3,SP,Restaurantes
-23.5515971,-46.5647406,0.3,SP,Restaurantes
-23.5635108,-46.6671836,0.3,SP,Restaurantes
-23.5670775,-46.6791783,0.3,SP,Restaurantes
-23.5648737,-46.6814586,0.3,SP,Restaurantes
-23.550347,-46.6450502,0.3,SP,Restaurantes
-23.5636317,-46.6619337,0.3,SP,Restaurantes
-23.5654002,-46.6656225,0.3,SP,Restaurantes
-23.5685106,-46.6627388,0.3,SP,Restaurantes
-23.5660429,-46.6652975,0.3,SP,Restaurantes
-23.5596155,-46.6649989,0.3,SP,Restaurantes
-23.566766,-46.6646685,0.3,SP,Restaurantes
-23.5643969,-46.6687103,0.3,SP,Restaurantes
-22.9846421,-43.2277591,0.3,Demais Praças,Restaurantes
-23.5647869,-46.6804664,0.3,SP,Restaurantes
-23.5670739,-46.6791816,0.3,SP,Restaurantes
-22.9840863,-43.2275155,0.3,Demais Praças,Restaurantes
-23.5649842,-46.6815426,0.3,SP,Restaurantes
-23.5917828,-46.6727333,0.3,SP,Restaurantes
-23.5663397,-46.6671155,0.3,SP,Restaurantes
-23.5465907,-46.6504608,0.3,SP,Restaurantes
-23.5714476,-46.6543719,0.3,SP,Restaurantes
-23.5664606,-46.6942735,0.3,SP,Restaurantes
-23.5847422,-46.6754499,0.3,SP,Restaurantes
-23.5645382,-46.6805126,0.3,SP,Restaurantes
-23.5649842,-46.6815426,0.3,SP,Restaurantes
-23.5816309,-46.6823493,0.3,SP,Restaurantes
-23.5670289,-46.6647549,0.3,SP,Restaurantes
-23.5645262,-46.6801825999999,0.3,SP,Restaurantes
-22.9534323,-43.1784013,0.3,Demais Praças,Restaurantes
-22.9841156,-43.2049635,0.3,Demais Praças,Restaurantes
-22.9680091,-43.1879064,0.3,Demais Praças,Restaurantes
-23.6179549,-46.6654856,0.3,SP,Restaurantes
-23.5636298,-46.6692585,0.3,SP,Restaurantes
-23.5613555,-46.6648502,0.3,SP,Restaurantes
-23.5645659,-46.6666917,0.3,SP,Restaurantes
-23.5670739,-46.6791816,0.3,SP,Restaurantes
-23.5636317,-46.6619337,0.3,SP,Restaurantes
-23.5602963,-46.6518741,0.3,SP,Restaurantes
-22.9710159,-43.1874411999999,0.3,Demais Praças,Restaurantes
-22.9834786,-43.2267468,0.3,Demais Praças,Restaurantes
-22.9846421,-43.2277591,0.3,Demais Praças,Restaurantes
-22.9844479,-43.227792,0.3,Demais Praças,Restaurantes
-22.9844118,-43.2277645,0.3,Demais Praças,Restaurantes
-22.9842562,-43.2272483,0.3,Demais Praças,Restaurantes
-23.5478547,-46.6575253,0.3,SP,Restaurantes
-22.9791393,-43.189599,0.3,Demais Praças,Restaurantes
-23.5670775,-46.6791783,0.3,SP,Restaurantes
-23.5645659,-46.6666917,0.3,SP,Restaurantes
-23.5593967,-46.6687592,0.3,SP,Restaurantes
-22.9550349,-43.1948681,0.3,Demais Praças,Restaurantes
-23.5645659,-46.6666917,0.3,SP,Restaurantes
-22.9846421,-43.2277591,0.3,Demais Praças,Restaurantes
-22.9815216,-43.2232330999999,0.3,Demais Praças,Restaurantes
-22.9037688,-43.1800731,0.3,Demais Praças,Restaurantes
-23.5851658,-46.6853352,0.3,SP,Restaurantes
-23.5645659,-46.6666917,0.3,SP,Restaurantes
-22.9846421,-43.2277591,0.3,Demais Praças,Restaurantes
-22.9846421,-43.2277591,0.3,Demais Praças,Restaurantes
-19.9380594,-43.9394697,0.3,Demais Praças,Restaurantes
-15.7886622,-47.8369928,0.3,Demais Praças,Restaurantes
-23.5673358,-46.6701801,0.3,SP,Restaurantes
-23.5596709,-46.6621449,0.3,SP,Restaurantes
-23.5637973,-46.6709768,0.3,SP,Restaurantes
-23.5734314,-46.6832171,0.3,SP,Restaurantes
-23.5849077,-46.6853841,0.3,SP,Restaurantes
-23.5683813,-46.670402,0.3,SP,Restaurantes
-23.5809843,-46.6831538,0.3,SP,Restaurantes
-23.5830847,-46.6878393,0.3,SP,Restaurantes
-23.5644474,-46.6712508,0.3,SP,Restaurantes
-23.5842738,-46.6844344999999,0.3,SP,Restaurantes
-23.5681187,-46.6702887999999,0.3,SP,Restaurantes
-23.5771128,-46.6880055,0.3,SP,Restaurantes
-23.5715735,-46.692248,0.3,SP,Restaurantes
-22.9814077,-43.2098679,0.3,Demais Praças,Restaurantes
-22.9812349,-43.2086745999999,0.3,Demais Praças,Restaurantes
-22.9857538,-43.2248386,0.3,Demais Praças,Restaurantes
-22.9998574,-43.3044122,0.3,Demais Praças,Restaurantes
-22.9814133,-43.2050132,0.3,Demais Praças,Restaurantes
-22.9819458,-43.2170213,0.3,Demais Praças,Restaurantes
-22.9839506,-43.2194037,0.3,Demais Praças,Restaurantes
-22.9840213,-43.2118586,0.3,Demais Praças,Restaurantes
-25.4384454,-49.2867884,0.3,Demais Praças,Restaurantes
-25.436609,-49.2846428,0.3,Demais Praças,Restaurantes
-19.9327287,-43.9303013,0.3,Demais Praças,Restaurantes
-25.4385984,-49.2817124,0.3,Demais Praças,Restaurantes
-15.8436965,-47.8941886,0.3,Demais Praças,Restaurantes
-15.8277639,-47.9249014,0.3,Demais Praças,Restaurantes
-19.9184552,-43.9322528,0.3,Demais Praças,Restaurantes
-19.9367735,-43.9317986999999,0.3,Demais Praças,Restaurantes
-30.0369818,-51.180505,0.3,Demais Praças,Restaurantes
-30.0325472,-51.165599,0.3,Demais Praças,Restaurantes
-27.5857167,-48.5885174,0.3,Demais Praças,Restaurantes
-22.8751844,-46.7903824,0.3,SP,Restaurantes
-22.9819379,-46.8222764,0.3,SP,Restaurantes
-23.5350212,-47.1899227,0.3,SP,Restaurantes
-22.9416598,-44.0417808,0.3,Demais Praças,Restaurantes
-23.1007998,-46.5766929,0.3,SP,Restaurantes
-23.0136633,-43.3140554,0.3,Demais Praças,Restaurantes
-23.2187136,-44.7140044,0.3,Demais Praças,Restaurantes
-22.7639463,-41.8977043,0.3,Demais Praças,Restaurantes
-23.8165908,-45.3667925,0.3,SP,Restaurantes
-15.8414298,-47.8767513,0.3,Demais Praças,Restaurantes
-22.7741097,-41.8885351,0.3,Demais Praças,Restaurantes
-22.9190249,-43.1832895999999,0.3,Demais Praças,Restaurantes
-23.5670289,-46.6647549,0.3,SP,Restaurantes
-22.9889184,-43.227737,0.3,Demais Praças,Restaurantes
-22.9036515,-43.1706985,0.3,Demais Praças,Restaurantes
-27.6049532,-48.4392918,0.3,Demais Praças,Restaurantes
-22.96731,-43.1793323,0.3,Demais Praças,Restaurantes
-23.5381131,-46.7270175,0.3,SP,Restaurantes
-25.4426305,-49.2857798999999,0.3,Demais Praças,Restaurantes
-15.7879402,-47.8042337,0.3,Demais Praças,Restaurantes
-23.8165908,-45.3667925,0.3,SP,Restaurantes
-23.5618737,-47.1316203,0.3,SP,Restaurantes
-23.5831933,-46.6085945,0.3,SP,Restaurantes
-22.9383813,-43.1318225,0.3,Demais Praças,Restaurantes
-23.5086476,-47.6085697,0.3,SP,Restaurantes
-22.9575836,-43.1891615,0.3,Demais Praças,Restaurantes
-22.9944067,-43.2715516,0.3,Demais Praças,Restaurantes
-23.5486274,-46.6804231,0.3,SP,Restaurantes
-22.9874827,-43.308623,0.3,Demais Praças,Restaurantes
-20.3855212,-43.5036999,0.3,Demais Praças,Restaurantes
-21.8992518,-41.8032559,0.3,Demais Praças,Restaurantes
-15.8272432,-50.265662,0.3,Demais Praças,Restaurantes
-15.7887865,-47.893357,0.3,Demais Praças,Restaurantes
-23.2196998,-44.715342,0.3,Demais Praças,Restaurantes
-19.8609834,-43.2268717,0.3,Demais Praças,Restaurantes
-28.5457445,-54.5515456,0.3,Demais Praças,Restaurantes
-28.552057,-54.5544674,0.3,Demais Praças,Restaurantes
-28.4483816,-54.7090926,0.3,Demais Praças,Restaurantes
-28.3642114,-54.2674101,0.3,Demais Praças,Restaurantes
-23.5651184,-46.6659616,0.3,SP,Restaurantes
-32.561098,-53.3767343,0.3,Demais Praças,Restaurantes
-23.5648811,-46.6813279,0.3,SP,Restaurantes
-23.5646605,-46.6808936,0.3,SP,Restaurantes
-23.5663224,-46.6675722,0.3,SP,Restaurantes
-23.5651184,-46.6659616,0.3,SP,Restaurantes
-23.5644275,-46.6802643,0.3,SP,Restaurantes
-23.5644275,-46.6802643,0.3,SP,Restaurantes
-23.5449136,-46.6447336,0.3,SP,Restaurantes
-23.55012,-46.6463715999999,0.3,SP,Restaurantes
-23.5499142,-46.6464724999999,0.3,SP,Restaurantes
-23.5499142,-46.6464724999999,0.3,SP,Restaurantes
-23.5660066,-46.6655264,0.3,SP,Restaurantes
-23.5499142,-46.6464724999999,0.3,SP,Restaurantes
-23.5685106,-46.6627388,0.3,SP,Restaurantes
-23.5827613,-46.6739488,0.3,SP,Restaurantes
-23.5633865,-46.672788,0.3,SP,Restaurantes
-23.6009115,-46.7280425999999,0.3,SP,Restaurantes
-23.5747369,-46.6464858999999,0.3,SP,Restaurantes
-23.6105308,-46.6512924,0.3,SP,Restaurantes
-23.5466528,-46.638548,0.3,SP,Restaurantes
-23.5615171,-46.655961,0.3,SP,Restaurantes
-23.5665283,-46.6668467999999,0.3,SP,Restaurantes
-23.584097,-46.6761539,0.3,SP,Restaurantes
-23.5652369,-46.6697294,0.3,SP,Restaurantes
-23.5890297,-46.6774656,0.3,SP,Restaurantes
-23.5671005,-46.6790585,0.3,SP,Restaurantes
-23.5627103,-46.6700773,0.3,SP,Restaurantes
-23.5989077,-46.6976032,0.3,SP,Restaurantes
-23.5636288,-46.6697984,0.3,SP,Restaurantes
-23.5654486,-46.6664884,0.3,SP,Restaurantes
-23.5672241,-46.6640855,0.3,SP,Restaurantes
-23.5841029,-46.6825512,0.3,SP,Restaurantes
-23.5539502,-46.6859644,0.3,SP,Restaurantes
-23.5680267,-46.6641495,0.3,SP,Restaurantes
-23.5584777,-46.6465399999999,0.3,SP,Restaurantes
-27.6004226,-48.5454851999999,0.3,Demais Praças,Restaurantes
-23.5685892,-46.6491982999999,0.3,SP,Restaurantes
-23.56365,-46.6642404,0.3,SP,Restaurantes
-23.4922571,-46.6294839,0.3,SP,Restaurantes
-23.5540219,-46.6891577,0.3,SP,Restaurantes
-23.5716393,-46.6585798,0.3,SP,Restaurantes
-23.5448511,-46.6480077,0.3,SP,Restaurantes
-23.5467877,-46.6608166,0.3,SP,Restaurantes
-23.5599221,-46.6775776,0.3,SP,Restaurantes
-23.5595241,-46.6684101,0.3,SP,Restaurantes
-23.566417,-46.6888574,0.3,SP,Restaurantes
-23.5553948,-46.6855309,0.3,SP,Restaurantes
-23.5612849,-46.6964372,0.3,SP,Restaurantes
-23.5283889,-46.6825194,0.3,SP,Restaurantes
-23.5616078,-46.6641445,0.3,SP,Restaurantes
-23.5815706,-46.6769962,0.3,SP,Restaurantes
-23.4620117,-46.694852,0.3,SP,Restaurantes
-16.706871,-49.237572,0.3,Demais Praças,Joalherias
-22.999455,-43.351358,0.3,Demais Praças,Joalherias
-15.719407,-47.8851768,0.3,Demais Praças,Joalherias
-23.590418,-46.690551,0.3,SP,Joalherias
-23.5972545,-46.6973275,0.3,SP,Joalherias
-23.5773238,-46.6881771,0.3,SP,Joalherias
-23.5708974,-46.6907247,0.3,SP,Joalherias
-23.633823,-46.825586,0.3,SP,Joalherias
-25.443489,-49.290557,0.3,Demais Praças,Joalherias
-23.6264827,-46.57980531,0.3,SP,Joalherias
-16.629942,-49.275523,0.3,Demais Praças,Joalherias
-23.6233825,-46.6986091,0.3,SP,Joalherias
-22.9387565,-43.2481818,0.3,Demais Praças,Joalherias
-26.993018,-48.646905,0.3,Demais Praças,Joalherias
-25.429332,-49.214691,0.3,Demais Praças,Joalherias
-23.566335,-46.65094,0.3,SP,Joalherias
-21.781628,-43.360941,0.3,Demais Praças,Joalherias
-26.303521,-48.850279,0.3,Demais Praças,Joalherias
-22.8927317,-47.0278787,0.3,SP,Joalherias
-22.6903073,-43.291485,0.3,Demais Praças,Joalherias
-23.5260444,-46.6808775,0.3,SP,Joalherias
-25.4228528,-49.270658,0.3,Demais Praças,Joalherias
-19.874395,-43.926673,0.3,Demais Praças,Joalherias
-22.8273552,-43.3476307,0.3,Demais Praças,Joalherias
-23.5807459,-46.59401,0.3,SP,Joalherias
-26.251735,-48.852608,0.3,Demais Praças,Joalherias
-23.422109,-47.161163,0.3,SP,Joalherias
-20.57512,-48.558546,0.3,SP,Joalherias
-20.5477468,-47.4167514,0.3,SP,Joalherias
-22.342332,-49.049463,0.3,SP,Joalherias
-23.57113,-46.643948,0.3,SP,Joalherias
-23.1853305,-45.8528748,0.3,SP,Joalherias
-23.620509,-46.627679,0.3,SP,Joalherias
-19.94004233,-43.93410667,0.3,Demais Praças,Joalherias
-27.17724824,-48.61195677,0.3,Demais Praças,Joalherias
-23.5309589,-46.44674867,0.3,SP,Joalherias
-23.6100344,-46.6672731,0.3,SP,Joalherias
-23.550895,-47.46581,0.3,SP,Joalherias
-22.8787218,-43.4668192,0.3,Demais Praças,Joalherias
-22.8876746,-43.2830163,0.3,Demais Praças,Joalherias
-16.7061712,-49.2690578,0.3,Demais Praças,Joalherias
-23.562087,-46.560815,0.3,SP,Joalherias
-22.9819599,-43.2168358,0.3,Demais Praças,Joalherias
-25.435518,-49.3163973,0.3,Demais Praças,Joalherias
-16.74023867,-43.870405,0.3,Demais Praças,Joalherias
-16.74325387,-49.27874241,0.3,Demais Praças,Joalherias
-22.3151323,-49.0551481,0.3,SP,Joalherias
-25.434723,-49.413096,0.3,Demais Praças,Joalherias
-21.225334,-47.837001,0.3,SP,Joalherias
-22.8513296,-43.3110368,0.3,Demais Praças,Joalherias
-23.0175314,-43.5112831,0.3,Demais Praças,Joalherias
-30.080301,-51.247159,0.3,Demais Praças,Joalherias
-25.440186,-49.276927,0.3,Demais Praças,Joalherias
-22.876926,-42.0323402,0.3,Demais Praças,Joalherias
-21.783575,-48.200789,0.3,SP,Joalherias
-23.440477,-46.543281,0.3,SP,Joalherias
-22.955587,-43.339941,0.3,Demais Praças,Joalherias
-22.11690134,-51.406212,0.3,SP,Joalherias
-15.8159611,-47.9043809,0.3,Demais Praças,Joalherias
-23.614849,-46.775503,0.3,SP,Joalherias
-25.437528,-49.265823,0.3,Demais Praças,Joalherias
-23.5251956,-46.5470113,0.3,SP,Joalherias
-15.7942287,-47.8821658,0.3,Demais Praças,Joalherias
-23.5417688,-46.5766632,0.3,SP,Joalherias
-15.803598,-47.903099,0.3,Demais Praças,Joalherias
-22.186194,-49.966884,0.3,SP,Joalherias
-23.684125,-46.692289,0.3,SP,Joalherias
-23.486605,-46.549867,0.3,SP,Joalherias
-29.914949,-51.165644,0.3,Demais Praças,Joalherias
-23.69301167,-46.55183267,0.3,SP,Joalherias
-23.0002151,-43.3607073,0.3,Demais Praças,Joalherias
-23.5037325,-46.8336407,0.3,SP,Joalherias
-22.5704017,-47.4081761,0.3,SP,Joalherias
-19.9482066,-44.0256258,0.3,Demais Praças,Joalherias
-23.0253193,-45.5824343,0.3,SP,Joalherias
-26.904382,-48.660244,0.3,Demais Praças,Joalherias
-15.719407,-47.8851768,0.3,Demais Praças,Joalherias
-25.554894,-54.566779,0.3,Demais Praças,Joalherias
-23.5060765,-46.7179002,0.3,SP,Joalherias
-23.64932884,-46.53328462,0.3,SP,Joalherias
-23.459863,-46.307036,0.3,SP,Joalherias
-23.538202,-46.771948,0.3,SP,Joalherias
-23.658352,-46.83292,0.3,SP,Joalherias
-25.44321648,-49.29067612,0.3,Demais Praças,Joalherias
-22.786764,-43.545438,0.3,Demais Praças,Joalherias
-27.0697921,-52.6250599,0.3,Demais Praças,Joalherias
-19.928228,-43.946818,0.3,Demais Praças,Joalherias
-23.595926,-46.6851055,0.3,SP,Joalherias
-19.920396,-43.92114,0.3,Demais Praças,Joalherias
-22.896721,-43.123917,0.3,Demais Praças,Joalherias
-23.4799135,-46.6029538,0.3,SP,Joalherias
-30.050185,-51.228082,0.3,Demais Praças,Joalherias
-21.2104407,-47.8138791,0.3,SP,Joalherias
-22.93131,-47.077723,0.3,SP,Joalherias
-22.95680276,-43.17618724,0.3,Demais Praças,Joalherias
-25.0980329,-50.1546847,0.3,Demais Praças,Joalherias
-18.910777,-48.259772,0.3,Demais Praças,Joalherias
-23.573355,-46.695552,0.3,SP,Joalherias
-30.02603395,-51.16264757,0.3,Demais Praças,Joalherias
-23.72241,-46.543163,0.3,SP,Joalherias
-19.671258,-43.993214,0.3,Demais Praças,Joalherias
-22.7947525,-43.35289949,0.3,Demais Praças,Joalherias
-23.5994793,-46.63675,0.3,SP,Joalherias
-15.8332936,-47.9516438,0.3,Demais Praças,Joalherias
-22.9475665,-43.1834719,0.3,Demais Praças,Joalherias
-23.20529,-45.90767,0.3,SP,Joalherias
-19.975722,-43.944744,0.3,Demais Praças,Joalherias
-29.6699257,-51.1436221,0.3,Demais Praças,Joalherias
-19.671258,-43.993214,0.3,Demais Praças,Joalherias
-17.7709305,-50.9232683,0.3,Demais Praças,Joalherias
-28.262951,-52.40867,0.3,Demais Praças,Joalherias
-23.9672128,-46.3346131,0.3,SP,Joalherias
-19.8807095,-44.0381215,0.3,Demais Praças,Joalherias
-23.564733,-46.653379,0.3,SP,Joalherias
-25.533157,-54.575446,0.3,Demais Praças,Joalherias
-30.086247,-51.247602,0.3,Demais Praças,Joalherias
-27.615609,-48.64524399,0.3,Demais Praças,Joalherias
-28.6876619,-49.335381,0.3,Demais Praças,Joalherias
-23.9772208,-46.3097622,0.3,SP,Joalherias
-25.477799,-49.291768,0.3,Demais Praças,Joalherias
-29.176931,-51.219207,0.3,Demais Praças,Joalherias
-23.542701,-46.658082,0.3,SP,Joalherias
-22.747899,-47.367288,0.3,SP,Joalherias
-23.648372,-46.757572,0.3,SP,Joalherias
-22.999455,-43.351358,0.3,Demais Praças,Joalherias
-27.583547,-48.614367,0.3,Demais Praças,Joalherias
-21.755207,-41.348613,0.3,Demais Praças,Joalherias
-21.2192212,-50.4657096,0.3,SP,Joalherias
-18.95689,-48.276655,0.3,Demais Praças,Joalherias
-27.591216,-48.513972,0.3,Demais Praças,Joalherias
-23.216415,-45.892972,0.3,SP,Joalherias
-23.102282,-47.012001,0.3,SP,Joalherias
-23.46907,-46.49085934,0.3,SP,Joalherias
-16.706871,-49.237572,0.3,Demais Praças,Joalherias
-23.683705,-46.557798,0.3,SP,Joalherias
-23.998117,-46.411367,0.3,SP,Joalherias
-23.658352,-46.83292,0.3,SP,Joalherias
-22.018214,-47.916816,0.3,SP,Joalherias
-23.658352,-46.83292,0.3,SP,Joalherias
-23.5465273,-46.6386372,0.3,SP,Joalherias
-22.5268373,-44.0767886,0.3,Demais Praças,Joalherias
-26.85923,-49.058581,0.3,Demais Praças,Joalherias
-27.58437,-48.545312,0.3,Demais Praças,Joalherias
-23.658352,-46.83292,0.3,SP,Joalherias
-23.012691,-43.461962,0.3,Demais Praças,Joalherias
-19.888779,-43.968703,0.3,Demais Praças,Joalherias
-23.595868,-46.686955,0.3,SP,Joalherias
-19.8209978,-43.9471884,0.3,Demais Praças,Joalherias
-25.543897,-54.585037,0.3,Demais Praças,Joalherias
-23.561257,-46.658572,0.3,SP,Joalherias
-22.9839424,-43.2102662,0.3,Demais Praças,Joalherias
-22.9836527,-43.2093297,0.3,Demais Praças,Joalherias
-23.609039,-46.667016,0.3,SP,Joalherias
-23.6051432,-46.6654412,0.3,SP,Joalherias
-23.605355,-46.665535,0.3,SP,Joalherias
-22.893227,-47.029045,0.3,SP,Joalherias
-23.6236613,-46.6988489,0.3,SP,Joalherias
-23.558073,-46.570943,0.3,SP,Joalherias
-23.5703804,-46.6436832,0.3,SP,Joalherias
-23.5773238,-46.6881771,0.3,SP,Joalherias
-23.633823,-46.825586,0.3,SP,Joalherias
-23.5773238,-46.6881771,0.3,SP,Joalherias
-23.62346484,-46.6989065,0.3,SP,Joalherias
-23.590418,-46.690551,0.3,SP,Joalherias
-23.5773238,-46.6881771,0.3,SP,Joalherias
-23.5981725,-46.6974117,0.3,SP,Joalherias
-23.5993694,-46.682819,0.3,SP,Joalherias
-23.54271,-46.6576,0.3,SP,Joalherias
-23.598039,-46.6976265,0.3,SP,Joalherias
-22.983397,-43.209185,0.3,Demais Praças,Joalherias
-23.5585799,-46.6586363,0.3,SP,Joalherias
-16.3342088,-48.9170638,0.3,Demais Praças,Joalherias
-23.550895,-47.46581,0.3,SP,Joalherias
-23.609039,-46.667016,0.3,SP,Joalherias
-19.974486,-43.9449069,0.3,Demais Praças,Joalherias
-23.486605,-46.549867,0.3,SP,Joalherias
-25.4356426,-49.316402,0.3,Demais Praças,Joalherias
-23.0013402,-43.3863067,0.3,Demais Praças,Joalherias
-31.75955,-52.318674,0.3,Demais Praças,Joalherias
-23.585384,-46.724373,0.3,SP,Joalherias
-23.590418,-46.690551,0.3,SP,Joalherias
-15.8355016,-48.0412934,0.3,Demais Praças,Joalherias
-23.6927028,-46.5511107,0.3,SP,Joalherias
-16.74023867,-43.870405,0.3,Demais Praças,Joalherias
-22.5207674,-44.135297,0.3,Demais Praças,Joalherias
-25.440186,-49.276927,0.3,Demais Praças,Joalherias
-23.2648758,-47.2817147,0.3,SP,Joalherias
-23.012691,-43.461962,0.3,Demais Praças,Joalherias
-16.629942,-49.275523,0.3,Demais Praças,Joalherias
-23.4223,-51.932798,0.3,Demais Praças,Joalherias
-23.6312304,-46.735867,0.3,SP,Joalherias
-23.440477,-46.543281,0.3,SP,Joalherias
-29.9150655,-51.1650964,0.3,Demais Praças,Joalherias
-19.8742387,-43.9257584,0.3,Demais Praças,Joalherias
-23.620509,-46.627679,0.3,SP,Joalherias
-23.542338,-46.318307,0.3,SP,Joalherias
-22.376226,-46.944458,0.3,SP,Joalherias
-23.440477,-46.543281,0.3,SP,Joalherias
-23.553663,-46.653323,0.3,SP,Joalherias
-22.7478988,-47.3672883,0.3,SP,Joalherias
-23.505971,-46.717298,0.3,SP,Joalherias
-23.516468,-46.17898,0.3,SP,Joalherias
-22.935024,-43.518246,0.3,Demais Praças,Joalherias
-23.526347,-46.6811136,0.3,SP,Joalherias
-23.5704202,-46.6437503,0.3,SP,Joalherias
-23.4743596,-46.5994445,0.3,SP,Joalherias
-26.251735,-48.852608,0.3,Demais Praças,Joalherias
-23.504267,-46.832675,0.3,SP,Joalherias
-21.2192212,-50.4657096,0.3,SP,Joalherias
-23.54116,-46.766435,0.3,SP,Joalherias
-23.5615061,-46.5604411,0.3,SP,Joalherias
-24.946782,-53.434924,0.3,Demais Praças,Joalherias
-19.8209978,-43.9471884,0.3,Demais Praças,Joalherias
-18.9104233,-48.2604898,0.3,Demais Praças,Joalherias
-15.7942287,-47.8821658,0.3,Demais Praças,Joalherias
-16.74325387,-49.27874241,0.3,Demais Praças,Joalherias
-22.928549,-43.573692,0.3,Demais Praças,Joalherias
-22.342332,-49.049463,0.3,SP,Joalherias
-26.904382,-48.660244,0.3,Demais Praças,Joalherias
-22.893227,-47.029045,0.3,SP,Joalherias
-23.60838,-46.767539,0.3,SP,Joalherias
-23.9670059,-46.3367649,0.3,SP,Joalherias
-19.9207476,-43.9206068,0.3,Demais Praças,Joalherias
-21.5711348,-45.4487893,0.3,Demais Praças,Joalherias
-23.5972545,-46.6973275,0.3,SP,Joalherias
-23.5994401,-46.6370048,0.3,SP,Joalherias
-23.573355,-46.695552,0.3,SP,Joalherias
-16.707804,-49.2732323,0.3,Demais Praças,Joalherias
-23.444004,-46.72652,0.3,SP,Joalherias
-23.558308,-46.659478,0.3,SP,Joalherias
-20.8665207,-49.4147385,0.3,SP,Joalherias
-19.8901794,-43.9680514,0.3,Demais Praças,Joalherias
-21.7537444,-41.3440328,0.3,Demais Praças,Joalherias
-25.423586,-49.270431,0.3,Demais Praças,Joalherias
-22.8476323,-47.0642989,0.3,SP,Joalherias
-22.9572182,-43.1769324,0.3,Demais Praças,Joalherias
-23.5773238,-46.6881771,0.3,SP,Joalherias
-22.82967,-47.266578,0.3,SP,Joalherias
-22.704012,-47.6497642,0.3,SP,Joalherias
-23.64932884,-46.53328462,0.3,SP,Joalherias
-23.3419954,-51.1853634,0.3,Demais Praças,Joalherias
-24.950513,-53.477398,0.3,Demais Praças,Joalherias
-26.3043501,-48.8491261,0.3,Demais Praças,Joalherias
-23.57042,-46.64375,0.3,SP,Joalherias
-21.210441,-47.813879,0.3,SP,Joalherias
-22.955587,-43.339941,0.3,Demais Praças,Joalherias
-22.318656,-49.072075,0.3,SP,Joalherias
-25.423534,-49.270408,0.3,Demais Praças,Joalherias
-23.5575889,-46.6592402,0.3,SP,Joalherias
-22.318656,-49.072075,0.3,SP,Joalherias
-23.496127,-47.459607,0.3,SP,Joalherias
-23.648372,-46.757572,0.3,SP,Joalherias
-23.32917,-51.177365,0.3,Demais Praças,Joalherias
-23.7460038,-46.5954495,0.3,SP,Joalherias
-15.841666,-48.023602,0.3,Demais Praças,Joalherias
-27.598568,-48.621304,0.3,Demais Praças,Joalherias
-23.0249989,-45.5815318,0.3,SP,Joalherias
-23.0099972,-43.5418667,0.3,Demais Praças,Joalherias
-22.9249058,-47.1269687,0.3,SP,Joalherias
-23.117319,-47.219862,0.3,SP,Joalherias
-16.7061712,-49.2690578,0.3,Demais Praças,Joalherias
-25.46763894,-49.67793162,0.3,Demais Praças,Joalherias
-21.781628,-43.360941,0.3,Demais Praças,Joalherias
-23.20529,-45.90767,0.3,SP,Joalherias
-23.001456,-43.38496,0.3,Demais Praças,Joalherias
-23.6681156,-46.5333019,0.3,SP,Joalherias
-23.5704366,-46.6437744,0.3,SP,Joalherias
-24.950513,-53.477398,0.3,Demais Praças,Joalherias
-30.086247,-51.247602,0.3,Demais Praças,Joalherias
-18.910777,-48.259772,0.3,Demais Praças,Joalherias
-21.7835752,-48.2007888,0.3,SP,Joalherias
-23.547172,-46.755571,0.3,SP,Joalherias
-23.5954335,-46.6870474,0.3,SP,Joalherias
-19.9482066,-44.0256258,0.3,Demais Praças,Joalherias
-19.94004233,-43.93410667,0.3,Demais Praças,Joalherias
-19.8811897,-44.0383409,0.3,Demais Praças,Joalherias
-22.9825622,-43.2173424,0.3,Demais Praças,Joalherias
-23.5155398,-46.6177669,0.3,SP,Joalherias
-23.5251956,-46.5470113,0.3,SP,Joalherias
-15.719407,-47.8851768,0.3,Demais Praças,Joalherias
-22.887542,-43.2823465,0.3,Demais Praças,Joalherias
-23.605845,-46.946762,0.3,SP,Joalherias
-23.542701,-46.658082,0.3,SP,Joalherias
-23.5773238,-46.6881771,0.3,SP,Joalherias
-22.9328254,-47.077649,0.3,SP,Joalherias
-16.0821361,-48.5074307,0.3,Demais Praças,Joalherias
-23.173288,-46.914177,0.3,SP,Joalherias
-15.79025,-47.9765549,0.3,Demais Praças,Joalherias
-23.5417688,-46.5766632,0.3,SP,Joalherias
-23.7503057,-53.2714866,0.3,Demais Praças,Joalherias
-23.5637828,-46.6528531,0.3,SP,Joalherias
-23.636111,-46.823285,0.3,SP,Joalherias
-30.0117603,-51.1605866,0.3,Demais Praças,Joalherias
-29.706767,-53.82918,0.3,Demais Praças,Joalherias
-22.93131,-47.077723,0.3,SP,Joalherias
-23.6927028,-46.5511107,0.3,SP,Joalherias
-25.440186,-49.276927,0.3,Demais Praças,Joalherias
-23.515393,-46.616084,0.3,SP,Joalherias
-18.95689,-48.276655,0.3,Demais Praças,Joalherias
-15.7942287,-47.8821658,0.3,Demais Praças,Joalherias
-25.554894,-54.566779,0.3,Demais Praças,Joalherias
-23.63002,-46.736288,0.3,SP,Joalherias
-27.5847549,-48.5451428,0.3,Demais Praças,Joalherias
-19.955785,-44.109803,0.3,Demais Praças,Joalherias
-25.348554,-51.474786,0.3,Demais Praças,Joalherias
-23.4222999,-51.9327976,0.3,Demais Praças,Joalherias
-25.429332,-49.214691,0.3,Demais Praças,Joalherias
-23.623383,-46.698609,0.3,SP,Joalherias
-19.874395,-43.926673,0.3,Demais Praças,Joalherias
-26.9931046,-48.647366,0.3,Demais Praças,Joalherias
-27.591216,-48.513972,0.3,Demais Praças,Joalherias
-22.9468654,-43.1825928,0.3,Demais Praças,Joalherias
-23.66831447,-46.53315035,0.3,SP,Joalherias
-23.4203701,-51.9704265,0.3,Demais Praças,Joalherias
-23.5280931,-46.6748364,0.3,SP,Joalherias
-23.4862571,-46.6402914,0.3,SP,Joalherias
-26.9925606,-48.6469337,0.3,Demais Praças,Joalherias
-23.1995477,-46.8902183,0.3,SP,Joalherias
-23.41923143,-51.93309286,0.3,Demais Praças,Joalherias
-22.859574,-47.054071,0.3,SP,Joalherias
-16.706871,-49.237572,0.3,Demais Praças,Joalherias
-24.947833,-53.43508,0.3,Demais Praças,Joalherias
-23.5309589,-46.44674867,0.3,SP,Joalherias
-27.0697921,-52.6250599,0.3,Demais Praças,Joalherias
-23.488765,-46.54603,0.3,SP,Joalherias
-23.6659289,-46.4602618,0.3,SP,Joalherias
-22.6903073,-43.291485,0.3,Demais Praças,Joalherias
-23.23409,-45.897185,0.3,SP,Joalherias
-22.867012,-47.021684,0.3,SP,Joalherias
-27.0697921,-52.6250599,0.3,Demais Praças,Joalherias
-25.436267,-49.316273,0.3,Demais Praças,Joalherias
-23.585384,-46.724373,0.3,SP,Joalherias
-19.9404162,-43.9340786,0.3,Demais Praças,Joalherias
-23.6734422,-46.6777561,0.3,SP,Joalherias
-30.050185,-51.228082,0.3,Demais Praças,Joalherias
-26.919304,-49.069227,0.3,Demais Praças,Joalherias
-22.887542,-43.2823465,0.3,Demais Praças,Joalherias
-22.9821908,-43.2169457,0.3,Demais Praças,Joalherias
-23.9666135,-46.3349557,0.3,SP,Joalherias
-19.8209978,-43.9471884,0.3,Demais Praças,Joalherias
-22.955587,-43.339941,0.3,Demais Praças,Joalherias
-23.538518,-46.576276,0.3,SP,Joalherias
-15.719407,-47.8851768,0.3,Demais Praças,Joalherias
-22.1861935,-49.9668836,0.3,SP,Joalherias
-27.583547,-48.614367,0.3,Demais Praças,Joalherias
-25.437169,-49.2655594,0.3,Demais Praças,Joalherias
-23.996799,-46.405869,0.3,SP,Joalherias
-23.581524,-46.592853,0.3,SP,Joalherias
-28.2710164,-52.3851975,0.3,Demais Praças,Joalherias
-22.761764,-43.465273,0.3,Demais Praças,Joalherias
-25.0980329,-50.1546847,0.3,Demais Praças,Joalherias
-29.176931,-51.219207,0.3,Demais Praças,Joalherias
-22.9448222,-43.1823074,0.3,Demais Praças,Joalherias
-23.5632611,-46.6689624,0.3,SP,Joalherias
-26.904382,-48.660244,0.3,Demais Praças,Joalherias
-23.5422376,-46.576148,0.3,SP,Joalherias
-25.4432681,-49.2909449,0.3,Demais Praças,Joalherias
-30.050185,-51.228082,0.3,Demais Praças,Joalherias
-23.5994793,-46.63675,0.3,SP,Joalherias
-16.727174,-49.249462,0.3,Demais Praças,Joalherias
-23.683705,-46.557798,0.3,SP,Joalherias
-25.5377312,-49.2045028,0.3,Demais Praças,Joalherias
-27.591216,-48.513972,0.3,Demais Praças,Joalherias
-22.935024,-43.518246,0.3,Demais Praças,Joalherias
-23.54116,-46.766435,0.3,SP,Joalherias
-29.1757307,-51.2159946,0.3,Demais Praças,Joalherias
-22.9387565,-43.2481818,0.3,Demais Praças,Joalherias
-23.1853305,-45.8528748,0.3,SP,Joalherias
-20.5477468,-47.4167514,0.3,SP,Joalherias
-21.210441,-47.813879,0.3,SP,Joalherias
-28.2710164,-52.3851975,0.3,Demais Praças,Joalherias
-16.04989449,-47.98466373,0.3,Demais Praças,Joalherias
-23.422109,-47.161163,0.3,SP,Joalherias
-23.566335,-46.65094,0.3,SP,Joalherias
-25.4391877,-49.2811104,0.3,Demais Praças,Joalherias
-19.888779,-43.968703,0.3,Demais Praças,Joalherias
-30.0254719,-51.1625127,0.3,Demais Praças,Joalherias
-23.9773162,-46.3095607,0.3,SP,Joalherias
-23.632551,-46.706956,0.3,SP,Joalherias
-21.205779,-47.76904,0.3,SP,Joalherias
-23.5420344,-46.6573897,0.3,SP,Joalherias
-19.975722,-43.944744,0.3,Demais Praças,Joalherias
-15.8332936,-47.9516438,0.3,Demais Praças,Joalherias
-15.79025,-47.9765549,0.3,Demais Praças,Joalherias
-29.706767,-53.82918,0.3,Demais Praças,Joalherias
-23.283299,-51.153592,0.3,Demais Praças,Joalherias
-27.216557,-48.624321,0.3,Demais Praças,Joalherias
-22.859574,-47.054071,0.3,SP,Joalherias
-23.6837316,-45.4393228,0.3,SP,Joalherias
-23.459863,-46.307036,0.3,SP,Joalherias
-19.4972115,-42.5659355,0.3,Demais Praças,Joalherias
-26.251735,-48.852608,0.3,Demais Praças,Joalherias
-23.526347,-46.6811136,0.3,SP,Joalherias
-23.2049903,-45.908366,0.3,SP,Joalherias
-23.5732013,-46.6956073,0.3,SP,Joalherias
-23.996799,-46.405869,0.3,SP,Joalherias
-22.8925109,-47.0270062,0.3,SP,Joalherias
-21.5711348,-45.4487893,0.3,Demais Praças,Joalherias
-22.879481,-43.270203,0.3,Demais Praças,Joalherias
-27.553466,-48.4991811,0.3,Demais Praças,Joalherias
-25.443489,-49.290557,0.3,Demais Praças,Joalherias
-23.553663,-46.653323,0.3,SP,Joalherias
-23.516468,-46.17898,0.3,SP,Joalherias
-23.5382579,-46.7708328,0.3,SP,Joalherias
-20.8668468,-49.41477959,0.3,SP,Joalherias
-23.0100058,-43.541895,0.3,Demais Praças,Joalherias
-22.867012,-47.021684,0.3,SP,Joalherias
-23.407765,-46.856072,0.3,SP,Joalherias
-23.46907,-46.49085934,0.3,SP,Joalherias
-23.216415,-45.892972,0.3,SP,Joalherias
-23.538202,-46.771948,0.3,SP,Joalherias
-23.5560558,-46.5169046,0.3,SP,Joalherias
-27.583547,-48.614367,0.3,Demais Praças,Joalherias
-23.609039,-46.667016,0.3,SP,Joalherias
-32.1172747,-52.1757186,0.3,Demais Praças,Joalherias
-23.458932,-51.990742,0.3,Demais Praças,Joalherias
-22.9387565,-43.2481818,0.3,Demais Praças,Joalherias
-23.631631,-46.736802,0.3,SP,Joalherias
-23.102282,-47.012001,0.3,SP,Joalherias
-23.626499,-46.579907,0.3,SP,Joalherias
-27.6197017,-48.6487049,0.3,Demais Praças,Joalherias
-22.5124161,-43.1774215,0.3,Demais Praças,Joalherias
-15.8159611,-47.9043809,0.3,Demais Praças,Joalherias
-19.969757,-44.180914,0.3,Demais Praças,Joalherias
-22.9568637,-43.1766512,0.3,Demais Praças,Joalherias
-23.683711,-46.5576643,0.3,SP,Joalherias
-22.367538,-46.952403,0.3,SP,Joalherias
-16.706871,-49.237572,0.3,Demais Praças,Joalherias
-22.3836705,-41.7827461,0.3,Demais Praças,Joalherias
-23.0100058,-43.541895,0.3,Demais Praças,Joalherias
-22.8968957,-43.1238144,0.3,Demais Praças,Joalherias
-19.770274,-47.956778,0.3,Demais Praças,Joalherias
-21.2192212,-50.4657096,0.3,SP,Joalherias
-30.023787,-51.201483,0.3,Demais Praças,Joalherias
-19.9279142,-43.9469106,0.3,Demais Praças,Joalherias
-16.74023867,-43.870405,0.3,Demais Praças,Joalherias
-26.85923,-49.058581,0.3,Demais Praças,Joalherias
-23.6264998,-46.5797185,0.3,SP,Joalherias
-23.9676138,-46.3839379,0.3,SP,Joalherias
-22.822316,-43.046114,0.3,Demais Praças,Joalherias
-23.1994233,-46.8903795,0.3,SP,Joalherias
-16.3342088,-48.9170638,0.3,Demais Praças,Joalherias
-23.46907,-46.49085934,0.3,SP,Joalherias
-23.2648758,-47.2817147,0.3,SP,Joalherias
-23.5560558,-46.5169046,0.3,SP,Joalherias
-29.914949,-51.165644,0.3,Demais Praças,Joalherias
-22.5704017,-47.4081761,0.3,SP,Joalherias
-15.8159611,-47.9043809,0.3,Demais Praças,Joalherias
-23.590285,-46.69121,0.3,SP,Joalherias
-19.920396,-43.92114,0.3,Demais Praças,Joalherias
-23.504267,-46.832675,0.3,SP,Joalherias
-30.024879,-51.163188,0.3,Demais Praças,Joalherias
-23.595868,-46.686955,0.3,SP,Joalherias
-22.8513296,-43.3110368,0.3,Demais Praças,Joalherias
-21.225334,-47.837001,0.3,SP,Joalherias
-22.875408,-42.03801,0.3,Demais Praças,Joalherias
-23.684125,-46.692289,0.3,SP,Joalherias
-23.5065767,-46.7179334,0.3,SP,Joalherias
-23.1173192,-47.2198615,0.3,SP,Joalherias
-17.7709305,-50.9232683,0.3,Demais Praças,Joalherias
-19.928228,-43.946818,0.3,Demais Praças,Joalherias
-28.6876619,-49.335381,0.3,Demais Praças,Joalherias
-23.5705536,-46.6610224,0.3,SP,Joalherias
-22.8787218,-43.4668192,0.3,Demais Praças,Joalherias
-22.11690134,-51.406212,0.3,SP,Joalherias
-22.223582,-45.934907,0.3,Demais Praças,Joalherias
-23.609039,-46.667016,0.3,SP,Joalherias
-25.4775638,-49.2906029,0.3,Demais Praças,Joalherias
-23.6237934,-46.6987642,0.3,SP,Joalherias
-22.801766,-43.2018716,0.3,Demais Praças,Joalherias
-17.7709305,-50.9232683,0.3,Demais Praças,Joalherias
-23.6926139,-46.6229246,0.3,SP,Joalherias
-22.7042389,-47.6494755,0.3,SP,Joalherias
-26.919304,-49.069227,0.3,Demais Praças,Joalherias
-23.632551,-46.706956,0.3,SP,Joalherias
-23.524413,-46.547503,0.3,SP,Joalherias
-23.72241,-46.543163,0.3,SP,Joalherias
-15.7960103,-47.8920051,0.3,Demais Praças,Joalherias
-23.52716,-46.6741435,0.3,SP,Joalherias
-22.018214,-47.916816,0.3,SP,Joalherias
-16.629942,-49.275523,0.3,Demais Praças,Joalherias
-23.684125,-46.692289,0.3,SP,Joalherias
-23.482858,-46.644911,0.3,SP,Joalherias
-23.547172,-46.755571,0.3,SP,Joalherias
-21.18235,-47.808961,0.3,SP,Joalherias
-23.64932884,-46.53328462,0.3,SP,Joalherias
-23.51498,-46.8553273,0.3,SP,Joalherias
-21.225334,-47.837001,0.3,SP,Joalherias
-23.6764694,-46.6760812,0.3,SP,Joalherias
-23.5047667,-46.8478886,0.3,SP,Joalherias
-23.312183,-51.1456229,0.3,Demais Praças,Joalherias
-30.086247,-51.247602,0.3,Demais Praças,Joalherias
-23.3419954,-51.1853634,0.3,Demais Praças,Joalherias
-25.4287353,-49.2146025,0.3,Demais Praças,Joalherias
-20.838463,-49.401055,0.3,SP,Joalherias
-23.550895,-47.46581,0.3,SP,Joalherias
-21.778067,-46.602848,0.3,Demais Praças,Joalherias
-23.614849,-46.775503,0.3,SP,Joalherias
-23.648372,-46.757572,0.3,SP,Joalherias
-22.9755098,-43.2278144,0.3,Demais Praças,Joalherias
-23.216415,-45.892972,0.3,SP,Joalherias
-23.564733,-46.653379,0.3,SP,Joalherias
-23.632551,-46.706956,0.3,SP,Joalherias
-15.803598,-47.903099,0.3,Demais Praças,Joalherias
-22.896399,-43.1211264,0.3,Demais Praças,Joalherias
-22.018214,-47.916816,0.3,SP,Joalherias
-22.815389,-45.202066,0.3,SP,Joalherias
-16.083113,-47.971394,0.3,Demais Praças,Joalherias
-21.73894802,-43.37234136,0.3,Demais Praças,Joalherias
-23.023987,-45.5821183,0.3,SP,Joalherias
-23.5159526,-46.6186899,0.3,SP,Joalherias
-23.9776639,-46.3094169,0.3,SP,Joalherias
-25.533157,-54.575446,0.3,Demais Praças,Joalherias
-26.47983,-49.084944,0.3,Demais Praças,Joalherias
-23.3017847,-46.8677744,0.3,SP,Joalherias
-23.19111,-46.874325,0.3,SP,Joalherias
-15.7960103,-47.8920051,0.3,Demais Praças,Joalherias
-20.547213,-47.416005,0.3,SP,Joalherias
-19.922741,-43.940413,0.3,Demais Praças,Joalherias
-23.422109,-47.161163,0.3,SP,Joalherias
-22.951124,-46.520081,0.3,SP,Joalherias
-22.747899,-47.367288,0.3,SP,Joalherias
-15.734184,-47.904034,0.3,Demais Praças,Joalherias
-22.5227094,-44.0787846,0.3,Demais Praças,Joalherias
-25.5329416,-54.574636,0.3,Demais Praças,Joalherias
-21.781628,-43.360941,0.3,Demais Praças,Joalherias
-21.7537444,-41.3440328,0.3,Demais Praças,Joalherias
-29.950016,-50.996446,0.3,Demais Praças,Joalherias
-25.0957683,-50.1523331,0.3,Demais Praças,Joalherias
-23.5818759,-46.5910457,0.3,SP,Joalherias
-23.5615061,-46.5604411,0.3,SP,Joalherias
-23.605845,-46.946762,0.3,SP,Joalherias
-25.477799,-49.291768,0.3,Demais Praças,Joalherias
-23.199784,-45.8814586,0.3,SP,Joalherias
-15.7397842,-47.9038911,0.3,Demais Praças,Joalherias
-15.8332936,-47.9516438,0.3,Demais Praças,Joalherias
-23.548045,-46.729481,0.3,SP,Joalherias
-23.5309589,-46.44674867,0.3,SP,Joalherias
-23.504093,-46.847522,0.3,SP,Joalherias
-25.537732,-49.204314,0.3,Demais Praças,Joalherias
-23.6199582,-46.6271965,0.3,SP,Joalherias
-23.5519194,-46.7225102,0.3,SP,Joalherias
-18.9560633,-48.2774058,0.3,Demais Praças,Joalherias
-23.7232069,-46.5428769,0.3,SP,Joalherias
-31.7608855,-52.3186767,0.3,Demais Praças,Joalherias
-19.766298,-47.950768,0.3,Demais Praças,Joalherias
-23.674338,-46.614494,0.3,SP,Joalherias
-15.7942287,-47.8821658,0.3,Demais Praças,Joalherias
-23.550895,-47.46581,0.3,SP,Joalherias
-23.5725608,-46.6815322,0.3,SP,Decor
-23.5632174,-46.6751925,0.3,SP,Decor
-23.5739406,-46.6844876,0.3,SP,Decor
-23.5725654,-46.6816196,0.3,SP,Decor
-23.59525,-46.6742953,0.3,SP,Decor
-23.5744175,-46.6876072,0.3,SP,Decor
-23.608981,-46.6969467,0.3,SP,Decor
-23.5739619,-46.6845218,0.3,SP,Decor
-22.9325029,-47.0447141,0.3,SP,Decor
-23.5700268,-46.6797957,0.3,SP,Decor
-23.5639082,-46.6757843,0.3,SP,Decor
-23.5998436,-46.8965522,0.3,SP,Decor
-23.5731631,-46.6827644,0.3,SP,Decor
-23.4983908,-46.8579665,0.3,SP,Decor
-28.1242174,-49.8209173,0.3,Demais Praças,Helipontos
-27.2085866,-49.6325582,0.3,Demais Praças,Helipontos
-26.8478663,-49.2678131,0.3,Demais Praças,Helipontos
-27.1214913,-48.90192680000001,0.3,Demais Praças,Helipontos
-27.1076588,-48.9162178,0.3,Demais Praças,Helipontos
-27.1049423,-48.93454740000001,0.3,Demais Praças,Helipontos
-27.5826648,-48.5454193,0.3,Demais Praças,Helipontos
-29.0054172,-49.5649873,0.3,Demais Praças,Helipontos
-27.1069794,-48.9072567,0.3,Demais Praças,Helipontos
-26.7656997,-49.0773547,0.3,Demais Praças,Helipontos
-26.9456489,-49.3808066,0.3,Demais Praças,Helipontos
-27.007484,-48.6104072,0.3,Demais Praças,Helipontos
-27.6804774,-48.7661427,0.3,Demais Praças,Helipontos
-27.1492173,-48.4981452,0.3,Demais Praças,Helipontos
-26.910608,-48.6859385,0.3,Demais Praças,Helipontos
-29.143642,-51.2010325,0.3,Demais Praças,Helipontos
-28.3212322,-49.1837526,0.3,Demais Praças,Helipontos
-26.766962,-48.6713524,0.3,Demais Praças,Helipontos
-26.8893602,-48.6632427,0.3,Demais Praças,Helipontos
-27.542135,-48.6239011,0.3,Demais Praças,Helipontos
-29.6830967,-51.1291527,0.3,Demais Praças,Helipontos
-30.024712,-51.2268331,0.3,Demais Praças,Helipontos
-30.0603091,-51.2328798,0.3,Demais Praças,Helipontos
-30.0375488,-51.2070159,0.3,Demais Praças,Helipontos
-25.4492382,-49.28882,0.3,Demais Praças,Helipontos
-26.6345254,-48.7006,0.3,Demais Praças,Helipontos
-26.4778142,-49.0547773,0.3,Demais Praças,Helipontos
-26.3169727,-48.8662266,0.3,Demais Praças,Helipontos
-25.4401989,-49.3921297,0.3,Demais Praças,Helipontos
-25.3766071,-49.0848209,0.3,Demais Praças,Helipontos
-26.8485506,-52.9922452,0.3,Demais Praças,Helipontos
-25.652052,-49.315258,0.3,Demais Praças,Helipontos
-24.7877819,-49.9945588,0.3,Demais Praças,Helipontos
-25.0983196,-50.1024361,0.3,Demais Praças,Helipontos
-24.8065604,-49.98823729999999,0.3,Demais Praças,Helipontos
-24.5172267,-48.8502102,0.3,SP,Helipontos
-25.5665094,-52.9972208,0.3,Demais Praças,Helipontos
-23.5983713,-46.6902379,0.3,SP,Helipontos
-23.5116137,-46.6393067,0.3,SP,Helipontos
-23.6896231,-46.60652959999999,0.3,SP,Helipontos
-23.6328971,-46.7119082,0.3,SP,Helipontos
-23.5834035,-46.6709653,0.3,SP,Helipontos
-23.601599,-46.69253399999999,0.3,SP,Helipontos
-23.6314642,-46.7113481,0.3,SP,Helipontos
-23.5565731,-46.6103011,0.3,SP,Helipontos
-23.571837,-46.6458705,0.3,SP,Helipontos
-23.650777,-46.72284699999999,0.3,SP,Helipontos
-23.5914374,-46.6874826,0.3,SP,Helipontos
-23.581121,-46.6827058,0.3,SP,Helipontos
-23.7030105,-46.6925926,0.3,SP,Helipontos
-23.6111606,-46.6958698,0.3,SP,Helipontos
-23.6540082,-46.7164756,0.3,SP,Helipontos
-23.5735903,-46.6418121,0.3,SP,Helipontos
-23.560356,-46.65937,0.3,SP,Helipontos
-23.5381413,-46.6624752,0.3,SP,Helipontos
-23.620295,-46.698954,0.3,SP,Helipontos
-23.6467817,-46.5948927,0.3,SP,Helipontos
-23.5911578,-46.6822331,0.3,SP,Helipontos
-23.5762538,-46.6577264,0.3,SP,Helipontos
-23.5436253,-46.6444269,0.3,SP,Helipontos
-23.2606597,-50.9755201,0.3,Demais Praças,Helipontos
-23.2606757,-50.9750105,0.3,Demais Praças,Helipontos
-22.7815468,-51.2293613,0.3,Demais Praças,Helipontos
-25.114798,-50.1723173,0.3,Demais Praças,Helipontos
-23.5851047,-46.6823225,0.3,SP,Helipontos
-23.5645057,-46.6411114,0.3,SP,Helipontos
-29.1673269,-51.4920529,0.3,Demais Praças,Helipontos
-29.853753,-51.180841,0.3,Demais Praças,Helipontos
-30.029811,-51.2208354,0.3,Demais Praças,Helipontos
-29.2376637,-51.8999959,0.3,Demais Praças,Helipontos
-23.6024827,-46.693554,0.3,SP,Helipontos
-26.3727796,-51.253911,0.3,Demais Praças,Helipontos
-23.357214,-47.8246326,0.3,SP,Helipontos
-21.2046825,-47.78814089999999,0.3,SP,Helipontos
-22.6957438,-47.6186021,0.3,SP,Helipontos
-22.5530851,-47.3721715,0.3,SP,Helipontos
-23.5365748,-47.4497011,0.3,SP,Helipontos
-22.7322993,-47.2861698,0.3,SP,Helipontos
-23.2987969,-47.29578950000001,0.3,SP,Helipontos
-23.3158374,-47.3230445,0.3,SP,Helipontos
-22.7852289,-47.1576259,0.3,SP,Helipontos
-20.724374,-48.9160416,0.3,SP,Helipontos
-22.3555202,-47.3737194,0.3,SP,Helipontos
-27.2087082,-49.6327265,0.3,Demais Praças,Helipontos
-19.8744086,-45.0035482,0.3,Demais Praças,Helipontos
-19.9257222,-43.9313305,0.3,Demais Praças,Helipontos
-21.8201787,-45.5432452,0.3,Demais Praças,Helipontos
-21.1278301,-44.170084,0.3,Demais Praças,Helipontos
-19.9546928,-43.9127693,0.3,Demais Praças,Helipontos
-22.2851767,-46.8510985,0.3,SP,Helipontos
-22.2332889,-45.4721412,0.3,Demais Praças,Helipontos
-19.7051926,-47.9710105,0.3,Demais Praças,Helipontos
-22.7176812,-45.5777556,0.3,SP,Helipontos
-22.680643,-45.7308009,0.3,Demais Praças,Helipontos
-22.7074126,-47.0115454,0.3,SP,Helipontos
-22.5342002,-44.0769607,0.3,Demais Praças,Helipontos
-23.5171505,-46.5792548,0.3,SP,Helipontos
-23.5664761,-46.64228550000001,0.3,SP,Helipontos
-23.5679791,-46.6459526,0.3,SP,Helipontos
-22.7601303,-47.2541038,0.3,SP,Helipontos
-23.5679912,-46.70822039999999,0.3,SP,Helipontos
-23.583883,-46.66930929999999,0.3,SP,Helipontos
-20.7201919,-42.4813111,0.3,Demais Praças,Helipontos
-20.4855761,-43.9084874,0.3,Demais Praças,Helipontos
-22.1670088,-43.1428079,0.3,Demais Praças,Helipontos
-19.8695726,-43.3952509,0.3,Demais Praças,Helipontos
-19.4505718,-42.5581821,0.3,Demais Praças,Helipontos
-21.7622004,-41.3304747,0.3,Demais Praças,Helipontos
-22.4107347,-43.1486329,0.3,Demais Praças,Helipontos
-22.2861756,-42.5373992,0.3,Demais Praças,Helipontos
-22.9710718,-43.2164732,0.3,Demais Praças,Helipontos
-21.7563033,-41.3285833,0.3,Demais Praças,Helipontos
-21.7622226,-41.330486,0.3,Demais Praças,Helipontos
-21.6474957,-41.0240851,0.3,Demais Praças,Helipontos
-22.3605012,-43.78054239999999,0.3,Demais Praças,Helipontos
-21.7501172,-41.302924,0.3,Demais Praças,Helipontos
-22.9711412,-43.216623,0.3,Demais Praças,Helipontos
-22.8939939,-43.21507039999999,0.3,Demais Praças,Helipontos
-22.9074343,-43.1753497,0.3,Demais Praças,Helipontos
-22.8529523,-45.237787,0.3,SP,Helipontos
-22.9804362,-46.3732893,0.3,SP,Helipontos
-19.5429033,-42.6382696,0.3,Demais Praças,Helipontos
-20.3703182,-43.7063518,0.3,Demais Praças,Helipontos
-19.6552251,-43.9140625,0.3,Demais Praças,Helipontos
-20.115738,-43.762621,0.3,Demais Praças,Helipontos
-19.9269296,-43.95780509999999,0.3,Demais Praças,Helipontos
-19.8420508,-43.8714713,0.3,Demais Praças,Helipontos
-19.9704712,-44.1066437,0.3,Demais Praças,Helipontos
-23.5952937,-46.7107475,0.3,SP,Helipontos
-23.530387,-46.9371209,0.3,SP,Helipontos
-23.6786941,-46.77245,0.3,SP,Helipontos
-23.6055814,-46.6960178,0.3,SP,Helipontos
-23.5947158,-46.6849071,0.3,SP,Helipontos
-23.6083955,-46.6942227,0.3,SP,Helipontos
-23.5486036,-46.768826,0.3,SP,Helipontos
-23.5910732,-46.703579,0.3,SP,Helipontos
-23.5727715,-46.703564,0.3,SP,Helipontos
-23.4850833,-46.8568913,0.3,SP,Helipontos
-23.5480331,-46.6360847,0.3,SP,Helipontos
-23.5620923,-46.6609912,0.3,SP,Helipontos
-23.566109,-46.6653683,0.3,SP,Helipontos
-23.5690792,-46.6454862,0.3,SP,Helipontos
-23.567203,-46.6415557,0.3,SP,Helipontos
-22.9108819,-43.1950906,0.3,Demais Praças,Helipontos
-22.9507111,-43.1805974,0.3,Demais Praças,Helipontos
-22.7489828,-41.87569149999999,0.3,Demais Praças,Helipontos
-22.8992719,-43.2816391,0.3,Demais Praças,Helipontos
-22.9038528,-43.175379,0.3,Demais Praças,Helipontos
-22.930655,-43.1851995,0.3,Demais Praças,Helipontos
-22.9073579,-43.17511440000001,0.3,Demais Praças,Helipontos
-22.996965,-43.3465539,0.3,Demais Praças,Helipontos
-22.7427414,-43.4584285,0.3,Demais Praças,Helipontos
-22.9405434,-43.1879359,0.3,Demais Praças,Helipontos
-22.9117239,-43.176118,0.3,Demais Praças,Helipontos
-22.8666519,-43.3949143,0.3,Demais Praças,Helipontos
-22.9059785,-43.172674,0.3,Demais Praças,Helipontos
-22.9896326,-43.36844139999999,0.3,Demais Praças,Helipontos
-22.894508,-43.1157786,0.3,Demais Praças,Helipontos
-22.8923148,-43.1182429,0.3,Demais Praças,Helipontos
-22.9095425,-43.179348,0.3,Demais Praças,Helipontos
-17.3397513,-44.9381107,0.3,Demais Praças,Helipontos
-16.7355995,-43.8813892,0.3,Demais Praças,Helipontos
-19.6078837,-44.6552681,0.3,Demais Praças,Helipontos
-15.9058865,-47.8086524,0.3,Demais Praças,Helipontos
-15.7956093,-47.893591,0.3,Demais Praças,Helipontos
-15.779781,-47.9132572,0.3,Demais Praças,Helipontos
-15.7928362,-47.8938832,0.3,Demais Praças,Helipontos
-15.7922139,-47.8232205,0.3,Demais Praças,Helipontos
-15.7761502,-47.9004394,0.3,Demais Praças,Helipontos
-22.4494922,-44.4472718,0.3,Demais Praças,Helipontos
-23.0021181,-44.3531719,0.3,Demais Praças,Helipontos
-23.5076816,-46.59816000000001,0.3,SP,Helipontos
-23.0543919,-44.3151727,0.3,Demais Praças,Helipontos
-16.0803825,-47.5184842,0.3,Demais Praças,Helipontos
-15.8036633,-47.9370523,0.3,Demais Praças,Helipontos
-15.823916,-48.0671749,0.3,Demais Praças,Helipontos
-15.8275313,-48.0231491,0.3,Demais Praças,Helipontos
-15.9117337,-47.97175300000001,0.3,Demais Praças,Helipontos
-16.0636148,-47.9988639,0.3,Demais Praças,Helipontos
-15.6761475,-48.2043881,0.3,Demais Praças,Helipontos
-16.0223646,-48.0682739,0.3,Demais Praças,Helipontos
-16.7100498,-49.2384591,0.3,Demais Praças,Helipontos
-22.9023583,-43.17422639999999,0.3,Demais Praças,Helipontos
-22.8720391,-42.01146,0.3,Demais Praças,Helipontos
-23.1213919,-44.1928241,0.3,Demais Praças,Helipontos
-23.1123204,-44.206038,0.3,Demais Praças,Helipontos
-22.883333,-43.826111,0.3,Demais Praças,Helipontos
-22.9986788,-44.2489439,0.3,Demais Praças,Helipontos
-23.039937,-44.1964209,0.3,Demais Praças,Helipontos
-22.9511726,-43.1655234,0.3,Demais Praças,Helipontos
-22.9617287,-44.3471621,0.3,Demais Praças,Helipontos
-22.9496856,-44.0751133,0.3,Demais Praças,Helipontos
-22.9983354,-44.2489166,0.3,Demais Praças,Helipontos
-23.0039475,-44.3018639,0.3,Demais Praças,Helipontos
-23.05444,-44.3141689,0.3,Demais Praças,Helipontos
-18.9087727,-48.2608381,0.3,Demais Praças,Helipontos
-18.86758,-48.2944769,0.3,Demais Praças,Helipontos
-16.8251295,-49.2034507,0.3,Demais Praças,Helipontos
-16.7093808,-49.2357539,0.3,Demais Praças,Helipontos
-16.7050986,-49.24085220000001,0.3,Demais Praças,Helipontos
-16.7408991,-49.2462752,0.3,Demais Praças,Helipontos
-16.6968665,-49.269663,0.3,Demais Praças,Helipontos
-16.6550919,-49.24903519999999,0.3,Demais Praças,Helipontos
-16.6483433,-49.3367543,0.3,Demais Praças,Helipontos
-16.6082666,-49.1918779,0.3,Demais Praças,Helipontos
-16.7043967,-49.2582521,0.3,Demais Praças,Helipontos
-16.7096708,-49.2384012,0.3,Demais Praças,Helipontos
-17.1257177,-49.9648264,0.3,Demais Praças,Helipontos
-16.6476939,-49.2087152,0.3,Demais Praças,Helipontos
-16.7499764,-49.304672,0.3,Demais Praças,Helipontos
-16.7913165,-49.2615959,0.3,Demais Praças,Helipontos
-16.681908,-49.2559311,0.3,Demais Praças,Helipontos
-17.1756824,-49.50899889999999,0.3,Demais Praças,Helipontos
-20.0407125,-50.6788281,0.3,SP,Helipontos
-16.501758,-48.7924634,0.3,Demais Praças,Helipontos
-16.6148199,-48.78958309999999,0.3,Demais Praças,Helipontos
-16.5854299,-48.7208599,0.3,Demais Praças,Helipontos
-16.8065571,-49.2443362,0.3,Demais Praças,Helipontos
-16.7099792,-49.2271189,0.3,Demais Praças,Helipontos
-16.6993222,-49.2321801,0.3,Demais Praças,Helipontos
-16.6162747,-49.8828986,0.3,Demais Praças,Helipontos
-16.5423309,-49.4073713,0.3,Demais Praças,Helipontos
-15.9306408,-48.92547330000001,0.3,Demais Praças,Helipontos
-16.4641752,-49.2250705,0.3,Demais Praças,Helipontos
-19.943971,-44.11331759999999,0.3,Demais Praças,Helipontos
-19.8664818,-43.9746771,0.3,Demais Praças,Helipontos
-23.4453136,-46.6130279,0.3,SP,Helipontos
-23.6080831,-46.6967203,0.3,SP,Helipontos
-23.628486,-46.7364495,0.3,SP,Helipontos
-22.9852024,-44.4389002,0.3,Demais Praças,Helipontos
-22.6728409,-43.28416120000001,0.3,Demais Praças,Helipontos
-22.9528936,-44.35136620000001,0.3,Demais Praças,Helipontos
-23.0051807,-44.4657616,0.3,Demais Praças,Helipontos
-23.060074,-45.60727,0.3,SP,Helipontos
-22.6762889,-45.84891320000001,0.3,Demais Praças,Helipontos
-23.343163,-44.663197,0.3,Demais Praças,Helipontos
-22.723601,-45.681323,0.3,SP,Helipontos
-23.7691802,-45.6328582,0.3,SP,Helipontos
-22.9466617,-43.1982328,0.3,Demais Praças,Helipontos
-15.9879967,-47.82047559999999,0.3,Demais Praças,Helipontos
-21.9691603,-46.7696119,0.3,SP,Helipontos
-16.9255047,-49.36167,0.3,Demais Praças,Helipontos
-25.438903,-49.2677705,0.3,Demais Praças,Helipontos
-25.4486039,-49.2442068,0.3,Demais Praças,Helipontos
-25.4329203,-49.28004079999999,0.3,Demais Praças,Helipontos
-25.5030799,-49.2805827,0.3,Demais Praças,Helipontos
-25.4310481,-49.3676888,0.3,Demais Praças,Helipontos
-25.4532708,-49.2430141,0.3,Demais Praças,Helipontos
-25.4126315,-49.2683809,0.3,Demais Praças,Helipontos
-25.4074648,-49.2185894,0.3,Demais Praças,Helipontos
-25.3719458,-49.4929194,0.3,Demais Praças,Helipontos
-25.4306165,-49.3151636,0.3,Demais Praças,Helipontos
-25.4355975,-49.4266477,0.3,Demais Praças,Helipontos
-25.4440009,-49.2369673,0.3,Demais Praças,Helipontos