linha;nome;categoria;origem;endereco_original;endereco_dsp;cidade;uf;cep;lat_original;lon_original;lat_corrigida;lon_corrigida;bairro_descartado;severidade;risco
2;;;endereco;Avenida Brasil, 1695, Jardim Paulista, São Paulo - SP, 01431-001, Brasil;Avenida Brasil 1695 Sao Paulo SP 01431001 Brazil;São Paulo;SP;01431001;-23.56806;-46.67363;-23.56806;-46.67363;Jardim Paulista;;
3;;;endereco;Rua Mateo Forte, 259, Lapa, São Paulo - SP, 05038-160, Brasil;Rua Mateo Forte 259 Sao Paulo SP 05038160 Brazil;São Paulo;SP;05038160;-23.51309;-46.69952;-23.51309;-46.69952;Lapa;;
4;;;endereco;Rua Emílio Mallet, 717, Tatuapé, São Paulo - SP, 03320-000, Brasil;Rua Emilio Mallet 717 Sao Paulo SP 03320000 Brazil;São Paulo;SP;03320000;-23.54672;-46.56685;-23.54672;-46.56685;Tatuapé;MEDIO;CEP generico de cidade, nao de rua (2,4x mais falha)
5;;;endereco;Avenida das Nações Unidas, 16979, Santo Amaro, São Paulo - SP, 04794-000, Brasil;Avenida das Nacoes Unidas 16979 Sao Paulo SP 04794000 Brazil;São Paulo;SP;04794000;-23.6395;-46.72234;-23.6395;-46.72234;Santo Amaro;MEDIO;CEP generico de cidade, nao de rua (2,4x mais falha)
6;;;endereco;Avenida Tamboré, 973, Alphaville, Barueri - SP, 06460-000, Brasil;Avenida Tambore 973 Barueri SP 06460000 Brazil;Barueri;SP;06460000;-23.49714;-46.84226;-23.49714;-46.84226;Alphaville;MEDIO;CEP generico de cidade, nao de rua (2,4x mais falha)
7;;;endereco;Rua Jubiabá, 150, Alto de Pinheiros, São Paulo - SP, 05444-030, Brasil;Rua Jubiaba 150 Sao Paulo SP 05444030 Brazil;São Paulo;SP;05444030;-23.55507;-46.69845;-23.55507;-46.69845;Alto de Pinheiros;;
8;;;endereco;Rua Jerônimo da Veiga, 446, Itaim Bibi, São Paulo - SP, 04536-001, Brasil;Rua Jeronimo da Veiga 446 Sao Paulo SP 04536001 Brazil;São Paulo;SP;04536001;-23.58192;-46.68325;-23.58192;-46.68325;Itaim Bibi;;
9;;;endereco;Rua Ibirá, 181, Vila Scarpelli, Santo André - SP, 09190-130, Brasil;Rua Ibira 181 Santo Andre SP 09190130 Brazil;Santo André;SP;09190130;-23.67939;-46.54339;-23.67939;-46.54339;Vila Scarpelli;;
10;;;endereco;Avenida Washington Luís, 7059, Campo Belo, São Paulo - SP, 04627-006, Brasil;Avenida Washington Luis 7059 Sao Paulo SP 04627006 Brazil;São Paulo;SP;04627006;-23.62199;-46.66199;-23.62199;-46.66199;Campo Belo;;
11;;;endereco;Churrascaria Ponteio Mogi das Cruzes, Avenida Francisco Ferreira Lopes, 460, Mogi das Cruzes - SP, 08735-200, Brasil;Avenida Francisco Ferreira Lopes 460 Mogi das Cruzes SP 08735200 Brazil;Mogi das Cruzes;SP;08735200;-23.53356;-46.2129;-23.53356;-46.2129;;;
12;;;endereco;Grupo Toniello, Avenida Wladimir Meirelles Ferreira, 1566, Subsetor Sul-4, Ribeirão Preto - SP, 14021-630, Brasil;Avenida Wladimir Meirelles Ferreira 1566 Ribeirao Preto SP 14021630 Brazil;Ribeirão Preto;SP;14021630;-21.21006;-47.80086;-21.21006;-47.80086;Subsetor Sul-4;;
13;;;endereco;Avenida Ministro Ivan Lins, Barra da Tijuca, Rio de Janeiro - RJ, 22620-160, Brasil;Avenida Ministro Ivan Lins Barra da Tijuca Rio de Janeiro RJ 22620160 Brazil;Rio de Janeiro;RJ;22620160;-23.01204;-43.29933;-23.01204;-43.29933;;ALTO;sem numero de porta
14;;;endereco;Rua Real Grandeza, 240, Botafogo, Rio de Janeiro - RJ, 22281-036, Brasil;Rua Real Grandeza 240 Rio de Janeiro RJ 22281036 Brazil;Rio de Janeiro;RJ;22281036;-22.95625;-43.19219;-22.95625;-43.19219;Botafogo;;
15;;;endereco;Rua da Passagem, 175, Botafogo, Rio de Janeiro - RJ, 21760-750, Brasil;Rua da Passagem 175 Rio de Janeiro RJ 21760750 Brazil;Rio de Janeiro;RJ;21760750;-22.95541;-43.18041;-22.95541;-43.18041;Botafogo;;
16;;;endereco;Trans Ferraz, Avenida Afonso Pena, 2259, Nossa Senhora Aparecida, Uberlândia - MG, 38400-708, Brasil;Avenida Afonso Pena 2259 Uberlandia MG 38400708 Brazil;Uberlândia;MG;38400708;-18.90221;-48.26605;-18.90221;-48.26605;Nossa Senhora Aparecida;;
17;;;endereco;AUDI, Rua Padre Germano Mayer, 1629, Hugo Lange, Curitiba - PR, 80040-170, Brasil;Rua Padre Germano Mayer 1629 Curitiba PR 80040170 Brazil;Curitiba;PR;80040170;-25.42092;-49.24851;-25.42092;-49.24851;Hugo Lange;;
18;;;endereco;Audi Service Barra, Rua Celestino Basílio, 69, Recreio dos Bandeirantes, Rio de Janeiro - RJ, 22790-285, Brasil;Rua Celestino Basilio 69 Rio de Janeiro RJ 22790285 Brazil;Rio de Janeiro;RJ;22790285;-23.01089;-43.44935;-23.01089;-43.44935;Recreio dos Bandeirantes;;
19;;;endereco;Audi Service Cascavel, Avenida Brasil, 1869, Pacaembu, Cascavel - PR, 85816-302, Brasil;Avenida Brasil 1869 Cascavel PR 85816302 Brazil;Cascavel;PR;85816302;-24.95372;-53.42071;-24.95372;-53.42071;Pacaembu;;
20;;;endereco;Avenida do Estado, 1155, Dos Pioneiros, Balneário Camboriú - SC, 88331-110, Brasil;Avenida do Estado 1155 Balneario Camboriu SC 88331110 Brazil;Balneário Camboriú;SC;88331110;-26.96669;-48.63931;-26.96669;-48.63931;Dos Pioneiros;;
21;;;endereco;Rua Ten. Cel. Waldomiro V. Ferreira, 284, Barão Geraldo, Campinas - SP, 13082-730, Brasil;Rua Ten Cel Waldomiro V Ferreira 284 Campinas SP 13082730 Brazil;Campinas;SP;13082730;-22.82612;-47.09672;-22.82612;-47.09672;Barão Geraldo;;
22;;;endereco;Audi Center Vale, Avenida Jorge Zarur, 181, Vila Ema, São José dos Campos - SP, 12243-081, Brasil;Avenida Jorge Zarur 181 Sao Jose dos Campos SP 12243081 Brazil;São José dos Campos;SP;12243081;-23.20622;-45.90469;-23.20622;-45.90469;Vila Ema;;
23;;;endereco;Rua Antônio Camardo, 141, Tatuapé, São Paulo - SP, 03309-060, Brasil;Rua Antonio Camardo 141 Sao Paulo SP 03309060 Brazil;São Paulo;SP;03309060;-23.54993;-46.56664;-23.54993;-46.56664;Tatuapé;;
24;;;endereco;Avenida Deusdedith Salgado, 4052, Salvaterra, Juiz de Fora - MG, 36033-007, Brasil;Avenida Deusdedith Salgado 4052 Juiz de Fora MG 36033007 Brazil;Juiz de Fora;MG;36033007;-21.80579;-43.37559;-21.80579;-43.37559;Salvaterra;;
25;;;endereco;Avenida Presidente Juscelino K. de Oliveira, 3600, Quinta do Golfe, São José do Rio Preto - SP, 15091-450, Brasil;Avenida Presidente Juscelino K de Oliveira 3600 Sao Jose do Rio Preto SP 15091450 Brazil;São José do Rio Preto;SP;15091450;-20.85358;-49.41331;-20.85358;-49.41331;Quinta do Golfe;;
26;;;endereco;Rua Geraldo Vasconcelos, 405, Estoril, Belo Horizonte - MG, 30494-100, Brasil;Rua Geraldo Vasconcelos 405 Belo Horizonte MG 30494100 Brazil;Belo Horizonte;MG;30494100;-19.95947;-43.96365;-19.95947;-43.96365;Estoril;;
27;;;endereco;Avenida Dr. Rudge Ramos, 837, Rudge Ramos, São Bernardo do Campo - SP, 09639-000, Brasil;Avenida Dr Rudge Ramos 837 Sao Bernardo do Campo SP 09639000 Brazil;São Bernardo do Campo;SP;09639000;-23.6496;-46.57808;-23.6496;-46.57808;Rudge Ramos;MEDIO;CEP generico de cidade, nao de rua (2,4x mais falha)
28;;;endereco;Zletric, Avenida Wladimir Meirelles Ferreira, 1660, Subsetor Sul-4, Ribeirão Preto - SP, 14021-683, Brasil;Avenida Wladimir Meirelles Ferreira 1660 Ribeirao Preto SP 14021683 Brazil;Ribeirão Preto;SP;14021683;-21.21044;-47.80211;-21.21044;-47.80211;Subsetor Sul-4;;
29;;;endereco;Rua Coronel Marcos Rovaris, 281, Centro, Criciúma - SC, 88801-100, Brasil;Rua Coronel Marcos Rovaris 281 Criciuma SC 88801100 Brazil;Criciúma;SC;88801100;-28.67809;-49.36575;-28.67809;-49.36575;Centro;;
30;;;endereco;Rua José Szakall, 27, Barra Funda, São Paulo - SP, 01140-120, Brasil;Rua Jose Szakall 27 Sao Paulo SP 01140120 Brazil;São Paulo;SP;01140120;-23.51825;-46.66755;-23.51825;-46.66755;Barra Funda;;
31;;;endereco;Avenida Claricinda Alves de Rezende, 197, Uberaba - MG, 38010-000, Brasil;Avenida Claricinda Alves de Rezende 197 Uberaba MG 38010000 Brazil;Uberaba;MG;38010000;-19.75353;-47.91496;-19.75353;-47.91496;;MEDIO;CEP generico de cidade, nao de rua (2,4x mais falha)
32;;;endereco;Internacional de Brasília-Terminal 2, Setor de Habitações Individuais Sul, Lago Sul - DF, 71608-900, Brasil;Internacional de Brasilia Terminal 2 Lago Sul DF 71608900 Brazil;Lago Sul;DF;71608900;-15.86966;-47.93106;-15.86966;-47.93106;Setor de Habitações Individuais Sul;;
33;;;endereco;Avenida Waldemar Haddad, 801, Quinta do Golfe, São José do Rio Preto - SP, 15093-300, Brasil;Avenida Waldemar Haddad 801 Sao Jose do Rio Preto SP 15093300 Brazil;São José do Rio Preto;SP;15093300;-20.85383;-49.41507;-20.85383;-49.41507;Quinta do Golfe;;
34;;;endereco;Avenida Tiradentes, Ciclo II, Londrina - PR, 86072-000, Brasil;Avenida Tiradentes Ciclo II Londrina PR 86072000 Brazil;Londrina;PR;86072000;-23.29042;-51.21987;-23.29042;-51.21987;;ALTO;"sem numero de porta; CEP generico de cidade, nao de rua (2,4x mais falha)"
35;;;endereco;BMW, Avenida Deusdedith Salgado, 4900, Salvaterra, Juiz de Fora - MG, 36033-007, Brasil;Avenida Deusdedith Salgado 4900 Juiz de Fora MG 36033007 Brazil;Juiz de Fora;MG;36033007;-21.80743;-43.3767;-21.80743;-43.3767;Salvaterra;;
36;;;endereco;Avenida Doutor Cássio Paschoal Padovani, 1314, Morumbi, Piracicaba - SP, 13420-360, Brasil;Avenida Doutor Cassio Paschoal Padovani 1314 Piracicaba SP 13420360 Brazil;Piracicaba;SP;13420360;-22.73028;-47.61467;-22.73028;-47.61467;Morumbi;;
37;;;endereco;Avenida Brasil Oeste, 3592, Boqueirão, Passo Fundo - RS, 99025-002, Brasil;Avenida Brasil Oeste 3592 Passo Fundo RS 99025002 Brazil;Passo Fundo;RS;99025002;-28.26767;-52.43764;-28.26767;-52.43764;Boqueirão;;
38;;;endereco;Rua Colômbia, 810, Jardim Paulista, São Paulo - SP, 01438-001, Brasil;Rua Colombia 810 Sao Paulo SP 01438001 Brazil;São Paulo;SP;01438001;-23.57179;-46.67473;-23.57179;-46.67473;Jardim Paulista;;
39;;;endereco;Terminal Asa Sul, Asa Sul, Brasília - DF, 70610-200, Brasil;Terminal Asa Sul Asa Sul Brasilia DF 70610200 Brazil;Brasília;DF;70610200;-15.8361;-47.93314;-15.8361;-47.93314;;ALTO;sem numero de porta
40;;;endereco;Feirão do Automóvel de Jundiaí, Avenida Prefeito Luiz Latorre, Chácara Urbana, Jundiaí - SP, 13209-430, Brasil;Avenida Prefeito Luiz Latorre Chacara Urbana Jundiai SP 13209430 Brazil;Jundiaí;SP;13209430;-23.17662;-46.90528;-23.17662;-46.90528;;ALTO;sem numero de porta
41;;;endereco;DIMAS (BALNEARIO CAMBURIU), Avenida do Estado, 4770, Ariribá, Balneário Camboriú - SC, 88338-630, Brasil;Avenida do Estado 4770 Balneario Camboriu SC 88338630 Brazil;Balneário Camboriú;SC;88338630;-26.96095;-48.64049;-26.96095;-48.64049;Ariribá;;
42;;;endereco;Rua Gomes de Carvalho, 411, Itaim Bibi, São Paulo - SP, 04547-001, Brasil;Rua Gomes de Carvalho 411 Sao Paulo SP 04547001 Brazil;São Paulo;SP;04547001;-23.60057;-46.67804;-23.60057;-46.67804;Itaim Bibi;;
43;;;endereco;Avenida Pedro Henrique Cintra, 1800, Franca - SP, 14403-187, Brasil;Avenida Pedro Henrique Cintra 1800 Franca SP 14403187 Brazil;Franca;SP;14403187;-20.56721;-47.40771;-20.56721;-47.40771;;;
44;;;endereco;Rua Hassib Mofarrej, 382, Vila Leopoldina, São Paulo - SP, 05312-000, Brasil;Rua Hassib Mofarrej 382 Sao Paulo SP 05312000 Brazil;São Paulo;SP;05312000;-23.52948;-46.7371;-23.52948;-46.7371;Vila Leopoldina;MEDIO;CEP generico de cidade, nao de rua (2,4x mais falha)
45;;;endereco;Inova Móveis, Avenida Fernando Machado, 1029D, Centro, Chapecó - SC, 89802-112, Brasil;Avenida Fernando Machado 1029D Chapeco SC 89802112 Brazil;Chapecó;SC;89802112;-27.0961;-52.61897;-27.0961;-52.61897;Centro;;
46;;;endereco;BMW, Rua Rubens Sebastião Marin, 1626, Zona 36, Maringá - PR, 87045-020, Brasil;Rua Rubens Sebastiao Marin 1626 Maringa PR 87045020 Brazil;Maringá;PR;87045020;-23.4243;-51.89921;-23.4243;-51.89921;Zona 36;;
47;;;endereco;Sicredi, Avenida Ferreira Viana, 1526, Areal, Pelotas - RS, 96085-000, Brasil;Avenida Ferreira Viana 1526 Pelotas RS 96085000 Brazil;Pelotas;RS;96085000;-31.76142;-52.31866;-31.76142;-52.31866;Areal;MEDIO;CEP generico de cidade, nao de rua (2,4x mais falha)
48;;;endereco;Rua Serra de Bragança, 606, Tatuapé, São Paulo - SP, 03318-000, Brasil;Rua Serra de Braganca 606 Sao Paulo SP 03318000 Brazil;São Paulo;SP;03318000;-23.54534;-46.56937;-23.54534;-46.56937;Tatuapé;MEDIO;CEP generico de cidade, nao de rua (2,4x mais falha)
49;;;endereco;Avenida Senador Tarso Dutra, 295, Petrópolis, Porto Alegre - RS, 90690-140, Brasil;Avenida Senador Tarso Dutra 295 Porto Alegre RS 90690140 Brazil;Porto Alegre;RS;90690140;-30.04137;-51.1736;-30.04137;-51.1736;Petrópolis;;
50;;;endereco;Rua Itapeti, 421, Tatuapé, São Paulo - SP, 03324-002, Brasil;Rua Itapeti 421 Sao Paulo SP 03324002 Brazil;São Paulo;SP;03324002;-23.5509;-46.5673;-23.5509;-46.5673;Tatuapé;;
51;;;endereco;Ponto De Carregamento Para Veículos Elétricos, Rua Visconde de Cairú, 176, Estreito, Florianópolis - SC, 88075-020, Brasil;Rua Visconde de Cairu 176 Florianopolis SC 88075020 Brazil;Florianópolis;SC;88075020;-27.59511;-48.57277;-27.59511;-48.57277;Estreito;;
52;;;endereco;Rua Buarque de Macedo, 209, Jardim Brasil, Campinas - SP, 13073-010, Brasil;Rua Buarque de Macedo 209 Campinas SP 13073010 Brazil;Campinas;SP;13073010;-22.88649;-47.06244;-22.88649;-47.06244;Jardim Brasil;;
53;;;endereco;Ponto De Carregamento Para Veículos Elétricos, Avenida Raja Gabaglia, 3055, São Bento, Belo Horizonte - MG, 30350-550, Brasil;Avenida Raja Gabaglia 3055 Belo Horizonte MG 30350550 Brazil;Belo Horizonte;MG;30350550;-19.96081;-43.95713;-19.96081;-43.95713;São Bento;;
54;;;endereco;Rua Dom Silvério, 65, Alto dos Passos, Juiz de Fora - MG, 36026-450, Brasil;Rua Dom Silverio 65 Juiz de Fora MG 36026450 Brazil;Juiz de Fora;MG;36026450;-21.77795;-43.34624;-21.77795;-43.34624;Alto dos Passos;;
55;;;endereco;In Pilates Barigui, Santo Inácio, Curitiba - PR, 82305-100, Brasil;In Pilates Barigui Santo Inacio Curitiba PR 82305100 Brazil;Curitiba;PR;82305100;-25.43029;-49.32323;-25.43029;-49.32323;;ALTO;sem numero de porta
56;;;endereco;BMW, Rua Botuverá, 508, São Marcos, Joinville - SC, Brasil;Rua Botuvera 508 Joinville SC Brazil;Joinville;SC;;-26.32385;-48.86838;-26.32385;-48.86838;São Marcos;;
57;;;endereco;BYD, Rua Ignácio Treis, 495, Ideal, Novo Hamburgo - RS, 93334-365, Brasil;Rua Ignacio Treis 495 Novo Hamburgo RS 93334365 Brazil;Novo Hamburgo;RS;93334365;-29.71042;-51.14681;-29.71042;-51.14681;Ideal;;
58;;;endereco;Avenida Vinte e Três de Maio, 3095, Moema, São Paulo - SP, 04008-090, Brasil;Avenida Vinte e Tres de Maio 3095 Sao Paulo SP 04008090 Brazil;São Paulo;SP;04008090;-23.58265;-46.65136;-23.58265;-46.65136;Moema;;
59;;;endereco;Alameda Amazonas, 838, Alphaville, Barueri - SP, 06454-070, Brasil;Alameda Amazonas 838 Barueri SP 06454070 Brazil;Barueri;SP;06454070;-23.49258;-46.84274;-23.49258;-46.84274;Alphaville;;
60;;;endereco;Avenida Doutor Carlos Barbosa, 1272, Medianeira, Porto Alegre - RS, 90880-001, Brasil;Avenida Doutor Carlos Barbosa 1272 Porto Alegre RS 90880001 Brazil;Porto Alegre;RS;90880001;-30.06698;-51.21247;-30.06698;-51.21247;Medianeira;;
61;;;endereco;Rua Minerva, 535, Perdizes, São Paulo - SP, 05007-032, Brasil;Rua Minerva 535 Sao Paulo SP 05007032 Brazil;São Paulo;SP;05007032;-23.53641;-46.67468;-23.53641;-46.67468;Perdizes;;
62;;;endereco;BR-153, Autódromo, Goiânia - GO, Brasil;BR 153 Autodromo Goiania GO Brazil;Goiânia;GO;;-16.69817;-49.23139;-16.69817;-49.23139;;ALTO;sem numero de porta
63;;;endereco;Alameda Doutor Celso Leon Salles, 26, Vila Formosa, Blumenau - SC, 89015-440, Brasil;Alameda Doutor Celso Leon Salles 26 Blumenau SC 89015440 Brazil;Blumenau;SC;89015440;-26.93579;-49.06729;-26.93579;-49.06729;Vila Formosa;;
64;;;endereco;Panvel, Avenida Ruben Bento Alves, 785, Sagrada Família, Caxias do Sul - RS, 95012-500, Brasil;Avenida Ruben Bento Alves 785 Caxias do Sul RS 95012500 Brazil;Caxias do Sul;RS;95012500;-29.15255;-51.1573;-29.15255;-51.1573;Sagrada Família;;
65;;;endereco;Rua Santa Joaquina de Vedruna, 2686, Zona 5, Maringá - PR, 87015-150, Brasil;Rua Santa Joaquina de Vedruna 2686 Maringa PR 87015150 Brazil;Maringá;PR;87015150;-23.42393;-51.95473;-23.42393;-51.95473;Zona 5;;
66;;;endereco;Rua Santa Joaquina de Vedruna, 506, Zona 5, Maringá - PR, 87015-150, Brasil;Rua Santa Joaquina de Vedruna 506 Maringa PR 87015150 Brazil;Maringá;PR;87015150;-23.42388;-51.95483;-23.42388;-51.95483;Zona 5;;
67;;;endereco;BMW, Avenida das Américas, 1690, Barra da Tijuca, Rio de Janeiro - RJ, 22640-101, Brasil;Avenida das Americas 1690 Rio de Janeiro RJ 22640101 Brazil;Rio de Janeiro;RJ;22640101;-23.00017;-43.33165;-23.00017;-43.33165;Barra da Tijuca;;
68;;;endereco;Ponto De Carregamento Para Veículos Elétricos, Avenida João Naves de Ávila, 3370, Saraiva, Uberlândia - MG, 38408-144, Brasil;Avenida Joao Naves de Avila 3370 Uberlandia MG 38408144 Brazil;Uberlândia;MG;38408144;-18.92654;-48.25911;-18.92654;-48.25911;Saraiva;;
69;;;endereco;Rua Nicolau Cheuen, 3993, Centro, São João de Meriti - RJ, 25510-310, Brasil;Rua Nicolau Cheuen 3993 Sao Joao de Meriti RJ 25510310 Brazil;São João de Meriti;RJ;25510310;-22.79326;-43.36668;-22.79326;-43.36668;Centro;;
70;;;endereco;Composit Filmes, Avenida José Correia Machado, Jardim Parque Morada do Sol, Montes Claros - MG, 39400-116, Brasil;Avenida Jose Correia Machado Jardim Parque Morada do Sol Montes Claros MG 39400116 Brazil;Montes Claros;MG;39400116;-16.72587;-43.88053;-16.72587;-43.88053;;ALTO;sem numero de porta
71;;;endereco;Rua José Justino de Azevedo, 1105, Conservatória, Valença - RJ, 27600-000, Brasil;Rua Jose Justino de Azevedo 1105 Valenca RJ 27600000 Brazil;Valença;RJ;27600000;-22.28724;-43.91497;-22.28724;-43.91497;Conservatória;MEDIO;CEP generico de cidade, nao de rua (2,4x mais falha)
72;;;endereco;Rua Mena Barreto, 161, Botafogo, Rio de Janeiro - RJ, 22271-100, Brasil;Rua Mena Barreto 161 Rio de Janeiro RJ 22271100 Brazil;Rio de Janeiro;RJ;22271100;-22.95646;-43.1911;-22.95646;-43.1911;Botafogo;;
73;;;endereco;Alameda Santos, 880, Jardim Paulista, São Paulo - SP, 01418-002, Brasil;Alameda Santos 880 Sao Paulo SP 01418002 Brazil;São Paulo;SP;01418002;-23.56682;-46.6519;-23.56682;-46.6519;Jardim Paulista;;
74;;;endereco;BMW, Avenida Engenheiro Carlos Reinaldo Mendes, 1600, Sorocaba - SP, 18103-000, Brasil;Avenida Engenheiro Carlos Reinaldo Mendes 1600 Sorocaba SP 18103000 Brazil;Sorocaba;SP;18103000;-23.47237;-47.42362;-23.47237;-47.42362;;MEDIO;CEP generico de cidade, nao de rua (2,4x mais falha)
75;;;endereco;Rua Adão Dionísio Neugebauer Bortowiski, Centro, Eldorado do Sul - RS, 92990-000, Brasil;Rua Adao Dionisio Neugebauer Bortowiski Centro Eldorado do Sul RS 92990000 Brazil;Eldorado do Sul;RS;92990000;-30.00099;-51.30812;-30.00099;-51.30812;;ALTO;"sem numero de porta; CEP generico de cidade, nao de rua (2,4x mais falha)"
76;;;endereco;BR-470, Salto do Norte, Blumenau - SC, Brasil;BR 470 Salto do Norte Blumenau SC Brazil;Blumenau;SC;;-26.86758;-49.10311;-26.86758;-49.10311;;ALTO;sem numero de porta
77;;;endereco;Avenida Barão Homem de Melo, 3382, Estoril, Belo Horizonte - MG, 30494-270, Brasil;Avenida Barao Homem de Melo 3382 Belo Horizonte MG 30494270 Brazil;Belo Horizonte;MG;30494270;-19.96529;-43.9613;-19.96529;-43.9613;Estoril;;
78;;;endereco;Avenida Benno Mentz, 115, Vila Ipiranga, Porto Alegre - RS, 91370-010, Brasil;Avenida Benno Mentz 115 Porto Alegre RS 91370010 Brazil;Porto Alegre;RS;91370010;-30.01166;-51.14787;-30.01166;-51.14787;Vila Ipiranga;;
79;;;endereco;Sia Trecho 2, 2010, SIA - DF, 71200-023, Brasil;Sia Trecho 2 SIA DF 71200023 Brazil;SIA;DF;71200023;-15.804;-47.97002;-15.804;-47.97002;2010;;
80;;;endereco;Rua Henrique Boiteux, 558, Estreito, Florianópolis - SC, 88075-060, Brasil;Rua Henrique Boiteux 558 Florianopolis SC 88075060 Brazil;Florianópolis;SC;88075060;-27.59206;-48.57435;-27.59206;-48.57435;Estreito;;
81;;;endereco;Avenida Brasil Oeste, 3880, Boqueirão, Passo Fundo - RS, 99025-000, Brasil;Avenida Brasil Oeste 3880 Passo Fundo RS 99025000 Brazil;Passo Fundo;RS;99025000;-28.2696;-52.44037;-28.2696;-52.44037;Boqueirão;MEDIO;CEP generico de cidade, nao de rua (2,4x mais falha)
82;;;endereco;Rua Desembargador Westphalen, 2447, Parolin, Curitiba - PR, 80220-030, Brasil;Rua Desembargador Westphalen 2447 Curitiba PR 80220030 Brazil;Curitiba;PR;80220030;-25.45329;-49.2629;-25.45329;-49.2629;Parolin;;
83;;;endereco;Rua Olegário Mariano, 40A, Centro, São João de Meriti - RJ, 25510-350, Brasil;Rua Olegario Mariano 40A Sao Joao de Meriti RJ 25510350 Brazil;São João de Meriti;RJ;25510350;-22.7946;-43.36644;-22.7946;-43.36644;Centro;;
84;;;endereco;Condor Hipermercados, Avenida Carlos Schmidt, 205, Jardim Apucarana, Apucarana - PR, 86804-350, Brasil;Avenida Carlos Schmidt 205 Apucarana PR 86804350 Brazil;Apucarana;PR;86804350;-23.54789;-51.45053;-23.54789;-51.45053;Jardim Apucarana;;
85;;;endereco;Ponto5, Rua Carolina Florence, Jardim Nossa Senhora Auxiliadora, Campinas - SP, 13073-225, Brasil;Ponto5 Rua Carolina Florence Jardim Nossa Senhora Auxiliadora Campinas SP 13073225 Brazil;Campinas;SP;13073225;-22.88555;-47.06191;-22.88555;-47.06191;;ALTO;sem numero de porta
86;;;endereco;BMW, Avenida das Nações Unidas, 17771, Santo Amaro, São Paulo - SP, 04795-100, Brasil;Avenida das Nacoes Unidas 17771 Sao Paulo SP 04795100 Brazil;São Paulo;SP;04795100;-23.642;-46.72413;-23.642;-46.72413;Santo Amaro;;
87;;;endereco;Avenida das Nações Unidas, 6787, Alto de Pinheiros, São Paulo - SP, 05425-070, Brasil;Avenida das Nacoes Unidas 6787 Sao Paulo SP 05425070 Brazil;São Paulo;SP;05425070;-23.56095;-46.70531;-23.56095;-46.70531;Alto de Pinheiros;;
88;;;endereco;Avenida Júlio de Mesquita, 694, Cambuí, Campinas - SP, 13025-061, Brasil;Avenida Julio de Mesquita 694 Campinas SP 13025061 Brazil;Campinas;SP;13025061;-22.89941;-47.05488;-22.89941;-47.05488;Cambuí;;
89;;;endereco;Rua Faustolo, 846, Lapa, São Paulo - SP, 05041-000, Brasil;Rua Faustolo 846 Sao Paulo SP 05041000 Brazil;São Paulo;SP;05041000;-23.52388;-46.69349;-23.52388;-46.69349;Lapa;MEDIO;CEP generico de cidade, nao de rua (2,4x mais falha)
90;;;endereco;Rua Itajaí, 1373, Vorstadt, Blumenau - SC, 89015-203, Brasil;Rua Itajai 1373 Blumenau SC 89015203 Brazil;Blumenau;SC;89015203;-26.91269;-49.05194;-26.91269;-49.05194;Vorstadt;;
91;;;endereco;Avenida Rudolf Dafferner, 400, Sorocaba - SP, 18085-005, Brasil;Avenida Rudolf Dafferner 400 Sorocaba SP 18085005 Brazil;Sorocaba;SP;18085005;-23.47615;-47.42688;-23.47615;-47.42688;;;
92;;;endereco;Avenida Tancredo Neves, 1559, Pioneiros Catarinenses, Cascavel - PR, 85805-000, Brasil;Avenida Tancredo Neves 1559 Cascavel PR 85805000 Brazil;Cascavel;PR;85805000;-24.96596;-53.48104;-24.96596;-53.48104;Pioneiros Catarinenses;MEDIO;CEP generico de cidade, nao de rua (2,4x mais falha)
93;;;endereco;Rua Santa Cruz, 876, Vila Mariana, São Paulo - SP, 04121-000, Brasil;Rua Santa Cruz 876 Sao Paulo SP 04121000 Brazil;São Paulo;SP;04121000;-23.59753;-46.62787;-23.59753;-46.62787;Vila Mariana;MEDIO;CEP generico de cidade, nao de rua (2,4x mais falha)
94;;;endereco;Rua da Constituição, 518, Vila Matias, Santos - SP, 11015-472, Brasil;Rua da Constituicao 518 Santos SP 11015472 Brazil;Santos;SP;11015472;-23.94752;-46.32381;-23.94752;-46.32381;Vila Matias;;
95;;;endereco;Sopi Conjunto a, 23, Núcleo Bandeirante - DF, 71705-521, Brasil;Sopi Conjunto a 23 Nucleo Bandeirante DF 71705521 Brazil;Núcleo Bandeirante;DF;71705521;-15.87014;-47.96244;-15.87014;-47.96244;;;
96;;;endereco;Rua João Guerra, 404, Encruzilhada, Santos - SP, 11015-130, Brasil;Rua Joao Guerra 404 Santos SP 11015130 Brazil;Santos;SP;11015130;-23.95162;-46.32248;-23.95162;-46.32248;Encruzilhada;;
97;;;endereco;Rua Eugênio Rocha Filho, Subsetor Sul-3, Ribeirão Preto - SP, 14020-640, Brasil;Rua Eugenio Rocha Filho Subsetor Sul 3 Ribeirao Preto SP 14020640 Brazil;Ribeirão Preto;SP;14020640;-21.21007;-47.80147;-21.21007;-47.80147;;ALTO;sem numero de porta
98;;;endereco;Alameda Amazonas, 938, Alphaville, Barueri - SP, 06454-070, Brasil;Alameda Amazonas 938 Barueri SP 06454070 Brazil;Barueri;SP;06454070;-23.49182;-46.84235;-23.49182;-46.84235;Alphaville;;
99;;;endereco;Avenida Doutor Cardoso de Melo, 1513, Itaim Bibi, São Paulo - SP, 04548-005, Brasil;Avenida Doutor Cardoso de Melo 1513 Sao Paulo SP 04548005 Brazil;São Paulo;SP;04548005;-23.59711;-46.68805;-23.59711;-46.68805;Itaim Bibi;;
100;;;endereco;Avenida das Nações Unidas, 16565, Santo Amaro, São Paulo - SP, 04794-000, Brasil;Avenida das Nacoes Unidas 16565 Sao Paulo SP 04794000 Brazil;São Paulo;SP;04794000;-23.63543;-46.71852;-23.63543;-46.71852;Santo Amaro;MEDIO;CEP generico de cidade, nao de rua (2,4x mais falha)
101;;;endereco;Porsche Center Campinas, Avenida Princesa d'Oeste, 1811, Nova Campinas, Campinas - SP, 13025-320, Brasil;Avenida Princesa d Oeste 1811 Campinas SP 13025320 Brazil;Campinas;SP;13025320;-22.90479;-47.04653;-22.90479;-47.04653;Nova Campinas;;
102;;;endereco;Porsche Smart Mobility, Avenida Wladimir Meirelles Ferreira, 1586a, Subsetor Sul-4, Ribeirão Preto - SP, 14021-630, Brasil;Avenida Wladimir Meirelles Ferreira 1586a Ribeirao Preto SP 14021630 Brazil;Ribeirão Preto;SP;14021630;-21.21026;-47.80115;-21.21026;-47.80115;Subsetor Sul-4;;
103;;;endereco;Avenida das Américas, 10500, Barra da Tijuca, Rio de Janeiro - RJ, 22790-703, Brasil;Avenida das Americas 10500 Rio de Janeiro RJ 22790703 Brazil;Rio de Janeiro;RJ;22790703;-23.00098;-43.41576;-23.00098;-43.41576;Barra da Tijuca;;
104;;;endereco;Porsche Center Curitiba, Rua Desembargador Westphalen, 1783, Rebouças, Curitiba - PR, 80230-100, Brasil;Rua Desembargador Westphalen 1783 Curitiba PR 80230100 Brazil;Curitiba;PR;80230100;-25.44768;-49.26567;-25.44768;-49.26567;Rebouças;;
105;;;endereco;Avenida Marinheiro Max Schramm, 3091, Jardim Atlântico, Florianópolis - SC, 88095-000, Brasil;Avenida Marinheiro Max Schramm 3091 Florianopolis SC 88095000 Brazil;Florianópolis;SC;88095000;-27.57766;-48.59254;-27.57766;-48.59254;Jardim Atlântico;MEDIO;CEP generico de cidade, nao de rua (2,4x mais falha)
106;;;endereco;Avenida Sertório, 1815, São João, Porto Alegre - RS, 91020-001, Brasil;Avenida Sertorio 1815 Porto Alegre RS 91020001 Brazil;Porto Alegre;RS;91020001;-30.00316;-51.18624;-30.00316;-51.18624;São João;;
107;;;endereco;Rua Gaspar Ricardo, 285, Zona 10, Maringá - PR, 87040-365, Brasil;Rua Gaspar Ricardo 285 Maringa PR 87040365 Brazil;Maringá;PR;87040365;-23.423;-51.91147;-23.423;-51.91147;Zona 10;;
108;;;endereco;Rua Floriano Peixoto, 55, Centro, Blumenau - SC, 89010-506, Brasil;Rua Floriano Peixoto 55 Blumenau SC 89010506 Brazil;Blumenau;SC;89010506;-26.92195;-49.06327;-26.92195;-49.06327;Centro;;
109;;;endereco;Rua Clodomiro Amazonas, 1016, Itaim Bibi, São Paulo - SP, 04537-002, Brasil;Rua Clodomiro Amazonas 1016 Sao Paulo SP 04537002 Brazil;São Paulo;SP;04537002;-23.59316;-46.67745;-23.59316;-46.67745;Itaim Bibi;;
110;;;endereco;Rodovia Governador Leonel de Moura Brizola, Imigrante, Lajeado - RS, Brasil;Rodovia Governador Leonel de Moura Brizola Imigrante Lajeado RS Brazil;Lajeado;RS;;-29.42919;-52.01604;-29.42919;-52.01604;;ALTO;"endereco de rodovia (57-67% falharam); sem numero de porta"
111;;;endereco;Avenida da Azenha, 1711, Azenha, Porto Alegre - RS, 90160-003, Brasil;Avenida da Azenha 1711 Porto Alegre RS 90160003 Brazil;Porto Alegre;RS;90160003;-30.05855;-51.21654;-30.05855;-51.21654;Azenha;;
112;;;endereco;Ponto De Carregamento Para Veículos Elétricos, Avenida Ruben Bento Alves, 7539, Santa Catarina, Caxias do Sul - RS, 95112-467, Brasil;Avenida Ruben Bento Alves 7539 Caxias do Sul RS 95112467 Brazil;Caxias do Sul;RS;95112467;-29.16875;-51.21408;-29.16875;-51.21408;Santa Catarina;;
113;;;endereco;Rua Jacob Luchesi, 5038, Santa Catarina, Caxias do Sul - RS, 95032-000, Brasil;Rua Jacob Luchesi 5038 Caxias do Sul RS 95032000 Brazil;Caxias do Sul;RS;95032000;-29.14398;-51.22699;-29.14398;-51.22699;Santa Catarina;MEDIO;CEP generico de cidade, nao de rua (2,4x mais falha)
114;;;endereco;Avenida Presidente Vargas, 1829, São Cristóvão, Passo Fundo - RS, 99070-970, Brasil;Avenida Presidente Vargas 1829 Passo Fundo RS 99070970 Brazil;Passo Fundo;RS;99070970;-28.27145;-52.38638;-28.27145;-52.38638;São Cristóvão;;
115;;;endereco;Gdm Seeds, Passo Fundo - RS, 99052-840, Brasil;Gdm Seeds Passo Fundo RS 99052840 Brazil;Passo Fundo;RS;99052840;-28.2136;-52.35763;-28.2136;-52.35763;;ALTO;sem numero de porta
116;;;endereco;BR-470, Navegantes, Rio do Sul - SC, 89160-000, Brasil;BR 470 Navegantes Rio do Sul SC 89160000 Brazil;Rio do Sul;SC;89160000;-27.17772;-49.59401;-27.17772;-49.59401;;ALTO;"sem numero de porta; CEP generico de cidade, nao de rua (2,4x mais falha)"
117;;;endereco;Rua Professor Max Humpl, 601, Salto do Norte, Blumenau - SC, 89065-500, Brasil;Rua Professor Max Humpl 601 Blumenau SC 89065500 Brazil;Blumenau;SC;89065500;-26.86838;-49.10569;-26.86838;-49.10569;Salto do Norte;;
118;;;endereco;PR-364, Jardim das Américas, Guarapuava - PR, 85030-230, Brasil;PR 364 Jardim das Americas Guarapuava PR 85030230 Brazil;Guarapuava;PR;85030230;-25.38562;-51.51431;-25.38562;-51.51431;;ALTO;sem numero de porta
119;;;endereco;Volvo, Rua Jerônimo Durski, 925, Campina do Siqueira, Curitiba - PR, 80730-270, Brasil;Rua Jeronimo Durski 925 Curitiba PR 80730270 Brazil;Curitiba;PR;80730270;-25.43945;-49.30102;-25.43945;-49.30102;Campina do Siqueira;;
120;;;endereco;Avenida Pinheiro Machado, 1495, Fragata, Pelotas - RS, 96040-500, Brasil;Avenida Pinheiro Machado 1495 Pelotas RS 96040500 Brazil;Pelotas;RS;96040500;-31.74285;-52.38221;-31.74285;-52.38221;Fragata;;
121;;;endereco;Viaduto Fernando Osório, Três Vendas, Pelotas - RS, 96070-005, Brasil;Viaduto Fernando Osorio Tres Vendas Pelotas RS 96070005 Brazil;Pelotas;RS;96070005;-31.68243;-52.34416;-31.68243;-52.34416;;ALTO;sem numero de porta
122;;;endereco;WeCharge, Avenida Marinheiro Max Schramm, 2648, Jardim Atlântico, Florianópolis - SC, 88095-001, Brasil;Avenida Marinheiro Max Schramm 2648 Florianopolis SC 88095001 Brazil;Florianópolis;SC;88095001;-27.57934;-48.58859;-27.57934;-48.58859;Jardim Atlântico;;
123;;;endereco;Saccaro Bal. Camboriú, Dos Estados, Balneário Camboriú - SC, Brasil;Saccaro Bal Camboriu Dos Estados Balneario Camboriu SC Brazil;Balneário Camboriú;SC;;-26.99611;-48.64553;-26.99611;-48.64553;;ALTO;sem numero de porta
124;;;endereco;Avenida Brasil, 2005, Pacaembu, Cascavel - PR, 85816-302, Brasil;Avenida Brasil 2005 Cascavel PR 85816302 Brazil;Cascavel;PR;85816302;-24.95355;-53.42102;-24.95355;-53.42102;Pacaembu;;
125;;;endereco;PR-323, Cruzeiro do Oeste - PR, 87400-000, Brasil;PR 323 Cruzeiro do Oeste PR 87400000 Brazil;Cruzeiro do Oeste;PR;87400000;-23.77899;-53.09664;-23.77899;-53.09664;;ALTO;"sem numero de porta; logradouro sem nome; CEP generico de cidade, nao de rua (2,4x mais falha)"
126;;;endereco;Rua Ribeirão Claro, 194, Itaim Bibi, São Paulo - SP, 04549-060, Brasil;Rua Ribeirao Claro 194 Sao Paulo SP 04549060 Brazil;São Paulo;SP;04549060;-23.59877;-46.67814;-23.59877;-46.67814;Itaim Bibi;;
127;;;endereco;Porcé Polimentos, Avenida Doutor Afonso Vergueiro, Sorocaba - SP, 18040-000, Brasil;Avenida Doutor Afonso Vergueiro Sorocaba SP 18040000 Brazil;Sorocaba;SP;18040000;-23.50153;-47.4792;-23.50153;-47.4792;;ALTO;"sem numero de porta; CEP generico de cidade, nao de rua (2,4x mais falha)"
128;;;endereco;Ponto De Carregamento Para Veículos Elétricos, Avenida José de Souza Campos, 2550, Chácara da Barra, Campinas - SP, 13090-615, Brasil;Avenida Jose de Souza Campos 2550 Campinas SP 13090615 Brazil;Campinas;SP;13090615;-22.8843;-47.04157;-22.8843;-47.04157;Chácara da Barra;;
129;;;endereco;Avenida Nicola Demarchi, 485, Demarchi, São Bernardo do Campo - SP, 09820-655, Brasil;Avenida Nicola Demarchi 485 Sao Bernardo do Campo SP 09820655 Brazil;São Bernardo do Campo;SP;09820655;-23.74586;-46.5549;-23.74586;-46.5549;Demarchi;;
130;;;endereco;Foto Benassi, Via Anchieta, Santos - SP, 11095-000, Brasil;Via Anchieta Santos SP 11095000 Brazil;Santos;SP;11095000;-23.92794;-46.38728;-23.92794;-46.38728;;ALTO;"endereco de rodovia (57-67% falharam); sem numero de porta; CEP generico de cidade, nao de rua (2,4x mais falha)"
131;;;endereco;Avenida Ministro Ivan Lins, 240, Barra da Tijuca, Rio de Janeiro - RJ, 22620-110, Brasil;Avenida Ministro Ivan Lins 240 Rio de Janeiro RJ 22620110 Brazil;Rio de Janeiro;RJ;22620110;-23.00958;-43.30305;-23.00958;-43.30305;Barra da Tijuca;;
132;;;endereco;Rua Bambina, 43, Botafogo, Rio de Janeiro - RJ, 22251-050, Brasil;Rua Bambina 43 Rio de Janeiro RJ 22251050 Brazil;Rio de Janeiro;RJ;22251050;-22.94507;-43.18532;-22.94507;-43.18532;Botafogo;;
133;;;endereco;Rua Armando Coelho de Freitas, 16, Barra da Tijuca, Rio de Janeiro - RJ, 22620-090, Brasil;Rua Armando Coelho de Freitas 16 Rio de Janeiro RJ 22620090 Brazil;Rio de Janeiro;RJ;22620090;-23.00996;-43.30293;-23.00996;-43.30293;Barra da Tijuca;;
134;;;endereco;Rodovia BR-101, Canhanduba, Itajaí - SC, 88307-710, Brasil;Rodovia BR 101 Canhanduba Itajai SC 88307710 Brazil;Itajaí;SC;88307710;-26.94837;-48.68298;-26.94837;-48.68298;;ALTO;"endereco de rodovia (57-67% falharam); sem numero de porta"
135;;;endereco;Rua Vivandeiro Santos do Valle, 43, Caroba, Lages - SC, 88516-000, Brasil;Rua Vivandeiro Santos do Valle 43 Lages SC 88516000 Brazil;Lages;SC;88516000;-27.81251;-50.36952;-27.81251;-50.36952;Caroba;MEDIO;CEP generico de cidade, nao de rua (2,4x mais falha)
136;;;endereco;Rodovia da Maçã, Rio das Pedras, Videira - SC, 89560-000, Brasil;Rodovia da Maca Rio das Pedras Videira SC 89560000 Brazil;Videira;SC;89560000;-26.99939;-51.10205;-26.99939;-51.10205;;ALTO;"endereco de rodovia (57-67% falharam); sem numero de porta; CEP generico de cidade, nao de rua (2,4x mais falha)"
137;;;endereco;Ponto De Carregamento Para Veículos Elétricos, BR-153, Panamá - GO, 75580-000, Brasil;Ponto De Carregamento Para Veiculos Eletricos BR 153 Panama GO 75580000 Brazil;Panamá;GO;75580000;-18.18303;-49.29062;-18.18303;-49.29062;;ALTO;"sem numero de porta; CEP generico de cidade, nao de rua (2,4x mais falha)"
138;;;endereco;Faixa de Domínio da Rodovia, 279, Trevo, Chapecó - SC, Brasil;Faixa de Dominio da Rodovia 279 Chapeco SC Brazil;Chapecó;SC;;-27.00115;-52.64982;-27.00115;-52.64982;Trevo;ALTO;endereco de rodovia (57-67% falharam)
139;;;endereco;Estrada da Saudade, São Miguel, Curitiba - PR, Brasil;Estrada da Saudade Sao Miguel Curitiba PR Brazil;Curitiba;PR;;-25.5101;-49.34126;-25.5101;-49.34126;;ALTO;"endereco de rodovia (57-67% falharam); sem numero de porta"
140;;;endereco;Dimas - Blumenau, Via Expressa Paul Fritz Kuehnrich, 955, Itoupava Norte, Blumenau - SC, 89052-381, Brasil;Via Expressa Paul Fritz Kuehnrich 955 Blumenau SC 89052381 Brazil;Blumenau;SC;89052381;-26.89202;-49.07156;-26.89202;-49.07156;Itoupava Norte;ALTO;endereco de rodovia (57-67% falharam)
141;;;endereco;Rua Professor Max Humpl, 601, Salto do Norte, Blumenau - SC, 89065-500, Brasil;Rua Professor Max Humpl 601 Blumenau SC 89065500 Brazil;Blumenau;SC;89065500;-26.86838;-49.10569;-26.86838;-49.10569;Salto do Norte;;
142;;;endereco;Rua Cândido Xavier, 937, Vila Izabel, Curitiba - PR, 80320-220, Brasil;Rua Candido Xavier 937 Curitiba PR 80320220 Brazil;Curitiba;PR;80320220;-25.45463;-49.29051;-25.45463;-49.29051;Vila Izabel;;
143;;;endereco;Avenida Tuiuti, 561, Zona 10, Maringá - PR, 87040-360, Brasil;Avenida Tuiuti 561 Maringa PR 87040360 Brazil;Maringá;PR;87040360;-23.42243;-51.90875;-23.42243;-51.90875;Zona 10;;
144;;;endereco;Avenida Tiradentes, 1436, Shangri-Lá, Londrina - PR, 86070-545, Brasil;Avenida Tiradentes 1436 Londrina PR 86070545 Brazil;Londrina;PR;86070545;-23.29954;-51.1885;-23.29954;-51.1885;Shangri-Lá;;
145;;;endereco;Avenida Dom Pedro II, 2276, Campestre, Santo André - SP, 09080-110, Brasil;Avenida Dom Pedro II 2276 Santo Andre SP 09080110 Brazil;Santo André;SP;09080110;-23.63681;-46.54309;-23.63681;-46.54309;Campestre;;
146;;;endereco;Avenida Alcântara Machado, 3752, Belém, São Paulo - SP, 03302-000, Brasil;Avenida Alcantara Machado 3752 Sao Paulo SP 03302000 Brazil;São Paulo;SP;03302000;-23.54405;-46.59013;-23.54405;-46.59013;Belém;MEDIO;CEP generico de cidade, nao de rua (2,4x mais falha)
147;;;endereco;Volvo, Avenida Doutor Ricardo Jafet, 3113, Cursino, São Paulo - SP, 04129-020, Brasil;Avenida Doutor Ricardo Jafet 3113 Sao Paulo SP 04129020 Brazil;São Paulo;SP;04129020;-23.60338;-46.62503;-23.60338;-46.62503;Cursino;;
148;;;endereco;BR-153, Itumbiara - GO, Brasil;BR 153 Itumbiara GO Brazil;Itumbiara;GO;;-18.36609;-49.21401;-18.36609;-49.21401;;ALTO;"sem numero de porta; logradouro sem nome"
149;;;endereco;Patrícia Correa Sobrancelhas, Vila Esperança, Tubarão - SC, Brasil;Vila Esperanca Tubarao SC Brazil;Tubarão;SC;;-28.46649;-49.00672;-28.46649;-49.00672;;ALTO;sem numero de porta
150;;;endereco;Avenida Brasil, 1860, Centro, Balneário Camboriú - SC, 88330-050, Brasil;Avenida Brasil 1860 Balneario Camboriu SC 88330050 Brazil;Balneário Camboriú;SC;88330050;-26.99023;-48.63222;-26.99023;-48.63222;Centro;;
151;;;endereco;Rua Surubim, 577, Itaim Bibi, São Paulo - SP, 04571-050, Brasil;Rua Surubim 577 Sao Paulo SP 04571050 Brazil;São Paulo;SP;04571050;-23.60076;-46.69448;-23.60076;-46.69448;Itaim Bibi;;
152;;;endereco;Rua Miguel Simião, 15, Centro, Apucarana - PR, 86800-260, Brasil;Rua Miguel Simiao 15 Apucarana PR 86800260 Brazil;Apucarana;PR;86800260;-23.55055;-51.46439;-23.55055;-51.46439;Centro;;
153;;;endereco;Rodovia Raposo Tavares, Chácaras Bom Retiro, Ourinhos - SP, 19915-022, Brasil;Rodovia Raposo Tavares Chacaras Bom Retiro Ourinhos SP 19915022 Brazil;Ourinhos;SP;19915022;-22.95057;-49.87756;-22.95057;-49.87756;;ALTO;"endereco de rodovia (57-67% falharam); sem numero de porta"
154;;;endereco;Avenida Francisco Pagliato, 1135, São Manuel - SP, 18658-422, Brasil;Avenida Francisco Pagliato 1135 Sao Manuel SP 18658422 Brazil;São Manuel;SP;18658422;-22.73856;-48.60823;-22.73856;-48.60823;;;
155;;;endereco;Avenida Europa, 930, Pinheiros, São Paulo - SP, 01449-001, Brasil;Avenida Europa 930 Sao Paulo SP 01449001 Brazil;São Paulo;SP;01449001;-23.57802;-46.6811;-23.57802;-46.6811;Pinheiros;;
156;;;endereco;Volvo, Rua Luiz Seraphico Júnior, 1079, Santo Amaro, São Paulo - SP, 04729-080, Brasil;Rua Luiz Seraphico Junior 1079 Sao Paulo SP 04729080 Brazil;São Paulo;SP;04729080;-23.63897;-46.72083;-23.63897;-46.72083;Santo Amaro;;
157;;;endereco;Volvo, Alameda Araguaia, 260, Alphaville, Barueri - SP, 06455-000, Brasil;Alameda Araguaia 260 Barueri SP 06455000 Brazil;Barueri;SP;06455000;-23.49892;-46.8588;-23.49892;-46.8588;Alphaville;MEDIO;CEP generico de cidade, nao de rua (2,4x mais falha)
158;;;endereco;Autostar - Pacaembú, Rua Norma Pieruccini Giannotti, 725, Santa Cecília, São Paulo - SP, 01138-000, Brasil;Rua Norma Pieruccini Giannotti 725 Sao Paulo SP 01138000 Brazil;São Paulo;SP;01138000;-23.52322;-46.65767;-23.52322;-46.65767;Santa Cecília;MEDIO;CEP generico de cidade, nao de rua (2,4x mais falha)
159;;;endereco;Volvo, Avenida Antônio Frederico Ozanan, 3833, Ponte São João, Jundiaí - SP, 13201-125, Brasil;Avenida Antonio Frederico Ozanan 3833 Jundiai SP 13201125 Brazil;Jundiaí;SP;13201125;-23.18236;-46.87849;-23.18236;-46.87849;Ponte São João;;
160;;;endereco;Sec Jet, Avenida Juruá, Alphaville, Barueri - SP, 06455-010, Brasil;Avenida Jurua Alphaville Barueri SP 06455010 Brazil;Barueri;SP;06455010;-23.5005;-46.85454;-23.5005;-46.85454;;ALTO;sem numero de porta
161;;;endereco;Garrett Motion Indústria Automotiva Brasil, Avenida Júlia Gaiolli, 282, Água Chata, Guarulhos - SP, 07251-500, Brasil;Avenida Julia Gaiolli 282 Guarulhos SP 07251500 Brazil;Guarulhos;SP;07251500;-23.42272;-46.39298;-23.42272;-46.39298;Água Chata;;
162;;;endereco;Rua Ipiranga, 1952, Mogi das Cruzes - SP, 08730-000, Brasil;Rua Ipiranga 1952 Mogi das Cruzes SP 08730000 Brazil;Mogi das Cruzes;SP;08730000;-23.52928;-46.20237;-23.52928;-46.20237;;MEDIO;CEP generico de cidade, nao de rua (2,4x mais falha)
163;;;endereco;Via Anhanguera, Limeira - SP, 13486-850, Brasil;Via Anhanguera Limeira SP 13486850 Brazil;Limeira;SP;13486850;-22.62065;-47.34626;-22.62065;-47.34626;;ALTO;"endereco de rodovia (57-67% falharam); sem numero de porta"
164;;;endereco;Exxpp Serviços de Apoio Administrativo, Avenida Doutor Eduardo Cury, 350, Jardim Esplanada, São José dos Campos - SP, 12242-001, Brasil;Avenida Doutor Eduardo Cury 350 Sao Jose dos Campos SP 12242001 Brazil;São José dos Campos;SP;12242001;-23.20103;-45.90975;-23.20103;-45.90975;Jardim Esplanada;;
165;;;endereco;Rua Orlando Modolo, 1365, Jardim Olga Veroni, Limeira - SP, 13487-162, Brasil;Rua Orlando Modolo 1365 Limeira SP 13487162 Brazil;Limeira;SP;13487162;-22.57855;-47.36731;-22.57855;-47.36731;Jardim Olga Veroni;;
166;;;endereco;Rua Doutor Rosalvo de Almeida Telles, 500, Parque Residencial Nova Caçapava, Caçapava - SP, 12283-020, Brasil;Rua Doutor Rosalvo de Almeida Telles 500 Cacapava SP 12283020 Brazil;Caçapava;SP;12283020;-23.1066;-45.69683;-23.1066;-45.69683;Parque Residencial Nova Caçapava;;
167;;;endereco;Avenida Pres. Tancredo de Almeida Neves, 822, São Judas, Itajubá - MG, 37504-071, Brasil;Avenida Pres Tancredo de Almeida Neves 822 Itajuba MG 37504071 Brazil;Itajubá;MG;37504071;-22.42272;-45.47003;-22.42272;-45.47003;São Judas;;
168;;;endereco;Avenida Presidente Castelo Branco, Subsetor Leste-6, Ribeirão Preto - SP, 14095-000, Brasil;Avenida Presidente Castelo Branco Subsetor Leste 6 Ribeirao Preto SP 14095000 Brazil;Ribeirão Preto;SP;14095000;-21.19412;-47.77586;-21.19412;-47.77586;;ALTO;"sem numero de porta; CEP generico de cidade, nao de rua (2,4x mais falha)"
169;;;endereco;Rodovia Doutor Manoel Hyppólito Rego, 1224, Porto Grande, São Sebastião - SP, 11608-269, Brasil;Rodovia Doutor Manoel Hyppolito Rego 1224 Sao Sebastiao SP 11608269 Brazil;São Sebastião;SP;11608269;-23.79403;-45.39994;-23.79403;-45.39994;Porto Grande;ALTO;endereco de rodovia (57-67% falharam)
170;;;endereco;Avenida Érico Veríssimo, 858, Barra da Tijuca, Rio de Janeiro - RJ, 22621-180, Brasil;Avenida Erico Verissimo 858 Rio de Janeiro RJ 22621180 Brazil;Rio de Janeiro;RJ;22621180;-23.00973;-43.30658;-23.00973;-43.30658;Barra da Tijuca;;
171;;;endereco;Rua Francisco Glicério, Gramacho, Duque de Caxias - RJ, 25055-410, Brasil;Rua Francisco Glicerio Gramacho Duque de Caxias RJ 25055410 Brazil;Duque de Caxias;RJ;25055410;-22.75194;-43.2869;-22.75194;-43.2869;;ALTO;sem numero de porta
172;;;endereco;Rio Boat Club, Glória, Rio de Janeiro - RJ, 22210-030, Brasil;Rio Boat Club Gloria Rio de Janeiro RJ 22210030 Brazil;Rio de Janeiro;RJ;22210030;-22.92016;-43.16993;-22.92016;-43.16993;;ALTO;sem numero de porta
173;;;endereco;Ponto De Carregamento Para Veículos Elétricos, Avenida Raja Gabaglia, 2601, São Bento, Belo Horizonte - MG, 30350-563, Brasil;Avenida Raja Gabaglia 2601 Belo Horizonte MG 30350563 Brazil;Belo Horizonte;MG;30350563;-19.95887;-43.95692;-19.95887;-43.95692;São Bento;;
174;;;endereco;Rua Doutor Antônio Gravatá, 325, Betim Industrial, Betim - MG, 32670-436, Brasil;Rua Doutor Antonio Gravata 325 Betim MG 32670436 Brazil;Betim;MG;32670436;-19.96036;-44.16848;-19.96036;-44.16848;Betim Industrial;;
175;;;endereco;Rua Lindolfo Fraga, 90, Parque Vera Cruz, Campos dos Goytacazes - RJ, 28060-040, Brasil;Rua Lindolfo Fraga 90 Campos dos Goytacazes RJ 28060040 Brazil;Campos dos Goytacazes;RJ;28060040;-21.73851;-41.3294;-21.73851;-41.3294;Parque Vera Cruz;;
176;;;endereco;Avenida João Naves de Ávila, 4955, Santa Mônica, Uberlândia - MG, 38408-288, Brasil;Avenida Joao Naves de Avila 4955 Uberlandia MG 38408288 Brazil;Uberlândia;MG;38408288;-18.92905;-48.24399;-18.92905;-48.24399;Santa Mônica;;
177;;;endereco;Zletric, BR-050, Minas Gerais, Uberlândia - MG, Brasil;Zletric BR 050 Minas Gerais Uberlandia MG Brazil;Uberlândia;MG;;-18.86418;-48.25516;-18.86418;-48.25516;;ALTO;sem numero de porta
178;;;endereco;Exotico Prime Motel, L-13, Ribeirão Preto - SP, Brasil;Exotico Prime Motel L 13 Ribeirao Preto SP Brazil;Ribeirão Preto;SP;;-21.2143;-47.75948;-21.2143;-47.75948;;ALTO;sem numero de porta
179;;;endereco;Rodovia BR-365, 349, Planalto, Patos de Minas - MG, 38706-328, Brasil;Rodovia BR 365 349 Patos de Minas MG 38706328 Brazil;Patos de Minas;MG;38706328;-18.63934;-46.49105;-18.63934;-46.49105;Planalto;ALTO;endereco de rodovia (57-67% falharam)
180;;;endereco;Avenida dos Vinhedos, Morada da Colina, Uberlândia - MG, 38411-159, Brasil;Avenida dos Vinhedos Morada da Colina Uberlandia MG 38411159 Brazil;Uberlândia;MG;38411159;-18.95131;-48.2792;-18.95131;-48.2792;;ALTO;sem numero de porta
181;;;endereco;Rodovia Washington Luís, Portal das Laranjeiras, Araraquara - SP, 14808-080, Brasil;Rodovia Washington Luis Portal das Laranjeiras Araraquara SP 14808080 Brazil;Araraquara;SP;14808080;-21.77024;-48.24106;-21.77024;-48.24106;;ALTO;"endereco de rodovia (57-67% falharam); sem numero de porta"
182;;;endereco;Volvo, Avenida Presidente Juscelino K. de Oliveira, Moyses Miguel Haddad, São José do Rio Preto - SP, 15091-450, Brasil;Avenida Presidente Juscelino K de Oliveira Moyses Miguel Haddad Sao Jose do Rio Preto SP 15091450 Brazil;São José do Rio Preto;SP;15091450;-20.85744;-49.41152;-20.85744;-49.41152;;ALTO;sem numero de porta
183;;;endereco;Rodovia Transbrasiliana, São José do Rio Preto - SP, 15053-750, Brasil;Rodovia Transbrasiliana Sao Jose do Rio Preto SP 15053750 Brazil;São José do Rio Preto;SP;15053750;-20.89096;-49.43096;-20.89096;-49.43096;;ALTO;"endereco de rodovia (57-67% falharam); sem numero de porta"
184;;;endereco;Volvo, Avenida Deputado Jamel Cecílio, 3235, Jardim Goiás, Goiânia - GO, 74810-190, Brasil;Avenida Deputado Jamel Cecilio 3235 Goiania GO 74810190 Brazil;Goiânia;GO;74810190;-16.7067;-49.23742;-16.7067;-49.23742;Jardim Goiás;;
185;;;endereco;BR-153, Jardim Belo Horizonte, Aparecida de Goiânia - GO, Brasil;BR 153 Jardim Belo Horizonte Aparecida de Goiania GO Brazil;Aparecida de Goiânia;GO;;-16.82752;-49.24233;-16.82752;-49.24233;;ALTO;sem numero de porta
186;;;endereco;Alameda das Sibipirunas, Ceasa, Goiânia - GO, 74681-215, Brasil;Alameda das Sibipirunas Ceasa Goiania GO 74681215 Brazil;Goiânia;GO;74681215;-16.62925;-49.20514;-16.62925;-49.20514;;ALTO;sem numero de porta
187;;;endereco;Rodovia Marechal Rondon, Alvorada, Araçatuba - SP, Brasil;Rodovia Marechal Rondon Alvorada Aracatuba SP Brazil;Araçatuba;SP;;-21.25611;-50.41846;-21.25611;-50.41846;;ALTO;"endereco de rodovia (57-67% falharam); sem numero de porta"
188;;;endereco;Sia Trecho 2, SIA - DF, 71200-020, Brasil;Sia Trecho 2 SIA DF 71200020 Brazil;SIA;DF;71200020;-15.80332;-47.96803;-15.80332;-47.96803;;;
189;;;endereco;Rodovia Raposo Tavares, Regente Feijó - SP, 19570-000, Brasil;Rodovia Raposo Tavares Regente Feijo SP 19570000 Brazil;Regente Feijó;SP;19570000;-22.26625;-51.30191;-22.26625;-51.30191;;ALTO;"endereco de rodovia (57-67% falharam); sem numero de porta; CEP generico de cidade, nao de rua (2,4x mais falha)"
190;;;endereco;Rodovia Celso Garcia Cid, Cambé - PR, Brasil;Rodovia Celso Garcia Cid Cambe PR Brazil;Cambé;PR;;-23.24697;-51.25124;-23.24697;-51.25124;;ALTO;"endereco de rodovia (57-67% falharam); sem numero de porta"
191;;;endereco;Anel Viário Aldo Casali, Campo Mourão - PR, Brasil;Anel Viario Aldo Casali Campo Mourao PR Brazil;Campo Mourão;PR;;-24.08991;-52.38048;-24.08991;-52.38048;;ALTO;sem numero de porta
192;;;endereco;PR-323, Umuarama - PR, 87507-000, Brasil;PR 323 Umuarama PR 87507000 Brazil;Umuarama;PR;87507000;-23.7779;-53.28698;-23.7779;-53.28698;;ALTO;"sem numero de porta; logradouro sem nome; CEP generico de cidade, nao de rua (2,4x mais falha)"
193;;;endereco;Avenida Doutor Ezuel Portes, Presidente, Cascavel - PR, 62850-000, Brasil;Avenida Doutor Ezuel Portes Presidente Cascavel PR 62850000 Brazil;Cascavel;PR;62850000;-24.97188;-53.39479;-24.97188;-53.39479;;ALTO;"sem numero de porta; CEP generico de cidade, nao de rua (2,4x mais falha)"
194;;;endereco;Avenida Doutor Ezuel Portes, Cascavel Velho, Cascavel - PR, 85810-000, Brasil;Avenida Doutor Ezuel Portes Cascavel Velho Cascavel PR 85810000 Brazil;Cascavel;PR;85810000;-24.96671;-53.42389;-24.96671;-53.42389;;ALTO;"sem numero de porta; CEP generico de cidade, nao de rua (2,4x mais falha)"
195;;;endereco;Rua Aluízio Nunes Costa, 508, Zona 19, Maringá - PR, 87070-774, Brasil;Rua Aluizio Nunes Costa 508 Maringa PR 87070774 Brazil;Maringá;PR;87070774;-23.41697;-51.98547;-23.41697;-51.98547;Zona 19;;
196;;;endereco;Rua Joaquim Lopes, 253, Porto Rico - PR, 87950-000, Brasil;Rua Joaquim Lopes 253 Porto Rico PR 87950000 Brazil;Porto Rico;PR;87950000;-22.77116;-53.26835;-22.77116;-53.26835;;MEDIO;CEP generico de cidade, nao de rua (2,4x mais falha)
197;;;endereco;Dicave VOLVO - Santa Catarina, Canhanduba, Itajaí - SC, Brasil;Dicave VOLVO Santa Catarina Canhanduba Itajai SC Brazil;Itajaí;SC;;-26.94804;-48.68435;-26.94804;-48.68435;;ALTO;sem numero de porta
198;;;endereco;Rua Félix Walendowsky, 652, Porto Belo - SC, 88210-000, Brasil;Rua Felix Walendowsky 652 Porto Belo SC 88210000 Brazil;Porto Belo;SC;88210000;-27.15576;-48.57929;-27.15576;-48.57929;;MEDIO;CEP generico de cidade, nao de rua (2,4x mais falha)
199;;;endereco;Rodovia Tertuliano Brito Xavier, Jurere Leste, Florianópolis - SC, 88054-601, Brasil;Rodovia Tertuliano Brito Xavier Jurere Leste Florianopolis SC 88054601 Brazil;Florianópolis;SC;88054601;-27.43603;-48.48003;-27.43603;-48.48003;;ALTO;"endereco de rodovia (57-67% falharam); sem numero de porta"
200;;;endereco;Crossfit Atlántico, Vila Real, Balneário Camboriú - SC, 88337-080, Brasil;Vila Real Balneario Camboriu SC 88337080 Brazil;Balneário Camboriú;SC;88337080;-27.00636;-48.62437;-27.00636;-48.62437;;ALTO;sem numero de porta
201;;;endereco;Marina Blue Fox, Rodovia Tertuliano Brito Xavier, 3000, Jurere Leste, Florianópolis - SC, 88054-601, Brasil;Rodovia Tertuliano Brito Xavier 3000 Florianopolis SC 88054601 Brazil;Florianópolis;SC;88054601;-27.4343;-48.47879;-27.4343;-48.47879;Jurere Leste;ALTO;endereco de rodovia (57-67% falharam)
202;;;endereco;DF Veículos Seminovos, Sia, SIA - DF, 71200-025, Brasil;Sia SIA DF 71200025 Brazil;SIA;DF;71200025;-15.80582;-47.95093;-15.80582;-47.95093;;ALTO;"sem numero de porta; logradouro sem nome"
203;;;endereco;PINHEIROS VEICULOS LTDA, Av T-09 500 Qd.J-17, 02, Marista, Goiânia - GO, 74150-300, Brasil;Avenida T 09 500 Goiania GO 74150300 Brazil;Goiânia;GO;74150300;-16.69947;-49.26885;-16.69947;-49.26885;Qd.J-17 02 Marista;;
204;;;endereco;Avenida Barão Homem de Melo, 3201, Estoril, Belo Horizonte - MG, 30494-085, Brasil;Avenida Barao Homem de Melo 3201 Belo Horizonte MG 30494085 Brazil;Belo Horizonte;MG;30494085;-19.96368;-43.96293;-19.96368;-43.96293;Estoril;;
205;;;endereco;Arvoredo Foodstore, Avenida dos Vinhedos, 276, Morada da Colina, Uberlândia - MG, 38411-159, Brasil;Avenida dos Vinhedos 276 Uberlandia MG 38411159 Brazil;Uberlândia;MG;38411159;-18.9515;-48.27738;-18.9515;-48.27738;Morada da Colina;;
206;;;endereco;Rua Tobias de Macedo Júnior, 233, Santo Inácio, Curitiba - PR, 82010-340, Brasil;Rua Tobias de Macedo Junior 233 Curitiba PR 82010340 Brazil;Curitiba;PR;82010340;-25.4303;-49.32374;-25.4303;-49.32374;Santo Inácio;;
207;;;endereco;Avenida Ouro, 163, Ciclo II, Londrina - PR, 86067-230, Brasil;Avenida Ouro 163 Londrina PR 86067230 Brazil;Londrina;PR;86067230;-23.29141;-51.22151;-23.29141;-51.22151;Ciclo II;;
208;;;endereco;Rua Gaspar Ricardo, 285, Zona 10, Maringá - PR, 87040-365, Brasil;Rua Gaspar Ricardo 285 Maringa PR 87040365 Brazil;Maringá;PR;87040365;-23.423;-51.91147;-23.423;-51.91147;Zona 10;;
209;;;endereco;Rua Pereira Franco, 776, São João, Porto Alegre - RS, 90240-520, Brasil;Rua Pereira Franco 776 Porto Alegre RS 90240520 Brazil;Porto Alegre;RS;90240520;-30.00288;-51.19159;-30.00288;-51.19159;São João;;
210;;;endereco;GWM, Estrada Francisco da Cruz Nunes, Cafubá, Niterói - RJ, 24350-310, Brasil;Estrada Francisco da Cruz Nunes Cafuba Niteroi RJ 24350310 Brazil;Niterói;RJ;24350310;-22.92793;-43.06404;-22.92793;-43.06404;;ALTO;"endereco de rodovia (57-67% falharam); sem numero de porta"
211;;;endereco;américas Avenue, Avenida das Américas, 12900, Recreio dos Bandeirantes, Rio de Janeiro - RJ, 22790-701, Brasil;Avenida das Americas 12900 Rio de Janeiro RJ 22790701 Brazil;Rio de Janeiro;RJ;22790701;-23.00585;-43.43784;-23.00585;-43.43784;Recreio dos Bandeirantes;;
212;;;endereco;Top Cell, Da Praia dos Amores, Balneário Camboriú - SC, 88331-440, Brasil;Top Cell Da Praia dos Amores Balneario Camboriu SC 88331440 Brazil;Balneário Camboriú;SC;88331440;-26.95919;-48.63924;-26.95919;-48.63924;;ALTO;sem numero de porta
213;;;endereco;Rua Itajaí, 682, Vorstadt, Blumenau - SC, 89015-205, Brasil;Rua Itajai 682 Blumenau SC 89015205 Brazil;Blumenau;SC;89015205;-26.91505;-49.05706;-26.91505;-49.05706;Vorstadt;;
214;;;endereco;Avenida São Pedro, 96E, Centro, Chapecó - SC, 89802-245, Brasil;Avenida Sao Pedro 96E Chapeco SC 89802245 Brazil;Chapecó;SC;89802245;-27.09197;-52.61812;-27.09197;-52.61812;Centro;;
215;;;endereco;Top Car - Florianópolis, SC, Rua Professor Egídio Ferreira, 206, Capoeiras, Florianópolis - SC, 88090-699, Brasil;Rua Professor Egidio Ferreira 206 Florianopolis SC 88090699 Brazil;Florianópolis;SC;88090699;-27.59617;-48.60198;-27.59617;-48.60198;Capoeiras;;
216;;;endereco;Estrada da Aldeinha, 120, Alphaville, Barueri - SP, 06465-100, Brasil;Estrada da Aldeinha 120 Barueri SP 06465100 Brazil;Barueri;SP;06465100;-23.50703;-46.84764;-23.50703;-46.84764;Alphaville;ALTO;endereco de rodovia (57-67% falharam)
217;;;endereco;Avenida Wladimir Meirelles Ferreira, 1650, Subsetor Sul-4, Ribeirão Preto - SP, 14021-683, Brasil;Avenida Wladimir Meirelles Ferreira 1650 Ribeirao Preto SP 14021683 Brazil;Ribeirão Preto;SP;14021683;-21.21059;-47.80254;-21.21059;-47.80254;Subsetor Sul-4;;
218;;;endereco;Rua Tiradentes, 3380, Centro, São José do Rio Preto - SP, 15010-030, Brasil;Rua Tiradentes 3380 Sao Jose do Rio Preto SP 15010030 Brazil;São José do Rio Preto;SP;15010030;-20.81257;-49.37679;-20.81257;-49.37679;Centro;;
219;;;endereco;Casco Branco, Pinheiros, São Paulo - SP, Brasil;Casco Branco Pinheiros Sao Paulo SP Brazil;São Paulo;SP;;-23.57036;-46.70062;-23.57036;-46.70062;;ALTO;sem numero de porta
220;;;endereco;JLR Charging (alternative), Avenida Morumbi, 6989, Morumbi, São Paulo - SP, 05690-020, Brasil;Avenida Morumbi 6989 Sao Paulo SP 05690020 Brazil;São Paulo;SP;05690020;-23.61716;-46.70288;-23.61716;-46.70288;Morumbi;;
221;;;endereco;JLR Charging (alternative), Avenida Regente Feijó, 1234, Água Rasa, São Paulo - SP, 03347-000, Brasil;Avenida Regente Feijo 1234 Sao Paulo SP 03347000 Brazil;São Paulo;SP;03347000;-23.56012;-46.56717;-23.56012;-46.56717;Água Rasa;MEDIO;CEP generico de cidade, nao de rua (2,4x mais falha)
222;;;endereco;Avenida Doutor Gastão Vidigal, 1400, Vila Leopoldina, São Paulo - SP, 05314-000, Brasil;Avenida Doutor Gastao Vidigal 1400 Sao Paulo SP 05314000 Brazil;São Paulo;SP;05314000;-23.53106;-46.73798;-23.53106;-46.73798;Vila Leopoldina;MEDIO;CEP generico de cidade, nao de rua (2,4x mais falha)
223;;;endereco;Sinal France Indianópolis, Avenida Moreira Guimarães, 367, Saúde, São Paulo - SP, 04050-060, Brasil;Avenida Moreira Guimaraes 367 Sao Paulo SP 04050060 Brazil;São Paulo;SP;04050060;-23.61082;-46.65501;-23.61082;-46.65501;Saúde;;
224;;;endereco;Prime Auditores Independentes, Rua Lavradio, 100, Barra Funda, São Paulo - SP, 01154-020, Brasil;Rua Lavradio 100 Sao Paulo SP 01154020 Brazil;São Paulo;SP;01154020;-23.53125;-46.66133;-23.53125;-46.66133;Barra Funda;;
225;;;endereco;Rua Costa Rica, 286, Jardim Paulista, São Paulo - SP, 01437-010, Brasil;Rua Costa Rica 286 Sao Paulo SP 01437010 Brazil;São Paulo;SP;01437010;-23.57134;-46.67369;-23.57134;-46.67369;Jardim Paulista;;
226;;;endereco;Rua Doutor Armando Sales de Oliveira, 770, Jardim Bela Vista, Campinas - SP, 13076-015, Brasil;Rua Doutor Armando Sales de Oliveira 770 Campinas SP 13076015 Brazil;Campinas;SP;13076015;-22.87586;-47.04729;-22.87586;-47.04729;Jardim Bela Vista;;
227;;;endereco;JLR Charging (alternative), Avenida Doutor Afonso Vergueiro, 3140, Sorocaba - SP, 18040-000, Brasil;Avenida Doutor Afonso Vergueiro 3140 Sorocaba SP 18040000 Brazil;Sorocaba;SP;18040000;-23.50176;-47.47975;-23.50176;-47.47975;;MEDIO;CEP generico de cidade, nao de rua (2,4x mais falha)
228;;;endereco;Osten - São José dos Campos, SP, Avenida Doutor Eduardo Cury, 220, Jardim Esplanada, São José dos Campos - SP, 12242-001, Brasil;Avenida Doutor Eduardo Cury 220 Sao Jose dos Campos SP 12242001 Brazil;São José dos Campos;SP;12242001;-23.20177;-45.9087;-23.20177;-45.9087;Jardim Esplanada;;
229;;;endereco;Rua Principado de Mônaco, Consolação, São Paulo - SP, 01247-040, Brasil;Rua Principado de Monaco Consolacao Sao Paulo SP 01247040 Brazil;São Paulo;SP;01247040;-23.54991;-46.66805;-23.54991;-46.66805;;ALTO;sem numero de porta
230;;;endereco;Travessa Maria Domingas das Neves, Cangaíba, São Paulo - SP, 03717-010, Brasil;Travessa Maria Domingas das Neves Cangaiba Sao Paulo SP 03717010 Brazil;São Paulo;SP;03717010;-23.50262;-46.53733;-23.50262;-46.53733;;ALTO;sem numero de porta
231;;;endereco;Rua Décio Reis, 353, Alto de Pinheiros, São Paulo - SP, 05446-010, Brasil;Rua Decio Reis 353 Sao Paulo SP 05446010 Brazil;São Paulo;SP;05446010;-23.55254;-46.70319;-23.55254;-46.70319;Alto de Pinheiros;;
232;;;endereco;Rua Clodomiro Amazonas, 1037, Itaim Bibi, São Paulo - SP, 04537-012, Brasil;Rua Clodomiro Amazonas 1037 Sao Paulo SP 04537012 Brazil;São Paulo;SP;04537012;-23.59322;-46.67715;-23.59322;-46.67715;Itaim Bibi;;
233;;;endereco;Rua Estados Unidos, 1971, Jardim Paulista, São Paulo - SP, 01427-002, Brasil;Rua Estados Unidos 1971 Sao Paulo SP 01427002 Brazil;São Paulo;SP;01427002;-23.56415;-46.6723;-23.56415;-46.6723;Jardim Paulista;;
234;;;endereco;Alameda Pinot, 18, Jubran, Barueri - SP, 06458-290, Brasil;Alameda Pinot 18 Barueri SP 06458290 Brazil;Barueri;SP;06458290;-23.48534;-46.8256;-23.48534;-46.8256;Jubran;;
235;;;endereco;Alameda Campinas, 1179, Jardim Paulista, São Paulo - SP, 01404-001, Brasil;Alameda Campinas 1179 Sao Paulo SP 01404001 Brazil;São Paulo;SP;01404001;-23.57051;-46.65756;-23.57051;-46.65756;Jardim Paulista;;
236;;;endereco;Rua Aspásia, Itaim Bibi, São Paulo - SP, 01451-011, Brasil;Rua Aspasia Itaim Bibi Sao Paulo SP 01451011 Brazil;São Paulo;SP;01451011;-23.58577;-46.6824;-23.58577;-46.6824;;ALTO;sem numero de porta
237;;;endereco;Rua Zózimo do Amaral, 238, Jacarepaguá, Rio de Janeiro - RJ, 22775-800, Brasil;Rua Zozimo do Amaral 238 Rio de Janeiro RJ 22775800 Brazil;Rio de Janeiro;RJ;22775800;-22.94847;-43.36985;-22.94847;-43.36985;Jacarepaguá;;
238;;;endereco;Rua Dona Alzira, Sarandi, Porto Alegre - RS, 91060-410, Brasil;Rua Dona Alzira Sarandi Porto Alegre RS 91060410 Brazil;Porto Alegre;RS;91060410;-29.98853;-51.14025;-29.98853;-51.14025;;ALTO;sem numero de porta
239;;;endereco;Rua Juvenal dos Santos, 328, Cascatinha, Curitiba - PR, 82025-030, Brasil;Rua Juvenal dos Santos 328 Curitiba PR 82025030 Brazil;Curitiba;PR;82025030;-25.40781;-49.30926;-25.40781;-49.30926;Cascatinha;;
240;;;endereco;Alameda dos Jacarandás, 120, Lagoa Santa - MG, 33400-000, Brasil;Alameda dos Jacarandas 120 Lagoa Santa MG 33400000 Brazil;Lagoa Santa;MG;33400000;-19.59917;-43.91317;-19.59917;-43.91317;;MEDIO;CEP generico de cidade, nao de rua (2,4x mais falha)
243;;;endereco;Rua 7, Tuiuti - SP, 12930-000, Brasil;Rua 7 Tuiuti SP 12930000 Brazil;Tuiuti;SP;12930000;-22.81922;-46.69072;-22.81922;-46.69072;;ALTO;"logradouro sem nome; CEP generico de cidade, nao de rua (2,4x mais falha)"
244;;;endereco;Avenida das Maritacas, Lindóia, Londrina - PR, 86031-070, Brasil;Avenida das Maritacas Lindoia Londrina PR 86031070 Brazil;Londrina;PR;86031070;-23.27727;-51.10032;-23.27727;-51.10032;;ALTO;sem numero de porta
245;;;endereco;Ponto De Carregamento Para Veículos Elétricos, Avenida Deputado Jamel Cecílio, Sul, Goiânia - GO, 74085-580, Brasil;Avenida Deputado Jamel Cecilio Sul Goiania GO 74085580 Brazil;Goiânia;GO;74085580;-16.69792;-49.25167;-16.69792;-49.25167;;ALTO;sem numero de porta
246;;;endereco;Botanique Hotel & Spa in Campos do Jordão, Rua Elípio Gonçalves da Silva, 4000, Campos do Jordão - SP, 12460-000, Brasil;Rua Elipio Goncalves da Silva 4000 Campos do Jordao SP 12460000 Brazil;Campos do Jordão;SP;12460000;-22.78128;-45.6627;-22.78128;-45.6627;;MEDIO;CEP generico de cidade, nao de rua (2,4x mais falha)
247;;;endereco;Avenida Doutor Alberto Penteado, 35, Morumbi, São Paulo - SP, 05678-000, Brasil;Avenida Doutor Alberto Penteado 35 Sao Paulo SP 05678000 Brazil;São Paulo;SP;05678000;-23.59746;-46.70081;-23.59746;-46.70081;Morumbi;MEDIO;CEP generico de cidade, nao de rua (2,4x mais falha)
248;;;endereco;Zoe Films, Avenida Paulista, 1374, Jardim Paulista, São Paulo - SP, 01419-001, Brasil;Avenida Paulista 1374 Sao Paulo SP 01419001 Brazil;São Paulo;SP;01419001;-23.5637;-46.65604;-23.5637;-46.65604;Jardim Paulista;;
249;;;endereco;Estrada Ernesto Diedericksen, Campos do Jordão - SP, 12460-000, Brasil;Estrada Ernesto Diedericksen Campos do Jordao SP 12460000 Brazil;Campos do Jordão;SP;12460000;-22.77136;-45.59985;-22.77136;-45.59985;;ALTO;"endereco de rodovia (57-67% falharam); sem numero de porta; CEP generico de cidade, nao de rua (2,4x mais falha)"
250;;;endereco;Rua Harry Bertell, Jardim Martinelli, Itatiaia - RJ, 27580-000, Brasil;Rua Harry Bertell Jardim Martinelli Itatiaia RJ 27580000 Brazil;Itatiaia;RJ;27580000;-22.4339;-44.51982;-22.4339;-44.51982;;ALTO;"sem numero de porta; CEP generico de cidade, nao de rua (2,4x mais falha)"
251;;;endereco;Rua Deputado Laércio Corte, 1501, Vila Andrade, São Paulo - SP, 05706-290, Brasil;Rua Deputado Laercio Corte 1501 Sao Paulo SP 05706290 Brazil;São Paulo;SP;05706290;-23.6319;-46.72273;-23.6319;-46.72273;Vila Andrade;;
252;;;endereco;Rua Francisco Vieira Mota, 10, Jacaúna, Aquiraz - CE, 61700-000, Brasil;Rua Francisco Vieira Mota 10 Aquiraz CE 61700000 Brazil;Aquiraz;CE;61700000;-3.94422;-38.27612;-3.94422;-38.27612;Jacaúna;MEDIO;CEP generico de cidade, nao de rua (2,4x mais falha)
253;;;endereco;Alameda das Siriemas, Porto Feliz - SP, 18540-000, Brasil;Alameda das Siriemas Porto Feliz SP 18540000 Brazil;Porto Feliz;SP;18540000;-23.37101;-47.56535;-23.37101;-47.56535;;ALTO;"sem numero de porta; CEP generico de cidade, nao de rua (2,4x mais falha)"
254;;;endereco;Boa Vista Surf Lodge, Porto Feliz - SP, 18540-000, Brasil;Boa Vista Surf Lodge Porto Feliz SP 18540000 Brazil;Porto Feliz;SP;18540000;-23.37323;-47.5531;-23.37323;-47.5531;;ALTO;"sem numero de porta; CEP generico de cidade, nao de rua (2,4x mais falha)"
255;;;endereco;Residencial Fazenda da Grama, Rodovia Miguel Melhado Campos, Itupeva - SP, 13295-000, Brasil;Rodovia Miguel Melhado Campos Itupeva SP 13295000 Brazil;Itupeva;SP;13295000;-23.05282;-47.06894;-23.05282;-47.06894;;ALTO;"endereco de rodovia (57-67% falharam); sem numero de porta; CEP generico de cidade, nao de rua (2,4x mais falha)"
256;;;endereco;Rodovia Jorge Fortulino, Balneário Rincão - SC, 88828-000, Brasil;Rodovia Jorge Fortulino Balneario Rincao SC 88828000 Brazil;Balneário Rincão;SC;88828000;-28.81761;-49.25157;-28.81761;-49.25157;;ALTO;"endereco de rodovia (57-67% falharam); sem numero de porta; CEP generico de cidade, nao de rua (2,4x mais falha)"
257;;;endereco;Rua Doutor Avelino Queiroz, 191, Capitólio - MG, 37930-000, Brasil;Rua Doutor Avelino Queiroz 191 Capitolio MG 37930000 Brazil;Capitólio;MG;37930000;-20.61412;-46.04786;-20.61412;-46.04786;;MEDIO;CEP generico de cidade, nao de rua (2,4x mais falha)
258;;;endereco;Avenida Beira Mar, Perequê-Mirim, Ubatuba - SP, 11680-000, Brasil;Avenida Beira Mar Pereque Mirim Ubatuba SP 11680000 Brazil;Ubatuba;SP;11680000;-23.50346;-45.12436;-23.50346;-45.12436;;ALTO;"sem numero de porta; CEP generico de cidade, nao de rua (2,4x mais falha)"
259;;;endereco;Avenida São João, 298, Praia de Armação do Itaporocoy, Penha - SC, 88385-000, Brasil;Avenida Sao Joao 298 Penha SC 88385000 Brazil;Penha;SC;88385000;-26.79;-48.60453;-26.79;-48.60453;Praia de Armação do Itaporocoy;MEDIO;CEP generico de cidade, nao de rua (2,4x mais falha)
260;;;endereco;Rua São Paulo, 780, Umuarama, Itanhaém - SP, 11740-000, Brasil;Rua Sao Paulo 780 Itanhaem SP 11740000 Brazil;Itanhaém;SP;11740000;-24.17475;-46.8173;-24.17475;-46.8173;Umuarama;MEDIO;CEP generico de cidade, nao de rua (2,4x mais falha)
261;;;endereco;Rua Lateral BR 101, 243, Prado de Baixo, Biguaçu - SC, 88160-000, Brasil;Rua Lateral BR 101 243 Biguacu SC 88160000 Brazil;Biguaçu;SC;88160000;-27.48642;-48.6482;-27.48642;-48.6482;Prado de Baixo;ALTO;"endereco de rodovia (57-67% falharam); CEP generico de cidade, nao de rua (2,4x mais falha)"
262;;;endereco;Rua do Prefeito, 295, Torres - RS, 95560-000, Brasil;Rua do Prefeito 295 Torres RS 95560000 Brazil;Torres;RS;95560000;-29.32807;-49.73938;-29.32807;-49.73938;;MEDIO;CEP generico de cidade, nao de rua (2,4x mais falha)
263;;;endereco;Avenida João Carraro, 256, Porto Rico - PR, 87950-000, Brasil;Avenida Joao Carraro 256 Porto Rico PR 87950000 Brazil;Porto Rico;PR;87950000;-22.77229;-53.26773;-22.77229;-53.26773;;MEDIO;CEP generico de cidade, nao de rua (2,4x mais falha)
264;;;endereco;Rua Osório Fernandes de Macedo, 62, Da Barra, Balneário Camboriú - SC, 88332-075, Brasil;Rua Osorio Fernandes de Macedo 62 Balneario Camboriu SC 88332075 Brazil;Balneário Camboriú;SC;88332075;-27.00964;-48.61296;-27.00964;-48.61296;Da Barra;;
265;;;endereco;Rua Minas Gerais, 474, Paranagi, Sertaneja - PR, 86340-000, Brasil;Rua Minas Gerais 474 Sertaneja PR 86340000 Brazil;Sertaneja;PR;86340000;-22.84751;-50.87552;-22.84751;-50.87552;Paranagi;MEDIO;CEP generico de cidade, nao de rua (2,4x mais falha)
266;;;endereco;Rodovia Ariovaldo de Almeida Viana, Guarujá - SP, Brasil;Rodovia Ariovaldo de Almeida Viana Guaruja SP Brazil;Guarujá;SP;;-23.92779;-46.20859;-23.92779;-46.20859;;ALTO;"endereco de rodovia (57-67% falharam); sem numero de porta"
267;;;endereco;Avenida Celso Romano de Oliveira, Porto Rico - PR, 87950-000, Brasil;Avenida Celso Romano de Oliveira Porto Rico PR 87950000 Brazil;Porto Rico;PR;87950000;-22.77131;-53.26851;-22.77131;-53.26851;;ALTO;"sem numero de porta; CEP generico de cidade, nao de rua (2,4x mais falha)"
268;;;endereco;Rua Brasil, Centro, Campo Mourão - PR, Brasil;Rua Brasil Centro Campo Mourao PR Brazil;Campo Mourão;PR;;-24.04375;-52.37807;-24.04375;-52.37807;;ALTO;sem numero de porta
269;;;endereco;Avenida Manoel Silva, 51, Porto Novo, Caraguatatuba - SP, 11667-752, Brasil;Avenida Manoel Silva 51 Caraguatatuba SP 11667752 Brazil;Caraguatatuba;SP;11667752;-23.69567;-45.43853;-23.69567;-45.43853;Porto Novo;;
270;;;endereco;Rua Jorge Salvador Chere, 197, Guarujá - SP, 11420-700, Brasil;Rua Jorge Salvador Chere 197 Guaruja SP 11420700 Brazil;Guarujá;SP;11420700;-24.00226;-46.29492;-24.00226;-46.29492;;;
271;;;endereco;Avenida Agenor Nogueira, 1115, Presidente Epitácio - SP, 19470-000, Brasil;Avenida Agenor Nogueira 1115 Presidente Epitacio SP 19470000 Brazil;Presidente Epitácio;SP;19470000;-21.74221;-52.07961;-21.74221;-52.07961;;MEDIO;CEP generico de cidade, nao de rua (2,4x mais falha)
272;;;endereco;Marina Flat Píer 22, Perequê-Mirim, Caraguatatuba - SP, 11667-000, Brasil;Marina Flat Pier 22 Caraguatatuba SP 11667000 Brazil;Caraguatatuba;SP;11667000;-23.70729;-45.43308;-23.70729;-45.43308;Perequê-Mirim;MEDIO;CEP generico de cidade, nao de rua (2,4x mais falha)
273;;;endereco;Rua Pedro Balbino de Souza, 17, Carlópolis - PR, 86420-000, Brasil;Rua Pedro Balbino de Souza 17 Carlopolis PR 86420000 Brazil;Carlópolis;PR;86420000;-23.42758;-49.72407;-23.42758;-49.72407;;MEDIO;CEP generico de cidade, nao de rua (2,4x mais falha)
274;;;endereco;Avenida Antônio Sindeaux de Lima, 349, Santa Clara d'Oeste - SP, 15785-000, Brasil;Avenida Antonio Sindeaux de Lima 349 Santa Clara d Oeste SP 15785000 Brazil;Santa Clara d'Oeste;SP;15785000;-20.0916;-50.92852;-20.0916;-50.92852;;MEDIO;CEP generico de cidade, nao de rua (2,4x mais falha)
275;;;endereco;Náutica Barramar, Rua Benedito Pereira, 280, Perequê-Mirim, Caraguatatuba - SP, 11668-620, Brasil;Rua Benedito Pereira 280 Caraguatatuba SP 11668620 Brazil;Caraguatatuba;SP;11668620;-23.70999;-45.43031;-23.70999;-45.43031;Perequê-Mirim;;
276;;;endereco;Rua Maria Francisca Pereira, 1676, Rosana - SP, 19273-000, Brasil;Rua Maria Francisca Pereira 1676 Rosana SP 19273000 Brazil;Rosana;SP;19273000;-22.57712;-53.05814;-22.57712;-53.05814;;MEDIO;CEP generico de cidade, nao de rua (2,4x mais falha)
277;;;endereco;Rua dos Expedicionários, 41, Estradinha, Paranaguá - PR, 83206-450, Brasil;Rua dos Expedicionarios 41 Paranagua PR 83206450 Brazil;Paranaguá;PR;83206450;-25.52753;-48.5095;-25.52753;-48.5095;Estradinha;;
278;;;endereco;Magazine Luiza, Cássia - MG, 37980-000, Brasil;Magazine Luiza Cassia MG 37980000 Brazil;Cássia;MG;37980000;-20.58504;-46.91915;-20.58504;-46.91915;;ALTO;"sem numero de porta; CEP generico de cidade, nao de rua (2,4x mais falha)"
279;;;endereco;Avenida João José da Cruz, 777, Canto Grande, Bombinhas - SC, 88215-000, Brasil;Avenida Joao Jose da Cruz 777 Bombinhas SC 88215000 Brazil;Bombinhas;SC;88215000;-27.18973;-48.5062;-27.18973;-48.5062;Canto Grande;MEDIO;CEP generico de cidade, nao de rua (2,4x mais falha)
280;;;endereco;Rua Elisa Gomes, 6, Formiga - MG, 35574-372, Brasil;Rua Elisa Gomes 6 Formiga MG 35574372 Brazil;Formiga;MG;35574372;-20.45943;-45.43602;-20.45943;-45.43602;;;
281;;;endereco;Rua Quatorze, 531, Cachoeira Dourada - MG, 38370-000, Brasil;Rua Quatorze 531 Cachoeira Dourada MG 38370000 Brazil;Cachoeira Dourada;MG;38370000;-18.51743;-49.49795;-18.51743;-49.49795;;MEDIO;CEP generico de cidade, nao de rua (2,4x mais falha)
282;;;endereco;PR-412, Pontal do Paraná - PR, 83255-000, Brasil;PR 412 Pontal do Parana PR 83255000 Brazil;Pontal do Paraná;PR;83255000;-25.69724;-48.47591;-25.69724;-48.47591;;ALTO;"sem numero de porta; logradouro sem nome; CEP generico de cidade, nao de rua (2,4x mais falha)"
283;;;endereco;Rua A. S. da Silva, 113, Centro Penha, Penha - SC, 88385-000, Brasil;Rua A S da Silva 113 Penha SC 88385000 Brazil;Penha;SC;88385000;-26.77615;-48.64703;-26.77615;-48.64703;Centro Penha;MEDIO;CEP generico de cidade, nao de rua (2,4x mais falha)
284;;;endereco;Rua Portugal, 67, Do Ubatuba, São Francisco do Sul - SC, 89240-000, Brasil;Rua Portugal 67 Sao Francisco do Sul SC 89240000 Brazil;São Francisco do Sul;SC;89240000;-26.1887;-48.57124;-26.1887;-48.57124;Do Ubatuba;MEDIO;CEP generico de cidade, nao de rua (2,4x mais falha)
285;;;endereco;Alameda Pintassilgo, 14, Carlópolis - PR, 86420-000, Brasil;Alameda Pintassilgo 14 Carlopolis PR 86420000 Brazil;Carlópolis;PR;86420000;-23.38763;-49.64045;-23.38763;-49.64045;;MEDIO;CEP generico de cidade, nao de rua (2,4x mais falha)
286;;;endereco;Rua Otavio Carlos, 105A, Bom Sucesso - MG, 37220-000, Brasil;Rua Otavio Carlos 105A Bom Sucesso MG 37220000 Brazil;Bom Sucesso;MG;37220000;-21.03516;-44.75928;-21.03516;-44.75928;;MEDIO;CEP generico de cidade, nao de rua (2,4x mais falha)
287;;;endereco;Rua Nossa Senhora da Boa Viagem, 1424, Arquipélago, Porto Alegre - RS, 90090-140, Brasil;Rua Nossa Senhora da Boa Viagem 1424 Porto Alegre RS 90090140 Brazil;Porto Alegre;RS;90090140;-30.01877;-51.25655;-30.01877;-51.25655;Arquipélago;;
288;;;endereco;Rua Hespanhol, 522, Passo de Torres - SC, 88980-000, Brasil;Rua Hespanhol 522 Passo de Torres SC 88980000 Brazil;Passo de Torres;SC;88980000;-29.3207;-49.72406;-29.3207;-49.72406;;MEDIO;CEP generico de cidade, nao de rua (2,4x mais falha)
289;;;endereco;Rodovia Tertuliano Brito Xavier, 1800, Jurere Leste, Florianópolis - SC, 88054-601, Brasil;Rodovia Tertuliano Brito Xavier 1800 Florianopolis SC 88054601 Brazil;Florianópolis;SC;88054601;-27.43104;-48.47749;-27.43104;-48.47749;Jurere Leste;ALTO;endereco de rodovia (57-67% falharam)
290;;;endereco;Evolution Language, Avenida Rio Branco, Indaiá, Caraguatatuba - SP, 11665-600, Brasil;Avenida Rio Branco Indaia Caraguatatuba SP 11665600 Brazil;Caraguatatuba;SP;11665600;-23.63068;-45.42658;-23.63068;-45.42658;;ALTO;sem numero de porta
291;;;endereco;Estrada Cubatão Grande, 2101, Vila Cubatão, Joinville - SC, 89226-833, Brasil;Estrada Cubatao Grande 2101 Joinville SC 89226833 Brazil;Joinville;SC;89226833;-26.20245;-48.79225;-26.20245;-48.79225;Vila Cubatão;ALTO;endereco de rodovia (57-67% falharam)
292;;;endereco;Rodovia Ariovaldo de Almeida Viana, Guarujá - SP, Brasil;Rodovia Ariovaldo de Almeida Viana Guaruja SP Brazil;Guarujá;SP;;-23.92779;-46.20859;-23.92779;-46.20859;;ALTO;"endereco de rodovia (57-67% falharam); sem numero de porta"
293;;;endereco;Praça Flórida, 333, Florida, Guaíba - RS, 92728-335, Brasil;Praca Florida 333 Guaiba RS 92728335 Brazil;Guaíba;RS;92728335;-30.15222;-51.3224;-30.15222;-51.3224;Florida;;
294;;;endereco;Avenida Nuta James, 65, Barra da Tijuca, Rio de Janeiro - RJ, 22640-030, Brasil;Avenida Nuta James 65 Rio de Janeiro RJ 22640030 Brazil;Rio de Janeiro;RJ;22640030;-23.00545;-43.31282;-23.00545;-43.31282;Barra da Tijuca;;
295;;;endereco;Rua Augusto de Lima, 889, Umuarama, Itanhaém - SP, 11740-000, Brasil;Rua Augusto de Lima 889 Itanhaem SP 11740000 Brazil;Itanhaém;SP;11740000;-24.17357;-46.81899;-24.17357;-46.81899;Umuarama;MEDIO;CEP generico de cidade, nao de rua (2,4x mais falha)
296;;;endereco;Avenida Beira Rio, 346, Porto Rico - PR, 87950-000, Brasil;Avenida Beira Rio 346 Porto Rico PR 87950000 Brazil;Porto Rico;PR;87950000;-22.76928;-53.26743;-22.76928;-53.26743;;MEDIO;CEP generico de cidade, nao de rua (2,4x mais falha)
297;;;endereco;Rua Fortaleza, 25, São João Batista do Glória - MG, 37920-000, Brasil;Rua Fortaleza 25 Sao Joao Batista do Gloria MG 37920000 Brazil;São João Batista do Glória;MG;37920000;-20.6351;-46.50568;-20.6351;-46.50568;;MEDIO;CEP generico de cidade, nao de rua (2,4x mais falha)
298;;;endereco;Rodovia Arlindo Bettio, Rosana - SP, 19273-000, Brasil;Rodovia Arlindo Bettio Rosana SP 19273000 Brazil;Rosana;SP;19273000;-22.57412;-53.05485;-22.57412;-53.05485;;ALTO;"endereco de rodovia (57-67% falharam); sem numero de porta; CEP generico de cidade, nao de rua (2,4x mais falha)"
299;;;endereco;Rua Floresta, 985, Chácara da Saudade, Paraty - RJ, 23970-000, Brasil;Rua Floresta 985 Paraty RJ 23970000 Brazil;Paraty;RJ;23970000;-23.22011;-44.72058;-23.22011;-44.72058;Chácara da Saudade;MEDIO;CEP generico de cidade, nao de rua (2,4x mais falha)
300;;;endereco;Avenida Prefeito Cirino Cabral, 9515, De Gravatá, Navegantes - SC, 88375-000, Brasil;Avenida Prefeito Cirino Cabral 9515 Navegantes SC 88375000 Brazil;Navegantes;SC;88375000;-26.82699;-48.62321;-26.82699;-48.62321;De Gravatá;MEDIO;CEP generico de cidade, nao de rua (2,4x mais falha)
301;;;endereco;Rua Arthur Bernardes, 66, Porto Mendes, Marechal Cândido Rondon - PR, 85960-000, Brasil;Rua Arthur Bernardes 66 Marechal Candido Rondon PR 85960000 Brazil;Marechal Cândido Rondon;PR;85960000;-24.49199;-54.31241;-24.49199;-54.31241;Porto Mendes;MEDIO;CEP generico de cidade, nao de rua (2,4x mais falha)
302;;;endereco;Rua Osório Fernandes de Macedo, 62, Da Barra, Balneário Camboriú - SC, 88332-075, Brasil;Rua Osorio Fernandes de Macedo 62 Balneario Camboriu SC 88332075 Brazil;Balneário Camboriú;SC;88332075;-27.00964;-48.61296;-27.00964;-48.61296;Da Barra;;
303;;;endereco;Rua Aristides de Oliveira, 177, Bockmann, Paranaguá - PR, 83203-695, Brasil;Rua Aristides de Oliveira 177 Paranagua PR 83203695 Brazil;Paranaguá;PR;83203695;-25.51679;-48.52269;-25.51679;-48.52269;Bockmann;;
304;;;endereco;Avenida Euginio José Gomes, 95, Santa Clara d'Oeste - SP, 15785-000, Brasil;Avenida Euginio Jose Gomes 95 Santa Clara d Oeste SP 15785000 Brazil;Santa Clara d'Oeste;SP;15785000;-20.09221;-50.93029;-20.09221;-50.93029;;MEDIO;CEP generico de cidade, nao de rua (2,4x mais falha)
305;;;endereco;Avenida Maringá, 11, Porto Maringá, Marilena - PR, 87960-000, Brasil;Avenida Maringa 11 Marilena PR 87960000 Brazil;Marilena;PR;87960000;-22.66777;-53.08001;-22.66777;-53.08001;Porto Maringá;MEDIO;CEP generico de cidade, nao de rua (2,4x mais falha)
306;;;endereco;Avenida Benedito Valadares, 47, Sacramento - MG, 38190-000, Brasil;Avenida Benedito Valadares 47 Sacramento MG 38190000 Brazil;Sacramento;MG;38190000;-19.86656;-47.44075;-19.86656;-47.44075;;MEDIO;CEP generico de cidade, nao de rua (2,4x mais falha)
307;;;endereco;Estrada Cubatão Grande, 2315, Vila Cubatão, Joinville - SC, 89226-833, Brasil;Estrada Cubatao Grande 2315 Joinville SC 89226833 Brazil;Joinville;SC;89226833;-26.20079;-48.79063;-26.20079;-48.79063;Vila Cubatão;ALTO;endereco de rodovia (57-67% falharam)
308;;;endereco;SC-410, Governador Celso Ramos - SC, 88190-000, Brasil;SC 410 Governador Celso Ramos SC 88190000 Brazil;Governador Celso Ramos;SC;88190000;-27.36628;-48.55699;-27.36628;-48.55699;;ALTO;"sem numero de porta; logradouro sem nome; CEP generico de cidade, nao de rua (2,4x mais falha)"
309;;;endereco;Avenida Beira Rio, 346, Porto Rico - PR, 87950-000, Brasil;Avenida Beira Rio 346 Porto Rico PR 87950000 Brazil;Porto Rico;PR;87950000;-22.76928;-53.26743;-22.76928;-53.26743;;MEDIO;CEP generico de cidade, nao de rua (2,4x mais falha)
310;;;endereco;Rua M. T. da Conceição, 23, Nazaré Paulista - SP, 12960-000, Brasil;Rua M T da Conceicao 23 Nazare Paulista SP 12960000 Brazil;Nazaré Paulista;SP;12960000;-23.18159;-46.39787;-23.18159;-46.39787;;MEDIO;CEP generico de cidade, nao de rua (2,4x mais falha)
311;;;endereco;Rua do Feliciano, Nazaré Paulista - SP, 12960-000, Brasil;Rua do Feliciano Nazare Paulista SP 12960000 Brazil;Nazaré Paulista;SP;12960000;-23.16598;-46.4014;-23.16598;-46.4014;;ALTO;"sem numero de porta; CEP generico de cidade, nao de rua (2,4x mais falha)"
312;;;endereco;Avenida Força Expedicionária Brasileira, 495, Ilhabela - SP, 11630-000, Brasil;Avenida Forca Expedicionaria Brasileira 495 Ilhabela SP 11630000 Brazil;Ilhabela;SP;11630000;-23.77448;-45.35384;-23.77448;-45.35384;;MEDIO;CEP generico de cidade, nao de rua (2,4x mais falha)
313;;;endereco;Rua Izamira Pinto Santana, 499, Porto Novo, Caraguatatuba - SP, 11667-360, Brasil;Rua Izamira Pinto Santana 499 Caraguatatuba SP 11667360 Brazil;Caraguatatuba;SP;11667360;-23.69291;-45.43806;-23.69291;-45.43806;Porto Novo;;
314;;;endereco;Tim Celular S/A., Rua Artista Bittencourt, 30, Centro, Florianópolis - SC, 88020-060, Brasil;Rua Artista Bittencourt 30 Florianopolis SC 88020060 Brazil;Florianópolis;SC;88020060;-27.59553;-48.548;-27.59553;-48.548;Centro;;
315;;;endereco;Rua Maria Francisca Pereira, 1997, Rosana - SP, 19273-000, Brasil;Rua Maria Francisca Pereira 1997 Rosana SP 19273000 Brazil;Rosana;SP;19273000;-22.57534;-53.05738;-22.57534;-53.05738;;MEDIO;CEP generico de cidade, nao de rua (2,4x mais falha)
316;;;endereco;Rodovia Prefeito Casimiro Teixeira, Iguape - SP, 11920-000, Brasil;Rodovia Prefeito Casimiro Teixeira Iguape SP 11920000 Brazil;Iguape;SP;11920000;-24.69563;-47.57083;-24.69563;-47.57083;;ALTO;"endereco de rodovia (57-67% falharam); sem numero de porta; CEP generico de cidade, nao de rua (2,4x mais falha)"
317;;;endereco;Rua Joaquim Lopes, Porto Rico - PR, 87950-000, Brasil;Rua Joaquim Lopes Porto Rico PR 87950000 Brazil;Porto Rico;PR;87950000;-22.77131;-53.26617;-22.77131;-53.26617;;ALTO;"sem numero de porta; CEP generico de cidade, nao de rua (2,4x mais falha)"
318;;;endereco;Estrada da Cumbica, 422, Jardim Ângela, São Paulo - SP, 04947-000, Brasil;Estrada da Cumbica 422 Sao Paulo SP 04947000 Brazil;São Paulo;SP;04947000;-23.72016;-46.75635;-23.72016;-46.75635;Jardim Ângela;ALTO;"endereco de rodovia (57-67% falharam); CEP generico de cidade, nao de rua (2,4x mais falha)"
319;;;endereco;Avenida Eurico Gaspar Dutra, 40, Tabatinga, Caraguatatuba - SP, 11679-200, Brasil;Avenida Eurico Gaspar Dutra 40 Caraguatatuba SP 11679200 Brazil;Caraguatatuba;SP;11679200;-23.57285;-45.27481;-23.57285;-45.27481;Tabatinga;;
320;;;endereco;Avenida Paraná, 556, São Pedro do Paraná - PR, 87955-000, Brasil;Avenida Parana 556 Sao Pedro do Parana PR 87955000 Brazil;São Pedro do Paraná;PR;87955000;-22.82417;-53.22473;-22.82417;-53.22473;;MEDIO;CEP generico de cidade, nao de rua (2,4x mais falha)
321;;;endereco;Rua dos Fernandes, 287, Natividade da Serra - SP, 12180-000, Brasil;Rua dos Fernandes 287 Natividade da Serra SP 12180000 Brazil;Natividade da Serra;SP;12180000;-23.37939;-45.44371;-23.37939;-45.44371;;MEDIO;CEP generico de cidade, nao de rua (2,4x mais falha)
322;;;endereco;Rua Aristides de Oliveira, 177, Bockmann, Paranaguá - PR, 83203-695, Brasil;Rua Aristides de Oliveira 177 Paranagua PR 83203695 Brazil;Paranaguá;PR;83203695;-25.51679;-48.52269;-25.51679;-48.52269;Bockmann;;
323;;;endereco;Avenida Governador Celso Ramos, 1345, Porto Belo - SC, 88210-000, Brasil;Avenida Governador Celso Ramos 1345 Porto Belo SC 88210000 Brazil;Porto Belo;SC;88210000;-27.16142;-48.5794;-27.16142;-48.5794;;MEDIO;CEP generico de cidade, nao de rua (2,4x mais falha)
324;;;endereco;Colégio Aplacição ULBRA, Avenida Beira Rio, Itumbiara - GO, 75524-272, Brasil;Avenida Beira Rio Itumbiara GO 75524272 Brazil;Itumbiara;GO;75524272;-18.41336;-49.20238;-18.41336;-49.20238;;ALTO;sem numero de porta
325;;;endereco;Rua Joaquim Lopes, 876, Porto Rico - PR, 87950-000, Brasil;Rua Joaquim Lopes 876 Porto Rico PR 87950000 Brazil;Porto Rico;PR;87950000;-22.77132;-53.26402;-22.77132;-53.26402;;MEDIO;CEP generico de cidade, nao de rua (2,4x mais falha)
326;;;endereco;Rua Tijucas, 63, Balneário Piçarras - SC, 88380-000, Brasil;Rua Tijucas 63 Balneario Picarras SC 88380000 Brazil;Balneário Piçarras;SC;88380000;-26.776;-48.67272;-26.776;-48.67272;;MEDIO;CEP generico de cidade, nao de rua (2,4x mais falha)
327;;;endereco;Rua Osório Fernandes de Macedo, 62, Da Barra, Balneário Camboriú - SC, 88332-075, Brasil;Rua Osorio Fernandes de Macedo 62 Balneario Camboriu SC 88332075 Brazil;Balneário Camboriú;SC;88332075;-27.00964;-48.61296;-27.00964;-48.61296;Da Barra;;
328;;;endereco;Avenida Perimetral, 340, Fortaleza, Rio Pardo - RS, 96640-000, Brasil;Avenida Perimetral 340 Rio Pardo RS 96640000 Brazil;Rio Pardo;RS;96640000;-29.99423;-52.37889;-29.99423;-52.37889;Fortaleza;MEDIO;CEP generico de cidade, nao de rua (2,4x mais falha)
329;;;endereco;Rua Aurora, 22, Jardim Iate Clube, Balneário Camboriú - SC, 88337-225, Brasil;Rua Aurora 22 Balneario Camboriu SC 88337225 Brazil;Balneário Camboriú;SC;88337225;-27.01514;-48.63231;-27.01514;-48.63231;Jardim Iate Clube;;
330;;;endereco;Rua Rodrigo, 245, Rifaina - SP, 14490-000, Brasil;Rua Rodrigo 245 Rifaina SP 14490000 Brazil;Rifaina;SP;14490000;-20.08097;-47.42935;-20.08097;-47.42935;;MEDIO;CEP generico de cidade, nao de rua (2,4x mais falha)
331;;;endereco;Gipsy Garden, Golfe, Armação dos Búzios - RJ, 28950-000, Brasil;Gipsy Garden Golfe Armacao dos Buzios RJ 28950000 Brazil;Armação dos Búzios;RJ;28950000;-22.78297;-41.96241;-22.78297;-41.96241;;ALTO;"sem numero de porta; CEP generico de cidade, nao de rua (2,4x mais falha)"
332;;;endereco;Rua Vinte e Seis, 129, Itá - SC, 89760-000, Brasil;Rua Vinte e Seis 129 Ita SC 89760000 Brazil;Itá;SC;89760000;-27.27464;-52.33938;-27.27464;-52.33938;;MEDIO;CEP generico de cidade, nao de rua (2,4x mais falha)
333;;;endereco;Avenida Celso Romano de Oliveira, Porto Rico - PR, 87950-000, Brasil;Avenida Celso Romano de Oliveira Porto Rico PR 87950000 Brazil;Porto Rico;PR;87950000;-22.77131;-53.26851;-22.77131;-53.26851;;ALTO;"sem numero de porta; CEP generico de cidade, nao de rua (2,4x mais falha)"
334;;;endereco;Rua Amadeu Prianti Chaves, 40, Igaratá - SP, 12350-000, Brasil;Rua Amadeu Prianti Chaves 40 Igarata SP 12350000 Brazil;Igaratá;SP;12350000;-23.20527;-46.15614;-23.20527;-46.15614;;MEDIO;CEP generico de cidade, nao de rua (2,4x mais falha)
335;;;endereco;Rua Ilhota, 1521, Itapema do Norte, Itapoá - SC, 89249-000, Brasil;Rua Ilhota 1521 Itapoa SC 89249000 Brazil;Itapoá;SC;89249000;-26.07305;-48.60377;-26.07305;-48.60377;Itapema do Norte;MEDIO;CEP generico de cidade, nao de rua (2,4x mais falha)
336;;;endereco;Rua Tijuana, 2415, Ilha Comprida - SP, 11925-000, Brasil;Rua Tijuana 2415 Ilha Comprida SP 11925000 Brazil;Ilha Comprida;SP;11925000;-24.72923;-47.56063;-24.72923;-47.56063;;MEDIO;CEP generico de cidade, nao de rua (2,4x mais falha)
337;;;endereco;Rua Hespanhol, 522, Passo de Torres - SC, 88980-000, Brasil;Rua Hespanhol 522 Passo de Torres SC 88980000 Brazil;Passo de Torres;SC;88980000;-29.3207;-49.72406;-29.3207;-49.72406;;MEDIO;CEP generico de cidade, nao de rua (2,4x mais falha)
338;;;endereco;Rua Coronel Carvalho, 9, Centro, Angra dos Reis - RJ, 23900-315, Brasil;Rua Coronel Carvalho 9 Angra dos Reis RJ 23900315 Brazil;Angra dos Reis;RJ;23900315;-23.00582;-44.3157;-23.00582;-44.3157;Centro;;
339;;;endereco;Rua Antônio Bento Peixoto, 744, Miguelópolis - SP, 14530-000, Brasil;Rua Antonio Bento Peixoto 744 Miguelopolis SP 14530000 Brazil;Miguelópolis;SP;14530000;-20.17986;-48.03109;-20.17986;-48.03109;;MEDIO;CEP generico de cidade, nao de rua (2,4x mais falha)
340;;;endereco;Rua Pirapua, 443, Pontal do Norte, Itapoá - SC, 89249-000, Brasil;Rua Pirapua 443 Itapoa SC 89249000 Brazil;Itapoá;SC;89249000;-26.17104;-48.60093;-26.17104;-48.60093;Pontal do Norte;MEDIO;CEP generico de cidade, nao de rua (2,4x mais falha)
341;;;endereco;Rua Peixe Vivo, 155, Socorro, São Paulo - SP, 04772-100, Brasil;Rua Peixe Vivo 155 Sao Paulo SP 04772100 Brazil;São Paulo;SP;04772100;-23.69269;-46.71563;-23.69269;-46.71563;Socorro;;
342;;;endereco;Avenida Governador Celso Ramos, 2825, Porto Belo - SC, 88210-000, Brasil;Avenida Governador Celso Ramos 2825 Porto Belo SC 88210000 Brazil;Porto Belo;SC;88210000;-27.15307;-48.53966;-27.15307;-48.53966;;MEDIO;CEP generico de cidade, nao de rua (2,4x mais falha)
343;;;endereco;Rua Urcezino Ferreira, 706, Baixio, Itanhaém - SP, 11740-000, Brasil;Rua Urcezino Ferreira 706 Itanhaem SP 11740000 Brazil;Itanhaém;SP;11740000;-24.18759;-46.79652;-24.18759;-46.79652;Baixio;MEDIO;CEP generico de cidade, nao de rua (2,4x mais falha)
344;;;endereco;Rua Wilson Rodrigues de Oliveira, 522, Ribeirão Claro - PR, 86410-000, Brasil;Rua Wilson Rodrigues de Oliveira 522 Ribeirao Claro PR 86410000 Brazil;Ribeirão Claro;PR;86410000;-23.2008;-49.75575;-23.2008;-49.75575;;MEDIO;CEP generico de cidade, nao de rua (2,4x mais falha)
345;;;endereco;PR-412, Pontal do Paraná - PR, 83255-000, Brasil;PR 412 Pontal do Parana PR 83255000 Brazil;Pontal do Paraná;PR;83255000;-25.69724;-48.47591;-25.69724;-48.47591;;ALTO;"sem numero de porta; logradouro sem nome; CEP generico de cidade, nao de rua (2,4x mais falha)"
346;;;endereco;Avenida Dois, 18, Itirapina - SP, 13530-000, Brasil;Avenida Dois 18 Itirapina SP 13530000 Brazil;Itirapina;SP;13530000;-22.25673;-47.81728;-22.25673;-47.81728;;MEDIO;CEP generico de cidade, nao de rua (2,4x mais falha)
347;;;endereco;Rua Rio Claro, Porto São José, São Pedro do Paraná - PR, 87957-000, Brasil;Rua Rio Claro Porto Sao Jose Sao Pedro do Parana PR 87957000 Brazil;São Pedro do Paraná;PR;87957000;-22.71972;-53.17172;-22.71972;-53.17172;;ALTO;"sem numero de porta; CEP generico de cidade, nao de rua (2,4x mais falha)"
348;;;endereco;Rua Fortunato Campante, 1806, Paulicéia - SP, 17990-000, Brasil;Rua Fortunato Campante 1806 Pauliceia SP 17990000 Brazil;Paulicéia;SP;17990000;-21.31574;-51.83241;-21.31574;-51.83241;;MEDIO;CEP generico de cidade, nao de rua (2,4x mais falha)
349;;;endereco;Rua João Manoel de Oliveira, 250, Tabatinga, Caraguatatuba - SP, 11679-350, Brasil;Rua Joao Manoel de Oliveira 250 Caraguatatuba SP 11679350 Brazil;Caraguatatuba;SP;11679350;-23.57726;-45.27572;-23.57726;-45.27572;Tabatinga;;
350;;;endereco;Rua Benedito Marcos de Souza, 134, Porto Novo, Caraguatatuba - SP, 11669-450, Brasil;Rua Benedito Marcos de Souza 134 Caraguatatuba SP 11669450 Brazil;Caraguatatuba;SP;11669450;-23.69333;-45.44088;-23.69333;-45.44088;Porto Novo;;
351;;;endereco;Rua Marquês de Barbacena, 129, Verolme, Angra dos Reis - RJ, 23914-370, Brasil;Rua Marques de Barbacena 129 Angra dos Reis RJ 23914370 Brazil;Angra dos Reis;RJ;23914370;-23.00338;-44.23676;-23.00338;-44.23676;Verolme;;
352;;;endereco;Estrada Vereador Benedito Adelino, 21, Vila Velha, Angra dos Reis - RJ, 23909-400, Brasil;Estrada Vereador Benedito Adelino 21 Angra dos Reis RJ 23909400 Brazil;Angra dos Reis;RJ;23909400;-23.02331;-44.35794;-23.02331;-44.35794;Vila Velha;ALTO;endereco de rodovia (57-67% falharam)
353;;;endereco;Avenida Iguaçu, 809, Nova Prata do Iguaçu - PR, 85685-000, Brasil;Avenida Iguacu 809 Nova Prata do Iguacu PR 85685000 Brazil;Nova Prata do Iguaçu;PR;85685000;-25.63443;-53.34557;-25.63443;-53.34557;;MEDIO;CEP generico de cidade, nao de rua (2,4x mais falha)
354;;;endereco;Rua Vereador Luiz Benedito, 120, Santa Isabel - SP, 07500-000, Brasil;Rua Vereador Luiz Benedito 120 Santa Isabel SP 07500000 Brazil;Santa Isabel;SP;07500000;-23.31775;-46.22413;-23.31775;-46.22413;;MEDIO;CEP generico de cidade, nao de rua (2,4x mais falha)
355;;;endereco;Avenida Iguaçu, 833, São Miguel do Iguaçu - PR, 85877-000, Brasil;Avenida Iguacu 833 Sao Miguel do Iguacu PR 85877000 Brazil;São Miguel do Iguaçu;PR;85877000;-25.34967;-54.2406;-25.34967;-54.2406;;MEDIO;CEP generico de cidade, nao de rua (2,4x mais falha)
356;;;endereco;Avenida Beira Rio, 346, Porto Rico - PR, 87950-000, Brasil;Avenida Beira Rio 346 Porto Rico PR 87950000 Brazil;Porto Rico;PR;87950000;-22.76928;-53.26743;-22.76928;-53.26743;;MEDIO;CEP generico de cidade, nao de rua (2,4x mais falha)
357;;;endereco;PR-412, Pontal do Paraná - PR, 83255-000, Brasil;PR 412 Pontal do Parana PR 83255000 Brazil;Pontal do Paraná;PR;83255000;-25.69724;-48.47591;-25.69724;-48.47591;;ALTO;"sem numero de porta; logradouro sem nome; CEP generico de cidade, nao de rua (2,4x mais falha)"
358;;;endereco;Rua Nunes Viveiros, 121, Centro, Bertioga - SP, 11250-045, Brasil;Rua Nunes Viveiros 121 Bertioga SP 11250045 Brazil;Bertioga;SP;11250045;-23.85434;-46.14174;-23.85434;-46.14174;Centro;;
359;;;endereco;Rua Marte, 473, Capitólio - MG, 37930-000, Brasil;Rua Marte 473 Capitolio MG 37930000 Brazil;Capitólio;MG;37930000;-20.63424;-46.00118;-20.63424;-46.00118;;MEDIO;CEP generico de cidade, nao de rua (2,4x mais falha)
360;;;endereco;Rua do Barrigudinho, Bracuí, Angra dos Reis - RJ, 23943-120, Brasil;Rua do Barrigudinho Bracui Angra dos Reis RJ 23943120 Brazil;Angra dos Reis;RJ;23943120;-22.953;-44.39367;-22.953;-44.39367;;ALTO;sem numero de porta
362;;;endereco;Rua Tubarão, 308, Balneário Piçarras - SC, 88380-000, Brasil;Rua Tubarao 308 Balneario Picarras SC 88380000 Brazil;Balneário Piçarras;SC;88380000;-26.77492;-48.67114;-26.77492;-48.67114;;MEDIO;CEP generico de cidade, nao de rua (2,4x mais falha)
363;;;endereco;Rua João Lourenço, 250, Moema, São Paulo - SP, 04508-030, Brasil;Rua Joao Lourenco 250 Sao Paulo SP 04508030 Brazil;São Paulo;SP;04508030;-23.59104;-46.66692;-23.59104;-46.66692;Moema;;
364;;;endereco;Chácara do Tiê, Joanópolis - SP, 12980-000, Brasil;Chacara do Tie Joanopolis SP 12980000 Brazil;Joanópolis;SP;12980000;-22.95645;-46.39195;-22.95645;-46.39195;;ALTO;"sem numero de porta; CEP generico de cidade, nao de rua (2,4x mais falha)"
365;;;endereco;Shell, Rodovia José Henrique Rupp, São Jorge d'Oeste - PR, 85575-000, Brasil;Rodovia Jose Henrique Rupp Sao Jorge d Oeste PR 85575000 Brazil;São Jorge d'Oeste;PR;85575000;-25.71059;-52.91918;-25.71059;-52.91918;;ALTO;"endereco de rodovia (57-67% falharam); sem numero de porta; CEP generico de cidade, nao de rua (2,4x mais falha)"
366;;;endereco;Rodovia Ariovaldo de Almeida Viana, Guarujá - SP, Brasil;Rodovia Ariovaldo de Almeida Viana Guaruja SP Brazil;Guarujá;SP;;-23.92779;-46.20859;-23.92779;-46.20859;;ALTO;"endereco de rodovia (57-67% falharam); sem numero de porta"
367;;;endereco;Avenida Jair Leite, 781, Pimenta - MG, 35585-000, Brasil;Avenida Jair Leite 781 Pimenta MG 35585000 Brazil;Pimenta;MG;35585000;-20.4832;-45.80524;-20.4832;-45.80524;;MEDIO;CEP generico de cidade, nao de rua (2,4x mais falha)
368;;;endereco;Rua da Paz, 1709, Santo Amaro, São Paulo - SP, 04713-002, Brasil;Rua da Paz 1709 Sao Paulo SP 04713002 Brazil;São Paulo;SP;04713002;-23.62808;-46.70451;-23.62808;-46.70451;Santo Amaro;;
369;;;endereco;Avenida Jaraguá do Sul, 251, Balneário Barra do Sul - SC, 89247-000, Brasil;Avenida Jaragua do Sul 251 Balneario Barra do Sul SC 89247000 Brazil;Balneário Barra do Sul;SC;89247000;-26.4553;-48.6138;-26.4553;-48.6138;;MEDIO;CEP generico de cidade, nao de rua (2,4x mais falha)
370;;;endereco;Rua Catorze, 127, Mirante da Orla, Caraguatatuba - SP, 11666-080, Brasil;Rua Catorze 127 Caraguatatuba SP 11666080 Brazil;Caraguatatuba;SP;11666080;-23.59431;-45.36513;-23.59431;-45.36513;Mirante da Orla;;
371;;;endereco;Avenida Coronel Gallotti, 749, Tijucas - SC, 88200-340, Brasil;Avenida Coronel Gallotti 749 Tijucas SC 88200340 Brazil;Tijucas;SC;88200340;-27.24241;-48.62334;-27.24241;-48.62334;;;
372;;;endereco;Rua Garça, 138, Folha Seca, Ubatuba - SP, 11680-000, Brasil;Rua Garca 138 Ubatuba SP 11680000 Brazil;Ubatuba;SP;11680000;-23.48618;-45.1564;-23.48618;-45.1564;Folha Seca;MEDIO;CEP generico de cidade, nao de rua (2,4x mais falha)
373;;;endereco;Avenida Principal, 1189, Indaiá, Bertioga - SP, 11250-000, Brasil;Avenida Principal 1189 Bertioga SP 11250000 Brazil;Bertioga;SP;11250000;-23.80095;-46.04717;-23.80095;-46.04717;Indaiá;MEDIO;CEP generico de cidade, nao de rua (2,4x mais falha)
374;;;endereco;Rua Pescador, 1150, Arquipélago, Porto Alegre - RS, Brasil;Rua Pescador 1150 Porto Alegre RS Brazil;Porto Alegre;RS;;-29.98609;-51.2515;-29.98609;-51.2515;Arquipélago;;
375;;;endereco;Rua Josué de Paula, 1550, Rifaina - SP, 14490-000, Brasil;Rua Josue de Paula 1550 Rifaina SP 14490000 Brazil;Rifaina;SP;14490000;-20.08889;-47.4202;-20.08889;-47.4202;;MEDIO;CEP generico de cidade, nao de rua (2,4x mais falha)
376;;;endereco;Rua Vinte e Quatro de Julho, 867, Buriti Alegre - GO, 75660-000, Brasil;Rua Vinte e Quatro de Julho 867 Buriti Alegre GO 75660000 Brazil;Buriti Alegre;GO;75660000;-18.13825;-49.04087;-18.13825;-49.04087;;MEDIO;CEP generico de cidade, nao de rua (2,4x mais falha)
377;;;endereco;Avenida José Herculano, 7311, Balneário Acapulco, Caraguatatuba - SP, 11667-000, Brasil;Avenida Jose Herculano 7311 Caraguatatuba SP 11667000 Brazil;Caraguatatuba;SP;11667000;-23.69788;-45.43951;-23.69788;-45.43951;Balneário Acapulco;MEDIO;CEP generico de cidade, nao de rua (2,4x mais falha)
378;;;endereco;Avenida Pedro Ometto, Barra Bonita - SP, 17340-001, Brasil;Avenida Pedro Ometto Barra Bonita SP 17340001 Brazil;Barra Bonita;SP;17340001;-22.49809;-48.56068;-22.49809;-48.56068;;ALTO;sem numero de porta
379;;;endereco;Evolution Language, Avenida Rio Branco, Indaiá, Caraguatatuba - SP, 11665-600, Brasil;Avenida Rio Branco Indaia Caraguatatuba SP 11665600 Brazil;Caraguatatuba;SP;11665600;-23.63068;-45.42658;-23.63068;-45.42658;;ALTO;sem numero de porta
380;;;endereco;Rua Santo Amaro, 1717, São Francisco de Assis, Camboriú - SC, 88340-680, Brasil;Rua Santo Amaro 1717 Camboriu SC 88340680 Brazil;Camboriú;SC;88340680;-27.01681;-48.63109;-27.01681;-48.63109;São Francisco de Assis;;
381;;;endereco;Cantinho do Faninho, Avenida Vicente de Carvalho, Centro, Bertioga - SP, 11250-045, Brasil;Avenida Vicente de Carvalho Centro Bertioga SP 11250045 Brazil;Bertioga;SP;11250045;-23.85459;-46.13696;-23.85459;-46.13696;;ALTO;sem numero de porta
382;;;endereco;Rua Benjamin Constant, 763, Centro Histórico, Paranaguá - PR, 83203-190, Brasil;Rua Benjamin Constant 763 Paranagua PR 83203190 Brazil;Paranaguá;PR;83203190;-25.5176;-48.50254;-25.5176;-48.50254;Centro Histórico;;
383;;;endereco;PR-412, Pontal do Paraná - PR, 83255-000, Brasil;PR 412 Pontal do Parana PR 83255000 Brazil;Pontal do Paraná;PR;83255000;-25.69724;-48.47591;-25.69724;-48.47591;;ALTO;"sem numero de porta; logradouro sem nome; CEP generico de cidade, nao de rua (2,4x mais falha)"
384;;;endereco;Rua Alegrete, Imbé - RS, 95625-000, Brasil;Rua Alegrete Imbe RS 95625000 Brazil;Imbé;RS;95625000;-29.97594;-50.12755;-29.97594;-50.12755;;ALTO;"sem numero de porta; CEP generico de cidade, nao de rua (2,4x mais falha)"
385;;;endereco;Rua Coronel Luiz da Silva Batista, 880, Subsetor Sul-3, Ribeirão Preto - SP, 14020-570, Brasil;Rua Coronel Luiz da Silva Batista 880 Ribeirao Preto SP 14020570 Brazil;Ribeirão Preto;SP;14020570;-21.20695;-47.80668;-21.20695;-47.80668;Subsetor Sul-3;;
386;;;endereco;Rua Vinte e Quatro de Julho, 867, Buriti Alegre - GO, 75660-000, Brasil;Rua Vinte e Quatro de Julho 867 Buriti Alegre GO 75660000 Brazil;Buriti Alegre;GO;75660000;-18.13825;-49.04087;-18.13825;-49.04087;;MEDIO;CEP generico de cidade, nao de rua (2,4x mais falha)
387;;;endereco;Rua Dom Afonso, 203, Vila Real, Balneário Camboriú - SC, 88337-070, Brasil;Rua Dom Afonso 203 Balneario Camboriu SC 88337070 Brazil;Balneário Camboriú;SC;88337070;-27.00773;-48.62386;-27.00773;-48.62386;Vila Real;;
388;;;endereco;Rua Marechal Deodoro, 211, Mangueirinha - PR, 85540-000, Brasil;Rua Marechal Deodoro 211 Mangueirinha PR 85540000 Brazil;Mangueirinha;PR;85540000;-25.9427;-52.1747;-25.9427;-52.1747;;MEDIO;CEP generico de cidade, nao de rua (2,4x mais falha)
389;;;endereco;Rua Capitão Rufino, 251, Itumbiara - GO, 75522-220, Brasil;Rua Capitao Rufino 251 Itumbiara GO 75522220 Brazil;Itumbiara;GO;75522220;-18.41316;-49.19841;-18.41316;-49.19841;;;
390;;;endereco;Rua Urcezino Ferreira, 706, Baixio, Itanhaém - SP, 11740-000, Brasil;Rua Urcezino Ferreira 706 Itanhaem SP 11740000 Brazil;Itanhaém;SP;11740000;-24.18759;-46.79652;-24.18759;-46.79652;Baixio;MEDIO;CEP generico de cidade, nao de rua (2,4x mais falha)
391;;;endereco;Avenida Luiz Alberto Zanoni, 77, Guarujá - SP, 11420-720, Brasil;Avenida Luiz Alberto Zanoni 77 Guaruja SP 11420720 Brazil;Guarujá;SP;11420720;-24.00402;-46.29261;-24.00402;-46.29261;;;
392;;;endereco;PR-412, Pontal do Paraná - PR, 83255-000, Brasil;PR 412 Pontal do Parana PR 83255000 Brazil;Pontal do Paraná;PR;83255000;-25.69724;-48.47591;-25.69724;-48.47591;;ALTO;"sem numero de porta; logradouro sem nome; CEP generico de cidade, nao de rua (2,4x mais falha)"
393;;;endereco;Rua das Flores, 1935, Praia do Meio, Palhoça - SC, 88139-250, Brasil;Rua das Flores 1935 Palhoca SC 88139250 Brazil;Palhoça;SC;88139250;-27.86703;-48.60412;-27.86703;-48.60412;Praia do Meio;;
394;;;endereco;Rua Floresta, 985, Chácara da Saudade, Paraty - RJ, 23970-000, Brasil;Rua Floresta 985 Paraty RJ 23970000 Brazil;Paraty;RJ;23970000;-23.22011;-44.72058;-23.22011;-44.72058;Chácara da Saudade;MEDIO;CEP generico de cidade, nao de rua (2,4x mais falha)
395;;;endereco;Rua Calixto Jorge, 381, Rifaina - SP, 14490-000, Brasil;Rua Calixto Jorge 381 Rifaina SP 14490000 Brazil;Rifaina;SP;14490000;-20.08193;-47.42016;-20.08193;-47.42016;;MEDIO;CEP generico de cidade, nao de rua (2,4x mais falha)
396;;;endereco;Rua Blandina Steiner Beckhauser, 922, Do Ubatuba, São Francisco do Sul - SC, 89240-000, Brasil;Rua Blandina Steiner Beckhauser 922 Sao Francisco do Sul SC 89240000 Brazil;São Francisco do Sul;SC;89240000;-26.18605;-48.56915;-26.18605;-48.56915;Do Ubatuba;MEDIO;CEP generico de cidade, nao de rua (2,4x mais falha)
397;;;endereco;Avenida Damião Botelho de Souza, 1310, Guaratuba - PR, 83280-000, Brasil;Avenida Damiao Botelho de Souza 1310 Guaratuba PR 83280000 Brazil;Guaratuba;PR;83280000;-25.87971;-48.62114;-25.87971;-48.62114;;MEDIO;CEP generico de cidade, nao de rua (2,4x mais falha)
398;;;endereco;Estrada Henrique Rosa, 445, Cinco, São Bernardo do Campo - SP, 09831-500, Brasil;Estrada Henrique Rosa 445 Sao Bernardo do Campo SP 09831500 Brazil;São Bernardo do Campo;SP;09831500;-23.79139;-46.54853;-23.79139;-46.54853;Cinco;ALTO;endereco de rodovia (57-67% falharam)
399;;;endereco;Rua Dom Sebastião, 740, Vila Real, Balneário Camboriú - SC, 88337-110, Brasil;Rua Dom Sebastiao 740 Balneario Camboriu SC 88337110 Brazil;Balneário Camboriú;SC;88337110;-27.01139;-48.62848;-27.01139;-48.62848;Vila Real;;
400;;;endereco;Rua Portugal, 67, Do Ubatuba, São Francisco do Sul - SC, 89240-000, Brasil;Rua Portugal 67 Sao Francisco do Sul SC 89240000 Brazil;São Francisco do Sul;SC;89240000;-26.1887;-48.57124;-26.1887;-48.57124;Do Ubatuba;MEDIO;CEP generico de cidade, nao de rua (2,4x mais falha)
401;;;endereco;Rua Humberto Campos, 15, Parque Estrela Dalva I, Luziânia - GO, 72804-150, Brasil;Rua Humberto Campos 15 Luziania GO 72804150 Brazil;Luziânia;GO;72804150;-16.25273;-47.92598;-16.25273;-47.92598;Parque Estrela Dalva I;;
402;;;endereco;Rua dos Jambolões, 490, Parque Eldorado 2, Eldorado do Sul - RS, 92990-000, Brasil;Rua dos Jamboloes 490 Eldorado do Sul RS 92990000 Brazil;Eldorado do Sul;RS;92990000;-30.1115;-51.63078;-30.1115;-51.63078;Parque Eldorado 2;MEDIO;CEP generico de cidade, nao de rua (2,4x mais falha)
403;;;endereco;Avenida da Praia, 1003, Toninhas, Ubatuba - SP, 11687-190, Brasil;Avenida da Praia 1003 Ubatuba SP 11687190 Brazil;Ubatuba;SP;11687190;-23.48964;-45.07467;-23.48964;-45.07467;Toninhas;;
404;;;endereco;Rua M. T. da Conceição, 23, Nazaré Paulista - SP, 12960-000, Brasil;Rua M T da Conceicao 23 Nazare Paulista SP 12960000 Brazil;Nazaré Paulista;SP;12960000;-23.18159;-46.39787;-23.18159;-46.39787;;MEDIO;CEP generico de cidade, nao de rua (2,4x mais falha)
405;;;endereco;Estrada Timbé, 10283, Joinville - SC, 89226-500, Brasil;Estrada Timbe 10283 Joinville SC 89226500 Brazil;Joinville;SC;89226500;-26.20768;-48.80147;-26.20768;-48.80147;;ALTO;endereco de rodovia (57-67% falharam)
406;;;endereco;Rua Dom Francisco, 110, Vila Real, Balneário Camboriú - SC, 88337-090, Brasil;Rua Dom Francisco 110 Balneario Camboriu SC 88337090 Brazil;Balneário Camboriú;SC;88337090;-27.01209;-48.62728;-27.01209;-48.62728;Vila Real;;
407;;;endereco;Marina da Conga, Rua dos Pescadores, 1650, Arquipélago, Porto Alegre - RS, 90090-170, Brasil;Rua dos Pescadores 1650 Porto Alegre RS 90090170 Brazil;Porto Alegre;RS;90090170;-30.0054;-51.2585;-30.0054;-51.2585;Arquipélago;;
408;;;endereco;Rua Luís Vaz de Camões, 655, Adolfo - SP, 15230-000, Brasil;Rua Luis Vaz de Camoes 655 Adolfo SP 15230000 Brazil;Adolfo;SP;15230000;-21.23295;-49.64563;-21.23295;-49.64563;;MEDIO;CEP generico de cidade, nao de rua (2,4x mais falha)
409;;;endereco;Rodovia Baldicero Filomeno, 12520, Caiacanga, Florianópolis - SC, 88064-002, Brasil;Rodovia Baldicero Filomeno 12520 Florianopolis SC 88064002 Brazil;Florianópolis;SC;88064002;-27.75914;-48.56945;-27.75914;-48.56945;Caiacanga;ALTO;endereco de rodovia (57-67% falharam)
410;;;endereco;Sces Trecho 1, Asa Sul, Brasília - DF, 70200-001, Brasil;Sces Trecho 1 Brasilia DF 70200001 Brazil;Brasília;DF;70200001;-15.82087;-47.88125;-15.82087;-47.88125;Asa Sul;;
411;;;endereco;Rua Ernesto M. Simões, 360, Cananéia - SP, 11990-000, Brasil;Rua Ernesto M Simoes 360 Cananeia SP 11990000 Brazil;Cananéia;SP;11990000;-25.01888;-47.92626;-25.01888;-47.92626;;MEDIO;CEP generico de cidade, nao de rua (2,4x mais falha)
412;;;endereco;Rua José Mantuani, 514, Marilena - PR, 87960-000, Brasil;Rua Jose Mantuani 514 Marilena PR 87960000 Brazil;Marilena;PR;87960000;-22.73399;-53.04068;-22.73399;-53.04068;;MEDIO;CEP generico de cidade, nao de rua (2,4x mais falha)
413;;;endereco;Rua Antônio Olaia, 180, Guapé - MG, 37177-000, Brasil;Rua Antonio Olaia 180 Guape MG 37177000 Brazil;Guapé;MG;37177000;-20.76163;-45.92187;-20.76163;-45.92187;;MEDIO;CEP generico de cidade, nao de rua (2,4x mais falha)
414;;;endereco;Avenida Marginal, 2380, Itirapina - SP, 13530-000, Brasil;Avenida Marginal 2380 Itirapina SP 13530000 Brazil;Itirapina;SP;13530000;-22.17974;-47.88924;-22.17974;-47.88924;;MEDIO;CEP generico de cidade, nao de rua (2,4x mais falha)
415;;;endereco;Avenida Benedito Valadares, 47, Sacramento - MG, 38190-000, Brasil;Avenida Benedito Valadares 47 Sacramento MG 38190000 Brazil;Sacramento;MG;38190000;-19.86656;-47.44075;-19.86656;-47.44075;;MEDIO;CEP generico de cidade, nao de rua (2,4x mais falha)
416;;;endereco;Rua José Benardino Rodrigues, 450, Guapé - MG, 37177-000, Brasil;Rua Jose Benardino Rodrigues 450 Guape MG 37177000 Brazil;Guapé;MG;37177000;-20.76359;-45.91554;-20.76359;-45.91554;;MEDIO;CEP generico de cidade, nao de rua (2,4x mais falha)
417;;;endereco;Avenida Beira Rio, Porto Maringá, Marilena - PR, 87960-000, Brasil;Avenida Beira Rio Porto Maringa Marilena PR 87960000 Brazil;Marilena;PR;87960000;-22.66601;-53.09054;-22.66601;-53.09054;;ALTO;"sem numero de porta; CEP generico de cidade, nao de rua (2,4x mais falha)"
418;;;endereco;Avenida Marcolino Antônio Rosa, Icém - SP, 15460-000, Brasil;Avenida Marcolino Antonio Rosa Icem SP 15460000 Brazil;Icém;SP;15460000;-20.34034;-49.19375;-20.34034;-49.19375;;ALTO;"sem numero de porta; CEP generico de cidade, nao de rua (2,4x mais falha)"
419;;;endereco;Rua Domingos Peneda, 1047, Vila Itiberê, Paranaguá - PR, 83209-340, Brasil;Rua Domingos Peneda 1047 Paranagua PR 83209340 Brazil;Paranaguá;PR;83209340;-25.53156;-48.51856;-25.53156;-48.51856;Vila Itiberê;;
420;;;endereco;Rua Timbiras, 51, Vila Guarani, Paranaguá - PR, 83221-390, Brasil;Rua Timbiras 51 Paranagua PR 83221390 Brazil;Paranaguá;PR;83221390;-25.518;-48.54572;-25.518;-48.54572;Vila Guarani;;
421;;;endereco;Rua Visconde de Cabo Frio, 251, Verolme, Angra dos Reis - RJ, 23914-355, Brasil;Rua Visconde de Cabo Frio 251 Angra dos Reis RJ 23914355 Brazil;Angra dos Reis;RJ;23914355;-23.00435;-44.23564;-23.00435;-44.23564;Verolme;;
422;;;endereco;Rua Calixto Jorge, 184, Rifaina - SP, 14490-000, Brasil;Rua Calixto Jorge 184 Rifaina SP 14490000 Brazil;Rifaina;SP;14490000;-20.08313;-47.42155;-20.08313;-47.42155;;MEDIO;CEP generico de cidade, nao de rua (2,4x mais falha)
423;;;endereco;Rua Valentim Ramos Delano, 151, Socorro, São Paulo - SP, 04772-040, Brasil;Rua Valentim Ramos Delano 151 Sao Paulo SP 04772040 Brazil;São Paulo;SP;04772040;-23.68599;-46.71628;-23.68599;-46.71628;Socorro;;
424;;;endereco;Gipsy Garden, Golfe, Armação dos Búzios - RJ, 28950-000, Brasil;Gipsy Garden Golfe Armacao dos Buzios RJ 28950000 Brazil;Armação dos Búzios;RJ;28950000;-22.78297;-41.96241;-22.78297;-41.96241;;ALTO;"sem numero de porta; CEP generico de cidade, nao de rua (2,4x mais falha)"
425;;;endereco;Sces Trecho 1, Asa Sul, Brasília - DF, 70200-001, Brasil;Sces Trecho 1 Brasilia DF 70200001 Brazil;Brasília;DF;70200001;-15.82124;-47.88142;-15.82124;-47.88142;Asa Sul;;
426;;;endereco;Rua Pocidônio Carvalho, 47, Balneário Piçarras - SC, 88380-000, Brasil;Rua Pocidonio Carvalho 47 Balneario Picarras SC 88380000 Brazil;Balneário Piçarras;SC;88380000;-26.77261;-48.67608;-26.77261;-48.67608;;MEDIO;CEP generico de cidade, nao de rua (2,4x mais falha)
427;;;endereco;Rua Bento Francisco, 415, São Miguel, Biguaçu - SC, 88168-096, Brasil;Rua Bento Francisco 415 Biguacu SC 88168096 Brazil;Biguaçu;SC;88168096;-27.46972;-48.6404;-27.46972;-48.6404;São Miguel;;
428;;;endereco;Vje Autocar, Rua Francisco de Barros, Ibiúna - SP, 18150-000, Brasil;Rua Francisco de Barros Ibiuna SP 18150000 Brazil;Ibiúna;SP;18150000;-23.66014;-47.22357;-23.66014;-47.22357;;ALTO;"sem numero de porta; CEP generico de cidade, nao de rua (2,4x mais falha)"
429;;;endereco;Rua Rio Claro, Porto São José, São Pedro do Paraná - PR, 87957-000, Brasil;Rua Rio Claro Porto Sao Jose Sao Pedro do Parana PR 87957000 Brazil;São Pedro do Paraná;PR;87957000;-22.71972;-53.17172;-22.71972;-53.17172;;ALTO;"sem numero de porta; CEP generico de cidade, nao de rua (2,4x mais falha)"
430;;;endereco;Avenida Governador Celso Ramos, 2825, Porto Belo - SC, 88210-000, Brasil;Avenida Governador Celso Ramos 2825 Porto Belo SC 88210000 Brazil;Porto Belo;SC;88210000;-27.15307;-48.53966;-27.15307;-48.53966;;MEDIO;CEP generico de cidade, nao de rua (2,4x mais falha)
431;;;endereco;Rua Guarani, 171, Fama - MG, 37144-000, Brasil;Rua Guarani 171 Fama MG 37144000 Brazil;Fama;MG;37144000;-21.40925;-45.8294;-21.40925;-45.8294;;MEDIO;CEP generico de cidade, nao de rua (2,4x mais falha)
432;;;endereco;Rua Quinze de Novembro, 70, Centro, Mangaratiba - RJ, 23860-000, Brasil;Rua Quinze de Novembro 70 Mangaratiba RJ 23860000 Brazil;Mangaratiba;RJ;23860000;-22.95992;-44.04138;-22.95992;-44.04138;Centro;MEDIO;CEP generico de cidade, nao de rua (2,4x mais falha)
433;;;endereco;Rua Luiz Figueiredo, 25, Joanópolis - SP, 12980-000, Brasil;Rua Luiz Figueiredo 25 Joanopolis SP 12980000 Brazil;Joanópolis;SP;12980000;-22.92923;-46.27542;-22.92923;-46.27542;;MEDIO;CEP generico de cidade, nao de rua (2,4x mais falha)
434;;;endereco;Rua Benjamin Constant, 763, Centro Histórico, Paranaguá - PR, 83203-190, Brasil;Rua Benjamin Constant 763 Paranagua PR 83203190 Brazil;Paranaguá;PR;83203190;-25.5176;-48.50254;-25.5176;-48.50254;Centro Histórico;;
435;;;endereco;Avenida Paraná, 93, São Pedro do Paraná - PR, 87955-000, Brasil;Avenida Parana 93 Sao Pedro do Parana PR 87955000 Brazil;São Pedro do Paraná;PR;87955000;-22.82485;-53.2199;-22.82485;-53.2199;;MEDIO;CEP generico de cidade, nao de rua (2,4x mais falha)
436;;;endereco;Avenida José da Silva Pacheco, Itapema do Norte, Itapoá - SC, 89249-000, Brasil;Avenida Jose da Silva Pacheco Itapema do Norte Itapoa SC 89249000 Brazil;Itapoá;SC;89249000;-26.07136;-48.61774;-26.07136;-48.61774;;ALTO;"sem numero de porta; CEP generico de cidade, nao de rua (2,4x mais falha)"
437;;;endereco;Avenida José da Silva Pacheco, Itapema do Norte, Itapoá - SC, 89249-000, Brasil;Avenida Jose da Silva Pacheco Itapema do Norte Itapoa SC 89249000 Brazil;Itapoá;SC;89249000;-26.07136;-48.61774;-26.07136;-48.61774;;ALTO;"sem numero de porta; CEP generico de cidade, nao de rua (2,4x mais falha)"
438;;;endereco;Magazine Luiza, Cássia - MG, 37980-000, Brasil;Magazine Luiza Cassia MG 37980000 Brazil;Cássia;MG;37980000;-20.58504;-46.91915;-20.58504;-46.91915;;ALTO;"sem numero de porta; CEP generico de cidade, nao de rua (2,4x mais falha)"
439;;;endereco;Estrada Timbé, Jardim Paraíso, Joinville - SC, 89226-500, Brasil;Estrada Timbe Jardim Paraiso Joinville SC 89226500 Brazil;Joinville;SC;89226500;-26.22137;-48.82184;-26.22137;-48.82184;;ALTO;"endereco de rodovia (57-67% falharam); sem numero de porta"
440;;;endereco;Rua Osório Fernandes de Macedo, 62, Da Barra, Balneário Camboriú - SC, 88332-075, Brasil;Rua Osorio Fernandes de Macedo 62 Balneario Camboriu SC 88332075 Brazil;Balneário Camboriú;SC;88332075;-27.00964;-48.61296;-27.00964;-48.61296;Da Barra;;
441;;;endereco;Rua Vidal Flávio Dias, 1351, Gaspar - SC, 89117-455, Brasil;Rua Vidal Flavio Dias 1351 Gaspar SC 89117455 Brazil;Gaspar;SC;89117455;-26.8915;-49.00425;-26.8915;-49.00425;;;
442;;;endereco;Rua dos Pescadores, 1550, Arquipélago, Porto Alegre - RS, 90090-180, Brasil;Rua dos Pescadores 1550 Porto Alegre RS 90090180 Brazil;Porto Alegre;RS;90090180;-30.00096;-51.26121;-30.00096;-51.26121;Arquipélago;;
443;;;endereco;Elos Moda Praia Ltda, Avenida Coronel Cirilo Lopes de Moraes, Caldas Novas - GO, 75690-000, Brasil;Avenida Coronel Cirilo Lopes de Moraes Caldas Novas GO 75690000 Brazil;Caldas Novas;GO;75690000;-17.74033;-48.63202;-17.74033;-48.63202;;ALTO;"sem numero de porta; CEP generico de cidade, nao de rua (2,4x mais falha)"
444;;;endereco;Avenida América Central, 40, Canal Palmer, Cabo Frio - RJ, Brasil;Avenida America Central 40 Cabo Frio RJ Brazil;Cabo Frio;RJ;;-22.87033;-42.04763;-22.87033;-42.04763;Canal Palmer;;
445;;;endereco;Rua Cinco, 105, Jardim Virgínia, Guarujá - SP, 11442-440, Brasil;Rua Cinco 105 Guaruja SP 11442440 Brazil;Guarujá;SP;11442440;-23.98172;-46.21368;-23.98172;-46.21368;Jardim Virgínia;;
446;;;endereco;Yucatan BR - Akita Inu Brasil, Igaratá - SP, 12350-000, Brasil;Yucatan BR Akita Inu Brasil Igarata SP 12350000 Brazil;Igaratá;SP;12350000;-23.21688;-46.14208;-23.21688;-46.14208;;ALTO;"sem numero de porta; CEP generico de cidade, nao de rua (2,4x mais falha)"
447;;;endereco;Rua Hirayuki Enomoto, 1736, Pereira Barreto - SP, 15371-212, Brasil;Rua Hirayuki Enomoto 1736 Pereira Barreto SP 15371212 Brazil;Pereira Barreto;SP;15371212;-20.64047;-51.10364;-20.64047;-51.10364;;;
448;;;endereco;Rua Antônio Bento Peixoto, 744, Miguelópolis - SP, 14530-000, Brasil;Rua Antonio Bento Peixoto 744 Miguelopolis SP 14530000 Brazil;Miguelópolis;SP;14530000;-20.17986;-48.03109;-20.17986;-48.03109;;MEDIO;CEP generico de cidade, nao de rua (2,4x mais falha)
449;;;endereco;Avenida Sambaqui, 294, Balneário Piçarras - SC, 88380-000, Brasil;Avenida Sambaqui 294 Balneario Picarras SC 88380000 Brazil;Balneário Piçarras;SC;88380000;-26.75471;-48.68798;-26.75471;-48.68798;;MEDIO;CEP generico de cidade, nao de rua (2,4x mais falha)
450;;;endereco;Avenida João Carraro, 80, Porto Rico - PR, 87950-000, Brasil;Avenida Joao Carraro 80 Porto Rico PR 87950000 Brazil;Porto Rico;PR;87950000;-22.77079;-53.26776;-22.77079;-53.26776;;MEDIO;CEP generico de cidade, nao de rua (2,4x mais falha)
451;;;endereco;Rua Capitão Salinas, 65, São Francisco, São Sebastião - SP, 11629-215, Brasil;Rua Capitao Salinas 65 Sao Sebastiao SP 11629215 Brazil;São Sebastião;SP;11629215;-23.75556;-45.41246;-23.75556;-45.41246;São Francisco;;
452;;;endereco;Rodovia Rio-Santos, Maranduba, Ubatuba - SP, 11680-000, Brasil;Rodovia Rio Santos Maranduba Ubatuba SP 11680000 Brazil;Ubatuba;SP;11680000;-23.54583;-45.23215;-23.54583;-45.23215;;ALTO;"endereco de rodovia (57-67% falharam); sem numero de porta; CEP generico de cidade, nao de rua (2,4x mais falha)"
453;;;endereco;Avenida das Canoas, Mato Grande, Canoas - RS, 92323-270, Brasil;Avenida das Canoas Mato Grande Canoas RS 92323270 Brazil;Canoas;RS;92323270;-29.92351;-51.20114;-29.92351;-51.20114;;ALTO;sem numero de porta
454;;;endereco;Avenida Almirante Tamandaré, 525, Ilhabela - SP, 11630-000, Brasil;Avenida Almirante Tamandare 525 Ilhabela SP 11630000 Brazil;Ilhabela;SP;11630000;-23.80022;-45.36451;-23.80022;-45.36451;;MEDIO;CEP generico de cidade, nao de rua (2,4x mais falha)
455;;;endereco;Rua Rodrigo, 245, Rifaina - SP, 14490-000, Brasil;Rua Rodrigo 245 Rifaina SP 14490000 Brazil;Rifaina;SP;14490000;-20.08097;-47.42935;-20.08097;-47.42935;;MEDIO;CEP generico de cidade, nao de rua (2,4x mais falha)
456;;;endereco;Avenida Rui Barbosa, 366, Centro, Itanhaém - SP, 11740-000, Brasil;Avenida Rui Barbosa 366 Itanhaem SP 11740000 Brazil;Itanhaém;SP;11740000;-24.18185;-46.78498;-24.18185;-46.78498;Centro;MEDIO;CEP generico de cidade, nao de rua (2,4x mais falha)
457;;;endereco;Rua Joaquim Cristovão, 200, Panorama - SP, 17980-000, Brasil;Rua Joaquim Cristovao 200 Panorama SP 17980000 Brazil;Panorama;SP;17980000;-21.35422;-51.85659;-21.35422;-51.85659;;MEDIO;CEP generico de cidade, nao de rua (2,4x mais falha)
458;;;endereco;Rua M. T. da Conceição, 23, Nazaré Paulista - SP, 12960-000, Brasil;Rua M T da Conceicao 23 Nazare Paulista SP 12960000 Brazil;Nazaré Paulista;SP;12960000;-23.18159;-46.39787;-23.18159;-46.39787;;MEDIO;CEP generico de cidade, nao de rua (2,4x mais falha)
459;;;endereco;Rua Amor Perfeito, 162, Barra Velha - SC, 88390-000, Brasil;Rua Amor Perfeito 162 Barra Velha SC 88390000 Brazil;Barra Velha;SC;88390000;-26.61225;-48.67957;-26.61225;-48.67957;;MEDIO;CEP generico de cidade, nao de rua (2,4x mais falha)
460;;;endereco;Alameda do Café, 11, Pontal do Paraná - PR, 83255-000, Brasil;Alameda do Cafe 11 Pontal do Parana PR 83255000 Brazil;Pontal do Paraná;PR;83255000;-25.56964;-48.35566;-25.56964;-48.35566;;MEDIO;CEP generico de cidade, nao de rua (2,4x mais falha)
461;;;endereco;Rua Borba Gato, 201, Aviação, Praia Grande - SP, 11702-460, Brasil;Rua Borba Gato 201 Praia Grande SP 11702460 Brazil;Praia Grande;SP;11702460;-24.01539;-46.43857;-24.01539;-46.43857;Aviação;;
462;;;endereco;Recanto da Lagoa, Rua Laurindo Januário da Silveira, Canto da Lagoa, Florianópolis - SC, 88062-201, Brasil;Rua Laurindo Januario da Silveira Canto da Lagoa Florianopolis SC 88062201 Brazil;Florianópolis;SC;88062201;-27.61383;-48.4846;-27.61383;-48.4846;;ALTO;sem numero de porta
464;;;endereco;Rua Camilo de Oliveira, 60, Balneário Barra do Sul - SC, 89247-000, Brasil;Rua Camilo de Oliveira 60 Balneario Barra do Sul SC 89247000 Brazil;Balneário Barra do Sul;SC;89247000;-26.45661;-48.61297;-26.45661;-48.61297;;MEDIO;CEP generico de cidade, nao de rua (2,4x mais falha)
465;;;endereco;Via Gastronômica, 65, Vila Real, Balneário Camboriú - SC, 88337-070, Brasil;Via Gastronomica 65 Balneario Camboriu SC 88337070 Brazil;Balneário Camboriú;SC;88337070;-27.0071;-48.62317;-27.0071;-48.62317;Vila Real;ALTO;endereco de rodovia (57-67% falharam)
466;;;endereco;Drogariasaope, Abadiânia - GO, 72940-000, Brasil;Drogariasaope Abadiania GO 72940000 Brazil;Abadiânia;GO;72940000;-16.19756;-48.706;-16.19756;-48.706;;ALTO;"sem numero de porta; logradouro sem nome; CEP generico de cidade, nao de rua (2,4x mais falha)"
467;;;endereco;Rua Cento e Dezoito, 142, Centro, Itapema - SC, 88220-000, Brasil;Rua Cento e Dezoito 142 Itapema SC 88220000 Brazil;Itapema;SC;88220000;-27.09615;-48.61786;-27.09615;-48.61786;Centro;MEDIO;CEP generico de cidade, nao de rua (2,4x mais falha)
468;;;endereco;Rua Joaquim Lopes, Porto Rico - PR, 87950-000, Brasil;Rua Joaquim Lopes Porto Rico PR 87950000 Brazil;Porto Rico;PR;87950000;-22.77131;-53.26606;-22.77131;-53.26606;;ALTO;"sem numero de porta; CEP generico de cidade, nao de rua (2,4x mais falha)"
469;;;endereco;Estrada da Barra da Tijuca, 347, Barra da Tijuca, Rio de Janeiro - RJ, 22611-201, Brasil;Estrada da Barra da Tijuca 347 Rio de Janeiro RJ 22611201 Brazil;Rio de Janeiro;RJ;22611201;-23.00905;-43.30051;-23.00905;-43.30051;Barra da Tijuca;ALTO;endereco de rodovia (57-67% falharam)
470;;;endereco;Rua Japão, Parque Bitaru, São Vicente - SP, 11330-210, Brasil;Rua Japao Parque Bitaru Sao Vicente SP 11330210 Brazil;São Vicente;SP;11330210;-23.97687;-46.39808;-23.97687;-46.39808;;ALTO;sem numero de porta
471;;;endereco;Estrada União e Açúcar, Areal - RJ, 25845-000, Brasil;Estrada Uniao e Acucar Areal RJ 25845000 Brazil;Areal;RJ;25845000;-22.23258;-43.11427;-22.23258;-43.11427;;ALTO;"endereco de rodovia (57-67% falharam); sem numero de porta; CEP generico de cidade, nao de rua (2,4x mais falha)"
472;;;endereco;Alameda Timbaúva, 281, Cerrito, Santa Maria - RS, 97095-610, Brasil;Alameda Timbauva 281 Santa Maria RS 97095610 Brazil;Santa Maria;RS;97095610;-29.69801;-53.78322;-29.69801;-53.78322;Cerrito;;
473;;;endereco;Ponto De Carregamento Para Veículos Elétricos, Avenida Fernando Nobre, 4003, Vila de São Fernando, Cotia - SP, Brasil;Avenida Fernando Nobre 4003 Cotia SP Brazil;Cotia;SP;;-23.5703;-46.87868;-23.5703;-46.87868;Vila de São Fernando;;
474;;;endereco;Estrada S. S. das Águas Claras, São Sebastião das Águas Claras, Nova Lima - MG, 34000-000, Brasil;Estrada S S das Aguas Claras Sao Sebastiao das Aguas Claras Nova Lima MG 34000000 Brazil;Nova Lima;MG;34000000;-20.03275;-43.93735;-20.03275;-43.93735;;ALTO;"endereco de rodovia (57-67% falharam); sem numero de porta; CEP generico de cidade, nao de rua (2,4x mais falha)"
475;;;endereco;Avenida Presidente Roosevelt, Golfe, Teresópolis - RJ, Brasil;Avenida Presidente Roosevelt Golfe Teresopolis RJ Brazil;Teresópolis;RJ;;-22.39518;-42.98615;-22.39518;-42.98615;;ALTO;sem numero de porta
476;;;endereco;Rua Venâncio Aires, 1730, Centro, Santa Maria - RS, 97010-002, Brasil;Rua Venancio Aires 1730 Santa Maria RS 97010002 Brazil;Santa Maria;RS;97010002;-29.68597;-53.80891;-29.68597;-53.80891;Centro;;
477;;;endereco;Avenida Juca Batista, Belém Novo, Porto Alegre - RS, 91781-001, Brasil;Avenida Juca Batista Belem Novo Porto Alegre RS 91781001 Brazil;Porto Alegre;RS;91781001;-30.18994;-51.17477;-30.18994;-51.17477;;ALTO;sem numero de porta
478;;;endereco;Rua Ana Neri, 41, Cambuí, Campinas - SP, 13024-500, Brasil;Rua Ana Neri 41 Campinas SP 13024500 Brazil;Campinas;SP;13024500;-22.88882;-47.04906;-22.88882;-47.04906;Cambuí;;
479;;;endereco;Alameda dos Pinus, Porto Feliz - SP, 18548-100, Brasil;Alameda dos Pinus Porto Feliz SP 18548100 Brazil;Porto Feliz;SP;18548100;-23.34246;-47.54926;-23.34246;-47.54926;;ALTO;sem numero de porta
480;;;endereco;Cobel Comércio de Materiais de Construção, Avenida Anchieta, 11239, Indaiá, Bertioga - SP, 11260-054, Brasil;Avenida Anchieta 11239 Bertioga SP 11260054 Brazil;Bertioga;SP;11260054;-23.80621;-46.05683;-23.80621;-46.05683;Indaiá;;
481;;;endereco;Rua Neves de Carvalho, 514, Bom Retiro, São Paulo - SP, 01132-010, Brasil;Rua Neves de Carvalho 514 Sao Paulo SP 01132010 Brazil;São Paulo;SP;01132010;-23.51937;-46.64913;-23.51937;-46.64913;Bom Retiro;;
482;;;endereco;Rua Alcebíades Affonso Guimarães, 624, Loteamento Santa Rita, Campo Largo - PR, 83602-210, Brasil;Rua Alcebiades Affonso Guimaraes 624 Campo Largo PR 83602210 Brazil;Campo Largo;PR;83602210;-25.46808;-49.53904;-25.46808;-49.53904;Loteamento Santa Rita;;
483;;;endereco;Rua Ernesto Volk, 217, Minuano, Gramado - RS, 95670-082, Brasil;Rua Ernesto Volk 217 Gramado RS 95670082 Brazil;Gramado;RS;95670082;-29.37635;-50.87844;-29.37635;-50.87844;Minuano;;
484;;;endereco;VRS-829, Caxias do Sul - RS, Brasil;VRS 829 Caxias do Sul RS Brazil;Caxias do Sul;RS;;-29.12236;-51.02323;-29.12236;-51.02323;;ALTO;"sem numero de porta; logradouro sem nome"
485;;;endereco;Rua Ambrosina Maria de Jesus, 184, Vargem Grande Paulista - SP, 06730-470, Brasil;Rua Ambrosina Maria de Jesus 184 Vargem Grande Paulista SP 06730470 Brazil;Vargem Grande Paulista;SP;06730470;-23.60751;-47.02607;-23.60751;-47.02607;;;
486;;;endereco;Avenida Benjamin Constant, Torres - RS, 95560-000, Brasil;Avenida Benjamin Constant Torres RS 95560000 Brazil;Torres;RS;95560000;-29.33841;-49.72819;-29.33841;-49.72819;;ALTO;"sem numero de porta; CEP generico de cidade, nao de rua (2,4x mais falha)"
487;;;endereco;Avenida Pérsio de Queirós Filho, 493, Catiapoã, São Vicente - SP, 11370-302, Brasil;Avenida Persio de Queiros Filho 493 Sao Vicente SP 11370302 Brazil;São Vicente;SP;11370302;-23.95843;-46.38912;-23.95843;-46.38912;Catiapoã;;
488;;;endereco;Rua Vereador Augusto Staben, 84, Bacacheri, Curitiba - PR, 82515-240, Brasil;Rua Vereador Augusto Staben 84 Curitiba PR 82515240 Brazil;Curitiba;PR;82515240;-25.39671;-49.23129;-25.39671;-49.23129;Bacacheri;;
489;;;endereco;Avenida do Jaceguava, 2961, Parelheiros, São Paulo - SP, 04870-425, Brasil;Avenida do Jaceguava 2961 Sao Paulo SP 04870425 Brazil;São Paulo;SP;04870425;-23.77799;-46.74367;-23.77799;-46.74367;Parelheiros;;
490;;;endereco;Avenida das Nações, Clube dos 500, Guaratinguetá - SP, 12524-200, Brasil;Avenida das Nacoes Clube dos 500 Guaratingueta SP 12524200 Brazil;Guaratinguetá;SP;12524200;-22.80021;-45.16076;-22.80021;-45.16076;;;
491;;;endereco;Rodovia Raposo Tavares, Araçoiaba da Serra - SP, 18190-000, Brasil;Rodovia Raposo Tavares Aracoiaba da Serra SP 18190000 Brazil;Araçoiaba da Serra;SP;18190000;-23.53458;-47.63555;-23.53458;-47.63555;;ALTO;"endereco de rodovia (57-67% falharam); sem numero de porta; CEP generico de cidade, nao de rua (2,4x mais falha)"
492;;;endereco;Shell, ERL S, Zona Cívico Administrativa, Brasília - DF, Brasil;Shell ERL S Zona Civico Administrativa Brasilia DF Brazil;Brasília;DF;;-15.79423;-47.88217;-15.79423;-47.88217;;ALTO;sem numero de porta
493;;;endereco;Rua Amazonas, Braz I, Avaré - SP, 18701-180, Brasil;Rua Amazonas Braz I Avare SP 18701180 Brazil;Avaré;SP;18701180;-23.10041;-48.91602;-23.10041;-48.91602;;ALTO;sem numero de porta
494;;;endereco;Avenida Heráclito Fontoura Sobral Pinto, Ribeirão Preto - SP, 14022-020, Brasil;Avenida Heraclito Fontoura Sobral Pinto Ribeirao Preto SP 14022020 Brazil;Ribeirão Preto;SP;14022020;-21.24922;-47.79811;-21.24922;-47.79811;;ALTO;sem numero de porta
495;;;endereco;Avenida das Mangueiras, 1025, Guarujá - SP, 11444-060, Brasil;Avenida das Mangueiras 1025 Guaruja SP 11444060 Brazil;Guarujá;SP;11444060;-23.96633;-46.19122;-23.96633;-46.19122;;;
496;;;endereco;Avenida Country Club, 4995, Cascatinha, Petrópolis - RJ, 25730-410, Brasil;Avenida Country Club 4995 Petropolis RJ 25730410 Brazil;Petrópolis;RJ;25730410;-22.42866;-43.11602;-22.42866;-43.11602;Cascatinha;;
497;;;endereco;Rua das Turmalinas, 500, QD62, Parque Bandeirante Prol, Rio Verde - GO, 75905-630, Brasil;Rua das Turmalinas 500 Rio Verde GO 75905630 Brazil;Rio Verde;GO;75905630;-17.79284;-50.91957;-17.79284;-50.91957;QD62 Parque Bandeirante Prol;;
498;;;endereco;Rua Olívia Marques, 553, Centro, Itapeva - SP, 18400-100, Brasil;Rua Olivia Marques 553 Itapeva SP 18400100 Brazil;Itapeva;SP;18400100;-23.98509;-48.87418;-23.98509;-48.87418;Centro;;
499;;;endereco;Rua São Paulo, 1128, Jardim Porto Alegre, Toledo - PR, 85906-150, Brasil;Rua Sao Paulo 1128 Toledo PR 85906150 Brazil;Toledo;PR;85906150;-24.712;-53.71821;-24.712;-53.71821;Jardim Porto Alegre;;
500;;;endereco;Rua Mauro Lopes, Arujá - SP, 07434-300, Brasil;Rua Mauro Lopes Aruja SP 07434300 Brazil;Arujá;SP;07434300;-23.41184;-46.32224;-23.41184;-46.32224;;ALTO;sem numero de porta
501;;;endereco;Rua Onze, 2, Cara Cara, Ponta Grossa - PR, 84052-020, Brasil;Rua Onze 2 Ponta Grossa PR 84052020 Brazil;Ponta Grossa;PR;84052020;-25.10834;-50.09588;-25.10834;-50.09588;Cara Cara;;
502;;;endereco;Praça Kunito Miyasaka, Bastos - SP, 17690-000, Brasil;Praca Kunito Miyasaka Bastos SP 17690000 Brazil;Bastos;SP;17690000;-21.9223;-50.7321;-21.9223;-50.7321;;ALTO;"sem numero de porta; CEP generico de cidade, nao de rua (2,4x mais falha)"
503;;;endereco;Bar da Cocheira, Cambé - PR, Brasil;Bar da Cocheira Cambe PR Brazil;Cambé;PR;;-23.3092;-51.29361;-23.3092;-51.29361;;ALTO;sem numero de porta
504;;;endereco;Rua Fernando Falcão, 649, Água Rasa, São Paulo - SP, 03180-000, Brasil;Rua Fernando Falcao 649 Sao Paulo SP 03180000 Brazil;São Paulo;SP;03180000;-23.55909;-46.58641;-23.55909;-46.58641;Água Rasa;MEDIO;CEP generico de cidade, nao de rua (2,4x mais falha)
505;;;endereco;Estrada da Gávea, 800, São Conrado, Rio de Janeiro - RJ, 22610-002, Brasil;Estrada da Gavea 800 Rio de Janeiro RJ 22610002 Brazil;Rio de Janeiro;RJ;22610002;-22.99731;-43.26435;-22.99731;-43.26435;São Conrado;ALTO;endereco de rodovia (57-67% falharam)
506;;;endereco;Rua Episcopal, 1457, Centro, São Carlos - SP, 13560-570, Brasil;Rua Episcopal 1457 Sao Carlos SP 13560570 Brazil;São Carlos;SP;13560570;-22.01768;-47.89189;-22.01768;-47.89189;Centro;;
507;;;endereco;Avenida Julio de Vasconcelos, Nova Veneza, Sumaré - SP, 13174-405, Brasil;Avenida Julio de Vasconcelos Nova Veneza Sumare SP 13174405 Brazil;Sumaré;SP;13174405;-22.81157;-47.25781;-22.81157;-47.25781;;ALTO;sem numero de porta
508;;;endereco;Rua São José Golfe, Condomínio Terras de São José, Itu - SP, Brasil;Rua Sao Jose Golfe Condominio Terras de Sao Jose Itu SP Brazil;Itu;SP;;-23.30769;-47.29668;-23.30769;-47.29668;;ALTO;sem numero de porta
509;;;endereco;Rua 3, Campinho, Bragança Paulista - SP, 12918-001, Brasil;Rua 3 Campinho Braganca Paulista SP 12918001 Brazil;Bragança Paulista;SP;12918001;-22.94985;-46.64535;-22.94985;-46.64535;;ALTO;sem numero de porta
510;;;endereco;Estrada Iva-351, Itupeva - SP, 13295-000, Brasil;Estrada Iva 351 Itupeva SP 13295000 Brazil;Itupeva;SP;13295000;-23.1688;-47.07126;-23.1688;-47.07126;;ALTO;"endereco de rodovia (57-67% falharam); sem numero de porta; CEP generico de cidade, nao de rua (2,4x mais falha)"
511;;;endereco;Estrada Fazenda Velha, 3365, Arujá - SP, 07400-000, Brasil;Estrada Fazenda Velha 3365 Aruja SP 07400000 Brazil;Arujá;SP;07400000;-23.36708;-46.35235;-23.36708;-46.35235;;ALTO;"endereco de rodovia (57-67% falharam); CEP generico de cidade, nao de rua (2,4x mais falha)"
512;;;endereco;Rua Galenbeck, São Bernardo do Campo - SP, Brasil;Rua Galenbeck Sao Bernardo do Campo SP Brazil;São Bernardo do Campo;SP;;-23.81258;-46.47334;-23.81258;-46.47334;;ALTO;sem numero de porta
513;;;endereco;Rua Osvaldo Scartezini, 118, Cafelândia - PR, 85415-000, Brasil;Rua Osvaldo Scartezini 118 Cafelandia PR 85415000 Brazil;Cafelândia;PR;85415000;-24.634;-53.30967;-24.634;-53.30967;;MEDIO;CEP generico de cidade, nao de rua (2,4x mais falha)
514;;;endereco;Estrada do Matão I, Vargem Grande Paulista - SP, 06730-000, Brasil;Estrada do Matao I Vargem Grande Paulista SP 06730000 Brazil;Vargem Grande Paulista;SP;06730000;-23.6217;-47.01774;-23.6217;-47.01774;;ALTO;"endereco de rodovia (57-67% falharam); sem numero de porta; CEP generico de cidade, nao de rua (2,4x mais falha)"
515;;;endereco;Estrada da Barra da Tijuca, Itanhangá, Rio de Janeiro - RJ, 22611-201, Brasil;Estrada da Barra da Tijuca Itanhanga Rio de Janeiro RJ 22611201 Brazil;Rio de Janeiro;RJ;22611201;-22.99197;-43.3026;-22.99197;-43.3026;;ALTO;"endereco de rodovia (57-67% falharam); sem numero de porta"
516;;;endereco;Rua Doutor Armando da Silva Prado, 300, Campo Grande, São Paulo - SP, 04672-040, Brasil;Rua Doutor Armando da Silva Prado 300 Sao Paulo SP 04672040 Brazil;São Paulo;SP;04672040;-23.66253;-46.69979;-23.66253;-46.69979;Campo Grande;;
517;;;endereco;Prefeitura de Valinhos, Rua Antônio Carlos, 301, Centro, Valinhos - SP, 13270-005, Brasil;Rua Antonio Carlos 301 Valinhos SP 13270005 Brazil;Valinhos;SP;13270005;-22.97126;-46.99382;-22.97126;-46.99382;Centro;;
518;;;endereco;Fagron Technologies, Avenida Nove de Julho, 3575, Bonfiglioli, Jundiaí - SP, 13207-480, Brasil;Avenida Nove de Julho 3575 Jundiai SP 13207480 Brazil;Jundiaí;SP;13207480;-23.20252;-46.89189;-23.20252;-46.89189;Bonfiglioli;;
519;;;endereco;Rua Aurélio Cibim, 109, Morada do Sol, Americana - SP, 13470-241, Brasil;Rua Aurelio Cibim 109 Americana SP 13470241 Brazil;Americana;SP;13470241;-22.72;-47.34752;-22.72;-47.34752;Morada do Sol;;
520;;;endereco;Rua da Independência, 165, Cambuci, São Paulo - SP, 01524-000, Brasil;Rua da Independencia 165 Sao Paulo SP 01524000 Brazil;São Paulo;SP;01524000;-23.56474;-46.61961;-23.56474;-46.61961;Cambuci;MEDIO;CEP generico de cidade, nao de rua (2,4x mais falha)
521;;;endereco;Rua Tiradentes, 313, Vila Itapura, Campinas - SP, 13023-190, Brasil;Rua Tiradentes 313 Campinas SP 13023190 Brazil;Campinas;SP;13023190;-22.89393;-47.06416;-22.89393;-47.06416;Vila Itapura;;
522;;;endereco;Avenida Invernada, 1963, Invernada, Valinhos - SP, 13271-450, Brasil;Avenida Invernada 1963 Valinhos SP 13271450 Brazil;Valinhos;SP;13271450;-22.96965;-47.01235;-22.96965;-47.01235;Invernada;;
523;;;endereco;Consultório Odontológico Leandra Roberta Gotti, Rua do Chumbo, 741, Jardim Mollon, Santa Bárbara d'Oeste - SP, 13468-600, Brasil;Rua do Chumbo 741 Santa Barbara d Oeste SP 13468600 Brazil;Santa Bárbara d'Oeste;SP;13468600;-22.75347;-47.36106;-22.75347;-47.36106;Jardim Mollon;;
524;;;endereco;Cronix Security, Anhangabaú, Jundiaí - SP, 13208-703, Brasil;Cronix Security Anhangabau Jundiai SP 13208703 Brazil;Jundiaí;SP;13208703;-23.19206;-46.90349;-23.19206;-46.90349;;ALTO;sem numero de porta
525;;;endereco;Renata Silva - Clinic & Academy, Avenida Capitão Cassiano Ricardo Toledo, 190, Centro, Jundiaí - SP, 13201-840, Brasil;Avenida Capitao Cassiano Ricardo Toledo 190 Jundiai SP 13201840 Brazil;Jundiaí;SP;13201840;-23.18299;-46.8926;-23.18299;-46.8926;Centro;;
526;;;endereco;Rua Helena Conci Gaspari, 85, Retiro, Jundiaí - SP, 13209-810, Brasil;Rua Helena Conci Gaspari 85 Jundiai SP 13209810 Brazil;Jundiaí;SP;13209810;-23.18893;-46.90264;-23.18893;-46.90264;Retiro;;
527;;;endereco;Petra Medicina do Trabalho, Rua Barão de Jaguara, 1481, Centro, Campinas - SP, 13015-002, Brasil;Rua Barao de Jaguara 1481 Campinas SP 13015002 Brazil;Campinas;SP;13015002;-22.90192;-47.06051;-22.90192;-47.06051;Centro;;
528;;;endereco;Avenida Thereza Ana Cecon Breda, 272, Parque Orestes Ongaro, Hortolândia - SP, 13183-255, Brasil;Avenida Thereza Ana Cecon Breda 272 Hortolandia SP 13183255 Brazil;Hortolândia;SP;13183255;-22.85367;-47.228;-22.85367;-47.228;Parque Orestes Ongaro;;
529;;;endereco;Avenida Nossa Senhora de Fátima, 79, Jardim Estoril IV, Bauru - SP, 17017-337, Brasil;Avenida Nossa Senhora de Fatima 79 Bauru SP 17017337 Brazil;Bauru;SP;17017337;-22.3424;-49.06806;-22.3424;-49.06806;Jardim Estoril IV;;
530;;;endereco;Avenida Antônio Gazzola, 1001, Jardim Corazza, Itu - SP, 13301-245, Brasil;Avenida Antonio Gazzola 1001 Itu SP 13301245 Brazil;Itu;SP;13301245;-23.25554;-47.29842;-23.25554;-47.29842;Jardim Corazza;;
531;;;endereco;Rua Carneiro Lobo, 536, Batel, Curitiba - PR, 80240-240, Brasil;Rua Carneiro Lobo 536 Curitiba PR 80240240 Brazil;Curitiba;PR;80240240;-25.44629;-49.29049;-25.44629;-49.29049;Batel;;
532;;;endereco;Rua Dom Alberto Gonçalves, 274, Mercês, Curitiba - PR, 80510-340, Brasil;Rua Dom Alberto Goncalves 274 Curitiba PR 80510340 Brazil;Curitiba;PR;80510340;-25.42003;-49.28262;-25.42003;-49.28262;Mercês;;
533;;;endereco;Avenida Higienópolis, 1601, Higienópolis, Londrina - PR, 86015-010, Brasil;Avenida Higienopolis 1601 Londrina PR 86015010 Brazil;Londrina;PR;86015010;-23.3241;-51.1674;-23.3241;-51.1674;Higienópolis;;
534;;;endereco;Dr. Sérgio Keinert, Praça São Paulo da Cruz, Juveve, Curitiba - PR, 80030-480, Brasil;Dr Sergio Keinert Praca Sao Paulo da Cruz Juveve Curitiba PR 80030480 Brazil;Curitiba;PR;80030480;-25.41103;-49.25553;-25.41103;-49.25553;;ALTO;sem numero de porta
535;;;endereco;Zletric, Avenida do Batel, 1550, Batel, Curitiba - PR, 80420-090, Brasil;Avenida do Batel 1550 Curitiba PR 80420090 Brazil;Curitiba;PR;80420090;-25.44204;-49.28809;-25.44204;-49.28809;Batel;;
536;;;endereco;Luvitae, Avenida Iguaçu, Água Verde, Curitiba - PR, 80240-031, Brasil;Avenida Iguacu Agua Verde Curitiba PR 80240031 Brazil;Curitiba;PR;80240031;-25.44909;-49.28859;-25.44909;-49.28859;;ALTO;sem numero de porta
537;;;endereco;Implaara, Avenida Rodrigo Fernando Grillo, Jardim dos Manacás, Araraquara - SP, 14801-534, Brasil;Avenida Rodrigo Fernando Grillo Jardim dos Manacas Araraquara SP 14801534 Brazil;Araraquara;SP;14801534;-21.78434;-48.19762;-21.78434;-48.19762;;ALTO;sem numero de porta
538;;;endereco;Rua Vasco da Gama, 40, Jabaquara, Santos - SP, 11013-590, Brasil;Rua Vasco da Gama 40 Santos SP 11013590 Brazil;Santos;SP;11013590;-23.94075;-46.33591;-23.94075;-46.33591;Jabaquara;;
539;;;endereco;Tmg Capital, Rua Joaquim Floriano, 72, Itaim Bibi, São Paulo - SP, 04534-000, Brasil;Rua Joaquim Floriano 72 Sao Paulo SP 04534000 Brazil;São Paulo;SP;04534000;-23.58339;-46.671;-23.58339;-46.671;Itaim Bibi;MEDIO;CEP generico de cidade, nao de rua (2,4x mais falha)
540;;;endereco;Alameda Vicente Pinzon, 144, Itaim Bibi, São Paulo - SP, 04547-130, Brasil;Alameda Vicente Pinzon 144 Sao Paulo SP 04547130 Brazil;São Paulo;SP;04547130;-23.59678;-46.68688;-23.59678;-46.68688;Itaim Bibi;;
541;;;endereco;Rua Boa Vista, 208, Sé, São Paulo - SP, 01014-001, Brasil;Rua Boa Vista 208 Sao Paulo SP 01014001 Brazil;São Paulo;SP;01014001;-23.54578;-46.63342;-23.54578;-46.63342;Sé;;
542;;;endereco;Avenida Brigadeiro Faria Lima, Pinheiros, São Paulo - SP, 01452-001, Brasil;Avenida Brigadeiro Faria Lima Pinheiros Sao Paulo SP 01452001 Brazil;São Paulo;SP;01452001;-23.57752;-46.68682;-23.57752;-46.68682;;ALTO;sem numero de porta
543;;;endereco;Condomínio Edificio Pedro Mariz - B.31, Avenida Brigadeiro Faria Lima, 3900, Itaim Bibi, São Paulo - SP, 04538-132, Brasil;Condominio Edificio Pedro Mariz B 31 Avenida Brigadeiro Faria Lima 3900 Sao Paulo SP 04538132 Brazil;São Paulo;SP;04538132;-23.5902;-46.68207;-23.5902;-46.68207;Itaim Bibi;;
544;;;endereco;Noronha, Avenida Brigadeiro Faria Lima, 1478, Pinheiros, São Paulo - SP, 01452-002, Brasil;Avenida Brigadeiro Faria Lima 1478 Sao Paulo SP 01452002 Brazil;São Paulo;SP;01452002;-23.56949;-46.69125;-23.56949;-46.69125;Pinheiros;;
545;;;endereco;Avenida Chedid Jafet, 75, Itaim Bibi, São Paulo - SP, 04551-065, Brasil;Avenida Chedid Jafet 75 Sao Paulo SP 04551065 Brazil;São Paulo;SP;04551065;-23.59216;-46.68903;-23.59216;-46.68903;Itaim Bibi;;
546;;;endereco;Rua Helena, 260, Itaim Bibi, São Paulo - SP, 04552-050, Brasil;Rua Helena 260 Sao Paulo SP 04552050 Brazil;São Paulo;SP;04552050;-23.59296;-46.68672;-23.59296;-46.68672;Itaim Bibi;;
547;;;endereco;Avenida Brigadeiro Faria Lima, 3600, Itaim Bibi, São Paulo - SP, 04538-132, Brasil;Avenida Brigadeiro Faria Lima 3600 Sao Paulo SP 04538132 Brazil;São Paulo;SP;04538132;-23.58847;-46.68224;-23.58847;-46.68224;Itaim Bibi;;
548;;;endereco;Rua Domingos de Morais, 336, Vila Mariana, São Paulo - SP, 04010-000, Brasil;Rua Domingos de Morais 336 Sao Paulo SP 04010000 Brazil;São Paulo;SP;04010000;-23.58007;-46.6402;-23.58007;-46.6402;Vila Mariana;MEDIO;CEP generico de cidade, nao de rua (2,4x mais falha)
549;;;endereco;Avenida das Nações Unidas, 14273, Santo Amaro, São Paulo - SP, 04795-100, Brasil;Avenida das Nacoes Unidas 14273 Sao Paulo SP 04795100 Brazil;São Paulo;SP;04795100;-23.62375;-46.70334;-23.62375;-46.70334;Santo Amaro;;
550;;;endereco;Avenida Doutor Moraes Salles, 688, Centro, Campinas - SP, 13010-000, Brasil;Avenida Doutor Moraes Salles 688 Campinas SP 13010000 Brazil;Campinas;SP;13010000;-22.90737;-47.05785;-22.90737;-47.05785;Centro;MEDIO;CEP generico de cidade, nao de rua (2,4x mais falha)
551;;;endereco;Avenida dos Trabalhadores, 292, Indaiatuba - SP, 13338-050, Brasil;Avenida dos Trabalhadores 292 Indaiatuba SP 13338050 Brazil;Indaiatuba;SP;13338050;-23.08717;-47.19916;-23.08717;-47.19916;;;
552;;;endereco;Rua Nove Cj, 410, Cidade Jardim, Rio Claro - SP, 13501-100, Brasil;Rua Nove Cj 410 Rio Claro SP 13501100 Brazil;Rio Claro;SP;13501100;-22.42438;-47.55988;-22.42438;-47.55988;Cidade Jardim;;
553;;;endereco;Rua Alayde Nascimento de Lemos, 803, Jardim Guarani, Campinas - SP, 13100-453, Brasil;Rua Alayde Nascimento de Lemos 803 Campinas SP 13100453 Brazil;Campinas;SP;13100453;-22.91171;-47.04223;-22.91171;-47.04223;Jardim Guarani;;
554;;;endereco;Rua Doutor Sampaio Ferraz, 618, Cambuí, Campinas - SP, 13024-431, Brasil;Rua Doutor Sampaio Ferraz 618 Campinas SP 13024431 Brazil;Campinas;SP;13024431;-22.89214;-47.0499;-22.89214;-47.0499;Cambuí;;
555;;;endereco;Rua Santo Antônio, 49, Cambuí, Campinas - SP, 13024-440, Brasil;Rua Santo Antonio 49 Campinas SP 13024440 Brazil;Campinas;SP;13024440;-22.89079;-47.05199;-22.89079;-47.05199;Cambuí;;
556;;;endereco;Rua Jerônimo Pattaro, 19, Barão Geraldo, Campinas - SP, 13084-110, Brasil;Rua Jeronimo Pattaro 19 Campinas SP 13084110 Brazil;Campinas;SP;13084110;-22.82266;-47.08524;-22.82266;-47.08524;Barão Geraldo;;
557;;;endereco;Rua Doutor Osvaldo Cruz, 405, Jardim Nossa Senhora Auxiliadora, Campinas - SP, 13076-260, Brasil;Rua Doutor Osvaldo Cruz 405 Campinas SP 13076260 Brazil;Campinas;SP;13076260;-22.88439;-47.05994;-22.88439;-47.05994;Jardim Nossa Senhora Auxiliadora;;
558;;;endereco;Rua Antônio José da Silva Martelinho, 426, Parque Industrial, Campinas - SP, 13031-650, Brasil;Rua Antonio Jose da Silva Martelinho 426 Campinas SP 13031650 Brazil;Campinas;SP;13031650;-22.92248;-47.08704;-22.92248;-47.08704;Parque Industrial;;
559;;;endereco;Rua José Guarnieri, 354, Jardim Silvania, Mogi Mirim - SP, 13806-674, Brasil;Rua Jose Guarnieri 354 Mogi Mirim SP 13806674 Brazil;Mogi Mirim;SP;13806674;-22.40613;-46.9678;-22.40613;-46.9678;Jardim Silvania;;
560;;;endereco;Rua Tiradentes, 1174, Centro, Piracicaba - SP, 13400-765, Brasil;Rua Tiradentes 1174 Piracicaba SP 13400765 Brazil;Piracicaba;SP;13400765;-22.72524;-47.65335;-22.72524;-47.65335;Centro;;
561;;;endereco;Cronix Security, Anhangabaú, Jundiaí - SP, 13208-703, Brasil;Cronix Security Anhangabau Jundiai SP 13208703 Brazil;Jundiaí;SP;13208703;-23.19206;-46.90349;-23.19206;-46.90349;;ALTO;sem numero de porta
562;;;endereco;Avenida Doutor Jesuíno Marcondes Machado, 2400, Chácara da Barra, Campinas - SP, 13090-723, Brasil;Avenida Doutor Jesuino Marcondes Machado 2400 Campinas SP 13090723 Brazil;Campinas;SP;13090723;-22.89018;-47.03547;-22.89018;-47.03547;Chácara da Barra;;
563;;;endereco;Rua Júlio Frank de Arruda, 227, Botafogo, Campinas - SP, 13020-190, Brasil;Rua Julio Frank de Arruda 227 Campinas SP 13020190 Brazil;Campinas;SP;13020190;-22.90073;-47.06567;-22.90073;-47.06567;Botafogo;;
564;;;endereco;Rua Rio Branco, 92, Centro, Americana - SP, 13465-030, Brasil;Rua Rio Branco 92 Americana SP 13465030 Brazil;Americana;SP;13465030;-22.74124;-47.32871;-22.74124;-47.32871;Centro;;
565;;;endereco;Avenida dos Imigrantes, 415A, Vinhedo - SP, 13280-000, Brasil;Avenida dos Imigrantes 415A Vinhedo SP 13280000 Brazil;Vinhedo;SP;13280000;-23.03677;-46.98347;-23.03677;-46.98347;;MEDIO;CEP generico de cidade, nao de rua (2,4x mais falha)
566;;;endereco;Rua Maria Monteiro, 830, Cambuí, Campinas - SP, 13025-151, Brasil;Rua Maria Monteiro 830 Campinas SP 13025151 Brazil;Campinas;SP;13025151;-22.89702;-47.05176;-22.89702;-47.05176;Cambuí;;
567;;;endereco;Avenida Pedro Botesi, 2149, Jardim Silvania, Mogi Mirim - SP, 13806-019, Brasil;Avenida Pedro Botesi 2149 Mogi Mirim SP 13806019 Brazil;Mogi Mirim;SP;13806019;-22.40578;-46.96747;-22.40578;-46.96747;Jardim Silvania;;
568;;;endereco;Rua Tamekichi Takano, 595, Registro - SP, 11900-000, Brasil;Rua Tamekichi Takano 595 Registro SP 11900000 Brazil;Registro;SP;11900000;-24.49588;-47.84364;-24.49588;-47.84364;;MEDIO;CEP generico de cidade, nao de rua (2,4x mais falha)
569;;;endereco;Bb agência Especializada Mpe, Avenida Sete de Setembro, 40033001, Rebouças, Curitiba - PR, 80230-010, Brasil;Avenida Sete de Setembro Reboucas 80230 010 Curitiba PR 40033001 Brazil;Curitiba;PR;40033001;-25.4381;-49.26656;-25.4381;-49.26656;;ALTO;sem numero de porta
570;;;endereco;Rua Capitão Tobias Pereira da Cruz, 52, São Pedro, São José dos Pinhais - PR, 83005-050, Brasil;Rua Capitao Tobias Pereira da Cruz 52 Sao Jose dos Pinhais PR 83005050 Brazil;São José dos Pinhais;PR;83005050;-25.54446;-49.19891;-25.54446;-49.19891;São Pedro;;
571;;;endereco;Rua José Fernandes Maldonado, Bairro Alto, Curitiba - PR, 82840-020, Brasil;Rua Jose Fernandes Maldonado Bairro Alto Curitiba PR 82840020 Brazil;Curitiba;PR;82840020;-25.40846;-49.216;-25.40846;-49.216;;ALTO;sem numero de porta
572;;;endereco;Avenida Sete de Setembro, 4690, Batel, Curitiba - PR, 80240-000, Brasil;Avenida Sete de Setembro 4690 Curitiba PR 80240000 Brazil;Curitiba;PR;80240000;-25.44398;-49.28377;-25.44398;-49.28377;Batel;MEDIO;CEP generico de cidade, nao de rua (2,4x mais falha)
573;;;endereco;Rua Heitor Stockler de França, 356, Centro Cívico, Curitiba - PR, 80030-030, Brasil;Rua Heitor Stockler de Franca 356 Curitiba PR 80030030 Brazil;Curitiba;PR;80030030;-25.42098;-49.26812;-25.42098;-49.26812;Centro Cívico;;
574;;;endereco;Rua Assis Brasil, 415, Barreirinha, Curitiba - PR, 82220-150, Brasil;Rua Assis Brasil 415 Curitiba PR 82220150 Brazil;Curitiba;PR;82220150;-25.36875;-49.2637;-25.36875;-49.2637;Barreirinha;;
575;;;endereco;Rua Doutor Pedrosa, 151, Centro, Curitiba - PR, 80420-120, Brasil;Rua Doutor Pedrosa 151 Curitiba PR 80420120 Brazil;Curitiba;PR;80420120;-25.43814;-49.27551;-25.43814;-49.27551;Centro;;
576;;;endereco;Rua Padre Anchieta, 2050, Bigorrilho, Curitiba - PR, 80730-001, Brasil;Rua Padre Anchieta 2050 Curitiba PR 80730001 Brazil;Curitiba;PR;80730001;-25.43275;-49.29927;-25.43275;-49.29927;Bigorrilho;;
577;;;endereco;Avenida Sete de Setembro, 4484, Batel, Curitiba - PR, 80250-085, Brasil;Avenida Sete de Setembro 4484 Curitiba PR 80250085 Brazil;Curitiba;PR;80250085;-25.44323;-49.28182;-25.44323;-49.28182;Batel;;
578;;;endereco;Espaço Vida Saudável do Renan, Avenida Cândido de Abreu, 526, Centro Cívico, Curitiba - PR, 80030-030, Brasil;Avenida Candido de Abreu 526 Curitiba PR 80030030 Brazil;Curitiba;PR;80030030;-25.42021;-49.2686;-25.42021;-49.2686;Centro Cívico;;
579;;;endereco;Mix Eletrônicos, Rodovia Professor Alfredo Rolim de Moura, 1001, Mogi das Cruzes - SP, 08880-000, Brasil;Rodovia Professor Alfredo Rolim de Moura 1001 Mogi das Cruzes SP 08880000 Brazil;Mogi das Cruzes;SP;08880000;-23.51696;-46.17904;-23.51696;-46.17904;;ALTO;"endereco de rodovia (57-67% falharam); CEP generico de cidade, nao de rua (2,4x mais falha)"
580;;;endereco;Power2Go, Rua Alexandre Herculano, 197, Gonzaga, Santos - SP, 11050-031, Brasil;Power2Go Rua Alexandre Herculano 197 Santos SP 11050031 Brazil;Santos;SP;11050031;-23.95937;-46.32986;-23.95937;-46.32986;Gonzaga;;
581;;;endereco;Rua Onze de Junho, 692, Centro, Santo André - SP, 09015-520, Brasil;Rua Onze de Junho 692 Santo Andre SP 09015520 Brazil;Santo André;SP;09015520;-23.66352;-46.52164;-23.66352;-46.52164;Centro;;
582;;;endereco;Rua Doutor Renato Paes de Barros, 717, Itaim Bibi, São Paulo - SP, 04530-001, Brasil;Rua Doutor Renato Paes de Barros 717 Sao Paulo SP 04530001 Brazil;São Paulo;SP;04530001;-23.58488;-46.67327;-23.58488;-46.67327;Itaim Bibi;;
583;;;endereco;Viaduto Boa Vista, 47, Sé, São Paulo - SP, 01014-030, Brasil;Viaduto Boa Vista 47 Sao Paulo SP 01014030 Brazil;São Paulo;SP;01014030;-23.54723;-46.63338;-23.54723;-46.63338;Sé;;
584;;;endereco;Rua Amazonas, 439, Santa Paula, São Caetano do Sul - SP, 09520-060, Brasil;Rua Amazonas 439 Sao Caetano do Sul SP 09520060 Brazil;São Caetano do Sul;SP;09520060;-23.61454;-46.56939;-23.61454;-46.56939;Santa Paula;;
585;;;endereco;C M Serviços Contabeis, Avenida Frei Pacífico Wagner, 163, Centro, Caraguatatuba - SP, 11660-280, Brasil;Avenida Frei Pacifico Wagner 163 Caraguatatuba SP 11660280 Brazil;Caraguatatuba;SP;11660280;-23.62179;-45.41451;-23.62179;-45.41451;Centro;;
586;;;endereco;Avenida Adolfo Pinheiro, 1029, Santo Amaro, São Paulo - SP, 04734-002, Brasil;Avenida Adolfo Pinheiro 1029 Sao Paulo SP 04734002 Brazil;São Paulo;SP;04734002;-23.64446;-46.7004;-23.64446;-46.7004;Santo Amaro;;
587;;;endereco;Máxima Automóveis, Rua Raimundo Corrêa, Vila Marina Dias, Sorocaba - SP, 18035-265, Brasil;Rua Raimundo Correa Vila Marina Dias Sorocaba SP 18035265 Brazil;Sorocaba;SP;18035265;-23.50623;-47.45844;-23.50623;-47.45844;;ALTO;sem numero de porta
588;;;endereco;10 Andar Torre Maggiore, Rua Nestor Guimarães, Estrela, Ponta Grossa - PR, 84040-130, Brasil;10 Andar Torre Maggiore Rua Nestor Guimaraes Estrela Ponta Grossa PR 84040130 Brazil;Ponta Grossa;PR;84040130;-25.10326;-50.15888;-25.10326;-50.15888;;ALTO;sem numero de porta
589;;;endereco;Rua Claudionor Sandoval, 741, Jardim Paulista, Presidente Prudente - SP, 19023-200, Brasil;Rua Claudionor Sandoval 741 Presidente Prudente SP 19023200 Brazil;Presidente Prudente;SP;19023200;-22.11518;-51.40008;-22.11518;-51.40008;Jardim Paulista;;
590;;;endereco;Avenida Ayrton Senna da Silva, 600, Palhano, Londrina - PR, 86050-460, Brasil;Avenida Ayrton Senna da Silva 600 Londrina PR 86050460 Brazil;Londrina;PR;86050460;-23.33119;-51.17756;-23.33119;-51.17756;Palhano;;
591;;;endereco;Rua Leoberto Leal, 440, Papanduva - SC, 89370-000, Brasil;Rua Leoberto Leal 440 Papanduva SC 89370000 Brazil;Papanduva;SC;89370000;-26.40772;-50.13995;-26.40772;-50.13995;;MEDIO;CEP generico de cidade, nao de rua (2,4x mais falha)
592;;;endereco;Rua Professora Amazilia, 69, União da Vitória - PR, 84600-285, Brasil;Rua Professora Amazilia 69 Uniao da Vitoria PR 84600285 Brazil;União da Vitória;PR;84600285;-26.22849;-51.08989;-26.22849;-51.08989;;;
593;;;endereco;Rua David de Paula e Silva, 687, São Mateus do Sul - PR, 83900-126, Brasil;Rua David de Paula e Silva 687 Sao Mateus do Sul PR 83900126 Brazil;São Mateus do Sul;PR;83900126;-25.87481;-50.38519;-25.87481;-50.38519;;;
594;;;endereco;Rua Marechal Deodoro, 254, Centro, Curitiba - PR, 80020-320, Brasil;Rua Marechal Deodoro 254 Curitiba PR 80020320 Brazil;Curitiba;PR;80020320;-25.43163;-49.26974;-25.43163;-49.26974;Centro;;
595;;;endereco;Avenida Manoel Ribas, 2028, Alto da XV, Guarapuava - PR, 85010-180, Brasil;Avenida Manoel Ribas 2028 Guarapuava PR 85010180 Brazil;Guarapuava;PR;85010180;-25.38779;-51.46205;-25.38779;-51.46205;Alto da XV;;
596;;;endereco;Rua Pedroso Alvarenga, 1254, Itaim Bibi, São Paulo - SP, 04531-012, Brasil;Rua Pedroso Alvarenga 1254 Sao Paulo SP 04531012 Brazil;São Paulo;SP;04531012;-23.58276;-46.68231;-23.58276;-46.68231;Itaim Bibi;;
597;;;endereco;Chesse Cake, Rua Líbero Badaró, 398, Sé, São Paulo - SP, 01008-000, Brasil;Rua Libero Badaro 398 Sao Paulo SP 01008000 Brazil;São Paulo;SP;01008000;-23.5462;-46.6359;-23.5462;-46.6359;Sé;MEDIO;CEP generico de cidade, nao de rua (2,4x mais falha)
598;;;endereco;Rua Barão de Jundiaí, 397, Centro, Jundiaí - SP, 13201-010, Brasil;Rua Barao de Jundiai 397 Jundiai SP 13201010 Brazil;Jundiaí;SP;13201010;-23.19105;-46.88246;-23.19105;-46.88246;Centro;;
599;;;endereco;Rua Visconde do Rio Branco, 11A, Monte Mor - SP, 13190-000, Brasil;Rua Visconde do Rio Branco 11A Monte Mor SP 13190000 Brazil;Monte Mor;SP;13190000;-22.95057;-47.30672;-22.95057;-47.30672;;MEDIO;CEP generico de cidade, nao de rua (2,4x mais falha)
600;;;endereco;Rua Quinze de Novembro, 1803, Cidade Alta, Piracicaba - SP, 13417-100, Brasil;Rua Quinze de Novembro 1803 Piracicaba SP 13417100 Brazil;Piracicaba;SP;13417100;-22.73031;-47.64028;-22.73031;-47.64028;Cidade Alta;;
601;;;endereco;Rua Sebastião Monteiro dos Santos, 354, Jardim Nova Itália, Limeira - SP, 13484-329, Brasil;Rua Sebastiao Monteiro dos Santos 354 Limeira SP 13484329 Brazil;Limeira;SP;13484329;-22.56077;-47.41701;-22.56077;-47.41701;Jardim Nova Itália;;
602;;;endereco;Avenida Presidente Vargas, 3235, Indaiatuba - SP, 13338-705, Brasil;Avenida Presidente Vargas 3235 Indaiatuba SP 13338705 Brazil;Indaiatuba;SP;13338705;-23.08532;-47.18438;-23.08532;-47.18438;;;
603;;;endereco;Gênesis Informática, Rua Romano Anselmo Fontana, 839, Centro, Concórdia - SC, 89700-000, Brasil;Rua Romano Anselmo Fontana 839 Concordia SC 89700000 Brazil;Concórdia;SC;89700000;-27.22621;-52.02986;-27.22621;-52.02986;Centro;MEDIO;CEP generico de cidade, nao de rua (2,4x mais falha)
604;;;endereco;Rua Pedro Álvares Cabral, 574, Centro, Erechim - RS, 99700-248, Brasil;Rua Pedro Alvares Cabral 574 Erechim RS 99700248 Brazil;Erechim;RS;99700248;-27.63955;-52.26915;-27.63955;-52.26915;Centro;;
605;;;endereco;Rua Santa Catarina, 864, Nazaré, Concórdia - SC, 89707-024, Brasil;Rua Santa Catarina 864 Concordia SC 89707024 Brazil;Concórdia;SC;89707024;-27.23562;-52.03715;-27.23562;-52.03715;Nazaré;;
606;;;endereco;Rua Thomaz Gonzaga, 1, Vila Fátima, Passo Fundo - RS, 99020-170, Brasil;Rua Thomaz Gonzaga 1 Passo Fundo RS 99020170 Brazil;Passo Fundo;RS;99020170;-28.24782;-52.40643;-28.24782;-52.40643;Vila Fátima;;
607;;;endereco;Rua Teixeira Soares, 1117, Centro, Passo Fundo - RS, 99010-080, Brasil;Rua Teixeira Soares 1117 Passo Fundo RS 99010080 Brazil;Passo Fundo;RS;99010080;-28.26264;-52.41235;-28.26264;-52.41235;Centro;;
608;;;endereco;Rua Independência, 829, Centro, Passo Fundo - RS, 99010-041, Brasil;Rua Independencia 829 Passo Fundo RS 99010041 Brazil;Passo Fundo;RS;99010041;-28.26386;-52.4078;-28.26386;-52.4078;Centro;;
609;;;endereco;Rua Herculano Hércules Zanuzzo, 500, Seara - SC, 89770-000, Brasil;Rua Herculano Hercules Zanuzzo 500 Seara SC 89770000 Brazil;Seara;SC;89770000;-27.15883;-52.31573;-27.15883;-52.31573;;MEDIO;CEP generico de cidade, nao de rua (2,4x mais falha)
610;;;endereco;Avenida Brasil Oeste, 1261, Centro, Passo Fundo - RS, 99025-003, Brasil;Avenida Brasil Oeste 1261 Passo Fundo RS 99025003 Brazil;Passo Fundo;RS;99025003;-28.26459;-52.41588;-28.26459;-52.41588;Centro;;
611;;;endereco;Rua Antônio Araújo, 560, Centro, Passo Fundo - RS, 99010-220, Brasil;Rua Antonio Araujo 560 Passo Fundo RS 99010220 Brazil;Passo Fundo;RS;99010220;-28.25525;-52.39896;-28.25525;-52.39896;Centro;;
612;;;endereco;Rua Coronel Farrapo, 555, Centro, Campos Novos - SC, 89620-000, Brasil;Rua Coronel Farrapo 555 Campos Novos SC 89620000 Brazil;Campos Novos;SC;89620000;-27.40273;-51.22881;-27.40273;-51.22881;Centro;MEDIO;CEP generico de cidade, nao de rua (2,4x mais falha)
613;;;endereco;Servilar, Avenida Sete de Setembro, Centro, Passo Fundo - RS, 99010-121, Brasil;Avenida Sete de Setembro Centro Passo Fundo RS 99010121 Brazil;Passo Fundo;RS;99010121;-28.26571;-52.40519;-28.26571;-52.40519;;ALTO;sem numero de porta
614;;;endereco;Avenida Brasil Oeste, 1111, Centro, Passo Fundo - RS, 99025-003, Brasil;Avenida Brasil Oeste 1111 Passo Fundo RS 99025003 Brazil;Passo Fundo;RS;99025003;-28.26406;-52.41472;-28.26406;-52.41472;Centro;;
615;;;endereco;Avenida Sete de Setembro, 1055, Centro, Passo Fundo - RS, 83649-600, Brasil;Avenida Sete de Setembro 1055 Passo Fundo RS 83649600 Brazil;Passo Fundo;RS;83649600;-28.26547;-52.40333;-28.26547;-52.40333;Centro;;
616;;;endereco;Rua Barão do Rio Branco, 120, Casca - RS, 99260-000, Brasil;Rua Barao do Rio Branco 120 Casca RS 99260000 Brazil;Casca;RS;99260000;-28.56281;-51.97356;-28.56281;-51.97356;;MEDIO;CEP generico de cidade, nao de rua (2,4x mais falha)
617;;;endereco;Avenida Itália, 433, São Pelegrino, Caxias do Sul - RS, 95010-040, Brasil;Avenida Italia 433 Caxias do Sul RS 95010040 Brazil;Caxias do Sul;RS;95010040;-29.16867;-51.19336;-29.16867;-51.19336;São Pelegrino;;
618;;;endereco;Avenida Sete de Setembro, 185, Centro, Passo Fundo - RS, 99010-121, Brasil;Avenida Sete de Setembro 185 Passo Fundo RS 99010121 Brazil;Passo Fundo;RS;99010121;-28.26555;-52.40207;-28.26555;-52.40207;Centro;;
619;;;endereco;Rua Inácia Vieira, 403, Vacaria - RS, 95200-019, Brasil;Rua Inacia Vieira 403 Vacaria RS 95200019 Brazil;Vacaria;RS;95200019;-28.50713;-50.93697;-28.50713;-50.93697;;;
620;;;endereco;Rua Feijó Júnior, 583, São Pelegrino, Caxias do Sul - RS, 95034-160, Brasil;Rua Feijo Junior 583 Caxias do Sul RS 95034160 Brazil;Caxias do Sul;RS;95034160;-29.1668;-51.18867;-29.1668;-51.18867;São Pelegrino;;
621;;;endereco;Rua Marechal Deodoro, 630, Centro, Curitiba - PR, 80010-010, Brasil;Rua Marechal Deodoro 630 Curitiba PR 80010010 Brazil;Curitiba;PR;80010010;-25.43027;-49.26626;-25.43027;-49.26626;Centro;;
622;;;endereco;Rua Otávio Francisco Dias, 542, Água Verde, Curitiba - PR, 80620-310, Brasil;Rua Otavio Francisco Dias 542 Curitiba PR 80620310 Brazil;Curitiba;PR;80620310;-25.4581;-49.27743;-25.4581;-49.27743;Água Verde;;
623;;;endereco;Alameda Doutor Carlos de Carvalho, 555, Centro, Curitiba - PR, 80430-180, Brasil;Alameda Doutor Carlos de Carvalho 555 Curitiba PR 80430180 Brazil;Curitiba;PR;80430180;-25.4333;-49.28041;-25.4333;-49.28041;Centro;;
624;;;endereco;Rua Bom Jesus, 150, Juveve, Curitiba - PR, 80035-010, Brasil;Rua Bom Jesus 150 Curitiba PR 80035010 Brazil;Curitiba;PR;80035010;-25.41084;-49.25542;-25.41084;-49.25542;Juveve;;
625;;;endereco;Rua Orleans, 1005, América, Joinville - SC, 89204-580, Brasil;Rua Orleans 1005 Joinville SC 89204580 Brazil;Joinville;SC;89204580;-26.28485;-48.85644;-26.28485;-48.85644;América;;
626;;;endereco;Avenida Presidente Wenceslau Bráz, 1902, Guaíra, Curitiba - PR, 81010-000, Brasil;Avenida Presidente Wenceslau Braz 1902 Curitiba PR 81010000 Brazil;Curitiba;PR;81010000;-25.47439;-49.27332;-25.47439;-49.27332;Guaíra;MEDIO;CEP generico de cidade, nao de rua (2,4x mais falha)
627;;;endereco;Basesul Empreendimentos, Rua Grã Nicco, Mossungue, Curitiba - PR, 81200-200, Brasil;Rua Gra Nicco Mossungue Curitiba PR 81200200 Brazil;Curitiba;PR;81200200;-25.43709;-49.32912;-25.43709;-49.32912;;ALTO;sem numero de porta
628;;;endereco;Avenida Brigadeiro Faria Lima, Itaim Bibi, São Paulo - SP, 04538-133, Brasil;Avenida Brigadeiro Faria Lima Itaim Bibi Sao Paulo SP 04538133 Brazil;São Paulo;SP;04538133;-23.58592;-46.68285;-23.58592;-46.68285;;ALTO;sem numero de porta
629;;;endereco;Rua Américo Brasiliense, 1922, Santo Amaro, São Paulo - SP, 04715-004, Brasil;Rua Americo Brasiliense 1922 Sao Paulo SP 04715004 Brazil;São Paulo;SP;04715004;-23.62965;-46.70471;-23.62965;-46.70471;Santo Amaro;;
630;;;endereco;Avenida Ibirapuera, 2120, Moema, São Paulo - SP, 04028-001, Brasil;Avenida Ibirapuera 2120 Sao Paulo SP 04028001 Brazil;São Paulo;SP;04028001;-23.60279;-46.66177;-23.60279;-46.66177;Moema;;
631;;;endereco;Tupinambá, Rua Ministro Jesuíno Cardoso, 454, Itaim Bibi, São Paulo - SP, 04544-050, Brasil;Rua Ministro Jesuino Cardoso 454 Sao Paulo SP 04544050 Brazil;São Paulo;SP;04544050;-23.59236;-46.68203;-23.59236;-46.68203;Itaim Bibi;;
632;;;endereco;Alameda Raja Gabaglia, 62, Itaim Bibi, São Paulo - SP, 04551-090, Brasil;Alameda Raja Gabaglia 62 Sao Paulo SP 04551090 Brazil;São Paulo;SP;04551090;-23.59447;-46.68883;-23.59447;-46.68883;Itaim Bibi;;
633;;;endereco;Rua Brasílio Bacellar Filho, 59, Tinguí, Curitiba - PR, 82620-250, Brasil;Rua Brasilio Bacellar Filho 59 Curitiba PR 82620250 Brazil;Curitiba;PR;82620250;-25.38637;-49.22172;-25.38637;-49.22172;Tinguí;;
634;;;endereco;Rua Corupá, 100, Anita Garibaldi, Joinville - SC, 89203-620, Brasil;Rua Corupa 100 Joinville SC 89203620 Brazil;Joinville;SC;89203620;-26.31294;-48.8574;-26.31294;-48.8574;Anita Garibaldi;;
635;;;endereco;Rua Itaiópolis, 730, Saguaçu, Joinville - SC, 89221-155, Brasil;Rua Itaiopolis 730 Joinville SC 89221155 Brazil;Joinville;SC;89221155;-26.28762;-48.84127;-26.28762;-48.84127;Saguaçu;;
636;;;endereco;Rua Lourenço Pinto, 190, Centro, Curitiba - PR, 80010-160, Brasil;Rua Lourenco Pinto 190 Curitiba PR 80010160 Brazil;Curitiba;PR;80010160;-25.43528;-49.26883;-25.43528;-49.26883;Centro;;
637;;;endereco;Rua Marcílio Dias, 333, Santo Antônio, Joinville - SC, 89218-005, Brasil;Rua Marcilio Dias 333 Joinville SC 89218005 Brazil;Joinville;SC;89218005;-26.27567;-48.85338;-26.27567;-48.85338;Santo Antônio;;
638;;;endereco;Rua Ismael Carlos Correia, 93, Saguaçu, Joinville - SC, 89221-520, Brasil;Rua Ismael Carlos Correia 93 Joinville SC 89221520 Brazil;Joinville;SC;89221520;-26.27448;-48.84349;-26.27448;-48.84349;Saguaçu;;
639;;;endereco;Rua Visconde do Rio Branco, 1630, Centro, Curitiba - PR, 80420-210, Brasil;Rua Visconde do Rio Branco 1630 Curitiba PR 80420210 Brazil;Curitiba;PR;80420210;-25.43548;-49.27774;-25.43548;-49.27774;Centro;;
640;;;endereco;Rua General Andrade Neves, 435, Centro, Cruz Alta - RS, 98005-239, Brasil;Rua General Andrade Neves 435 Cruz Alta RS 98005239 Brazil;Cruz Alta;RS;98005239;-28.64094;-53.60605;-28.64094;-53.60605;Centro;;
641;;;endereco;Rua General Osório, 1032, Ibirubá - RS, 98200-000, Brasil;Rua General Osorio 1032 Ibiruba RS 98200000 Brazil;Ibirubá;RS;98200000;-28.62998;-53.09088;-28.62998;-53.09088;;MEDIO;CEP generico de cidade, nao de rua (2,4x mais falha)
642;;;endereco;Avenida Marechal Floriano Peixoto, 1256, Soledade - RS, 99300-000, Brasil;Avenida Marechal Floriano Peixoto 1256 Soledade RS 99300000 Brazil;Soledade;RS;99300000;-28.82674;-52.51173;-28.82674;-52.51173;;MEDIO;CEP generico de cidade, nao de rua (2,4x mais falha)
643;;;endereco;Projettos Fabrica de Pastas e Bolsas, Rua Marechal Floriano Peixoto, 467, Centro, Santa Maria - RS, 97015-372, Brasil;Rua Marechal Floriano Peixoto 467 Santa Maria RS 97015372 Brazil;Santa Maria;RS;97015372;-29.69258;-53.80764;-29.69258;-53.80764;Centro;;
644;;;endereco;Dr. Diego Chemello, Centro, Santa Maria - RS, Brasil;Dr Diego Chemello Centro Santa Maria RS Brazil;Santa Maria;RS;;-29.69154;-53.80625;-29.69154;-53.80625;;ALTO;sem numero de porta
645;;;endereco;Rua Marechal Deodoro, 582, Centro, Santa Cruz do Sul - RS, 96810-102, Brasil;Rua Marechal Deodoro 582 Santa Cruz do Sul RS 96810102 Brazil;Santa Cruz do Sul;RS;96810102;-29.71845;-52.42599;-29.71845;-52.42599;Centro;;
646;;;endereco;Avenida Carlos Gomes, 1408, Três Figueiras, Porto Alegre - RS, 90480-001, Brasil;Avenida Carlos Gomes 1408 Porto Alegre RS 90480001 Brazil;Porto Alegre;RS;90480001;-30.03358;-51.17819;-30.03358;-51.17819;Três Figueiras;;
647;;;endereco;Rua Hilário Ribeiro, 340, Moinhos de Vento, Porto Alegre - RS, 90510-040, Brasil;Rua Hilario Ribeiro 340 Porto Alegre RS 90510040 Brazil;Porto Alegre;RS;90510040;-30.02593;-51.20358;-30.02593;-51.20358;Moinhos de Vento;;
648;;;endereco;Rua Marechal Floriano Peixoto, 10, Centro Histórico, Porto Alegre - RS, 90020-060, Brasil;Rua Marechal Floriano Peixoto 10 Porto Alegre RS 90020060 Brazil;Porto Alegre;RS;90020060;-30.02879;-51.22662;-30.02879;-51.22662;Centro Histórico;;
649;;;endereco;Bergamaschi Advogados Associados, Avenida Benjamin Constant, 1010, Centro, Lajeado - RS, 95906-280, Brasil;Avenida Benjamin Constant 1010 Lajeado RS 95906280 Brazil;Lajeado;RS;95906280;-29.46254;-51.96723;-29.46254;-51.96723;Centro;;
650;;;endereco;Rua Doutor Barbosa Gonçalves, 368, Chácara das Pedras, Porto Alegre - RS, 91330-320, Brasil;Rua Doutor Barbosa Goncalves 368 Porto Alegre RS 91330320 Brazil;Porto Alegre;RS;91330320;-30.03193;-51.16271;-30.03193;-51.16271;Chácara das Pedras;;
651;;;endereco;Rua Ayrton Senna da Silva, 126, Nova Aliança, Rio das Ostras - RJ, 28890-407, Brasil;Rua Ayrton Senna da Silva 126 Rio das Ostras RJ 28890407 Brazil;Rio das Ostras;RJ;28890407;-22.53263;-41.96176;-22.53263;-41.96176;Nova Aliança;;
652;;;endereco;Rua Visconde do Rio Branco, 2156, Centro, São José dos Pinhais - PR, 83005-420, Brasil;Rua Visconde do Rio Branco 2156 Sao Jose dos Pinhais PR 83005420 Brazil;São José dos Pinhais;PR;83005420;-25.53839;-49.1973;-25.53839;-49.1973;Centro;;
653;;;endereco;Rua Hilário Fernandes Pacheco, 52, Vera Cruz, Criciúma - SC, 88810-040, Brasil;Rua Hilario Fernandes Pacheco 52 Criciuma SC 88810040 Brazil;Criciúma;SC;88810040;-28.67019;-49.3769;-28.67019;-49.3769;Vera Cruz;;
654;;;endereco;Santander, Rua Cristovão Nunes Pires, 98, Centro, Florianópolis - SC, 88010-120, Brasil;Rua Cristovao Nunes Pires 98 Florianopolis SC 88010120 Brazil;Florianópolis;SC;88010120;-27.59449;-48.55854;-27.59449;-48.55854;Centro;;
655;;;endereco;Ed. Donna Guiomar, Rua Sete de Setembro, Centro, Blumenau - SC, 89010-203, Brasil;Rua Sete de Setembro Centro Blumenau SC 89010203 Brazil;Blumenau;SC;89010203;-26.92179;-49.06635;-26.92179;-49.06635;;ALTO;sem numero de porta
656;;;endereco;Rua Marechal Deodoro, 950, Centro, Curitiba - PR, 80060-010, Brasil;Rua Marechal Deodoro 950 Curitiba PR 80060010 Brazil;Curitiba;PR;80060010;-25.42908;-49.26353;-25.42908;-49.26353;Centro;;
657;;;endereco;Rua Jerônimo Coelho, 240, Centro, Joinville - SC, 89201-050, Brasil;Rua Jeronimo Coelho 240 Joinville SC 89201050 Brazil;Joinville;SC;89201050;-26.30275;-48.84301;-26.30275;-48.84301;Centro;;
658;;;endereco;Rua José Maria Hannickel, 55, Parque Campolim, Sorocaba - SP, 18047-360, Brasil;Rua Jose Maria Hannickel 55 Sorocaba SP 18047360 Brazil;Sorocaba;SP;18047360;-23.52125;-47.46396;-23.52125;-47.46396;Parque Campolim;;
659;;;endereco;Avenida Gisele Constantino, 850, Votorantim - SP, 18110-650, Brasil;Avenida Gisele Constantino 850 Votorantim SP 18110650 Brazil;Votorantim;SP;18110650;-23.54525;-47.46679;-23.54525;-47.46679;;;
660;;;endereco;Rua Quinze de Novembro, 202, Centro, Sorocaba - SP, 18010-081, Brasil;Rua Quinze de Novembro 202 Sorocaba SP 18010081 Brazil;Sorocaba;SP;18010081;-23.50034;-47.45496;-23.50034;-47.45496;Centro;;
661;;;endereco;Rua Alberto Bolliger, 826, Juveve, Curitiba - PR, 80030-280, Brasil;Rua Alberto Bolliger 826 Curitiba PR 80030280 Brazil;Curitiba;PR;80030280;-25.41485;-49.25992;-25.41485;-49.25992;Juveve;;
662;;;endereco;Rua Benjamin Lins, 761, Batel, Curitiba - PR, 80420-100, Brasil;Rua Benjamin Lins 761 Curitiba PR 80420100 Brazil;Curitiba;PR;80420100;-25.44024;-49.28127;-25.44024;-49.28127;Batel;;
663;;;endereco;Avenida Prefeito Erasto Gaertner, 555, Bacacheri, Curitiba - PR, 82510-160, Brasil;Avenida Prefeito Erasto Gaertner 555 Curitiba PR 82510160 Brazil;Curitiba;PR;82510160;-25.40214;-49.24136;-25.40214;-49.24136;Bacacheri;;
664;;;endereco;Confidence Câmbio, Avenida do Batel, 1868, Batel, Curitiba - PR, 80420-090, Brasil;Avenida do Batel 1868 Curitiba PR 80420090 Brazil;Curitiba;PR;80420090;-25.44304;-49.29085;-25.44304;-49.29085;Batel;;
665;;;endereco;Rua Padre Anchieta, 2206, Bigorrilho, Curitiba - PR, 80730-001, Brasil;Rua Padre Anchieta 2206 Curitiba PR 80730001 Brazil;Curitiba;PR;80730001;-25.43358;-49.30029;-25.43358;-49.30029;Bigorrilho;;
666;;;endereco;Avenida Roque Petroni Júnior, 75, Santo Amaro, São Paulo - SP, 04707-000, Brasil;Avenida Roque Petroni Junior 75 Sao Paulo SP 04707000 Brazil;São Paulo;SP;04707000;-23.62627;-46.68814;-23.62627;-46.68814;Santo Amaro;MEDIO;CEP generico de cidade, nao de rua (2,4x mais falha)
667;;;endereco;Itaú, Avenida Anchieta, Jardim Nova América, São José dos Campos - SP, 12242-280, Brasil;Avenida Anchieta Jardim Nova America Sao Jose dos Campos SP 12242280 Brazil;São José dos Campos;SP;12242280;-23.19283;-45.89414;-23.19283;-45.89414;;ALTO;sem numero de porta
668;;;endereco;Igc, Avenida Cassiano Ricardo, Parque Residencial Aquarius, São José dos Campos - SP, 12240-540, Brasil;Avenida Cassiano Ricardo Parque Residencial Aquarius Sao Jose dos Campos SP 12240540 Brazil;São José dos Campos;SP;12240540;-23.22002;-45.91058;-23.22002;-45.91058;;ALTO;sem numero de porta
669;;;endereco;Avenida Merimar Barbosa, 852, Barranco, Taubaté - SP, 12040-810, Brasil;Avenida Merimar Barbosa 852 Taubate SP 12040810 Brazil;Taubaté;SP;12040810;-23.02652;-45.58056;-23.02652;-45.58056;Barranco;;
670;;;endereco;Alameda Rio Negro, 1439, Alphaville, Barueri - SP, 06454-000, Brasil;Alameda Rio Negro 1439 Barueri SP 06454000 Brazil;Barueri;SP;06454000;-23.4933;-46.84964;-23.4933;-46.84964;Alphaville;MEDIO;CEP generico de cidade, nao de rua (2,4x mais falha)
671;;;endereco;Avenida Capitão Manoel Rudge, 170, Mogi das Cruzes - SP, 08780-290, Brasil;Avenida Capitao Manoel Rudge 170 Mogi das Cruzes SP 08780290 Brazil;Mogi das Cruzes;SP;08780290;-23.5217;-46.18219;-23.5217;-46.18219;;;
672;;;endereco;Avenida Trompowsky, 432, Centro, Florianópolis - SC, 88015-300, Brasil;Avenida Trompowsky 432 Florianopolis SC 88015300 Brazil;Florianópolis;SC;88015300;-27.58685;-48.5487;-27.58685;-48.5487;Centro;;
673;;;endereco;Rua Jorge Reid, 15, Cavaleiros, Macaé - RJ, 27920-260, Brasil;Rua Jorge Reid 15 Macae RJ 27920260 Brazil;Macaé;RJ;27920260;-22.40306;-41.79575;-22.40306;-41.79575;Cavaleiros;;
674;;;endereco;Rua Bento Gonçalves, 2802, Centro, Novo Hamburgo - RS, 93510-138, Brasil;Rua Bento Goncalves 2802 Novo Hamburgo RS 93510138 Brazil;Novo Hamburgo;RS;93510138;-29.68196;-51.129;-29.68196;-51.129;Centro;;
675;;;endereco;Avenida Osvaldo Aranha, 720, Bom Fim, Porto Alegre - RS, 90035-191, Brasil;Avenida Osvaldo Aranha 720 Porto Alegre RS 90035191 Brazil;Porto Alegre;RS;90035191;-30.03338;-51.21495;-30.03338;-51.21495;Bom Fim;;
676;;;endereco;Rua Macaiá-Mirim, 1368, Santana, São Paulo - SP, 02013-080, Brasil;Rua Macaia Mirim 1368 Sao Paulo SP 02013080 Brazil;São Paulo;SP;02013080;-23.50089;-46.63749;-23.50089;-46.63749;Santana;;
677;;;endereco;Rua São João, 26, Picanço, Guarulhos - SP, 07134-280, Brasil;Rua Sao Joao 26 Guarulhos SP 07134280 Brazil;Guarulhos;SP;07134280;-23.45293;-46.5436;-23.45293;-46.5436;Picanço;;
678;;;endereco;Clínica Dra. Pâmela Costa, Avenida Prefeito Carlos Ferreira Lopes, 703, Mogi das Cruzes - SP, 08773-490, Brasil;Avenida Prefeito Carlos Ferreira Lopes 703 Mogi das Cruzes SP 08773490 Brazil;Mogi das Cruzes;SP;08773490;-23.51015;-46.19149;-23.51015;-46.19149;;;
679;;;endereco;Alameda Terracota, Cerâmica, São Caetano do Sul - SP, 09531-190, Brasil;Alameda Terracota Ceramica Sao Caetano do Sul SP 09531190 Brazil;São Caetano do Sul;SP;09531190;-23.62405;-46.58094;-23.62405;-46.58094;;ALTO;sem numero de porta
680;;;endereco;Rua Doutor Franco da Rocha, 551, Perdizes, São Paulo - SP, 05015-040, Brasil;Rua Doutor Franco da Rocha 551 Sao Paulo SP 05015040 Brazil;São Paulo;SP;05015040;-23.53711;-46.67322;-23.53711;-46.67322;Perdizes;;
681;;;endereco;Rua Maria Figueiredo, 595, Vila Mariana, São Paulo - SP, 04007-003, Brasil;Rua Maria Figueiredo 595 Sao Paulo SP 04007003 Brazil;São Paulo;SP;04007003;-23.57303;-46.65091;-23.57303;-46.65091;Vila Mariana;;
682;;;endereco;Fair, Rua Vergueiro, 1753, Vila Mariana, São Paulo - SP, 04101-000, Brasil;Rua Vergueiro 1753 Sao Paulo SP 04101000 Brazil;São Paulo;SP;04101000;-23.57776;-46.64041;-23.57776;-46.64041;Vila Mariana;MEDIO;CEP generico de cidade, nao de rua (2,4x mais falha)
683;;;endereco;Rua Sete de Setembro, 322, Centro, Ponta Grossa - PR, 84010-350, Brasil;Rua Sete de Setembro 322 Ponta Grossa PR 84010350 Brazil;Ponta Grossa;PR;84010350;-25.09946;-50.15749;-25.09946;-50.15749;Centro;;
684;;;endereco;Rua Floriano Peixoto, 300, Centro, Blumenau - SC, 89010-022, Brasil;Rua Floriano Peixoto 300 Blumenau SC 89010022 Brazil;Blumenau;SC;89010022;-26.92364;-49.06471;-26.92364;-49.06471;Centro;;
685;;;endereco;Rua João Januário Ayroso, 293, Jaraguá Esquerdo, Jaraguá do Sul - SC, 89253-100, Brasil;Rua Joao Januario Ayroso 293 Jaragua do Sul SC 89253100 Brazil;Jaraguá do Sul;SC;89253100;-26.49623;-49.09038;-26.49623;-49.09038;Jaraguá Esquerdo;;
686;;;endereco;Rua Martim Stahl, 507, Vila Nova, Jaraguá do Sul - SC, 89259-310, Brasil;Rua Martim Stahl 507 Jaragua do Sul SC 89259310 Brazil;Jaraguá do Sul;SC;89259310;-26.49914;-49.08318;-26.49914;-49.08318;Vila Nova;;
687;;;endereco;Rua Paulo Zimmermann, 142, Centro, Blumenau - SC, 89010-170, Brasil;Rua Paulo Zimmermann 142 Blumenau SC 89010170 Brazil;Blumenau;SC;89010170;-26.91494;-49.07151;-26.91494;-49.07151;Centro;;
688;;;endereco;Avenida Venâncio Aires, 758, Santo Ângelo - RS, 98801-660, Brasil;Avenida Venancio Aires 758 Santo Angelo RS 98801660 Brazil;Santo Ângelo;RS;98801660;-28.30748;-54.25798;-28.30748;-54.25798;;;
689;;;endereco;Avenida Santa Cruz, 654, Centro, Santa Rosa - RS, 98780-744, Brasil;Avenida Santa Cruz 654 Santa Rosa RS 98780744 Brazil;Santa Rosa;RS;98780744;-27.86786;-54.48011;-27.86786;-54.48011;Centro;;
690;;;endereco;Avenida Uruguai, 620, Três de Maio - RS, 98910-000, Brasil;Avenida Uruguai 620 Tres de Maio RS 98910000 Brazil;Três de Maio;RS;98910000;-27.77886;-54.23416;-27.77886;-54.23416;;MEDIO;CEP generico de cidade, nao de rua (2,4x mais falha)
691;;;endereco;Czech Fit Treinamento Personalizado, Rua Marechal Floriano, Três de Maio - RS, 98910-000, Brasil;Rua Marechal Floriano Tres de Maio RS 98910000 Brazil;Três de Maio;RS;98910000;-27.77511;-54.23217;-27.77511;-54.23217;;ALTO;"sem numero de porta; CEP generico de cidade, nao de rua (2,4x mais falha)"
692;;;endereco;Rua Dahne de Abreu, 729, Horizontina - RS, 98920-000, Brasil;Rua Dahne de Abreu 729 Horizontina RS 98920000 Brazil;Horizontina;RS;98920000;-27.632;-54.30828;-27.632;-54.30828;;MEDIO;CEP generico de cidade, nao de rua (2,4x mais falha)
693;;;endereco;Rua Marquês de Tamandaré, 561, Santo Ângelo - RS, 98802-573, Brasil;Rua Marques de Tamandare 561 Santo Angelo RS 98802573 Brazil;Santo Ângelo;RS;98802573;-28.29524;-54.2657;-28.29524;-54.2657;;;
694;;;endereco;Avenida Fernando Machado, 141, Centro, Chapecó - SC, 89802-110, Brasil;Avenida Fernando Machado 141 Chapeco SC 89802110 Brazil;Chapecó;SC;89802110;-27.10655;-52.61576;-27.10655;-52.61576;Centro;;
695;;;endereco;Rua Clodomiro Amazonas, 249, Itaim Bibi, São Paulo - SP, 04537-010, Brasil;Rua Clodomiro Amazonas 249 Sao Paulo SP 04537010 Brazil;São Paulo;SP;04537010;-23.58647;-46.67931;-23.58647;-46.67931;Itaim Bibi;;
696;;;endereco;Zletric, Rua Elvira Ferraz, 256, Itaim Bibi, São Paulo - SP, 04552-040, Brasil;Rua Elvira Ferraz 256 Sao Paulo SP 04552040 Brazil;São Paulo;SP;04552040;-23.59478;-46.68186;-23.59478;-46.68186;Itaim Bibi;;
697;;;endereco;Phix It, Santo Amaro, São Paulo - SP, 04719-002, Brasil;Phix It Santo Amaro Sao Paulo SP 04719002 Brazil;São Paulo;SP;04719002;-23.63094;-46.71324;-23.63094;-46.71324;;ALTO;sem numero de porta
698;;;endereco;Rua Augusta, 2898, Jardim Paulista, São Paulo - SP, 01412-100, Brasil;Rua Augusta 2898 Sao Paulo SP 01412100 Brazil;São Paulo;SP;01412100;-23.5657;-46.66824;-23.5657;-46.66824;Jardim Paulista;;
699;;;endereco;Zletric, Rua Leopoldo Couto Magalhães Júnior, 758, Itaim Bibi, São Paulo - SP, Brasil;Rua Leopoldo Couto Magalhaes Junior 758 Sao Paulo SP Brazil;São Paulo;SP;;-23.58779;-46.68039;-23.58779;-46.68039;Itaim Bibi;;
700;;;endereco;Rua Rio Preto, 38, Jardim Paulista, São Paulo - SP, 01426-010, Brasil;Rua Rio Preto 38 Sao Paulo SP 01426010 Brazil;São Paulo;SP;01426010;-23.56633;-46.6659;-23.56633;-46.6659;Jardim Paulista;;
701;;;endereco;Edifício Olímpia Trade Center, Rua Lourenço Marques, Itaim Bibi, São Paulo - SP, 04547-100, Brasil;Rua Lourenco Marques Itaim Bibi Sao Paulo SP 04547100 Brazil;São Paulo;SP;04547100;-23.59775;-46.68501;-23.59775;-46.68501;;ALTO;sem numero de porta
702;;;endereco;Avenida Brigadeiro Faria Lima, 1800, Pinheiros, São Paulo - SP, 05477-000, Brasil;Avenida Brigadeiro Faria Lima 1800 Sao Paulo SP 05477000 Brazil;São Paulo;SP;05477000;-23.57331;-46.6898;-23.57331;-46.6898;Pinheiros;MEDIO;CEP generico de cidade, nao de rua (2,4x mais falha)
703;;;endereco;Rua Barão do Triunfo, Campo Belo, São Paulo - SP, 04620-001, Brasil;Rua Barao do Triunfo Campo Belo Sao Paulo SP 04620001 Brazil;São Paulo;SP;04620001;-23.62316;-46.68198;-23.62316;-46.68198;;ALTO;sem numero de porta
704;;;endereco;Banco Western Union do Brasil, Pinheiros, São Paulo - SP, 05477-000, Brasil;Banco Western Union do Brasil Pinheiros Sao Paulo SP 05477000 Brazil;São Paulo;SP;05477000;-23.57525;-46.69598;-23.57525;-46.69598;;ALTO;"sem numero de porta; CEP generico de cidade, nao de rua (2,4x mais falha)"
705;;;endereco;Ironhack, Alameda Jaú, 1301, Jardim Paulista, São Paulo - SP, 01420-001, Brasil;Alameda Jau 1301 Sao Paulo SP 01420001 Brazil;São Paulo;SP;01420001;-23.56183;-46.66007;-23.56183;-46.66007;Jardim Paulista;;
706;;;endereco;Rua Leite, 1, Marcelino Ramos - RS, 99800-000, Brasil;Rua Leite 1 Marcelino Ramos RS 99800000 Brazil;Marcelino Ramos;RS;99800000;-27.46219;-51.90944;-27.46219;-51.90944;;MEDIO;CEP generico de cidade, nao de rua (2,4x mais falha)
707;;;endereco;Meia Maratona de Caxias do Sul, Rua Alfredo Chaves, Exposição, Caxias do Sul - RS, 95020-460, Brasil;Rua Alfredo Chaves Exposicao Caxias do Sul RS 95020460 Brazil;Caxias do Sul;RS;95020460;-29.17151;-51.17571;-29.17151;-51.17571;;ALTO;sem numero de porta
708;;;endereco;Rua Aurino Argemiro Zandonai, 1070, Santa Marta, Bento Gonçalves - RS, 95702-190, Brasil;Rua Aurino Argemiro Zandonai 1070 Bento Goncalves RS 95702190 Brazil;Bento Gonçalves;RS;95702190;-29.17763;-51.49522;-29.17763;-51.49522;Santa Marta;;
709;;;endereco;Avenida Castelo Branco, 1837, Paraí - RS, 95360-000, Brasil;Avenida Castelo Branco 1837 Parai RS 95360000 Brazil;Paraí;RS;95360000;-28.5943;-51.78384;-28.5943;-51.78384;;MEDIO;CEP generico de cidade, nao de rua (2,4x mais falha)
710;;;endereco;Avenida Carlos Gomes, 364, Boa Vista, Porto Alegre - RS, 90480-003, Brasil;Avenida Carlos Gomes 364 Porto Alegre RS 90480003 Brazil;Porto Alegre;RS;90480003;-30.02508;-51.18267;-30.02508;-51.18267;Boa Vista;;
711;;;endereco;Zletric, Avenida Carlos Gomes, 1672, Três Figueiras, Porto Alegre - RS, 90470-260, Brasil;Avenida Carlos Gomes 1672 Porto Alegre RS 90470260 Brazil;Porto Alegre;RS;90470260;-30.0353;-51.17657;-30.0353;-51.17657;Três Figueiras;;
712;;;endereco;Abin RS, Petrópolis, Porto Alegre - RS, Brasil;Abin RS Petropolis Porto Alegre RS Brazil;Porto Alegre;RS;;-30.04322;-51.17585;-30.04322;-51.17585;;ALTO;sem numero de porta
713;;;endereco;Abf Advogados Associados, Boa Vista, Porto Alegre - RS, 90470-130, Brasil;Abf Advogados Associados Boa Vista Porto Alegre RS 90470130 Brazil;Porto Alegre;RS;90470130;-30.02733;-51.18094;-30.02733;-51.18094;;ALTO;sem numero de porta
714;;;endereco;Hdi Seguros S/A., Rua Bento Gonçalves, 1737, Boa Vista, Novo Hamburgo - RS, 93410-395, Brasil;Rua Bento Goncalves 1737 Novo Hamburgo RS 93410395 Brazil;Novo Hamburgo;RS;93410395;-29.69092;-51.12668;-29.69092;-51.12668;Boa Vista;;
715;;;endereco;Avenida Brasil, 1345, Centro, Foz do Iguaçu - PR, 85851-000, Brasil;Avenida Brasil 1345 Foz do Iguacu PR 85851000 Brazil;Foz do Iguaçu;PR;85851000;-25.5462;-54.58637;-25.5462;-54.58637;Centro;MEDIO;CEP generico de cidade, nao de rua (2,4x mais falha)
716;;;endereco;Rua Pio XII, 3669, Claudete, Cascavel - PR, 85811-120, Brasil;Rua Pio XII 3669 Cascavel PR 85811120 Brazil;Cascavel;PR;85811120;-24.94518;-53.46895;-24.94518;-53.46895;Claudete;;
717;;;endereco;Rua Olavo Bilac, 1021, Centro, Cascavel - PR, 85812-260, Brasil;Rua Olavo Bilac 1021 Cascavel PR 85812260 Brazil;Cascavel;PR;85812260;-24.95186;-53.44694;-24.95186;-53.44694;Centro;;
718;;;endereco;Rua Prfa. Sílvia Gonçalves C. Ribas, 379, Santa Felicidade, Curitiba - PR, 82410-190, Brasil;Rua Prfa Silvia Goncalves C Ribas 379 Curitiba PR 82410190 Brazil;Curitiba;PR;82410190;-25.38436;-49.33412;-25.38436;-49.33412;Santa Felicidade;;
719;;;endereco;Rua Alcides Longhi, 137, Sanvitto, Caxias do Sul - RS, 95012-348, Brasil;Rua Alcides Longhi 137 Caxias do Sul RS 95012348 Brazil;Caxias do Sul;RS;95012348;-29.17782;-51.21587;-29.17782;-51.21587;Sanvitto;;
720;;;endereco;Avenida Paraná, 337, Cabral, Curitiba - PR, 80035-130, Brasil;Avenida Parana 337 Curitiba PR 80035130 Brazil;Curitiba;PR;80035130;-25.40763;-49.25397;-25.40763;-49.25397;Cabral;;
721;;;endereco;Rua Coronel Brasilino Moura, 447, São Lourenço, Curitiba - PR, 80540-340, Brasil;Rua Coronel Brasilino Moura 447 Curitiba PR 80540340 Brazil;Curitiba;PR;80540340;-25.4012;-49.26757;-25.4012;-49.26757;São Lourenço;;
722;;;endereco;Avenida Cristóvão Colombo, 2967, Auxiliadora, Porto Alegre - RS, 90560-002, Brasil;Avenida Cristovao Colombo 2967 Porto Alegre RS 90560002 Brazil;Porto Alegre;RS;90560002;-30.01784;-51.19089;-30.01784;-51.19089;Auxiliadora;;
723;;;endereco;Rua Sete de Setembro, 370, Centro Histórico, Porto Alegre - RS, 90010-190, Brasil;Rua Sete de Setembro 370 Porto Alegre RS 90010190 Brazil;Porto Alegre;RS;90010190;-30.03129;-51.23676;-30.03129;-51.23676;Centro Histórico;;
724;;;endereco;Rua Mura, 278, Espírito Santo, Porto Alegre - RS, 91770-570, Brasil;Rua Mura 278 Porto Alegre RS 91770570 Brazil;Porto Alegre;RS;91770570;-30.1522;-51.22116;-30.1522;-51.22116;Espírito Santo;;
725;;;endereco;Avenida Plínio Brasil Milano, 291, Auxiliadora, Porto Alegre - RS, 90520-002, Brasil;Avenida Plinio Brasil Milano 291 Porto Alegre RS 90520002 Brazil;Porto Alegre;RS;90520002;-30.02276;-51.18822;-30.02276;-51.18822;Auxiliadora;;
726;;;endereco;Rua Victorino de Andrade Pinto, 59, Morro Santana, Porto Alegre - RS, 91450-480, Brasil;Rua Victorino de Andrade Pinto 59 Porto Alegre RS 91450480 Brazil;Porto Alegre;RS;91450480;-30.04068;-51.12571;-30.04068;-51.12571;Morro Santana;;
727;;;endereco;Rua Anita Garibaldi, 1151, Mont'Serrat, Porto Alegre - RS, 90450-001, Brasil;Rua Anita Garibaldi 1151 Porto Alegre RS 90450001 Brazil;Porto Alegre;RS;90450001;-30.02623;-51.1841;-30.02623;-51.1841;Mont'Serrat;;
728;;;endereco;Avenida Doutor Nilo Peçanha, 2811, Chácara das Pedras, Porto Alegre - RS, 91330-001, Brasil;Avenida Doutor Nilo Pecanha 2811 Porto Alegre RS 91330001 Brazil;Porto Alegre;RS;91330001;-30.02828;-51.16283;-30.02828;-51.16283;Chácara das Pedras;;
729;;;endereco;Avenida Ipiranga, 40, Praia de Belas, Porto Alegre - RS, 90160-090, Brasil;Avenida Ipiranga 40 Porto Alegre RS 90160090 Brazil;Porto Alegre;RS;90160090;-30.04716;-51.23024;-30.04716;-51.23024;Praia de Belas;;
730;;;endereco;Avenida Doutor Nilo Peçanha, 1201, Três Figueiras, Porto Alegre - RS, 91330-000, Brasil;Avenida Doutor Nilo Pecanha 1201 Porto Alegre RS 91330000 Brazil;Porto Alegre;RS;91330000;-30.02934;-51.17973;-30.02934;-51.17973;Três Figueiras;MEDIO;CEP generico de cidade, nao de rua (2,4x mais falha)
731;;;endereco;Avenida Atlântica, 206, Centro, Balneário Camboriú - SC, 88330-018, Brasil;Avenida Atlantica 206 Balneario Camboriu SC 88330018 Brazil;Balneário Camboriú;SC;88330018;-26.9928;-48.62881;-26.9928;-48.62881;Centro;;
732;;;endereco;Rua João Picolli, 322, Centro, Jaraguá do Sul - SC, 89251-590, Brasil;Rua Joao Picolli 322 Jaragua do Sul SC 89251590 Brazil;Jaraguá do Sul;SC;89251590;-26.48938;-49.07961;-26.48938;-49.07961;Centro;;
733;;;endereco;Rua Rui Barbosa, 1401, Centro, Campo Largo - PR, 83601-140, Brasil;Rua Rui Barbosa 1401 Campo Largo PR 83601140 Brazil;Campo Largo;PR;83601140;-25.46088;-49.53045;-25.46088;-49.53045;Centro;;
734;;;endereco;Alameda Aristiliano Ramos, 1170, Santana, Rio do Sul - SC, 89160-113, Brasil;Alameda Aristiliano Ramos 1170 Rio do Sul SC 89160113 Brazil;Rio do Sul;SC;89160113;-27.21175;-49.63418;-27.21175;-49.63418;Santana;;
735;;;endereco;Priscila Finger Extensão de Cílios / Lash Terapeuta, Rua Santos Dumont, 480, Centro, Ponta Grossa - PR, 84010-360, Brasil;Rua Santos Dumont 480 Ponta Grossa PR 84010360 Brazil;Ponta Grossa;PR;84010360;-25.09733;-50.15693;-25.09733;-50.15693;Centro;;
736;;;endereco;Espaço Águia, Rua Doutor José Bonifácio Malburg, Centro, Itajaí - SC, 88301-350, Brasil;Rua Doutor Jose Bonifacio Malburg Centro Itajai SC 88301350 Brazil;Itajaí;SC;88301350;-26.90419;-48.65769;-26.90419;-48.65769;;ALTO;sem numero de porta
737;;;endereco;Rua Anita Garibaldi, 264, Anita Garibaldi, Joinville - SC, 89203-300, Brasil;Rua Anita Garibaldi 264 Joinville SC 89203300 Brazil;Joinville;SC;89203300;-26.31655;-48.84795;-26.31655;-48.84795;Anita Garibaldi;;
738;;;endereco;Rua Demétrio Ribeiro, 105, Centro, Florianópolis - SC, 88020-700, Brasil;Rua Demetrio Ribeiro 105 Florianopolis SC 88020700 Brazil;Florianópolis;SC;88020700;-27.58399;-48.54382;-27.58399;-48.54382;Centro;;
739;;;endereco;Leila e Gisele, Rua Max Colin, 1440, Centro, Joinville - SC, 89204-040, Brasil;Rua Max Colin 1440 Joinville SC 89204040 Brazil;Joinville;SC;89204040;-26.29487;-48.84927;-26.29487;-48.84927;Centro;;
740;;;endereco;Rua Sete de Setembro, 290, Baixada, Pato Branco - PR, 85506-040, Brasil;Rua Sete de Setembro 290 Pato Branco PR 85506040 Brazil;Pato Branco;PR;85506040;-26.23952;-52.67253;-26.23952;-52.67253;Baixada;;
741;;;endereco;Rua Joaquim Pedro Soares, 540, Centro, Novo Hamburgo - RS, 93510-320, Brasil;Rua Joaquim Pedro Soares 540 Novo Hamburgo RS 93510320 Brazil;Novo Hamburgo;RS;93510320;-29.68217;-51.1272;-29.68217;-51.1272;Centro;;
742;;;endereco;Avenida Sapiranga, 30, Centro, Dois Irmãos - RS, 93950-000, Brasil;Avenida Sapiranga 30 Dois Irmaos RS 93950000 Brazil;Dois Irmãos;RS;93950000;-29.58803;-51.08633;-29.58803;-51.08633;Centro;MEDIO;CEP generico de cidade, nao de rua (2,4x mais falha)
743;;;endereco;Praça Prefeito Dogelo Goss, Centro, Concórdia - SC, 89700-000, Brasil;Praca Prefeito Dogelo Goss Centro Concordia SC 89700000 Brazil;Concórdia;SC;89700000;-27.23133;-52.02383;-27.23133;-52.02383;;ALTO;"sem numero de porta; CEP generico de cidade, nao de rua (2,4x mais falha)"
744;;;endereco;Rua Luiz Augusto Puperi, 649, Centro, Guaporé - RS, 99200-000, Brasil;Rua Luiz Augusto Puperi 649 Guapore RS 99200000 Brazil;Guaporé;RS;99200000;-28.84621;-51.89266;-28.84621;-51.89266;Centro;MEDIO;CEP generico de cidade, nao de rua (2,4x mais falha)
745;;;endereco;Rua Independência, 799, Centro, Passo Fundo - RS, 99010-041, Brasil;Rua Independencia 799 Passo Fundo RS 99010041 Brazil;Passo Fundo;RS;99010041;-28.26369;-52.40761;-28.26369;-52.40761;Centro;;
746;;;endereco;Rua Antonina, 2781, Centro, Cascavel - PR, 85812-040, Brasil;Rua Antonina 2781 Cascavel PR 85812040 Brazil;Cascavel;PR;85812040;-24.95133;-53.45661;-24.95133;-53.45661;Centro;;
747;;;endereco;Rua Mostardeiro, 366, Moinhos de Vento, Porto Alegre - RS, 90430-001, Brasil;Rua Mostardeiro 366 Porto Alegre RS 90430001 Brazil;Porto Alegre;RS;90430001;-30.02854;-51.2037;-30.02854;-51.2037;Moinhos de Vento;;
748;;;endereco;R M Personal, Rua Os Dezoito do Forte, 1356, Exposição, Caxias do Sul - RS, 95020-472, Brasil;Rua M Personal Rua Os Dezoito do Forte 1356 Caxias do Sul RS 95020472 Brazil;Caxias do Sul;RS;95020472;-29.16988;-51.17521;-29.16988;-51.17521;Exposição;;
749;;;endereco;Avenida Lageado, 1212, Petrópolis, Porto Alegre - RS, 90460-110, Brasil;Avenida Lageado 1212 Porto Alegre RS 90460110 Brazil;Porto Alegre;RS;90460110;-30.03519;-51.17982;-30.03519;-51.17982;Petrópolis;;
750;;;endereco;Avenida Cristóvão Colombo, 2939, Auxiliadora, Porto Alegre - RS, 90560-002, Brasil;Avenida Cristovao Colombo 2939 Porto Alegre RS 90560002 Brazil;Porto Alegre;RS;90560002;-30.01788;-51.19121;-30.01788;-51.19121;Auxiliadora;;
751;;;endereco;Talenter Consultoria, Rua Antônio Carlos Berta, Vila Ipiranga, Porto Alegre - RS, 91340-020, Brasil;Rua Antonio Carlos Berta Vila Ipiranga Porto Alegre RS 91340020 Brazil;Porto Alegre;RS;91340020;-30.0232;-51.16098;-30.0232;-51.16098;;ALTO;sem numero de porta
752;;;endereco;Avenida Carlos Gomes, 779, Bela Vista, Porto Alegre - RS, 90480-003, Brasil;Avenida Carlos Gomes 779 Porto Alegre RS 90480003 Brazil;Porto Alegre;RS;90480003;-30.02879;-51.1815;-30.02879;-51.1815;Bela Vista;;
753;;;endereco;Rua Manoel Ribas, 2222, Centro, Cascavel - PR, 85802-180, Brasil;Rua Manoel Ribas 2222 Cascavel PR 85802180 Brazil;Cascavel;PR;85802180;-24.95889;-53.47032;-24.95889;-53.47032;Centro;;
754;;;endereco;Rua Quinze de Novembro, 657, Centro, Pelotas - RS, 96015-000, Brasil;Rua Quinze de Novembro 657 Pelotas RS 96015000 Brazil;Pelotas;RS;96015000;-31.76675;-52.34073;-31.76675;-52.34073;Centro;MEDIO;CEP generico de cidade, nao de rua (2,4x mais falha)
755;;;endereco;Rua Paraná, 1450, Centro, Cascavel - PR, 85812-010, Brasil;Rua Parana 1450 Cascavel PR 85812010 Brazil;Cascavel;PR;85812010;-24.94866;-53.44572;-24.94866;-53.44572;Centro;;
756;;;endereco;Rua Clevelândia, 557, Jardim Itália, Chapecó - SC, 89802-405, Brasil;Rua Clevelandia 557 Chapeco SC 89802405 Brazil;Chapecó;SC;89802405;-27.10788;-52.61918;-27.10788;-52.61918;Jardim Itália;;
757;;;endereco;Rua Otacílio Vieira da Costa, 113, Centro, Lages - SC, 88501-050, Brasil;Rua Otacilio Vieira da Costa 113 Lages SC 88501050 Brazil;Lages;SC;88501050;-27.81326;-50.33;-27.81326;-50.33;Centro;;
758;;;endereco;Avenida Centenário, 3958, São Cristóvão, Criciúma - SC, 88801-000, Brasil;Avenida Centenario 3958 Criciuma SC 88801000 Brazil;Criciúma;SC;88801000;-28.6814;-49.36442;-28.6814;-49.36442;São Cristóvão;MEDIO;CEP generico de cidade, nao de rua (2,4x mais falha)
759;;;endereco;Rua Vereador Matias Ricardo Paz, 700, Jardim Maristela, Criciúma - SC, 88815-205, Brasil;Rua Vereador Matias Ricardo Paz 700 Criciuma SC 88815205 Brazil;Criciúma;SC;88815205;-28.6914;-49.34541;-28.6914;-49.34541;Jardim Maristela;;
760;;;endereco;Avenida Mauro Ramos, Agronômica, Florianópolis - SC, Brasil;Avenida Mauro Ramos Agronomica Florianopolis SC Brazil;Florianópolis;SC;;-27.58333;-48.5452;-27.58333;-48.5452;;ALTO;sem numero de porta
761;;;endereco;Avenida Professor Othon Gama d'Eca, 677, Centro, Florianópolis - SC, 88015-240, Brasil;Avenida Professor Othon Gama d Eca 677 Florianopolis SC 88015240 Brazil;Florianópolis;SC;88015240;-27.58962;-48.55203;-27.58962;-48.55203;Centro;;
762;;;endereco;Rua João José Guimarães, 345, Sombrio - SC, 88960-000, Brasil;Rua Joao Jose Guimaraes 345 Sombrio SC 88960000 Brazil;Sombrio;SC;88960000;-29.11401;-49.63831;-29.11401;-49.63831;;MEDIO;CEP generico de cidade, nao de rua (2,4x mais falha)
763;;;endereco;Rua José Luiz de Freitas, 46, Torres - RS, 95560-000, Brasil;Rua Jose Luiz de Freitas 46 Torres RS 95560000 Brazil;Torres;RS;95560000;-29.3397;-49.72992;-29.3397;-49.72992;;MEDIO;CEP generico de cidade, nao de rua (2,4x mais falha)
764;;;endereco;Rua Júlio de Castilhos, 266, Torres - RS, 95560-000, Brasil;Rua Julio de Castilhos 266 Torres RS 95560000 Brazil;Torres;RS;95560000;-29.33952;-49.72589;-29.33952;-49.72589;;MEDIO;CEP generico de cidade, nao de rua (2,4x mais falha)
765;;;endereco;Avenida Marcolino Martins Cabral, 1197, Centro, Tubarão - SC, 88701-001, Brasil;Avenida Marcolino Martins Cabral 1197 Tubarao SC 88701001 Brazil;Tubarão;SC;88701001;-28.48175;-49.00613;-28.48175;-49.00613;Centro;;
766;;;endereco;Avenida Getúlio Vargas, 219, Sombrio - SC, 88960-000, Brasil;Avenida Getulio Vargas 219 Sombrio SC 88960000 Brazil;Sombrio;SC;88960000;-29.11333;-49.63515;-29.11333;-49.63515;;MEDIO;CEP generico de cidade, nao de rua (2,4x mais falha)
767;;;endereco;Avenida Silva Jardim, 929, Torres - RS, 95560-000, Brasil;Avenida Silva Jardim 929 Torres RS 95560000 Brazil;Torres;RS;95560000;-29.33297;-49.72308;-29.33297;-49.72308;;MEDIO;CEP generico de cidade, nao de rua (2,4x mais falha)
768;;;endereco;Avenida Trompowsky, 366, Centro, Florianópolis - SC, 88015-300, Brasil;Avenida Trompowsky 366 Florianopolis SC 88015300 Brazil;Florianópolis;SC;88015300;-27.58765;-48.54806;-27.58765;-48.54806;Centro;;
769;;;endereco;Zoo Trindade, Centro, Florianópolis - SC, 88015-200, Brasil;Zoo Trindade Centro Florianopolis SC 88015200 Brazil;Florianópolis;SC;88015200;-27.59245;-48.55418;-27.59245;-48.55418;;ALTO;sem numero de porta
770;;;endereco;WeCharge, Rodovia José Carlos Daux, 4100, Saco Grande, Florianópolis - SC, 88032-005, Brasil;Rodovia Jose Carlos Daux 4100 Florianopolis SC 88032005 Brazil;Florianópolis;SC;88032005;-27.54532;-48.50134;-27.54532;-48.50134;Saco Grande;ALTO;endereco de rodovia (57-67% falharam)
771;;;endereco;Avenida Prefeito Osmar Cunha, 183, Centro, Florianópolis - SC, 88015-100, Brasil;Avenida Prefeito Osmar Cunha 183 Florianopolis SC 88015100 Brazil;Florianópolis;SC;88015100;-27.59397;-48.55124;-27.59397;-48.55124;Centro;;
772;;;endereco;Rua Esteves Júnior, Centro, Florianópolis - SC, 88015-130, Brasil;Rua Esteves Junior Centro Florianopolis SC 88015130 Brazil;Florianópolis;SC;88015130;-27.59083;-48.55305;-27.59083;-48.55305;;ALTO;sem numero de porta
773;;;endereco;Rua Rodésia, 432, Das Nações, Balneário Camboriú - SC, 88338-120, Brasil;Rua Rodesia 432 Balneario Camboriu SC 88338120 Brazil;Balneário Camboriú;SC;88338120;-26.9756;-48.64707;-26.9756;-48.64707;Das Nações;;
774;;;endereco;WeCharge, Rua Delfim Mário Pádua Peixoto, 522, Praia Brava, Itajaí - SC, 88306-700, Brasil;Rua Delfim Mario Padua Peixoto 522 Itajai SC 88306700 Brazil;Itajaí;SC;88306700;-26.94446;-48.63111;-26.94446;-48.63111;Praia Brava;;
775;;;endereco;Rua Presidente Nereu Ramos, 126, Centro, Florianópolis - SC, 88015-010, Brasil;Rua Presidente Nereu Ramos 126 Florianopolis SC 88015010 Brazil;Florianópolis;SC;88015010;-27.59438;-48.55059;-27.59438;-48.55059;Centro;;
776;;;endereco;Rua Quatrocentos e Seis, 460, Morretes, Itapema - SC, 88220-000, Brasil;Rua Quatrocentos e Seis 460 Itapema SC 88220000 Brazil;Itapema;SC;88220000;-27.12021;-48.6131;-27.12021;-48.6131;Morretes;MEDIO;CEP generico de cidade, nao de rua (2,4x mais falha)
777;;;endereco;Avenida Pavão, 681, Bombas, Bombinhas - SC, 88215-000, Brasil;Avenida Pavao 681 Bombinhas SC 88215000 Brazil;Bombinhas;SC;88215000;-27.149;-48.50865;-27.149;-48.50865;Bombas;MEDIO;CEP generico de cidade, nao de rua (2,4x mais falha)
778;;;endereco;Rua Mil e Quinhentos, 820, Centro, Balneário Camboriú - SC, 88330-526, Brasil;Rua Mil e Quinhentos 820 Balneario Camboriu SC 88330526 Brazil;Balneário Camboriú;SC;88330526;-26.99346;-48.63694;-26.99346;-48.63694;Centro;;
779;;;endereco;Rodovia Osvaldo Reis, 600, Fazenda, Itajaí - SC, 88306-000, Brasil;Rodovia Osvaldo Reis 600 Itajai SC 88306000 Brazil;Itajaí;SC;88306000;-26.92784;-48.64602;-26.92784;-48.64602;Fazenda;ALTO;"endereco de rodovia (57-67% falharam); CEP generico de cidade, nao de rua (2,4x mais falha)"
780;;;endereco;Café Cassol, Praia Brava, Itajaí - SC, 88306-002, Brasil;Cafe Cassol Praia Brava Itajai SC 88306002 Brazil;Itajaí;SC;88306002;-26.95206;-48.63984;-26.95206;-48.63984;;ALTO;sem numero de porta
781;;;endereco;Avenida Rio Branco, 847, Centro, Florianópolis - SC, 88015-205, Brasil;Avenida Rio Branco 847 Florianopolis SC 88015205 Brazil;Florianópolis;SC;88015205;-27.5915;-48.54992;-27.5915;-48.54992;Centro;;
782;;;endereco;WeCharge, Avenida Mauro Ramos, 1512, Centro, Florianópolis - SC, 88020-302, Brasil;Avenida Mauro Ramos 1512 Florianopolis SC 88020302 Brazil;Florianópolis;SC;88020302;-27.58798;-48.54287;-27.58798;-48.54287;Centro;;
783;;;endereco;Rodovia José Carlos Daux, 10416, Recanto dos Açores, Florianópolis - SC, 88050-001, Brasil;Rodovia Jose Carlos Daux 10416 Florianopolis SC 88050001 Brazil;Florianópolis;SC;88050001;-27.49471;-48.50525;-27.49471;-48.50525;Recanto dos Açores;ALTO;endereco de rodovia (57-67% falharam)
784;;;endereco;Avenida Almirante Fonseca Neves, 520, Porto Belo - SC, 88210-000, Brasil;Avenida Almirante Fonseca Neves 520 Porto Belo SC 88210000 Brazil;Porto Belo;SC;88210000;-27.14813;-48.58713;-27.14813;-48.58713;;MEDIO;CEP generico de cidade, nao de rua (2,4x mais falha)
785;;;endereco;Rua Fernando Bauther da Silva, 327, Capivari, Florianópolis - SC, 88058-408, Brasil;Rua Fernando Bauther da Silva 327 Florianopolis SC 88058408 Brazil;Florianópolis;SC;88058408;-27.45775;-48.40191;-27.45775;-48.40191;Capivari;;
786;;;endereco;Rua Intendente João Nunes Vieira, 718, Ingleses Centro, Florianópolis - SC, 88058-100, Brasil;Rua Intendente Joao Nunes Vieira 718 Florianopolis SC 88058100 Brazil;Florianópolis;SC;88058100;-27.43963;-48.40373;-27.43963;-48.40373;Ingleses Centro;;
787;;;endereco;Rua Duzentos e Quarenta e Oito, 338, Meia Praia, Itapema - SC, 88220-000, Brasil;Rua Duzentos e Quarenta e Oito 338 Itapema SC 88220000 Brazil;Itapema;SC;88220000;-27.12987;-48.60463;-27.12987;-48.60463;Meia Praia;MEDIO;CEP generico de cidade, nao de rua (2,4x mais falha)
788;;;endereco;Rua XV de Novembro, 287, Centro, Curitiba - PR, 80020-310, Brasil;Rua XV de Novembro 287 Curitiba PR 80020310 Brazil;Curitiba;PR;80020310;-25.43078;-49.27096;-25.43078;-49.27096;Centro;;
789;;;endereco;Artbolos Nádia, Avenida Cândido Hartmann, 540, Bigorrilho, Curitiba - PR, 80730-440, Brasil;Avenida Candido Hartmann 540 Curitiba PR 80730440 Brazil;Curitiba;PR;80730440;-25.43085;-49.29181;-25.43085;-49.29181;Bigorrilho;;
790;;;endereco;Avenida Atlântica, 1613, Centro, Balneário Camboriú - SC, 88330-012, Brasil;Avenida Atlantica 1613 Balneario Camboriu SC 88330012 Brazil;Balneário Camboriú;SC;88330012;-26.98408;-48.63403;-26.98408;-48.63403;Centro;;
791;;;endereco;Avenida Brasil, 590, Centro, Balneário Camboriú - SC, 88330-043, Brasil;Avenida Brasil 590 Balneario Camboriu SC 88330043 Brazil;Balneário Camboriú;SC;88330043;-26.97971;-48.6366;-26.97971;-48.6366;Centro;;
792;;;endereco;Avenida Brasil, 995, Centro, Balneário Camboriú - SC, 88330-045, Brasil;Avenida Brasil 995 Balneario Camboriu SC 88330045 Brazil;Balneário Camboriú;SC;88330045;-26.98307;-48.6357;-26.98307;-48.6357;Centro;;
793;;;endereco;Rua México, 80, Das Nações, Balneário Camboriú - SC, 88338-220, Brasil;Rua Mexico 80 Balneario Camboriu SC 88338220 Brazil;Balneário Camboriú;SC;88338220;-26.97938;-48.64112;-26.97938;-48.64112;Das Nações;;
794;;;endereco;Rua Ângelo la Porta, 59, Centro, Florianópolis - SC, 88020-600, Brasil;Rua Angelo la Porta 59 Florianopolis SC 88020600 Brazil;Florianópolis;SC;88020600;-27.58822;-48.54241;-27.58822;-48.54241;Centro;;
795;;;endereco;Reevia, Rua Doutor Léo de Carvalho, 1, Velha, Blumenau - SC, 89036-239, Brasil;Rua Doutor Leo de Carvalho 1 Blumenau SC 89036239 Brazil;Blumenau;SC;89036239;-26.91435;-49.08807;-26.91435;-49.08807;Velha;;
796;;;endereco;Tonia's House, Centro, Itajaí - SC, 88301-350, Brasil;Tonia s House Centro Itajai SC 88301350 Brazil;Itajaí;SC;88301350;-26.90545;-48.66122;-26.90545;-48.66122;;ALTO;sem numero de porta
797;;;endereco;Rua Três Mil e Setecentos, 160, Centro, Balneário Camboriú - SC, 88330-203, Brasil;Rua Tres Mil e Setecentos 160 Balneario Camboriu SC 88330203 Brazil;Balneário Camboriú;SC;88330203;-27.00274;-48.62078;-27.00274;-48.62078;Centro;;
798;;;endereco;Rua Mil Cento e Um, 88, Centro, Balneário Camboriú - SC, 88330-774, Brasil;Rua Mil Cento e Um 88 Balneario Camboriu SC 88330774 Brazil;Balneário Camboriú;SC;88330774;-26.98197;-48.63519;-26.98197;-48.63519;Centro;;
799;;;endereco;Rua Dois Mil e Trezentos, 1, Centro, Balneário Camboriú - SC, 88330-426, Brasil;Rua Dois Mil e Trezentos 1 Balneario Camboriu SC 88330426 Brazil;Balneário Camboriú;SC;88330426;-26.99255;-48.62907;-26.99255;-48.62907;Centro;;
800;;;endereco;Avenida Atlântica, 2700, Centro, Balneário Camboriú - SC, 88330-018, Brasil;Avenida Atlantica 2700 Balneario Camboriu SC 88330018 Brazil;Balneário Camboriú;SC;88330018;-26.99273;-48.62884;-26.99273;-48.62884;Centro;;
801;;;endereco;Espaço Águia, Rua Doutor José Bonifácio Malburg, Centro, Itajaí - SC, 88301-350, Brasil;Rua Doutor Jose Bonifacio Malburg Centro Itajai SC 88301350 Brazil;Itajaí;SC;88301350;-26.90419;-48.65769;-26.90419;-48.65769;;ALTO;sem numero de porta
802;;;endereco;Rua Ricardo Lustosa Ribas, 154, Estrela, Ponta Grossa - PR, 84040-140, Brasil;Rua Ricardo Lustosa Ribas 154 Ponta Grossa PR 84040140 Brazil;Ponta Grossa;PR;84040140;-25.10392;-50.15974;-25.10392;-50.15974;Estrela;;
803;;;endereco;Rua Espanha, 192, Santa Catarina, Joinville - SC, 89233-130, Brasil;Rua Espanha 192 Joinville SC 89233130 Brazil;Joinville;SC;89233130;-26.36821;-48.84838;-26.36821;-48.84838;Santa Catarina;;
804;;;endereco;Fisiomar Centro de Reabilitação e Fisioterapia, Avenida Ministro Victor Konder, 1010, Fazenda, Itajaí - SC, 88301-701, Brasil;Avenida Ministro Victor Konder 1010 Itajai SC 88301701 Brazil;Itajaí;SC;88301701;-26.91641;-48.65252;-26.91641;-48.65252;Fazenda;;
805;;;endereco;Associacao dos Despachantes de Transito da Região de Blumenau, Rua Sete de Setembro, 1714, Centro, Blumenau - SC, 89010-202, Brasil;Rua Sete de Setembro 1714 Blumenau SC 89010202 Brazil;Blumenau;SC;89010202;-26.91644;-49.07165;-26.91644;-49.07165;Centro;;
806;;;endereco;Rua Padre Anchieta, 2285, Bigorrilho, Curitiba - PR, 80730-001, Brasil;Rua Padre Anchieta 2285 Curitiba PR 80730001 Brazil;Curitiba;PR;80730001;-25.43393;-49.30118;-25.43393;-49.30118;Bigorrilho;;
807;;;endereco;Rua Visconde do Rio Branco, 1488, Centro, Curitiba - PR, 80420-210, Brasil;Rua Visconde do Rio Branco 1488 Curitiba PR 80420210 Brazil;Curitiba;PR;80420210;-25.43463;-49.27868;-25.43463;-49.27868;Centro;;
808;;;endereco;Vf Instalações Hidraulicas, Rua 2070, 1050, Centro, Balneário Camboriú - SC, 88330-454, Brasil;Rua 2070 1050 Balneario Camboriu SC 88330454 Brazil;Balneário Camboriú;SC;88330454;-26.99872;-48.63966;-26.99872;-48.63966;Centro;;
809;;;endereco;Drogaria Farmagnus, Rua Jorge Lacerda, Rio Fortuna - SC, 88760-000, Brasil;Rua Jorge Lacerda Rio Fortuna SC 88760000 Brazil;Rio Fortuna;SC;88760000;-28.1329;-49.10485;-28.1329;-49.10485;;ALTO;"sem numero de porta; CEP generico de cidade, nao de rua (2,4x mais falha)"
810;;;endereco;Rua Manoel Antônio de Souza, 390, Centro, Imbituba - SC, 88780-000, Brasil;Rua Manoel Antonio de Souza 390 Imbituba SC 88780000 Brazil;Imbituba;SC;88780000;-28.24436;-48.66364;-28.24436;-48.66364;Centro;MEDIO;CEP generico de cidade, nao de rua (2,4x mais falha)
811;;;endereco;Rua Dezenove de Dezembro, 530, Ibiporã - PR, 86200-000, Brasil;Rua Dezenove de Dezembro 530 Ibipora PR 86200000 Brazil;Ibiporã;PR;86200000;-23.26606;-51.04951;-23.26606;-51.04951;;MEDIO;CEP generico de cidade, nao de rua (2,4x mais falha)
812;;;endereco;Avenida Inglaterra, 930, Inglaterra, Londrina - PR, 86046-000, Brasil;Avenida Inglaterra 930 Londrina PR 86046000 Brazil;Londrina;PR;86046000;-23.34738;-51.14757;-23.34738;-51.14757;Inglaterra;MEDIO;CEP generico de cidade, nao de rua (2,4x mais falha)
813;;;endereco;Rua Cândido Xavier, 602, Água Verde, Curitiba - PR, 80240-280, Brasil;Rua Candido Xavier 602 Curitiba PR 80240280 Brazil;Curitiba;PR;80240280;-25.45173;-49.29152;-25.45173;-49.29152;Água Verde;;
814;;;endereco;Avenida República Argentina, 1237, Água Verde, Curitiba - PR, 80620-010, Brasil;Avenida Republica Argentina 1237 Curitiba PR 80620010 Brazil;Curitiba;PR;80620010;-25.45767;-49.28812;-25.45767;-49.28812;Água Verde;;
815;;;endereco;Zarp Studio, Avenida República Argentina, 1236, Vila Izabel, Curitiba - PR, 80620-010, Brasil;Avenida Republica Argentina 1236 Curitiba PR 80620010 Brazil;Curitiba;PR;80620010;-25.45733;-49.28887;-25.45733;-49.28887;Vila Izabel;;
816;;;endereco;Rua Luiz Tramontin, 1529, Campo Comprido, Curitiba - PR, 81230-161, Brasil;Rua Luiz Tramontin 1529 Curitiba PR 81230161 Brazil;Curitiba;PR;81230161;-25.45821;-49.33613;-25.45821;-49.33613;Campo Comprido;;
817;;;endereco;Jet Oil, Avenida Doutor Victor do Amaral, Centro, Araucária - PR, 83702-040, Brasil;Avenida Doutor Victor do Amaral Centro Araucaria PR 83702040 Brazil;Araucária;PR;83702040;-25.58691;-49.39996;-25.58691;-49.39996;;ALTO;sem numero de porta
818;;;endereco;Rua Francisco Timóteo de Simas, 588, Uberaba, Curitiba - PR, 81570-270, Brasil;Rua Francisco Timoteo de Simas 588 Curitiba PR 81570270 Brazil;Curitiba;PR;81570270;-25.48224;-49.23024;-25.48224;-49.23024;Uberaba;;
819;;;endereco;Astron Hotel Bauru, Rua Luso-Brasileira, 44, Jardim Estoril IV, Bauru - SP, 17016-190, Brasil;Rua Luso Brasileira 44 Bauru SP 17016190 Brazil;Bauru;SP;17016190;-22.33927;-49.06677;-22.33927;-49.06677;Jardim Estoril IV;;
820;;;endereco;Alameda Doutor Octávio Pinheiro Brisolla, Vila Cidade Universitária, Bauru - SP, 17012-424, Brasil;Alameda Doutor Octavio Pinheiro Brisolla Vila Cidade Universitaria Bauru SP 17012424 Brazil;Bauru;SP;17012424;-22.33849;-49.05864;-22.33849;-49.05864;;ALTO;sem numero de porta
821;;;endereco;Avenida Getúlio Vargas, 21-51, Vila Aviação, Bauru - SP, 17017-383, Brasil;Avenida Getulio Vargas 21 51 Vila Aviacao Bauru SP 17017383 Brazil;Bauru;SP;17017383;-22.35148;-49.05086;-22.35148;-49.05086;;ALTO;sem numero de porta
822;;;endereco;Avenida Carlos Consoni, 801, Subsetor Sul-4, Ribeirão Preto - SP, 14024-010, Brasil;Avenida Carlos Consoni 801 Ribeirao Preto SP 14024010 Brazil;Ribeirão Preto;SP;14024010;-21.21975;-47.80683;-21.21975;-47.80683;Subsetor Sul-4;;
823;;;endereco;Avenida Vereador Manoel dos Santos, 966, Centro, Bombinhas - SC, 88215-000, Brasil;Avenida Vereador Manoel dos Santos 966 Bombinhas SC 88215000 Brazil;Bombinhas;SC;88215000;-27.14821;-48.49333;-27.14821;-48.49333;Centro;MEDIO;CEP generico de cidade, nao de rua (2,4x mais falha)
824;;;endereco;Avenida Leopoldo Zarling, 2581, Bombas, Bombinhas - SC, 88215-000, Brasil;Avenida Leopoldo Zarling 2581 Bombinhas SC 88215000 Brazil;Bombinhas;SC;88215000;-27.14585;-48.50248;-27.14585;-48.50248;Bombas;MEDIO;CEP generico de cidade, nao de rua (2,4x mais falha)
825;;;endereco;Avenida Leopoldo Zarling, 2072, Bombas, Bombinhas - SC, 88215-000, Brasil;Avenida Leopoldo Zarling 2072 Bombinhas SC 88215000 Brazil;Bombinhas;SC;88215000;-27.14264;-48.50688;-27.14264;-48.50688;Bombas;MEDIO;CEP generico de cidade, nao de rua (2,4x mais falha)
826;;;endereco;Ibbca 2008 Corretora de Seguros, Centro, Florianópolis - SC, 88015-200, Brasil;Ibbca 2008 Corretora de Seguros Centro Florianopolis SC 88015200 Brazil;Florianópolis;SC;88015200;-27.59229;-48.55394;-27.59229;-48.55394;;ALTO;sem numero de porta
827;;;endereco;Rua 258, 17, Meia Praia, Itapema - SC, 88220-000, Brasil;Rua 258 17 Itapema SC 88220000 Brazil;Itapema;SC;88220000;-27.13059;-48.60049;-27.13059;-48.60049;Meia Praia;MEDIO;CEP generico de cidade, nao de rua (2,4x mais falha)
828;;;endereco;Rua Duzentos e Quatorze, 139, Meia Praia, Itapema - SC, 88220-000, Brasil;Rua Duzentos e Quatorze 139 Itapema SC 88220000 Brazil;Itapema;SC;88220000;-27.12188;-48.60792;-27.12188;-48.60792;Meia Praia;MEDIO;CEP generico de cidade, nao de rua (2,4x mais falha)
829;;;endereco;Avenida Atílio Pedro Pagani, 1625, Caminho Novo, Palhoça - SC, 88132-149, Brasil;Avenida Atilio Pedro Pagani 1625 Palhoca SC 88132149 Brazil;Palhoça;SC;88132149;-27.64096;-48.68559;-27.64096;-48.68559;Caminho Novo;;
830;;;endereco;Avenida Primeiro de Maio, 100, Centro 2, Brusque - SC, 88353-200, Brasil;Avenida Primeiro de Maio 100 Brusque SC 88353200 Brazil;Brusque;SC;88353200;-27.10667;-48.9151;-27.10667;-48.9151;Centro 2;;
831;;;endereco;Avenida Luiz Boiteux Piazza, 2326, Cachoeira do Bom Jesus, Florianópolis - SC, 88056-000, Brasil;Avenida Luiz Boiteux Piazza 2326 Florianopolis SC 88056000 Brazil;Florianópolis;SC;88056000;-27.42454;-48.43772;-27.42454;-48.43772;Cachoeira do Bom Jesus;MEDIO;CEP generico de cidade, nao de rua (2,4x mais falha)
832;;;endereco;Rua Hermann Huscher, 113, Vila Formosa, Blumenau - SC, 89023-000, Brasil;Rua Hermann Huscher 113 Blumenau SC 89023000 Brazil;Blumenau;SC;89023000;-26.93263;-49.06339;-26.93263;-49.06339;Vila Formosa;MEDIO;CEP generico de cidade, nao de rua (2,4x mais falha)
833;;;endereco;Avenida Brigadeiro da Silva Paes, 18, Campinas, São José - SC, 88101-201, Brasil;Avenida Brigadeiro da Silva Paes 18 Sao Jose SC 88101201 Brazil;São José;SC;88101201;-27.59911;-48.60595;-27.59911;-48.60595;Campinas;;
834;;;endereco;Rua Duzentos e Sessenta e Nove, 113, Meia Praia, Itapema - SC, 88220-000, Brasil;Rua Duzentos e Sessenta e Nove 113 Itapema SC 88220000 Brazil;Itapema;SC;88220000;-27.13411;-48.59674;-27.13411;-48.59674;Meia Praia;MEDIO;CEP generico de cidade, nao de rua (2,4x mais falha)
835;;;endereco;Rua Santos Dumont, 423, Centro, Ponta Grossa - PR, 84010-360, Brasil;Rua Santos Dumont 423 Ponta Grossa PR 84010360 Brazil;Ponta Grossa;PR;84010360;-25.09792;-50.15718;-25.09792;-50.15718;Centro;;
836;;;endereco;Pilates e Físioterapia Elvira Azevedo, Rua Padre Nóbrega, Oficinas, Ponta Grossa - PR, 84040-090, Brasil;Rua Padre Nobrega Oficinas Ponta Grossa PR 84040090 Brazil;Ponta Grossa;PR;84040090;-25.11452;-50.15539;-25.11452;-50.15539;;ALTO;sem numero de porta
837;;;endereco;Rua Três Mil Setecentos e Cem, 204, Centro, Balneário Camboriú - SC, 88330-215, Brasil;Rua Tres Mil Setecentos e Cem 204 Balneario Camboriu SC 88330215 Brazil;Balneário Camboriú;SC;88330215;-27.00195;-48.62235;-27.00195;-48.62235;Centro;;
838;;;endereco;Rua Armazém, 45, Vila Real, Balneário Camboriú - SC, 88337-500, Brasil;Rua Armazem 45 Balneario Camboriu SC 88337500 Brazil;Balneário Camboriú;SC;88337500;-27.00593;-48.63288;-27.00593;-48.63288;Vila Real;;
839;;;endereco;Rua Liberdade, 130, Centro Penha, Penha - SC, 88385-000, Brasil;Rua Liberdade 130 Penha SC 88385000 Brazil;Penha;SC;88385000;-26.77732;-48.63646;-26.77732;-48.63646;Centro Penha;MEDIO;CEP generico de cidade, nao de rua (2,4x mais falha)
840;;;endereco;Rua Dois Mil e Trezentos, 700, Centro, Balneário Camboriú - SC, 88330-430, Brasil;Rua Dois Mil e Trezentos 700 Balneario Camboriu SC 88330430 Brazil;Balneário Camboriú;SC;88330430;-26.99635;-48.63486;-26.99635;-48.63486;Centro;;
841;;;endereco;Rua José Francisco Bernardes, 83, Centro, Camboriú - SC, 88340-233, Brasil;Rua Jose Francisco Bernardes 83 Camboriu SC 88340233 Brazil;Camboriú;SC;88340233;-27.02444;-48.65304;-27.02444;-48.65304;Centro;;
842;;;endereco;Avenida Emanoel Pinto, 818, Balneário Piçarras - SC, 88380-000, Brasil;Avenida Emanoel Pinto 818 Balneario Picarras SC 88380000 Brazil;Balneário Piçarras;SC;88380000;-26.76616;-48.67178;-26.76616;-48.67178;;MEDIO;CEP generico de cidade, nao de rua (2,4x mais falha)
843;;;endereco;Rua 1000, 46, Centro, Balneário Camboriú - SC, 88330-564, Brasil;Rua 1000 46 Balneario Camboriu SC 88330564 Brazil;Balneário Camboriú;SC;88330564;-26.98924;-48.6337;-26.98924;-48.6337;Centro;;
844;;;endereco;Avenida da Lagoa, 14, Centro, Balneário Camboriú - SC, 88330-714, Brasil;Avenida da Lagoa 14 Balneario Camboriu SC 88330714 Brazil;Balneário Camboriú;SC;88330714;-26.98494;-48.63503;-26.98494;-48.63503;Centro;;
845;;;endereco;Avenida Nereu Ramos, 4770, Balneário Piçarras - SC, 88380-000, Brasil;Avenida Nereu Ramos 4770 Balneario Picarras SC 88380000 Brazil;Balneário Piçarras;SC;88380000;-26.73502;-48.68195;-26.73502;-48.68195;;MEDIO;CEP generico de cidade, nao de rua (2,4x mais falha)
846;;;endereco;D Daniel, 620-686, Rua Dom José, Vila Real, Balneário Camboriú - SC, 88337-130, Brasil;D Daniel 620 686 Rua Dom Jose Vila Real Balneario Camboriu SC 88337130 Brazil;Balneário Camboriú;SC;88337130;-27.00985;-48.62914;-27.00985;-48.62914;;ALTO;sem numero de porta
847;;;endereco;Rua Floriano Peixoto, 300, Centro, Blumenau - SC, 89010-022, Brasil;Rua Floriano Peixoto 300 Blumenau SC 89010022 Brazil;Blumenau;SC;89010022;-26.92364;-49.06471;-26.92364;-49.06471;Centro;;
848;;;endereco;Rua Afonso Orsi, 64, Fazenda, Itajaí - SC, 88306-030, Brasil;Rua Afonso Orsi 64 Itajai SC 88306030 Brazil;Itajaí;SC;88306030;-26.93003;-48.64407;-26.93003;-48.64407;Fazenda;;
849;;;endereco;Rua Antônio Zimmermann, 264, Centro, Guaramirim - SC, 89270-000, Brasil;Rua Antonio Zimmermann 264 Guaramirim SC 89270000 Brazil;Guaramirim;SC;89270000;-26.47618;-48.9985;-26.47618;-48.9985;Centro;MEDIO;CEP generico de cidade, nao de rua (2,4x mais falha)
850;;;endereco;Rua Visconde de Inhaúma, 1379, Jardim Paraíso, São Carlos - SP, 13560-190, Brasil;Rua Visconde de Inhauma 1379 Sao Carlos SP 13560190 Brazil;São Carlos;SP;13560190;-22.0117;-47.89701;-22.0117;-47.89701;Jardim Paraíso;;
851;;;endereco;Solucao Insumos Agrícolas, Avenida João Batista de Lima Figueiredo, 1847, Mocoquinha, Mococa - SP, 13733-045, Brasil;Avenida Joao Batista de Lima Figueiredo 1847 Mococa SP 13733045 Brazil;Mococa;SP;13733045;-21.46448;-46.99809;-21.46448;-46.99809;Mocoquinha;;
852;;;endereco;Avenida José Adolfo Bianco Molina, 2094, Subsetor Sul-4, Ribeirão Preto - SP, 14024-210, Brasil;Avenida Jose Adolfo Bianco Molina 2094 Ribeirao Preto SP 14024210 Brazil;Ribeirão Preto;SP;14024210;-21.21171;-47.80699;-21.21171;-47.80699;Subsetor Sul-4;;
853;;;endereco;Fisioterapeuta Isabella Beraldo, Rua Nagib Miguel, 080, Jardim Recanto do Bosque, São João da Boa Vista - SP, 13874-439, Brasil;Rua Nagib Miguel 080 Sao Joao da Boa Vista SP 13874439 Brazil;São João da Boa Vista;SP;13874439;-21.96805;-46.7607;-21.96805;-46.7607;Jardim Recanto do Bosque;;
854;;;endereco;Avenida Professor João Fiúsa, 2686, Subsetor Sul-4, Ribeirão Preto - SP, 14024-260, Brasil;Avenida Professor Joao Fiusa 2686 Ribeirao Preto SP 14024260 Brazil;Ribeirão Preto;SP;14024260;-21.21849;-47.80584;-21.21849;-47.80584;Subsetor Sul-4;;
855;;;endereco;Clínica Rivvé Viver Saúde, Rua Adolfo Serra, Subsetor Sul-4, Ribeirão Preto - SP, 14020-605, Brasil;Rua Adolfo Serra Subsetor Sul 4 Ribeirao Preto SP 14020605 Brazil;Ribeirão Preto;SP;14020605;-21.20648;-47.81078;-21.20648;-47.81078;;ALTO;sem numero de porta
856;;;endereco;Rua Goiás, 1265, Centro Histórico, Londrina - PR, 86020-410, Brasil;Rua Goias 1265 Londrina PR 86020410 Brazil;Londrina;PR;86020410;-23.31555;-51.16369;-23.31555;-51.16369;Centro Histórico;;
857;;;endereco;Sparksales, Avenida Bento Munhoz da Rocha Neto, 632, Zona 7, Maringá - PR, 87030-010, Brasil;Avenida Bento Munhoz da Rocha Neto 632 Maringa PR 87030010 Brazil;Maringá;PR;87030010;-23.41847;-51.92669;-23.41847;-51.92669;Zona 7;;
858;;;endereco;Avenida Cerro Azul, 123, Zona 2, Maringá - PR, 87010-000, Brasil;Avenida Cerro Azul 123 Maringa PR 87010000 Brazil;Maringá;PR;87010000;-23.4285;-51.93692;-23.4285;-51.93692;Zona 2;MEDIO;CEP generico de cidade, nao de rua (2,4x mais falha)
859;;;endereco;Avenida Doutor Luiz Teixeira Mendes, 3224, Zona 5, Maringá - PR, 87015-000, Brasil;Avenida Doutor Luiz Teixeira Mendes 3224 Maringa PR 87015000 Brazil;Maringá;PR;87015000;-23.43067;-51.97256;-23.43067;-51.97256;Zona 5;MEDIO;CEP generico de cidade, nao de rua (2,4x mais falha)
860;;;endereco;Rua Campos Sales, 954, Zona 7, Maringá - PR, 87020-080, Brasil;Rua Campos Sales 954 Maringa PR 87020080 Brazil;Maringá;PR;87020080;-23.41576;-51.94874;-23.41576;-51.94874;Zona 7;;
861;;;endereco;Avenida Tiradentes, 1008, Zona 1, Maringá - PR, 87013-260, Brasil;Avenida Tiradentes 1008 Maringa PR 87013260 Brazil;Maringá;PR;87013260;-23.42541;-51.94292;-23.42541;-51.94292;Zona 1;;
862;;;endereco;Alameda Doutor Carlos de Carvalho, 417, Centro, Curitiba - PR, 80410-180, Brasil;Alameda Doutor Carlos de Carvalho 417 Curitiba PR 80410180 Brazil;Curitiba;PR;80410180;-25.43272;-49.27892;-25.43272;-49.27892;Centro;;
863;;;endereco;Produttivo, Rua Alferes Ângelo Sampaio, Mercês, Curitiba - PR, 80730-460, Brasil;Rua Alferes Angelo Sampaio Merces Curitiba PR 80730460 Brazil;Curitiba;PR;80730460;-25.42949;-49.29097;-25.42949;-49.29097;;ALTO;sem numero de porta
864;;;endereco;Rua Silveira Peixoto, 86, Água Verde, Curitiba - PR, 80240-120, Brasil;Rua Silveira Peixoto 86 Curitiba PR 80240120 Brazil;Curitiba;PR;80240120;-25.45233;-49.28185;-25.45233;-49.28185;Água Verde;;
865;;;endereco;Rua Rossini, 235, Osasco, Colombo - PR, Brasil;Rua Rossini 235 Colombo PR Brazil;Colombo;PR;;-25.35569;-49.21043;-25.35569;-49.21043;Osasco;;
866;;;endereco;Rua Anne Frank, 3631, Boqueirão, Curitiba - PR, 81650-020, Brasil;Rua Anne Frank 3631 Curitiba PR 81650020 Brazil;Curitiba;PR;81650020;-25.49716;-49.23792;-25.49716;-49.23792;Boqueirão;;
867;;;endereco;Rua Paula Gomes, 394, São Francisco, Curitiba - PR, 80510-070, Brasil;Rua Paula Gomes 394 Curitiba PR 80510070 Brazil;Curitiba;PR;80510070;-25.42466;-49.27348;-25.42466;-49.27348;São Francisco;;
868;;;endereco;Avenida Brasília, 4671, Novo Mundo, Curitiba - PR, 81020-010, Brasil;Avenida Brasilia 4671 Curitiba PR 81020010 Brazil;Curitiba;PR;81020010;-25.48686;-49.29219;-25.48686;-49.29219;Novo Mundo;;
869;;;endereco;Rua Carmelo Rangel, 137, Batel, Curitiba - PR, 80440-050, Brasil;Rua Carmelo Rangel 137 Curitiba PR 80440050 Brazil;Curitiba;PR;80440050;-25.44142;-49.29133;-25.44142;-49.29133;Batel;;
870;;;endereco;Rua Santo Celestino Coleto, 808, Boa Vista, Curitiba - PR, 82540-250, Brasil;Rua Santo Celestino Coleto 808 Curitiba PR 82540250 Brazil;Curitiba;PR;82540250;-25.38763;-49.25365;-25.38763;-49.25365;Boa Vista;;
871;;;endereco;Farmácia Minerva, Avenida do Batel, 1566, Batel, Curitiba - PR, 80420-090, Brasil;Avenida do Batel 1566 Curitiba PR 80420090 Brazil;Curitiba;PR;80420090;-25.44225;-49.28791;-25.44225;-49.28791;Batel;;
872;;;endereco;Latitude-Agência de Viagens e Turismo, Avenida República Argentina, 1334, Vila Izabel, Curitiba - PR, 80620-010, Brasil;Avenida Republica Argentina 1334 Curitiba PR 80620010 Brazil;Curitiba;PR;80620010;-25.45826;-49.28905;-25.45826;-49.28905;Vila Izabel;;
873;;;endereco;Gsw Interior Paulista, Subsetor Sul-5, Ribeirão Preto - SP, Brasil;Gsw Interior Paulista Subsetor Sul 5 Ribeirao Preto SP Brazil;Ribeirão Preto;SP;;-21.21176;-47.81806;-21.21176;-47.81806;;ALTO;sem numero de porta
874;;;endereco;Ponto De Carregamento Para Veículos Elétricos, Rua Milton José Robusti, 75, Subsetor Sul-4, Ribeirão Preto - SP, 14020-670, Brasil;Rua Milton Jose Robusti 75 Ribeirao Preto SP 14020670 Brazil;Ribeirão Preto;SP;14020670;-21.20851;-47.79432;-21.20851;-47.79432;Subsetor Sul-4;;
875;;;endereco;Rua Cravinhos, 961, Subsetor Leste-2, Ribeirão Preto - SP, 14090-284, Brasil;Rua Cravinhos 961 Ribeirao Preto SP 14090284 Brazil;Ribeirão Preto;SP;14090284;-21.17687;-47.78664;-21.17687;-47.78664;Subsetor Leste-2;;
876;;;endereco;Rua Paschoal Bardaro, 1906, Subsetor Sul-4, Ribeirão Preto - SP, 14020-340, Brasil;Rua Paschoal Bardaro 1906 Ribeirao Preto SP 14020340 Brazil;Ribeirão Preto;SP;14020340;-21.21678;-47.79786;-21.21678;-47.79786;Subsetor Sul-4;;
877;;;endereco;Rua Carlos de Gaitani, L-13, Ribeirão Preto - SP, 14098-340, Brasil;Rua Carlos de Gaitani L 13 Ribeirao Preto SP 14098340 Brazil;Ribeirão Preto;SP;14098340;-21.21784;-47.76567;-21.21784;-47.76567;;ALTO;sem numero de porta
878;;;endereco;Rua Adolfo Lutz, 459, Subsetor Sul-2, Ribeirão Preto - SP, 14020-310, Brasil;Rua Adolfo Lutz 459 Ribeirao Preto SP 14020310 Brazil;Ribeirão Preto;SP;14020310;-21.19935;-47.80534;-21.19935;-47.80534;Subsetor Sul-2;;
879;;;endereco;Rua Eliseu Guilherme, 140, Subsetor Sul-1, Ribeirão Preto - SP, 14025-020, Brasil;Rua Eliseu Guilherme 140 Ribeirao Preto SP 14025020 Brazil;Ribeirão Preto;SP;14025020;-21.1852;-47.81434;-21.1852;-47.81434;Subsetor Sul-1;;
880;;;endereco;Rua Didimo Vieira da Silva, 385, Vila Ferroviária, Araraquara - SP, 14802-370, Brasil;Rua Didimo Vieira da Silva 385 Araraquara SP 14802370 Brazil;Araraquara;SP;14802370;-21.77726;-48.17274;-21.77726;-48.17274;Vila Ferroviária;;
881;;;endereco;Avenida Paulo VI, 410, Parque Francal, Franca - SP, 14403-143, Brasil;Avenida Paulo VI 410 Franca SP 14403143 Brazil;Franca;SP;14403143;-20.55632;-47.40684;-20.55632;-47.40684;Parque Francal;;
882;;;endereco;Rua Diogo Feijó, 1957, Estação, Franca - SP, 14405-212, Brasil;Rua Diogo Feijo 1957 Franca SP 14405212 Brazil;Franca;SP;14405212;-20.53409;-47.41213;-20.53409;-47.41213;Estação;;
883;;;endereco;Rua General Galvão, 269, Centro, Jaú - SP, 17201-030, Brasil;Rua General Galvao 269 Jau SP 17201030 Brazil;Jaú;SP;17201030;-22.29379;-48.55498;-22.29379;-48.55498;Centro;;
884;;;endereco;Sognare Consórcios - Hs Consórcios, Matão - SP, 15990-130, Brasil;Sognare Consorcios Hs Consorcios Matao SP 15990130 Brazil;Matão;SP;15990130;-21.60599;-48.37194;-21.60599;-48.37194;;ALTO;sem numero de porta
885;;;endereco;Rua José Fernandes, 601, Bady Bassitt - SP, 15115-000, Brasil;Rua Jose Fernandes 601 Bady Bassitt SP 15115000 Brazil;Bady Bassitt;SP;15115000;-20.90373;-49.45034;-20.90373;-49.45034;;MEDIO;CEP generico de cidade, nao de rua (2,4x mais falha)
886;;;endereco;Rua Coronel Solano, 227, Nova Rússia, Ponta Grossa - PR, 84010-420, Brasil;Rua Coronel Solano 227 Ponta Grossa PR 84010420 Brazil;Ponta Grossa;PR;84010420;-25.08745;-50.16839;-25.08745;-50.16839;Nova Rússia;;
887;;;endereco;Rua Treze de Maio, 279, Centro, Catanduva - SP, 15800-010, Brasil;Rua Treze de Maio 279 Catanduva SP 15800010 Brazil;Catanduva;SP;15800010;-21.13428;-48.97365;-21.13428;-48.97365;Centro;;
888;;;endereco;Rua Alagoas, 362, Centro, Catanduva - SP, 15800-010, Brasil;Rua Alagoas 362 Catanduva SP 15800010 Brazil;Catanduva;SP;15800010;-21.13436;-48.9736;-21.13436;-48.9736;Centro;;
889;;;endereco;7bens Consórcios, Rua Jair Martins Mil Homens, 400, Nova Redentora, São José do Rio Preto - SP, 15090-080, Brasil;7bens Consorcios Rua Jair Martins Mil Homens 400 Sao Jose do Rio Preto SP 15090080 Brazil;São José do Rio Preto;SP;15090080;-20.82689;-49.38927;-20.82689;-49.38927;Nova Redentora;;
890;;;endereco;Rua Joaquim Pinheiro Castro, 655, Vila Sinibaldi, São José do Rio Preto - SP, 15084-190, Brasil;Rua Joaquim Pinheiro Castro 655 Sao Jose do Rio Preto SP 15084190 Brazil;São José do Rio Preto;SP;15084190;-20.8282;-49.3823;-20.8282;-49.3823;Vila Sinibaldi;;
891;;;endereco;Rua Doutor Raul Silva, 770, Redentora, São José do Rio Preto - SP, 15015-020, Brasil;Rua Doutor Raul Silva 770 Sao Jose do Rio Preto SP 15015020 Brazil;São José do Rio Preto;SP;15015020;-20.82263;-49.3876;-20.82263;-49.3876;Redentora;;
892;;;endereco;Avenida Alberto Andaló, 3345, Bom Jesus, São José do Rio Preto - SP, 15015-000, Brasil;Avenida Alberto Andalo 3345 Sao Jose do Rio Preto SP 15015000 Brazil;São José do Rio Preto;SP;15015000;-20.81616;-49.38033;-20.81616;-49.38033;Bom Jesus;MEDIO;CEP generico de cidade, nao de rua (2,4x mais falha)
893;;;endereco;Rua Duque de Caxias, 409B, Casa Branca - SP, 13700-000, Brasil;Rua Duque de Caxias 409B Casa Branca SP 13700000 Brazil;Casa Branca;SP;13700000;-21.77575;-47.08293;-21.77575;-47.08293;;MEDIO;CEP generico de cidade, nao de rua (2,4x mais falha)
894;;;endereco;Avenida Doutor David Benedito Ottoni, 499, Região Urbana Homogênea XIV, Poços de Caldas - MG, 37701-069, Brasil;Avenida Doutor David Benedito Ottoni 499 Pocos de Caldas MG 37701069 Brazil;Poços de Caldas;MG;37701069;-21.78208;-46.56009;-21.78208;-46.56009;Região Urbana Homogênea XIV;;
895;;;endereco;Rua Argentina, 41, Águas de Lindóia - SP, 13940-000, Brasil;Rua Argentina 41 Aguas de Lindoia SP 13940000 Brazil;Águas de Lindóia;SP;13940000;-22.47457;-46.63289;-22.47457;-46.63289;;MEDIO;CEP generico de cidade, nao de rua (2,4x mais falha)
896;;;endereco;Rua Doutor Fernando Costa, 284, Centro, Leme - SP, 13610-160, Brasil;Rua Doutor Fernando Costa 284 Leme SP 13610160 Brazil;Leme;SP;13610160;-22.17909;-47.38693;-22.17909;-47.38693;Centro;;
897;;;endereco;Rua Veríssimo Prado, 813, São Pedro - SP, 13520-027, Brasil;Rua Verissimo Prado 813 Sao Pedro SP 13520027 Brazil;São Pedro;SP;13520027;-22.5508;-47.91447;-22.5508;-47.91447;;;
898;;;endereco;Rondon Empresarial, Avenida dos Municípios, Tabajaras, Uberlândia - MG, 38400-254, Brasil;Avenida dos Municipios Tabajaras Uberlandia MG 38400254 Brazil;Uberlândia;MG;38400254;-18.93054;-48.28997;-18.93054;-48.28997;;ALTO;sem numero de porta
899;;;endereco;Família Luccine, Vigilato Pereira, Uberlândia - MG, 38408-447, Brasil;Familia Luccine Vigilato Pereira Uberlandia MG 38408447 Brazil;Uberlândia;MG;38408447;-18.93296;-48.27537;-18.93296;-48.27537;;ALTO;sem numero de porta
900;;;endereco;Georgina Business Park, Avenida Anísio Haddad, Vivendas, São José do Rio Preto - SP, 15093-000, Brasil;Avenida Anisio Haddad Vivendas Sao Jose do Rio Preto SP 15093000 Brazil;São José do Rio Preto;SP;15093000;-20.84518;-49.40095;-20.84518;-49.40095;;ALTO;"sem numero de porta; CEP generico de cidade, nao de rua (2,4x mais falha)"
901;;;endereco;La Ville, Rua Itumbiara, 942, Nossa Senhora Aparecida, Uberlândia - MG, 38400-624, Brasil;Rua Itumbiara 942 Uberlandia MG 38400624 Brazil;Uberlândia;MG;38400624;-18.90783;-48.26942;-18.90783;-48.26942;Nossa Senhora Aparecida;;
902;;;endereco;Avenida Quinze de Novembro, 171, Zona 1, Maringá - PR, 87013-230, Brasil;Avenida Quinze de Novembro 171 Maringa PR 87013230 Brazil;Maringá;PR;87013230;-23.42392;-51.93429;-23.42392;-51.93429;Zona 1;;
903;;;endereco;Avenida Santos Dumont, 520, Aeroporto, Londrina - PR, 86039-090, Brasil;Avenida Santos Dumont 520 Londrina PR 86039090 Brazil;Londrina;PR;86039090;-23.31936;-51.14759;-23.31936;-51.14759;Aeroporto;;
904;;;endereco;Rua Ibiporã, 448, Quebec, Londrina - PR, 86060-510, Brasil;Rua Ibipora 448 Londrina PR 86060510 Brazil;Londrina;PR;86060510;-23.3065;-51.17633;-23.3065;-51.17633;Quebec;;
905;;;endereco;Rua João Wyclif, 111, Guanabara, Londrina - PR, 86050-450, Brasil;Rua Joao Wyclif 111 Londrina PR 86050450 Brazil;Londrina;PR;86050450;-23.33404;-51.17464;-23.33404;-51.17464;Guanabara;;
906;;;endereco;Elemento Sutil, Avenida Luiz Eduardo Toledo Prado, 900, Ribeirão Preto - SP, Brasil;Avenida Luiz Eduardo Toledo Prado 900 Ribeirao Preto SP Brazil;Ribeirão Preto;SP;;-21.22567;-47.83563;-21.22567;-47.83563;;;
907;;;endereco;Zletric, Avenida Wladimir Meirelles Ferreira, 1660, Subsetor Sul-4, Ribeirão Preto - SP, 14021-683, Brasil;Avenida Wladimir Meirelles Ferreira 1660 Ribeirao Preto SP 14021683 Brazil;Ribeirão Preto;SP;14021683;-21.21044;-47.80211;-21.21044;-47.80211;Subsetor Sul-4;;
908;;;endereco;McDonald's, Jardim Lima, Franca - SP, 14403-117, Brasil;McDonald s Jardim Lima Franca SP 14403117 Brazil;Franca;SP;14403117;-20.55248;-47.40405;-20.55248;-47.40405;;ALTO;sem numero de porta
909;;;endereco;Rua dos Antunes, 873, São Sebastião do Paraíso - MG, 37950-000, Brasil;Rua dos Antunes 873 Sao Sebastiao do Paraiso MG 37950000 Brazil;São Sebastião do Paraíso;MG;37950000;-20.91708;-46.99552;-20.91708;-46.99552;;MEDIO;CEP generico de cidade, nao de rua (2,4x mais falha)
910;;;endereco;Rua José Saretta, 105, Subsetor Sul-5, Ribeirão Preto - SP, 14026-593, Brasil;Rua Jose Saretta 105 Ribeirao Preto SP 14026593 Brazil;Ribeirão Preto;SP;14026593;-21.22008;-47.81745;-21.22008;-47.81745;Subsetor Sul-5;;
911;;;endereco;Rua Alexandre Spereta, 1701, Residencial Itapuã, Franca - SP, 14406-307, Brasil;Rua Alexandre Spereta 1701 Franca SP 14406307 Brazil;Franca;SP;14406307;-20.54213;-47.43149;-20.54213;-47.43149;Residencial Itapuã;;
912;;;endereco;Avenida Santa Beatriz da Silva, 791, Uberaba - MG, 38050-096, Brasil;Avenida Santa Beatriz da Silva 791 Uberaba MG 38050096 Brazil;Uberaba;MG;38050096;-19.76133;-47.94961;-19.76133;-47.94961;;;
913;;;endereco;Avenida Santos Dumont, 130, Uberaba - MG, 38010-370, Brasil;Avenida Santos Dumont 130 Uberaba MG 38010370 Brazil;Uberaba;MG;38010370;-19.74684;-47.93903;-19.74684;-47.93903;;;
914;;;endereco;Rua Doutor Silvério José Bernardes, 583, Uberaba - MG, 38060-470, Brasil;Rua Doutor Silverio Jose Bernardes 583 Uberaba MG 38060470 Brazil;Uberaba;MG;38060470;-19.75227;-47.9501;-19.75227;-47.9501;;;
915;;;endereco;Rua Vinte e Quatro, 3011, Ortega, Barretos - SP, 14783-235, Brasil;Rua Vinte e Quatro 3011 Barretos SP 14783235 Brazil;Barretos;SP;14783235;-20.57278;-48.56171;-20.57278;-48.56171;Ortega;;
916;;;endereco;Rua Abel Pereira de Castro, 1073, Setor Central, Rio Verde - GO, 75901-060, Brasil;Rua Abel Pereira de Castro 1073 Rio Verde GO 75901060 Brazil;Rio Verde;GO;75901060;-17.79417;-50.92553;-17.79417;-50.92553;Setor Central;;
917;;;endereco;Rua Johen Carneiro, 395, Lídice, Uberlândia - MG, 38400-072, Brasil;Rua Johen Carneiro 395 Uberlandia MG 38400072 Brazil;Uberlândia;MG;38400072;-18.92725;-48.27918;-18.92725;-48.27918;Lídice;;
918;;;endereco;Rua Arthur Vergueiro, 142, Espírito Santo do Pinhal - SP, 13990-000, Brasil;Rua Arthur Vergueiro 142 Espirito Santo do Pinhal SP 13990000 Brazil;Espírito Santo do Pinhal;SP;13990000;-22.18875;-46.74683;-22.18875;-46.74683;;MEDIO;CEP generico de cidade, nao de rua (2,4x mais falha)
919;;;endereco;Rua Ministro Salgado Filho, 479, Vila Godoy, Alfenas - MG, 37135-026, Brasil;Rua Ministro Salgado Filho 479 Alfenas MG 37135026 Brazil;Alfenas;MG;37135026;-21.42687;-45.95381;-21.42687;-45.95381;Vila Godoy;;
920;;;endereco;Hep Imobiliária, Rua Rafael Pereira, 1605, Mirandópolis - SP, 16800-000, Brasil;Rua Rafael Pereira 1605 Mirandopolis SP 16800000 Brazil;Mirandópolis;SP;16800000;-21.13433;-51.10048;-21.13433;-51.10048;;MEDIO;CEP generico de cidade, nao de rua (2,4x mais falha)
921;;;endereco;Rua Eduardo de Oliveira, 501, Lídice, Uberlândia - MG, 38400-068, Brasil;Rua Eduardo de Oliveira 501 Uberlandia MG 38400068 Brazil;Uberlândia;MG;38400068;-18.91922;-48.2701;-18.91922;-48.2701;Lídice;;
922;;;endereco;FAST SHOP, Gávea, Uberlândia - MG, 38411-106, Brasil;FAST SHOP Gavea Uberlandia MG 38411106 Brazil;Uberlândia;MG;38411106;-18.9568;-48.27644;-18.9568;-48.27644;;ALTO;sem numero de porta
923;;;endereco;Zup It Innovation, Rua Niterói, Tibery, Uberlândia - MG, 38405-178, Brasil;Rua Niteroi Tibery Uberlandia MG 38405178 Brazil;Uberlândia;MG;38405178;-18.90825;-48.26114;-18.90825;-48.26114;;ALTO;sem numero de porta
924;;;endereco;Avenida Washington Luiz, 442, Bosque, Presidente Prudente - SP, 19010-090, Brasil;Avenida Washington Luiz 442 Presidente Prudente SP 19010090 Brazil;Presidente Prudente;SP;19010090;-22.12135;-51.38596;-22.12135;-51.38596;Bosque;;
925;;;endereco;Rua Duque de Caxias, 1105, Jardim Bandeirantes, Araçatuba - SP, 16015-520, Brasil;Rua Duque de Caxias 1105 Aracatuba SP 16015520 Brazil;Araçatuba;SP;16015520;-21.21567;-50.44071;-21.21567;-50.44071;Jardim Bandeirantes;;
926;;;endereco;Avenida Rondon Pacheco, 3380, Cazeca, Uberlândia - MG, 38408-404, Brasil;Avenida Rondon Pacheco 3380 Uberlandia MG 38408404 Brazil;Uberlândia;MG;38408404;-18.91822;-48.26589;-18.91822;-48.26589;Cazeca;;
927;;;endereco;Avenida Salomão Abrahão, 1737, Santa Mônica, Uberlândia - MG, 38408-261, Brasil;Avenida Salomao Abrahao 1737 Uberlandia MG 38408261 Brazil;Uberlândia;MG;38408261;-18.91542;-48.23837;-18.91542;-48.23837;Santa Mônica;;
928;;;endereco;Condomínio Empresarial Torre Sul, Avenida dos Vinhedos, 71, Jardim Karaíba, Uberlândia - MG, 38411-216, Brasil;Avenida dos Vinhedos 71 Uberlandia MG 38411216 Brazil;Uberlândia;MG;38411216;-18.95222;-48.27162;-18.95222;-48.27162;Jardim Karaíba;;
929;;;endereco;Maya Comunicacao, Avenida Sylvio della Rovere, 1048, Gaivota, São José do Rio Preto - SP, 15061-580, Brasil;Avenida Sylvio della Rovere 1048 Sao Jose do Rio Preto SP 15061580 Brazil;São José do Rio Preto;SP;15061580;-20.80909;-49.35071;-20.80909;-49.35071;Gaivota;;
930;;;endereco;Psicóloga - Bárbara Maíra da Costa, Avenida das Esmeraldas, 379, Marília - SP, 17516-000, Brasil;Avenida das Esmeraldas 379 Marilia SP 17516000 Brazil;Marília;SP;17516000;-22.22078;-49.93944;-22.22078;-49.93944;;MEDIO;CEP generico de cidade, nao de rua (2,4x mais falha)
931;;;endereco;Rua José Garcia de Carvalho, 220, Lins - SP, 16400-460, Brasil;Rua Jose Garcia de Carvalho 220 Lins SP 16400460 Brazil;Lins;SP;16400460;-21.6791;-49.76406;-21.6791;-49.76406;;;
932;;;endereco;Avenida Imbiara, 476, Centro, Araxá - MG, 38183-244, Brasil;Avenida Imbiara 476 Araxa MG 38183244 Brazil;Araxá;MG;38183244;-19.59778;-46.94069;-19.59778;-46.94069;Centro;;
933;;;endereco;Rua T-55, 741, Bueno, Goiânia - GO, 74215-170, Brasil;Rua T 55 741 Goiania GO 74215170 Brazil;Goiânia;GO;74215170;-16.70483;-49.27007;-16.70483;-49.27007;Bueno;;
934;;;endereco;Avenida Independência Quadra M, 8, Bairro Feliz, Goiânia - GO, 74633-355, Brasil;Avenida Independencia Quadra M 8 Goiania GO 74633355 Brazil;Goiânia;GO;74633355;-16.66988;-49.23285;-16.66988;-49.23285;Bairro Feliz;;
935;;;endereco;Andrade Canguçu - Negócios Imobiliários, Avenida Deputado Jamel Cecílio, 2690, Jardim Goiás, Goiânia - GO, 74810-030, Brasil;Avenida Deputado Jamel Cecilio 2690 Goiania GO 74810030 Brazil;Goiânia;GO;74810030;-16.70495;-49.24081;-16.70495;-49.24081;Jardim Goiás;;
936;;;endereco;Rua Nove, Qd 8-141, Parque dos Buritis II, Rio Verde - GO, 75907-300, Brasil;Rua Nove Qd 8 141 Parque dos Buritis II Rio Verde GO 75907300 Brazil;Rio Verde;GO;75907300;-17.81125;-50.93157;-17.81125;-50.93157;;ALTO;sem numero de porta
937;;;endereco;Avenida Euclides Miragaia, 1225, Centro, Birigui - SP, 16200-130, Brasil;Avenida Euclides Miragaia 1225 Birigui SP 16200130 Brazil;Birigui;SP;16200130;-21.30172;-50.33872;-21.30172;-50.33872;Centro;;
938;;;endereco;Avenida da Saudade, 3766, Santa Cruz, São José do Rio Preto - SP, 15014-020, Brasil;Avenida da Saudade 3766 Sao Jose do Rio Preto SP 15014020 Brazil;São José do Rio Preto;SP;15014020;-20.81509;-49.37422;-20.81509;-49.37422;Santa Cruz;;
939;;;endereco;Avenida 20 de Agosto, 5, Residencial Vale do Pirapitinga, Catalão - GO, 75701-100, Brasil;Avenida 20 de Agosto 5 Catalao GO 75701100 Brazil;Catalão;GO;75701100;-18.17896;-47.95549;-18.17896;-47.95549;Residencial Vale do Pirapitinga;;
940;;;endereco;Rua Maria S. Romeu, 18, São Domingos, São Paulo - SP, 05159-010, Brasil;Rua Maria S Romeu 18 Sao Paulo SP 05159010 Brazil;São Paulo;SP;05159010;-23.48722;-46.74802;-23.48722;-46.74802;São Domingos;;
941;;;endereco;Rua Francisco Pereira da Silva, 145, Pimentas, Guarulhos - SP, 07273-520, Brasil;Rua Francisco Pereira da Silva 145 Guarulhos SP 07273520 Brazil;Guarulhos;SP;07273520;-23.46294;-46.42028;-23.46294;-46.42028;Pimentas;;
942;;;endereco;Avenida Quatorze de Dezembro, 167, Centro, Caieiras - SP, 07700-175, Brasil;Avenida Quatorze de Dezembro 167 Caieiras SP 07700175 Brazil;Caieiras;SP;07700175;-23.36079;-46.7457;-23.36079;-46.7457;Centro;;
943;;;endereco;Kairós R H, Avenida Cauaxi, 293, Alphaville, Barueri - SP, 06454-010, Brasil;Avenida Cauaxi 293 Barueri SP 06454010 Brazil;Barueri;SP;06454010;-23.49465;-46.85138;-23.49465;-46.85138;Alphaville;;
944;;;endereco;Vlr Infra-Estrutura Urbana, Alameda Rio Negro, 585, Alphaville, Barueri - SP, 06454-000, Brasil;Alameda Rio Negro 585 Barueri SP 06454000 Brazil;Barueri;SP;06454000;-23.50123;-46.84844;-23.50123;-46.84844;Alphaville;MEDIO;CEP generico de cidade, nao de rua (2,4x mais falha)
945;;;endereco;Estrada Municipal Bela Vista, 2500, Ipanema, Santana de Parnaíba - SP, 06539-010, Brasil;Estrada Municipal Bela Vista 2500 Santana de Parnaiba SP 06539010 Brazil;Santana de Parnaíba;SP;06539010;-23.45322;-46.89721;-23.45322;-46.89721;Ipanema;ALTO;endereco de rodovia (57-67% falharam)
946;;;endereco;Correios, Avenida Yojiro Takaoka, Alphaville, Santana de Parnaíba - SP, 06541-038, Brasil;Avenida Yojiro Takaoka Alphaville Santana de Parnaiba SP 06541038 Brazil;Santana de Parnaíba;SP;06541038;-23.46423;-46.87129;-23.46423;-46.87129;;ALTO;sem numero de porta
947;;;endereco;Banco do Brasil, Rua Tenente Avelar Pires Azevedo, Centro, Osasco - SP, 06016-060, Brasil;Rua Tenente Avelar Pires Azevedo Centro Osasco SP 06016060 Brazil;Osasco;SP;06016060;-23.52924;-46.779;-23.52924;-46.779;;ALTO;sem numero de porta
948;;;endereco;Avenida Juruá, 376, Alphaville, Barueri - SP, 06455-010, Brasil;Avenida Jurua 376 Barueri SP 06455010 Brazil;Barueri;SP;06455010;-23.4997;-46.85496;-23.4997;-46.85496;Alphaville;;
949;;;endereco;Reachlocal Brasil Serviços Online de Marketing, Alameda Xingu, 350, Alphaville, Barueri - SP, 06455-030, Brasil;Alameda Xingu 350 Barueri SP 06455030 Brazil;Barueri;SP;06455030;-23.50495;-46.84921;-23.50495;-46.84921;Alphaville;;
950;;;endereco;Barcia Nunes Arquitetura e Interiores, Avenida Deputado Jamel Cecílio, Jardim Goiás, Goiânia - GO, 74810-100, Brasil;Avenida Deputado Jamel Cecilio Jardim Goias Goiania GO 74810100 Brazil;Goiânia;GO;74810100;-16.70492;-49.24097;-16.70492;-49.24097;;ALTO;sem numero de porta
951;;;endereco;Avenida Afonso Pena, 2240, Itumbiara - GO, 75516-010, Brasil;Avenida Afonso Pena 2240 Itumbiara GO 75516010 Brazil;Itumbiara;GO;75516010;-18.40108;-49.20417;-18.40108;-49.20417;;;
952;;;endereco;Rua Quatorze, 16-13, Jardim Goiás, Goiânia - GO, 74810-180, Brasil;Rua Quatorze 16 13 Jardim Goias Goiania GO 74810180 Brazil;Goiânia;GO;74810180;-16.70312;-49.23304;-16.70312;-49.23304;;ALTO;sem numero de porta
953;;;endereco;Avenida Comendador Luciano Guidotti, 1070, Verde, Piracicaba - SP, 13425-000, Brasil;Avenida Comendador Luciano Guidotti 1070 Piracicaba SP 13425000 Brazil;Piracicaba;SP;13425000;-22.74666;-47.63898;-22.74666;-47.63898;Verde;MEDIO;CEP generico de cidade, nao de rua (2,4x mais falha)
954;;;endereco;Rua Ernest Mahle, 281, Nova Piracicaba, Piracicaba - SP, 13405-342, Brasil;Rua Ernest Mahle 281 Piracicaba SP 13405342 Brazil;Piracicaba;SP;13405342;-22.70445;-47.67173;-22.70445;-47.67173;Nova Piracicaba;;
955;;;endereco;Rua Adalberto Ferraz, 299, Pouso Alegre - MG, 37550-104, Brasil;Rua Adalberto Ferraz 299 Pouso Alegre MG 37550104 Brazil;Pouso Alegre;MG;37550104;-22.23236;-45.9359;-22.23236;-45.9359;;;
956;;;endereco;Ceasa, Pouso Alegre - MG, 37550-000, Brasil;Ceasa Pouso Alegre MG 37550000 Brazil;Pouso Alegre;MG;37550000;-22.22459;-45.92295;-22.22459;-45.92295;;ALTO;"sem numero de porta; logradouro sem nome; CEP generico de cidade, nao de rua (2,4x mais falha)"
957;;;endereco;Rodovia Fernão Dias, Extrema - MG, 37640-000, Brasil;Rodovia Fernao Dias Extrema MG 37640000 Brazil;Extrema;MG;37640000;-22.80963;-46.28059;-22.80963;-46.28059;;ALTO;"endereco de rodovia (57-67% falharam); sem numero de porta; CEP generico de cidade, nao de rua (2,4x mais falha)"
958;;;endereco;Avenida Coronel José Vicente, 262A, Lorena - SP, 12608-000, Brasil;Avenida Coronel Jose Vicente 262A Lorena SP 12608000 Brazil;Lorena;SP;12608000;-22.73396;-45.12433;-22.73396;-45.12433;;MEDIO;CEP generico de cidade, nao de rua (2,4x mais falha)
959;;;endereco;Rua Doutor Mello Nogueira, 106, Casa Verde, São Paulo - SP, 02510-040, Brasil;Rua Doutor Mello Nogueira 106 Sao Paulo SP 02510040 Brazil;São Paulo;SP;02510040;-23.51395;-46.65257;-23.51395;-46.65257;Casa Verde;;
960;;;endereco;Iphone Dreams, Avenida Hilário Pereira de Souza, 406, Industrial Autonomistas, Osasco - SP, 06010-170, Brasil;Avenida Hilario Pereira de Souza 406 Osasco SP 06010170 Brazil;Osasco;SP;06010170;-23.53421;-46.77105;-23.53421;-46.77105;Industrial Autonomistas;;
961;;;endereco;Rua Coronel José Eusébio, 141, Consolação, São Paulo - SP, 01239-030, Brasil;Rua Coronel Jose Eusebio 141 Sao Paulo SP 01239030 Brazil;São Paulo;SP;01239030;-23.55138;-46.65953;-23.55138;-46.65953;Consolação;;
962;;;endereco;Rua Padre João Gonçalves, 137, Pinheiros, São Paulo - SP, 05432-040, Brasil;Rua Padre Joao Goncalves 137 Sao Paulo SP 05432040 Brazil;São Paulo;SP;05432040;-23.55976;-46.68801;-23.55976;-46.68801;Pinheiros;;
963;;;endereco;Avenida José César de Oliveira, 111, Vila Leopoldina, São Paulo - SP, 05317-000, Brasil;Avenida Jose Cesar de Oliveira 111 Sao Paulo SP 05317000 Brazil;São Paulo;SP;05317000;-23.5398;-46.73376;-23.5398;-46.73376;Vila Leopoldina;MEDIO;CEP generico de cidade, nao de rua (2,4x mais falha)
964;;;endereco;Ponto De Carregamento Para Veículos Elétricos, Avenida Angélica, 2529, Consolação, São Paulo - SP, 01228-100, Brasil;Avenida Angelica 2529 Sao Paulo SP 01228100 Brazil;São Paulo;SP;01228100;-23.55417;-46.6622;-23.55417;-46.6622;Consolação;;
965;;;endereco;Park Station Estacione, Barra Funda, São Paulo - SP, 01139-000, Brasil;Park Station Estacione Barra Funda Sao Paulo SP 01139000 Brazil;São Paulo;SP;01139000;-23.52151;-46.66026;-23.52151;-46.66026;;ALTO;"sem numero de porta; CEP generico de cidade, nao de rua (2,4x mais falha)"
966;;;endereco;Viela Ouro, Picanço, Guarulhos - SP, 07081-290, Brasil;Viela Ouro Picanco Guarulhos SP 07081290 Brazil;Guarulhos;SP;07081290;-23.44299;-46.55781;-23.44299;-46.55781;;ALTO;sem numero de porta
967;;;endereco;Kairós R H, Avenida Cauaxi, 293, Alphaville, Barueri - SP, 06454-010, Brasil;Avenida Cauaxi 293 Barueri SP 06454010 Brazil;Barueri;SP;06454010;-23.49465;-46.85138;-23.49465;-46.85138;Alphaville;;
968;;;endereco;Rua Walt Disney, 51, Bosque, Campinas - SP, 13026-005, Brasil;Rua Walt Disney 51 Campinas SP 13026005 Brazil;Campinas;SP;13026005;-22.91291;-47.05497;-22.91291;-47.05497;Bosque;;
969;;;endereco;Calçada das Hortências, 21, Alphaville, Barueri - SP, 06453-017, Brasil;Calcada das Hortencias 21 Barueri SP 06453017 Brazil;Barueri;SP;06453017;-23.49625;-46.8529;-23.49625;-46.8529;Alphaville;;
970;;;endereco;Monet Odontologia, Rua João Huss, 500, Palhano, Londrina - PR, 86050-490, Brasil;Rua Joao Huss 500 Londrina PR 86050490 Brazil;Londrina;PR;86050490;-23.3297;-51.17776;-23.3297;-51.17776;Palhano;;
971;;;endereco;Smilink, Estrada União e Indústria, 10395, Itaipava, Petrópolis - RJ, 25750-226, Brasil;Estrada Uniao e Industria 10395 Petropolis RJ 25750226 Brazil;Petrópolis;RJ;25750226;-22.39856;-43.13401;-22.39856;-43.13401;Itaipava;ALTO;endereco de rodovia (57-67% falharam)
972;;;endereco;Rua Coronel Veiga, 1801, Petrópolis - RJ, 25655-158, Brasil;Rua Coronel Veiga 1801 Petropolis RJ 25655158 Brazil;Petrópolis;RJ;25655158;-22.53233;-43.19971;-22.53233;-43.19971;;;
973;;;endereco;Terminal de Carregamento EV, Avenida Independência, 3800, São Mateus, Juiz de Fora - MG, 36025-320, Brasil;Avenida Independencia 3800 Juiz de Fora MG 36025320 Brazil;Juiz de Fora;MG;36025320;-21.78112;-43.36143;-21.78112;-43.36143;São Mateus;;
974;;;endereco;Rua Sampaio, 340, Centro, Juiz de Fora - MG, 36010-359, Brasil;Rua Sampaio 340 Juiz de Fora MG 36010359 Brazil;Juiz de Fora;MG;36010359;-21.76638;-43.34609;-21.76638;-43.34609;Centro;;
975;;;endereco;Espaço Luz de Maria, Rua Ataliba de Barros, São Mateus, Juiz de Fora - MG, 36025-275, Brasil;Rua Ataliba de Barros Sao Mateus Juiz de Fora MG 36025275 Brazil;Juiz de Fora;MG;36025275;-21.78153;-43.35897;-21.78153;-43.35897;;ALTO;sem numero de porta
976;;;endereco;Rua Candelária, 106, Centro, Rio de Janeiro - RJ, 20091-020, Brasil;Rua Candelaria 106 Rio de Janeiro RJ 20091020 Brazil;Rio de Janeiro;RJ;20091020;-22.89849;-43.17799;-22.89849;-43.17799;Centro;;
977;;;endereco;Rua Teófilo Otoni, 15, Centro, Rio de Janeiro - RJ, 20090-070, Brasil;Rua Teofilo Otoni 15 Rio de Janeiro RJ 20090070 Brazil;Rio de Janeiro;RJ;20090070;-22.89981;-43.17673;-22.89981;-43.17673;Centro;;
978;;;endereco;Midas Medicina e Estética, Avenida Nilo Peçanha, 50, Centro, Rio de Janeiro - RJ, 20020-100, Brasil;Avenida Nilo Pecanha 50 Rio de Janeiro RJ 20020100 Brazil;Rio de Janeiro;RJ;20020100;-22.90619;-43.17759;-22.90619;-43.17759;Centro;;
979;;;endereco;Bernardo Pl Gomes, Praia de Botafogo, 228, Botafogo, Rio de Janeiro - RJ, Brasil;Bernardo Pl Gomes Praia de Botafogo 228 Rio de Janeiro RJ Brazil;Rio de Janeiro;RJ;;-22.94233;-43.18155;-22.94233;-43.18155;Botafogo;;
980;;;endereco;Avenida Rio Branco, 108, Centro, Rio de Janeiro - RJ, 20040-005, Brasil;Avenida Rio Branco 108 Rio de Janeiro RJ 20040005 Brazil;Rio de Janeiro;RJ;20040005;-22.90406;-43.17822;-22.90406;-43.17822;Centro;;
981;;;endereco;Espaço Luz de Maria, Rua Ataliba de Barros, São Mateus, Juiz de Fora - MG, 36025-275, Brasil;Rua Ataliba de Barros Sao Mateus Juiz de Fora MG 36025275 Brazil;Juiz de Fora;MG;36025275;-21.78153;-43.35897;-21.78153;-43.35897;;ALTO;sem numero de porta
982;;;endereco;Avenida Rui Barbosa, 29, São Francisco, Niterói - RJ, 24360-440, Brasil;Avenida Rui Barbosa 29 Niteroi RJ 24360440 Brazil;Niterói;RJ;24360440;-22.92036;-43.0931;-22.92036;-43.0931;São Francisco;;
983;;;endereco;Avenida Rio Branco, 123, Centro, Rio de Janeiro - RJ, 20040-001, Brasil;Avenida Rio Branco 123 Rio de Janeiro RJ 20040001 Brazil;Rio de Janeiro;RJ;20040001;-22.90375;-43.17788;-22.90375;-43.17788;Centro;;
984;;;endereco;Vet Staff, Rua Almirante Pereira Guimarães, 65, Leblon, Rio de Janeiro - RJ, 22440-005, Brasil;Rua Almirante Pereira Guimaraes 65 Rio de Janeiro RJ 22440005 Brazil;Rio de Janeiro;RJ;22440005;-22.98408;-43.21711;-22.98408;-43.21711;Leblon;;
985;;;endereco;Avenida Ataulfo de Paiva, 153, Leblon, Rio de Janeiro - RJ, 22440-033, Brasil;Avenida Ataulfo de Paiva 153 Rio de Janeiro RJ 22440033 Brazil;Rio de Janeiro;RJ;22440033;-22.98387;-43.21751;-22.98387;-43.21751;Leblon;;
986;;;endereco;Rua Sete de Setembro, 92, Centro, Rio de Janeiro - RJ, 20050-002, Brasil;Rua Sete de Setembro 92 Rio de Janeiro RJ 20050002 Brazil;Rio de Janeiro;RJ;20050002;-22.90522;-43.17826;-22.90522;-43.17826;Centro;;
987;;;endereco;Rua Garça, Barra da Tijuca, Rio de Janeiro - RJ, 23064-250, Brasil;Rua Garca Barra da Tijuca Rio de Janeiro RJ 23064250 Brazil;Rio de Janeiro;RJ;23064250;-22.99811;-43.33746;-22.99811;-43.33746;;ALTO;sem numero de porta
988;;;endereco;Rua Ulhôa Cintra, 88, Centro, Piracicaba - SP, 13400-430, Brasil;Rua Ulhoa Cintra 88 Piracicaba SP 13400430 Brazil;Piracicaba;SP;13400430;-22.72604;-47.65419;-22.72604;-47.65419;Centro;;
989;;;endereco;Rua das Azaléias, 100, Nova Piracicaba, Piracicaba - SP, 13405-083, Brasil;Rua das Azaleias 100 Piracicaba SP 13405083 Brazil;Piracicaba;SP;13405083;-22.71743;-47.67373;-22.71743;-47.67373;Nova Piracicaba;;
990;;;endereco;Rua Jarbas Guimarães, 246, Avenida, Itajubá - MG, 37504-022, Brasil;Rua Jarbas Guimaraes 246 Itajuba MG 37504022 Brazil;Itajubá;MG;37504022;-22.43181;-45.46421;-22.43181;-45.46421;Avenida;;
991;;;endereco;Maria Cristina Lourenço, Alameda Afonso Schmidt, 127, Santana, São Paulo - SP, 02450-001, Brasil;Alameda Afonso Schmidt 127 Sao Paulo SP 02450001 Brazil;São Paulo;SP;02450001;-23.49936;-46.63768;-23.49936;-46.63768;Santana;;
992;;;endereco;Avenida Santo Antônio, 1436, Vila Osasco, Osasco - SP, 06083-210, Brasil;Avenida Santo Antonio 1436 Osasco SP 06083210 Brazil;Osasco;SP;06083210;-23.54006;-46.77953;-23.54006;-46.77953;Vila Osasco;;
993;;;endereco;Rua José Francisco Alves, 379F, Vila Ema, São José dos Campos - SP, 12243-060, Brasil;Rua Jose Francisco Alves 379F Sao Jose dos Campos SP 12243060 Brazil;São José dos Campos;SP;12243060;-23.20532;-45.90316;-23.20532;-45.90316;Vila Ema;;
994;;;endereco;Rua São Justiniano, 124, Vila Leopoldina, São Paulo - SP, 05303-110, Brasil;Rua Sao Justiniano 124 Sao Paulo SP 05303110 Brazil;São Paulo;SP;05303110;-23.53532;-46.72457;-23.53532;-46.72457;Vila Leopoldina;;
995;;;endereco;Kpv Serviços de Apoio Administrativo, Avenida Paulista, 1842, Bela Vista, São Paulo - SP, 01410-000, Brasil;Avenida Paulista 1842 Sao Paulo SP 01410000 Brazil;São Paulo;SP;01410000;-23.55961;-46.65792;-23.55961;-46.65792;Bela Vista;MEDIO;CEP generico de cidade, nao de rua (2,4x mais falha)
996;;;endereco;Rua Platina, 886, Tatuapé, São Paulo - SP, 03308-010, Brasil;Rua Platina 886 Sao Paulo SP 03308010 Brazil;São Paulo;SP;03308010;-23.54019;-46.56677;-23.54019;-46.56677;Tatuapé;;
997;;;endereco;Avenida Paulista, 1159, Jardim Paulista, São Paulo - SP, 01311-200, Brasil;Avenida Paulista 1159 Sao Paulo SP 01311200 Brazil;São Paulo;SP;01311200;-23.56439;-46.65344;-23.56439;-46.65344;Jardim Paulista;;
998;;;endereco;Rua da Amizade, 30, Maria Joaquina, Cabo Frio - RJ, 28928-724, Brasil;Rua da Amizade 30 Cabo Frio RJ 28928724 Brazil;Cabo Frio;RJ;28928724;-22.72793;-41.989;-22.72793;-41.989;Maria Joaquina;;
999;;;endereco;Rua Barão do Rio Branco, 25, São Bento, Cabo Frio - RJ, 28906-170, Brasil;Rua Barao do Rio Branco 25 Cabo Frio RJ 28906170 Brazil;Cabo Frio;RJ;28906170;-22.8772;-42.01319;-22.8772;-42.01319;São Bento;;
1000;;;endereco;Rua José Tessarollo Santos, 14, Nova Friburgo - RJ, 28625-140, Brasil;Rua Jose Tessarollo Santos 14 Nova Friburgo RJ 28625140 Brazil;Nova Friburgo;RJ;28625140;-22.28896;-42.53487;-22.28896;-42.53487;;;
1001;;;endereco;Avenida Ézio Cardoso da Fonseca, 565, Jardim Esperança, Cabo Frio - RJ, 28920-000, Brasil;Avenida Ezio Cardoso da Fonseca 565 Cabo Frio RJ 28920000 Brazil;Cabo Frio;RJ;28920000;-22.83695;-42.02869;-22.83695;-42.02869;Jardim Esperança;MEDIO;CEP generico de cidade, nao de rua (2,4x mais falha)
1002;;;endereco;Avenida Brasil, 141, Centro, Araruama - RJ, 28970-000, Brasil;Avenida Brasil 141 Araruama RJ 28970000 Brazil;Araruama;RJ;28970000;-22.87182;-42.33401;-22.87182;-42.33401;Centro;MEDIO;CEP generico de cidade, nao de rua (2,4x mais falha)
1003;;;endereco;Avenida Victor Rocha, 580, Parque Burle, Cabo Frio - RJ, 28913-000, Brasil;Avenida Victor Rocha 580 Cabo Frio RJ 28913000 Brazil;Cabo Frio;RJ;28913000;-22.88696;-42.04382;-22.88696;-42.04382;Parque Burle;MEDIO;CEP generico de cidade, nao de rua (2,4x mais falha)
1004;;;endereco;Empório Brew, Nova Friburgo - RJ, 28623-020, Brasil;Emporio Brew Nova Friburgo RJ 28623020 Brazil;Nova Friburgo;RJ;28623020;-22.28993;-42.53711;-22.28993;-42.53711;;ALTO;sem numero de porta
1005;;;endereco;Rua Alfredo Backer, 353, Centro, Macaé - RJ, 27910-190, Brasil;Rua Alfredo Backer 353 Macae RJ 27910190 Brazil;Macaé;RJ;27910190;-22.37238;-41.78321;-22.37238;-41.78321;Centro;;
1006;;;endereco;Rua Cinco de Julho, 226, Icaraí, Niterói - RJ, 24220-111, Brasil;Rua Cinco de Julho 226 Niteroi RJ 24220111 Brazil;Niterói;RJ;24220111;-22.90607;-43.1059;-22.90607;-43.1059;Icaraí;;
1007;;;endereco;Avenida Ataulfo de Paiva, 1079, Leblon, Rio de Janeiro - RJ, 22440-034, Brasil;Avenida Ataulfo de Paiva 1079 Rio de Janeiro RJ 22440034 Brazil;Rio de Janeiro;RJ;22440034;-22.98539;-43.22613;-22.98539;-43.22613;Leblon;;
1008;;;endereco;Kairós R H, Avenida Cauaxi, 293, Alphaville, Barueri - SP, 06454-010, Brasil;Avenida Cauaxi 293 Barueri SP 06454010 Brazil;Barueri;SP;06454010;-23.49465;-46.85138;-23.49465;-46.85138;Alphaville;;
1009;;;endereco;Banca Alpha Graciosa, Alphaville, Barueri - SP, 06473-000, Brasil;Banca Alpha Graciosa Alphaville Barueri SP 06473000 Brazil;Barueri;SP;06473000;-23.48662;-46.86095;-23.48662;-46.86095;;ALTO;"sem numero de porta; CEP generico de cidade, nao de rua (2,4x mais falha)"
1010;;;endereco;EZvolt, Avenida Marquês de São Vicente, 230, Barra Funda, São Paulo - SP, 01139-001, Brasil;Avenida Marques de Sao Vicente 230 Sao Paulo SP 01139001 Brazil;São Paulo;SP;01139001;-23.52162;-46.66221;-23.52162;-46.66221;Barra Funda;;
1011;;;endereco;Rua da Alfândega, 24, Centro, Rio de Janeiro - RJ, 20070-000, Brasil;Rua da Alfandega 24 Rio de Janeiro RJ 20070000 Brazil;Rio de Janeiro;RJ;20070000;-22.9013;-43.17729;-22.9013;-43.17729;Centro;MEDIO;CEP generico de cidade, nao de rua (2,4x mais falha)
1012;;;endereco;Editora Cândido, Avenida Franklin Roosevelt, Centro, Rio de Janeiro - RJ, 20021-120, Brasil;Avenida Franklin Roosevelt Centro Rio de Janeiro RJ 20021120 Brazil;Rio de Janeiro;RJ;20021120;-22.90954;-43.16985;-22.90954;-43.16985;;ALTO;sem numero de porta
1013;;;endereco;Rua Lopes Quintas, 187, Jardim Botânico, Rio de Janeiro - RJ, 22460-010, Brasil;Rua Lopes Quintas 187 Rio de Janeiro RJ 22460010 Brazil;Rio de Janeiro;RJ;22460010;-22.96471;-43.22039;-22.96471;-43.22039;Jardim Botânico;;
1014;;;endereco;Rua Nascimento Silva, 448, Ipanema, Rio de Janeiro - RJ, 22421-026, Brasil;Rua Nascimento Silva 448 Rio de Janeiro RJ 22421026 Brazil;Rio de Janeiro;RJ;22421026;-22.98171;-43.21001;-22.98171;-43.21001;Ipanema;;
1015;;;endereco;Thalita Galhardo Nutricionista, Avenida das Américas, 3500, Barra da Tijuca, Rio de Janeiro - RJ, 22640-102, Brasil;Avenida das Americas 3500 Rio de Janeiro RJ 22640102 Brazil;Rio de Janeiro;RJ;22640102;-22.99941;-43.34822;-22.99941;-43.34822;Barra da Tijuca;;
1016;;;endereco;EZvolt, Rua Jardim Botânico, 657, Lagoa, Rio de Janeiro - RJ, 22461-000, Brasil;Rua Jardim Botanico 657 Rio de Janeiro RJ 22461000 Brazil;Rio de Janeiro;RJ;22461000;-22.9649;-43.21779;-22.9649;-43.21779;Lagoa;MEDIO;CEP generico de cidade, nao de rua (2,4x mais falha)
1017;;;endereco;Rua Trinta e Três, 117, Vila Santa Cecília, Volta Redonda - RJ, 27259-350, Brasil;Rua Trinta e Tres 117 Volta Redonda RJ 27259350 Brazil;Volta Redonda;RJ;27259350;-22.52126;-44.10301;-22.52126;-44.10301;Vila Santa Cecília;;
1018;;;endereco;Rua Rodolfo Albino, 39, Leblon, Rio de Janeiro - RJ, 22450-020, Brasil;Rua Rodolfo Albino 39 Rio de Janeiro RJ 22450020 Brazil;Rio de Janeiro;RJ;22450020;-22.98445;-43.22793;-22.98445;-43.22793;Leblon;;
1019;;;endereco;Alpha Games, Avenida Rio Branco, 156, Centro, Rio de Janeiro - RJ, 20050-006, Brasil;Avenida Rio Branco 156 Rio de Janeiro RJ 20050006 Brazil;Rio de Janeiro;RJ;20050006;-22.90564;-43.17829;-22.90564;-43.17829;Centro;;
1020;;;endereco;Downtown-Leste, Barra da Tijuca, Rio de Janeiro - RJ, Brasil;Downtown Leste Barra da Tijuca Rio de Janeiro RJ Brazil;Rio de Janeiro;RJ;;-23.00367;-43.31729;-23.00367;-43.31729;;ALTO;sem numero de porta
1021;;;endereco;Avenida Pastor Martin Luther King Júnior, 10185, Coelho Neto, Rio de Janeiro - RJ, 21530-015, Brasil;Avenida Pastor Martin Luther King Junior 10185 Rio de Janeiro RJ 21530015 Brazil;Rio de Janeiro;RJ;21530015;-22.83183;-43.34402;-22.83183;-43.34402;Coelho Neto;;
1022;;;endereco;Shopping Open Mall, Avenida das Américas, 7907, Barra da Tijuca, Rio de Janeiro - RJ, 22793-700, Brasil;Avenida das Americas 7907 Rio de Janeiro RJ 22793700 Brazil;Rio de Janeiro;RJ;22793700;-23.00155;-43.38816;-23.00155;-43.38816;Barra da Tijuca;;
1023;;;endereco;Praia de Botafogo, 228, Botafogo, Rio de Janeiro - RJ, 22250-145, Brasil;Praia de Botafogo 228 Rio de Janeiro RJ 22250145 Brazil;Rio de Janeiro;RJ;22250145;-22.94258;-43.1813;-22.94258;-43.1813;Botafogo;;
1024;;;endereco;Rua Um, 175, Inoã, Maricá - RJ, 24942-545, Brasil;Rua Um 175 Marica RJ 24942545 Brazil;Maricá;RJ;24942545;-22.9162;-42.93133;-22.9162;-42.93133;Inoã;;
1025;;;endereco;Batata Bowl Sports Center, Rua Sargento Cunha, 55, Vale dos Bandeirantes, Juiz de Fora - MG, 36047-010, Brasil;Rua Sargento Cunha 55 Juiz de Fora MG 36047010 Brazil;Juiz de Fora;MG;36047010;-21.72708;-43.35649;-21.72708;-43.35649;Vale dos Bandeirantes;;
1026;;;endereco;Rua Antônio Rufino, 232, São Pedro, Juiz de Fora - MG, 36037-130, Brasil;Rua Antonio Rufino 232 Juiz de Fora MG 36037130 Brazil;Juiz de Fora;MG;36037130;-21.77132;-43.37418;-21.77132;-43.37418;São Pedro;;
1027;;;endereco;Praça Doutor Último Carvalho, 11, Rio Pomba - MG, 36180-000, Brasil;Praca Doutor Ultimo Carvalho 11 Rio Pomba MG 36180000 Brazil;Rio Pomba;MG;36180000;-21.27465;-43.18034;-21.27465;-43.18034;;MEDIO;CEP generico de cidade, nao de rua (2,4x mais falha)
1028;;;endereco;Agência Corpo, Barra da Tijuca, Rio de Janeiro - RJ, 22775-057, Brasil;Agencia Corpo Barra da Tijuca Rio de Janeiro RJ 22775057 Brazil;Rio de Janeiro;RJ;22775057;-22.98509;-43.35878;-22.98509;-43.35878;;ALTO;sem numero de porta
1029;;;endereco;Essendi Clínica, Barra da Tijuca, Rio de Janeiro - RJ, 22640-100, Brasil;Essendi Clinica Barra da Tijuca Rio de Janeiro RJ 22640100 Brazil;Rio de Janeiro;RJ;22640100;-22.99769;-43.34639;-22.99769;-43.34639;;ALTO;sem numero de porta
1030;;;endereco;Bob's, Avenida Nilo Peçanha, Centro, Rio de Janeiro - RJ, 20020-100, Brasil;Avenida Nilo Pecanha Centro Rio de Janeiro RJ 20020100 Brazil;Rio de Janeiro;RJ;20020100;-22.90668;-43.17681;-22.90668;-43.17681;;ALTO;sem numero de porta
1031;;;endereco;Avenida Ataulfo de Paiva, 204, Leblon, Rio de Janeiro - RJ, 22440-032, Brasil;Avenida Ataulfo de Paiva 204 Rio de Janeiro RJ 22440032 Brazil;Rio de Janeiro;RJ;22440032;-22.98349;-43.21805;-22.98349;-43.21805;Leblon;;
1032;;;endereco;Avenida Almirante Barroso, 81, Centro, Rio de Janeiro - RJ, 20031-004, Brasil;Avenida Almirante Barroso 81 Rio de Janeiro RJ 20031004 Brazil;Rio de Janeiro;RJ;20031004;-22.90739;-43.1752;-22.90739;-43.1752;Centro;;
1033;;;endereco;Pizza Hut, Rua Quinze de Novembro, Centro, Niterói - RJ, 24020-125, Brasil;Rua Quinze de Novembro Centro Niteroi RJ 24020125 Brazil;Niterói;RJ;24020125;-22.89686;-43.12368;-22.89686;-43.12368;;ALTO;sem numero de porta
1034;;;endereco;Avenida Ataulfo de Paiva, 980, Leblon, Rio de Janeiro - RJ, 22440-033, Brasil;Avenida Ataulfo de Paiva 980 Rio de Janeiro RJ 22440033 Brazil;Rio de Janeiro;RJ;22440033;-22.98472;-43.22523;-22.98472;-43.22523;Leblon;;
1035;;;endereco;Pet Harmony, Avenida das Américas, 8445, Barra da Tijuca, Rio de Janeiro - RJ, 22793-296, Brasil;Avenida das Americas 8445 Rio de Janeiro RJ 22793296 Brazil;Rio de Janeiro;RJ;22793296;-23.00103;-43.39428;-23.00103;-43.39428;Barra da Tijuca;;
1036;;;endereco;Avenida Ataulfo de Paiva, 1098, Leblon, Rio de Janeiro - RJ, 22440-035, Brasil;Avenida Ataulfo de Paiva 1098 Rio de Janeiro RJ 22440035 Brazil;Rio de Janeiro;RJ;22440035;-22.98508;-43.22626;-22.98508;-43.22626;Leblon;;
1037;;;endereco;Boulevard Vinte e Oito de Setembro, 271, Vila Isabel, Rio de Janeiro - RJ, 20551-030, Brasil;Boulevard Vinte e Oito de Setembro 271 Rio de Janeiro RJ 20551030 Brazil;Rio de Janeiro;RJ;20551030;-22.91568;-43.24436;-22.91568;-43.24436;Vila Isabel;;
1038;;;endereco;Wolff Sociedade de Advogados, Avenida das Américas, Barra da Tijuca, Rio de Janeiro - RJ, 22640-102, Brasil;Avenida das Americas Barra da Tijuca Rio de Janeiro RJ 22640102 Brazil;Rio de Janeiro;RJ;22640102;-22.99938;-43.34777;-22.99938;-43.34777;;ALTO;sem numero de porta
1039;;;endereco;Rua do Passeio, Centro, Rio de Janeiro - RJ, 20021-290, Brasil;Rua do Passeio Centro Rio de Janeiro RJ 20021290 Brazil;Rio de Janeiro;RJ;20021290;-22.91395;-43.17784;-22.91395;-43.17784;;ALTO;sem numero de porta
1040;;;endereco;Centro Empresarial Mourisco, Praia de Botafogo, 501, Botafogo, Rio de Janeiro - RJ, 22250-150, Brasil;Centro Empresarial Mourisco Praia de Botafogo 501 Rio de Janeiro RJ 22250150 Brazil;Rio de Janeiro;RJ;22250150;-22.95046;-43.18076;-22.95046;-43.18076;Botafogo;;
1041;;;endereco;Rua Porto Vitória, 161, Curicica, Rio de Janeiro - RJ, 22710-033, Brasil;Rua Porto Vitoria 161 Rio de Janeiro RJ 22710033 Brazil;Rio de Janeiro;RJ;22710033;-22.93906;-43.37999;-22.93906;-43.37999;Curicica;;
1042;;;endereco;Rua Araújo Lima, 124, Vila Isabel, Rio de Janeiro - RJ, 20541-050, Brasil;Rua Araujo Lima 124 Rio de Janeiro RJ 20541050 Brazil;Rio de Janeiro;RJ;20541050;-22.92167;-43.24179;-22.92167;-43.24179;Vila Isabel;;
1043;;;endereco;Rua Quintino André Senos, 40, Jardim Olinda, Cabo Frio - RJ, 28911-037, Brasil;Rua Quintino Andre Senos 40 Cabo Frio RJ 28911037 Brazil;Cabo Frio;RJ;28911037;-22.88854;-42.04591;-22.88854;-42.04591;Jardim Olinda;;
1044;;;endereco;Avenida dos Pescadores, 650, Peró, Cabo Frio - RJ, 28922-175, Brasil;Avenida dos Pescadores 650 Cabo Frio RJ 28922175 Brazil;Cabo Frio;RJ;28922175;-22.8638;-41.98815;-22.8638;-41.98815;Peró;;
1045;;;endereco;Zletric, Praia de Botafogo, 300, Botafogo, Rio de Janeiro - RJ, 22251-040, Brasil;Zletric Praia de Botafogo 300 Rio de Janeiro RJ 22251040 Brazil;Rio de Janeiro;RJ;22251040;-22.94433;-43.18256;-22.94433;-43.18256;Botafogo;;
1046;;;endereco;Oliveira Nunes Advocacia e Consultoria, Rua da Assembléia, 10, Centro, Rio de Janeiro - RJ, 20011-000, Brasil;Rua da Assembleia 10 Rio de Janeiro RJ 20011000 Brazil;Rio de Janeiro;RJ;20011000;-22.90422;-43.1752;-22.90422;-43.1752;Centro;MEDIO;CEP generico de cidade, nao de rua (2,4x mais falha)
1047;;;endereco;MITSUBISHI Corporation of Brazil S. A., Praia de Botafogo, 228, Botafogo, Rio de Janeiro - RJ, 22250-145, Brasil;MITSUBISHI Corporation of Brazil S A Praia de Botafogo 228 Rio de Janeiro RJ 22250145 Brazil;Rio de Janeiro;RJ;22250145;-22.94207;-43.1813;-22.94207;-43.1813;Botafogo;;
1048;;;endereco;Rua Aldo Bussade, 14, Niterói, Itaperuna - RJ, 28300-000, Brasil;Rua Aldo Bussade 14 Itaperuna RJ 28300000 Brazil;Itaperuna;RJ;28300000;-21.21003;-41.89495;-21.21003;-41.89495;Niterói;MEDIO;CEP generico de cidade, nao de rua (2,4x mais falha)
1049;;;endereco;Rua Presidente Artur Bernardes, 199, Muriaé - MG, 36880-000, Brasil;Rua Presidente Artur Bernardes 199 Muriae MG 36880000 Brazil;Muriaé;MG;36880000;-21.13031;-42.36905;-21.13031;-42.36905;;MEDIO;CEP generico de cidade, nao de rua (2,4x mais falha)
1050;;;endereco;Rua Voluntários da Pátria, 502, Parque Avenida Pelinca, Campos dos Goytacazes - RJ, 28030-260, Brasil;Rua Voluntarios da Patria 502 Campos dos Goytacazes RJ 28030260 Brazil;Campos dos Goytacazes;RJ;28030260;-21.7617;-41.33266;-21.7617;-41.33266;Parque Avenida Pelinca;;
1051;;;endereco;Rua Almirante Greenhalgh, 86, Parque Tamandaré, Campos dos Goytacazes - RJ, 28035-025, Brasil;Rua Almirante Greenhalgh 86 Campos dos Goytacazes RJ 28035025 Brazil;Campos dos Goytacazes;RJ;28035025;-21.75729;-41.33972;-21.75729;-41.33972;Parque Tamandaré;;
1052;;;endereco;Rua Voluntários da Pátria, 514, Parque Avenida Pelinca, Campos dos Goytacazes - RJ, 28030-260, Brasil;Rua Voluntarios da Patria 514 Campos dos Goytacazes RJ 28030260 Brazil;Campos dos Goytacazes;RJ;28030260;-21.76196;-41.33274;-21.76196;-41.33274;Parque Avenida Pelinca;;
1053;;;endereco;Avenida Vicentina de Barros, 674, Viçosa - MG, 36572-146, Brasil;Avenida Vicentina de Barros 674 Vicosa MG 36572146 Brazil;Viçosa;MG;36572146;-20.76337;-42.89055;-20.76337;-42.89055;;;
1054;;;endereco;Avenida Cardoso Moreira, 897, Centro, Itaperuna - RJ, 28300-000, Brasil;Avenida Cardoso Moreira 897 Itaperuna RJ 28300000 Brazil;Itaperuna;RJ;28300000;-21.20326;-41.8922;-21.20326;-41.8922;Centro;MEDIO;CEP generico de cidade, nao de rua (2,4x mais falha)
1055;;;endereco;Egídio da Silva Santana, Avenida Prefeito Telésforo Cândido Rezende, 480, Conselheiro Lafaiete - MG, 36400-076, Brasil;Avenida Prefeito Telesforo Candido Rezende 480 Conselheiro Lafaiete MG 36400076 Brazil;Conselheiro Lafaiete;MG;36400076;-20.65829;-43.78505;-20.65829;-43.78505;;;
1056;;;endereco;Rua dos Aimorés, 2011, Lourdes, Belo Horizonte - MG, 30140-074, Brasil;Rua dos Aimores 2011 Belo Horizonte MG 30140074 Brazil;Belo Horizonte;MG;30140074;-19.92736;-43.94301;-19.92736;-43.94301;Lourdes;;
1057;;;endereco;Rua Gonçalves Dias, 2122, Lourdes, Belo Horizonte - MG, 30140-092, Brasil;Rua Goncalves Dias 2122 Belo Horizonte MG 30140092 Brazil;Belo Horizonte;MG;30140092;-19.92928;-43.94458;-19.92928;-43.94458;Lourdes;;
1058;;;endereco;Avenida Olegário Maciel, 1217, Lourdes, Belo Horizonte - MG, 30180-111, Brasil;Avenida Olegario Maciel 1217 Belo Horizonte MG 30180111 Brazil;Belo Horizonte;MG;30180111;-19.92485;-43.94549;-19.92485;-43.94549;Lourdes;;
1059;;;endereco;Avenida Cristóvão Colombo, 485, Savassi, Belo Horizonte - MG, 30140-150, Brasil;Avenida Cristovao Colombo 485 Belo Horizonte MG 30140150 Brazil;Belo Horizonte;MG;30140150;-19.93622;-43.93716;-19.93622;-43.93716;Savassi;;
1060;;;endereco;Rua Desembargador Jorge Fontana, 498, Belvedere, Belo Horizonte - MG, 30320-670, Brasil;Rua Desembargador Jorge Fontana 498 Belo Horizonte MG 30320670 Brazil;Belo Horizonte;MG;30320670;-19.97626;-43.94443;-19.97626;-43.94443;Belvedere;;
1061;;;endereco;Rua Roma, 99, Das Mansões, Belo Horizonte - MG, 31550-470, Brasil;Rua Roma 99 Belo Horizonte MG 31550470 Brazil;Belo Horizonte;MG;31550470;-19.97016;-43.95554;-19.97016;-43.95554;Das Mansões;;
1062;;;endereco;Rua Santa Catarina, 1541A, Lourdes, Belo Horizonte - MG, 30170-088, Brasil;Rua Santa Catarina 1541A Belo Horizonte MG 30170088 Brazil;Belo Horizonte;MG;30170088;-19.93429;-43.94673;-19.93429;-43.94673;Lourdes;;
1063;;;endereco;Rua Antônio de Albuquerque, 344L, Savassi, Belo Horizonte - MG, 30112-010, Brasil;Rua Antonio de Albuquerque 344L Belo Horizonte MG 30112010 Brazil;Belo Horizonte;MG;30112010;-19.93837;-43.93362;-19.93837;-43.93362;Savassi;;
1064;;;endereco;Avenida Nossa Senhora das Graças, 16, Ponte Nova - MG, 35430-214, Brasil;Avenida Nossa Senhora das Gracas 16 Ponte Nova MG 35430214 Brazil;Ponte Nova;MG;35430214;-20.40599;-42.89104;-20.40599;-42.89104;;;
1065;;;endereco;Rua Professor Abeylard, 884, Sete Lagoas - MG, 35700-652, Brasil;Rua Professor Abeylard 884 Sete Lagoas MG 35700652 Brazil;Sete Lagoas;MG;35700652;-19.44868;-44.24538;-19.44868;-44.24538;;;
1066;;;endereco;Avenida Divino Espírito Santo, 1161, Divinópolis - MG, 35500-021, Brasil;Avenida Divino Espirito Santo 1161 Divinopolis MG 35500021 Brazil;Divinópolis;MG;35500021;-20.13534;-44.89541;-20.13534;-44.89541;;;
1067;;;endereco;Avenida Governador Valadares, 510, Centro, Betim - MG, 32600-135, Brasil;Avenida Governador Valadares 510 Betim MG 32600135 Brazil;Betim;MG;32600135;-19.96911;-44.19733;-19.96911;-44.19733;Centro;;
1068;;;endereco;Rua Virgílio da Costa Correa, 90, Letícia, Belo Horizonte - MG, 31570-410, Brasil;Rua Virgilio da Costa Correa 90 Belo Horizonte MG 31570410 Brazil;Belo Horizonte;MG;31570410;-19.80471;-43.97553;-19.80471;-43.97553;Letícia;;
1069;;;endereco;Avenida Bias Fortes, 359, Lourdes, Belo Horizonte - MG, 30170-011, Brasil;Avenida Bias Fortes 359 Belo Horizonte MG 30170011 Brazil;Belo Horizonte;MG;30170011;-19.93013;-43.94083;-19.93013;-43.94083;Lourdes;;
1070;;;endereco;Rua Antônio de Albuquerque, 399, Savassi, Belo Horizonte - MG, 30112-010, Brasil;Rua Antonio de Albuquerque 399 Belo Horizonte MG 30112010 Brazil;Belo Horizonte;MG;30112010;-19.93861;-43.93448;-19.93861;-43.93448;Savassi;;
1071;;;endereco;Rua da Bahia, 2696, Lourdes, Belo Horizonte - MG, 30160-019, Brasil;Rua da Bahia 2696 Belo Horizonte MG 30160019 Brazil;Belo Horizonte;MG;30160019;-19.93854;-43.94144;-19.93854;-43.94144;Lourdes;;
1072;;;endereco;Avenida João Chaves, 546, São Norberto, Montes Claros - MG, 39401-048, Brasil;Avenida Joao Chaves 546 Montes Claros MG 39401048 Brazil;Montes Claros;MG;39401048;-16.7286;-43.88037;-16.7286;-43.88037;São Norberto;;
1073;;;endereco;Rua Bernardo Guimarães, 178, Funcionários, Belo Horizonte - MG, 30140-080, Brasil;Rua Bernardo Guimaraes 178 Belo Horizonte MG 30140080 Brazil;Belo Horizonte;MG;30140080;-19.93237;-43.92623;-19.93237;-43.92623;Funcionários;;
1074;;;endereco;Avenida Barbacena, 1205, Santo Agostinho, Belo Horizonte - MG, 30190-131, Brasil;Avenida Barbacena 1205 Belo Horizonte MG 30190131 Brazil;Belo Horizonte;MG;30190131;-19.92852;-43.95003;-19.92852;-43.95003;Santo Agostinho;;
1075;;;endereco;Rua Antônio de Albuquerque, 263, Savassi, Belo Horizonte - MG, 30112-010, Brasil;Rua Antonio de Albuquerque 263 Belo Horizonte MG 30112010 Brazil;Belo Horizonte;MG;30112010;-19.93887;-43.93315;-19.93887;-43.93315;Savassi;;
1076;;;endereco;Consulado Honorário Polônia, Avenida do Contorno, 6594, Savassi, Belo Horizonte - MG, 30110-044, Brasil;Avenida do Contorno 6594 Belo Horizonte MG 30110044 Brazil;Belo Horizonte;MG;30110044;-19.9392;-43.9407;-19.9392;-43.9407;Savassi;;
1077;;;endereco;Rua Maranhão, 1970, Savassi, Belo Horizonte - MG, 30150-333, Brasil;Rua Maranhao 1970 Belo Horizonte MG 30150333 Brazil;Belo Horizonte;MG;30150333;-19.93902;-43.92763;-19.93902;-43.92763;Savassi;;
1078;;;endereco;Rua Antônio de Albuquerque, 707C, Savassi, Belo Horizonte - MG, 30112-011, Brasil;Rua Antonio de Albuquerque 707C Belo Horizonte MG 30112011 Brazil;Belo Horizonte;MG;30112011;-19.93798;-43.93723;-19.93798;-43.93723;Savassi;;
1079;;;endereco;Rua Espírito Santo, 1607, Lourdes, Belo Horizonte - MG, 30160-035, Brasil;Rua Espirito Santo 1607 Belo Horizonte MG 30160035 Brazil;Belo Horizonte;MG;30160035;-19.92869;-43.93978;-19.92869;-43.93978;Lourdes;;
1080;;;endereco;Avenida Brasil, 1718, Funcionários, Belo Horizonte - MG, 30140-004, Brasil;Avenida Brasil 1718 Belo Horizonte MG 30140004 Brazil;Belo Horizonte;MG;30140004;-19.93118;-43.93483;-19.93118;-43.93483;Funcionários;;
1081;;;endereco;Avenida Getúlio Vargas, 499B, Funcionários, Belo Horizonte - MG, 30112-020, Brasil;Avenida Getulio Vargas 499B Belo Horizonte MG 30112020 Brazil;Belo Horizonte;MG;30112020;-19.9345;-43.92835;-19.9345;-43.92835;Funcionários;;
1082;;;endereco;Rua Sergipe, 1430, Savassi, Belo Horizonte - MG, 30130-174, Brasil;Rua Sergipe 1430 Belo Horizonte MG 30130174 Brazil;Belo Horizonte;MG;30130174;-19.9391;-43.93874;-19.9391;-43.93874;Savassi;;
1083;;;endereco;Rua da Paisagem, Nova Lima - MG, 34006-059, Brasil;Rua da Paisagem Nova Lima MG 34006059 Brazil;Nova Lima;MG;34006059;-19.98337;-43.94604;-19.98337;-43.94604;;ALTO;sem numero de porta
1084;;;endereco;Rua Palmeiras, 477A, Horto, Ipatinga - MG, 35160-311, Brasil;Rua Palmeiras 477A Ipatinga MG 35160311 Brazil;Ipatinga;MG;35160311;-19.50486;-42.57184;-19.50486;-42.57184;Horto;;
1085;;;endereco;Rua Ipanema, 87, Vila do Sol, Governador Valadares - MG, 35041-340, Brasil;Rua Ipanema 87 Governador Valadares MG 35041340 Brazil;Governador Valadares;MG;35041340;-18.90637;-41.96236;-18.90637;-41.96236;Vila do Sol;;
1086;;;endereco;Avenida Carlos Chagas, 269, Cidade Nobre, Ipatinga - MG, 35162-359, Brasil;Avenida Carlos Chagas 269 Ipatinga MG 35162359 Brazil;Ipatinga;MG;35162359;-19.46737;-42.55854;-19.46737;-42.55854;Cidade Nobre;;
1087;;;endereco;Rua Exp. Paulo de Oliveira Santos, 333, Ouro Preto, Belo Horizonte - MG, 31310-080, Brasil;Rua Exp Paulo de Oliveira Santos 333 Belo Horizonte MG 31310080 Brazil;Belo Horizonte;MG;31310080;-19.8643;-43.98131;-19.8643;-43.98131;Ouro Preto;;
1088;;;endereco;Avenida Afonso Pena, 2768, Savassi, Belo Horizonte - MG, 30130-012, Brasil;Avenida Afonso Pena 2768 Belo Horizonte MG 30130012 Brazil;Belo Horizonte;MG;30130012;-19.93566;-43.92865;-19.93566;-43.92865;Savassi;;
1089;;;endereco;Rua da Bahia, 2696, Lourdes, Belo Horizonte - MG, 30160-019, Brasil;Rua da Bahia 2696 Belo Horizonte MG 30160019 Brazil;Belo Horizonte;MG;30160019;-19.93854;-43.94144;-19.93854;-43.94144;Lourdes;;
1090;;;endereco;Avenida Rui Barbosa, 783, São Gotardo - MG, 38800-000, Brasil;Avenida Rui Barbosa 783 Sao Gotardo MG 38800000 Brazil;São Gotardo;MG;38800000;-19.31727;-46.05008;-19.31727;-46.05008;;MEDIO;CEP generico de cidade, nao de rua (2,4x mais falha)
1091;;;endereco;Avenida Barão Homem de Melo, 4490A, Das Mansões, Belo Horizonte - MG, 30494-270, Brasil;Avenida Barao Homem de Melo 4490A Belo Horizonte MG 30494270 Brazil;Belo Horizonte;MG;30494270;-19.9676;-43.95497;-19.9676;-43.95497;Das Mansões;;
1092;;;endereco;Rua Barão de Guaxupé, 727, Alto dos Pinheiros, Belo Horizonte - MG, 30530-160, Brasil;Rua Barao de Guaxupe 727 Belo Horizonte MG 30530160 Brazil;Belo Horizonte;MG;30530160;-19.93244;-44.0015;-19.93244;-44.0015;Alto dos Pinheiros;;
1093;;;endereco;Avenida Afonso Pena, 582, Centro, Belo Horizonte - MG, 30130-001, Brasil;Avenida Afonso Pena 582 Belo Horizonte MG 30130001 Brazil;Belo Horizonte;MG;30130001;-19.9187;-43.93924;-19.9187;-43.93924;Centro;;
1094;;;endereco;Rua Inconfidentes, 867, Savassi, Belo Horizonte - MG, 30140-128, Brasil;Rua Inconfidentes 867 Belo Horizonte MG 30140128 Brazil;Belo Horizonte;MG;30140128;-19.93601;-43.93406;-19.93601;-43.93406;Savassi;;
1095;;;endereco;Rua Quaresmeira, 226, Colonial, Contagem - MG, 32010-470, Brasil;Rua Quaresmeira 226 Contagem MG 32010470 Brazil;Contagem;MG;32010470;-19.89951;-44.09515;-19.89951;-44.09515;Colonial;;
1096;;;endereco;Qe 7, Guará - DF, 71020-115, Brasil;Qe 7 Guara DF 71020115 Brazil;Guará;DF;71020115;-15.82137;-47.98072;-15.82137;-47.98072;;ALTO;logradouro sem nome
1097;;;endereco;Allegro Cafe, SIG Quadra 6, Sudoeste/Octogonal - DF, 70610-460, Brasil;Allegro Cafe SIG Quadra 6 Sudoeste Octogonal DF 70610460 Brazil;Sudoeste/Octogonal;DF;70610460;-15.79135;-47.9135;-15.79135;-47.9135;;;
1098;;;endereco;Rua C-237, 540-13, Jardim América, Goiânia - GO, 74290-140, Brasil;Rua C 237 540 13 Jardim America Goiania GO 74290140 Brazil;Goiânia;GO;74290140;-16.70742;-49.27726;-16.70742;-49.27726;;ALTO;sem numero de porta
1099;;;endereco;Dermatologia Orion, Oeste, Goiânia - GO, 74150-030, Brasil;Dermatologia Orion Oeste Goiania GO 74150030 Brazil;Goiânia;GO;74150030;-16.68625;-49.27072;-16.68625;-49.27072;;ALTO;sem numero de porta
1100;;;endereco;Govesa Corretora de Seguros, Rua C-38, Jardim América, Goiânia - GO, 74265-280, Brasil;Rua C 38 Jardim America Goiania GO 74265280 Brazil;Goiânia;GO;74265280;-16.69567;-49.29176;-16.69567;-49.29176;;ALTO;sem numero de porta
1101;;;endereco;Rua Maria Alice, 63-10, Jardim Atlântico, Goiânia - GO, 74345-290, Brasil;Rua Maria Alice 63 10 Jardim Atlantico Goiania GO 74345290 Brazil;Goiânia;GO;74345290;-16.74266;-49.29345;-16.74266;-49.29345;;ALTO;sem numero de porta
1102;;;endereco;SIG Quadra 3, Sudoeste/Octogonal - DF, 70610-410, Brasil;SIG Quadra 3 Sudoeste Octogonal DF 70610410 Brazil;Sudoeste/Octogonal;DF;70610410;-15.7928;-47.90995;-15.7928;-47.90995;;;
1103;;;endereco;SIG Quadra 2, Sudoeste/Octogonal - DF, 70610-440, Brasil;SIG Quadra 2 Sudoeste Octogonal DF 70610440 Brazil;Sudoeste/Octogonal;DF;70610440;-15.78748;-47.91429;-15.78748;-47.91429;;;
1104;;;endereco;Allegro Cafe, SIG Quadra 6, Sudoeste/Octogonal - DF, 70610-460, Brasil;Allegro Cafe SIG Quadra 6 Sudoeste Octogonal DF 70610460 Brazil;Sudoeste/Octogonal;DF;70610460;-15.79135;-47.9135;-15.79135;-47.9135;;;
1106;;;endereco;ATM, Asa Norte, Brasília - DF, 70716-900, Brasil;ATM Asa Norte Brasilia DF 70716900 Brazil;Brasília;DF;70716900;-15.78682;-47.88917;-15.78682;-47.88917;;ALTO;sem numero de porta
1107;;;endereco;Rua 20, 405, Central, Goiânia - GO, 74020-170, Brasil;Rua 20 405 Goiania GO 74020170 Brazil;Goiânia;GO;74020170;-16.67556;-49.25287;-16.67556;-49.25287;Central;;
1108;;;endereco;Rua Lazer, Urias Magalhães, Goiânia - GO, 74013-035, Brasil;Rua Lazer Urias Magalhaes Goiania GO 74013035 Brazil;Goiânia;GO;74013035;-16.63542;-49.2726;-16.63542;-49.2726;;ALTO;sem numero de porta
1109;;;endereco;Emporium Mix Sapataria, Avenida T-15, Bueno, Goiânia - GO, 74230-010, Brasil;Avenida T 15 Bueno Goiania GO 74230010 Brazil;Goiânia;GO;74230010;-16.71368;-49.27045;-16.71368;-49.27045;;ALTO;sem numero de porta
1110;;;endereco;Via Hi 4 Sul, Setor de Habitações Individuais Sul, Lago Sul - DF, 71615-110, Brasil;Via Hi 4 Lago Sul DF 71615110 Brazil;Lago Sul;DF;71615110;-15.85131;-47.90098;-15.85131;-47.90098;Sul Setor de Habitações Individuais Sul;ALTO;endereco de rodovia (57-67% falharam)
1111;;;endereco;Rua Sete de Setembro, 376, Cristalina - GO, 73850-000, Brasil;Rua Sete de Setembro 376 Cristalina GO 73850000 Brazil;Cristalina;GO;73850000;-16.76615;-47.60809;-16.76615;-47.60809;;MEDIO;CEP generico de cidade, nao de rua (2,4x mais falha)
1112;;;endereco;Avenida Presidente Costa e Silva, 16, Campo Alegre de Goiás - GO, 75795-000, Brasil;Avenida Presidente Costa e Silva 16 Campo Alegre de Goias GO 75795000 Brazil;Campo Alegre de Goiás;GO;75795000;-17.63428;-47.77737;-17.63428;-47.77737;;MEDIO;CEP generico de cidade, nao de rua (2,4x mais falha)
1113;;;endereco;Sescoop - Ocb, Asa Sul, Brasília - DF, 70070-936, Brasil;Sescoop Ocb Asa Sul Brasilia DF 70070936 Brazil;Brasília;DF;70070936;-15.80328;-47.88078;-15.80328;-47.88078;;ALTO;sem numero de porta
1114;;;endereco;Carlota's Zen, SQN 111, Asa Norte, Brasília - DF, 70754-020, Brasil;SQN 111 Asa Norte Brasilia DF 70754020 Brazil;Brasília;DF;70754020;-15.75343;-47.88965;-15.75343;-47.88965;;ALTO;sem numero de porta
1115;;;endereco;SQN 210, Bloco D, Asa Norte, Brasília - DF, 70862-050, Brasil;SQN 210 Bloco D Asa Norte Brasilia DF 70862050 Brazil;Brasília;DF;70862050;-15.75698;-47.88369;-15.75698;-47.88369;;ALTO;sem numero de porta
1116;;;endereco;Scn Quadra 1, QD N1, Asa Norte, Brasília - DF, 70711-000, Brasil;Scn Quadra 1 Brasilia DF 70711000 Brazil;Brasília;DF;70711000;-15.78773;-47.88253;-15.78773;-47.88253;QD N1 Asa Norte;MEDIO;CEP generico de cidade, nao de rua (2,4x mais falha)
1117;;;endereco;Avenida Pau Brasil, 10, Águas Claras - DF, 71926-000, Brasil;Avenida Pau Brasil 10 Aguas Claras DF 71926000 Brazil;Águas Claras;DF;71926000;-15.84056;-48.02723;-15.84056;-48.02723;;MEDIO;CEP generico de cidade, nao de rua (2,4x mais falha)
1118;;;endereco;WESTERN UNION, Avenida das Araucárias, Águas Claras - DF, 71927-000, Brasil;Avenida das Araucarias Aguas Claras DF 71927000 Brazil;Águas Claras;DF;71927000;-15.84173;-48.0294;-15.84173;-48.0294;;ALTO;"sem numero de porta; CEP generico de cidade, nao de rua (2,4x mais falha)"
1119;;;endereco;Mrv Engenharia, Asa Sul, Brasília - DF, 70306-000, Brasil;Mrv Engenharia Asa Sul Brasilia DF 70306000 Brazil;Brasília;DF;70306000;-15.79685;-47.8908;-15.79685;-47.8908;;ALTO;"sem numero de porta; CEP generico de cidade, nao de rua (2,4x mais falha)"
1120;;;endereco;Sbn Bloco B, Asa Norte, Brasília - DF, 70040-020, Brasil;Sbn Bloco B Asa Norte Brasilia DF 70040020 Brazil;Brasília;DF;70040020;-15.78805;-47.87976;-15.78805;-47.87976;;ALTO;sem numero de porta
1121;;;endereco;Avenida João Neves Vieira, 1080, Loteamento Santa Cruz, Catalão - GO, 75704-390, Brasil;Avenida Joao Neves Vieira 1080 Catalao GO 75704390 Brazil;Catalão;GO;75704390;-18.16451;-47.93238;-18.16451;-47.93238;Loteamento Santa Cruz;;
1122;;;endereco;Rodovia GO - 010, GO-010, Goiânia - GO, Brasil;Rodovia GO 010 Goiania GO Brazil;Goiânia;GO;;-16.64892;-49.15667;-16.64892;-49.15667;GO-010;ALTO;endereco de rodovia (57-67% falharam)
1123;;;endereco;Saguão Brookfield Tower, Rua Cinquenta e Seis, Jardim Goiás, Goiânia - GO, 74810-240, Brasil;Rua Cinquenta e Seis Jardim Goias Goiania GO 74810240 Brazil;Goiânia;GO;74810240;-16.70444;-49.24036;-16.70444;-49.24036;;ALTO;sem numero de porta
1124;;;endereco;Rodo Farma, Sia, Guará - DF, 71215-000, Brasil;Sia Guara DF 71215000 Brazil;Guará;DF;71215000;-15.81512;-47.96595;-15.81512;-47.96595;;ALTO;"sem numero de porta; logradouro sem nome; CEP generico de cidade, nao de rua (2,4x mais falha)"
1125;;;endereco;Windsor Brasília Hotel, Shn, Asa Norte, Brasília - DF, 70701-030, Brasil;Windsor Brasilia Hotel Shn Asa Norte Brasilia DF 70701030 Brazil;Brasília;DF;70701030;-15.79089;-47.88504;-15.79089;-47.88504;;ALTO;sem numero de porta
1126;;;endereco;Avenida Cento e Trinta e Seis Quadra F44, 761, Sul, Goiânia - GO, 74093-250, Brasil;Avenida Cento e Trinta e Seis Quadra F44 761 Goiania GO 74093250 Brazil;Goiânia;GO;74093250;-16.69733;-49.25564;-16.69733;-49.25564;Sul;;
1127;;;endereco;Rua C-267, 614-17, Nova Suiça, Goiânia - GO, 74280-290, Brasil;Rua C 267 614 17 Nova Suica Goiania GO 74280290 Brazil;Goiânia;GO;74280290;-16.72123;-49.27315;-16.72123;-49.27315;;ALTO;sem numero de porta
1128;;;endereco;Rua Augusto César, 427, Tabajaras, Uberlândia - MG, 38400-162, Brasil;Rua Augusto Cesar 427 Uberlandia MG 38400162 Brazil;Uberlândia;MG;38400162;-18.9282;-48.27998;-18.9282;-48.27998;Tabajaras;;
1129;;;endereco;Rua João Guimarães Naves, 1250, Tibery, Uberlândia - MG, 38405-046, Brasil;Rua Joao Guimaraes Naves 1250 Uberlandia MG 38405046 Brazil;Uberlândia;MG;38405046;-18.89638;-48.2516;-18.89638;-48.2516;Tibery;;
1130;;;endereco;Avenida Ana Godoy de Souza, 2979, Segismundo Pereira, Uberlândia - MG, 38408-271, Brasil;Avenida Ana Godoy de Souza 2979 Uberlandia MG 38408271 Brazil;Uberlândia;MG;38408271;-18.92576;-48.22776;-18.92576;-48.22776;Segismundo Pereira;;
1131;;;endereco;Avenida Cel. Teodolino Pereira Araújo, 1895, Centro, Araguari - MG, 38440-062, Brasil;Avenida Cel Teodolino Pereira Araujo 1895 Araguari MG 38440062 Brazil;Araguari;MG;38440062;-18.65427;-48.19663;-18.65427;-48.19663;Centro;;
1132;;;endereco;CLN 202 Bloco C, Bloco C, Asa Norte, Brasília - DF, 70832-535, Brasil;CLN 202 Bloco C Bloco C Asa Norte Brasilia DF 70832535 Brazil;Brasília;DF;70832535;-15.78344;-47.87796;-15.78344;-47.87796;;ALTO;sem numero de porta
1133;;;endereco;Avenida T-63, 2-8, Jardim Europa, Goiânia - GO, 74335-030, Brasil;Avenida T 63 2 8 Jardim Europa Goiania GO 74335030 Brazil;Goiânia;GO;74335030;-16.72057;-49.30198;-16.72057;-49.30198;;ALTO;sem numero de porta
1134;;;endereco;Rua C-139, 567-13, Jardim América, Goiânia - GO, 74268-165, Brasil;Rua C 139 567 13 Jardim America Goiania GO 74268165 Brazil;Goiânia;GO;74268165;-16.71313;-49.27718;-16.71313;-49.27718;;ALTO;sem numero de porta
1135;;;endereco;Avenida T-4, 67, Bueno, Goiânia - GO, 74230-035, Brasil;Avenida T 4 67 Goiania GO 74230035 Brazil;Goiânia;GO;74230035;-16.71315;-49.26683;-16.71315;-49.26683;Bueno;;
1136;;;endereco;Rua Quatro D, 128-17, Setor Garavelo, Aparecida de Goiânia - GO, 74930-090, Brasil;Rua Quatro D 128 17 Setor Garavelo Aparecida de Goiania GO 74930090 Brazil;Aparecida de Goiânia;GO;74930090;-16.76978;-49.33444;-16.76978;-49.33444;;ALTO;sem numero de porta
1137;;;endereco;Rua José R. Maciel, 431, Aurilândia - GO, 76120-000, Brasil;Rua Jose R Maciel 431 Aurilandia GO 76120000 Brazil;Aurilândia;GO;76120000;-16.682;-50.46412;-16.682;-50.46412;;MEDIO;CEP generico de cidade, nao de rua (2,4x mais falha)
1138;;;endereco;Avenida dos Eucaliptos, 627, Jardim Patrícia, Uberlândia - MG, 38414-006, Brasil;Avenida dos Eucaliptos 627 Uberlandia MG 38414006 Brazil;Uberlândia;MG;38414006;-18.91038;-48.32357;-18.91038;-48.32357;Jardim Patrícia;;
1139;;;endereco;Rua Um, 89, Vila Santa Maria, Anápolis - GO, 75044-490, Brasil;Rua Um 89 Anapolis GO 75044490 Brazil;Anápolis;GO;75044490;-16.32425;-48.96634;-16.32425;-48.96634;Vila Santa Maria;;
1140;;;endereco;Eliá Spa, Águas Claras - DF, 71931-720, Brasil;Elia Spa Aguas Claras DF 71931720 Brazil;Águas Claras;DF;71931720;-15.83163;-48.04112;-15.83163;-48.04112;;ALTO;sem numero de porta
1141;;;endereco;Avenida T-4, 835, Bueno, Goiânia - GO, 74230-035, Brasil;Avenida T 4 835 Goiania GO 74230035 Brazil;Goiânia;GO;74230035;-16.71497;-49.26675;-16.71497;-49.26675;Bueno;;
1142;;;endereco;Rua Serra do Caiapó Quadra 1, 1, Riviera, Goiânia - GO, 74730-520, Brasil;Rua Serra do Caiapo Quadra 1 Goiania GO 74730520 Brazil;Goiânia;GO;74730520;-16.68739;-49.21251;-16.68739;-49.21251;1 Riviera;;
1143;;;endereco;Du'Cheff Pixzaria, Avenida Milão, Celina Park, Goiânia - GO, 74373-270, Brasil;Avenida Milao Celina Park Goiania GO 74373270 Brazil;Goiânia;GO;74373270;-16.7095;-49.32074;-16.7095;-49.32074;;ALTO;sem numero de porta
1144;;;endereco;Espetinho do Gordinho, Avenida C Cento e Setenta e Um, Jardim América, Goiânia - GO, 74275-010, Brasil;Avenida C Cento e Setenta e Um Jardim America Goiania GO 74275010 Brazil;Goiânia;GO;74275010;-16.72055;-49.28536;-16.72055;-49.28536;;ALTO;sem numero de porta
1145;;;endereco;Avenida do Pau Brasil, 66, Uberaba - MG, 38066-060, Brasil;Avenida do Pau Brasil 66 Uberaba MG 38066060 Brazil;Uberaba;MG;38066060;-19.73731;-47.94015;-19.73731;-47.94015;;;
1146;;;endereco;Hospital e Maternidade Sagrada Família-PS, Rua Henrique Schwarz, 10, Centro, São Bento do Sul - SC, 89290-000, Brasil;Rua Henrique Schwarz 10 Sao Bento do Sul SC 89290000 Brazil;São Bento do Sul;SC;89290000;-26.24966;-49.38456;-26.24966;-49.38456;Centro;MEDIO;CEP generico de cidade, nao de rua (2,4x mais falha)
1147;;;endereco;Avenida Higienópolis, 174, Centro Histórico, Londrina - PR, 86020-080, Brasil;Avenida Higienopolis 174 Londrina PR 86020080 Brazil;Londrina;PR;86020080;-23.31138;-51.1657;-23.31138;-51.1657;Centro Histórico;;
1148;;;endereco;Avenida São João, 140, Brasília, Londrina - PR, 86039-290, Brasil;Avenida Sao Joao 140 Londrina PR 86039290 Brazil;Londrina;PR;86039290;-23.31751;-51.14606;-23.31751;-51.14606;Brasília;;
1149;;;endereco;Avenida Gisele Constantino, 850, Votorantim - SP, 18110-650, Brasil;Avenida Gisele Constantino 850 Votorantim SP 18110650 Brazil;Votorantim;SP;18110650;-23.54525;-47.46679;-23.54525;-47.46679;;;
1150;;;endereco;Rua Montreal, 123, Jardim Elton Ville, Sorocaba - SP, 18046-820, Brasil;Rua Montreal 123 Sorocaba SP 18046820 Brazil;Sorocaba;SP;18046820;-23.52166;-47.46894;-23.52166;-47.46894;Jardim Elton Ville;;
1151;;;endereco;Mate Mix Sucos, Rua Quinze de Novembro, 219, Centro, Sorocaba - SP, 18010-081, Brasil;Rua Quinze de Novembro 219 Sorocaba SP 18010081 Brazil;Sorocaba;SP;18010081;-23.50018;-47.45468;-23.50018;-47.45468;Centro;;
1152;;;endereco;Rua Dona Maria Josepha de Souza Manente, 448, Jardim Faculdade, Sorocaba - SP, 18030-243, Brasil;Rua Dona Maria Josepha de Souza Manente 448 Sorocaba SP 18030243 Brazil;Sorocaba;SP;18030243;-23.51483;-47.46182;-23.51483;-47.46182;Jardim Faculdade;;
1153;;;endereco;Imobiliária Wolf, Sorocaba - SP, 18085-850, Brasil;Imobiliaria Wolf Sorocaba SP 18085850 Brazil;Sorocaba;SP;18085850;-23.47592;-47.42689;-23.47592;-47.42689;;ALTO;sem numero de porta
1154;;;endereco;Rua Antônio Guitti, 333, Jardim Pires de Melo, Sorocaba - SP, 18046-688, Brasil;Rua Antonio Guitti 333 Sorocaba SP 18046688 Brazil;Sorocaba;SP;18046688;-23.52705;-47.47042;-23.52705;-47.47042;Jardim Pires de Melo;;
1155;;;endereco;Rua Rio Grande do Sul, 382, Centro, Sorocaba - SP, 18035-500, Brasil;Rua Rio Grande do Sul 382 Sorocaba SP 18035500 Brazil;Sorocaba;SP;18035500;-23.49782;-47.46599;-23.49782;-47.46599;Centro;;
1156;;;endereco;Avenida Washington Luiz, 685, Jardim Faculdade, Sorocaba - SP, Brasil;Avenida Washington Luiz 685 Sorocaba SP Brazil;Sorocaba;SP;;-23.51426;-47.46235;-23.51426;-47.46235;Jardim Faculdade;;
1157;;;endereco;Rua Coronel José Pedro de Oliveira, 25, Jardim Faculdade, Sorocaba - SP, 18030-220, Brasil;Rua Coronel Jose Pedro de Oliveira 25 Sorocaba SP 18030220 Brazil;Sorocaba;SP;18030220;-23.51215;-47.45919;-23.51215;-47.45919;Jardim Faculdade;;
1158;;;endereco;Rua Ipiranga, 40, Jardim do Colégio, Sorocaba - SP, 18040-345, Brasil;Rua Ipiranga 40 Sorocaba SP 18040345 Brazil;Sorocaba;SP;18040345;-23.50887;-47.47022;-23.50887;-47.47022;Jardim do Colégio;;
1159;;;endereco;Avenida Tiradentes, 501, Quebec, Londrina - PR, 86070-545, Brasil;Avenida Tiradentes 501 Londrina PR 86070545 Brazil;Londrina;PR;86070545;-23.30188;-51.17829;-23.30188;-51.17829;Quebec;;
1160;;;endereco;Avenida Coronel Nogueira Padilha, 2036, Vila Colorau, Sorocaba - SP, 18020-003, Brasil;Avenida Coronel Nogueira Padilha 2036 Sorocaba SP 18020003 Brazil;Sorocaba;SP;18020003;-23.51102;-47.43492;-23.51102;-47.43492;Vila Colorau;;
1161;;;endereco;Rua Benjamin Constant, 1646, Centro Histórico, Londrina - PR, 86020-320, Brasil;Rua Benjamin Constant 1646 Londrina PR 86020320 Brazil;Londrina;PR;86020320;-23.30859;-51.16649;-23.30859;-51.16649;Centro Histórico;;
1162;;;endereco;Rua Minas Gerais, 403, Alvorada, Francisco Beltrão - PR, 85601-060, Brasil;Rua Minas Gerais 403 Francisco Beltrao PR 85601060 Brazil;Francisco Beltrão;PR;85601060;-26.07764;-53.06227;-26.07764;-53.06227;Alvorada;;
1163;;;endereco;Rua Sete de Setembro, 313, Dois Vizinhos - PR, 85660-000, Brasil;Rua Sete de Setembro 313 Dois Vizinhos PR 85660000 Brazil;Dois Vizinhos;PR;85660000;-25.74309;-53.05598;-25.74309;-53.05598;;MEDIO;CEP generico de cidade, nao de rua (2,4x mais falha)
1164;;;endereco;Rua Duque de Caxias, 585, Maravilha - SC, 89874-000, Brasil;Rua Duque de Caxias 585 Maravilha SC 89874000 Brazil;Maravilha;SC;89874000;-26.76689;-53.17665;-26.76689;-53.17665;;MEDIO;CEP generico de cidade, nao de rua (2,4x mais falha)
1165;;;endereco;Avenida Plínio Arlindo de Nes, 828, Xaxim - SC, 89825-000, Brasil;Avenida Plinio Arlindo de Nes 828 Xaxim SC 89825000 Brazil;Xaxim;SC;89825000;-26.95943;-52.53435;-26.95943;-52.53435;;MEDIO;CEP generico de cidade, nao de rua (2,4x mais falha)
1166;;;endereco;Rua Rio Branco, 873, Centro, Salto - SP, 13320-270, Brasil;Rua Rio Branco 873 Salto SP 13320270 Brazil;Salto;SP;13320270;-23.20171;-47.29404;-23.20171;-47.29404;Centro;;
1167;;;endereco;Praça Miguel Ortega, 392, Taboão da Serra - SP, 06754-160, Brasil;Praca Miguel Ortega 392 Taboao da Serra SP 06754160 Brazil;Taboão da Serra;SP;06754160;-23.60367;-46.76422;-23.60367;-46.76422;;;
1168;;;endereco;Rua Tabapuã, 1160, Itaim Bibi, São Paulo - SP, 04533-014, Brasil;Rua Tabapua 1160 Sao Paulo SP 04533014 Brazil;São Paulo;SP;04533014;-23.58449;-46.68179;-23.58449;-46.68179;Itaim Bibi;;
1169;;;endereco;Avenida Nove de Julho, 4927, Itaim Bibi, São Paulo - SP, 01407-200, Brasil;Avenida Nove de Julho 4927 Sao Paulo SP 01407200 Brazil;São Paulo;SP;01407200;-23.57763;-46.67305;-23.57763;-46.67305;Itaim Bibi;;
1170;;;endereco;Rua Paraná, 3035, Centro, Cascavel - PR, 85810-010, Brasil;Rua Parana 3035 Cascavel PR 85810010 Brazil;Cascavel;PR;85810010;-24.95446;-53.45978;-24.95446;-53.45978;Centro;;
1171;;;endereco;Rua Presidente Kennedy, 648, Centro, Cascavel - PR, 85810-040, Brasil;Rua Presidente Kennedy 648 Cascavel PR 85810040 Brazil;Cascavel;PR;85810040;-24.95058;-53.46367;-24.95058;-53.46367;Centro;;
1172;;;endereco;Rua Barão do Rio Branco, 2305, Centro, Toledo - PR, 85900-005, Brasil;Rua Barao do Rio Branco 2305 Toledo PR 85900005 Brazil;Toledo;PR;85900005;-24.72292;-53.73858;-24.72292;-53.73858;Centro;;
1173;;;endereco;Rua Visconde do Rio Branco, 2633, Centro, Cascavel - PR, 85810-180, Brasil;Rua Visconde do Rio Branco 2633 Cascavel PR 85810180 Brazil;Cascavel;PR;85810180;-24.95563;-53.47176;-24.95563;-53.47176;Centro;;
1174;;;endereco;Avenida Rio Grande do Sul, 2355, Medianeira - PR, 85884-000, Brasil;Avenida Rio Grande do Sul 2355 Medianeira PR 85884000 Brazil;Medianeira;PR;85884000;-25.29695;-54.0967;-25.29695;-54.0967;;MEDIO;CEP generico de cidade, nao de rua (2,4x mais falha)
1175;;;endereco;Rua Érico Veríssimo, 717, Alto Alegre, Cascavel - PR, 85805-050, Brasil;Rua Erico Verissimo 717 Cascavel PR 85805050 Brazil;Cascavel;PR;85805050;-24.96216;-53.48256;-24.96216;-53.48256;Alto Alegre;;
1176;;;endereco;Rua Iguaçu, 808, Centro, Pato Branco - PR, 85501-266, Brasil;Rua Iguacu 808 Pato Branco PR 85501266 Brazil;Pato Branco;PR;85501266;-26.22705;-52.66983;-26.22705;-52.66983;Centro;;
1177;;;endereco;Rua São Paulo, 1290, Centro, Francisco Beltrão - PR, 85601-010, Brasil;Rua Sao Paulo 1290 Francisco Beltrao PR 85601010 Brazil;Francisco Beltrão;PR;85601010;-26.08157;-53.05076;-26.08157;-53.05076;Centro;;
1178;;;endereco;Avenida Salgado Filho, 854, Dois Vizinhos - PR, 85660-000, Brasil;Avenida Salgado Filho 854 Dois Vizinhos PR 85660000 Brazil;Dois Vizinhos;PR;85660000;-25.75861;-53.0568;-25.75861;-53.0568;;MEDIO;CEP generico de cidade, nao de rua (2,4x mais falha)
1179;;;endereco;Rua Vinte e Um de Abril, 114, Palotina - PR, 85950-000, Brasil;Rua Vinte e Um de Abril 114 Palotina PR 85950000 Brazil;Palotina;PR;85950000;-24.27856;-53.84035;-24.27856;-53.84035;;MEDIO;CEP generico de cidade, nao de rua (2,4x mais falha)
1180;;;endereco;Rua Floriano Peixoto, 1177, Ubiratã - PR, 85440-000, Brasil;Rua Floriano Peixoto 1177 Ubirata PR 85440000 Brazil;Ubiratã;PR;85440000;-24.53982;-52.99155;-24.53982;-52.99155;;MEDIO;CEP generico de cidade, nao de rua (2,4x mais falha)
1181;;;endereco;Pólo Wear, Primavera, Guarapuava - PR, 85050-030, Brasil;Polo Wear Primavera Guarapuava PR 85050030 Brazil;Guarapuava;PR;85050030;-25.34861;-51.47389;-25.34861;-51.47389;;ALTO;sem numero de porta
1182;;;endereco;Rua Marechal Floriano Peixoto, 2208, Centro, Guarapuava - PR, 85010-250, Brasil;Rua Marechal Floriano Peixoto 2208 Guarapuava PR 85010250 Brazil;Guarapuava;PR;85010250;-25.38917;-51.47093;-25.38917;-51.47093;Centro;;
1183;;;endereco;Rua Lord Cockrane, 648, Ipiranga, São Paulo - SP, 04213-001, Brasil;Rua Lord Cockrane 648 Sao Paulo SP 04213001 Brazil;São Paulo;SP;04213001;-23.5928;-46.60179;-23.5928;-46.60179;Ipiranga;;
1184;;;endereco;Sucopires Sucos e Lanches Ltda, Rua Doutor Felício Laurito, 54, Centro, Ribeirão Pires - SP, 09400-210, Brasil;Rua Doutor Felicio Laurito 54 Ribeirao Pires SP 09400210 Brazil;Ribeirão Pires;SP;09400210;-23.71136;-46.41149;-23.71136;-46.41149;Centro;;
1185;;;endereco;Avenida Coronel Manoel Inocêncio, 1013, Vila São João, Caçapava - SP, 12281-020, Brasil;Avenida Coronel Manoel Inocencio 1013 Cacapava SP 12281020 Brazil;Caçapava;SP;12281020;-23.10868;-45.70357;-23.10868;-45.70357;Vila São João;;
1186;;;endereco;Dra. Rozeny Anute, Avenida São João, 2405, Bosque Imperial, São José dos Campos - SP, 12242-000, Brasil;Avenida Sao Joao 2405 Sao Jose dos Campos SP 12242000 Brazil;São José dos Campos;SP;12242000;-23.20865;-45.90825;-23.20865;-45.90825;Bosque Imperial;MEDIO;CEP generico de cidade, nao de rua (2,4x mais falha)
1187;;;endereco;Av. Cassandoca, 140, Móoca, São Paulo - SP, 03170-050, Brasil;Avenida Cassandoca 140 Sao Paulo SP 03170050 Brazil;São Paulo;SP;03170050;-23.55078;-46.59494;-23.55078;-46.59494;Móoca;;
1188;;;endereco;Robert Half, Rua José Versolato, 101, Centro, São Bernardo do Campo - SP, 09750-730, Brasil;Rua Jose Versolato 101 Sao Bernardo do Campo SP 09750730 Brazil;São Bernardo do Campo;SP;09750730;-23.69141;-46.54932;-23.69141;-46.54932;Centro;;
1189;;;endereco;Rua Dominiciano Ribeiro, 325, Parque do Carmo, São Paulo - SP, 08280-260, Brasil;Rua Dominiciano Ribeiro 325 Sao Paulo SP 08280260 Brazil;São Paulo;SP;08280260;-23.5633;-46.46935;-23.5633;-46.46935;Parque do Carmo;;
1190;;;endereco;Avenida Cláudio Augusto Fernandes, 349, São Mateus, São Paulo - SP, 03962-120, Brasil;Avenida Claudio Augusto Fernandes 349 Sao Paulo SP 03962120 Brazil;São Paulo;SP;03962120;-23.6079;-46.48053;-23.6079;-46.48053;São Mateus;;
1191;;;endereco;Grupo 3corações, Avenida Nazaré, 1139, Ipiranga, São Paulo - SP, 04263-100, Brasil;Grupo 3coracoes Avenida Nazare 1139 Sao Paulo SP 04263100 Brazil;São Paulo;SP;04263100;-23.59418;-46.60969;-23.59418;-46.60969;Ipiranga;;
1192;;;endereco;Goldpam Locações, Avenida Vereador Abel Ferreira, 1800, Água Rasa, São Paulo - SP, 03348-025, Brasil;Avenida Vereador Abel Ferreira 1800 Sao Paulo SP 03348025 Brazil;São Paulo;SP;03348025;-23.56408;-46.5622;-23.56408;-46.5622;Água Rasa;;
1193;;;endereco;Rua Roberto Simonsen, 120, Sé, São Paulo - SP, 01017-020, Brasil;Rua Roberto Simonsen 120 Sao Paulo SP 01017020 Brazil;São Paulo;SP;01017020;-23.54872;-46.63209;-23.54872;-46.63209;Sé;;
1194;;;endereco;Rua Padre Raposo, 47, Móoca, São Paulo - SP, 03118-000, Brasil;Rua Padre Raposo 47 Sao Paulo SP 03118000 Brazil;São Paulo;SP;03118000;-23.55756;-46.59981;-23.55756;-46.59981;Móoca;MEDIO;CEP generico de cidade, nao de rua (2,4x mais falha)
1195;;;endereco;Autoridade Municipal de Limpeza Urbana - AMLURB, Rua Líbero Badaró, 425, Sé, São Paulo - SP, 01009-000, Brasil;Rua Libero Badaro 425 Sao Paulo SP 01009000 Brazil;São Paulo;SP;01009000;-23.54566;-46.63609;-23.54566;-46.63609;Sé;MEDIO;CEP generico de cidade, nao de rua (2,4x mais falha)
1196;;;endereco;Rua São Bento, 351, Sé, São Paulo - SP, 01010-001, Brasil;Rua Sao Bento 351 Sao Paulo SP 01010001 Brazil;São Paulo;SP;01010001;-23.546;-46.63515;-23.546;-46.63515;Sé;;
1197;;;endereco;Rua Doutor Renato Granadeiro Guimarães, 11, Mogi das Cruzes - SP, 08773-100, Brasil;Rua Doutor Renato Granadeiro Guimaraes 11 Mogi das Cruzes SP 08773100 Brazil;Mogi das Cruzes;SP;08773100;-23.51432;-46.19812;-23.51432;-46.19812;;;
1198;;;endereco;Avenida Francisco Ferreira Lopes, 600, Mogi das Cruzes - SP, 08735-200, Brasil;Avenida Francisco Ferreira Lopes 600 Mogi das Cruzes SP 08735200 Brazil;Mogi das Cruzes;SP;08735200;-23.53377;-46.21433;-23.53377;-46.21433;;;
1199;;;endereco;Rua Stella Bruna Cechi Nardelli, 83, Centro, Ribeirão Pires - SP, 09400-150, Brasil;Rua Stella Bruna Cechi Nardelli 83 Ribeirao Pires SP 09400150 Brazil;Ribeirão Pires;SP;09400150;-23.71068;-46.41313;-23.71068;-46.41313;Centro;;
1200;;;endereco;Rua Presidente Campos Salles, 950, Mogi das Cruzes - SP, 08730-490, Brasil;Rua Presidente Campos Salles 950 Mogi das Cruzes SP 08730490 Brazil;Mogi das Cruzes;SP;08730490;-23.52651;-46.20047;-23.52651;-46.20047;;;
1201;;;endereco;Rua José Galdino de Castro, 78, Braz Cubas, Mogi das Cruzes - SP, 08745-340, Brasil;Rua Jose Galdino de Castro 78 Mogi das Cruzes SP 08745340 Brazil;Mogi das Cruzes;SP;08745340;-23.54263;-46.23755;-23.54263;-46.23755;Braz Cubas;;
1202;;;endereco;Avenida Carmela Thomeu, 528, Bonsucesso, Guarulhos - SP, 07178-001, Brasil;Avenida Carmela Thomeu 528 Guarulhos SP 07178001 Brazil;Guarulhos;SP;07178001;-23.39975;-46.39408;-23.39975;-46.39408;Bonsucesso;;
1203;;;endereco;Rua Alderico Alves de Freitas, 59A, Parque do Carmo, São Paulo - SP, 08270-210, Brasil;Rua Alderico Alves de Freitas 59A Sao Paulo SP 08270210 Brazil;São Paulo;SP;08270210;-23.56064;-46.46419;-23.56064;-46.46419;Parque do Carmo;;
1204;;;endereco;Rua Ângelo Lavezzo, 111, Jardim Silvana, Amparo - SP, 13900-370, Brasil;Rua Angelo Lavezzo 111 Amparo SP 13900370 Brazil;Amparo;SP;13900370;-22.70548;-46.76397;-22.70548;-46.76397;Jardim Silvana;;
1205;;;endereco;Rua Luís Leite, 161, Centro, Amparo - SP, 13900-240, Brasil;Rua Luis Leite 161 Amparo SP 13900240 Brazil;Amparo;SP;13900240;-22.70175;-46.7598;-22.70175;-46.7598;Centro;;
1206;;;endereco;Rua Conde de Irajá, 337, Vila Mariana, São Paulo - SP, 04119-010, Brasil;Rua Conde de Iraja 337 Sao Paulo SP 04119010 Brazil;São Paulo;SP;04119010;-23.59153;-46.63203;-23.59153;-46.63203;Vila Mariana;;
1207;;;endereco;Rua Vilela, 665, Tatuapé, São Paulo - SP, 03314-000, Brasil;Rua Vilela 665 Sao Paulo SP 03314000 Brazil;São Paulo;SP;03314000;-23.54026;-46.566;-23.54026;-46.566;Tatuapé;MEDIO;CEP generico de cidade, nao de rua (2,4x mais falha)
1208;;;endereco;EZvolt, Rua Domingos de Morais, 2187, Vila Mariana, São Paulo - SP, 04035-000, Brasil;Rua Domingos de Morais 2187 Sao Paulo SP 04035000 Brazil;São Paulo;SP;04035000;-23.59548;-46.63622;-23.59548;-46.63622;Vila Mariana;MEDIO;CEP generico de cidade, nao de rua (2,4x mais falha)
1209;;;endereco;Rua Francisco Marengo, 500, Tatuapé, São Paulo - SP, 03313-000, Brasil;Rua Francisco Marengo 500 Sao Paulo SP 03313000 Brazil;São Paulo;SP;03313000;-23.54172;-46.55931;-23.54172;-46.55931;Tatuapé;MEDIO;CEP generico de cidade, nao de rua (2,4x mais falha)
1210;;;endereco;Rua Líbero Badaró, 283, Sé, São Paulo - SP, 01009-000, Brasil;Rua Libero Badaro 283 Sao Paulo SP 01009000 Brazil;São Paulo;SP;01009000;-23.54694;-46.63671;-23.54694;-46.63671;Sé;MEDIO;CEP generico de cidade, nao de rua (2,4x mais falha)
1211;;;endereco;Rua Moreira Terra, 218, Parque do Carmo, São Paulo - SP, 08275-230, Brasil;Rua Moreira Terra 218 Sao Paulo SP 08275230 Brazil;São Paulo;SP;08275230;-23.57351;-46.47797;-23.57351;-46.47797;Parque do Carmo;;
1212;;;endereco;Rua José Versolato, 101, Centro, São Bernardo do Campo - SP, 09750-730, Brasil;Rua Jose Versolato 101 Sao Bernardo do Campo SP 09750730 Brazil;São Bernardo do Campo;SP;09750730;-23.69127;-46.54946;-23.69127;-46.54946;Centro;;
1213;;;endereco;Rua Pirapitingui, 80, Liberdade, São Paulo - SP, 01508-020, Brasil;Rua Pirapitingui 80 Sao Paulo SP 01508020 Brazil;São Paulo;SP;01508020;-23.56292;-46.638;-23.56292;-46.638;Liberdade;;
1214;;;endereco;Avenida Paulo Becker, 210, Vila Adyana, São José dos Campos - SP, 12243-610, Brasil;Avenida Paulo Becker 210 Sao Jose dos Campos SP 12243610 Brazil;São José dos Campos;SP;12243610;-23.19527;-45.89295;-23.19527;-45.89295;Vila Adyana;;
1215;;;endereco;Igc, Avenida Cassiano Ricardo, Parque Residencial Aquarius, São José dos Campos - SP, 12240-540, Brasil;Avenida Cassiano Ricardo Parque Residencial Aquarius Sao Jose dos Campos SP 12240540 Brazil;São José dos Campos;SP;12240540;-23.22002;-45.91058;-23.22002;-45.91058;;ALTO;sem numero de porta
1216;;;endereco;Travessa Carlos Cordeiro, 12, Itaquera, São Paulo - SP, 08247-020, Brasil;Travessa Carlos Cordeiro 12 Sao Paulo SP 08247020 Brazil;São Paulo;SP;08247020;-23.53106;-46.43166;-23.53106;-46.43166;Itaquera;;
1217;;;endereco;Rua Monsenhor Aníbal de Melo, 336, Vila Conselheiro Rodrigues Alves, Guaratinguetá - SP, 12511-050, Brasil;Rua Monsenhor Anibal de Melo 336 Guaratingueta SP 12511050 Brazil;Guaratinguetá;SP;12511050;-22.80625;-45.20432;-22.80625;-45.20432;Vila Conselheiro Rodrigues Alves;;
1218;;;endereco;Rua Antônio Junqueira de Souza, 475, São Lourenço - MG, 37470-000, Brasil;Rua Antonio Junqueira de Souza 475 Sao Lourenco MG 37470000 Brazil;São Lourenço;MG;37470000;-22.11837;-45.05429;-22.11837;-45.05429;;MEDIO;CEP generico de cidade, nao de rua (2,4x mais falha)
1219;;;endereco;Rua Vinte e Seis, 36, Vila Santa Cecília, Volta Redonda - RJ, 27259-280, Brasil;Rua Vinte e Seis 36 Volta Redonda RJ 27259280 Brazil;Volta Redonda;RJ;27259280;-22.52076;-44.104;-22.52076;-44.104;Vila Santa Cecília;;
1220;;;endereco;Espaço Vida Saudável - Barra da Tijuca, Avenida José Silva de Azevedo Neto, 200, Barra da Tijuca, Rio de Janeiro - RJ, 22775-057, Brasil;Avenida Jose Silva de Azevedo Neto 200 Rio de Janeiro RJ 22775057 Brazil;Rio de Janeiro;RJ;22775057;-22.98893;-43.35925;-22.98893;-43.35925;Barra da Tijuca;;
1221;;;endereco;Avenida Sete de Setembro, 300, Aterrado, Volta Redonda - RJ, 27213-310, Brasil;Avenida Sete de Setembro 300 Volta Redonda RJ 27213310 Brazil;Volta Redonda;RJ;27213310;-22.50609;-44.08995;-22.50609;-44.08995;Aterrado;;
1222;;;endereco;Caituba, Estrada do Tindiba, Taquara, Rio de Janeiro - RJ, 22730-262, Brasil;Estrada do Tindiba Taquara Rio de Janeiro RJ 22730262 Brazil;Rio de Janeiro;RJ;22730262;-22.9179;-43.37668;-22.9179;-43.37668;;ALTO;"endereco de rodovia (57-67% falharam); sem numero de porta"
1223;;;endereco;Thalita Galhardo Nutricionista, Avenida das Américas, 3500, Barra da Tijuca, Rio de Janeiro - RJ, 22640-102, Brasil;Avenida das Americas 3500 Rio de Janeiro RJ 22640102 Brazil;Rio de Janeiro;RJ;22640102;-22.99941;-43.34822;-22.99941;-43.34822;Barra da Tijuca;;
1224;;;endereco;Estrada São Tarcísio, 144, Sepetiba, Rio de Janeiro - RJ, 23530-827, Brasil;Estrada Sao Tarcisio 144 Rio de Janeiro RJ 23530827 Brazil;Rio de Janeiro;RJ;23530827;-22.98429;-43.69354;-22.98429;-43.69354;Sepetiba;ALTO;endereco de rodovia (57-67% falharam)
1225;;;endereco;Rua Rosalina Bravo, Barra da Tijuca, Rio de Janeiro - RJ, 22631-260, Brasil;Rua Rosalina Bravo Barra da Tijuca Rio de Janeiro RJ 22631260 Brazil;Rio de Janeiro;RJ;22631260;-23.00098;-43.34405;-23.00098;-43.34405;;ALTO;sem numero de porta
1226;;;endereco;Avenida das Américas, 1155, Barra da Tijuca, Rio de Janeiro - RJ, 22631-000, Brasil;Avenida das Americas 1155 Rio de Janeiro RJ 22631000 Brazil;Rio de Janeiro;RJ;22631000;-23.0034;-43.32557;-23.0034;-43.32557;Barra da Tijuca;MEDIO;CEP generico de cidade, nao de rua (2,4x mais falha)
1227;;;endereco;Avenida Antônio Abrahão Caran, 690, São José, Belo Horizonte - MG, 31275-000, Brasil;Avenida Antonio Abrahao Caran 690 Belo Horizonte MG 31275000 Brazil;Belo Horizonte;MG;31275000;-19.86184;-43.9677;-19.86184;-43.9677;São José;MEDIO;CEP generico de cidade, nao de rua (2,4x mais falha)
1228;;;endereco;Rua José Salomão Filho, 455, Lagoa Santa - MG, 33230-103, Brasil;Rua Jose Salomao Filho 455 Lagoa Santa MG 33230103 Brazil;Lagoa Santa;MG;33230103;-19.62728;-43.89499;-19.62728;-43.89499;;;
1229;;;endereco;Open Mind, Avenida das Américas, 1155, Barra da Tijuca, Rio de Janeiro - RJ, 22631-470, Brasil;Avenida das Americas 1155 Rio de Janeiro RJ 22631470 Brazil;Rio de Janeiro;RJ;22631470;-23.00381;-43.32624;-23.00381;-43.32624;Barra da Tijuca;;
1230;;;endereco;Agência Corpo, Barra da Tijuca, Rio de Janeiro - RJ, 22775-057, Brasil;Agencia Corpo Barra da Tijuca Rio de Janeiro RJ 22775057 Brazil;Rio de Janeiro;RJ;22775057;-22.98509;-43.35878;-22.98509;-43.35878;;ALTO;sem numero de porta
1231;;;endereco;Med Odonto, Avenida das Américas, 700, Barra da Tijuca, Rio de Janeiro - RJ, 22640-100, Brasil;Avenida das Americas 700 Rio de Janeiro RJ 22640100 Brazil;Rio de Janeiro;RJ;22640100;-23.00329;-43.32196;-23.00329;-43.32196;Barra da Tijuca;;
1232;;;endereco;Avenida Ataulfo de Paiva, 1251, Leblon, Rio de Janeiro - RJ, 22440-034, Brasil;Avenida Ataulfo de Paiva 1251 Rio de Janeiro RJ 22440034 Brazil;Rio de Janeiro;RJ;22440034;-22.98598;-43.22764;-22.98598;-43.22764;Leblon;;
1233;;;endereco;Rua Rainha Guilhermina, 116, Leblon, Rio de Janeiro - RJ, 22441-120, Brasil;Rua Rainha Guilhermina 116 Rio de Janeiro RJ 22441120 Brazil;Rio de Janeiro;RJ;22441120;-22.9851;-43.22651;-22.9851;-43.22651;Leblon;;
1234;;;endereco;Rua Fernandes Tourinho, 669, Savassi, Belo Horizonte - MG, 30112-002, Brasil;Rua Fernandes Tourinho 669 Belo Horizonte MG 30112002 Brazil;Belo Horizonte;MG;30112002;-19.93838;-43.94086;-19.93838;-43.94086;Savassi;;
1235;;;endereco;Rua Cláudio Manoel, 1125, Savassi, Belo Horizonte - MG, 30140-108, Brasil;Rua Claudio Manoel 1125 Belo Horizonte MG 30140108 Brazil;Belo Horizonte;MG;30140108;-19.93311;-43.93578;-19.93311;-43.93578;Savassi;;
1236;;;endereco;Banco 24horas, Rua Gonçalves Dias, Santo Agostinho, Belo Horizonte - MG, 30140-094, Brasil;Banco 24horas Rua Goncalves Dias Santo Agostinho Belo Horizonte MG 30140094 Brazil;Belo Horizonte;MG;30140094;-19.92836;-43.9511;-19.92836;-43.9511;;ALTO;sem numero de porta
1237;;;endereco;Rua Coronel Augusto de Moura, 233A, Sete Lagoas - MG, 35700-210, Brasil;Rua Coronel Augusto de Moura 233A Sete Lagoas MG 35700210 Brazil;Sete Lagoas;MG;35700210;-19.46837;-44.24927;-19.46837;-44.24927;;;
1238;;;endereco;Rua Gonçalves Dias, 1197, Savassi, Belo Horizonte - MG, 30140-097, Brasil;Rua Goncalves Dias 1197 Belo Horizonte MG 30140097 Brazil;Belo Horizonte;MG;30140097;-19.93166;-43.93606;-19.93166;-43.93606;Savassi;;
1239;;;endereco;Rua Rio Grande do Norte, 103A, Santa Efigênia, Belo Horizonte - MG, 30130-130, Brasil;Rua Rio Grande do Norte 103A Belo Horizonte MG 30130130 Brazil;Belo Horizonte;MG;30130130;-19.92645;-43.92941;-19.92645;-43.92941;Santa Efigênia;;
1240;;;endereco;Rua da Terra, 146, Contagem - MG, 32183-612, Brasil;Rua da Terra 146 Contagem MG 32183612 Brazil;Contagem;MG;32183612;-19.91526;-44.08029;-19.91526;-44.08029;;;
1241;;;endereco;Rua Rio de Janeiro, 2727A, Lourdes, Belo Horizonte - MG, 30160-048, Brasil;Rua Rio de Janeiro 2727A Belo Horizonte MG 30160048 Brazil;Belo Horizonte;MG;30160048;-19.93782;-43.94349;-19.93782;-43.94349;Lourdes;;
1242;;;endereco;Rua Romualdo Lopes Cançado, 420, Castelo, Belo Horizonte - MG, 30840-460, Brasil;Rua Romualdo Lopes Cancado 420 Belo Horizonte MG 30840460 Brazil;Belo Horizonte;MG;30840460;-19.88833;-43.99666;-19.88833;-43.99666;Castelo;;
1243;;;endereco;Rua Tenente Garro, 19, Santa Efigênia, Belo Horizonte - MG, 30240-360, Brasil;Rua Tenente Garro 19 Belo Horizonte MG 30240360 Brazil;Belo Horizonte;MG;30240360;-19.92568;-43.91932;-19.92568;-43.91932;Santa Efigênia;;
1244;;;endereco;Rua Rio Grande do Norte, 1456, Savassi, Belo Horizonte - MG, 30130-138, Brasil;Rua Rio Grande do Norte 1456 Belo Horizonte MG 30130138 Brazil;Belo Horizonte;MG;30130138;-19.93819;-43.93307;-19.93819;-43.93307;Savassi;;
1245;;;endereco;Rua Paraíba, 486, Savassi, Belo Horizonte - MG, 30130-141, Brasil;Rua Paraiba 486 Belo Horizonte MG 30130141 Brazil;Belo Horizonte;MG;30130141;-19.9309;-43.93232;-19.9309;-43.93232;Savassi;;
1246;;;endereco;Rua Cascalho, 181, Alpes, Belo Horizonte - MG, 31610-090, Brasil;Rua Cascalho 181 Belo Horizonte MG 31610090 Brazil;Belo Horizonte;MG;31610090;-19.95428;-43.96027;-19.95428;-43.96027;Alpes;;
1247;;;endereco;Avenida Portugal, 1080, Jardim Atlântico, Belo Horizonte - MG, 31555-000, Brasil;Avenida Portugal 1080 Belo Horizonte MG 31555000 Brazil;Belo Horizonte;MG;31555000;-19.84652;-43.98578;-19.84652;-43.98578;Jardim Atlântico;MEDIO;CEP generico de cidade, nao de rua (2,4x mais falha)
1248;;;endereco;Rua Rio Grande do Norte, 1008, Savassi, Belo Horizonte - MG, 30130-135, Brasil;Rua Rio Grande do Norte 1008 Belo Horizonte MG 30130135 Brazil;Belo Horizonte;MG;30130135;-19.93438;-43.93195;-19.93438;-43.93195;Savassi;;
1249;;;endereco;Rua dos Guajajaras, 577, Lourdes, Belo Horizonte - MG, 30180-101, Brasil;Rua dos Guajajaras 577 Belo Horizonte MG 30180101 Brazil;Belo Horizonte;MG;30180101;-19.92556;-43.93948;-19.92556;-43.93948;Lourdes;;
1250;;;endereco;Rua Joaquim Nabuco, 1019, Centro, Novo Hamburgo - RS, 93310-002, Brasil;Rua Joaquim Nabuco 1019 Novo Hamburgo RS 93310002 Brazil;Novo Hamburgo;RS;93310002;-29.68324;-51.12721;-29.68324;-51.12721;Centro;;
1251;;;endereco;Rua Siqueira Campos, 832, Centro Histórico, Porto Alegre - RS, 90010-000, Brasil;Rua Siqueira Campos 832 Porto Alegre RS 90010000 Brazil;Porto Alegre;RS;90010000;-30.02912;-51.23354;-30.02912;-51.23354;Centro Histórico;MEDIO;CEP generico de cidade, nao de rua (2,4x mais falha)
1252;;;endereco;Avenida Praia de Belas, 1300, Menino Deus, Porto Alegre - RS, 90110-000, Brasil;Avenida Praia de Belas 1300 Porto Alegre RS 90110000 Brazil;Porto Alegre;RS;90110000;-30.05008;-51.22783;-30.05008;-51.22783;Menino Deus;MEDIO;CEP generico de cidade, nao de rua (2,4x mais falha)
1253;;;endereco;Carlos Trein Filho AL 1325 Esq. Barao de Ubá, Rua Carlos Trein Filho, Bela Vista, Porto Alegre - RS, 90450-120, Brasil;Carlos Trein Filho AL 1325 Esq Barao de Uba Rua Carlos Trein Filho Bela Vista Porto Alegre RS 90450120 Brazil;Porto Alegre;RS;90450120;-30.03462;-51.18595;-30.03462;-51.18595;;ALTO;sem numero de porta
1254;;;endereco;Avenida Doutor Nilo Peçanha, 2410, Passo da Areia, Porto Alegre - RS, 91330-000, Brasil;Avenida Doutor Nilo Pecanha 2410 Porto Alegre RS 91330000 Brazil;Porto Alegre;RS;91330000;-30.02805;-51.16804;-30.02805;-51.16804;Passo da Areia;MEDIO;CEP generico de cidade, nao de rua (2,4x mais falha)
1255;;;endereco;Rua Marechal Floriano, 610, Centro, Caxias do Sul - RS, 95020-370, Brasil;Rua Marechal Floriano 610 Caxias do Sul RS 95020370 Brazil;Caxias do Sul;RS;95020370;-29.16811;-51.18402;-29.16811;-51.18402;Centro;;
1256;;;endereco;Rua Voluntários da Pátria, 383, Parque Avenida Pelinca, Campos dos Goytacazes - RJ, 28035-260, Brasil;Rua Voluntarios da Patria 383 Campos dos Goytacazes RJ 28035260 Brazil;Campos dos Goytacazes;RJ;28035260;-21.76018;-41.33178;-21.76018;-41.33178;Parque Avenida Pelinca;;
1257;;;endereco;Avenida Presidente Kennedy, 693, Estrela do Norte, São Gonçalo - RJ, 24445-795, Brasil;Avenida Presidente Kennedy 693 Sao Goncalo RJ 24445795 Brazil;São Gonçalo;RJ;24445795;-22.82062;-43.03946;-22.82062;-43.03946;Estrela do Norte;;
1258;;;endereco;Rua Presidente Backer, 149, Icaraí, Niterói - RJ, 24220-045, Brasil;Rua Presidente Backer 149 Niteroi RJ 24220045 Brazil;Niterói;RJ;24220045;-22.90373;-43.11074;-22.90373;-43.11074;Icaraí;;
1259;;;endereco;Rua Miguel de Frias, 99, Icaraí, Niterói - RJ, 24220-301, Brasil;Rua Miguel de Frias 99 Niteroi RJ 24220301 Brazil;Niterói;RJ;24220301;-22.90363;-43.11673;-22.90363;-43.11673;Icaraí;;
1260;;;endereco;Lg Estacionamentos, Rua Jerônimo Coelho, 204, Centro, Florianópolis - SC, 88010-030, Brasil;Rua Jeronimo Coelho 204 Florianopolis SC 88010030 Brazil;Florianópolis;SC;88010030;-27.59588;-48.55208;-27.59588;-48.55208;Centro;;
1261;;;endereco;Shn Bloco B, Asa Norte, Brasília - DF, 70704-020, Brasil;Shn Bloco B Asa Norte Brasilia DF 70704020 Brazil;Brasília;DF;70704020;-15.78939;-47.8899;-15.78939;-47.8899;;ALTO;sem numero de porta
1262;;;endereco;Avenida Floriano Peixoto, 224, Centro, Uberlândia - MG, 38400-100, Brasil;Avenida Floriano Peixoto 224 Uberlandia MG 38400100 Brazil;Uberlândia;MG;38400100;-18.92078;-48.2776;-18.92078;-48.2776;Centro;;
1263;;;endereco;E-Park Estacionamento, Avenida Barão do Rio Branco, 2356, Centro, Juiz de Fora - MG, 36010-010, Brasil;Avenida Barao do Rio Branco 2356 Juiz de Fora MG 36010010 Brazil;Juiz de Fora;MG;36010010;-21.76264;-43.34955;-21.76264;-43.34955;Centro;;
1264;;;endereco;Avenida João Pinheiro, 141, Funcionários, Belo Horizonte - MG, 30130-183, Brasil;Avenida Joao Pinheiro 141 Belo Horizonte MG 30130183 Brazil;Belo Horizonte;MG;30130183;-19.92652;-43.93632;-19.92652;-43.93632;Funcionários;;
1265;;;endereco;Avenida das Esmeraldas, 877, Marília - SP, 17516-000, Brasil;Avenida das Esmeraldas 877 Marilia SP 17516000 Brazil;Marília;SP;17516000;-22.22484;-49.93254;-22.22484;-49.93254;;MEDIO;CEP generico de cidade, nao de rua (2,4x mais falha)
1266;;;endereco;Edifício Vila Real, Rua Rio Branco, 23-34, Vila Nova Santa Clara, Bauru - SP, 17014-037, Brasil;Rua Rio Branco 23 34 Vila Nova Santa Clara Bauru SP 17014037 Brazil;Bauru;SP;17014037;-22.33612;-49.06833;-22.33612;-49.06833;;ALTO;sem numero de porta
1267;;;endereco;Avenida Carlos Botelho, 651, São Dimas, Piracicaba - SP, 13416-145, Brasil;Avenida Carlos Botelho 651 Piracicaba SP 13416145 Brazil;Piracicaba;SP;13416145;-22.71442;-47.63771;-22.71442;-47.63771;São Dimas;;
1268;;;endereco;Itaú Personnalité, Rua Moraes Barros, 936, Centro, Piracicaba - SP, 13400-353, Brasil;Rua Moraes Barros 936 Piracicaba SP 13400353 Brazil;Piracicaba;SP;13400353;-22.72487;-47.64959;-22.72487;-47.64959;Centro;;
1269;;;endereco;Catedral de Nossa Senhora das Dores, Praça Doutor Luciano Esteves, Centro, Limeira - SP, 13480-211, Brasil;Catedral de Nossa Senhora das Dores Praca Doutor Luciano Esteves Centro Limeira SP 13480211 Brazil;Limeira;SP;13480211;-22.56172;-47.40211;-22.56172;-47.40211;;ALTO;sem numero de porta
1270;;;endereco;Rua Washington Luiz, 400, Centro, Americana - SP, 13465-520, Brasil;Rua Washington Luiz 400 Americana SP 13465520 Brazil;Americana;SP;13465520;-22.7397;-47.33218;-22.7397;-47.33218;Centro;;
1271;;;endereco;Rua Piauí, 967, Centro Histórico, Londrina - PR, 86020-390, Brasil;Rua Piaui 967 Londrina PR 86020390 Brazil;Londrina;PR;86020390;-23.31358;-51.16587;-23.31358;-51.16587;Centro Histórico;;
1272;;;endereco;Laboratório Mastellini Prudente, Avenida Washington Luiz, 1009, Centro, Presidente Prudente - SP, 19015-150, Brasil;Avenida Washington Luiz 1009 Presidente Prudente SP 19015150 Brazil;Presidente Prudente;SP;19015150;-22.11919;-51.39124;-22.11919;-51.39124;Centro;;
1273;;;endereco;São Paulo Tribunal de Justiça, Rua Redentora, Imperial, São José do Rio Preto - SP, 15015-780, Brasil;Rua Redentora Imperial Sao Jose do Rio Preto SP 15015780 Brazil;São José do Rio Preto;SP;15015780;-20.81594;-49.39249;-20.81594;-49.39249;;ALTO;sem numero de porta
1274;;;endereco;Avenida Alberto Andaló, 3251, Bom Jesus, São José do Rio Preto - SP, 15015-000, Brasil;Avenida Alberto Andalo 3251 Sao Jose do Rio Preto SP 15015000 Brazil;São José do Rio Preto;SP;15015000;-20.81573;-49.37977;-20.81573;-49.37977;Bom Jesus;MEDIO;CEP generico de cidade, nao de rua (2,4x mais falha)
1275;;;endereco;Avenida República do Líbano, 1A-15, Aeroporto, Goiânia - GO, 74070-045, Brasil;Avenida Republica do Libano 1A 15 Aeroporto Goiania GO 74070045 Brazil;Goiânia;GO;74070045;-16.67709;-49.26769;-16.67709;-49.26769;;ALTO;sem numero de porta
1276;;;endereco;Crs 506 Bloco A, 6, Asa Sul, Brasília - DF, 70350-580, Brasil;Crs 506 Bloco A 6 Brasilia DF 70350580 Brazil;Brasília;DF;70350580;-15.80994;-47.90239;-15.80994;-47.90239;Asa Sul;;
1277;;;endereco;Handerson da S, Srtvs, 12, Asa Sul, Brasília - DF, 70340-901, Brasil;Handerson da S Srtvs 12 Brasilia DF 70340901 Brazil;Brasília;DF;70340901;-15.79732;-47.894;-15.79732;-47.894;Asa Sul;;
1278;;;endereco;Rua Marília de Dirceu, 108, Lourdes, Belo Horizonte - MG, 30170-090, Brasil;Rua Marilia de Dirceu 108 Belo Horizonte MG 30170090 Brazil;Belo Horizonte;MG;30170090;-19.93394;-43.94605;-19.93394;-43.94605;Lourdes;;
1279;;;endereco;Rua Felipe dos Santos, 15, Lourdes, Belo Horizonte - MG, 30180-163, Brasil;Rua Felipe dos Santos 15 Belo Horizonte MG 30180163 Brazil;Belo Horizonte;MG;30180163;-19.93543;-43.94198;-19.93543;-43.94198;Lourdes;;
1280;;;endereco;Rua Tomé de Souza, 866, Savassi, Belo Horizonte - MG, 30140-136, Brasil;Rua Tome de Souza 866 Belo Horizonte MG 30140136 Brazil;Belo Horizonte;MG;30140136;-19.93679;-43.93486;-19.93679;-43.93486;Savassi;;
1281;;;endereco;Avenida Independência, 1239, Subsetor Sul-1, Ribeirão Preto - SP, 14025-390, Brasil;Avenida Independencia 1239 Ribeirao Preto SP 14025390 Brazil;Ribeirão Preto;SP;14025390;-21.18841;-47.80718;-21.18841;-47.80718;Subsetor Sul-1;;
1282;;;endereco;Pizza Hut, Avenida Presidente Kennedy, Indaiatuba - SP, 13334-170, Brasil;Avenida Presidente Kennedy Indaiatuba SP 13334170 Brazil;Indaiatuba;SP;13334170;-23.08442;-47.20176;-23.08442;-47.20176;;ALTO;sem numero de porta
1283;;;endereco;Avenida Barão do Amazonas, 72, Petrópolis - RJ, 25685-070, Brasil;Avenida Barao do Amazonas 72 Petropolis RJ 25685070 Brazil;Petrópolis;RJ;25685070;-22.51027;-43.1837;-22.51027;-43.1837;;;
1284;;;endereco;Rua Engenheiro Portela, 97, Setor Central, Anápolis - GO, 75024-040, Brasil;Rua Engenheiro Portela 97 Anapolis GO 75024040 Brazil;Anápolis;GO;75024040;-16.32551;-48.95638;-16.32551;-48.95638;Setor Central;;
1285;;;endereco;Avenida Barão de Itapura, 1252, Vila Itapura, Campinas - SP, 13020-432, Brasil;Avenida Barao de Itapura 1252 Campinas SP 13020432 Brazil;Campinas;SP;13020432;-22.89346;-47.06485;-22.89346;-47.06485;Vila Itapura;;
1286;;;endereco;Avenida Francisco Glicério, 1249, Centro, Campinas - SP, 13012-000, Brasil;Avenida Francisco Glicerio 1249 Campinas SP 13012000 Brazil;Campinas;SP;13012000;-22.90377;-47.06043;-22.90377;-47.06043;Centro;MEDIO;CEP generico de cidade, nao de rua (2,4x mais falha)
1287;;;endereco;Rua Paula Bueno, 811, Taquaral, Campinas - SP, 13076-061, Brasil;Rua Paula Bueno 811 Campinas SP 13076061 Brazil;Campinas;SP;13076061;-22.88421;-47.05335;-22.88421;-47.05335;Taquaral;;
1288;;;endereco;Fernando César Buttignol, Avenida dos Esportes, 538, Centro, Valinhos - SP, 13270-210, Brasil;Avenida dos Esportes 538 Valinhos SP 13270210 Brazil;Valinhos;SP;13270210;-22.975;-46.99914;-22.975;-46.99914;Centro;;
1289;;;endereco;Avenida Júlio de Mesquita, 606, Cambuí, Campinas - SP, 13025-061, Brasil;Avenida Julio de Mesquita 606 Campinas SP 13025061 Brazil;Campinas;SP;13025061;-22.90006;-47.05451;-22.90006;-47.05451;Cambuí;;
1290;;;endereco;Rua Comendador Araújo, 652, Batel, Curitiba - PR, 80420-063, Brasil;Rua Comendador Araujo 652 Curitiba PR 80420063 Brazil;Curitiba;PR;80420063;-25.43771;-49.28118;-25.43771;-49.28118;Batel;;
1291;;;endereco;Rua Marechal Deodoro, 230, Centro, Curitiba - PR, 80020-320, Brasil;Rua Marechal Deodoro 230 Curitiba PR 80020320 Brazil;Curitiba;PR;80020320;-25.43172;-49.26996;-25.43172;-49.26996;Centro;;
1292;;;endereco;Rua Hermínio Baggio, 39, Estrela, Ponta Grossa - PR, 84050-460, Brasil;Rua Herminio Baggio 39 Ponta Grossa PR 84050460 Brazil;Ponta Grossa;PR;84050460;-25.11554;-50.17134;-25.11554;-50.17134;Estrela;;
1293;;;endereco;Rua Sete de Setembro, 673, Centro, Blumenau - SC, 89010-201, Brasil;Rua Sete de Setembro 673 Blumenau SC 89010201 Brazil;Blumenau;SC;89010201;-26.92296;-49.06375;-26.92296;-49.06375;Centro;;
1294;;;endereco;Avenida Higienópolis, 266, Centro Histórico, Londrina - PR, 86020-080, Brasil;Avenida Higienopolis 266 Londrina PR 86020080 Brazil;Londrina;PR;86020080;-23.31231;-51.16582;-23.31231;-51.16582;Centro Histórico;;
1295;;;endereco;Avenida Getúlio Dorneles Vargas, 905N, Centro, Chapecó - SC, 89801-002, Brasil;Avenida Getulio Dorneles Vargas 905N Chapeco SC 89801002 Brazil;Chapecó;SC;89801002;-27.09675;-52.61679;-27.09675;-52.61679;Centro;;
1296;;;endereco;Rua Barão do Cerro Azul, 1246, Centro, Cascavel - PR, 85801-080, Brasil;Rua Barao do Cerro Azul 1246 Cascavel PR 85801080 Brazil;Cascavel;PR;85801080;-24.95481;-53.45207;-24.95481;-53.45207;Centro;;
1297;;;endereco;Rua Arcipreste Paiva, 187, Centro, Florianópolis - SC, 88010-530, Brasil;Rua Arcipreste Paiva 187 Florianopolis SC 88010530 Brazil;Florianópolis;SC;88010530;-27.59528;-48.54919;-27.59528;-48.54919;Centro;;
1298;;;endereco;Integrabike Estaçao 02 - Pça Coronel Fernando Prestes, Rua São Bento, Centro, Sorocaba - SP, 18010-030, Brasil;Integrabike Estacao 02 Sorocaba SP 18010030 Brazil;Sorocaba;SP;18010030;-23.50071;-47.45775;-23.50071;-47.45775;- Pça Coronel Fernando Prestes Rua São Bento Centro;;
1299;;;endereco;Rua Rio Branco, 24-65, Vila Samaritana, Bauru - SP, 17016-190, Brasil;Rua Rio Branco 24 65 Vila Samaritana Bauru SP 17016190 Brazil;Bauru;SP;17016190;-22.33787;-49.06735;-22.33787;-49.06735;;ALTO;sem numero de porta
1300;;;endereco;Avenida Sampaio Vidal, 536, Marília - SP, 17500-020, Brasil;Avenida Sampaio Vidal 536 Marilia SP 17500020 Brazil;Marília;SP;17500020;-22.21809;-49.9485;-22.21809;-49.9485;;;
1301;;;endereco;Empório Lanches, Rua Augusta, 1343, Consolação, São Paulo - SP, 01304-001, Brasil;Rua Augusta 1343 Sao Paulo SP 01304001 Brazil;São Paulo;SP;01304001;-23.55775;-46.66016;-23.55775;-46.66016;Consolação;;
1302;;;endereco;Rua Saldanha da Gama, 3954, Comerciário, Criciúma - SC, 88802-475, Brasil;Rua Saldanha da Gama 3954 Criciuma SC 88802475 Brazil;Criciúma;SC;88802475;-28.68148;-49.36489;-28.68148;-49.36489;Comerciário;;
1303;;;endereco;Avenida Santo Amaro, 7123, Santo Amaro, São Paulo - SP, 04505-001, Brasil;Avenida Santo Amaro 7123 Sao Paulo SP 04505001 Brazil;São Paulo;SP;04505001;-23.64287;-46.69968;-23.64287;-46.69968;Santo Amaro;;
1304;;;endereco;Rua Júlio de Castilhos, 1500, Planalto, Farroupilha - RS, 95180-000, Brasil;Rua Julio de Castilhos 1500 Farroupilha RS 95180000 Brazil;Farroupilha;RS;95180000;-29.22385;-51.34532;-29.22385;-51.34532;Planalto;MEDIO;CEP generico de cidade, nao de rua (2,4x mais falha)
1305;;;endereco;Rua Júlio de Castilhos, 400, Centro, Novo Hamburgo - RS, 93510-130, Brasil;Rua Julio de Castilhos 400 Novo Hamburgo RS 93510130 Brazil;Novo Hamburgo;RS;93510130;-29.68159;-51.12707;-29.68159;-51.12707;Centro;;
1306;;;endereco;Rua Mariante, 86, Moinhos de Vento, Porto Alegre - RS, 90430-180, Brasil;Rua Mariante 86 Porto Alegre RS 90430180 Brazil;Porto Alegre;RS;90430180;-30.02837;-51.2042;-30.02837;-51.2042;Moinhos de Vento;;
1307;;;endereco;Rua Conselheiro Saraiva, 207, Santana, São Paulo - SP, 02037-020, Brasil;Rua Conselheiro Saraiva 207 Sao Paulo SP 02037020 Brazil;São Paulo;SP;02037020;-23.49872;-46.62471;-23.49872;-46.62471;Santana;;
1308;;;endereco;Ensino Einstein, Avenida Albert Einstein, 627, Morumbi, São Paulo - SP, 05652-090, Brasil;Avenida Albert Einstein 627 Sao Paulo SP 05652090 Brazil;São Paulo;SP;05652090;-23.59994;-46.71511;-23.59994;-46.71511;Morumbi;;
1309;;;endereco;Rua Carneiro da Cunha, 53, Saúde, São Paulo - SP, 04144-000, Brasil;Rua Carneiro da Cunha 53 Sao Paulo SP 04144000 Brazil;São Paulo;SP;04144000;-23.61378;-46.63788;-23.61378;-46.63788;Saúde;MEDIO;CEP generico de cidade, nao de rua (2,4x mais falha)
1310;;;endereco;Schutz, Rua Treze de Maio, Bela Vista, São Paulo - SP, 04849-529, Brasil;Rua Treze de Maio Bela Vista Sao Paulo SP 04849529 Brazil;São Paulo;SP;04849529;-23.57112;-46.64361;-23.57112;-46.64361;;ALTO;sem numero de porta
1311;;;endereco;Rua Cantagalo, 74, Tatuapé, São Paulo - SP, 03319-000, Brasil;Rua Cantagalo 74 Sao Paulo SP 03319000 Brazil;São Paulo;SP;03319000;-23.54729;-46.57287;-23.54729;-46.57287;Tatuapé;MEDIO;CEP generico de cidade, nao de rua (2,4x mais falha)
1312;;;endereco;Pierre Perrone Arquitetos, Avenida Brigadeiro Faria Lima, Pinheiros, São Paulo - SP, 05423-150, Brasil;Avenida Brigadeiro Faria Lima Pinheiros Sao Paulo SP 05423150 Brazil;São Paulo;SP;05423150;-23.5712;-46.69011;-23.5712;-46.69011;;ALTO;sem numero de porta
1313;;;endereco;Travessa São Vicente de Paulo, 3, Centro, São Bernardo do Campo - SP, 09720-070, Brasil;Travessa Sao Vicente de Paulo 3 Sao Bernardo do Campo SP 09720070 Brazil;São Bernardo do Campo;SP;09720070;-23.7026;-46.55193;-23.7026;-46.55193;Centro;;
1314;;;endereco;Dental Special, Alameda Rio Negro, 1030, Alphaville, Barueri - SP, 06454-000, Brasil;Alameda Rio Negro 1030 Barueri SP 06454000 Brazil;Barueri;SP;06454000;-23.49621;-46.84822;-23.49621;-46.84822;Alphaville;MEDIO;CEP generico de cidade, nao de rua (2,4x mais falha)
1315;;;endereco;Avenida Paes de Barros, 242, Móoca, São Paulo - SP, 03114-000, Brasil;Avenida Paes de Barros 242 Sao Paulo SP 03114000 Brazil;São Paulo;SP;03114000;-23.55751;-46.60063;-23.55751;-46.60063;Móoca;MEDIO;CEP generico de cidade, nao de rua (2,4x mais falha)
1316;;;endereco;Rua Frei Galvão, 121C, Pinheiros, São Paulo - SP, 01454-060, Brasil;Rua Frei Galvao 121C Sao Paulo SP 01454060 Brazil;São Paulo;SP;01454060;-23.58034;-46.68558;-23.58034;-46.68558;Pinheiros;;
1317;;;endereco;Safra, Rua Roma, Lapa, São Paulo - SP, 05050-090, Brasil;Rua Roma Lapa Sao Paulo SP 05050090 Brazil;São Paulo;SP;05050090;-23.52287;-46.70353;-23.52287;-46.70353;;ALTO;sem numero de porta
1318;;;endereco;Praça Charles Miller, 10, Perdizes, São Paulo - SP, 01236-030, Brasil;Praca Charles Miller 10 Sao Paulo SP 01236030 Brazil;São Paulo;SP;01236030;-23.54423;-46.6662;-23.54423;-46.6662;Perdizes;;
1319;;;endereco;Rua Joaquim Floriano, 737, Itaim Bibi, São Paulo - SP, 04534-003, Brasil;Rua Joaquim Floriano 737 Sao Paulo SP 04534003 Brazil;São Paulo;SP;04534003;-23.58543;-46.67718;-23.58543;-46.67718;Itaim Bibi;;
1320;;;endereco;Rua Rangel Pestana, 305, Centro, Jundiaí - SP, 13201-000, Brasil;Rua Rangel Pestana 305 Jundiai SP 13201000 Brazil;Jundiaí;SP;13201000;-23.18623;-46.88485;-23.18623;-46.88485;Centro;MEDIO;CEP generico de cidade, nao de rua (2,4x mais falha)
1321;;;endereco;Rua Martim Afonso, 146, Centro, Santos - SP, 11010-060, Brasil;Rua Martim Afonso 146 Santos SP 11010060 Brazil;Santos;SP;11010060;-23.93686;-46.32723;-23.93686;-46.32723;Centro;;
1322;;;endereco;Rua Manoel Coelho, 560, Centro, São Caetano do Sul - SP, 09510-101, Brasil;Rua Manoel Coelho 560 Sao Caetano do Sul SP 09510101 Brazil;São Caetano do Sul;SP;09510101;-23.61455;-46.57251;-23.61455;-46.57251;Centro;;
1323;;;endereco;Rua Costa Aguiar, 700, Centro, Campinas - SP, 13010-061, Brasil;Rua Costa Aguiar 700 Campinas SP 13010061 Brazil;Campinas;SP;13010061;-22.90591;-47.05966;-22.90591;-47.05966;Centro;;
1324;;;endereco;Avenida Ibirapuera, 2392, Moema, São Paulo - SP, 04028-002, Brasil;Avenida Ibirapuera 2392 Sao Paulo SP 04028002 Brazil;São Paulo;SP;04028002;-23.60414;-46.66319;-23.60414;-46.66319;Moema;;
1325;;;endereco;Avenida Angélica, 1380, Consolação, São Paulo - SP, 01228-100, Brasil;Avenida Angelica 1380 Sao Paulo SP 01228100 Brazil;São Paulo;SP;01228100;-23.54466;-46.65743;-23.54466;-46.65743;Consolação;;
1326;;;endereco;Rua Olavo Bilac, 267, Cambuí, Campinas - SP, 13024-110, Brasil;Rua Olavo Bilac 267 Campinas SP 13024110 Brazil;Campinas;SP;13024110;-22.8936;-47.05657;-22.8936;-47.05657;Cambuí;;
1327;;;endereco;Café da Sinagoga, Pinheiros, São Paulo - SP, 01455-000, Brasil;Cafe da Sinagoga Pinheiros Sao Paulo SP 01455000 Brazil;São Paulo;SP;01455000;-23.57859;-46.69399;-23.57859;-46.69399;;ALTO;"sem numero de porta; CEP generico de cidade, nao de rua (2,4x mais falha)"
1328;;;endereco;Avenida Voluntário Fernando Pinheiro Franco, 48, Mogi das Cruzes - SP, 08710-500, Brasil;Avenida Voluntario Fernando Pinheiro Franco 48 Mogi das Cruzes SP 08710500 Brazil;Mogi das Cruzes;SP;08710500;-23.52398;-46.19503;-23.52398;-46.19503;;;
1329;;;endereco;Rua Senador Flaquer, 304, Centro, Santo André - SP, 09010-160, Brasil;Rua Senador Flaquer 304 Santo Andre SP 09010160 Brazil;Santo André;SP;09010160;-23.66137;-46.5249;-23.66137;-46.5249;Centro;;
1330;;;endereco;Rua Felício Marcondes, 361, Centro, Guarulhos - SP, 07010-030, Brasil;Rua Felicio Marcondes 361 Guarulhos SP 07010030 Brazil;Guarulhos;SP;07010030;-23.46692;-46.53016;-23.46692;-46.53016;Centro;;
1331;;;endereco;Rua Floriano Peixoto, 53, Centro, Araçatuba - SP, 16010-000, Brasil;Rua Floriano Peixoto 53 Aracatuba SP 16010000 Brazil;Araçatuba;SP;16010000;-21.20588;-50.4377;-21.20588;-50.4377;Centro;MEDIO;CEP generico de cidade, nao de rua (2,4x mais falha)
1332;;;endereco;Rua Bernardino de Campos, 3390, Centro, São José do Rio Preto - SP, 15015-300, Brasil;Rua Bernardino de Campos 3390 Sao Jose do Rio Preto SP 15015300 Brazil;São José do Rio Preto;SP;15015300;-20.81383;-49.38346;-20.81383;-49.38346;Centro;;
1333;;;endereco;Avenida Charles Schnneider, 1555, Barranco, Taubaté - SP, 12040-001, Brasil;Avenida Charles Schnneider 1555 Taubate SP 12040001 Brazil;Taubaté;SP;12040001;-23.02591;-45.58086;-23.02591;-45.58086;Barranco;;
1334;;;endereco;Rua Carlos Dietzsch, 120, Portão, Curitiba - PR, 80330-000, Brasil;Rua Carlos Dietzsch 120 Curitiba PR 80330000 Brazil;Curitiba;PR;80330000;-25.47259;-49.29553;-25.47259;-49.29553;Portão;MEDIO;CEP generico de cidade, nao de rua (2,4x mais falha)
1335;;;endereco;Rua Coriolano, 369, Lapa, São Paulo - SP, 05047-000, Brasil;Rua Coriolano 369 Sao Paulo SP 05047000 Brazil;São Paulo;SP;05047000;-23.52611;-46.68898;-23.52611;-46.68898;Lapa;MEDIO;CEP generico de cidade, nao de rua (2,4x mais falha)
1336;;;endereco;Rua Soares de Barros, 93, Itaim Bibi, São Paulo - SP, 04543-000, Brasil;Rua Soares de Barros 93 Sao Paulo SP 04543000 Brazil;São Paulo;SP;04543000;-23.58984;-46.68019;-23.58984;-46.68019;Itaim Bibi;MEDIO;CEP generico de cidade, nao de rua (2,4x mais falha)
1337;;;endereco;Thalita Galhardo Nutricionista, Avenida das Américas, 3500, Barra da Tijuca, Rio de Janeiro - RJ, 22640-102, Brasil;Avenida das Americas 3500 Rio de Janeiro RJ 22640102 Brazil;Rio de Janeiro;RJ;22640102;-22.99941;-43.34822;-22.99941;-43.34822;Barra da Tijuca;;
1338;;;endereco;Avenida João Pinheiro, 215, Funcionários, Belo Horizonte - MG, 30130-183, Brasil;Avenida Joao Pinheiro 215 Belo Horizonte MG 30130183 Brazil;Belo Horizonte;MG;30130183;-19.9273;-43.93641;-19.9273;-43.93641;Funcionários;;
1339;;;endereco;EZvolt, Praia de Botafogo, 440, Botafogo, Rio de Janeiro - RJ, 22250-040, Brasil;EZvolt Praia de Botafogo 440 Rio de Janeiro RJ 22250040 Brazil;Rio de Janeiro;RJ;22250040;-22.94872;-43.18268;-22.94872;-43.18268;Botafogo;;
1340;;;endereco;Rua Visconde de Pirajá, 254, Ipanema, Rio de Janeiro - RJ, 22410-000, Brasil;Rua Visconde de Piraja 254 Rio de Janeiro RJ 22410000 Brazil;Rio de Janeiro;RJ;22410000;-22.98423;-43.20231;-22.98423;-43.20231;Ipanema;MEDIO;CEP generico de cidade, nao de rua (2,4x mais falha)
1341;;;endereco;Rua Candelária, Centro, Rio de Janeiro - RJ, 20091-020, Brasil;Rua Candelaria Centro Rio de Janeiro RJ 20091020 Brazil;Rio de Janeiro;RJ;20091020;-22.90127;-43.17716;-22.90127;-43.17716;;ALTO;sem numero de porta
1342;;;endereco;Labormed, Rua Ator Paulo Gustavo, 70, Icaraí, Niterói - RJ, 24230-062, Brasil;Rua Ator Paulo Gustavo 70 Niteroi RJ 24230062 Brazil;Niterói;RJ;24230062;-22.90589;-43.11196;-22.90589;-43.11196;Icaraí;;
1343;;;endereco;Rua Duque de Caxias, 521, Setor Central, Ribeirão Preto - SP, 14015-020, Brasil;Rua Duque de Caxias 521 Ribeirao Preto SP 14015020 Brazil;Ribeirão Preto;SP;14015020;-21.17419;-47.809;-21.17419;-47.809;Setor Central;;
1344;;;endereco;Rua Américo Brasiliense, 296, Setor Central, Ribeirão Preto - SP, 14015-050, Brasil;Rua Americo Brasiliense 296 Ribeirao Preto SP 14015050 Brazil;Ribeirão Preto;SP;14015050;-21.17597;-47.81162;-21.17597;-47.81162;Setor Central;;
1345;;;endereco;Avenida Afonso Pena, 778, Centro, Uberlândia - MG, 38400-130, Brasil;Avenida Afonso Pena 778 Uberlandia MG 38400130 Brazil;Uberlândia;MG;38400130;-18.9171;-48.27685;-18.9171;-48.27685;Centro;;
1346;;;endereco;Netatur, Praça Estado da Palestina, Oeste, Goiânia - GO, 74115-071, Brasil;Netatur Praca Estado da Palestina Oeste Goiania GO 74115071 Brazil;Goiânia;GO;74115071;-16.68369;-49.26622;-16.68369;-49.26622;;ALTO;sem numero de porta
1347;;;endereco;Rua T-27, 1072, Bueno, Goiânia - GO, 74210-030, Brasil;Rua T 27 1072 Goiania GO 74210030 Brazil;Goiânia;GO;74210030;-16.69603;-49.27244;-16.69603;-49.27244;Bueno;;
1348;;;endereco;Rua José Ramon Urtiza, 807, Vila Andrade, São Paulo - SP, 05717-270, Brasil;Rua Jose Ramon Urtiza 807 Sao Paulo SP 05717270 Brazil;São Paulo;SP;05717270;-23.63339;-46.73109;-23.63339;-46.73109;Vila Andrade;;
1349;;;endereco;Avenida Doutor Cardoso de Melo, 1368, Itaim Bibi, São Paulo - SP, 04548-004, Brasil;Avenida Doutor Cardoso de Melo 1368 Sao Paulo SP 04548004 Brazil;São Paulo;SP;04548004;-23.59747;-46.68663;-23.59747;-46.68663;Itaim Bibi;;
1350;;;endereco;Avenida Ibirapuera, 2349, Moema, São Paulo - SP, 04029-200, Brasil;Avenida Ibirapuera 2349 Sao Paulo SP 04029200 Brazil;São Paulo;SP;04029200;-23.60475;-46.66293;-23.60475;-46.66293;Moema;;
1351;;;endereco;Avenida Doutor Nilo Peçanha, 2320, Passo da Areia, Porto Alegre - RS, 91330-000, Brasil;Avenida Doutor Nilo Pecanha 2320 Porto Alegre RS 91330000 Brazil;Porto Alegre;RS;91330000;-30.02806;-51.16915;-30.02806;-51.16915;Passo da Areia;MEDIO;CEP generico de cidade, nao de rua (2,4x mais falha)
1352;;;endereco;Rua Emília Marengo, 100, Vila Formosa, São Paulo - SP, 03336-000, Brasil;Rua Emilia Marengo 100 Sao Paulo SP 03336000 Brazil;São Paulo;SP;03336000;-23.55297;-46.56613;-23.55297;-46.56613;Vila Formosa;MEDIO;CEP generico de cidade, nao de rua (2,4x mais falha)
1353;;;endereco;Banco Santander Select, Avenida Nove de Julho, 1088, Subsetor Sul-1, Ribeirão Preto - SP, 14025-000, Brasil;Avenida Nove de Julho 1088 Ribeirao Preto SP 14025000 Brazil;Ribeirão Preto;SP;14025000;-21.18731;-47.80858;-21.18731;-47.80858;Subsetor Sul-1;MEDIO;CEP generico de cidade, nao de rua (2,4x mais falha)
1354;;;endereco;Avenida Angélica, 1951, Consolação, São Paulo - SP, 01228-100, Brasil;Avenida Angelica 1951 Sao Paulo SP 01228100 Brazil;São Paulo;SP;01228100;-23.54965;-46.65949;-23.54965;-46.65949;Consolação;;
1355;;;endereco;Rua Boa Morte, 966, Centro, Piracicaba - SP, 13400-140, Brasil;Rua Boa Morte 966 Piracicaba SP 13400140 Brazil;Piracicaba;SP;13400140;-22.7251;-47.64965;-22.7251;-47.64965;Centro;;
1356;;;endereco;Rua Augusta, 2901, Jardim Paulista, São Paulo - SP, 01412-100, Brasil;Rua Augusta 2901 Sao Paulo SP 01412100 Brazil;São Paulo;SP;01412100;-23.56584;-46.66819;-23.56584;-46.66819;Jardim Paulista;;
1357;;;endereco;Avenida Graça Aranha, 57A, Centro, Rio de Janeiro - RJ, 20030-002, Brasil;Avenida Graca Aranha 57A Rio de Janeiro RJ 20030002 Brazil;Rio de Janeiro;RJ;20030002;-22.90929;-43.17431;-22.90929;-43.17431;Centro;;
1358;;;endereco;Rua Lord Cockrane, 649, Ipiranga, São Paulo - SP, 04213-001, Brasil;Rua Lord Cockrane 649 Sao Paulo SP 04213001 Brazil;São Paulo;SP;04213001;-23.59263;-46.60141;-23.59263;-46.60141;Ipiranga;;
1359;;;endereco;Rua Senador Flaquer, 391, Centro, Santo André - SP, 09010-160, Brasil;Rua Senador Flaquer 391 Santo Andre SP 09010160 Brazil;Santo André;SP;09010160;-23.66178;-46.52421;-23.66178;-46.52421;Centro;;
1360;;;endereco;Hilton, Avenida das Nações Unidas, 12901, Itaim Bibi, São Paulo - SP, 04576-080, Brasil;Avenida das Nacoes Unidas 12901 Sao Paulo SP 04576080 Brazil;São Paulo;SP;04576080;-23.61108;-46.6961;-23.61108;-46.6961;Itaim Bibi;;
1361;;;endereco;Rua Rio Branco, 24-25, Vila Samaritana, Bauru - SP, 17016-190, Brasil;Rua Rio Branco 24 25 Vila Samaritana Bauru SP 17016190 Brazil;Bauru;SP;17016190;-22.33744;-49.06759;-22.33744;-49.06759;;ALTO;sem numero de porta
1362;;;endereco;Avenida Brasil, Manoel Honório, Juiz de Fora - MG, 36035-030, Brasil;Avenida Brasil Manoel Honorio Juiz de Fora MG 36035030 Brazil;Juiz de Fora;MG;36035030;-21.74518;-43.35305;-21.74518;-43.35305;;ALTO;sem numero de porta
1363;;;endereco;Cléber Cabola Romano - Flores, Avenida Professor Fonseca Rodrigues, 301, Alto de Pinheiros, São Paulo - SP, 05461-010, Brasil;Avenida Professor Fonseca Rodrigues 301 Sao Paulo SP 05461010 Brazil;São Paulo;SP;05461010;-23.55324;-46.70995;-23.55324;-46.70995;Alto de Pinheiros;;
1364;;;endereco;Caixa Eletrônico Banco Real Shop Pratavieira, Avenida Júlio de Castilhos, 2025, Centro, Caxias do Sul - RS, 95020-425, Brasil;Avenida Julio de Castilhos 2025 Caxias do Sul RS 95020425 Brazil;Caxias do Sul;RS;95020425;-29.16776;-51.18219;-29.16776;-51.18219;Centro;;
1365;;;endereco;Avenida Adolfo Pinheiro, 2115, Santo Amaro, São Paulo - SP, 04734-003, Brasil;Avenida Adolfo Pinheiro 2115 Sao Paulo SP 04734003 Brazil;São Paulo;SP;04734003;-23.63606;-46.69455;-23.63606;-46.69455;Santo Amaro;;
1366;;;endereco;Avenida Brigadeiro Faria Lima, 3935, Itaim Bibi, São Paulo - SP, 04538-133, Brasil;Avenida Brigadeiro Faria Lima 3935 Sao Paulo SP 04538133 Brazil;São Paulo;SP;04538133;-23.5908;-46.68096;-23.5908;-46.68096;Itaim Bibi;;
1367;;;endereco;Praça Sílvio Romero, 133, Tatuapé, São Paulo - SP, 03323-000, Brasil;Praca Silvio Romero 133 Sao Paulo SP 03323000 Brazil;São Paulo;SP;03323000;-23.54485;-46.57311;-23.54485;-46.57311;Tatuapé;MEDIO;CEP generico de cidade, nao de rua (2,4x mais falha)
1368;;;endereco;Avenida Água Verde, 766, Água Verde, Curitiba - PR, 80620-200, Brasil;Avenida Agua Verde 766 Curitiba PR 80620200 Brazil;Curitiba;PR;80620200;-25.45269;-49.27868;-25.45269;-49.27868;Água Verde;;
1369;;;endereco;Passagem B, 731, Alphaville, Barueri - SP, 06455-000, Brasil;Passagem B 731 Barueri SP 06455000 Brazil;Barueri;SP;06455000;-23.49787;-46.85428;-23.49787;-46.85428;Alphaville;MEDIO;CEP generico de cidade, nao de rua (2,4x mais falha)
1370;;;endereco;Avenida Goethe, 20, Rio Branco, Porto Alegre - RS, 90430-100, Brasil;Avenida Goethe 20 Porto Alegre RS 90430100 Brazil;Porto Alegre;RS;90430100;-30.02979;-51.20108;-30.02979;-51.20108;Rio Branco;;
1371;;;endereco;Avenida Nazaré, 597, Ipiranga, São Paulo - SP, 04263-000, Brasil;Avenida Nazare 597 Sao Paulo SP 04263000 Brazil;São Paulo;SP;04263000;-23.58935;-46.61034;-23.58935;-46.61034;Ipiranga;MEDIO;CEP generico de cidade, nao de rua (2,4x mais falha)
1372;;;endereco;Rua Galeão Carvalhal, 47, Gonzaga, Santos - SP, 11055-201, Brasil;Rua Galeao Carvalhal 47 Santos SP 11055201 Brazil;Santos;SP;11055201;-23.96768;-46.33201;-23.96768;-46.33201;Gonzaga;;
1373;;;endereco;Rua Bernardino de Campos, 3918, Redentora, São José do Rio Preto - SP, 15015-300, Brasil;Rua Bernardino de Campos 3918 Sao Jose do Rio Preto SP 15015300 Brazil;São José do Rio Preto;SP;15015300;-20.8172;-49.38707;-20.8172;-49.38707;Redentora;;
1374;;;endereco;Valens Serviços Financeiros, Avenida Brigadeiro Faria Lima, Pinheiros, São Paulo - SP, 01452-001, Brasil;Avenida Brigadeiro Faria Lima Pinheiros Sao Paulo SP 01452001 Brazil;São Paulo;SP;01452001;-23.57842;-46.68595;-23.57842;-46.68595;;ALTO;sem numero de porta
1375;;;endereco;Avenida Paes de Barros, 1030, Móoca, São Paulo - SP, 03114-000, Brasil;Avenida Paes de Barros 1030 Sao Paulo SP 03114000 Brazil;São Paulo;SP;03114000;-23.56398;-46.59715;-23.56398;-46.59715;Móoca;MEDIO;CEP generico de cidade, nao de rua (2,4x mais falha)
1376;;;endereco;Rua João Lourenço, 580, Moema, São Paulo - SP, 04508-030, Brasil;Rua Joao Lourenco 580 Sao Paulo SP 04508030 Brazil;São Paulo;SP;04508030;-23.58984;-46.66978;-23.58984;-46.66978;Moema;;
1377;;;endereco;W P Persinato Comércio, Rua Tupi, Centro Histórico, Londrina - PR, 86020-350, Brasil;Rua Tupi Centro Historico Londrina PR 86020350 Brazil;Londrina;PR;86020350;-23.31083;-51.16572;-23.31083;-51.16572;;ALTO;sem numero de porta
1378;;;endereco;Praça Charles Miller, 108, Perdizes, São Paulo - SP, 01236-060, Brasil;Praca Charles Miller 108 Sao Paulo SP 01236060 Brazil;São Paulo;SP;01236060;-23.54362;-46.66598;-23.54362;-46.66598;Perdizes;;
1379;;;endereco;Avenida Nossa Senhora de Copacabana, 592, Copacabana, Rio de Janeiro - RJ, 22020-001, Brasil;Avenida Nossa Senhora de Copacabana 592 Rio de Janeiro RJ 22020001 Brazil;Rio de Janeiro;RJ;22020001;-22.96942;-43.18521;-22.96942;-43.18521;Copacabana;;
1380;;;endereco;Rua Coronel Quirino, 925, Cambuí, Campinas - SP, 13025-001, Brasil;Rua Coronel Quirino 925 Campinas SP 13025001 Brazil;Campinas;SP;13025001;-22.89982;-47.05234;-22.89982;-47.05234;Cambuí;;
1381;;;endereco;Avenida Washington Luís, 210, Encruzilhada, Santos - SP, 11050-200, Brasil;Avenida Washington Luis 210 Santos SP 11050200 Brazil;Santos;SP;11050200;-23.95533;-46.32646;-23.95533;-46.32646;Encruzilhada;;
1382;;;endereco;Avenida Floriano Peixoto, 850, Centro, Uberlândia - MG, 38400-102, Brasil;Avenida Floriano Peixoto 850 Uberlandia MG 38400102 Brazil;Uberlândia;MG;38400102;-18.91646;-48.2743;-18.91646;-48.2743;Centro;;
1383;;;endereco;Rua Rangel Pestana, 268, Centro, Jundiaí - SP, 13201-000, Brasil;Rua Rangel Pestana 268 Jundiai SP 13201000 Brazil;Jundiaí;SP;13201000;-23.18644;-46.88425;-23.18644;-46.88425;Centro;MEDIO;CEP generico de cidade, nao de rua (2,4x mais falha)
1384;;;endereco;Rua Dom Marcos Barbosa, 2, Cidade Nova, Rio de Janeiro - RJ, 20211-178, Brasil;Rua Dom Marcos Barbosa 2 Rio de Janeiro RJ 20211178 Brazil;Rio de Janeiro;RJ;20211178;-22.91216;-43.20635;-22.91216;-43.20635;Cidade Nova;;
1385;;;endereco;Avenida do Contorno, 6082, Savassi, Belo Horizonte - MG, 30110-042, Brasil;Avenida do Contorno 6082 Belo Horizonte MG 30110042 Brazil;Belo Horizonte;MG;30110042;-19.93994;-43.93581;-19.93994;-43.93581;Savassi;;
1386;;;endereco;Rua Quinze de Novembro, 201, Sé, São Paulo - SP, 01013-001, Brasil;Rua Quinze de Novembro 201 Sao Paulo SP 01013001 Brazil;São Paulo;SP;01013001;-23.5472;-46.63437;-23.5472;-46.63437;Sé;;
1387;;;endereco;Rua Comendador Araújo, 689, Batel, Curitiba - PR, 80420-063, Brasil;Rua Comendador Araujo 689 Curitiba PR 80420063 Brazil;Curitiba;PR;80420063;-25.43819;-49.28137;-25.43819;-49.28137;Batel;;
1388;;;endereco;Avenida Escola Politécnica, 97A, Rio Pequeno, São Paulo - SP, 05350-000, Brasil;Avenida Escola Politecnica 97A Sao Paulo SP 05350000 Brazil;São Paulo;SP;05350000;-23.56408;-46.7532;-23.56408;-46.7532;Rio Pequeno;MEDIO;CEP generico de cidade, nao de rua (2,4x mais falha)
1389;;;endereco;Rua Felício Marcondes, 237, Centro, Guarulhos - SP, 07010-000, Brasil;Rua Felicio Marcondes 237 Guarulhos SP 07010000 Brazil;Guarulhos;SP;07010000;-23.46805;-46.5301;-23.46805;-46.5301;Centro;MEDIO;CEP generico de cidade, nao de rua (2,4x mais falha)
1390;;;endereco;Avenida Brigadeiro Faria Lima, 2726, Pinheiros, São Paulo - SP, 01452-001, Brasil;Avenida Brigadeiro Faria Lima 2726 Sao Paulo SP 01452001 Brazil;São Paulo;SP;01452001;-23.58046;-46.68536;-23.58046;-46.68536;Pinheiros;;
1391;;;endereco;Rua Domingos de Morais, 817, Vila Mariana, São Paulo - SP, 04010-100, Brasil;Rua Domingos de Morais 817 Sao Paulo SP 04010100 Brazil;São Paulo;SP;04010100;-23.58371;-46.6374;-23.58371;-46.6374;Vila Mariana;;
1392;;;endereco;Rua XV de Novembro, Telêmaco Borba - PR, 84265-400, Brasil;Rua XV de Novembro Telemaco Borba PR 84265400 Brazil;Telêmaco Borba;PR;84265400;-24.33181;-50.62657;-24.33181;-50.62657;;ALTO;sem numero de porta
1393;;;endereco;Avenida Pelinca, 154, Parque Avenida Pelinca, Campos dos Goytacazes - RJ, 28035-053, Brasil;Avenida Pelinca 154 Campos dos Goytacazes RJ 28035053 Brazil;Campos dos Goytacazes;RJ;28035053;-21.7597;-41.33363;-21.7597;-41.33363;Parque Avenida Pelinca;;
1394;;;endereco;Rua Roxo Moreira, 910, Barão Geraldo, Campinas - SP, 13083-830, Brasil;Rua Roxo Moreira 910 Campinas SP 13083830 Brazil;Campinas;SP;13083830;-22.81962;-47.07245;-22.81962;-47.07245;Barão Geraldo;;
1395;;;endereco;Rua Botucatu, 653, Vila Mariana, São Paulo - SP, 04023-062, Brasil;Rua Botucatu 653 Sao Paulo SP 04023062 Brazil;São Paulo;SP;04023062;-23.59737;-46.64257;-23.59737;-46.64257;Vila Mariana;;
1396;;;endereco;Rua Joaquim Nabuco, 169, Campo Belo, São Paulo - SP, 04621-001, Brasil;Rua Joaquim Nabuco 169 Sao Paulo SP 04621001 Brazil;São Paulo;SP;04621001;-23.624;-46.68371;-23.624;-46.68371;Campo Belo;;
1397;;;endereco;Avenida Álvares Cabral, 1797, Santo Agostinho, Belo Horizonte - MG, 30170-008, Brasil;Avenida Alvares Cabral 1797 Belo Horizonte MG 30170008 Brazil;Belo Horizonte;MG;30170008;-19.93346;-43.95085;-19.93346;-43.95085;Santo Agostinho;;
1398;;;endereco;Rua Conde de Bonfim, 149, Tijuca, Rio de Janeiro - RJ, 20520-050, Brasil;Rua Conde de Bonfim 149 Rio de Janeiro RJ 20520050 Brazil;Rio de Janeiro;RJ;20520050;-22.92507;-43.22617;-22.92507;-43.22617;Tijuca;;
1399;;;endereco;Rua Uruguai, 244, Centro Histórico, Porto Alegre - RS, 90010-140, Brasil;Rua Uruguai 244 Porto Alegre RS 90010140 Brazil;Porto Alegre;RS;90010140;-30.02882;-51.22855;-30.02882;-51.22855;Centro Histórico;;
1400;;;endereco;Avenida Jornalista Rubens de Arruda Ramos, 1254, Centro, Florianópolis - SC, 88015-700, Brasil;Avenida Jornalista Rubens de Arruda Ramos 1254 Florianopolis SC 88015700 Brazil;Florianópolis;SC;88015700;-27.58862;-48.55735;-27.58862;-48.55735;Centro;;
1401;;;endereco;Rua Dolores Carvalho Vasconcelos, 332, Glória, Macaé - RJ, 27937-600, Brasil;Rua Dolores Carvalho Vasconcelos 332 Macae RJ 27937600 Brazil;Macaé;RJ;27937600;-22.40247;-41.79665;-22.40247;-41.79665;Glória;;
1402;;;endereco;Rua Gavião Peixoto, 250, Icaraí, Niterói - RJ, 24230-092, Brasil;Rua Gaviao Peixoto 250 Niteroi RJ 24230092 Brazil;Niterói;RJ;24230092;-22.90572;-43.10827;-22.90572;-43.10827;Icaraí;;
1403;;;endereco;Itaigara, Avenida Barão de Itapura, 390, Vila Itapura, Campinas - SP, 13020-431, Brasil;Avenida Barao de Itapura 390 Campinas SP 13020431 Brazil;Campinas;SP;13020431;-22.89644;-47.06734;-22.89644;-47.06734;Vila Itapura;;
1404;;;endereco;Avenida Quinze de Novembro, 155, Centro, São José dos Campos - SP, 12210-070, Brasil;Avenida Quinze de Novembro 155 Sao Jose dos Campos SP 12210070 Brazil;São José dos Campos;SP;12210070;-23.18554;-45.88642;-23.18554;-45.88642;Centro;;
1405;;;endereco;Rua Quinze de Novembro, 26, Sé, São Paulo - SP, 01013-001, Brasil;Rua Quinze de Novembro 26 Sao Paulo SP 01013001 Brazil;São Paulo;SP;01013001;-23.54874;-46.63368;-23.54874;-46.63368;Sé;;
1406;;;endereco;Avenida Sampaio Vidal, 536, Marília - SP, 17500-020, Brasil;Avenida Sampaio Vidal 536 Marilia SP 17500020 Brazil;Marília;SP;17500020;-22.21809;-49.9485;-22.21809;-49.9485;;;
1407;;;endereco;Avenida Leopoldino de Oliveira, 3265, Uberaba - MG, 38010-000, Brasil;Avenida Leopoldino de Oliveira 3265 Uberaba MG 38010000 Brazil;Uberaba;MG;38010000;-19.75026;-47.93321;-19.75026;-47.93321;;MEDIO;CEP generico de cidade, nao de rua (2,4x mais falha)
1408;;;endereco;Rua Floriano Peixoto, 651, Abaeté - MG, 35620-000, Brasil;Rua Floriano Peixoto 651 Abaete MG 35620000 Brazil;Abaeté;MG;35620000;-19.15396;-45.4524;-19.15396;-45.4524;;MEDIO;CEP generico de cidade, nao de rua (2,4x mais falha)
1409;;;endereco;Clínica Femina, Rua Doutor João Colin, Centro, Joinville - SC, 89201-299, Brasil;Rua Doutor Joao Colin Centro Joinville SC 89201299 Brazil;Joinville;SC;89201299;-26.29977;-48.84795;-26.29977;-48.84795;;ALTO;sem numero de porta
1410;;;endereco;Avenida Paulista, 687, Jardim Paulista, São Paulo - SP, 01310-100, Brasil;Avenida Paulista 687 Sao Paulo SP 01310100 Brazil;São Paulo;SP;01310100;-23.56714;-46.65002;-23.56714;-46.65002;Jardim Paulista;;
1411;;;endereco;Avenida Francisco Glicério, 826, Centro, Campinas - SP, 13012-100, Brasil;Avenida Francisco Glicerio 826 Campinas SP 13012100 Brazil;Campinas;SP;13012100;-22.90718;-47.0584;-22.90718;-47.0584;Centro;;
1412;;;endereco;Avenida Rio Branco, 70, Centro, Rio de Janeiro - RJ, 20040-070, Brasil;Avenida Rio Branco 70 Rio de Janeiro RJ 20040070 Brazil;Rio de Janeiro;RJ;20040070;-22.90184;-43.17904;-22.90184;-43.17904;Centro;;
1413;;;endereco;Rua Voluntários da Pátria, 198, Botafogo, Rio de Janeiro - RJ, 22270-000, Brasil;Rua Voluntarios da Patria 198 Rio de Janeiro RJ 22270000 Brazil;Rio de Janeiro;RJ;22270000;-22.95278;-43.18853;-22.95278;-43.18853;Botafogo;MEDIO;CEP generico de cidade, nao de rua (2,4x mais falha)
1414;;;endereco;Avenida Sumaré, 1130, Perdizes, São Paulo - SP, 05016-110, Brasil;Avenida Sumare 1130 Sao Paulo SP 05016110 Brazil;São Paulo;SP;05016110;-23.53904;-46.67532;-23.53904;-46.67532;Perdizes;;
1415;;;endereco;Centro Odontológico Agami, Rua Treze de Maio, Bela Vista, São Paulo - SP, 04849-529, Brasil;Rua Treze de Maio Bela Vista Sao Paulo SP 04849529 Brazil;São Paulo;SP;04849529;-23.5708;-46.64422;-23.5708;-46.64422;;ALTO;sem numero de porta
1416;;;endereco;Rua Augusta, 1611, Consolação, São Paulo - SP, 01304-001, Brasil;Rua Augusta 1611 Sao Paulo SP 01304001 Brazil;São Paulo;SP;01304001;-23.55748;-46.65942;-23.55748;-46.65942;Consolação;;
1417;;;endereco;Alameda Gabriel Monteiro da Silva, 1236, Pinheiros, São Paulo - SP, 05477-000, Brasil;Alameda Gabriel Monteiro da Silva 1236 Sao Paulo SP 05477000 Brazil;São Paulo;SP;05477000;-23.57021;-46.6804;-23.57021;-46.6804;Pinheiros;MEDIO;CEP generico de cidade, nao de rua (2,4x mais falha)
1418;;;endereco;Rua Baraldi, 1070, Centro, São Caetano do Sul - SP, 09510-010, Brasil;Rua Baraldi 1070 Sao Caetano do Sul SP 09510010 Brazil;São Caetano do Sul;SP;09510010;-23.61391;-46.57056;-23.61391;-46.57056;Centro;;
1419;;;endereco;Avenida Afonso Pena, 4123, Serra, Belo Horizonte - MG, 30130-009, Brasil;Avenida Afonso Pena 4123 Belo Horizonte MG 30130009 Brazil;Belo Horizonte;MG;30130009;-19.9462;-43.92152;-19.9462;-43.92152;Serra;;
1420;;;endereco;Avenida das Américas, 3333, Barra da Tijuca, Rio de Janeiro - RJ, 22631-003, Brasil;Avenida das Americas 3333 Rio de Janeiro RJ 22631003 Brazil;Rio de Janeiro;RJ;22631003;-23.00091;-43.34785;-23.00091;-43.34785;Barra da Tijuca;;
1421;;;endereco;Avenida República do Líbano, 1860, Oeste, Goiânia - GO, 74125-125, Brasil;Avenida Republica do Libano 1860 Goiania GO 74125125 Brazil;Goiânia;GO;74125125;-16.68235;-49.26641;-16.68235;-49.26641;Oeste;;
1422;;;endereco;Avenida Antônio de Almeida Leite, 1064, Jardim Paulista, Ourinhos - SP, 19907-000, Brasil;Avenida Antonio de Almeida Leite 1064 Ourinhos SP 19907000 Brazil;Ourinhos;SP;19907000;-22.97865;-49.88093;-22.97865;-49.88093;Jardim Paulista;MEDIO;CEP generico de cidade, nao de rua (2,4x mais falha)
1423;;;endereco;Avenida Professor Celso Ferreira da Silva, 190, Jardim Europa III, Avaré - SP, 18707-150, Brasil;Avenida Professor Celso Ferreira da Silva 190 Avare SP 18707150 Brazil;Avaré;SP;18707150;-23.0888;-48.92333;-23.0888;-48.92333;Jardim Europa III;;
1424;;;endereco;Shell SELECT, Rua Gustavo Maciel, 25-85, Vila Samaritana, Bauru - SP, 17012-110, Brasil;Rua Gustavo Maciel 25 85 Vila Samaritana Bauru SP 17012110 Brazil;Bauru;SP;17012110;-22.3329;-49.06786;-22.3329;-49.06786;;ALTO;sem numero de porta
1425;;;endereco;Rua Virgílio Malta, 22-16, Jardim Estoril, Bauru - SP, 17016-080, Brasil;Rua Virgilio Malta 22 16 Jardim Estoril Bauru SP 17016080 Brazil;Bauru;SP;17016080;-22.3383;-49.0709;-22.3383;-49.0709;;ALTO;sem numero de porta
1426;;;endereco;Avenida Getúlio Vargas, 6, Vila Mariana, Bauru - SP, 17017-000, Brasil;Avenida Getulio Vargas 6 Bauru SP 17017000 Brazil;Bauru;SP;17017000;-22.34031;-49.06282;-22.34031;-49.06282;Vila Mariana;MEDIO;CEP generico de cidade, nao de rua (2,4x mais falha)
1427;;;endereco;Rua José Vieira da Cunha e Silva, 260, Centro, Assis - SP, 19800-140, Brasil;Rua Jose Vieira da Cunha e Silva 260 Assis SP 19800140 Brazil;Assis;SP;19800140;-22.66209;-50.41649;-22.66209;-50.41649;Centro;;
1428;;;endereco;Rua Lourenço Prado, 206, Centro, Jaú - SP, 17201-000, Brasil;Rua Lourenco Prado 206 Jau SP 17201000 Brazil;Jaú;SP;17201000;-22.29657;-48.5564;-22.29657;-48.5564;Centro;MEDIO;CEP generico de cidade, nao de rua (2,4x mais falha)
1429;;;endereco;Rua José Benedito Nogueira, 9, Jardim Tropical, Botucatu - SP, 18607-289, Brasil;Rua Jose Benedito Nogueira 9 Botucatu SP 18607289 Brazil;Botucatu;SP;18607289;-22.88934;-48.4631;-22.88934;-48.4631;Jardim Tropical;;
1430;;;endereco;Rua José Cimino, 42, Marília - SP, 17507-102, Brasil;Rua Jose Cimino 42 Marilia SP 17507102 Brazil;Marília;SP;17507102;-22.19463;-49.9625;-22.19463;-49.9625;;;
1431;;;endereco;Astron Hotel Bauru, Rua Luso-Brasileira, 44, Jardim Estoril IV, Bauru - SP, 17016-190, Brasil;Rua Luso Brasileira 44 Bauru SP 17016190 Brazil;Bauru;SP;17016190;-22.33927;-49.06677;-22.33927;-49.06677;Jardim Estoril IV;;
1432;;;endereco;Rua Treze de Maio, 797, Centro, Piracicaba - SP, 13400-300, Brasil;Rua Treze de Maio 797 Piracicaba SP 13400300 Brazil;Piracicaba;SP;13400300;-22.72273;-47.64723;-22.72273;-47.64723;Centro;;
1433;;;endereco;Rua Álvares Cabral, 421, Marília - SP, 17501-100, Brasil;Rua Alvares Cabral 421 Marilia SP 17501100 Brazil;Marília;SP;17501100;-22.22032;-49.94372;-22.22032;-49.94372;;;
1434;;;endereco;Travessa Portugal, 164, Cidade Jardim, Piracicaba - SP, 13416-470, Brasil;Travessa Portugal 164 Piracicaba SP 13416470 Brazil;Piracicaba;SP;13416470;-22.71873;-47.64586;-22.71873;-47.64586;Cidade Jardim;;
1435;;;endereco;Avenida Professora Izoraida M. Peres, 256, Parque Campolim, Sorocaba - SP, 18048-110, Brasil;Avenida Professora Izoraida M Peres 256 Sorocaba SP 18048110 Brazil;Sorocaba;SP;18048110;-23.53221;-47.46557;-23.53221;-47.46557;Parque Campolim;;
1436;;;endereco;Avenida São Carlos, 1069, Centro, São Carlos - SP, 13560-010, Brasil;Avenida Sao Carlos 1069 Sao Carlos SP 13560010 Brazil;São Carlos;SP;13560010;-22.02402;-47.89072;-22.02402;-47.89072;Centro;;
1437;;;endereco;Rua Visconde do Rio Branco, 1488, Centro, Curitiba - PR, 80420-210, Brasil;Rua Visconde do Rio Branco 1488 Curitiba PR 80420210 Brazil;Curitiba;PR;80420210;-25.43463;-49.27868;-25.43463;-49.27868;Centro;;
1438;;;endereco;Avenida dos Estudantes, 361, Lençóis Paulista - SP, 18682-170, Brasil;Avenida dos Estudantes 361 Lencois Paulista SP 18682170 Brazil;Lençóis Paulista;SP;18682170;-22.60826;-48.80474;-22.60826;-48.80474;;;
1439;;;endereco;Rua Fulvio Salvador Pagani, Campinas - SP, 13080-657, Brasil;Rua Fulvio Salvador Pagani Campinas SP 13080657 Brazil;Campinas;SP;13080657;-22.84948;-47.08325;-22.84948;-47.08325;;ALTO;sem numero de porta
1440;;;endereco;Avenida Barão de Itapura, 3223, Jardim Nossa Senhora Auxiliadora, Campinas - SP, 13076-269, Brasil;Avenida Barao de Itapura 3223 Campinas SP 13076269 Brazil;Campinas;SP;13076269;-22.87902;-47.05383;-22.87902;-47.05383;Jardim Nossa Senhora Auxiliadora;;
1441;;;endereco;Ruff Distribuidora de Combustíveis, Loteamento Residencial Vila Bella, Campinas - SP, 13087-725, Brasil;Ruff Distribuidora de Combustiveis Loteamento Residencial Vila Bella Campinas SP 13087725 Brazil;Campinas;SP;13087725;-22.85682;-47.0554;-22.85682;-47.0554;;ALTO;sem numero de porta
1442;;;endereco;Avenida Francisco Glicério, 1101, Centro, Campinas - SP, 13012-000, Brasil;Avenida Francisco Glicerio 1101 Campinas SP 13012000 Brazil;Campinas;SP;13012000;-22.90501;-47.0598;-22.90501;-47.0598;Centro;MEDIO;CEP generico de cidade, nao de rua (2,4x mais falha)
1443;;;endereco;Rua Francisco Leite, 290, Centro, Araras - SP, 13600-180, Brasil;Rua Francisco Leite 290 Araras SP 13600180 Brazil;Araras;SP;13600180;-22.3564;-47.38938;-22.3564;-47.38938;Centro;;
1444;;;endereco;Rua Onze de Agosto, 139, Tietê - SP, 18530-000, Brasil;Rua Onze de Agosto 139 Tiete SP 18530000 Brazil;Tietê;SP;18530000;-23.108;-47.71311;-23.108;-47.71311;;MEDIO;CEP generico de cidade, nao de rua (2,4x mais falha)
1445;;;endereco;Rua Visconde do Rio Branco, 550, Cidade Alta, Piracicaba - SP, 13419-115, Brasil;Rua Visconde do Rio Branco 550 Piracicaba SP 13419115 Brazil;Piracicaba;SP;13419115;-22.72607;-47.63845;-22.72607;-47.63845;Cidade Alta;;
1446;;;endereco;Rua Doutor César Paranhos de Godoy, Jardim Chapadão, Campinas - SP, 13070-075, Brasil;Rua Doutor Cesar Paranhos de Godoy Jardim Chapadao Campinas SP 13070075 Brazil;Campinas;SP;13070075;-22.89332;-47.08793;-22.89332;-47.08793;;ALTO;sem numero de porta
1447;;;endereco;Rua Engenheiro Carlos Stevenson, 421, Nova Campinas, Campinas - SP, 13092-170, Brasil;Rua Engenheiro Carlos Stevenson 421 Campinas SP 13092170 Brazil;Campinas;SP;13092170;-22.90186;-47.04514;-22.90186;-47.04514;Nova Campinas;;
1448;;;endereco;Rua Visconde do Rio Branco, 380, Centro, Araras - SP, 13600-140, Brasil;Rua Visconde do Rio Branco 380 Araras SP 13600140 Brazil;Araras;SP;13600140;-22.3542;-47.38388;-22.3542;-47.38388;Centro;;
1449;;;endereco;Rua Pres. Humberto de A. Castelo Branco, 382, Jardim Mercedes, Limeira - SP, 13480-230, Brasil;Rua Pres Humberto de A Castelo Branco 382 Limeira SP 13480230 Brazil;Limeira;SP;13480230;-22.56915;-47.40308;-22.56915;-47.40308;Jardim Mercedes;;
1450;;;endereco;Avenida Mogi Mirim, 1249, Mogi Guaçu - SP, 13844-110, Brasil;Avenida Mogi Mirim 1249 Mogi Guacu SP 13844110 Brazil;Mogi Guaçu;SP;13844110;-22.38511;-46.94301;-22.38511;-46.94301;;;
1451;;;endereco;Avenida Presidente Vargas, 3235, Indaiatuba - SP, 13338-705, Brasil;Avenida Presidente Vargas 3235 Indaiatuba SP 13338705 Brazil;Indaiatuba;SP;13338705;-23.08532;-47.18438;-23.08532;-47.18438;;;
1452;;;endereco;Rua Chico Pinto, 712, Centro, Araras - SP, 13600-061, Brasil;Rua Chico Pinto 712 Araras SP 13600061 Brazil;Araras;SP;13600061;-22.35594;-47.38968;-22.35594;-47.38968;Centro;;
1453;;;endereco;Praça Capital, Campinas - SP, Brasil;Praca Capital Campinas SP Brazil;Campinas;SP;;-22.8475;-47.08578;-22.8475;-47.08578;;ALTO;sem numero de porta
1454;;;endereco;Khouri, Pereira Sociedade de Advogados, Avenida Cassiano Ricardo, 601, Parque Residencial Aquarius, São José dos Campos - SP, 12240-540, Brasil;Avenida Cassiano Ricardo 601 Sao Jose dos Campos SP 12240540 Brazil;São José dos Campos;SP;12240540;-23.21995;-45.91057;-23.21995;-45.91057;Parque Residencial Aquarius;;
1455;;;endereco;Rua República do Iraque, 80, Jardim Oswaldo Cruz, São José dos Campos - SP, 12216-540, Brasil;Rua Republica do Iraque 80 Sao Jose dos Campos SP 12216540 Brazil;São José dos Campos;SP;12216540;-23.19972;-45.88356;-23.19972;-45.88356;Jardim Oswaldo Cruz;;
1456;;;endereco;Avenida Perseu, 161, Jardim Satélite, São José dos Campos - SP, 12230-470, Brasil;Avenida Perseu 161 Sao Jose dos Campos SP 12230470 Brazil;São José dos Campos;SP;12230470;-23.22381;-45.88897;-23.22381;-45.88897;Jardim Satélite;;
1457;;;endereco;RN Clínica, Rua Carlos Maria Auricchio, 70, Royal Park, São José dos Campos - SP, 12246-876, Brasil;Rua Carlos Maria Auricchio 70 Sao Jose dos Campos SP 12246876 Brazil;São José dos Campos;SP;12246876;-23.22465;-45.91019;-23.22465;-45.91019;Royal Park;;
1458;;;endereco;Olivetti & Silva, Avenida Cassiano Ricardo, 319, Parque Residencial Aquarius, São José dos Campos - SP, 12240-540, Brasil;Avenida Cassiano Ricardo 319 Sao Jose dos Campos SP 12240540 Brazil;São José dos Campos;SP;12240540;-23.21407;-45.90927;-23.21407;-45.90927;Parque Residencial Aquarius;;
1459;;;endereco;Avenida das Linhas, 306, Jacareí - SP, 12301-150, Brasil;Avenida das Linhas 306 Jacarei SP 12301150 Brazil;Jacareí;SP;12301150;-23.26559;-45.93843;-23.26559;-45.93843;;;
1460;;;endereco;Avenida Cassiano Ricardo, 401, Parque Residencial Aquarius, São José dos Campos - SP, 12246-870, Brasil;Avenida Cassiano Ricardo 401 Sao Jose dos Campos SP 12246870 Brazil;São José dos Campos;SP;12246870;-23.21568;-45.90949;-23.21568;-45.90949;Parque Residencial Aquarius;;
1461;;;endereco;Rua Princesa Isabel de Bragança, 235, Mogi das Cruzes - SP, 08710-460, Brasil;Rua Princesa Isabel de Braganca 235 Mogi das Cruzes SP 08710460 Brazil;Mogi das Cruzes;SP;08710460;-23.52359;-46.19653;-23.52359;-46.19653;;;
1462;;;endereco;Espaço Engenheiro Riugi Kojima, Avenida Cassiano Ricardo, Jardim Cassiano Ricardo, São José dos Campos - SP, 12240-540, Brasil;Avenida Cassiano Ricardo Jardim Cassiano Ricardo Sao Jose dos Campos SP 12240540 Brazil;São José dos Campos;SP;12240540;-23.22133;-45.91095;-23.22133;-45.91095;;ALTO;sem numero de porta
1463;;;endereco;Rua Guaiaó, 560, Aparecida, Santos - SP, 11035-260, Brasil;Rua Guaiao 560 Santos SP 11035260 Brazil;Santos;SP;11035260;-23.9786;-46.3089;-23.9786;-46.3089;Aparecida;;
1464;;;endereco;Rua Vereador Henrique Soler, 73, Ponta da Praia, Santos - SP, 11030-010, Brasil;Rua Vereador Henrique Soler 73 Santos SP 11030010 Brazil;Santos;SP;11030010;-23.98095;-46.2989;-23.98095;-46.2989;Ponta da Praia;;
1465;;;endereco;Rua Olímpia, 375, Vila Camilópolis, Santo André - SP, 09230-500, Brasil;Rua Olimpia 375 Santo Andre SP 09230500 Brazil;Santo André;SP;09230500;-23.62089;-46.52813;-23.62089;-46.52813;Vila Camilópolis;;
1466;;;endereco;Avenida Paulista, 1450, Bela Vista, São Paulo - SP, 01311-200, Brasil;Avenida Paulista 1450 Sao Paulo SP 01311200 Brazil;São Paulo;SP;01311200;-23.56215;-46.65502;-23.56215;-46.65502;Bela Vista;;
1467;;;endereco;Rua Azevedo Soares, 2046, Tatuapé, São Paulo - SP, 03322-002, Brasil;Rua Azevedo Soares 2046 Sao Paulo SP 03322002 Brazil;São Paulo;SP;03322002;-23.54723;-46.55702;-23.54723;-46.55702;Tatuapé;;
1468;;;endereco;Denardi Advogados, Jardim Paulista, São Paulo - SP, 01419-001, Brasil;Denardi Advogados Jardim Paulista Sao Paulo SP 01419001 Brazil;São Paulo;SP;01419001;-23.56681;-46.65254;-23.56681;-46.65254;;ALTO;sem numero de porta
1469;;;endereco;Alameda Santos, 466, Vila Mariana, São Paulo - SP, 01418-000, Brasil;Alameda Santos 466 Sao Paulo SP 01418000 Brazil;São Paulo;SP;01418000;-23.56947;-46.64865;-23.56947;-46.64865;Vila Mariana;MEDIO;CEP generico de cidade, nao de rua (2,4x mais falha)
1470;;;endereco;Rua Aurora Sathler Rosa, 350, Palhano, Londrina - PR, 86050-430, Brasil;Rua Aurora Sathler Rosa 350 Londrina PR 86050430 Brazil;Londrina;PR;86050430;-23.33012;-51.17838;-23.33012;-51.17838;Palhano;;
1471;;;endereco;Rua José Maria da Silva Paranhos, 446, Presidente, Londrina - PR, 86061-270, Brasil;Rua Jose Maria da Silva Paranhos 446 Londrina PR 86061270 Brazil;Londrina;PR;86061270;-23.31712;-51.17976;-23.31712;-51.17976;Presidente;;
1472;;;endereco;Avenida Coronel Diógenes de Castro Ribeiro, Jaraguá - GO, 76330-000, Brasil;Avenida Coronel Diogenes de Castro Ribeiro Jaragua GO 76330000 Brazil;Jaraguá;GO;76330000;-15.75902;-49.3138;-15.75902;-49.3138;;ALTO;"sem numero de porta; CEP generico de cidade, nao de rua (2,4x mais falha)"
1473;;;endereco;Rua Anfilóquio Nunes Pires, 5300, Bela Vista, Gaspar - SC, 89111-090, Brasil;Rua Anfiloquio Nunes Pires 5300 Gaspar SC 89111090 Brazil;Gaspar;SC;89111090;-26.89986;-49.01105;-26.89986;-49.01105;Bela Vista;;
1474;;;endereco;Rua Iguaçu, Coronel Vivida - PR, 85550-000, Brasil;Rua Iguacu Coronel Vivida PR 85550000 Brazil;Coronel Vivida;PR;85550000;-25.97982;-52.56782;-25.97982;-52.56782;;ALTO;"sem numero de porta; CEP generico de cidade, nao de rua (2,4x mais falha)"
1475;;;endereco;Avenida Engenheiro Miguel Gemma, 838, Mogi das Cruzes - SP, 08780-680, Brasil;Avenida Engenheiro Miguel Gemma 838 Mogi das Cruzes SP 08780680 Brazil;Mogi das Cruzes;SP;08780680;-23.5165;-46.17034;-23.5165;-46.17034;;;
1476;;;endereco;Avenida Rio Branco, 2182, Dom Pedrito - RS, 96450-000, Brasil;Avenida Rio Branco 2182 Dom Pedrito RS 96450000 Brazil;Dom Pedrito;RS;96450000;-30.9863;-54.66435;-30.9863;-54.66435;;MEDIO;CEP generico de cidade, nao de rua (2,4x mais falha)
1477;;;endereco;Rua Nove, Cezarina - GO, 76195-000, Brasil;Rua Nove Cezarina GO 76195000 Brazil;Cezarina;GO;76195000;-16.97229;-49.7763;-16.97229;-49.7763;;ALTO;"sem numero de porta; CEP generico de cidade, nao de rua (2,4x mais falha)"
1478;;;endereco;Prefeitura de Valinhos, Rua Antônio Carlos, 301, Centro, Valinhos - SP, 13270-005, Brasil;Rua Antonio Carlos 301 Valinhos SP 13270005 Brazil;Valinhos;SP;13270005;-22.97126;-46.99382;-22.97126;-46.99382;Centro;;
1480;;;endereco;Algodão Doce, Avenida Barão do Rio Branco, 351, Santa Rita do Sapucaí - MG, 37536-042, Brasil;Avenida Barao do Rio Branco 351 Santa Rita do Sapucai MG 37536042 Brazil;Santa Rita do Sapucaí;MG;37536042;-22.2521;-45.7035;-22.2521;-45.7035;;;
1481;;;endereco;Rua Hélio Gomes, 45, São Cristóvão, Teófilo Otoni - MG, 39804-542, Brasil;Rua Helio Gomes 45 Teofilo Otoni MG 39804542 Brazil;Teófilo Otoni;MG;39804542;-17.84073;-41.51505;-17.84073;-41.51505;São Cristóvão;;
1482;;;endereco;Parque, Rua Pastor João Marcondes, Jandaia do Sul - PR, 86900-000, Brasil;Parque Rua Pastor Joao Marcondes Jandaia do Sul PR 86900000 Brazil;Jandaia do Sul;PR;86900000;-23.60361;-51.63955;-23.60361;-51.63955;;ALTO;"sem numero de porta; CEP generico de cidade, nao de rua (2,4x mais falha)"
1483;;;endereco;ERS-734, Rio Grande - RS, 96216-400, Brasil;ERS 734 Rio Grande RS 96216400 Brazil;Rio Grande;RS;96216400;-32.11729;-52.17569;-32.11729;-52.17569;;ALTO;"sem numero de porta; logradouro sem nome"
1484;;;endereco;Rua Ângelo Sordi, 456, Santa Rosa de Viterbo - SP, 14270-000, Brasil;Rua Angelo Sordi 456 Santa Rosa de Viterbo SP 14270000 Brazil;Santa Rosa de Viterbo;SP;14270000;-21.49232;-47.37873;-21.49232;-47.37873;;MEDIO;CEP generico de cidade, nao de rua (2,4x mais falha)
1485;;;endereco;Rodovia Raposo Tavares, Araçoiaba da Serra - SP, 18190-000, Brasil;Rodovia Raposo Tavares Aracoiaba da Serra SP 18190000 Brazil;Araçoiaba da Serra;SP;18190000;-23.53458;-47.63555;-23.53458;-47.63555;;ALTO;"endereco de rodovia (57-67% falharam); sem numero de porta; CEP generico de cidade, nao de rua (2,4x mais falha)"
1486;;;endereco;SUBWAY, Erw S Bloco M, Asa Sul, Brasília - DF, Brasil;SUBWAY Erw S Bloco M Asa Sul Brasilia DF Brazil;Brasília;DF;;-15.79599;-47.88504;-15.79599;-47.88504;;ALTO;sem numero de porta
1487;;;endereco;Ipe Country Clube, Rua Olavo Campanha, 90, Itambacuri - MG, 39830-000, Brasil;Rua Olavo Campanha 90 Itambacuri MG 39830000 Brazil;Itambacuri;MG;39830000;-18.03208;-41.68285;-18.03208;-41.68285;;MEDIO;CEP generico de cidade, nao de rua (2,4x mais falha)
1488;;;endereco;Barretos Park Hotel, Los Angeles, Barretos - SP, 14786-115, Brasil;Barretos Park Hotel Los Angeles Barretos SP 14786115 Brazil;Barretos;SP;14786115;-20.50446;-48.59257;-20.50446;-48.59257;;ALTO;sem numero de porta
1489;;;endereco;Avenida Senhora de Copacabana, 87, Lagoa Santa - MG, 33400-000, Brasil;Avenida Senhora de Copacabana 87 Lagoa Santa MG 33400000 Brazil;Lagoa Santa;MG;33400000;-19.64982;-43.89925;-19.64982;-43.89925;;MEDIO;CEP generico de cidade, nao de rua (2,4x mais falha)
1490;;;endereco;Avenida Marechal Cordeiro de Farias, 79, Ivaiporã - PR, 86870-000, Brasil;Avenida Marechal Cordeiro de Farias 79 Ivaipora PR 86870000 Brazil;Ivaiporã;PR;86870000;-24.24313;-51.67658;-24.24313;-51.67658;;MEDIO;CEP generico de cidade, nao de rua (2,4x mais falha)
1491;;;endereco;Rua Fagundes Varella, 136, Petrópolis - RJ, 25680-100, Brasil;Rua Fagundes Varella 136 Petropolis RJ 25680100 Brazil;Petrópolis;RJ;25680100;-22.50109;-43.18453;-22.50109;-43.18453;;;
1492;;;endereco;Avenida Vinte e Quatro de Outubro, 1946, Medianeira - PR, 85884-000, Brasil;Avenida Vinte e Quatro de Outubro 1946 Medianeira PR 85884000 Brazil;Medianeira;PR;85884000;-25.2842;-54.08625;-25.2842;-54.08625;;MEDIO;CEP generico de cidade, nao de rua (2,4x mais falha)
1493;;;endereco;Panificadora Santo Antônio, Rua Tiradentes, São Jorge do Ivaí - PR, 87190-000, Brasil;Rua Tiradentes Sao Jorge do Ivai PR 87190000 Brazil;São Jorge do Ivaí;PR;87190000;-23.43405;-52.2931;-23.43405;-52.2931;;ALTO;"sem numero de porta; CEP generico de cidade, nao de rua (2,4x mais falha)"
1494;;;endereco;Rua Agapanto, 2, Vargem Grande, Rio de Janeiro - RJ, 22785-000, Brasil;Rua Agapanto 2 Rio de Janeiro RJ 22785000 Brazil;Rio de Janeiro;RJ;22785000;-22.9736;-43.49379;-22.9736;-43.49379;Vargem Grande;MEDIO;CEP generico de cidade, nao de rua (2,4x mais falha)
1495;;;endereco;Avenida Bento Munhoz da Rocha Neto, 995, União da Vitória - PR, 84600-040, Brasil;Avenida Bento Munhoz da Rocha Neto 995 Uniao da Vitoria PR 84600040 Brazil;União da Vitória;PR;84600040;-26.22205;-51.09316;-26.22205;-51.09316;;;
1496;;;endereco;Avenida General André Neves, Paranavaí - PR, Brasil;Avenida General Andre Neves Paranavai PR Brazil;Paranavaí;PR;;-23.09526;-52.48271;-23.09526;-52.48271;;ALTO;sem numero de porta
1497;;;endereco;Rua Noventa, Alexânia - GO, 72930-000, Brasil;Rua Noventa Alexania GO 72930000 Brazil;Alexânia;GO;72930000;-16.08423;-48.5005;-16.08423;-48.5005;;ALTO;"sem numero de porta; CEP generico de cidade, nao de rua (2,4x mais falha)"
1498;;;endereco;Avenida Sansão Carneiro, 182, Galvão - SC, 89838-000, Brasil;Avenida Sansao Carneiro 182 Galvao SC 89838000 Brazil;Galvão;SC;89838000;-26.45474;-52.69343;-26.45474;-52.69343;;MEDIO;CEP generico de cidade, nao de rua (2,4x mais falha)
1499;;;endereco;Rua Miguel José Mansur, 420, Cascatinha, Juiz de Fora - MG, 36033-250, Brasil;Rua Miguel Jose Mansur 420 Juiz de Fora MG 36033250 Brazil;Juiz de Fora;MG;36033250;-21.78378;-43.36008;-21.78378;-43.36008;Cascatinha;;
1500;;;endereco;Avenida da Liberdade, 87, Sé, São Paulo - SP, 01502-000, Brasil;Avenida da Liberdade 87 Sao Paulo SP 01502000 Brazil;São Paulo;SP;01502000;-23.55375;-46.63496;-23.55375;-46.63496;Sé;MEDIO;CEP generico de cidade, nao de rua (2,4x mais falha)
1501;;;endereco;Rua Barão do Rio Branco, 660, Ipuã - SP, 14610-000, Brasil;Rua Barao do Rio Branco 660 Ipua SP 14610000 Brazil;Ipuã;SP;14610000;-20.44431;-48.01326;-20.44431;-48.01326;;MEDIO;CEP generico de cidade, nao de rua (2,4x mais falha)
1502;;;endereco;Rua Vicente Machado, 1893, Country, Cascavel - PR, 62850-000, Brasil;Rua Vicente Machado 1893 Cascavel PR 62850000 Brazil;Cascavel;PR;62850000;-24.94324;-53.45104;-24.94324;-53.45104;Country;MEDIO;CEP generico de cidade, nao de rua (2,4x mais falha)
1503;;;endereco;Rua Estevam Domingos Pederassi, Porto Real - RJ, 27570-000, Brasil;Rua Estevam Domingos Pederassi Porto Real RJ 27570000 Brazil;Porto Real;RJ;27570000;-22.43617;-44.30366;-22.43617;-44.30366;;ALTO;"sem numero de porta; CEP generico de cidade, nao de rua (2,4x mais falha)"
1504;;;endereco;Rua Augusto Pessoa, 88, São Gonçalo do Rio Abaixo - MG, 35935-000, Brasil;Rua Augusto Pessoa 88 Sao Goncalo do Rio Abaixo MG 35935000 Brazil;São Gonçalo do Rio Abaixo;MG;35935000;-19.82627;-43.36004;-19.82627;-43.36004;;MEDIO;CEP generico de cidade, nao de rua (2,4x mais falha)
1505;;;endereco;Rua Ferdinando Malanowski, 87, Cândido de Abreu - PR, 84470-000, Brasil;Rua Ferdinando Malanowski 87 Candido de Abreu PR 84470000 Brazil;Cândido de Abreu;PR;84470000;-24.572;-51.3421;-24.572;-51.3421;;MEDIO;CEP generico de cidade, nao de rua (2,4x mais falha)
1506;;;endereco;PR-498, Japurá - PR, 87225-000, Brasil;PR 498 Japura PR 87225000 Brazil;Japurá;PR;87225000;-23.46979;-52.55472;-23.46979;-52.55472;;ALTO;"sem numero de porta; logradouro sem nome; CEP generico de cidade, nao de rua (2,4x mais falha)"
1507;;;endereco;Santa Cruz Country Club, Country, Santa Cruz do Sul - RS, 96820-790, Brasil;Santa Cruz Country Club Country Santa Cruz do Sul RS 96820790 Brazil;Santa Cruz do Sul;RS;96820790;-29.71136;-52.39969;-29.71136;-52.39969;;ALTO;sem numero de porta
1508;;;endereco;Avenida Geraldo Almeida, 411, Formiga - MG, 35573-120, Brasil;Avenida Geraldo Almeida 411 Formiga MG 35573120 Brazil;Formiga;MG;35573120;-20.49234;-45.43347;-20.49234;-45.43347;;;
1509;;;endereco;Rua do Imperador, 334, Petrópolis - RJ, 25620-003, Brasil;Rua do Imperador 334 Petropolis RJ 25620003 Brazil;Petrópolis;RJ;25620003;-22.5086;-43.17289;-22.5086;-43.17289;;;
1510;;;endereco;Via Expressa de Contagem, Jardim das Alterosas Primeira Seção, Betim - MG, Brasil;Via Expressa de Contagem Jardim das Alterosas Primeira Secao Betim MG Brazil;Betim;MG;;-19.94809;-44.14991;-19.94809;-44.14991;;ALTO;"endereco de rodovia (57-67% falharam); sem numero de porta"
1512;;;endereco;Rua São Geraldo, 259, Nova Santa Rosa - PR, 85930-000, Brasil;Rua Sao Geraldo 259 Nova Santa Rosa PR 85930000 Brazil;Nova Santa Rosa;PR;85930000;-24.47349;-53.95287;-24.47349;-53.95287;;MEDIO;CEP generico de cidade, nao de rua (2,4x mais falha)
1513;;;endereco;Avenida Conselheiro Julius Arp, 145, Nova Friburgo - RJ, 28623-000, Brasil;Avenida Conselheiro Julius Arp 145 Nova Friburgo RJ 28623000 Brazil;Nova Friburgo;RJ;28623000;-22.2918;-42.53672;-22.2918;-42.53672;;MEDIO;CEP generico de cidade, nao de rua (2,4x mais falha)
1514;;;endereco;Rua São Paulo, 922, Lupionópolis - PR, 86635-000, Brasil;Rua Sao Paulo 922 Lupionopolis PR 86635000 Brazil;Lupionópolis;PR;86635000;-22.75762;-51.65822;-22.75762;-51.65822;;MEDIO;CEP generico de cidade, nao de rua (2,4x mais falha)
1515;;;endereco;Rodovia Amador Bueno da Veiga, Socorro, Pindamonhangaba - SP, 12424-590, Brasil;Rodovia Amador Bueno da Veiga Socorro Pindamonhangaba SP 12424590 Brazil;Pindamonhangaba;SP;12424590;-22.9525;-45.48416;-22.9525;-45.48416;;ALTO;"endereco de rodovia (57-67% falharam); sem numero de porta"
1516;;;endereco;Pousada Brilho do Sol, Serra Negra - SP, 13930-000, Brasil;Pousada Brilho do Sol Serra Negra SP 13930000 Brazil;Serra Negra;SP;13930000;-22.57945;-46.65008;-22.57945;-46.65008;;ALTO;"sem numero de porta; CEP generico de cidade, nao de rua (2,4x mais falha)"
1517;;;endereco;Estrada Bougainville, 442, Jacarepaguá, Rio de Janeiro - RJ, 22753-210, Brasil;Estrada Bougainville 442 Rio de Janeiro RJ 22753210 Brazil;Rio de Janeiro;RJ;22753210;-22.97107;-43.32559;-22.97107;-43.32559;Jacarepaguá;ALTO;endereco de rodovia (57-67% falharam)
1518;;;endereco;Avenida Heráclito Fontoura Sobral Pinto, Ribeirão Preto - SP, 14022-020, Brasil;Avenida Heraclito Fontoura Sobral Pinto Ribeirao Preto SP 14022020 Brazil;Ribeirão Preto;SP;14022020;-21.24922;-47.79811;-21.24922;-47.79811;;ALTO;sem numero de porta
1519;;;endereco;Rua do Barreiro, 549, Mairiporã - SP, 07629-322, Brasil;Rua do Barreiro 549 Mairipora SP 07629322 Brazil;Mairiporã;SP;07629322;-23.32472;-46.58799;-23.32472;-46.58799;;;
1520;;;endereco;Avenida Nossa Senhora da Piedade, 94, Piedade, Itajubá - MG, 37504-593, Brasil;Avenida Nossa Senhora da Piedade 94 Itajuba MG 37504593 Brazil;Itajubá;MG;37504593;-22.44535;-45.4879;-22.44535;-45.4879;Piedade;;
1521;;;endereco;Rua Pio X II, 580, Ivatuba - PR, 87130-000, Brasil;Rua Pio X II 580 Ivatuba PR 87130000 Brazil;Ivatuba;PR;87130000;-23.61932;-52.2207;-23.61932;-52.2207;;MEDIO;CEP generico de cidade, nao de rua (2,4x mais falha)
1522;;;endereco;Rua José Cota, 60, Ilha de Guaratiba, Rio de Janeiro - RJ, 23020-590, Brasil;Rua Jose Cota 60 Rio de Janeiro RJ 23020590 Brazil;Rio de Janeiro;RJ;23020590;-22.9946;-43.54871;-22.9946;-43.54871;Ilha de Guaratiba;;
1523;;;endereco;Rodovia ARA-227, Araranguá - SC, 88900-000, Brasil;Rodovia ARA 227 Ararangua SC 88900000 Brazil;Araranguá;SC;88900000;-28.94319;-49.42701;-28.94319;-49.42701;;ALTO;"endereco de rodovia (57-67% falharam); sem numero de porta; CEP generico de cidade, nao de rua (2,4x mais falha)"
1524;;;endereco;Rua José A. Moreira, 95, Queluz - SP, 12800-000, Brasil;Rua Jose A Moreira 95 Queluz SP 12800000 Brazil;Queluz;SP;12800000;-22.53134;-44.77801;-22.53134;-44.77801;;MEDIO;CEP generico de cidade, nao de rua (2,4x mais falha)
1525;;;endereco;Quiosque 5, Arujá - SP, 07400-000, Brasil;Quiosque 5 Aruja SP 07400000 Brazil;Arujá;SP;07400000;-23.4113;-46.37036;-23.4113;-46.37036;;ALTO;"logradouro sem nome; CEP generico de cidade, nao de rua (2,4x mais falha)"
1526;;;endereco;Rua Chile, 82, Vila Progresso, Niterói - RJ, 24322-000, Brasil;Rua Chile 82 Niteroi RJ 24322000 Brazil;Niterói;RJ;24322000;-22.89734;-43.03429;-22.89734;-43.03429;Vila Progresso;MEDIO;CEP generico de cidade, nao de rua (2,4x mais falha)
1527;;;endereco;Rua Fioravante Druda, 256, Ubá - MG, 36500-000, Brasil;Rua Fioravante Druda 256 Uba MG 36500000 Brazil;Ubá;MG;36500000;-21.1293;-42.95011;-21.1293;-42.95011;;MEDIO;CEP generico de cidade, nao de rua (2,4x mais falha)
1528;;;endereco;Estrada das Arcas Próximo ao 2525, Rua Manoel Raposo da Silva, Itaipava, Petrópolis - RJ, 25745-430, Brasil;Estrada das Arcas Proximo ao 2525 Petropolis RJ 25745430 Brazil;Petrópolis;RJ;25745430;-22.38245;-43.11804;-22.38245;-43.11804;Rua Manoel Raposo da Silva Itaipava;ALTO;endereco de rodovia (57-67% falharam)
1529;;;endereco;Rua Itabaiana, 303, Grajaú, Rio de Janeiro - RJ, 20561-050, Brasil;Rua Itabaiana 303 Rio de Janeiro RJ 20561050 Brazil;Rio de Janeiro;RJ;20561050;-22.92273;-43.26725;-22.92273;-43.26725;Grajaú;;
1530;;;endereco;Emeief Dom Pedro II, Rua Manoel Ribas, 356, Matelândia - PR, 85887-000, Brasil;Rua Manoel Ribas 356 Matelandia PR 85887000 Brazil;Matelândia;PR;85887000;-25.24673;-53.98119;-25.24673;-53.98119;;MEDIO;CEP generico de cidade, nao de rua (2,4x mais falha)
1531;;;endereco;Rua Palmitos, 666, Efapi, Chapecó - SC, 89809-600, Brasil;Rua Palmitos 666 Chapeco SC 89809600 Brazil;Chapecó;SC;89809600;-27.10225;-52.67013;-27.10225;-52.67013;Efapi;;
1532;;;endereco;Rua Durval de Oliveira, São Carlos - SP, 13571-783, Brasil;Rua Durval de Oliveira Sao Carlos SP 13571783 Brazil;São Carlos;SP;13571783;-22.07824;-47.83708;-22.07824;-47.83708;;ALTO;sem numero de porta
1533;;;endereco;Estrada da Ilha, 4830, Joinville - SC, 89239-250, Brasil;Estrada da Ilha 4830 Joinville SC 89239250 Brazil;Joinville;SC;89239250;-26.22169;-48.88302;-26.22169;-48.88302;;ALTO;endereco de rodovia (57-67% falharam)
1534;;;endereco;Rua João Guimarães, 371, Centro, Trajano de Moraes - RJ, 28750-000, Brasil;Rua Joao Guimaraes 371 Trajano de Moraes RJ 28750000 Brazil;Trajano de Moraes;RJ;28750000;-22.06391;-42.0603;-22.06391;-42.0603;Centro;MEDIO;CEP generico de cidade, nao de rua (2,4x mais falha)
1535;;;endereco;Estrada Marechal Marciano Ávila, 24, Restinga, Porto Alegre - RS, 91787-340, Brasil;Estrada Marechal Marciano Avila 24 Porto Alegre RS 91787340 Brazil;Porto Alegre;RS;91787340;-30.13241;-51.17187;-30.13241;-51.17187;Restinga;ALTO;endereco de rodovia (57-67% falharam)
1537;;;endereco;Rua Joaquim C. de Rezende, Guaxupé - MG, 37800-000, Brasil;Rua Joaquim C de Rezende Guaxupe MG 37800000 Brazil;Guaxupé;MG;37800000;-21.303;-46.69873;-21.303;-46.69873;;ALTO;"sem numero de porta; CEP generico de cidade, nao de rua (2,4x mais falha)"
1538;;;endereco;Avenida Minas Gerais, 2176, Maria Eugênia, Governador Valadares - MG, 35057-760, Brasil;Avenida Minas Gerais 2176 Governador Valadares MG 35057760 Brazil;Governador Valadares;MG;35057760;-18.84244;-41.9545;-18.84244;-41.9545;Maria Eugênia;;
1539;;;endereco;Avenida do Jaceguava, 2961, Parelheiros, São Paulo - SP, 04870-425, Brasil;Avenida do Jaceguava 2961 Sao Paulo SP 04870425 Brazil;São Paulo;SP;04870425;-23.77799;-46.74367;-23.77799;-46.74367;Parelheiros;;
1540;;;endereco;Rua Francisco C. Sobrinho, Vianópolis - GO, 75265-000, Brasil;Rua Francisco C Sobrinho Vianopolis GO 75265000 Brazil;Vianópolis;GO;75265000;-16.75394;-48.51783;-16.75394;-48.51783;;ALTO;"sem numero de porta; CEP generico de cidade, nao de rua (2,4x mais falha)"
1541;;;endereco;Avenida X, 289, Moradas da Colina, Guaíba - RS, 92500-000, Brasil;Avenida X 289 Guaiba RS 92500000 Brazil;Guaíba;RS;92500000;-30.13124;-51.33899;-30.13124;-51.33899;Moradas da Colina;MEDIO;CEP generico de cidade, nao de rua (2,4x mais falha)
1542;;;endereco;Estrada S. S. das Águas Claras, São Sebastião das Águas Claras, Nova Lima - MG, 34000-000, Brasil;Estrada S S das Aguas Claras Sao Sebastiao das Aguas Claras Nova Lima MG 34000000 Brazil;Nova Lima;MG;34000000;-20.03275;-43.93735;-20.03275;-43.93735;;ALTO;"endereco de rodovia (57-67% falharam); sem numero de porta; CEP generico de cidade, nao de rua (2,4x mais falha)"
1543;;;endereco;LMG-882, 202, Silvianópolis - MG, 37560-000, Brasil;LMG 882 202 Silvianopolis MG 37560000 Brazil;Silvianópolis;MG;37560000;-22.02721;-45.83578;-22.02721;-45.83578;;ALTO;"logradouro sem nome; CEP generico de cidade, nao de rua (2,4x mais falha)"
1544;;;endereco;Rua Arnaldo Busato, 3481, Realeza - PR, 85770-000, Brasil;Rua Arnaldo Busato 3481 Realeza PR 85770000 Brazil;Realeza;PR;85770000;-25.77155;-53.53443;-25.77155;-53.53443;;MEDIO;CEP generico de cidade, nao de rua (2,4x mais falha)
1545;;;endereco;Rua Sete de Setembro, 1204, Tapejara - PR, 87430-000, Brasil;Rua Sete de Setembro 1204 Tapejara PR 87430000 Brazil;Tapejara;PR;87430000;-23.73477;-52.85892;-23.73477;-52.85892;;MEDIO;CEP generico de cidade, nao de rua (2,4x mais falha)
1546;;;endereco;Pastelaria Machado, Praça Antônio Ferreira Leme, São Miguel Arcanjo - SP, 18230-000, Brasil;Pastelaria Machado Praca Antonio Ferreira Leme Sao Miguel Arcanjo SP 18230000 Brazil;São Miguel Arcanjo;SP;18230000;-23.87862;-47.99395;-23.87862;-47.99395;;ALTO;"sem numero de porta; CEP generico de cidade, nao de rua (2,4x mais falha)"
1547;;;endereco;Praça Manoel dos Reis Filho, 100, Jaraguá, Belo Horizonte - MG, 31270-870, Brasil;Praca Manoel dos Reis Filho 100 Belo Horizonte MG 31270870 Brazil;Belo Horizonte;MG;31270870;-19.85583;-43.94854;-19.85583;-43.94854;Jaraguá;;
1548;;;endereco;Rodovia dos Inconfidentes, Novo Itabirito, Itabirito - MG, 35450-000, Brasil;Rodovia dos Inconfidentes Novo Itabirito Itabirito MG 35450000 Brazil;Itabirito;MG;35450000;-20.26622;-43.76957;-20.26622;-43.76957;;ALTO;"endereco de rodovia (57-67% falharam); sem numero de porta; CEP generico de cidade, nao de rua (2,4x mais falha)"
1549;;;endereco;Avenida João Medeiros, 2009, Ubiratã - PR, 85440-000, Brasil;Avenida Joao Medeiros 2009 Ubirata PR 85440000 Brazil;Ubiratã;PR;85440000;-24.54032;-52.98283;-24.54032;-52.98283;;MEDIO;CEP generico de cidade, nao de rua (2,4x mais falha)
1550;;;endereco;Avenida Brasil, 28725, Realengo, Rio de Janeiro - RJ, 21730-231, Brasil;Avenida Brasil 28725 Rio de Janeiro RJ 21730231 Brazil;Rio de Janeiro;RJ;21730231;-22.86294;-43.44316;-22.86294;-43.44316;Realengo;;
1551;;;endereco;Rua Amazonas, Braz I, Avaré - SP, 18701-180, Brasil;Rua Amazonas Braz I Avare SP 18701180 Brazil;Avaré;SP;18701180;-23.10041;-48.91602;-23.10041;-48.91602;;ALTO;sem numero de porta
1552;;;endereco;Avenida Um, 539, Espírito Santo, Valinhos - SP, 13273-609, Brasil;Avenida Um 539 Valinhos SP 13273609 Brazil;Valinhos;SP;13273609;-22.94049;-46.97731;-22.94049;-46.97731;Espírito Santo;;
1553;;;endereco;Rodovia Marechal Rondon, Lins - SP, Brasil;Rodovia Marechal Rondon Lins SP Brazil;Lins;SP;;-21.71529;-49.72855;-21.71529;-49.72855;;ALTO;"endereco de rodovia (57-67% falharam); sem numero de porta"
1554;;;endereco;Rua Ludovico Barbosa, 385, Nova Lima - MG, 34004-630, Brasil;Rua Ludovico Barbosa 385 Nova Lima MG 34004630 Brazil;Nova Lima;MG;34004630;-20.00231;-43.88968;-20.00231;-43.88968;;;
1555;;;endereco;Avenida dos Amores, 123, Itaipava, Petrópolis - RJ, 25730-320, Brasil;Avenida dos Amores 123 Petropolis RJ 25730320 Brazil;Petrópolis;RJ;25730320;-22.41427;-43.1274;-22.41427;-43.1274;Itaipava;;
1556;;;endereco;Avenida Presidente Castelo Branco, 935, Dois Vizinhos - PR, 85660-000, Brasil;Avenida Presidente Castelo Branco 935 Dois Vizinhos PR 85660000 Brazil;Dois Vizinhos;PR;85660000;-25.74655;-53.06151;-25.74655;-53.06151;;MEDIO;CEP generico de cidade, nao de rua (2,4x mais falha)
1557;;;endereco;Rua Fábio José Ribeiro, 314, Casimiro de Abreu - RJ, 28860-000, Brasil;Rua Fabio Jose Ribeiro 314 Casimiro de Abreu RJ 28860000 Brazil;Casimiro de Abreu;RJ;28860000;-22.48368;-42.20163;-22.48368;-42.20163;;MEDIO;CEP generico de cidade, nao de rua (2,4x mais falha)
1558;;;endereco;Avenida Country Club, 4995, Cascatinha, Petrópolis - RJ, 25730-410, Brasil;Avenida Country Club 4995 Petropolis RJ 25730410 Brazil;Petrópolis;RJ;25730410;-22.42866;-43.11602;-22.42866;-43.11602;Cascatinha;;
1559;;;endereco;Avenida Avelino Vieira, 162, Wenceslau Braz - PR, 84950-000, Brasil;Avenida Avelino Vieira 162 Wenceslau Braz PR 84950000 Brazil;Wenceslau Braz;PR;84950000;-23.87137;-49.8023;-23.87137;-49.8023;;MEDIO;CEP generico de cidade, nao de rua (2,4x mais falha)
1560;;;endereco;Avenida Paraná, 643, Kaloré - PR, 86920-000, Brasil;Avenida Parana 643 Kalore PR 86920000 Brazil;Kaloré;PR;86920000;-23.82542;-51.66814;-23.82542;-51.66814;;MEDIO;CEP generico de cidade, nao de rua (2,4x mais falha)
1561;;;endereco;Casa da Juh e do Andrew, Centro, São José dos Pinhais - PR, 83005-160, Brasil;Casa da Juh e do Andrew Centro Sao Jose dos Pinhais PR 83005160 Brazil;São José dos Pinhais;PR;83005160;-25.53208;-49.20362;-25.53208;-49.20362;;ALTO;sem numero de porta
1562;;;endereco;Rua Senador Dantas, 701, Carmo - RJ, 28640-000, Brasil;Rua Senador Dantas 701 Carmo RJ 28640000 Brazil;Carmo;RJ;28640000;-21.93138;-42.60495;-21.93138;-42.60495;;MEDIO;CEP generico de cidade, nao de rua (2,4x mais falha)
1563;;;endereco;Farmácias São João, Rua Alfredo Winck, 829, Chapada - RS, 99530-000, Brasil;Rua Alfredo Winck 829 Chapada RS 99530000 Brazil;Chapada;RS;99530000;-28.05757;-53.06831;-28.05757;-53.06831;;MEDIO;CEP generico de cidade, nao de rua (2,4x mais falha)
1564;;;endereco;Rua José Ribeiro da Silva, 1101, Jardim Recanto do Bosque, São João da Boa Vista - SP, 13874-421, Brasil;Rua Jose Ribeiro da Silva 1101 Sao Joao da Boa Vista SP 13874421 Brazil;São João da Boa Vista;SP;13874421;-21.97043;-46.76266;-21.97043;-46.76266;Jardim Recanto do Bosque;;
1565;;;endereco;Rua Uruguai, 574, Tijuca, Rio de Janeiro - RJ, 20510-060, Brasil;Rua Uruguai 574 Rio de Janeiro RJ 20510060 Brazil;Rio de Janeiro;RJ;20510060;-22.93634;-43.23884;-22.93634;-43.23884;Tijuca;;
1566;;;endereco;Rua Marechal Deodoro da Fonseca, 167, Cristina - MG, 37476-000, Brasil;Rua Marechal Deodoro da Fonseca 167 Cristina MG 37476000 Brazil;Cristina;MG;37476000;-22.20169;-45.25973;-22.20169;-45.25973;;MEDIO;CEP generico de cidade, nao de rua (2,4x mais falha)
1567;;;endereco;Estrada Rural, Cafelândia - PR, 85415-000, Brasil;Estrada Rural Cafelandia PR 85415000 Brazil;Cafelândia;PR;85415000;-24.61262;-53.32517;-24.61262;-53.32517;;ALTO;"endereco de rodovia (57-67% falharam); sem numero de porta; CEP generico de cidade, nao de rua (2,4x mais falha)"
1568;;;endereco;Praça Treze de Maio, 131, Pedregulho, Guaratinguetá - SP, 12515-025, Brasil;Praca Treze de Maio 131 Guaratingueta SP 12515025 Brazil;Guaratinguetá;SP;12515025;-22.80792;-45.1969;-22.80792;-45.1969;Pedregulho;;
1570;;;endereco;Rua Prudente de Morais, 1597, Ipanema, Rio de Janeiro - RJ, 22420-043, Brasil;Rua Prudente de Morais 1597 Rio de Janeiro RJ 22420043 Brazil;Rio de Janeiro;RJ;22420043;-22.98505;-43.21242;-22.98505;-43.21242;Ipanema;;
1571;;;endereco;Rua João Antônio de Sousa, João Pinheiro - MG, 38770-000, Brasil;Rua Joao Antonio de Sousa Joao Pinheiro MG 38770000 Brazil;João Pinheiro;MG;38770000;-17.74051;-46.17416;-17.74051;-46.17416;;ALTO;"sem numero de porta; CEP generico de cidade, nao de rua (2,4x mais falha)"
1572;;;endereco;Avenida Alberto Carazzai, 313, Cornélio Procópio - PR, 86300-000, Brasil;Avenida Alberto Carazzai 313 Cornelio Procopio PR 86300000 Brazil;Cornélio Procópio;PR;86300000;-23.18493;-50.64275;-23.18493;-50.64275;;MEDIO;CEP generico de cidade, nao de rua (2,4x mais falha)
1573;;;endereco;Rua Careiro, 69, Cangaíba, São Paulo - SP, 03758-040, Brasil;Rua Careiro 69 Sao Paulo SP 03758040 Brazil;São Paulo;SP;03758040;-23.50294;-46.50189;-23.50294;-46.50189;Cangaíba;;
1574;;;endereco;Eliana - Maria Mole Ateliã., Rua Coronel Capucho, 66, Santo Antônio da Platina - PR, 86430-000, Brasil;Rua Coronel Capucho 66 Santo Antonio da Platina PR 86430000 Brazil;Santo Antônio da Platina;PR;86430000;-23.29817;-50.07278;-23.29817;-50.07278;;MEDIO;CEP generico de cidade, nao de rua (2,4x mais falha)
1575;;;endereco;Algodão Doce, Avenida Barão do Rio Branco, 351, Santa Rita do Sapucaí - MG, 37536-042, Brasil;Avenida Barao do Rio Branco 351 Santa Rita do Sapucai MG 37536042 Brazil;Santa Rita do Sapucaí;MG;37536042;-22.2521;-45.7035;-22.2521;-45.7035;;;
1576;;;endereco;Estrada da Gávea, 800, São Conrado, Rio de Janeiro - RJ, 22610-002, Brasil;Estrada da Gavea 800 Rio de Janeiro RJ 22610002 Brazil;Rio de Janeiro;RJ;22610002;-22.99731;-43.26435;-22.99731;-43.26435;São Conrado;ALTO;endereco de rodovia (57-67% falharam)
1577;;;endereco;Rua XV de Novembro, 7640, Centro, Guarapuava - PR, 85010-000, Brasil;Rua XV de Novembro 7640 Guarapuava PR 85010000 Brazil;Guarapuava;PR;85010000;-25.39424;-51.46741;-25.39424;-51.46741;Centro;MEDIO;CEP generico de cidade, nao de rua (2,4x mais falha)
1578;;;endereco;GO-330, Campo Limpo de Goiás - GO, 75160-000, Brasil;GO 330 Campo Limpo de Goias GO 75160000 Brazil;Campo Limpo de Goiás;GO;75160000;-16.31616;-49.06327;-16.31616;-49.06327;;ALTO;"sem numero de porta; logradouro sem nome; CEP generico de cidade, nao de rua (2,4x mais falha)"
1579;;;endereco;Rua Dona Dagmar, 230, Centro, Belford Roxo - RJ, 26130-220, Brasil;Rua Dona Dagmar 230 Belford Roxo RJ 26130220 Brazil;Belford Roxo;RJ;26130220;-22.76679;-43.40286;-22.76679;-43.40286;Centro;;
1580;;;endereco;Rua Oitenta e Oito, 7-12, Baliza-Itaipu, Goiânia - GO, 74355-466, Brasil;Rua Oitenta e Oito 7 12 Baliza Itaipu Goiania GO 74355466 Brazil;Goiânia;GO;74355466;-16.78242;-49.35388;-16.78242;-49.35388;;ALTO;sem numero de porta
1581;;;endereco;Avenida Manoel Cabral, Jundiaí - SP, 13211-224, Brasil;Avenida Manoel Cabral Jundiai SP 13211224 Brazil;Jundiaí;SP;13211224;-23.19056;-46.9364;-23.19056;-46.9364;;ALTO;sem numero de porta
1582;;;endereco;Rua Professor Antônio Reginato, 238, Marília - SP, 17526-290, Brasil;Rua Professor Antonio Reginato 238 Marilia SP 17526290 Brazil;Marília;SP;17526290;-22.23256;-49.98021;-22.23256;-49.98021;;;
1583;;;endereco;Rua Barão do Rio Branco, 150, Campo Belo - MG, 37270-000, Brasil;Rua Barao do Rio Branco 150 Campo Belo MG 37270000 Brazil;Campo Belo;MG;37270000;-20.8939;-45.27226;-20.8939;-45.27226;;MEDIO;CEP generico de cidade, nao de rua (2,4x mais falha)
1584;;;endereco;ímpar, Rua Nilo Peçanha, Zona 4, Maringá - PR, 87014-240, Brasil;Rua Nilo Pecanha Zona 4 Maringa PR 87014240 Brazil;Maringá;PR;87014240;-23.43413;-51.94715;-23.43413;-51.94715;;;
1585;;;endereco;Rua Neném Baiano, 17, Águas Formosas - MG, 39880-000, Brasil;Rua Nenem Baiano 17 Aguas Formosas MG 39880000 Brazil;Águas Formosas;MG;39880000;-17.0806;-40.93886;-17.0806;-40.93886;;MEDIO;CEP generico de cidade, nao de rua (2,4x mais falha)
1586;;;endereco;Avenida Quatorze de Dezembro, 47, Nova Fátima - PR, 86310-000, Brasil;Avenida Quatorze de Dezembro 47 Nova Fatima PR 86310000 Brazil;Nova Fátima;PR;86310000;-23.43643;-50.56211;-23.43643;-50.56211;;MEDIO;CEP generico de cidade, nao de rua (2,4x mais falha)
1587;;;endereco;Rua Dezesseis, 850, Centro, Barretos - SP, 14780-050, Brasil;Rua Dezesseis 850 Barretos SP 14780050 Brazil;Barretos;SP;14780050;-20.55997;-48.56603;-20.55997;-48.56603;Centro;;
1588;;;endereco;Rua Coronel João de Barros, 340, Centro, Passos - MG, 37900-049, Brasil;Rua Coronel Joao de Barros 340 Passos MG 37900049 Brazil;Passos;MG;37900049;-20.72058;-46.61181;-20.72058;-46.61181;Centro;;
1589;;;endereco;Rua José Simões, 583, Pará de Minas - MG, 35661-258, Brasil;Rua Jose Simoes 583 Para de Minas MG 35661258 Brazil;Pará de Minas;MG;35661258;-19.88287;-44.59782;-19.88287;-44.59782;;;
1590;;;endereco;Bar e Restaurante Grotão, Rua João Batista Ferreira, Leopoldina - MG, 36700-482, Brasil;Rua Joao Batista Ferreira Leopoldina MG 36700482 Brazil;Leopoldina;MG;36700482;-21.53195;-42.61747;-21.53195;-42.61747;;ALTO;sem numero de porta
1591;;;endereco;Avenida Hurlinghan, 8, Indaiatuba - SP, 13337-420, Brasil;Avenida Hurlinghan 8 Indaiatuba SP 13337420 Brazil;Indaiatuba;SP;13337420;-23.06232;-47.15726;-23.06232;-47.15726;;;
1592;;;endereco;Academia do Caravela, Rua Salvira Marques, Carlópolis - PR, 86420-000, Brasil;Rua Salvira Marques Carlopolis PR 86420000 Brazil;Carlópolis;PR;86420000;-23.41993;-49.7178;-23.41993;-49.7178;;ALTO;"sem numero de porta; CEP generico de cidade, nao de rua (2,4x mais falha)"
1593;;;endereco;BR-153, Jardim das Acácias, Aparecida de Goiânia - GO, 74987-300, Brasil;BR 153 Jardim das Acacias Aparecida de Goiania GO 74987300 Brazil;Aparecida de Goiânia;GO;74987300;-16.81848;-49.24059;-16.81848;-49.24059;;ALTO;sem numero de porta
1594;;;endereco;Shell, Rodovia Santos Dumont, Itaobim - MG, 39625-000, Brasil;Rodovia Santos Dumont Itaobim MG 39625000 Brazil;Itaobim;MG;39625000;-16.55857;-41.50257;-16.55857;-41.50257;;ALTO;"endereco de rodovia (57-67% falharam); sem numero de porta; CEP generico de cidade, nao de rua (2,4x mais falha)"
1595;;;endereco;Estrada Iva-351, Itupeva - SP, 13295-000, Brasil;Estrada Iva 351 Itupeva SP 13295000 Brazil;Itupeva;SP;13295000;-23.1688;-47.07126;-23.1688;-47.07126;;ALTO;"endereco de rodovia (57-67% falharam); sem numero de porta; CEP generico de cidade, nao de rua (2,4x mais falha)"
1596;;;endereco;Avenida Juscelino Kubitschek, 94, Lagoa Formosa - MG, 38720-000, Brasil;Avenida Juscelino Kubitschek 94 Lagoa Formosa MG 38720000 Brazil;Lagoa Formosa;MG;38720000;-18.77489;-46.40601;-18.77489;-46.40601;;MEDIO;CEP generico de cidade, nao de rua (2,4x mais falha)
1597;;;endereco;Rua Adão de Oliveira, 712, Tapira - PR, 87830-000, Brasil;Rua Adao de Oliveira 712 Tapira PR 87830000 Brazil;Tapira;PR;87830000;-23.32607;-53.06649;-23.32607;-53.06649;;MEDIO;CEP generico de cidade, nao de rua (2,4x mais falha)
1598;;;endereco;Avenida Munhoz da Rocha, Cabral, Curitiba - PR, 80035-000, Brasil;Avenida Munhoz da Rocha Cabral Curitiba PR 80035000 Brazil;Curitiba;PR;80035000;-25.40716;-49.24861;-25.40716;-49.24861;;ALTO;"sem numero de porta; CEP generico de cidade, nao de rua (2,4x mais falha)"
1599;;;endereco;Rua Moacyr Barbosa, 264, Piraí - RJ, 27175-000, Brasil;Rua Moacyr Barbosa 264 Pirai RJ 27175000 Brazil;Piraí;RJ;27175000;-22.62634;-43.90575;-22.62634;-43.90575;;MEDIO;CEP generico de cidade, nao de rua (2,4x mais falha)
1600;;;endereco;Rua Rio Grande do Sul, 850, Paracatu - MG, 38600-000, Brasil;Rua Rio Grande do Sul 850 Paracatu MG 38600000 Brazil;Paracatu;MG;38600000;-17.22024;-46.87013;-17.22024;-46.87013;;MEDIO;CEP generico de cidade, nao de rua (2,4x mais falha)
1601;;;endereco;Rua Aureliano Coutinho, Petrópolis - RJ, 25625-000, Brasil;Rua Aureliano Coutinho Petropolis RJ 25625000 Brazil;Petrópolis;RJ;25625000;-22.51129;-43.17792;-22.51129;-43.17792;;ALTO;"sem numero de porta; CEP generico de cidade, nao de rua (2,4x mais falha)"
1602;;;endereco;Acesso ao Cajubá Country Clube, Vigilato Pereira, Uberlândia - MG, 38408-616, Brasil;Acesso ao Cajuba Country Clube Vigilato Pereira Uberlandia MG 38408616 Brazil;Uberlândia;MG;38408616;-18.93114;-48.27535;-18.93114;-48.27535;;ALTO;sem numero de porta
1603;;;endereco;Rua Vereador Altamiro Campos Silveira, 15, Rodeiro - MG, 36510-000, Brasil;Rua Vereador Altamiro Campos Silveira 15 Rodeiro MG 36510000 Brazil;Rodeiro;MG;36510000;-21.20341;-42.85943;-21.20341;-42.85943;;MEDIO;CEP generico de cidade, nao de rua (2,4x mais falha)
1604;;;endereco;Avenida Tancredo Neves, 110, Itapirapuã - GO, 76290-000, Brasil;Avenida Tancredo Neves 110 Itapirapua GO 76290000 Brazil;Itapirapuã;GO;76290000;-15.82642;-50.60891;-15.82642;-50.60891;;MEDIO;CEP generico de cidade, nao de rua (2,4x mais falha)
1605;;;endereco;Rua Líbero Badaró, 322, Passo da Areia, Porto Alegre - RS, 91340-230, Brasil;Rua Libero Badaro 322 Porto Alegre RS 91340230 Brazil;Porto Alegre;RS;91340230;-30.02012;-51.17126;-30.02012;-51.17126;Passo da Areia;;
1606;;;endereco;Rua Bandeirantes, 893, Andirá - PR, 86380-000, Brasil;Rua Bandeirantes 893 Andira PR 86380000 Brazil;Andirá;PR;86380000;-23.04396;-50.22634;-23.04396;-50.22634;;MEDIO;CEP generico de cidade, nao de rua (2,4x mais falha)
1607;;;endereco;Rua Saladino de Araújo Leite, 451, Piedade - SP, 18170-000, Brasil;Rua Saladino de Araujo Leite 451 Piedade SP 18170000 Brazil;Piedade;SP;18170000;-23.71181;-47.40561;-23.71181;-47.40561;;MEDIO;CEP generico de cidade, nao de rua (2,4x mais falha)
1608;;;endereco;Rua Natal, 675, Marilena - PR, 87960-000, Brasil;Rua Natal 675 Marilena PR 87960000 Brazil;Marilena;PR;87960000;-22.73553;-53.03895;-22.73553;-53.03895;;MEDIO;CEP generico de cidade, nao de rua (2,4x mais falha)
1609;;;endereco;Smpw Quadra 18 Conjunto 3, Park Way - DF, 71741-800, Brasil;Smpw Quadra 18 Park Way DF 71741800 Brazil;Park Way;DF;71741800;-15.90853;-47.94067;-15.90853;-47.94067;Conjunto 3;;
1610;;;endereco;Rua Vicente Machado, Sertaneja - PR, 86340-000, Brasil;Rua Vicente Machado Sertaneja PR 86340000 Brazil;Sertaneja;PR;86340000;-23.0341;-50.8232;-23.0341;-50.8232;;ALTO;"sem numero de porta; CEP generico de cidade, nao de rua (2,4x mais falha)"
1611;;;endereco;Avenida Flamboyant, 17, Altos de São Fernando, Jandira - SP, 06630-000, Brasil;Avenida Flamboyant 17 Jandira SP 06630000 Brazil;Jandira;SP;06630000;-23.55343;-46.89199;-23.55343;-46.89199;Altos de São Fernando;MEDIO;CEP generico de cidade, nao de rua (2,4x mais falha)
1612;;;endereco;Rua Estilac Leal, 401, Rolândia - PR, 86600-115, Brasil;Rua Estilac Leal 401 Rolandia PR 86600115 Brazil;Rolândia;PR;86600115;-23.31116;-51.36487;-23.31116;-51.36487;;;
1614;;;endereco;Rua da Cultura, 422, Tupãssi - PR, 85945-000, Brasil;Rua da Cultura 422 Tupassi PR 85945000 Brazil;Tupãssi;PR;85945000;-24.59003;-53.51844;-24.59003;-53.51844;;MEDIO;CEP generico de cidade, nao de rua (2,4x mais falha)
1615;;;endereco;Rua Almirante Barroso, 152, São José dos Campos - SP, 12234-020, Brasil;Rua Almirante Barroso 152 Sao Jose dos Campos SP 12234020 Brazil;São José dos Campos;SP;12234020;-23.27657;-45.90204;-23.27657;-45.90204;;;
1616;;;endereco;Beercode, Vila Ipiranga, Porto Alegre - RS, 91340-001, Brasil;Vila Ipiranga Porto Alegre RS 91340001 Brazil;Porto Alegre;RS;91340001;-30.02502;-51.16241;-30.02502;-51.16241;;ALTO;sem numero de porta
1617;;;endereco;LE LIS BLANC, Sanvitto, Caxias do Sul - RS, 95112-360, Brasil;LE LIS BLANC Sanvitto Caxias do Sul RS 95112360 Brazil;Caxias do Sul;RS;95112360;-29.17604;-51.22064;-29.17604;-51.22064;;ALTO;sem numero de porta
1618;;;endereco;Conserto de Roupas, Avenida Madre Benvenuta, 568, Itacorubi, Florianópolis - SC, 88035-020, Brasil;Avenida Madre Benvenuta 568 Florianopolis SC 88035020 Brazil;Florianópolis;SC;88035020;-27.5901;-48.51499;-27.5901;-48.51499;Itacorubi;;
1619;;;endereco;iPlace, Avenida do Batel, 1868, Batel, Curitiba - PR, 80420-090, Brasil;Avenida do Batel 1868 Curitiba PR 80420090 Brazil;Curitiba;PR;80420090;-25.44295;-49.29082;-25.44295;-49.29082;Batel;;
1620;;;endereco;Bacio di Latte, Avenida Marginal Pinheiros, Morumbi, São Paulo - SP, 05676-030, Brasil;Avenida Marginal Pinheiros Morumbi Sao Paulo SP 05676030 Brazil;São Paulo;SP;05676030;-23.59891;-46.6976;-23.59891;-46.6976;;ALTO;sem numero de porta
1621;;;endereco;Avenida Presidente Juscelino Kubitschek, 2041, Itaim Bibi, São Paulo - SP, 04543-000, Brasil;Avenida Presidente Juscelino Kubitschek 2041 Sao Paulo SP 04543000 Brazil;São Paulo;SP;04543000;-23.59147;-46.68972;-23.59147;-46.68972;Itaim Bibi;MEDIO;CEP generico de cidade, nao de rua (2,4x mais falha)
1622;;;endereco;Lojas Centauro, Avenida Brigadeiro Faria Lima, 2232, Pinheiros, São Paulo - SP, 01452-001, Brasil;Avenida Brigadeiro Faria Lima 2232 Sao Paulo SP 01452001 Brazil;São Paulo;SP;01452001;-23.5771;-46.68812;-23.5771;-46.68812;Pinheiros;;
1623;;;endereco;Casas Bahia, Avenida Professora Izoraida M. Peres, 401, Parque Campolim, Sorocaba - SP, 18048-105, Brasil;Avenida Professora Izoraida M Peres 401 Sorocaba SP 18048105 Brazil;Sorocaba;SP;18048105;-23.53369;-47.46344;-23.53369;-47.46344;Parque Campolim;;
1624;;;endereco;Alameda Xingu, 350, Alphaville, Barueri - SP, 06454-000, Brasil;Alameda Xingu 350 Barueri SP 06454000 Brazil;Barueri;SP;06454000;-23.50457;-46.84841;-23.50457;-46.84841;Alphaville;MEDIO;CEP generico de cidade, nao de rua (2,4x mais falha)
1626;;;endereco;Rua dos Junquilhos, 10, Tijuca, Rio de Janeiro - RJ, 20521-090, Brasil;Rua dos Junquilhos 10 Rio de Janeiro RJ 20521090 Brazil;Rio de Janeiro;RJ;20521090;-22.92838;-43.22548;-22.92838;-43.22548;Tijuca;;
1627;;;endereco;Garagem de Parqueamento, Rua Barão de São Francisco, Andaraí, Rio de Janeiro - RJ, 20560-032, Brasil;Rua Barao de Sao Francisco Andarai Rio de Janeiro RJ 20560032 Brazil;Rio de Janeiro;RJ;20560032;-22.91942;-43.25006;-22.91942;-43.25006;;ALTO;sem numero de porta
1628;;;endereco;Gav Resorts, Avenida Iguatemi, 777, Vila Brandina, Campinas - SP, 13092-516, Brasil;Avenida Iguatemi 777 Campinas SP 13092516 Brazil;Campinas;SP;13092516;-22.89245;-47.0276;-22.89245;-47.0276;Vila Brandina;;
1629;;;endereco;Hering, Avenida Iguatemi, 777, Vila Brandina, Campinas - SP, 13092-500, Brasil;Avenida Iguatemi 777 Campinas SP 13092500 Brazil;Campinas;SP;13092500;-22.89244;-47.0268;-22.89244;-47.0268;Vila Brandina;;
1630;;;endereco;Crislen Ótica, Parque Faber Castell I, São Carlos - SP, Brasil;Parque Faber Castell I Sao Carlos SP Brazil;São Carlos;SP;;-22.01745;-47.91497;-22.01745;-47.91497;;ALTO;sem numero de porta
1631;;;endereco;Ponto De Carregamento Para Veículos Elétricos, Avenida Luiz Eduardo Toledo Prado, 900, Ribeirão Preto - SP, Brasil;Avenida Luiz Eduardo Toledo Prado 900 Ribeirao Preto SP Brazil;Ribeirão Preto;SP;;-21.22564;-47.83526;-21.22564;-47.83526;;;
1632;;;endereco;Ponto De Carregamento Para Veículos Elétricos, Avenida Pres. Juscelino Kubitschek Oliveira, São José do Rio Preto - SP, 15091-450, Brasil;Avenida Pres Juscelino Kubitschek Oliveira Sao Jose do Rio Preto SP 15091450 Brazil;São José do Rio Preto;SP;15091450;-20.86645;-49.4145;-20.86645;-49.4145;;ALTO;sem numero de porta
1633;;;endereco;Big Shopping, Av. João César de Oliveira, 1275, Cidade Jardim Eldorado, Contagem - MG, 32310-000, Brasil;Avenida Joao Cesar de Oliveira 1275 Contagem MG 32310000 Brazil;Contagem;MG;32310000;-19.94398;-44.04051;-19.94398;-44.04051;Cidade Jardim Eldorado;MEDIO;CEP generico de cidade, nao de rua (2,4x mais falha)
1634;;;endereco;Emporio do Aço, Avenida João Naves de Ávila, Tibery, Uberlândia - MG, 38405-142, Brasil;Avenida Joao Naves de Avila Tibery Uberlandia MG 38405142 Brazil;Uberlândia;MG;38405142;-18.91061;-48.25982;-18.91061;-48.25982;;ALTO;sem numero de porta
1635;;;endereco;Rua Cônego Getúlio, 621, Cônego Getúlio, Patos de Minas - MG, 38700-205, Brasil;Rua Conego Getulio 621 Patos de Minas MG 38700205 Brazil;Patos de Minas;MG;38700205;-18.59801;-46.5138;-18.59801;-46.5138;Cônego Getúlio;;
1636;;;endereco;Kopenhagen, Shin Ca, 4, Setor de Hab. Individuais Norte, Lago Norte - DF, 71503-504, Brasil;Shin Ca 4 Lago Norte DF 71503504 Brazil;Lago Norte;DF;71503504;-15.72082;-47.88594;-15.72082;-47.88594;Setor de Hab. Individuais Norte;;
1637;;;endereco;Rua Irmã, 158, Penha, São Paulo - SP, 03656-040, Brasil;Rua Irma 158 Sao Paulo SP 03656040 Brazil;São Paulo;SP;03656040;-23.52559;-46.50836;-23.52559;-46.50836;Penha;;
1638;;;endereco;Maní, Rua Joaquim Antunes, 210, Pinheiros, São Paulo - SP, 05415-000, Brasil;Rua Joaquim Antunes 210 Sao Paulo SP 05415000 Brazil;São Paulo;SP;05415000;-23.5662;-46.67953;-23.5662;-46.67953;Pinheiros;MEDIO;CEP generico de cidade, nao de rua (2,4x mais falha)
1639;;;endereco;Restaurante Parador, Rua Araújo, 126, República, São Paulo - SP, 01247-090, Brasil;Rua Araujo 126 Sao Paulo SP 01247090 Brazil;São Paulo;SP;01247090;-23.54489;-46.64472;-23.54489;-46.64472;República;;
1640;;;endereco;Rua Padre João Manuel, 950, Jardim Paulista, São Paulo - SP, 01411-001, Brasil;Rua Padre Joao Manuel 950 Sao Paulo SP 01411001 Brazil;São Paulo;SP;01411001;-23.56517;-46.66582;-23.56517;-46.66582;Jardim Paulista;;
1641;;;endereco;Rua General Jardim, 173, República, São Paulo - SP, 01223-011, Brasil;Rua General Jardim 173 Sao Paulo SP 01223011 Brazil;São Paulo;SP;01223011;-23.54483;-46.64627;-23.54483;-46.64627;República;;
1642;;;endereco;Rua Augusta, 2985, Jardim Paulista, São Paulo - SP, 01412-100, Brasil;Rua Augusta 2985 Sao Paulo SP 01412100 Brazil;São Paulo;SP;01412100;-23.56638;-46.66875;-23.56638;-46.66875;Jardim Paulista;;
1643;;;endereco;Rua Fradique Coutinho, 1897, Pinheiros, São Paulo - SP, 05416-012, Brasil;Rua Fradique Coutinho 1897 Sao Paulo SP 05416012 Brazil;São Paulo;SP;05416012;-23.55189;-46.69445;-23.55189;-46.69445;Pinheiros;;
1644;;;endereco;Rua Mourato Coelho, 1404, Pinheiros, São Paulo - SP, 05417-002, Brasil;Rua Mourato Coelho 1404 Sao Paulo SP 05417002 Brazil;São Paulo;SP;05417002;-23.55601;-46.6926;-23.55601;-46.6926;Pinheiros;;
1645;;;endereco;Rua General Jardim, 173, República, São Paulo - SP, 01223-011, Brasil;Rua General Jardim 173 Sao Paulo SP 01223011 Brazil;São Paulo;SP;01223011;-23.54483;-46.64627;-23.54483;-46.64627;República;;
1646;;;endereco;Rua Augusta, 1291, Consolação, São Paulo - SP, 01304-001, Brasil;Rua Augusta 1291 Sao Paulo SP 01304001 Brazil;São Paulo;SP;01304001;-23.55542;-46.65718;-23.55542;-46.65718;Consolação;;
1647;;;endereco;Rua Vitório Fasano, 88, Jardim Paulista, São Paulo - SP, 01414-020, Brasil;Rua Vitorio Fasano 88 Sao Paulo SP 01414020 Brazil;São Paulo;SP;01414020;-23.56444;-46.66952;-23.56444;-46.66952;Jardim Paulista;;
1648;;;endereco;Dior, Avenida Magalhães de Castro, 12000, Morumbi, São Paulo - SP, 05676-030, Brasil;Avenida Magalhaes de Castro 12000 Sao Paulo SP 05676030 Brazil;São Paulo;SP;05676030;-23.59862;-46.6979;-23.59862;-46.6979;Morumbi;;
1649;;;endereco;Rua dos Pinheiros, 1269, Pinheiros, São Paulo - SP, 05422-012, Brasil;Rua dos Pinheiros 1269 Sao Paulo SP 05422012 Brazil;São Paulo;SP;05422012;-23.56826;-46.68971;-23.56826;-46.68971;Pinheiros;;
1650;;;endereco;Rua Bela Cintra, 2062, Jardim Paulista, São Paulo - SP, 01415-007, Brasil;Rua Bela Cintra 2062 Sao Paulo SP 01415007 Brazil;São Paulo;SP;01415007;-23.5626;-46.66853;-23.5626;-46.66853;Jardim Paulista;;
1651;;;endereco;Uniao Geral Armênia de Beneficencia, Rua Natingui, 1545, Pinheiros, São Paulo - SP, 05429-040, Brasil;Rua Natingui 1545 Sao Paulo SP 05429040 Brazil;São Paulo;SP;05429040;-23.5598;-46.69924;-23.5598;-46.69924;Pinheiros;;
1652;;;endereco;Rua Haddock Lobo, 1663, Jardim Paulista, São Paulo - SP, 01414-001, Brasil;Rua Haddock Lobo 1663 Sao Paulo SP 01414001 Brazil;São Paulo;SP;01414001;-23.56501;-46.66896;-23.56501;-46.66896;Jardim Paulista;;
1653;;;endereco;Rua Tabapuã, 1480, Itaim Bibi, São Paulo - SP, 04533-005, Brasil;Rua Tabapua 1480 Sao Paulo SP 04533005 Brazil;São Paulo;SP;04533005;-23.58548;-46.68476;-23.58548;-46.68476;Itaim Bibi;;
1654;;;endereco;Lair Nunes Ribeiro, Rua Augusta, Jardim Paulista, São Paulo - SP, 01412-000, Brasil;Rua Augusta Jardim Paulista Sao Paulo SP 01412000 Brazil;São Paulo;SP;01412000;-23.56053;-46.6625;-23.56053;-46.6625;;ALTO;"sem numero de porta; CEP generico de cidade, nao de rua (2,4x mais falha)"
1655;;;endereco;Rua Doutor Mário Ferraz, 529, Itaim Bibi, São Paulo - SP, 01453-011, Brasil;Rua Doutor Mario Ferraz 529 Sao Paulo SP 01453011 Brazil;São Paulo;SP;01453011;-23.5849;-46.68511;-23.5849;-46.68511;Itaim Bibi;;
1656;;;endereco;Rua General Jardim, 173, República, São Paulo - SP, 01223-011, Brasil;Rua General Jardim 173 Sao Paulo SP 01223011 Brazil;São Paulo;SP;01223011;-23.54483;-46.64627;-23.54483;-46.64627;República;;
1657;;;endereco;Barbearia da Esquina, Rua Joaquim Antunes, Pinheiros, São Paulo - SP, 05415-001, Brasil;Rua Joaquim Antunes Pinheiros Sao Paulo SP 05415001 Brazil;São Paulo;SP;05415001;-23.5648;-46.68115;-23.5648;-46.68115;;ALTO;sem numero de porta
1658;;;endereco;Rua Oscar Freire, 155, Jardim Paulista, São Paulo - SP, 01426-001, Brasil;Rua Oscar Freire 155 Sao Paulo SP 01426001 Brazil;São Paulo;SP;01426001;-23.56777;-46.66388;-23.56777;-46.66388;Jardim Paulista;;
1659;;;endereco;Rua Diogo Jácome, 618, Moema, São Paulo - SP, 04512-001, Brasil;Rua Diogo Jacome 618 Sao Paulo SP 04512001 Brazil;São Paulo;SP;04512001;-23.59715;-46.66787;-23.59715;-46.66787;Moema;;
1660;;;endereco;Rua Oscar Freire, 1631, Jardim Paulista, São Paulo - SP, 05409-010, Brasil;Rua Oscar Freire 1631 Sao Paulo SP 05409010 Brazil;São Paulo;SP;05409010;-23.55797;-46.67379;-23.55797;-46.67379;Jardim Paulista;;
1661;;;endereco;Rua Estados Unidos, 1812, Jardim Paulista, São Paulo - SP, 01427-001, Brasil;Rua Estados Unidos 1812 Sao Paulo SP 01427001 Brazil;São Paulo;SP;01427001;-23.56484;-46.6709;-23.56484;-46.6709;Jardim Paulista;;
1662;;;endereco;Rua dos Pinheiros, 1629, Pinheiros, São Paulo - SP, 05422-012, Brasil;Rua dos Pinheiros 1629 Sao Paulo SP 05422012 Brazil;São Paulo;SP;05422012;-23.56763;-46.69346;-23.56763;-46.69346;Pinheiros;;
1663;;;endereco;Rua dos Pinheiros, 227, Pinheiros, São Paulo - SP, 05422-010, Brasil;Rua dos Pinheiros 227 Sao Paulo SP 05422010 Brazil;São Paulo;SP;05422010;-23.56478;-46.68049;-23.56478;-46.68049;Pinheiros;;
1664;;;endereco;Rua Padre João Manuel, 950, Jardim Paulista, São Paulo - SP, 01411-001, Brasil;Rua Padre Joao Manuel 950 Sao Paulo SP 01411001 Brazil;São Paulo;SP;01411001;-23.56517;-46.66582;-23.56517;-46.66582;Jardim Paulista;;
1665;;;endereco;Rua dos Pinheiros, 262, Pinheiros, São Paulo - SP, 05422-000, Brasil;Rua dos Pinheiros 262 Sao Paulo SP 05422000 Brazil;São Paulo;SP;05422000;-23.5647;-46.68084;-23.5647;-46.68084;Pinheiros;MEDIO;CEP generico de cidade, nao de rua (2,4x mais falha)
1666;;;endereco;Rua Bela Cintra, 2047, Jardim Paulista, São Paulo - SP, 01415-002, Brasil;Rua Bela Cintra 2047 Sao Paulo SP 01415002 Brazil;São Paulo;SP;01415002;-23.56267;-46.66824;-23.56267;-46.66824;Jardim Paulista;;
1667;;;endereco;Rua Estados Unidos, 2085, Jardim Paulista, São Paulo - SP, 01427-002, Brasil;Rua Estados Unidos 2085 Sao Paulo SP 01427002 Brazil;São Paulo;SP;01427002;-23.56358;-46.67315;-23.56358;-46.67315;Jardim Paulista;;
1668;;;endereco;Rua Augusta, 1291, Consolação, São Paulo - SP, 01304-001, Brasil;Rua Augusta 1291 Sao Paulo SP 01304001 Brazil;São Paulo;SP;01304001;-23.55542;-46.65718;-23.55542;-46.65718;Consolação;;
1669;;;endereco;Barbearia da Esquina, Rua Joaquim Antunes, Pinheiros, São Paulo - SP, 05415-001, Brasil;Rua Joaquim Antunes Pinheiros Sao Paulo SP 05415001 Brazil;São Paulo;SP;05415001;-23.5648;-46.68115;-23.5648;-46.68115;;ALTO;sem numero de porta
1670;;;endereco;Rua Bela Cintra, 2209, Jardim Paulista, São Paulo - SP, 01415-009, Brasil;Rua Bela Cintra 2209 Sao Paulo SP 01415009 Brazil;São Paulo;SP;01415009;-23.56374;-46.6694;-23.56374;-46.6694;Jardim Paulista;;
1671;;;endereco;Rua dos Pinheiros, 1106, Pinheiros, São Paulo - SP, 05422-001, Brasil;Rua dos Pinheiros 1106 Sao Paulo SP 05422001 Brazil;São Paulo;SP;05422001;-23.56776;-46.68842;-23.56776;-46.68842;Pinheiros;;
1672;;;endereco;Rua Joaquim Antunes, 183, Pinheiros, São Paulo - SP, 05415-010, Brasil;Rua Joaquim Antunes 183 Sao Paulo SP 05415010 Brazil;São Paulo;SP;05415010;-23.56658;-46.67977;-23.56658;-46.67977;Pinheiros;;
1673;;;endereco;Rua dos Pinheiros, 209, Pinheiros, São Paulo - SP, 05422-010, Brasil;Rua dos Pinheiros 209 Sao Paulo SP 05422010 Brazil;São Paulo;SP;05422010;-23.56461;-46.68021;-23.56461;-46.68021;Pinheiros;;
1674;;;endereco;Maní, Rua Joaquim Antunes, 210, Pinheiros, São Paulo - SP, 05415-000, Brasil;Rua Joaquim Antunes 210 Sao Paulo SP 05415000 Brazil;São Paulo;SP;05415000;-23.5662;-46.67953;-23.5662;-46.67953;Pinheiros;MEDIO;CEP generico de cidade, nao de rua (2,4x mais falha)
1675;;;endereco;Rua Estados Unidos, 2085, Jardim Paulista, São Paulo - SP, 01427-002, Brasil;Rua Estados Unidos 2085 Sao Paulo SP 01427002 Brazil;São Paulo;SP;01427002;-23.56358;-46.67315;-23.56358;-46.67315;Jardim Paulista;;
1676;;;endereco;Rua Augusta, 1291, Consolação, São Paulo - SP, 01304-001, Brasil;Rua Augusta 1291 Sao Paulo SP 01304001 Brazil;São Paulo;SP;01304001;-23.55542;-46.65718;-23.55542;-46.65718;Consolação;;
1677;;;endereco;Rua dos Pinheiros, 1269, Pinheiros, São Paulo - SP, 05422-012, Brasil;Rua dos Pinheiros 1269 Sao Paulo SP 05422012 Brazil;São Paulo;SP;05422012;-23.56826;-46.68971;-23.56826;-46.68971;Pinheiros;;
1678;;;endereco;Ourominas Dtvm, Avenida São Luís, República, São Paulo - SP, 01046-000, Brasil;Avenida Sao Luis Republica Sao Paulo SP 01046000 Brazil;São Paulo;SP;01046000;-23.54541;-46.64341;-23.54541;-46.64341;;ALTO;"sem numero de porta; CEP generico de cidade, nao de rua (2,4x mais falha)"
1679;;;endereco;Ateliermix, Rua Oscar Freire, Jardim Paulista, São Paulo - SP, 01426-003, Brasil;Rua Oscar Freire Jardim Paulista Sao Paulo SP 01426003 Brazil;São Paulo;SP;01426003;-23.56341;-46.66889;-23.56341;-46.66889;;ALTO;sem numero de porta
1680;;;endereco;Rua Dias Ferreira, 166, Leblon, Rio de Janeiro - RJ, 22431-050, Brasil;Rua Dias Ferreira 166 Rio de Janeiro RJ 22431050 Brazil;Rio de Janeiro;RJ;22431050;-22.98445;-43.22746;-22.98445;-43.22746;Leblon;;
1681;;;endereco;Ponto De Carregamento Para Veículos Elétricos, Avenida Atlântica, 4240, Copacabana, Rio de Janeiro - RJ, 22070-002, Brasil;Avenida Atlantica 4240 Rio de Janeiro RJ 22070002 Brazil;Rio de Janeiro;RJ;22070002;-22.98628;-43.189;-22.98628;-43.189;Copacabana;;
1682;;;endereco;Rua Dias Ferreira, 147, Leblon, Rio de Janeiro - RJ, 22431-050, Brasil;Rua Dias Ferreira 147 Rio de Janeiro RJ 22431050 Brazil;Rio de Janeiro;RJ;22431050;-22.98478;-43.22798;-22.98478;-43.22798;Leblon;;
1683;;;endereco;Brazilian Hits Remakes, Rua Luís Coelho, Consolação, São Paulo - SP, 01309-000, Brasil;Rua Luis Coelho Consolacao Sao Paulo SP 01309000 Brazil;São Paulo;SP;01309000;-23.55697;-46.65912;-23.55697;-46.65912;;ALTO;"sem numero de porta; CEP generico de cidade, nao de rua (2,4x mais falha)"
1684;;;endereco;Rua Iaiá, 107, Itaim Bibi, São Paulo - SP, 04537-010, Brasil;Rua Iaia 107 Sao Paulo SP 04537010 Brazil;São Paulo;SP;04537010;-23.58677;-46.67812;-23.58677;-46.67812;Itaim Bibi;;
1685;;;endereco;Rua Joaquim Antunes, 116, Pinheiros, São Paulo - SP, 05415-000, Brasil;Rua Joaquim Antunes 116 Sao Paulo SP 05415000 Brazil;São Paulo;SP;05415000;-23.56703;-46.67912;-23.56703;-46.67912;Pinheiros;MEDIO;CEP generico de cidade, nao de rua (2,4x mais falha)
1686;;;endereco;Rua Cônego Eugênio Leite, 220, Pinheiros, São Paulo - SP, 05414-011, Brasil;Rua Conego Eugenio Leite 220 Sao Paulo SP 05414011 Brazil;São Paulo;SP;05414011;-23.56445;-46.68029;-23.56445;-46.68029;Pinheiros;;
1687;;;endereco;Rua Itapura, 1473, Tatuapé, São Paulo - SP, 03310-000, Brasil;Rua Itapura 1473 Sao Paulo SP 03310000 Brazil;São Paulo;SP;03310000;-23.55162;-46.56481;-23.55162;-46.56481;Tatuapé;MEDIO;CEP generico de cidade, nao de rua (2,4x mais falha)
1688;;;endereco;Rua Haddock Lobo, 1415, Jardim Paulista, São Paulo - SP, 01414-003, Brasil;Rua Haddock Lobo 1415 Sao Paulo SP 01414003 Brazil;São Paulo;SP;01414003;-23.56351;-46.66713;-23.56351;-46.66713;Jardim Paulista;;
1689;;;endereco;Rua Joaquim Antunes, 116, Pinheiros, São Paulo - SP, 05415-000, Brasil;Rua Joaquim Antunes 116 Sao Paulo SP 05415000 Brazil;São Paulo;SP;05415000;-23.56703;-46.67912;-23.56703;-46.67912;Pinheiros;MEDIO;CEP generico de cidade, nao de rua (2,4x mais falha)
1690;;;endereco;Rua dos Pinheiros, 344, Pinheiros, São Paulo - SP, 05422-000, Brasil;Rua dos Pinheiros 344 Sao Paulo SP 05422000 Brazil;São Paulo;SP;05422000;-23.56485;-46.68146;-23.56485;-46.68146;Pinheiros;MEDIO;CEP generico de cidade, nao de rua (2,4x mais falha)
1691;;;endereco;Rua Avanhandava, 908, República, São Paulo - SP, 01306-000, Brasil;Rua Avanhandava 908 Sao Paulo SP 01306000 Brazil;São Paulo;SP;01306000;-23.55043;-46.6451;-23.55043;-46.6451;República;MEDIO;CEP generico de cidade, nao de rua (2,4x mais falha)
1692;;;endereco;Alameda Ministro Rocha Azevedo, 726, Jardim Paulista, São Paulo - SP, 01410-000, Brasil;Alameda Ministro Rocha Azevedo 726 Sao Paulo SP 01410000 Brazil;São Paulo;SP;01410000;-23.5636;-46.66185;-23.5636;-46.66185;Jardim Paulista;MEDIO;CEP generico de cidade, nao de rua (2,4x mais falha)
1693;;;endereco;Rua Padre João Manuel, 955, Jardim Paulista, São Paulo - SP, 01411-001, Brasil;Rua Padre Joao Manuel 955 Sao Paulo SP 01411001 Brazil;São Paulo;SP;01411001;-23.56533;-46.66571;-23.56533;-46.66571;Jardim Paulista;;
1694;;;endereco;Alameda Casa Branca, 1008, Jardim Paulista, São Paulo - SP, 01408-001, Brasil;Alameda Casa Branca 1008 Sao Paulo SP 01408001 Brazil;São Paulo;SP;01408001;-23.56844;-46.66273;-23.56844;-46.66273;Jardim Paulista;;
1695;;;endereco;Rua Oscar Freire, 390, Jardim Paulista, São Paulo - SP, 01426-000, Brasil;Rua Oscar Freire 390 Sao Paulo SP 01426000 Brazil;São Paulo;SP;01426000;-23.56612;-46.66536;-23.56612;-46.66536;Jardim Paulista;MEDIO;CEP generico de cidade, nao de rua (2,4x mais falha)
1696;;;endereco;Rua Bela Cintra, 1569, Jardim Paulista, São Paulo - SP, 01415-009, Brasil;Rua Bela Cintra 1569 Sao Paulo SP 01415009 Brazil;São Paulo;SP;01415009;-23.55956;-46.66505;-23.55956;-46.66505;Jardim Paulista;;
1697;;;endereco;Rua Oscar Freire, 282, Jardim Paulista, São Paulo - SP, 01426-000, Brasil;Rua Oscar Freire 282 Sao Paulo SP 01426000 Brazil;São Paulo;SP;01426000;-23.56677;-46.66468;-23.56677;-46.66468;Jardim Paulista;MEDIO;CEP generico de cidade, nao de rua (2,4x mais falha)
1698;;;endereco;Rua Sarandi, 30, Jardim Paulista, São Paulo - SP, 01414-010, Brasil;Rua Sarandi 30 Sao Paulo SP 01414010 Brazil;São Paulo;SP;01414010;-23.56437;-46.6687;-23.56437;-46.6687;Jardim Paulista;;
1699;;;endereco;Rua Dias Ferreira, 155, Leblon, Rio de Janeiro - RJ, 22431-050, Brasil;Rua Dias Ferreira 155 Rio de Janeiro RJ 22431050 Brazil;Rio de Janeiro;RJ;22431050;-22.9846;-43.22784;-22.9846;-43.22784;Leblon;;
1700;;;endereco;Rua dos Pinheiros, 227, Pinheiros, São Paulo - SP, 05422-010, Brasil;Rua dos Pinheiros 227 Sao Paulo SP 05422010 Brazil;São Paulo;SP;05422010;-23.56478;-46.68049;-23.56478;-46.68049;Pinheiros;;
1701;;;endereco;Rua Joaquim Antunes, 116, Pinheiros, São Paulo - SP, 05415-000, Brasil;Rua Joaquim Antunes 116 Sao Paulo SP 05415000 Brazil;São Paulo;SP;05415000;-23.56703;-46.67912;-23.56703;-46.67912;Pinheiros;MEDIO;CEP generico de cidade, nao de rua (2,4x mais falha)
1702;;;endereco;Rua Dias Ferreira, 233, Leblon, Rio de Janeiro - RJ, 22431-050, Brasil;Rua Dias Ferreira 233 Rio de Janeiro RJ 22431050 Brazil;Rio de Janeiro;RJ;22431050;-22.98414;-43.22749;-22.98414;-43.22749;Leblon;;
1703;;;endereco;Rua dos Pinheiros, 358, Pinheiros, São Paulo - SP, 05422-000, Brasil;Rua dos Pinheiros 358 Sao Paulo SP 05422000 Brazil;São Paulo;SP;05422000;-23.56498;-46.68153;-23.56498;-46.68153;Pinheiros;MEDIO;CEP generico de cidade, nao de rua (2,4x mais falha)
1704;;;endereco;Avenida Santo Amaro, 884, Itaim Bibi, São Paulo - SP, 04506-000, Brasil;Avenida Santo Amaro 884 Sao Paulo SP 04506000 Brazil;São Paulo;SP;04506000;-23.59177;-46.67282;-23.59177;-46.67282;Itaim Bibi;MEDIO;CEP generico de cidade, nao de rua (2,4x mais falha)
1705;;;endereco;Rua Padre João Manuel, 1126, Jardim Paulista, São Paulo - SP, 01411-001, Brasil;Rua Padre Joao Manuel 1126 Sao Paulo SP 01411001 Brazil;São Paulo;SP;01411001;-23.56632;-46.66706;-23.56632;-46.66706;Jardim Paulista;;
1706;;;endereco;Rua Maria Antônia, 216, Consolação, São Paulo - SP, 01222-010, Brasil;Rua Maria Antonia 216 Sao Paulo SP 01222010 Brazil;São Paulo;SP;01222010;-23.54657;-46.65048;-23.54657;-46.65048;Consolação;;
1707;;;endereco;Rua Capitão Pinto Ferreira, 15, Jardim Paulista, São Paulo - SP, 01423-020, Brasil;Rua Capitao Pinto Ferreira 15 Sao Paulo SP 01423020 Brazil;São Paulo;SP;01423020;-23.57145;-46.6544;-23.57145;-46.6544;Jardim Paulista;;
1708;;;endereco;Avenida Brigadeiro Faria Lima, Pinheiros, São Paulo - SP, 05426-100, Brasil;Avenida Brigadeiro Faria Lima Pinheiros Sao Paulo SP 05426100 Brazil;São Paulo;SP;05426100;-23.56648;-46.69427;-23.56648;-46.69427;;ALTO;sem numero de porta
1709;;;endereco;Rua Joaquim Floriano, 563, Itaim Bibi, São Paulo - SP, 04534-011, Brasil;Rua Joaquim Floriano 563 Sao Paulo SP 04534011 Brazil;São Paulo;SP;04534011;-23.58489;-46.67539;-23.58489;-46.67539;Itaim Bibi;;
1710;;;endereco;Rua dos Pinheiros, 230, Pinheiros, São Paulo - SP, 05422-000, Brasil;Rua dos Pinheiros 230 Sao Paulo SP 05422000 Brazil;São Paulo;SP;05422000;-23.56457;-46.6805;-23.56457;-46.6805;Pinheiros;MEDIO;CEP generico de cidade, nao de rua (2,4x mais falha)
1711;;;endereco;Rua dos Pinheiros, 358, Pinheiros, São Paulo - SP, 05422-000, Brasil;Rua dos Pinheiros 358 Sao Paulo SP 05422000 Brazil;São Paulo;SP;05422000;-23.56498;-46.68153;-23.56498;-46.68153;Pinheiros;MEDIO;CEP generico de cidade, nao de rua (2,4x mais falha)
1712;;;endereco;Rua Campos Bicudo, 129, Itaim Bibi, São Paulo - SP, 04536-010, Brasil;Rua Campos Bicudo 129 Sao Paulo SP 04536010 Brazil;São Paulo;SP;04536010;-23.58161;-46.68237;-23.58161;-46.68237;Itaim Bibi;;
1713;;;endereco;Power2Go, Rua Oscar Freire, 281, Jardim Paulista, São Paulo - SP, 01426-000, Brasil;Power2Go Rua Oscar Freire 281 Sao Paulo SP 01426000 Brazil;São Paulo;SP;01426000;-23.56704;-46.66478;-23.56704;-46.66478;Jardim Paulista;MEDIO;CEP generico de cidade, nao de rua (2,4x mais falha)
1714;;;endereco;Rua dos Pinheiros, 209, Pinheiros, São Paulo - SP, 05422-010, Brasil;Rua dos Pinheiros 209 Sao Paulo SP 05422010 Brazil;São Paulo;SP;05422010;-23.56461;-46.68021;-23.56461;-46.68021;Pinheiros;;
1715;;;endereco;Rua General Severiano, Botafogo, Rio de Janeiro - RJ, 22290-040, Brasil;Rua General Severiano Botafogo Rio de Janeiro RJ 22290040 Brazil;Rio de Janeiro;RJ;22290040;-22.95346;-43.17839;-22.95346;-43.17839;;ALTO;sem numero de porta
1716;;;endereco;Rua Visconde de Pirajá, 338, Ipanema, Rio de Janeiro - RJ, 22410-003, Brasil;Rua Visconde de Piraja 338 Rio de Janeiro RJ 22410003 Brazil;Rio de Janeiro;RJ;22410003;-22.98414;-43.20482;-22.98414;-43.20482;Ipanema;;
1717;;;endereco;Santa Ajuda a Melhor Idade, Rua Figueiredo de Magalhães, Copacabana, Rio de Janeiro - RJ, 22031-011, Brasil;Rua Figueiredo de Magalhaes Copacabana Rio de Janeiro RJ 22031011 Brazil;Rio de Janeiro;RJ;22031011;-22.96775;-43.18791;-22.96775;-43.18791;;ALTO;sem numero de porta
1718;;;endereco;Rua Conde de Ipanema, 40, Campo Belo, São Paulo - SP, 04611-020, Brasil;Rua Conde de Ipanema 40 Sao Paulo SP 04611020 Brazil;São Paulo;SP;04611020;-23.61801;-46.66539;-23.61801;-46.66539;Campo Belo;;
1719;;;endereco;Rua Bela Cintra, 2183, Jardim Paulista, São Paulo - SP, 01415-009, Brasil;Rua Bela Cintra 2183 Sao Paulo SP 01415009 Brazil;São Paulo;SP;01415009;-23.5636;-46.66922;-23.5636;-46.66922;Jardim Paulista;;
1720;;;endereco;Rua Haddock Lobo, 1091, Jardim Paulista, São Paulo - SP, 01414-003, Brasil;Rua Haddock Lobo 1091 Sao Paulo SP 01414003 Brazil;São Paulo;SP;01414003;-23.56128;-46.66495;-23.56128;-46.66495;Jardim Paulista;;
1721;;;endereco;Rua Augusta, 2705, Jardim Paulista, São Paulo - SP, 01413-100, Brasil;Rua Augusta 2705 Sao Paulo SP 01413100 Brazil;São Paulo;SP;01413100;-23.56453;-46.6668;-23.56453;-46.6668;Jardim Paulista;;
1722;;;endereco;Rua Joaquim Antunes, 116, Pinheiros, São Paulo - SP, 05415-000, Brasil;Rua Joaquim Antunes 116 Sao Paulo SP 05415000 Brazil;São Paulo;SP;05415000;-23.56703;-46.67912;-23.56703;-46.67912;Pinheiros;MEDIO;CEP generico de cidade, nao de rua (2,4x mais falha)
1723;;;endereco;Alameda Ministro Rocha Azevedo, 726, Jardim Paulista, São Paulo - SP, 01410-000, Brasil;Alameda Ministro Rocha Azevedo 726 Sao Paulo SP 01410000 Brazil;São Paulo;SP;01410000;-23.5636;-46.66185;-23.5636;-46.66185;Jardim Paulista;MEDIO;CEP generico de cidade, nao de rua (2,4x mais falha)
1724;;;endereco;Alameda Rio Claro, 28, Bela Vista, São Paulo - SP, 01332-010, Brasil;Alameda Rio Claro 28 Sao Paulo SP 01332010 Brazil;São Paulo;SP;01332010;-23.56023;-46.6519;-23.56023;-46.6519;Bela Vista;;
1725;;;endereco;Rua Santa Clara, 84, Copacabana, Rio de Janeiro - RJ, 22041-011, Brasil;Rua Santa Clara 84 Rio de Janeiro RJ 22041011 Brazil;Rio de Janeiro;RJ;22041011;-22.97097;-43.18747;-22.97097;-43.18747;Copacabana;;
1726;;;endereco;Rua Dias Ferreira, 320, Leblon, Rio de Janeiro - RJ, 22431-050, Brasil;Rua Dias Ferreira 320 Rio de Janeiro RJ 22431050 Brazil;Rio de Janeiro;RJ;22431050;-22.98354;-43.22675;-22.98354;-43.22675;Leblon;;
1727;;;endereco;Rua Dias Ferreira, 155, Leblon, Rio de Janeiro - RJ, 22431-050, Brasil;Rua Dias Ferreira 155 Rio de Janeiro RJ 22431050 Brazil;Rio de Janeiro;RJ;22431050;-22.9846;-43.22784;-22.9846;-43.22784;Leblon;;
1728;;;endereco;Rua Dias Ferreira, 175, Leblon, Rio de Janeiro - RJ, 22431-050, Brasil;Rua Dias Ferreira 175 Rio de Janeiro RJ 22431050 Brazil;Rio de Janeiro;RJ;22431050;-22.98452;-43.22778;-22.98452;-43.22778;Leblon;;
1729;;;endereco;Rua Dias Ferreira, 189, Leblon, Rio de Janeiro - RJ, 22431-050, Brasil;Rua Dias Ferreira 189 Rio de Janeiro RJ 22431050 Brazil;Rio de Janeiro;RJ;22431050;-22.98439;-43.2277;-22.98439;-43.2277;Leblon;;
1730;;;endereco;Rua Dias Ferreira, 242, Leblon, Rio de Janeiro - RJ, 22431-050, Brasil;Rua Dias Ferreira 242 Rio de Janeiro RJ 22431050 Brazil;Rio de Janeiro;RJ;22431050;-22.98424;-43.22727;-22.98424;-43.22727;Leblon;;
1731;;;endereco;Ritz Turismo, Rua Sergipe, 410, Consolação, São Paulo - SP, 01243-001, Brasil;Rua Sergipe 410 Sao Paulo SP 01243001 Brazil;São Paulo;SP;01243001;-23.54789;-46.65761;-23.54789;-46.65761;Consolação;;
1732;;;endereco;Rua Djalma Ulrich, 4, Copacabana, Rio de Janeiro - RJ, 22071-020, Brasil;Rua Djalma Ulrich 4 Rio de Janeiro RJ 22071020 Brazil;Rio de Janeiro;RJ;22071020;-22.97898;-43.18965;-22.97898;-43.18965;Copacabana;;
1733;;;endereco;Rua Joaquim Antunes, 116, Pinheiros, São Paulo - SP, 05415-000, Brasil;Rua Joaquim Antunes 116 Sao Paulo SP 05415000 Brazil;São Paulo;SP;05415000;-23.56703;-46.67912;-23.56703;-46.67912;Pinheiros;MEDIO;CEP generico de cidade, nao de rua (2,4x mais falha)
1734;;;endereco;Rua Augusta, 2705, Jardim Paulista, São Paulo - SP, 01413-100, Brasil;Rua Augusta 2705 Sao Paulo SP 01413100 Brazil;São Paulo;SP;01413100;-23.56453;-46.6668;-23.56453;-46.6668;Jardim Paulista;;
1735;;;endereco;Alameda Tietê, 665, Jardim Paulista, São Paulo - SP, 01417-020, Brasil;Alameda Tiete 665 Sao Paulo SP 01417020 Brazil;São Paulo;SP;01417020;-23.5595;-46.66875;-23.5595;-46.66875;Jardim Paulista;;
1736;;;endereco;Rua Voluntários da Pátria, 368, Botafogo, Rio de Janeiro - RJ, 22270-010, Brasil;Rua Voluntarios da Patria 368 Rio de Janeiro RJ 22270010 Brazil;Rio de Janeiro;RJ;22270010;-22.95502;-43.19485;-22.95502;-43.19485;Botafogo;;
1737;;;endereco;Rua Augusta, 2705, Jardim Paulista, São Paulo - SP, 01413-100, Brasil;Rua Augusta 2705 Sao Paulo SP 01413100 Brazil;São Paulo;SP;01413100;-23.56453;-46.6668;-23.56453;-46.6668;Jardim Paulista;;
1738;;;endereco;Rua Dias Ferreira, 155, Leblon, Rio de Janeiro - RJ, 22431-050, Brasil;Rua Dias Ferreira 155 Rio de Janeiro RJ 22431050 Brazil;Rio de Janeiro;RJ;22431050;-22.9846;-43.22784;-22.9846;-43.22784;Leblon;;
1739;;;endereco;Rua Conde Bernadotte, 44, Leblon, Rio de Janeiro - RJ, 22430-200, Brasil;Rua Conde Bernadotte 44 Rio de Janeiro RJ 22430200 Brazil;Rio de Janeiro;RJ;22430200;-22.98147;-43.22334;-22.98147;-43.22334;Leblon;;
1740;;;endereco;Rua Uruguaiana, 110, Centro, Rio de Janeiro - RJ, 20050-092, Brasil;Rua Uruguaiana 110 Rio de Janeiro RJ 20050092 Brazil;Rio de Janeiro;RJ;20050092;-22.90377;-43.18014;-22.90377;-43.18014;Centro;;
1741;;;endereco;Rua Doutor Mário Ferraz, 538, Itaim Bibi, São Paulo - SP, 01453-011, Brasil;Rua Doutor Mario Ferraz 538 Sao Paulo SP 01453011 Brazil;São Paulo;SP;01453011;-23.58511;-46.6852;-23.58511;-46.6852;Itaim Bibi;;
1742;;;endereco;Rua Augusta, 2705, Jardim Paulista, São Paulo - SP, 01413-100, Brasil;Rua Augusta 2705 Sao Paulo SP 01413100 Brazil;São Paulo;SP;01413100;-23.56453;-46.6668;-23.56453;-46.6668;Jardim Paulista;;
1743;;;endereco;Rua Dias Ferreira, 155, Leblon, Rio de Janeiro - RJ, 22431-050, Brasil;Rua Dias Ferreira 155 Rio de Janeiro RJ 22431050 Brazil;Rio de Janeiro;RJ;22431050;-22.9846;-43.22784;-22.9846;-43.22784;Leblon;;
1744;;;endereco;Rua Dias Ferreira, 155, Leblon, Rio de Janeiro - RJ, 22431-050, Brasil;Rua Dias Ferreira 155 Rio de Janeiro RJ 22431050 Brazil;Rio de Janeiro;RJ;22431050;-22.9846;-43.22784;-22.9846;-43.22784;Leblon;;
1745;;;endereco;Rua Levindo Lopes, 241, Savassi, Belo Horizonte - MG, 30140-170, Brasil;Rua Levindo Lopes 241 Belo Horizonte MG 30140170 Brazil;Belo Horizonte;MG;30140170;-19.93814;-43.93948;-19.93814;-43.93948;Savassi;;
1746;;;endereco;Spp, Asa Norte, Brasília - DF, 70150-000, Brasil;Spp Asa Norte Brasilia DF 70150000 Brazil;Brasília;DF;70150000;-15.78866;-47.83699;-15.78866;-47.83699;;ALTO;"sem numero de porta; CEP generico de cidade, nao de rua (2,4x mais falha)"
1747;;;endereco;Rua Colômbia, 84, Jardim Paulista, São Paulo - SP, 01438-000, Brasil;Rua Colombia 84 Sao Paulo SP 01438000 Brazil;São Paulo;SP;01438000;-23.56734;-46.67017;-23.56734;-46.67017;Jardim Paulista;MEDIO;CEP generico de cidade, nao de rua (2,4x mais falha)
1748;;;endereco;Alameda Jaú, 1580, Jardim Paulista, São Paulo - SP, 01420-006, Brasil;Alameda Jau 1580 Sao Paulo SP 01420006 Brazil;São Paulo;SP;01420006;-23.55969;-46.66216;-23.55969;-46.66216;Jardim Paulista;;
1749;;;endereco;Rua da Consolação, 3675, Jardim Paulista, São Paulo - SP, 01416-000, Brasil;Rua da Consolacao 3675 Sao Paulo SP 01416000 Brazil;São Paulo;SP;01416000;-23.56368;-46.67119;-23.56368;-46.67119;Jardim Paulista;MEDIO;CEP generico de cidade, nao de rua (2,4x mais falha)
1750;;;endereco;Alameda Gabriel Monteiro da Silva, 1678, Pinheiros, São Paulo - SP, 01441-001, Brasil;Alameda Gabriel Monteiro da Silva 1678 Sao Paulo SP 01441001 Brazil;São Paulo;SP;01441001;-23.57356;-46.68332;-23.57356;-46.68332;Pinheiros;;
1751;;;endereco;Rua Doutor Mário Ferraz, 510, Itaim Bibi, São Paulo - SP, 01453-011, Brasil;Rua Doutor Mario Ferraz 510 Sao Paulo SP 01453011 Brazil;São Paulo;SP;01453011;-23.5849;-46.68534;-23.5849;-46.68534;Itaim Bibi;;
1752;;;endereco;Rua Guatemala, 75, Jardim Paulista, São Paulo - SP, 01437-050, Brasil;Rua Guatemala 75 Sao Paulo SP 01437050 Brazil;São Paulo;SP;01437050;-23.56861;-46.67047;-23.56861;-46.67047;Jardim Paulista;;
1753;;;endereco;Rua Amauri, 282, Itaim Bibi, São Paulo - SP, 01448-000, Brasil;Rua Amauri 282 Sao Paulo SP 01448000 Brazil;São Paulo;SP;01448000;-23.58099;-46.68315;-23.58099;-46.68315;Itaim Bibi;MEDIO;CEP generico de cidade, nao de rua (2,4x mais falha)
1754;;;endereco;Rua Professor Artur Ramos, 404, Pinheiros, São Paulo - SP, 01454-011, Brasil;Rua Professor Artur Ramos 404 Sao Paulo SP 01454011 Brazil;São Paulo;SP;01454011;-23.58283;-46.688;-23.58283;-46.688;Pinheiros;;
1755;;;endereco;Rua Estados Unidos, 1862, Jardim Paulista, São Paulo - SP, 01427-001, Brasil;Rua Estados Unidos 1862 Sao Paulo SP 01427001 Brazil;São Paulo;SP;01427001;-23.5646;-46.67138;-23.5646;-46.67138;Jardim Paulista;;
1756;;;endereco;Rua Maria Rosa, 119, Itaim Bibi, São Paulo - SP, 01453-080, Brasil;Rua Maria Rosa 119 Sao Paulo SP 01453080 Brazil;São Paulo;SP;01453080;-23.5843;-46.68443;-23.5843;-46.68443;Itaim Bibi;;
1757;;;endereco;Rua Colômbia, 217, Jardim Paulista, São Paulo - SP, 01438-000, Brasil;Rua Colombia 217 Sao Paulo SP 01438000 Brazil;São Paulo;SP;01438000;-23.56804;-46.67036;-23.56804;-46.67036;Jardim Paulista;MEDIO;CEP generico de cidade, nao de rua (2,4x mais falha)
1758;;;endereco;Lojas Centauro, Avenida Brigadeiro Faria Lima, 2232, Pinheiros, São Paulo - SP, 01452-001, Brasil;Avenida Brigadeiro Faria Lima 2232 Sao Paulo SP 01452001 Brazil;São Paulo;SP;01452001;-23.5771;-46.68812;-23.5771;-46.68812;Pinheiros;;
1759;;;endereco;Avenida Rebouças, 3454, Pinheiros, São Paulo - SP, 05402-300, Brasil;Avenida Reboucas 3454 Sao Paulo SP 05402300 Brazil;São Paulo;SP;05402300;-23.57159;-46.69226;-23.57159;-46.69226;Pinheiros;;
1760;;;endereco;Rua Barão de Jaguaripe, 289, Ipanema, Rio de Janeiro - RJ, 22421-000, Brasil;Rua Barao de Jaguaripe 289 Rio de Janeiro RJ 22421000 Brazil;Rio de Janeiro;RJ;22421000;-22.98143;-43.20981;-22.98143;-43.20981;Ipanema;MEDIO;CEP generico de cidade, nao de rua (2,4x mais falha)
1761;;;endereco;Rua Barão de Jaguaripe, 242, Ipanema, Rio de Janeiro - RJ, 22421-000, Brasil;Rua Barao de Jaguaripe 242 Rio de Janeiro RJ 22421000 Brazil;Rio de Janeiro;RJ;22421000;-22.98122;-43.20863;-22.98122;-43.20863;Ipanema;MEDIO;CEP generico de cidade, nao de rua (2,4x mais falha)
1762;;;endereco;Rua General Venâncio Flores, 157, Leblon, Rio de Janeiro - RJ, 22441-090, Brasil;Rua General Venancio Flores 157 Rio de Janeiro RJ 22441090 Brazil;Rio de Janeiro;RJ;22441090;-22.98578;-43.22479;-22.98578;-43.22479;Leblon;;
1763;;;endereco;Atmosphere, Estrada da Barra da Tijuca, 1636, Itanhangá, Rio de Janeiro - RJ, 22641-010, Brasil;Estrada da Barra da Tijuca 1636 Rio de Janeiro RJ 22641010 Brazil;Rio de Janeiro;RJ;22641010;-22.99986;-43.30431;-22.99986;-43.30431;Itanhangá;ALTO;endereco de rodovia (57-67% falharam)
1764;;;endereco;Rua Barão de Jaguaripe, 94, Ipanema, Rio de Janeiro - RJ, 22421-000, Brasil;Rua Barao de Jaguaripe 94 Rio de Janeiro RJ 22421000 Brazil;Rio de Janeiro;RJ;22421000;-22.98144;-43.205;-22.98144;-43.205;Ipanema;MEDIO;CEP generico de cidade, nao de rua (2,4x mais falha)
1765;;;endereco;Rua Humberto de Campos, 105, Leblon, Rio de Janeiro - RJ, 22430-190, Brasil;Rua Humberto de Campos 105 Rio de Janeiro RJ 22430190 Brazil;Rio de Janeiro;RJ;22430190;-22.98159;-43.21684;-22.98159;-43.21684;Leblon;;
1766;;;endereco;Avenida Ataulfo de Paiva, 355, Leblon, Rio de Janeiro - RJ, 22440-032, Brasil;Avenida Ataulfo de Paiva 355 Rio de Janeiro RJ 22440032 Brazil;Rio de Janeiro;RJ;22440032;-22.98395;-43.21939;-22.98395;-43.21939;Leblon;;
1767;;;endereco;Rua Visconde de Pirajá, 559, Ipanema, Rio de Janeiro - RJ, 22410-002, Brasil;Rua Visconde de Piraja 559 Rio de Janeiro RJ 22410002 Brazil;Rio de Janeiro;RJ;22410002;-22.98399;-43.2119;-22.98399;-43.2119;Ipanema;;
1768;;;endereco;Rua Gutemberg, 216, Batel, Curitiba - PR, 80420-030, Brasil;Rua Gutemberg 216 Curitiba PR 80420030 Brazil;Curitiba;PR;80420030;-25.43825;-49.28687;-25.43825;-49.28687;Batel;;
1769;;;endereco;Alameda Presidente Taunay, 335, Batel, Curitiba - PR, 80420-180, Brasil;Alameda Presidente Taunay 335 Curitiba PR 80420180 Brazil;Curitiba;PR;80420180;-25.4366;-49.28456;-25.4366;-49.28456;Batel;;
1770;;;endereco;Avenida Afonso Pena, Savassi, Belo Horizonte - MG, 30130-012, Brasil;Avenida Afonso Pena Savassi Belo Horizonte MG 30130012 Brazil;Belo Horizonte;MG;30130012;-19.9327;-43.93032;-19.9327;-43.93032;;ALTO;sem numero de porta
1771;;;endereco;Rua Comendador Araújo, 777, Batel, Curitiba - PR, 80420-063, Brasil;Rua Comendador Araujo 777 Curitiba PR 80420063 Brazil;Curitiba;PR;80420063;-25.43866;-49.28184;-25.43866;-49.28184;Batel;;
1772;;;endereco;Shis Ql 8 Conjunto 1, 8, Setor de Habitações Individuais Sul, Lago Sul - DF, 71620-215, Brasil;Shis Ql 8 Lago Sul DF 71620215 Brazil;Lago Sul;DF;71620215;-15.84369;-47.89403;-15.84369;-47.89403;Conjunto 1 8 Setor de Habitações Individuais Sul;;
1773;;;endereco;SQS 315, Bloco B, Asa Sul, Brasília - DF, 70384-020, Brasil;SQS 315 Bloco B Asa Sul Brasilia DF 70384020 Brazil;Brasília;DF;70384020;-15.82793;-47.92486;-15.82793;-47.92486;;ALTO;sem numero de porta
1774;;;endereco;Avenida Assis Chateaubriand, 554, Floresta, Belo Horizonte - MG, 30150-101, Brasil;Avenida Assis Chateaubriand 554 Belo Horizonte MG 30150101 Brazil;Belo Horizonte;MG;30150101;-19.91844;-43.93223;-19.91844;-43.93223;Floresta;;
1775;;;endereco;Rua Inconfidentes, 619, Savassi, Belo Horizonte - MG, 30140-124, Brasil;Rua Inconfidentes 619 Belo Horizonte MG 30140124 Brazil;Belo Horizonte;MG;30140124;-19.9367;-43.93181;-19.9367;-43.93181;Savassi;;
1776;;;endereco;Avenida Lageado, 991, Petrópolis, Porto Alegre - RS, 90460-110, Brasil;Avenida Lageado 991 Porto Alegre RS 90460110 Brazil;Porto Alegre;RS;90460110;-30.03694;-51.1806;-30.03694;-51.1806;Petrópolis;;
1777;;;endereco;Avenida Teixeira Mendes, 882, Chácara das Pedras, Porto Alegre - RS, 91330-391, Brasil;Avenida Teixeira Mendes 882 Porto Alegre RS 91330391 Brazil;Porto Alegre;RS;91330391;-30.03251;-51.1655;-30.03251;-51.1655;Chácara das Pedras;;
1778;;;endereco;Rua Andrelino Natividade da Costa, 97, Canto, Florianópolis - SC, 88090-390, Brasil;Rua Andrelino Natividade da Costa 97 Florianopolis SC 88090390 Brazil;Florianópolis;SC;88090390;-27.58571;-48.58861;-27.58571;-48.58861;Canto;;
1779;;;endereco;Rua Pereira Cardoso, 588, Morungaba - SP, 13260-000, Brasil;Rua Pereira Cardoso 588 Morungaba SP 13260000 Brazil;Morungaba;SP;13260000;-22.87516;-46.79036;-22.87516;-46.79036;;MEDIO;CEP generico de cidade, nao de rua (2,4x mais falha)
1780;;;endereco;Shell, Bairro da Ponte, Itatiba - SP, Brasil;Shell Bairro da Ponte Itatiba SP Brazil;Itatiba;SP;;-22.98194;-46.82228;-22.98194;-46.82228;;ALTO;sem numero de porta
1781;;;endereco;Rodovia Raposo Tavares, Mairinque - SP, 18120-000, Brasil;Rodovia Raposo Tavares Mairinque SP 18120000 Brazil;Mairinque;SP;18120000;-23.53504;-47.18998;-23.53504;-47.18998;;ALTO;"endereco de rodovia (57-67% falharam); sem numero de porta; CEP generico de cidade, nao de rua (2,4x mais falha)"
1782;;;endereco;Avenida Gílson Sá, 263, Praia do Saco, Mangaratiba - RJ, 23860-000, Brasil;Avenida Gilson Sa 263 Mangaratiba RJ 23860000 Brazil;Mangaratiba;RJ;23860000;-22.94172;-44.04191;-22.94172;-44.04191;Praia do Saco;MEDIO;CEP generico de cidade, nao de rua (2,4x mais falha)
1783;;;endereco;Rodovia Dom Pedro I, Mato Dentro, Atibaia - SP, Brasil;Rodovia Dom Pedro I Mato Dentro Atibaia SP Brazil;Atibaia;SP;;-23.10079;-46.57669;-23.10079;-46.57669;;ALTO;"endereco de rodovia (57-67% falharam); sem numero de porta"
1784;;;endereco;BikeRio Estação General Ivan Raposo, Avenida Lúcio Costa, Barra da Tijuca, Rio de Janeiro - RJ, 22620-172, Brasil;Avenida Lucio Costa Barra da Tijuca Rio de Janeiro RJ 22620172 Brazil;Rio de Janeiro;RJ;22620172;-23.0137;-43.31407;-23.0137;-43.31407;;ALTO;sem numero de porta
1785;;;endereco;Rua Tenente Francisco Antônio, 295, Centro Histórico, Paraty - RJ, 23970-000, Brasil;Rua Tenente Francisco Antonio 295 Paraty RJ 23970000 Brazil;Paraty;RJ;23970000;-23.21869;-44.71408;-23.21869;-44.71408;Centro Histórico;MEDIO;CEP generico de cidade, nao de rua (2,4x mais falha)
1786;;;endereco;Bistrô Ville la Plage Hotel, Rua E, 40, Tartaruga, Armação dos Búzios - RJ, 28950-000, Brasil;Rua E 40 Armacao dos Buzios RJ 28950000 Brazil;Armação dos Búzios;RJ;28950000;-22.76372;-41.89768;-22.76372;-41.89768;Tartaruga;MEDIO;CEP generico de cidade, nao de rua (2,4x mais falha)
1787;;;endereco;Avenida Princesa Isabel, 1457, Ilhabela - SP, 11630-000, Brasil;Avenida Princesa Isabel 1457 Ilhabela SP 11630000 Brazil;Ilhabela;SP;11630000;-23.81664;-45.36672;-23.81664;-45.36672;;MEDIO;CEP generico de cidade, nao de rua (2,4x mais falha)
1788;;;endereco;Drogaria São Paulo, Shis Qi 13, Setor de Habitações Individuais Sul, Lago Sul - DF, 71635-060, Brasil;Shis Qi 13 Lago Sul DF 71635060 Brazil;Lago Sul;DF;71635060;-15.84132;-47.87667;-15.84132;-47.87667;Setor de Habitações Individuais Sul;;
1789;;;endereco;Reserva Ambiental - Ferradura Parque, Rua da Ferradura, Ferradura, Armação dos Búzios - RJ, 28950-000, Brasil;Rua da Ferradura Ferradura Armacao dos Buzios RJ 28950000 Brazil;Armação dos Búzios;RJ;28950000;-22.77432;-41.88869;-22.77432;-41.88869;;ALTO;"sem numero de porta; CEP generico de cidade, nao de rua (2,4x mais falha)"
1790;;;endereco;Rua Almirante Alexandrino, 5, Santa Teresa, Rio de Janeiro - RJ, 20241-260, Brasil;Rua Almirante Alexandrino 5 Rio de Janeiro RJ 20241260 Brazil;Rio de Janeiro;RJ;20241260;-22.91895;-43.183;-22.91895;-43.183;Santa Teresa;;
1791;;;endereco;Power2Go, Rua Oscar Freire, 281, Jardim Paulista, São Paulo - SP, 01426-000, Brasil;Power2Go Rua Oscar Freire 281 Sao Paulo SP 01426000 Brazil;São Paulo;SP;01426000;-23.56704;-46.66478;-23.56704;-46.66478;Jardim Paulista;MEDIO;CEP generico de cidade, nao de rua (2,4x mais falha)
1792;;;endereco;Ciclovia da Niemeyer, Leblon, Rio de Janeiro - RJ, Brasil;Ciclovia da Niemeyer Leblon Rio de Janeiro RJ Brazil;Rio de Janeiro;RJ;;-22.98892;-43.22782;-22.98892;-43.22782;;ALTO;sem numero de porta
1793;;;endereco;Rua Cais Pharoux, Centro, Rio de Janeiro - RJ, 20010-070, Brasil;Rua Cais Pharoux Centro Rio de Janeiro RJ 20010070 Brazil;Rio de Janeiro;RJ;20010070;-22.90366;-43.17071;-22.90366;-43.17071;;ALTO;sem numero de porta
1794;;;endereco;Rodovia Jornalista Manoel de Menezes, 773, Praia Mole, Florianópolis - SC, 88061-700, Brasil;Rodovia Jornalista Manoel de Menezes 773 Florianopolis SC 88061700 Brazil;Florianópolis;SC;88061700;-27.60466;-48.43949;-27.60466;-48.43949;Praia Mole;ALTO;endereco de rodovia (57-67% falharam)
1795;;;endereco;Avenida Atlântica, 1702, Copacabana, Rio de Janeiro - RJ, 22021-001, Brasil;Avenida Atlantica 1702 Rio de Janeiro RJ 22021001 Brazil;Rio de Janeiro;RJ;22021001;-22.96733;-43.17894;-22.96733;-43.17894;Copacabana;;
1796;;;endereco;Avenida Queiroz Filho, 830, Vila Leopoldina, São Paulo - SP, 05319-000, Brasil;Avenida Queiroz Filho 830 Sao Paulo SP 05319000 Brazil;São Paulo;SP;05319000;-23.53819;-46.72705;-23.53819;-46.72705;Vila Leopoldina;MEDIO;CEP generico de cidade, nao de rua (2,4x mais falha)
1797;;;endereco;Edifício Rivergardens, Batel, Curitiba - PR, 80420-090, Brasil;Edificio Rivergardens Batel Curitiba PR 80420090 Brazil;Curitiba;PR;80420090;-25.44279;-49.28569;-25.44279;-49.28569;;ALTO;sem numero de porta
1798;;;endereco;Patú Anú, Setor de Mansões do Lago, Lago Norte - DF, 71540-121, Brasil;Setor de Mansoes do Lago Lago Norte DF 71540121 Brazil;Lago Norte;DF;71540121;-15.78806;-47.80427;-15.78806;-47.80427;;ALTO;sem numero de porta
1799;;;endereco;Avenida Princesa Isabel, 1457, Ilhabela - SP, 11630-000, Brasil;Avenida Princesa Isabel 1457 Ilhabela SP 11630000 Brazil;Ilhabela;SP;11630000;-23.81664;-45.36672;-23.81664;-45.36672;;MEDIO;CEP generico de cidade, nao de rua (2,4x mais falha)
1800;;;endereco;Estrada do Vinho, São Roque - SP, 18145-002, Brasil;Estrada do Vinho Sao Roque SP 18145002 Brazil;São Roque;SP;18145002;-23.56187;-47.13162;-23.56187;-47.13162;;ALTO;"endereco de rodovia (57-67% falharam); sem numero de porta"
1801;;;endereco;Rua Bom Pastor, 800, Ipiranga, São Paulo - SP, 04203-000, Brasil;Rua Bom Pastor 800 Sao Paulo SP 04203000 Brazil;São Paulo;SP;04203000;-23.58316;-46.60858;-23.58316;-46.60858;Ipiranga;MEDIO;CEP generico de cidade, nao de rua (2,4x mais falha)
1802;;;endereco;Fortaleza Santa Cruz da Barra, Estrada General Eurico Gaspar Dutra, Jurujuba, Niterói - RJ, 24370-375, Brasil;Estrada General Eurico Gaspar Dutra Jurujuba Niteroi RJ 24370375 Brazil;Niterói;RJ;24370375;-22.93827;-43.13185;-22.93827;-43.13185;;ALTO;"endereco de rodovia (57-67% falharam); sem numero de porta"
1803;;;endereco;Avenida Manoel Viera, 603, Araçoiaba da Serra - SP, 18190-000, Brasil;Avenida Manoel Viera 603 Aracoiaba da Serra SP 18190000 Brazil;Araçoiaba da Serra;SP;18190000;-23.50882;-47.6086;-23.50882;-47.6086;;MEDIO;CEP generico de cidade, nao de rua (2,4x mais falha)
1804;;;endereco;Rua General Polidoro, 101, Botafogo, Rio de Janeiro - RJ, 22280-002, Brasil;Rua General Polidoro 101 Rio de Janeiro RJ 22280002 Brazil;Rio de Janeiro;RJ;22280002;-22.95745;-43.18918;-22.95745;-43.18918;Botafogo;;
1805;;;endereco;Estrada da Canoa, São Conrado, Rio de Janeiro - RJ, 22610-210, Brasil;Estrada da Canoa Sao Conrado Rio de Janeiro RJ 22610210 Brazil;Rio de Janeiro;RJ;22610210;-22.99443;-43.27162;-22.99443;-43.27162;;ALTO;"endereco de rodovia (57-67% falharam); sem numero de porta"
1806;;;endereco;Avenida Doutor Arnaldo, 1828, Perdizes, São Paulo - SP, 01255-000, Brasil;Avenida Doutor Arnaldo 1828 Sao Paulo SP 01255000 Brazil;São Paulo;SP;01255000;-23.54862;-46.68051;-23.54862;-46.68051;Perdizes;MEDIO;CEP generico de cidade, nao de rua (2,4x mais falha)
1807;;;endereco;Rua da Amendoeira, 3, Itanhangá, Rio de Janeiro - RJ, 22641-004, Brasil;Rua da Amendoeira 3 Rio de Janeiro RJ 22641004 Brazil;Rio de Janeiro;RJ;22641004;-22.98749;-43.30864;-22.98749;-43.30864;Itanhangá;;
1808;;;endereco;Monumento a Tiradentes, BR-356, Centro, Ouro Preto - MG, 35400-000, Brasil;Monumento a Tiradentes BR 356 Centro Ouro Preto MG 35400000 Brazil;Ouro Preto;MG;35400000;-20.38597;-43.50377;-20.38597;-43.50377;;ALTO;"sem numero de porta; CEP generico de cidade, nao de rua (2,4x mais falha)"
1809;;;endereco;Padaria e Mercearia São Pedro, Rua Principal, Santa Maria Madalena - RJ, 28770-000, Brasil;Rua Principal Santa Maria Madalena RJ 28770000 Brazil;Santa Maria Madalena;RJ;28770000;-21.89931;-41.80314;-21.89931;-41.80314;;ALTO;"sem numero de porta; CEP generico de cidade, nao de rua (2,4x mais falha)"
1811;;;endereco;Via N1 Oeste, Asa Norte, Brasília - DF, 70705-130, Brasil;Via N1 Oeste Asa Norte Brasilia DF 70705130 Brazil;Brasília;DF;70705130;-15.78879;-47.89336;-15.78879;-47.89336;;ALTO;"endereco de rodovia (57-67% falharam); sem numero de porta"
1812;;;endereco;Largo da Pedreira, Chácara Fátima, Paraty - RJ, 23970-000, Brasil;Largo da Pedreira Chacara Fatima Paraty RJ 23970000 Brazil;Paraty;RJ;23970000;-23.2197;-44.71535;-23.2197;-44.71535;;ALTO;"sem numero de porta; CEP generico de cidade, nao de rua (2,4x mais falha)"
1813;;;endereco;BR-381, São Gonçalo do Rio Abaixo - MG, 35935-000, Brasil;BR 381 Sao Goncalo do Rio Abaixo MG 35935000 Brazil;São Gonçalo do Rio Abaixo;MG;35935000;-19.86095;-43.22687;-19.86095;-43.22687;;ALTO;"sem numero de porta; logradouro sem nome; CEP generico de cidade, nao de rua (2,4x mais falha)"
1814;;;endereco;Avenida Antunes Ribas, 1325, São Miguel das Missões - RS, 98865-000, Brasil;Avenida Antunes Ribas 1325 Sao Miguel das Missoes RS 98865000 Brazil;São Miguel das Missões;RS;98865000;-28.54584;-54.55178;-28.54584;-54.55178;;MEDIO;CEP generico de cidade, nao de rua (2,4x mais falha)
1815;;;endereco;Rua Franklin Ferreira da Costa, 1275, São Miguel das Missões - RS, 98865-000, Brasil;Rua Franklin Ferreira da Costa 1275 Sao Miguel das Missoes RS 98865000 Brazil;São Miguel das Missões;RS;98865000;-28.5522;-54.55448;-28.5522;-54.55448;;MEDIO;CEP generico de cidade, nao de rua (2,4x mais falha)
1816;;;endereco;Rua Luciano Notagiacomo, 510, São Luiz Gonzaga - RS, 97800-000, Brasil;Rua Luciano Notagiacomo 510 Sao Luiz Gonzaga RS 97800000 Brazil;São Luiz Gonzaga;RS;97800000;-28.44848;-54.70925;-28.44848;-54.70925;;MEDIO;CEP generico de cidade, nao de rua (2,4x mais falha)
1817;;;endereco;Rua Dalila Lorenzoni, 139, Entre-Ijuís - RS, 98855-000, Brasil;Rua Dalila Lorenzoni 139 Entre Ijuis RS 98855000 Brazil;Entre-Ijuís;RS;98855000;-28.36421;-54.26749;-28.36421;-54.26749;;MEDIO;CEP generico de cidade, nao de rua (2,4x mais falha)
1818;;;endereco;Rua Padre João Manuel, 950, Jardim Paulista, São Paulo - SP, 01411-001, Brasil;Rua Padre Joao Manuel 950 Sao Paulo SP 01411001 Brazil;São Paulo;SP;01411001;-23.56517;-46.66582;-23.56517;-46.66582;Jardim Paulista;;
1819;;;endereco;Rua Menna Barreto, 1425, Jaguarão - RS, 96300-000, Brasil;Rua Menna Barreto 1425 Jaguarao RS 96300000 Brazil;Jaguarão;RS;96300000;-32.56114;-53.37675;-32.56114;-53.37675;;MEDIO;CEP generico de cidade, nao de rua (2,4x mais falha)
1820;;;endereco;Rua dos Pinheiros, 324, Pinheiros, São Paulo - SP, 05422-000, Brasil;Rua dos Pinheiros 324 Sao Paulo SP 05422000 Brazil;São Paulo;SP;05422000;-23.56489;-46.68129;-23.56489;-46.68129;Pinheiros;MEDIO;CEP generico de cidade, nao de rua (2,4x mais falha)
1821;;;endereco;Rua dos Pinheiros, 266, Pinheiros, São Paulo - SP, 05422-000, Brasil;Rua dos Pinheiros 266 Sao Paulo SP 05422000 Brazil;São Paulo;SP;05422000;-23.56471;-46.68086;-23.56471;-46.68086;Pinheiros;MEDIO;CEP generico de cidade, nao de rua (2,4x mais falha)
1822;;;endereco;Rua Barão de Capanema, 551, Jardim Paulista, São Paulo - SP, 01411-011, Brasil;Rua Barao de Capanema 551 Sao Paulo SP 01411011 Brazil;São Paulo;SP;01411011;-23.56621;-46.66752;-23.56621;-46.66752;Jardim Paulista;;
1823;;;endereco;Rua Padre João Manuel, 950, Jardim Paulista, São Paulo - SP, 01411-001, Brasil;Rua Padre Joao Manuel 950 Sao Paulo SP 01411001 Brazil;São Paulo;SP;01411001;-23.56517;-46.66582;-23.56517;-46.66582;Jardim Paulista;;
1824;;;endereco;Rua Cônego Eugênio Leite, 220, Pinheiros, São Paulo - SP, 05414-011, Brasil;Rua Conego Eugenio Leite 220 Sao Paulo SP 05414011 Brazil;São Paulo;SP;05414011;-23.56445;-46.68029;-23.56445;-46.68029;Pinheiros;;
1825;;;endereco;Rua Cônego Eugênio Leite, 220, Pinheiros, São Paulo - SP, 05414-011, Brasil;Rua Conego Eugenio Leite 220 Sao Paulo SP 05414011 Brazil;São Paulo;SP;05414011;-23.56445;-46.68029;-23.56445;-46.68029;Pinheiros;;
1826;;;endereco;Restaurante Parador, Rua Araújo, 126, República, São Paulo - SP, 01247-090, Brasil;Rua Araujo 126 Sao Paulo SP 01247090 Brazil;São Paulo;SP;01247090;-23.54489;-46.64472;-23.54489;-46.64472;República;;
1827;;;endereco;Rua Augusta, 15, República, São Paulo - SP, 01305-000, Brasil;Rua Augusta 15 Sao Paulo SP 01305000 Brazil;São Paulo;SP;01305000;-23.55013;-46.64638;-23.55013;-46.64638;República;MEDIO;CEP generico de cidade, nao de rua (2,4x mais falha)
1828;;;endereco;Leburguer Jardins, Rua Augusta, República, São Paulo - SP, 01034-000, Brasil;Rua Augusta Republica Sao Paulo SP 01034000 Brazil;São Paulo;SP;01034000;-23.54991;-46.64647;-23.54991;-46.64647;;ALTO;"sem numero de porta; CEP generico de cidade, nao de rua (2,4x mais falha)"
1829;;;endereco;Leburguer Jardins, Rua Augusta, República, São Paulo - SP, 01034-000, Brasil;Rua Augusta Republica Sao Paulo SP 01034000 Brazil;São Paulo;SP;01034000;-23.54991;-46.64647;-23.54991;-46.64647;;ALTO;"sem numero de porta; CEP generico de cidade, nao de rua (2,4x mais falha)"
1830;;;endereco;Rua Oscar Freire, 384, Jardim Paulista, São Paulo - SP, 01426-000, Brasil;Rua Oscar Freire 384 Sao Paulo SP 01426000 Brazil;São Paulo;SP;01426000;-23.56606;-46.66547;-23.56606;-46.66547;Jardim Paulista;MEDIO;CEP generico de cidade, nao de rua (2,4x mais falha)
1831;;;endereco;Leburguer Jardins, Rua Augusta, República, São Paulo - SP, 01034-000, Brasil;Rua Augusta Republica Sao Paulo SP 01034000 Brazil;São Paulo;SP;01034000;-23.54991;-46.64647;-23.54991;-46.64647;;ALTO;"sem numero de porta; CEP generico de cidade, nao de rua (2,4x mais falha)"
1832;;;endereco;Alameda Casa Branca, 1008, Jardim Paulista, São Paulo - SP, 01408-001, Brasil;Alameda Casa Branca 1008 Sao Paulo SP 01408001 Brazil;São Paulo;SP;01408001;-23.56844;-46.66273;-23.56844;-46.66273;Jardim Paulista;;
1833;;;endereco;Rua Doutor Renato Paes de Barros, 465, Itaim Bibi, São Paulo - SP, 04530-000, Brasil;Rua Doutor Renato Paes de Barros 465 Sao Paulo SP 04530000 Brazil;São Paulo;SP;04530000;-23.58277;-46.67396;-23.58277;-46.67396;Itaim Bibi;MEDIO;CEP generico de cidade, nao de rua (2,4x mais falha)
1834;;;endereco;Rua Melo Alves, 767, Jardim Paulista, São Paulo - SP, 01417-010, Brasil;Rua Melo Alves 767 Sao Paulo SP 01417010 Brazil;São Paulo;SP;01417010;-23.56334;-46.67279;-23.56334;-46.67279;Jardim Paulista;;
1835;;;endereco;Rua Nilza Medeiros Martins, 21, Vila Sônia, São Paulo - SP, 05628-010, Brasil;Rua Nilza Medeiros Martins 21 Sao Paulo SP 05628010 Brazil;São Paulo;SP;05628010;-23.6009;-46.72805;-23.6009;-46.72805;Vila Sônia;;
1836;;;endereco;Rua Coronel Oscar Porto, 638, Vila Mariana, São Paulo - SP, 04003-002, Brasil;Rua Coronel Oscar Porto 638 Sao Paulo SP 04003002 Brazil;São Paulo;SP;04003002;-23.57475;-46.64642;-23.57475;-46.64642;Vila Mariana;;
1837;;;endereco;Avenida Indianópolis, 1401, Saúde, São Paulo - SP, 04063-002, Brasil;Avenida Indianopolis 1401 Sao Paulo SP 04063002 Brazil;São Paulo;SP;04063002;-23.61062;-46.65135;-23.61062;-46.65135;Saúde;;
1838;;;endereco;Pizza Hut, Rua Coronel Xavier de Toledo, República, São Paulo - SP, 01048-000, Brasil;Rua Coronel Xavier de Toledo Republica Sao Paulo SP 01048000 Brazil;São Paulo;SP;01048000;-23.54656;-46.63863;-23.54656;-46.63863;;ALTO;"sem numero de porta; CEP generico de cidade, nao de rua (2,4x mais falha)"
1839;;;endereco;Museu de Arte de São Paulo Assis Chateaubriand -Masp, Avenida Paulista, 1578, Bela Vista, São Paulo - SP, 01310-000, Brasil;Avenida Paulista 1578 Sao Paulo SP 01310000 Brazil;São Paulo;SP;01310000;-23.5615;-46.65595;-23.5615;-46.65595;Bela Vista;MEDIO;CEP generico de cidade, nao de rua (2,4x mais falha)
1840;;;endereco;Rua Barão de Capanema, 456, Jardim Paulista, São Paulo - SP, 01411-010, Brasil;Rua Barao de Capanema 456 Sao Paulo SP 01411010 Brazil;São Paulo;SP;01411010;-23.56655;-46.6668;-23.56655;-46.6668;Jardim Paulista;;
1841;;;endereco;Rua Bandeira Paulista, 520, Itaim Bibi, São Paulo - SP, 04532-001, Brasil;Rua Bandeira Paulista 520 Sao Paulo SP 04532001 Brazil;São Paulo;SP;04532001;-23.5841;-46.67614;-23.5841;-46.67614;Itaim Bibi;;
1842;;;endereco;Rua Haddock Lobo, 1738, Jardim Paulista, São Paulo - SP, 01414-002, Brasil;Rua Haddock Lobo 1738 Sao Paulo SP 01414002 Brazil;São Paulo;SP;01414002;-23.56535;-46.66962;-23.56535;-46.66962;Jardim Paulista;;
1843;;;endereco;Avenida Presidente Juscelino Kubitschek, 816, Itaim Bibi, São Paulo - SP, 04543-000, Brasil;Avenida Presidente Juscelino Kubitschek 816 Sao Paulo SP 04543000 Brazil;São Paulo;SP;04543000;-23.58903;-46.67734;-23.58903;-46.67734;Itaim Bibi;MEDIO;CEP generico de cidade, nao de rua (2,4x mais falha)
1844;;;endereco;Rua Joaquim Antunes, 110, Pinheiros, São Paulo - SP, 05415-000, Brasil;Rua Joaquim Antunes 110 Sao Paulo SP 05415000 Brazil;São Paulo;SP;05415000;-23.56708;-46.67908;-23.56708;-46.67908;Pinheiros;MEDIO;CEP generico de cidade, nao de rua (2,4x mais falha)
1845;;;endereco;Empresa Paulistana de Estacionamentos, Rua da Consolação, 3545, Jardim Paulista, São Paulo - SP, 01416-001, Brasil;Rua da Consolacao 3545 Sao Paulo SP 01416001 Brazil;São Paulo;SP;01416001;-23.56266;-46.67007;-23.56266;-46.67007;Jardim Paulista;;
1846;;;endereco;Bacio di Latte, Avenida Marginal Pinheiros, Morumbi, São Paulo - SP, 05676-030, Brasil;Avenida Marginal Pinheiros Morumbi Sao Paulo SP 05676030 Brazil;São Paulo;SP;05676030;-23.59891;-46.6976;-23.59891;-46.6976;;ALTO;sem numero de porta
1847;;;endereco;Rua Bela Cintra, 2230, Jardim Paulista, São Paulo - SP, 01415-002, Brasil;Rua Bela Cintra 2230 Sao Paulo SP 01415002 Brazil;São Paulo;SP;01415002;-23.56363;-46.66978;-23.56363;-46.66978;Jardim Paulista;;
1848;;;endereco;Rua Oscar Freire, 523, Jardim Paulista, São Paulo - SP, 01426-001, Brasil;Rua Oscar Freire 523 Sao Paulo SP 01426001 Brazil;São Paulo;SP;01426001;-23.56544;-46.66646;-23.56544;-46.66646;Jardim Paulista;;
1849;;;endereco;Rua Oscar Freire, 216, Jardim Paulista, São Paulo - SP, 01426-000, Brasil;Rua Oscar Freire 216 Sao Paulo SP 01426000 Brazil;São Paulo;SP;01426000;-23.56728;-46.66413;-23.56728;-46.66413;Jardim Paulista;MEDIO;CEP generico de cidade, nao de rua (2,4x mais falha)
1850;;;endereco;Rua Iguatemi, 276, Itaim Bibi, São Paulo - SP, 01451-011, Brasil;Rua Iguatemi 276 Sao Paulo SP 01451011 Brazil;São Paulo;SP;01451011;-23.58405;-46.68238;-23.58405;-46.68238;Itaim Bibi;;
1851;;;endereco;Barouche, Rua Medeiros de Albuquerque, Pinheiros, São Paulo - SP, 05436-060, Brasil;Rua Medeiros de Albuquerque Pinheiros Sao Paulo SP 05436060 Brazil;São Paulo;SP;05436060;-23.55408;-46.68601;-23.55408;-46.68601;;ALTO;sem numero de porta
1852;;;endereco;Rua Peixoto Gomide, 1901, Jardim Paulista, São Paulo - SP, 01409-002, Brasil;Rua Peixoto Gomide 1901 Sao Paulo SP 01409002 Brazil;São Paulo;SP;01409002;-23.56794;-46.66422;-23.56794;-46.66422;Jardim Paulista;;
1853;;;endereco;Rua Treze de Maio, 596, Bela Vista, São Paulo - SP, 01327-000, Brasil;Rua Treze de Maio 596 Sao Paulo SP 01327000 Brazil;São Paulo;SP;01327000;-23.55848;-46.64652;-23.55848;-46.64652;Bela Vista;MEDIO;CEP generico de cidade, nao de rua (2,4x mais falha)
1854;;;endereco;Avenida Mauro Ramos, 80, Centro, Florianópolis - SC, 88020-300, Brasil;Avenida Mauro Ramos 80 Florianopolis SC 88020300 Brazil;Florianópolis;SC;88020300;-27.60039;-48.54555;-27.60039;-48.54555;Centro;;
1855;;;endereco;Rua Manuel da Nóbrega, 66, Vila Mariana, São Paulo - SP, 04001-000, Brasil;Rua Manuel da Nobrega 66 Sao Paulo SP 04001000 Brazil;São Paulo;SP;04001000;-23.56862;-46.6492;-23.56862;-46.6492;Vila Mariana;MEDIO;CEP generico de cidade, nao de rua (2,4x mais falha)
1856;;;endereco;Rua Padre João Manuel, 708, Jardim Paulista, São Paulo - SP, 01411-001, Brasil;Rua Padre Joao Manuel 708 Sao Paulo SP 01411001 Brazil;São Paulo;SP;01411001;-23.56366;-46.66423;-23.56366;-46.66423;Jardim Paulista;;
1857;;;endereco;Rua Pontins, 52, Santana, São Paulo - SP, 02404-010, Brasil;Rua Pontins 52 Sao Paulo SP 02404010 Brazil;São Paulo;SP;02404010;-23.49229;-46.62955;-23.49229;-46.62955;Santana;;
1858;;;endereco;Rua Harmonia, 521, Pinheiros, São Paulo - SP, 05435-000, Brasil;Rua Harmonia 521 Sao Paulo SP 05435000 Brazil;São Paulo;SP;05435000;-23.55391;-46.68903;-23.55391;-46.68903;Pinheiros;MEDIO;CEP generico de cidade, nao de rua (2,4x mais falha)
1859;;;endereco;Alameda Campinas, 1333, Jardim Paulista, São Paulo - SP, 01404-002, Brasil;Alameda Campinas 1333 Sao Paulo SP 01404002 Brazil;São Paulo;SP;01404002;-23.57158;-46.6586;-23.57158;-46.6586;Jardim Paulista;;
1860;;;endereco;Rua Amaral Gurgel, 352, Consolação, São Paulo - SP, 01221-001, Brasil;Rua Amaral Gurgel 352 Sao Paulo SP 01221001 Brazil;São Paulo;SP;01221001;-23.54486;-46.64797;-23.54486;-46.64797;Consolação;;
1861;;;endereco;Rua Sergipe, 753, Consolação, São Paulo - SP, 01243-001, Brasil;Rua Sergipe 753 Sao Paulo SP 01243001 Brazil;São Paulo;SP;01243001;-23.54678;-46.6608;-23.54678;-46.6608;Consolação;;
1862;;;endereco;Rua Artur de Azevedo, 546, Jardim Paulista, São Paulo - SP, 05404-001, Brasil;Rua Artur de Azevedo 546 Sao Paulo SP 05404001 Brazil;São Paulo;SP;05404001;-23.56;-46.67761;-23.56;-46.67761;Jardim Paulista;;
1863;;;endereco;Alameda Tietê, 638, Jardim Paulista, São Paulo - SP, 01417-020, Brasil;Alameda Tiete 638 Sao Paulo SP 01417020 Brazil;São Paulo;SP;01417020;-23.55953;-46.66847;-23.55953;-46.66847;Jardim Paulista;;
1864;;;endereco;Rua Benjamin Egas, 275, Pinheiros, São Paulo - SP, 05418-030, Brasil;Rua Benjamin Egas 275 Sao Paulo SP 05418030 Brazil;São Paulo;SP;05418030;-23.56638;-46.6889;-23.56638;-46.6889;Pinheiros;;
1865;;;endereco;Rua Medeiros de Albuquerque, 254, Pinheiros, São Paulo - SP, 05436-060, Brasil;Rua Medeiros de Albuquerque 254 Sao Paulo SP 05436060 Brazil;São Paulo;SP;05436060;-23.55534;-46.68556;-23.55534;-46.68556;Pinheiros;;
1866;;;endereco;Rua Padre Carvalho, 149, Pinheiros, São Paulo - SP, 05427-020, Brasil;Rua Padre Carvalho 149 Sao Paulo SP 05427020 Brazil;São Paulo;SP;05427020;-23.56129;-46.69652;-23.56129;-46.69652;Pinheiros;;
1867;;;endereco;Rua Cotoxó, 110, Perdizes, São Paulo - SP, 05021-000, Brasil;Rua Cotoxo 110 Sao Paulo SP 05021000 Brazil;São Paulo;SP;05021000;-23.52839;-46.68245;-23.52839;-46.68245;Perdizes;MEDIO;CEP generico de cidade, nao de rua (2,4x mais falha)
1868;;;endereco;Alameda Franca, 1151, Jardim Paulista, São Paulo - SP, 01422-005, Brasil;Alameda Franca 1151 Sao Paulo SP 01422005 Brazil;São Paulo;SP;01422005;-23.56156;-46.66414;-23.56156;-46.66414;Jardim Paulista;;
1869;;;endereco;Rua Pedroso Alvarenga, 677, Itaim Bibi, São Paulo - SP, 04531-011, Brasil;Rua Pedroso Alvarenga 677 Sao Paulo SP 04531011 Brazil;São Paulo;SP;04531011;-23.5815;-46.67703;-23.5815;-46.67703;Itaim Bibi;;
1870;;;endereco;Rua Virajuba, 1099, Brasilândia, São Paulo - SP, 02847-085, Brasil;Rua Virajuba 1099 Sao Paulo SP 02847085 Brazil;São Paulo;SP;02847085;-23.46192;-46.69479;-23.46192;-46.69479;Brasilândia;;
1871;;;endereco;Avenida Deputado Jamel Cecílio, Jardim Goiás, Goiânia - GO, 74810-100, Brasil;Avenida Deputado Jamel Cecilio Jardim Goias Goiania GO 74810100 Brazil;Goiânia;GO;74810100;-16.70689;-49.23759;-16.70689;-49.23759;;ALTO;sem numero de porta
1873;;;endereco;Shin Ca 4, Setor de Hab. Individuais Norte, Lago Norte - DF, 71503-504, Brasil;Shin Ca 4 Lago Norte DF 71503504 Brazil;Lago Norte;DF;71503504;-15.71945;-47.88519;-15.71945;-47.88519;Setor de Hab. Individuais Norte;;
1874;;;endereco;Salvatore Ferragamo, Avenida Presidente Juscelino Kubitschek, 2041, Itaim Bibi, São Paulo - SP, 04543-011, Brasil;Avenida Presidente Juscelino Kubitschek 2041 Sao Paulo SP 04543011 Brazil;São Paulo;SP;04543011;-23.59053;-46.69057;-23.59053;-46.69057;Itaim Bibi;;
1875;;;endereco;Lima's Lanches Truck, Avenida Marginal Pinheiros, Morumbi, São Paulo - SP, 05502-001, Brasil;Avenida Marginal Pinheiros Morumbi Sao Paulo SP 05502001 Brazil;São Paulo;SP;05502001;-23.59701;-46.69753;-23.59701;-46.69753;;ALTO;sem numero de porta
1876;;;endereco;Fit, Avenida Brigadeiro Faria Lima, Pinheiros, São Paulo - SP, 01456-060, Brasil;Avenida Brigadeiro Faria Lima Pinheiros Sao Paulo SP 01456060 Brazil;São Paulo;SP;01456060;-23.5774;-46.68824;-23.5774;-46.68824;;ALTO;sem numero de porta
1877;;;endereco;Avenida Brigadeiro Faria Lima, Pinheiros, São Paulo - SP, 05426-100, Brasil;Avenida Brigadeiro Faria Lima Pinheiros Sao Paulo SP 05426100 Brazil;São Paulo;SP;05426100;-23.57091;-46.69073;-23.57091;-46.69073;;ALTO;sem numero de porta
1878;;;endereco;Avenida Hélio Ossamu Daikuara, 1551, Jardim Vista Alegre, Embu das Artes - SP, 06807-315, Brasil;Avenida Helio Ossamu Daikuara 1551 Embu das Artes SP 06807315 Brazil;Embu das Artes;SP;06807315;-23.63374;-46.82563;-23.63374;-46.82563;Jardim Vista Alegre;;
1879;;;endereco;Avenida do Batel, 1868, Batel, Curitiba - PR, 80420-090, Brasil;Avenida do Batel 1868 Curitiba PR 80420090 Brazil;Curitiba;PR;80420090;-25.44358;-49.29052;-25.44358;-49.29052;Batel;;
1880;;;endereco;PANDORA, Alameda Terracota, 545, Cerâmica, São Caetano do Sul - SP, Brasil;Alameda Terracota 545 Sao Caetano do Sul SP Brazil;São Caetano do Sul;SP;;-23.6265;-46.57971;-23.6265;-46.57971;Cerâmica;;
1881;;;endereco;Avenida Perimetral Norte, Jardim Balneário Meia Ponte, Goiânia - GO, 74573-260, Brasil;Avenida Perimetral Norte Jardim Balneario Meia Ponte Goiania GO 74573260 Brazil;Goiânia;GO;74573260;-16.63004;-49.27545;-16.63004;-49.27545;;ALTO;sem numero de porta
1882;;;endereco;New Time, Santo Amaro, São Paulo - SP, 04710-190, Brasil;New Time Santo Amaro Sao Paulo SP 04710190 Brazil;São Paulo;SP;04710190;-23.6234;-46.69862;-23.6234;-46.69862;;ALTO;sem numero de porta
1883;;;endereco;Avenida Maracanã, 972, Tijuca, Rio de Janeiro - RJ, 20511-000, Brasil;Avenida Maracana 972 Rio de Janeiro RJ 20511000 Brazil;Rio de Janeiro;RJ;20511000;-22.93863;-43.24819;-22.93863;-43.24819;Tijuca;MEDIO;CEP generico de cidade, nao de rua (2,4x mais falha)
1884;;;endereco;Porsche Smart Mobility, Avenida Santa Catarina, 1, Dos Estados, Balneário Camboriú - SC, 88339-005, Brasil;Avenida Santa Catarina 1 Balneario Camboriu SC 88339005 Brazil;Balneário Camboriú;SC;88339005;-26.99311;-48.64678;-26.99311;-48.64678;Dos Estados;;
1885;;;endereco;J Canedo, Rua Konrad Adenauer, 370, Tarumã, Curitiba - PR, 82810-350, Brasil;Rua Konrad Adenauer 370 Curitiba PR 82810350 Brazil;Curitiba;PR;82810350;-25.42938;-49.21468;-25.42938;-49.21468;Tarumã;;
1886;;;endereco;Alameda Joaquim Eugênio de Lima, 547, Jardim Paulista, São Paulo - SP, 01403-001, Brasil;Alameda Joaquim Eugenio de Lima 547 Sao Paulo SP 01403001 Brazil;São Paulo;SP;01403001;-23.56629;-46.65095;-23.56629;-46.65095;Jardim Paulista;;
1887;;;endereco;TOUCH, Avenida Independência, São Mateus, Juiz de Fora - MG, 36025-320, Brasil;Avenida Independencia Sao Mateus Juiz de Fora MG 36025320 Brazil;Juiz de Fora;MG;36025320;-21.7816;-43.36087;-21.7816;-43.36087;;ALTO;sem numero de porta
1888;;;endereco;Stein Associados, Centro, Joinville - SC, 89201-420, Brasil;Stein Associados Centro Joinville SC 89201420 Brazil;Joinville;SC;89201420;-26.30341;-48.85041;-26.30341;-48.85041;;ALTO;sem numero de porta
1889;;;endereco;Applebee's, Avenida Iguatemi, 777, Vila Brandina, Campinas - SP, 13092-500, Brasil;Avenida Iguatemi 777 Campinas SP 13092500 Brazil;Campinas;SP;13092500;-22.89285;-47.02797;-22.89285;-47.02797;Vila Brandina;;
1890;;;endereco;Avenida Dona Tereza Cristina, 100, Figueira, Duque de Caxias - RJ, 25230-480, Brasil;Avenida Dona Tereza Cristina 100 Duque de Caxias RJ 25230480 Brazil;Duque de Caxias;RJ;25230480;-22.69024;-43.29149;-22.69024;-43.29149;Figueira;;
1891;;;endereco;Sol Câmbio, Avenida Pompéia, Barra Funda, São Paulo - SP, 05022-000, Brasil;Avenida Pompeia Barra Funda Sao Paulo SP 05022000 Brazil;São Paulo;SP;05022000;-23.52619;-46.68104;-23.52619;-46.68104;;ALTO;"sem numero de porta; CEP generico de cidade, nao de rua (2,4x mais falha)"
1892;;;endereco;intimissimi, Avenida Cândido de Abreu, 127, Centro Cívico, Curitiba - PR, 80530-010, Brasil;Avenida Candido de Abreu 127 Curitiba PR 80530010 Brazil;Curitiba;PR;80530010;-25.42294;-49.27062;-25.42294;-49.27062;Centro Cívico;;
1893;;;endereco;Triton Eyewear, Avenida Cristiano Machado, 4000, União, Belo Horizonte - MG, Brasil;Avenida Cristiano Machado 4000 Belo Horizonte MG Brazil;Belo Horizonte;MG;;-19.87431;-43.9262;-19.87431;-43.9262;União;;
1894;;;endereco;Avenida Pastor Martin Luther King Júnior, 10805, Coelho Neto, Rio de Janeiro - RJ, 21530-015, Brasil;Avenida Pastor Martin Luther King Junior 10805 Rio de Janeiro RJ 21530015 Brazil;Rio de Janeiro;RJ;21530015;-22.82751;-43.34768;-22.82751;-43.34768;Coelho Neto;;
1895;;;endereco;JOHN JOHN, Móoca, São Paulo - SP, 03109-000, Brasil;JOHN JOHN Mooca Sao Paulo SP 03109000 Brazil;São Paulo;SP;03109000;-23.58066;-46.59383;-23.58066;-46.59383;;ALTO;"sem numero de porta; CEP generico de cidade, nao de rua (2,4x mais falha)"
1896;;;endereco;Rua Tenente Antonio João, Zona Industrial Norte, Joinville - SC, 89219-720, Brasil;Rua Tenente Antonio Joao Zona Industrial Norte Joinville SC 89219720 Brazil;Joinville;SC;89219720;-26.25173;-48.85252;-26.25173;-48.85252;;ALTO;sem numero de porta
1897;;;endereco;Rodovia Presidente Castelo Branco, São Roque - SP, 18132-851, Brasil;Rodovia Presidente Castelo Branco Sao Roque SP 18132851 Brazil;São Roque;SP;18132851;-23.42224;-47.16117;-23.42224;-47.16117;;ALTO;"endereco de rodovia (57-67% falharam); sem numero de porta"
1898;;;endereco;Rua North Shopping Barretos, Pereira, Barretos - SP, 14784-190, Brasil;Rua North Shopping Barretos Pereira Barretos SP 14784190 Brazil;Barretos;SP;14784190;-20.57514;-48.55846;-20.57514;-48.55846;;ALTO;sem numero de porta
1899;;;endereco;havaianas, Avenida Rio Negro, 1100, Franca - SP, 14406-010, Brasil;Avenida Rio Negro 1100 Franca SP 14406010 Brazil;Franca;SP;14406010;-20.54775;-47.41675;-20.54775;-47.41675;;;
1900;;;endereco;Carmen Steffens, Rua Henrique Savi, Jardim Infante Dom Henrique, Bauru - SP, 17012-205, Brasil;Rua Henrique Savi Jardim Infante Dom Henrique Bauru SP 17012205 Brazil;Bauru;SP;17012205;-22.34238;-49.04955;-22.34238;-49.04955;;ALTO;sem numero de porta
1901;;;endereco;Rua Treze de Maio, 150, Bela Vista, São Paulo - SP, 04849-529, Brasil;Rua Treze de Maio 150 Sao Paulo SP 04849529 Brazil;São Paulo;SP;04849529;-23.57092;-46.64425;-23.57092;-46.64425;Bela Vista;;
1902;;;endereco;Avenida Deputado Benedito Matarazzo, 11641, Vila Tatetuba, São José dos Campos - SP, 12220-610, Brasil;Avenida Deputado Benedito Matarazzo 11641 Sao Jose dos Campos SP 12220610 Brazil;São José dos Campos;SP;12220610;-23.18525;-45.85291;-23.18525;-45.85291;Vila Tatetuba;;
1903;;;endereco;Rua Frei Rolim, Cursino, São Paulo - SP, 04151-100, Brasil;Rua Frei Rolim Cursino Sao Paulo SP 04151100 Brazil;São Paulo;SP;04151100;-23.62056;-46.62769;-23.62056;-46.62769;;ALTO;sem numero de porta
1904;;;endereco;Avenida do Contorno, 6075, São Pedro, Belo Horizonte - MG, 30110-042, Brasil;Avenida do Contorno 6075 Belo Horizonte MG 30110042 Brazil;Belo Horizonte;MG;30110042;-19.94017;-43.9341;-19.94017;-43.9341;São Pedro;;
1905;;;endereco;Rodovia Governador Mário Covas, Porto Belo - SC, 85874-000, Brasil;Rodovia Governador Mario Covas Porto Belo SC 85874000 Brazil;Porto Belo;SC;85874000;-27.17725;-48.61191;-27.17725;-48.61191;;ALTO;"endereco de rodovia (57-67% falharam); sem numero de porta; CEP generico de cidade, nao de rua (2,4x mais falha)"
1906;;;endereco;Rua Doutor Rodrigo Pereira Barreto, 4, Itaquera, São Paulo - SP, 08210-535, Brasil;Rua Doutor Rodrigo Pereira Barreto 4 Sao Paulo SP 08210535 Brazil;São Paulo;SP;08210535;-23.53089;-46.44679;-23.53089;-46.44679;Itaquera;;
1907;;;endereco;Avenida Ibirapuera, 3103, Moema, São Paulo - SP, 04029-902, Brasil;Avenida Ibirapuera 3103 Sao Paulo SP 04029902 Brazil;São Paulo;SP;04029902;-23.61012;-46.66718;-23.61012;-46.66718;Moema;;
1908;;;endereco;Avenida Gisele Constantino, 180, Votorantim - SP, 18116-650, Brasil;Avenida Gisele Constantino 180 Votorantim SP 18116650 Brazil;Votorantim;SP;18116650;-23.55076;-47.46566;-23.55076;-47.46566;;;
1909;;;endereco;ATM, Rua Fonseca, Bangu, Rio de Janeiro - RJ, 21820-005, Brasil;Rua Fonseca Bangu Rio de Janeiro RJ 21820005 Brazil;Rio de Janeiro;RJ;21820005;-22.87847;-43.4666;-22.87847;-43.4666;;ALTO;sem numero de porta
1910;;;endereco;Oficina de Lanternagem Estrela de Davi., Avenida Dom Helder Câmara, Cachambi, Rio de Janeiro - RJ, 20771-004, Brasil;Avenida Dom Helder Camara Cachambi Rio de Janeiro RJ 20771004 Brazil;Rio de Janeiro;RJ;20771004;-22.88769;-43.28301;-22.88769;-43.28301;;ALTO;sem numero de porta
1911;;;endereco;Praça T 24, Avenida T-10, Bueno, Goiânia - GO, 74223-060, Brasil;Praca T 24 Goiania GO 74223060 Brazil;Goiânia;GO;74223060;-16.70597;-49.26898;-16.70597;-49.26898;Avenida T-10 Bueno;;
1912;;;endereco;Vivenda do Camarão, Avenida Regente Feijó, Vila Formosa, São Paulo - SP, 03342-000, Brasil;Avenida Regente Feijo Vila Formosa Sao Paulo SP 03342000 Brazil;São Paulo;SP;03342000;-23.56207;-46.56098;-23.56207;-46.56098;;ALTO;"sem numero de porta; CEP generico de cidade, nao de rua (2,4x mais falha)"
1913;;;endereco;W. Map, Rua Professor Antônio Maria Teixeira, Leblon, Rio de Janeiro - RJ, 22430-050, Brasil;Rua Professor Antonio Maria Teixeira Leblon Rio de Janeiro RJ 22430050 Brazil;Rio de Janeiro;RJ;22430050;-22.98218;-43.21661;-22.98218;-43.21661;;ALTO;sem numero de porta
1914;;;endereco;PUMA, Rua Prof. Pedro V. Parigot de Souza, 600, Mossungue, Curitiba - PR, 81200-100, Brasil;Rua Prof Pedro V Parigot de Souza 600 Curitiba PR 81200100 Brazil;Curitiba;PR;81200100;-25.43555;-49.3164;-25.43555;-49.3164;Mossungue;;
1915;;;endereco;Avenida Donato Quintino, 125, Canelas II, Montes Claros - MG, 39400-546, Brasil;Avenida Donato Quintino 125 Montes Claros MG 39400546 Brazil;Montes Claros;MG;39400546;-16.73996;-43.87044;-16.73996;-43.87044;Canelas II;;
1916;;;endereco;Avenida Rio Verde, 988, Jardim Nova Era, Aparecida de Goiânia - GO, 74916-260, Brasil;Avenida Rio Verde 988 Aparecida de Goiania GO 74916260 Brazil;Aparecida de Goiânia;GO;74916260;-16.74334;-49.27869;-16.74334;-49.27869;Jardim Nova Era;;
1917;;;endereco;Rodovia Marechal Rondon, Vila Cardia, Bauru - SP, 17030-005, Brasil;Rodovia Marechal Rondon Vila Cardia Bauru SP 17030005 Brazil;Bauru;SP;17030005;-22.31512;-49.05513;-22.31512;-49.05513;;ALTO;"endereco de rodovia (57-67% falharam); sem numero de porta"
1918;;;endereco;Rodovia do Café Governador Ney Braga, Campo Largo - PR, Brasil;Rodovia do Cafe Governador Ney Braga Campo Largo PR Brazil;Campo Largo;PR;;-25.4347;-49.4131;-25.4347;-49.4131;;ALTO;"endereco de rodovia (57-67% falharam); sem numero de porta"
1919;;;endereco;Alameda 1, Ribeirão Preto - SP, Brasil;Alameda 1 Ribeirao Preto SP Brazil;Ribeirão Preto;SP;;-21.22529;-47.83704;-21.22529;-47.83704;;ALTO;logradouro sem nome
1920;;;endereco;Avenida Vicente de Carvalho, 821, Vicente de Carvalho, Rio de Janeiro - RJ, 21220-270, Brasil;Avenida Vicente de Carvalho 821 Rio de Janeiro RJ 21220270 Brazil;Rio de Janeiro;RJ;21220270;-22.85122;-43.31111;-22.85122;-43.31111;Vicente de Carvalho;;
1921;;;endereco;BRT Transoeste, Vargem Grande, Rio de Janeiro - RJ, 22640-100, Brasil;BRT Transoeste Vargem Grande Rio de Janeiro RJ 22640100 Brazil;Rio de Janeiro;RJ;22640100;-23.01756;-43.51129;-23.01756;-43.51129;;ALTO;sem numero de porta
1922;;;endereco;Tupinambá, Avenida Padre Cacique, 2893, Cristal, Porto Alegre - RS, 90810-240, Brasil;Avenida Padre Cacique 2893 Porto Alegre RS 90810240 Brazil;Porto Alegre;RS;90810240;-30.08034;-51.24739;-30.08034;-51.24739;Cristal;;
1923;;;endereco;Praça Oswaldo Cruz, Centro, Curitiba - PR, 80250-230, Brasil;Praca Oswaldo Cruz Centro Curitiba PR 80250230 Brazil;Curitiba;PR;80250230;-25.44019;-49.27685;-25.44019;-49.27685;;ALTO;sem numero de porta
1924;;;endereco;Rua Roma, Jardim Excelsior, Cabo Frio - RJ, Brasil;Rua Roma Jardim Excelsior Cabo Frio RJ Brazil;Cabo Frio;RJ;;-22.87694;-42.03231;-22.87694;-42.03231;;ALTO;sem numero de porta
1925;;;endereco;Primi Passi, Avenida Alberto Benassi, Jardim dos Manacás, Araraquara - SP, 14804-300, Brasil;Avenida Alberto Benassi Jardim dos Manacas Araraquara SP 14804300 Brazil;Araraquara;SP;14804300;-21.78357;-48.20079;-21.78357;-48.20079;;ALTO;sem numero de porta
1926;;;endereco;Avenida Transguarulhense, Picanço, Guarulhos - SP, 07082-055, Brasil;Avenida Transguarulhense Picanco Guarulhos SP 07082055 Brazil;Guarulhos;SP;07082055;-23.44048;-46.54328;-23.44048;-46.54328;;ALTO;sem numero de porta
1927;;;endereco;Soldado Mário Kozel Filho, Estrada do Engenho d'Água, Anil, Rio de Janeiro - RJ, 22765-240, Brasil;Estrada do Engenho d Agua Anil Rio de Janeiro RJ 22765240 Brazil;Rio de Janeiro;RJ;22765240;-22.95564;-43.3399;-22.95564;-43.3399;;ALTO;"endereco de rodovia (57-67% falharam); sem numero de porta"
1928;;;endereco;Avenida Manoel Goulart, 2622, Jardim das Rosas, Presidente Prudente - SP, 19060-000, Brasil;Avenida Manoel Goulart 2622 Presidente Prudente SP 19060000 Brazil;Presidente Prudente;SP;19060000;-22.1172;-51.40604;-22.1172;-51.40604;Jardim das Rosas;MEDIO;CEP generico de cidade, nao de rua (2,4x mais falha)
1929;;;endereco;Banca Cultural 108 Sul, SQS 108, Asa Sul, Brasília - DF, 70347-040, Brasil;Banca Cultural 108 Brasilia DF 70347040 Brazil;Brasília;DF;70347040;-15.81598;-47.9044;-15.81598;-47.9044;Sul SQS 108 Asa Sul;;
1930;;;endereco;The Original Cupcake, Avenida Gov. André Franco Montoro, Taboão da Serra - SP, 06757-000, Brasil;Avenida Gov Andre Franco Montoro Taboao da Serra SP 06757000 Brazil;Taboão da Serra;SP;06757000;-23.61495;-46.77541;-23.61495;-46.77541;;ALTO;"sem numero de porta; CEP generico de cidade, nao de rua (2,4x mais falha)"
1931;;;endereco;Avenida Sete de Setembro, 2587, Rebouças, Curitiba - PR, 80230-010, Brasil;Avenida Sete de Setembro 2587 Curitiba PR 80230010 Brazil;Curitiba;PR;80230010;-25.43754;-49.26583;-25.43754;-49.26583;Rebouças;;
1932;;;endereco;Central PenhaEstacionamento, Rua Doutor João Ribeiro, 244, Penha, São Paulo - SP, 03634-000, Brasil;Rua Doutor Joao Ribeiro 244 Sao Paulo SP 03634000 Brazil;São Paulo;SP;03634000;-23.52503;-46.54698;-23.52503;-46.54698;Penha;MEDIO;CEP generico de cidade, nao de rua (2,4x mais falha)
1933;;;endereco;Shell, ERL S, Zona Cívico Administrativa, Brasília - DF, Brasil;Shell ERL S Zona Civico Administrativa Brasilia DF Brazil;Brasília;DF;;-15.79423;-47.88217;-15.79423;-47.88217;;ALTO;sem numero de porta
1934;;;endereco;Oi, Rua Domingos Agostim, Tatuapé, São Paulo - SP, 03306-010, Brasil;Rua Domingos Agostim Tatuape Sao Paulo SP 03306010 Brazil;São Paulo;SP;03306010;-23.54177;-46.57661;-23.54177;-46.57661;;ALTO;sem numero de porta
1935;;;endereco;SGAS 905, BLOCO A, Asa Sul, Brasília - DF, 70390-050, Brasil;SGAS 905 BLOCO A Asa Sul Brasilia DF 70390050 Brazil;Brasília;DF;70390050;-15.80351;-47.90297;-15.80351;-47.90297;;ALTO;sem numero de porta
1936;;;endereco;UP 2 You, Rua dos Tucunarés, 500, Marília - SP, 17507-393, Brasil;UP 2 You Rua dos Tucunares 500 Marilia SP 17507393 Brazil;Marília;SP;17507393;-22.18625;-49.96688;-22.18625;-49.96688;;;
1937;;;endereco;Avenida das Nações Unidas, 22360, Socorro, São Paulo - SP, 04795-000, Brasil;Avenida das Nacoes Unidas 22360 Sao Paulo SP 04795000 Brazil;São Paulo;SP;04795000;-23.68415;-46.69232;-23.68415;-46.69232;Socorro;MEDIO;CEP generico de cidade, nao de rua (2,4x mais falha)
1938;;;endereco;Rua Engenheiro Camilo Olivetti, Itapegica, Guarulhos - SP, 07042-040, Brasil;Rua Engenheiro Camilo Olivetti Itapegica Guarulhos SP 07042040 Brazil;Guarulhos;SP;07042040;-23.48663;-46.54988;-23.48663;-46.54988;;ALTO;sem numero de porta
1939;;;endereco;Avenida Farroupilha, Marechal Rondon, Canoas - RS, Brasil;Avenida Farroupilha Marechal Rondon Canoas RS Brazil;Canoas;RS;;-29.91494;-51.16569;-29.91494;-51.16569;;ALTO;sem numero de porta
1940;;;endereco;Praça Samuel Sabatini, 226, Centro, São Bernardo do Campo - SP, 09750-700, Brasil;Praca Samuel Sabatini 226 Sao Bernardo do Campo SP 09750700 Brazil;São Bernardo do Campo;SP;09750700;-23.69303;-46.5522;-23.69303;-46.5522;Centro;;
1941;;;endereco;Avenida das Américas, 4567, Barra da Tijuca, Rio de Janeiro - RJ, 22790-703, Brasil;Avenida das Americas 4567 Rio de Janeiro RJ 22790703 Brazil;Rio de Janeiro;RJ;22790703;-23.00034;-43.36063;-23.00034;-43.36063;Barra da Tijuca;;
1942;;;endereco;Empório Body Store, Tamboré, Barueri - SP, 06455-000, Brasil;Emporio Body Store Tambore Barueri SP 06455000 Brazil;Barueri;SP;06455000;-23.50388;-46.83354;-23.50388;-46.83354;;ALTO;"sem numero de porta; CEP generico de cidade, nao de rua (2,4x mais falha)"
1943;;;endereco;Inicial Games, Rua Carlos Gomes, Centro, Limeira - SP, 13480-013, Brasil;Rua Carlos Gomes Centro Limeira SP 13480013 Brazil;Limeira;SP;13480013;-22.57067;-47.40805;-22.57067;-47.40805;;ALTO;sem numero de porta
1944;;;endereco;Avenida General David Sarnoff, Cidade Industrial, Contagem - MG, 32210-110, Brasil;Avenida General David Sarnoff Cidade Industrial Contagem MG 32210110 Brazil;Contagem;MG;32210110;-19.9482;-44.02563;-19.9482;-44.02563;;ALTO;sem numero de porta
1945;;;endereco;Okuyamtomóveis, Avenida Charles Schnneider, Barranco, Taubaté - SP, 12040-001, Brasil;Avenida Charles Schnneider Barranco Taubate SP 12040001 Brazil;Taubaté;SP;12040001;-23.02531;-45.58259;-23.02531;-45.58259;;ALTO;sem numero de porta
1946;;;endereco;Rua Cônego Thomaz Fontes, 284, Centro, Itajaí - SC, 88301-100, Brasil;Rua Conego Thomaz Fontes 284 Itajai SC 88301100 Brazil;Itajaí;SC;88301100;-26.9044;-48.66032;-26.9044;-48.66032;Centro;;
1947;;;endereco;Shin Ca 4, Setor de Hab. Individuais Norte, Lago Norte - DF, 71503-504, Brasil;Shin Ca 4 Lago Norte DF 71503504 Brazil;Lago Norte;DF;71503504;-15.71945;-47.88519;-15.71945;-47.88519;Setor de Hab. Individuais Norte;;
1948;;;endereco;Avenida das Cataratas, Vila Yolanda, Foz do Iguaçu - PR, 85853-000, Brasil;Avenida das Cataratas Vila Yolanda Foz do Iguacu PR 85853000 Brazil;Foz do Iguaçu;PR;85853000;-25.55488;-54.56677;-25.55488;-54.56677;;ALTO;"sem numero de porta; CEP generico de cidade, nao de rua (2,4x mais falha)"
1949;;;endereco;Empório dos Controles, Pirituba, São Paulo - SP, 05145-000, Brasil;Emporio dos Controles Pirituba Sao Paulo SP 05145000 Brazil;São Paulo;SP;05145000;-23.5061;-46.71794;-23.5061;-46.71794;;ALTO;"sem numero de porta; CEP generico de cidade, nao de rua (2,4x mais falha)"
1950;;;endereco;Avenida Industrial, 641, Tamanduateí 3, Santo André - SP, 09080-510, Brasil;Avenida Industrial 641 Santo Andre SP 09080510 Brazil;Santo André;SP;09080510;-23.6493;-46.53326;-23.6493;-46.53326;Tamanduateí 3;;
1951;;;endereco;Estrada de São Bento, 3304, Pium, Itaquaquecetuba - SP, 08598-100, Brasil;Estrada de Sao Bento 3304 Itaquaquecetuba SP 08598100 Brazil;Itaquaquecetuba;SP;08598100;-23.45991;-46.30695;-23.45991;-46.30695;Pium;ALTO;endereco de rodovia (57-67% falharam)
1952;;;endereco;Cinemas São Luiz, Avenida Maria Campos, Industrial Autonomistas, Osasco - SP, Brasil;Avenida Maria Campos Industrial Autonomistas Osasco SP Brazil;Osasco;SP;;-23.53808;-46.77185;-23.53808;-46.77185;;ALTO;sem numero de porta
1953;;;endereco;Rua Pataxo, 854, Pataxós, Embu das Artes - SP, Brasil;Rua Pataxo 854 Embu das Artes SP Brazil;Embu das Artes;SP;;-23.65841;-46.83286;-23.65841;-46.83286;Pataxós;;
1954;;;endereco;Lenny Niemeyer, Avenida do Batel, 1868, Batel, Curitiba - PR, 80420-090, Brasil;Avenida do Batel 1868 Curitiba PR 80420090 Brazil;Curitiba;PR;80420090;-25.44322;-49.29068;-25.44322;-49.29068;Batel;;
1955;;;endereco;Avenida Abílio Augusto Távora, 3, Cabuçu, Nova Iguaçu - RJ, 26291-200, Brasil;Avenida Abilio Augusto Tavora 3 Nova Iguacu RJ 26291200 Brazil;Nova Iguaçu;RJ;26291200;-22.78658;-43.54552;-22.78658;-43.54552;Cabuçu;;
1956;;;endereco;Vida Ativa, Avenida Fernando Machado, Líder, Chapecó - SC, Brasil;Avenida Fernando Machado Lider Chapeco SC Brazil;Chapecó;SC;;-27.0698;-52.62525;-27.0698;-52.62525;;ALTO;sem numero de porta
1957;;;endereco;Gregory, Avenida Olegário Maciel, Santo Agostinho, Belo Horizonte - MG, 30140-085, Brasil;Avenida Olegario Maciel Santo Agostinho Belo Horizonte MG 30140085 Brazil;Belo Horizonte;MG;30140085;-19.92829;-43.94688;-19.92829;-43.94688;;ALTO;sem numero de porta
1958;;;endereco;Rua Casa do Ator, 1273, Itaim Bibi, São Paulo - SP, 04546-003, Brasil;Rua Casa do Ator 1273 Sao Paulo SP 04546003 Brazil;São Paulo;SP;04546003;-23.59614;-46.68518;-23.59614;-46.68518;Itaim Bibi;;
1959;;;endereco;Méliuz, Rua Pacífico Mascarenhas, Santa Efigênia, Belo Horizonte - MG, 30260-010, Brasil;Rua Pacifico Mascarenhas Santa Efigenia Belo Horizonte MG 30260010 Brazil;Belo Horizonte;MG;30260010;-19.92047;-43.92117;-19.92047;-43.92117;;ALTO;sem numero de porta
1960;;;endereco;Ponto De Carregamento Para Veículos Elétricos, Rua Quinze de Novembro, 8, Centro, Niterói - RJ, 24020-125, Brasil;Rua Quinze de Novembro 8 Niteroi RJ 24020125 Brazil;Niterói;RJ;24020125;-22.89678;-43.12389;-22.89678;-43.12389;Centro;;
1961;;;endereco;Youcom, Rua Paulo de Faria, Tucuruvi, São Paulo - SP, 02267-000, Brasil;Rua Paulo de Faria Tucuruvi Sao Paulo SP 02267000 Brazil;São Paulo;SP;02267000;-23.47993;-46.60279;-23.47993;-46.60279;;ALTO;"sem numero de porta; CEP generico de cidade, nao de rua (2,4x mais falha)"
1962;;;endereco;Avenida Praia de Belas, Praia de Belas, Porto Alegre - RS, 90110-000, Brasil;Avenida Praia de Belas Praia de Belas Porto Alegre RS 90110000 Brazil;Porto Alegre;RS;90110000;-30.05017;-51.22817;-30.05017;-51.22817;;ALTO;"sem numero de porta; CEP generico de cidade, nao de rua (2,4x mais falha)"
1963;;;endereco;Fascar, Subsetor Sul-5, Ribeirão Preto - SP, Brasil;Fascar Subsetor Sul 5 Ribeirao Preto SP Brazil;Ribeirão Preto;SP;;-21.21041;-47.81387;-21.21041;-47.81387;;ALTO;sem numero de porta
1964;;;endereco;Rua Jacy Teixeira de Camargo, 412, Jardim do Lago, Campinas - SP, 13050-008, Brasil;Rua Jacy Teixeira de Camargo 412 Campinas SP 13050008 Brazil;Campinas;SP;13050008;-22.93137;-47.07764;-22.93137;-47.07764;Jardim do Lago;;
1965;;;endereco;Innovasjon Norge, Rua Lauro Müller, Botafogo, Rio de Janeiro - RJ, 22290-160, Brasil;Rua Lauro Muller Botafogo Rio de Janeiro RJ 22290160 Brazil;Rio de Janeiro;RJ;22290160;-22.95688;-43.17631;-22.95688;-43.17631;;ALTO;sem numero de porta
1966;;;endereco;Rua Ermelino de Leão, 1243, Olarias, Ponta Grossa - PR, 84035-000, Brasil;Rua Ermelino de Leao 1243 Ponta Grossa PR 84035000 Brazil;Ponta Grossa;PR;84035000;-25.098;-50.15471;-25.098;-50.15471;Olarias;MEDIO;CEP generico de cidade, nao de rua (2,4x mais falha)
1967;;;endereco;Droga Líder, Avenida João Naves de Ávila, Tibery, Uberlândia - MG, 38405-140, Brasil;Avenida Joao Naves de Avila Tibery Uberlandia MG 38405140 Brazil;Uberlândia;MG;38405140;-18.91081;-48.25977;-18.91081;-48.25977;;ALTO;sem numero de porta
1968;;;endereco;Drogasil, Avenida Rebouças, 3970, Pinheiros, São Paulo - SP, 05401-450, Brasil;Avenida Reboucas 3970 Sao Paulo SP 05401450 Brazil;São Paulo;SP;05401450;-23.57315;-46.69562;-23.57315;-46.69562;Pinheiros;;
1969;;;endereco;adidas, Vila Ipiranga, Porto Alegre - RS, 91340-001, Brasil;Vila Ipiranga Porto Alegre RS 91340001 Brazil;Porto Alegre;RS;91340001;-30.02608;-51.16268;-30.02608;-51.16268;;ALTO;sem numero de porta
1970;;;endereco;Avenida Rotary, Ferrazópolis, São Bernardo do Campo - SP, 09721-000, Brasil;Avenida Rotary Ferrazopolis Sao Bernardo do Campo SP 09721000 Brazil;São Bernardo do Campo;SP;09721000;-23.72233;-46.54317;-23.72233;-46.54317;;ALTO;"sem numero de porta; CEP generico de cidade, nao de rua (2,4x mais falha)"
1971;;;endereco;MG-424, Confins - MG, 33500-000, Brasil;MG 424 Confins MG 33500000 Brazil;Confins;MG;33500000;-19.67125;-43.99317;-19.67125;-43.99317;;ALTO;"sem numero de porta; logradouro sem nome; CEP generico de cidade, nao de rua (2,4x mais falha)"
1972;;;endereco;Rua Maria Soares Sendas, Centro, São João de Meriti - RJ, 25581-350, Brasil;Rua Maria Soares Sendas Centro Sao Joao de Meriti RJ 25581350 Brazil;São João de Meriti;RJ;25581350;-22.79474;-43.3529;-22.79474;-43.3529;;ALTO;sem numero de porta
1973;;;endereco;Montana Grill, Rua Domingos de Morais, Vila Mariana, São Paulo - SP, 04036-100, Brasil;Rua Domingos de Morais Vila Mariana Sao Paulo SP 04036100 Brazil;São Paulo;SP;04036100;-23.59935;-46.63695;-23.59935;-46.63695;;ALTO;sem numero de porta
1974;;;endereco;EPIA, Setores Complementares-Asa Sul, Brasília - DF, Brasil;EPIA Setores Complementares Asa Sul Brasilia DF Brazil;Brasília;DF;;-15.83329;-47.95167;-15.83329;-47.95167;;ALTO;sem numero de porta
1975;;;endereco;Baloné, Rua Professor Alfredo Gomes, Botafogo, Rio de Janeiro - RJ, 22251-080, Brasil;Rua Professor Alfredo Gomes Botafogo Rio de Janeiro RJ 22251080 Brazil;Rio de Janeiro;RJ;22251080;-22.94753;-43.18347;-22.94753;-43.18347;;ALTO;sem numero de porta
1976;;;endereco;RD I Motors, Avenida São João, 2200, Jardim Colinas, São José dos Campos - SP, Brasil;Avenida Sao Joao 2200 Sao Jose dos Campos SP Brazil;São José dos Campos;SP;;-23.20507;-45.90792;-23.20507;-45.90792;Jardim Colinas;;
1977;;;endereco;Rua Sebastião Fabiano Dias, Belvedere, Belo Horizonte - MG, 30320-690, Brasil;Rua Sebastiao Fabiano Dias Belvedere Belo Horizonte MG 30320690 Brazil;Belo Horizonte;MG;30320690;-19.97572;-43.94474;-19.97572;-43.94474;;ALTO;sem numero de porta
1978;;;endereco;Rua Rincão, 733, Rincão, Novo Hamburgo - RS, 93608-610, Brasil;Rua Rincao 733 Novo Hamburgo RS 93608610 Brazil;Novo Hamburgo;RS;93608610;-29.67005;-51.14365;-29.67005;-51.14365;Rincão;;
1979;;;endereco;MG-424, Confins - MG, 33500-000, Brasil;MG 424 Confins MG 33500000 Brazil;Confins;MG;33500000;-19.67125;-43.99317;-19.67125;-43.99317;;ALTO;"sem numero de porta; logradouro sem nome; CEP generico de cidade, nao de rua (2,4x mais falha)"
1980;;;endereco;Rua Só O Amor Constrói, 109, Eldorado Prol, Rio Verde - GO, 75904-433, Brasil;Rua So O Amor Constroi 109 Rio Verde GO 75904433 Brazil;Rio Verde;GO;75904433;-17.77094;-50.92313;-17.77094;-50.92313;Eldorado Prol;;
1981;;;endereco;Rua Coronel Chicuta, 355, Centro, Passo Fundo - RS, 99010-051, Brasil;Rua Coronel Chicuta 355 Passo Fundo RS 99010051 Brazil;Passo Fundo;RS;99010051;-28.26298;-52.40878;-28.26298;-52.40878;Centro;;
1982;;;endereco;Avenida Marechal Floriano Peixoto, 52, Gonzaga, Santos - SP, 11060-300, Brasil;Avenida Marechal Floriano Peixoto 52 Santos SP 11060300 Brazil;Santos;SP;11060300;-23.96712;-46.33461;-23.96712;-46.33461;Gonzaga;;
1983;;;endereco;Ville Ótica, Avenida Severino Ballesteros Rodrigues, Cabral, Contagem - MG, 32146-003, Brasil;Avenida Severino Ballesteros Rodrigues Cabral Contagem MG 32146003 Brazil;Contagem;MG;32146003;-19.88062;-44.038;-19.88062;-44.038;;ALTO;sem numero de porta
1984;;;endereco;Te&Maki, Avenida Paulista, 1159, Jardim Paulista, São Paulo - SP, 01310-100, Brasil;Avenida Paulista 1159 Sao Paulo SP 01310100 Brazil;São Paulo;SP;01310100;-23.56482;-46.65335;-23.56482;-46.65335;Jardim Paulista;;
1985;;;endereco;SUBWAY, Avenida Costa e Silva, 185, Jardim Polo Centro, Foz do Iguaçu - PR, 85863-000, Brasil;Avenida Costa e Silva 185 Foz do Iguacu PR 85863000 Brazil;Foz do Iguaçu;PR;85863000;-25.53311;-54.57535;-25.53311;-54.57535;Jardim Polo Centro;MEDIO;CEP generico de cidade, nao de rua (2,4x mais falha)
1986;;;endereco;Avenida Diário de Notícias, 500, Cristal, Porto Alegre - RS, 91900-420, Brasil;Avenida Diario de Noticias 500 Porto Alegre RS 91900420 Brazil;Porto Alegre;RS;91900420;-30.08623;-51.24748;-30.08623;-51.24748;Cristal;;
1987;;;endereco;Rua Orlando Odilio Koerich, Distrito Industrial, São José - SC, 86905-000, Brasil;Rua Orlando Odilio Koerich Distrito Industrial Sao Jose SC 86905000 Brazil;São José;SC;86905000;-27.61566;-48.64517;-27.61566;-48.64517;;ALTO;"sem numero de porta; CEP generico de cidade, nao de rua (2,4x mais falha)"
1988;;;endereco;Avenida Jorge Elias de Lucca, Nossa Senhora da Salete, Criciúma - SC, 88813-390, Brasil;Avenida Jorge Elias de Lucca Nossa Senhora da Salete Criciuma SC 88813390 Brazil;Criciúma;SC;88813390;-28.68761;-49.33541;-28.68761;-49.33541;;ALTO;sem numero de porta
1989;;;endereco;Via de Fato, Rua Guaiaó, Aparecida, Santos - SP, 11035-260, Brasil;Via de Fato Rua Guaiao Aparecida Santos SP 11035260 Brazil;Santos;SP;11035260;-23.97735;-46.3098;-23.97735;-46.3098;;ALTO;"endereco de rodovia (57-67% falharam); sem numero de porta"
1990;;;endereco;Maz Brasil, Avenida Presidente Kennedy, Portão, Curitiba - PR, 80610-010, Brasil;Avenida Presidente Kennedy Portao Curitiba PR 80610010 Brazil;Curitiba;PR;80610010;-25.47784;-49.29184;-25.47784;-49.29184;;ALTO;sem numero de porta
1991;;;endereco;Siberian, Sanvitto, Caxias do Sul - RS, 95112-360, Brasil;Siberian Sanvitto Caxias do Sul RS 95112360 Brazil;Caxias do Sul;RS;95112360;-29.17686;-51.21923;-29.17686;-51.21923;;ALTO;sem numero de porta
1992;;;endereco;Avenida Higienópolis, 683, Consolação, São Paulo - SP, 01238-000, Brasil;Avenida Higienopolis 683 Sao Paulo SP 01238000 Brazil;São Paulo;SP;01238000;-23.54292;-46.65831;-23.54292;-46.65831;Consolação;MEDIO;CEP generico de cidade, nao de rua (2,4x mais falha)
1993;;;endereco;C&A, Avenida Santa Bárbara, Vila Mollon IV, Santa Bárbara d'Oeste - SP, 13456-625, Brasil;Avenida Santa Barbara Vila Mollon IV Santa Barbara d Oeste SP 13456625 Brazil;Santa Bárbara d'Oeste;SP;13456625;-22.74784;-47.36725;-22.74784;-47.36725;;ALTO;sem numero de porta
1994;;;endereco;Estrada do Campo Limpo, 414, Jardim São Luís, São Paulo - SP, 05777-000, Brasil;Estrada do Campo Limpo 414 Sao Paulo SP 05777000 Brazil;São Paulo;SP;05777000;-23.64843;-46.7576;-23.64843;-46.7576;Jardim São Luís;ALTO;"endereco de rodovia (57-67% falharam); CEP generico de cidade, nao de rua (2,4x mais falha)"
1996;;;endereco;Rua Gerôncio Thives, 862, Campinas, São José - SC, 88117-290, Brasil;Rua Geroncio Thives 862 Sao Jose SC 88117290 Brazil;São José;SC;88117290;-27.58346;-48.614;-27.58346;-48.614;Campinas;;
1997;;;endereco;Le Jardin, Parque dos Rodoviários, Campos dos Goytacazes - RJ, Brasil;Parque dos Rodoviarios Campos dos Goytacazes RJ Brazil;Campos dos Goytacazes;RJ;;-21.75518;-41.3487;-21.75518;-41.3487;;ALTO;sem numero de porta
1998;;;endereco;Rua Imperatriz Leopoldina, 271, Jardim Guanabara, Araçatuba - SP, 16026-220, Brasil;Rua Imperatriz Leopoldina 271 Aracatuba SP 16026220 Brazil;Araçatuba;SP;16026220;-21.2193;-50.46568;-21.2193;-50.46568;Jardim Guanabara;;
1999;;;endereco;Gráfica 2ml Uberlândia Shopping, Gávea, Uberlândia - MG, 38411-106, Brasil;Grafica 2ml Uberlandia Shopping Gavea Uberlandia MG 38411106 Brazil;Uberlândia;MG;38411106;-18.9568;-48.27671;-18.9568;-48.27671;;ALTO;sem numero de porta
2000;;;endereco;Rua Pedro Lessa, Santa Mônica, Florianópolis - SC, 88035-020, Brasil;Rua Pedro Lessa Santa Monica Florianopolis SC 88035020 Brazil;Florianópolis;SC;88035020;-27.59119;-48.51392;-27.59119;-48.51392;;ALTO;sem numero de porta
2001;;;endereco;Toasted Potato, Avenida Andrômeda, 227, Jardim Satélite, São José dos Campos - SP, 12231-675, Brasil;Avenida Andromeda 227 Sao Jose dos Campos SP 12231675 Brazil;São José dos Campos;SP;12231675;-23.21658;-45.89293;-23.21658;-45.89293;Jardim Satélite;;
2002;;;endereco;Rodovia Akzo Nobei, Itupeva - SP, 13295-000, Brasil;Rodovia Akzo Nobei Itupeva SP 13295000 Brazil;Itupeva;SP;13295000;-23.10228;-47.012;-23.10228;-47.012;;ALTO;"endereco de rodovia (57-67% falharam); sem numero de porta; CEP generico de cidade, nao de rua (2,4x mais falha)"
2003;;;endereco;Rodovia Hélio Smidt, Várzea do Palácio, Guarulhos - SP, 07190-100, Brasil;Rodovia Helio Smidt Varzea do Palacio Guarulhos SP 07190100 Brazil;Guarulhos;SP;07190100;-23.46899;-46.49134;-23.46899;-46.49134;;ALTO;"endereco de rodovia (57-67% falharam); sem numero de porta"
2004;;;endereco;Avenida Deputado Jamel Cecílio, Jardim Goiás, Goiânia - GO, 74810-100, Brasil;Avenida Deputado Jamel Cecilio Jardim Goias Goiania GO 74810100 Brazil;Goiânia;GO;74810100;-16.70689;-49.23759;-16.70689;-49.23759;;ALTO;sem numero de porta
2005;;;endereco;Santa Lolla, Avenida Kennedy, 700, Centro, São Bernardo do Campo - SP, 09726-252, Brasil;Avenida Kennedy 700 Sao Bernardo do Campo SP 09726252 Brazil;São Bernardo do Campo;SP;09726252;-23.68375;-46.55778;-23.68375;-46.55778;Centro;;
2006;;;endereco;Avenida Ayrton Senna da Silva, Sítio do Campo, Praia Grande - SP, 11726-000, Brasil;Avenida Ayrton Senna da Silva Sitio do Campo Praia Grande SP 11726000 Brazil;Praia Grande;SP;11726000;-23.99809;-46.41139;-23.99809;-46.41139;;ALTO;"sem numero de porta; CEP generico de cidade, nao de rua (2,4x mais falha)"
2007;;;endereco;Rua Pataxo, 854, Pataxós, Embu das Artes - SP, Brasil;Rua Pataxo 854 Embu das Artes SP Brazil;Embu das Artes;SP;;-23.65841;-46.83286;-23.65841;-46.83286;Pataxós;;
2008;;;endereco;Passeio dos Flamboyants, Parque Faber Castell I, São Carlos - SP, 13561-352, Brasil;Passeio dos Flamboyants Parque Faber Castell I Sao Carlos SP 13561352 Brazil;São Carlos;SP;13561352;-22.01821;-47.91687;-22.01821;-47.91687;;ALTO;sem numero de porta
2009;;;endereco;Rua Pataxo, 854, Pataxós, Embu das Artes - SP, Brasil;Rua Pataxo 854 Embu das Artes SP Brazil;Embu das Artes;SP;;-23.65841;-46.83286;-23.65841;-46.83286;Pataxós;;
2010;;;endereco;Pizza Hut, Rua Coronel Xavier de Toledo, República, São Paulo - SP, 01048-000, Brasil;Rua Coronel Xavier de Toledo Republica Sao Paulo SP 01048000 Brazil;São Paulo;SP;01048000;-23.54656;-46.63863;-23.54656;-46.63863;;ALTO;"sem numero de porta; CEP generico de cidade, nao de rua (2,4x mais falha)"
2011;;;endereco;Rodovia dos Metalúrgicos, Siderópolis, Volta Redonda - RJ, Brasil;Rodovia dos Metalurgicos Sideropolis Volta Redonda RJ Brazil;Volta Redonda;RJ;;-22.52679;-44.07674;-22.52679;-44.07674;;ALTO;"endereco de rodovia (57-67% falharam); sem numero de porta"
2012;;;endereco;BR-470, Fortaleza, Blumenau - SC, Brasil;BR 470 Fortaleza Blumenau SC Brazil;Blumenau;SC;;-26.85918;-49.05858;-26.85918;-49.05858;;ALTO;sem numero de porta
2013;;;endereco;Rua Bocaiúva, 2395, Centro, Florianópolis - SC, 88015-530, Brasil;Rua Bocaiuva 2395 Florianopolis SC 88015530 Brazil;Florianópolis;SC;88015530;-27.58414;-48.54547;-27.58414;-48.54547;Centro;;
2014;;;endereco;Rua Pataxo, 854, Pataxós, Embu das Artes - SP, Brasil;Rua Pataxo 854 Embu das Artes SP Brazil;Embu das Artes;SP;;-23.65841;-46.83286;-23.65841;-46.83286;Pataxós;;
2015;;;endereco;Avenida das Américas, 14840, Recreio dos Bandeirantes, Rio de Janeiro - RJ, 22790-702, Brasil;Avenida das Americas 14840 Rio de Janeiro RJ 22790702 Brazil;Rio de Janeiro;RJ;22790702;-23.01271;-43.46196;-23.01271;-43.46196;Recreio dos Bandeirantes;;
2016;;;endereco;Avenida Del Rey, Caiçaras, Belo Horizonte - MG, 30775-240, Brasil;Avenida Del Rey Caicaras Belo Horizonte MG 30775240 Brazil;Belo Horizonte;MG;30775240;-19.88858;-43.96882;-19.88858;-43.96882;;ALTO;sem numero de porta
2017;;;endereco;Estúdio da Sobrancelha, Rua Olimpíadas, Itaim Bibi, São Paulo - SP, 04547-004, Brasil;Rua Olimpiadas Itaim Bibi Sao Paulo SP 04547004 Brazil;São Paulo;SP;04547004;-23.59579;-46.68689;-23.59579;-46.68689;;ALTO;sem numero de porta
2018;;;endereco;Banco 24 Horas, Vila Clóris, Belo Horizonte - MG, 31610-070, Brasil;Banco 24 Horas Vila Cloris Belo Horizonte MG 31610070 Brazil;Belo Horizonte;MG;31610070;-19.82103;-43.9472;-19.82103;-43.9472;;ALTO;sem numero de porta
2019;;;endereco;Rua Almirante Barroso, 1294, Centro, Foz do Iguaçu - PR, 85851-010, Brasil;Rua Almirante Barroso 1294 Foz do Iguacu PR 85851010 Brazil;Foz do Iguaçu;PR;85851010;-25.54381;-54.58511;-25.54381;-54.58511;Centro;;
2020;;;endereco;Alameda Santos, 1826, Jardim Paulista, São Paulo - SP, 01418-102, Brasil;Alameda Santos 1826 Sao Paulo SP 01418102 Brazil;São Paulo;SP;01418102;-23.56122;-46.65858;-23.56122;-46.65858;Jardim Paulista;;
2021;;;endereco;Brs 2 - Rua Visconde de Pirajá Próximo ao 504, Rua Visconde de Pirajá, Ipanema, Rio de Janeiro - RJ, 22410-003, Brasil;Brs 2 Rua Visconde de Piraja Proximo ao 504 Rio de Janeiro RJ 22410003 Brazil;Rio de Janeiro;RJ;22410003;-22.98392;-43.21027;-22.98392;-43.21027;Rua Visconde de Pirajá Ipanema;;
2022;;;endereco;Rua Garcia d'Avila, 105, Ipanema, Rio de Janeiro - RJ, 22421-010, Brasil;Rua Garcia d Avila 105 Rio de Janeiro RJ 22421010 Brazil;Rio de Janeiro;RJ;22421010;-22.9837;-43.20924;-22.9837;-43.20924;Ipanema;;
2023;;;endereco;Avenida Moaci, Moema, São Paulo - SP, 04083-000, Brasil;Avenida Moaci Moema Sao Paulo SP 04083000 Brazil;São Paulo;SP;04083000;-23.60898;-46.66696;-23.60898;-46.66696;;ALTO;"sem numero de porta; CEP generico de cidade, nao de rua (2,4x mais falha)"
2024;;;endereco;Alameda dos Arapanés, 853, Moema, São Paulo - SP, 04524-001, Brasil;Alameda dos Arapanes 853 Sao Paulo SP 04524001 Brazil;São Paulo;SP;04524001;-23.60516;-46.66537;-23.60516;-46.66537;Moema;;
2025;;;endereco;Alameda dos Arapanés, 881, Moema, São Paulo - SP, 04524-001, Brasil;Alameda dos Arapanes 881 Sao Paulo SP 04524001 Brazil;São Paulo;SP;04524001;-23.60535;-46.6655;-23.60535;-46.6655;Moema;;
2026;;;endereco;Avenida Iguatemi, 523, Vila Brandina, Campinas - SP, 13092-500, Brasil;Avenida Iguatemi 523 Campinas SP 13092500 Brazil;Campinas;SP;13092500;-22.89332;-47.02896;-22.89332;-47.02896;Vila Brandina;;
2027;;;endereco;Luz da Lua, Avenida Roque Petroni Júnior, 1089, Santo Amaro, São Paulo - SP, 04583-110, Brasil;Avenida Roque Petroni Junior 1089 Sao Paulo SP 04583110 Brazil;São Paulo;SP;04583110;-23.62366;-46.69892;-23.62366;-46.69892;Santo Amaro;;
2028;;;endereco;Avenida Regente Feijó, 785, Água Rasa, São Paulo - SP, 03342-000, Brasil;Avenida Regente Feijo 785 Sao Paulo SP 03342000 Brazil;São Paulo;SP;03342000;-23.55805;-46.57084;-23.55805;-46.57084;Água Rasa;MEDIO;CEP generico de cidade, nao de rua (2,4x mais falha)
2029;;;endereco;Rua Treze de Maio, 1933, Bela Vista, São Paulo - SP, 04849-529, Brasil;Rua Treze de Maio 1933 Sao Paulo SP 04849529 Brazil;São Paulo;SP;04849529;-23.5704;-46.64362;-23.5704;-46.64362;Bela Vista;;
2030;;;endereco;Fit, Avenida Brigadeiro Faria Lima, Pinheiros, São Paulo - SP, 01456-060, Brasil;Avenida Brigadeiro Faria Lima Pinheiros Sao Paulo SP 01456060 Brazil;São Paulo;SP;01456060;-23.5774;-46.68824;-23.5774;-46.68824;;ALTO;sem numero de porta
2031;;;endereco;Avenida Hélio Ossamu Daikuara, 1551, Jardim Vista Alegre, Embu das Artes - SP, 06807-315, Brasil;Avenida Helio Ossamu Daikuara 1551 Embu das Artes SP 06807315 Brazil;Embu das Artes;SP;06807315;-23.63374;-46.82563;-23.63374;-46.82563;Jardim Vista Alegre;;
2032;;;endereco;Fit, Avenida Brigadeiro Faria Lima, Pinheiros, São Paulo - SP, 01456-060, Brasil;Avenida Brigadeiro Faria Lima Pinheiros Sao Paulo SP 01456060 Brazil;São Paulo;SP;01456060;-23.5774;-46.68824;-23.5774;-46.68824;;ALTO;sem numero de porta
2033;;;endereco;Il Barista Cafés Espec, Avenida Roque Petroni Júnior, 1089, Santo Amaro, São Paulo - SP, 04583-110, Brasil;Avenida Roque Petroni Junior 1089 Sao Paulo SP 04583110 Brazil;São Paulo;SP;04583110;-23.62346;-46.69891;-23.62346;-46.69891;Santo Amaro;;
2034;;;endereco;Salvatore Ferragamo, Avenida Presidente Juscelino Kubitschek, 2041, Itaim Bibi, São Paulo - SP, 04543-011, Brasil;Avenida Presidente Juscelino Kubitschek 2041 Sao Paulo SP 04543011 Brazil;São Paulo;SP;04543011;-23.59053;-46.69057;-23.59053;-46.69057;Itaim Bibi;;
2035;;;endereco;Fit, Avenida Brigadeiro Faria Lima, Pinheiros, São Paulo - SP, 01456-060, Brasil;Avenida Brigadeiro Faria Lima Pinheiros Sao Paulo SP 01456060 Brazil;São Paulo;SP;01456060;-23.5774;-46.68824;-23.5774;-46.68824;;ALTO;sem numero de porta
2036;;;endereco;Kosushi-Shopping Cidade Jardim, Avenida Magalhães de Castro, 12000, Morumbi, São Paulo - SP, 05676-030, Brasil;Avenida Magalhaes de Castro 12000 Sao Paulo SP 05676030 Brazil;São Paulo;SP;05676030;-23.59879;-46.69757;-23.59879;-46.69757;Morumbi;;
2037;;;endereco;Avenida Doutor Cardoso de Melo, 854, Itaim Bibi, São Paulo - SP, 04548-004, Brasil;Avenida Doutor Cardoso de Melo 854 Sao Paulo SP 04548004 Brazil;São Paulo;SP;04548004;-23.59932;-46.68284;-23.59932;-46.68284;Itaim Bibi;;
2038;;;endereco;Avenida Higienópolis, 618, Consolação, São Paulo - SP, 01238-001, Brasil;Avenida Higienopolis 618 Sao Paulo SP 01238001 Brazil;São Paulo;SP;01238001;-23.54271;-46.6576;-23.54271;-46.6576;Consolação;;
2039;;;endereco;Avenida Magalhães de Castro, 12000, Morumbi, São Paulo - SP, 05502-001, Brasil;Avenida Magalhaes de Castro 12000 Sao Paulo SP 05502001 Brazil;São Paulo;SP;05502001;-23.59813;-46.69756;-23.59813;-46.69756;Morumbi;;
2040;;;endereco;Rua Garcia d'Avila, 118, Ipanema, Rio de Janeiro - RJ, 22421-010, Brasil;Rua Garcia d Avila 118 Rio de Janeiro RJ 22421010 Brazil;Rio de Janeiro;RJ;22421010;-22.98344;-43.20903;-22.98344;-43.20903;Ipanema;;
2041;;;endereco;Sindicato das Empresas Operadoras e Proprietarias dos Meios, Rua Frei Caneca, 1407, Consolação, São Paulo - SP, 01307-002, Brasil;Rua Frei Caneca 1407 Sao Paulo SP 01307002 Brazil;São Paulo;SP;01307002;-23.55857;-46.65864;-23.55857;-46.65864;Consolação;;
2042;;;endereco;Avenida Brasil, 589, Bairro de Lourdes, Anápolis - GO, 75095-795, Brasil;Avenida Brasil 589 Anapolis GO 75095795 Brazil;Anápolis;GO;75095795;-16.33421;-48.91693;-16.33421;-48.91693;Bairro de Lourdes;;
2043;;;endereco;Avenida Gisele Constantino, 180, Votorantim - SP, 18116-650, Brasil;Avenida Gisele Constantino 180 Votorantim SP 18116650 Brazil;Votorantim;SP;18116650;-23.55076;-47.46566;-23.55076;-47.46566;;;
2044;;;endereco;Avenida Moaci, Moema, São Paulo - SP, 04083-000, Brasil;Avenida Moaci Moema Sao Paulo SP 04083000 Brazil;São Paulo;SP;04083000;-23.60898;-46.66696;-23.60898;-46.66696;;ALTO;"sem numero de porta; CEP generico de cidade, nao de rua (2,4x mais falha)"
2045;;;endereco;Estrada Nova Lima, 3049, Belvedere, Belo Horizonte - MG, 30320-760, Brasil;Estrada Nova Lima 3049 Belo Horizonte MG 30320760 Brazil;Belo Horizonte;MG;30320760;-19.97453;-43.94493;-19.97453;-43.94493;Belvedere;ALTO;endereco de rodovia (57-67% falharam)
2046;;;endereco;Rua Engenheiro Camilo Olivetti, Itapegica, Guarulhos - SP, 07042-040, Brasil;Rua Engenheiro Camilo Olivetti Itapegica Guarulhos SP 07042040 Brazil;Guarulhos;SP;07042040;-23.48663;-46.54988;-23.48663;-46.54988;;ALTO;sem numero de porta
2047;;;endereco;Pizza Hut, Rua Prof. Pedro V. Parigot de Souza, Mossungue, Curitiba - PR, 81200-100, Brasil;Rua Prof Pedro V Parigot de Souza Mossungue Curitiba PR 81200100 Brazil;Curitiba;PR;81200100;-25.43561;-49.31637;-25.43561;-49.31637;;ALTO;sem numero de porta
2048;;;endereco;Dermage, Avenida das Américas, 7777, Barra da Tijuca, Rio de Janeiro - RJ, 22793-081, Brasil;Avenida das Americas 7777 Rio de Janeiro RJ 22793081 Brazil;Rio de Janeiro;RJ;22793081;-23.00134;-43.38629;-23.00134;-43.38629;Barra da Tijuca;;
2049;;;endereco;Fast Burgers, Avenida Ferreira Viana, Areal, Pelotas - RS, 96085-000, Brasil;Avenida Ferreira Viana Areal Pelotas RS 96085000 Brazil;Pelotas;RS;96085000;-31.7596;-52.31863;-31.7596;-52.31863;;ALTO;"sem numero de porta; CEP generico de cidade, nao de rua (2,4x mais falha)"
2050;;;endereco;Avenida Deputado Jacob Salvador Sveibel, Butantã, São Paulo - SP, 05512-390, Brasil;Avenida Deputado Jacob Salvador Sveibel Butanta Sao Paulo SP 05512390 Brazil;São Paulo;SP;05512390;-23.58539;-46.72431;-23.58539;-46.72431;;ALTO;sem numero de porta
2051;;;endereco;Salvatore Ferragamo, Avenida Presidente Juscelino Kubitschek, 2041, Itaim Bibi, São Paulo - SP, 04543-011, Brasil;Avenida Presidente Juscelino Kubitschek 2041 Sao Paulo SP 04543011 Brazil;São Paulo;SP;04543011;-23.59053;-46.69057;-23.59053;-46.69057;Itaim Bibi;;
2052;;;endereco;Puket, Águas Claras - DF, 71931-720, Brasil;Puket Aguas Claras DF 71931720 Brazil;Águas Claras;DF;71931720;-15.83544;-48.04134;-15.83544;-48.04134;;ALTO;"sem numero de porta; logradouro sem nome"
2053;;;endereco;A Suissa, Avenida Aldino Pinotti, Centro, São Bernardo do Campo - SP, 09750-730, Brasil;Avenida Aldino Pinotti Centro Sao Bernardo do Campo SP 09750730 Brazil;São Bernardo do Campo;SP;09750730;-23.69273;-46.55101;-23.69273;-46.55101;;ALTO;sem numero de porta
2054;;;endereco;Avenida Donato Quintino, 125, Canelas II, Montes Claros - MG, 39400-546, Brasil;Avenida Donato Quintino 125 Montes Claros MG 39400546 Brazil;Montes Claros;MG;39400546;-16.73996;-43.87044;-16.73996;-43.87044;Canelas II;;
2055;;;endereco;Rua Doze, 100, Siderlândia, Volta Redonda - RJ, 27273-230, Brasil;Rua Doze 100 Volta Redonda RJ 27273230 Brazil;Volta Redonda;RJ;27273230;-22.52083;-44.13533;-22.52083;-44.13533;Siderlândia;;
2056;;;endereco;Praça Oswaldo Cruz, Centro, Curitiba - PR, 80250-230, Brasil;Praca Oswaldo Cruz Centro Curitiba PR 80250230 Brazil;Curitiba;PR;80250230;-25.44019;-49.27685;-25.44019;-49.27685;;ALTO;sem numero de porta
2057;;;endereco;Barreds's, Rodovia Dom Gabriel Paulino Bueno Couto, 422, São Luiz, Itu - SP, 13304-350, Brasil;Rodovia Dom Gabriel Paulino Bueno Couto 422 Itu SP 13304350 Brazil;Itu;SP;13304350;-23.26492;-47.28162;-23.26492;-47.28162;São Luiz;ALTO;endereco de rodovia (57-67% falharam)
2058;;;endereco;Avenida das Américas, 14840, Recreio dos Bandeirantes, Rio de Janeiro - RJ, 22790-702, Brasil;Avenida das Americas 14840 Rio de Janeiro RJ 22790702 Brazil;Rio de Janeiro;RJ;22790702;-23.01271;-43.46196;-23.01271;-43.46196;Recreio dos Bandeirantes;;
2059;;;endereco;Avenida Perimetral Norte, Jardim Balneário Meia Ponte, Goiânia - GO, 74573-260, Brasil;Avenida Perimetral Norte Jardim Balneario Meia Ponte Goiania GO 74573260 Brazil;Goiânia;GO;74573260;-16.63004;-49.27545;-16.63004;-49.27545;;ALTO;sem numero de porta
2060;;;endereco;McDonald's, Avenida São Paulo, 1099, Zona 1, Maringá - PR, 87013-040, Brasil;Avenida Sao Paulo 1099 Maringa PR 87013040 Brazil;Maringá;PR;87013040;-23.42228;-51.93281;-23.42228;-51.93281;Zona 1;;
2061;;;endereco;Gelateria Parmalat, Avenida Giovanni Gronchi, Vila Andrade, São Paulo - SP, 05724-003, Brasil;Avenida Giovanni Gronchi Vila Andrade Sao Paulo SP 05724003 Brazil;São Paulo;SP;05724003;-23.63119;-46.73586;-23.63119;-46.73586;;ALTO;sem numero de porta
2062;;;endereco;Avenida Transguarulhense, Picanço, Guarulhos - SP, 07082-055, Brasil;Avenida Transguarulhense Picanco Guarulhos SP 07082055 Brazil;Guarulhos;SP;07082055;-23.44048;-46.54328;-23.44048;-46.54328;;ALTO;sem numero de porta
2063;;;endereco;Applebee's, Marechal Rondon, Canoas - RS, Brasil;Applebee s Marechal Rondon Canoas RS Brazil;Canoas;RS;;-29.91499;-51.1653;-29.91499;-51.1653;;ALTO;sem numero de porta
2064;;;endereco;SKETCH, Avenida Cristiano Machado, 4000, União, Belo Horizonte - MG, Brasil;Avenida Cristiano Machado 4000 Belo Horizonte MG Brazil;Belo Horizonte;MG;;-19.87428;-43.9257;-19.87428;-43.9257;União;;
2065;;;endereco;Rua Frei Rolim, Cursino, São Paulo - SP, 04151-100, Brasil;Rua Frei Rolim Cursino Sao Paulo SP 04151100 Brazil;São Paulo;SP;04151100;-23.62056;-46.62769;-23.62056;-46.62769;;ALTO;sem numero de porta
2066;;;endereco;Popeyes LOUISIANA KITCHEN, Rua Sete de Setembro, 555, Suzano - SP, Brasil;Rua Sete de Setembro 555 Suzano SP Brazil;Suzano;SP;;-23.54252;-46.31833;-23.54252;-46.31833;;;
2067;;;endereco;Poupatempo Mogi Guaçu, Rua Interna, Mogi Guaçu - SP, Brasil;Rua Interna Mogi Guacu SP Brazil;Mogi Guaçu;SP;;-22.37629;-46.94448;-22.37629;-46.94448;;ALTO;sem numero de porta
2068;;;endereco;Avenida Transguarulhense, Picanço, Guarulhos - SP, 07082-055, Brasil;Avenida Transguarulhense Picanco Guarulhos SP 07082055 Brazil;Guarulhos;SP;07082055;-23.44048;-46.54328;-23.44048;-46.54328;;ALTO;sem numero de porta
2069;;;endereco;Oy Frei Caneca, Rua Frei Caneca, 641, Bela Vista, São Paulo - SP, 01307-001, Brasil;Rua Frei Caneca 641 Sao Paulo SP 01307001 Brazil;São Paulo;SP;01307001;-23.55388;-46.65319;-23.55388;-46.65319;Bela Vista;;
2070;;;endereco;C&A, Avenida Santa Bárbara, Vila Mollon IV, Santa Bárbara d'Oeste - SP, 13456-625, Brasil;Avenida Santa Barbara Vila Mollon IV Santa Barbara d Oeste SP 13456625 Brazil;Santa Bárbara d'Oeste;SP;13456625;-22.74784;-47.36725;-22.74784;-47.36725;;ALTO;sem numero de porta
2071;;;endereco;Lion Assistência Tecni, Avenida Raimundo Pereira de Magalhães, 1717, Pirituba, São Paulo - SP, 05145-000, Brasil;Avenida Raimundo Pereira de Magalhaes 1717 Sao Paulo SP 05145000 Brazil;São Paulo;SP;05145000;-23.50584;-46.7173;-23.50584;-46.7173;Pirituba;MEDIO;CEP generico de cidade, nao de rua (2,4x mais falha)
2072;;;endereco;Óticas DINIZ, Avenida Vereador Narciso Yague Guimarães, 1001, Mogi das Cruzes - SP, 08780-440, Brasil;Avenida Vereador Narciso Yague Guimaraes 1001 Mogi das Cruzes SP 08780440 Brazil;Mogi das Cruzes;SP;08780440;-23.51584;-46.17907;-23.51584;-46.17907;;;
2073;;;endereco;Estrada da Represa, Campo Grande, Rio de Janeiro - RJ, Brasil;Estrada da Represa Campo Grande Rio de Janeiro RJ Brazil;Rio de Janeiro;RJ;;-22.93538;-43.51874;-22.93538;-43.51874;;ALTO;"endereco de rodovia (57-67% falharam); sem numero de porta"
2074;;;endereco;R. Palestra Itália, 2077 Garage, Rua Palestra Itália, 2077, Perdizes, São Paulo - SP, 05005-001, Brasil;Rua Palestra Italia 2077 Sao Paulo SP 05005001 Brazil;São Paulo;SP;05005001;-23.5264;-46.68112;-23.5264;-46.68112;Garage Rua Palestra Itália 2077 Perdizes;;
2075;;;endereco;Rua Treze de Maio, 1933, Bela Vista, São Paulo - SP, 04849-529, Brasil;Rua Treze de Maio 1933 Sao Paulo SP 04849529 Brazil;São Paulo;SP;04849529;-23.5704;-46.64362;-23.5704;-46.64362;Bela Vista;;
2076;;;endereco;Avenida Doutor Antônio Maria Laet, 851A, Tucuruvi, São Paulo - SP, 02240-000, Brasil;Avenida Doutor Antonio Maria Laet 851A Sao Paulo SP 02240000 Brazil;São Paulo;SP;02240000;-23.47437;-46.59942;-23.47437;-46.59942;Tucuruvi;MEDIO;CEP generico de cidade, nao de rua (2,4x mais falha)
2077;;;endereco;Rua Tenente Antonio João, Zona Industrial Norte, Joinville - SC, 89219-720, Brasil;Rua Tenente Antonio Joao Zona Industrial Norte Joinville SC 89219720 Brazil;Joinville;SC;89219720;-26.25173;-48.85252;-26.25173;-48.85252;;ALTO;sem numero de porta
2078;;;endereco;Avenida Piracema, Tamboré, Barueri - SP, 06460-030, Brasil;Avenida Piracema Tambore Barueri SP 06460030 Brazil;Barueri;SP;06460030;-23.50427;-46.83267;-23.50427;-46.83267;;ALTO;sem numero de porta
2079;;;endereco;Rua Imperatriz Leopoldina, 271, Jardim Guanabara, Araçatuba - SP, 16026-220, Brasil;Rua Imperatriz Leopoldina 271 Aracatuba SP 16026220 Brazil;Araçatuba;SP;16026220;-21.2193;-50.46568;-21.2193;-50.46568;Jardim Guanabara;;
2080;;;endereco;Lojas Pernambucanas, Avenida dos Autonomistas, 1400, Industrial Autonomistas, Osasco - SP, Brasil;Avenida dos Autonomistas 1400 Osasco SP Brazil;Osasco;SP;;-23.5412;-46.76638;-23.5412;-46.76638;Industrial Autonomistas;;
2081;;;endereco;Samsonite, Vila Formosa, São Paulo - SP, 03342-000, Brasil;Vila Formosa Sao Paulo SP 03342000 Brazil;São Paulo;SP;03342000;-23.5615;-46.56046;-23.5615;-46.56046;;ALTO;"sem numero de porta; CEP generico de cidade, nao de rua (2,4x mais falha)"
2082;;;endereco;Avenida Brasil, 3647, São Cristóvão, Cascavel - PR, 85816-302, Brasil;Avenida Brasil 3647 Cascavel PR 85816302 Brazil;Cascavel;PR;85816302;-24.94659;-53.435;-24.94659;-53.435;São Cristóvão;;
2083;;;endereco;Banco 24 Horas, Vila Clóris, Belo Horizonte - MG, 31610-070, Brasil;Banco 24 Horas Vila Cloris Belo Horizonte MG 31610070 Brazil;Belo Horizonte;MG;31610070;-19.82103;-43.9472;-19.82103;-43.9472;;ALTO;sem numero de porta
2084;;;endereco;SUBWAY, Tibery, Uberlândia - MG, 38405-142, Brasil;SUBWAY Tibery Uberlandia MG 38405142 Brazil;Uberlândia;MG;38405142;-18.91037;-48.26048;-18.91037;-48.26048;;ALTO;sem numero de porta
2085;;;endereco;Shell, ERL S, Zona Cívico Administrativa, Brasília - DF, Brasil;Shell ERL S Zona Civico Administrativa Brasilia DF Brazil;Brasília;DF;;-15.79423;-47.88217;-15.79423;-47.88217;;ALTO;sem numero de porta
2086;;;endereco;Avenida Rio Verde, 988, Jardim Nova Era, Aparecida de Goiânia - GO, 74916-260, Brasil;Avenida Rio Verde 988 Aparecida de Goiania GO 74916260 Brazil;Aparecida de Goiânia;GO;74916260;-16.74334;-49.27869;-16.74334;-49.27869;Jardim Nova Era;;
2087;;;endereco;Estrada do Monteiro, 1200, Campo Grande, Rio de Janeiro - RJ, 23045-830, Brasil;Estrada do Monteiro 1200 Rio de Janeiro RJ 23045830 Brazil;Rio de Janeiro;RJ;23045830;-22.92864;-43.5736;-22.92864;-43.5736;Campo Grande;ALTO;endereco de rodovia (57-67% falharam)
2088;;;endereco;Carmen Steffens, Rua Henrique Savi, Jardim Infante Dom Henrique, Bauru - SP, 17012-205, Brasil;Rua Henrique Savi Jardim Infante Dom Henrique Bauru SP 17012205 Brazil;Bauru;SP;17012205;-22.34238;-49.04955;-22.34238;-49.04955;;ALTO;sem numero de porta
2089;;;endereco;Rua Cônego Thomaz Fontes, 284, Centro, Itajaí - SC, 88301-100, Brasil;Rua Conego Thomaz Fontes 284 Itajai SC 88301100 Brazil;Itajaí;SC;88301100;-26.9044;-48.66032;-26.9044;-48.66032;Centro;;
2090;;;endereco;Avenida Iguatemi, 523, Vila Brandina, Campinas - SP, 13092-500, Brasil;Avenida Iguatemi 523 Campinas SP 13092500 Brazil;Campinas;SP;13092500;-22.89332;-47.02896;-22.89332;-47.02896;Vila Brandina;;
2091;;;endereco;Avenida Aprígio Bezerra da Silva, Taboão da Serra - SP, 06763-040, Brasil;Avenida Aprigio Bezerra da Silva Taboao da Serra SP 06763040 Brazil;Taboão da Serra;SP;06763040;-23.60836;-46.76755;-23.60836;-46.76755;;ALTO;sem numero de porta
2092;;;endereco;Avenida Marechal Floriano Peixoto, 109, Gonzaga, Santos - SP, 11060-301, Brasil;Avenida Marechal Floriano Peixoto 109 Santos SP 11060301 Brazil;Santos;SP;11060301;-23.96717;-46.33678;-23.96717;-46.33678;Gonzaga;;
2093;;;endereco;Set Computadores, Rua Pacífico Mascarenhas, Santa Efigênia, Belo Horizonte - MG, 30260-010, Brasil;Rua Pacifico Mascarenhas Santa Efigenia Belo Horizonte MG 30260010 Brazil;Belo Horizonte;MG;30260010;-19.92072;-43.92051;-19.92072;-43.92051;;ALTO;sem numero de porta
2094;;;endereco;Pólo Uk, Santa Luíza, Varginha - MG, Brasil;Polo Uk Santa Luiza Varginha MG Brazil;Varginha;MG;;-21.57144;-45.44915;-21.57144;-45.44915;;ALTO;sem numero de porta
2095;;;endereco;Lima's Lanches Truck, Avenida Marginal Pinheiros, Morumbi, São Paulo - SP, 05502-001, Brasil;Avenida Marginal Pinheiros Morumbi Sao Paulo SP 05502001 Brazil;São Paulo;SP;05502001;-23.59701;-46.69753;-23.59701;-46.69753;;ALTO;sem numero de porta
2096;;;endereco;Montana Grill, Rua Domingos de Morais, Vila Mariana, São Paulo - SP, 04036-100, Brasil;Rua Domingos de Morais Vila Mariana Sao Paulo SP 04036100 Brazil;São Paulo;SP;04036100;-23.59935;-46.63695;-23.59935;-46.63695;;ALTO;sem numero de porta
2097;;;endereco;Drogasil, Avenida Rebouças, 3970, Pinheiros, São Paulo - SP, 05401-450, Brasil;Avenida Reboucas 3970 Sao Paulo SP 05401450 Brazil;São Paulo;SP;05401450;-23.57315;-46.69562;-23.57315;-46.69562;Pinheiros;;
2098;;;endereco;Renova Câmbio, Avenida T-15, Jardim América, Goiânia - GO, 74230-010, Brasil;Avenida T 15 Jardim America Goiania GO 74230010 Brazil;Goiânia;GO;74230010;-16.70776;-49.27318;-16.70776;-49.27318;;ALTO;sem numero de porta
2099;;;endereco;Avenida Professor Miguel Franchini Neto, 200, Jaraguá, São Paulo - SP, 02998-050, Brasil;Avenida Professor Miguel Franchini Neto 200 Sao Paulo SP 02998050 Brazil;São Paulo;SP;02998050;-23.44443;-46.72579;-23.44443;-46.72579;Jaraguá;;
2100;;;endereco;Avenida Paulista, 2064, Consolação, São Paulo - SP, 01310-200, Brasil;Avenida Paulista 2064 Sao Paulo SP 01310200 Brazil;São Paulo;SP;01310200;-23.55837;-46.65957;-23.55837;-46.65957;Consolação;;
2101;;;endereco;Americanflex, Av Pres Juscelino K de Oliveira, 5000, São José do Rio Preto - SP, 15091-450, Brasil;Avenida Pres Juscelino K de Oliveira 5000 Sao Jose do Rio Preto SP 15091450 Brazil;São José do Rio Preto;SP;15091450;-20.86633;-49.41479;-20.86633;-49.41479;;;
2102;;;endereco;KARG, Avenida Presidente Carlos Luz, 3001, Caiçaras, Belo Horizonte - MG, 31250-010, Brasil;Avenida Presidente Carlos Luz 3001 Belo Horizonte MG 31250010 Brazil;Belo Horizonte;MG;31250010;-19.8901;-43.9679;-19.8901;-43.9679;Caiçaras;;
2103;;;endereco;Banco 24horas, Parque dos Rodoviários, Campos dos Goytacazes - RJ, Brasil;Banco 24horas Parque dos Rodoviarios Campos dos Goytacazes RJ Brazil;Campos dos Goytacazes;RJ;;-21.75381;-41.34385;-21.75381;-41.34385;;ALTO;sem numero de porta
2104;;;endereco;Live, Avenida Cândido de Abreu, 127, Centro Cívico, Curitiba - PR, 80530-000, Brasil;Avenida Candido de Abreu 127 Curitiba PR 80530000 Brazil;Curitiba;PR;80530000;-25.42353;-49.27039;-25.42353;-49.27039;Centro Cívico;MEDIO;CEP generico de cidade, nao de rua (2,4x mais falha)
2105;;;endereco;Lojas Pernambucanas, Avenida Guilherme Campos, 500, Barão Geraldo, Campinas - SP, Brasil;Avenida Guilherme Campos 500 Campinas SP Brazil;Campinas;SP;;-22.84763;-47.0643;-22.84763;-47.0643;Barão Geraldo;;
2106;;;endereco;Indigo, Avenida Lauro Sodré, 445, Botafogo, Rio de Janeiro - RJ, 22290-070, Brasil;Avenida Lauro Sodre 445 Rio de Janeiro RJ 22290070 Brazil;Rio de Janeiro;RJ;22290070;-22.95713;-43.17692;-22.95713;-43.17692;Botafogo;;
2107;;;endereco;Fit, Avenida Brigadeiro Faria Lima, Pinheiros, São Paulo - SP, 01456-060, Brasil;Avenida Brigadeiro Faria Lima Pinheiros Sao Paulo SP 01456060 Brazil;São Paulo;SP;01456060;-23.5774;-46.68824;-23.5774;-46.68824;;ALTO;sem numero de porta
2108;;;endereco;Avenida Rebouças, 3400, Centro, Sumaré - SP, 13172-255, Brasil;Avenida Reboucas 3400 Sumare SP 13172255 Brazil;Sumaré;SP;13172255;-22.82963;-47.26652;-22.82963;-47.26652;Centro;;
2109;;;endereco;mahogany, Avenida Limeira, 722, Vila Rezende, Piracicaba - SP, 13414-018, Brasil;Avenida Limeira 722 Piracicaba SP 13414018 Brazil;Piracicaba;SP;13414018;-22.70401;-47.64976;-22.70401;-47.64976;Vila Rezende;;
2110;;;endereco;Avenida Industrial, 641, Tamanduateí 3, Santo André - SP, 09080-510, Brasil;Avenida Industrial 641 Santo Andre SP 09080510 Brazil;Santo André;SP;09080510;-23.6493;-46.53326;-23.6493;-46.53326;Tamanduateí 3;;
2111;;;endereco;Kopenhagen, Rua Pedro Botelho de Rezende, 901, Vivendas do Arvoredo, Londrina - PR, Brasil;Rua Pedro Botelho de Rezende 901 Londrina PR Brazil;Londrina;PR;;-23.34199;-51.18536;-23.34199;-51.18536;Vivendas do Arvoredo;;
2112;;;endereco;Bonsai Sushi Jl Shopping, Avenida Toledo, Centro, Cascavel - PR, 85810-230, Brasil;Avenida Toledo Centro Cascavel PR 85810230 Brazil;Cascavel;PR;85810230;-24.95054;-53.47689;-24.95054;-53.47689;;ALTO;sem numero de porta
2113;;;endereco;Xangai, Rua Senador Felipe Schmidt, 235, Centro, Joinville - SC, 89201-440, Brasil;Rua Senador Felipe Schmidt 235 Joinville SC 89201440 Brazil;Joinville;SC;89201440;-26.30437;-48.84936;-26.30437;-48.84936;Centro;;
2114;;;endereco;Rua Treze de Maio, 1933, Bela Vista, São Paulo - SP, 04849-529, Brasil;Rua Treze de Maio 1933 Sao Paulo SP 04849529 Brazil;São Paulo;SP;04849529;-23.5704;-46.64362;-23.5704;-46.64362;Bela Vista;;
2115;;;endereco;Fascar, Subsetor Sul-5, Ribeirão Preto - SP, Brasil;Fascar Subsetor Sul 5 Ribeirao Preto SP Brazil;Ribeirão Preto;SP;;-21.21041;-47.81387;-21.21041;-47.81387;;ALTO;sem numero de porta
2116;;;endereco;Soldado Mário Kozel Filho, Estrada do Engenho d'Água, Anil, Rio de Janeiro - RJ, 22765-240, Brasil;Estrada do Engenho d Agua Anil Rio de Janeiro RJ 22765240 Brazil;Rio de Janeiro;RJ;22765240;-22.95564;-43.3399;-22.95564;-43.3399;;ALTO;"endereco de rodovia (57-67% falharam); sem numero de porta"
2117;;;endereco;Rua Gustavo Maciel, 5-2, Centro, Bauru - SP, 17010-040, Brasil;Rua Gustavo Maciel 5 2 Centro Bauru SP 17010040 Brazil;Bauru;SP;17010040;-22.31878;-49.07218;-22.31878;-49.07218;;ALTO;sem numero de porta
2118;;;endereco;Live, Avenida Cândido de Abreu, 127, Centro Cívico, Curitiba - PR, 80530-000, Brasil;Avenida Candido de Abreu 127 Curitiba PR 80530000 Brazil;Curitiba;PR;80530000;-25.42353;-49.27039;-25.42353;-49.27039;Centro Cívico;MEDIO;CEP generico de cidade, nao de rua (2,4x mais falha)
2119;;;endereco;SUBWAY, Rua Augusta, Consolação, São Paulo - SP, 01304-001, Brasil;Rua Augusta Consolacao Sao Paulo SP 01304001 Brazil;São Paulo;SP;01304001;-23.55756;-46.6592;-23.55756;-46.6592;;ALTO;sem numero de porta
2120;;;endereco;Rua Gustavo Maciel, 5-2, Centro, Bauru - SP, 17010-040, Brasil;Rua Gustavo Maciel 5 2 Centro Bauru SP 17010040 Brazil;Bauru;SP;17010040;-22.31878;-49.07218;-22.31878;-49.07218;;ALTO;sem numero de porta
2121;;;endereco;Clínica Dentão, Avenida Doutor Afonso Vergueiro, Centro, Sorocaba - SP, 18035-370, Brasil;Avenida Doutor Afonso Vergueiro Centro Sorocaba SP 18035370 Brazil;Sorocaba;SP;18035370;-23.49607;-47.45969;-23.49607;-47.45969;;ALTO;sem numero de porta
2122;;;endereco;Estrada do Campo Limpo, 414, Jardim São Luís, São Paulo - SP, 05777-000, Brasil;Estrada do Campo Limpo 414 Sao Paulo SP 05777000 Brazil;São Paulo;SP;05777000;-23.64843;-46.7576;-23.64843;-46.7576;Jardim São Luís;ALTO;"endereco de rodovia (57-67% falharam); CEP generico de cidade, nao de rua (2,4x mais falha)"
2123;;;endereco;Avenida Ayrton Senna da Silva, 425, Guanabara, Londrina - PR, 86050-460, Brasil;Avenida Ayrton Senna da Silva 425 Londrina PR 86050460 Brazil;Londrina;PR;86050460;-23.32903;-51.17724;-23.32903;-51.17724;Guanabara;;
2124;;;endereco;Estrada Cama Patente, 1000, Alvarenga, São Bernardo do Campo - SP, 09842-100, Brasil;Estrada Cama Patente 1000 Sao Bernardo do Campo SP 09842100 Brazil;São Bernardo do Campo;SP;09842100;-23.74591;-46.59586;-23.74591;-46.59586;Alvarenga;ALTO;endereco de rodovia (57-67% falharam)
2125;;;endereco;Avenida das Araucárias, 1835, Águas Claras - DF, 71940-720, Brasil;Avenida das Araucarias 1835 Aguas Claras DF 71940720 Brazil;Águas Claras;DF;71940720;-15.84166;-48.02361;-15.84166;-48.02361;;;
2126;;;endereco;BR-282, Roçado, São José - SC, 86905-000, Brasil;BR 282 Rocado Sao Jose SC 86905000 Brazil;São José;SC;86905000;-27.59857;-48.6213;-27.59857;-48.6213;;ALTO;"sem numero de porta; CEP generico de cidade, nao de rua (2,4x mais falha)"
2127;;;endereco;Clínica de Uroginecolo, Avenida Charles Schnneider, Barranco, Taubaté - SP, 12040-000, Brasil;Avenida Charles Schnneider Barranco Taubate SP 12040000 Brazil;Taubaté;SP;12040000;-23.02505;-45.58162;-23.02505;-45.58162;;ALTO;"sem numero de porta; CEP generico de cidade, nao de rua (2,4x mais falha)"
2128;;;endereco;Rua Espinheiro, 582, Guaratiba, Rio de Janeiro - RJ, 21670-080, Brasil;Rua Espinheiro 582 Rio de Janeiro RJ 21670080 Brazil;Rio de Janeiro;RJ;21670080;-23.00976;-43.54157;-23.00976;-43.54157;Guaratiba;;
2129;;;endereco;Olha O Churros, Cidade Satélite Íris, Campinas - SP, Brasil;Olha O Churros Cidade Satelite Iris Campinas SP Brazil;Campinas;SP;;-22.92507;-47.12686;-22.92507;-47.12686;;ALTO;sem numero de porta
2130;;;endereco;World Tennis, Alameda Filtros Mann, 670, Indaiatuba - SP, 13344-580, Brasil;Alameda Filtros Mann 670 Indaiatuba SP 13344580 Brazil;Indaiatuba;SP;13344580;-23.11744;-47.22004;-23.11744;-47.22004;;;
2131;;;endereco;Praça T 24, Avenida T-10, Bueno, Goiânia - GO, 74223-060, Brasil;Praca T 24 Goiania GO 74223060 Brazil;Goiânia;GO;74223060;-16.70597;-49.26898;-16.70597;-49.26898;Avenida T-10 Bueno;;
2132;;;endereco;Rodovia do Café Governador Ney Braga, Balsa Nova - PR, 83650-000, Brasil;Rodovia do Cafe Governador Ney Braga Balsa Nova PR 83650000 Brazil;Balsa Nova;PR;83650000;-25.47084;-49.67819;-25.47084;-49.67819;;ALTO;"endereco de rodovia (57-67% falharam); sem numero de porta; CEP generico de cidade, nao de rua (2,4x mais falha)"
2133;;;endereco;TOUCH, Avenida Independência, São Mateus, Juiz de Fora - MG, 36025-320, Brasil;Avenida Independencia Sao Mateus Juiz de Fora MG 36025320 Brazil;Juiz de Fora;MG;36025320;-21.7816;-43.36087;-21.7816;-43.36087;;ALTO;sem numero de porta
2134;;;endereco;RD I Motors, Avenida São João, 2200, Jardim Colinas, São José dos Campos - SP, Brasil;Avenida Sao Joao 2200 Sao Jose dos Campos SP Brazil;São José dos Campos;SP;;-23.20507;-45.90792;-23.20507;-45.90792;Jardim Colinas;;
2135;;;endereco;Tip Top Mega, Avenida das Américas, 7777, Barra da Tijuca, Rio de Janeiro - RJ, 22793-081, Brasil;Avenida das Americas 7777 Rio de Janeiro RJ 22793081 Brazil;Rio de Janeiro;RJ;22793081;-23.00146;-43.3848;-23.00146;-43.3848;Barra da Tijuca;;
2136;;;endereco;Tvz, Avenida Ramiro Colleoni, Vila Gilda, Santo André - SP, 09040-160, Brasil;Avenida Ramiro Colleoni Vila Gilda Santo Andre SP 09040160 Brazil;Santo André;SP;09040160;-23.66817;-46.53325;-23.66817;-46.53325;;ALTO;sem numero de porta
2137;;;endereco;Rua Treze de Maio, 1947, Bela Vista, São Paulo - SP, 04849-529, Brasil;Rua Treze de Maio 1947 Sao Paulo SP 04849529 Brazil;São Paulo;SP;04849529;-23.57044;-46.64366;-23.57044;-46.64366;Bela Vista;;
2138;;;endereco;Bonsai Sushi Jl Shopping, Avenida Toledo, Centro, Cascavel - PR, 85810-230, Brasil;Avenida Toledo Centro Cascavel PR 85810230 Brazil;Cascavel;PR;85810230;-24.95054;-53.47689;-24.95054;-53.47689;;ALTO;sem numero de porta
2139;;;endereco;Avenida Diário de Notícias, 500, Cristal, Porto Alegre - RS, 91900-420, Brasil;Avenida Diario de Noticias 500 Porto Alegre RS 91900420 Brazil;Porto Alegre;RS;91900420;-30.08623;-51.24748;-30.08623;-51.24748;Cristal;;
2140;;;endereco;Droga Líder, Avenida João Naves de Ávila, Tibery, Uberlândia - MG, 38405-140, Brasil;Avenida Joao Naves de Avila Tibery Uberlandia MG 38405140 Brazil;Uberlândia;MG;38405140;-18.91081;-48.25977;-18.91081;-48.25977;;ALTO;sem numero de porta
2141;;;endereco;Primi Passi, Avenida Alberto Benassi, Jardim dos Manacás, Araraquara - SP, 14804-300, Brasil;Avenida Alberto Benassi Jardim dos Manacas Araraquara SP 14804300 Brazil;Araraquara;SP;14804300;-21.78357;-48.20079;-21.78357;-48.20079;;ALTO;sem numero de porta
2142;;;endereco;Avenida Antônio de Souza Noschese, Jaguaré, São Paulo - SP, 05328-000, Brasil;Avenida Antonio de Souza Noschese Jaguare Sao Paulo SP 05328000 Brazil;São Paulo;SP;05328000;-23.54717;-46.75556;-23.54717;-46.75556;;ALTO;"sem numero de porta; CEP generico de cidade, nao de rua (2,4x mais falha)"
2143;;;endereco;Philip Mônica, Rua Olimpíadas, 360, Itaim Bibi, São Paulo - SP, 04551-010, Brasil;Rua Olimpiadas 360 Sao Paulo SP 04551010 Brazil;São Paulo;SP;04551010;-23.59544;-46.68692;-23.59544;-46.68692;Itaim Bibi;;
2144;;;endereco;Avenida General David Sarnoff, Cidade Industrial, Contagem - MG, 32210-110, Brasil;Avenida General David Sarnoff Cidade Industrial Contagem MG 32210110 Brazil;Contagem;MG;32210110;-19.9482;-44.02563;-19.9482;-44.02563;;ALTO;sem numero de porta
2145;;;endereco;Avenida do Contorno, 6075, São Pedro, Belo Horizonte - MG, 30110-042, Brasil;Avenida do Contorno 6075 Belo Horizonte MG 30110042 Brazil;Belo Horizonte;MG;30110042;-19.94017;-43.9341;-19.94017;-43.9341;São Pedro;;
2146;;;endereco;SAMSUNG, Avenida Severino Ballesteros Rodrigues, Brasil;SAMSUNG Avenida Severino Ballesteros Rodrigues Brazil;Avenida Severino Ballesteros Rodrigues;;;-19.88109;-44.03835;-19.88109;-44.03835;;ALTO;"sem numero de porta; logradouro sem nome"
2147;;;endereco;Rua Professor Antônio Maria Teixeira, 33, Leblon, Rio de Janeiro - RJ, 22430-050, Brasil;Rua Professor Antonio Maria Teixeira 33 Rio de Janeiro RJ 22430050 Brazil;Rio de Janeiro;RJ;22430050;-22.98262;-43.21739;-22.98262;-43.21739;Leblon;;
2148;;;endereco;Avenida Otto Baumgart, 245, Vila Guilherme, São Paulo - SP, 02049-000, Brasil;Avenida Otto Baumgart 245 Sao Paulo SP 02049000 Brazil;São Paulo;SP;02049000;-23.51543;-46.61777;-23.51543;-46.61777;Vila Guilherme;MEDIO;CEP generico de cidade, nao de rua (2,4x mais falha)
2149;;;endereco;Central PenhaEstacionamento, Rua Doutor João Ribeiro, 244, Penha, São Paulo - SP, 03634-000, Brasil;Rua Doutor Joao Ribeiro 244 Sao Paulo SP 03634000 Brazil;São Paulo;SP;03634000;-23.52503;-46.54698;-23.52503;-46.54698;Penha;MEDIO;CEP generico de cidade, nao de rua (2,4x mais falha)
2150;;;endereco;Shin Ca 4, Setor de Hab. Individuais Norte, Lago Norte - DF, 71503-504, Brasil;Shin Ca 4 Lago Norte DF 71503504 Brazil;Lago Norte;DF;71503504;-15.71945;-47.88519;-15.71945;-47.88519;Setor de Hab. Individuais Norte;;
2151;;;endereco;Avenida Dom Helder Câmara, 5269, Cachambi, Rio de Janeiro - RJ, 20771-004, Brasil;Avenida Dom Helder Camara 5269 Rio de Janeiro RJ 20771004 Brazil;Rio de Janeiro;RJ;20771004;-22.88767;-43.28232;-22.88767;-43.28232;Cachambi;;
2152;;;endereco;Rodovia Raposo Tavares, Centro, Cotia - SP, 06708-000, Brasil;Rodovia Raposo Tavares Centro Cotia SP 06708000 Brazil;Cotia;SP;06708000;-23.60582;-46.94677;-23.60582;-46.94677;;ALTO;"endereco de rodovia (57-67% falharam); sem numero de porta; CEP generico de cidade, nao de rua (2,4x mais falha)"
2153;;;endereco;Avenida Higienópolis, 683, Consolação, São Paulo - SP, 01238-000, Brasil;Avenida Higienopolis 683 Sao Paulo SP 01238000 Brazil;São Paulo;SP;01238000;-23.54292;-46.65831;-23.54292;-46.65831;Consolação;MEDIO;CEP generico de cidade, nao de rua (2,4x mais falha)
2154;;;endereco;Fit, Avenida Brigadeiro Faria Lima, Pinheiros, São Paulo - SP, 01456-060, Brasil;Avenida Brigadeiro Faria Lima Pinheiros Sao Paulo SP 01456060 Brazil;São Paulo;SP;01456060;-23.5774;-46.68824;-23.5774;-46.68824;;ALTO;sem numero de porta
2155;;;endereco;Ponto De Carregamento Para Veículos Elétricos, Rua Jacy Teixeira de Camargo, 940, Jardim do Lago, Campinas - SP, 13050-008, Brasil;Rua Jacy Teixeira de Camargo 940 Campinas SP 13050008 Brazil;Campinas;SP;13050008;-22.93254;-47.07768;-22.93254;-47.07768;Jardim do Lago;;
2156;;;endereco;Avenida Quinze de Novembro, Alexânia - GO, 72930-000, Brasil;Avenida Quinze de Novembro Alexania GO 72930000 Brazil;Alexânia;GO;72930000;-16.08214;-48.50744;-16.08214;-48.50744;;ALTO;"sem numero de porta; CEP generico de cidade, nao de rua (2,4x mais falha)"
2157;;;endereco;Avenida Antônio Frederico Ozanan, 15, Hortolândia, Jundiaí - SP, 13214-206, Brasil;Avenida Antonio Frederico Ozanan 15 Jundiai SP 13214206 Brazil;Jundiaí;SP;13214206;-23.1732;-46.91412;-23.1732;-46.91412;Hortolândia;;
2158;;;endereco;Quadra SCIA Q 15 CJ 2, SCIA - DF, 71250-020, Brasil;Quadra SCIA Q 15 SCIA DF 71250020 Brazil;SCIA;DF;71250020;-15.79026;-47.97654;-15.79026;-47.97654;CJ 2;;
2159;;;endereco;Oi, Rua Domingos Agostim, Tatuapé, São Paulo - SP, 03306-010, Brasil;Rua Domingos Agostim Tatuape Sao Paulo SP 03306010 Brazil;São Paulo;SP;03306010;-23.54177;-46.57661;-23.54177;-46.57661;;ALTO;sem numero de porta
2160;;;endereco;BURGER KING, Lovat, Umuarama - PR, 87520-000, Brasil;BURGER KING Lovat Umuarama PR 87520000 Brazil;Umuarama;PR;87520000;-23.75012;-53.27158;-23.75012;-53.27158;;ALTO;"sem numero de porta; CEP generico de cidade, nao de rua (2,4x mais falha)"
2161;;;endereco;Art Invest Marketing Cultural, Avenida Paulista, 1159, Bela Vista, São Paulo - SP, 01310-100, Brasil;Avenida Paulista 1159 Sao Paulo SP 01310100 Brazil;São Paulo;SP;01310100;-23.56379;-46.6528;-23.56379;-46.6528;Bela Vista;;
2162;;;endereco;O Boticário, Avenida João Paulo I, Embu das Artes - SP, 06817-000, Brasil;Avenida Joao Paulo I Embu das Artes SP 06817000 Brazil;Embu das Artes;SP;06817000;-23.63631;-46.8232;-23.63631;-46.8232;;ALTO;"sem numero de porta; CEP generico de cidade, nao de rua (2,4x mais falha)"
2163;;;endereco;Magic Games Empreendimentos Comerciais, Avenida Assis Brasil, 2611, Cristo Redentor, Porto Alegre - RS, 91010-006, Brasil;Avenida Assis Brasil 2611 Porto Alegre RS 91010006 Brazil;Porto Alegre;RS;91010006;-30.0119;-51.16077;-30.0119;-51.16077;Cristo Redentor;;
2164;;;endereco;BR-287, 2885, Urlândia, Santa Maria - RS, 97070-800, Brasil;BR 287 2885 Urlandia Santa Maria RS 97070800 Brazil;Santa Maria;RS;97070800;-29.7074;-53.82967;-29.7074;-53.82967;;ALTO;sem numero de porta
2165;;;endereco;Rua Jacy Teixeira de Camargo, 412, Jardim do Lago, Campinas - SP, 13050-008, Brasil;Rua Jacy Teixeira de Camargo 412 Campinas SP 13050008 Brazil;Campinas;SP;13050008;-22.93137;-47.07764;-22.93137;-47.07764;Jardim do Lago;;
2166;;;endereco;A Suissa, Avenida Aldino Pinotti, Centro, São Bernardo do Campo - SP, 09750-730, Brasil;Avenida Aldino Pinotti Centro Sao Bernardo do Campo SP 09750730 Brazil;São Bernardo do Campo;SP;09750730;-23.69273;-46.55101;-23.69273;-46.55101;;ALTO;sem numero de porta
2167;;;endereco;Praça Oswaldo Cruz, Centro, Curitiba - PR, 80250-230, Brasil;Praca Oswaldo Cruz Centro Curitiba PR 80250230 Brazil;Curitiba;PR;80250230;-25.44019;-49.27685;-25.44019;-49.27685;;ALTO;sem numero de porta
2168;;;endereco;Avenida Otto Baumgart, 372, Vila Guilherme, São Paulo - SP, 02049-000, Brasil;Avenida Otto Baumgart 372 Sao Paulo SP 02049000 Brazil;São Paulo;SP;02049000;-23.51539;-46.61604;-23.51539;-46.61604;Vila Guilherme;MEDIO;CEP generico de cidade, nao de rua (2,4x mais falha)
2169;;;endereco;Gráfica 2ml Uberlândia Shopping, Gávea, Uberlândia - MG, 38411-106, Brasil;Grafica 2ml Uberlandia Shopping Gavea Uberlandia MG 38411106 Brazil;Uberlândia;MG;38411106;-18.9568;-48.27671;-18.9568;-48.27671;;ALTO;sem numero de porta
2170;;;endereco;Shell, ERL S, Zona Cívico Administrativa, Brasília - DF, Brasil;Shell ERL S Zona Civico Administrativa Brasilia DF Brazil;Brasília;DF;;-15.79423;-47.88217;-15.79423;-47.88217;;ALTO;sem numero de porta
2171;;;endereco;Avenida das Cataratas, Vila Yolanda, Foz do Iguaçu - PR, 85853-000, Brasil;Avenida das Cataratas Vila Yolanda Foz do Iguacu PR 85853000 Brazil;Foz do Iguaçu;PR;85853000;-25.55488;-54.56677;-25.55488;-54.56677;;ALTO;"sem numero de porta; CEP generico de cidade, nao de rua (2,4x mais falha)"
2172;;;endereco;Av. Giovanni Gronchi, 5819, Avenida Giovanni Gronchi, Vila Andrade, São Paulo - SP, 05724-003, Brasil;Avenida Giovanni Gronchi 5819 Sao Paulo SP 05724003 Brazil;São Paulo;SP;05724003;-23.62999;-46.73626;-23.62999;-46.73626;Avenida Giovanni Gronchi Vila Andrade;;
2173;;;endereco;Bombow, Rua Bocaiúva, Centro, Florianópolis - SC, 88015-530, Brasil;Rua Bocaiuva Centro Florianopolis SC 88015530 Brazil;Florianópolis;SC;88015530;-27.58471;-48.5451;-27.58471;-48.5451;;ALTO;sem numero de porta
2174;;;endereco;Rodovia Fernão Dias, Santo Antônio, Betim - MG, Brasil;Rodovia Fernao Dias Santo Antonio Betim MG Brazil;Betim;MG;;-19.95579;-44.1098;-19.95579;-44.1098;;ALTO;"endereco de rodovia (57-67% falharam); sem numero de porta"
2175;;;endereco;Lopes Café, Primavera, Guarapuava - PR, 85050-030, Brasil;Lopes Cafe Primavera Guarapuava PR 85050030 Brazil;Guarapuava;PR;85050030;-25.34881;-51.47507;-25.34881;-51.47507;;ALTO;sem numero de porta
2176;;;endereco;McDonald's, Avenida São Paulo, 1099, Zona 1, Maringá - PR, 87013-040, Brasil;Avenida Sao Paulo 1099 Maringa PR 87013040 Brazil;Maringá;PR;87013040;-23.42228;-51.93281;-23.42228;-51.93281;Zona 1;;
2177;;;endereco;J Canedo, Rua Konrad Adenauer, 370, Tarumã, Curitiba - PR, 82810-350, Brasil;Rua Konrad Adenauer 370 Curitiba PR 82810350 Brazil;Curitiba;PR;82810350;-25.42938;-49.21468;-25.42938;-49.21468;Tarumã;;
2178;;;endereco;New Time, Santo Amaro, São Paulo - SP, 04710-190, Brasil;New Time Santo Amaro Sao Paulo SP 04710190 Brazil;São Paulo;SP;04710190;-23.6234;-46.69862;-23.6234;-46.69862;;ALTO;sem numero de porta
2179;;;endereco;Triton Eyewear, Avenida Cristiano Machado, 4000, União, Belo Horizonte - MG, Brasil;Avenida Cristiano Machado 4000 Belo Horizonte MG Brazil;Belo Horizonte;MG;;-19.87431;-43.9262;-19.87431;-43.9262;União;;
2180;;;endereco;SWAROVSKI, Avenida Santa Catarina, Dos Estados, Balneário Camboriú - SC, 88339-005, Brasil;Avenida Santa Catarina Dos Estados Balneario Camboriu SC 88339005 Brazil;Balneário Camboriú;SC;88339005;-26.99315;-48.64745;-26.99315;-48.64745;;ALTO;sem numero de porta
2181;;;endereco;Rua Pedro Lessa, Santa Mônica, Florianópolis - SC, 88035-020, Brasil;Rua Pedro Lessa Santa Monica Florianopolis SC 88035020 Brazil;Florianópolis;SC;88035020;-27.59119;-48.51392;-27.59119;-48.51392;;ALTO;sem numero de porta
2182;;;endereco;Praia de Botafogo, 374, Botafogo, Rio de Janeiro - RJ, 22250-040, Brasil;Praia de Botafogo 374 Rio de Janeiro RJ 22250040 Brazil;Rio de Janeiro;RJ;22250040;-22.94688;-43.18276;-22.94688;-43.18276;Botafogo;;
2183;;;endereco;Noblesse Abc, Avenida Pereira Barreto, 42, Vila Gilda, Santo André - SP, 09190-210, Brasil;Avenida Pereira Barreto 42 Santo Andre SP 09190210 Brazil;Santo André;SP;09190210;-23.66828;-46.53323;-23.66828;-46.53323;Vila Gilda;;
2184;;;endereco;Catuaí Shopping Maringá, Zona 43, Maringá - PR, 87070-000, Brasil;Catuai Shopping Maringa Zona 43 Maringa PR 87070000 Brazil;Maringá;PR;87070000;-23.42031;-51.97027;-23.42031;-51.97027;;MEDIO;CEP generico de cidade, nao de rua (2,4x mais falha)
2185;;;endereco;Avenida Antártica, 415, Barra Funda, São Paulo - SP, 05003-020, Brasil;Avenida Antartica 415 Sao Paulo SP 05003020 Brazil;São Paulo;SP;05003020;-23.52817;-46.6748;-23.52817;-46.6748;Barra Funda;;
2186;;;endereco;Bar dos Gêmeos, Avenida Engenheiro Caetano Álvares, Mandaqui, São Paulo - SP, 02413-100, Brasil;Avenida Engenheiro Caetano Alvares Mandaqui Sao Paulo SP 02413100 Brazil;São Paulo;SP;02413100;-23.48632;-46.64028;-23.48632;-46.64028;;ALTO;sem numero de porta
2187;;;endereco;Sabores do Mar, Avenida Santa Catarina, Dos Estados, Balneário Camboriú - SC, 88339-005, Brasil;Avenida Santa Catarina Dos Estados Balneario Camboriu SC 88339005 Brazil;Balneário Camboriú;SC;88339005;-26.99271;-48.647;-26.99271;-48.647;;ALTO;sem numero de porta
2188;;;endereco;Cvc, Avenida Nove de Julho, 3333, Vianelo, Jundiaí - SP, 13207-645, Brasil;Avenida Nove de Julho 3333 Jundiai SP 13207645 Brazil;Jundiaí;SP;13207645;-23.19948;-46.89021;-23.19948;-46.89021;Vianelo;;
2189;;;endereco;Serilon Brasil, Avenida São Paulo, 775, Zona 1, Maringá - PR, 87030-025, Brasil;Avenida Sao Paulo 775 Maringa PR 87030025 Brazil;Maringá;PR;87030025;-23.41923;-51.93326;-23.41923;-51.93326;Zona 1;;
2190;;;endereco;Rua Zerillo Pereira Lopes, 83, Parque Alto Taquaral, Campinas - SP, 13087-757, Brasil;Rua Zerillo Pereira Lopes 83 Campinas SP 13087757 Brazil;Campinas;SP;13087757;-22.85964;-47.05418;-22.85964;-47.05418;Parque Alto Taquaral;;
2191;;;endereco;Avenida Deputado Jamel Cecílio, Jardim Goiás, Goiânia - GO, 74810-100, Brasil;Avenida Deputado Jamel Cecilio Jardim Goias Goiania GO 74810100 Brazil;Goiânia;GO;74810100;-16.70689;-49.23759;-16.70689;-49.23759;;ALTO;sem numero de porta
2192;;;endereco;Ponto De Carregamento Para Veículos Elétricos, Avenida Brasil, 3545, Região do Lago, Cascavel - PR, 85816-010, Brasil;Avenida Brasil 3545 Cascavel PR 85816010 Brazil;Cascavel;PR;85816010;-24.94786;-53.43493;-24.94786;-53.43493;Região do Lago;;
2193;;;endereco;Rua Doutor Rodrigo Pereira Barreto, 4, Itaquera, São Paulo - SP, 08210-535, Brasil;Rua Doutor Rodrigo Pereira Barreto 4 Sao Paulo SP 08210535 Brazil;São Paulo;SP;08210535;-23.53089;-46.44679;-23.53089;-46.44679;Itaquera;;
2194;;;endereco;Vida Ativa, Avenida Fernando Machado, Líder, Chapecó - SC, Brasil;Avenida Fernando Machado Lider Chapeco SC Brazil;Chapecó;SC;;-27.0698;-52.62525;-27.0698;-52.62525;;ALTO;sem numero de porta
2195;;;endereco;Rodovia Presidente Dutra, Itapegica, Guarulhos - SP, 07025-000, Brasil;Rodovia Presidente Dutra Itapegica Guarulhos SP 07025000 Brazil;Guarulhos;SP;07025000;-23.48875;-46.54604;-23.48875;-46.54604;;ALTO;"endereco de rodovia (57-67% falharam); sem numero de porta; CEP generico de cidade, nao de rua (2,4x mais falha)"
2196;;;endereco;Suco Bagaço, Av. Gov. Mario Covas Júnior, Mauá - SP, 09390-040, Brasil;Avenida Gov Mario Covas Junior Maua SP 09390040 Brazil;Mauá;SP;09390040;-23.66593;-46.46036;-23.66593;-46.46036;;ALTO;sem numero de porta
2197;;;endereco;Avenida Dona Tereza Cristina, 100, Figueira, Duque de Caxias - RJ, 25230-480, Brasil;Avenida Dona Tereza Cristina 100 Duque de Caxias RJ 25230480 Brazil;Duque de Caxias;RJ;25230480;-22.69024;-43.29149;-22.69024;-43.29149;Figueira;;
2198;;;endereco;Kdb Fiação, Rua Rosário, Jardim Oriente, São José dos Campos - SP, 12235-420, Brasil;Rua Rosario Jardim Oriente Sao Jose dos Campos SP 12235420 Brazil;São José dos Campos;SP;12235420;-23.23415;-45.89719;-23.23415;-45.89719;;ALTO;sem numero de porta
2199;;;endereco;Cia Food, Jardim Madalena, Campinas - SP, 13091-605, Brasil;Cia Food Jardim Madalena Campinas SP 13091605 Brazil;Campinas;SP;13091605;-22.86694;-47.0217;-22.86694;-47.0217;;ALTO;sem numero de porta
2200;;;endereco;Vida Ativa, Avenida Fernando Machado, Líder, Chapecó - SC, Brasil;Avenida Fernando Machado Lider Chapeco SC Brazil;Chapecó;SC;;-27.0698;-52.62525;-27.0698;-52.62525;;ALTO;sem numero de porta
2201;;;endereco;Rua Prof. Pedro V. Parigot de Souza, 600, Mossungue, Curitiba - PR, 81200-100, Brasil;Rua Prof Pedro V Parigot de Souza 600 Curitiba PR 81200100 Brazil;Curitiba;PR;81200100;-25.43629;-49.31627;-25.43629;-49.31627;Mossungue;;
2202;;;endereco;Avenida Deputado Jacob Salvador Sveibel, Butantã, São Paulo - SP, 05512-390, Brasil;Avenida Deputado Jacob Salvador Sveibel Butanta Sao Paulo SP 05512390 Brazil;São Paulo;SP;05512390;-23.58539;-46.72431;-23.58539;-46.72431;;ALTO;sem numero de porta
2203;;;endereco;Avenida do Contorno, 6047, São Pedro, Belo Horizonte - MG, 30110-042, Brasil;Avenida do Contorno 6047 Belo Horizonte MG 30110042 Brazil;Belo Horizonte;MG;30110042;-19.94046;-43.93402;-19.94046;-43.93402;São Pedro;;
2204;;;endereco;Avenida Interlagos, 2240, Campo Grande, São Paulo - SP, 04660-004, Brasil;Avenida Interlagos 2240 Sao Paulo SP 04660004 Brazil;São Paulo;SP;04660004;-23.67334;-46.67784;-23.67334;-46.67784;Campo Grande;;
2205;;;endereco;Avenida Praia de Belas, Praia de Belas, Porto Alegre - RS, 90110-000, Brasil;Avenida Praia de Belas Praia de Belas Porto Alegre RS 90110000 Brazil;Porto Alegre;RS;90110000;-30.05017;-51.22817;-30.05017;-51.22817;;ALTO;"sem numero de porta; CEP generico de cidade, nao de rua (2,4x mais falha)"
2206;;;endereco;Rua Sete de Setembro, 1327, Centro, Blumenau - SC, 89010-207, Brasil;Rua Sete de Setembro 1327 Blumenau SC 89010207 Brazil;Blumenau;SC;89010207;-26.91929;-49.06919;-26.91929;-49.06919;Centro;;
2207;;;endereco;Avenida Dom Helder Câmara, 5269, Cachambi, Rio de Janeiro - RJ, 20771-004, Brasil;Avenida Dom Helder Camara 5269 Rio de Janeiro RJ 20771004 Brazil;Rio de Janeiro;RJ;20771004;-22.88767;-43.28232;-22.88767;-43.28232;Cachambi;;
2208;;;endereco;Droga Raia, Avenida Afrânio de Melo Franco, 290, Leblon, Rio de Janeiro - RJ, 22430-190, Brasil;Avenida Afranio de Melo Franco 290 Rio de Janeiro RJ 22430190 Brazil;Rio de Janeiro;RJ;22430190;-22.98244;-43.21693;-22.98244;-43.21693;Leblon;;
2209;;;endereco;Ilha Brasil, Rua Pereira Barreto, 21, Gonzaga, Santos - SP, 11065-110, Brasil;Rua Pereira Barreto 21 Santos SP 11065110 Brazil;Santos;SP;11065110;-23.96655;-46.33499;-23.96655;-46.33499;Gonzaga;;
2210;;;endereco;Banco 24 Horas, Vila Clóris, Belo Horizonte - MG, 31610-070, Brasil;Banco 24 Horas Vila Cloris Belo Horizonte MG 31610070 Brazil;Belo Horizonte;MG;31610070;-19.82103;-43.9472;-19.82103;-43.9472;;ALTO;sem numero de porta
2211;;;endereco;Soldado Mário Kozel Filho, Estrada do Engenho d'Água, Anil, Rio de Janeiro - RJ, 22765-240, Brasil;Estrada do Engenho d Agua Anil Rio de Janeiro RJ 22765240 Brazil;Rio de Janeiro;RJ;22765240;-22.95564;-43.3399;-22.95564;-43.3399;;ALTO;"endereco de rodovia (57-67% falharam); sem numero de porta"
2212;;;endereco;Unhas Cariocas, Rua Gonçalves Crespo, Tatuapé, São Paulo - SP, 03066-030, Brasil;Rua Goncalves Crespo Tatuape Sao Paulo SP 03066030 Brazil;São Paulo;SP;03066030;-23.53844;-46.57631;-23.53844;-46.57631;;ALTO;sem numero de porta
2213;;;endereco;Shin Ca 4, Setor de Hab. Individuais Norte, Lago Norte - DF, 71503-504, Brasil;Shin Ca 4 Lago Norte DF 71503504 Brazil;Lago Norte;DF;71503504;-15.71945;-47.88519;-15.71945;-47.88519;Setor de Hab. Individuais Norte;;
2214;;;endereco;UP 2 You, Rua dos Tucunarés, 500, Marília - SP, 17507-393, Brasil;UP 2 You Rua dos Tucunares 500 Marilia SP 17507393 Brazil;Marília;SP;17507393;-22.18625;-49.96688;-22.18625;-49.96688;;;
2215;;;endereco;Rua Gerôncio Thives, 862, Campinas, São José - SC, 88117-290, Brasil;Rua Geroncio Thives 862 Sao Jose SC 88117290 Brazil;São José;SC;88117290;-27.58346;-48.614;-27.58346;-48.614;Campinas;;
2216;;;endereco;Artfinalvip, Avenida Sete de Setembro, 2768, Centro, Curitiba - PR, 80230-085, Brasil;Avenida Sete de Setembro 2768 Curitiba PR 80230085 Brazil;Curitiba;PR;80230085;-25.43701;-49.26566;-25.43701;-49.26566;Centro;;
2217;;;endereco;Tyrol, Sítio do Campo, Praia Grande - SP, 11726-000, Brasil;Tyrol Sitio do Campo Praia Grande SP 11726000 Brazil;Praia Grande;SP;11726000;-23.99755;-46.40641;-23.99755;-46.40641;;ALTO;"sem numero de porta; CEP generico de cidade, nao de rua (2,4x mais falha)"
2218;;;endereco;Rua Capitão Pacheco e Chaves, Móoca, São Paulo - SP, 03126-001, Brasil;Rua Capitao Pacheco e Chaves Mooca Sao Paulo SP 03126001 Brazil;São Paulo;SP;03126001;-23.58174;-46.59289;-23.58174;-46.59289;;ALTO;sem numero de porta
2219;;;endereco;Cantina Seraggio, Vila Santa Maria, Passo Fundo - RS, 83649-600, Brasil;Vila Santa Maria Passo Fundo RS 83649600 Brazil;Passo Fundo;RS;83649600;-28.27093;-52.38492;-28.27093;-52.38492;;ALTO;sem numero de porta
2220;;;endereco;Nova Iguaçu Food, Luz, Nova Iguaçu - RJ, Brasil;Nova Iguacu Food Luz Nova Iguacu RJ Brazil;Nova Iguaçu;RJ;;-22.76191;-43.46533;-22.76191;-43.46533;;ALTO;sem numero de porta
2221;;;endereco;Rua Ermelino de Leão, 1243, Olarias, Ponta Grossa - PR, 84035-000, Brasil;Rua Ermelino de Leao 1243 Ponta Grossa PR 84035000 Brazil;Ponta Grossa;PR;84035000;-25.098;-50.15471;-25.098;-50.15471;Olarias;MEDIO;CEP generico de cidade, nao de rua (2,4x mais falha)
2222;;;endereco;Siberian, Sanvitto, Caxias do Sul - RS, 95112-360, Brasil;Siberian Sanvitto Caxias do Sul RS 95112360 Brazil;Caxias do Sul;RS;95112360;-29.17686;-51.21923;-29.17686;-51.21923;;ALTO;sem numero de porta
2223;;;endereco;Brs 1 - Praia de Botafogo Próximo ao 308, Praia de Botafogo, Botafogo, Rio de Janeiro - RJ, 22250-040, Brasil;Brs 1 Praia de Botafogo Proximo ao 308 Rio de Janeiro RJ 22250040 Brazil;Rio de Janeiro;RJ;22250040;-22.94482;-43.1823;-22.94482;-43.1823;Praia de Botafogo Botafogo;;
2224;;;endereco;Rua Bela Cintra, 2149, Jardim Paulista, São Paulo - SP, 01415-009, Brasil;Rua Bela Cintra 2149 Sao Paulo SP 01415009 Brazil;São Paulo;SP;01415009;-23.56327;-46.66896;-23.56327;-46.66896;Jardim Paulista;;
2225;;;endereco;Rua Cônego Thomaz Fontes, 284, Centro, Itajaí - SC, 88301-100, Brasil;Rua Conego Thomaz Fontes 284 Itajai SC 88301100 Brazil;Itajaí;SC;88301100;-26.9044;-48.66032;-26.9044;-48.66032;Centro;;
2226;;;endereco;Rua Domingos Agostim, 89, Tatuapé, São Paulo - SP, 03306-010, Brasil;Rua Domingos Agostim 89 Sao Paulo SP 03306010 Brazil;São Paulo;SP;03306010;-23.54227;-46.57615;-23.54227;-46.57615;Tatuapé;;
2227;;;endereco;Torriton Men, Avenida do Batel, 1868, Batel, Curitiba - PR, 80420-090, Brasil;Avenida do Batel 1868 Curitiba PR 80420090 Brazil;Curitiba;PR;80420090;-25.44327;-49.2909;-25.44327;-49.2909;Batel;;
2228;;;endereco;Avenida Praia de Belas, Praia de Belas, Porto Alegre - RS, 90110-000, Brasil;Avenida Praia de Belas Praia de Belas Porto Alegre RS 90110000 Brazil;Porto Alegre;RS;90110000;-30.05017;-51.22817;-30.05017;-51.22817;;ALTO;"sem numero de porta; CEP generico de cidade, nao de rua (2,4x mais falha)"
2229;;;endereco;Montana Grill, Rua Domingos de Morais, Vila Mariana, São Paulo - SP, 04036-100, Brasil;Rua Domingos de Morais Vila Mariana Sao Paulo SP 04036100 Brazil;São Paulo;SP;04036100;-23.59935;-46.63695;-23.59935;-46.63695;;ALTO;sem numero de porta
2230;;;endereco;Avenida C Quadra 32, 22, Santo Antonio, Goiânia - GO, 74853-055, Brasil;Avenida C Quadra 32 Goiania GO 74853055 Brazil;Goiânia;GO;74853055;-16.72706;-49.24952;-16.72706;-49.24952;22 Santo Antonio;;
2231;;;endereco;Santa Lolla, Avenida Kennedy, 700, Centro, São Bernardo do Campo - SP, 09726-252, Brasil;Avenida Kennedy 700 Sao Bernardo do Campo SP 09726252 Brazil;São Bernardo do Campo;SP;09726252;-23.68375;-46.55778;-23.68375;-46.55778;Centro;;
2232;;;endereco;VIVARA, Rua Izabel a Redentora, 1434, Centro, São José dos Pinhais - PR, 83005-150, Brasil;Rua Izabel a Redentora 1434 Sao Jose dos Pinhais PR 83005150 Brazil;São José dos Pinhais;PR;83005150;-25.53777;-49.20453;-25.53777;-49.20453;Centro;;
2233;;;endereco;Rua Pedro Lessa, Santa Mônica, Florianópolis - SC, 88035-020, Brasil;Rua Pedro Lessa Santa Monica Florianopolis SC 88035020 Brazil;Florianópolis;SC;88035020;-27.59119;-48.51392;-27.59119;-48.51392;;ALTO;sem numero de porta
2234;;;endereco;Estrada da Represa, Campo Grande, Rio de Janeiro - RJ, Brasil;Estrada da Represa Campo Grande Rio de Janeiro RJ Brazil;Rio de Janeiro;RJ;;-22.93538;-43.51874;-22.93538;-43.51874;;ALTO;"endereco de rodovia (57-67% falharam); sem numero de porta"
2235;;;endereco;Lojas Pernambucanas, Avenida dos Autonomistas, 1400, Industrial Autonomistas, Osasco - SP, Brasil;Avenida dos Autonomistas 1400 Osasco SP Brazil;Osasco;SP;;-23.5412;-46.76638;-23.5412;-46.76638;Industrial Autonomistas;;
2236;;;endereco;RSC-453, Sanvitto, Caxias do Sul - RS, 95112-360, Brasil;RSC 453 Sanvitto Caxias do Sul RS 95112360 Brazil;Caxias do Sul;RS;95112360;-29.17571;-51.21599;-29.17571;-51.21599;;ALTO;sem numero de porta
2237;;;endereco;Avenida Maracanã, 972, Tijuca, Rio de Janeiro - RJ, 20511-000, Brasil;Avenida Maracana 972 Rio de Janeiro RJ 20511000 Brazil;Rio de Janeiro;RJ;20511000;-22.93863;-43.24819;-22.93863;-43.24819;Tijuca;MEDIO;CEP generico de cidade, nao de rua (2,4x mais falha)
2238;;;endereco;Avenida Deputado Benedito Matarazzo, 11641, Vila Tatetuba, São José dos Campos - SP, 12220-610, Brasil;Avenida Deputado Benedito Matarazzo 11641 Sao Jose dos Campos SP 12220610 Brazil;São José dos Campos;SP;12220610;-23.18525;-45.85291;-23.18525;-45.85291;Vila Tatetuba;;
2239;;;endereco;havaianas, Avenida Rio Negro, 1100, Franca - SP, 14406-010, Brasil;Avenida Rio Negro 1100 Franca SP 14406010 Brazil;Franca;SP;14406010;-20.54775;-47.41675;-20.54775;-47.41675;;;
2240;;;endereco;Fascar, Subsetor Sul-5, Ribeirão Preto - SP, Brasil;Fascar Subsetor Sul 5 Ribeirao Preto SP Brazil;Ribeirão Preto;SP;;-21.21041;-47.81387;-21.21041;-47.81387;;ALTO;sem numero de porta
2241;;;endereco;Cantina Seraggio, Vila Santa Maria, Passo Fundo - RS, 83649-600, Brasil;Vila Santa Maria Passo Fundo RS 83649600 Brazil;Passo Fundo;RS;83649600;-28.27093;-52.38492;-28.27093;-52.38492;;ALTO;sem numero de porta
2242;;;endereco;Rua Um, Qd 27, Valparaíso de Goiás - GO, 72870-401, Brasil;Rua Um Qd 27 Valparaiso de Goias GO 72870401 Brazil;Valparaíso de Goiás;GO;72870401;-16.04995;-47.98462;-16.04995;-47.98462;;;
2243;;;endereco;Rodovia Presidente Castelo Branco, São Roque - SP, 18132-851, Brasil;Rodovia Presidente Castelo Branco Sao Roque SP 18132851 Brazil;São Roque;SP;18132851;-23.42224;-47.16117;-23.42224;-47.16117;;ALTO;"endereco de rodovia (57-67% falharam); sem numero de porta"
2244;;;endereco;Alameda Joaquim Eugênio de Lima, 547, Jardim Paulista, São Paulo - SP, 01403-001, Brasil;Alameda Joaquim Eugenio de Lima 547 Sao Paulo SP 01403001 Brazil;São Paulo;SP;01403001;-23.56629;-46.65095;-23.56629;-46.65095;Jardim Paulista;;
2245;;;endereco;Ponto De Carregamento Para Veículos Elétricos, Rua Comendador Araújo, 731, Batel, Curitiba - PR, Brasil;Rua Comendador Araujo 731 Curitiba PR Brazil;Curitiba;PR;;-25.43908;-49.2813;-25.43908;-49.2813;Batel;;
2246;;;endereco;Avenida Del Rey, Caiçaras, Belo Horizonte - MG, 30775-240, Brasil;Avenida Del Rey Caicaras Belo Horizonte MG 30775240 Brazil;Belo Horizonte;MG;30775240;-19.88858;-43.96882;-19.88858;-43.96882;;ALTO;sem numero de porta
2247;;;endereco;Spirito Santo, Vila Ipiranga, Porto Alegre - RS, 91340-001, Brasil;Vila Ipiranga Porto Alegre RS 91340001 Brazil;Porto Alegre;RS;91340001;-30.02542;-51.1627;-30.02542;-51.1627;;ALTO;sem numero de porta
2248;;;endereco;ATM, Rua Vergueiro Steidel, Aparecida, Santos - SP, 11040-271, Brasil;Rua Vergueiro Steidel Aparecida Santos SP 11040271 Brazil;Santos;SP;11040271;-23.97718;-46.30945;-23.97718;-46.30945;;ALTO;sem numero de porta
2249;;;endereco;Rua Verbo Divino, 1166, Santo Amaro, São Paulo - SP, 04719-002, Brasil;Rua Verbo Divino 1166 Sao Paulo SP 04719002 Brazil;São Paulo;SP;04719002;-23.63241;-46.70684;-23.63241;-46.70684;Santo Amaro;;
2250;;;endereco;Avenida Presidente Kennedy, Subsetor Leste-6, Ribeirão Preto - SP, 14096-350, Brasil;Avenida Presidente Kennedy Subsetor Leste 6 Ribeirao Preto SP 14096350 Brazil;Ribeirão Preto;SP;14096350;-21.20577;-47.76912;-21.20577;-47.76912;;ALTO;sem numero de porta
2251;;;endereco;Estúdio da Sobrancelha, Rua Doutor Veiga Filho, 133, Santa Cecília, São Paulo - SP, 01229-001, Brasil;Rua Doutor Veiga Filho 133 Sao Paulo SP 01229001 Brazil;São Paulo;SP;01229001;-23.54208;-46.65725;-23.54208;-46.65725;Santa Cecília;;
2252;;;endereco;Rua Sebastião Fabiano Dias, Belvedere, Belo Horizonte - MG, 30320-690, Brasil;Rua Sebastiao Fabiano Dias Belvedere Belo Horizonte MG 30320690 Brazil;Belo Horizonte;MG;30320690;-19.97572;-43.94474;-19.97572;-43.94474;;ALTO;sem numero de porta
2253;;;endereco;EPIA, Setores Complementares-Asa Sul, Brasília - DF, Brasil;EPIA Setores Complementares Asa Sul Brasilia DF Brazil;Brasília;DF;;-15.83329;-47.95167;-15.83329;-47.95167;;ALTO;sem numero de porta
2254;;;endereco;Quadra SCIA Q 15 CJ 2, SCIA - DF, 71250-020, Brasil;Quadra SCIA Q 15 SCIA DF 71250020 Brazil;SCIA;DF;71250020;-15.79026;-47.97654;-15.79026;-47.97654;CJ 2;;
2255;;;endereco;BR-287, 2885, Urlândia, Santa Maria - RS, 97070-800, Brasil;BR 287 2885 Urlandia Santa Maria RS 97070800 Brazil;Santa Maria;RS;97070800;-29.7074;-53.82967;-29.7074;-53.82967;;ALTO;sem numero de porta
2256;;;endereco;Rua Jorge Marcolino de Rezende, Pacaembú, Londrina - PR, 86079-230, Brasil;Rua Jorge Marcolino de Rezende Pacaembu Londrina PR 86079230 Brazil;Londrina;PR;86079230;-23.2833;-51.1536;-23.2833;-51.1536;;ALTO;sem numero de porta
2257;;;endereco;Rodovia Governador Mário Covas, Tijucas - SC, 88200-000, Brasil;Rodovia Governador Mario Covas Tijucas SC 88200000 Brazil;Tijucas;SC;88200000;-27.21656;-48.62431;-27.21656;-48.62431;;ALTO;"endereco de rodovia (57-67% falharam); sem numero de porta; CEP generico de cidade, nao de rua (2,4x mais falha)"
2258;;;endereco;Rua Zerillo Pereira Lopes, 83, Parque Alto Taquaral, Campinas - SP, 13087-757, Brasil;Rua Zerillo Pereira Lopes 83 Campinas SP 13087757 Brazil;Campinas;SP;13087757;-22.85964;-47.05418;-22.85964;-47.05418;Parque Alto Taquaral;;
2259;;;endereco;Rua Antônio Sequeira de Almeida, 845, Vila Dalva, Caraguatatuba - SP, 11667-140, Brasil;Rua Antonio Sequeira de Almeida 845 Caraguatatuba SP 11667140 Brazil;Caraguatatuba;SP;11667140;-23.68387;-45.43925;-23.68387;-45.43925;Vila Dalva;;
2260;;;endereco;Estrada de São Bento, 3304, Pium, Itaquaquecetuba - SP, 08598-100, Brasil;Estrada de Sao Bento 3304 Itaquaquecetuba SP 08598100 Brazil;Itaquaquecetuba;SP;08598100;-23.45991;-46.30695;-23.45991;-46.30695;Pium;ALTO;endereco de rodovia (57-67% falharam)
2261;;;endereco;SUBWAY, Usiminas, Ipatinga - MG, 35160-290, Brasil;SUBWAY Usiminas Ipatinga MG 35160290 Brazil;Ipatinga;MG;35160290;-19.49726;-42.56578;-19.49726;-42.56578;;ALTO;sem numero de porta
2262;;;endereco;Rua Tenente Antonio João, Zona Industrial Norte, Joinville - SC, 89219-720, Brasil;Rua Tenente Antonio Joao Zona Industrial Norte Joinville SC 89219720 Brazil;Joinville;SC;89219720;-26.25173;-48.85252;-26.25173;-48.85252;;ALTO;sem numero de porta
2263;;;endereco;R. Palestra Itália, 2077 Garage, Rua Palestra Itália, 2077, Perdizes, São Paulo - SP, 05005-001, Brasil;Rua Palestra Italia 2077 Sao Paulo SP 05005001 Brazil;São Paulo;SP;05005001;-23.5264;-46.68112;-23.5264;-46.68112;Garage Rua Palestra Itália 2077 Perdizes;;
2264;;;endereco;Preçolandia Comercial, Avenida São João, 2200, Jardim Colinas, São José dos Campos - SP, Brasil;Avenida Sao Joao 2200 Sao Jose dos Campos SP Brazil;São José dos Campos;SP;;-23.20484;-45.90806;-23.20484;-45.90806;Jardim Colinas;;
2265;;;endereco;Drogasil, Avenida Rebouças, 3970, Pinheiros, São Paulo - SP, 05401-450, Brasil;Avenida Reboucas 3970 Sao Paulo SP 05401450 Brazil;São Paulo;SP;05401450;-23.57315;-46.69562;-23.57315;-46.69562;Pinheiros;;
2266;;;endereco;Tyrol, Sítio do Campo, Praia Grande - SP, 11726-000, Brasil;Tyrol Sitio do Campo Praia Grande SP 11726000 Brazil;Praia Grande;SP;11726000;-23.99755;-46.40641;-23.99755;-46.40641;;ALTO;"sem numero de porta; CEP generico de cidade, nao de rua (2,4x mais falha)"
2267;;;endereco;Constance, Avenida Iguatemi, Vila Brandina, Campinas - SP, 13092-500, Brasil;Avenida Iguatemi Vila Brandina Campinas SP 13092500 Brazil;Campinas;SP;13092500;-22.89261;-47.02684;-22.89261;-47.02684;;ALTO;sem numero de porta
2268;;;endereco;Pólo Uk, Santa Luíza, Varginha - MG, Brasil;Polo Uk Santa Luiza Varginha MG Brazil;Varginha;MG;;-21.57144;-45.44915;-21.57144;-45.44915;;ALTO;sem numero de porta
2269;;;endereco;Shopping Nova América, Avenida Pastor Martin Luther King Júnior, 126, Del Castilho, Rio de Janeiro - RJ, 20765-000, Brasil;Avenida Pastor Martin Luther King Junior 126 Rio de Janeiro RJ 20765000 Brazil;Rio de Janeiro;RJ;20765000;-22.87956;-43.27019;-22.87956;-43.27019;Del Castilho;MEDIO;CEP generico de cidade, nao de rua (2,4x mais falha)
2270;;;endereco;Botequim Guanabara, Monte Verde, Florianópolis - SC, Brasil;Botequim Guanabara Monte Verde Florianopolis SC Brazil;Florianópolis;SC;;-27.55353;-48.49909;-27.55353;-48.49909;;ALTO;sem numero de porta
2271;;;endereco;Avenida do Batel, 1868, Batel, Curitiba - PR, 80420-090, Brasil;Avenida do Batel 1868 Curitiba PR 80420090 Brazil;Curitiba;PR;80420090;-25.44358;-49.29052;-25.44358;-49.29052;Batel;;
2272;;;endereco;Oy Frei Caneca, Rua Frei Caneca, 641, Bela Vista, São Paulo - SP, 01307-001, Brasil;Rua Frei Caneca 641 Sao Paulo SP 01307001 Brazil;São Paulo;SP;01307001;-23.55388;-46.65319;-23.55388;-46.65319;Bela Vista;;
2273;;;endereco;Óticas DINIZ, Avenida Vereador Narciso Yague Guimarães, 1001, Mogi das Cruzes - SP, 08780-440, Brasil;Avenida Vereador Narciso Yague Guimaraes 1001 Mogi das Cruzes SP 08780440 Brazil;Mogi das Cruzes;SP;08780440;-23.51584;-46.17907;-23.51584;-46.17907;;;
2274;;;endereco;5 à Sec, Industrial Autonomistas, Osasco - SP, Brasil;5 a Sec Industrial Autonomistas Osasco SP Brazil;Osasco;SP;;-23.53813;-46.77153;-23.53813;-46.77153;;ALTO;sem numero de porta
2275;;;endereco;Ammalis, Av. Pres. Juscelino K. de Oliveira, 2842, São José do Rio Preto - SP, 15091-450, Brasil;Avenida Pres Juscelino K de Oliveira 2842 Sao Jose do Rio Preto SP 15091450 Brazil;São José do Rio Preto;SP;15091450;-20.86683;-49.41488;-20.86683;-49.41488;;;
2276;;;endereco;Avenida das Américas, 2800, Guaratiba, Rio de Janeiro - RJ, 22631-003, Brasil;Avenida das Americas 2800 Rio de Janeiro RJ 22631003 Brazil;Rio de Janeiro;RJ;22631003;-23.01016;-43.54222;-23.01016;-43.54222;Guaratiba;;
2277;;;endereco;Cia Food, Jardim Madalena, Campinas - SP, 13091-605, Brasil;Cia Food Jardim Madalena Campinas SP 13091605 Brazil;Campinas;SP;13091605;-22.86694;-47.0217;-22.86694;-47.0217;;ALTO;sem numero de porta
2278;;;endereco;Rua Jean Anastace Rovelli, 123, Polvilho, Cajamar - SP, 07750-000, Brasil;Rua Jean Anastace Rovelli 123 Cajamar SP 07750000 Brazil;Cajamar;SP;07750000;-23.40769;-46.85602;-23.40769;-46.85602;Polvilho;MEDIO;CEP generico de cidade, nao de rua (2,4x mais falha)
2279;;;endereco;Rodovia Hélio Smidt, Várzea do Palácio, Guarulhos - SP, 07190-100, Brasil;Rodovia Helio Smidt Varzea do Palacio Guarulhos SP 07190100 Brazil;Guarulhos;SP;07190100;-23.46899;-46.49134;-23.46899;-46.49134;;ALTO;"endereco de rodovia (57-67% falharam); sem numero de porta"
2280;;;endereco;Toasted Potato, Avenida Andrômeda, 227, Jardim Satélite, São José dos Campos - SP, 12231-675, Brasil;Avenida Andromeda 227 Sao Jose dos Campos SP 12231675 Brazil;São José dos Campos;SP;12231675;-23.21658;-45.89293;-23.21658;-45.89293;Jardim Satélite;;
2281;;;endereco;Cinemas São Luiz, Avenida Maria Campos, Industrial Autonomistas, Osasco - SP, Brasil;Avenida Maria Campos Industrial Autonomistas Osasco SP Brazil;Osasco;SP;;-23.53808;-46.77185;-23.53808;-46.77185;;ALTO;sem numero de porta
2282;;;endereco;Avenida Aricanduva, 4032, Aricanduva, São Paulo - SP, 03951-220, Brasil;Avenida Aricanduva 4032 Sao Paulo SP 03951220 Brazil;São Paulo;SP;03951220;-23.55607;-46.51696;-23.55607;-46.51696;Aricanduva;;
2283;;;endereco;Rua Gerôncio Thives, 862, Campinas, São José - SC, 88117-290, Brasil;Rua Geroncio Thives 862 Sao Jose SC 88117290 Brazil;São José;SC;88117290;-27.58346;-48.614;-27.58346;-48.614;Campinas;;
2284;;;endereco;Avenida Moaci, Moema, São Paulo - SP, 04083-000, Brasil;Avenida Moaci Moema Sao Paulo SP 04083000 Brazil;São Paulo;SP;04083000;-23.60898;-46.66696;-23.60898;-46.66696;;ALTO;"sem numero de porta; CEP generico de cidade, nao de rua (2,4x mais falha)"
2285;;;endereco;ERS-734, Rio Grande - RS, 96216-400, Brasil;ERS 734 Rio Grande RS 96216400 Brazil;Rio Grande;RS;96216400;-32.11729;-52.17569;-32.11729;-52.17569;;ALTO;"sem numero de porta; logradouro sem nome"
2286;;;endereco;PR-317, Zona 47, Maringá - PR, 87070-020, Brasil;PR 317 Zona 47 Maringa PR 87070020 Brazil;Maringá;PR;87070020;-23.45894;-51.99072;-23.45894;-51.99072;;;
2287;;;endereco;Avenida Maracanã, 972, Tijuca, Rio de Janeiro - RJ, 20511-000, Brasil;Avenida Maracana 972 Rio de Janeiro RJ 20511000 Brazil;Rio de Janeiro;RJ;20511000;-22.93863;-43.24819;-22.93863;-43.24819;Tijuca;MEDIO;CEP generico de cidade, nao de rua (2,4x mais falha)
2288;;;endereco;Morumbi Town Shopping, Avenida Giovanni Gronchi, 5930, Vila Andrade, São Paulo - SP, 05734-150, Brasil;Avenida Giovanni Gronchi 5930 Sao Paulo SP 05734150 Brazil;São Paulo;SP;05734150;-23.63146;-46.73732;-23.63146;-46.73732;Vila Andrade;;
2289;;;endereco;Rodovia Akzo Nobei, Itupeva - SP, 13295-000, Brasil;Rodovia Akzo Nobei Itupeva SP 13295000 Brazil;Itupeva;SP;13295000;-23.10228;-47.012;-23.10228;-47.012;;ALTO;"endereco de rodovia (57-67% falharam); sem numero de porta; CEP generico de cidade, nao de rua (2,4x mais falha)"
2290;;;endereco;Cacau Noir, Cerâmica, São Caetano do Sul - SP, Brasil;Cacau Noir Ceramica Sao Caetano do Sul SP Brazil;São Caetano do Sul;SP;;-23.62648;-46.57993;-23.62648;-46.57993;;ALTO;sem numero de porta
2291;;;endereco;BR-101, Distrito Industrial, São José - SC, 88104-810, Brasil;BR 101 Distrito Industrial Sao Jose SC 88104810 Brazil;São José;SC;88104810;-27.61969;-48.64871;-27.61969;-48.64871;;ALTO;sem numero de porta
2292;;;endereco;Rua Marechal Deodoro, 165, Petrópolis - RJ, 25620-150, Brasil;Rua Marechal Deodoro 165 Petropolis RJ 25620150 Brazil;Petrópolis;RJ;25620150;-22.51248;-43.17755;-22.51248;-43.17755;;;
2293;;;endereco;Banca Cultural 108 Sul, SQS 108, Asa Sul, Brasília - DF, 70347-040, Brasil;Banca Cultural 108 Brasilia DF 70347040 Brazil;Brasília;DF;70347040;-15.81598;-47.9044;-15.81598;-47.9044;Sul SQS 108 Asa Sul;;
2294;;;endereco;Rua João Brito Oliveira, 233, Petrópolis, Betim - MG, 32655-060, Brasil;Rua Joao Brito Oliveira 233 Betim MG 32655060 Brazil;Betim;MG;32655060;-19.96966;-44.18097;-19.96966;-44.18097;Petrópolis;;
2295;;;endereco;Gula Gula, Avenida Lauro Sodré, 445, Botafogo, Rio de Janeiro - RJ, 22290-160, Brasil;Avenida Lauro Sodre 445 Rio de Janeiro RJ 22290160 Brazil;Rio de Janeiro;RJ;22290160;-22.95692;-43.17668;-22.95692;-43.17668;Botafogo;;
2296;;;endereco;UZ Games, Avenida Kennedy, 700, Centro, São Bernardo do Campo - SP, 09726-252, Brasil;Avenida Kennedy 700 Sao Bernardo do Campo SP 09726252 Brazil;São Bernardo do Campo;SP;09726252;-23.68371;-46.55763;-23.68371;-46.55763;Centro;;
2297;;;endereco;Cacau Show, Rua Francisco Franco de Godoy Bueno, 801, Mogi Guaçu - SP, 13845-180, Brasil;Rua Francisco Franco de Godoy Bueno 801 Mogi Guacu SP 13845180 Brazil;Mogi Guaçu;SP;13845180;-22.36745;-46.95242;-22.36745;-46.95242;;;
2298;;;endereco;Avenida Deputado Jamel Cecílio, Jardim Goiás, Goiânia - GO, 74810-100, Brasil;Avenida Deputado Jamel Cecilio Jardim Goias Goiania GO 74810100 Brazil;Goiânia;GO;74810100;-16.70689;-49.23759;-16.70689;-49.23759;;ALTO;sem numero de porta
2299;;;endereco;Rua Prefeito Antônio Curvelo Benjamim, Visconde de Araújo, Macaé - RJ, 27971-210, Brasil;Rua Prefeito Antonio Curvelo Benjamim Visconde de Araujo Macae RJ 27971210 Brazil;Macaé;RJ;27971210;-22.38365;-41.78275;-22.38365;-41.78275;;ALTO;sem numero de porta
2300;;;endereco;Avenida das Américas, 2800, Guaratiba, Rio de Janeiro - RJ, 22631-003, Brasil;Avenida das Americas 2800 Rio de Janeiro RJ 22631003 Brazil;Rio de Janeiro;RJ;22631003;-23.01016;-43.54222;-23.01016;-43.54222;Guaratiba;;
2301;;;endereco;Wallimp, Rua Visconde do Rio Branco, 43, Centro, Niterói - RJ, 24020-007, Brasil;Rua Visconde do Rio Branco 43 Niteroi RJ 24020007 Brazil;Niterói;RJ;24020007;-22.89693;-43.12387;-22.89693;-43.12387;Centro;;
2302;;;endereco;Avenida Santa Beatriz da Silva, 2070, Uberaba - MG, 38050-086, Brasil;Avenida Santa Beatriz da Silva 2070 Uberaba MG 38050086 Brazil;Uberaba;MG;38050086;-19.77023;-47.95677;-19.77023;-47.95677;;;
2303;;;endereco;Rua Imperatriz Leopoldina, 271, Jardim Guanabara, Araçatuba - SP, 16026-220, Brasil;Rua Imperatriz Leopoldina 271 Aracatuba SP 16026220 Brazil;Araçatuba;SP;16026220;-21.2193;-50.46568;-21.2193;-50.46568;Jardim Guanabara;;
2304;;;endereco;Mezzanela Massas, Rua Olavo Barreto Viana, Moinhos de Vento, Porto Alegre - RS, 90570-070, Brasil;Rua Olavo Barreto Viana Moinhos de Vento Porto Alegre RS 90570070 Brazil;Porto Alegre;RS;90570070;-30.02391;-51.2017;-30.02391;-51.2017;;ALTO;sem numero de porta
2305;;;endereco;Avenida Olegário Maciel, 1600, Santo Agostinho, Belo Horizonte - MG, 30140-085, Brasil;Avenida Olegario Maciel 1600 Belo Horizonte MG 30140085 Brazil;Belo Horizonte;MG;30140085;-19.92784;-43.94683;-19.92784;-43.94683;Santo Agostinho;;
2306;;;endereco;Avenida Donato Quintino, 125, Canelas II, Montes Claros - MG, 39400-546, Brasil;Avenida Donato Quintino 125 Montes Claros MG 39400546 Brazil;Montes Claros;MG;39400546;-16.73996;-43.87044;-16.73996;-43.87044;Canelas II;;
2307;;;endereco;BR-470, Fortaleza, Blumenau - SC, Brasil;BR 470 Fortaleza Blumenau SC Brazil;Blumenau;SC;;-26.85918;-49.05858;-26.85918;-49.05858;;ALTO;sem numero de porta
2308;;;endereco;PANDORA, Alameda Terracota, 545, Cerâmica, São Caetano do Sul - SP, Brasil;Alameda Terracota 545 Sao Caetano do Sul SP Brazil;São Caetano do Sul;SP;;-23.6265;-46.57971;-23.6265;-46.57971;Cerâmica;;
2309;;;endereco;Rua Padre Anchieta, Centro, São Vicente - SP, 11310-040, Brasil;Rua Padre Anchieta Centro Sao Vicente SP 11310040 Brazil;São Vicente;SP;11310040;-23.96741;-46.38406;-23.96741;-46.38406;;ALTO;sem numero de porta
2310;;;endereco;Avenida Presidente Kennedy, 411, Centro, São Gonçalo - RJ, 24445-000, Brasil;Avenida Presidente Kennedy 411 Sao Goncalo RJ 24445000 Brazil;São Gonçalo;RJ;24445000;-22.82225;-43.04614;-22.82225;-43.04614;Centro;MEDIO;CEP generico de cidade, nao de rua (2,4x mais falha)
2311;;;endereco;Cvc, Avenida Nove de Julho, 3333, Vianelo, Jundiaí - SP, 13207-645, Brasil;Avenida Nove de Julho 3333 Jundiai SP 13207645 Brazil;Jundiaí;SP;13207645;-23.19948;-46.89021;-23.19948;-46.89021;Vianelo;;
2312;;;endereco;Avenida Brasil, 589, Bairro de Lourdes, Anápolis - GO, 75095-795, Brasil;Avenida Brasil 589 Anapolis GO 75095795 Brazil;Anápolis;GO;75095795;-16.33421;-48.91693;-16.33421;-48.91693;Bairro de Lourdes;;
2313;;;endereco;Rodovia Hélio Smidt, Várzea do Palácio, Guarulhos - SP, 07190-100, Brasil;Rodovia Helio Smidt Varzea do Palacio Guarulhos SP 07190100 Brazil;Guarulhos;SP;07190100;-23.46899;-46.49134;-23.46899;-46.49134;;ALTO;"endereco de rodovia (57-67% falharam); sem numero de porta"
2314;;;endereco;Barreds's, Rodovia Dom Gabriel Paulino Bueno Couto, 422, São Luiz, Itu - SP, 13304-350, Brasil;Rodovia Dom Gabriel Paulino Bueno Couto 422 Itu SP 13304350 Brazil;Itu;SP;13304350;-23.26492;-47.28162;-23.26492;-47.28162;São Luiz;ALTO;endereco de rodovia (57-67% falharam)
2315;;;endereco;Avenida Aricanduva, 4032, Aricanduva, São Paulo - SP, 03951-220, Brasil;Avenida Aricanduva 4032 Sao Paulo SP 03951220 Brazil;São Paulo;SP;03951220;-23.55607;-46.51696;-23.55607;-46.51696;Aricanduva;;
2316;;;endereco;Avenida Farroupilha, Marechal Rondon, Canoas - RS, Brasil;Avenida Farroupilha Marechal Rondon Canoas RS Brazil;Canoas;RS;;-29.91494;-51.16569;-29.91494;-51.16569;;ALTO;sem numero de porta
2317;;;endereco;Inicial Games, Rua Carlos Gomes, Centro, Limeira - SP, 13480-013, Brasil;Rua Carlos Gomes Centro Limeira SP 13480013 Brazil;Limeira;SP;13480013;-22.57067;-47.40805;-22.57067;-47.40805;;ALTO;sem numero de porta
2318;;;endereco;Banca Cultural 108 Sul, SQS 108, Asa Sul, Brasília - DF, 70347-040, Brasil;Banca Cultural 108 Brasilia DF 70347040 Brazil;Brasília;DF;70347040;-15.81598;-47.9044;-15.81598;-47.9044;Sul SQS 108 Asa Sul;;
2319;;;endereco;Avenida das Nações Unidas, Itaim Bibi, São Paulo - SP, 04795-100, Brasil;Avenida das Nacoes Unidas Itaim Bibi Sao Paulo SP 04795100 Brazil;São Paulo;SP;04795100;-23.59028;-46.69122;-23.59028;-46.69122;;ALTO;sem numero de porta
2320;;;endereco;Méliuz, Rua Pacífico Mascarenhas, Santa Efigênia, Belo Horizonte - MG, 30260-010, Brasil;Rua Pacifico Mascarenhas Santa Efigenia Belo Horizonte MG 30260010 Brazil;Belo Horizonte;MG;30260010;-19.92047;-43.92117;-19.92047;-43.92117;;ALTO;sem numero de porta
2321;;;endereco;Avenida Piracema, Tamboré, Barueri - SP, 06460-030, Brasil;Avenida Piracema Tambore Barueri SP 06460030 Brazil;Barueri;SP;06460030;-23.50427;-46.83267;-23.50427;-46.83267;;ALTO;sem numero de porta
2322;;;endereco;Avenida João Wallig, 1795, Passo da Areia, Porto Alegre - RS, 91340-001, Brasil;Avenida Joao Wallig 1795 Porto Alegre RS 91340001 Brazil;Porto Alegre;RS;91340001;-30.02497;-51.16343;-30.02497;-51.16343;Passo da Areia;;
2323;;;endereco;Estúdio da Sobrancelha, Rua Olimpíadas, Itaim Bibi, São Paulo - SP, 04547-004, Brasil;Rua Olimpiadas Itaim Bibi Sao Paulo SP 04547004 Brazil;São Paulo;SP;04547004;-23.59579;-46.68689;-23.59579;-46.68689;;ALTO;sem numero de porta
2324;;;endereco;Avenida Vicente de Carvalho, 821, Vicente de Carvalho, Rio de Janeiro - RJ, 21220-270, Brasil;Avenida Vicente de Carvalho 821 Rio de Janeiro RJ 21220270 Brazil;Rio de Janeiro;RJ;21220270;-22.85122;-43.31111;-22.85122;-43.31111;Vicente de Carvalho;;
2325;;;endereco;Alameda 1, Ribeirão Preto - SP, Brasil;Alameda 1 Ribeirao Preto SP Brazil;Ribeirão Preto;SP;;-21.22529;-47.83704;-21.22529;-47.83704;;ALTO;logradouro sem nome
2326;;;endereco;Rua Henrique Terra, 504, Jardim Excelsior, Cabo Frio - RJ, 28911-320, Brasil;Rua Henrique Terra 504 Cabo Frio RJ 28911320 Brazil;Cabo Frio;RJ;28911320;-22.8756;-42.03803;-22.8756;-42.03803;Jardim Excelsior;;
2327;;;endereco;Avenida das Nações Unidas, 22360, Socorro, São Paulo - SP, 04795-000, Brasil;Avenida das Nacoes Unidas 22360 Sao Paulo SP 04795000 Brazil;São Paulo;SP;04795000;-23.68415;-46.69232;-23.68415;-46.69232;Socorro;MEDIO;CEP generico de cidade, nao de rua (2,4x mais falha)
2328;;;endereco;5àSec, Avenida Raimundo Pereira de Magalhães, 1720, Pirituba, São Paulo - SP, 05145-000, Brasil;5aSec Avenida Raimundo Pereira de Magalhaes 1720 Sao Paulo SP 05145000 Brazil;São Paulo;SP;05145000;-23.5066;-46.71786;-23.5066;-46.71786;Pirituba;MEDIO;CEP generico de cidade, nao de rua (2,4x mais falha)
2329;;;endereco;World Tennis, Alameda Filtros Mann, 670, Indaiatuba - SP, 13344-580, Brasil;Alameda Filtros Mann 670 Indaiatuba SP 13344580 Brazil;Indaiatuba;SP;13344580;-23.11744;-47.22004;-23.11744;-47.22004;;;
2330;;;endereco;Rua Só O Amor Constrói, 109, Eldorado Prol, Rio Verde - GO, 75904-433, Brasil;Rua So O Amor Constroi 109 Rio Verde GO 75904433 Brazil;Rio Verde;GO;75904433;-17.77094;-50.92313;-17.77094;-50.92313;Eldorado Prol;;
2331;;;endereco;Gregory, Avenida Olegário Maciel, Santo Agostinho, Belo Horizonte - MG, 30140-085, Brasil;Avenida Olegario Maciel Santo Agostinho Belo Horizonte MG 30140085 Brazil;Belo Horizonte;MG;30140085;-19.92829;-43.94688;-19.92829;-43.94688;;ALTO;sem numero de porta
2332;;;endereco;Avenida Jorge Elias de Lucca, Nossa Senhora da Salete, Criciúma - SC, 88813-390, Brasil;Avenida Jorge Elias de Lucca Nossa Senhora da Salete Criciuma SC 88813390 Brazil;Criciúma;SC;88813390;-28.68761;-49.33541;-28.68761;-49.33541;;ALTO;sem numero de porta
2333;;;endereco;Poke Poke, Rua Pamplona, 1704, Jardim Paulista, São Paulo - SP, 01405-003, Brasil;Rua Pamplona 1704 Sao Paulo SP 01405003 Brazil;São Paulo;SP;01405003;-23.57055;-46.66099;-23.57055;-46.66099;Jardim Paulista;;
2334;;;endereco;ATM, Rua Fonseca, Bangu, Rio de Janeiro - RJ, 21820-005, Brasil;Rua Fonseca Bangu Rio de Janeiro RJ 21820005 Brazil;Rio de Janeiro;RJ;21820005;-22.87847;-43.4666;-22.87847;-43.4666;;ALTO;sem numero de porta
2335;;;endereco;Avenida Manoel Goulart, 2622, Jardim das Rosas, Presidente Prudente - SP, 19060-000, Brasil;Avenida Manoel Goulart 2622 Presidente Prudente SP 19060000 Brazil;Presidente Prudente;SP;19060000;-22.1172;-51.40604;-22.1172;-51.40604;Jardim das Rosas;MEDIO;CEP generico de cidade, nao de rua (2,4x mais falha)
2336;;;endereco;Rua Joaquim Venâncio, 293, Pouso Alegre - MG, 37552-017, Brasil;Rua Joaquim Venancio 293 Pouso Alegre MG 37552017 Brazil;Pouso Alegre;MG;37552017;-22.22347;-45.93501;-22.22347;-45.93501;;;
2337;;;endereco;Avenida Moaci, Moema, São Paulo - SP, 04083-000, Brasil;Avenida Moaci Moema Sao Paulo SP 04083000 Brazil;São Paulo;SP;04083000;-23.60898;-46.66696;-23.60898;-46.66696;;ALTO;"sem numero de porta; CEP generico de cidade, nao de rua (2,4x mais falha)"
2338;;;endereco;Graffite, Avenida Presidente Kennedy, 4121, Portão, Curitiba - PR, 81020-770, Brasil;Avenida Presidente Kennedy 4121 Curitiba PR 81020770 Brazil;Curitiba;PR;81020770;-25.4776;-49.29058;-25.4776;-49.29058;Portão;;
2339;;;endereco;Viena Delicatessen, Santo Amaro, São Paulo - SP, 04710-190, Brasil;Viena Delicatessen Santo Amaro Sao Paulo SP 04710190 Brazil;São Paulo;SP;04710190;-23.62373;-46.6988;-23.62373;-46.6988;;ALTO;sem numero de porta
2340;;;endereco;Espaçolaser, Avenida Maestro Paulo e Silva, Jardim Carioca, Rio de Janeiro - RJ, 21920-445, Brasil;Avenida Maestro Paulo e Silva Jardim Carioca Rio de Janeiro RJ 21920445 Brazil;Rio de Janeiro;RJ;21920445;-22.8017;-43.20198;-22.8017;-43.20198;;ALTO;sem numero de porta
2341;;;endereco;Rua Só O Amor Constrói, 109, Eldorado Prol, Rio Verde - GO, 75904-433, Brasil;Rua So O Amor Constroi 109 Rio Verde GO 75904433 Brazil;Rio Verde;GO;75904433;-17.77094;-50.92313;-17.77094;-50.92313;Eldorado Prol;;
2342;;;endereco;Rua Manuel da Nóbrega, Centro, Diadema - SP, 09910-720, Brasil;Rua Manuel da Nobrega Centro Diadema SP 09910720 Brazil;Diadema;SP;09910720;-23.69261;-46.62292;-23.69261;-46.62292;;ALTO;sem numero de porta
2343;;;endereco;VIVARA, Avenida Limeira, 722, Vila Rezende, Piracicaba - SP, Brasil;Avenida Limeira 722 Piracicaba SP Brazil;Piracicaba;SP;;-22.70422;-47.64944;-22.70422;-47.64944;Vila Rezende;;
2344;;;endereco;Rua Sete de Setembro, 1327, Centro, Blumenau - SC, 89010-207, Brasil;Rua Sete de Setembro 1327 Blumenau SC 89010207 Brazil;Blumenau;SC;89010207;-26.91929;-49.06919;-26.91929;-49.06919;Centro;;
2345;;;endereco;Rua Verbo Divino, 1166, Santo Amaro, São Paulo - SP, 04719-002, Brasil;Rua Verbo Divino 1166 Sao Paulo SP 04719002 Brazil;São Paulo;SP;04719002;-23.63241;-46.70684;-23.63241;-46.70684;Santo Amaro;;
2346;;;endereco;Rua Doutor João Ribeiro, 280, Penha, São Paulo - SP, 03634-010, Brasil;Rua Doutor Joao Ribeiro 280 Sao Paulo SP 03634010 Brazil;São Paulo;SP;03634010;-23.52443;-46.54752;-23.52443;-46.54752;Penha;;
2347;;;endereco;Avenida Rotary, Ferrazópolis, São Bernardo do Campo - SP, 09721-000, Brasil;Avenida Rotary Ferrazopolis Sao Bernardo do Campo SP 09721000 Brazil;São Bernardo do Campo;SP;09721000;-23.72233;-46.54317;-23.72233;-46.54317;;ALTO;"sem numero de porta; CEP generico de cidade, nao de rua (2,4x mais falha)"
2348;;;endereco;KFC, Scs Bloco B, Asa Sul, Brasília - DF, 70332-900, Brasil;Scs Bloco B Asa Sul Brasilia DF 70332900 Brazil;Brasília;DF;70332900;-15.79603;-47.89199;-15.79603;-47.89199;;ALTO;sem numero de porta
2349;;;endereco;Multi Money, Praça Souza Aranha, Barra Funda, São Paulo - SP, 05003-130, Brasil;Multi Money Praca Souza Aranha Barra Funda Sao Paulo SP 05003130 Brazil;São Paulo;SP;05003130;-23.52723;-46.67401;-23.52723;-46.67401;;ALTO;sem numero de porta
2350;;;endereco;Passeio dos Flamboyants, Parque Faber Castell I, São Carlos - SP, 13561-352, Brasil;Passeio dos Flamboyants Parque Faber Castell I Sao Carlos SP 13561352 Brazil;São Carlos;SP;13561352;-22.01821;-47.91687;-22.01821;-47.91687;;ALTO;sem numero de porta
2351;;;endereco;Avenida Perimetral Norte, Jardim Balneário Meia Ponte, Goiânia - GO, 74573-260, Brasil;Avenida Perimetral Norte Jardim Balneario Meia Ponte Goiania GO 74573260 Brazil;Goiânia;GO;74573260;-16.63004;-49.27545;-16.63004;-49.27545;;ALTO;sem numero de porta
2352;;;endereco;Avenida das Nações Unidas, 22360, Socorro, São Paulo - SP, 04795-000, Brasil;Avenida das Nacoes Unidas 22360 Sao Paulo SP 04795000 Brazil;São Paulo;SP;04795000;-23.68415;-46.69232;-23.68415;-46.69232;Socorro;MEDIO;CEP generico de cidade, nao de rua (2,4x mais falha)
2353;;;endereco;Rua Conselheiro Moreira de Barros, 3054, Mandaqui, São Paulo - SP, 02430-000, Brasil;Rua Conselheiro Moreira de Barros 3054 Sao Paulo SP 02430000 Brazil;São Paulo;SP;02430000;-23.48288;-46.64491;-23.48288;-46.64491;Mandaqui;MEDIO;CEP generico de cidade, nao de rua (2,4x mais falha)
2354;;;endereco;Avenida Antônio de Souza Noschese, Jaguaré, São Paulo - SP, 05328-000, Brasil;Avenida Antonio de Souza Noschese Jaguare Sao Paulo SP 05328000 Brazil;São Paulo;SP;05328000;-23.54717;-46.75556;-23.54717;-46.75556;;ALTO;"sem numero de porta; CEP generico de cidade, nao de rua (2,4x mais falha)"
2355;;;endereco;Rua Campos Salles, 825, Setor Central, Ribeirão Preto - SP, 14015-110, Brasil;Rua Campos Salles 825 Ribeirao Preto SP 14015110 Brazil;Ribeirão Preto;SP;14015110;-21.18239;-47.80903;-21.18239;-47.80903;Setor Central;;
2356;;;endereco;Avenida Industrial, 641, Tamanduateí 3, Santo André - SP, 09080-510, Brasil;Avenida Industrial 641 Santo Andre SP 09080510 Brazil;Santo André;SP;09080510;-23.6493;-46.53326;-23.6493;-46.53326;Tamanduateí 3;;
2357;;;endereco;Koni Store, Fazenda Militar, Barueri - SP, 06440-180, Brasil;Fazenda Militar Barueri SP 06440180 Brazil;Barueri;SP;06440180;-23.51512;-46.85525;-23.51512;-46.85525;;ALTO;sem numero de porta
2358;;;endereco;Alameda 1, Ribeirão Preto - SP, Brasil;Alameda 1 Ribeirao Preto SP Brazil;Ribeirão Preto;SP;;-21.22529;-47.83704;-21.22529;-47.83704;;ALTO;logradouro sem nome
2359;;;endereco;Pizza Hut, Rua Nova Vista, Campo Grande, São Paulo - SP, 04455-240, Brasil;Rua Nova Vista Campo Grande Sao Paulo SP 04455240 Brazil;São Paulo;SP;04455240;-23.67653;-46.67658;-23.67653;-46.67658;;ALTO;sem numero de porta
2360;;;endereco;Camicado, Alameda Rio Negro, 111, Alphaville, Barueri - SP, 06454-000, Brasil;Alameda Rio Negro 111 Barueri SP 06454000 Brazil;Barueri;SP;06454000;-23.50476;-46.84792;-23.50476;-46.84792;Alphaville;MEDIO;CEP generico de cidade, nao de rua (2,4x mais falha)
2361;;;endereco;Paris Boulevard, Fraternidade, Londrina - PR, 86027-750, Brasil;Paris Boulevard Fraternidade Londrina PR 86027750 Brazil;Londrina;PR;86027750;-23.31209;-51.14554;-23.31209;-51.14554;;ALTO;sem numero de porta
2362;;;endereco;Avenida Diário de Notícias, 500, Cristal, Porto Alegre - RS, 91900-420, Brasil;Avenida Diario de Noticias 500 Porto Alegre RS 91900420 Brazil;Porto Alegre;RS;91900420;-30.08623;-51.24748;-30.08623;-51.24748;Cristal;;
2363;;;endereco;Kopenhagen, Rua Pedro Botelho de Rezende, 901, Vivendas do Arvoredo, Londrina - PR, Brasil;Rua Pedro Botelho de Rezende 901 Londrina PR Brazil;Londrina;PR;;-23.34199;-51.18536;-23.34199;-51.18536;Vivendas do Arvoredo;;
2364;;;endereco;Penteadeira, Rua Konrad Adenauer, 370, Tarumã, Curitiba - PR, 82821-020, Brasil;Rua Konrad Adenauer 370 Curitiba PR 82821020 Brazil;Curitiba;PR;82821020;-25.42864;-49.21463;-25.42864;-49.21463;Tarumã;;
2365;;;endereco;Avenida Anísio Haddad, São Manoel, São José do Rio Preto - SP, 15093-000, Brasil;Avenida Anisio Haddad Sao Manoel Sao Jose do Rio Preto SP 15093000 Brazil;São José do Rio Preto;SP;15093000;-20.83835;-49.40104;-20.83835;-49.40104;;ALTO;"sem numero de porta; CEP generico de cidade, nao de rua (2,4x mais falha)"
2366;;;endereco;Avenida Gisele Constantino, 180, Votorantim - SP, 18116-650, Brasil;Avenida Gisele Constantino 180 Votorantim SP 18116650 Brazil;Votorantim;SP;18116650;-23.55076;-47.46566;-23.55076;-47.46566;;;
2367;;;endereco;Ecatec Indústria e Comercio, Avenida Mansur Frayha, 1155, Região Urbana Homogênea II, Poços de Caldas - MG, 37704-355, Brasil;Avenida Mansur Frayha 1155 Pocos de Caldas MG 37704355 Brazil;Poços de Caldas;MG;37704355;-21.77808;-46.60302;-21.77808;-46.60302;Região Urbana Homogênea II;;
2368;;;endereco;The Original Cupcake, Avenida Gov. André Franco Montoro, Taboão da Serra - SP, 06757-000, Brasil;Avenida Gov Andre Franco Montoro Taboao da Serra SP 06757000 Brazil;Taboão da Serra;SP;06757000;-23.61495;-46.77541;-23.61495;-46.77541;;ALTO;"sem numero de porta; CEP generico de cidade, nao de rua (2,4x mais falha)"
2369;;;endereco;Estrada do Campo Limpo, 414, Jardim São Luís, São Paulo - SP, 05777-000, Brasil;Estrada do Campo Limpo 414 Sao Paulo SP 05777000 Brazil;São Paulo;SP;05777000;-23.64843;-46.7576;-23.64843;-46.7576;Jardim São Luís;ALTO;"endereco de rodovia (57-67% falharam); CEP generico de cidade, nao de rua (2,4x mais falha)"
2370;;;endereco;Rua Marquês de São Vicente, 35, Gávea, Rio de Janeiro - RJ, 22451-041, Brasil;Rua Marques de Sao Vicente 35 Rio de Janeiro RJ 22451041 Brazil;Rio de Janeiro;RJ;22451041;-22.97563;-43.22772;-22.97563;-43.22772;Gávea;;
2371;;;endereco;Toasted Potato, Avenida Andrômeda, 227, Jardim Satélite, São José dos Campos - SP, 12231-675, Brasil;Avenida Andromeda 227 Sao Jose dos Campos SP 12231675 Brazil;São José dos Campos;SP;12231675;-23.21658;-45.89293;-23.21658;-45.89293;Jardim Satélite;;
2372;;;endereco;Te&Maki, Avenida Paulista, 1159, Jardim Paulista, São Paulo - SP, 01310-100, Brasil;Avenida Paulista 1159 Sao Paulo SP 01310100 Brazil;São Paulo;SP;01310100;-23.56482;-46.65335;-23.56482;-46.65335;Jardim Paulista;;
2373;;;endereco;Rua Verbo Divino, 1166, Santo Amaro, São Paulo - SP, 04719-002, Brasil;Rua Verbo Divino 1166 Sao Paulo SP 04719002 Brazil;São Paulo;SP;04719002;-23.63241;-46.70684;-23.63241;-46.70684;Santo Amaro;;
2374;;;endereco;SGAS 905, BLOCO A, Asa Sul, Brasília - DF, 70390-050, Brasil;SGAS 905 BLOCO A Asa Sul Brasilia DF 70390050 Brazil;Brasília;DF;70390050;-15.80351;-47.90297;-15.80351;-47.90297;;ALTO;sem numero de porta
2375;;;endereco;Rua Quinze de Novembro, 55, Centro, Niterói - RJ, 24020-125, Brasil;Rua Quinze de Novembro 55 Niteroi RJ 24020125 Brazil;Niterói;RJ;24020125;-22.89633;-43.12105;-22.89633;-43.12105;Centro;;
2376;;;endereco;Passeio dos Flamboyants, Parque Faber Castell I, São Carlos - SP, 13561-352, Brasil;Passeio dos Flamboyants Parque Faber Castell I Sao Carlos SP 13561352 Brazil;São Carlos;SP;13561352;-22.01821;-47.91687;-22.01821;-47.91687;;ALTO;sem numero de porta
2377;;;endereco;Avenida Juscelino Kubitschek de Oliveira, 1101, Campo do Galvão, Guaratinguetá - SP, 12505-300, Brasil;Avenida Juscelino Kubitschek de Oliveira 1101 Guaratingueta SP 12505300 Brazil;Guaratinguetá;SP;12505300;-22.81545;-45.20193;-22.81545;-45.20193;Campo do Galvão;;
2378;;;endereco;Avenida Senador Tancredo Neves, 3550, Valparaíso de Goiás - GO, Brasil;Avenida Senador Tancredo Neves 3550 Valparaiso de Goias GO Brazil;Valparaíso de Goiás;GO;;-16.08301;-47.97146;-16.08301;-47.97146;;;
2379;;;endereco;Pizza Hut, Avenida Brasil, Mariano Procópio, Juiz de Fora - MG, 36080-060, Brasil;Avenida Brasil Mariano Procopio Juiz de Fora MG 36080060 Brazil;Juiz de Fora;MG;36080060;-21.73859;-43.37248;-21.73859;-43.37248;;ALTO;sem numero de porta
2380;;;endereco;Banco do Brasil, Barranco, Taubaté - SP, 12040-000, Brasil;Banco do Brasil Barranco Taubate SP 12040000 Brazil;Taubaté;SP;12040000;-23.02407;-45.58219;-23.02407;-45.58219;;ALTO;"sem numero de porta; CEP generico de cidade, nao de rua (2,4x mais falha)"
2381;;;endereco;Triton Eyewear, Avenida Otto Baumgart, Vila Guilherme, São Paulo - SP, Brasil;Avenida Otto Baumgart Vila Guilherme Sao Paulo SP Brazil;São Paulo;SP;;-23.51603;-46.61872;-23.51603;-46.61872;;ALTO;sem numero de porta
2382;;;endereco;Fitness Shop, Rua Guaiaó, Aparecida, Santos - SP, 11035-260, Brasil;Rua Guaiao Aparecida Santos SP 11035260 Brazil;Santos;SP;11035260;-23.9777;-46.30939;-23.9777;-46.30939;;ALTO;sem numero de porta
2383;;;endereco;SUBWAY, Avenida Costa e Silva, 185, Jardim Polo Centro, Foz do Iguaçu - PR, 85863-000, Brasil;Avenida Costa e Silva 185 Foz do Iguacu PR 85863000 Brazil;Foz do Iguaçu;PR;85863000;-25.53311;-54.57535;-25.53311;-54.57535;Jardim Polo Centro;MEDIO;CEP generico de cidade, nao de rua (2,4x mais falha)
2384;;;endereco;Avenida Getúlio Vargas, 268, Centro, Jaraguá do Sul - SC, 89251-000, Brasil;Avenida Getulio Vargas 268 Jaragua do Sul SC 89251000 Brazil;Jaraguá do Sul;SC;89251000;-26.47989;-49.08509;-26.47989;-49.08509;Centro;MEDIO;CEP generico de cidade, nao de rua (2,4x mais falha)
2385;;;endereco;Rua Esmeralda, 1025, Cajamar - SP, 07750-000, Brasil;Rua Esmeralda 1025 Cajamar SP 07750000 Brazil;Cajamar;SP;07750000;-23.29955;-46.86929;-23.29955;-46.86929;;MEDIO;CEP generico de cidade, nao de rua (2,4x mais falha)
2386;;;endereco;Joli, Vila Nambi, Jundiaí - SP, 13202-460, Brasil;Vila Nambi Jundiai SP 13202460 Brazil;Jundiaí;SP;13202460;-23.19107;-46.87412;-23.19107;-46.87412;;ALTO;sem numero de porta
2387;;;endereco;KFC, Scs Bloco B, Asa Sul, Brasília - DF, 70332-900, Brasil;Scs Bloco B Asa Sul Brasilia DF 70332900 Brazil;Brasília;DF;70332900;-15.79603;-47.89199;-15.79603;-47.89199;;ALTO;sem numero de porta
2388;;;endereco;Avenida Rio Negro, 1100, Franca - SP, 14406-005, Brasil;Avenida Rio Negro 1100 Franca SP 14406005 Brazil;Franca;SP;14406005;-20.54723;-47.41601;-20.54723;-47.41601;;;
2389;;;endereco;Rua dos Goitacazes, 365, Centro, Belo Horizonte - MG, 30190-050, Brasil;Rua dos Goitacazes 365 Belo Horizonte MG 30190050 Brazil;Belo Horizonte;MG;30190050;-19.92276;-43.94034;-19.92276;-43.94034;Centro;;
2390;;;endereco;Rodovia Presidente Castelo Branco, São Roque - SP, 18132-851, Brasil;Rodovia Presidente Castelo Branco Sao Roque SP 18132851 Brazil;São Roque;SP;18132851;-23.42224;-47.16117;-23.42224;-47.16117;;ALTO;"endereco de rodovia (57-67% falharam); sem numero de porta"
2391;;;endereco;Avenida Nossa Senhora da Penha, 1263, Penha, Bragança Paulista - SP, 12929-470, Brasil;Avenida Nossa Senhora da Penha 1263 Braganca Paulista SP 12929470 Brazil;Bragança Paulista;SP;12929470;-22.95122;-46.52075;-22.95122;-46.52075;Penha;;
2392;;;endereco;C&A, Avenida Santa Bárbara, Vila Mollon IV, Santa Bárbara d'Oeste - SP, 13456-625, Brasil;Avenida Santa Barbara Vila Mollon IV Santa Barbara d Oeste SP 13456625 Brazil;Santa Bárbara d'Oeste;SP;13456625;-22.74784;-47.36725;-22.74784;-47.36725;;ALTO;sem numero de porta
2393;;;endereco;Via W. Cinco Norte, Asa Norte, Brasília - DF, Brasil;Via W Cinco Norte Asa Norte Brasilia DF Brazil;Brasília;DF;;-15.73419;-47.90407;-15.73419;-47.90407;;ALTO;"endereco de rodovia (57-67% falharam); sem numero de porta"
2394;;;endereco;Cacau Show, Rodovia dos Metalúrgicos, 1189, São Geraldo, Volta Redonda - RJ, 27253-005, Brasil;Rodovia dos Metalurgicos 1189 Volta Redonda RJ 27253005 Brazil;Volta Redonda;RJ;27253005;-22.52266;-44.07873;-22.52266;-44.07873;São Geraldo;ALTO;endereco de rodovia (57-67% falharam)
2395;;;endereco;Lava-Rápido Costa e S, Avenida Costa e Silva, Jardim Polo Centro, Foz do Iguaçu - PR, 85863-000, Brasil;Avenida Costa e Silva Jardim Polo Centro Foz do Iguacu PR 85863000 Brazil;Foz do Iguaçu;PR;85863000;-25.53312;-54.57457;-25.53312;-54.57457;;ALTO;"sem numero de porta; CEP generico de cidade, nao de rua (2,4x mais falha)"
2396;;;endereco;TOUCH, Avenida Independência, São Mateus, Juiz de Fora - MG, 36025-320, Brasil;Avenida Independencia Sao Mateus Juiz de Fora MG 36025320 Brazil;Juiz de Fora;MG;36025320;-21.7816;-43.36087;-21.7816;-43.36087;;ALTO;sem numero de porta
2397;;;endereco;Banco 24horas, Parque dos Rodoviários, Campos dos Goytacazes - RJ, Brasil;Banco 24horas Parque dos Rodoviarios Campos dos Goytacazes RJ Brazil;Campos dos Goytacazes;RJ;;-21.75381;-41.34385;-21.75381;-41.34385;;ALTO;sem numero de porta
2398;;;endereco;Supper Rissul, Av. Centenário N, 555, Passo das Pedras, Gravataí - RS, 94035-160, Brasil;Avenida Centenario N 555 Gravatai RS 94035160 Brazil;Gravataí;RS;94035160;-29.9499;-50.99631;-29.9499;-50.99631;Passo das Pedras;;
2399;;;endereco;Rua Joaquim Nabuco, 157, Uvaranas, Ponta Grossa - PR, 84026-080, Brasil;Rua Joaquim Nabuco 157 Ponta Grossa PR 84026080 Brazil;Ponta Grossa;PR;84026080;-25.09584;-50.15226;-25.09584;-50.15226;Uvaranas;;
2400;;;endereco;Rua Dianópolis, Móoca, São Paulo - SP, 03126-007, Brasil;Rua Dianopolis Mooca Sao Paulo SP 03126007 Brazil;São Paulo;SP;03126007;-23.58194;-46.59103;-23.58194;-46.59103;;ALTO;sem numero de porta
2401;;;endereco;Samsonite, Vila Formosa, São Paulo - SP, 03342-000, Brasil;Vila Formosa Sao Paulo SP 03342000 Brazil;São Paulo;SP;03342000;-23.5615;-46.56046;-23.5615;-46.56046;;ALTO;"sem numero de porta; CEP generico de cidade, nao de rua (2,4x mais falha)"
2402;;;endereco;Rodovia Raposo Tavares, Centro, Cotia - SP, 06708-000, Brasil;Rodovia Raposo Tavares Centro Cotia SP 06708000 Brazil;Cotia;SP;06708000;-23.60582;-46.94677;-23.60582;-46.94677;;ALTO;"endereco de rodovia (57-67% falharam); sem numero de porta; CEP generico de cidade, nao de rua (2,4x mais falha)"
2403;;;endereco;Maz Brasil, Avenida Presidente Kennedy, Portão, Curitiba - PR, 80610-010, Brasil;Avenida Presidente Kennedy Portao Curitiba PR 80610010 Brazil;Curitiba;PR;80610010;-25.47784;-49.29184;-25.47784;-49.29184;;ALTO;sem numero de porta
2404;;;endereco;Pólo Wear, Avenida Deputado Benedito Matarazzo, 9403, Jardim Oswaldo Cruz, São José dos Campos - SP, 12216-530, Brasil;Avenida Deputado Benedito Matarazzo 9403 Sao Jose dos Campos SP 12216530 Brazil;São José dos Campos;SP;12216530;-23.19987;-45.88137;-23.19987;-45.88137;Jardim Oswaldo Cruz;;
2405;;;endereco;SGAN 916 Bloco F, Asa Norte, Brasília - DF, 70770-100, Brasil;SGAN 916 Bloco F Asa Norte Brasilia DF 70770100 Brazil;Brasília;DF;70770100;-15.73927;-47.90409;-15.73927;-47.90409;;ALTO;sem numero de porta
2406;;;endereco;EPIA, Setores Complementares-Asa Sul, Brasília - DF, Brasil;EPIA Setores Complementares Asa Sul Brasilia DF Brazil;Brasília;DF;;-15.83329;-47.95167;-15.83329;-47.95167;;ALTO;sem numero de porta
2407;;;endereco;Avenida Doutora Ruth Cardoso, Alto de Pinheiros, São Paulo - SP, 05477-000, Brasil;Avenida Doutora Ruth Cardoso Alto de Pinheiros Sao Paulo SP 05477000 Brazil;São Paulo;SP;05477000;-23.54804;-46.72948;-23.54804;-46.72948;;ALTO;"sem numero de porta; CEP generico de cidade, nao de rua (2,4x mais falha)"
2408;;;endereco;Rua Doutor Rodrigo Pereira Barreto, 4, Itaquera, São Paulo - SP, 08210-535, Brasil;Rua Doutor Rodrigo Pereira Barreto 4 Sao Paulo SP 08210535 Brazil;São Paulo;SP;08210535;-23.53089;-46.44679;-23.53089;-46.44679;Itaquera;;
2409;;;endereco;Alameda Rio Negro, Alphaville, Barueri - SP, Brasil;Alameda Rio Negro Alphaville Barueri SP Brazil;Barueri;SP;;-23.50407;-46.84748;-23.50407;-46.84748;;ALTO;sem numero de porta
2410;;;endereco;Kiosqui Mrv Shopping Sjp, Rua Voluntários da Pátria, 170, Centro, São José dos Pinhais - PR, 83005-010, Brasil;Rua Voluntarios da Patria 170 Sao Jose dos Pinhais PR 83005010 Brazil;São José dos Pinhais;PR;83005010;-25.5378;-49.20443;-25.5378;-49.20443;Centro;;
2411;;;endereco;Ponto De Carregamento Para Veículos Elétricos, Praça Leonor Kaupa, 100, Cursino, São Paulo - SP, Brasil;Ponto De Carregamento Para Veiculos Eletricos Praca Leonor Kaupa 100 Sao Paulo SP Brazil;São Paulo;SP;;-23.61995;-46.62715;-23.61995;-46.62715;Cursino;;
2412;;;endereco;Avenida General Furtado do Nascimento, 4777, Alto de Pinheiros, São Paulo - SP, 05477-000, Brasil;Avenida General Furtado do Nascimento 4777 Sao Paulo SP 05477000 Brazil;São Paulo;SP;05477000;-23.55177;-46.72242;-23.55177;-46.72242;Alto de Pinheiros;MEDIO;CEP generico de cidade, nao de rua (2,4x mais falha)
2413;;;endereco;Uberlândia Shopping-Norte, Gávea, Uberlândia - MG, Brasil;Uberlandia Shopping Norte Gavea Uberlandia MG Brazil;Uberlândia;MG;;-18.95615;-48.27714;-18.95615;-48.27714;;ALTO;sem numero de porta
2414;;;endereco;Espaçolaser, Avenida Rotary, Ferrazópolis, São Bernardo do Campo - SP, 09790-000, Brasil;Avenida Rotary Ferrazopolis Sao Bernardo do Campo SP 09790000 Brazil;São Bernardo do Campo;SP;09790000;-23.72322;-46.54296;-23.72322;-46.54296;;ALTO;"sem numero de porta; CEP generico de cidade, nao de rua (2,4x mais falha)"
2415;;;endereco;Bb Básico, Areal, Pelotas - RS, 96085-000, Brasil;Bb Basico Areal Pelotas RS 96085000 Brazil;Pelotas;RS;96085000;-31.76093;-52.31871;-31.76093;-52.31871;;ALTO;"sem numero de porta; CEP generico de cidade, nao de rua (2,4x mais falha)"
2416;;;endereco;Ponto De Carregamento Para Veículos Elétricos, Avenida Santa Beatriz da Silva, 1501, Uberaba - MG, 38050-000, Brasil;Avenida Santa Beatriz da Silva 1501 Uberaba MG 38050000 Brazil;Uberaba;MG;38050000;-19.7661;-47.95085;-19.7661;-47.95085;;MEDIO;CEP generico de cidade, nao de rua (2,4x mais falha)
2417;;;endereco;Avenida Prestes Maia, 1474, Taboão, Diadema - SP, 09930-270, Brasil;Avenida Prestes Maia 1474 Diadema SP 09930270 Brazil;Diadema;SP;09930270;-23.67439;-46.61414;-23.67439;-46.61414;Taboão;;
2418;;;endereco;Shell, ERL S, Zona Cívico Administrativa, Brasília - DF, Brasil;Shell ERL S Zona Civico Administrativa Brasilia DF Brazil;Brasília;DF;;-15.79423;-47.88217;-15.79423;-47.88217;;ALTO;sem numero de porta
2419;;;endereco;Avenida Gisele Constantino, 180, Votorantim - SP, 18116-650, Brasil;Avenida Gisele Constantino 180 Votorantim SP 18116650 Brazil;Votorantim;SP;18116650;-23.55076;-47.46566;-23.55076;-47.46566;;;
2420;;;endereco;Alameda Gabriel Monteiro da Silva, 1487, Pinheiros, São Paulo - SP, 05477-000, Brasil;Alameda Gabriel Monteiro da Silva 1487 Sao Paulo SP 05477000 Brazil;São Paulo;SP;05477000;-23.57237;-46.68162;-23.57237;-46.68162;Pinheiros;MEDIO;CEP generico de cidade, nao de rua (2,4x mais falha)
2421;;;endereco;Alameda Gabriel Monteiro da Silva, 268, Jardim Paulista, São Paulo - SP, 01442-000, Brasil;Alameda Gabriel Monteiro da Silva 268 Sao Paulo SP 01442000 Brazil;São Paulo;SP;01442000;-23.56323;-46.67511;-23.56323;-46.67511;Jardim Paulista;MEDIO;CEP generico de cidade, nao de rua (2,4x mais falha)
2422;;;endereco;Alameda Gabriel Monteiro da Silva, 1824, Pinheiros, São Paulo - SP, 01442-001, Brasil;Alameda Gabriel Monteiro da Silva 1824 Sao Paulo SP 01442001 Brazil;São Paulo;SP;01442001;-23.57407;-46.68464;-23.57407;-46.68464;Pinheiros;;
2423;;;endereco;Rua Doutor Antônio Carlos Assumpção, Pinheiros, São Paulo - SP, 01441-020, Brasil;Rua Doutor Antonio Carlos Assumpcao Pinheiros Sao Paulo SP 01441020 Brazil;São Paulo;SP;01441020;-23.5727;-46.68177;-23.5727;-46.68177;;ALTO;sem numero de porta
2424;;;endereco;Rua João Cachoeira, 1731, Itaim Bibi, São Paulo - SP, 04535-016, Brasil;Rua Joao Cachoeira 1731 Sao Paulo SP 04535016 Brazil;São Paulo;SP;04535016;-23.59523;-46.6743;-23.59523;-46.6743;Itaim Bibi;;
2425;;;endereco;Alameda Gabriel Monteiro da Silva, 2138, Pinheiros, São Paulo - SP, 01442-001, Brasil;Alameda Gabriel Monteiro da Silva 2138 Sao Paulo SP 01442001 Brazil;São Paulo;SP;01442001;-23.57446;-46.68756;-23.57446;-46.68756;Pinheiros;;
2426;;;endereco;Iberostar Praia do Forte, Avenida das Nações Unidas, Itaim Bibi, São Paulo - SP, 04578-000, Brasil;Avenida das Nacoes Unidas Itaim Bibi Sao Paulo SP 04578000 Brazil;São Paulo;SP;04578000;-23.60905;-46.69692;-23.60905;-46.69692;;ALTO;"sem numero de porta; CEP generico de cidade, nao de rua (2,4x mais falha)"
2427;;;endereco;Alameda Gabriel Monteiro da Silva, 1824, Pinheiros, São Paulo - SP, 01442-001, Brasil;Alameda Gabriel Monteiro da Silva 1824 Sao Paulo SP 01442001 Brazil;São Paulo;SP;01442001;-23.57407;-46.68464;-23.57407;-46.68464;Pinheiros;;
2428;;;endereco;Avenida Jorge Tibiriçá, 1256, Vila Georgina, Campinas - SP, 13045-706, Brasil;Avenida Jorge Tibirica 1256 Campinas SP 13045706 Brazil;Campinas;SP;13045706;-22.93249;-47.04481;-22.93249;-47.04481;Vila Georgina;;
2429;;;endereco;Rua Ibsen da Costa Manso, 48, Pinheiros, São Paulo - SP, 01440-010, Brasil;Rua Ibsen da Costa Manso 48 Sao Paulo SP 01440010 Brazil;São Paulo;SP;01440010;-23.56993;-46.6798;-23.56993;-46.6798;Pinheiros;;
2430;;;endereco;Papel Assinado, Alameda Gabriel Monteiro da Silva, Jardim Paulista, São Paulo - SP, 01441-000, Brasil;Alameda Gabriel Monteiro da Silva Jardim Paulista Sao Paulo SP 01441000 Brazil;São Paulo;SP;01441000;-23.56388;-46.67569;-23.56388;-46.67569;;ALTO;"sem numero de porta; CEP generico de cidade, nao de rua (2,4x mais falha)"
2431;;;endereco;Mix Conceito, Rodovia Raposo Tavares, 27500, Jardim dos Ipês, Cotia - SP, 06708-000, Brasil;Rodovia Raposo Tavares 27500 Cotia SP 06708000 Brazil;Cotia;SP;06708000;-23.59989;-46.89659;-23.59989;-46.89659;Jardim dos Ipês;ALTO;"endereco de rodovia (57-67% falharam); CEP generico de cidade, nao de rua (2,4x mais falha)"
2432;;;endereco;Alameda Gabriel Monteiro da Silva, 1606, Pinheiros, São Paulo - SP, 01442-001, Brasil;Alameda Gabriel Monteiro da Silva 1606 Sao Paulo SP 01442001 Brazil;São Paulo;SP;01442001;-23.57318;-46.68272;-23.57318;-46.68272;Pinheiros;;
2433;;;endereco;Caixa Econômica Federal., Alameda Araguaia, 370, Alphaville, Barueri - SP, 06455-000, Brasil;Alameda Araguaia 370 Barueri SP 06455000 Brazil;Barueri;SP;06455000;-23.49858;-46.85794;-23.49858;-46.85794;Alphaville;MEDIO;CEP generico de cidade, nao de rua (2,4x mais falha)
2435;;;endereco;Ponte Dom Tito Buss, Jardim América, Rio do Sul - SC, 89160-000, Brasil;Ponte Dom Tito Buss Jardim America Rio do Sul SC 89160000 Brazil;Rio do Sul;SC;89160000;-27.20864;-49.63332;-27.20864;-49.63332;;ALTO;"sem numero de porta; CEP generico de cidade, nao de rua (2,4x mais falha)"
2436;;;endereco;Rua Afonso Pena, Timbó - SC, 89120-000, Brasil;Rua Afonso Pena Timbo SC 89120000 Brazil;Timbó;SC;89120000;-26.84746;-49.26806;-26.84746;-49.26806;;ALTO;"sem numero de porta; CEP generico de cidade, nao de rua (2,4x mais falha)"
2437;;;endereco;Avenida Primeiro de Maio, 961, Poço Fundo, Brusque - SC, 88353-202, Brasil;Avenida Primeiro de Maio 961 Brusque SC 88353202 Brazil;Brusque;SC;88353202;-27.12227;-48.90304;-27.12227;-48.90304;Poço Fundo;;
2438;;;endereco;Rua Gerhard Nelson Appel, 145, Centro 2, Brusque - SC, 88354-121, Brasil;Rua Gerhard Nelson Appel 145 Brusque SC 88354121 Brazil;Brusque;SC;88354121;-27.10749;-48.91668;-27.10749;-48.91668;Centro 2;;
2439;;;endereco;Rua Doutor Olímpio de Souza Pitanga, 688, Jardim Maluche, Brusque - SC, 88354-310, Brasil;Rua Doutor Olimpio de Souza Pitanga 688 Brusque SC 88354310 Brazil;Brusque;SC;88354310;-27.10515;-48.93465;-27.10515;-48.93465;Jardim Maluche;;
2440;;;endereco;Avenida Governador Irineu Bornhausen, Agronômica, Florianópolis - SC, 88015-710, Brasil;Avenida Governador Irineu Bornhausen Agronomica Florianopolis SC 88015710 Brazil;Florianópolis;SC;88015710;-27.58284;-48.54514;-27.58284;-48.54514;;ALTO;sem numero de porta
2441;;;endereco;BR-101, Araranguá - SC, 88900-000, Brasil;BR 101 Ararangua SC 88900000 Brazil;Araranguá;SC;88900000;-29.0056;-49.56484;-29.0056;-49.56484;;ALTO;"sem numero de porta; logradouro sem nome; CEP generico de cidade, nao de rua (2,4x mais falha)"
2442;;;endereco;Rua Oswaldo Loos, 287, Poço Fundo, Brusque - SC, 88353-134, Brasil;Rua Oswaldo Loos 287 Brusque SC 88353134 Brazil;Brusque;SC;88353134;-27.10687;-48.90744;-27.10687;-48.90744;Poço Fundo;;
2443;;;endereco;Rua Gustavo Zimmermann, 9969, Itoupava Alta, Blumenau - SC, 89063-185, Brasil;Rua Gustavo Zimmermann 9969 Blumenau SC 89063185 Brazil;Blumenau;SC;89063185;-26.76578;-49.07692;-26.76578;-49.07692;Itoupava Alta;;
2444;;;endereco;Rua Santa Catarina, 819, Ascurra - SC, 89138-000, Brasil;Rua Santa Catarina 819 Ascurra SC 89138000 Brazil;Ascurra;SC;89138000;-26.9462;-49.38098;-26.9462;-49.38098;;MEDIO;CEP generico de cidade, nao de rua (2,4x mais falha)
2445;;;endereco;Avenida Normando Tedesco, 153, Centro, Balneário Camboriú - SC, 88330-120, Brasil;Avenida Normando Tedesco 153 Balneario Camboriu SC 88330120 Brazil;Balneário Camboriú;SC;88330120;-27.00738;-48.61035;-27.00738;-48.61035;Centro;;
2446;;;endereco;Rua Bertolino João de Melo, Santo Amaro da Imperatriz - SC, 88140-000, Brasil;Rua Bertolino Joao de Melo Santo Amaro da Imperatriz SC 88140000 Brazil;Santo Amaro da Imperatriz;SC;88140000;-27.68063;-48.76636;-27.68063;-48.76636;;ALTO;"sem numero de porta; CEP generico de cidade, nao de rua (2,4x mais falha)"
2447;;;endereco;Rua Cherne, 464, Centro, Bombinhas - SC, 88215-000, Brasil;Rua Cherne 464 Bombinhas SC 88215000 Brazil;Bombinhas;SC;88215000;-27.1492;-48.49802;-27.1492;-48.49802;Centro;MEDIO;CEP generico de cidade, nao de rua (2,4x mais falha)
2448;;;endereco;Rua Otto Hoier, 56, São Vicente, Itajaí - SC, 88308-100, Brasil;Rua Otto Hoier 56 Itajai SC 88308100 Brazil;Itajaí;SC;88308100;-26.91055;-48.68584;-26.91055;-48.68584;São Vicente;;
2449;;;endereco;Tattoo Show Studio - Tatuagens e Piercing, Nossa Senhora da Saúde, Caxias do Sul - RS, Brasil;Tattoo Show Studio Tatuagens e Piercing Nossa Senhora da Saude Caxias do Sul RS Brazil;Caxias do Sul;RS;;-29.14292;-51.20076;-29.14292;-51.20076;;ALTO;sem numero de porta
2450;;;endereco;Avenida Monsenhor Frederico Trombock, Industrial, São Ludgero - SC, 88730-000, Brasil;Avenida Monsenhor Frederico Trombock Industrial Sao Ludgero SC 88730000 Brazil;São Ludgero;SC;88730000;-28.32039;-49.18296;-28.32039;-49.18296;;ALTO;"sem numero de porta; CEP generico de cidade, nao de rua (2,4x mais falha)"
2451;;;endereco;Avenida Emanoel Pinto, 367, Balneário Piçarras - SC, 88380-000, Brasil;Avenida Emanoel Pinto 367 Balneario Picarras SC 88380000 Brazil;Balneário Piçarras;SC;88380000;-26.76715;-48.67139;-26.76715;-48.67139;;MEDIO;CEP generico de cidade, nao de rua (2,4x mais falha)
2452;;;endereco;Corpo de Bombeiros Militar Navegantes, São Domingos, Navegantes - SC, 88370-513, Brasil;Corpo de Bombeiros Militar Navegantes Sao Domingos Navegantes SC 88370513 Brazil;Navegantes;SC;88370513;-26.88937;-48.66293;-26.88937;-48.66293;;ALTO;sem numero de porta
2453;;;endereco;Rua São Benedito, 420, Serraria, São José - SC, 88115-160, Brasil;Rua Sao Benedito 420 Sao Jose SC 88115160 Brazil;São José;SC;88115160;-27.54258;-48.62366;-27.54258;-48.62366;Serraria;;
2454;;;endereco;Rua Joaquim Nabuco, 844, Centro, Novo Hamburgo - RS, 93310-002, Brasil;Rua Joaquim Nabuco 844 Novo Hamburgo RS 93310002 Brazil;Novo Hamburgo;RS;93310002;-29.6833;-51.12905;-29.6833;-51.12905;Centro;;
2455;;;endereco;Zuanazzi e Lorenzini Advogados Associados, Centro Histórico, Porto Alegre - RS, Brasil;Zuanazzi e Lorenzini Advogados Associados Centro Historico Porto Alegre RS Brazil;Porto Alegre;RS;;-30.02478;-51.22708;-30.02478;-51.22708;;ALTO;sem numero de porta
2456;;;endereco;Parque Marinha do Brasil, Praia de Belas, Porto Alegre - RS, 90110-240, Brasil;Parque Marinha do Brasil Praia de Belas Porto Alegre RS 90110240 Brazil;Porto Alegre;RS;90110240;-30.05989;-51.23311;-30.05989;-51.23311;;ALTO;sem numero de porta
2457;;;endereco;Avenida Protásio Alves, 127, Santa Cecília, Porto Alegre - RS, 90410-000, Brasil;Avenida Protasio Alves 127 Porto Alegre RS 90410000 Brazil;Porto Alegre;RS;90410000;-30.03737;-51.207;-30.03737;-51.207;Santa Cecília;MEDIO;CEP generico de cidade, nao de rua (2,4x mais falha)
2458;;;endereco;Avenida Iguaçu, 2878, Água Verde, Curitiba - PR, 80240-031, Brasil;Avenida Iguacu 2878 Curitiba PR 80240031 Brazil;Curitiba;PR;80240031;-25.44926;-49.2887;-25.44926;-49.2887;Água Verde;;
2459;;;endereco;Rodovia Governador Mário Covas, Barra Velha - SC, 88390-000, Brasil;Rodovia Governador Mario Covas Barra Velha SC 88390000 Brazil;Barra Velha;SC;88390000;-26.63423;-48.70032;-26.63423;-48.70032;;ALTO;"endereco de rodovia (57-67% falharam); sem numero de porta; CEP generico de cidade, nao de rua (2,4x mais falha)"
2460;;;endereco;Avenida Prefeito Waldemar Grubba, 2799, Vila Lalau, Jaraguá do Sul - SC, 89256-500, Brasil;Avenida Prefeito Waldemar Grubba 2799 Jaragua do Sul SC 89256500 Brazil;Jaraguá do Sul;SC;89256500;-26.47805;-49.05479;-26.47805;-49.05479;Vila Lalau;;
2461;;;endereco;Rua Ottokar Doerffel, Anita Garibaldi, Joinville - SC, 89203-001, Brasil;Rua Ottokar Doerffel Anita Garibaldi Joinville SC 89203001 Brazil;Joinville;SC;89203001;-26.31707;-48.8655;-26.31707;-48.8655;;ALTO;sem numero de porta
2462;;;endereco;Estrada da Riviera, Ferraria, Campo Largo - PR, Brasil;Estrada da Riviera Ferraria Campo Largo PR Brazil;Campo Largo;PR;;-25.4402;-49.39214;-25.4402;-49.39214;;ALTO;"endereco de rodovia (57-67% falharam); sem numero de porta"
2463;;;endereco;Rua José Rodrigues Fortes, 526, Quatro Barras - PR, 83420-000, Brasil;Rua Jose Rodrigues Fortes 526 Quatro Barras PR 83420000 Brazil;Quatro Barras;PR;83420000;-25.37591;-49.08319;-25.37591;-49.08319;;MEDIO;CEP generico de cidade, nao de rua (2,4x mais falha)
2464;;;endereco;Rua Belo Horizonte, Pinhalzinho - SC, 89870-000, Brasil;Rua Belo Horizonte Pinhalzinho SC 89870000 Brazil;Pinhalzinho;SC;89870000;-26.84852;-52.99229;-26.84852;-52.99229;;ALTO;"sem numero de porta; CEP generico de cidade, nao de rua (2,4x mais falha)"
2465;;;endereco;Luis, Avenida Paraná, Centro, Fazenda Rio Grande - PR, 83829-010, Brasil;Avenida Parana Centro Fazenda Rio Grande PR 83829010 Brazil;Fazenda Rio Grande;PR;83829010;-25.65205;-49.31526;-25.65205;-49.31526;;ALTO;sem numero de porta
2466;;;endereco;Rua Estéphano Rudeck, 73, Castro - PR, 84172-070, Brasil;Rua Estephano Rudeck 73 Castro PR 84172070 Brazil;Castro;PR;84172070;-24.78778;-49.99451;-24.78778;-49.99451;;;
2467;;;endereco;Rua Viveiros de Castro, 386-536, Uvaranas, Ponta Grossa - PR, 84025-090, Brasil;Rua Viveiros de Castro 386 536 Uvaranas Ponta Grossa PR 84025090 Brazil;Ponta Grossa;PR;84025090;-25.09854;-50.10227;-25.09854;-50.10227;;ALTO;sem numero de porta
2468;;;endereco;Rua Doutor Dagoberto Purch, 164, Castro - PR, 84174-130, Brasil;Rua Doutor Dagoberto Purch 164 Castro PR 84174130 Brazil;Castro;PR;84174130;-24.8068;-49.9884;-24.8068;-49.9884;;;
2469;;;endereco;Rua das Indústrias, 1702, Apiaí - SP, 18320-000, Brasil;Rua das Industrias 1702 Apiai SP 18320000 Brazil;Apiaí;SP;18320000;-24.51728;-48.8512;-24.51728;-48.8512;;MEDIO;CEP generico de cidade, nao de rua (2,4x mais falha)
2470;;;endereco;Rua B, São Jorge d'Oeste - PR, 85575-000, Brasil;Rua B Sao Jorge d Oeste PR 85575000 Brazil;São Jorge d'Oeste;PR;85575000;-25.56661;-52.99764;-25.56661;-52.99764;;ALTO;"sem numero de porta; CEP generico de cidade, nao de rua (2,4x mais falha)"
2471;;;endereco;Rep Shoppings, Itaim Bibi, São Paulo - SP, Brasil;Rep Shoppings Itaim Bibi Sao Paulo SP Brazil;São Paulo;SP;;-23.59868;-46.69038;-23.59868;-46.69038;;ALTO;sem numero de porta
2472;;;endereco;Abraphe, Santana, São Paulo - SP, Brasil;Abraphe Santana Sao Paulo SP Brazil;São Paulo;SP;;-23.51232;-46.63853;-23.51232;-46.63853;;ALTO;sem numero de porta
2473;;;endereco;Avenida Riachuelo, 85, Conceição, Diadema - SP, 09912-190, Brasil;Avenida Riachuelo 85 Diadema SP 09912190 Brazil;Diadema;SP;09912190;-23.68978;-46.60644;-23.68978;-46.60644;Conceição;;
2474;;;endereco;Avenida Alfredo Egídio de Souza Aranha, 100, Santo Amaro, São Paulo - SP, 04726-170, Brasil;Avenida Alfredo Egidio de Souza Aranha 100 Sao Paulo SP 04726170 Brazil;São Paulo;SP;04726170;-23.6328;-46.71215;-23.6328;-46.71215;Santo Amaro;;
2475;;;endereco;Tmg Capital, Rua Joaquim Floriano, 72, Itaim Bibi, São Paulo - SP, 04534-000, Brasil;Rua Joaquim Floriano 72 Sao Paulo SP 04534000 Brazil;São Paulo;SP;04534000;-23.58339;-46.671;-23.58339;-46.671;Itaim Bibi;MEDIO;CEP generico de cidade, nao de rua (2,4x mais falha)
2476;;;endereco;Kraft Foods Brasil, Rua Surubim, 373, Itaim Bibi, São Paulo - SP, 04571-050, Brasil;Rua Surubim 373 Sao Paulo SP 04571050 Brazil;São Paulo;SP;04571050;-23.60154;-46.69262;-23.60154;-46.69262;Itaim Bibi;;
2477;;;endereco;Rua Verbo Divino, 1661, Santo Amaro, São Paulo - SP, 04719-002, Brasil;Rua Verbo Divino 1661 Sao Paulo SP 04719002 Brazil;São Paulo;SP;04719002;-23.63116;-46.71126;-23.63116;-46.71126;Santo Amaro;;
2478;;;endereco;Avenida Presidente Wilson, 84, Cambuci, São Paulo - SP, 03107-000, Brasil;Avenida Presidente Wilson 84 Sao Paulo SP 03107000 Brazil;São Paulo;SP;03107000;-23.55671;-46.61066;-23.55671;-46.61066;Cambuci;MEDIO;CEP generico de cidade, nao de rua (2,4x mais falha)
2479;;;endereco;Alameda Santos, 65, Vila Mariana, São Paulo - SP, 01419-000, Brasil;Alameda Santos 65 Sao Paulo SP 01419000 Brazil;São Paulo;SP;01419000;-23.57182;-46.64587;-23.57182;-46.64587;Vila Mariana;MEDIO;CEP generico de cidade, nao de rua (2,4x mais falha)
2480;;;endereco;Sala Quito, Santo Amaro, São Paulo - SP, 04795-100, Brasil;Sala Quito Santo Amaro Sao Paulo SP 04795100 Brazil;São Paulo;SP;04795100;-23.65088;-46.72277;-23.65088;-46.72277;;ALTO;sem numero de porta
2481;;;endereco;Projeto Viol, Itaim Bibi, São Paulo - SP, 04543-011, Brasil;Projeto Viol Itaim Bibi Sao Paulo SP 04543011 Brazil;São Paulo;SP;04543011;-23.59183;-46.68766;-23.59183;-46.68766;;ALTO;sem numero de porta
2482;;;endereco;Rua Amauri, 255, Itaim Bibi, São Paulo - SP, 01448-000, Brasil;Rua Amauri 255 Sao Paulo SP 01448000 Brazil;São Paulo;SP;01448000;-23.58102;-46.68276;-23.58102;-46.68276;Itaim Bibi;MEDIO;CEP generico de cidade, nao de rua (2,4x mais falha)
2483;;;endereco;Avenida Jacinto Júlio, Cidade Dutra, São Paulo - SP, 04815-160, Brasil;Avenida Jacinto Julio Cidade Dutra Sao Paulo SP 04815160 Brazil;São Paulo;SP;04815160;-23.70323;-46.69224;-23.70323;-46.69224;;ALTO;sem numero de porta
2484;;;endereco;Rua James Joule, 65, Itaim Bibi, São Paulo - SP, 04576-080, Brasil;Rua James Joule 65 Sao Paulo SP 04576080 Brazil;São Paulo;SP;04576080;-23.611;-46.69595;-23.611;-46.69595;Itaim Bibi;;
2485;;;endereco;Baía do Rods, Rua Engenheiro Francisco Pitta Brito, Santo Amaro, São Paulo - SP, 04753-080, Brasil;Rua Engenheiro Francisco Pitta Brito Santo Amaro Sao Paulo SP 04753080 Brazil;São Paulo;SP;04753080;-23.65407;-46.71643;-23.65407;-46.71643;;ALTO;sem numero de porta
2486;;;endereco;Restaurante Morte Lenta, Rua Ramon Penharrubia, Vila Mariana, São Paulo - SP, 01323-140, Brasil;Rua Ramon Penharrubia Vila Mariana Sao Paulo SP 01323140 Brazil;São Paulo;SP;01323140;-23.57373;-46.64162;-23.57373;-46.64162;;ALTO;sem numero de porta
2487;;;endereco;Alameda Santos, 1940, Jardim Paulista, São Paulo - SP, 01418-102, Brasil;Alameda Santos 1940 Sao Paulo SP 01418102 Brazil;São Paulo;SP;01418102;-23.56048;-46.65939;-23.56048;-46.65939;Jardim Paulista;;
2488;;;endereco;Rua Doutor Veiga Filho, 778, Consolação, São Paulo - SP, 01229-000, Brasil;Rua Doutor Veiga Filho 778 Sao Paulo SP 01229000 Brazil;São Paulo;SP;01229000;-23.53798;-46.66235;-23.53798;-46.66235;Consolação;MEDIO;CEP generico de cidade, nao de rua (2,4x mais falha)
2489;;;endereco;Thinksuccess 7th Edition, Itaim Bibi, São Paulo - SP, 04707-000, Brasil;Thinksuccess 7th Edition Itaim Bibi Sao Paulo SP 04707000 Brazil;São Paulo;SP;04707000;-23.6203;-46.69914;-23.6203;-46.69914;;ALTO;"sem numero de porta; CEP generico de cidade, nao de rua (2,4x mais falha)"
2490;;;endereco;Rua Francisco Taranto, 18, Sacomã, São Paulo - SP, 04187-220, Brasil;Rua Francisco Taranto 18 Sao Paulo SP 04187220 Brazil;São Paulo;SP;04187220;-23.64686;-46.59471;-23.64686;-46.59471;Sacomã;;
2491;;;endereco;MultiPark Internacional Plaza JK II, Avenida Presidente Juscelino Kubitschek, 3900, Itaim Bibi, São Paulo - SP, 04543-011, Brasil;Avenida Presidente Juscelino Kubitschek 3900 Sao Paulo SP 04543011 Brazil;São Paulo;SP;04543011;-23.59114;-46.68227;-23.59114;-46.68227;Itaim Bibi;;
2492;;;endereco;Rua Jundiaí, 149, Moema, São Paulo - SP, 04001-140, Brasil;Rua Jundiai 149 Sao Paulo SP 04001140 Brazil;São Paulo;SP;04001140;-23.57622;-46.65776;-23.57622;-46.65776;Moema;;
2493;;;endereco;Praça da República, 295, República, São Paulo - SP, 01045-001, Brasil;Praca da Republica 295 Sao Paulo SP 01045001 Brazil;São Paulo;SP;01045001;-23.54374;-46.64445;-23.54374;-46.64445;República;;
2494;;;endereco;Rua Santos Dumont, 317, Jataizinho - PR, 86210-000, Brasil;Rua Santos Dumont 317 Jataizinho PR 86210000 Brazil;Jataizinho;PR;86210000;-23.26037;-50.97568;-23.26037;-50.97568;;MEDIO;CEP generico de cidade, nao de rua (2,4x mais falha)
2495;;;endereco;Rua Antônio Moreno Eggea, 109, Jataizinho - PR, 86210-000, Brasil;Rua Antonio Moreno Eggea 109 Jataizinho PR 86210000 Brazil;Jataizinho;PR;86210000;-23.26065;-50.97507;-23.26065;-50.97507;;MEDIO;CEP generico de cidade, nao de rua (2,4x mais falha)
2496;;;endereco;Rua Ezau Silveira, 438, Alvorada do Sul - PR, 86150-000, Brasil;Rua Ezau Silveira 438 Alvorada do Sul PR 86150000 Brazil;Alvorada do Sul;PR;86150000;-22.78166;-51.22899;-22.78166;-51.22899;;MEDIO;CEP generico de cidade, nao de rua (2,4x mais falha)
2497;;;endereco;Rua Antônio Schemberger, 662, Estrela, Ponta Grossa - PR, 84063-220, Brasil;Rua Antonio Schemberger 662 Ponta Grossa PR 84063220 Brazil;Ponta Grossa;PR;84063220;-25.11503;-50.17193;-25.11503;-50.17193;Estrela;;
2498;;;endereco;RBS the Royal Bank of Scotland, Itaim Bibi, São Paulo - SP, 01451-011, Brasil;RBS the Royal Bank of Scotland Itaim Bibi Sao Paulo SP 01451011 Brazil;São Paulo;SP;01451011;-23.58511;-46.68232;-23.58511;-46.68232;;ALTO;sem numero de porta
2499;;;endereco;Rua Maestro Cardim, 407, Bela Vista, São Paulo - SP, 01323-000, Brasil;Rua Maestro Cardim 407 Sao Paulo SP 01323000 Brazil;São Paulo;SP;01323000;-23.56451;-46.64122;-23.56451;-46.64122;Bela Vista;MEDIO;CEP generico de cidade, nao de rua (2,4x mais falha)
2500;;;endereco;Ibravin, Rua Alameda Fenavinho, 29, Fenavinho, Bento Gonçalves - RS, 95700-000, Brasil;Rua Alameda Fenavinho 29 Bento Goncalves RS 95700000 Brazil;Bento Gonçalves;RS;95700000;-29.16724;-51.49228;-29.16724;-51.49228;Fenavinho;MEDIO;CEP generico de cidade, nao de rua (2,4x mais falha)
2501;;;endereco;Avenida Independência, Novo Esteio, Esteio - RS, 93270-010, Brasil;Avenida Independencia Novo Esteio Esteio RS 93270010 Brazil;Esteio;RS;93270010;-29.85381;-51.18041;-29.85381;-51.18041;;ALTO;sem numero de porta
2502;;;endereco;Avenida Independência, 64, Centro Histórico, Porto Alegre - RS, 90035-070, Brasil;Avenida Independencia 64 Porto Alegre RS 90035070 Brazil;Porto Alegre;RS;90035070;-30.02949;-51.22095;-30.02949;-51.22095;Centro Histórico;;
2503;;;endereco;Estrada São José, Encantado - RS, 95960-000, Brasil;Estrada Sao Jose Encantado RS 95960000 Brazil;Encantado;RS;95960000;-29.23769;-51.89958;-29.23769;-51.89958;;ALTO;"endereco de rodovia (57-67% falharam); sem numero de porta; CEP generico de cidade, nao de rua (2,4x mais falha)"
2504;;;endereco;Attilio TineliGaragem de Estacionamento, Rua Quintana, Itaim Bibi, São Paulo - SP, 04569-011, Brasil;Rua Quintana Itaim Bibi Sao Paulo SP 04569011 Brazil;São Paulo;SP;04569011;-23.60235;-46.69355;-23.60235;-46.69355;;ALTO;sem numero de porta
2505;;;endereco;Estrada Jangadinha, Porto União - SC, 89400-000, Brasil;Estrada Jangadinha Porto Uniao SC 89400000 Brazil;Porto União;SC;89400000;-26.37231;-51.25398;-26.37231;-51.25398;;ALTO;"endereco de rodovia (57-67% falharam); sem numero de porta; CEP generico de cidade, nao de rua (2,4x mais falha)"
2506;;;endereco;Hípica Centaurus, Tatuí - SP, Brasil;Hipica Centaurus Tatui SP Brazil;Tatuí;SP;;-23.35621;-47.82397;-23.35621;-47.82397;;ALTO;sem numero de porta
2507;;;endereco;Rua Eli Alves, 80, Subsetor Leste-3, Ribeirão Preto - SP, 14096-130, Brasil;Rua Eli Alves 80 Ribeirao Preto SP 14096130 Brazil;Ribeirão Preto;SP;14096130;-21.20454;-47.78774;-21.20454;-47.78774;Subsetor Leste-3;;
2508;;;endereco;Avenida Cezira Giovanoni Moretti, Santa Rosa, Piracicaba - SP, 13414-157, Brasil;Avenida Cezira Giovanoni Moretti Santa Rosa Piracicaba SP 13414157 Brazil;Piracicaba;SP;13414157;-22.69542;-47.61862;-22.69542;-47.61862;;ALTO;sem numero de porta
2509;;;endereco;Via Anhanguera, Bairro Pires, Limeira - SP, 13486-199, Brasil;Via Anhanguera Bairro Pires Limeira SP 13486199 Brazil;Limeira;SP;13486199;-22.55274;-47.37147;-22.55274;-47.37147;;ALTO;"endereco de rodovia (57-67% falharam); sem numero de porta"
2510;;;endereco;Avenida Ireno da Silva Venâncio, Votorantim - SP, 18111-100, Brasil;Avenida Ireno da Silva Venancio Votorantim SP 18111100 Brazil;Votorantim;SP;18111100;-23.53638;-47.44969;-23.53638;-47.44969;;ALTO;sem numero de porta
2511;;;endereco;Avenida Comendador Thomaz Fortunato, 3435, Chácara Letônia, Americana - SP, 13475-010, Brasil;Avenida Comendador Thomaz Fortunato 3435 Americana SP 13475010 Brazil;Americana;SP;13475010;-22.73259;-47.28596;-22.73259;-47.28596;Chácara Letônia;;
2512;;;endereco;Alameda Carla, Condomínio Terras de São José, Itu - SP, 13306-424, Brasil;Alameda Carla Condominio Terras de Sao Jose Itu SP 13306424 Brazil;Itu;SP;13306424;-23.29941;-47.29538;-23.29941;-47.29538;;ALTO;sem numero de porta
2513;;;endereco;Estrada Itu-157, 1522, Itu - SP, Brasil;Estrada Itu 157 1522 Itu SP Brazil;Itu;SP;;-23.31872;-47.32217;-23.31872;-47.32217;;ALTO;endereco de rodovia (57-67% falharam)
2514;;;endereco;Parque Brasil 500, Parque Brasil 500, Paulínia - SP, 13140-000, Brasil;Parque Brasil 500 Paulinia SP 13140000 Brazil;Paulínia;SP;13140000;-22.78492;-47.1586;-22.78492;-47.1586;Parque Brasil 500;MEDIO;CEP generico de cidade, nao de rua (2,4x mais falha)
2515;;;endereco;Rua Francisco V. Blanco, 45, Olímpia - SP, 15400-000, Brasil;Rua Francisco V Blanco 45 Olimpia SP 15400000 Brazil;Olímpia;SP;15400000;-20.72483;-48.91578;-20.72483;-48.91578;;MEDIO;CEP generico de cidade, nao de rua (2,4x mais falha)
2516;;;endereco;Rua José Grande, 163, Vila Bressan, Araras - SP, 13600-529, Brasil;Rua Jose Grande 163 Araras SP 13600529 Brazil;Araras;SP;13600529;-22.35529;-47.37384;-22.35529;-47.37384;Vila Bressan;;
2517;;;endereco;Ponte Dom Tito Buss, Jardim América, Rio do Sul - SC, 89160-000, Brasil;Ponte Dom Tito Buss Jardim America Rio do Sul SC 89160000 Brazil;Rio do Sul;SC;89160000;-27.20873;-49.63332;-27.20873;-49.63332;;ALTO;"sem numero de porta; CEP generico de cidade, nao de rua (2,4x mais falha)"
2518;;;endereco;Avenida Coronel Pacífico Pinto, 840, Nova Serrana - MG, 35523-210, Brasil;Avenida Coronel Pacifico Pinto 840 Nova Serrana MG 35523210 Brazil;Nova Serrana;MG;35523210;-19.87457;-45.00372;-19.87457;-45.00372;;;
2519;;;endereco;Alameda Ezequiel Dias, 365, Santa Efigênia, Belo Horizonte - MG, 30130-110, Brasil;Alameda Ezequiel Dias 365 Belo Horizonte MG 30130110 Brazil;Belo Horizonte;MG;30130110;-19.92556;-43.93162;-19.92556;-43.93162;Santa Efigênia;;
2521;;;endereco;Rua Walter Rodrigues da Silva, 547, Tiradentes - MG, 36325-000, Brasil;Rua Walter Rodrigues da Silva 547 Tiradentes MG 36325000 Brazil;Tiradentes;MG;36325000;-21.12757;-44.16971;-21.12757;-44.16971;;MEDIO;CEP generico de cidade, nao de rua (2,4x mais falha)
2522;;;endereco;Magrí, Mangabeiras, Belo Horizonte - MG, 30210-110, Brasil;Magri Mangabeiras Belo Horizonte MG 30210110 Brazil;Belo Horizonte;MG;30210110;-19.95499;-43.91277;-19.95499;-43.91277;;ALTO;sem numero de porta
2523;;;endereco;Autódromo Velo Cittá, Mogi Guaçu - SP, Brasil;Autodromo Velo Citta Mogi Guacu SP Brazil;Mogi Guaçu;SP;;-22.28592;-46.85155;-22.28592;-46.85155;;ALTO;sem numero de porta
2524;;;endereco;Rua José Monti Sobrinho, Pedralva - MG, 37520-000, Brasil;Rua Jose Monti Sobrinho Pedralva MG 37520000 Brazil;Pedralva;MG;37520000;-22.23509;-45.47373;-22.23509;-45.47373;;ALTO;"sem numero de porta; CEP generico de cidade, nao de rua (2,4x mais falha)"
2525;;;endereco;Centro de Treinamento do Oitavo Batalhão de Bombeiros Militar de Minas Gerais, Uberaba - MG, 38064-300, Brasil;Centro de Treinamento do Oitavo Batalhao de Bombeiros Militar de Minas Gerais Uberaba MG 38064300 Brazil;Uberaba;MG;38064300;-19.70475;-47.9716;-19.70475;-47.9716;;ALTO;sem numero de porta
2526;;;endereco;Avenida Doutor Irineu Gonçalves da Silva, 1200, Campos do Jordão - SP, 12460-000, Brasil;Avenida Doutor Irineu Goncalves da Silva 1200 Campos do Jordao SP 12460000 Brazil;Campos do Jordão;SP;12460000;-22.7175;-45.57817;-22.7175;-45.57817;;MEDIO;CEP generico de cidade, nao de rua (2,4x mais falha)
2527;;;endereco;Sequoia Wellness Pousada do Quilombo, São Bento do Sapucaí - SP, 12490-000, Brasil;Sequoia Wellness Pousada do Quilombo Sao Bento do Sapucai SP 12490000 Brazil;São Bento do Sapucaí;SP;12490000;-22.67998;-45.72899;-22.67998;-45.72899;;ALTO;"sem numero de porta; CEP generico de cidade, nao de rua (2,4x mais falha)"
2528;;;endereco;Red Eventos, Jaguariúna - SP, 13820-000, Brasil;Red Eventos Jaguariuna SP 13820000 Brazil;Jaguariúna;SP;13820000;-22.70731;-47.01267;-22.70731;-47.01267;;ALTO;"sem numero de porta; CEP generico de cidade, nao de rua (2,4x mais falha)"
2529;;;endereco;Via Unimed, Jardim Belvedere, Volta Redonda - RJ, Brasil;Via Unimed Jardim Belvedere Volta Redonda RJ Brazil;Volta Redonda;RJ;;-22.53442;-44.07656;-22.53442;-44.07656;;ALTO;"endereco de rodovia (57-67% falharam); sem numero de porta"
2530;;;endereco;Rua Nilton Coelho de Andrade, 891, Vila Maria, São Paulo - SP, 02167-010, Brasil;Rua Nilton Coelho de Andrade 891 Sao Paulo SP 02167010 Brazil;São Paulo;SP;02167010;-23.51733;-46.57919;-23.51733;-46.57919;Vila Maria;;
2531;;;endereco;Rua Maestro Cardim, 642, Bela Vista, São Paulo - SP, 01323-001, Brasil;Rua Maestro Cardim 642 Sao Paulo SP 01323001 Brazil;São Paulo;SP;01323001;-23.5665;-46.64208;-23.5665;-46.64208;Bela Vista;;
2532;;;endereco;Harman, Rua Cincinato Braga, 340, Bela Vista, São Paulo - SP, 01333-020, Brasil;Rua Cincinato Braga 340 Sao Paulo SP 01333020 Brazil;São Paulo;SP;01333020;-23.56803;-46.64589;-23.56803;-46.64589;Bela Vista;;
2533;;;endereco;Grupo Ambipar Nova Odessa, Nova Odessa - SP, 13460-000, Brasil;Grupo Ambipar Nova Odessa Nova Odessa SP 13460000 Brazil;Nova Odessa;SP;13460000;-22.75965;-47.25417;-22.75965;-47.25417;;ALTO;"sem numero de porta; CEP generico de cidade, nao de rua (2,4x mais falha)"
2534;;;endereco;Praça Vicente Rodrigues, 90, Butantã, São Paulo - SP, 05510-050, Brasil;Praca Vicente Rodrigues 90 Sao Paulo SP 05510050 Brazil;São Paulo;SP;05510050;-23.56797;-46.7082;-23.56797;-46.7082;Butantã;;
2535;;;endereco;Avenida Brigadeiro Luís Antônio, 5013, Moema, São Paulo - SP, 01402-002, Brasil;Avenida Brigadeiro Luis Antonio 5013 Sao Paulo SP 01402002 Brazil;São Paulo;SP;01402002;-23.5838;-46.6693;-23.5838;-46.6693;Moema;;
2537;;;endereco;Área 38 Oficina de Tb's, Congonhas - MG, 36415-000, Brasil;Area 38 Oficina de Tb s Congonhas MG 36415000 Brazil;Congonhas;MG;36415000;-20.48304;-43.91159;-20.48304;-43.91159;;ALTO;"sem numero de porta; CEP generico de cidade, nao de rua (2,4x mais falha)"
2539;;;endereco;Escritório Central - Mina de Brucutu - Vale, São Gonçalo do Rio Abaixo - MG, 35935-000, Brasil;Escritorio Central Mina de Brucutu Vale Sao Goncalo do Rio Abaixo MG 35935000 Brazil;São Gonçalo do Rio Abaixo;MG;35935000;-19.86924;-43.39468;-19.86924;-43.39468;;ALTO;"sem numero de porta; CEP generico de cidade, nao de rua (2,4x mais falha)"
2540;;;endereco;Rua Gaivota, 655, Canaã, Ipatinga - MG, 35162-499, Brasil;Rua Gaivota 655 Ipatinga MG 35162499 Brazil;Ipatinga;MG;35162499;-19.45077;-42.55854;-19.45077;-42.55854;Canaã;;
2541;;;endereco;Rua Barão Miracema, 402, Parque Avenida Pelinca, Campos dos Goytacazes - RJ, 28030-460, Brasil;Rua Barao Miracema 402 Campos dos Goytacazes RJ 28030460 Brazil;Campos dos Goytacazes;RJ;28030460;-21.76217;-41.33046;-21.76217;-41.33046;Parque Avenida Pelinca;;
2542;;;endereco;62, Itaipava, Petrópolis - RJ, Brasil;62 Itaipava Petropolis RJ Brazil;Petrópolis;RJ;;-22.41068;-43.14919;-22.41068;-43.14919;;ALTO;sem numero de porta
2543;;;endereco;Rua Francisco de Castro Nunes, 127, Nova Friburgo - RJ, 28625-607, Brasil;Rua Francisco de Castro Nunes 127 Nova Friburgo RJ 28625607 Brazil;Nova Friburgo;RJ;28625607;-22.28634;-42.53729;-22.28634;-42.53729;;;
2544;;;endereco;Heliponto da Lagoa Rodrigo de Freitas SDRJ, Lagoa, Rio de Janeiro - RJ, 22470-002, Brasil;Heliponto da Lagoa Rodrigo de Freitas SDRJ Lagoa Rio de Janeiro RJ 22470002 Brazil;Rio de Janeiro;RJ;22470002;-22.9708;-43.21651;-22.9708;-43.21651;;ALTO;sem numero de porta
2545;;;endereco;Rua Salvador Corrêa, 97, Parque Conselheiro Tomaz Coelho, Campos dos Goytacazes - RJ, 28035-310, Brasil;Rua Salvador Correa 97 Campos dos Goytacazes RJ 28035310 Brazil;Campos dos Goytacazes;RJ;28035310;-21.75599;-41.32867;-21.75599;-41.32867;Parque Conselheiro Tomaz Coelho;;
2546;;;endereco;Rua Barão Miracema, 402, Parque Avenida Pelinca, Campos dos Goytacazes - RJ, 28030-460, Brasil;Rua Barao Miracema 402 Campos dos Goytacazes RJ 28030460 Brazil;Campos dos Goytacazes;RJ;28030460;-21.76217;-41.33046;-21.76217;-41.33046;Parque Avenida Pelinca;;
2547;;;endereco;Estrada da Restinga, 366, Atafona, São João da Barra - RJ, 28200-000, Brasil;Estrada da Restinga 366 Sao Joao da Barra RJ 28200000 Brazil;São João da Barra;RJ;28200000;-21.64795;-41.02223;-21.64795;-41.02223;Atafona;ALTO;"endereco de rodovia (57-67% falharam); CEP generico de cidade, nao de rua (2,4x mais falha)"
2549;;;endereco;Rua Renato Tinoco Farias, 26, São Jorge, Campos dos Goytacazes - RJ, 28080-730, Brasil;Rua Renato Tinoco Farias 26 Campos dos Goytacazes RJ 28080730 Brazil;Campos dos Goytacazes;RJ;28080730;-21.75019;-41.30241;-21.75019;-41.30241;São Jorge;;
2550;;;endereco;Parque da Lagoa 2, Lagoa, Rio de Janeiro - RJ, 22470-002, Brasil;Parque da Lagoa 2 Rio de Janeiro RJ 22470002 Brazil;Rio de Janeiro;RJ;22470002;-22.97125;-43.21674;-22.97125;-43.21674;Lagoa;;
2551;;;endereco;Avenida Brasil, 500, Caju, Rio de Janeiro - RJ, 20940-070, Brasil;Avenida Brasil 500 Rio de Janeiro RJ 20940070 Brazil;Rio de Janeiro;RJ;20940070;-22.89413;-43.21495;-22.89413;-43.21495;Caju;;
2552;;;endereco;Avenida Almirante Barroso, 81, Centro, Rio de Janeiro - RJ, 20031-004, Brasil;Avenida Almirante Barroso 81 Rio de Janeiro RJ 20031004 Brazil;Rio de Janeiro;RJ;20031004;-22.90739;-43.1752;-22.90739;-43.1752;Centro;;
2553;;;endereco;Morro do Presépio, Aparecida - SP, 12570-000, Brasil;Morro do Presepio Aparecida SP 12570000 Brazil;Aparecida;SP;12570000;-22.8533;-45.23698;-22.8533;-45.23698;;ALTO;"sem numero de porta; CEP generico de cidade, nao de rua (2,4x mais falha)"
2555;;;endereco;Rua Francisco Alves, 263, Timóteo - MG, 35180-072, Brasil;Rua Francisco Alves 263 Timoteo MG 35180072 Brazil;Timóteo;MG;35180072;-19.54295;-42.63831;-19.54295;-42.63831;;;
2556;;;endereco;Rua Santa Luzia, 145, Santo Antônio do Leite, Ouro Preto - MG, 35413-000, Brasil;Rua Santa Luzia 145 Ouro Preto MG 35413000 Brazil;Ouro Preto;MG;35413000;-20.37031;-43.70637;-20.37031;-43.70637;Santo Antônio do Leite;MEDIO;CEP generico de cidade, nao de rua (2,4x mais falha)
2557;;;endereco;MOV Mobilidade, Avenida das Árvores, 290, Lagoa Santa - MG, 33400-000, Brasil;Avenida das Arvores 290 Lagoa Santa MG 33400000 Brazil;Lagoa Santa;MG;33400000;-19.65522;-43.91407;-19.65522;-43.91407;;MEDIO;CEP generico de cidade, nao de rua (2,4x mais falha)
2558;;;endereco;Avenida Governador Israel Pinheiro da Silva, 3989, Rio Acima - MG, 34300-000, Brasil;Avenida Governador Israel Pinheiro da Silva 3989 Rio Acima MG 34300000 Brazil;Rio Acima;MG;34300000;-20.1209;-43.76952;-20.1209;-43.76952;;MEDIO;CEP generico de cidade, nao de rua (2,4x mais falha)
2559;;;endereco;Mercado Distrital da Barroca, Rua Gonçalves Dias, Barro Preto, Belo Horizonte - MG, 30140-093, Brasil;Rua Goncalves Dias Barro Preto Belo Horizonte MG 30140093 Brazil;Belo Horizonte;MG;30140093;-19.92688;-43.95772;-19.92688;-43.95772;;ALTO;sem numero de porta
2560;;;endereco;Rua dos Moreiras, Jardim Vitória, Belo Horizonte - MG, 31998-257, Brasil;Rua dos Moreiras Jardim Vitoria Belo Horizonte MG 31998257 Brazil;Belo Horizonte;MG;31998257;-19.84216;-43.87168;-19.84216;-43.87168;;ALTO;sem numero de porta
2561;;;endereco;Avenida do Contorno da Fiat, Dist. Industrial Paulo Camilo Sul, Betim - MG, 32530-490, Brasil;Avenida do Contorno da Fiat Dist Industrial Paulo Camilo Sul Betim MG 32530490 Brazil;Betim;MG;32530490;-19.97075;-44.10665;-19.97075;-44.10665;;ALTO;sem numero de porta
2562;;;endereco;Rua Professor Eduardo Monteiro, Morumbi, São Paulo - SP, 05614-120, Brasil;Rua Professor Eduardo Monteiro Morumbi Sao Paulo SP 05614120 Brazil;São Paulo;SP;05614120;-23.59532;-46.7108;-23.59532;-46.7108;;ALTO;sem numero de porta
2563;;;endereco;Rodovia Coronel PM Nelson Tranchesi Km. 345, Rodovia Coronel Pm. Nelson Tranchesi, Itapevi - SP, Brasil;Rodovia Coronel PM Nelson Tranchesi Rodovia Coronel Pm Nelson Tranchesi Itapevi SP Brazil;Itapevi;SP;;-23.52976;-46.93586;-23.52976;-46.93586;;ALTO;"endereco de rodovia (57-67% falharam); sem numero de porta"
2564;;;endereco;Rua Damasco, 117, Capão Redondo, São Paulo - SP, 05870-110, Brasil;Rua Damasco 117 Sao Paulo SP 05870110 Brazil;São Paulo;SP;05870110;-23.67867;-46.77238;-23.67867;-46.77238;Capão Redondo;;
2565;;;endereco;Edifício Plaza Centenário, Avenida das Nações Unidas, 12999, Itaim Bibi, São Paulo - SP, 04578-000, Brasil;Avenida das Nacoes Unidas 12999 Sao Paulo SP 04578000 Brazil;São Paulo;SP;04578000;-23.60562;-46.69612;-23.60562;-46.69612;Itaim Bibi;MEDIO;CEP generico de cidade, nao de rua (2,4x mais falha)
2566;;;endereco;Okane Partners, Rua Fidêncio Ramos, 195, Brasil;Rua Fidencio Ramos 195 Brazil;195;;;-23.59475;-46.68491;-23.59475;-46.68491;;ALTO;sem numero de porta
2567;;;endereco;Avenida Engenheiro Luís Carlos Berrini, Itaim Bibi, São Paulo - SP, 04571-000, Brasil;Avenida Engenheiro Luis Carlos Berrini Itaim Bibi Sao Paulo SP 04571000 Brazil;São Paulo;SP;04571000;-23.60844;-46.69419;-23.60844;-46.69419;;ALTO;"sem numero de porta; CEP generico de cidade, nao de rua (2,4x mais falha)"
2568;;;endereco;Rua Dois, Cidade de Deus, Osasco - SP, Brasil;Rua Dois Cidade de Deus Osasco SP Brazil;Osasco;SP;;-23.54867;-46.76882;-23.54867;-46.76882;;ALTO;sem numero de porta
2569;;;endereco;Morumbi Serviços Médicos, Avenida Engenheiro Oscar Americano, 840, Morumbi, São Paulo - SP, 05673-050, Brasil;Avenida Engenheiro Oscar Americano 840 Sao Paulo SP 05673050 Brazil;São Paulo;SP;05673050;-23.59104;-46.70346;-23.59104;-46.70346;Morumbi;;
2570;;;endereco;Avenida Eusébio Matoso, 1375, Morumbi, São Paulo - SP, 05423-180, Brasil;Avenida Eusebio Matoso 1375 Sao Paulo SP 05423180 Brazil;São Paulo;SP;05423180;-23.5727;-46.70373;-23.5727;-46.70373;Morumbi;;
2571;;;endereco;Vinci Hair Clinic Alphaville, Avenida Copacabana, 112, Alphaville, Barueri - SP, 06473-073, Brasil;Avenida Copacabana 112 Barueri SP 06473073 Brazil;Barueri;SP;06473073;-23.48502;-46.8569;-23.48502;-46.8569;Alphaville;;
2572;;;endereco;Rua Direita, 256, Sé, São Paulo - SP, 01002-001, Brasil;Rua Direita 256 Sao Paulo SP 01002001 Brazil;São Paulo;SP;01002001;-23.5479;-46.63601;-23.5479;-46.63601;Sé;;
2573;;;endereco;Alameda Itu, 852, Jardim Paulista, São Paulo - SP, 01421-000, Brasil;Alameda Itu 852 Sao Paulo SP 01421000 Brazil;São Paulo;SP;01421000;-23.56224;-46.6611;-23.56224;-46.6611;Jardim Paulista;MEDIO;CEP generico de cidade, nao de rua (2,4x mais falha)
2574;;;endereco;Rua Oscar Freire, 390, Jardim Paulista, São Paulo - SP, 01426-000, Brasil;Rua Oscar Freire 390 Sao Paulo SP 01426000 Brazil;São Paulo;SP;01426000;-23.56612;-46.66536;-23.56612;-46.66536;Jardim Paulista;MEDIO;CEP generico de cidade, nao de rua (2,4x mais falha)
2575;;;endereco;Rua Cincinato Braga, 213, Bela Vista, São Paulo - SP, 01333-010, Brasil;Rua Cincinato Braga 213 Sao Paulo SP 01333010 Brazil;São Paulo;SP;01333010;-23.56905;-46.64542;-23.56905;-46.64542;Bela Vista;;
2576;;;endereco;Clínica Paulista Terapêutica Cárdio-Vascular, Bela Vista, São Paulo - SP, 01323-050, Brasil;Clinica Paulista Terapeutica Cardio Vascular Bela Vista Sao Paulo SP 01323050 Brazil;São Paulo;SP;01323050;-23.56698;-46.64165;-23.56698;-46.64165;;ALTO;sem numero de porta
2577;;;endereco;1 Batalhão de Polícia Militar, Rua Frei Caneca, Centro, Rio de Janeiro - RJ, 20211-005, Brasil;1 Batalhao de Policia Militar Rua Frei Caneca Centro Rio de Janeiro RJ 20211005 Brazil;Rio de Janeiro;RJ;20211005;-22.91092;-43.19558;-22.91092;-43.19558;;ALTO;sem numero de porta
2578;;;endereco;Cushman and Wakefield, Avenida Pasteur, 501, Botafogo, Rio de Janeiro - RJ, 22290-240, Brasil;Avenida Pasteur 501 Rio de Janeiro RJ 22290240 Brazil;Rio de Janeiro;RJ;22290240;-22.95065;-43.1806;-22.95065;-43.1806;Botafogo;;
2579;;;endereco;Rua I, Brava, Armação dos Búzios - RJ, 28950-000, Brasil;Rua I Brava Armacao dos Buzios RJ 28950000 Brazil;Armação dos Búzios;RJ;28950000;-22.74888;-41.87555;-22.74888;-41.87555;;ALTO;"sem numero de porta; CEP generico de cidade, nao de rua (2,4x mais falha)"
2580;;;endereco;Travessa Borges, 58, Todos os Santos, Rio de Janeiro - RJ, 20735-140, Brasil;Travessa Borges 58 Rio de Janeiro RJ 20735140 Brazil;Rio de Janeiro;RJ;20735140;-22.8992;-43.28133;-22.8992;-43.28133;Todos os Santos;;
2581;;;endereco;Rua Sete de Setembro, 19, Centro, Rio de Janeiro - RJ, 20050-009, Brasil;Rua Sete de Setembro 19 Rio de Janeiro RJ 20050009 Brazil;Rio de Janeiro;RJ;20050009;-22.90375;-43.17539;-22.90375;-43.17539;Centro;;
2582;;;endereco;Rua Paulo César de Andrade, 407, Laranjeiras, Rio de Janeiro - RJ, 22221-090, Brasil;Rua Paulo Cesar de Andrade 407 Rio de Janeiro RJ 22221090 Brazil;Rio de Janeiro;RJ;22221090;-22.93045;-43.18454;-22.93045;-43.18454;Laranjeiras;;
2583;;;endereco;Avenida Almirante Barroso, 81, Centro, Rio de Janeiro - RJ, 20031-004, Brasil;Avenida Almirante Barroso 81 Rio de Janeiro RJ 20031004 Brazil;Rio de Janeiro;RJ;20031004;-22.90739;-43.1752;-22.90739;-43.1752;Centro;;
2584;;;endereco;Cia Athletica (le Parc), Barra da Tijuca, Rio de Janeiro - RJ, 22640-102, Brasil;Cia Athletica le Parc Barra da Tijuca Rio de Janeiro RJ 22640102 Brazil;Rio de Janeiro;RJ;22640102;-22.99744;-43.34768;-22.99744;-43.34768;;ALTO;sem numero de porta
2585;;;endereco;Rua Savero José Bruno, Moquetá, Nova Iguaçu - RJ, 26285-021, Brasil;Rua Savero Jose Bruno Moqueta Nova Iguacu RJ 26285021 Brazil;Nova Iguaçu;RJ;26285021;-22.74297;-43.45841;-22.74297;-43.45841;;ALTO;sem numero de porta
2586;;;endereco;Rua Juçanã, Botafogo, Rio de Janeiro - RJ, 22251-000, Brasil;Rua Jucana Botafogo Rio de Janeiro RJ 22251000 Brazil;Rio de Janeiro;RJ;22251000;-22.94066;-43.18794;-22.94066;-43.18794;;ALTO;"sem numero de porta; CEP generico de cidade, nao de rua (2,4x mais falha)"
2587;;;endereco;Ogx, Rua Álvaro Alvim, Centro, Rio de Janeiro - RJ, 20031-010, Brasil;Rua Alvaro Alvim Centro Rio de Janeiro RJ 20031010 Brazil;Rio de Janeiro;RJ;20031010;-22.91183;-43.17618;-22.91183;-43.17618;;ALTO;sem numero de porta
2588;;;endereco;Rua General Fonseca Ramos, Vila Militar, Rio de Janeiro - RJ, 21615-110, Brasil;Rua General Fonseca Ramos Vila Militar Rio de Janeiro RJ 21615110 Brazil;Rio de Janeiro;RJ;21615110;-22.86717;-43.39511;-22.86717;-43.39511;;ALTO;sem numero de porta
2589;;;endereco;Barraca do U, Beco da Música, Centro, Rio de Janeiro - RJ, 20021-315, Brasil;Beco da Musica Centro Rio de Janeiro RJ 20021315 Brazil;Rio de Janeiro;RJ;20021315;-22.90629;-43.17258;-22.90629;-43.17258;;ALTO;sem numero de porta
2590;;;endereco;Banana Air Táxi Aéreo, Barra da Tijuca, Rio de Janeiro - RJ, Brasil;Banana Air Taxi Aereo Barra da Tijuca Rio de Janeiro RJ Brazil;Rio de Janeiro;RJ;;-22.98902;-43.36826;-22.98902;-43.36826;;ALTO;sem numero de porta
2591;;;endereco;Travessa Lasalle, 56, Centro, Niterói - RJ, 24020-096, Brasil;Travessa Lasalle 56 Niteroi RJ 24020096 Brazil;Niterói;RJ;24020096;-22.89453;-43.11561;-22.89453;-43.11561;Centro;;
2592;;;endereco;Rua Coronel Gomes Machado, 60, Centro, Niterói - RJ, 24020-111, Brasil;Rua Coronel Gomes Machado 60 Niteroi RJ 24020111 Brazil;Niterói;RJ;24020111;-22.89225;-43.11802;-22.89225;-43.11802;Centro;;
2593;;;endereco;Engepred, Avenida República do Chile, 231, Centro, Rio de Janeiro - RJ, 20031-170, Brasil;Avenida Republica do Chile 231 Rio de Janeiro RJ 20031170 Brazil;Rio de Janeiro;RJ;20031170;-22.9096;-43.17926;-22.9096;-43.17926;Centro;;
2594;;;endereco;Rua Santa Helena, Nossa Senhora de Fátima, Pirapora - MG, 39270-000, Brasil;Rua Santa Helena Nossa Senhora de Fatima Pirapora MG 39270000 Brazil;Pirapora;MG;39270000;-17.33951;-44.93816;-17.33951;-44.93816;;ALTO;"sem numero de porta; CEP generico de cidade, nao de rua (2,4x mais falha)"
2595;;;endereco;Avenida Professor Vicente Guimarães, Morada do Sol, Montes Claros - MG, 39401-781, Brasil;Avenida Professor Vicente Guimaraes Morada do Sol Montes Claros MG 39401781 Brazil;Montes Claros;MG;39401781;-16.73556;-43.88129;-16.73556;-43.88129;;ALTO;sem numero de porta
2596;;;endereco;MG-060, Pequi - MG, 35667-000, Brasil;MG 060 Pequi MG 35667000 Brazil;Pequi;MG;35667000;-19.61423;-44.65789;-19.61423;-44.65789;;ALTO;"sem numero de porta; logradouro sem nome; CEP generico de cidade, nao de rua (2,4x mais falha)"
2597;;;endereco;Maturidade, Jardim Botânico - DF, Brasil;Maturidade Jardim Botanico DF Brazil;Jardim Botânico;DF;;-15.90744;-47.80895;-15.90744;-47.80895;;ALTO;"sem numero de porta; logradouro sem nome"
2598;;;endereco;Metrópolis Gourmet Universe, Via W4 Sul, Asa Sul, Brasília - DF, Brasil;Via W4 Sul Asa Sul Brasilia DF Brazil;Brasília;DF;;-15.7956;-47.89364;-15.7956;-47.89364;;ALTO;"endereco de rodovia (57-67% falharam); sem numero de porta"
2599;;;endereco;Sgo, 3, Setores Complementares-Asa Norte, Brasília - DF, 70610-640, Brasil;Sgo 3 Setores Complementares Asa Norte Brasilia DF 70610640 Brazil;Brasília;DF;70610640;-15.77966;-47.91331;-15.77966;-47.91331;;ALTO;sem numero de porta
2600;;;endereco;Marcial, Depine e Braga Advogados Associados, Asa Sul, Brasília - DF, 70322-915, Brasil;Marcial Depine e Braga Advogados Associados Asa Sul Brasilia DF 70322915 Brazil;Brasília;DF;70322915;-15.79308;-47.89384;-15.79308;-47.89384;;ALTO;sem numero de porta
2601;;;endereco;Estrada Hotéis de Turismo, Vila Planalto, Brasília - DF, 70150-000, Brasil;Estrada Hoteis de Turismo Vila Planalto Brasilia DF 70150000 Brazil;Brasília;DF;70150000;-15.79201;-47.82322;-15.79201;-47.82322;;ALTO;"endereco de rodovia (57-67% falharam); sem numero de porta; CEP generico de cidade, nao de rua (2,4x mais falha)"
2602;;;endereco;Autódromo Internacional Nelson Piquet, SRPN-Autódromo Int. Nelson Piquet, Asa Norte, Brasília - DF, 70070-710, Brasil;Autodromo Internacional Nelson Piquet SRPN Autodromo Int Nelson Piquet Asa Norte Brasilia DF 70070710 Brazil;Brasília;DF;70070710;-15.77613;-47.90049;-15.77613;-47.90049;;ALTO;sem numero de porta
2603;;;endereco;Banco do Brasil, Monte Castelo, Resende - RJ, Brasil;Banco do Brasil Monte Castelo Resende RJ Brazil;Resende;RJ;;-22.4511;-44.44921;-22.4511;-44.44921;;ALTO;sem numero de porta
2604;;;endereco;Avenida Vereador Benedito Adelino, 9000, Ponta da Ribeira, Angra dos Reis - RJ, Brasil;Avenida Vereador Benedito Adelino 9000 Angra dos Reis RJ Brazil;Angra dos Reis;RJ;;-23.00227;-44.35303;-23.00227;-44.35303;Ponta da Ribeira;;
2605;;;endereco;Rua Maria Cândida, 1813, Vila Guilherme, São Paulo - SP, 02071-013, Brasil;Rua Maria Candida 1813 Sao Paulo SP 02071013 Brazil;São Paulo;SP;02071013;-23.50761;-46.59829;-23.50761;-46.59829;Vila Guilherme;;
2607;;;endereco;BR-251, Cristalina - GO, 73850-000, Brasil;BR 251 Cristalina GO 73850000 Brazil;Cristalina;GO;73850000;-16.08335;-47.52121;-16.08335;-47.52121;;ALTO;"sem numero de porta; logradouro sem nome; CEP generico de cidade, nao de rua (2,4x mais falha)"
2608;;;endereco;Sri/Hfa, Cruzeiro - DF, 70658-700, Brasil;Sri Hfa Cruzeiro DF 70658700 Brazil;Cruzeiro;DF;70658700;-15.80361;-47.93696;-15.80361;-47.93696;;ALTO;"sem numero de porta; logradouro sem nome"
2609;;;endereco;Instituto Acreditar (Ceon), Qnc 15, Setor C Norte, Taguatinga - DF, 72115-650, Brasil;Instituto Acreditar Ceon Qnc 15 Taguatinga DF 72115650 Brazil;Taguatinga;DF;72115650;-15.8242;-48.06705;-15.8242;-48.06705;Setor C Norte;;
2610;;;endereco;Parquinho Infantil, Águas Claras - DF, 71904-540, Brasil;Parquinho Infantil Aguas Claras DF 71904540 Brazil;Águas Claras;DF;71904540;-15.82973;-48.02212;-15.82973;-48.02212;;ALTO;sem numero de porta
2611;;;endereco;Smpw Quadra 12, Park Way - DF, 71741-204, Brasil;Smpw Quadra 12 Park Way DF 71741204 Brazil;Park Way;DF;71741204;-15.91227;-47.97176;-15.91227;-47.97176;;;
2612;;;endereco;Rua Amazonas, 11, Valparaíso de Goiás - GO, 72873-009, Brasil;Rua Amazonas 11 Valparaiso de Goias GO 72873009 Brazil;Valparaíso de Goiás;GO;72873009;-16.06326;-47.9989;-16.06326;-47.9989;;;
2613;;;endereco;BR-251, Brazlândia - DF, Brasil;BR 251 Brazlandia DF Brazil;Brazlândia;DF;;-15.67611;-48.20474;-15.67611;-48.20474;;ALTO;"sem numero de porta; logradouro sem nome"
2614;;;endereco;Avenida Central Leste, Gama - DF, Brasil;Avenida Central Leste Gama DF Brazil;Gama;DF;;-16.02247;-48.06809;-16.02247;-48.06809;;ALTO;sem numero de porta
2615;;;endereco;Flamboyant Shopping Center, Alameda das Paineiras, Jardim Goiás, Goiânia - GO, 74810-102, Brasil;Alameda das Paineiras Jardim Goias Goiania GO 74810102 Brazil;Goiânia;GO;74810102;-16.71006;-49.23846;-16.71006;-49.23846;;ALTO;sem numero de porta
2616;;;endereco;Regus, Praça XV, Centro, Rio de Janeiro - RJ, 20010-010, Brasil;Regus Praca XV Centro Rio de Janeiro RJ 20010010 Brazil;Rio de Janeiro;RJ;20010010;-22.90236;-43.17421;-22.90236;-43.17421;;ALTO;sem numero de porta
2617;;;endereco;Rua Ferradura, 128, Passagem, Cabo Frio - RJ, Brasil;Rua Ferradura 128 Cabo Frio RJ Brazil;Cabo Frio;RJ;;-22.87253;-42.01141;-22.87253;-42.01141;Passagem;;
2618;;;endereco;Praia do Iguaçu, T02, Vila do Abraão, Angra dos Reis - RJ, Brasil;Praia do Iguacu T02 Vila do Abraao Angra dos Reis RJ Brazil;Angra dos Reis;RJ;;-23.12219;-44.19268;-23.12219;-44.19268;;ALTO;sem numero de porta
2619;;;endereco;T02, Vila do Abraão, Angra dos Reis - RJ, Brasil;T02 Vila do Abraao Angra dos Reis RJ Brazil;Angra dos Reis;RJ;;-23.11275;-44.20657;-23.11275;-44.20657;;ALTO;sem numero de porta
2620;;;endereco;Avenida Gen. Euclides de O. Figueiredo, Itaguaí - RJ, 23826-600, Brasil;Avenida Gen Euclides de O Figueiredo Itaguai RJ 23826600 Brazil;Itaguaí;RJ;23826600;-22.88315;-43.82532;-22.88315;-43.82532;;ALTO;sem numero de porta
2621;;;endereco;Mistura Clássica, Verolme, Angra dos Reis - RJ, Brasil;Mistura Classica Verolme Angra dos Reis RJ Brazil;Angra dos Reis;RJ;;-22.99902;-44.24827;-22.99902;-44.24827;;ALTO;sem numero de porta
2622;;;endereco;Rua Gleba D, Portogalo, Angra dos Reis - RJ, 23917-010, Brasil;Rua Gleba D Portogalo Angra dos Reis RJ 23917010 Brazil;Angra dos Reis;RJ;23917010;-23.0389;-44.19571;-23.0389;-44.19571;;ALTO;sem numero de porta
2623;;;endereco;Sorvete Itália, Urca, Rio de Janeiro - RJ, Brasil;Sorvete Italia Urca Rio de Janeiro RJ Brazil;Rio de Janeiro;RJ;;-22.95127;-43.16535;-22.95127;-43.16535;;ALTO;sem numero de porta
2625;;;endereco;Porsche Smart Mobility, Rodovia Governador Mário Covas, Mangaratiba - RJ, 23860-000, Brasil;Rodovia Governador Mario Covas Mangaratiba RJ 23860000 Brazil;Mangaratiba;RJ;23860000;-22.94983;-44.07461;-22.94983;-44.07461;;ALTO;"endereco de rodovia (57-67% falharam); sem numero de porta; CEP generico de cidade, nao de rua (2,4x mais falha)"
2626;;;endereco;BR Marinas, Verolme, Angra dos Reis - RJ, Brasil;BR Marinas Verolme Angra dos Reis RJ Brazil;Angra dos Reis;RJ;;-22.99816;-44.24952;-22.99816;-44.24952;;ALTO;sem numero de porta
2627;;;endereco;Hering, Estrada Municipal, Praia da Chácara, Angra dos Reis - RJ, 23906-175, Brasil;Estrada Municipal Praia da Chacara Angra dos Reis RJ 23906175 Brazil;Angra dos Reis;RJ;23906175;-23.00396;-44.30016;-23.00396;-44.30016;;ALTO;"endereco de rodovia (57-67% falharam); sem numero de porta"
2629;;;endereco;Pizza Hut, Rua Niterói, Tibery, Uberlândia - MG, 38405-178, Brasil;Rua Niteroi Tibery Uberlandia MG 38405178 Brazil;Uberlândia;MG;38405178;-18.90865;-48.26094;-18.90865;-48.26094;;ALTO;sem numero de porta
2630;;;endereco;Rua Víctor Rodrigues de Rezende, 732, Distrito Industrial, Uberlândia - MG, 38402-334, Brasil;Rua Victor Rodrigues de Rezende 732 Uberlandia MG 38402334 Brazil;Uberlândia;MG;38402334;-18.86706;-48.29484;-18.86706;-48.29484;Distrito Industrial;;
2631;;;endereco;Alameda Antônio Elias de Deus, Aparecida de Goiânia - GO, 74988-820, Brasil;Alameda Antonio Elias de Deus Aparecida de Goiania GO 74988820 Brazil;Aparecida de Goiânia;GO;74988820;-16.8256;-49.20358;-16.8256;-49.20358;;ALTO;sem numero de porta
2632;;;endereco;Ponto De Carregamento Para Veículos Elétricos, Avenida Deputado Jamel Cecílio, 3300, Jardim Goiás, Goiânia - GO, Brasil;Avenida Deputado Jamel Cecilio 3300 Goiania GO Brazil;Goiânia;GO;;-16.70966;-49.236;-16.70966;-49.236;Jardim Goiás;;
2633;;;endereco;Bandanna Digital, Jardim Goiás, Goiânia - GO, 74810-030, Brasil;Bandanna Digital Jardim Goias Goiania GO 74810030 Brazil;Goiânia;GO;74810030;-16.70506;-49.24084;-16.70506;-49.24084;;ALTO;sem numero de porta
2634;;;endereco;Rua E M Um, Vila Sul, Aparecida de Goiânia - GO, Brasil;Rua E M Um Vila Sul Aparecida de Goiania GO Brazil;Aparecida de Goiânia;GO;;-16.74127;-49.24558;-16.74127;-49.24558;;ALTO;sem numero de porta
2635;;;endereco;Bem-Estar Baby, Avenida Portugal, Marista, Goiânia - GO, 74150-030, Brasil;Avenida Portugal Marista Goiania GO 74150030 Brazil;Goiânia;GO;74150030;-16.69696;-49.26969;-16.69696;-49.26969;;ALTO;sem numero de porta
2636;;;endereco;Espaço Agir - Academia Crer, Criméia Leste, Goiânia - GO, Brasil;Espaco Agir Academia Crer Crimeia Leste Goiania GO Brazil;Goiânia;GO;;-16.65574;-49.24829;-16.65574;-49.24829;;ALTO;sem numero de porta
2637;;;endereco;Rua Nove, 36-1, Vila Regina, Goiânia - GO, 74463-550, Brasil;Rua Nove 36 1 Vila Regina Goiania GO 74463550 Brazil;Goiânia;GO;74463550;-16.64895;-49.33636;-16.64895;-49.33636;;ALTO;sem numero de porta
2638;;;endereco;Alameda das Sibipirunas, 27-6, Ceasa, Goiânia - GO, 74680-510, Brasil;Alameda das Sibipirunas 27 6 Ceasa Goiania GO 74680510 Brazil;Goiânia;GO;74680510;-16.60909;-49.19205;-16.60909;-49.19205;;ALTO;sem numero de porta
2639;;;endereco;Rua Mil Cento e Quarenta e Dois, 257-12, Marista, Goiânia - GO, 74180-190, Brasil;Rua Mil Cento e Quarenta e Dois 257 12 Marista Goiania GO 74180190 Brazil;Goiânia;GO;74180190;-16.70414;-49.25848;-16.70414;-49.25848;;ALTO;sem numero de porta
2640;;;endereco;Alameda das Paineiras, 3300, Jardim Goiás, Goiânia - GO, 74810-102, Brasil;Alameda das Paineiras 3300 Goiania GO 74810102 Brazil;Goiânia;GO;74810102;-16.70968;-49.23816;-16.70968;-49.23816;Jardim Goiás;;
2641;;;endereco;BR-060, Indiara - GO, 75955-000, Brasil;BR 060 Indiara GO 75955000 Brazil;Indiara;GO;75955000;-17.12427;-49.96564;-17.12427;-49.96564;;ALTO;"sem numero de porta; logradouro sem nome; CEP generico de cidade, nao de rua (2,4x mais falha)"
2642;;;endereco;Avenida Gov. Ludovico de Almeida, Santo Hilário, Goiânia - GO, Brasil;Avenida Gov Ludovico de Almeida Santo Hilario Goiania GO Brazil;Goiânia;GO;;-16.64812;-49.20937;-16.64812;-49.20937;;ALTO;sem numero de porta
2643;;;endereco;Band Tecnologia, Conjunto Residencial Santa Fé, Aparecida de Goiânia - GO, 74350-785, Brasil;Conjunto Residencial Santa Fe Aparecida de Goiania GO 74350785 Brazil;Aparecida de Goiânia;GO;74350785;-16.74999;-49.30462;-16.74999;-49.30462;;ALTO;sem numero de porta
2644;;;endereco;Avenida Nacional, Pólo Empresarial Goiás, Aparecida de Goiânia - GO, 74983-180, Brasil;Avenida Nacional Polo Empresarial Goias Aparecida de Goiania GO 74983180 Brazil;Aparecida de Goiânia;GO;74983180;-16.7912;-49.26185;-16.7912;-49.26185;;ALTO;sem numero de porta
2645;;;endereco;Palácio Pedro Ludovico Teixeira, Praça Dr. Pedro Ludovico Teixeira, Central, Goiânia - GO, 74083-010, Brasil;Palacio Pedro Ludovico Teixeira Praca Dr Pedro Ludovico Teixeira Central Goiania GO 74083010 Brazil;Goiânia;GO;74083010;-16.68193;-49.25594;-16.68193;-49.25594;;ALTO;sem numero de porta
2647;;;endereco;Usina Colombo - Santa Albertina/SP, Santa Albertina - SP, 15750-000, Brasil;Usina Colombo Santa Albertina SP Santa Albertina SP 15750000 Brazil;Santa Albertina;SP;15750000;-20.04188;-50.68344;-20.04188;-50.68344;;ALTO;"sem numero de porta; CEP generico de cidade, nao de rua (2,4x mais falha)"
2649;;;endereco;GO-010, Leopoldo de Bulhões - GO, 75190-000, Brasil;GO 010 Leopoldo de Bulhoes GO 75190000 Brazil;Leopoldo de Bulhões;GO;75190000;-16.61524;-48.78941;-16.61524;-48.78941;;ALTO;"sem numero de porta; logradouro sem nome; CEP generico de cidade, nao de rua (2,4x mais falha)"
2651;;;endereco;Avenida Tocantins, Jardim Rio Grande, Aparecida de Goiânia - GO, 74982-540, Brasil;Avenida Tocantins Jardim Rio Grande Aparecida de Goiania GO 74982540 Brazil;Aparecida de Goiânia;GO;74982540;-16.80618;-49.24424;-16.80618;-49.24424;;ALTO;sem numero de porta
2652;;;endereco;Avenida Deputado Jamel Cecílio, Autódromo, Goiânia - GO, 74820-050, Brasil;Avenida Deputado Jamel Cecilio Autodromo Goiania GO 74820050 Brazil;Goiânia;GO;74820050;-16.70967;-49.22721;-16.70967;-49.22721;;ALTO;sem numero de porta
2653;;;endereco;Codec - Comando de Defesa Civil do Estado de Goiás, Jardim Goiás, Goiânia - GO, Brasil;Codec Comando de Defesa Civil do Estado de Goias Jardim Goias Goiania GO Brazil;Goiânia;GO;;-16.6991;-49.23256;-16.6991;-49.23256;;ALTO;sem numero de porta
2654;;;endereco;Fazenda Mabra 01, Nazário - GO, 76180-000, Brasil;Fazenda Mabra 01 Nazario GO 76180000 Brazil;Nazário;GO;76180000;-16.61679;-49.88231;-16.61679;-49.88231;;MEDIO;CEP generico de cidade, nao de rua (2,4x mais falha)
2655;;;endereco;Sítio Primavera, Goianira - GO, 75370-000, Brasil;Sitio Primavera Goianira GO 75370000 Brazil;Goianira;GO;75370000;-16.5422;-49.40976;-16.5422;-49.40976;;ALTO;"sem numero de porta; CEP generico de cidade, nao de rua (2,4x mais falha)"
2658;;;endereco;Rua Antônio Henrique Ferreira, 202, Imbiruçu, Betim - MG, 32677-218, Brasil;Rua Antonio Henrique Ferreira 202 Betim MG 32677218 Brazil;Betim;MG;32677218;-19.94387;-44.1129;-19.94387;-44.1129;Imbiruçu;;
2659;;;endereco;Avenida Alfredo Camaratti, 449, São Luíz, Belo Horizonte - MG, 31310-000, Brasil;Avenida Alfredo Camaratti 449 Belo Horizonte MG 31310000 Brazil;Belo Horizonte;MG;31310000;-19.86664;-43.97588;-19.86664;-43.97588;São Luíz;MEDIO;CEP generico de cidade, nao de rua (2,4x mais falha)
2660;;;endereco;Rua Alagoa de Roça, 26, Tremembé, São Paulo - SP, 02357-130, Brasil;Rua Alagoa de Roca 26 Sao Paulo SP 02357130 Brazil;São Paulo;SP;02357130;-23.44532;-46.61304;-23.44532;-46.61304;Tremembé;;
2661;;;endereco;Zletric, Avenida das Nações Unidas, 12495, Itaim Bibi, São Paulo - SP, 04578-000, Brasil;Avenida das Nacoes Unidas 12495 Sao Paulo SP 04578000 Brazil;São Paulo;SP;04578000;-23.6081;-46.69669;-23.6081;-46.69669;Itaim Bibi;MEDIO;CEP generico de cidade, nao de rua (2,4x mais falha)
2662;;;endereco;Avenida Giovanni Gronchi, 5650, Vila Andrade, São Paulo - SP, 05724-002, Brasil;Avenida Giovanni Gronchi 5650 Sao Paulo SP 05724002 Brazil;São Paulo;SP;05724002;-23.62854;-46.73641;-23.62854;-46.73641;Vila Andrade;;
2663;;;endereco;Rodovia Rio Santos, Piraquara, Angra dos Reis - RJ, Brasil;Rodovia Rio Santos Piraquara Angra dos Reis RJ Brazil;Angra dos Reis;RJ;;-22.98536;-44.43845;-22.98536;-44.43845;;ALTO;"endereco de rodovia (57-67% falharam); sem numero de porta"
2664;;;endereco;108C, Jardim Primavera, Duque de Caxias - RJ, Brasil;108C Jardim Primavera Duque de Caxias RJ Brazil;Duque de Caxias;RJ;;-22.67255;-43.28433;-22.67255;-43.28433;;ALTO;sem numero de porta
2666;;;endereco;Observatório Nuclear, Usina Nuclear, Angra dos Reis - RJ, Brasil;Observatorio Nuclear Usina Nuclear Angra dos Reis RJ Brazil;Angra dos Reis;RJ;;-23.00585;-44.46577;-23.00585;-44.46577;;ALTO;sem numero de porta
2667;;;endereco;Ponto De Carregamento Para Veículos Elétricos, Avenida Virgílio C. Pinna, 8043, Quiririm, Taubaté - SP, 12061-180, Brasil;Avenida Virgilio C Pinna 8043 Taubate SP 12061180 Brazil;Taubaté;SP;12061180;-23.06015;-45.60731;-23.06015;-45.60731;Quiririm;;
2668;;;endereco;Luts Chalés, Gonçalves - MG, 37680-000, Brasil;Luts Chales Goncalves MG 37680000 Brazil;Gonçalves;MG;37680000;-22.67551;-45.84803;-22.67551;-45.84803;;ALTO;"sem numero de porta; CEP generico de cidade, nao de rua (2,4x mais falha)"
2669;;;endereco;Clube dos Loucos Filial Paraty, Paraty Mirim, Paraty - RJ, 23970-000, Brasil;Clube dos Loucos Filial Paraty Paraty Mirim Paraty RJ 23970000 Brazil;Paraty;RJ;23970000;-23.34138;-44.66767;-23.34138;-44.66767;;ALTO;"sem numero de porta; CEP generico de cidade, nao de rua (2,4x mais falha)"
2670;;;endereco;Vinícola Santa Maria, São Bento do Sapucaí - SP, 12490-000, Brasil;Vinicola Santa Maria Sao Bento do Sapucai SP 12490000 Brazil;São Bento do Sapucaí;SP;12490000;-22.72454;-45.68175;-22.72454;-45.68175;;ALTO;"sem numero de porta; CEP generico de cidade, nao de rua (2,4x mais falha)"
2671;;;endereco;Rua Tijucas, 634, Camburi, São Sebastião - SP, 11619-100, Brasil;Rua Tijucas 634 Sao Sebastiao SP 11619100 Brazil;São Sebastião;SP;11619100;-23.76953;-45.63255;-23.76953;-45.63255;Camburi;;
2672;;;endereco;Floresta da Tijuca, Estrada Mirante Dona Marta, Brasil;Floresta da Tijuca Estrada Mirante Dona Marta Brazil;Estrada Mirante Dona Marta;;;-22.94675;-43.19824;-22.94675;-43.19824;;ALTO;sem numero de porta
2673;;;endereco;Alameda das Amendoeiras, 3, Jardim Botânico - DF, 71684-624, Brasil;Alameda das Amendoeiras 3 Jardim Botanico DF 71684624 Brazil;Jardim Botânico;DF;71684624;-15.98757;-47.8209;-15.98757;-47.8209;;;
2674;;;endereco;Rua Augusto Caetano, 775, Parque Jequitibás, São João da Boa Vista - SP, 13874-448, Brasil;Rua Augusto Caetano 775 Sao Joao da Boa Vista SP 13874448 Brazil;São João da Boa Vista;SP;13874448;-21.96924;-46.76964;-21.96924;-46.76964;Parque Jequitibás;;
2675;;;endereco;Vinícola Jabuticabal, Hidrolândia - GO, 75340-000, Brasil;Vinicola Jabuticabal Hidrolandia GO 75340000 Brazil;Hidrolândia;GO;75340000;-16.92544;-49.36158;-16.92544;-49.36158;;ALTO;"sem numero de porta; CEP generico de cidade, nao de rua (2,4x mais falha)"
2676;;;endereco;Unipé, Avenida Marechal Floriano Peixoto, Rebouças, Curitiba - PR, 80230-110, Brasil;Avenida Marechal Floriano Peixoto Reboucas Curitiba PR 80230110 Brazil;Curitiba;PR;80230110;-25.4389;-49.26786;-25.4389;-49.26786;;ALTO;sem numero de porta
2677;;;endereco;Avenida Jardim Botânico, Jardim Botânico, Curitiba - PR, 81560-000, Brasil;Avenida Jardim Botanico Jardim Botanico Curitiba PR 81560000 Brazil;Curitiba;PR;81560000;-25.44832;-49.24423;-25.44832;-49.24423;;ALTO;"sem numero de porta; CEP generico de cidade, nao de rua (2,4x mais falha)"
2678;;;endereco;Alameda Doutor Carlos de Carvalho, 528, Centro, Curitiba - PR, 80430-180, Brasil;Alameda Doutor Carlos de Carvalho 528 Curitiba PR 80430180 Brazil;Curitiba;PR;80430180;-25.43294;-49.28006;-25.43294;-49.28006;Centro;;
2679;;;endereco;Rodovia Régis Bittencourt, Xaxim, Curitiba - PR, 81460-090, Brasil;Rodovia Regis Bittencourt Xaxim Curitiba PR 81460090 Brazil;Curitiba;PR;81460090;-25.50279;-49.28102;-25.50279;-49.28102;;ALTO;"endereco de rodovia (57-67% falharam); sem numero de porta"
2680;;;endereco;Rua João Sigismundo Wysocri, Orleans, Curitiba - PR, 82310-435, Brasil;Rua Joao Sigismundo Wysocri Orleans Curitiba PR 82310435 Brazil;Curitiba;PR;82310435;-25.43003;-49.3675;-25.43003;-49.3675;;ALTO;sem numero de porta
2681;;;endereco;Rodovia Régis Bittencourt, Jardim Botânico, Curitiba - PR, 81460-090, Brasil;Rodovia Regis Bittencourt Jardim Botanico Curitiba PR 81460090 Brazil;Curitiba;PR;81460090;-25.45326;-49.24301;-25.45326;-49.24301;;ALTO;"endereco de rodovia (57-67% falharam); sem numero de porta"
2682;;;endereco;Rua Deputado Mário de Barros, Centro Cívico, Curitiba - PR, 80530-280, Brasil;Rua Deputado Mario de Barros Centro Civico Curitiba PR 80530280 Brazil;Curitiba;PR;80530280;-25.41216;-49.26827;-25.41216;-49.26827;;ALTO;sem numero de porta
2683;;;endereco;Rodovia Br476, Pista Lateral - Bairro Alto, BR-476, Bairro Alto, Curitiba - PR, 82840-120, Brasil;Rodovia Br476 Pista Lateral Bairro Alto BR 476 Bairro Alto Curitiba PR 82840120 Brazil;Curitiba;PR;82840120;-25.40725;-49.21873;-25.40725;-49.21873;;ALTO;"endereco de rodovia (57-67% falharam); sem numero de porta"
2684;;;endereco;PR-090, Bateias, Campo Largo - PR, Brasil;PR 090 Bateias Campo Largo PR Brazil;Campo Largo;PR;;-25.37197;-49.49292;-25.37197;-49.49292;;ALTO;sem numero de porta
2685;;;endereco;Esquenta Corridas, Santo Inácio, Curitiba - PR, Brasil;Esquenta Corridas Santo Inacio Curitiba PR Brazil;Curitiba;PR;;-25.43019;-49.31493;-25.43019;-49.31493;;ALTO;sem numero de porta
2686;;;endereco;Rua José Rossa, 2876, Campo Largo - PR, 83608-672, Brasil;Rua Jose Rossa 2876 Campo Largo PR 83608672 Brazil;Campo Largo;PR;83608672;-25.43507;-49.42755;-25.43507;-49.42755;;;
2687;;;endereco;Avenida Prefeito Lothário Meissner, 836, Jardim Botânico, Curitiba - PR, 80210-170, Brasil;Avenida Prefeito Lothario Meissner 836 Curitiba PR 80210170 Brazil;Curitiba;PR;80210170;-25.44451;-49.23696;-25.44451;-49.23696;Jardim Botânico;;
