name,storechain,place_id,formatted_address,city,admin_area,uf,country,cep,lat,lng,categories,types,rating,source,metadata
CINÉPOLIS,Cinépolis,ChIJ-Q6VCn6O9gcR_ZFoLe5IVzU,AV. PROF. CARLOS CUNHA  1000 - JARACATY  SÃO LUÍS - MA  65076-907  BRASIL,São Luís,,MA,BR,65076-907,-2.5109687,-44.2858788,"movie_theater,point_of_interest,establishment",,5,bigquery,
CINE ARAÚJO,Cine Araújo,ChIJ-T5n2NUElwARBVTTnBi-b4Y,AV. HENRIQUE TERRA  1700 - PORTINHO  CABO FRIO - RJ  28911-320  BRASIL,Cabo Frio,,RJ,BR,28911-320,-22.8742711,-42.0366807,"movie_theater,point_of_interest,establishment",,5,bigquery,
MOVIECOM CINEMAS,Moviecom Cinemas,ChIJ-_li4134zJQR4gEep66joDA,AV. CHARLES SCHNNEIDER  1700 - VILA COSTA  TAUBATÉ - SP  12040-900  BRASIL,Taubaté,,SP,BR,12040-900,-23.0235654,-45.5811401,"movie_theater,point_of_interest,establishment",,5,bigquery,
UCI PARKSHOPPING CANOAS,Uci Parkshopping Canoas,ChIJ09RkPBFwGZURpKvkTepjVlE,PARK SHOPPING CANOAS  AV. FARROUPILHA  4545 - LOJA 3004 - MAL. RONDON  CANOAS - RS  92020-475  BRASIL,Canoas,,RS,BR,92020-475,-29.9148746,-51.1655329,"movie_theater,point_of_interest,establishment",,5,bigquery,
CINEMA KINOPLEX,Cinema Kinoplex,ChIJ0U3aGs7VvQAR0__dN_YPKFo,AV. VINTE E OITO DE MARÇO  574 - CENTRO  CAMPOS DOS GOYTACAZES - RJ  28020-740  BRASIL,Campos dos Goytacazes,,RJ,BR,28020-740,-21.770043,-41.3146349,"shopping_mall,point_of_interest,establishment",,5,bigquery,
CINEMA CINEMARK,Cinema Cinemark,ChIJ0UNyTHDBpgARWduEAOs_l1I,RODOVIA FERNÃO DIAS  601  ROD. BR  381 - KM 492 - SÃO JOÃO  ALAGOAS  BRASIL,Betim,,MG,BR,,-19.9625554,-44.1600527,Entertainment,,5,bigquery,
KINOPLEX MADUREIRA,Kinoplex Madureira,ChIJ0VUnfNhimQARPyfH4i7KBo0,ESTR. DO PORTELA  222 - 4º ANDAR LOJA 408 - MADUREIRA  RIO DE JANEIRO - RJ  21351-050  BRASIL,Rio de Janeiro,,RJ,BR,21351-050,-22.870559,-43.3409346,"movie_theater,point_of_interest,establishment",,5,bigquery,
CINÉPOLIS PORTO ALEGRE,Cinépolis Porto Alegre,ChIJ0ciugFp4GZURDR_FKjB07qw,AV. JOÃO PESSOA  1831 - 311 - AZENHA  PORTO ALEGRE - RS  90040-001  BRASIL,Porto Alegre,,RS,BR,90040-001,-30.0459767,-51.213726,"movie_theater,point_of_interest,establishment",,5,bigquery,
CINÉPOLIS NAÇÕES BAURU,Cinépolis Nações Bauru,ChIJ0zHm_7tnv5QRqbLITmLuifI,R. MARCONDES SALGADO  QUADRA 11 - CHÁCARA DAS FLORES  BAURU - SP  17013-113  BRASIL,Bauru,,SP,BR,17013-113,-22.3160011,-49.0665983,"movie_theater,point_of_interest,establishment",,5,bigquery,
CINEMA CINEMARK,Cinema Cinemark,ChIJ1-LydnqR9pQRfXsbWA9GOLg,AV. DAS CATARATAS  3570 - VILA YOLANDA  FOZ DO IGUAÇU - PR  85853-000  BRASIL,Foz do Iguaçu,,PR,BR,85853-000,-25.568924,-54.5583532,Entertainment,,5,bigquery,
MULTIPLEX VIC CENTER,Multiplex Vic Center,ChIJ11SMxxCdyJQR6yHQUik2bnA,AV. SANTA BARBARA - JARDIM SÃO FRANCISCO  SANTA BÁRBARA D'OESTE - SP  13454-005  BRASIL,Santa Bárbara d'Oeste,,SP,BR,13454-005,-22.750322,-47.3743363,"movie_theater,point_of_interest,establishment",,5,bigquery,
UCI,Uci,ChIJ13sjVkjamwARhJzZR-n369U,AV. DAS AMÉRICAS  5000 - LOJA 301 - BARRA DA TIJUCA  RIO DE JANEIRO - RJ  22640-102  BRASIL,Rio de Janeiro,,RJ,BR,22640-102,-22.9988673,-43.3601313,"movie_theater,point_of_interest,establishment",,5,bigquery,
CINEMAXS - PARANA FAMÍLIA,Cinemaxs - Parana Família,ChIJ18QgvzJ17ZQRkcTGygiTaiA,ROD. BR 158 - N90 - JARDIM ISABEL  CAMPO MOURÃO - PR  87309-160  BRASIL,Campo Mourão,,PR,BR,87309-160,-24.0276048,-52.3636345,"movie_theater,point_of_interest,establishment",,5,bigquery,
CINEMA BOURBON COUNTRY - ESPAÇO DE CINEMA,Cinema Bourbon Country - Espaço De Cinema,ChIJ1V1tvp53GZURR48nYOgoj0Q,AV. TÚLIO DE ROSE  80 - PASSO D'AREIA  PORTO ALEGRE - RS  91340-080  BRASIL,Porto Alegre,,RS,BR,91340-080,-30.0219278,-51.1626694,"movie_theater,point_of_interest,establishment",,5,bigquery,
CINESYSTEM CINEMAS,Cinesystem Cinemas,ChIJ1W7_BjfdmwARiBNfOlf6beM,AVENIDA DAS AMÉRICAS  15500 AMÉRICAS SHOPPING - RECREIO DOS BANDEIRANTES  RIO DE JANEIRO - RJ  22790-702  BRASIL,Rio de Janeiro,,RJ,BR,22790-702,-23.0124182,-43.4620497,"movie_theater,point_of_interest,establishment",,5,bigquery,
CINELASER,Cinelaser,ChIJ1coWk1T6DwcR3cH8F_y6Tus,AV. JOSÉ AMÂNCIO BPO.  5419 - MIGUEL TELES DE MENDONÇA  ITABAIANA - SE  49505-900  BRASIL,Itabaiana,,SE,BR,49505-900,-10.7077258,-37.4243085,"movie_theater,point_of_interest,establishment",,5,bigquery,
CINÉPOLIS RIOMAR FORTALEZA,Cinépolis Riomar Fortaleza,ChIJ2a-a0C1GxwcRyrcHe-5Q4NY,R. DES. LAURO NOGUEIRA  1355 - PAPICU  FORTALEZA - CE  60175-055  BRASIL,Fortaleza,,CE,BR,60175-055,-3.7417109,-38.4718497,"movie_theater,point_of_interest,establishment",,5,bigquery,
CINEMARK,Cinemark,ChIJ2buzARAWuAARX4XXMzh3zm4,AV. LUCIANO DAS NEVES  2418 - DIVINO ESPÍRITO SANTO  VILA VELHA - ES  29107-022  BRASIL,Vila Velha,,ES,BR,29107-022,-20.3505778,-40.2982976,"movie_theater,point_of_interest,establishment",,5,bigquery,
CINEMA CINEMARK,Cinema Cinemark,ChIJ2ws1yaE4J5URXsOJjm03eSk,SC-401  3116 ÁREA 2  ROD. VIRGÍLIO VÁRZEA  587 - LOJA 283 - SACO GRANDE  FLORIANÓPOLIS - SC  88032-005  BRASIL,Florianópolis,,SC,BR,88032-005,-27.5543014,-48.4977328,Entertainment,,5,bigquery,
PRUDENSHOPPING,Prudenshopping,ChIJ356Dyz30k5QR3b0mxV2HOEk,AV. MANOEL GOULART  2400 - JARDIM DAS ROSAS  PRES. PRUDENTE - SP  19060-000  BRASIL,Presidente Prudente,,SP,BR,19060-000,-22.116046,-51.4070481,"shopping_mall,movie_theater,department_store,bank,clothing_store,finance,restaurant,food,store,point_of_interest,establishment",,5,bigquery,
CINÉPOLIS SÃO PELEGRINO,Cinépolis São Pelegrino,ChIJ3RAZgnO-HpURn9NL62Ywr-Q,SHOPPING SAN PELEGRINO BOURBON  AV. RIO BRANCO  425 - SÃO PELEGRINO  CAXIAS DO SUL - RS  95013-090  BRASIL,Caxias do Sul,,RS,BR,95013-090,-29.171339,-51.1907654,"movie_theater,point_of_interest,establishment",,5,bigquery,
KINOPLEX AMAZONAS SHOPPING,Kinoplex Amazonas Shopping,ChIJ3wnSLKYabJIR8blwRyC5dNs,AV. DJALMA BATISTA  482 - LOJA 223/224 - CHAPADA  MANAUS - AM  69050-902  BRASIL,Manaus,,AM,BR,69050-902,-3.0943478,-60.0226791,"movie_theater,point_of_interest,establishment",,5,bigquery,
CINESYSTEM,Cinesystem,ChIJ40J7gH9GAQcRn83Ndizj0ag,AV. COMENDADOR GUSTAVO PAIVA  5945 - STORE 3032 - CRUZ DAS ALMAS  MACEIÓ - AL  57038-000  BRASIL,Maceió,,AL,BR,57038-000,-9.6264458,-35.6988754,"movie_theater,point_of_interest,establishment",,5,bigquery,
SHOPPING IGUATEMI CAMPINAS,Shopping Iguatemi Campinas,ChIJ4Wxq0XPPyJQR4RvPLfbSyfY,AV. IGUATEMI  777 - VILA BRANDINA  CAMPINAS - SP  13092-902  BRASIL,Campinas,,SP,BR,13092-902,-22.8926428,-47.0272676,"shopping_mall,movie_theater,point_of_interest,establishment",,5,bigquery,
DOURADO CAIS DAS ARTES,Dourado Cais Das Artes,ChIJ4XBresQXuAARqly3ms3GKHA,R. COMISSÁRIO OCTÁVIO QUEIROZ  40 - JARDIM DA PENHA  VITÓRIA - ES  29060-270  BRAZIL,Vitória,,ES,BR,29060-270,-20.2817379,-40.3013839,"movie_theater,gym,night_club,bar,health,point_of_interest,establishment",,5,bigquery,
KINOPLEX AVENIDA,Kinoplex Avenida,ChIJ4w8svTnUvQARlejSnrR1LQI,AV. VINTE E OITO DE MARÇO  574 - PARQUE AVENIDA PELINCA  CAMPOS DOS GOYTACAZES - RJ  28010-280  BRASIL,Campos dos Goytacazes,,RJ,BR,28010-280,-21.7638188,-41.3329562,"movie_theater,point_of_interest,establishment",,5,bigquery,
SOBRAL NERD | CINEMA - SÉRIES - QUADRINHOS E GAMES,Sobral Nerd | Cinema - Séries - Quadrinhos E Games,ChIJ5-FJRhzH6gcR-bK0DZ9hkHE,R. CORDEIRO DE ANDRADE - CENTRO  SOBRAL - CE  62010-400  BRAZIL,Sobral,,CE,BR,62010-400,-3.6908769,-40.3464018,"point_of_interest,establishment",,5,bigquery,
CINEMA CINEMARK,Cinema Cinemark,ChIJ5-kWM0sZ4JQRT0MBYnRRCPk,RODOVIA BR-282  KM 216 S/N LAGES GARDEN SHOPPING LUC 120/ BAIRRO GUARUJÁ - VILA MARIZA  LAGES - SC  88524-900  BRASIL,Lages,,SC,BR,88524-900,-27.793139,-50.2836671,Entertainment,,5,bigquery,
CINESYSTEM CINEMAS,Cinesystem Cinemas,ChIJ53cWkREWqwcRhApdQ-vR_eQ,TRAVESSA PADRE MACHADO  15  KM 16 5  Nº242 PAULISTA NORTH WAY SHOPPING - CENTRO  PAULISTA - PE  53401-445  BRASIL,Paulista,,PE,BR,53401-445,-7.938053,-34.8775383,"movie_theater,point_of_interest,establishment",,5,bigquery,
BOURBON SHOPPING COUNTRY,Bourbon Shopping Country,ChIJ5anMuJ53GZUR_jQT9gvk7Z8,AV. TÚLIO DE ROSE  80 - PASSO D'AREIA  PORTO ALEGRE - RS  91340-110  BRASIL,Porto Alegre,,RS,BR,91340-110,-30.0218087,-51.1625287,"shopping_mall,movie_theater,point_of_interest,establishment",,5,bigquery,
CINEMA CINEMARK,Cinema Cinemark,ChIJ5eAm0JHJzpQRREKSPAXmLyw,RODOVIA ALKINDAR MONTEIRO JUNQUEIRA  S/N - KM 1013 01 - CAMPO NOVO  BRAGANÇA PAULISTA - SP  12918-900  BRASIL,Bragança Paulista,,SP,BR,12918-900,-22.970071,-46.568183,Entertainment,,5,bigquery,
DJOLTROMUNDO,Djoltromundo,ChIJ6RmtmBCdEwcRspP68lsK1Mo,R. EUCLIDES DA CUNHA  76 - CENTRO  CONCEIÇÃO DO COITÉ - BA  48730-000  BRASIL,Conceição do Coité,,BA,BR,48730-000,-11.5655952,-39.2812689,"movie_theater,bar,store,restaurant,food,point_of_interest,establishment",,5,bigquery,
KINOPLEX PRAIA DA COSTA,Kinoplex Praia Da Costa,ChIJ6Wc7C0AWuAAR36HUJtRmSRI,L3 RUA DR. OLIVIO RUA JOAQUIM LIRA  353 - PRAIA DA COSTA  VILA VELHA - ES  29100-450  BRASIL,Vila Velha,,ES,BR,29100-450,-20.342062,-40.2882385,"movie_theater,point_of_interest,establishment",,5,bigquery,
UCI KINOPLEX SHOPPING TACARUNA,Uci Kinoplex Shopping Tacaruna,ChIJ6_hYqvQYqwcRxDoncJGmJmA,SHOPPING TACARUNA  AV. GOV. AGAMENON MAGALHÃES  153 - SANTO AMARO  RECIFE - PE  50110-000  BRASIL,Recife,,PE,BR,50110-000,-8.037868,-34.871842,"movie_theater,point_of_interest,establishment",,5,bigquery,
CINE PRAIA GRANDE,Cine Praia Grande,ChIJ6ztxBt2O9gcRg9nxjZbE4bQ,LADEIRA DO COMÉRCIO  200 - PRAIA GRANDE  SÃO LUÍS - MA  65010-490  BRASIL,São Luís,,MA,BR,65010-490,-2.5296877,-44.3065993,"movie_theater,point_of_interest,establishment",,5,bigquery,
KINOPLEX TIJUCA,Kinoplex Tijuca,ChIJ7V5_ZVx-mQAR3cmAWQLA0sA,AV. MARACANÃ  987 - TIJUCA  RIO DE JANEIRO - RJ  20511-000  BRASIL,Rio de Janeiro,,RJ,BR,20511-000,-22.9219505,-43.2351597,"movie_theater,point_of_interest,establishment",,5,bigquery,
CINÉPOLIS,Cinépolis,ChIJ7_EGoLhXzpQR-5JA87LaFw4,VILA OLÍMPIA  SÃO PAULO - SP  04543-011  BRASIL,São Paulo,,SP,BR,04543-011,-23.5915405,-46.6892899,"movie_theater,point_of_interest,establishment",,5,bigquery,
CINÉPOLIS - SHOPPING JARDIM ORIENTE,Cinépolis - Shopping Jardim Oriente,ChIJ7aZ1BRFLzJQRm5ABm_SndGs,R. ANDORRA  500 - JARDIM AMERICA  SÃO JOSÉ DOS CAMPOS - SP  12235-050  BRASIL,São José dos Campos,,SP,BR,12235-050,-23.2367624,-45.8969167,"movie_theater,point_of_interest,establishment",,5,bigquery,
CINEFLIX JK SHOPPING BRASILIA,Cineflix Jk Shopping Brasilia,ChIJ7eaJ17jMW5MRLxAcPslX8Ks,AREA ESPECIAL 01 QNM 34 - TAGUATINGA  BRASÍLIA - DF  72145-450  BRASIL,Brasília,,DF,BR,72145-450,-15.8089245,-48.0938546,"movie_theater,point_of_interest,establishment",,5,bigquery,
KINOPLEX NOVA IGUAÇU,Kinoplex Nova Iguaçu,ChIJ7fxXPW1nmQARfVSoeb0cMXM,AV. ABÍLIO AUGUSTO TÁVORA  1111 - 5001 - JARDIM ALVORADA  NOVA IGUAÇU - RJ  26265-090  BRASIL,Nova Iguaçu,,RJ,BR,26265-090,-22.7629719,-43.4651944,"movie_theater,point_of_interest,establishment",,5,bigquery,
CINEMA CINEMARK,Cinema Cinemark,ChIJ88EajH7ZmwARxTifZUuzjiE,AV. EMBAIXADOR ABELARDO BUENO  1300 - JACAREPAGUÁ  RIO DE JANEIRO - RJ  22775-039  BRASIL,Rio de Janeiro,,RJ,BR,22775-039,-22.9714774,-43.3719669,Entertainment,,5,bigquery,
MAXI SHOPPING,Maxi Shopping,ChIJ8WXRH2Umz5QRtGUOFhAQU8Q,AV. ANTONIO FREDERICO OZANAM  6000 - VILA RIO BRANCO  JUNDIAÍ - SP  13215-900  BRASIL,Jundiaí,,SP,BR,13215-900,-23.1697053,-46.892245,"shopping_mall,movie_theater,point_of_interest,establishment",,5,bigquery,
MOVIECOM X CINEMA PÁTEO ITAQUÁ,Moviecom X Cinema Páteo Itaquá,ChIJ8ffyeVt7zpQRKGWz-lBHIuE,AV. ITALO ADAMI  1.809 - VILA ZEFERINA  ITAQUAQUECETUBA - SP  08574-020  BRASIL,Itaquaquecetuba,,SP,BR,08574-020,-23.4957292,-46.3477758,"movie_theater,point_of_interest,establishment",,5,bigquery,
CINEMA SHOPPING,Cinema Shopping,ChIJ8xyVcaa9yJQRoMYFhAq1f44,PARQUE HONGARO  SUMARÉ - SP  13170-023  BRASIL,Sumaré,,SP,BR,13170-023,-22.8316339,-47.2660938,"movie_theater,point_of_interest,establishment",,5,bigquery,
CINESYSTEM CINEMAS,Cinesystem Cinemas,ChIJ92AsF7iKpJIRHEhz6iz4pow,ROD. BR 316  4.500 KM 04 LOJA 401A PISO L4 - COQUEIRO  PA  67113-970  BRASIL,Ananindeua,,PA,BR,67113-970,-1.3847669,-48.4096783,"movie_theater,point_of_interest,establishment",,5,bigquery,
KINOPLEX LEBLON GLOBOPLAY,Kinoplex Leblon Globoplay,ChIJ97M0P6zVmwAR3qAsL0BQSj4,AV. ATAULFO DE PAIVA  391 - LOJA B - LEBLON  RIO DE JANEIRO - RJ  22440-032  BRASIL,Rio de Janeiro,,RJ,BR,22440-032,-22.9840964,-43.2197055,"movie_theater,point_of_interest,establishment",,5,bigquery,
CENTERPLEX CINEMAS,Centerplex Cinemas,ChIJ97ZWK2azGgcRHt2SOTzc8Mc,AV. JOÃO RODRIGUES  42 - INDUSTRIAL  ARACAJU - SE  49065-450  BRASIL,Aracaju,,SE,BR,49065-450,-10.9018351,-37.0500402,"movie_theater,point_of_interest,establishment",,5,bigquery,
UCI ORIENT SHOPPING BARRA,Uci Orient Shopping Barra,ChIJ9S7ECHkDFgcRYh7PqY6DtZQ,SHOPPING CENTER BARRA  AV. CENTENÁRIO  2992 - CHAME-CHAME  SALVADOR - BA  40140-400  BRASIL,Salvador,,BA,BR,40140-400,-13.006133,-38.5240058,"movie_theater,point_of_interest,establishment",,5,bigquery,
UCI,Uci,ChIJ9TjJ2zOO9gcRD9EIEhAEavY,AV. DANIEL DE LA TOUCHE  987 - COHAMA  SÃO LUÍS - MA  65074-115  BRASIL,São Luís,,MA,BR,65074-115,-2.5269965,-44.2553565,"movie_theater,point_of_interest,establishment",,5,bigquery,
MAG SHOPPING,Mag Shopping,ChIJ9UCLEw7drAcRhuO_KhUP7qM,AV. GOV. FLÁVIO RIBEIRO COUTINHO  115 - MANAÍRA  JOÃO PESSOA - PB  58037-000  BRASIL,João Pessoa,,PB,BR,58037-000,-7.0977493,-34.8344525,"shopping_mall,movie_theater,point_of_interest,establishment",,5,bigquery,
CINÉPOLIS,Cinépolis,ChIJ9z-BQiACz5QRBjyyUFTYYqQ,AL. RIO NEGRO  111 - ALPHAVILLE INDUSTRIAL  BARUERI - SP  06455-000  BRASIL,Barueri,,SP,BR,06455-000,-23.5043282,-46.8486345,"movie_theater,point_of_interest,establishment",,5,bigquery,
CINEMARK,Cinemark,ChIJ9zam0oRfzpQRyIlXrIBnnxU,ROD. PRES. DUTRA-PISTA LATERAL  225 - VILA ITAPEGICA  GUARULHOS - SP  07042-040  BRASIL,Guarulhos,,SP,BR,07042-040,-23.4896439,-46.5487479,"movie_theater,point_of_interest,establishment",,5,bigquery,
CHAPLIN - CINEMA MUSIC BAR,Chaplin - Cinema Music Bar,ChIJA-l91oU5jgcRrcbuTAGV1vU,"AV. UNIVERSITÁRIA, 890 - FÁTIMA, TERESINA - PI, 64049-494",Teresina,,PI,BR,64049-494,-5.0628366,-42.7952336,bar,,5,bigquery,
CINEMA MULTIPLEX ITATIBA MALL,Cinema Multiplex Itatiba Mall,ChIJAQBwHMAqz5QRu3SJ-8RE6jI,AV. PREF. JOSÉ MAURÍCIO DE CAMARGO  400 - JARDIM NOSSA SRA. DAS GRACAS  ITATIBA - SP  13257-410  BRASIL,Itatiba,,SP,BR,13257-410,-22.9905265,-46.844728,"movie_theater,point_of_interest,establishment",,5,bigquery,
CINE MAX CANOINHAS,Cine Max Canoinhas,ChIJAQDAiIAN55QRTlBs1_Dau20,ANEXO AO SUPERMERCADO QUELUZ  R. CEL. ALBUQUERQUE  633 - CENTRO  CANOINHAS - SC  89460-056  BRASIL,Canoinhas,,SC,BR,89460-056,-26.1740153,-50.3923206,"movie_theater,point_of_interest,establishment",,5,bigquery,
CENTERPLEX MAGSHOPPING,Centerplex Magshopping,ChIJAbXdcw7drAcRW1lFqbC87eU,MAG SHOPPING  AV. GOV. FLÁVIO RIBEIRO COUTINHO  115 - MANAÍRA  JOÃO PESSOA - PB  58037-972  BRASIL,João Pessoa,,PB,BR,58037-972,-7.0974488,-34.8336067,"movie_theater,point_of_interest,establishment",,5,bigquery,
CINESHOW,Cineshow,ChIJAxMtuRY4J5URMrMZMYVqrp0,BEIRAMAR SHOPPING - R. BOCAIÚVA  2468 - 1002 - CENTRO  FLORIANÓPOLIS - SC  88015-530  BRASIL,Florianópolis,,SC,BR,88015-530,-27.5848198,-48.5449371,"movie_theater,point_of_interest,establishment",,5,bigquery,
CINEMA CINEMARK,Cinema Cinemark,ChIJB_BRMDsfqwcRTdR3JMStxPI,AV. REPÚBLICA DO LÍBANO  251 - S/NLOJA 4001 - PINA  RECIFE - PE  51110-160  BRASIL,Recife,,PE,BR,51110-160,-8.086693,-34.8945,Entertainment,,5,bigquery,
CINE ARAÚJO VOLTA REDONDA,Cine Araújo Volta Redonda,ChIJB_n6TBWjngARZ3NCMr0GjKo,ROD. DOS METALÚRGICOS  1189 - SÃO GERALDO  VOLTA REDONDA - RJ  03178-200  BRASIL,Volta Redonda,,RJ,BR,03178-200,-22.5219277,-44.0783293,"movie_theater,point_of_interest,establishment",,5,bigquery,
CINEMARK - SHOPPING PÁTIO PAULISTA,Cinemark - Shopping Pátio Paulista,ChIJBdwnfL1ZzpQRDh2Rc8yytDY,RUA TREZE DE MAIO  1947 ARCO N 501 - PARAÍSO  BELA VISTA - SP  17630-000  BRASIL,São Paulo,,SP,BR,17630-000,-23.5705529,-46.6435248,"movie_theater,point_of_interest,establishment",,5,bigquery,
PALÁCIO DAS ARTES,Palácio Das Artes,ChIJBzw2c8KZpgARY74EPRA9fUw,AV. AFONSO PENA  1537 - CENTRO  BELO HORIZONTE - MG  30130-004  BRASIL,Belo Horizonte,,MG,BR,30130-004,-19.9256601,-43.933517,"tourist_attraction,art_gallery,movie_theater,point_of_interest,establishment",,5,bigquery,
CINÉPOLIS CONTINENTE PARK,Cinépolis Continente Park,ChIJC-nvB-U1J5UR6JrKs3C23TE,RODOVIA BR 101 KM210 S/N ÁREA  1  SC  88104-801  BRASIL,São José,,SC,BR,88104-801,-27.6151681,-48.6469483,"movie_theater,point_of_interest,establishment",,5,bigquery,
SÃO JOSÉ VILA GOURMET,São José Vila Gourmet,ChIJC77PfcqvQAcRpe-ikaCvdCk,R. BRG. SÁ BITTENCOURT  360 - JEQUIEZINHO  JEQUIÉ - BA  45206-290  BRASIL,Jequié,,BA,BR,45206-290,-13.8674365,-40.0715938,"restaurant,bakery,movie_theater,storage,store,food,point_of_interest,establishment",,5,bigquery,
MAGNÓLIA RESTAURANTE BAR E CINEMA,Magnólia Restaurante Bar E Cinema,ChIJC8gpG7EtGZURAg9W8PGpy4s,"RUA DONA CARLINDA, 255 - CENTRO, CANELA - RS, 95680-000",Canela,,RS,BR,95680-000,-29.360572,-50.8110251,food,,5,bigquery,
CINÉPOLIS NORTE SUL PLAZA,Cinépolis Norte Sul Plaza,ChIJC8jEzA3mhpQRbgWMKgk6gSk,NORTE SUL PLAZA SHOPPING  AV. PRES. ERNESTO GEISEL  2300 - JARDIM JOQUEI CLUB  CAMPO GRANDE - MS  79080-105  BRASIL,Campo Grande,,MS,BR,79080-105,-20.4800758,-54.626622,"movie_theater,point_of_interest,establishment",,5,bigquery,
CAPIM DOURADO SHOPPING,Capim Dourado Shopping,ChIJCXNQqLzLJJMRQYgThVcwAzc,Q. 107 NORTE AVENIDA NS 5  S/N - PLANO DIRETOR NORTE  PALMAS - TO  77001-098  BRASIL,Palmas,,TO,BR,77001-098,-10.1829168,-48.3482201,"shopping_mall,post_office,movie_theater,police,food,point_of_interest,bank,finance,establishment",,5,bigquery,
CINESYSTEM CINEMAS,Cinesystem Cinemas,ChIJCZXZJc2bEZUR2gUF65PFWH4,R. JOCKEY CLUBE  155 - VILA SAO MIGUEL  RIO GRANDE - RS  96212-730  BRASIL,Rio Grande,,RS,BR,96212-730,-32.0523334,-52.1484761,"movie_theater,point_of_interest,establishment",,5,bigquery,
CINEFLIX SHOPPING BOTUCATU,Cineflix Shopping Botucatu,ChIJCf8kVybfxpQR0iAOTb2aqNk,SHOPPING BOTUCATU AVENIDA MARGINAL DUZENTOS  1050 - VILA REAL  BOTUCATU - SP  18606-294  BRASIL,Botucatu,,SP,BR,18606-294,-22.9152671,-48.4644354,"movie_theater,point_of_interest,establishment",,5,bigquery,
CINEMA SÃO LUIZ,Cinema São Luiz,ChIJCyC42LgYqwcRcDWll-BtyzY,R. DA AURORA  175 - BOA VISTA  RECIFE - PE  50050-000  BRASIL,Recife,,PE,BR,50050-000,-8.0622538,-34.8819341,"movie_theater,point_of_interest,establishment",,5,bigquery,
CINECARIOCA MÉIER,Cinecarioca Méier,ChIJCzEU26R9mQARZAb9Yx0vAUk,R. DIAS DA CRUZ  170 - MÉIER  RIO DE JANEIRO - RJ  20720-012  BRASIL,Rio de Janeiro,,RJ,BR,20720-012,-22.9025545,-43.2820679,"movie_theater,point_of_interest,establishment",,5,bigquery,
CONCHA ACÚSTICA DO MUSEU,Concha Acústica Do Museu,ChIJD6m7wP5izJQRou5zrWBVFYo,12460-000  CAMPOS DO JORDÃO - SP  BRAZIL,Campos do Jordão,,SP,BR,12460-000,-22.7424436,-45.6346577,"movie_theater,point_of_interest,establishment",,5,bigquery,
CINÉPOLIS,Cinépolis,ChIJD7G-yVoe35QRhQGf_rlESSI,RODOVIA BR 470  3000 - SALA COMERCIAL 49 A 54 - SALTO NORTE  BLUMENAU - SC  89065-800  BRASIL,Blumenau,,SC,BR,89065-800,-26.8639526,-49.0939104,"movie_theater,point_of_interest,establishment",,5,bigquery,
BOULEVARD SHOPPING BELO HORIZONTE,Boulevard Shopping Belo Horizonte,ChIJD9ag9IOZpgAR6vZX26nqLJ0,AV. DOS ANDRADAS  3000 - SANTA EFIGÊNIA  BELO HORIZONTE - MG  30260-070  BRASIL,Belo Horizonte,,MG,BR,30260-070,-19.9206819,-43.9201173,"shopping_mall,movie_theater,point_of_interest,establishment",,5,bigquery,
CINÉPOLIS MANAÍRA,Cinépolis Manaíra,ChIJDYRjwm3drAcRdcB5OOtNO-w,MANAÍRA SHOPPING  AV. GOV. FLÁVIO RIBEIRO COUTINHO  805 - MANAÍRA  JOÃO PESSOA - PB  58037-900  BRASIL,João Pessoa,,PB,BR,58037-900,-7.0986549,-34.8444959,"movie_theater,point_of_interest,establishment",,5,bigquery,
CINESYSTEM,Cinesystem,ChIJDc0gQOxE65QR_lBNEiXtfj0,R. AMÉRICO DEOLINDO GARLA  224 - PACAEMBU  LONDRINA - PR  86079-225  BRASIL,Londrina,,PR,BR,86079-225,-23.2868071,-51.1516321,"movie_theater,point_of_interest,establishment",,5,bigquery,
SHOPPING RIOMAR FORTALEZA,Shopping Riomar Fortaleza,ChIJE4p28jFGxwcRA44wuYTz488,R. DES. LAURO NOGUEIRA  1500 - PAPICU  FORTALEZA - CE  60175-055  BRASIL,Fortaleza,,CE,BR,60175-055,-3.7413915,-38.4723335,"shopping_mall,movie_theater,point_of_interest,establishment",,5,bigquery,
CINEMA CINEMARK,Cinema Cinemark,ChIJET9iBo8tWpMRpCP80CGhctg,QS 1  40 - TAGUATINGA  BRASÍLIA - DF  71950-904  BRASIL,Brasília,,DF,BR,71950-904,-15.8406206,-48.0426835,Entertainment,,5,bigquery,
CINEMA CINEMARK,Cinema Cinemark,ChIJEWKCYcXj3JQRDnMWnEHRJ-0,RUA PROFESSOR PEDRO VIRIATO PARIGOT DE SOUZA  600 PISO SUPERIOR - MOSSUNGUÊ  CURITIBA - PR  81200-100  BRASIL,Curitiba,,PR,BR,81200-100,-25.4346705,-49.3158037,Entertainment,,5,bigquery,
CINEMA CINEMARK,Cinema Cinemark,ChIJEft3Amw1zJQRtOm7-9Jifi4,AV. DEP. BENEDITO MATARAZZO  9403 - LJ. T 114 - JARDIM OSWALDO CRUZ  SÃO JOSÉ DOS CAMPOS - SP  12215-900  BRASIL,São José dos Campos,,SP,BR,12215-900,-23.1997222,-45.8827778,Entertainment,,5,bigquery,
CINEMA CINEMARK,Cinema Cinemark,ChIJF2JHl2TzXpMRImBn2iboJu0,AVENIDA PERIMETRAL NORTE  8303 ÁREA B - JARDIM DIAMANTINA  GOIÂNIA - GO  74445-360  BRASIL,Goiânia,,GO,BR,74445-360,-16.6305656,-49.2779893,Entertainment,,5,bigquery,
CENTERPLEX - SHOPPING CARPINA,Centerplex - Shopping Carpina,ChIJF8XwXq6hqwcRa-56cFAuxxM,PE-041  KM 02 - BAIRRO NOVO  CARPINA - PE  55819-900  BRASIL,Carpina,,PE,BR,55819-900,-7.8357377,-35.2260399,"movie_theater,point_of_interest,establishment",,5,bigquery,
CINE ARAÚJO,Cine Araújo,ChIJFfr-Im3UvQARmu9N40SBrF0,R. DR. SILVIO BASTOS TAVARES  330 - LOJA 106 - PARQUE DOS RODOVIÁRIOS  CAMPOS DOS GOYTACAZES - RJ  28051-250  BRASIL,Campos dos Goytacazes,,RJ,BR,28051-250,-21.7541485,-41.3492198,"movie_theater,point_of_interest,establishment",,5,bigquery,
CINEPOLIS - ITAQUA GARDEN SHOPPING,Cinepolis - Itaqua Garden Shopping,ChIJFws914B8zpQRtL6-eCXzYuU,ITAQUÁ PARK SHOPPING - ESTR. MUN. DO MANDI  1205 - MANDI  ITAQUAQUECETUBA - SP  08598-730  BRASIL,Itaquaquecetuba,,SP,BR,08598-730,-23.4753767,-46.3263203,"movie_theater,point_of_interest,establishment",,5,bigquery,
KINOPLEX VIA PARQUE,Kinoplex Via Parque,ChIJG4ySFSzamwARbgHMy2H7hk0,2º ANDAR VIA PARQUE SHOPPING  AV. AYRTON SENNA  3000 - BARRA DA TIJUCA  RIO DE JANEIRO - RJ  22775-904  BRASIL,Rio de Janeiro,,RJ,BR,22775-904,-22.9825984,-43.3641999,"movie_theater,point_of_interest,establishment",,5,bigquery,
CINEMA CINE ARAÚJO,Cinema Cine Araújo,ChIJG8d2JfTR7JQRKIZrzYerH80,AV. SÃO PAULO  743 - CENTRO  MARINGÁ - PR  87030-040  BRASIL,Maringá,,PR,BR,87030-040,-23.4201234,-51.932006,"movie_theater,point_of_interest,establishment",,5,bigquery,
KINOPLEX RIOSUL,Kinoplex Riosul,ChIJGbC2UPh_mQAR_qbz53NxpWg,AVENIDA LAURO SODRÉ  445 - 401- PARTE DC01 - BOTAFOGO  RIO DE JANEIRO - RJ  22290-070  BRASIL,Rio de Janeiro,,RJ,BR,22290-070,-22.9576084,-43.1770719,"movie_theater,point_of_interest,establishment",,5,bigquery,
CINESYSTEM CINEMAS,Cinesystem Cinemas,ChIJGboHeC0-uAARxzdsNmhFJDA,BOULEVARD SHOPPING END  ROD. DO SOL  5000 - JOCKEY DE ITAPARICA  VILA VELHA - ES  29103-800  BRASIL,Vila Velha,,ES,BR,29103-800,-20.3917296,-40.31841,"movie_theater,point_of_interest,establishment",,5,bigquery,
KINOPLEX SÃO LUIZ,Kinoplex São Luiz,ChIJH0Zg14Z_mQARIpahevSjHIA,R. DO CATETE  311 - CATETE  RIO DE JANEIRO - RJ  22220-901  BRASIL,Rio de Janeiro,,RJ,BR,22220-901,-22.9307748,-43.17718,"movie_theater,point_of_interest,establishment",,5,bigquery,
CINEMARK,Cinemark,ChIJH6ZisJdYzpQRSrZL-nBTyOg,PISO SUPERIOR - AV. OTTO BAUMGART  500 - LOJA 320 - VILA GUILHERME  SÃO PAULO - SP  02049-000  BRASIL,São Paulo,,SP,BR,02049-000,-23.5142421,-46.6152343,"movie_theater,point_of_interest,establishment",,5,bigquery,
MOVIEMAX ROSA E SILVA,Moviemax Rosa E Silva,ChIJHTLM4PgYqwcR5X9LBSJADIY,AV. CONSELHEIRO ROSA E SILVA  1460 - AFLITOS  RECIFE - PE  52050-020  BRASIL,Recife,,PE,BR,52050-020,-8.0387767,-34.8997435,"movie_theater,point_of_interest,establishment",,5,bigquery,
PARTAGE NORTE SHOPPING NATAL,Partage Norte Shopping Natal,ChIJHVwXhESqswcRMbEfN9HNUHw,AV. DR. JOÃO MEDEIROS FILHO  2395 - POTENGI  NATAL - RN  59110-200  BRASIL,Natal,,RN,BR,59110-200,-5.7576551,-35.2471069,"shopping_mall,department_store,beauty_salon,book_store,movie_theater,gym,restaurant,food,hair_care,point_of_interest,clothing_store,store,health,establishment",,5,bigquery,
KINOPLEX SHOPPING LEBLON,Kinoplex Shopping Leblon,ChIJHddaBazVmwARnWHp0EJYARg,AV. AFRÂNIO DE MELO FRANCO  290 - LJ. 401 - LEBLON  RIO DE JANEIRO - RJ  22430-060  BRASIL,Rio de Janeiro,,RJ,BR,22430-060,-22.9820906,-43.2172502,"movie_theater,point_of_interest,establishment",,5,bigquery,
SHOPPING VIACATARINA,Shopping Viacatarina,ChIJHz8aEKU1J5URpCuuR35R3lE,AV. ATÍLIO PEDRO PAGANI  270 - PASSA VINTE  PALHOÇA - SC  88132-149  BRASIL,Palhoça,,SC,BR,88132-149,-27.6420548,-48.6713825,"shopping_mall,movie_theater,point_of_interest,establishment",,5,bigquery,
CINE ARAÚJO,Cine Araújo,ChIJI3W5KPsYuAARzG0JjVRq2hc,AV. JOÃO PALÁCIO  300 - EURICO SALLES  SERRA - ES  29160-161  BRASIL,Vitória,,ES,BR,29160-161,-20.2399292,-40.2747764,"movie_theater,point_of_interest,establishment",,5,bigquery,
CINEMA CINEMARK,Cinema Cinemark,ChIJI3dAFbclWpMRnWzQJQj5xqU,SCES  TRECHO 2 CJ. 32 - 1º PAVIMENTO - ASA SUL  BRASÍLIA - DF  70310-500  BRASIL,Brasília,,DF,BR,70310-500,-15.8181082,-47.8748305,Entertainment,,5,bigquery,
CINEMARK,Cinemark,ChIJI9r-1o1YzpQR7YoD4lm6wgQ,AVENIDA CRUZEIRO DO SUL  1100 PISO SUPERIOR - PTE. PEQUENA  SANTANA - SP  03033-020  BRASIL,São Paulo,,SP,BR,03033-020,-23.5214577,-46.6235706,"movie_theater,point_of_interest,establishment",,5,bigquery,
CINÉPOLIS RIO DESIGN BARRA,Cinépolis Rio Design Barra,ChIJIXl5QaLbmwARsDSOE7lQYOA,SHOPPING RIO DESIGN - AV. DAS AMÉRICAS  7777 - BARRA DA TIJUCA  RIO DE JANEIRO - RJ  22793-081  BRASIL,Rio de Janeiro,,RJ,BR,22793-081,-23.0010964,-43.3861778,"movie_theater,point_of_interest,establishment",,5,bigquery,
CINÉPOLIS - NATAL SHOPPING,Cinépolis - Natal Shopping,ChIJIb5MF3__sgcRBxYg1eGk3AI,AV. SEN. SALGADO FILHO  2234 - LOJA 400 - CANDELÁRIA  NATAL - RN  59064-900  BRASIL,Natal,,RN,BR,59064-900,-5.8419251,-35.2105987,"movie_theater,point_of_interest,establishment",,5,bigquery,
BOULEVARD SHOPPING BAURU,Boulevard Shopping Bauru,ChIJJ-O0_Ltnv5QR3UpohSMGsF4,R. MARCONDES SALGADO  QUADRA 11 - CHÁCARA DAS FLORES  BAURU - SP  17013-113  BRASIL,Bauru,,SP,BR,17013-113,-22.3164844,-49.0662543,"shopping_mall,movie_theater,point_of_interest,establishment",,5,bigquery,
CINESYSTEM SÃO PAULO SHOPPING MORUMBI TOWN,Cinesystem São Paulo Shopping Morumbi Town,ChIJJ1d4-E9RzpQRMfh6T_o1YJU,AV. GIOVANNI GRONCHI  5930 - PISO 2 - VILA ANDRADE  SÃO PAULO - SP  05724-002  BRASIL,São Paulo,,SP,BR,05724-002,-23.6319444,-46.7375,"movie_theater,point_of_interest,establishment",,5,bigquery,
CINÉPOLIS PONTA NEGRA,Cinépolis Ponta Negra,ChIJJ42ECa8RbJIRvKOiuEWBGvU,AV. CORONEL TEIXEIRA  5705 - PONTA NEGRA  MANAUS - AM  69037-000  BRASIL,Manaus,,AM,BR,69037-000,-3.0847834,-60.0724147,"movie_theater,point_of_interest,establishment",,5,bigquery,
CINEART,Cineart,ChIJJajkFpi1EZURCl8XrwubMKg,SHOPPING CALÇADÃO  R. ANDRADE NEVES  1934  PELOTAS - RS  96015-280  BRASIL,Pelotas,,RS,BR,96015-280,-31.7667206,-52.3412083,"movie_theater,point_of_interest,establishment",,5,bigquery,
CINÉPOLIS PLAZA CARAPICUÍBA,Cinépolis Plaza Carapicuíba,ChIJJxZgVzoAz5QRJBvF7fGSPDE,ESTRADA ERNESTINA VIEIRA  149 LOJA 301 - PISO 3 - VILA SILVIANIA  CARAPICUÍBA - SP  06382-260  BRASIL,Carapicuíba,,SP,BR,06382-260,-23.5531014,-46.8376108,"movie_theater,point_of_interest,establishment",,5,bigquery,
SHOPPING CERRADO,Shopping Cerrado,ChIJJycR2ED0XpMRp2fazwuxnCk,AV. ANHANGUERA  10790 - AEROVIARIO  GOIÂNIA - GO  74435-090  BRASIL,Goiânia,,GO,BR,74435-090,-16.6663008,-49.3084551,"shopping_mall,movie_theater,point_of_interest,establishment",,5,bigquery,
ANTONIO DO CINEMA,Antonio Do Cinema,ChIJK0tNbySbrgcRGqvCAsbQjeY,RUA PADRE IBIAPINA PREDIO - CENTRO  POCINHOS - PB  58150-000  BRASIL,Pocinhos,,PB,BR,58150-000,-7.0786112,-36.059739,"museum,point_of_interest,establishment",,5,bigquery,
CINÉPOLIS METRÔ ITAQUERA,Cinépolis Metrô Itaquera,ChIJK6HpftpmzpQRg5nGy8aMi0U,AV. JOSÉ PINHEIRO BORGES  390 - CIDADE ANTÔNIO ESTÊVÃO DE CARVALHO  SÃO PAULO - SP  08220-900  BRASIL,São Paulo,,SP,BR,08220-900,-23.5402727,-46.4687481,"movie_theater,point_of_interest,establishment",,5,bigquery,
TEATRO ANTÔNIO FAGUNDES,Teatro Antônio Fagundes,ChIJKV_TWDPamwARad_X_52WJ1w,CENTRO DE EDUCAÇÃO E CULTURA - CEC BARRA - AV. AYRTON SENNA  2541 A - BARRA DA TIJUCA  RIO DE JANEIRO - RJ  20090-001  BRASIL,Rio de Janeiro,,RJ,BR,20090-001,-22.9899889,-43.3670804,"movie_theater,point_of_interest,establishment",,5,bigquery,
CINÉPOLIS SHOPPING GUARARAPES,Cinépolis Shopping Guararapes,ChIJL7saaLrhqgcRHv8343t2tvs,SHOPPING GUARARAPES  AV. BARRETO DE MENEZES  800 - PIEDADE  JABOATÃO DOS GUARARAPES - PE  54410-100  BRASIL,Jaboatão dos Guararapes,,PE,BR,54410-100,-8.1666135,-34.9191969,"movie_theater,point_of_interest,establishment",,5,bigquery,
CINEMA CINEMARK,Cinema Cinemark,ChIJLSihJcNezpQRkzDolXjvUrc,RUA GONÇALVES CRESPO  78 S/N  LOJAS 420/421 - TATUAPÉ  SÃO PAULO  03066-030  BRASIL,São Paulo,,SP,BR,03066-030,-23.5390007,-46.5758726,Entertainment,,5,bigquery,
CINEXTREME,Cinextreme,ChIJLVGBsVSlNQcRs_s8mXIsypo,AV. BRASIL  1123  ITAMARAJU - BA  45836-000  BRASIL,Itamaraju,,BA,BR,45836-000,-17.0352783,-39.532894,"movie_theater,point_of_interest,establishment",,5,bigquery,
CINEMA CINEMARK,Cinema Cinemark,ChIJLZNKOKE5WpMRbGNN4Cxg5XU,ST SHI/NORTE  QUADRA CA-04 BLOCO A LOTE A  PISO SUPERIOR  LOJA 162 B - LAGO NORTE  BRASÍLIA - DF  71503-504  BRASIL,Brasília,,DF,BR,71503-504,-15.7212316,-47.8862879,Entertainment,,5,bigquery,
CINEMA CINEMARK,Cinema Cinemark,ChIJLxLdlT_amwARCAqWmIJR09g,AV. DAS AMÉRICAS  3900 - BARRA DA TIJUCA  RIO DE JANEIRO - RJ  22640-102  BRASIL,Rio de Janeiro,,RJ,BR,22640-102,-22.9983801,-43.3510736,Entertainment,,5,bigquery,
CINEPLEX CINEMAS PRADO BOULEVARD CAMPINAS,Cineplex Cinemas Prado Boulevard Campinas,ChIJMR2ebc_OyJQRW4I5tfOtumY,AV. WASHINGTON LUIZ  2480 - VILA MARIETA  CAMPINAS - SP  13042-105  BRASIL,Campinas,,SP,BR,13042-105,-22.9376823,-47.0495912,"movie_theater,point_of_interest,establishment",,5,bigquery,
CINÉPOLIS PARQUE SHOPPING BARUERI,Cinépolis Parque Shopping Barueri,ChIJMx2X64UBz5QR4fMBVXzMV9I,PARQUE BARUERI - R. GEN. DE DIVISÃO PEDRO RODRIGUES DA SILVA  400 - NOVA ALDEINHA  BARUERI - SP  06440-180  BRASIL,Barueri,,SP,BR,06440-180,-23.5156158,-46.855552,"movie_theater,point_of_interest,establishment",,5,bigquery,
CINÉPOLIS RIOMAR KENNEDY,Cinépolis Riomar Kennedy,ChIJN8ayI4dJxwcRQDOPQpgVQN8,AV. SGT. HERMÍNIO SAMPAIO  3100 - 3001 - PRES. KENNEDY  FORTALEZA - CE  60320-504  BRASIL,Fortaleza,,CE,BR,60320-504,-3.7260491,-38.5674728,"movie_theater,point_of_interest,establishment",,5,bigquery,
SHOPPING METR ITAQUERA  CINPOLIS BOX ITAQUERA,Shopping Metr Itaquera Cinpolis Box Itaquera,ChIJNa32T9pmzpQRhNmifA5mzXo,CIDADE ANTÔNIO ESTÊVÃO DE CARVALHO  SÃO PAULO - SP  BRASIL,São Paulo,,SP,BR,,-23.5402959,-46.4689976,"movie_theater,point_of_interest,establishment",,5,bigquery,
KINOPLEX IGUAÇU TOP,Kinoplex Iguaçu Top,ChIJNxVPZKhnmQAR_vz1Dto2ORs,AV. GOV. ROBERTO SILVEIRA  540 - LOJA 401 - CENTRO  NOVA IGUAÇU - RJ  26285-060  BRASIL,Nova Iguaçu,,RJ,BR,26285-060,-22.7527475,-43.4540358,"movie_theater,point_of_interest,establishment",,5,bigquery,
CINEFLIX SHOPPING SUL VALPARAÍSO,Cineflix Shopping Sul Valparaíso,ChIJO2uYPWiEWZMRHLA4Z54wr84,BR-040  12 - PARQUE ESPLANADA III  VALPARAÍSO DE GOIÁS - GO  72876-902  BRASIL,Valparaíso de Goiás,,GO,BR,72876-902,-16.0790049,-47.9837092,"movie_theater,point_of_interest,establishment",,5,bigquery,
CAFÉ DE BULE - CASA DE CAFÉ  CULTURA E COMIDA AFETIVA,Café De Bule - Casa De Café Cultura E Comida Afetiva,ChIJOSSGS0JwcwcRBEcVoEw8mqI,R. ANTÔNIO SANTANA FILHO  353 - CENTRO  PETROLINA - PE  56302-300  BRAZIL,Petrolina,,PE,BR,56302-300,-9.3986202,-40.4990268,"cafe,movie_theater,store,point_of_interest,food,establishment",,5,bigquery,
MACAPÁ SHOPPING,Macapá Shopping,ChIJOTjoHAXhYY0Rl1n2cYIbBwE,R. LEOPOLDO MACHADO  2334 - TREM  MACAPÁ - AP  68901-971  BRASIL,Macapá,,AP,BR,68901-971,0.0311847,-51.0630388,"shopping_mall,movie_theater,point_of_interest,establishment",,5,bigquery,
CINE METHA - GLAUBER ROCHA,Cine Metha - Glauber Rocha,ChIJOU0Keu4EFgcR2Tm3tRtywOQ,PRAÇA CASTRO ALVES  5 - CENTRO  SALVADOR - BA  40020-160  BRASIL,Salvador,,BA,BR,40020-160,-12.9772187,-38.5143266,"movie_theater,point_of_interest,establishment",,5,bigquery,
INSTITUTO ROQUE ARAÚJO DE CINEMA E AUDIOVISUAL/MUSEU DO CINEMA,Instituto Roque Araújo De Cinema E Audiovisual/Museu Do Cinema,ChIJP6PoQGPHFQcR8kxbX2-CWtk,PTE. DOM PEDRO L.  115 - 1  CACHOEIRA - BA  44300-000  BRASIL,Cachoeira,,BA,BR,44300-000,-12.6024758,-38.9678651,"museum,point_of_interest,establishment",,5,bigquery,
KINOPLEX,Kinoplex,ChIJP9VUhZaN9gcR_rKVXJeVgCM,05 GLEBA TRAVESSA  AV. DOS HOLANDESES  200 - LOJA 7 - QUINTAS DO CALHAU  SÃO LUÍS - MA  65071-380  BRASIL,São Luís,,MA,BR,65071-380,-2.489921,-44.26415,"movie_theater,point_of_interest,establishment",,5,bigquery,
TERRAÇO SHOPPING,Terraço Shopping,ChIJPzMFqbsxWpMRGSYc80o9oPg,SHC AOS ENTREQUADRAS 2/8 LOTE 5  OCTOGONAL - SUL  BRASÍLIA - DF  70660-900  BRASIL,Brasília,,DF,BR,70660-900,-15.8035862,-47.9403387,"shopping_mall,movie_theater,point_of_interest,establishment",,5,bigquery,
CINEMA CINEMARK,Cinema Cinemark,ChIJQ0ZD9xwbFgcR7OAEtvHZyMo,AV. TANCREDO NEVES  2915 - LOJA 3005 - CAMINHO DAS ÁRVORES  SALVADOR - BA  41820-910  BRASIL,Salvador,,BA,BR,41820-910,-12.9781514,-38.4552146,Entertainment,,5,bigquery,
SHOPPING TRÊS LAGOAS,Shopping Três Lagoas,ChIJQ0ZLLbyZkJQRmQmr8AOxqfo,AV: JAMIL JORGE SALOMÃO  3807 - PORTAL DAS ARARAS  TRÊS LAGOAS - MS  79644-900  BRASIL,Três Lagoas,,MS,BR,79644-900,-20.7579203,-51.6952104,"shopping_mall,movie_theater,point_of_interest,establishment",,5,bigquery,
CINÉPOLIS MILLENNIUM SHOPPING,Cinépolis Millennium Shopping,ChIJQ9JfdKAbbJIRsIqY3v-OY0Q,AV. DJALMA BATISTA  1661  PISO G3  LOJA 02 - CHAPADA  MANAUS - AM  69050-010  BRASIL,Manaus,,AM,BR,69050-010,-3.1015288,-60.0251491,"movie_theater,point_of_interest,establishment",,5,bigquery,
KINOPLEX GRANDE RIO,Kinoplex Grande Rio,ChIJQazLj_pkmQARTXk7IDbzm-E,R. MARIA SOARES SENDAS  111 - CENTRO  SÃO JOÃO DE MERITI - RJ  25575-825  BRASIL,São João de Meriti,,RJ,BR,25575-825,-22.798839,-43.3515204,"movie_theater,point_of_interest,establishment",,5,bigquery,
KINOPLEX ITAIM,Kinoplex Itaim,ChIJQfmIll5XzpQRhwD3MNmWq40,R. JOAQUIM FLORIANO  462 - LOJA 29 - ITAIM BIBI  SÃO PAULO - SP  04534-002  BRASIL,São Paulo,,SP,BR,04534-002,-23.5843727,-46.6752334,"movie_theater,point_of_interest,establishment",,5,bigquery,
CINÉPOLIS PATTEO OLINDA,Cinépolis Patteo Olinda,ChIJQwtrfkc9qwcRmVp70hyst3M,R. EDUARDO DE MORAIS  S/N - CASA CAIADA  OLINDA - PE  53130-150  BRASIL,Olinda,,PE,BR,53130-150,-7.99357,-34.84041,"movie_theater,point_of_interest,establishment",,5,bigquery,
CINÉPOLIS PARQUE BELÉM,Cinépolis Parque Belém,ChIJQxuC19dhpJIRXmqWtfO_UgE,PARQUE SHOPPING BELÉM  AV. AUGUSTO MONTENEGRO  4300 - 2026 - PARQUE VERDE  BELÉM - PA  66635-110  BRASIL,Belém,,PA,BR,66635-110,-1.3704983,-48.4463079,"movie_theater,point_of_interest,establishment",,5,bigquery,
CINÉPOLIS,Cinépolis,ChIJR2g48dCznZMRSiAqIITfJho,AV. MIGUEL SUTIL  9300 - L66 - DUQUE DE CAXIAS  CUIABÁ - MT  78020-160  BRASIL,Cuiabá,,MT,BR,78020-160,-15.5901796,-56.120849,"movie_theater,point_of_interest,establishment",,5,bigquery,
CINÉPOLIS IGUATEMI ESPLANADA,Cinépolis Iguatemi Esplanada,ChIJRU9GnW-KxZQRRgdW_UiLVcc,AVENIDA GISELE CONSTANTINO ALAMEDA IGUATEMI ESPLANADA  1850 SHOP 300 - SOUTH WING - GROUND FLOOR - PARQUE BELA VISTA  SP  18110-902  BRASIL,Votorantim,,SP,BR,18110-902,-23.5355114,-47.4636835,"movie_theater,point_of_interest,establishment",,5,bigquery,
RIOMAR RECIFE: SHOPPING  CINEMA  RESTAURANTE  LOJAS EM RECIFE PE,Riomar Recife: Shopping Cinema Restaurante Lojas Em Recife Pe,ChIJRXxg7DsfqwcRTWwjGuZLtPk,AV. REPÚBLICA DO LÍBANO  251 - PINA  RECIFE - PE  51110-160  BRASIL,Recife,,PE,BR,51110-160,-8.086054,-34.8947486,"shopping_mall,point_of_interest,establishment",,5,bigquery,
BURITI SHOPPING RIO VERDE,Buriti Shopping Rio Verde,ChIJRfKmNWTcYZMREg8L1DxGvoE,BR-060  1044 - JARDIM CAMPESTRE  RIO VERDE - GO  75907-580  BRASIL,Rio Verde,,GO,BR,75907-580,-17.8185944,-50.9439396,"shopping_mall,movie_theater,point_of_interest,establishment",,5,bigquery,
SUMAÚMA PARK SHOPPING,Sumaúma Park Shopping,ChIJRfXasH8ZbJIRJGGpHJQXkmI,AV. NOEL NUTELS  1762 - CIDADE NOVA  MANAUS - AM  69095-000  BRASIL,Manaus,,AM,BR,69095-000,-3.0302757,-59.978123,"shopping_mall,movie_theater,clothing_store,home_goods_store,food,point_of_interest,store,establishment",,5,bigquery,
CINEMA CINEMARK,Cinema Cinemark,ChIJSwQmD3JCFgcRwAT7pjCMyRA,RODOVIA BA-535  S/N PISO L2 INDUSTRIA VIA PARAFUSO  S/N - PONTO CERTO  CAMAÇARI - BA  42800-970  BRASIL,Camaçari,,BA,BR,42800-970,-12.7114129,-38.3055044,Entertainment,,5,bigquery,
KINOPLEX PARQUE DA CIDADE,Kinoplex Parque Da Cidade,ChIJSx18-WVRzpQRg5MzAASC5yw,AV. DAS NAÇÕES UNIDAS  14401 - LOJA 301 - CHÁCARA SANTO ANTÔNIO  ZONA SUL   SÃO PAULO - SP  04794-000  BRASIL,São Paulo,,SP,BR,04794-000,-23.6258479,-46.7058781,"movie_theater,point_of_interest,establishment",,5,bigquery,
CINEMA CINEMARK,Cinema Cinemark,ChIJT-fRKam4uZQRhnrXMgbMGKY,NOVO SHOPPING CENTER  AV. PRES. KENNEDY  1500 - RIBEIRÂNIA  SP  14096-901  BRASIL,Ribeirão Preto,,SP,BR,14096-901,-21.2068481,-47.7664238,Entertainment,,5,bigquery,
CINEMARK,Cinemark,ChIJT4Ekvat6GZURTAEjKY2XPgo,ÁREA DE CINEMAS - AV. GUILHERME SCHELL  6750 - CENTRO  CANOAS - RS  92310-001  BRASIL,Canoas,,RS,BR,92310-001,-29.910751,-51.1834743,"movie_theater,point_of_interest,establishment",,5,bigquery,
CINÉPOLIS PLAZA AVENIDA,Cinépolis Plaza Avenida,ChIJT9EnfZiyvZQRiKc8ZLsXdaI,PLAZA AVENIDA SHOPPING  AV. JOSÉ MUNIA  4775 - 3216-6606 - JARDIM REDENTOR  SÃO JOSÉ DO RIO PRETO - SP  15085-350  BRASIL,São José do Rio Preto,,SP,BR,15085-350,-20.82802,-49.3861579,"movie_theater,point_of_interest,establishment",,5,bigquery,
CINEFLIX SHOPPING PARK CITY SUMARÉ,Cineflix Shopping Park City Sumaré,ChIJU5i0x1G9yJQRbE2MHiIDe44,AV. REBOUÇAS  3400 - JARDIM PAULISTA  SUMARÉ - SP  13170-023  BRASIL,Sumaré,,SP,BR,13170-023,-22.8305694,-47.2661611,"movie_theater,point_of_interest,establishment",,5,bigquery,
CINÉPOLIS IGUATEMI SÃO JOSE DO RIO PRETO,Cinépolis Iguatemi São Jose Do Rio Preto,ChIJUSRjuFKyvZQRG2AoJg1fPkA,AV. PRES. JUSCELINO K. DE OLIVEIRA  5000 - RES. ECO VILLAGE I  SÃO JOSÉ DO RIO PRETO - SP  15093-270  BRASIL,São José do Rio Preto,,SP,BR,15093-270,-20.8669115,-49.4148858,"movie_theater,point_of_interest,establishment",,5,bigquery,
GNC CINEMAS,Gnc Cinemas,ChIJUZptpp53GZUR2Xrr1bBzAxU,AV. JOÃO WALLIG  1800 - PASSO D'AREIA  PORTO ALEGRE - RS  91340-000  BRASIL,Porto Alegre,,RS,BR,91340-000,-30.0247222,-51.1619444,"movie_theater,point_of_interest,establishment",,5,bigquery,
KINOPLEX,Kinoplex,ChIJVQK2iKhnmQAR-C0sl-q_kiU,AV. GOV. ROBERTO SILVEIRA  554 - CENTRO  NOVA IGUAÇU - RJ  26210-224  BRASIL,Nova Iguaçu,,RJ,BR,26210-224,-22.7536345,-43.4546044,"movie_theater,point_of_interest,establishment",,5,bigquery,
CINESYSTEM CINEMAS,Cinesystem Cinemas,ChIJVQO39OzfmwARpQfbaTYOoOI,R. FONSECA  240 - BANGU  RIO DE JANEIRO - RJ  21820-005  BRASIL,Rio de Janeiro,,RJ,BR,21820-005,-22.8789611,-43.4667052,"movie_theater,point_of_interest,establishment",,5,bigquery,
CINÉPOLIS TRÊS LAGOAS,Cinépolis Três Lagoas,ChIJVRlQrOCZkJQRLePYTD1Ecf4,RODOVIA BR-158 163 KM 01 SHOPPING TRÊS LAGOAS  LOJA ANCORA  L025 - JARDIM SANTA LOUDERS  TRÊS LAGOAS - MS  BRASIL,Três Lagoas,,MS,BR,,-20.7572788,-51.6957613,"movie_theater,point_of_interest,establishment",,5,bigquery,
CINEART ITAÚPOWER SHOPPING,Cineart Itaúpower Shopping,ChIJVSYnc-OVpgARJWdv1zore1A,F2  AV. GENERAL DAVID SARNOFF  5160 - 2º ANDAR - CIDADE INDUSTRIAL  CONTAGEM - MG  32210-110  BRASIL,Contagem,,MG,BR,32210-110,-19.946444,-44.0209297,"movie_theater,point_of_interest,establishment",,5,bigquery,
UCI KINOPLEX NORTE SHOPPING,Uci Kinoplex Norte Shopping,ChIJVVVVpVN8mQAR2fqp7JpyPCU,AV. DOM HÉLDER CÂMARA  5474 - 1º PISO - CACHAMBI  RIO DE JANEIRO - RJ  20771-004  BRASIL,Rio de Janeiro,,RJ,BR,20771-004,-22.8866614,-43.2817346,"movie_theater,point_of_interest,establishment",,5,bigquery,
CINÉPOLIS SHOPPING CERRADO,Cinépolis Shopping Cerrado,ChIJVZRCu0D0XpMRYgeWI-LdBsE,PISO 2 SHOPPING CERRADO  AV. ANHANGUERA  10790 - AEROVIARIO  GOIÂNIA - GO  74435-300  BRASIL,Goiânia,,GO,BR,74435-300,-16.6665931,-49.3085913,"movie_theater,point_of_interest,establishment",,5,bigquery,
SALADEARTE CINE PASEO,Saladearte Cine Paseo,ChIJW2PrOUQbFgcRZ1vpNGWO9eU,RUA RUBENS GUELLI  135 - PITUBA  SALVADOR - BA  41815-135  BRASIL,Salvador,,BA,BR,41815-135,-12.9954331,-38.471118,"movie_theater,point_of_interest,establishment",,5,bigquery,
CINE UNIMED,Cine Unimed,ChIJW4Vxa8tCuQARPCHMMe9WWkk,AV. FRANCISCO LACERDA DE AGUIAR  382 - PARAÍSO  CACHOEIRO DE ITAPEMIRIM - ES  29304-048  BRASIL,Cachoeiro de Itapemirim,,ES,BR,29304-048,-20.858265,-41.120815,"movie_theater,point_of_interest,establishment",,5,bigquery,
CINESYSTEM CINEMAS,Cinesystem Cinemas,ChIJWaKG9On4iJIRfmUF2ovhvS8,AV. ENG. FERNANDO GUILHON  S/N - SANTARENZINHO  SANTARÉM - PA  68035-000  BRASIL,Santarém,,PA,BR,68035-000,-2.4479887,-54.7573649,"movie_theater,point_of_interest,establishment",,5,bigquery,
CINEMA CINEMARK,Cinema Cinemark,ChIJWbVntXxD65QRwVhVp4AsCzE,AV. THEODORO VICTORELLI  150 - INTERLAGOS  LONDRINA - PR  86027-750  BRASIL,Londrina,,PR,BR,86027-750,-23.3123633,-51.1482225,Entertainment,,5,bigquery,
SHOPPING DEL PASEO: CINEMA  RESTAURANTES  LOJAS  SUPERMERCADO  FORTALEZA CE,Shopping Del Paseo: Cinema Restaurantes Lojas Supermercado Fortaleza Ce,ChIJWySRGIhIxwcRJgnyI__DCcQ,AV. SANTOS DUMONT  3131 - ALDEOTA  FORTALEZA - CE  60150-165  BRASIL,Fortaleza,,CE,BR,60150-165,-3.736223,-38.49676,"shopping_mall,bank,movie_theater,finance,grocery_or_supermarket,clothing_store,food,point_of_interest,store,establishment",,5,bigquery,
KINOPLEX DOM PEDRO,Kinoplex Dom Pedro,ChIJX20pIYHGyJQRqCYsJdx9sTs,AV. GUILHERME CAMPOS  500 - A18 - JARDIM SANTA GENEBRA  CAMPINAS - SP  13087-635  BRASIL,Campinas,,SP,BR,13087-635,-22.8479519,-47.0645995,"movie_theater,point_of_interest,establishment",,5,bigquery,
WORKSHOP ACTORS ABEL SANTANA,Workshop Actors Abel Santana,ChIJXQCUjMIXuAARd-Gm5zcsx1U,AV. DANTE MICHELINI  501 - LOJA TÉRREO - JARDIM DA PENHA  VITÓRIA - ES  29060-235  BRAZIL,Vitória,,ES,BR,29060-235,-20.2897968,-40.2908633,"movie_theater,university,point_of_interest,establishment",,5,bigquery,
CM CINEMAS BACAXÁ,Cm Cinemas Bacaxá,ChIJXSyuXOFnlwARX_QK7P193FE,FLY SHOPPING - RJ-106  51 - BACAXÁ  SAQUAREMA - RJ  28994-816  BRASIL,Saquarema,,RJ,BR,28994-816,-22.8897297,-42.4667344,"movie_theater,point_of_interest,establishment",,5,bigquery,
CINEMA CINEMARK,Cinema Cinemark,ChIJXTyFGxHk3JQRFFqiP3Ttyu4,AV. CÂNDIDO DE ABREU  127 - CENTRO  CURITIBA - PR  80530-060  BRASIL,Curitiba,,PR,BR,80530-060,-25.4231227,-49.2705373,Entertainment,,5,bigquery,
CINEMA PARADISO,Cinema Paradiso,ChIJXaINb2p6zJQRoy2w5X0seQ4,PRAÇA DR. ADHEMAR PEREIRA DE BARROS  61  SÃO BENTO DO SAPUCAÍ - SP  12490-000  BRASIL,São Bento do Sapucaí,,SP,BR,12490-000,-22.6893568,-45.733911,"museum,point_of_interest,establishment",,5,bigquery,
CINEMA CINEMARK,Cinema Cinemark,ChIJY--Gf7JDzpQRvt3GwMGLeRk,AV. KENNEDY  700 - 4º ANDAR - VILA MARLENE  SÃO BERNARDO DO CAMPO - SP  09726-901  BRASIL,São Bernardo do Campo,,SP,BR,09726-901,-23.6835214,-46.5573444,Entertainment,,5,bigquery,
CINEMARK IGUATEMI,Cinemark Iguatemi,ChIJY5mJg4VYzpQRzu8UUmLjMFQ,AVENIDA BRIGADEIRO FARIA LIMA  2232 LOJA GR 8 /PISO 8 - JARDIM PAULISTANO  SÃO PAULO  BRASIL,São Paulo,,SP,BR,,-23.5775214,-46.6876216,"movie_theater,point_of_interest,establishment",,5,bigquery,
CINÉPOLIS MOXUARA,Cinépolis Moxuara,ChIJYS-uiU85uAAR2_GTasrUSEE,RODOVIA BR-262  KM 5  6555  SALÃO COMERCIAL NE 401A   PISO I4 - CAMPO GRANDE  CARIACICA - ES  29145-910  BRASIL,Cariacica,,ES,BR,29145-910,-20.3443013,-40.3999726,"movie_theater,point_of_interest,establishment",,5,bigquery,
CINEMARK,Cinemark,ChIJYXbXi3FczpQRwHcUFs-JYmc,AV. DR. FRANCISCO MESQUITA  1000 - ANCORA D - VILA PRUDENTE  SÃO PAULO - SP  03153-001  BRASIL,São Paulo,,SP,BR,03153-001,-23.5935619,-46.585806,"movie_theater,point_of_interest,establishment",,5,bigquery,
CINE ARAÚJO,Cine Araújo,ChIJYXx9ehrIyJQR0mVeS3oDugQ,AV. JOHN BOYD DUNLOP  3900 - LOJA 112 - JARDIM IPAUSSURAMA  CAMPINAS - SP  13060-803  BRASIL,Campinas,,SP,BR,13060-803,-22.9247896,-47.1281622,"movie_theater,point_of_interest,establishment",,5,bigquery,
CINESYSTEM CINEMAS,Cinesystem Cinemas,ChIJY_UMIUZ7mQARd0GdHoq2bwg,VIA BRASIL - R. ITAPERA  500 - IRAJÁ  RIO DE JANEIRO - RJ  21230-500  BRASIL,Rio de Janeiro,,RJ,BR,21230-500,-22.8238647,-43.3195871,"movie_theater,point_of_interest,establishment",,5,bigquery,
CINEMA CINEMARK,Cinema Cinemark,ChIJYbia1qTQmwAR_uDxw674F5o,AV. DAS AMÉRICAS  17 - 2º PISO - BARRA DA TIJUCA  RIO DE JANEIRO - RJ  22640-100  BRASIL,Rio de Janeiro,,RJ,BR,22640-100,-23.003562,-43.317306,Entertainment,,5,bigquery,
CINEMA CINEMARK,Cinema Cinemark,ChIJYypocshZzpQR7IHq8coI2-0,AVENIDA PAULISTA  1230 - 4º ANDAR SHOPPING CIDADE SUC 4108 4º - BELA VISTA  SÃO PAULO - SP  01310-100  BRASIL,São Paulo,,SP,BR,01310-100,-23.5635504,-46.653085,Entertainment,,5,bigquery,
2 RIOS PRODUÇÕES,2 Rios Produções,ChIJZ4Wc77A3jgcRm2bqij-ryWc,AV. UNIVERSITÁRIA  N° 750 - SALA 1212 - FÁTIMA  TERESINA - PI  64049-494  BRASIL,Teresina,,PI,BR,64049-494,-5.0633777,-42.7963953,"movie_theater,point_of_interest,establishment",,5,bigquery,
CINEMARK ELDORADO,Cinemark Eldorado,ChIJZwKTbAlXzpQR9hSgk5IhoZM,AV. REBOUÇAS  3970 - LJ 410 - PINHEIROS  SÃO PAULO - SP  05402-600  BRASIL,São Paulo,,SP,BR,05402-600,-23.5726311,-46.6956737,"movie_theater,point_of_interest,establishment",,5,bigquery,
MULTICINE CINEMAS - CAXIAS SHOPPING CENTER,Multicine Cinemas - Caxias Shopping Center,ChIJ_-PMJHGSjgcRzH6C12Qrhs4,ROD 4.362  CAXIAS SHOPPING CENTER  BR-316 - BELA VISTA  CAXIAS - MA  65605-295  BRASIL,Caxias,,MA,BR,65605-295,-4.8774337,-43.3363026,"movie_theater,shopping_mall,point_of_interest,establishment",,5,bigquery,
CINEMA CINEMARK,Cinema Cinemark,ChIJ_8rSRvv4zpQRrvA42LKQMCo,AV. RAIMUNDO PEREIRA DE MAGALHÃES  1465 2 PAVIMENTO SUC 4000 - JARDIM IRIS  PIRITUBA - SP  05145-000  BRASIL,São Paulo,,SP,BR,05145-000,-23.5065384,-46.718478,Entertainment,,5,bigquery,
SALADEARTE CINEMAM,Saladearte Cinemam,ChIJ_VWOFskFFgcRAEYkXtbakkg,AV. CONTORNO S/N  MAM - SOLAR DO UNHÃO  SALVADOR - BA  40060-110  BRASIL,Salvador,,BA,BR,40060-110,-12.9823741,-38.5201606,"movie_theater,food,point_of_interest,store,establishment",,5,bigquery,
CINEMA CINEMARK,Cinema Cinemark,ChIJ_YBR7P5XzpQRS8cx9JsVJdc,AVENIDA ANTÁRTICA  408 - BLOCO B SHOPPING WEST PLAZA - ÁGUA BRANCA  SÃO PAULO  05003-900  BRASIL,São Paulo,,SP,BR,05003-900,-23.5269901,-46.6742781,Entertainment,,5,bigquery,
ESPAÇO ITAÚ DE CINEMA - BRASÍLIA,Espaço Itaú De Cinema - Brasília,ChIJ__8jOQEwWpMR8nXiM8uKI68,SGCV SUL SHOPPING CASA PARK LOTE 22 - GUARÁ  BRASÍLIA - DF  71215-900  BRASIL,Brasília,,DF,BR,71215-900,-15.8273314,-47.9545915,"movie_theater,point_of_interest,establishment",,5,bigquery,
CINÉPOLIS SÃO GONÇALO SHOPPING,Cinépolis São Gonçalo Shopping,ChIJ__9L5g6bmQARgm4bXvD6HHk,AV. SÃO GONÇALO  100 - 269A - BOA VISTA  SÃO GONÇALO - RJ  24466-970  BRASIL,São Gonçalo,,RJ,BR,24466-970,-22.812944,-43.070851,"movie_theater,point_of_interest,establishment",,5,bigquery,
CINEFLIX CANTAREIRA NORTE SHOPPING,Cineflix Cantareira Norte Shopping,ChIJ_bLtQsf7zpQRxiieTopKdkI,CANTAREIRA NORTE SHOPPING  AV. RAIMUNDO PEREIRA DE MAGALHÃES  11001 - PARADA DE TAIPAS  SÃO PAULO - SP  02984-035  BRASIL,São Paulo,,SP,BR,02984-035,-23.4440854,-46.722545,"movie_theater,point_of_interest,establishment",,5,bigquery,
GNC CINEMAS,Gnc Cinemas,ChIJ_dZZb_p4GZURX9J_BpOYBxk,AV. PRAIA DE BELAS  1181 - PRAIA DE BELAS  PORTO ALEGRE - RS  90110-001  BRASIL,Porto Alegre,,RS,BR,90110-001,-30.0501252,-51.2283108,"movie_theater,point_of_interest,establishment",,5,bigquery,
KINOPLEX,Kinoplex,ChIJa15lrVhjmQARYkbDJz8lxt4,AV. PASTOR MARTIN LUTHER KING JR.  126 - 155 - DEL CASTILHO  RIO DE JANEIRO - RJ  20760-005  BRASIL,Rio de Janeiro,,RJ,BR,20760-005,-22.8318859,-43.3440059,"movie_theater,point_of_interest,establishment",,5,bigquery,
CINEPOLIS,Cinepolis,ChIJaR1X387hYY0Rd9BvVULuG_Y,RODOVIA JUSCELINO KUBITSCHEK 2.141 KM 2  Nº - UNIVERSIDADE  MACAPÁ - AP  68903-419  BRASIL,Macapá,,AP,BR,68903-419,-0.0086979,-51.0808814,"movie_theater,point_of_interest,establishment",,5,bigquery,
CASA SÉFORA,Casa Séfora,ChIJaTm6BRsAswcRnGdnbKCPtPM,AV. AFONSO PENA  1204 - TIROL  NATAL - RN  59020-265  BRASIL,Natal,,RN,BR,59020-265,-5.7994371,-35.2015907,"movie_theater,gym,point_of_interest,health,establishment",,5,bigquery,
ESPAÇO ITAÚ DE CINEMA - FREI CANECA,Espaço Itaú De Cinema - Frei Caneca,ChIJaVAoOzVYzpQRGebiFVlSgGA,SHOPPING FREI CANECA  R. FREI CANECA  569 - CONSOLAÇÃO  SÃO PAULO - SP  01307-001  BRASIL,São Paulo,,SP,BR,01307-001,-23.5538415,-46.6527645,"movie_theater,point_of_interest,establishment",,5,bigquery,
CINÉPOLIS MANAUS PLAZA,Cinépolis Manaus Plaza,ChIJaVqmC6kabJIRgWDcfNTMxNc,MILLENIUM SHOPPING - AV. DJALMA BATISTA  1661 - PARQUE DEZ DE NOVEMBRO  MANAUS - AM  69050-010  BRASIL,Manaus,,AM,BR,69050-010,-3.097318,-60.0239293,"movie_theater,point_of_interest,establishment",,5,bigquery,
PALLADIUM SHOPPING CENTER,Palladium Shopping Center,ChIJaX7Xj13j3JQRbOOhgR55QH4,AV. PRES. KENNEDY  4121 - PORTÃO  CURITIBA - PR  80610-010  BRASIL,Curitiba,,PR,BR,80610-010,-25.477753,-49.2909558,"shopping_mall,movie_theater,point_of_interest,establishment",,5,bigquery,
CINEMA CINEMARK,Cinema Cinemark,ChIJaflIqaV3GZURGGGhxiYBViw,AV. ASSIS BRASIL  2611 - PASSO D'AREIA  PORTO ALEGRE - RS  91010-002  BRASIL,Porto Alegre,,RS,BR,91010-002,-30.0119187,-51.1609439,Entertainment,,5,bigquery,
SÃO LUÍS SHOPPING,São Luís Shopping,ChIJaz4DGn6O9gcRvSHubbhBgmw,AV. PROF. CARLOS CUNHA  1000 - JARACATY  SÃO LUÍS - MA  65076-907  BRASIL,São Luís,,MA,BR,65076-907,-2.5107088,-44.2854978,"shopping_mall,atm,movie_theater,bank,grocery_or_supermarket,clothing_store,finance,food,store,point_of_interest,establishment",,5,bigquery,
ESPAÇO VILLA RICA,Espaço Villa Rica,ChIJb27d8vZD65QRZ40nB4a7-0Y,RUA PIAUÍ  211 - BLOCO CINEMA - CENTRO  LONDRINA - PR  86010-907  BRASIL,Londrina,,PR,BR,86010-907,-23.3134763,-51.1585109,"movie_theater,electronics_store,home_goods_store,store,point_of_interest,establishment",,5,bigquery,
CINÉPOLIS NORTH SHOPPING JÓQUEI,Cinépolis North Shopping Jóquei,ChIJcUsCUgdMxwcRUfMstokgOBM,NORTH SHOPPING JÓQUEI  AV. LINEU MACHADO  419 - JÓQUEI CLUBE  FORTALEZA - CE  60520-102  BRASIL,Fortaleza,,CE,BR,60520-102,-3.7652778,-38.5744444,"movie_theater,point_of_interest,establishment",,5,bigquery,
MOVIE ARTE L`AMERICA SHOPPING,Movie Arte L`america Shopping,ChIJcXv2gUsjHJUR2mlrnX7NQdE,SÃO BENTO RUA TREZE DE MAIO NO - 877  BENTO GONÇALVES - RS  95700-000  BRASIL,Bento Gonçalves,,RS,BR,95700-000,-29.17115,-51.51232,"movie_theater,point_of_interest,establishment",,5,bigquery,
CINEMARK,Cinemark,ChIJcb6iVfr_sgcRQmkr-7UgfPo,ÁREA DE CINEMAS - AV. NEVALDO ROCHA  3775 - TIROL  NATAL - RN  59015-900  BRASIL,Natal,,RN,BR,59015-900,-5.811365,-35.2062463,"movie_theater,point_of_interest,establishment",,5,bigquery,
CINEMA CINEMARK,Cinema Cinemark,ChIJceM_0rX3zpQRfeoDdqG2HUU,AVENIDA PIRACEMA  669 KM 22 CASTELO - TAMBORÉ  BARUERI - SP  06460-030  BRASIL,Barueri,,SP,BR,06460-030,-23.505885,-46.835067,Entertainment,,5,bigquery,
BOURBON SHOPPING SÃO PAULO,Bourbon Shopping São Paulo,ChIJcwFkvOJXzpQRHtSx5FGIHXg,R. PALESTRA ITÁLIA  500 - PERDIZES  SÃO PAULO - SP  05005-030  BRASIL,São Paulo,,SP,BR,05005-030,-23.5261527,-46.6813463,"shopping_mall,movie_theater,point_of_interest,establishment",,5,bigquery,
CINE LASER CINEMAS - SHOPPING PALLADIUM UMUARAMA,Cine Laser Cinemas - Shopping Palladium Umuarama,ChIJd7JQ3AHR8pQRT-SwE6TM5bI,AV. PARANÁ  8455 - ZONA III  UMUARAMA - PR  87502-000  BRASIL,Umuarama,,PR,BR,87502-000,-23.7499974,-53.2714853,"movie_theater,point_of_interest,establishment",,5,bigquery,
CINE LUME,Cine Lume,ChIJd8WGfC6M9gcRX4c3eU89ClY,AVENIDA COLARES MOREIRA  S/N  ED. OFFICE TOWER - RENASCENÇA II  SÃO LUÍS - MA  65075-800  BRASIL,São Luís,,MA,BR,65075-800,-2.501431,-44.290984,"movie_theater,point_of_interest,establishment",,5,bigquery,
CINEMARK,Cinemark,ChIJdTAajiVQzpQR6B3NNl_1NZQ,AV. DAS NAÇÕES UNIDAS  22540 - BLOCO C - JURUBATUBA  SÃO PAULO - SP  04795-000  BRASIL,São Paulo,,SP,BR,04795-000,-23.6793806,-46.6997453,"movie_theater,point_of_interest,establishment",,5,bigquery,
KINOPLEX GAME PLACE,Kinoplex Game Place,ChIJdU9in3rVvQAR4Ga-EYQEBy0,AV. VINTE E OITO DE MARÇO  13 - CENTRO  CAMPOS DOS GOYTACAZES - RJ  28020-740  BRASIL,Campos dos Goytacazes,,RJ,BR,28020-740,-21.7637607,-41.3328687,"movie_theater,point_of_interest,establishment",,5,bigquery,
CINEMARK,Cinemark,ChIJdWNODPGzGgcR-lY5PXEh_hc,STORE 268 / 269 - COROA DO MEIO  ARACAJU - SE  49035-500  BRASIL,Aracaju,,SE,BR,49035-500,-10.9454661,-37.0476382,"movie_theater,point_of_interest,establishment",,5,bigquery,
MULTIPLEX PANTANAL,Multiplex Pantanal,ChIJdYWShqqxnZMRUid17vq-zR8,3  AV. HISTORIADOR RUBENS DE MENDONÇA  3300 - JARDIM ACLIMACAO  CUIABÁ - MT  78050-250  BRASIL,Cuiabá,,MT,BR,78050-250,-15.5765701,-56.0721191,"movie_theater,point_of_interest,establishment",,5,bigquery,
UCI KINOPLEX SHOPPING PLAZA,Uci Kinoplex Shopping Plaza,ChIJdcPbOwcZqwcRQh-MhD_nNFs,RUA DOUTOR JOÃO SANTOS FILHO  255 - 316 SHOPPING PLAZA - CASA FORTE  RECIFE - PE  52060-615  BRASIL,Recife,,PE,BR,52060-615,-8.0368849,-34.9127216,"movie_theater,point_of_interest,establishment",,5,bigquery,
CINEMA CINEMARK,Cinema Cinemark,ChIJe1RGyL1czpQR1JSb3nWUWYk,ALAMEDA TERRACOTA ESPAÇO 545 2041 - CERÂMICA  SÃO CAETANO DO SUL - SP  09531-190  BRASIL,São Caetano do Sul,,SP,BR,09531-190,-23.6255806,-46.5798441,Entertainment,,5,bigquery,
CINÉPOLIS,Cinépolis,ChIJe8KfxBtZzpQRnKakbbFm7vY,AV. NOVE DE JULHO - JARDIM PAULISTA  SÃO PAULO - SP  01405-002  BRASIL,São Paulo,,SP,BR,01405-002,-23.5701455,-46.6612017,"movie_theater,point_of_interest,establishment",,5,bigquery,
CINEMARK - SHOPPING METRÔ TUCURUVI,Cinemark - Shopping Metrô Tucuruvi,ChIJeYEIUm32zpQRSEUkirrtPM4,AV. DR. ANTÔNIO MARIA LAET  566 - PARADA INGLESA  SÃO PAULO - SP  02240-000  BRASIL,São Paulo,,SP,BR,02240-000,-23.480657,-46.6031847,"movie_theater,point_of_interest,establishment",,5,bigquery,
CINÉPOLIS SÃO BERNARDO PLAZA,Cinépolis São Bernardo Plaza,ChIJeaRsEZdBzpQRMUEG4g538Tk,AV. ROTARY  624 - FERRAZÓPOLIS  SÃO BERNARDO DO CAMPO - SP  09721-000  BRASIL,São Bernardo do Campo,,SP,BR,09721-000,-23.7229776,-46.5435228,"movie_theater,point_of_interest,establishment",,5,bigquery,
PARADIGMA CINEARTE,Paradigma Cinearte,ChIJef6-xSQ4J5UR3zXAupTuD_8,SC-401  8600 - BLOCO 8 SALA 2 - SANTO ANTÔNIO DE LISBOA  FLORIANÓPOLIS - SC  88050-001  BRASIL,Florianópolis,,SC,BR,88050-001,-27.5076045,-48.5129095,"movie_theater,point_of_interest,establishment",,5,bigquery,
SALVADOR NORTE SHOPPING,Salvador Norte Shopping,ChIJf_8cS3MaFgcRK37srcvNxkM,BA-526  305 - SÃO CRISTÓVÃO  SALVADOR - BA  41510-000  BRASIL,Salvador,,BA,BR,41510-000,-12.9084252,-38.3512659,"shopping_mall,movie_theater,point_of_interest,establishment",,5,bigquery,
CINEMA CINEMARK,Cinema Cinemark,ChIJf_NytdFpzpQRIpg63PeVJP0,ATRIUM SHOPPING - LUC/SUC  RUA GIOVANNI BATTISTA PIRELLI  155 - 2º ANDAR - VILA HOMERO THON  SANTO ANDRÉ - SP  09111-340  BRASIL,Santo André,,SP,BR,09111-340,-23.663728,-46.5077648,Entertainment,,5,bigquery,
KINOPLEX UBERABA,Kinoplex Uberaba,ChIJg5YBrLnRupQRzfZQ9CFcExw,AV. LEOPOLDINO DE OLIVEIRA  5100 - VILA OLIMPICA  UBERABA - MG  38066-015  BRASIL,Uberaba,,MG,BR,38066-015,-19.7369948,-47.9450979,"movie_theater,point_of_interest,establishment",,5,bigquery,
CENTERPLEX LIMEIRA,Centerplex Limeira,ChIJgUStOBl-yJQRjDzjmaktrLk,CONDOMÍNIO LIMEIRA SHOPPING CENTER - AV. CARLOS KUNTZ BUSCH  800 - PARQUE EGISTO RAGAZZO  LIMEIRA - SP  13485-346  BRASIL,Limeira,,SP,BR,13485-346,-22.5326924,-47.3866393,"movie_theater,shopping_mall,point_of_interest,establishment",,5,bigquery,
GRAND SHOPPING,Grand Shopping,ChIJgYIMI-1PxwcRfTqPxus324Q,AV. FREI CIRILO  3840 - MESSEJANA  FORTALEZA - CE  60840-285  BRASIL,Fortaleza,,CE,BR,60840-285,-3.8180754,-38.4973158,"shopping_mall,movie_theater,point_of_interest,establishment",,5,bigquery,
BUSTOUR L UNIDADE CINEMA DE GRAMADO,Bustour L Unidade Cinema De Gramado,ChIJgZqKbhwzGZURZlN839ErnXY,"AV. BORGES DE MEDEIROS, 2697 - CENTRO, GRAMADO - RS, 95670-000",Gramado,,RS,BR,95670-000,-29.3789228,-50.8738403,travel_agency,,5,bigquery,
CINEPOLIS PARQUE SHOPPING MAIA,Cinepolis Parque Shopping Maia,ChIJgeigsh71zpQREVfl7uvxzns,PARQUE SHOPPING MAIA - AV. BARTOLOMEU DE CARLOS  230 - JARDIM FLOR DA MONTANHA  GUARULHOS - SP  07097-380  BRASIL,Guarulhos,,SP,BR,07097-380,-23.4435288,-46.5394763,"movie_theater,point_of_interest,establishment",,5,bigquery,
CINEMA CINEMARK,Cinema Cinemark,ChIJgfxKDEYCzpQRB3NhF4pViHI,R. ALEXANDRE MARTINS  80 - APARECIDA  SANTOS - SP  11025-200  BRASIL,Santos,,SP,BR,11025-200,-23.9781355,-46.308471,Entertainment,,5,bigquery,
SHOPPING PATTEO OLINDA,Shopping Patteo Olinda,ChIJgz0bf0c9qwcRKG631z4p-Jo,R. CARMELITA MUNIZ DE ARAÚJO  225 - CASA CAIADA  OLINDA - PE  53130-645  BRASIL,Olinda,,PE,BR,53130-645,-7.9934779,-34.8402871,"shopping_mall,movie_theater,point_of_interest,establishment",,5,bigquery,
MULTICINE CINEMAS - PARTAGE SHOPPING MOSSORÓ,Multicine Cinemas - Partage Shopping Mossoró,ChIJh5gQHawGugcRXMB-EHZqzrg,PARTAGE SHOPPING MOSSORÓ  AV. JOÃO DA ESCÓSSIA  1515 - NOVA BETÂNIA  MOSSORÓ - RN  59607-330  BRASIL,Mossoró,,RN,BR,59607-330,-5.1712488,-37.3757611,"movie_theater,point_of_interest,establishment",,5,bigquery,
CINÉPOLIS OURINHOS PLAZA,Cinépolis Ourinhos Plaza,ChIJh8FzzvkZwJQR8lYYeINMulw,R. CARDOSO RIBEIRO  970 - VILA BOA ESPERANCA  OURINHOS - SP  19912-040  BRASIL,Ourinhos,,SP,BR,19912-040,-22.9803467,-49.8634213,"movie_theater,point_of_interest,establishment",,5,bigquery,
CINEMA CINEMARK,Cinema Cinemark,ChIJh_wGA_hbzpQR7XpUmSio62Q,R. CAP. PACHECO E CHAVES  313 - VILA PRUDENTE  SÃO PAULO - SP  03126-000  BRASIL,São Paulo,,SP,BR,03126-000,-23.5796652,-46.5938395,Entertainment,,5,bigquery,
CINÉPOLIS MANGABEIRA SHOPPING,Cinépolis Mangabeira Shopping,ChIJhfsqwPfCrAcR-Y6UjsmTvv0,AV. HILTON SOUTO MAIOR - MANGABEIRA  JOÃO PESSOA - PB  58055-018  BRASIL,João Pessoa,,PB,BR,58055-018,-7.1624194,-34.8303867,"movie_theater,point_of_interest,establishment",,5,bigquery,
TOPÁZIO CINEMAS - POLO SHOPPING,Topázio Cinemas - Polo Shopping,ChIJhy4L6phMz5QRRcmcOduIqNY,POLO SHOPPING - ALAMEDA FILTROS MANN  670 - JARDIM TROPICAL  INDAIATUBA - SP  13344-580  BRASIL,Indaiatuba,,SP,BR,13344-580,-23.116326,-47.2194275,"movie_theater,point_of_interest,establishment",,5,bigquery,
CINEFLIX SHOPPING PELOTAS,Cineflix Shopping Pelotas,ChIJi0-c2ky0EZUR0A9twOhUF_o,AV. FERREIRA VIANA  1526 - AREAL  PELOTAS - RS  96085-000  BRASIL,Pelotas,,RS,BR,96085-000,-31.761464,-52.318331,"movie_theater,point_of_interest,establishment",,5,bigquery,
UCI - SHOPPING ANÁLIA FRANCO,Uci - Shopping Anália Franco,ChIJi6qq7ylczpQRvbM_8OCIDxE,AV. REG. FEIJÓ  1739 - LOJA 024 - TATUAPÉ  SÃO PAULO - SP  03342-000  BRASIL,São Paulo,,SP,BR,03342-000,-23.5618539,-46.559551,"movie_theater,point_of_interest,establishment",,5,bigquery,
CINE SUPER K,Cine Super K,ChIJiRkkWuUFk40RjuGB0G_xICk,AV. CAP. ENE GARCÊS  1883 - MECEJANA  BOA VISTA - RR  69304-000  BRASIL,Boa Vista,,RR,BR,69304-000,2.8325084,-60.6864405,"movie_theater,point_of_interest,establishment",,5,bigquery,
CENTERPLEX GRANDE CIRCULAR,Centerplex Grande Circular,ChIJi_f8EZwbbJIRX4Gg4w2Q48k,AV. AUTAZ MIRIM  6250 - SÃO JOSÉ OPERÁRIO  MANAUS - AM  69085-000  BRASIL,Manaus,,AM,BR,69085-000,-3.0633987,-59.9504832,"movie_theater,point_of_interest,store,establishment",,5,bigquery,
CINEMARK - PLAZA NITERÓI,Cinemark - Plaza Niterói,ChIJibqn1tqDmQARpJskhx7w87E,RUA QUINZE DE NOVEMBRO  8 - LOJA 333 - CENTRO  NITERÓI - RJ  24020-125  BRASIL,Niterói,,RJ,BR,24020-125,-22.8975307,-43.1237961,"movie_theater,point_of_interest,establishment",,5,bigquery,
ESPAÇO ITAÚ DE CINEMA - AUGUSTA,Espaço Itaú De Cinema - Augusta,ChIJiyfNKh5ZzpQRMSsOe-wmNg0,R. AUGUSTA  1475 - CONSOLAÇÃO  SÃO PAULO - SP  01305-100  BRASIL,São Paulo,,SP,BR,01305-100,-23.5565933,-46.6584543,"movie_theater,point_of_interest,establishment",,5,bigquery,
CINE A - ALTAMIRA,Cine A - Altamira,ChIJizPAPMA4kpIRVcenGQvfUKA,AV. NOVA ALTAMIRA  1851 - SHOPPING SERRA DOURADA  ALTAMIRA - PA  68371-163  BRAZIL,Altamira,,PA,BR,68371-163,-3.2026378,-52.2557155,"movie_theater,point_of_interest,establishment",,5,bigquery,
CINEMA CINEMARK,Cinema Cinemark,ChIJj0o1vXHPyJQR-_mZCyTIeMI,IGUATEMI AVENIDA IGUATEMI  777 SUC C - 3º PISO - FEAC - VILA BRANDINA  CAMPINAS - SP  13092-902  BRASIL,Campinas,,SP,BR,13092-902,-22.8923132,-47.0274876,Entertainment,,5,bigquery,
CINESYSTEM CINEMAS,Cinesystem Cinemas,ChIJjQBT1qGVmQARrf4qrxtL4Mo,PLAZA SHOPPING - ROD.   LADO IMPAR  LJ. 2014 PISO 2  295  BR-101  S/N - CENTRO  ITABORAÍ - RJ  24809-266  BRASIL,Itaboraí,,RJ,BR,24809-266,-22.7678177,-42.9056395,"movie_theater,point_of_interest,establishment",,5,bigquery,
UCI KINOPLEX IGUATEMI FORTALEZA,Uci Kinoplex Iguatemi Fortaleza,ChIJjSpiG6RIxwcRFDAS5cS83AE,SHOPPING IGUATEMI FORTALEZA  AV. WASHINGTON SOARES  85 - ÁGUA FRIA  FORTALEZA - CE  60811-340  BRASIL,Fortaleza,,CE,BR,60811-340,-3.7573165,-38.4878637,"movie_theater,point_of_interest,establishment",,5,bigquery,
CINÉPOLIS BOULEVARD SHOPPING,Cinépolis Boulevard Shopping,ChIJjUTnlpeOpJIRqWf76KjDvxE,AV. VISC. DE SOUZA FRANCO  776 - 501 - REDUTO  BELÉM - PA  66053-972  BRASIL,Belém,,PA,BR,66053-972,-1.4457899,-48.4890292,"movie_theater,point_of_interest,establishment",,5,bigquery,
CINEMA CINEMARK,Cinema Cinemark,ChIJjZdlcG3LzZQRrzM27Api0rQ,R. BARÃO DE JACAREÍ  364 - CENTRO  JACAREÍ - SP  12308-051  BRASIL,Jacareí,,SP,BR,12308-051,-23.3040928,-45.9627519,Entertainment,,5,bigquery,
MILLENNIUM SHOPPING,Millennium Shopping,ChIJja9GwqAabJIRMcGXyOAwySs,AV. DJALMA BATISTA  1661 - CHAPADA  MANAUS - AM  69050-010  BRASIL,Manaus,,AM,BR,69050-010,-3.1009803,-60.0244901,"shopping_mall,movie_theater,food,point_of_interest,establishment",,5,bigquery,
UCI KINOPLEX DE LUX SHOPPING RECIFE,Uci Kinoplex De Lux Shopping Recife,ChIJjbkbYq0fqwcRsMPUd-X4WBk,SHOPPING RECIFE. AV. PADRE CARAPUCEIRO  777 LOJA BV.174 - BOA VIAGEM  RECIFE - PE  51020-900  BRASIL,Recife,,PE,BR,51020-900,-8.1189455,-34.9048274,"movie_theater,point_of_interest,establishment",,5,bigquery,
CINÉPOLIS,Cinépolis,ChIJk5m_l47j3JQRjLGMRORLDeo,PÁTIO  AV. DO BATEL  1868 - LOJA 414 - BATEL  CURITIBA - PR  80420-090  BRASIL,Curitiba,,PR,BR,80420-090,-25.442777799999998,-49.2902778,"movie_theater,point_of_interest,establishment",,5,bigquery,
CINEMA CINEMARK,Cinema Cinemark,ChIJkZrby6QFbJIRQcC2iW4AqKk,STUDIO 5 SHOPPING - AV. RODRIGO OTÁVIO  555 - DISTRITO INDUSTRIAL I  MANAUS - AM  69077-000  BRASIL,Manaus,,AM,BR,69077-000,-3.1244871,-59.9832408,Entertainment,,5,bigquery,
MUSEU DE CINEMA DE ANIMAÇAO LULA GONZAGA,Museu De Cinema De Animaçao Lula Gonzaga,ChIJl6zP9TlIqgcR-a4wcZYxJSw,R. TOMÁS DE OLIVEIRA  2-72 - SANTO ANTONIO  GRAVATÁ - PE  BRASIL,Gravatá,,PE,BR,,-8.2037687,-35.5492766,"museum,point_of_interest,establishment",,5,bigquery,
CINEMA CINEMARK,Cinema Cinemark,ChIJlQVIYFLwXpMRlsFkSU1XA3Y,FLAMBOYANT SHOPPING CENTER - AVENIDA DEPUTADO JAMEL CECÍLIO  3300 LUC T-120 - JARDIM GOIÁS  GOIÂNIA - GO  74810-907  BRASIL,Goiânia,,GO,BR,74810-907,-16.7102695,-49.236114,Entertainment,,5,bigquery,
MOVIECOM,Moviecom,ChIJlRgAX1BQzpQRYg2vhe4tjQw,R. BORBA GATO  59 - SANTO AMARO  SÃO PAULO - SP  04747-030  BRASIL,São Paulo,,SP,BR,04747-030,-23.6546129,-46.700758,"movie_theater,point_of_interest,establishment",,5,bigquery,
CINEMARK,Cinemark,ChIJlSRMnAKzGgcRRx_-3DgxKNc,AV. MINISTRO GERALDO BARRETO SOBRAL  215 - LOJA 106 - JARDINS  ARACAJU - SE  49026-010  BRASIL,Aracaju,,SE,BR,49026-010,-10.9433011,-37.059644,"movie_theater,point_of_interest,establishment",,5,bigquery,
CINE VIVA,Cine Viva,ChIJl_2Yz6o1fpMRD9nD8i8YACM,R. GEN. MENDES DE MORAIS  1825-1871 - SR. DIVINO  COXIM - MS  79400-000  BRAZIL,Coxim,,MS,BR,79400-000,-18.5023535,-54.7392859,"movie_theater,point_of_interest,establishment",,5,bigquery,
CENTERPLEX,Centerplex,ChIJm-cj9OmQ9gcRRUeekUNacfs,SHOPPING PÁTIO NORTE ESTRADA DE SÃO JOSÉ DE RIBAMAR  MA-201  RUA SARAMANTA  1000 - KM-05 - BAIRRO SARAMANTA  SÃO JOSÉ DE RIBAMAR - MA  65110-000  BRASIL,São José de Ribamar,,MA,BR,65110-000,-2.5515677,-44.1918611,"movie_theater,point_of_interest,establishment",,5,bigquery,
CINÉPOLIS BELA VISTA,Cinépolis Bela Vista,ChIJm2SfAygbFgcRnUIQCXMpT7Q,ALAMEDA EUVALDO LUZ  92 - HORTO BELA VISTA  SALVADOR - BA  41098-020  BRASIL,Salvador,,BA,BR,41098-020,-12.9699699,-38.4746401,"movie_theater,point_of_interest,establishment",,5,bigquery,
CINEMA CINEMARK,Cinema Cinemark,ChIJm9Ko4c-ZpgARTUa45a8UaFM,NÍVEL L3 - SAVASSI  AV. DO CONTORNO  6061 - 3º ANDAR - SÃO PEDRO  BELO HORIZONTE - MG  30110-110  BRASIL,Belo Horizonte,,MG,BR,30110-110,-19.9415711,-43.9341315,Entertainment,,5,bigquery,
CINÉPOLIS IGUATEMI RIBEIRÃO PRETO,Cinépolis Iguatemi Ribeirão Preto,ChIJmY5F8FC5uZQRPZ_ZWwr1x_I,IGUATEMI  AV. LUIZ EDUARDO TOLEDO PRADO  900 - VILA DO GOLFE  RIBEIRÃO PRETO - SP  14027-250  BRASIL,Ribeirão Preto,,SP,BR,14027-250,-21.2250358,-47.8359552,"movie_theater,point_of_interest,establishment",,5,bigquery,
UCI KINOPLEX INDEPENDÊNCIA,Uci Kinoplex Independência,ChIJmfw0qQ2bmAARwJo0t3YaLos,INDEPENDÊNCIA SHOPPING  AV. PRESIDENTE ITAMAR FRANCO  3600 - CASCATINHA  JUIZ DE FORA - MG  36025-290  BRASIL,Juiz de Fora,,MG,BR,36025-290,-21.7808875,-43.3604316,"movie_theater,point_of_interest,establishment",,5,bigquery,
GRUPO CINE VITÓRIA,Grupo Cine Vitória,ChIJmycnXs5UqgcRjK4WNt7lr98,AV. HENRIQUE DE HOLANDA  3000 - REDENÇÃO  VITÓRIA DE SANTO ANTÃO - PE  55612-901  BRASIL,Vitória de Santo Antão,,PE,BR,55612-901,-8.1162989,-35.2712646,"movie_theater,point_of_interest,establishment",,5,bigquery,
KINOPLEX,Kinoplex,ChIJn1ylsb5FAQcRIRaLHPzTUqs,AV. COMENDADOR GUSTAVO PAIVA  2990 - MANGABEIRAS  MACEIÓ - AL  57031-530  BRASIL,Maceió,,AL,BR,57031-530,-9.6480074,-35.7137039,"movie_theater,point_of_interest,establishment",,5,bigquery,
CINE + ARTE SOMBRIO,Cine + Arte Sombrio,ChIJn6JwX0Y8IpURYzxlcNgSPFk,JANUÁRIA BR 101 KM 436 - SHOPPING OUTLET JAPONÊS  SOMBRIO - SC  88960-000  BRASIL,Sombrio,,SC,BR,88960-000,-29.1032,-49.6376,"movie_theater,point_of_interest,establishment",,5,bigquery,
CINEMA CINEMARK,Cinema Cinemark,ChIJne_jdV5VzpQRS3Mwm0l_q5s,SP-270  270 - KM 14.5 RODOVIA RAPOSO TAVARES JARDIM BOA VISTA  ZONA OESTE  SÃO PAULO - SP  05577-200  BRASIL,São Paulo,,SP,BR,05577-200,-23.5881041,-46.7510931,Entertainment,,5,bigquery,
MULTIPLEX BOA VISTA,Multiplex Boa Vista,ChIJnybGI8EYqwcRM8SgPbCZh-w,R. JOSÉ DE ALENCAR  105 - BOA VISTA  RECIFE - PE  50070-030  BRASIL,Recife,,PE,BR,50070-030,-8.0598341,-34.8876245,"movie_theater,point_of_interest,establishment",,5,bigquery,
CINEMA CINEMARK,Cinema Cinemark,ChIJoXejO7NXzpQRUgMgHwiWKCw,AV. MAGALHÃES DE CASTRO  12000 - JARDIM PANORAMA  SÃO PAULO - SP  05502-001  BRASIL,São Paulo,,SP,BR,05502-001,-23.5989908,-46.6976424,Entertainment,,5,bigquery,
CINEMA CINEMARK,Cinema Cinemark,ChIJp-7cniFWzJQRgmkBia0id50,AVENIDA DOM PEDRO I 7181 VIA VALE GARDEN SHOPPING - 2 ANDAR - LUC SUC 216 - SÃO GONÇALO  TAUBATÉ - SP  12091-000  BRASIL,Taubaté,,SP,BR,12091-000,-23.054232,-45.604549,Entertainment,,5,bigquery,
CINE + ARTE TANÓPOLIS,Cine + Arte Tanópolis,ChIJp0Ce4jL7G5UR8eYoTSGMZMk,R. RAMIRO BARCELOS  1756 - CENTRO  MONTENEGRO - RS  95780-000  BRASIL,Montenegro,,RS,BR,95780-000,-29.6877725,-51.4597921,"movie_theater,point_of_interest,establishment",,5,bigquery,
CINEMA CINEMARK,Cinema Cinemark,ChIJp2htEgf63JQR7KjvD3sm6vk,RUA DONA IZABEL A REDENTORA  1434 - LOJA 206 - CENTRO  SÃO JOSÉ DOS PINHAIS - PR  83005-010  BRASIL,São José dos Pinhais,,PR,BR,83005-010,-25.538055,-49.2038328,Entertainment,,5,bigquery,
CINEMA CINEMARK,Cinema Cinemark,ChIJp8swH_iXpgARmJQZ5tKrGlc,BR-356  3049 - LOJA 047 - BELVEDERE  BELO HORIZONTE - MG  30320-900  BRASIL,Belo Horizonte,,MG,BR,30320-900,-19.9741026,-43.9439023,Entertainment,,5,bigquery,
MOVIEMAX CAMARÁ SHOPPING,Moviemax Camará Shopping,ChIJpQNZ60YaqwcR7hbcskiiV08,VILA DA FABRICA  CAMARAGIBE - PE  54759-292  BRASIL,Camaragibe,,PE,BR,54759-292,-8.0161748,-34.9770609,"movie_theater,point_of_interest,establishment",,5,bigquery,
CINÉPOLIS SANTA MARIA,Cinépolis Santa Maria,ChIJpxVPNuLNA5URDoM3cCQIDWU,BR-287  2885 - LOJA 1049 - PATRONATO  SANTA MARIA - RS  97070-150  BRASIL,Santa Maria,,RS,BR,97070-150,-29.707228,-53.829805,"movie_theater,point_of_interest,store,establishment",,5,bigquery,
CINEMARK PRIME,Cinemark Prime,ChIJq6p6oD_amwAR3xXxXrFTuMs,AV. DAS AMÉRICAS  3900 - BARRA DA TIJUCA  RIO DE JANEIRO - RJ  22631-000  BRASIL,Rio de Janeiro,,RJ,BR,22631-000,-22.9990216,-43.3511517,"movie_theater,point_of_interest,establishment",,5,bigquery,
GALLERIA SHOPPING,Galleria Shopping,ChIJqYHKoJ7FyJQRqTR37jRhRi0,AV. BAILARINA SELMA PARADA  S/N - JARDIM NILÓPOLIS  CAMPINAS - SP  13091-901  BRASIL,Campinas,,SP,BR,13091-901,-22.8624915,-47.0246829,"shopping_mall,movie_theater,point_of_interest,establishment",,5,bigquery,
KINOPLEX FASHION MALL,Kinoplex Fashion Mall,ChIJqZ9NqKPWmwARjh2cyH0BB4k,ESTRADA DA GÁVEA  899  ESPAÇO COMERCIAL 220 2º PAVIMENTO DO SHOPPING FASHION MALL - SÃO CONRADO  RJ  22610-901  BRASIL,Rio de Janeiro,,RJ,BR,22610-901,-22.9965592,-43.2596308,"movie_theater,point_of_interest,establishment",,5,bigquery,
CINEFLIX SHOPPING PRAÇA NOVA ARAÇATUBA,Cineflix Shopping Praça Nova Araçatuba,ChIJrVbvtNhDlpQRL00kfBxV0xQ,RUA CARLOS PEREIRA DA SILVA  6000 - GUANABARA  ARAÇATUBA - SP  16026-035  BRASIL,Araçatuba,,SP,BR,16026-035,-21.2119292,-50.4687308,"movie_theater,point_of_interest,establishment",,5,bigquery,
CINEPOLIS,Cinepolis,ChIJs8PUSLwmz5QRJ1lOBbfNlJc,AVENIDA 9 DE JULHO 3333 LOJA 207 - 304 - ANHANGABAÚ  JUNDIAÍ - SP  13208-056  BRASIL,Jundiaí,,SP,BR,13208-056,-23.1992569,-46.890068,"movie_theater,point_of_interest,establishment",,5,bigquery,
UCI CINEMAS,Uci Cinemas,ChIJsSzaTaROxwcRufOCTKe5nMs,RUA GERMANO FRANCK  300 - LOJA 517 - PARANGABA  FORTALEZA - CE  60740-020  BRASIL,Fortaleza,,CE,BR,60740-020,-3.7751137,-38.5618947,"movie_theater,point_of_interest,establishment",,5,bigquery,
CINEMARK CARIOCA SHOPPING,Cinemark Carioca Shopping,ChIJsTC3hqJ8mQARE5itDB13f78,AV. VICENTE DE CARVALHO  909 - VILA DA PENHA  RIO DE JANEIRO - RJ  21210-000  BRASIL,Rio de Janeiro,,RJ,BR,21210-000,-22.8502407,-43.3100001,"movie_theater,point_of_interest,establishment",,5,bigquery,
CINÉPOLIS RIO POTY,Cinépolis Rio Poty,ChIJs_-l2us5jgcRxDDX5QDKX9Q,COMMERCIAL HALL 412 - FLOOR L4  AV. MAR. CASTELO BRANCO  911 - PORENQUANTO  TERESINA - PI  64003-087  BRASIL,Teresina,,PI,BR,64003-087,-5.077803,-42.8020243,"movie_theater,point_of_interest,establishment",,5,bigquery,
VILLA ROMANA SHOPPING,Villa Romana Shopping,ChIJs_c9pPk4J5UR0M7fPGus6X0,AV. ME. BENVENUTA  687 - SANTA MONICA  FLORIANÓPOLIS - SC  88035-000  BRASIL,Florianópolis,,SC,BR,88035-000,-27.5901143,-48.5150323,"shopping_mall,movie_theater,point_of_interest,food,establishment",,5,bigquery,
CINEMAX BELTRÃO,Cinemax Beltrão,ChIJswo_r9Vy8JQRQGMoRA0GoeQ,CENTRO  SHOPPING AQUÁRIUS - AV. ANTONIO DE PAIVA CANTELMO  269 - CENTRO  FRANCISCO BELTRÃO - PR  85601-270  BRASIL,Francisco Beltrão,,PR,BR,85601-270,-26.0757911,-53.0547748,"movie_theater,point_of_interest,establishment",,5,bigquery,
CINÉPOLIS ESTAÇÃO BH,Cinépolis Estação Bh,ChIJsy-M5vaPpgAR2JVjo2YScL8,AV. CRISTIANO MACHADO  11833 - VILA CLORIS  BELO HORIZONTE - MG  31565-000  BRASIL,Belo Horizonte,,MG,BR,31565-000,-19.8206997,-43.9469943,"movie_theater,point_of_interest,establishment",,5,bigquery,
KINOPLEX NOVA AMÉRICA,Kinoplex Nova América,ChIJtanVZT98mQARAKyVs0Sx_dw,AV. PASTOR MARTIN LUTHER KING JR.  126 - DEL CASTILHO  RIO DE JANEIRO - RJ  20765-000  BRASIL,Rio de Janeiro,,RJ,BR,20765-000,-22.8781624,-43.2710248,"movie_theater,point_of_interest,establishment",,5,bigquery,
NORTH SHOPPING JÓQUEI,North Shopping Jóquei,ChIJteQdKPlLxwcRhQv-hQqtvL8,AV. LINEU MACHADO  419 - JÓQUEI CLUBE  FORTALEZA - CE  60520-102  BRASIL,Fortaleza,,CE,BR,60520-102,-3.7646572,-38.5746193,"shopping_mall,movie_theater,point_of_interest,establishment",,5,bigquery,
VÁRZEA GRANDE SHOPPING,Várzea Grande Shopping,ChIJtxPjXUGtnZMRvlljqHC0KFQ,AV. PRESIDENTE ARTUR BERNARDES  43 - CENTRO SUL  VÁRZEA GRANDE - MT  78125-100  BRASIL,Várzea Grande,,MT,BR,78125-100,-15.652796,-56.1228402,"shopping_mall,movie_theater,point_of_interest,establishment",,5,bigquery,
SHOPPING SÃO JOSÉ,Shopping São José,ChIJu2LKy7f73JQRb0cV-TnaR7w,RUA DONA IZABEL A REDENTORA  1434 - CENTRO  SÃO JOSÉ DOS PINHAIS - PR  83005-010  BRASIL,São José dos Pinhais,,PR,BR,83005-010,-25.5382211,-49.2044033,"shopping_mall,movie_theater,clothing_store,shoe_store,food,point_of_interest,store,establishment",,5,bigquery,
UCI ORIENT PARALELA,Uci Orient Paralela,ChIJu4uwAU4XFgcR0KteopPdaws,AV. LUÍS VIANA FILHO  8.544 - PARALELA  SALVADOR - BA  41730-101  BRASIL,Salvador,,BA,BR,41730-101,-12.9364406,-38.394295,"movie_theater,point_of_interest,establishment",,5,bigquery,
CINÉPOLIS PARTAGE NORTE SHOPPING NATAL,Cinépolis Partage Norte Shopping Natal,ChIJu5y2UUWqswcRDeNp3KCGm5c,PARTAGE NORTE SHOPPING  AV. DR. JOÃO MEDEIROS FILHO  2395 - LOJA 230 A - POTENGI  NATAL - RN  59510-200  BRASIL,Natal,,RN,BR,59510-200,-5.7583521,-35.246093,"movie_theater,point_of_interest,establishment",,5,bigquery,
INDEPENDÊNCIA SHOPPING,Independência Shopping,ChIJu7uqcw2bmAARrENeOu2m_7Y,AV. PRESIDENTE ITAMAR FRANCO  3600 - CASCATINHA  JUIZ DE FORA - MG  36025-290  BRASIL,Juiz de Fora,,MG,BR,36025-290,-21.7809473,-43.3603834,"shopping_mall,movie_theater,point_of_interest,establishment",,5,bigquery,
EMPRESA CINEMAS SÃO LUIZ,Empresa Cinemas São Luiz,ChIJudfgtfl_mQAR-3SDpw9V_QY,RUA LAURO MÜLLER  116 - BOTAFOGO  RIO DE JANEIRO - RJ  22290-160  BRASIL,Rio de Janeiro,,RJ,BR,22290-160,-22.9572455,-43.1762704,"movie_theater,point_of_interest,establishment",,5,bigquery,
CINEMA CINEMARK,Cinema Cinemark,ChIJuec70ICxnZMR-FyVPAvcR0Y,AV. JOSE MONTEIRO DE FIGUEIREDO  500 - DUQUE DE CAXIAS  CUIABÁ - MT  78043-900  BRASIL,Cuiabá,,MT,BR,78043-900,-15.587867,-56.1119585,Entertainment,,5,bigquery,
SHOPPING ESTAÇÃO,Shopping Estação,ChIJv7RU7Wjk3JQR658Cc0Mmlk8,AV. SETE DE SETEMBRO  2775 - REBOUÇAS  CURITIBA - PR  80230-010  BRASIL,Curitiba,,PR,BR,80230-010,-25.4381598,-49.2673983,"shopping_mall,movie_theater,point_of_interest,establishment",,5,bigquery,
MUSEU MUNICIPAL DO CINEMA VIVALDINO PRADO,Museu Municipal Do Cinema Vivaldino Prado,ChIJvxlwAi-b_pQRPNQhulcbQHg,R. TRÊS DE OUTUBRO  800 - NO - CENTRO  SANTO ÂNGELO - RS  98801-610  BRAZIL,Santo Ângelo,,RS,BR,98801-610,-28.3006915,-54.2577106,"museum,point_of_interest,establishment",,5,bigquery,
CINEMA CINEMARK,Cinema Cinemark,ChIJw2i3pXurOQcRQTtbvNzBeMA,AV. AZIZ MARON  S/N - GÓES CALMON  ITABUNA - BA  45605-415  BRASIL,Itabuna,,BA,BR,45605-415,-14.7973147,-39.2738842,Entertainment,,5,bigquery,
CINEMA CINEMARK,Cinema Cinemark,ChIJwaBy0DDYzZQR6dE4PNkOW5Y,AV. VER. NARCISO YAGUE GUIMARÃES  1001 - JARDIM ARMENIA  MOGI DAS CRUZES - SP  08780-910  BRASIL,Mogi das Cruzes,,SP,BR,08780-910,-23.51595,-46.1795747,Entertainment,,5,bigquery,
ESPAÇO ITAÚ DE CINEMA,Espaço Itaú De Cinema,ChIJy27Suld_mQARtRa9kPfYCXA,PRAIA DE BOTAFOGO  316 - BOTAFOGO  RIO DE JANEIRO - RJ  22250-040  BRASIL,Rio de Janeiro,,RJ,BR,22250-040,-22.9450464,-43.1827007,"movie_theater,point_of_interest,establishment",,5,bigquery,
CINEMATECA PAULO AMORIM - ESPAÇO BANRISUL DE CINEMA,Banrisul,ChIJy7weWBB5GZURL1YMUwGe9qc,R. DOS ANDRADAS  736 - CENTRO HISTÓRICO  PORTO ALEGRE - RS  90020-004  BRASIL,Porto Alegre,,RS,BR,90020-004,-30.0312398,-51.2341742,"movie_theater,point_of_interest,establishment",,5,bigquery,
SHOPPING RECIFE,Shopping Recife,ChIJy9ZoeUIfqwcRSaF2T_l9eDQ,R. PADRE CARAPUCEIRO  777 - BOA VIAGEM  RECIFE - PE  51020-900  BRASIL,Recife,,PE,BR,51020-900,-8.1190456,-34.9046689,"shopping_mall,movie_theater,point_of_interest,establishment",,5,bigquery,
SHOPPING PRAÇA NOVA SANTA MARIA,Shopping Praça Nova Santa Maria,ChIJyQEbdYTMA5URyXAsJlaC1W0,BR 287  Nº 2885 COM  R. IRMÃ DÚLCE - PATRONATO  SANTA MARIA - RS  97020-405  BRASIL,Santa Maria,,RS,BR,97020-405,-29.7076319,-53.8294412,"shopping_mall,movie_theater,point_of_interest,establishment",,5,bigquery,
ESPAÇO CULTURAL CHRISTINO CASTRO,Espaço Cultural Christino Castro,ChIJyX41QzJ9gwcR-6vjhlldXEg,AV. EURÍPEDES DE AGUIAR  546 - CENTRO  FLORIANO - PI  64800-076  BRASIL,Floriano,,PI,BR,64800-076,-6.7688206,-43.0225446,"library,museum,movie_theater,point_of_interest,establishment",,5,bigquery,
PARTAGE SHOPPING CAMPINA GRANDE,Partage Shopping Campina Grande,ChIJyfrDuVuvrgcR9yKT1XcR-Zs,AV. PREF. SEVERINO BEZERRA CABRAL  1050 - CATOLÉ  CAMPINA GRANDE - PB  58410-900  BRASIL,Campina Grande,,PB,BR,58410-900,-7.2347669,-35.8691761,"shopping_mall,movie_theater,point_of_interest,establishment",,5,bigquery,
UCI - PARK SHOPPING CAMPO GRANDE,Uci - Park Shopping Campo Grande,ChIJyxNEbDzkmwARa-b6acfoaMs,PARK SHOPPING  ESTR. DO MONTEIRO  1200 - 109 - CAMPO GRANDE  RIO DE JANEIRO - RJ  23036-340  BRASIL,Rio de Janeiro,,RJ,BR,23036-340,-22.9261221,-43.5760121,"movie_theater,point_of_interest,establishment",,5,bigquery,
GNC CINEMAS - MOINHOS SHOPPING,Gnc Cinemas - Moinhos Shopping,ChIJz35jwrd5GZURJI8EF2nSVN8,R. OLÁVO BARRETO VIANA  36 - 4º ANDAR - MOINHOS DE VENTO  PORTO ALEGRE - RS  90570-070  BRASIL,Porto Alegre,,RS,BR,90570-070,-30.0230089,-51.2012336,"movie_theater,point_of_interest,establishment",,5,bigquery,
ESPAÇO ITAÚ DE CINEMA - POMPEIA,Espaço Itaú De Cinema - Pompeia,ChIJzTdPr-JXzpQRQJlNAE84-rQ,R. PALESTRA ITÁLIA  500 - PERDIZES  SÃO PAULO - SP  05005-030  BRASIL,São Paulo,,SP,BR,05005-030,-23.5265591,-46.6803763,"movie_theater,point_of_interest,establishment",,5,bigquery,
CLUBE DA ESTRADA,Clube Da Estrada,ChIJzdyQKy8rCJMRLg-7unPVKDo,R. JOAO PEDRO M DE CARVALHO  CHÁCARA 93 - ZONA RURAL  SINOP - MT  78551-630  BRAZIL,Sinop,,MT,BR,78551-630,-11.7801302,-55.4723525,"movie_theater,hair_care,store,health,point_of_interest,establishment",,5,bigquery,
CINESERCLA LINHARES,Cinesercla Linhares,ChIJ-2LLSZ0mtgARajWTWtrKKyM,AV. CEREJEIRA  300 - MOVELAR  LINHARES - ES  29906-014  BRASIL,Linhares,,ES,BR,29906-014,-19.3559939,-40.0629897,"movie_theater,point_of_interest,establishment",,4,bigquery,
CINESERCLA PÁTIOMIX TEIXEIRA DE FREITAS,Cinesercla Pátiomix Teixeira De Freitas,ChIJ-V72AplGNQcR6-ucqFdtC2Q,SHOPPING PÁTIO MIX  AV. SÃO PAULO  2575 - VILA VERDE  TEIXEIRA DE FREITAS - BA  45990-678  BRASIL,Teixeira de Freitas,,BA,BR,45990-678,-17.5562674,-39.7267878,"movie_theater,point_of_interest,establishment",,4,bigquery,
CINEMARK,Cinemark,ChIJ-Y9wggR4GZUR9_yLkLsIH7o,AV. IPIRANGA  5200 - LOJA 201 - JARDIM BOTÂNICO  PORTO ALEGRE - RS  90610-000  BRASIL,Porto Alegre,,RS,BR,90610-000,-30.0551476,-51.186926,"movie_theater,point_of_interest,establishment",,4,bigquery,
CINEFLIX 3 AMÉRICAS,Cineflix 3 Américas,ChIJ-eR99dOxnZMRqLxtvhPccxI,SHOPPING 3 AMÉRICAS  AV. BRASÍLIA  146 - JARDIM DAS AMÉRICAS  CUIABÁ - MT  78060-601  BRASIL,Cuiabá,,MT,BR,78060-601,-15.611522,-56.0735806,"movie_theater,point_of_interest,establishment",,4,bigquery,
CM CINEMAS RO XERCA,Cm Cinemas Ro Xerca,ChIJ-ekwTyIxlgAR_hBtJTQj1eg,ROD. AMARAL PEIXOTO  4961 - CENTRO  RIO DAS OSTRAS - RJ  28893-076  BRASIL,Rio das Ostras,,RJ,BR,28893-076,-22.5251434,-41.9415963,"movie_theater,point_of_interest,establishment",,4,bigquery,
CINE SHOW,Cine Show,ChIJ0TnbSCIxlgAR8ZiNS5_edCQ,SHOPPING PLAZA - AV. ALUIZIO DA SILVA GOMES - CENTRO  MACAÉ - RJ  27930-560  BRASIL,Macaé,,RJ,BR,27930-560,-22.3924567,-41.8070257,"movie_theater,point_of_interest,establishment",,4,bigquery,
CIRCUITO CINEMAS SHOPPING BONSUCESSO,Circuito Cinemas Shopping Bonsucesso,ChIJ0cpkXn5izpQRcrtcsGm8ka4,ESTR. PRES. JUSCELINO K. DE OLIVEIRA  5308 - ÁGUA CHATA  GUARULHOS - SP  07252-000  BRASIL,Guarulhos,,SP,BR,07252-000,-23.4346238,-46.4032954,"movie_theater,point_of_interest,establishment",,4,bigquery,
CINEMAS PREMIER,Cinemas Premier,ChIJ0ybSnX2iUJMRxmo4T-8SJYs,AV. MAESTRO JOÃO LUIZ DO ESPÍRITO SANTO  200 - FORMOSINHA  FORMOSA - GO  73813-030  BRASIL,Formosa,,GO,BR,73813-030,-15.544232,-47.332402,"movie_theater,point_of_interest,establishment",,4,bigquery,
SHOPPING CIDADE MARINGÁ,Shopping Cidade Maringá,ChIJ1XiD3-3Q7JQRVqnl3wkEShs,AV. TUIUTI  710 - VILA NOVA  MARINGÁ - PR  87040-360  BRASIL,Maringá,,PR,BR,87040-360,-23.422752,-51.9066111,"shopping_mall,movie_theater,point_of_interest,establishment",,4,bigquery,
CINEMA CINEMARK,Cinema Cinemark,ChIJ1_Nc5N9PzpQRFDh0HAOUgzU,AV. INTERLAGOS  2255 - LOJA 157 A - VILA INGLESA  INTERLAGOS - SP  04661-200  BRASIL,São Paulo,,SP,BR,04661-200,-23.6764,-46.67825,Entertainment,,4,bigquery,
CINEX GARDEN SHOPPING,Cinex Garden Shopping,ChIJ20wvX3AevJQRw1l5RMHTRlo,GARDEN SHOPPING - AV. ENG. JOSÉ NELSON MACHADO  280 - CENTRO  CATANDUVA - SP  15800-200  BRASIL,Catanduva,,SP,BR,15800-200,-21.1353708,-48.9698689,"movie_theater,point_of_interest,establishment",,4,bigquery,
MAXIEMOVIE UNAPARK,Maxiemovie Unapark,ChIJ24rxI6-ulwARWJ0EjiUP_YU,QUADRA 15  LOTE 16  AV. INDEPENDÊNCIA  S/N - UNAMAR  CABO FRIO - RJ  28928-542  BRASIL,Cabo Frio,,RJ,BR,28928-542,-22.6496548,-42.0045137,"movie_theater,point_of_interest,establishment",,4,bigquery,
PLAYARTE PRAÇA DA MOÇA,Playarte Praça Da Moça,ChIJ25lZBPpEzpQRZBwEXB_FnRo,MUNDO VERDE SHOPPING PRAÇA DA MOÇA - R. MANOEL DA NÓBREGA  712 - CENTRO  DIADEMA - SP  09910-720  BRASIL,Diadema,,SP,BR,09910-720,-23.6914655,-46.622911,"movie_theater,point_of_interest,establishment",,4,bigquery,
VILLA MULTIMALL,Villa Multimall,ChIJ2SWKDfibyJQRd2TFd_PCZFc,AV. SANTA BARBARA  1.205 - MOLLON  SANTA BÁRBARA D'OESTE - SP  13450-010  BRASIL,Santa Bárbara d'Oeste,,SP,BR,13450-010,-22.750232,-47.3748218,"shopping_mall,gym,movie_theater,school,local_government_office,health,restaurant,food,point_of_interest,establishment",,4,bigquery,
CENTERPLEX ITAPEVI CENTER,Centerplex Itapevi Center,ChIJ2Ylb_48Gz5QRcKpN6OV4X6I,AV. RUBENS CARAMEZ  200 - LOJA 1 A 9 - PARQUE BOA ESPERANCA  ITAPEVI - SP  06683-000  BRASIL,Itapevi,,SP,BR,06683-000,-23.5493128,-46.9399549,"movie_theater,point_of_interest,establishment",,4,bigquery,
UNHAS DE CINEMA ️,Unhas De Cinema ️,ChIJ3Sb8KJPohpQRwAPjIOUa2oA,R. ANTÔNIO MARIA COELHO  3636 - VILA PLANALTO  CAMPO GRANDE - MS  79020-121  BRASIL,Campo Grande,,MS,BR,79020-121,-20.453723,-54.5952632,"beauty_salon,point_of_interest,establishment",,4,bigquery,
GRUPO CINE,Grupo Cine,ChIJ3_a1R17MxZQREvzS3l2SwUs,R. DR. COUTINHO  733 - CENTRO  ITAPETININGA - SP  18200-358  BRASIL,Itapetininga,,SP,BR,18200-358,-23.5772617,-48.0373492,"movie_theater,point_of_interest,establishment",,4,bigquery,
CINE GLÓRIA SHOPPING,Cine Glória Shopping,ChIJ47vPRJDIoQARf11vAM7-WHU,R. MIN. GABRIEL PASSOS  299 - 3º PISO - CENTRO  SÃO JOÃO DEL REI - MG  36307-330  BRASIL,São João del Rei,,MG,BR,36307-330,-21.136434,-44.258963,"movie_theater,point_of_interest,establishment",,4,bigquery,
SHOPPING PARK LAGOS,Shopping Park Lagos,ChIJ4Yt4ddUalwARO1R3vtiCLyk,AV. HENRIQUE TERRA  1700 - PALMEIRAS  CABO FRIO - RJ  28911-320  BRASIL,Cabo Frio,,RJ,BR,28911-320,-22.8739486,-42.0362725,"shopping_mall,movie_theater,point_of_interest,establishment",,4,bigquery,
CINEPOLIS MAIS SHOPPING,Cinepolis Mais Shopping,ChIJ4fNM76pRzpQRrdTr8Dcf66M,R. AMADOR BUENO  229 - SANTO AMARO  SÃO PAULO - SP  04752-005  BRASIL,São Paulo,,SP,BR,04752-005,-23.6535233,-46.7106546,"movie_theater,point_of_interest,establishment",,4,bigquery,
CINE A NORTE SUL,Cine A Norte Sul,ChIJ51TJ6VUYuAARVDApjwJpKjA,AV. JOSÉ MARIA VIVÁCQUA SANTOS  400 - JARDIM CAMBURI  VITÓRIA - ES  29090-160  BRASIL,Vitória,,ES,BR,29090-160,-20.2508851,-40.2720783,"movie_theater,point_of_interest,establishment",,4,bigquery,
VIASHOPPING BARREIRO,Viashopping Barreiro,ChIJ5UXz9Qm-pgARoxzP9oGx55U,AV. AFONSO VAZ DE MELO  640 - BARREIRO  BELO HORIZONTE - MG  30640-070  BRASIL,Belo Horizonte,,MG,BR,30640-070,-19.9750368,-44.0200228,"shopping_mall,movie_theater,point_of_interest,establishment",,4,bigquery,
CINEMA CINEMARK,Cinema Cinemark,ChIJ5VmOdp9XyJQR2va4Q9xcNKo,AV. MOGI MIRIM  210 - CENTRO  MOGI GUAÇU - SP  13844-110  BRASIL,Mogi Guaçu,,SP,BR,13844-110,-22.3766038,-46.9443021,Entertainment,,4,bigquery,
SHOPPING PRADO BOULEVARD,Shopping Prado Boulevard,ChIJ5xvyDM_OyJQRvR2wujQBjFQ,AV. WASHINGTON LUIZ  2480 - VILA MARIETA  CAMPINAS - SP  13042-105  BRASIL,Campinas,,SP,BR,13042-105,-22.9376536,-47.0495992,"shopping_mall,movie_theater,point_of_interest,establishment",,4,bigquery,
KARAJAS SHOPPING,Karajas Shopping,ChIJ66-mZQZR3ZIR-rRRiuE6sj4,RODOVIA MUNICIPAL FARUK SALMEN  KM 07  510 - PRIMAVERA  PARAUAPEBAS - PA  68515-000  BRASIL,Parauapebas,,PA,BR,68515-000,-6.0641453,-49.9004285,"shopping_mall,movie_theater,point_of_interest,establishment",,4,bigquery,
SHOPPING PARKCITY SUMARÉ,Shopping Parkcity Sumaré,ChIJ6fhCXei9yJQR9_rtxWhcLrg,AV. REBOUÇAS  3400 - JARDIM PAULISTA  SUMARÉ - SP  13171-065  BRASIL,Sumaré,,SP,BR,13171-065,-22.8299522,-47.2668102,"shopping_mall,atm,grocery_or_supermarket,gym,finance,movie_theater,store,restaurant,food,point_of_interest,health,establishment",,4,bigquery,
GOLDEN SHOPPING CALHAU,Golden Shopping Calhau,ChIJ81ZV8JSN9gcRr7IKYYzvR6I,AV. DOS HOLANDESES  200 - CALHAU II  SÃO LUÍS - MA  65071-380  BRASIL,São Luís,,MA,BR,65071-380,-2.4913911,-44.2636106,"shopping_mall,movie_theater,point_of_interest,establishment",,4,bigquery,
KINOPLEX OSASCO,Kinoplex Osasco,ChIJ87P2b2r_zpQRd8VLV8nYvkA,3º PISO  AV. DOS AUTONOMISTAS  1828 - L1 - CENTRO  OSASCO - SP  06090-010  BRASIL,Osasco,,SP,BR,06090-010,-23.5354845,-46.7713922,"movie_theater,point_of_interest,establishment",,4,bigquery,
CINE A SÃO LOURENÇO,Cine A São Lourenço,ChIJ8YD__5VLy5QRmI5LW9iwTVg,AV. COMENDADOR COSTA  289 - CENTRO  SÃO LOURENÇO - MG  37470-000  BRASIL,São Lourenço,,MG,BR,37470-000,-22.1149266,-45.0548209,"movie_theater,point_of_interest,establishment",,4,bigquery,
CINEMARK,Cinemark,ChIJ8wgx8KB4GZURpO4jbkMCqds,AV. DIÁRIO DE NOTÍCIAS  300 - LOJA 1032 - CRISTAL  PORTO ALEGRE - RS  90810-080  BRASIL,Porto Alegre,,RS,BR,90810-080,-30.0846697,-51.2458384,"movie_theater,point_of_interest,establishment",,4,bigquery,
CINESYSTEM CINEMAS,Cinesystem Cinemas,ChIJ9bIppaq-yJQRMWhyq9nnARM,SHOPPING HORTOLÂNDIA  R. JOSÉ CAMILO DE CAMARGO  05 - LOT. REMANSO CAMPINEIRO  HORTOLÂNDIA - SP  13184-494  BRASIL,Hortolândia,,SP,BR,13184-494,-22.863875,-47.2136316,"movie_theater,point_of_interest,establishment",,4,bigquery,
CINESYSTEM,Cinesystem,ChIJ9c5m2raR9gcRn6y9P7IhHF0,AV. SÃO LUÍS REI DE FRANÇA  08 - 2001 - TURU  SÃO LUÍS - MA  65065-470  BRASIL,São Luís,,MA,BR,65065-470,-2.5338687,-44.2255252,"movie_theater,point_of_interest,establishment",,4,bigquery,
KINOPLEX NORTH SHOPPING  FORTALEZA,Kinoplex North Shopping Fortaleza,ChIJ9fCM_GhJxwcRaHop6Ui5DjE,AV. BEZERRA DE MENEZES  2450 - SÃO GERARDO  FORTALEZA - CE  60325-002  BRASIL,Fortaleza,,CE,BR,60325-002,-3.7349693,-38.565591,"movie_theater,point_of_interest,establishment",,4,bigquery,
CINEMAIS,Cinemais,ChIJA16-U1rEzJQRb9AF9KOOLCE,AV. JUSCELINO KUBITSCHECK DE OLIVEIRA  351 - LOJA 30 - CAMPO DO GALVÃO  GUARATINGUETÁ - SP  12505-300  BRASIL,Guaratinguetá,,SP,BR,12505-300,-22.8116417,-45.1984694,"movie_theater,point_of_interest,establishment",,4,bigquery,
ARCOPLEX SHOPPING DE GRAVATAÍ,Arcoplex Shopping De Gravataí,ChIJA3UnEuxzGZUR8jiNmmZx3o8,ESTACIONAMENTO - AV. CENTENÁRIO  555 - LOJA 159 - PASSO DAS PEDRAS  GRAVATAÍ - RS  94035-240  BRASIL,Gravataí,,RS,BR,94035-240,-29.9514781,-50.9957021,"movie_theater,point_of_interest,establishment",,4,bigquery,
KINOPLEX PARKSHOPPING,Kinoplex Parkshopping,ChIJAQAAkCkwWpMR2FvTNUHPUhs,SAI/SUDO ÁREA  6580 - GUARÁ  BRASÍLIA - DF  71219-900  BRASIL,Brasília,,DF,BR,71219-900,-15.8324773,-47.9556855,"movie_theater,point_of_interest,establishment",,4,bigquery,
CINEMAS BENFICA: FILMES  3D  2D  LANÇAMENTOS  CINEMA NO BENFICA EM FORTALEZA CE,Cinemas Benfica: Filmes 3d 2d Lançamentos Cinema No Benfica Em Fortaleza Ce,ChIJAbgUGg9JxwcRMfZv9saFk0s,R. CARAPINIMA  2200 - LOJA 202A - BENFICA  FORTALEZA - CE  60015-290  BRASIL,Fortaleza,,CE,BR,60015-290,-3.739102,-38.540176,"movie_theater,point_of_interest,establishment",,4,bigquery,
CINEMAXX PETRÓPOLIS - MERCADO ESTAÇÃO,Cinemaxx Petrópolis - Mercado Estação,ChIJAc67sf-nmQARrYa0UL2jZLk,R. PAULO BARBOSA  296 - CENTRO  PETRÓPOLIS - RJ  25620-100  BRASIL,Petrópolis,,RJ,BR,25620-100,-22.5090757,-43.1699808,"movie_theater,point_of_interest,establishment",,4,bigquery,
PICOS PLAZA SHOPPING,Picos Plaza Shopping,ChIJAzOevPQanAcRntX2GA6nEmo,AV. SENADOR HELVÍDIO NUNES  14012-14134 - JARDIM NATAL  PICOS - PI  64600-000  BRASIL,Picos,,PI,BR,14012-141,-7.0811111,-41.4197222,"shopping_mall,movie_theater,point_of_interest,establishment",,4,bigquery,
Q ATACAREJO - CAÇADOR,Q Atacarejo - Caçador,ChIJB8-ABvy15pQRHQIxocjb5wM,R. ONIO PEDRASSANI  645 - CENTRO  CAÇADOR - SC  89500-000  BRASIL,Caçador,,SC,BR,89500-000,-26.7796546,-51.0173843,"supermarket,movie_theater,grocery_or_supermarket,bakery,point_of_interest,store,food,establishment",,4,bigquery,
KINOPLEX TERRAÇO SHOPPING,Kinoplex Terraço Shopping,ChIJBXN4cmgwWpMRnpJrgf6ws2M,OCTOGONAL LOTE 05 - BRASÍLIA  DF  70660-080  BRASIL,Brasília,,DF,BR,70660-080,-15.8032206,-47.9405669,"movie_theater,point_of_interest,establishment",,4,bigquery,
KINOPLEX VILA OLÍMPIA,Kinoplex Vila Olímpia,ChIJBYpimkhXzpQRumO36v-3080,R. OLIMPÍADAS  360 - LOJAS 603 / 604 - VILA OLÍMPIA  SÃO PAULO - SP  04551-000  BRASIL,São Paulo,,SP,BR,04551-000,-23.5956021,-46.6866931,"movie_theater,point_of_interest,establishment",,4,bigquery,
WEST SIDE SHOPPING CENTER,West Side Shopping Center,ChIJCTF0F33V85QR3Yx2Ul59TT4,AV. BRASIL  2962 - BAIRRO SÃO CRISTÓVÃO  CASCAVEL - PR  85816-294  BRASIL,Cascavel,,PR,BR,85816-294,-24.9475872,-53.4282753,"shopping_mall,movie_theater,point_of_interest,establishment",,4,bigquery,
RIO ANIL SHOPPING,Rio Anil Shopping,ChIJCaD3K7eR9gcRxOiQ69fDhd4,AV. SÃO LUÍS REI DE FRANÇA  8 - TURU  SÃO LUÍS - MA  65065-470  BRASIL,São Luís,,MA,BR,65065-470,-2.5338163,-44.2247943,"shopping_mall,movie_theater,point_of_interest,establishment",,4,bigquery,
CINEMAX LAN HOUSE,Cinemax Lan House,ChIJCb2lB7YVqwcR5vHkQQ3mKuQ,R. PADRE MIGUEL RIBEIRO  33 - CENTRO  ABREU E LIMA - PE  53510-180  BRAZIL,Abreu e Lima,,PE,BR,53510-180,-7.906802,-34.9010274,"store,point_of_interest,establishment",,4,bigquery,
MARIA CINEMAQUE - DEPÓSITO,Maria Cinemaque - Depósito,ChIJCbEd4z7IG5URodqoY_LX9EY,"2416 LOTEAMENTO ELDOURADO, AV. ÂNGELO COLOVINI, 2090 - LOT. ELDOURADO, ELDORADO DO SUL - RS, 92990-000",Eldorado do Sul,,RS,BR,92990-000,-30.0971033,-51.6651399,supermarket,,4,bigquery,
CINEPLEX CINEMAS PAULÍNIA SHOPPING,Cineplex Cinemas Paulínia Shopping,ChIJDYteium_yJQR0PB7EQXIxt0,AV. JOSÉ LOZANO ARAÚJO  1515 - JARDIM NOSSA SRA. APARECIDA  PAULÍNIA - SP  13140-000  BRASIL,Paulínia,,SP,BR,13140-000,-22.7827339,-47.1543007,"movie_theater,point_of_interest,establishment",,4,bigquery,
SHOPPING CIDADE CURITIBA,Shopping Cidade Curitiba,ChIJEdGakdrk3JQRlYlSnFT--xs,AV. MAL. FLORIANO PEIXOTO  4984 - HAUER  CURITIBA - PR  81630-000  BRASIL,Curitiba,,PR,BR,81630-000,-25.4725027,-49.2523856,"shopping_mall,movie_theater,point_of_interest,establishment",,4,bigquery,
SHOPPING ARARUAMA,Shopping Araruama,ChIJG5UVEHtplwARdhIwPxv9gxc,AV. JOHN KENNEDY  292 - CENTRO  ARARUAMA - RJ  28970-000  BRASIL,Araruama,,RJ,BR,28970-000,-22.8787796,-42.3411676,"shopping_mall,movie_theater,lodging,parking,store,point_of_interest,food,establishment",,4,bigquery,
MOVIECOM,Moviecom,ChIJG7zvMHrxuJQRoCtZjdxnyv8,JARAGUA - AC. ENG. HEITOR DE SOUZA PINHEIRO  2270 - JARDIM DOS MANACAS  ARARAQUARA - SP  14804-300  BRASIL,Araraquara,,SP,BR,14804-300,-21.7827401,-48.2026293,"movie_theater,point_of_interest,establishment",,4,bigquery,
CINEMA CINEMARK,Cinema Cinemark,ChIJGQU7HpbohpQR3SnmbOYktZg,ÁREA DE CINEMAS - AV. AFONSO PENA  4909 - SANTA FE  CAMPO GRANDE - MS  79031-900  BRASIL,Campo Grande,,MS,BR,79031-900,-20.4578739,-54.5869375,Entertainment,,4,bigquery,
SHOPPING IGARASSU,Shopping Igarassu,ChIJGSNVKhxrqwcRDUOV6JSvCPw,PE-035  482 - CENTRO  IGARASSU - PE  53610-050  BRASIL,Igarassu,,PE,BR,53610-050,-7.8275817,-34.909406,"shopping_mall,movie_theater,point_of_interest,establishment",,4,bigquery,
MOVIECOM CINEMA SÃO PAULO SHOPPING CENTER PENHA,Moviecom Cinema São Paulo Shopping Center Penha,ChIJGx3eU1BezpQRj-6Th-ZSuC4,RUA DOUTOR JOÃO RIBEIRO 304 LOJA ANCORA G - PENHA DE FRANÇA  SÃO PAULO - SP  03634-010  BRASIL,São Paulo,,SP,BR,03634-010,-23.5253355,-46.5474179,"movie_theater,point_of_interest,establishment",,4,bigquery,
CINEMAS PREMIER,Cinemas Premier,ChIJHREszow_WpMR7b8gKHGDHBg,AE 3/4 14 - SOBRADINHO  BRASÍLIA - DF  73050-146  BRASIL,Brasília,,DF,BR,73050-146,-15.650453,-47.783552,"movie_theater,point_of_interest,establishment",,4,bigquery,
CINEMARK,Cinemark,ChIJIVKczJBYzpQRI7WtxtL_gMQ,TV. CASALBUONO  120 - LOJA 503 - VILA GUILHERME  SÃO PAULO - SP  02047-050  BRASIL,São Paulo,,SP,BR,02047-050,-23.5158024,-46.6172142,"movie_theater,point_of_interest,establishment",,4,bigquery,
PIAUÍ SHOPPING CENTER,Piauí Shopping Center,ChIJIWk4y6kRnAcRIQsZrtPRtaE,BAIXIO DE DR MOURA - BR-316 COM A  AV. SEVERO EULÁLIO  PICOS - PI  64600-000  BRASIL,Picos,,PI,BR,64600-000,-7.0770268,-41.489237,"shopping_mall,movie_theater,point_of_interest,establishment",,4,bigquery,
CINEPOLIS,Cinepolis,ChIJI_NNR_ePpgARATPmhhzUAjE,AV. CRISTIANO MACHADO  2228 - VILA CLORIS  BELO HORIZONTE - MG  BRASIL,Belo Horizonte,,MG,BR,,-19.8215108,-43.9471622,"movie_theater,point_of_interest,establishment",,4,bigquery,
KINOPLEX BOULEVARD,Kinoplex Boulevard,ChIJJwFyr5M5WpMRMT60A5cJyRI,SETOR TERMINAL NORTE  T83  SHCN  BRASÍLIA - DF  70770-100  BRASIL,Brasília,,DF,BR,70770-100,-15.733579,-47.8986462,"movie_theater,point_of_interest,establishment",,4,bigquery,
CENTERPLEX SUZANO SHOPPING,Centerplex Suzano Shopping,ChIJKzPrx2R6zpQRC2DGsC5RTNc,SUZANO SHOPPING - R. SETE DE SETEMBRO  555 - JARDIM IRAÍ  SUZANO - SP  08673-020  BRASIL,Suzano,,SP,BR,08673-020,-23.5431074,-46.3184264,"movie_theater,point_of_interest,establishment",,4,bigquery,
CINEMARK,Cinemark,ChIJM-aMphJDzpQRGZ8UFnyDBCQ,R. GARCIA LORCA  301 PISO SUPERIOR - PAULICÉIA  SÃO BERNARDO DO CAMPO - SP  09695-000  BRASIL,São Bernardo do Campo,,SP,BR,09695-000,-23.6693246,-46.5738146,"movie_theater,point_of_interest,establishment",,4,bigquery,
CINE ARAUJO,Cine Araujo,ChIJM1ZHh6qxnZMR5fDiHoaUcEE,AV. HISTORIADOR RUBENS DE MENDONÇA  3300 - JARDIM ACLIMACAO  CUIABÁ - MT  78050-250  BRASIL,Cuiabá,,MT,BR,78050-250,-15.5765644,-56.0723022,"movie_theater,point_of_interest,establishment",,4,bigquery,
UCI ESTAÇÃO,Uci Estação,ChIJM6-1vGjk3JQRmMSLGLsDE8Q,AV. SETE DE SETEMBRO  2775 - REBOUÇAS  CURITIBA - PR  80230-010  BRASIL,Curitiba,,PR,BR,80230-010,-25.4385416,-49.2674772,"movie_theater,point_of_interest,establishment",,4,bigquery,
ITAPEVI CENTER,Itapevi Center,ChIJM73xZ4gGz5QRG9L4WrihKOU,AV. RUBENS CARAMEZ  200 - CONJ. HAB. - ST. D  ITAPEVI - SP  06683-000  BRASIL,Itapevi,,SP,BR,06683-000,-23.5493852,-46.9392736,"shopping_mall,movie_theater,point_of_interest,establishment",,4,bigquery,
CINEMA CINEMARK,Cinema Cinemark,ChIJM7lrAZVCzpQR1J19clVHv1Q,AV. INDUSTRIAL  600 - JARDIM  SANTO ANDRÉ - SP  09080-500  BRASIL,Santo André,,SP,BR,09080-500,-23.6495884,-46.5312567,Entertainment,,4,bigquery,
CINESYSTEM CINEMAS,Cinesystem Cinemas,ChIJM_671FMczpQRmtuVRg7eTic,LITORAL PLAZA SHOPPING  AV. AYRTON SENNA DA SILVA  1511 - SÍTIO DO CAMPO  PRAIA GRANDE - SP  11726-000  BRASIL,Praia Grande,,SP,BR,11726-000,-23.998916,-46.406273,"movie_theater,point_of_interest,establishment",,4,bigquery,
RUA DA PRAIA SHOPPING,Rua Da Praia Shopping,ChIJMxHPJxB5GZURC3vAiUyLVeI,R. DOS ANDRADAS  1001 - CENTRO HISTÓRICO  PORTO ALEGRE - RS  90020-007  BRASIL,Porto Alegre,,RS,BR,90020-007,-30.0306671,-51.2315789,"shopping_mall,movie_theater,point_of_interest,establishment",,4,bigquery,
CINESYSTEM CINEMAS,Cinesystem Cinemas,ChIJMyidRPk4J5UR_synIHxxNvQ,AV. ME. BENVENUTA  687 - LOJA 32 - SANTA MONICA  FLORIANÓPOLIS - SC  88035-000  BRASIL,Florianópolis,,SC,BR,88035-000,-27.5908089,-48.5145961,"movie_theater,point_of_interest,establishment",,4,bigquery,
SHOPPING FAROL,Shopping Farol,ChIJNb1C2P9FAQcRSyqlKczEgVU,AV. FERNANDES LIMA  2551 - PINHEIRO  MACEIÓ - AL  57057-000  BRASIL,Maceió,,AL,BR,57057-000,-9.6279602,-35.7381973,"shopping_mall,movie_theater,point_of_interest,establishment",,4,bigquery,
CINEMA CINEMARK,Cinema Cinemark,ChIJOSX2gjFazpQRllTW1ySrmc0,R. DOMINGOS DE MORAIS  2564 - VILA MARIANA  SÃO PAULO - SP  04009-000  BRASIL,São Paulo,,SP,BR,04009-000,-23.598797,-46.6372845,Entertainment,,4,bigquery,
KINOPLEX WEST SHOPPING,Kinoplex West Shopping,ChIJOwmyCmPhmwARTkAosPr0s1k,ESTR. DO MENDANHA  401 - 550 - CAMPO GRANDE  RIO DE JANEIRO - RJ  23087-284  BRASIL,Rio de Janeiro,,RJ,BR,23087-284,-22.8849181,-43.5567105,"movie_theater,point_of_interest,establishment",,4,bigquery,
IG SHOPPING JI-PARANÁ,Ig Shopping Ji-Paraná,ChIJP73bkV6ayZMR5Q-s_G5SD1o,AV. DAS SERINGUEIRAS  1201 - CAFEZINHO  JI-PARANÁ - RO  76913-112  BRASIL,Ji-Paraná,,RO,BR,76913-112,-10.8935973,-61.9153004,"shopping_mall,atm,movie_theater,clothing_store,finance,store,restaurant,food,point_of_interest,establishment",,4,bigquery,
CINEPLEX 3D,Cineplex 3d,ChIJP9EhZAmcyJQRx4ZaVRboNnc,VIC CENTER - R. DO ÓSMIO  975 - JARDIM MOLLON  SANTA BÁRBARA D'OESTE - SP  13456-625  BRASIL,Santa Bárbara d'Oeste,,SP,BR,13456-625,-22.750042,-47.37401,"movie_theater,point_of_interest,establishment",,4,bigquery,
SHOPPING SANTA ÚRSULA,Shopping Santa Úrsula,ChIJPRBNgeS-uZQRjDxK7wZF4mU,R. SÃO JOSÉ  933 - HIGIENÓPOLIS  RIBEIRÃO PRETO - SP  14010-160  BRASIL,Ribeirão Preto,,SP,BR,14010-160,-21.1824106,-47.8081701,"shopping_mall,movie_theater,electronics_store,home_goods_store,store,point_of_interest,establishment",,4,bigquery,
SHOPPING JOÃO PESSOA,Shopping João Pessoa,ChIJPVMHhFp4GZURxKlODMDlhbk,AV. JOÃO PESSOA  1831 - FARROUPILHA  PORTO ALEGRE - RS  90040-001  BRASIL,Porto Alegre,,RS,BR,90040-001,-30.0456868,-51.2132881,"shopping_mall,movie_theater,point_of_interest,establishment",,4,bigquery,
UCI SANTANA PARQUE SHOPPING,Uci Santana Parque Shopping,ChIJPa_aiKT3zpQRa1edtTddrr8,PARQUE SHOPPING - SANTANA  R. CONSELHEIRO MOREIRA DE BARROS  2780 - LAUZANE PAULISTA  SÃO PAULO - SP  02430-001  BRASIL,São Paulo,,SP,BR,02430-001,-23.4830556,-46.645,"movie_theater,point_of_interest,establishment",,4,bigquery,
IG SHOPPING ARIQUEMES,Ig Shopping Ariquemes,ChIJPdzlGoSQzJMRrIDisCB1Vss,AV. CAP. SILVIO  3790 - GRANDES ÁREAS  ARIQUEMES - RO  76876-678  BRASIL,Ariquemes,,RO,BR,76876-678,-9.9237112,-63.0332288,"shopping_mall,movie_theater,clothing_store,store,restaurant,food,point_of_interest,establishment",,4,bigquery,
SHOPPING CIDADE DAS FLORES,Shopping Cidade Das Flores,ChIJQ8V1mjew3pQRCeK5-kuebxs,R. MÁRIO LOBO  106 - CENTRO  JOINVILLE - SC  89201-330  BRASIL,Joinville,,SC,BR,89201-330,-26.2990123,-48.8484939,"shopping_mall,movie_theater,point_of_interest,establishment",,4,bigquery,
IANDÊ SHOPPING CAUCAIA,Iandê Shopping Caucaia,ChIJQTZqWdK0wAcRlbZsSe51B4w,AV. EDSON DA MOTA CORREA  620 - CENTRO  CAUCAIA - CE  61600-040  BRASIL,Caucaia,,CE,BR,61600-040,-3.7340476,-38.6559035,"shopping_mall,movie_theater,point_of_interest,establishment",,4,bigquery,
SHOPPING ALAMEDA,Shopping Alameda,ChIJQwhPE0KbmAARgKcVuHI7jxY,R. MORAIS E CASTRO  300 - PASSOS  JUIZ DE FORA - MG  36025-160  BRASIL,Juiz de Fora,,MG,BR,36025-160,-21.7762755,-43.3476372,"shopping_mall,movie_theater,point_of_interest,establishment",,4,bigquery,
CINESERCLA OSASCO PLAZA,Cinesercla Osasco Plaza,ChIJR7ualg7_zpQRndnt0ucMJ2M,R. ANTÔNIO AGÚ  300 - CENTRO  OSASCO - SP  06013-006  BRASIL,Osasco,,SP,BR,06013-006,-23.5293816,-46.7779952,"movie_theater,point_of_interest,establishment",,4,bigquery,
SHOPPING DO VALE,Shopping Do Vale,ChIJRVYHPuxzGZUR0Q8f6zwGyNg,AV. GEN. FLORES DA CUNHA  4001 - VILA BOM PRINCIPIO  CACHOEIRINHA - RS  94950-001  BRASIL,Cachoeirinha,,RS,BR,94950-001,-29.9358365,-51.0795907,"shopping_mall,movie_theater,point_of_interest,establishment",,4,bigquery,
SHOPPING 3 AMÉRICAS,Shopping 3 Américas,ChIJRa5r9dOxnZMRiKbrcFTE4s4,AV. BRASÍLIA  1461 - JARDIM DAS AMÉRICAS  CUIABÁ - MT  78060-601  BRASIL,Cuiabá,,MT,BR,78060-601,-15.612374,-56.073727,"shopping_mall,post_office,movie_theater,department_store,store,health,restaurant,finance,point_of_interest,food,establishment",,4,bigquery,
KINOPLEX BAY MARKET,Kinoplex Bay Market,ChIJRw-Nt8WDmQARHJQitKOCXLs,AV. VISCONDE DO RIO BRANCO  360 - CENTRO  NITERÓI - RJ  24020-002  BRASIL,Niterói,,RJ,BR,24020-002,-22.89207,-43.12441,"movie_theater,point_of_interest,establishment",,4,bigquery,
SHOPPING CIDADE JARDIM,Shopping Cidade Jardim,ChIJS48e6iX0XpMRPJj3DkFcMIo,AV. NERO MACEDO  400 - CIDADE JARDIM  GOIÂNIA - GO  74423-250  BRASIL,Goiânia,,GO,BR,74423-250,-16.6829171,-49.3140904,"shopping_mall,movie_theater,point_of_interest,establishment",,4,bigquery,
CM CINEMAS ARARUAMA,Cm Cinemas Araruama,ChIJSavNbRZplwARlZ5T8r76b6w,SHOPPING  AV. JOHN KENNEDY  292 - CENTRO  ARARUAMA - RJ  28970-000  BRASIL,Araruama,,RJ,BR,28970-000,-22.8787822,-42.3411446,"movie_theater,point_of_interest,establishment",,4,bigquery,
CENTERPLEX,Centerplex,ChIJT5GTMglIAQcRyMB49F74Jfw,AV. MENINO MARCELO  3800 - CIDADE UNIVERSITÁRIA  MACEIÓ - AL  57083-410  BRASIL,Maceió,,AL,BR,57083-410,-9.5582485,-35.7462304,"movie_theater,point_of_interest,establishment",,4,bigquery,
LIMEIRA SHOPPING,Limeira Shopping,ChIJT7GlOBl-yJQRP0upsudSX9A,AV. CARLOS KUNTZ BUSCH  800 - PARQUE EGISTO RAGAZZO  LIMEIRA - SP  13485-346  BRASIL,Limeira,,SP,BR,13485-346,-22.5333,-47.3859,"shopping_mall,movie_theater,point_of_interest,establishment",,4,bigquery,
CAPÃO DA CANOA SHOPPING,Capão Da Canoa Shopping,ChIJTTHCfYJ4GJUR8NIKOFF5cSg,AV. PARAGUASSU  2280 - CENTRO  CAPÃO DA CANOA - RS  95555-000  BRASIL,Capão da Canoa,,RS,BR,95555-000,-29.7606033,-50.019264,"shopping_mall,movie_theater,point_of_interest,establishment",,4,bigquery,
CINÉPOLIS CAMPINAS SHOPPING,Cinépolis Campinas Shopping,ChIJT_zymuDIyJQRdSt2WVGrk44,RUA JACY TEIXEIRA DE CAMARGO  940 CAMPINAS SHOPPING - JARDIM DO LAGO  CAMPINAS - SP  13050-913  BRASIL,Campinas,,SP,BR,13050-913,-22.9328722,-47.0782607,"movie_theater,point_of_interest,establishment",,4,bigquery,
CINESERCLA,Cinesercla,ChIJU1VV2N8euAARA8CWUTjCjEo,SHOPPING MONTSERRAT  AV. ELDES SCHERRER SOUZA  2162 - COLINA DE LARANJEIRAS  SERRA - ES  29167-080  BRASIL,Serra,,ES,BR,29167-080,-20.1934109,-40.2664483,"movie_theater,point_of_interest,establishment",,4,bigquery,
IGUATEMI SÃO CARLOS,Iguatemi São Carlos,ChIJU1VVBTR3uJQRgRYNp9eHMlo,PASSEIO DOS FLAMBOYANTS  200 - PARQUE FABER CASTELL II  SÃO CARLOS - SP  13561-352  BRASIL,São Carlos,,SP,BR,13561-352,-22.0175052,-47.9150029,"shopping_mall,movie_theater,point_of_interest,establishment",,4,bigquery,
CIRCUITO CINEMAS,Circuito Cinemas,ChIJU1WVOFP0k5QR4zp0V69bBcU,R. SIQUEIRA CAMPOS  1545 - VILA SAO JORGE  PRES. PRUDENTE - SP  19013-030  BRAZIL,Presidente Prudente,,SP,BR,19013-030,-22.1311088,-51.3897877,"movie_theater,point_of_interest,establishment",,4,bigquery,
CENTERPLEX ATIBAIA,Centerplex Atibaia,ChIJU1tv4d7AzpQRDkxjsEq2_gg,RUA JOSÉ ALVIM  347 - CENTRO  ATIBAIA - SP  12940-750  BRASIL,Atibaia,,SP,BR,12940-750,-23.1165062,-46.5522927,"movie_theater,point_of_interest,establishment",,4,bigquery,
SHOPPING BENFICA,Shopping Benfica,ChIJUQTuVA5JxwcRNjjOGX4mudo,R. CARAPINIMA  2200 - BENFICA  FORTALEZA - CE  60040-531  BRASIL,Fortaleza,,CE,BR,60040-531,-3.7390903,-38.5402134,"shopping_mall,movie_theater,point_of_interest,establishment",,4,bigquery,
FLAP CENTER,Flap Center,ChIJUQtPE-tkoAARuI8adRtyLII,PRAÇA XV DE NOVEMBRO  15 - OLIVEIRA  MG  35540-000  BRASIL,Oliveira,,MG,BR,35540-000,-20.6978279,-44.8272325,"department_store,movie_theater,clothing_store,home_goods_store,store,point_of_interest,establishment",,4,bigquery,
KINOPLEX SHOPPING BOULEVARD RJ,Kinoplex Shopping Boulevard Rj,ChIJUVMuN3V-mQAREcOFFDQ6Xo4,R. BARÃO DE SÃO FRANCISCO  236 - VILA ISABEL  RIO DE JANEIRO - RJ  20560-031  BRASIL,Rio de Janeiro,,RJ,BR,20560-031,-22.9187203,-43.2502288,"movie_theater,point_of_interest,establishment",,4,bigquery,
CINÉPOLIS PARQUE SHOPPING BAHIA,Cinépolis Parque Shopping Bahia,ChIJV5gjGfEXFgcRmzMEdE1Oij4,R. MARIA ISABEL DOS SANTOS - CENTRO  LAURO DE FREITAS - BA  42700-000  BRASIL,Lauro de Freitas,,BA,BR,42700-000,-12.887309,-38.3184339,"movie_theater,point_of_interest,establishment",,4,bigquery,
CINE RITZ ARACRUZ,Cine Ritz Aracruz,ChIJV8fBpYDqtwARvphiYmwWCKI,SHOPPING ORIUNDI - AV. FLORESTAL  NO. 555 - SEGATO  ARACRUZ - ES  29190  BRASIL,Aracruz,,ES,BR,,-19.8240417,-40.2688542,"movie_theater,point_of_interest,establishment",,4,bigquery,
MULTIPLEX PLAYARTE MARABÁ,Multiplex Playarte Marabá,ChIJVRJFJVBYzpQRiG8i3uarto4,AV. IPIRANGA  757 - REPÚBLICA  SÃO PAULO - SP  01039-000  BRASIL,São Paulo,,SP,BR,01039-000,-23.5426012,-46.6409037,"movie_theater,point_of_interest,establishment",,4,bigquery,
SHOPPING CENTRONORTE,Shopping Centronorte,ChIJVVVV_WiZ7JQRsP1xhUdGcT0,PR. INTERVENTOR MANOEL RIBAS  135 - CENTRO  APUCARANA - PR  86800-680  BRASIL,Apucarana,,PR,BR,86800-680,-23.5518269,-51.4643668,"shopping_mall,movie_theater,point_of_interest,establishment",,4,bigquery,
CINÉPOLIS GALLERIA SHOPPING,Cinépolis Galleria Shopping,ChIJVY7_o57FyJQRALJSX6lbrZM,JARDIM NILÓPOLIS RODOVIA DOM PEDRO I - KM 131.5 GALLERIA SHOPPING  LOJA A227  CAMPINAS - SP  BRASIL,Campinas,,SP,BR,,-22.86343,-47.02334,"movie_theater,point_of_interest,establishment",,4,bigquery,
CINEMA CINEMARK,Cinema Cinemark,ChIJVfm6x7uqz5QR5m00MKHdl7c,SP-270  23.600 - LOJA 405 - LAGEADINHO  COTIA - SP  06709-015  BRASIL,Cotia,,SP,BR,06709-015,-23.5924011,-46.8329319,Entertainment,,4,bigquery,
CINESYSTEM CINEMAS,Cinesystem Cinemas,ChIJW42_OYh3mQAR0EXP2M4j7ks,SHOPPING ILHA PLAZA  AV. MAESTRO PAULO E SILVA  400 - ILHA DO GOVERNADOR  RIO DE JANEIRO - RJ  21920-445  BRASIL,Rio de Janeiro,,RJ,BR,21920-445,-22.801955,-43.201746,"movie_theater,point_of_interest,establishment",,4,bigquery,
CINEMARK SHOPPING VITÓRIA,Cinemark Shopping Vitória,ChIJWZErlsEXuAARHlLjDw4op9g,AV. AMÉRICO BUAIZ  200 - LOJA 15 - ENSEADA DO SUÁ  VITÓRIA - ES  29050-902  BRASIL,Vitória,,ES,BR,29050-902,-20.3136846,-40.288646,"movie_theater,point_of_interest,establishment",,4,bigquery,
MOVIECOM CINEMA - PRAIA SHOPPING,Moviecom Cinema - Praia Shopping,ChIJXTxqBT__sgcR-OiXFF1H_Po,PRAIA SHOPPING  AV. ENGENHEIRO ROBERTO FREIRE  8790 - PONTA NEGRA  NATAL - RN  59090-970  BRASIL,Natal,,RN,BR,59090-970,-5.8659436,-35.1856893,"movie_theater,point_of_interest,establishment",,4,bigquery,
CINE RITZ GUARAPARI,Cine Ritz Guarapari,ChIJXzo46btXuAARm4Sb03jCSd0,AV. DR. ROBERTO CALMON  140 - CENTRO  GUARAPARI - ES  29200-340  BRASIL,Guarapari,,ES,BR,29200-340,-20.6705564,-40.4983718,"movie_theater,point_of_interest,establishment",,4,bigquery,
UCI SHOPPING RECIFE,Uci Shopping Recife,ChIJY9byf9kfqwcRMtaB3pH4C44,R. PADRE CARAPUCEIRO  777 - BOA VIAGEM  RECIFE - PE  50020-280  BRASIL,Recife,,PE,BR,50020-280,-8.118652,-34.9050758,"movie_theater,point_of_interest,establishment",,4,bigquery,
ORIENT FILMES,Orient Filmes,ChIJZ6ODqgxgFAcRSzvcYQet7pQ,AV. JOÃO DURVAL CARNEIRO  3665 - CASEB  FEIRA DE SANTANA - BA  44052-064  BRASIL,Feira de Santana,,BA,BR,44052-064,-12.2416286,-38.9475328,"movie_theater,point_of_interest,establishment",,4,bigquery,
SHOPPING BENTO,Shopping Bento,ChIJZxwjCa08HJURYcumXLm6C-I,R. MAL. DEODORO  238 - CENTRO  BENTO GONÇALVES - RS  95700-010  BRASIL,Bento Gonçalves,,RS,BR,95700-010,-29.1653212,-51.5170105,"shopping_mall,movie_theater,point_of_interest,establishment",,4,bigquery,
CINEMA CINEMARK,Cinema Cinemark,ChIJZzq4K8JezpQR2dRrgBmKgvg,RUA DOMINGOS DE AGOSTIN  91 METRÔ  PISO G2 - TATUAPÉ  SÃO PAULO - SP  03308-010  BRASIL,São Paulo,,SP,BR,03308-010,-23.5418656,-46.5777834,Entertainment,,4,bigquery,
CINESYSTEM,Cinesystem,ChIJ_5DJhDloGZURrMFmY-T3yHM,R. PRIMEIRO DE MARÇO  821 - CENTRO  SÃO LEOPOLDO - RS  93010-210  BRASIL,São Leopoldo,,RS,BR,93010-210,-29.769114,-51.1462724,"movie_theater,point_of_interest,establishment",,4,bigquery,
CENTERPLEX DIADEMA,Centerplex Diadema,ChIJ_6UKUZ1FzpQRfRha_qBZFyU,AV. AFONSO MONTEIRO DA CRUZ  1150 - SERRARIA  DIADEMA - SP  09980-550  BRASIL,Diadema,,SP,BR,09980-550,-23.7045834,-46.6173773,"movie_theater,point_of_interest,establishment",,4,bigquery,
CINEPLEX CINEMAS ITATIBA SHOPPING,Cineplex Cinemas Itatiba Shopping,ChIJ_8DoyIkqz5QRG-Z2BsaJgWI,R. DR. JORGE TIBIRIÇÁ  55 - CENTRO  ITATIBA - SP  13250-000  BRASIL,Itatiba,,SP,BR,13250-000,-23.0062021,-46.837874,"movie_theater,point_of_interest,establishment",,4,bigquery,
CINEFLIX,Cineflix,ChIJ__-yH5zFyJQRHw8WLBvy9hM,RODOVIA DOM PEDRO I  KM 131 - 5 - JARDIM NILÓPOLIS  CAMPINAS - SP  13105-850  BRASIL,Campinas,,SP,BR,13105-850,-22.8640301,-47.0236048,"movie_theater,point_of_interest,establishment",,4,bigquery,
ROYAL PLAZA SHOPPING,Royal Plaza Shopping,ChIJ__qC2J9E65QRqWjCWOy3Vs8,R. MATO GROSSO  310 - CENTRO  LONDRINA - PR  86010-180  BRASIL,Londrina,,PR,BR,86010-180,-23.3112796,-51.1566851,"shopping_mall,movie_theater,point_of_interest,establishment",,4,bigquery,
QUELUZ SUPERMERCADOS - CURITIBANOS LOJA CENTRO,Queluz Supermercados - Curitibanos Loja Centro,ChIJa7-rkz354JQRTBIMao7rsVg,R. LAGES  17 - CENTRO  CURITIBANOS - SC  89520-000  BRASIL,Curitibanos,,SC,BR,89520-000,-27.2887303,-50.5761863,"supermarket,atm,movie_theater,grocery_or_supermarket,finance,bakery,restaurant,point_of_interest,store,food,establishment",,4,bigquery,
CINE LAGUNA,Cine Laguna,ChIJaTLfXTC8FgcRSocWswXbX90,SHOPPING LAGUNA - R. DR. DANTAS BIÃO  S/N - JARDIM PETROLAR  ALAGOINHAS - BA  48030-030  BRASIL,Alagoinhas,,BA,BR,48030-030,-12.139533,-38.4116291,"movie_theater,point_of_interest,establishment",,4,bigquery,
CAMPINAS SHOPPING,Campinas Shopping,ChIJb3Fzl9_IyJQRjTD2JBoItMY,R. JACY TEIXEIRA DE CAMARGO  940 - JARDIM DO LAGO  CAMPINAS - SP  13050-913  BRASIL,Campinas,,SP,BR,13050-913,-22.931946,-47.0768068,"shopping_mall,movie_theater,point_of_interest,establishment",,4,bigquery,
CINEMA CINEMARK,Cinema Cinemark,ChIJbWctmjtYzpQRsAfSAMTwQ40,AV. HIGIENÓPOLIS  646 - HIGIENÓPOLIS  SÃO PAULO - SP  01238-000  BRASIL,São Paulo,,SP,BR,01238-000,-23.5417986,-46.6573,Entertainment,,4,bigquery,
CINE ITAIM PAULISTA,Cine Itaim Paulista,ChIJbcgLUUJjzpQR1aC3lkA6b-o,AVENIDA MARECHAL TITO  7579 - JARDIM DAS OLIVEIRAS  SÃO PAULO - SP  08111-640  BRASIL,Itaquaquecetuba,,SP,BR,08111-640,-23.4853878,-46.3798319,"movie_theater,point_of_interest,establishment",,4,bigquery,
CINEMA CINEMARK,Cinema Cinemark,ChIJc-LRFmZnzpQRqtgNhtEz4do,AV. ARICANDUVA  5555 - ARICANDUVA  SÃO PAULO - SP  03526-000  BRASIL,São Paulo,,SP,BR,03526-000,-23.5655384,-46.5020783,Entertainment,,4,bigquery,
CINEFLIX SHOPPING TOTAL PORTO ALEGRE,Cineflix Shopping Total Porto Alegre,ChIJd0pkf695GZURMlrQxnywWd0,SHOPPING TOTAL  AV. CRISTÓVÃO COLOMBO  545 - 2226 - INDEPENDÊNCIA  PORTO ALEGRE - RS  90560-003  BRASIL,Porto Alegre,,RS,BR,90560-003,-30.0258333,-51.2113889,"movie_theater,point_of_interest,establishment",,4,bigquery,
QUELUZ,Queluz,ChIJdT6DjIAN55QRd0EBUAnH6iw,R. CEL. ALBUQUERQUE  633 - CENTRO  CANOINHAS - SC  89460-056  BRASIL,Canoinhas,,SC,BR,89460-056,-26.1741303,-50.3924051,"supermarket,movie_theater,bakery,atm,grocery_or_supermarket,finance,restaurant,store,food,point_of_interest,establishment",,4,bigquery,
CINESERCLA,Cinesercla,ChIJdcR7kebnrAcRv39LWTpcEAc,TAMBIÁ SHOPPING PISO IPÊ  R. DEP. ODON BEZERRA  184 - LOJA 260 - TAMBIÁ  JOÃO PESSOA - PB  58020-500  BRASIL,João Pessoa,,PB,BR,58020-500,-7.1158597,-34.8799806,"movie_theater,point_of_interest,establishment",,4,bigquery,
CINESERCLA,Cinesercla,ChIJez0cIDtNBQcR9TyWZ8Zpa3U,AV. COLETORA A  S/N - LOJAS 122 - MARCOS FREIRE I  NOSSA SRA. DO SOCORRO - SE  49160-000  BRASIL,Nossa Senhora do Socorro,,SE,BR,49160-000,-10.8505655,-37.0788584,"movie_theater,point_of_interest,establishment",,4,bigquery,
SHOPPING LYNEMAR,Shopping Lynemar,ChIJf2ms1xSDIpURZ8r2wegv29o,1896 - CAPÃO DA CANOA  RS  95555-000  BRASIL,Capão da Canoa,,RS,BR,95555-000,-29.7601688,-50.0148955,"shopping_mall,movie_theater,point_of_interest,establishment",,4,bigquery,
CINEMA CINEMARK,Cinema Cinemark,ChIJfeIrHztWzpQRIdItmSftPmY,AV. DAS NAÇÕES UNIDAS  4777 PISO LAZER - LAPA  SÃO PAULO  05477-000  BRASIL,São Paulo,,SP,BR,05477-000,-23.5919574,-46.6915841,Entertainment,,4,bigquery,
MOTEL DRIVE IN D'FOUR HOTEL SBO,Motel Drive In D'four Hotel Sbo,ChIJg5DasiWdyJQR375czZRvhds,AV. INTERDISTRITAL COMENDADOR EMÍLIO ROMI  241 - DISTRITO INDUSTRIAL  SANTA BÁRBARA D'OESTE - SP  13456-120  BRAZIL,Santa Bárbara d'Oeste,,SP,BR,13456-120,-22.755825,-47.3860895,"movie_theater,lodging,point_of_interest,establishment",,4,bigquery,
MANAUS PLAZA SHOPPING   CONVENÇÕES,Manaus Plaza Shopping Convenções,ChIJg5G-oKkabJIRP4QlTTNfn7I,AV. DJALMA BATISTA  2100 - CHAPADA  MANAUS - AM  69050-010  BRASIL,Manaus,,AM,BR,69050-010,-3.0974159,-60.02392,"shopping_mall,movie_theater,point_of_interest,establishment",,4,bigquery,
FLORIANO SHOPPING,Floriano Shopping,ChIJg5zMSux8gwcR6KeGYxiRUtc,BR-343 - REDE NOVA  FLORIANO - PI  64808-755  BRASIL,Floriano,,PI,BR,64808-755,-6.788719,-43.0460052,"shopping_mall,movie_theater,point_of_interest,establishment",,4,bigquery,
CINEMA CINEMARK,Cinema Cinemark,ChIJh6dKlc5QzpQRfB_vCDwZQqY,AV. CHUCRI ZAIDAN  902 - VILA CORDEIRO  SÃO PAULO - SP  04583-110  BRASIL,São Paulo,,SP,BR,04583-110,-23.6220478,-46.6997439,Entertainment,,4,bigquery,
CINÉPOLIS JOCKEY PLAZA SHOPPING,Cinépolis Jockey Plaza Shopping,ChIJhWzHqp_l3JQRMwbzWBpRPqo,AV. VICTOR FERREIRA DO AMARAL  2635 - TARUMÃ  CURITIBA - PR  82810-350  BRASIL,Curitiba,,PR,BR,82810-350,-25.4287037,-49.2143097,"movie_theater,point_of_interest,establishment",,4,bigquery,
CINÉPOLIS MARILIA SHOPPING,Cinépolis Marilia Shopping,ChIJhb22qJLWv5QR1K0L1pX4mUU,SHOPPING MALL  R. DOS TUCUNARÉS  500 - JARDIM MARIA MARTHA  MARÍLIA - SP  17507-280  BRASIL,Marília,,SP,BR,17507-280,-22.1868714,-49.9671353,"movie_theater,point_of_interest,establishment",,4,bigquery,
CINEMA CINEMARK,Cinema Cinemark,ChIJi2QZ0zWbmQAR5A0ASiY97rA,AV. PRES. KENNEDY  425 - CENTRO  SÃO GONÇALO - RJ  24445-000  BRASIL,São Gonçalo,,RJ,BR,24445-000,-22.822237,-43.0460436,Entertainment,,4,bigquery,
KINOPLEX BOA VISTA,Kinoplex Boa Vista,ChIJi5rCnsMYqwcRi6j0JmocMx4,R. DO GIRIQUITI  48 - BOA VISTA  RECIFE - PE  50070-010  BRASIL,Recife,,PE,BR,50070-010,-8.0597694,-34.8876138,"movie_theater,point_of_interest,establishment",,4,bigquery,
KINOPLEX GOIÂNIA,Kinoplex Goiânia,ChIJiRu8aiXxXpMRo5qg9suWPT8,QUADRA A  AV. T-10  1300 - LOJA 1115 - ST. BUENO  GOIÂNIA - GO  74223-060  BRASIL,Goiânia,,GO,BR,74223-060,-16.7085196,-49.2726691,"movie_theater,point_of_interest,establishment",,4,bigquery,
CINE ARAUJO SHOPPING CAMPO LIMPO,Cine Araujo Shopping Campo Limpo,ChIJiSMaM91TzpQRl5rZuPkAs2Y,ESTR. DO CAMPO LIMPO  459 - LOJA A-0007 - CIDADE AUXILIADORA  SÃO PAULO - SP  05777-001  BRASIL,São Paulo,,SP,BR,05777-001,-23.6490159,-46.7567774,"movie_theater,point_of_interest,establishment",,4,bigquery,
ESPAÇO ITAÚ DE CINEMA - AUGUSTA ANEXO,Espaço Itaú De Cinema - Augusta Anexo,ChIJiy2y1TJYzpQRiFyQzszNB2c,R. AUGUSTA  1470 - CERQUEIRA CÉSAR  SÃO PAULO - SP  01305-100  BRASIL,São Paulo,,SP,BR,01305-100,-23.5564097,-46.6585214,"movie_theater,point_of_interest,establishment",,4,bigquery,
CAXIAS SHOPPING,Caxias Shopping,ChIJj1csW3t6mQARPpkz-_WB5Po,ROD. WASHINGTON LUIZ  2895 - PARQUE DUQUE  DUQUE DE CAXIAS - RJ  25085-008  BRASIL,Duque de Caxias,,RJ,BR,25085-008,-22.7872601,-43.2863159,"shopping_mall,movie_theater,point_of_interest,establishment",,4,bigquery,
CINEMA CINEMARK,Cinema Cinemark,ChIJjRwUKPJ_mQAR1LVikwCm-TY,PRAIA DE BOTAFOGO  400 - ARCO 800 - BOTAFOGO  RIO DE JANEIRO  22250-040  BRASIL,Rio de Janeiro,,RJ,BR,22250-040,-22.9473825,-43.1834561,Entertainment,,4,bigquery,
CINÉPOLIS CONTINENTE PARK,Cinépolis Continente Park,ChIJjw3jFfs1J5URRRaBoc8RVj4,CONTINENTE SHOPPING BR-101  KM 210 - DISTRITO INDUSTRIAL  SC  BRASIL,São José,,SC,BR,,-27.6137216,-48.6453464,"movie_theater,point_of_interest,establishment",,4,bigquery,
CINESYSTEM,Cinesystem,ChIJjyiwVAPomwARWyj_7y9HwVM,AV. DAS AMÉRICAS  19019 - RECREIO DOS BANDEIRANTES  RIO DE JANEIRO - RJ  22790-703  BRASIL,Rio de Janeiro,,RJ,BR,22790-703,-23.022009,-43.4890401,"movie_theater,point_of_interest,establishment",,4,bigquery,
CINEMA CINEMARK,Cinema Cinemark,ChIJkTU4NY81zJQRDwZdL5-GUtE,AV. SÃO JOÃO  2200 LOJA 23 NT - JARDIM DAS COLINAS  SÃO JOSÉ DOS CAMPOS - SP  12242-000  BRASIL,São José dos Campos,,SP,BR,12242-000,-23.2040798,-45.9085046,Entertainment,,4,bigquery,
VILLA NOVA SHOPPING,Villa Nova Shopping,ChIJkWTo6uLgYY0RMAORtzsC4FU,AV. PRES. VARGAS  341 - CENTRAL  MACAPÁ - AP  68900-070  BRASIL,Macapá,,AP,BR,68900-070,0.0372866,-51.0526536,"shopping_mall,movie_theater,point_of_interest,establishment",,4,bigquery,
CINEMARK,Cinemark,ChIJkxqEkpMIk40Rg_OMosVc9ec,AV. VILLE ROY  1544 - CAÇARI  BOA VISTA - RR  69307-725  BRASIL,Boa Vista,,RR,BR,69307-725,2.8549782,-60.6449835,"movie_theater,point_of_interest,establishment",,4,bigquery,
CINEMAS UNIPLEX JABOTICABAL SHOPPING,Cinemas Uniplex Jaboticabal Shopping,ChIJlQPMfHxruZQRtmYs8AueY3Y,PRAÇA JOSÉ  R. MARCONDES HOMEM DE MELO  146 - CENTRO  SP  14870-515  BRASIL,Jaboticabal,,SP,BR,14870-515,-21.2549026,-48.3229844,"movie_theater,point_of_interest,establishment",,4,bigquery,
SHOPPING RIO VERDE,Shopping Rio Verde,ChIJlWmBQWbbYZMR24rpk-iSgrE,AV. PRES. VARGAS  1740 - JARDIM GOIAS  RIO VERDE - GO  75903-290  BRASIL,Rio Verde,,GO,BR,75903-290,-17.7896,-50.9199,"shopping_mall,movie_theater,point_of_interest,establishment",,4,bigquery,
CINÉPOLIS UBERLÂNDIA,Cinépolis Uberlândia,ChIJlbbthqFFpJQRgXqAiYxQwOQ,AV. JOÃO NAVES DE ÁVILA  1331 - 310 - TIBERY  UBERLÂNDIA - MG  38408-902  BRASIL,Uberlândia,,MG,BR,38408-902,-18.9090663,-48.2602569,"movie_theater,point_of_interest,establishment",,4,bigquery,
LOJA CINEMAX,Loja Cinemax,ChIJmdZxJ5z0CQcR0hYSuWMVIUw,AV. GOV. PAULO GUERRA  260 - FLORESTA  PE  56400-000  BRASIL,Floresta,,PE,BR,56400-000,-8.6024858,-38.5737346,"electronics_store,store,point_of_interest,establishment",,4,bigquery,
AGENCIA DE CINEMA MARKETING COMUNIC,Agencia De Cinema Marketing Comunic,ChIJmfQbnWF_mQARtFml3GdkOVg,R. ALCINDO GUANABARA  24 - CENTRO  RIO DE JANEIRO - RJ  20020-100  BRASIL,Rio de Janeiro,,RJ,BR,20020-100,-22.9105123,-43.1770226,"movie_theater,point_of_interest,establishment",,4,bigquery,
CINESYSTEM CINEMAS,Cinesystem Cinemas,ChIJnU1kyvea25QRk280qfBkS7c,R. MANOEL PEREIRA  1615 - RAIA  PARANAGUÁ - PR  83206-200  BRAZIL,Paranaguá,,PR,BR,83206-200,-25.5184526,-48.5187555,"movie_theater,point_of_interest,establishment",,4,bigquery,
UNIMART SHOPPING CAMPINAS,Unimart Shopping Campinas,ChIJnUr5VobIyJQRGex6P1VpZhw,AV. IMPÉRIO DO SOL NASCENTE  350 - CHÁCARA DA REPÚBLICA  CAMPINAS - SP  13033-000  BRASIL,Campinas,,SP,BR,13033-000,-22.908659,-47.0949147,"shopping_mall,movie_theater,point_of_interest,establishment",,4,bigquery,
CINEMA CINEMARK OSASCO,Cinema Cinemark Osasco,ChIJoR5IA0L_zpQR9SPnSdQhkdk,AV. DOS AUTONOMISTAS  1400 ÂNCORA K - VILA YARA  OSASCO - SP  06020-010  BRASIL,Osasco,,SP,BR,06020-010,-23.5390822,-46.765354,"movie_theater,point_of_interest,establishment",,4,bigquery,
CINE SANTA CLARA,Cine Santa Clara,ChIJoXYxKVkKOQcRlXomkiX5XU0,AV. SOARES LOPES  908 - CENTRO  ILHÉUS - BA  45653-005  BRASIL,Ilhéus,,BA,BR,45653-005,-14.7936498,-39.0320996,"movie_theater,point_of_interest,establishment",,4,bigquery,
CINEMARK SHOPPING INTERLAR ARICANDUVA,Cinemark Shopping Interlar Aricanduva,ChIJoYncoWlnzpQRvaxNhxLKgi8,JARDIM MARÍLIA  SÃO PAULO - SP  BRASIL,São Paulo,,SP,BR,,-23.5619328,-46.5030553,"movie_theater,point_of_interest,establishment",,4,bigquery,
THEATRO XVIII,Theatro Xviii,ChIJp1H-2ecEFgcR_sdFAbmdOYU,R. FREI VICENTE  18 - PELOURINHO  SALVADOR - BA  40025-060  BRASIL,Salvador,,BA,BR,40025-060,-12.973484,-38.5079536,"movie_theater,point_of_interest,establishment",,4,bigquery,
TUCURUÍ SHOPPING CENTER,Tucuruí Shopping Center,ChIJp27BbOCMv5IR0YHstYkIKGA,R. LAURO SODRÉ  675 - SANTA ISABEL  TUCURUÍ - PA  68456-060  BRASIL,Tucuruí,,PA,BR,68456-060,-3.7669237,-49.6737516,"shopping_mall,movie_theater,point_of_interest,establishment",,4,bigquery,
KINOPLEX PÁTIO BRASIL,Kinoplex Pátio Brasil,ChIJq30P-uU6WpMRosvhxip6zmc,BLOCO A - QUADRA 07  ST. COMERCIAL SUL  BRASÍLIA - DF  70307-902  BRASIL,Brasília,,DF,BR,70307-902,-15.7955572,-47.8917992,"movie_theater,point_of_interest,establishment",,4,bigquery,
CENTER PLAZA,Center Plaza,ChIJq7589EINoZQRTPVgicEP1-4,PRAÇA DA REPÚBLICA  256 - ST. CENTRAL  ITUMBIARA - GO  75503-260  BRASIL,Itumbiara,,GO,BR,75503-260,-18.4195664,-49.2174359,"shopping_mall,movie_theater,point_of_interest,establishment",,4,bigquery,
CENTERPLEX NORTH SHOPPING BARRETOS,Centerplex North Shopping Barretos,ChIJqQ91LFOFu5QRsK0BkLInVEo,VIA CONSELHEIRO ANTÔNIO PRADO - PEDRO CAVALINI  BARRETOS - SP  14784-200  BRASIL,Barretos,,SP,BR,14784-200,-20.5740707,-48.5585306,"movie_theater,point_of_interest,establishment",,4,bigquery,
CINEMA CINEMARK,Cinema Cinemark,ChIJqSF1l6hDGZURNYtCAMaju6E,AV. NAÇÕES UNIDAS  2001 - LOJA 21 - RIO BRANCO  NOVO HAMBURGO - RS  93320-021  BRASIL,Novo Hamburgo,,RS,BR,93320-021,-29.685724,-51.133885,Entertainment,,4,bigquery,
CINE A TRÊS CORAÇÕES,Cine A Três Corações,ChIJqYG22OXcypQR97DMlT7C9_4,AV. PRES. GETÚLIO VARGAS  55 - CENTRO  TRÊS CORAÇÕES - MG  37410-137  BRASIL,Três Corações,,MG,BR,37410-137,-21.6990585,-45.2580006,"movie_theater,point_of_interest,establishment",,4,bigquery,
CINEMA DO TACARUNA,Cinema Do Tacaruna,ChIJr2okBy8ZqwcRh7AP8q9Tiaw,SANTO AMARO  RECIFE - PE  52171-011  BRASIL,Recife,,PE,BR,52171-011,-8.0387734,-34.8726154,"movie_theater,point_of_interest,establishment",,4,bigquery,
KINOPLEX - MATRIZ,Kinoplex - Matriz,ChIJrRTHkxx_mQAR1GWy_93RKg8,PRAÇA MAHATMA GANDHI  2 - 5º ANDAR - CENTRO  RIO DE JANEIRO - RJ  20031-100  BRASIL,Rio de Janeiro,,RJ,BR,20031-100,-22.911598,-43.175995,"movie_theater,point_of_interest,establishment",,4,bigquery,
CINE TEATRO SHOPPING SÃO PEDRO,Cine Teatro Shopping São Pedro,ChIJrTtVWQiwx5QRhJ66lr5jksk,R. JOÃO TEIXEIRA DA FROTA  1184 - SANTA CRUZ  SÃO PEDRO - SP  13520-000  BRASIL,São Pedro,,SP,BR,13520-000,-22.5544136,-47.9096152,"movie_theater,point_of_interest,establishment",,4,bigquery,
SHOPPING IBIAPABA,Shopping Ibiapaba,ChIJuwZGJ2ZJ6wcRBjhHfBKeDBg,R. MARIA DE LOURDES ANDRADE DE VASCONCELOS  200 - CENTRO  TIANGUÁ - CE  62320-000  BRASIL,Tianguá,,CE,BR,62320-000,-3.7301068,-40.9953058,"shopping_mall,movie_theater,food,point_of_interest,store,establishment",,4,bigquery,
SHOPPING BOA VISTA,Shopping Boa Vista,ChIJuzC08MAYqwcRK6KehBDnIw4,R. DO GIRIQUITI  48 - BOA VISTA  RECIFE - PE  50070-010  BRASIL,Recife,,PE,BR,50070-010,-8.0596141,-34.8870462,"shopping_mall,movie_theater,restaurant,store,food,point_of_interest,establishment",,4,bigquery,
MULTIPLEX PLAYARTE IBIRAPUERA,Multiplex Playarte Ibirapuera,ChIJv-J3OFNbzpQRCFSlY3pn84M,AV. IBIRAPUERA  3103 - PISO - CAMPO BELO  SÃO PAULO - SP  04029-200  BRASIL,São Paulo,,SP,BR,04029-200,-23.6102855,-46.6668644,"movie_theater,point_of_interest,establishment",,4,bigquery,
UCI ORIENT SHOPPING DA BAHIA,Uci Orient Shopping Da Bahia,ChIJvYO33xgbFgcR8s8WMGYymEg,AV. TANCREDO NEVES  148 - CAMINHO DAS ÁRVORES  SALVADOR - BA  41820-972  BRASIL,Salvador,,BA,BR,41820-972,-12.9824205,-38.463519,"movie_theater,point_of_interest,establishment",,4,bigquery,
PEDRA DA SERRA CINEMA,Pedra Da Serra Cinema,ChIJvZyArJBfNZMRBQRocvYWhHo,PO MANGABEIRA MANGABEIRA/ASSENTAMENTO RIO BRANCO II  BARREIRAS - BA  47809-999  BRAZIL,Barreiras,,BA,BR,47809-999,-11.8421646,-45.2385056,"meal_takeaway,restaurant,food,point_of_interest,establishment",,4,bigquery,
SOROCABA SHOPPING,Sorocaba Shopping,ChIJvbQ487eKxZQRQAnS6U032vo,CONDOMÍNIO SOROCABA SHOPPING CENTER - AV. DR. AFONSO VERGUEIRO  1700 - CENTRO  SOROCABA - SP  18040-000  BRASIL,Sorocaba,,SP,BR,18040-000,-23.4965396,-47.467545,"shopping_mall,movie_theater,point_of_interest,establishment",,4,bigquery,
CINEMA CINEMARK,Cinema Cinemark,ChIJves4j7-XpgAR10bpqWKXDSI,GD LOURDES - AV. OLEGÁRIO MACIEL  1600 - LOJA OM25 - SANTO AGOSTINHO  BELO HORIZONTE - MG  30180-111  BRASIL,Belo Horizonte,,MG,BR,30180-111,-19.9279851,-43.9474041,Entertainment,,4,bigquery,
SHOPPING PAMPULHA MALL,Shopping Pampulha Mall,ChIJw7MFkkGQpgARzOZJB85Sa_c,AV. PRES. ANTÔNIO CARLOS  8100 - PAMPULHA  BELO HORIZONTE - MG  31210-800  BRASIL,Belo Horizonte,,MG,BR,31210-800,-19.8505015,-43.963632,"shopping_mall,movie_theater,point_of_interest,establishment",,4,bigquery,
ITAPECERICA SHOPPING,Itapecerica Shopping,ChIJwdlSfhOtz5QRvm9JXAx3ruo,AV. QUINZE DE NOVEMBRO  89 - CENTRO  ITAPECERICA DA SERRA - SP  06850-100  BRASIL,Itapecerica da Serra,,SP,BR,06850-100,-23.7155669,-46.8501937,"shopping_mall,movie_theater,point_of_interest,establishment",,4,bigquery,
ALAMEDA RODOSERV CENTER,Alameda Rodoserv Center,ChIJxWCGYBtev5QRvWLs_V8nMXE,RUA LUÍS LEVORATO  1-55  ALTURA KM 335 ROAD  ROD. MAL. RONDON - JARDIM MARABÁ  BAURU - SP  17048-290  BRASIL,Bauru,,SP,BR,17048-290,-22.3707002,-49.0366879,"shopping_mall,convenience_store,movie_theater,gas_station,food,store,point_of_interest,establishment",,4,bigquery,
JC GAMES  DENTRO DO CINEMA,Jc Games Dentro Do Cinema,ChIJyVH-4O83p5QRZCrQg7czwBA,Q 46 - S/N LT 13 NR 693  R. B  2  CALDAS NOVAS - GO  75690-000  BRASIL,Caldas Novas,,GO,BR,75690-000,-17.7437023,-48.6219075,"movie_theater,point_of_interest,establishment",,4,bigquery,
CINEMA,Cinema,ChIJyXpFWfvW7JQRUiYSblqvXHg,AV. COLOMBO  9161 - PARQUE INDUSTRIAL BANDEIRANTES  MARINGÁ - PR  87070-000  BRASIL,Maringá,,PR,BR,87070-000,-23.4201719,-51.9695485,"shopping_mall,point_of_interest,establishment",,4,bigquery,
CINETEATRO SÃO JOSÉ PB,Cineteatro São José Pb,ChIJzTNKMkYerAcRoUFujXQ_JEo,R. LINO GOMES DA SILVA - SÃO JOSÉ  CAMPINA GRANDE - PB  58400-360  BRASIL,Campina Grande,,PB,BR,58400-360,-7.2239748,-35.8907293,"movie_theater,library,point_of_interest,establishment",,4,bigquery,
CINÉPOLIS - SALVADOR NORTE,Cinépolis - Salvador Norte,ChIJzXzrn1EWFgcRtHY8O0YfgTk,BA-526  305 3017 - SÃO CRISTÓVÃO  SALVADOR - BA  41301-110  BRASIL,Salvador,,BA,BR,41301-110,-12.9094444,-38.3511111,"movie_theater,point_of_interest,establishment",,4,bigquery,
BRISAMAR SHOPPING CINE ROXY,Brisamar Shopping Cine Roxy,ChIJzxgluIMEzpQRTBSCKj0zFqE,R. FREI GASPAR  365 - CENTRO  SÃO VICENTE - SP  11310-060  BRASIL,São Vicente,,SP,BR,11310-060,-23.9673667,-46.3833014,"movie_theater,point_of_interest,establishment",,4,bigquery,
KINOPLEX PLATINUM,Kinoplex Platinum,ChIJ0yjCyK8xWpMRTlleSBidH9k,SMAS TRECHO 1 - GUARÁ  BRASÍLIA - DF  71219-900  BRASIL,Brasília,,DF,BR,71219-900,-15.8337871,-47.9547164,"movie_theater,point_of_interest,establishment",,3,bigquery,
SINDICATO DOS TRABALHADORES NA INDÚSTRIA CINEMATOGRÁFICA,Sindicato Dos Trabalhadores Na Indústria Cinematográfica,ChIJO4ckNAd5GZURihBLiMXGR9o,R. AVAÍ  63 - CENTRO HISTÓRICO  PORTO ALEGRE - RS  90050-200  BRAZIL,Porto Alegre,,RS,BR,90050-200,-30.0339477,-51.2230088,"point_of_interest,establishment",,3,bigquery,
CINEMARK ABC PLAZA,Cinemark Abc Plaza,ChIJVRjJVJRCzpQR7Ws5eH_6OAE,AV. INDUSTRIAL  600 - JARDIM  SANTO ANDRÉ - SP  09080-500  BRASIL,Santo André,,SP,BR,09080-500,-23.6486111,-46.5327249,"movie_theater,point_of_interest,establishment",,3,bigquery,
ARCOPLEX CINEMA SHOPPING DO VALE,Arcoplex Cinema Shopping Do Vale,ChIJYyLNKbhzGZURrYoP1LN6exo,AV. GEN. FLORES DA CUNHA  4001 - VILA BOM PRINCIPIO  CACHOEIRINHA - RS  94950-001  BRASIL,Cachoeirinha,,RS,BR,94950-001,-29.9361847,-51.0790274,"movie_theater,point_of_interest,establishment",,3,bigquery,
EMPRESA CINEMAS SÃO LUIZ,Empresa Cinemas São Luiz,ChIJ_YJDzXXk3JQRN6ox6rawL5w,R. COMENDADOR ARAÚJO  731 - BENJAMIN LINS BATEL  CURITIBA - PR  80420-000  BRASIL,Curitiba,,PR,BR,80420-000,-25.4387911,-49.2817249,"movie_theater,point_of_interest,establishment",,3,bigquery,
ORIENT CINEMAS - PONTO ALTO,Orient Cinemas - Ponto Alto,ChIJ3RFVKZoQFgcR1zRP5X_d6Gg,AV SÃO RAFAEL - S/N SHOPPING PONTO ALTO  SALVADOR - BA  41250-090  BRASIL,Salvador,,BA,BR,41250-090,-12.9327777,-38.4274674,"movie_theater,point_of_interest,establishment",,2,bigquery,
CINEMA SEVERIANO RIBEIRO,Cinema Severiano Ribeiro,ChIJqYHgzHXk3JQRz6kgFsVr6gg,R. COMENDADOR ARAÚJO  731 - CENTRO  CURITIBA - PR  80420-000  BRASIL,Curitiba,,PR,BR,80420-000,-25.4390201,-49.2815084,"movie_theater,point_of_interest,establishment",,1,bigquery,
GRUPO CINE DIADEMA,Grupo Cine Diadema,ChIJ-0Sr-BpFzpQRS0uWYC9HkyE,"ESTR. DO RUFINO, 735 - SERRARIA, DIADEMA - SP, 09980-550",Diadema,,SP,BR,09980-550,-23.705357,-46.6173502,Movie theater,,,bigquery,
CINE MARQUISE - ULTRAVISÃO,Cine Marquise - Ultravisão,ChIJ-1fGrejcyZQRaC0U-NGUR-M,"R. RIO GRANDE DO SUL, 1007 - CENTRO, POÇOS DE CALDAS - MG, 37701-001",Poços de Caldas,,MG,BR,37701-001,-21.7872353,-46.5647432,Movie theater,,,bigquery,
CINE SUMARÉ,Cine Sumaré,ChIJ-2Bo1Wy9yJQRF7XeXXVzmWE,"R. JUSTINO FRANÇA, 218 - JARDIM SAO CARLOS, SUMARÉ - SP, 13170-000",Sumaré,,SP,BR,13170-000,-22.8237199,-47.264983,Movie theater,,,bigquery,
CINEFLIX AURORA SHOPPING LONDRINA,Cineflix Aurora Shopping Londrina,ChIJ-3j1GU1D65QRGFhd2k729Gw,"AV. AYRTON SENNA DA SILVA, 400 - GLEBA FAZENDA PALHANO, LONDRINA - PR, 86050-460",Londrina,,PR,BR,86050-460,-23.329046,-51.177822,Movie theater,,,bigquery,
CINE MÉXICO,Cine México,ChIJ-4kWGdGZpgARXwk4YF-LWj4,"AV. OIAPOQUE, 194 - CENTRO, BELO HORIZONTE - MG, 30111-070",Belo Horizonte,,MG,BR,30111-070,-19.9133043,-43.9400338,Movie theater,,,bigquery,
INCINEMA,Incinema,ChIJ-5zjLINPpJQRE5Mi9gBSgh4,"AV. ANSELMO ALVES DOS SANTOS - GRAND VILLE, UBERLÂNDIA - MG, 38407-827",Uberlândia,,MG,BR,38407-827,-18.909124,-48.2192622,Movie studio,,,bigquery,
CINEMEC TAQUARITINGA,Cinemec Taquaritinga,ChIJ-6WTnm45uZQRZxBlkfwqZsw,"R. DA REPÚBLICA, 929 - TAQUARITINGA, SP, 15900-000",Taquaritinga,,SP,BR,15900-000,-21.4057353,-48.5053515,Movie theater,,,bigquery,
Cinesystem Cinemas,Cinesystem Cinemas,ChIJ-9BWYwBzmQAR2i5gYXL9Nzo,"Outlet Premium - Figueira, Duque de Caxias - RJ, 25265-008, Brazil",Duque de Caxias,,RJ,BR,25265008,-22.67613,-43.2886202,"movie_theater,point_of_interest,establishment",,,bigquery,"{""source"": ""supabase_places_cache_migration"", ""types"": [""movie_theater"", ""point_of_interest"", ""establishment""], ""rating"": null, ""refreshed_at"": ""2026-05-25T19:28:26.088+00:00""}"
CINEMA ROOM ULYSSES GEREMIA,Cinema Room Ulysses Geremia,ChIJ-9SaoTSjHpURsgcWZxUXTM0,"R. LUIZ ANTUNES, 312 - PANAZZOLO, CAXIAS DO SUL - RS, 95080-000",Caxias do Sul,,RS,BR,95080-000,-29.1763522,-51.1806299,Movie theater,,,bigquery,
BARRA DO PIRAI CINESHOW,Barra Do Pirai Cineshow,ChIJ-9UlxAe1ngARB5fTTXcjlWs,"R. CEL. CARLOS ARAÚJO, 60 - 2ND - CENTRO, BARRA DO PIRAÍ - RJ, 27110-400",Barra do Piraí,,RJ,BR,27110-400,-22.4689672,-43.8275423,Movie theater,,,bigquery,
GRUPO CINE,Grupo Cine,ChIJ-QdJtWTwzJQRIES2TPcI04U,"YONGE ST, 650 - MOMBAÇA, PINDAMONHANGABA - SP, 12421-705",Pindamonhangaba,,SP,BR,12421-705,-22.9464557,-45.481712,Movie theater,,,bigquery,
PIPOCAS E ALGODÃO DOCE MIDELU,Pipocas E Algodão Doce Midelu,ChIJ-RTGIjBCGZURjAbeLcBRfCU,"R. MUNDO NOVO, 775 - CANUDOS, NOVO HAMBURGO - RS, 93548-000",Novo Hamburgo,,RS,BR,93548-000,-29.6890192,-51.1083168,Movie theater,,,bigquery,
THE CINE ALFENAS,The Cine Alfenas,ChIJ-T0vo6X1tZQROqCvkxXQPJo,"R. PRES. ARTUR BERNARDES, 609 - CENTRO, ALFENAS - MG, 37130-000",Alfenas,,MG,BR,37130-000,-21.4302366,-45.9485491,Movie theater,,,bigquery,
STAGE 7,Stage 7,ChIJ-TRUqLr_zpQRcWulkENooZ0,"AV. PIRARUCU, 1630 - JARDIM SANTA CECILIA, BARUERI - SP, 02675-031",Barueri,,SP,BR,02675-031,-23.515356,-46.8185632,Movie theater,,,bigquery,
ESCARLATE CONTEÚDO AUDIOVISUAL E EXPERIÊNCIAS CRIATIVAS,Escarlate Conteúdo Audiovisual E Experiências Criativas,ChIJ-VXARwXVmwARNQJBrbyy9_M,"R. VISC. DE PIRAJÁ, 303 - IPANEMA, RIO DE JANEIRO - RJ, 22410-003",RIO DE JANEIRO,,RJ,BR,22410-003,-22.984594,-43.2043403,Movie theater,,,bigquery,
CINEMA,Cinema,ChIJ-XBp9pvRDwcR-7SEx6XRHY0,"R. LARGO DO TANQUE, 260, PARIPIRANGA - BA, 48430-000",Paripiranga,,BA,BR,48430-000,-10.6896339,-37.8566833,Movie theater,,,bigquery,
DELFIN,Delfin,ChIJ-Yn7V2t_mQARCwS6HBkvK5s,"VIA BINÁRIO DO PORTO, 6 - GAMBOA, RIO DE JANEIRO - RJ, 20220-297",RIO DE JANEIRO,,RJ,BR,20220-297,-22.8933427,-43.1921699,Movie theater,,,bigquery,
VILA GEEK ALAGOINHAS,Vila Geek Alagoinhas,ChIJ-_8Pdje8FgcRCyJc4tV280M,"R. LAURO DE FREITAS, 56 - CENTRO, ALAGOINHAS - BA, 48005-015",Alagoinhas,,BA,BR,48005-015,-12.1368921,-38.4189892,Movie theater,,,bigquery,
CINEFLIX SHOPPING POÇOS DE CALDAS,Cineflix Shopping Poços De Caldas,ChIJ-bScyqrbyZQRhVEOyeg-ZIg,"AV. SILVIO MONTEIRO DOS SANTOS, 180 - VALE DAS ANTAS, POÇOS DE CALDAS - MG, 37704-369",Poços de Caldas,,MG,BR,37704-369,-21.7769557,-46.6015778,Movie theater,,,bigquery,
UCI,Uci,ChIJ-dUA9eDZmwARNo1_dqr9_98,"Estr. de Jacarepaguá, 6069 - Anil, Rio de Janeiro - RJ, 22753-033, Brazil",Rio de Janeiro,,RJ,BR,22753033,-22.9572662,-43.3393773,"movie_theater,point_of_interest,establishment",,,bigquery,"{""source"": ""supabase_places_cache_migration"", ""types"": [""movie_theater"", ""point_of_interest"", ""establishment""], ""rating"": null, ""refreshed_at"": ""2026-05-25T19:28:24.193+00:00""}"
CENTER CINE,Center Cine,ChIJ-eNif-xkoAAR9BPfuL4phPo,"PRAÇA XV DE NOVEMBRO, 15 - CENTRO, OLIVEIRA - MG, 35540-000",Oliveira,,MG,BR,35540-000,-20.6979442,-44.827273,Movie theater,,,bigquery,
MOVIES MORUMBI,Movies Morumbi,ChIJ-emS8NW_85QRQfbo28ZvZSk,"AV. SEN. ATTILIO FONTANA, 5045 - CENTRO, TOLEDO - PR, 85901-200",Toledo,,PR,BR,85901-200,-24.7400041,-53.7362952,Movie theater,,,bigquery,
Cinépolis,Cinépolis,ChIJ-fU7KgB7mQARxGXi6xoDtAA,"R Professor José de Souza Herdy, 1216 - Jardim Vinte e Cinco de Agosto, Duque de Caxias - RJ, 25071-202, Brazil",Duque de Caxias,,RJ,BR,25071202,-22.789183,-43.3064412,"movie_theater,point_of_interest,establishment",,,bigquery,"{""source"": ""supabase_places_cache_migration"", ""types"": [""movie_theater"", ""point_of_interest"", ""establishment""], ""rating"": null, ""refreshed_at"": ""2026-05-25T19:20:11.502+00:00""}"
CINE CATARATAS,Cine Cataratas,ChIJ-f__H12Q9pQRPMxij7aYPNg,"AV. COSTA E SILVA, 185 - LOJA 326 - PARQUE PRES. 1, FOZ DO IGUAÇU - PR, 85863-000",Foz do Iguaçu,,PR,BR,85863-000,-25.533003,-54.574643,Movie theater,,,bigquery,
CINEMEC BEBEDOURO,Cinemec Bebedouro,ChIJ0-KE7Anku5QRtC3Hc3gRrHM,"AV. ALAN KARDEC, 1451 - CENTRO, BEBEDOURO - SP, 14701-904",Bebedouro,,SP,BR,14701-904,-20.9497253,-48.4921416,Movie theater,,,bigquery,
DI 3 GRU SERVIÇOS DE DIVERSÕES E ENTRETE,Di 3 Gru Serviços De Diversões E Entrete,ChIJ0-kQxfhfzpQRPKFtgbgm2_Y,"AV. ANTÔNIO DE SOUZA, 736 - CENTRO, GUARULHOS - SP, 07013-090",Guarulhos,,SP,BR,07013-090,-23.4732588,-46.523558,Movie theater,,,bigquery,
Cinema da Fundação Joaquim Nabuco (FUNDAJ) - Derby,Cinema da Fundação Joaquim Nabuco (FUNDAJ) - Derby,ChIJ0-tkb9wYqwcRPgJt9qIYHMU,"R. Henrique Dias, 609 - Derby, Recife - PE, 52010-100",Recife,,PE,BR,52010100,-8.059312199999999,-34.8999753,"movie_theater,point_of_interest,establishment",,,bigquery,"{""source"":""google_places_augment"",""types"":[""movie_theater"",""point_of_interest"",""establishment""],""rating"":null}"
Cine Villa Bella & Clube,Cine Villa Bella & Clube,ChIJ00-frqiZ0pQRcVvOtmXMLyI,"R. Da Padroeira, 140 - Fundos - Vila, Ilhabela - SP, 11635-144, Brazil",Ilhabela,,SP,BR,11635144,-23.7778361,-45.3575395,"movie_theater,point_of_interest,establishment",,,bigquery,"{""source"": ""supabase_places_cache_migration"", ""types"": [""movie_theater"", ""point_of_interest"", ""establishment""], ""rating"": null, ""refreshed_at"": ""2026-05-25T19:19:12.109+00:00""}"
FILMES PRODUTORA DE CINEMA - ATORES PARA ELENCO,Filmes Produtora De Cinema - Atores Para Elenco,ChIJ01CMjgDcmwARVnQGbEc4saE,"AVENIDA DAS AMÉRICAS 15.015 3°ANDAR - RECREIO DOS BANDEIRANTES, RIO DE JANEIRO - RJ, 22780-081",Rio de Janeiro,,RJ,BR,22780-081,-23.01313,-43.459707,Movie theater,,,bigquery,
BICUDO ESTAPARIA,Bicudo Estaparia,ChIJ04DCpp7a7JQRnrpX7pDAyMU,"R. AUGUSTO BIRCHES TERRÃO - CENTRO, SARANDI - PR, 87111-160",Sarandi,,PR,BR,87111-160,-23.4438598,-51.8784771,Movie theater,,,bigquery,
TOP CINE HIPER SHOPPING,Top Cine Hiper Shopping,ChIJ05JVZvSnmQARTFzjEhXcDZU,"1415/2 FLOOR, R. TERESA - ALTO DA SERRA, PETRÓPOLIS - RJ, 25635-530",Petrópolis,,RJ,BR,25635-530,-22.5241151,-43.1708538,Movie theater,,,bigquery,
FUTURA TRANSP ESP EM CINEMA E TV,Futura Transp Esp Em Cinema E Tv,ChIJ05r8-LZZzpQRmGj54W1elrM,"R. ALM. MARQUES DE LEÃO, 215 - MORRO DOS INGLESES, SÃO PAULO - SP, 01330-001",São Paulo,,SP,BR,01330-001,-23.5585745,-46.6482639,Movie theater,,,bigquery,
SIGMA FILMES LTDA.,Sigma Filmes Ltda.,ChIJ08PFBtNXzpQRr6NrnMNavh8,"AV. BRIG. FARIA LIMA, 1572 - 1618 - JARDIM PAULISTANO, SÃO PAULO - SP, 01451-001",São Paulo,,SP,BR,01451-001,-23.5715583,-46.6909062,Movie theater,,,bigquery,
CINE ARAÚJO - MAUÁ PLAZA SHOPPING,Cine Araújo - Mauá Plaza Shopping,ChIJ09sokmlpzpQRKKbOShjgRL8,"AVENIDA ANTÔNIA, R. FIORANTE, 3270, MAUÁ - SP, 09390-120",Mauá,,SP,BR,09390-120,-23.66441,-46.46002,Movie theater,,,bigquery,
CINE A,Cine A,ChIJ0Q9v3K_JzpQRi8aJV8qQ_T4,"PRAÇA MAASTRICHT, 100 - S/N LOJA 6 - JARDIM EUROPA, BRAGANÇA PAULISTA - SP, 12917-021",Bragança Paulista,,SP,BR,12917-021,-22.9762506,-46.5454898,Movie theater,,,bigquery,
Cine Em Curso,Cine Em Curso,ChIJ0TOB3GPHqQcRz3NnlD0s938,"R. do Ipê, 112 - Floresta, Belo Jardim - PE, 55158-210",Belo Jardim,,PE,BR,55158210,-8.3392281,-36.4134878,"movie_theater,point_of_interest,establishment",,,bigquery,"{""source"":""google_places_augment"",""types"":[""movie_theater"",""point_of_interest"",""establishment""],""rating"":null}"
FILMES DE INVERNO,Filmes De Inverno,ChIJ0Tyhi89bzpQR6f9vgZJKoeY,"R. DR. DIOGO DE FARIA, 1175 - VILA CLEMENTINO, SÃO PAULO - SP, 04037-004",São Paulo,,SP,BR,04037-004,-23.5954857,-46.6481185,Movie theater,,,bigquery,
ELDORADO,Eldorado,ChIJ0Vu2EQ9EzpQRio2LjiVdOlA,"ESTRADA SAMUEL AIZEMBERG, 1400 - ALVES DIAS, SÃO BERNARDO DO CAMPO - SP, 09851-550",São Bernardo do Campo,,SP,BR,09851-550,-23.7156269,-46.5998841,Movie theater,,,bigquery,
ALCEU VIDEO FOTO,Alceu Video Foto,ChIJ0XgEeB8nt5QRUlv3IRipOdA,"R. PRAÇA CASTORINO DE SOUZA, 666, PRATÁPOLIS - MG, 37970-000",Pratápolis,,MG,BR,37970-000,-20.7442196,-46.8615952,Movie theater,,,bigquery,
A MAIS BRABA,A Mais Braba,ChIJ0YTrgemFmQAR9u080Qyuq0Y,"R. SÃO JANUÁRIO, 132-154 - FONSECA, NITERÓI - RJ, 24130-386",Niterói,,RJ,BR,24130-386,-22.8799891,-43.0869982,Movie theater,,,bigquery,
GRUPO CINE,Grupo Cine,ChIJ0bucmxOtz5QRdDq39G-Y3ys,"AV. QUINZE DE NOVEMBRO, 89 - CENTRO, ITAPECERICA DA SERRA - SP, 06850-060",Itapecerica da Serra,,SP,BR,06850-060,-23.7155875,-46.8500075,Movie theater,,,bigquery,
CINE GLOBO FREDERICO,Cine Globo Frederico,ChIJ0cUYbi6f-5QR4b0ix1Eh1zw,"R. MIGUEL COUTO, 202 - CENTRO, FREDERICO WESTPHALEN - RS, 98400-000",Frederico Westphalen,,RS,BR,98400-000,-27.3573291,-53.3940667,Movie theater,,,bigquery,
SHARKCINE PIRAQUARA,Sharkcine Piraquara,ChIJ0cg8h97z3JQRglY9NiOXr5I,"AV. GETÚLIO VARGAS, 35 - CENTRO, PIRAQUARA - PR, 83301-010",Piraquara,,PR,BR,83301-010,-25.4411323,-49.0591236,Movie theater,,,bigquery,
CINE GLOBO TRÊS PASSOS,Cine Globo Três Passos,ChIJ0d45wY3n-5QR_1-tCrJtxTw,"AV. JÚLIO DE CASTILHOS, 490 - CENTRO, TRÊS PASSOS - RS, 98600-000",Três Passos,,RS,BR,98600-000,-27.4560311,-53.9296531,Movie theater,,,bigquery,
AAF PRODUÇÕES,Aaf Produções,ChIJ0e834MGfvZQRzPgwjxOAoII,"R. TIRADENTES, 1124 - MONTE APRAZÍVEL, SP, 15150-000",Monte Aprazível,,SP,BR,15150-000,-20.7699351,-49.7123993,Movie theater,,,bigquery,
COALA FILMES - KOALA AUDIOVISUAL PRODUCTIONS,Coala Filmes - Koala Audiovisual Productions,ChIJ0wlBQzNYzpQR0zL1d4s_cpQ,"R. AUGUSTA, 1239 - CONJUNTO 11 - CERQUEIRA CÉSAR, SÃO PAULO - SP, 01305-100",São Paulo,,SP,BR,01305-100,-23.555016,-46.6567672,Movie theater,,,bigquery,
TIGREZZA.DOC,Tigrezza.doc,ChIJ0y6fGgUFFgcR-oB4jt8Ef0U,"R. GEN. LABATUT - PIEDADE, SALVADOR - BA, 40000-000",Salvador,,BA,BR,40000-000,-12.9854385,-38.5136005,Movie theater,,,bigquery,
UCI CINEMAS - SHOPPING METRÓPOLE,Uci Cinemas - Shopping Metrópole,ChIJ0yCBfYlDzpQREHIfsRB6p3Q,"PRAÇA SAMUEL SABATINI, 200 - CENTRO, SÃO BERNARDO DO CAMPO - SP, 09750-902",São Bernardo do Campo,,SP,BR,09750-902,-23.6921127,-46.5508975,Movie theater,,,bigquery,
CINE GLÓRIA VALENÇA / RJ,Cine Glória Valença / Rj,ChIJ0yLMq1EpmQAR2-50-UB9yI4,"PRAÇA VISC. DO RIO PRETO, 272 - CENTRO, VALENÇA - RJ, 27600-000",Valença,,RJ,BR,27600-000,-22.2434574,-43.7034061,Movie theater,,,bigquery,
CINECLUBE JACAREÍ,Cineclube Jacareí,ChIJ0z06tx7LzZQRvgndTmAaYMw,"R. BARÃO DE JACAREÍ, 122 - CENTRO, JACAREÍ - SP, 12300-000",Jacareí,,SP,BR,12300-000,-23.3045103,-45.9661572,Movie theater,,,bigquery,
CINEMA MUDO – CURSO COM CELSO SABADIN,Cinema Mudo – Curso Com Celso Sabadin,ChIJ0zvJxPFbzpQRygRH664a4Hs,"R. CISPLATINA, 505 - IPIRANGA, SÃO PAULO - SP, 04211-040",São Paulo,,SP,BR,04211-040,-23.5878993,-46.6023536,Movie theater,,,bigquery,
CINEMA GRATIS,Cinema Gratis,ChIJ10pUEUPbzpQR0elq_8sdFEw,"ALAMEDA MANAUS, 240 - BOM RETIRO, JARINU - SP, 13240-000",Jarinu,,SP,BR,13240-000,-23.0954669,-46.7240719,butcher,,,bigquery,
ALCON CINEMA VT E TEATRO,Alcon Cinema Vt E Teatro,ChIJ13U0zzxYzpQROKv42xUN3eQ,"AV. HIGIENÓPOLIS, 938 - HIGIENÓPOLIS, SÃO PAULO - SP, 01238-000",São Paulo,,SP,BR,01238-000,-23.5412963,-46.6600602,Movie theater,,,bigquery,
CINE TORRES 3D,Cine Torres 3d,ChIJ14IORKRpIpURp705NJ2vyUc,"R. BORGES DE MEDEIROS, 275 - CENTRO, TORRES - RS, 95560-000",Torres,,RS,BR,95560-000,-29.338737,-49.7253374,Movie theater,,,bigquery,
CINE TEATRO MATAO,Cine Teatro Matao,ChIJ14a29M8fuZQR_L49QXfXceg,"R. JOÃO PESSOA, 842 - CENTRO, MATÃO - SP, 15990-020",Matão,,SP,BR,15990-020,-21.6015644,-48.3663116,Movie theater,,,bigquery,
BARRA CHEIA,Barra Cheia,ChIJ15RMixf73JQRZXZ_WskG-Fw,"R. OLIVEIRA VIANA, 1991 - HAUER, CURITIBA - PR, 81670-090",Curitiba,,PR,BR,81670-090,-25.4918618,-49.2502297,Movie theater,,,bigquery,
PONTO DE CINEMA CINEMATECA GAÚCHA,Ponto De Cinema Cinemateca Gaúcha,ChIJ15feNlR4GZUR7ZDCUymEmZc,"R. GEN. LIMA E SILVA, 776 - CENTRO HISTÓRICO, PORTO ALEGRE - RS, 90050-102",Porto Alegre,,RS,BR,90050-102,-30.039004,-51.2194862,Travel & Transportation,,,bigquery,
STAGE 16,Stage 16,ChIJ16X0HUL_zpQRf1Y1yKXkY1c,"JARDIM SANTA CECILIA, BARUERI - STATE OF SÃO PAULO, 02675-031",Barueri,,SP,BR,02675-031,-23.5159188,-46.8197607,Movie theater,,,bigquery,
CINE 14 BIS,Cine 14 Bis,ChIJ18AE5eFOtpQR-xi1PR5gTPw,"R. CAP. JOAQUIM NORBERTO, 77 - CENTRO, GUAXUPÉ - MG, 37800-000",Guaxupé,,MG,BR,37800-000,-21.3012577,-46.7096306,Movie theater,,,bigquery,
CINEPLEX,Cineplex,ChIJ1SPLK_RQpgARtaLUcXm9AMw,"AV. OTÁVIO CAMPELO RIBEIRO, 2801 - ELDORADO, SETE LAGOAS - MG, 35702-153",Sete Lagoas,,MG,BR,35702-153,-19.4732491,-44.2714355,Movie theater,,,bigquery,
ARCOPLEX CINEMA STADIUM,Arcoplex Cinema Stadium,ChIJ1ScCKQDU85QRFYhG6133G_Q,"AV. TOLEDO, 432 - CENTRO, CASCAVEL - PR, 85810-230",Cascavel,,PR,BR,85810-230,-24.9505409,-53.4768453,Movie theater,,,bigquery,
EMPRESA CINEMA ARCO ÍRIS (GRUPO CINE CINEMAS),Empresa Cinema Arco Íris (Grupo Cine Cinemas),ChIJ1V051C_3l5QR6t2xqecxfM8,"AV. LITÉRIO GRECCO, 600 - VILA SAO FRANCISCO, FERNANDÓPOLIS - SP, 15600-000",Fernandópolis,,SP,BR,15600-000,-20.2714483,-50.2341464,Movie theater,,,bigquery,
CINE GRAND CAFÉ,Cine Grand Café,ChIJ1VE_lXp5GZURrQaIkvvD5OE,"R. GEN. LIMA E SILVA, 776 - CIDADE BAIXA, PORTO ALEGRE - RS, 90050-100",Porto Alegre,,RS,BR,90050-100,-30.0391893,-51.2196946,Movie theater,,,bigquery,
CINEFLIX - SHOPPING CIDADE,Cineflix - Shopping Cidade,ChIJ1W2zb93R7JQRRFWkbTUJu4U,"SHOPPING CIDADE - AV. TUIUTI, 710 - VILA NOVA, MARINGÁ - PR, 87040-360",Maringá,,PR,BR,87040-360,-23.422752,-51.9066111,Movie theater,,,bigquery,
CLINICA,Clinica,ChIJ1XDJAepZzpQRzf_QeGzYRN8,"AV. REPÚBLICA DO LÍBANO, 390-528 - JARDIM PAULISTA, SÃO PAULO - SP, 04502-001",São Paulo,,SP,BR,04502-001,-23.5857284,-46.6636637,Movie theater,,,bigquery,
PINK FLAMINGO,Pink Flamingo,ChIJ1XsgiJZXzpQR8w5M6Ey99z4,"R. MADALENA, 341 - VILA MADALENA, SÃO PAULO - SP, 05434-090",São Paulo,,SP,BR,05434-090,-23.5528822,-46.6874612,Movie theater,,,bigquery,
CINE ALAMEDA,Cine Alameda,ChIJ1YJyQUKbmAARf0fC3Ro7MwE,"R. MORAIS E CASTRO, 300 - PASSOS, JUIZ DE FORA - MG, 36025-160",Juiz de Fora,,MG,BR,36025-160,-21.7761111,-43.3477778,Movie theater,,,bigquery,
FESTCINE POÇOS DE CALDAS (FESTIVAL NACIONAL DE CINEMA DE POÇOS DE CALDAS),Festcine Poços De Caldas (Festival Nacional De Cinema De Poços De Caldas),ChIJ1YMOJ-XcyZQRRnRPPCU7Kl0,,Cocalinho,,MT,BR,,-14.4095262,-51.31668,Cinema equipment supplier,,,bigquery,
JADER TV XTREAM,Jader Tv Xtream,ChIJ1_6otL2PHJURbfns2tJvDvE,"R. 7 DE SETEMBRO - CENTRO, VENÂNCIO AIRES - RS, 95800-000",Venâncio Aires,,RS,BR,95800-000,-29.6040511,-52.1895079,Movie theater,,,bigquery,
JOAQUIN CASTILIO NUMERO 8,Joaquin Castilio Numero 8,ChIJ1ageEYlDlpQRikNcYGbu6Z4,"R. SÃO BENTO, 659 - VILA INDUSTRIAL, ARAÇATUBA - SP, 16072-070",Araçatuba,,SP,BR,16072-070,-21.2044092,-50.4584202,Movie theater,,,bigquery,
Cine Center,Cine Center,ChIJ1bUd3zJ-p5MREeUmvVEhctI,"R. Alberto Baranjak, 505 - São Cristovao (São Cristovao), Sinop - MT, 78557-484, Brazil",Sinop,,MT,BR,78557484,-11.8926283,-55.5050312,"movie_theater,point_of_interest,establishment",,,bigquery,"{""source"": ""supabase_places_cache_migration"", ""types"": [""movie_theater"", ""point_of_interest"", ""establishment""], ""rating"": null, ""refreshed_at"": ""2026-05-25T19:19:17.921+00:00""}"
CINE VAGALUME - FCA/UNICAMP,Cine Vagalume - Fca/Unicamp,ChIJ1covdYyByJQRjXTQbEIIVJ0,LIMEIRA - STATE OF SÃO PAULO,Limeira,,SP,BR,,-22.555847,-47.4300493,Movie theater,,,bigquery,
BASE NOITE DE CINEMA,Base Noite De Cinema,ChIJ1cwJn6yPpgARybwD7-kxzQU,"RUA ISMAR FRANCISCO DA SILVA, 24 - MARIA HELENA, BELO HORIZONTE - MG, 31680-420",Ribeirão das Neves,,MG,BR,31680-420,-19.7971534,-43.9930963,Event venue,,,bigquery,
CAPRISCIANA PRODUÇÕES,Caprisciana Produções,ChIJ1wisC6V_mQAR6bKbd765tps,"RUA SOUSA CRUZ, 155 - ANDARAÍ, RIO DE JANEIRO - RJ, 20510-280",Rio de Janeiro,,RJ,BR,20510-280,-22.927553,-43.2485048,Movie theater,,,bigquery,
ATHENAS VÍDEOS,Athenas Vídeos,ChIJ1xdAeGBnv5QRKNhpbMgd7us,"R. GUSTAVO MACIEL, QUADRA 4 - CENTRO, BAURU - SP, 17010-180",Bauru,,SP,BR,17010-180,-22.3183104,-49.0723181,Movie theater,,,bigquery,
MOVIECOM CINEMAS,Moviecom Cinemas,ChIJ1y0XTTn_sgcRHvlwGmUKEt8,"UNIMART SHOPPING CAMPINAS - AV. JOHN BOYD DUNLOP, 350 - JARDIM AURELIA, CAMPINAS - SP, 13033-050",Campinas,,SP,BR,13033-050,-22.909529,-47.0948458,Movie theater,,,bigquery,
PONTE SOBRE RIO DAS VELHAS,Ponte Sobre Rio Das Velhas,ChIJ1zAViojjqAARoE-L1tViZC8,"LMG-728 - TOMÁS GONZAGA, CURVELO - MG, 35790-000",Curvelo,,MG,BR,35790-000,-18.4818996,-44.1995321,Movie theater,,,bigquery,
ROSÁRIO STUDIO - FILMAGENS E PRODUÇÕES CINEMATOGRÁFICAS,Rosário Studio - Filmagens E Produções Cinematográficas,ChIJ2--iqmd_mQARMAOEoGsV5w4,"PRÇ. TIRADENTES, 9 - SALA 502 - CENTRO, RIO DE JANEIRO - RJ, 20060-070",Rio de Janeiro,,RJ,BR,20060-070,-22.9072306,-43.1822038,Movie theater,,,bigquery,
CINECLUBE CAJUÍ,Cineclube Cajuí,ChIJ2-E7XfpdoQcReFO3R5UNXmg,"SÍTIO CAJUÍ, MILAGRES - CE, 63250-000",Milagres,,CE,BR,63250-000,-7.2600425,-38.8202925,Movie theater,,,bigquery,
CINEMA DE PAINS,Cinema De Pains,ChIJ2-JdjehjtJQRbcgWiT7-o08,"CENTRO, PAINS - STATE OF MINAS GERAIS, 35582-000",Pains,,MG,BR,35582-000,-20.3734579,-45.6626227,Movie theater,,,bigquery,
CINEMA LINK-EDIÇÃO E CRIAÇÃO DE VÍDEO,Cinema Link-Edição E Criação De Vídeo,ChIJ20iga9RZzpQRfFMBP2_u8EQ,"RUA HADDOCK LOBO, 1327 - CERQUEIRA CÉSAR, SÃO PAULO - SP, 01414-003",São Paulo,,SP,BR,01414-003,-23.5628515,-46.6664482,Movie theater,,,bigquery,
CINE CAVALIERE ORLANDI,Cine Cavaliere Orlandi,ChIJ21c9sp0_yZQRJaAZr3HCbMs,"R. CAMPOS SALES, 63 - CENTRO, SOCORRO - SP, 13960-000",Socorro,,SP,BR,13960-000,-22.59457,-46.528657,Movie theater,,,bigquery,
SALA DE PROJEÇÃO JORGE MELQUISEDEQUE (CINE MONGA),Sala De Projeção Jorge Melquisedeque (Cine Monga),ChIJ25UHnoM7RgcRNJJ8K2hdy1g,"R. TRÊS, 474 - CANDEIAS, VITÓRIA DA CONQUISTA - BA",Vitória da Conquista,,BA,BR,,-14.8871911,-40.8019199,Movie theater,,,bigquery,
Cine 6D,Cine 6D,ChIJ268x7yNDzpQR2YIya7V8Xvs,"Av. Robert Kennedy, 700 - 3° Andar - Jardim do Mar, São Bernardo do Campo - SP, 09726-253, Brazil",São Bernardo do Campo,,SP,BR,09726253,-23.6967505,-46.5788491,"movie_theater,point_of_interest,establishment",,,bigquery,"{""source"": ""supabase_places_cache_migration"", ""types"": [""movie_theater"", ""point_of_interest"", ""establishment""], ""rating"": null, ""refreshed_at"": ""2026-05-25T19:18:07.799+00:00""}"
COCOS,Cocos,ChIJ26ENsa0vYAcRMek-OnTFdHo,"CARIPARÉ, RIACHÃO DAS NEVES - STATE OF BAHIA, 47970-000",Riachão das Neves,,BA,BR,47970-000,-11.4312817,-44.8805708,Movie theater,,,bigquery,
CALMARIA FILMES,Calmaria Filmes,ChIJ27yqkM6bpgARZiNnHF-vZII,"R. CAP. BRAGANÇA, 258 - POMPÉIA, BELO HORIZONTE - MG, 30280-410",Belo Horizonte,,MG,BR,30280-410,-19.9097715,-43.900129,Movie theater,,,bigquery,
VALMAR,Valmar,ChIJ28EHVImdEQcRYVzchFw6yxQ,"R. NORDESTE, 1037, NOVA SOURE - BA, 48460-000",Nova Soure,,BA,BR,48460-000,-11.2424586,-38.4764612,Movie theater,,,bigquery,
SANTIA MARITA DE ITABIRA,Santia Marita De Itabira,ChIJ29ZRjrpnv5QRDiixsyNp0Yw,"BRAZIL - CITY CENTER, HOMS, 17013-111",Bauru,,SP,BR,17013-111,-22.3201043,-49.0707925,Movie theater,,,bigquery,
MOVIPLEX CINEMAS,Moviplex Cinemas,ChIJ2Q6LadBRz5QRY5Qb0MiLYpo,"AV. DOM PEDRO II, 1226 - CENTRO, SALTO - SP, 13320-241",Salto,,SP,BR,13320-241,-23.200505,-47.2990811,Movie theater,,,bigquery,
ROOM WALTER DA SILVEIRA,Room Walter Da Silveira,ChIJ2QQJsZMEFgcRPV6AHjIlcnA,"R. GEN. LABATUT, 27 - BARRIS, SALVADOR - BA, 40070-100",Salvador,,BA,BR,40070-100,-12.9857619,-38.5132884,Movie theater,,,bigquery,
POPCINE,Popcine,ChIJ2Tsi2w-oogARxaCkwJ4I1as,"PORTO NOVO, ALÉM PARAÍBA - STATE OF MINAS GERAIS, 36660-000",Além Paraíba,,MG,BR,36660-000,-21.8848387,-42.6984415,Movie theater,,,bigquery,
CINEFLIX THE SQUARE GRANJA VIANNA,Cineflix The Square Granja Vianna,ChIJ2Zywc0tVzpQRD0J9jiGmpmc,"RODOVIA RAPOSO TAVARES, 22 OPEN MALL THE SQUARE, SP-270 - GRANJA VIANA, COTIA - SP, 06709-015",Cotia,,SP,BR,06709-015,-23.5900464,-46.824159,Movie theater,,,bigquery,
FISK,Fisk,ChIJ2_9rG6FQzpQRC31Hs7piraQ,"AV. VER. JOSÉ DINIZ, 3740 - SANTO AMARO, SÃO PAULO - SP, 04603-003",São Paulo,,SP,BR,04603-003,-23.6158189,-46.6733304,Movie theater,,,bigquery,
CINE RITZ UBÁ,Cine Ritz Ubá,ChIJ2_A5p4AbowARUqS6QsrMvSs,"AV. RAUL SOARES, 314 - 282-420 - UBA, UBÁ - MG, 36500-000",Ubá,,MG,BR,36500-000,-21.1186675,-42.9456019,Movie theater,,,bigquery,
CINE FAVELA,Cine Favela,ChIJ2dkpTIFczpQR-_LSETvol9w,"R. DO PACIFICADOR, 288 - VILA HELIOPOLIS, SÃO PAULO - SP, 04235-230",São Paulo,,SP,BR,04235-230,-23.6125827,-46.5888263,Movie theater,,,bigquery,
SONIC CINEMA,Sonic Cinema,ChIJ2fOVh7PLyJQRnzNfYJ0HZp8,"ROD. LIX DA CUNHA, 2527 - JARDIM NOVA AMERICA, CAMPINAS - SP, 13053-035",Campinas,,SP,BR,13053-035,-22.9874782,-47.0854168,Movie theater,,,bigquery,
NUIFILMES,Nuifilmes,ChIJ2zckHRP1tZQRsXMNKFuC6nY,"R. PAULA CÂNDIDA DA SILVA, 102 - JARDIM ELITE, ALFENAS - MG, 37133-540",Alfenas,,MG,BR,37133-540,-21.4272741,-45.9595545,Movie theater,,,bigquery,
CINEMARK,Cinemark,ChIJ3-b0elFxcwcR-tIBxeMsgN0,"BR-407, 422 - DISTRITO IND. DO SAO FRANCISCO, JUAZEIRO - BA, 48900-335",Juazeiro,,BA,BR,48900-335,-9.452692,-40.4857913,Movie theater,,,bigquery,
CINEMARK,Cinemark,ChIJ30Ad5ipFpJQRYFOd6lqeOCw,"AV. PAULO GRACINDO, 15 - PISO 2 - GÁVEA, UBERLÂNDIA - MG, 38411-145",Uberlândia,,MG,BR,38411-145,-18.9573769,-48.2777751,Movie theater,,,bigquery,
CINE ARAÚJO RIO PRETO SHOPPING,Cine Araújo Rio Preto Shopping,ChIJ313Vm4-yvZQRaPpMvkhpNYc,"AV. BRG. FARIA LIMA, 6363 - JARDIM MORUMBI, SÃO JOSÉ DO RIO PRETO - SP, 15090-000",São José do Rio Preto,,SP,BR,15090-000,-20.8344072,-49.3978518,Movie theater,,,bigquery,
CINE VIDEO,Cine Video,ChIJ31r1n82vpAcRN98aJMC3A-s,"R. CEL. JOÃO PESSOA, 64, SÃO MIGUEL - RN, 59920-000",São Miguel,,RN,BR,59920-000,-6.2126658,-38.4968159,Movie theater,,,bigquery,
CINE LUPO,Lupo,ChIJ32gGMuTzuJQRVmh7EPDhqLA,"R. GONÇALVES DIAS, 543 - CENTRO, ARARAQUARA - SP, 14801-290",Araraquara,,SP,BR,14801-290,-21.7909403,-48.1743465,Movie theater,,,bigquery,
AFINAÇÃO ATELIER,Afinação Atelier,ChIJ344pONWZpgARqm3eY1M01cc,"R. MARIA ALVES, 38 - CARMO, BELO HORIZONTE - MG, 30310-070",Belo Horizonte,,MG,BR,30310-070,-19.9412748,-43.9300641,Movie theater,,,bigquery,
CINEMA E TEATRO MUNICIPAL - BOA ESPERANÇA DO SUL,Cinema E Teatro Municipal - Boa Esperança Do Sul,ChIJ34r_z-2VuJQRc5U8Afc-tkI,"R. SETE DE SETEMBRO, 564, BOA ESPERANÇA DO SUL - SP, 14930-000",Boa Esperança do Sul,,SP,BR,14930-000,-21.9916448,-48.3889956,Movie theater,,,bigquery,
CINEMARK,Cinemark,ChIJ34tN9jt5y5QRGNfGkiaetsI,CENTRO  PIRANGUINHO - MG  37508-000  BRASIL,Piranguinho,,MG,BR,37508-000,-22.4013229,-45.5339698,"movie_theater,point_of_interest,establishment",,,bigquery,
CINE MARQUISE,Cine Marquise,ChIJ35V_cKRZzpQRHHDf4ySEvcI,"AV. PAULISTA, 2073 - CERQUEIRA CÉSAR, SÃO PAULO - SP, 01311-940",São Paulo,,SP,BR,01311-940,-23.559116,-46.6597301,Movie theater,,,bigquery,
souclk cinema,souclk cinema,ChIJ37w_svsYqwcRXYj0OyvWkKM,"R. do Futuro, 156 - Recife, PE, 52050-010",Recife,,PE,BR,52050010,-8.0428613,-34.8982311,"point_of_interest,establishment",,,bigquery,"{""source"":""google_places_augment"",""types"":[""point_of_interest"",""establishment""],""rating"":null}"
LOCWELL PRODUÇÕES,Locwell Produções,ChIJ3S7-FHgEz5QR0WmjjGwSUSM,"RUA DO OUVIDOR, 480-860 - JARDIM CALIFORNIA - JARDIM CALIFORNIA, BARUERI - SP, 06423-090",Barueri,,SP,BR,06423-090,-23.4966457,-46.9038972,Movie theater,,,bigquery,
ARCOÍRIS UNICSHOPPING,Arcoíris Unicshopping,ChIJ3SnMnnJhHJURnO3F6TTMQEY,"BR 386 - KM 346, LAJEADO - RS, 95900-000",Lajeado,,RS,BR,95900-000,-29.44941,-51.96891,Movie theater,,,bigquery,
FESTIVAL DE CINEMA - CURTA-METRAGEM DOIS MINUTOS.,Festival De Cinema - Curta-Metragem Dois Minutos.,ChIJ3TaAxlmnzpQReqe4CStx-6g,"RUA VEREADOR ALÍPIO, R. CEL ALIPIO FERNANDES CARDOSO, 375, JOANÓPOLIS - SP, 12980-000",Joanópolis,,SP,BR,12980-000,-22.9316292,-46.2733196,Movie theater,,,bigquery,
PRODUTORA IMPACTO FILME,Produtora Impacto Filme,ChIJ3V_apdbPupQRbhwehIUhArs,"RUA : JOSÉ CLEMENTE PEREIRA, 221 - ESTADOS UNIDOS, UBERABA - MG, 38015-240",Uberaba,,MG,BR,38015-240,-19.7465905,-47.9215215,Movie theater,,,bigquery,
MARINA ZAZA PRODUÇÃO,Marina Zaza Produção,ChIJ3WlCK4VbzpQRFOeYLb8zAw8,"R. BRÁS LOURENÇO, 384 - VILA MARIANA, SÃO PAULO - SP, 04113-110",São Paulo,,SP,BR,04113-110,-23.5839287,-46.6237432,Movie theater,,,bigquery,
EUROPA FILMES,Europa Filmes,ChIJ3Y8s5U4Cz5QRyTww5TQm6yw,"EMPRESARIAL 18 DO FORTE - AV. IPANEMA, 165 - 1 - ALPHAVILLE, BARUERI - SP, 06472-002",Santana de Parnaíba,,SP,BR,06472-002,-23.484092,-46.856636,Movie theater,,,bigquery,
CINEBARÃO,Cinebarão,ChIJ3YqWPg5JpAARc3APSX0g32E,"AV. GETÚLIO VARGAS, 640 - BARÃO DE COCAIS, MG, 35970-000",Barão de Cocais,,MG,BR,35970-000,-19.942025,-43.4826954,Movie theater,,,bigquery,
Antigo cinema de Guararapes (Cine Paratodos) - demolido,Antigo cinema de Guararapes (Cine Paratodos) - demolido,ChIJ3ZuA5S9flpQRxfturwqcx-k,"Guararapes - State of São Paulo, 16700-000, Brazil",Guararapes,,SP,BR,16700000,-21.2543319,-50.6446349,"point_of_interest,establishment",,,bigquery,"{""source"": ""supabase_places_cache_migration"", ""types"": [""point_of_interest"", ""establishment""], ""rating"": null, ""refreshed_at"": ""2026-05-25T19:19:15.994+00:00""}"
RILIX COASTER REALIDADE AUMENTADA,Rilix Coaster Realidade Aumentada,ChIJ3aYygX-LxZQRBjzRF83UPqg,"ALAMEDA IGUATEMI ESPLANADA - PARQUE MORUMBI, VOTORANTIM - SP",Votorantim,,SP,BR,,-23.53567,-47.4602158,Movie theater,,,bigquery,
TEOREMA CRITICA DE CINEMA,Teorema Critica De Cinema,ChIJ3aaXO8Z5GZURMHJq_-VDWZk,"R. MARQUÊS DO POMBAL, 788 - M VENTO, PORTO ALEGRE - RS, 90540-000",Porto Alegre,,RS,BR,90540-000,-30.0196429,-51.1964696,Movie theater,,,bigquery,
Sitio de Cinema,Sitio de Cinema,ChIJ3bY4fVqnz5QRaexe8e3jAuI,"Estr. Água Espraiada, 1496 - Caucaia do Alto, Cotia - SP, 06725, Brazil",Cotia,,SP,BR,,-23.6743222,-47.0397931,"event_venue,point_of_interest,establishment",,,bigquery,"{""source"": ""supabase_places_cache_migration"", ""types"": [""event_venue"", ""point_of_interest"", ""establishment""], ""rating"": null, ""refreshed_at"": ""2026-05-25T19:18:15.088+00:00""}"
CINE SANTA TERESA,Cine Santa Teresa,ChIJ3ekvxnd_mQARZ7RT8zPSuZI,"RUA PASCHOAL CARLOS MAGNO, 136 - SANTA TERESA, RIO DE JANEIRO - RJ, 20240-290",Rio de Janeiro,,RJ,BR,20240-290,-22.9215455,-43.1861833,Movie theater,,,bigquery,
CINE REGINA,Cine Regina,ChIJ3flr8PqZpgARPTzUuKt0DB8,"R. DA BAHIA, 484 - CENTRO, BELO HORIZONTE - MG, 30160-010",Belo Horizonte,,MG,BR,30160-010,-19.9191383,-43.9360174,Movie theater,,,bigquery,
IINRMA UM,Iinrma Um,ChIJ3x6EtScDzpQRO7TFkvPq6Lg,"AV. CONSELHEIRO NÉBIAS - PAQUETÁ, SANTOS - SP, 11013-153",Santos,,SP,BR,11013-153,-23.9362275,-46.320788,Movie theater,,,bigquery,
EMPRESA CINEMATOGRÁFICA SUL,Empresa Cinematográfica Sul,ChIJ3xQQGotazpQRyHE0j-fqBwo,"AV. DAS NAÇÕES UNIDAS, 13947 - CHÁCARA SANTO ANTÔNIO (ZONA SUL), SÃO PAULO - SP, 04794-000",São Paulo,,SP,BR,04794-000,-23.6210904,-46.6992423,Movie theater,,,bigquery,
GRUPO GERAÇÃO EM GERAÇÃO,Grupo Geração Em Geração,ChIJ3zlDw593ngARzkWkp_nt_jE,"AV. LAURO MENDES BERNARDES, 333 - CIDADE JARDIM ITATIAIA, ITATIAIA - RJ, 27580-000",Itatiaia,,RJ,BR,27580-000,-22.4867051,-44.5622199,Movie theater,,,bigquery,
CINE 6D,Cine 6d,ChIJ4-300mj1k5QRxU04dbN0PGM,"AV. MANOEL GOULART, 2400 - JARDIM DAS ROSAS, PRES. PRUDENTE - SP, 19060-000",Presidente Prudente,,SP,BR,19060-000,-22.1156936,-51.4084865,Movie theater,,,bigquery,
RODRIGO THUQUESA,Rodrigo Thuquesa,ChIJ4-CGU5GZpgAR6E-wc8Foer8,"R. MONTE ALEGRE, 986 - SERRA, BELO HORIZONTE - MG, 30240-320",Belo Horizonte,,MG,BR,30240-320,-19.9314087,-43.9187365,Movie theater,,,bigquery,
CASA DA CULTURA,Casa Da Cultura,ChIJ41Eq1om17JQRbaVDA1cYr5U,"AV. DR. JOSÉ SOARES DE AZEVEDO, 1024-1070 - ASTORGA, PR, 86730-000",Astorga,,PR,BR,86730-000,-23.2343134,-51.6640685,Movie theater,,,bigquery,
CASA DE CINEMA PRODUÇÕES,Casa De Cinema Produções,ChIJ41jrEDBYzpQRWwMidjLKQis,"R. PARÁ, 270 - CONSOLAÇÃO, SÃO PAULO - SP, 01243-020",São Paulo,,SP,BR,01243-020,-23.5483003,-46.6600833,Movie theater,,,bigquery,
Grupo Cine,Grupo Cine,ChIJ42NDrAC535QRZGBqHIiJ8iM,"R. XV de Novembro, 303 - Centro, Rio do Sul - SC, 89160-000, Brazil",Rio do Sul,,SC,BR,89160000,-27.2211686,-49.645185,"movie_theater,point_of_interest,establishment",,,bigquery,"{""source"": ""supabase_places_cache_migration"", ""types"": [""movie_theater"", ""point_of_interest"", ""establishment""], ""rating"": null, ""refreshed_at"": ""2026-05-25T19:20:18.448+00:00""}"
CINE ARAÚJO,Cine Araújo,ChIJ434Tw1N3uJQRU7K6ScrE-Ko,"PASSEIO DOS FLAMBOYANTS, AV. PARQUE FABER, 200 - PARQUE FABER CASTELL II, SÃO CARLOS - SP, 13561-352",São Carlos,,SP,BR,13561-352,-22.0176457,-47.9153063,Movie theater,,,bigquery,
CINEMAS ALVORADA DIVERSOES,Cinemas Alvorada Diversoes,ChIJ44-b6bm-uZQRgK2xU36Kk90,"AV. CEL. FERNANDO FERREIRA LEITE, 1540 - JARDIM CALIFORNIA, RIBEIRÃO PRETO - SP, 14015-020",Ribeirão Preto,,SP,BR,14015-020,-21.2117767,-47.8161866,Movie theater,,,bigquery,
CINE ARAÚJO,Cine Araújo,ChIJ44njzQb1xZQRDwTcStBfPtE,"AV. ITAVUVU, 3373 - JARDIM SANTA CECILIA, SOROCABA - SP, 18078-005",Sorocaba,,SP,BR,18078-005,-23.4572697,-47.4832823,Movie theater,,,bigquery,
CINE CULTURA,Cine Cultura,ChIJ474XDTjXv5QRFGBRinUys3Q,"AV. SAMPAIO VIDAL - BARBOSA, MARÍLIA - SP, 17533-001",Marília,,SP,BR,17533-001,-22.2208602,-49.9481392,Movie theater,,,bigquery,
CINEMATECA DE SANTOS,Cinemateca De Santos,ChIJ47aZihQDzpQR5AUSqLXmIoE,"R. MIN. XAVIER DE TOLEDO, 42 - CAMPO GRANDE, SANTOS - SP, 11070-300",Santos,,SP,BR,11070-300,-23.9610499,-46.3396404,Movie theater,,,bigquery,
ANA B,Ana B,ChIJ48amF8cnqgARIyQ-LS79FJo,"R.FICA COMIGO - VÁRZEA DA PALMA, MG, 39260-000",Várzea da Palma,,MG,BR,39260-000,-17.6300045,-44.6117911,Movie theater,,,bigquery,
CORANDIN CINE VIDEO,Corandin Cine Video,ChIJ48u1GeYUlpQRKbtrDrr_jQU,"AV. CIDADE JARDIM, 2120 - QUEMIL, BIRIGUI - SP, 16203-124",Birigui,,SP,BR,16203-124,-21.2851991,-50.321324,Movie theater,,,bigquery,
CLUBE SOCIAL LAJEDENSE,Clube Social Lajedense,ChIJ4Q72tISOQAcRb9pFXxjHUQw,"R. ELFÍDEO JOSÉ DE SOUZA, 1-73, LAJEDO DO TABOCAL - BA, 45365-000",Lajedo do Tabocal,,BA,BR,45365-000,-13.4732997,-40.2209518,Movie theater,,,bigquery,
APTCRS,Aptcrs,ChIJ4RqFOWB4GZURKhDXasL2q0U,"RUA BARÃO DE TEFFÉ, 252 - MENINO DEUS, PORTO ALEGRE - RS, 90160-150",Porto Alegre,,RS,BR,90160-150,-30.0597975,-51.2198343,Movie theater,,,bigquery,
IVOTI RS,Ivoti Rs,ChIJ4S_PZbd79JQRqPUF7HUucU0,"ENTRE RIOS DO OESTE - STATE OF PARANÁ, 85988-000",Entre Rios do Oeste,,PR,BR,85988-000,-24.7079736,-54.2486176,Movie theater,,,bigquery,
100ZALA FILMES,100zala Filmes,ChIJ4TjIhDO_uZQR2_50_QC6OqQ,"R. MARIA ADELAÍDE MIRANDA PAIXÃO, 401 - JARDIM MACEDO, RIBEIRÃO PRETO - SP, 14091-060",Ribeirão Preto,,SP,BR,14091-060,-21.1851811,-47.7947222,Movie theater,,,bigquery,
MOVIECOM CINEMAS - SHOPPING SOUTH CONQUEST,Moviecom Cinemas - Shopping South Conquest,ChIJ4Uc7Lxs7RgcRr56kPUxZ9l0,"AV. JURACY MAGALHÃES, 3340 - FELICIA, VITÓRIA DA CONQUISTA - BA, 45055-970",Vitória da Conquista,,BA,BR,45055-970,-14.8943375,-40.8447453,Movie theater,,,bigquery,
CINEMA PLAYARTE,Cinema Playarte,ChIJ4VebLDRCzpQRIOkdww0cONU,"PRAÇA SAMUEL SABATINI, 200 - CENTRO, SÃO BERNARDO DO CAMPO - SP, 09750-700",São Bernardo do Campo,,SP,BR,09750-700,-23.6921125,-46.5509752,Movie theater,,,bigquery,
TEATRO PREQARIA - CENTRO CULTURAL NACIONAL,Teatro Preqaria - Centro Cultural Nacional,ChIJ4WL4AJNRpgARg8FHInWVZfw,"RUA ALEIXO LANZA, N° 41 - CANAÃ, SETE LAGOAS - MG, 35700-298",Sete Lagoas,,MG,BR,35700-298,-19.46692,-44.2516096,Movie theater,,,bigquery,
CIRCUITO SPCINE TIRADENTES,Circuito Spcine Tiradentes,ChIJ4Ytj5YhvzpQR9idRghwPTqI,"CENTRO DE FORMAÇÃO CULTURAL - R. INÁCIO MONTEIRO, 6900 - CIDADE TIRADENTES, SÃO PAULO - SP, 08490",São Paulo,,SP,BR,,-23.5805436,-46.3897193,Movie theater,,,bigquery,
Restaurante Vino e cinema - Adega Ristorante,Restaurante Vino e cinema - Adega Ristorante,ChIJ4ZFZSQBZzpQRmwdvpa9l-U8,"R. Treze de Maio, 686 - Bela Vista, São Paulo - SP, 01327-000",São Paulo,,SP,BR,01327000,-23.559274499999997,-46.646589899999995,"italian_restaurant,restaurant,food,point_of_interest,establishment",,,bigquery,"{""source"":""google_places_augment"",""types"":[""italian_restaurant"",""restaurant"",""food"",""point_of_interest"",""establishment""],""rating"":null}"
CENTERPLEX VIA SUL,Centerplex Via Sul,ChIJ4ZkL44VFxwcRVhJrCpgSR1c,"AV. WASHINGTON SOARES, 4335 - 13 - LAGOA REDONDA, FORTALEZA - CE, 60811-905",Fortaleza,,CE,BR,60811-905,-3.794344,-38.479502,Movie theater,,,bigquery,
CINEMA PRODUCTION,Cinema Production,ChIJ4aLt8fljHJURy0mWHQWRiL4,"PINHEIROS, ESTRELA - STATE OF RIO GRANDE DO SUL, 95880-000",Estrela,,RS,BR,95880-000,-29.4979112,-51.9497925,Movie studio,,,bigquery,
CINEMA CAFE,Cinema Cafe,ChIJ4aVfrLZE65QRgRcpqPTeUrM,"AV. RIO BRANCO, 135 - JARDIM AGARI, LONDRINA - PR, 86070-010",Londrina,,PR,BR,86070-010,-23.3007856,-51.1738078,Movie theater,,,bigquery,
CINEMARK,Cinemark,ChIJ4a_jhJjZmwARXNw8DFgMXzQ,"AVENIDA GEREMÁRIO DANTAS 404 / CENTER SHOPPING,PISO L3 - JACAREPAGUÁ, RIO DE JANEIRO - RJ, 22740-010",Rio de Janeiro,,RJ,BR,22740-010,-22.925163,-43.3607723,Movie theater,,,bigquery,
VENTO DOBRADO FILMES,Vento Dobrado Filmes,ChIJ4dqwMzdZzpQRC4ldhmz8YUk,"RUA SERGIPE, 305 - HIGIENÓPOLIS, SÃO PAULO - SP, 01243-001",São Paulo,,SP,BR,01243-001,-23.5485674,-46.6567317,Movie theater,,,bigquery,
CINEMA CINEFLEX,Cinema Cineflex,ChIJ4e0PzF1xvJQRFgi3aeaRYo8,"ROD. ARMANDO DE SALES OLIVEIRA - OLÍMPIA, SP, 15400-000",Olímpia,,SP,BR,15400-000,-20.7309088,-48.8600272,Movie theater,,,bigquery,
RRCFILMES,Rrcfilmes,ChIJ4eKatkRfzpQRH_tTc-l4QGA,"R. LUTÉCIA - VILA CARRAO, SÃO PAULO - SP, 03423-000",São Paulo,,SP,BR,03423-000,-23.553113,-46.5433675,Movie theater,,,bigquery,
CIRCUITO ENTRETENIMENTO E CINEMAS,Circuito Entretenimento E Cinemas,ChIJ4w-MU7RDzpQRG9wxr2OK3qU,"R. JAVA, 267 - JARDIM DO MAR, SÃO BERNARDO DO CAMPO - SP, 09750-650",São Bernardo do Campo,,SP,BR,09750-650,-23.6903623,-46.5575159,Movie theater,,,bigquery,
SITCOM ZOMBIE,Sitcom Zombie,ChIJ4yVO2ZN5GZURprKd3nt6cV0,"AV. BAHIA, 194 - NAVEGANTES, PORTO ALEGRE - RS, 90240-550",Porto Alegre,,RS,BR,90240-550,-30.0042225,-51.1974959,Movie theater,,,bigquery,
PHOTOS FROM SATURNO,Photos From Saturno,ChIJ5-3uh7HZmwAR188fPCEij0c,"R. DOS FILÓSOFOS - TAQUARA, RIO DE JANEIRO - RJ, 22723-500",Rio de Janeiro,,RJ,BR,22723-500,-22.9132515,-43.3928041,Movie theater,,,bigquery,
CINEMÃO STUD G - 24 HORAS,Cinemão Stud G - 24 Horas,ChIJ5-Clik9YzpQRQ7NXkMqtU2k,"R. AURORA, 706 - CAMPOS ELÍSEOS, SÃO PAULO - SP, 01209-000",São Paulo,,SP,BR,01209-000,-23.5414845,-46.6427249,Movie theater,,,bigquery,
COMPANY ST. LOUIS CINEMAS,Company St. Louis Cinemas,ChIJ50rqV4UGz5QRVhExRMFV3GI,"R. LEOPOLDINA DE CAMARGO, 260 - CENTRO, ITAPEVI - SP, 06653-040",Itapevi,,SP,BR,06653-040,-23.5459521,-46.9325728,Movie theater,,,bigquery,
GALERIA NOROESTE,Galeria Noroeste,ChIJ51eqVZKWpgARf3PaywDieHw,"R. WALDEMAR ROCHA, 209 - DOM BOSCO, BELO HORIZONTE - MG, 30850-440",Belo Horizonte,,MG,BR,30850-440,-19.9165741,-44.0033843,Movie theater,,,bigquery,
"AV. MOACIR VIEIRA COELHO, 3705","Av. Moacir Vieira Coelho, 3705",ChIJ52XXUI2nsJQROQ0cCqpBKGI,"AV. PROF. MOACIR VIÊIRA COELHO - PARQUE DOS PINHAIS, FRANCA - SP, 14409-275",Franca,,SP,BR,14409-275,-20.506961,-47.4029864,Movie theater,,,bigquery,
USINA UNIBANCO DE CINEMA,Usina Unibanco De Cinema,ChIJ52pBQF2XpgARBzG_9iGzVvM,"RUA DOS AIMORÉS, 2424 - LOURDES, BELO HORIZONTE - MG, 30140-072",Belo Horizonte,,MG,BR,30140-072,-19.926158,-43.946634,Movie theater,,,bigquery,
ESPAÇO CULTURAL DR. ALEM,Espaço Cultural Dr. Alem,ChIJ53AeRM6JzJQRGVLgUWD_eqo,"ESPAÇO CULTURAL DR ALEM - AV. DR. JANUÁRIO MIRAGLIA, 1582 - ABERNÉSSIA, CAMPOS DO JORDÃO - SP, 12460-970",Campos do Jordão,,SP,BR,12460-970,-22.7366157,-45.589783,Movie theater,,,bigquery,
ANTIGO CINE TEATRO BRASILIA,Antigo Cine Teatro Brasilia,ChIJ54cM0csx_ZQR7dRqOqea6zY,"AV. FLORES DA CUNHA, 1590 - CENTRO, CARAZINHO - RS, 99500-000",Carazinho,,RS,BR,99500-000,-28.2874283,-52.7898883,Movie theater,,,bigquery,
CINE UFPEL,Cine Ufpel,ChIJ55K9Or-1EZURg0ayzpbf5vA,"R. LÔBO DA COSTA, 447 - CENTRO, PELOTAS - RS, 96010-150",Pelotas,,RS,BR,96010-150,-31.7725677,-52.3355627,Movie theater,,,bigquery,
CINE ESTAÇÃO,Cine Estação,ChIJ56RsSDz_xZQRl8VOHmAuMuA,"R. ADEMAR DE BARROS, 345 - 1° ANDAR, PORTO FELIZ - SP, 18540-000",Porto Feliz,,SP,BR,18540-000,-23.2137618,-47.5225939,Movie theater,,,bigquery,
CINE ALHAMBRA,Cine Alhambra,ChIJ56ijOZ2loAARLVEIw4ILMU0,"CENTRO, DIVINÓPOLIS - STATE OF MINAS GERAIS, 35500-007",Divinópolis,,MG,BR,35500-007,-20.1449961,-44.8891772,Movie theater,,,bigquery,
CINE UNIÃO,Cine União,ChIJ56qlJ51Br5QRX2gmz-LiIIg,"36, R. VASCONCELOS COSTA, 2 - CENTRO, COROMANDEL - MG, 38550-000",Coromandel,,MG,BR,38550-000,-18.4736753,-47.2037472,Movie theater,,,bigquery,
NIOBE,Niobe,ChIJ56t1h4CBmQAR85WeBtYNkBE,"R. SILVEIRA MARTINS - GLÓRIA, RIO DE JANEIRO - RJ, 22221-000",Rio de Janeiro,,RJ,BR,22221-000,-22.9251402,-43.1739893,Movie theater,,,bigquery,
CURSO DE CINEMA ESTÁCIO MARACANÃ | NUCINE FILMES MARACANÃ,Curso De Cinema Estácio Maracanã | Nucine Filmes Maracanã,ChIJ59Qi6rJ_mQARaWx2bAGKvWE,"R. MORAIS E SILVA, 40 - MARACANÃ, RIO DE JANEIRO - RJ, 20271-030",Rio de Janeiro,,RJ,BR,20271-030,-22.913145,-43.223089,Movie theater,,,bigquery,
CIRCUITO CINEMAS PENÁPOLIS,Circuito Cinemas Penápolis,ChIJ5QIiNf8DlpQRaWxrBp7BJaA,"ROD. SRG. LUCIANO ARNALDO COVOLAN, 1055 - LOJA 47, PENÁPOLIS - SP, 16300-000",Penápolis,,SP,BR,16300-000,-21.4121938,-50.0992139,Movie theater,,,bigquery,
PRAIA DO MANU,Praia Do Manu,ChIJ5QR7VpEHFgcRv5tteIDnIqM,"ITAPARICA - STATE OF BAHIA, 44460-000",Itaparica,,BA,BR,44460-000,-12.9289868,-38.6170137,Movie theater,,,bigquery,
3G MARKETING ONLINE,3g Marketing Online,ChIJ5T39zNyQugARXj5xCTkXI_E,"R. GERALDO ALVES PINTO, 28 - CENTRO, CARATINGA - MG, 35300-049",Caratinga,,MG,BR,35300-049,-19.7916929,-42.1407243,Movie theater,,,bigquery,
ESTÚDIO F.T.J,Estúdio F.t.j,ChIJ5U0vpcU1zJQRarpj7AP-vgk,"R. TUTÓIA, 30 - PARQUE INDUSTRIAL, SÃO JOSÉ DOS CAMPOS - SP, 12235-583",São José dos Campos,,SP,BR,12235-583,-23.2300372,-45.9038744,Movie theater,,,bigquery,
JOSUES CINE UNIVERSITÁRIO,Josues Cine Universitário,ChIJ5VrMo1X7tJQRhBuORtogFp0,"AV ARNALDO SENNA, 311 - ALBERTOS, FORMIGA - MG, 35570-000",Formiga,,MG,BR,35570-000,-20.5924278,-45.4869837,Movie theater,,,bigquery,
PRIMACOLOR FOTO E VÍDEO,Primacolor Foto E Vídeo,ChIJ5YkrGgK1mZQR-phnVGyDP30,"AV. FRANCISCO SCHMIDT, 1117 - CENTRO, SANTA ALBERTINA - SP, 15750-000",Santa Albertina,,SP,BR,15750-000,-20.0325331,-50.7288384,Movie theater,,,bigquery,
STAGE 24,Stage 24,ChIJ5YwpHwH_zpQRTM6H-UopIEE,"AV. PIRARUCU, 529 - JARDIM SANTA CECILIA, BARUERI - SP, 02675-031",Barueri,,SP,BR,02675-031,-23.5163779,-46.8210929,Movie theater,,,bigquery,
JUNO IMPORTADORA,Juno Importadora,ChIJ5ZW7As9QzpQRrnt3-E0IZF4,"AV. CHUCRI ZAIDAN, 18H - MORUMBI, SÃO PAULO - SP, 04583-110",São Paulo,,SP,BR,04583-110,-23.6149115,-46.6968485,Movie theater,,,bigquery,
CINÉPOLIS BAURU,Cinépolis Bauru,ChIJ5Zrb3LBnv5QRXsuG2_cN3F4,"VILA ANTÁRTICA, RUA GENERAL MARCONDES SALGADO, 11 - 0 - CHÁCARA DAS FLORES, BAURU - SP, 17010-040",Bauru,,SP,BR,17010-040,-22.3190944,-49.0735935,Movie theater,,,bigquery,
ANTIGO CINE SANTA MARIA,Antigo Cine Santa Maria,ChIJ5avcamSbmQARhih5xPGv5Nw,"PRÓXIMO AO NÚMERO 1490, R. CMTE. ARI PARREIRAS, S/N - PORTO DA MADAMA, SÃO GONÇALO - RJ, 24430-000",São Gonçalo,,RJ,BR,24430-000,-22.8352108,-43.0842898,Movie theater,,,bigquery,
CINE FREI,Cine Frei,ChIJ5dKKG95ZzpQRiUSPuNjwnUA,"R. FREI CANECA, 328 - CONSOLAÇÃO, SÃO PAULO - SP, 01307-000",São Paulo,,SP,BR,01307-000,-23.5523879,-46.6507757,Movie theater,,,bigquery,
CENTERPLEX CINE GUARAREMA,Centerplex Cine Guararema,ChIJ5doFaEvOzZQRnxGlQMsIbBI,"R. 19 DE SETEMBRO, 187 - CENTRO, GUARAREMA - SP, 08940-000",Guararema,,SP,BR,08940-000,-23.4131556,-46.0331007,Movie theater,,,bigquery,
CINEMA MUNICIPAL,Cinema Municipal,ChIJ5e0WaDpcxJQR_IPgwsBAvMI,"246, R. CEL. ERNESTINO, 128 - CENTRO, CAPÃO BONITO - SP",Capão Bonito,,SP,BR,,-23.999601,-48.3477998,Movie theater,,,bigquery,
ESTÚDIO ESCARLATE,Estúdio Escarlate,ChIJ5w-dUI1XzpQRN6AYlj80rjY,"AV. NOVE DE JULHO, 3624 - JARDINS, SÃO PAULO - SP, 01406-000",São Paulo,,SP,BR,01406-000,-23.5707545,-46.6629392,Movie theater,,,bigquery,
KUKUYA FILMS,Kukuya Films,ChIJ5w42LOqb9pQR8vVFGv34K58,"R. ORMINDA FREITAS CÉSAR, 120 - VILA SAO SEBASTIAO, FOZ DO IGUAÇU - PR, 85870-520",Foz do Iguaçu,,PR,BR,85870-520,-25.4568573,-54.5708375,Movie theater,,,bigquery,
LOCADORA CANAL LIVRE,Locadora Canal Livre,ChIJ5wWVWEDb_JQRCXHmkknkBc8,"AVENIDA EXPEDICIONÁRIO, 393 - SARANDI, RS, 99560-000",Sarandi,,RS,BR,99560-000,-27.9454895,-52.9267106,Movie theater,,,bigquery,
CINE SÃO JOSÉ,Cine São José,ChIJ5wtJr7iXpgAREitXPaQVIUw,"R. PLATINA, 1827 - PRADO, BELO HORIZONTE - MG, 30411-465",Belo Horizonte,,MG,BR,30411-465,-19.9266016,-43.9728401,Movie theater,,,bigquery,
JENNY,Jenny,ChIJ5yVlVlARFgcRB6HwyEubqFc,"R. MOCAMBO - TROBOGY, SALVADOR - BA, 41350-300",Salvador,,BA,BR,41350-300,-12.9263217,-38.4089014,Movie theater,,,bigquery,
R BPO KINSOLVING,R Bpo Kinsolving,ChIJ5ylTHjH-qZUR0gGXke5Pt-Q,"R. BPO. KINSOLVING, 1 - JARDINS, SANT'ANA DO LIVRAMENTO - RS, 97576-590",Sant'Ana do Livramento,,RS,BR,97576-590,-30.882746,-55.5065365,Movie theater,,,bigquery,
ACADEMIA DE CINEMA HOLLYWOOD,Academia De Cinema Hollywood,ChIJ6-wVlbBnv5QRAbLM7oT41cw,"R. AZARIAS LEITE, 17 48 - JARDIM ESTORIL, BAURU - SP, 17014-400",Bauru,,SP,BR,17014-400,-22.3353777,-49.0727559,Sports & Recreation,,,bigquery,
MARIA ANTONIA TOASSA,Maria Antonia Toassa,ChIJ60jeBlKFv5QRPATCq-F_Jlw,"R. MARIA ANTÔNIA TOASSA, 125-237, LUCIANÓPOLIS - SP, 17475-000",Lucianópolis,,SP,BR,17475-000,-22.4325916,-49.517943,Movie theater,,,bigquery,
PITTER JANDRE FILMES,Pitter Jandre Filmes,ChIJ61ugxOyKlwARCbHcTr5LEYo,"R. SARA BRAUNE, 89 - BRAUNES, NOVA FRIBURGO - RJ, 28611-020",Nova Friburgo,,RJ,BR,28611-020,-22.2828,-42.5304323,Movie theater,,,bigquery,
ARCOÍRIS BOURBON ASSIS BRASIL,Arcoíris Bourbon Assis Brasil,ChIJ627vCd55GZURTEQ1qcxjMKw,"AV. ASSIS BRASIL, 164/201 - SÃO JOÃO, PORTO ALEGRE - RS, 91010-000",Porto Alegre,,RS,BR,91010-000,-30.00705,-51.18464,Movie theater,,,bigquery,
CINE ARAÚJO,Cine Araújo,ChIJ66UweNlDlpQRS5vBQoVCy7A,"AV. JOAQUIM POMPEU DE TOLEDO, 601 - JARDIM NOVA YORQUE, ARAÇATUBA - SP, 16015-640",Araçatuba,,SP,BR,16015-640,-21.2221277,-50.4355487,Movie theater,,,bigquery,
CIRCUITO SPCINE TRÊS LAGOS,Circuito Spcine Três Lagos,ChIJ66WML7tIzpQR_zRmnvSrIeY,"CEU TRÊS LAGOS - AV. CARLOS BARBOSA SANTOS, S/N - JARDIM TRÊS CORAÇÕES, SÃO PAULO - SP, 04855-260",São Paulo,,SP,BR,04855-260,-23.7673565,-46.6807753,Movie theater,,,bigquery,
CINETEATRO CACHOEIRANO,Cineteatro Cachoeirano,ChIJ6SE8dLrHFQcR4MWlLF9hSNE,"PRAÇA TEIXEIRA DE FREITAS - CACHOEIRA, BA, 44300-000",Cachoeira,,BA,BR,44300-000,-12.6052559,-38.9634982,Movie theater,,,bigquery,
DEUS AINDA E BRASILEIRO,Deus Ainda E Brasileiro,ChIJ6TKpoc1_mQARE90N1a-HjfU,"BASE NO - R. VISC. DE CARAVELAS, 28 - BOTAFOGO, RIO DE JANEIRO - RJ, 22271-022",Rio de Janeiro,,RJ,BR,22271-022,-22.9561103,-43.1930805,Movie theater,,,bigquery,
MURILO LOPES FIGUEIRA SJ DOS CAMPOS,Murilo Lopes Figueira Sj Dos Campos,ChIJ6YbX0hVKzJQRpjYyMZhtrio,"R. MAJ. ANTÔNIO DOMINGUES, 63 - CENTRO, SÃO JOSÉ DOS CAMPOS - SP, 12245-750",São José dos Campos,,SP,BR,12245-750,-23.1887936,-45.8873055,Movie theater,,,bigquery,
CINEMA NOSSO,Cinema Nosso,ChIJ6ZTR5W9_mQARFvTWnPFAkZg,"R. DO REZENDE, 80 - CENTRO, RIO DE JANEIRO - RJ, 20231-092",Rio de Janeiro,,RJ,BR,20231-092,-22.9127924,-43.1853254,Movie theater,,,bigquery,
CASADECINEMA,Casadecinema,ChIJ6_45Nb9ZzpQRBuTeoU0vp6M,"PRACA DO, AV. DOM PEDRO II, 88 - SALA 04 - CENTRO HISTÓRICO DE SÃO PAULO, SP, 12501-020",São Paulo,,SP,BR,12501-020,-23.5467276,-46.6354111,Movie theater,,,bigquery,
GRUPO CINE CINEMAS MARANGUAPE,Grupo Cine Cinemas Maranguape,ChIJ6_t7uwKrwAcRpDVgKUsIKyQ,"CENTRO, MARANGUAPE - STATE OF CEARÁ, 61940-170",Maranguape,,CE,BR,61940-170,-3.8944011,-38.6842913,Movie theater,,,bigquery,
VÍDEO SHOW,Vídeo Show,ChIJ6ajSiTNqwJQRyRFBw5U_-EY,"R. MAJ. GABRIEL BOTELHO - VILA SEDERIA, SANTA CRUZ DO RIO PARDO - SP, 18900-000",Santa Cruz do Rio Pardo,,SP,BR,18900-000,-22.8962387,-49.6249485,Movie theater,,,bigquery,
VIANENSE,Vianense,ChIJ6b7_MWtbzpQRjU9rcCQ0NiA,"VILA MORAES, SÃO PAULO - STATE OF SÃO PAULO, 04167-001",São Paulo,,SP,BR,04167-001,-23.6328733,-46.6122975,Movie theater,,,bigquery,
CINE OURO VERDE,Cine Ouro Verde,ChIJ6bPZwZODypQRUhDkeUItpCg,"AV. CAIO DE BRITO, 633 - ESPERANÇA, TRÊS PONTAS - MG, 37190-000",Três Pontas,,MG,BR,37190-000,-21.3716156,-45.5024188,Movie theater,,,bigquery,
TV PAU AMARELO,Tv Pau Amarelo,ChIJ6bXJ_dw_qwcR2_TnIiZJ7uY,"R. Cecília Carneiro - Nossa Sra. do Ó, Paulista - PE",Paulista,,PE,BR,,-7.893755700000001,-34.833171199999995,"movie_theater,point_of_interest,establishment",,,bigquery,"{""source"":""google_places_augment"",""types"":[""movie_theater"",""point_of_interest"",""establishment""],""rating"":null}"
CAMPO DE VOU,Campo De Vou,ChIJ6dLb5YfzbAcRfeGZmgekfrA,"CAIXA D 'AGUA, JACOBINA - STATE OF BAHIA, 44700-000",Jacobina,,BA,BR,44700-000,-11.1816506,-40.5120603,Movie theater,,,bigquery,
UCI MULTIPLEX,Uci Multiplex,ChIJ6dspahd9mQARCwroV5HihGM,"AV. DOM HÉLDER CÂMARA, 4865 - CACHAMBI, RIO DE JANEIRO - RJ, 20771-001",Rio de Janeiro,,RJ,BR,20771-001,-22.8859058,-43.2788074,Movie theater,,,bigquery,
CINE DRIVE=IN,Cine Drive=in,ChIJ6dvzL5wX6JQRoYYJ-qVyJpE,"R. CEL. JOSÉ MIRÓ DE FREITAS, 404 - BOA VISTA, PONTA GROSSA - PR, 84070-440",Ponta Grossa,,PR,BR,84070-440,-25.0789197,-50.1869047,Movie theater,,,bigquery,
CINEMA E COMIDA,Cinema E Comida,ChIJ6e9PR59bzpQR9RxTqcYJSkU,"89WG+QX - PARQUE DO ESTADO, SÃO PAULO - SP",São Paulo,,SP,BR,,-23.6531042,-46.6225417,Movie theater,,,bigquery,
Cine Form(ação),Cine Form(ação),ChIJ6wJhnXrLzZQRTYdzO9rt-R0,"Sala Mário Lago - R. Barão de Jacareí, 122 - Centro, Jacareí - SP, 12300-000, Brazil",Jacareí,,SP,BR,12300000,-23.3044853,-45.9661386,"movie_theater,point_of_interest,establishment",,,bigquery,"{""source"": ""supabase_places_cache_migration"", ""types"": [""movie_theater"", ""point_of_interest"", ""establishment""], ""rating"": null, ""refreshed_at"": ""2026-05-25T19:18:15.921+00:00""}"
2M DRONE CONTENT HOUSE,2m Drone Content House,ChIJ6w_LvGwRFgcRDylkN1nVd0k,"R. 32 QUADRA 04 1 ETAPA, 4 - CASTELO BRANCO, SALVADOR - BA, 41320-575",Salvador,,BA,BR,41320-575,-12.90271,-38.4399728,Movie theater,,,bigquery,
APRESENTADORA NADYNE,Apresentadora Nadyne,ChIJ6ziVH6LR7JQRIJSzw9y3vak,"AV. BRASIL, 1737 - ZONA 01, MARINGÁ - PR, 87050-000",Maringá,,PR,BR,87050-000,-23.4245036,-51.9195628,Movie theater,,,bigquery,
SOGRO OSVANIO,Sogro Osvanio,ChIJ6zpFXPNJ6wcRNHIPini6Zv4,"R. CÍCERA MARTINS DE MOURA, 654 - CENTRO, TIANGUÁ - CE, 62320-000",Tianguá,,CE,BR,62320-000,-3.7285998,-40.9935384,Movie theater,,,bigquery,
ENTERPRISE PRODUTORA,Enterprise Produtora,ChIJ7-Xc6UPLA5URT1cVuQvYRrA,"AV. RIO BRANCO, 639 - 4º ANDAR - CENTRO, SANTA MARIA - RS, 97010-423",Santa Maria,,RS,BR,97010-423,-29.6830606,-53.8083717,Movie theater,,,bigquery,
PRO-ART SCHOOL - CAMPINAS,Pro-Art School - Campinas,ChIJ718CZVPPyJQR7tmAe8t33DY,"AV. DONA LIBÂNIA, 2211 - VILA ITAPURA, CAMPINAS - SP, 13015-090",Campinas,,SP,BR,13015-090,-22.8954909,-47.0607678,Movie theater,,,bigquery,
Escola Marte - Fotografia e Cinema,Escola Marte - Fotografia e Cinema,ChIJ74r-06rm3JQRTqSb-Jba4_8,"Rua Luiz Parigot de Souza, 116 - Portão, Curitiba - PR, 81070-050",Curitiba,,PR,BR,81070050,-25.4753778,-49.293878299999996,"educational_institution,manufacturer,service,point_of_interest,establishment",,,bigquery,"{""source"":""google_places_augment"",""types"":[""educational_institution"",""manufacturer"",""service"",""point_of_interest"",""establishment""],""rating"":null}"
FILMESP,Filmesp,ChIJ77GXCVFYzpQR5bJQUL6r5Lc,"AV. SÃO JOÃO, 473 - CENTRO HISTÓRICO DE SÃO PAULO, SÃO PAULO - SP, 01035-000",São Paulo,,SP,BR,01035-000,-23.5434541,-46.6390538,Movie theater,,,bigquery,
MICROCINEMA BRAZIL BONSUCESSO CINEMA,Microcinema Brazil Bonsucesso Cinema,ChIJ78ayTP57mQARDhVwrreXCzU,"AV. TEIXEIRA DE CASTRO, 157 - BONSUCESSO, RIO DE JANEIRO - RJ, 21040-115",Rio de Janeiro,,RJ,BR,21040-115,-22.8592509,-43.2537045,Movie theater,,,bigquery,
TEATRO E CINEMA MUNICIPAL,Teatro E Cinema Municipal,ChIJ78nWDuNJuZQRNTIdxSPY8I4,"CÂNDIDO RODRIGUES - STATE OF SÃO PAULO, 15930-000",Cândido Rodrigues,,SP,BR,15930-000,-21.3256888,-48.6328999,Movie theater,,,bigquery,
CINE CORNÉLIO PROCÓPIO,Cine Cornélio Procópio,ChIJ79On5LLf6pQRox-fI4QTENY,"AV. XV DE NOVEMBRO, 84 - CENTRO, CORNÉLIO PROCÓPIO - PR, 86300-000",Cornélio Procópio,,PR,BR,86300-000,-23.1790886,-50.6477798,Movie theater,,,bigquery,
CINECAST,Cinecast,ChIJ79anqGP_zpQRCu4u4KdzYnI,"AV. JOÃO VENTURA DOS SANTOS - BARONESA, OSASCO - SP, 06263-100",Osasco,,SP,BR,06263-100,-23.4938789,-46.8005848,Movie theater,,,bigquery,
UCI,Uci,ChIJ7ReX5FNRzpQRRTFtKONR6DE,"AV. GIOVANNI GRONCHI, 5819 - VILA ANDRADE, SÃO PAULO - SP, 05716-070",São Paulo,,SP,BR,05716-070,-23.6306108,-46.7357232,Movie theater,,,bigquery,
CINESYSTEM CINEMAS,Cinesystem Cinemas,ChIJ7S7pwwBimQAR6ON9wuBZz10,"AV. MARECHAL FONTENELE, 3545 - JARDIM SULACAP, RIO DE JANEIRO - RJ, 21740-001",Rio de Janeiro,,RJ,BR,21740-001,-22.8864758,-43.4027944,Movie theater,,,bigquery,
Cecília Isabella,Cecília Isabella,ChIJ7SQExjmHmQARQZNe_uT0WRY,"R. Jorn. Mario Dutra, 44 - ap 201 - Itaipu, Niterói - RJ, 24320-330, Brazil",Niterói,,RJ,BR,24320330,-22.9412297,-43.0237561,"movie_theater,point_of_interest,establishment",,,bigquery,"{""source"": ""supabase_places_cache_migration"", ""types"": [""movie_theater"", ""point_of_interest"", ""establishment""], ""rating"": null, ""refreshed_at"": ""2026-05-25T19:28:28.157+00:00""}"
COMPANOA DE CINEMA,Companoa De Cinema,ChIJ7SpZXFb4zpQRVXBCbe-uPT8,"RUA CORONEL BENTO BICUDO, 1264 - PIQUERI, SÃO PAULO - SP, 02912-000",São Paulo,,SP,BR,02912-000,-23.503182,-46.7071763,Movie theater,,,bigquery,
LATORRES FILMS,Latorres Films,ChIJ7WGeZ2wdzpQR6lKwQpJiRak,"R. ITARARÉ - GUILHERMINA, PRAIA GRANDE - SP, 11701-620",Praia Grande,,SP,BR,11701-620,-24.0107939,-46.4221928,Movie theater,,,bigquery,
CINE ROXY,Cine Roxy,ChIJ7XEC9s3DtpQRBI7eSlZqi9E,"PRAÇA MONSENHOR MESSIAS BRAGANCA, 178 - CENTRO, PASSOS - MG, 37900-084",Passos,,MG,BR,37900-084,-20.7180142,-46.6110619,Movie theater,,,bigquery,
VÍDEO ESTÚDIO - FOTOGRAFIA E CINEMA,Vídeo Estúdio - Fotografia E Cinema,ChIJ7YaBgTLDtpQRgVq6-Od5BBc,"R. EQUADOR, Nº: 186 - JARDIM POLIVALENTE, PASSOS - MG, 37900-578",Passos,,MG,BR,37900-578,-20.7075401,-46.607043,Wedding photographer,,,bigquery,
FAZENDO ARTE FILMES,Fazendo Arte Filmes,ChIJ7ZMDSHHBpgARYpf7tkVqwbU,"R. FIRMINO COSTA, 257 - JARDIM MONTANHÊS, BELO HORIZONTE - MG, 30750-050",Belo Horizonte,,MG,BR,30750-050,-19.9061309,-43.9818149,Movie theater,,,bigquery,
Cine Kmetá,Cine Kmetá,ChIJ7_B_8TMFvZIRdnKIaOeMbt0,"Av. Cônego Siqueira - Centro, Cametá - PA, 68400-000, Brazil",Cametá,,PA,BR,68400000,-2.2511147,-49.5053241,"movie_theater,point_of_interest,establishment",,,bigquery,"{""source"": ""supabase_places_cache_migration"", ""types"": [""movie_theater"", ""point_of_interest"", ""establishment""], ""rating"": null, ""refreshed_at"": ""2026-05-28T17:26:43.332+00:00""}"
CINE ODEON,Cine Odeon,ChIJ7_SIxhCZpgARnpddoHXzIRE,"AV. DO CONTORNO, 1328 - FLORESTA, BELO HORIZONTE - MG, 38082-049",Belo Horizonte,,MG,BR,38082-049,-19.9135754,-43.930899,Movie theater,,,bigquery,
TILAPIA SAO LUIZ,Tilapia Sao Luiz,ChIJ7__u8Ftf7JQRmhjTNNSR4B0,"KALORÉ - STATE OF PARANÁ, 86920-000",Kaloré,,PR,BR,86920-000,-23.8915295,-51.7524126,Movie theater,,,bigquery,
Cinema Itinerante EPD,Cinema Itinerante EPD,ChIJ7b8rLYA3lZQR73EgvMij1kM,"R. José Teodoro Ramos, 26 - Jardim Alvorada, Cândido Mota - SP, 19883-032, Brazil",Cândido Mota,,SP,BR,19883032,-22.7528807,-50.3794628,"movie_theater,point_of_interest,establishment",,,bigquery,"{""source"": ""supabase_places_cache_migration"", ""types"": [""movie_theater"", ""point_of_interest"", ""establishment""], ""rating"": null, ""refreshed_at"": ""2026-05-25T19:19:16.066+00:00""}"
R & J FILMES,R & J Filmes,ChIJ7bAz4wjLA5URle9eUHwFwRQ,"AV. FERNANDO FERRARI, 1173 - NOSSA SRA. DE LOURDES, SANTA MARIA - RS, 97050-801",Santa Maria,,RS,BR,97050-801,-29.6952397,-53.7992441,Movie theater,,,bigquery,
CINEMEC PRUDENTÓPOLIS,Cinemec Prudentópolis,ChIJ7bQoYgLr6JQRZvW9hoAucGg,"R. CÂNDIDO DE ABREU, 922 - CENTRO, PRUDENTÓPOLIS - PR, 84400-000",Prudentópolis,,PR,BR,84400-000,-25.2166255,-50.9813505,Movie theater,,,bigquery,
CINEPLUS - CITY CENTER OUTLET PREMIUM,Cineplus - City Center Outlet Premium,ChIJ7cNOsxoX3ZQRDyauKvZzTbE,"R. JOÃO BERTOJA, 1995 - ITAQUI DE CIMA, CAMPO LARGO - PR, 83605-750",Campo Largo,,PR,BR,83605-750,-25.44465,-49.5688491,Movie theater,,,bigquery,
CINE TABOÃO,Cine Taboão,ChIJ7dKky0JUzpQRH9VnlKH-aPM,"ROD. RÉGIS BITTENCOURT, 2643 - JARDIM HELENA, TABOÃO DA SERRA - SP, 06768-200",São Paulo,,SP,BR,06768-200,-23.6084774,-46.7536864,Movie theater,,,bigquery,
ESPAO ITA DE CINEMA - FREI CANECA,Espao Ita De Cinema - Frei Caneca,ChIJ7eJpNjVYzpQRPehQEBplY9k,"BELA VISTA, SÃO PAULO - STATE OF SÃO PAULO",São Paulo,,SP,BR,,-23.5540644,-46.6525276,Movie theater,,,bigquery,
Dezpila,Dezpila,ChIJ7fkfaCYfqwcR7kRGrivkr0w,"R. Itajaí - Imbiribeira, Recife - PE, 51200-020",Recife,,PE,BR,51200020,-8.1092244,-34.913541099999996,"movie_theater,point_of_interest,establishment",,,bigquery,"{""source"":""google_places_augment"",""types"":[""movie_theater"",""point_of_interest"",""establishment""],""rating"":null}"
ARACELLI-JAIRO,Aracelli-Jairo,ChIJ7w4efhlRn5QRxFJFgbgGpvA,"N:791, AV. VICENTE BONITO, 833-681, SANTA VITÓRIA - MG, 38320-000",Santa Vitória,,MG,BR,38320-000,-18.8526093,-50.1287772,Movie theater,,,bigquery,
SPCINE VILA DO SOL,Spcine Vila Do Sol,ChIJ7x-BxKNNzpQR97Md7KWmcvQ,"AV. DOS FUNCIONÁRIOS PÚBLICOS, 369 - JARDIM VERA CRUZ(ZONA SUL), SÃO PAULO - SP, 00492-000",São Paulo,,SP,BR,00492-000,-23.7348003,-46.7800591,Movie theater,,,bigquery,
Motim Filmes,Motim Filmes,ChIJ7x_VkKtlmQAROxS0DrcVpvQ,"Av. Comendador Teles, 2473 - Vilar dos Teles, São João de Meriti - RJ, 25561-161, Brazil",São João de Meriti,,RJ,BR,25561161,-22.7763767,-43.3539186,"movie_theater,point_of_interest,establishment",,,bigquery,"{""source"": ""supabase_places_cache_migration"", ""types"": [""movie_theater"", ""point_of_interest"", ""establishment""], ""rating"": null, ""refreshed_at"": ""2026-05-25T19:20:13.554+00:00""}"
VIRGULA FILMES,Virgula Filmes,ChIJ7yXFP9lczpQR96o9s4znvYI,"R. RIO DE JANEIRO, 1217 - OSVALDO CRUZ, SÃO CAETANO DO SUL - SP, 09540-400",São Caetano do Sul,,SP,BR,09540-400,-23.6229337,-46.5582788,Movie theater,,,bigquery,
VIDEO LOCADORA MINIKOSKI,Video Locadora Minikoski,ChIJ8-DXsBUN7ZQRzzRNFyXAJ5Y,"AV. DR. DÍDIO BOSCARDIN BELO, 1507, PEABIRU - PR, 87250-000",Peabiru,,PR,BR,87250-000,-23.9171973,-52.337791,Movie theater,,,bigquery,
CULTURAL CENTER JOÃO BRACKS,Cultural Center João Bracks,ChIJ80K2rngCuwAR_r1TXrRfY10,"R. AMARAL FRANCO, Nº224 - CENTRO, MANHUAÇU - MG, 36900-034",Manhuaçu,,MG,BR,36900-034,-20.2553408,-42.03317,Movie theater,,,bigquery,
CINEMA VITORIA-REGINA,Cinema Vitoria-Regina,ChIJ80PxxmlFPgcRjweKl_dvfkI,"R. DR. HEITOR GUEDES DE MELL - VALENÇA, BA, 45400-000",Valença,,BA,BR,45400-000,-13.372755,-39.0741689,Movie theater,,,bigquery,
ESTAÇÃO NET BOTAFOGO,Estação Net Botafogo,ChIJ80_rUkB_mQAR3WAXCkvJz4M,"R. VOLUNTÁRIOS DA PÁTRIA, 88 - BOTAFOGO, RIO DE JANEIRO - RJ, 22270-010",Rio de Janeiro,,RJ,BR,22270-010,-22.9512663,-43.1848191,Movie theater,,,bigquery,
CINE ROXY,Cine Roxy,ChIJ81C6sKIQzpQRjmbRTxRY-Mw,"AV. 9 DE ABRIL, S/N - CENTRO, CUBATÃO - SP, 11510-002",Cubatão,,SP,BR,11510-002,-23.8862667,-46.4188308,Movie theater,,,bigquery,
DGT FILMES,Dgt Filmes,ChIJ81XnorRZzpQRhov4CqX5WlY,"R. TREZE DE MAIO, 70 - 5 E 6 - BELA VISTA, SÃO PAULO - SP, 01427-000",São Paulo,,SP,BR,01427-000,-23.5537134,-46.6471404,Movie theater,,,bigquery,
ESTUDIO TIJUCAS,Estudio Tijucas,ChIJ83xcRXHk3JQR8q1bkD8677g,"R. VISC. DO RIO BRANCO, 408 - MERCÊS, CURITIBA - PR, 80410-000",Curitiba,,PR,BR,80410-000,-25.4258258,-49.2832681,Movie theater,,,bigquery,
NOVO PARQUE EÓLICO - UCS,Novo Parque Eólico - Ucs,ChIJ84cn7TqcuAcR40uxrOJEEps,"AV. JOÃO BALBINO, 500 - CAPONGA, CASCAVEL - CE, 62850-000",Cascavel,,CE,BR,62850-000,-4.021442,-38.2200422,Movie theater,,,bigquery,
CINEMA AQUARIOS,Cinema Aquarios,ChIJ84zgaLRz8JQR6a4iZyZvOnA,"AV. JÚLIO ASSIS CAVALHEIRO, 390 - CENTRO, FRANCISCO BELTRÃO - PR, 85601-000",Francisco Beltrão,,PR,BR,85601-000,-26.0757715,-53.0548299,Movie theater,,,bigquery,
NOVO CINE VOTUPORANGA,Novo Cine Votuporanga,ChIJ857WKgJZvZQRl6-ElLl_V0I,"PRAÇA DR. FERNANDO COSTA, 3367 - PATRIMONIO VELHO, VOTUPORANGA - SP, 15500-003",Votuporanga,,SP,BR,15500-003,-20.4195072,-49.9752264,Movie theater,,,bigquery,
CONECT DRIVE IN,Conect Drive In,ChIJ85nkb7dLlgARc4Ea1CrClMw,"AV. SONIA MARIA DA ROCHA, 29 - FLORESTA DAS GAIVOTAS, RIO DAS OSTRAS - RJ, 28897-316",Rio das Ostras,,RJ,BR,28897-316,-22.4870808,-41.9108764,Movie theater,,,bigquery,
CINEFLIX AVENIDA 28 GOYTACAZES,Cineflix Avenida 28 Goytacazes,ChIJ85uZilzVvQARaPxnbxGOlHc,"AV. VINTE E OITO DE MARÇO, 574 - CENTRO, CAMPOS DOS GOYTACAZES - RJ, 28020-740",Campos dos Goytacazes,,RJ,BR,28020-740,-21.7636717,-41.3326758,Movie theater,,,bigquery,
ESTÚDIO BIANCA LOBO,Estúdio Bianca Lobo,ChIJ87HKU8KhmQARIOeHJOUPIUs,"R. MANOEL PINTO DOS REIS - SURUÍ, MAGÉ - RJ, 25922-276",Magé,,RJ,BR,25922-276,-22.6653078,-43.1187108,Movie theater,,,bigquery,
CENTERPLEX GRAND MESSEJANA,Centerplex Grand Messejana,ChIJ88OL5PFPxwcRnYxywqErnFE,"AV. FREI CIRILO, 3840 - MESSEJANA, FORTALEZA - CE, 60840-285",Fortaleza,,CE,BR,60840-285,-3.8181563,-38.4974056,Movie theater,,,bigquery,
CINEMASHOW,Cinemashow,ChIJ88oF2l4x_ZQR2_5WuGAyb3E,"R. BARÃO DE ANTONINA, 79 - 205 - CENTRO, CARAZINHO - RS, 99500-000",Carazinho,,RS,BR,99500-000,-28.2869465,-52.791461,Association or organization,,,bigquery,
CINEMA,Cinema,ChIJ8STd7Q2pogARj-6SV9PBZG8,R. PAULO FRONTIN  S/Nº - PORTO NOVO  ALÉM PARAÍBA - MG  36660-000  BRASIL,Além Paraíba,,MG,BR,36660-000,-21.8835787,-42.6971436,"city_hall,local_government_office,point_of_interest,establishment",,,bigquery,
CINE CVALE,Cine Cvale,ChIJ8TJtNNGp85QRB1Dn15X5HkA,"R. COPACABANA, 200 - ASSIS CHATEAUBRIAND, PR, 85935-000",Assis Chateaubriand,,PR,BR,85935-000,-24.404754,-53.5057884,Movie theater,,,bigquery,
CINESTAR - LAURA ALVIM,Cinestar - Laura Alvim,ChIJ8W2Tfbp9mQARVEcW3WV-7UY,"AV. VIEIRA SOUTO, 176 - IPANEMA, RIO DE JANEIRO - RJ, 22420-002",RIO DE JANEIRO,,RJ,BR,22420-002,-22.9864616,-43.1992581,Movie theater,,,bigquery,
ATELIÊ CINEMA BRUTO,Ateliê Cinema Bruto,ChIJ8WnhaOR_mQAR6pDqVfdfgyU,"R. GEN. POLIDORO, 297 - BOTAFOGO, RIO DE JANEIRO - RJ, 22280-002",Rio de Janeiro,,RJ,BR,22280-002,-22.9576335,-43.1900057,Movie theater,,,bigquery,
CINE SANTA ISABEL VIAMÃO,Cine Santa Isabel Viamão,ChIJ8Z_VDsOdGZURRATnjekgXkQ,"AV. LIBERDADE, 2282 - SANTA ISABEL, VIAMÃO - RS, 94480-500",Viamão,,RS,BR,94480-500,-30.0610768,-51.1086248,Movie theater,,,bigquery,
STARCINE,Starcine,ChIJ8Zkrr3D4mZQR6N1eO4LAqWI,"AV. ATLÂNTICA, 1659, ILHA SOLTEIRA - SP, 15385-000",Ilha Solteira,,SP,BR,15385-000,-20.435556,-51.3412651,Movie theater,,,bigquery,
MANU HOUSE,Manu House,ChIJ8cypS87DlAcRelJotmBtYig,"R. CAP. MIRANDA, 492 - SÃO BENEDITO, CE, 62370-000",São Benedito,,CE,BR,62370-000,-4.0466674,-40.8662957,Movie theater,,,bigquery,
ANFITEATRO AVELINO COLA,Anfiteatro Avelino Cola,ChIJ8wuP2D-XjZQRV3SP2yqKXUo,"AV. BRASIL - NOVA LONDRINA, PR, 87970-000",Nova Londrina,,PR,BR,87970-000,-22.7677822,-52.9836044,Movie theater,,,bigquery,
STUDIO DIEGO MIX,Studio Diego Mix,ChIJ8zHaHb2XuQcRGr_0_9frBuY,"STUDIO DIEGO MIX - JAGUARUANA, CE, 62823-000",Jaguaruana,,CE,BR,62823-000,-4.855052,-37.7867432,Movie theater,,,bigquery,
Campinas,Campinas,ChIJ8zPGrFAZqwcRQqVlmCLwcd4,"1A Travessa Virgílio Campelo, 49 - Madalena, Recife - PE, 50720-400",Recife,,PE,BR,50720400,-8.0555004,-34.914820899999995,"movie_theater,point_of_interest,establishment",,,bigquery,"{""source"":""google_places_augment"",""types"":[""movie_theater"",""point_of_interest"",""establishment""],""rating"":null}"
TÉRCIO NUNES DE ARAÚJO,Tércio Nunes De Araújo,ChIJ9-0EF9Nhz5QR2K9APVKqw5I,"R. CUBA, 270 - VILA BARCELONA, SOROCABA - SP, 18025-540",Sorocaba,,SP,BR,18025-540,-23.5187437,-47.4422415,Movie theater,,,bigquery,
USINA SANTA LIDIA,Usina Santa Lidia,ChIJ91ZjZ0x3uZQRHSGGu-3PmIQ,"14750-000, PITANGUEIRAS - SP",Pitangueiras,,SP,BR,14750-000,-21.0962295,-48.1568849,Movie theater,,,bigquery,
ESPAÇO ESCARAFUNCHAR,Espaço Escarafunchar,ChIJ93QNj7KfxZQRK2jhQLCn55Y,"R. PROF. ELÓI LACERDA, 1091 - CENTRO, PILAR DO SUL - SP, 18185-000",Pilar do Sul,,SP,BR,18185-000,-23.8179573,-47.7189931,Movie theater,,,bigquery,
CINE TEATRO,Cine Teatro,ChIJ93lCBNF3oQcR75OSf9_OHBA,"R. DOM PEDRO I - CENTRO, BARBALHA - CE, 63180-000",Barbalha,,CE,BR,63180-000,-7.3087969,-39.304249,Movie theater,,,bigquery,
CINE TEATRO AURORA,Cine Teatro Aurora,ChIJ95iIpWyUlJQRMkXVK05ThPQ,"AV. JORGE SALÉM - CENTRO, IEPÊ - SP, 19640-000",Iepê,,SP,BR,19640-000,-22.6625077,-51.0742853,Movie theater,,,bigquery,
RUA NATAL OTAVIANO BORGES MEIRELES,Rua Natal Otaviano Borges Meireles,ChIJ95lsnkCx9JQRh5YdtSCTtIc,"AV. LINDOLFO PEDRO AMES, 4-112 - GUAÍRA, PR, 85980-000",Guaíra,,PR,BR,85980-000,-24.1023674,-54.2715729,Movie theater,,,bigquery,
BATE PAPO DE DORAMEIRA,Bate Papo De Dorameira,ChIJ96G2Ce6rz5QRqqent5C22Rg,"RUA BELO HORIZONTE - CENTRO, EMBU DAS ARTES - SP, 06803-440",Embu das Artes,,SP,BR,06803-440,-23.6512138,-46.8548308,Movie theater,,,bigquery,
CINE REX,Cine Rex,ChIJ96zbmWF_mQARYO3SsVO_f34,"RUA ÁLVARO ALVIM, N° 33/37 - CENTRO, RIO DE JANEIRO - RJ, 20211-250",Rio de Janeiro,,RJ,BR,20211-250,-22.9109746,-43.1764261,Movie theater,,,bigquery,
TV SANTA,Tv Santa,ChIJ989cRlhrwJQRQ2uRumiGdl4,"R. Fernando Santos Souza - Vila Oitenta, Santa Cruz do Rio Pardo - SP, 18900-332, Brazil",Santa Cruz do Rio Pardo,,SP,BR,18900332,-22.8916818,-49.6236526,"movie_theater,service,point_of_interest,establishment",,,bigquery,"{""source"": ""supabase_places_cache_migration"", ""types"": [""movie_theater"", ""service"", ""point_of_interest"", ""establishment""], ""rating"": null, ""refreshed_at"": ""2026-05-25T19:19:09.334+00:00""}"
DISTRIBUIDORA DE FILMES WERNAR CINEMA I E II,Distribuidora De Filmes Wernar Cinema I E Ii,ChIJ98Hzo19hHJURzORnXZbl7EA,"BR-386, KM346, S/N - SÃO CRISTÓVÃO, LAJEADO - RS, 95900-000",Lajeado,,RS,BR,95900-000,-29.4494488,-51.9689559,Movie theater,,,bigquery,
CINE+ GUAPIMIRIM,Cine+ Guapimirim,ChIJ99I_pnOxmQARjetAHNDvnic,"PARADA MODELO, GUAPIMIRIM - STATE OF RIO DE JANEIRO, 25940-000",Guapimirim,,RJ,BR,25940-000,-22.550927,-42.9855937,Movie theater,,,bigquery,
CORTE DE CUERINAS Y TRENZA FAZON,Corte De Cuerinas Y Trenza Fazon,ChIJ9RZCYj9bGZURnS6bTTLzh2A,"R. TREZE DE MAIO, 40 - BELA VISTA, ESTÂNCIA VELHA - RS, 93600-000",Estância Velha,,RS,BR,93600-000,-29.6536204,-51.1828306,Movie theater,,,bigquery,
FELIX COMIC CON,Felix Comic Con,ChIJ9Rkrlr1pzpQRihTw5RJlKX8,"R. AUGUSTIN LUBERTI - FAZENDA DA JUTA, SÃO PAULO - SP, 03977-409",São Paulo,,SP,BR,03977-409,-23.6178969,-46.4878299,Movie theater,,,bigquery,
FAMÍLIA É O DENDÊ,Família É O Dendê,ChIJ9SO94FoFFgcRm2zKkS27MEs,"NAZARÉ, SALVADOR - STATE OF BAHIA, 40045-050",Salvador,,BA,BR,40045-050,-12.9777378,-38.5016363,Movie theater,,,bigquery,
CINETEATRO OSCARITO,Cineteatro Oscarito,ChIJ9SR9g81xmQAR15gRlT34WQk,"R. SANTO ELÍAS, 13 - QUADRA 09 - PARQUE FLUMINENSE, DUQUE DE CAXIAS - RJ, 25046-340",Duque de Caxias,,RJ,BR,25046-340,-22.7250324,-43.3203904,Movie theater,,,bigquery,
CINE SHOW,Cine Show,ChIJ9SRfdsZMmAARb-_juA9CFE0,"R. MONTE LÍBANO, 22 - VÁRZEA, TERESÓPOLIS - RJ, 25953-020",Teresópolis,,RJ,BR,25953-020,-22.4114417,-42.9659264,Movie theater,,,bigquery,
CINEART SERRA SUL,Cineart Serra Sul,ChIJ9SVH3jW5y5QRsLX_KsInEC4,"RODOVIA JUSCELINO KUBITSCHEK, BR-459, KM 107, POUSO ALEGRE - MG, 37550-000",Santa Rita do Sapucaí,,MG,BR,37550-000,-22.24943,-45.84823,Movie theater,,,bigquery,
CINE JONES,Cine Jones,ChIJ9TAHsdaYkZQR8OLePul-68M,"R. PERNAMBUCO, 2-56 - PRES. EPITÁCIO, SP, 19470-000",Presidente Epitácio,,SP,BR,19470-000,-21.7682264,-52.1124083,Movie theater,,,bigquery,
"ALTERNATIVA FM DIVINÓPOLIS - 98,7","Alternativa Fm Divinópolis - 98,7",ChIJ9UaZPnqloAARUTe5Gzp8UU0,"R. CAP. DOMINGOS, 270 - ANTONIO FONSECA, DIVINÓPOLIS - MG, 35501-108",Divinópolis,,MG,BR,35501-108,-20.1606776,-44.8849029,Movie theater,,,bigquery,
CINE MOCOCA,Cine Mococa,ChIJ9VOurUe4t5QRms0ZWL-78Ug,"R. CEL. DIOGO, 1323 - CENTRO, MOCOCA - SP, 13735-080",Mococa,,SP,BR,13735-080,-21.4678725,-47.0021154,Movie theater,,,bigquery,
CINEVEREDAS BOULEVARD,Cineveredas Boulevard,ChIJ9Vly6TjHvAAReX7boXJJiSE,"AV. DR. PASSOS, 20 - 3°PISO - CENTRO, MURIAÉ - MG, 36884-002",Muriaé,,MG,BR,36884-002,-21.1290795,-42.3708409,Movie theater,,,bigquery,
CINELASER CINEMAS,Cinelaser Cinemas,ChIJ9ZOfspW_4pQRUOA4HbTRWzk,"AV. PRES. VARGAS, 1610 - SÃO CRISTOVAO, PASSO FUNDO - RS, 99070-180",Passo Fundo,,RS,BR,99070-180,-28.2708044,-52.3859643,Movie theater,,,bigquery,
FILMES SECRETOS,Filmes Secretos,ChIJ9buay6v_zpQRuvb4fH1W7x8,"R. PARDINHO - JARDIM MUNHOZ JÚNIOR, OSASCO - SP, 06240-010",Osasco,,SP,BR,06240-010,-23.5023497,-46.8039496,Movie theater,,,bigquery,
CINE 7,Cine 7,ChIJ9c6hj1d1BpURw09n07HASqY,"AV. SETE DE SETEMBRO, 1062 - CENTRO, BAGÉ - RS, 96400-006",Bagé,,RS,BR,96400-006,-31.329776,-54.1058568,Movie theater,,,bigquery,
CINE ROXY 3,Cine Roxy 3,ChIJ9flnyJgQzpQR6t8ATCP3gTQ,"CENTRO MULTIMÍDIA DO NOVO ANILINAS - R. BELARMINIO DO AMARAL - CENTRO, CUBATÃO - SP",Cubatão,,SP,BR,,-23.8864533,-46.4187692,Movie theater,,,bigquery,
A ZIGLA,A Zigla,ChIJ9xwnLV1ZzpQRpOHtTQ-0axU,"HIGIENÓPOLIS, SÃO PAULO - STATE OF SÃO PAULO, 01240-020",São Paulo,,SP,BR,01240-020,-23.5425468,-46.6617314,Movie theater,,,bigquery,
CINE TEATRO GUANABARA,Cine Teatro Guanabara,ChIJA-FyntOmjZQRXETpoSZ3et8,"AV. DES. MUNHOZ DE MELO, 1417, LOANDA - PR, 87900-000",Loanda,,PR,BR,87900-000,-22.9325401,-53.1347009,Movie theater,,,bigquery,
CONGREGAÇÃO CRISTÃ NO BRASIL,Congregação Cristã No Brasil,ChIJA-RYdJIXswAR0U0gQTXl3LU,"AV. BENEDITO VALADARES, 64-192 - LADAINHA, MG, 39825-000",Ladainha,,MG,BR,39825-000,-17.6292744,-41.7392852,Movie theater,,,bigquery,
COSME MARMORARIA,Cosme Marmoraria,ChIJA37RrKoxz5QRPmPiEpZJoBI,"R. PREF. JOSÉ CARLOS, 1677 - PORTAL DA SANTA FE, ITUPEVA - SP, 01120-001",Itupeva,,SP,BR,01120-001,-23.1653368,-47.0402724,Movie theater,,,bigquery,
MAGUS CINEMA E VIDEO LTDA,Magus Cinema E Video Ltda,ChIJA37rHTJYzpQRPHWJk0uBe8U,"TV. DONA PAULA, 120 - HIGIENÓPOLIS, SÃO PAULO - SP, 01239-050",São Paulo,,SP,BR,01239-050,-23.5521942,-46.6600336,Movie theater,,,bigquery,
CINE PORTO,Cine Porto,ChIJA3os8YdRzZQRFav5xGCv3CY,"R. MILTON DE HOLANDA MAIA, 61 - ITAGUÁ, UBATUBA - SP, 11680-000",Ubatuba,,SP,BR,11680-000,-23.4510119,-45.065988,Movie theater,,,bigquery,
Ritz Alamedas,Ritz Alamedas,ChIJA3wmRQDjxZQRMMt5vCWBYlM,"Av. Pereira Ignacio, 150 - Res. Primo, Boituva - SP, 18550-069, Brazil",Boituva,,SP,BR,18550069,-23.2829224,-47.6742519,"movie_theater,point_of_interest,establishment",,,bigquery,"{""source"": ""supabase_places_cache_migration"", ""types"": [""movie_theater"", ""point_of_interest"", ""establishment""], ""rating"": null, ""refreshed_at"": ""2026-05-25T19:28:18.256+00:00""}"
VENDAS DE GEL MASSAGEADOR,Vendas De Gel Massageador,ChIJA4-6LQtPpJQRcFlHgIry6kY,"AV. RAUL PEREIRA CARVALHO - SANTA LUZIA, UBERLÂNDIA - MG, 38408-712",Uberlândia,,MG,BR,38408-712,-18.9415619,-48.2266056,Movie theater,,,bigquery,
"MAIS QUE AMIGOS, F.R.I.E.N.D.S","Mais Que Amigos, F.r.i.e.n.d.s",ChIJA49zvjI5tQARo_BwenTrajk,"PEDRA NEGRA, NANUQUE - STATE OF MINAS GERAIS, 39860-000",Nanuque,,MG,BR,39860-000,-17.8363093,-40.347227,Movie theater,,,bigquery,
PORTÁTIL,Portátil,ChIJA6TM-gAFFgcRuJh5bRXxqJ8,"R. DO PILAR, 40 - COMERCIO, SALVADOR - BA, 40015-590",Salvador,,BA,BR,40015-590,-12.9667283,-38.5074632,Movie theater,,,bigquery,
LUMIÈRE ROYAL PLAZA SHOPPING,Lumière Royal Plaza Shopping,ChIJA7EYIWBD65QR9vEmqB9TPIU,"R. MARANHÃO, 240 - CENTRO, LONDRINA - PR, 86010-410",Londrina,,PR,BR,86010-410,-23.3113298,-51.1568574,Movie theater,,,bigquery,
CINEMAIS,Cinemais,ChIJAQAAnWFTqwARTkVxv3UI_K8,"AV. DONATO QUINTINO, 90 - CIDADE NOVA, MONTES CLAROS - MG, 39403-235",Montes Claros,,MG,BR,39403-235,-16.7424234,-43.8695832,Movie theater,,,bigquery,
MULTIPLEX,Multiplex,ChIJAQAAvH4xxpQRCmJwxEbx9Rs,"AV. LIMEIRA, 722 - CENTRO, PIRACICABA - SP, 13414-900",Piracicaba,,SP,BR,13414-900,-22.7039182,-47.6485221,Movie theater,,,bigquery,
SMART CINEMA,Smart Cinema,ChIJAQAEE0RczpQRbaZu7-otbXI,"R. LÁZARO JOSÉ GONÇALVES, 97 - JARDIM AVELINO, SÃO PAULO - SP, 03227-060",São Paulo,,SP,BR,03227-060,-23.5883064,-46.5684673,Movie theater,,,bigquery,
BRASPEL COMÉRCIO DE PRODUTOS PARA CINEMA LTDA,Braspel Comércio De Produtos Para Cinema Ltda,ChIJAQBszUhYzpQRLjUR2pX50fQ,"R. REGO FREITAS, 317 - REPÚBLICA, SÃO PAULO - SP, 01220-010",São Paulo,,SP,BR,01220-010,-23.5445915,-46.6465085,Movie theater,,,bigquery,
CINE ART,Cine Art,ChIJAQDEipe1EZUROAce_E03CKE,"R. ANDRADE NEVES, 1934 - CENTRO, PELOTAS - RS, 96020-080",Pelotas,,RS,BR,96020-080,-31.7665496,-52.3414442,Movie theater,,,bigquery,
KTALISE,Ktalise,ChIJAQDMO4NXzpQRecIRUBzZyRQ,"R. LISBOA, 445 - CERQUEIRA CÉSAR, SÃO PAULO - SP, 05413-001",São Paulo,,SP,BR,05413-001,-23.5605097,-46.6794185,Movie theater,,,bigquery,
CURTA O GÊNERO,Curta O Gênero,ChIJAQDwO4ROxwcRKD8TTOdwXrM,"RUA CARLOS JUAÇABA. 1133 ZONE 1, FORTALEZA - CE, 60710-715",Fortaleza,,CE,BR,60710-715,-3.7927156,-38.5621098,Movie theater,,,bigquery,
FOX VIDEO LOCADORA,Fox Video Locadora,ChIJAUEFkiBzGJURNYR6pD0vMvI,"AV. RUBEM BERTA, 1251 - TRAMANDAÍ, RS, 95590-000",Tramandaí,,RS,BR,95590-000,-29.9896845,-50.1410032,Movie theater,,,bigquery,
VIVIANE,Viviane,ChIJAWElsr_LzZQRvwxPxuDvYMw,"R. VIAREGGIO - CIDADE JARDIM, JACAREÍ - SP, 12320-170",Jacareí,,SP,BR,12320-170,-23.3171537,-45.9723107,Movie theater,,,bigquery,
PLAYARTE,Playarte,ChIJAXOOq2FCzpQR94HGhn1pzHA,"AV. PEREIRA BARRETO, 42 - PARAÍSO, SANTO ANDRÉ - SP, 09190-210",Santo André,,SP,BR,09190-210,-23.667099,-46.5330082,Movie theater,,,bigquery,
TPM - TRUQUES E PAPOS DE MULHERES,Tpm - Truques E Papos De Mulheres,ChIJAXa4y1N5oQcRKxu4z4FFcbk,"R. TODOS OS SANTOS - FRANCISCANOS, JUAZEIRO DO NORTE - CE, 63020-015",Juazeiro do Norte,,CE,BR,63020-015,-7.2211546,-39.316314,Movie theater,,,bigquery,
CINEMASHOW,Cinemashow,ChIJAaODLWPLA5URo71HtqYXFag,"AV. ÂNGELO BOLSON, 467 - DUQUE DE CAXIAS, SANTA MARIA - RS, 97070-000",Santa Maria,,RS,BR,97070-000,-29.7004947,-53.8203749,Manufacturer,,,bigquery,
STORY CINE,Story Cine,ChIJAaZjqfH9zpQR6N1zoyDCD4E,"R. ARUNTA - VILA PERUS, SÃO PAULO - SP, 05205-360",São Paulo,,SP,BR,05205-360,-23.4100627,-46.7612608,Movie theater,,,bigquery,
CENTERPLEX BOURBON PASSO FUNDO,Centerplex Bourbon Passo Fundo,ChIJAabAOnjA4pQRd4AfSYsMHhA,"AV. BRASIL LESTE, 200 - PETRÓPOLIS, PASSO FUNDO - RS, 99050-073",Passo Fundo,,RS,BR,99050-073,-28.2540395,-52.3940099,Movie theater,,,bigquery,
SPCINE JAÇANÃ,Spcine Jaçanã,ChIJAahqYdL1zpQRc2_rEZvRhjQ,"R. FRANCISCA ESPÓSITO TONETTI, 19 - JARDIM GUAPIRA, SÃO PAULO - SP, 02276-010",São Paulo,,SP,BR,02276-010,-23.4576968,-46.5844286,Movie theater,,,bigquery,
CINEMAR COMÉRCIO E EVENTOS,Cinemar Comércio E Eventos,ChIJAbNXKpsczpQRFWNfcfOOUVw,"R. JACOB EMERICK, 379 - CENTRO, SÃO VICENTE - SP, 11310-071",São Vicente,,SP,BR,11310-071,-23.9650811,-46.3911121,Movie theater,,,bigquery,
CINEMAXX CASARIO SHOPPING,Cinemaxx Casario Shopping,ChIJAcTizRsjmQAR5ZugXAMOuMw,"CASARIO SHOPPING - R. BARÃO DE VASSOURAS, 19 - 2º PISO - CENTRO, VASSOURAS - RJ, 27700-000",Vassouras,,RJ,BR,27700-000,-22.408557,-43.6601563,Movie theater,,,bigquery,
CINE ROXY2,Cine Roxy2,ChIJAcl4dBIDzpQRetAhWzenWrc,"AV. ANA COSTA, 441 - GONZAGA, SANTOS - SP, 11060-003",Santos,,SP,BR,11060-003,-23.9639354,-46.3317057,Movie theater,,,bigquery,
PRIMEIRA CASA DO LEO DA HORNET,Primeira Casa Do Leo Da Hornet,ChIJAdEZzFhb65QRdr4mlcsZonI,"R. IZOLIRIO CORREIA DE OLIVEIRA - PEROBINHA, LONDRINA - PR",Londrina,,PR,BR,,-23.2691742,-51.2060015,Movie theater,,,bigquery,
SHOPPING LAPA PARKING,Shopping Lapa Parking,ChIJAdScqT0FFgcRZ-O4tNhlgVA,"RUA CONSELHEIRO JUNQUEIRA AYRES, 222 - DOIS DE JULHO, SALVADOR - BA, 40070-080",Salvador,,BA,BR,40070-080,-12.9845782,-38.51309,Movie theater,,,bigquery,
MOBI CINE PARACATU,Mobi Cine Paracatu,ChIJAe00NHVKqJQRUcWwRMfMdvc,"AV. OLEGÁRIO MACIEL, 1481 - SANTA LUCIA, PARACATU - MG, 38600-000",Paracatu,,MG,BR,38600-000,-17.217883,-46.883197,Movie theater,,,bigquery,
CINE A PINHAL,Cine A Pinhal,ChIJAf2x3uGtyZQRkYutAzTMBjQ,"R. XV DE NOVEMBRO, 161 - SL 17 - CENTRO, ESPÍRITO SANTO DO PINHAL - SP, 13990-000",Espírito Santo do Pinhal,,SP,BR,13990-000,-22.1927074,-46.7467001,Movie theater,,,bigquery,
ACERVO CESAR NUNES,Acervo Cesar Nunes,ChIJAxkcPooJmQARcSAJ4GCYNzI,"R. DR. PAULO LÔBO DE MORAIS, 190 - VALPARAÍSO, PETRÓPOLIS - RJ, 25655-070",Petrópolis,,RJ,BR,25655-070,-22.5187664,-43.1888852,Movie theater,,,bigquery,
STAGE 18,Stage 18,ChIJAzaWaNH_zpQRrNMGfaFPehs,"AV. PIRARUCU, 1630 - JARDIM SANTA CECILIA, BARUERI - SP, 02675-031",Barueri,,SP,BR,02675-031,-23.516769,-46.820371,Movie theater,,,bigquery,
SEDE DA AAVPO,Sede Da Aavpo,ChIJB4bqztpD_ZQRFQeIug-NU_A,"UNNAMED ROAD, COLORADO - RS, 99460-000",Colorado,,RS,BR,99460-000,-28.5355478,-52.9904799,Movie theater,,,bigquery,
CINEMA INTERNACIONAL CORPORATION DISTRIBUIDORA DE FILMES,Cinema Internacional Corporation Distribuidora De Filmes,ChIJB5VQhLhZzpQRzxB5j9t46TM,"AV. PAULISTA, 807 - BELA VISTA, SÃO PAULO - SP, 01311-100",São Paulo,,SP,BR,01311-100,-23.5666501,-46.6509741,Movie theater,,,bigquery,
ANTIGO CINE COMODORO,Antigo Cine Comodoro,ChIJBQM08GpZzpQRm5uLT2Xn7kk,"CAMPOS ELÍSEOS, SÃO PAULO - STATE OF SÃO PAULO, 01211-100",São Paulo,,SP,BR,01211-100,-23.5381641,-46.6468561,Movie theater,,,bigquery,
CINECLUBE JOSÉ CESARINI,Cineclube José Cesarini,ChIJBT0lnL0rz5QR3n8ifr6JQTo,"R. BENEDITO FRANCO DE GODÓI, 81 - JARDIM CEL. PEROBA, ITATIBA - SP, 13256-390",Itatiba,,SP,BR,13256-390,-23.0068404,-46.8507748,Movie theater,,,bigquery,
CINEMA SHOPPING IANDÊ,Cinema Shopping Iandê,ChIJBTTJq9O0wAcRLbI9RCiB74w,"IANDÊ SHOPPING CAUCAIA 620, AV. EDSON DA MOTA CORREA - CENTRO, CAUCAIA - CE, 61600-050",Caucaia,,CE,BR,61600-050,-3.7335069,-38.6559138,Movie theater,,,bigquery,
CINEART,Cineart,ChIJBVi2jVmZpgARLoLLGV6vu0c,"RUA PAUL BOUTHILIER, 37 - COMITECO, BELO HORIZONTE - MG, 30315-010",Belo Horizonte,,MG,BR,30315-010,-19.9499483,-43.9198862,Movie theater,,,bigquery,
OUTRO MUSIC,Outro Music,ChIJBVxshWfVvQARVuw6l0emVxc,"PARQUE AVENIDA PELINCA, CAMPOS DOS GOYTACAZES - STATE OF RIO DE JANEIRO, 28035-260",Campos dos Goytacazes,,RJ,BR,28035-260,-21.7634811,-41.332793,Movie theater,,,bigquery,
CINE SANTA ROSA,Cine Santa Rosa,ChIJBX_zpYpkmQARrWL3w5aIksw,"AV. NOSSA SRA. DAS GRAÇAS, 34 - CENTRO, SÃO JOÃO DE MERITI - RJ, 21515-001",São João de Meriti,,RJ,BR,21515-001,-22.8046299,-43.3675817,Movie theater,,,bigquery,
Locadora Cinemania,Locadora Cinemania,ChIJBXaFsuMkupQRNxX3qY9-MF0,"n - R. Oito, 129 - Jardim Arantes, Orlândia - SP, 14620-000, Brazil",Orlândia,,SP,BR,14620000,-20.7170658,-47.8796635,"movie_rental,service,point_of_interest,store,establishment",,,bigquery,"{""source"": ""supabase_places_cache_migration"", ""types"": [""movie_rental"", ""service"", ""point_of_interest"", ""store"", ""establishment""], ""rating"": null, ""refreshed_at"": ""2026-05-25T19:19:11.259+00:00""}"
SHAOLLIN ANIMES,Shaollin Animes,ChIJBZfor4bVmwAR7OIowc1dtpk,"R. VISC. DE PIRAJÁ, 265 - IPANEMA, RIO DE JANEIRO - RJ, 22410-001",RIO DE JANEIRO,,RJ,BR,22410-001,-22.9845155,-43.2033427,Movie theater,,,bigquery,
CINEMAS SEVERIANO RIBEIRO,Cinemas Severiano Ribeiro,ChIJB_DLRidlmQARIMqNtQ83nCw,"R. MARIA SOARES SENDAS, 111 - CENTRO, SÃO JOÃO DE MERITI - RJ, 25575-825",São João de Meriti,,RJ,BR,25575-825,-22.7989119,-43.3514766,Movie theater,,,bigquery,
CLIKNAMENTE,Cliknamente,ChIJB_GCNZrtmQARuikaAqxyXsE,"AV. PREF. ODENIR FRANCISCO DA COSTA, 16 - QD17A - ELDORADO, MARICÁ - RJ, 24901-430",Maricá,,RJ,BR,24901-430,-22.9223121,-42.8207415,Movie theater,,,bigquery,
CINE CAMBUÍ,Cine Cambuí,ChIJBaUv1Xrxy5QRzkL4axeCBeY,"ED. TATITA - PÇA CEL JUSTINIANO, 72 - CENTRO, CAMBUÍ - MG, 37600-000",Cambuí,,MG,BR,37600-000,-22.6125098,-46.0573784,Movie theater,,,bigquery,
CULTURAL CENTER JAIRO COSTA E SILVA,Cultural Center Jairo Costa E Silva,ChIJBarTfYtolZQRmQs1LYTOFf0,"R. RIO GRANDE DO SUL, 1-89, ECHAPORÃ - SP, 19830-000",Echaporã,,SP,BR,19830-000,-22.429592,-50.2017058,Movie theater,,,bigquery,
BEM CASADOS FOTOGRAFIA E CINEMA,Bem Casados Fotografia E Cinema,ChIJBcKOYBs-ypQRl70DEGYZsl0,"R. MEIGUEL PIO PEREIRA, 42 - A, POÇO FUNDO - MG, 37757-000",Poço Fundo,,MG,BR,37757-000,-21.7709368,-45.9693905,Wedding service,,,bigquery,
SWEET HOME ALABAMA,Sweet Home Alabama,ChIJBd2dXfud4pQRX82ItgFlNaY,"R. DO BOSQUE, 214-274 - VILA ANGELA BORELLA, MARAU - RS, 99150-000",Marau,,RS,BR,99150-000,-28.4587495,-52.1969846,Movie theater,,,bigquery,
HIGHMANART,Highmanart,ChIJBe7S9e4xpGcRsUv12mAZH4c,"AV. PROF. SEBASTIAN DE ALMEIDA MACHADO, 234 - JARDIM SANTA ANGELINA, ARARAQUARA - SP, 14802-285",Araraquara,,SP,BR,14802-285,-21.7694236,-48.1804693,Movie theater,,,bigquery,
CINESERCLA IANDÊ CAUCAIA,Cinesercla Iandê Caucaia,ChIJBf85UdK0wAcRj6Ecszt5bcg,"AV. EDSON DA MOTA CORREA, 620 - LOJA 164 - CENTRO, CAUCAIA - CE, 61600-050",Caucaia,,CE,BR,61600-050,-3.7340573,-38.6559749,Movie theater,,,bigquery,
KATTEGAT,Kattegat,ChIJBfUAEuabk5QRbfRfy2_Kaj0,"NARANDIBA - STATE OF SÃO PAULO, 19220-000",Narandiba,,SP,BR,19220-000,-22.4070344,-51.5242263,Movie theater,,,bigquery,
CINE TEATRO SANTA RITA,Cine Teatro Santa Rita,ChIJBxeuSkWiy5QRS7HHwXtry0Y,"PRAÇA SANTA RITA - CENTRO, SANTA RITA DO SAPUCAÍ - MG, 37540-000",Santa Rita do Sapucaí,,MG,BR,37540-000,-22.2533453,-45.704701,Movie theater,,,bigquery,
MOGI MIRIM GROUP CINE,Mogi Mirim Group Cine,ChIJBzHrdUv4yJQRyTsA5VEdaME,"RUA SENADOR JOSÉ BONIFÁCIO, 29 - CENTRO, MOGI MIRIM - SP, 13800-060",Mogi Mirim,,SP,BR,13800-060,-22.4329769,-46.957268,Movie theater,,,bigquery,
CHAYNNNE,Chaynnne,ChIJC-WJzv1UnwcRXZdsZMG6_T4,"236,, R. MÃE DOS SANTOS, 128, POTENGI - CE, 63160-000",Potengi,,CE,BR,63160-000,-7.0911137,-40.0260392,Movie theater,,,bigquery,
CINEART PONTEIO,Cineart Ponteio,ChIJC-qYEiGYpgARH6oNYSXrvEw,"SAÍDA RODOVIA BR 356, 2500 - SANTA LÚCIA, BELO HORIZONTE - MG, 30320-900",Belo Horizonte,,MG,BR,30320-900,-19.9639424,-43.9409347,Movie theater,,,bigquery,
CINE TEATRO,Cine Teatro,ChIJC232YjfLFQcR8BclJgZcb-I,"R. DA CONSTITUIÇÃO, 2-146 - SÃO GONÇALO DOS CAMPOS, BA, 44330-000",São Gonçalo dos Campos,,BA,BR,44330-000,-12.4364545,-38.9494991,Movie theater,,,bigquery,
VIP CINE CLUB,Vip Cine Club,ChIJC3k2n65JxwcROxUfer74Xaw,"RUA 24 DE MAIO, 825 - CENTRO, FORTALEZA - CE, 60020-000",Fortaleza,,CE,BR,60020-000,-3.7289015,-38.532572,Movie theater,,,bigquery,
CINE AZENHA,Cine Azenha,ChIJC4TXcWGfkZQREhMiTOSKamc,"PRES. EPITÁCIO, PRESIDENTE EPITÁCIO - STATE OF SÃO PAULO, 19470-000",Presidente Epitácio,,SP,BR,19470-000,-21.763026,-52.106116,Movie theater,,,bigquery,
TEATRO GLENIO PERES,Teatro Glenio Peres,ChIJC4r91xt5GZURZyRdj8zA_qM,"AV. LOUREIRO DA SILVA, 255 - CENTRO HISTÓRICO, PORTO ALEGRE - RS, 90010-420",Porto Alegre,,RS,BR,90010-420,-30.038144,-51.2383449,Movie theater,,,bigquery,
CINEARTE SARAU PETROBRAS,Petrobras,ChIJC561Lk7Gy5QRpRXrbgOI0gA,"CINE ITINERANTE - JARDIM IARA, POUSO ALEGRE - MG, 37550-000",Pouso Alegre,,MG,BR,37550-000,-22.24058,-45.94878,Movie theater,,,bigquery,
CINE GRACHER PORTO UNIÃO,Cine Gracher Porto União,ChIJC61COAaK5pQROXAPU5nmL04,"AV. DOS FERROVIÁRIOS, 1045 - SÃO PEDRO, PORTO UNIÃO - SC, 89400-000",União da Vitória,,SC,BR,89400-000,-26.2446657,-51.0864663,Movie theater,,,bigquery,
CINEMA RESERVA CULTURAL NITERÓI,Cinema Reserva Cultural Niterói,ChIJC65NU9GDmQARduHtvA9Uq7w,"AV. VISCONDE DO RIO BRANCO, 880 - SÃO DOMINGOS, NITERÓI - RJ, 24020-007",NITERÓI,,RJ,BR,24020-007,-22.898391,-43.1307519,Movie theater,,,bigquery,
CASA DA MEG,Casa Da Meg,ChIJC66zMWZSzpQReRpifCivHeY,"RUA MIGUEL DIONÍSIO VALLE - JARDIM NAKAMURA, SÃO PAULO - SP, 04942-040",São Paulo,,SP,BR,04942-040,-23.6959065,-46.7775907,Movie theater,,,bigquery,
CINEMARK SHOPPING SERRA SUL EM BREVE,Cinemark Shopping Serra Sul Em Breve,ChIJC723Unu5y5QROD9lCd3KvMU,QUADRANTE NORDESTE - POUSO ALEGRE  MG  37550-000  BRASIL,Pouso Alegre,,MG,BR,37550-000,-22.2367414,-45.8864966,"movie_theater,point_of_interest,establishment",,,bigquery,
HF7 LOCADORA,Hf7 Locadora,ChIJC94Hg5lZzpQRI-TVRfJ0veQ,"R. APENINOS, 664 - LIBERDADE, SÃO PAULO - SP, 01533-000",São Paulo,,SP,BR,01533-000,-23.5732252,-46.6395221,Movie theater,,,bigquery,
JN PRODUTORA,Jn Produtora,ChIJC9mQQOMtGZURoYPx53h_Aiw,"R. SANTA TERESINHA, 486 - SANTA TEREZINHA, CANELA - RS, 95680-000",Canela,,RS,BR,95680-000,-29.3708141,-50.8113682,Movie theater,,,bigquery,
SEG IMAGENS,Seg Imagens,ChIJCQCZqRWluQcRa3NS83PT9ZY,"R. JOÃO BARBOSA LIMA - CENTRO, ITAIÇABA - CE, 62820-000",Itaiçaba,,CE,BR,62820-000,-4.6806552,-37.822385,Movie theater,,,bigquery,
CINEMALAB,Cinemalab,ChIJCSUgL3pZzpQR0lvsblAWTzA,"R. CASTRO ALVES, 457 - ACLIMAÇÃO, SÃO PAULO - SP, 04272-300",São Paulo,,SP,BR,04272-300,-23.5691742,-46.6362561,Movie theater,,,bigquery,
POPFILMES.COM.BR,Popfilmes.com.br,ChIJCTRYQ9JZzpQRaWbN7vMy9DI,"ALAMEDA JAÚ, 1506 - JARDINS, SÃO PAULO - SP, 01420-002",São Paulo,,SP,BR,01420-002,-23.5600546,-46.6616405,Movie theater,,,bigquery,
Cinema do Porto / Cinema da Fundação,Cinema do Porto / Cinema da Fundação,ChIJCVSpS-sZqwcRhagJCCGY_qo,"Cais do Apolo, 222 - 16º andar - Recife, PE, 50030-230",Recife,,PE,BR,50030230,-8.0631282,-34.8739237,"movie_theater,point_of_interest,establishment",,,bigquery,"{""source"":""google_places_augment"",""types"":[""movie_theater"",""point_of_interest"",""establishment""],""rating"":null}"
Bauhaus,Bauhaus,ChIJCVl0YwQImQAR0WaH-MMEDj4,"R. Dr. Nelson de Sá Earp, 88 - Centro, Petrópolis - RJ, 25680-195, Brazil",Petrópolis,,RJ,BR,25680195,-22.5114229,-43.1801923,"shopping_mall,movie_theater,clothing_store,store,point_of_interest,establishment",,,bigquery,"{""source"": ""supabase_places_cache_migration"", ""types"": [""shopping_mall"", ""movie_theater"", ""clothing_store"", ""store"", ""point_of_interest"", ""establishment""], ""rating"": null, ""refreshed_at"": ""2026-05-25T19:20:14.442+00:00""}"
CINEMARK BÉLEM,Cinemark Bélem,ChIJCXBAwhOJpJIRb3Z6cw1nR1g,AV. SEN. LEMOS  3153 - SACRAMENTA  BELÉM - PA  66120-000  BRASIL,Belém,,PA,BR,66120-000,-1.4163732,-48.4792435,"movie_theater,point_of_interest,establishment",,,bigquery,
CENTERPLEX SHOPPING CIDADE NORTE,Centerplex Shopping Cidade Norte,ChIJCZAlI-isvZQRJ4TvMiOqD18,"AV. ALFREDO ANTÔNIO DE OLIVEIRA, 2077 - JARDIM PLANALTO, SÃO JOSÉ DO RIO PRETO - SP, 15046-355",São José do Rio Preto,,SP,BR,15046-355,-20.7697222,-49.3863889,Movie theater,,,bigquery,
ALEH PRODUÇÕES,Aleh Produções,ChIJC_9OoEFtzpQRTDo8GhBcG9Q,"R. MIGUEL PRISCO - RIBEIRÃO PIRES, SP, 09440-330",Ribeirão Pires,,SP,BR,09440-330,-23.7051384,-46.4129161,Movie theater,,,bigquery,
R. JOSE SENA FERREIRA,R. Jose Sena Ferreira,ChIJC_bLjIinG5UROrotVH0MfDk,"R. JOSÉ SENA FERREIRA - MEDIANEIRA, BUTIÁ - RS, 96750-000",Butiá,,RS,BR,96750-000,-30.1160944,-51.9689478,Movie theater,,,bigquery,
CINE VIA SETE 3D,Cine Via Sete 3d,ChIJCbwOZMmnBJURlx2gMYr8H0E,"RUA MORON 1285, SALA, 02, CACHOEIRA DO SUL - RS",Cachoeira do Sul,,RS,BR,,-30.04584,-52.89196,Movie theater,,,bigquery,
Aurora Cinema,Aurora Cinema,ChIJCdVkWR0ZqwcRSGbNVFJBTDc,"Rua Conde de Irajá, 356 1o. piso B - Torre, Recife - PE, 50710-310",Recife,,PE,BR,50710310,-8.0458683,-34.9068638,"manufacturer,point_of_interest,establishment",,,bigquery,"{""source"":""google_places_augment"",""types"":[""manufacturer"",""point_of_interest"",""establishment""],""rating"":null}"
Cine Uniplex Campinas,Cine Uniplex Campinas,ChIJCeqbLQDJyJQRjaq-dqQtcJY,"Av. José Mário de Arruda Toledo, 350 - Jardim Aurelia, Campinas - SP, 13033-002, Brazil",Campinas,,SP,BR,13033002,-22.9090706,-47.0950446,"movie_theater,point_of_interest,establishment",,,bigquery,"{""source"": ""supabase_places_cache_migration"", ""types"": [""movie_theater"", ""point_of_interest"", ""establishment""], ""rating"": null, ""refreshed_at"": ""2026-05-25T19:18:06.545+00:00""}"
CINE AVENIDA LEME,Cine Avenida Leme,ChIJCesb5bILyJQRa3JtCUJiAZ4,"AV. JOAQUIM LOPES AGUILA, 416 - CENTRO, LEME - SP, 13614-032",Leme,,SP,BR,13614-032,-22.1858107,-47.3947227,Movie theater,,,bigquery,
CINE JACQUES,Cine Jacques,ChIJCfgBsQiZpgARTDbgxuyy-oU,"RUA DOS TUPIS, 317 - CENTRO, BELO HORIZONTE - MG, 30190-061",Belo Horizonte,,MG,BR,30190-061,-19.9214927,-43.9399775,Movie theater,,,bigquery,
ANTIGO CINEMA DE ARRAIAL DO CABO,Antigo Cinema De Arraial Do Cabo,ChIJD-qYW1QZlwAROyfanPAV_M0,"R. MAL. DEODORO DA FONSECA, 18 - SÍTIO, ARRAIAL DO CABO - RJ, 28930-000",ARRAIAL DO CABO,,RJ,BR,28930-000,-22.9684829,-42.0262675,Movie theater,,,bigquery,
JULIANO JADER FOTOGRAFIA | CINEMA,Juliano Jader Fotografia | Cinema,ChIJD0WZ_YUFvpQRq3mbk2QnOyY,"RUA, AV. RIO GRANDE, 872 - CENTRO, PROMISSÃO - SP, 16370-000",Promissão,,SP,BR,16370-000,-21.5409213,-49.8567353,Movie theater,,,bigquery,
CINE TEATRO MUNICIPAL DE CANGUÇU,Cine Teatro Municipal De Canguçu,ChIJD1rNSgodEJUReO1taVa6WMk,"PRAÇA DR. JAIME DE FARIA, 749 - CENTRO, CANGUÇU - RS, 96600-000",Canguçu,,RS,BR,96600-000,-31.3992656,-52.6775236,Movie theater,,,bigquery,
CINEMA SANTOS DUMONT,Cinema Santos Dumont,ChIJD2VkslR8pgARu-l7MH-g7Yw,"AERONAUTAS, LAGOA SANTA - STATE OF MINAS GERAIS, 33400-000",Lagoa Santa,,MG,BR,33400-000,-19.6586046,-43.9013598,Movie theater,,,bigquery,
CINEMA BELLUZZO,Cinema Belluzzo,ChIJD5NI5_RLv5QRBIfMMm5Gxzk,"AV. JOÃO LEMOS, 578, BARIRI - SP, 17250-000",Bariri,,SP,BR,17250-000,-22.0739024,-48.7411569,Movie theater,,,bigquery,
STAGE 9,Stage 9,ChIJD5ljEmvjzpQRWMdKfaifvXE,"H6WF+RM - VILA PERUS, SÃO PAULO - SP",São Paulo,,SP,BR,,-23.4029914,-46.7749944,Movie theater,,,bigquery,
CINEART - ALPHAVILLE,Cineart - Alphaville,ChIJD5vKlKOxpgARNw9NTbRdBwc,"UNNAMED ROAD, NOVA LIMA - MG, 34000-000",Nova Lima,,MG,BR,34000-000,-20.1618932,-43.9537819,Movie theater,,,bigquery,
CASA DO JORGEMAR,Casa Do Jorgemar,ChIJD6yNeAZBnAARkFPvvC4XHjc,"MANGARATIBA, STATE OF RIO DE JANEIRO, 23860-000",Mangaratiba,,RJ,BR,23860-000,-22.9582884,-44.1276024,Movie theater,,,bigquery,
AUDIOVISUAL,Audiovisual,ChIJD713d2F_mQARBjbl3jqCKUg,"ED. VAZ - R. ALCINDO GUANABARA, 15 - CENTRO, RIO DE JANEIRO - RJ, 20031-130",Rio de Janeiro,,RJ,BR,20031-130,-22.910805,-43.1765578,Movie theater,,,bigquery,
CINE ÉDEN,Cine Éden,ChIJD8SvrfizOAcRZx_Yk5gSwPw,"R. JURACI MAGALHÃES, 315-379, IPIAÚ - BA, 45570-000",Itagibá,,BA,BR,45570-000,-14.1384915,-39.7348551,Movie theater,,,bigquery,
Cinemark Metro Tatuapé,Cinemark Metro Tatuapé,ChIJD8s4dwBfzpQRjTgxQcCdseY,"Rua Domingos Agostim, 91 - Cidade Mãe do Céu, São Paulo - SP, 03306-010, Brazil",São Paulo,,SP,BR,03306010,-23.5419217,-46.577555,"movie_theater,point_of_interest,establishment",,,bigquery,"{""source"": ""supabase_places_cache_migration"", ""types"": [""movie_theater"", ""point_of_interest"", ""establishment""], ""rating"": null, ""refreshed_at"": ""2026-05-25T19:18:08.572+00:00""}"
HERBERT ALMEIDA PRODUÇÃO,Herbert Almeida Produção,ChIJD9LMGtRnzpQRVzaXTNxB1tE,"R. ALTO BELO, 1199 - APTO 313 - VILA ANTONIETA, SÃO PAULO - SP, 03478-040",São Paulo,,SP,BR,03478-040,-23.5750982,-46.5101702,Movie theater,,,bigquery,
MAXIMOVIE BACAXÁ (SAQUAREMA),Maximovie Bacaxá (Saquarema),ChIJDS-cySpdlwARbK6w0Pq5yfo,"R. BEATRIZ AMARAL PEREIRA, 106 - BACAXÁ, SAQUAREMA - RJ, 28990-702",Saquarema,,RJ,BR,28990-702,-22.895503,-42.4701347,Movie theater,,,bigquery,
CCM CRÍTICA,Ccm Crítica,ChIJDToDbRLtmQARRlcLfaMdKl8,"RUA RAUL ALFREDO DE ANDRADE - UBATIBA, MARICÁ - RJ, 24910-530",Maricá,,RJ,BR,24910-530,-22.8869918,-42.8320674,Movie theater,,,bigquery,
Kinoplex Diamante Vale Sul,Kinoplex Diamante Vale Sul,ChIJDTrNxYdKzJQR-B0x1ukH4bE,"Av. Andrômeda, 227 - SALA 293/294 - Jardim Satélite, São José dos Campos - SP, 12230-000, Brazil",São José dos Campos,,SP,BR,12230000,-23.2166775,-45.8926807,"movie_theater,point_of_interest,establishment",,,bigquery,"{""source"": ""supabase_places_cache_migration"", ""types"": [""movie_theater"", ""point_of_interest"", ""establishment""], ""rating"": null, ""refreshed_at"": ""2026-05-25T19:18:11.44+00:00""}"
MAAT PRODUTORA DISTRIBUIDORA EIRELI,Maat Produtora Distribuidora Eireli,ChIJDUMXyuCBmQARf0lg4XMcpmI,"ALAMEDA CAROLINA, S/N - ICARAÍ, NITERÓI - RJ, 24230-140",NITERÓI,,RJ,BR,24230-140,-22.9109605,-43.1078888,Movie theater,,,bigquery,
CINE CAMPINHO,Cine Campinho,ChIJDVj-RPfzzZQRJumEBWXwBLI,"AVENIDA DOS TUCANOS, SN - VILA DA MATA, BERTIOGA - SP, 11267-741",Bertioga,,SP,BR,11267-741,-23.7600077,-45.932895,Movie theater,,,bigquery,
ESTAÇÃO NET GÁVEA,Estação Net Gávea,ChIJDYCyV7fVmwARxc0pe0U5DR4,"SHOPPING DA GÁVEA - R. MARQUÊS DE SÃO VICENTE, 52 - GÁVEA, RIO DE JANEIRO - RJ, 22451-040",Rio de Janeiro,,RJ,BR,22451-040,-22.9751188,-43.2285133,Movie theater,,,bigquery,
ESTAÇÃO ANIBAL PFEIFER,Estação Anibal Pfeifer,ChIJDcAtWf2DG5URpuDTc_TkZrY,"SANTO AMARO DO SUL, GENERAL CÂMARA - STATE OF RIO GRANDE DO SUL, 95820-000",General Câmara,,RS,BR,95820-000,-29.8497413,-51.9634685,Movie theater,,,bigquery,
YES COMUNICAÇÃO LTDA,Yes Comunicação Ltda,ChIJDfF6VNqZpgAR7gDkQ4fcgWQ,"R. PROFA. IRACEMA PIMENTA, 20 - SANTA LÚCIA, BELO HORIZONTE - MG, 30130-110",Belo Horizonte,,MG,BR,30130-110,-19.9554578,-43.949975,Movie theater,,,bigquery,
ELXII FILMS,Elxii Films,ChIJDwY6f2xTzpQRSJZDg2j8lqk,"RUA CAQUEMON, 10 - CAMPO LIMPO, SÃO PAULO - SP, 05775-230",São Paulo,,SP,BR,05775-230,-23.6347959,-46.7549902,Movie theater,,,bigquery,
CINETEATRO,Cineteatro,ChIJDwfd3O-hwJQR8qzXFWkDroM,"AV. RUI BARBOSA, 260 - CENTRO, AGUDOS - SP, 17132-036",Agudos,,SP,BR,17132-036,-22.4733202,-48.9895331,Movie theater,,,bigquery,
CINE SÃO JOSÉ,Cine São José,ChIJDwrNFFp6xpQRqJO3vGidaC8,"RUA 9 DE JULHO, 671 - CENTRO, CESÁRIO LANGE - SP, 18285-000",Cesário Lange,,SP,BR,18285-000,-23.2241353,-47.9524868,Movie theater,,,bigquery,
CINE MAIS ARTE - SHOPPING LYNEMAR,Cine Mais Arte - Shopping Lynemar,ChIJDxQoFXmCIpURNgJLX9IwRYQ,"CENTRO RUA SEPÉ 1896 - SHOPPING LYNEMAR, 3° ANDAR, CAPÃO DA CANOA - RS, 95555-000",Capão da Canoa,,RS,BR,95555-000,-29.7601361,-50.0149518,Movie theater,,,bigquery,
CINEMA PELOTENSE,Cinema Pelotense,ChIJE-vBgJi1EZURvSExD-maqOk,"R. ANDRADE NEVES, 2316 - CENTRO, PELOTAS - RS, 96020-080",Pelotas,,RS,BR,96020-080,-31.7620281,-52.3396152,Movie theater,,,bigquery,
CINE BRASIL,Cine Brasil,ChIJE03fgh03FAcRjmbIJmiVbf4,"R. PROF. GEMINIANO COSTA, 47 - CENTRO, FEIRA DE SANTANA - BA, 44001-120",Feira de Santana,,BA,BR,44001-120,-12.2510562,-38.9631392,Movie theater,,,bigquery,
I SAUI PITOO CINEMA E BAR,I Saui Pitoo Cinema E Bar,ChIJE1EoB64aFgcRsrxgXsF5gvg,"R. RIBEIRÃO DO AMPARO, 3 - CABULA IV, SALVADOR - BA, 40352-216",Salvador,,BA,BR,40352-216,-12.9403698,-38.4795799,Drive-in movie theater,,,bigquery,
Cine Araújo - Duque de Caxias,Cine Araújo - Duque de Caxias,ChIJE1ZuB0Z7mQARMY-YTnm8XaM,"Rod. Washington Luiz, 2895 - Parque Duque, Duque de Caxias - RJ, 25085-008, Brazil",Duque de Caxias,,RJ,BR,25085008,-22.7869733,-43.2863709,"movie_theater,point_of_interest,establishment",,,bigquery,"{""source"": ""supabase_places_cache_migration"", ""types"": [""movie_theater"", ""point_of_interest"", ""establishment""], ""rating"": null, ""refreshed_at"": ""2026-05-25T19:20:08.111+00:00""}"
AGA CINEMAS,Aga Cinemas,ChIJE6KNlDkhyZQRSp1he164rtc,"R. JOSÉ ARAÚJO CINTRA - CENTRO, AMPARO - SP, 13900-460",Amparo,,SP,BR,13900-460,-22.705734,-46.7704209,Movie theater,,,bigquery,
POINT ZEN CINE,Point Zen Cine,ChIJE7vKqEVYzpQRuJTBn_I3EYc,"AV. SÃO JOÃO, 1119 - SANTA CECILIA, SÃO PAULO - SP, 01035-100",São Paulo,,SP,BR,01035-100,-23.540338,-46.64428,Movie theater,,,bigquery,
CINE A RESENDE,Cine A Resende,ChIJEUoRF35-ngAR1NQ_G_Y3uj8,"DE GODOY - AV. DORIVAL MARCONDES GODOY, 500 - LOJA 1020 - FAZENDA DO CASTELO, RESENDE - RJ, 27535-320",Resende,,RJ,BR,27535-320,-22.4615119,-44.436374,Movie theater,,,bigquery,
GRAMADO FILM FESTIVAL - RS,Gramado Film Festival - Rs,ChIJEWfwLlsyGZURm_wQ5-UEFdc,"VILA SUICA, GRAMADO - STATE OF RIO GRANDE DO SUL, 95670-000",Gramado,,RS,BR,95670-000,-29.3790821,-50.8737612,Movie theater,,,bigquery,
UCI PALLADIUM,Uci Palladium,ChIJEX9yj13j3JQR4AjhnUuqk64,"SHOPPING PALLADIUM - AV. PRES. KENNEDY, 4121 - PORTÃO, CURITIBA - PR, 80610-905",Curitiba,,PR,BR,80610-905,-25.477755,-49.2904283,Movie theater,,,bigquery,
INDIEPATH,Indiepath,ChIJEXVryn5ZzpQREYF4ou9gZZI,"AV. PAULISTA - BELA VISTA, SÃO PAULO - SP, 01311-000",São Paulo,,SP,BR,01311-000,-23.5696869,-46.6464749,Movie theater,,,bigquery,
WSET MULTIMÍDIA,Wset Multimídia,ChIJEYcnR_B_mQARYmwgVZ4oGjY,"R. VOLUNTÁRIOS DA PÁTRIA, 36 - BOTAFOGO, RIO DE JANEIRO - RJ, 22270-010",Rio de Janeiro,,RJ,BR,22270-010,-22.9507226,-43.1830405,Movie theater,,,bigquery,
ARCOÍRIS VITORIA,Arcoíris Vitoria,ChIJEZBrZw95GZUReNMSxQooIC0,"AV. BORGES DE MEDEIROS, 475 - CENTRO HISTÓRICO, PORTO ALEGRE - RS, 90020-022",Porto Alegre,,RS,BR,90020-022,-30.0306377,-51.2279147,Movie theater,,,bigquery,
SALAB,Salab,ChIJE_h4C7GKzpQRtzwyLMuizLY,"AV. COMENDADOR WILSON TALARICO, 149 - VILA FLORIDA, GUARULHOS - SP, 07196-080",Guarulhos,,SP,BR,07196-080,-23.4549194,-46.5100801,Movie theater,,,bigquery,
REPÚBLICA MEDELLÍN,República Medellín,ChIJEaLwiXpdv5QRcSd1KT9I6EI,"R. JOANA DE FÁZZIO CONSTANTINO, 3-50 - JARDIM SANTOS DUMONT, BAURU - SP, 17047-493",Bauru,,SP,BR,17047-493,-22.3561218,-49.0380748,Movie theater,,,bigquery,
GRUPO CINE,Grupo Cine,ChIJEaSjagTfzpQRCPHUSbzWt9c,"AV. DUQUE DE CAXIAS, 2225 - SÍTIO DO MOINHO, VÁRZEA PAULISTA - SP, 13223-200",Várzea Paulista,,SP,BR,13223-200,-23.2082141,-46.8113346,Movie theater,,,bigquery,
PALAIS DES FESTIVALS,Palais Des Festivals,ChIJEb8CL1syGZURRjyXSwW7ZTM,"AV. BORGES DE MEDEIROS, 2697 - CENTRO, GRAMADO - RS, 95670-000",Gramado,,RS,BR,95670-000,-29.3788571,-50.8738336,Movie theater,,,bigquery,
FILMO TUA PEÇA,Filmo Tua Peça,ChIJEe58-PJ_mQAR-up1TDJVT_g,"R. SÃO CLEMENTE, 185 - BOTAFOGO, RIO DE JANEIRO - RJ, 22260-001",Rio de Janeiro,,RJ,BR,22260-001,-22.9498021,-43.1882253,Movie theater,,,bigquery,
RODEIO QUITÉRIA,Rodeio Quitéria,ChIJEeqT8WL4GpURcex_K6oQ0XA,"QUITÉRIA, SÃO JERÔNIMO - STATE OF RIO GRANDE DO SUL, 96700-000",São Jerônimo,,RS,BR,96700-000,-30.4771679,-52.0342206,Movie theater,,,bigquery,
PIPOCAS E BATATA CHIPS DO DÉDA,Pipocas E Batata Chips Do Déda,ChIJEff2H2sTxpQRgyI6MxLWrgc,"PRAÇA DR. ELIAS GARCIA, TIETÊ - SP, 18530-000",Tietê,,SP,BR,18530-000,-23.1018982,-47.7144304,Movie theater,,,bigquery,
SÃO FIDELIS,São Fidelis,ChIJExazwRmzvQARWZI2svfAZoY,"R. ODETE BARCELOS, 00148 - SÃO FIDÉLIS, RJ, 28400-000",São Fidélis,,RJ,BR,28400-000,-21.6543851,-41.7444648,Movie theater,,,bigquery,
CAVERNA DE PLATÃO,Caverna De Platão,ChIJEyjemLNVqwARPtRAmn6-u3A,"R. JURAMENTO, DR, 105A - JOÃO ALVES, MONTES CLAROS - MG, 39402-337",Montes Claros,,MG,BR,39402-337,-16.7460605,-43.8558957,Movie theater,,,bigquery,
M M CHAINCA CIA,M M Chainca Cia,ChIJF-rq6XWtvZQRtvg69Tosgvo,"RUA ONOFRE BENETTI, 120 - JARDIM HERCULANO, SÃO JOSÉ DO RIO PRETO - SP, 15035-060",São José do Rio Preto,,SP,BR,15035-060,-20.8108641,-49.4047301,Movie theater,,,bigquery,
CINEMA,Cinema,ChIJF09x789kkZQRULifQez4Unw,"VILA ORIENTAL, PRESIDENTE VENCESLAU - STATE OF SÃO PAULO, 19400-000",Presidente Venceslau,,SP,BR,19400-000,-21.8717362,-51.8425558,Movie theater,,,bigquery,
Grupo Cine Shopping Atlântico Super Center Aquidauana,Grupo Cine Shopping Atlântico Super Center Aquidauana,ChIJF0tKvmTmfZQRENKkpYXnMUE,"R. Oscar Trindade de Barros, 220 - Santa Therezinha, Aquidauana - MS, 79200-000, Brazil",Aquidauana,,MS,BR,79200000,-20.4658575,-55.7699143,"movie_theater,restaurant,food,point_of_interest,establishment",,,bigquery,"{""source"": ""supabase_places_cache_migration"", ""types"": [""movie_theater"", ""restaurant"", ""food"", ""point_of_interest"", ""establishment""], ""rating"": null, ""refreshed_at"": ""2026-05-28T17:26:29.544+00:00""}"
GRUPO DE ORAÇÃO JOVEM SÃO JOSÉ,Grupo De Oração Jovem São José,ChIJF1PyFlSZHZUR9m8ZmfUogyM,"R. SCALABRINI - CENTRO, SERAFINA CORRÊA - RS, 99250-000",Serafina Corrêa,,RS,BR,99250-000,-28.7116553,-51.9365317,Movie theater,,,bigquery,
GOMA DO NEGUIM,Goma Do Neguim,ChIJF1hVI11FzpQRbiJrsiQjLHU,"R. GUARICANCA, 8 - INAMAR, DIADEMA - SP, 09973-200",Diadema,,SP,BR,09973-200,-23.7193625,-46.6170532,Movie theater,,,bigquery,
AR7E,Ar7e,ChIJF30w49ZnzpQRlI32PG5uX9A,"R. PALMEIRINA - CIDADE PATRIARCA, SÃO PAULO - SP, 03556-010",São Paulo,,SP,BR,03556-010,-23.5417124,-46.5023631,Movie theater,,,bigquery,
CINE BAUHAUS,Cine Bauhaus,ChIJF4SYewQImQAR_C9k4jZ_XKE,"CONDOMÍNIO DO EDIFÍCIO BAUHAUS COMERCIAL - R. DR. NELSON DE SÁ EARP, 88 - CENTRO, PETRÓPOLIS - RJ, 25620-060",Petrópolis,,RJ,BR,25620-060,-22.5113701,-43.1799975,Movie theater,,,bigquery,
THE FLASH ENTRETENIMENTO,The Flash Entretenimento,ChIJF6Hvb2cLmQARX2b4VFjCgvE,"R. Antônio da Rocha Paranhos, 65 - Fragoso, Magé - RJ, 25935-184, Brazil",Magé,,RJ,BR,25935184,-22.5866413,-43.1868043,"movie_theater,point_of_interest,establishment",,,bigquery,"{""source"": ""supabase_places_cache_migration"", ""types"": [""movie_theater"", ""point_of_interest"", ""establishment""], ""rating"": null, ""refreshed_at"": ""2026-05-25T19:20:13.037+00:00""}"
CINESERCLA,Cinesercla,ChIJF7Q77gansQARGxmGVlOHWHk,"R. 7 DE SETEMBRO, 3500 - 145 - CENTRO, GOV. VALADARES - MG, 35010-170",Governador Valadares,,MG,BR,35010-170,-18.8534927,-41.9523315,Movie theater,,,bigquery,
MULTICINE SOBRAL,Multicine Sobral,ChIJF9CkIQLH6gcRV_kdV6ChpZY,"AV. MONSENHOR JOSÉ ALOÍSIO PINTO, 300 - DOM EXPEDITO, SOBRAL - CE, 62050-255",Sobral,,CE,BR,62050-255,-3.6977362,-40.3484268,Movie theater,,,bigquery,
STAGE 17,Stage 17,ChIJFRUXHSf_zpQR9GEonC8pxbg,"AV. PIRARUCU, 529 - JARDIM SANTA CECILIA, BARUERI - SP, 02675-031",Barueri,,SP,BR,02675-031,-23.517291,-46.820501,Movie theater,,,bigquery,
ENIO BINDER,Enio Binder,ChIJFRuceAQPA5UR8kb2LVkItrg,"AGUDO - STATE OF RIO GRANDE DO SUL, 96540-000",Agudo,,RS,BR,96540-000,-29.6631579,-53.2551198,Movie theater,,,bigquery,
CINE CALÇADÃO,Cine Calçadão,ChIJFS2JFelnowARHpd9gZZX09U,"SHOPPING CALCADAO RUA PRESIDENTE, R. ARTHUR BERNARDES, 132 - CENTRO, VIÇOSA - MG, 36570-000",Viçosa,,MG,BR,36570-000,-20.7548425,-42.8798318,Movie theater,,,bigquery,
ESPAÇO TEATRO CÓDIGO,Espaço Teatro Código,ChIJFTVbVyFQmQARMpDHXSQJRcI,"R. DAVI, 65 - NOVA BELÉM, JAPERI - RJ, 26435-080",Japeri,,RJ,BR,26435-080,-22.6523432,-43.6609825,Movie theater,,,bigquery,
CINE TECA,Cine Teca,ChIJFUEylad2swAR7YqRsa5WWmE,"BAIRRO JARDIM DAS ACÁCIAS AVENIDA ALFREDO SÁ N°, 2.225, TEÓFILO OTONI - MG, 39804-000",Teófilo Otoni,,MG,BR,39804-000,-17.8647245,-41.5173478,Movie theater,,,bigquery,
ROKU / GLOBOPLAY,Roku / Globoplay,ChIJFXbZp5Rhz5QRw9II62_BJ04,"RUA OTÍLIA WEY PEREIRA, SOROCABA - SP, 18085-842",Sorocaba,,SP,BR,18085-842,-23.4776366,-47.4162804,Movie theater,,,bigquery,
CASA DE CINEMA BRASIL,Casa De Cinema Brasil,ChIJFYQ8aGetvZQRlcZLudl9COE,"R. CEL. SPÍNOLA DE CASTRO, 3635 - CENTRO, SÃO JOSÉ DO RIO PRETO - SP, 15015-500",São José do Rio Preto,,SP,BR,15015-500,-20.8143048,-49.3863797,Movie theater,,,bigquery,
CINE LASER - CASCAVEL,Cine Laser - Cascavel,ChIJFZLRKQDU85QRCqBSOXNJR9U,"JL CASCAVEL SHOPPING - AV. TOLEDO, 432 - 2º PISO - CENTRO, CASCAVEL - PR, 85810-230",Cascavel,,PR,BR,85810-230,-24.9506,-53.477,Movie theater,,,bigquery,
CINEMA COMENTADO | MONTES CLAROS,Cinema Comentado | Montes Claros,ChIJFa-vuVhTqwAR6K-RUat-NNw,"R. DR. VELOSO, 1499 - CENTRO, MONTES CLAROS - MG, 39400-074",Montes Claros,,MG,BR,39400-074,-16.7328888,-43.8683094,Movie theater,,,bigquery,
DECK ONDE VER A CIDADE TODA,Deck Onde Ver A Cidade Toda,ChIJFcBU-u5fz5QRX-Wu2kL66I4,"R. MIGUEL MARTINS RODRIGUES, 500 - JARDIM DOIS CORAÇÕES, SOROCABA - SP, 18085-777",Sorocaba,,SP,BR,18085-777,-23.463952,-47.4364334,Movie theater,,,bigquery,
TEATRO HOME CINEMA,Teatro Home Cinema,ChIJFdbJ1Eyd4pQRFykV7Rwrvlw,"R. ANTÔNIO PÍCOLI, 139 - CIDADE ALTA, MARAU - RS, 99150-000",Marau,,RS,BR,99150-000,-28.4449427,-52.2062176,Audio visual equipment supplier,,,bigquery,
CINECLUBE CAUIM,Cineclube Cauim,ChIJFeY4lfy-uZQRzAvh_VILALM,"R. SÃO SEBASTIÃO, 920 - CENTRO, RIBEIRÃO PRETO - SP, 14015-040",Ribeirão Preto,,SP,BR,14015-040,-21.1782146,-47.8071463,Movie theater,,,bigquery,
CMK PLAY,Cmk Play,ChIJFecBJDXNoAARxngjlN6-Fcw,"R. MOZART MACHADO, 651 - LOURDES, ITAÚNA - MG, 35680-216",Itaúna,,MG,BR,35680-216,-20.0882197,-44.57108,Movie theater,,,bigquery,
SPCINE ROBERTO SANTOS,Spcine Roberto Santos,ChIJFw-o2vFbzpQRYFh4kiz6mfQ,"R. CISPLATINA, 505 - IPIRANGA, SÃO PAULO - SP, 04211-040",São Paulo,,SP,BR,04211-040,-23.5877155,-46.6024146,Movie theater,,,bigquery,
MAXICINE SANTIAGO,Maxicine Santiago,ChIJFyeCEAPS_5QR3G8N-h4bkHs,"AV. JÚLIO DE CASTILHO, 518 - CENTRO, SANTIAGO - RS, 97700-000",Santiago,,RS,BR,97700-000,-29.1937773,-54.8696768,Movie theater,,,bigquery,
CINETEATRO NININHA ROCHA,Cineteatro Nininha Rocha,ChIJFyrd3b5FpJQRB1dUcI8q1fU,"PRAÇA PROF. JACY DE ASSIS - S/N - CENTRO, UBERLÂNDIA - MG, 38400-603",Uberlândia,,MG,BR,38400-603,-18.9157227,-48.2752183,Movie theater,,,bigquery,
ENTRE,Entre,ChIJG-CgLmdRzpQRyddbnjiFVCs,"R. LÁZARO JOSÉ DE PAULA, 58 - JARDIM SÃO LUÍS, SÃO PAULO - SP, 05844-130",São Paulo,,SP,BR,05844-130,-23.6549341,-46.7400104,Movie theater,,,bigquery,
ANTIGO CINEMA DA FAZENDA CAPOAVA,Antigo Cinema Da Fazenda Capoava,ChIJG-n2w6oBxpQRznHFgNdkO-w,"PORTO FELIZ - STATE OF SÃO PAULO, 18540-000",Porto Feliz,,SP,BR,18540-000,-23.1350682,-47.5059986,Movie theater,,,bigquery,
CINE SHOW,Cine Show,ChIJG0KcZ_6bngARb0E4XaU62as,"AV. JOAQUIM LEITE, 577 - CENTRO, BARRA MANSA - RJ, 27345-391",Barra Mansa,,RJ,BR,27345-391,-22.5448594,-44.1732168,Movie theater,,,bigquery,
REP MÓNARQUIA,Rep Mónarquia,ChIJG0yc7RQVypQREln1rmK8W04,"R. ARTUR P. CAIXETA, 235 - MACHADO, MG, 37750-000",Machado,,MG,BR,37750-000,-21.6825161,-45.9112825,Movie theater,,,bigquery,
CINE UNIPLEX GUARATUBA,Cine Uniplex Guaratuba,ChIJG2mLRqv725QRBECVZRHF_nU,"AV. VISC. DO RIO BRANCO, 850 - GUARATUBA, PR, 83280-000",Guaratuba,,PR,BR,83280-000,-25.9019021,-48.5693627,Movie theater,,,bigquery,
CINE ESQUEMA NOVO DE JANELAS ABERTAS,Cine Esquema Novo De Janelas Abertas,ChIJG3H0tKR5GZURk7wFSVC3OKo,"R. DOS ANDRADAS, 471 - CENTRO HISTÓRICO, PORTO ALEGRE - RS, 90020-001",Porto Alegre,,RS,BR,90020-001,-30.0324801,-51.236918,Movie theater,,,bigquery,
SANTA TEREZA,Santa Tereza,ChIJG4XsLFYTxpQRyyZ4caM2oYQ,"R. CAP. JOÃO BATISTA NITRINI, 2-124 - ZICO PIRES, TIETÊ - SP, 18530-000",Tietê,,SP,BR,18530-000,-23.0972122,-47.7143911,Movie theater,,,bigquery,
ESTAÇÃO CULTURAL FOTÓGRAFO TUTA,Estação Cultural Fotógrafo Tuta,ChIJG4iceBA5z5QRYGoDzpALLhs,"R. MARANHÃO, 866 - JACARÉ, CABREÚVA - SP, 13315-000",Cabreúva,,SP,BR,13315-000,-23.2523838,-47.056654,Movie theater,,,bigquery,
CINEMAIS SÃO JOSÉ DO RIO PRETO,Cinemais São José Do Rio Preto,ChIJG4sqiJiyvZQRKZuasivPpX8,"AV. JOSÉ MUNIA, 4775 - NOVA REDENTORA, SÃO JOSÉ DO RIO PRETO - SP, 15085-350",São José do Rio Preto,,SP,BR,15085-350,-20.82778,-49.38641,Movie theater,,,bigquery,
PICO DO VALE,Pico Do Vale,ChIJG5w6HsStzZQRW2t5f4jg0cc,CAÇAPAVA - STATE OF SÃO PAULO,Caçapava,,SP,BR,,-23.2154843,-45.6964617,Movie theater,,,bigquery,
ORIENT CINEMAS,Orient Cinemas,ChIJG6_EFXSCoQcR2b_xidZJGeY,"AV. PADRE CÍCERO, 2555 - TRIÂNGULO, JUAZEIRO DO NORTE - CE, 63041-145",Juazeiro do Norte,,CE,BR,63041-145,-7.2237662,-39.3241685,Movie theater,,,bigquery,
Cinetalks,Cinetalks,ChIJG7kBY-2PxZQRJFQoQscUQ1Q,"R. Benedito de Almeida, 316 - Jardim São Lucas, Salto de Pirapora - SP, 18160-000, Brazil",Salto de Pirapora,,SP,BR,18160000,-23.6218635,-47.571562,"movie_theater,point_of_interest,establishment",,,bigquery,"{""source"": ""supabase_places_cache_migration"", ""types"": [""movie_theater"", ""point_of_interest"", ""establishment""], ""rating"": null, ""refreshed_at"": ""2026-05-25T19:19:10.223+00:00""}"
MOSTRA DE CINEMA DE IBITIPOCA,Mostra De Cinema De Ibitipoca,ChIJG8yHjEhPnwARD_opVo_fQEA,"R. JÚLIO MIRANDA, 05 - CONCEIÇÃO DA IBITIPOCA, LIMA DUARTE - MG, 36140-000",Lima Duarte,,MG,BR,36140-000,-21.7164235,-43.9273182,Artist,,,bigquery,
CINE SHOW PETRÓPOLIS,Cine Show Petrópolis,ChIJG9Orp3sJmQARtVFS7z_YDxk,"R. MAL. DEODORO, 153 - CENTRO, PETRÓPOLIS - RJ, 25620-150",Petrópolis,,RJ,BR,25620-150,-22.512337,-43.177539,Movie theater,,,bigquery,
AUTO FOCUS CINEMA E VÍDEO,Auto Focus Cinema E Vídeo,ChIJGR5hy9FCzpQRrRu6aITT47s,"R. DAS FIGUEIRAS, 2275 - CAMPESTRE, SANTO ANDRÉ - SP, 09080-371",Santo André,,SP,BR,09080-371,-23.6390233,-46.5462164,Mobility,,,bigquery,
CINESERCLA BIG,Cinesercla Big,ChIJGSlQk5KVpgARVMZiepdFshQ,"AV. JOÃO CÉSAR DE OLIVEIRA, 1275 - LOJA 227 - JARDIM ELDORADO, CONTAGEM - MG, 32315-000",Contagem,,MG,BR,32315-000,-19.943703,-44.040479,Movie theater,,,bigquery,
CINECHANCE,Cinechance,ChIJGUsICD9_mQAR_-o5KMW6ieI,"R. RIVADÁVIA CORRÊA, 188 - GAMBOA, RIO DE JANEIRO - RJ, 20220-290",Rio de Janeiro,,RJ,BR,20220-290,-22.8977298,-43.195927,Movie theater,,,bigquery,
SULWEB STREAMING,Sulweb Streaming,ChIJGWlYMwXX_pQR4VDCvhpGtyo,"R. NECO JANUÁRIO - CERRO LARGO, RS, 97900-000",Cerro Largo,,RS,BR,97900-000,-28.1441741,-54.7399044,Movie theater,,,bigquery,
CINEMA DA PRAÇA,Cinema Da Praça,ChIJGWs9TvltnQARRTgtBGczfOw,"R. MAL. DEODORO, 3 - CENTRO HISTÓRICO, PARATY - RJ, 23970-000",Paraty,,RJ,BR,23970-000,-23.2183625,-44.7129537,Movie theater,,,bigquery,
ASSISTA BRASIL,Assista Brasil,ChIJGXiPP8F-mQARZbd-uBRaQdI,"AV. BRASIL, 2482 - BENFICA, RIO DE JANEIRO - RJ, 20930-040",Rio de Janeiro,,RJ,BR,20930-040,-22.8852907,-43.2292029,Movie theater,,,bigquery,
SAMUEL,Samuel,ChIJGXtLL0VxGZURsE7GtodPZPg,"R. ERNESTO DA SILVA ROCHA, 49 - ESTÂNCIA VELHA, CANOAS - RS, 92030-490",Canoas,,RS,BR,92030-490,-29.9250635,-51.1437707,Movie theater,,,bigquery,
CINE TEATRO CIANORTE,Cine Teatro Cianorte,ChIJGZCHDBpa7ZQRfJOib0C_SwE,"AV. MARANHÃO, 62 - ZONA 1, CIANORTE - PR, 87200-000",Cianorte,,PR,BR,87200-000,-23.6595178,-52.6093282,Movie theater,,,bigquery,
CINEMATECA MUNICIPAL NAZUM CHUBACI,Cinemateca Municipal Nazum Chubaci,ChIJGZmk7jCFu5QRQBr-0ymqCNY,"AV. 17 - SÃO SALVADOR, BARRETOS - SP, 14781-564",Barretos,,SP,BR,14781-564,-20.5588646,-48.5672267,Movie theater,,,bigquery,
CINE 6D,Cine 6d,ChIJGZuOqr5nv5QREbO-JptZQBA,"R. MARCONDES SALGADO, 11-39 - CHÁCARA DAS FLORES, BAURU - SP",Bauru,,SP,BR,,-22.3156737,-49.066401,Movie theater,,,bigquery,
NENEAU PRODUCAO CINEMATOGRAFICAS,Neneau Producao Cinematograficas,ChIJGaBTfX7JyJQRc31zPkKm11o,"R. CONCEIÇÃO, 40 - CENTRO, CAMPINAS - SP, 13010-050",Campinas,,SP,BR,13010-050,-22.9054833,-47.0588604,Movie theater,,,bigquery,
CINE TEATRO MUNICIPAL GERALDO ALVES,Cine Teatro Municipal Geraldo Alves,ChIJGbrs-O_RvpQR5Joqb_ZdXKM,"R. RODRIGUES ALVES, 870 - CENTRO, ITÁPOLIS - SP, 14900-000",Itápolis,,SP,BR,14900-000,-21.5972466,-48.8096433,Movie theater,,,bigquery,
COLETIVO DE CINEMA DA CIDADE,Coletivo De Cinema Da Cidade,ChIJGwYk5or5zJQRtDSvLPRTB9U,"R. OTAVIANO DA COSTA VIEIRA, 15 - JARDIM RUSSI, TAUBATÉ - SP, 12010-350",Taubaté,,SP,BR,12010-350,-23.0319708,-45.5565255,Movie theater,,,bigquery,
FESTIVAL DE GUARANÁ,Festival De Guaraná,ChIJGzzFC0qXWgcREooJqbYh8Ow,"RUA TERTULIANO RODRIGUES NETO - CANDIBA, BA, 46380-000",Candiba,,BA,BR,46380-000,-14.4128748,-42.8713055,Movie theater,,,bigquery,
CINEMAS GRUPO CINE,Cinemas Grupo Cine,ChIJH-YKMS7-0ZQRmtg6HuYobYM,"R. SANTO AMARO, 134 - VILA MAIA, GUARUJÁ - SP, 11410-070",Guarujá,,SP,BR,11410-070,-23.994139,-46.2542795,Movie theater,,,bigquery,
UCI Anália Franco,UCI Anália Franco,ChIJH-mz7ylczpQRlpi8UFnjArU,"Av. Reg. Feijó, 1759 - 40 - Vila Reg. Feijó, São Paulo - SP, 03342-000",São Paulo,,SP,BR,03342000,-23.5613322,-46.560302799999995,"movie_theater,point_of_interest,establishment",,,bigquery,"{""source"":""google_places_augment"",""types"":[""movie_theater"",""point_of_interest"",""establishment""],""rating"":null}"
CINEMAS PREMIER,Cinemas Premier,ChIJH1r6jlK1SpMR1m-0n8pX5Po,"R. DAS TURBINAS, 1562 - BARREIRINHAS, BARREIRAS - BA, 47811-003",Barreiras,,BA,BR,47811-003,-12.1268721,-45.0014652,Movie theater,,,bigquery,
VFX STUDIOS,Vfx Studios,ChIJH2Ywu99DGZUR78devOL315o,"R. PEDRO CARNEIRO PEREIRA - CANUDOS, NOVO HAMBURGO - RS, 93546-610",Novo Hamburgo,,RS,BR,93546-610,-29.7079062,-51.1034654,Movie theater,,,bigquery,
CINEMA FUNDAÇÃO ASSISENSE DE CULTURA,Cinema Fundação Assisense De Cultura,ChIJH46AVps5lZQRI3ynNA9i2rs,"CINEMA FAC - R. BRASIL, 15 - CENTRO, ASSIS - SP, 19800-100",Assis,,SP,BR,19800-100,-22.6626987,-50.4204559,Movie theater,,,bigquery,
CINE 9 DE ABRIL,Cine 9 De Abril,ChIJH4MzpaGingARX142DIOO78s,"RUA 14, 235 - VILA SANTA CECÍLIA, VOLTA REDONDA - RJ, 27276-300",Volta Redonda,,RJ,BR,27276-300,-22.5178586,-44.1064532,Movie theater,,,bigquery,
STAGE 25,Stage 25,ChIJH4R4-bD_zpQRU1tRvEy0Dqo,"AV. PIRARUCU, 529 - JARDIM SANTA CECILIA, BARUERI - SP, 02675-031",Barueri,,SP,BR,02675-031,-23.5168175,-46.8211304,Movie theater,,,bigquery,
VISTA PARA O SOL,Vista Para O Sol,ChIJH5AnMsVhrpQRKjHuOHwshBs,"UNNAMED ROAD, PATOS DE MINAS - MG",Patos de Minas,,MG,BR,,-18.623255,-46.44842,Movie theater,,,bigquery,
STAGE 22,Stage 22,ChIJH7oZ0C3_zpQRbiX6ppgPuY8,"AV. PIRARUCU, 529 - JARDIM SANTA CECILIA, BARUERI - SP, 02675-031",Barueri,,SP,BR,02675-031,-23.5154184,-46.820889,Movie theater,,,bigquery,
VIATV COMUNICAÇÃO E CULTURA,Viatv Comunicação E Cultura,ChIJH9M0tPZbzpQRllNU8ESj95o,"PRAÇA ARY DA ROCHA - IPIRANGA, SÃO PAULO - SP, 04214-030",São Paulo,,SP,BR,04214-030,-23.5868996,-46.5979223,Movie theater,,,bigquery,
CASA DA CICI,Casa Da Cici,ChIJHQOd9ERvGZUR62oQ-AA1180,"R. DAVID CANABARRO, 81 - LIBERDADE, ESTEIO - RS, 93265-530",Esteio,,RS,BR,93265-530,-29.855415,-51.165965,Movie theater,,,bigquery,
CINEMA FRANCISCO LUCENA,Cinema Francisco Lucena,ChIJHR-bIU3QuwcRF26qFPIywvY,"RUA HERBAS CAVALCANTE PINHEIRO, 50 - LIMOEIRO, LIMOEIRO DO NORTE - CE, 62930-000",Limoeiro do Norte,,CE,BR,62930-000,-5.1614384,-38.106636,Movie theater,,,bigquery,
INDICAÇÃO DE FILME,Indicação De Filme,ChIJHTWmNW99pgARFKG1k2s6hSw,"RUA VITUAL VIRTUAL, LAGOA SANTA - MG, 33400-000",Lagoa Santa,,MG,BR,33400-000,-19.6302648,-43.898367,Movie theater,,,bigquery,
NAAH,Naah,ChIJHYaIpGD2uJQR06o72nzEqMM,"R. SANTA LÚCIA, 151 - JARDIM VISTA ALEGRE, AMÉRICO BRASILIENSE - SP, 14820-000",Américo Brasiliense,,SP,BR,14820-000,-21.7292517,-48.1151257,Movie theater,,,bigquery,
INGRESSO AQUII,Ingresso Aquii,ChIJHZ1BRDodzpQRf6CfB2zoDqM,"AV. AYRTON SENNA DA SILVA, 1511 - XIXOVA, PRAIA GRANDE - SP, 11726-000",Praia Grande,,SP,BR,11726-000,-23.9964601,-46.406772,Movie theater,,,bigquery,
SILVIO MARCENARIA,Silvio Marcenaria,ChIJHZ3sZ7kfwZQRfy6-wDQ_qJM,"R. DEZENOVE DE MARÇO, N 731 - CENTRO, ARANDU - SP, 18710-000",Arandu,,SP,BR,18710-000,-23.1356516,-49.0567285,Movie theater,,,bigquery,
BECO DO CINEMA,Beco Do Cinema,ChIJH_gHmFWVpgAROTXMVo3ZTNM,"TV. C-2 - ELDORADO, CONTAGEM - MG, 32310-370",Contagem,,MG,BR,32310-370,-19.9397025,-44.0313249,Museum,,,bigquery,
CINEMA PANORÂMICO VOTORANTIM,Cinema Panorâmico Votorantim,ChIJH_yB5i6LxZQR-nUabcYxd58,"RODOVIA RAPOSO TAVARES KM 99 - VILA ARTURA, SOROCABA - SP, 18023-000",Votorantim,,SP,BR,18023-000,-23.5284434,-47.4521321,Movie theater,,,bigquery,
GRUPO CINE CONCORDIA - SC,Grupo Cine Concordia - Sc,ChIJHazS_WN_45QRsZTCt3Iv7ac,"R. INDEPENDÊNCIA, 91 - 4º ANDAR - CENTRO, CONCÓRDIA - SC, 89700-000",Concórdia,,SC,BR,89700-000,-27.2284876,-52.0190304,Movie theater,,,bigquery,
LIVED CORPORATION,Lived Corporation,ChIJHc0BRIiVpgARgx1up-z2qbg,"R. RIO MADEIRA, 178 - RIACHO DAS PEDRAS, CONTAGEM - MG, 32280-140",Contagem,,MG,BR,32280-140,-19.9506418,-44.0472499,Movie theater,,,bigquery,
UNIPLEX CINEMAS (LINS),Uniplex Cinemas (Lins),ChIJHcdOwrQVvpQRqg-BHfoQZ0Q,"RUA OLAVO BILAC, 62 - CENTRO, LINS - SP, 16400-075",Lins,,SP,BR,16400-075,-21.670683,-49.7492098,Movie theater,,,bigquery,
IRACEMA,Iracema,ChIJHcyXfyUeHJURm4eZOnWuv1o,"R. SANTO LEONARDELLI, 74-106 - IMIGRANTE, FARROUPILHA - RS, 95180-000",Farroupilha,,RS,BR,95180-000,-29.2308231,-51.3549592,Movie theater,,,bigquery,
CINEMA MENINOS DE ARAÇUAÍ,Cinema Meninos De Araçuaí,ChIJHdNm4i8YTQcRR0mXblu0jrQ,"PRAÇA WALDOMIRO SILVA - Nº 54 - CENTRO VELHO, ARAÇUAÍ - MG, 39600-000",Araçuaí,,MG,BR,39600-000,-16.855392,-42.0683414,Movie theater,,,bigquery,
CINE FLEXX,Cine Flexx,ChIJHedznxAX6JQRa9AnHM_v0U8,"R. CEL. JOSÉ MIRÓ DE FREITAS, 477 - BOA VISTA, PONTA GROSSA - PR, 84070-440",Ponta Grossa,,PR,BR,84070-440,-25.0781367,-50.1861694,Movie theater,,,bigquery,
NOTÁBILE FILMES,Notábile Filmes,ChIJHeyQLBRazpQRmluYb6ksF8w,"ALAMEDA DOS GUARAMOMIS, 115 - PLANALTO PAULISTA, SÃO PAULO - SP, 04076-010",São Paulo,,SP,BR,04076-010,-23.6076271,-46.6537376,Movie theater,,,bigquery,
TÔCLICKANDO - STUDIO PHOTO VIDEO E TV,Tôclickando - Studio Photo Video E Tv,ChIJHy4028--uZQRz3QOex_unoU,"AV. ITATIAIA, 608 - JARDIM SUMARE, RIBEIRÃO PRETO - SP, 14025-240",Ribeirão Preto,,SP,BR,14025-240,-21.1911504,-47.8157713,Movie theater,,,bigquery,
PIPOCA CINEMARK,Pipoca Cinemark,ChIJHyfHxZBYzpQRvFrBH65plcw,TV. CASALBUONO  120 - VILA GUILHERME  SÃO PAULO - SP  02049-000  BRASIL,São Paulo,,SP,BR,02049-000,-23.5155115,-46.6181494,"store,point_of_interest,establishment",,,bigquery,
CINEMA NO RIO,Cinema No Rio,ChIJHzz4ICCapgAR8Cu921hnFsc,"RUA GENNARO MASCI, 116 - FLORESTA, BELO HORIZONTE - MG, 31015-141",Belo Horizonte,,MG,BR,31015-141,-19.9136012,-43.9244857,Movie theater,,,bigquery,
CINE BANCÁRIOS,Cine Bancários,ChIJI0fVjw95GZURF9Nkw2Nnd1k,"R. GEN. CÂMARA, 424 - CENTRO HISTÓRICO, PORTO ALEGRE - RS, 90010-230",Porto Alegre,,RS,BR,90010-230,-30.0310941,-51.2299431,Movie theater,,,bigquery,
ANTIGO CINE PLAZA,Antigo Cine Plaza,ChIJI2DH9dGdwpQRjycSpJ67aOw,"PR. MANOEL RIBAS, 19 - CENTRO, CASTRO - PR, 84165-510",Castro,,PR,BR,84165-510,-24.7893897,-50.0062737,Movie theater,,,bigquery,
CINE ANA,Cine Ana,ChIJI2sWIaFDOAcRoUVLEvYEAMQ,"R. CALÇADÃO DAGMAR PINTO, 16 - CENTRO, IBICARAÍ - BA, 45745-000",Ibicaraí,,BA,BR,45745-000,-14.8664616,-39.5901103,Movie theater,,,bigquery,
SHOPPING,Shopping,ChIJI4-hbnDlzpQRrLc3S0bs8O4,"COMPANHIA FAZENDA BELEM, FRANCO DA ROCHA - STATE OF SÃO PAULO",Franco da Rocha,,SP,BR,,-23.3233727,-46.7294577,Movie theater,,,bigquery,
ESPAÇO CINEMAX,Espaço Cinemax,ChIJI4yY5LuhpQARV1XHtf7xI1M,"R. TIRADENTES, 95 - CENTRO, ITABIRA - MG, 35900-000",Itabira,,MG,BR,35900-000,-19.6214605,-43.2273107,Movie theater,,,bigquery,
CINE RENATO ARAGÃO,Cine Renato Aragão,ChIJI7VIlMnG6gcROmfPtGrpKbc,"AV. JOHN SANFORD, 1800 - JUNCO, SOBRAL - CE, 62030-000",Sobral,,CE,BR,62030-000,-3.6744147,-40.3681159,Movie theater,,,bigquery,
SALA REDENÇÃO,Sala Redenção,ChIJI7X9Oqp5GZURyRrm0BbiBSU,"AV. PAULO GAMA, 110 - FARROUPILHA, PORTO ALEGRE - RS, 90040-060",Porto Alegre,,RS,BR,90040-060,-30.0337357,-51.2194647,Movie theater,,,bigquery,
HIPER POP,Hiper Pop,ChIJI8JniNQnz5QRrYcI0b7zjho,"AV. ANTONIO FREDERICO OZANAM, 2311 - PTE. SAO JOAO, JUNDIAÍ - SP, 13218-080",Jundiaí,,SP,BR,13218-080,-23.1928058,-46.8705974,Movie theater,,,bigquery,
PRO MOVIE MIDIA EM CINEMA,Pro Movie Midia Em Cinema,ChIJI9zh_at5GZURV5ynQrUnZXo,"RUA TOMAZ FLORES, 95 - INDEPENDÊNCIA, PORTO ALEGRE - RS, 90035-201",Porto Alegre,,RS,BR,90035-201,-30.0302079,-51.2162557,Movie theater,,,bigquery,
FRIBUGO,Fribugo,ChIJIQ1OjnLjlwARQ1_0sm12Abs,"R. JÚLIO SILVEIRA DO AMARAL, 1072 - PARADA SANTO EXPEDITO, CORDEIRO - RJ, 28540-000",Cordeiro,,RJ,BR,28540-000,-22.0330874,-42.3743841,Movie theater,,,bigquery,
CINE TEATRO SÃO JOÃO.,Cine Teatro São João.,ChIJIQtNPgOOvgARuL_v-0-1Wmw,"R. DR. ROBERTO SILVEIRA - CENTRO, SÃO JOÃO DA BARRA - RJ",São João da Barra,,RJ,BR,,-21.6351537,-41.0481638,Movie theater,,,bigquery,
LEONARDO BRANT,Leonardo Brant,ChIJIUjzYyhazpQR6HGMUyCxK8U,"R. PROF. FRONTINO GUIMARÃES, 302 - VILA MARIANA, SÃO PAULO - SP, 04017-050",São Paulo,,SP,BR,04017-050,-23.5905873,-46.6407618,Movie theater,,,bigquery,
CASA DA CULTURA DE IGARAPAVA,Casa Da Cultura De Igarapava,ChIJIUkCml-NupQRPS77MSSYYfQ,"R. PADRE ZEFERINO, 000 - JARDIM SANTA MARIA, IGARAPAVA - SP, 14540-000",Igarapava,,SP,BR,14540-000,-20.0360278,-47.7446929,Movie theater,,,bigquery,
CINE MARROCOS,Cine Marrocos,ChIJIWYqnbBVpQARFxn5P1uRUPI,"R. DR. QUERUBINO, 86 - CENTRO, CEL. FABRICIANO - MG, 35170-001",Coronel Fabriciano,,MG,BR,35170-001,-19.5270056,-42.6244145,Movie theater,,,bigquery,
CINE VOGUE,Cine Vogue,ChIJIWYzYmVRzJQRAyH-VJm2M0Q,"R. CEL. JOSÉ GUIMARÃES, 160 - VILA RESENDE, CAÇAPAVA - SP, 12282-330",Caçapava,,SP,BR,12282-330,-23.1000649,-45.7031478,Movie theater,,,bigquery,
CINE MONTE ALTO,Cine Monte Alto,ChIJIXEcxyFEuZQRBtBcjNCMXp8,"R. GUSTAVO DE GODOY - VILA MUN., MONTE ALTO - SP, 15910-000",Monte Alto,,SP,BR,15910-000,-21.2594647,-48.4991331,Movie theater,,,bigquery,
TEATRO CARLOS ZARA,Teatro Carlos Zara,ChIJIXJRZdZVzpQRBWwVU_IoyVw,"AV. ENG. HEITOR ANTÔNIO EIRAS GARCIA, 1871 - JARDIM ESMERALDA, SÃO PAULO - SP",São Paulo,,SP,BR,,-23.5826039,-46.7496891,Movie theater,,,bigquery,
DOC CABELO,Doc Cabelo,ChIJIYb0TdA1vwcRYTPe5mgdagk,"REDENÇÃO, STATE OF CEARÁ, 62790-000",Redenção,,CE,BR,62790-000,-4.2238989,-38.7301951,Movie theater,,,bigquery,
PUC - AUDITORIO PAULO VI,Puc - Auditorio Paulo Vi,ChIJIZN2Hx5YzpQR6Ipp2j59ZT4,"PERDIZES, SÃO PAULO - STATE OF SÃO PAULO",São Paulo,,SP,BR,,-23.5377316,-46.6713363,Movie theater,,,bigquery,
SRA E SR SOLANO,Sra E Sr Solano,ChIJIZe_QMyDGZUR6SZ3clq2KQw,"R. CEL. APARÍCIO BORGES - GLÓRIA, PORTO ALEGRE - RS, 90680-570",Porto Alegre,,RS,BR,90680-570,-30.0729179,-51.1980555,Movie theater,,,bigquery,
CINE ATLAS E ÁUREA + LOCADORA ATENAS,Cine Atlas E Áurea + Locadora Atenas,ChIJI_bTjAl5GZUR2EpmCmEklus,"AV. JÚLIO DE CASTILHOS, 84 - CENTRO HISTÓRICO, PORTO ALEGRE - RS, 90030-130",Porto Alegre,,RS,BR,90030-130,-30.0262885,-51.2259514,Movie theater,,,bigquery,
ANTIGO CINE ENGENHO GRANDE,Antigo Cine Engenho Grande,ChIJIaainMV7yJQRd8j_xkWFOiQ,ARARAS - STATE OF SÃO PAULO,Araras,,SP,BR,,-22.4234191,-47.3581705,Movie theater,,,bigquery,
CENTRAL CINEMATOGRÁFICA,Central Cinematográfica,ChIJIb3XERpYzpQR6KFmqIxvC7U,"AV. PACAEMBU, 1702 - PACAEMBU, SÃO PAULO - SP, 01233-001",São Paulo,,SP,BR,01233-001,-23.5408355,-46.6648487,Movie theater,,,bigquery,
RADAR CINEMA E TELEVISÃO LIMITADA - FILIAL,Radar Cinema E Televisão Limitada - Filial,ChIJIbRfQIyqz5QR2cEjWK5mGzk,"R. PAULO AFONSO, 45 - JARDIM SAO VICENTE, COTIA - SP, 06700-000",Cotia,,SP,BR,06700-000,-23.6026344,-46.8578085,Movie theater,,,bigquery,
CINE 3 RIOS,Cine 3 Rios,ChIJIbXK6372mAARYEz6Q2NtwlY,"PRAÇA SÃO SEBASTIÃO, 330 - LOJA 32 - TRÊS RIOS, RJ, 25804-080",Três Rios,,RJ,BR,25804-080,-22.1163374,-43.2100227,Movie theater,,,bigquery,
SRS GROUP,Srs Group,ChIJIxDDwwhazpQRhq-fMeQWuLA,"AVENIDA IBIRAPUERA Nº 2907 SALAS: 412 E 413 - MOEMA, SÃO PAULO - SP, 04029-200",São Paulo,,SP,BR,04029-200,-23.6084885,-46.6664881,Movie theater,,,bigquery,
MIS CINE SANTA TEREZA,Mis Cine Santa Tereza,ChIJIylWmyeapgARNJxdLJOefgQ,"R. ESTRELA DO SUL, 89 - SANTA TEREZA, BELO HORIZONTE - MG, 31010-240",Belo Horizonte,,MG,BR,31010-240,-19.9162644,-43.9169943,Movie theater,,,bigquery,
TIPO COLÔMBIA,Tipo Colômbia,ChIJJ1MWtSl0GZURAedFfBeWW4E,"R. DO BOSQUE - SANTA ROSA DE LIMA, PORTO ALEGRE - RS, 91170-240",Porto Alegre,,RS,BR,91170-240,-29.9870159,-51.0944183,Movie theater,,,bigquery,
PA STUDIO,Pa Studio,ChIJJ2jQ0USRmQARH_OEg-XECKs,"ALCANTARA, SÃO GONÇALO - STATE OF RIO DE JANEIRO, 24710-405",São Gonçalo,,RJ,BR,24710-405,-22.8212837,-43.0014527,Movie theater,,,bigquery,
FILM COMPANY ARACATUBA,Film Company Aracatuba,ChIJJ3qssrPQv5QRWGe0yp3yH5k,"AV. DAS ESMERALDAS, 701 - JARDIM MARIA IZABEL, MARÍLIA - SP, 17516-000",Marília,,SP,BR,17516-000,-22.2237633,-49.9332382,Movie theater,,,bigquery,
Planet Video: seu cinema em casa,Planet Video: seu cinema em casa,ChIJJ58cFYWGmQARlkX4OFtqaUM,"R. Dep. José Luís Erthal, 387 - Piratininga, Niterói - RJ, 24350-050, Brazil",Niterói,,RJ,BR,24350050,-22.9320431,-43.0693236,"point_of_interest,store,establishment",,,bigquery,"{""source"": ""supabase_places_cache_migration"", ""types"": [""point_of_interest"", ""store"", ""establishment""], ""rating"": null, ""refreshed_at"": ""2026-05-25T19:28:28.047+00:00""}"
SINDICATO DOS TRABALHADORES NA INDÚSTRIA CINEMATOGRÁFICA,Sindicato Dos Trabalhadores Na Indústria Cinematográfica,ChIJJ5gbLr92GZURrC-MqOLj5Mc,AV. ASSIS BRASIL  8787 - PASSO D'AREIA  PORTO ALEGRE - RS  91010-000  BRAZIL,Porto Alegre,,RS,BR,91010-000,-29.9772759,-51.1147463,"point_of_interest,establishment",,,bigquery,
Cine Ritz Conceição,Cine Ritz Conceição,ChIJJ6LdzuYltgARQkBlYxbBFQQ,"4 - Center Norte Conceição - R. Gov. Florentino Ávidos, 80 - Nossa Sra. da Conceição, Linhares - ES, 29900-490, Brazil",Linhares,,ES,BR,29900490,-19.3867536,-40.0687855,"movie_theater,point_of_interest,establishment",,,bigquery,"{""source"": ""supabase_places_cache_migration"", ""types"": [""movie_theater"", ""point_of_interest"", ""establishment""], ""rating"": null, ""refreshed_at"": ""2026-05-25T19:20:20.486+00:00""}"
PARONETO.MOV,Paroneto.mov,ChIJJQ5y8IDbupQRdRLDV8RPkQQ,"AV. FILOMENA CARTAFINA, 6001 - RECREIO DOS BANDEIRANTES, UBERABA - MG, 38040-450",Uberaba,,MG,BR,38040-450,-19.7918159,-47.9400069,Movie theater,,,bigquery,
ASSOCIAÇÃO DE CINEMA PLANETÁRIO,Associação De Cinema Planetário,ChIJJQTNBEBKzJQRLQdBOetAuyg,"R. DR. MARIO SAMPAIO MARTINS, 300 - JARDIM SAO DIMAS, SÃO JOSÉ DOS CAMPOS - SP, 12245-100",São José dos Campos,,SP,BR,12245-100,-23.1931973,-45.8846929,Movie theater,,,bigquery,
CAMERA2 VIDEO FILMES,Camera2 Video Filmes,ChIJJRXcbdbbmwAR3Ruj1eiefYE,"22775-042, R. CARLOS MACHADO, 164 - JACAREPAGUÁ, RIO DE JANEIRO",Rio de Janeiro,,RJ,BR,22775-042,-22.9751215,-43.3736873,Movie theater,,,bigquery,
DIRECTOR'S CUT,Director's Cut,ChIJJRnRnaNZzpQR7pMp-JnKKp8,"BELA VISTA, SÃO PAULO - STATE OF SÃO PAULO",São Paulo,,SP,BR,,-23.5559689,-46.6421644,Movie theater,,,bigquery,
CINE CENTER SÃO ROQUE.,Cine Center São Roque.,ChIJJXQxraoSz5QRV9ptJUJQ7mo,"SHOPPING CENTER - R. PROF. GERMANO NEGRINI, 150 - 2º PISO - CENTRO, SÃO ROQUE - SP, 18130-450",São Roque,,SP,BR,18130-450,-23.5282069,-47.136057,Movie theater,,,bigquery,
KINGS AND QUEENS,Kings And Queens,ChIJJXY7yNPQ7JQRiAqOrMLFdmE,"AV. SÃO PAULO, 1061 - ZONA 01, MARINGÁ - PR, 87030-025",Maringá,,PR,BR,87030-025,-23.4220149,-51.9328359,Movie theater,,,bigquery,
CINE 6D VARGINHA,Cine 6d Varginha,ChIJJYb2qMyTypQRn3C1n88FGJs,"R. HUMBERTO PIZO - JARDIM PETROPOLIS, VARGINHA - MG, 37026-280",Varginha,,MG,BR,37026-280,-21.5723987,-45.44926,Movie theater,,,bigquery,
PIXEL,Pixel,ChIJJYtIYsxvrpQR3X12ocyF6Ec,"R. TEN. FRANCISCO SEBASTIÃO, 535 - GINASIO, LAGOA FORMOSA - MG, 38720-000",Lagoa Formosa,,MG,BR,38720-000,-18.7788056,-46.4053072,Movie theater,,,bigquery,
CINE VERA CRUZ,Cine Vera Cruz,ChIJJZOYD_YcxpQRkAcGU80g-kU,"PRAÇA CESÁRIO MOTTA, 367 - CENTRO, CAPIVARI - SP, 13360-000",Capivari,,SP,BR,13360-000,-22.9993363,-47.5025511,Movie theater,,,bigquery,
CINEALTA PRODUTORA DE TV E CINEMA LTDA M,Cinealta Produtora De Tv E Cinema Ltda M,ChIJJ_WoF1BazpQRAd_zLDo9HgE,"RUA DR. ISAÍAS SALOMÃO, 136 - VILA DA SAÚDE, SÃO PAULO - SP, 04055-050",São Paulo,,SP,BR,04055-050,-23.6176387,-46.6404894,Movie theater,,,bigquery,
FANSERVICE,Fanservice,ChIJJdH8IsMPFgcRxbBPsWKrKFA,"R. GUILHERME MARBACK - BONFIM, SALVADOR - BA, 40415-160",Salvador,,BA,BR,40415-160,-12.9261894,-38.5059516,Movie theater,,,bigquery,
CINE TEATRO ODETTE,Cine Teatro Odette,ChIJJe1h80kwpJQR1dyIxgCLZZI,"AV. NICOLAU DORÁZIO, 359 - INDUSTRIAL, ARAGUARI - MG, 38440-000",Araguari,,MG,BR,38440-000,-18.6522529,-48.2043412,Movie theater,,,bigquery,
RAVID LOCAÇÕES DE OBJETOS CINEMATOGRÁFICOS,Ravid Locações De Objetos Cinematográficos,ChIJK4GHrRD5zpQRcTNjce_pI0M,"R. DR. PAULO RIBEIRO COELHO, 466 - JARDIM ESTER YOLANDA, SÃO PAULO - SP, 05374-000",São Paulo,,SP,BR,05374-000,-23.579567,-46.7612773,Movie theater,,,bigquery,
ANTIGO CINE RODEIO,Antigo Cine Rodeio,ChIJK5oLfxWpBZURsm-mgJzddCU,"CERRO DO MARTINS, CAÇAPAVA DO SUL - STATE OF RIO GRANDE DO SUL, 96570-000",Caçapava do Sul,,RS,BR,96570-000,-30.9026863,-53.4306142,Movie theater,,,bigquery,
CINEMA CRATEÚS,Cinema Crateús,ChIJK8NiBUn1lgcRCyaKrQLf6xo,"R. DR. JÚLIO LIMA, 1800 - NOVA TERRA, CRATEÚS - CE, 63700-000",Crateús,,CE,BR,63700-000,-5.1875229,-40.6728841,Movie theater,,,bigquery,
CINE PLAZA PORTO,Cine Plaza Porto,ChIJK8ZU9KiWNgcRSZDTif6AhOU,"AV. 22 DE ABRIL, 101 - CENTRO, PORTO SEGURO - BA, 45810-000",PORTO SEGURO,,BA,BR,45810-000,-16.4421896,-39.0619802,Movie theater,,,bigquery,
CASCA DA GOSMA,Casca Da Gosma,ChIJK9EUP09pFgcRx6H_ei_mgIM,"AV. CONCÊNTRICA, 631 - JARDIM BRASILIA, CAMAÇARI - BA, 42806-040",Camaçari,,BA,BR,42806-040,-12.6985552,-38.3332126,Movie theater,,,bigquery,
MEMES,Memes,ChIJK9xAr7WTyJQRoP4NgRS9j48,"GABRIELANTONIOALMEIDASILVA@GMAIL.COM ROSAMÉLIA - DAMIANO, COSMÓPOLIS - SP, 13152-184",Cosmópolis,,SP,BR,13152-184,-22.6400947,-47.1933457,Movie theater,,,bigquery,
JCINE HOME,Jcine Home,ChIJKQVeUHxNxwcRaBAyrgHG7AQ,"R. TURQUESA - SIQUEIRA, FORTALEZA - CE, 60732-485",Fortaleza,,CE,BR,60732-485,-3.8111807,-38.6252778,Movie theater,,,bigquery,
MOVIECOM IPATINGA,Moviecom Ipatinga,ChIJKVIJpFxVpQARODYV2ty6EXs,"AV. PEDRO LINHARES GOMES, 3900 - INDUSTRIAL, IPATINGA - MG, 35160-291",Ipatinga,,MG,BR,35160-291,-19.4962258,-42.5668716,Movie theater,,,bigquery,
ARCOÍRIS ARCOPLEX PÁTIO LIMEIRA,Arcoíris Arcoplex Pátio Limeira,ChIJKVfgRPaAyJQRkBxNK6W_pbA,"R. CARLOS GOMES, 1321 - 2º ANDAR - CENTRO, LIMEIRA - SP, 13480-013",Limeira,,SP,BR,13480-013,-22.5703577,-47.4080299,Movie theater,,,bigquery,
CASA DA ARACÉLI,Casa Da Aracéli,ChIJKW5qCja35JQRxWXtM3jrTU0,"CENTRO, CHAPECÓ - STATE OF SANTA CATARINA, 89805-001",Chapecó,,SC,BR,89805-001,-27.1009343,-52.615699,Movie theater,,,bigquery,
JF CAPTAÇÃO DE IMAGENS,Jf Captação De Imagens,ChIJKWLqchC_uZQRSddzEu4Mi3k,"R. CMTE. MARCONDES SALGADO, 1538 - JARDIM SUMARE, RIBEIRÃO PRETO - SP, 14025-160",Ribeirão Preto,,SP,BR,14025-160,-21.1857174,-47.8131974,Movie theater,,,bigquery,
THALES EDITOR DE VIDEOS,Thales Editor De Videos,ChIJKWiKemlPzpQRIG5bcNY6f14,"PETTIT DA SILVA - R. LÚCIO PETIT DA SILVA, 8B - JARDIM GUANHEMBU, SÃO PAULO - SP, 04814-490",São Paulo,,SP,BR,04814-490,-23.7344363,-46.6847075,Movie theater,,,bigquery,
YALODEAUDIOVISUALCOMCONTEUDO,Yalodeaudiovisualcomconteudo,ChIJKXG8lyvDpgARF7q3hD51xPo,"R. TOCANTINS - BRASILÉIA, BETIM - MG, 32600-426",Betim,,MG,BR,32600-426,-19.9727338,-44.2064868,Movie theater,,,bigquery,
BRAGANÇA PAULISTA,Bragança Paulista,ChIJKXavzXeBzpQR-HIWZkUBdCk,"ESTÂNCIA OLIVEIRA, SANTA ISABEL - STATE OF SÃO PAULO, 07500-000",Santa Isabel,,SP,BR,07500-000,-23.3158729,-46.2252848,Movie theater,,,bigquery,
COGELO DO MARIO,Cogelo Do Mario,ChIJKY0LT0eZGZURlFB0jdnLnRM,"R. ARAUCÁRIA, 285 - SÍTIO SÃO JOSÉ, VIAMÃO - RS, 94430",Viamão,,RS,BR,,-30.092015,-51.015598,Movie theater,,,bigquery,
CINEMARK,Cinemark,ChIJKYZWxWGNypQRO_Vu_g4-MN4,"R. HUMBERTO PIZO, 999 - 1º ANDAR - JARDIM PETROPOLIS, VARGINHA - MG, 37026-280",Varginha,,MG,BR,37026-280,-21.5709445,-45.4498443,Movie theater,,,bigquery,
LEITE DE PEDRA EDIT POST,Leite De Pedra Edit Post,ChIJKc8XNUTPyJQRY9pGV7yKFgE,"R. QUATORZE DE DEZEMBRO, 322 - CAMBUÍ, CAMPINAS - SP, 13015-130",Campinas,,SP,BR,13015-130,-22.8988979,-47.0580657,Movie theater,,,bigquery,
CINE LÓSSIO,Cine Lóssio,ChIJKc_LWeMHoQcRW0euxS35xYM,"R. PADRE JOÃO BANDEIRA - JOÃO PEREIRA DE SOUSA, JARDIM - CE, 63290-000",Jardim,,CE,BR,63290-000,-7.5841145,-39.2768164,Movie theater,,,bigquery,
SALA VIP MULTIPLEX RIO PRETO SHOPPING,Sala Vip Multiplex Rio Preto Shopping,ChIJKciADI-yvZQR5Hi2zS4aA0U,"AV. BRG. FARIA LIMA, 6363 - JARDIM MORUMBI, SÃO JOSÉ DO RIO PRETO - SP, 15090-500",São José do Rio Preto,,SP,BR,15090-500,-20.8350923,-49.3986588,Movie theater,,,bigquery,
CINEART SHOPPING MONTE CARMO,Cineart Shopping Monte Carmo,ChIJKeGiqLjDpgARVRjJ1Z2UQ-E,"SHOPPING MONTE CARMO AVENIDA MARCO TÚLIO ISAAC, 1119 - LOJA LZ 2002 - JARDIM DA CIDADE, BETIM - MG, 32604-345",Betim,,MG,BR,32604-345,-19.958409,-44.1912372,Movie theater,,,bigquery,
METANOIA PRO CENTER - CER (CENTRO DE ESPORTES RADICAIS),Metanoia Pro Center - Cer (Centro De Esportes Radicais),ChIJKeMLAIrdwAcRVbvhHn6I8CU,"R. METANOIA, 777 - TAIBA, SÃO GONÇALO DO AMARANTE - CE, 62670-000",São Gonçalo do Amarante,,CE,BR,62670-000,-3.5057698,-38.9101737,Movie theater,,,bigquery,
CINE SÃO JOSÉ,Cine São José,ChIJKwEj6OZFvpQR0MznQUTF7ac,"PRACA BERALDO ARRUDA, 83 - CENTRO, CAFELÂNDIA - SP, 16500-000",Cafelândia,,SP,BR,16500-000,-21.807905,-49.603059,Movie theater,,,bigquery,
MOSTRA DE CINEMA DE TIRADENTES,Mostra De Cinema De Tiradentes,ChIJKwMpgLeZpgARJoASXAsW0iE,"R. PIRAPETINGA, 567 - SERRA, BELO HORIZONTE - MG, 30220-150",Belo Horizonte,,MG,BR,30220-150,-19.9440642,-43.9219693,Movie theater,,,bigquery,
ARQUIVO EM CARTAZ,Arquivo Em Cartaz,ChIJKwMpgLeZpgAR_vuLywxQrM0,"R. PIRAPETINGA, 567 - SERRA, BELO HORIZONTE - MG, 30220-150",Belo Horizonte,,MG,BR,30220-150,-19.9440642,-43.9219693,Movie theater,,,bigquery,
CINEASTON CINEMAS,Cineaston Cinemas,ChIJKwgadIeWkpQRhSdd6UKKEOM,"SHOPPING CIDADE - R. GETÚLIO VARGAS, 909 - CENTRO, PARANAVAÍ - PR, 87702-000",Paranavaí,,PR,BR,87702-000,-23.0814529,-52.4645759,Movie theater,,,bigquery,
VÍDEO HOUSE COMODORO,Vídeo House Comodoro,ChIJKyCFFPq-uZQRdPNBpaIcyqc,"R. ÁLVARES CABRAL, 775 - CENTRO, RIBEIRÃO PRETO - SP, 14010-080",Ribeirão Preto,,SP,BR,14010-080,-21.1774157,-47.8120889,Movie theater,,,bigquery,
DIA DE CINEMA NA ESCOLA - (EXTERNATO SANTO ANTÔNIO),Dia De Cinema Na Escola - (Externato Santo Antônio),ChIJKyl9BACRmQARCE6nq1_OCkY,"R. Capivari, 93 - Trindade, São Gonçalo - RJ, 24456-450, Brazil",São Gonçalo,,RJ,BR,24456450,-22.807735,-43.0148086,"movie_theater,point_of_interest,establishment",,,bigquery,"{""source"": ""supabase_places_cache_migration"", ""types"": [""movie_theater"", ""point_of_interest"", ""establishment""], ""rating"": null, ""refreshed_at"": ""2026-05-25T19:20:08.661+00:00""}"
CINE NAZARÉ,Cine Nazaré,ChIJKzH1fmWZpgARWcugNPuNBHs,"RUA DOS GUAJAJARAS, 41 - CENTRO, BELO HORIZONTE - MG, 30180-000",Belo Horizonte,,MG,BR,30180-000,-19.9268189,-43.9345379,Movie theater,,,bigquery,
CINECLUBE TORRES,Cineclube Torres,ChIJL09vzaVpIpURJWuzQ2D0Bqs,"R. JÚLIO DE CASTILHOS, 702 - CENTRO, TORRES - RS, 95560-000",Torres,,RS,BR,95560-000,-29.3418964,-49.7295779,Movie theater,,,bigquery,
BARRAGEM DO TAQUAREMBÓ,Barragem Do Taquarembó,ChIJL2Fa06DEBpURJou9ITu34YQ,"DOM PEDRITO, STATE OF RIO GRANDE DO SUL, 96450-000",Lavras do Sul,,RS,BR,96450-000,-30.7933331,-54.5929993,Movie theater,,,bigquery,
HB FILMES,Hb Filmes,ChIJL2X3JIlXzpQR4_jUPUs54Fk,"R. CAP. FRANCISCO PADILHA, 69 - JARDIM EUROPA, SÃO PAULO - SP, 01448-070",São Paulo,,SP,BR,01448-070,-23.580014,-46.6806648,Movie theater,,,bigquery,
MINICINE,Minicine,ChIJL2aUTToiEQcREWF3bP8knX0,"RUA IDALEAS DANTAS, 14,APORÁ - BA, 48350-000 - CENTRO, APORÁ - BA, 48350-000",Aporá,,BA,BR,48350-000,-11.661222,-38.077066,Movie theater,,,bigquery,
TW FOTOGRAFIA,Tw Fotografia,ChIJL3zfGfluGZURbo1X-yKoSf8,"R. DOS SINOS, 386 - BOA VISTA, SAPUCAIA DO SUL - RS, 93228-030",Sapucaia do Sul,,RS,BR,93228-030,-29.8458573,-51.1263087,Movie theater,,,bigquery,
BRIGHT MOVIE,Bright Movie,ChIJL4v1KNB5t5QRfGLmemYCjZU,"PEDRO ACÁCIO BARRUFFINI FILHO, CAJURU - SP, 14240-000",Cajuru,,SP,BR,14240-000,-21.2719672,-47.2970622,Movie theater,,,bigquery,
ARTE NO CINEMA,Arte No Cinema,ChIJL4wbnTFazpQR00wCA_q2jZU,"R. TEN. GOMES RIBEIRO, 197 - VILA CLEMENTINO, SÃO PAULO - SP, 04038-040",São Paulo,,SP,BR,04038-040,-23.599132,-46.6374494,Movie theater,,,bigquery,
CINEPLUS XAXIM,Cineplus Xaxim,ChIJL5C3zgj73JQRNE9emgJFiMo,"SHOPPING & SPORTS - R. FRANCISCO DEROSSO, 3488 - XAXIM, CURITIBA - PR, 81830-285",Curitiba,,PR,BR,81830-285,-25.5187079,-49.2554479,Movie theater,,,bigquery,
STAGE 8,Stage 8,ChIJL5fc-yTjzpQRvintzCiFft0,"H6WF+RM - VILA PERUS, SÃO PAULO - SP",São Paulo,,SP,BR,,-23.4030501,-46.7764746,Movie theater,,,bigquery,
MARCHETE CINEMA E VIDEO,Marchete Cinema E Video,ChIJL6wgS-ALSAcRexl5vrI38Hw,"AV. ROSA RIACHÃO, 72 - VILA RIACHAO, ITAPETINGA - BA, 45700-000",Itapetinga,,BA,BR,45700-000,-15.2433794,-40.2285638,Movie theater,,,bigquery,
EMPRESA CINEMATOGRÁFICA REUNIDA,Empresa Cinematográfica Reunida,ChIJL6y_a0vOzZQRSeJCVsHGkB4,"R. 19 DE SETEMBRO, 187 - ITAOCA, GUARAREMA - SP, 08900-000",Guararema,,SP,BR,08900-000,-23.4115883,-46.0373439,Movie theater,,,bigquery,
CINEART SHOPPING CONTAGEM,Cineart Shopping Contagem,ChIJL83J0gqUpgAR7_9CeAWT14o,"AV. SEVERINO BALLESTEROS, 850 - RESSACA, CONTAGEM - MG, 32110-005",Contagem,,MG,BR,32110-005,-19.8814501,-44.0389266,Movie theater,,,bigquery,
7º FESTIVAL DE CINEMA CARATINGA,7º Festival De Cinema Caratinga,ChIJL9L6WJWQugARkcpiNfLs0JA,"AV. MOACIR DE MATOS, 291/FUNDOS - CENTRO, CARATINGA - MG, 35300-047",Caratinga,,MG,BR,35300-047,-19.7931948,-42.1385428,Movie theater,,,bigquery,
HENRIQUE DRONNEAU ESCOLA DE ATORES E CANTORES,Henrique Dronneau Escola De Atores E Cantores,ChIJL9kP0-bl3JQRhGs66KdNYtA,"SHOPPING NOVO, R. CEL. DULCÍDIO, 517 - BATEL, CURITIBA - PR, 80420-170",Curitiba,,PR,BR,80420-170,-25.43824,-49.2838549,Movie theater,,,bigquery,
CINE BIJOU,Cine Bijou,ChIJLQ-d-EtYzpQRuaLmxi5H4BM,"PRAÇA FRANKLIN ROOSEVELT, 172 - CONSOLAÇÃO, SÃO PAULO - SP, 01303-020",São Paulo,,SP,BR,01303-020,-23.548401,-46.64607,Movie theater,,,bigquery,
FRANCISCO FOTOS FILMAGENS,Francisco Fotos Filmagens,ChIJLQP6I69TzpQRdr_yCUlnlXY,"R. JOÃO BERNARDO VIEIRA, 355 - JARDIM PARIS, SÃO PAULO - SP, 05794-310",São Paulo,,SP,BR,05794-310,-23.6390067,-46.7721653,Movie theater,,,bigquery,
CINECOMPANY DIGITAL CINEMA,Cinecompany Digital Cinema,ChIJLQn6bwVQpJQRMsPj6OX2CDA,,Uberlândia,,MG,BR,,-18.9220717,-48.2635649,Audiovisual equipment rental service,,,bigquery,
CINECLUBE REVOLUCIONÁRIO DO MORRO DA PROVIDÊNCIA,Cineclube Revolucionário Do Morro Da Providência,ChIJLRSSa0B_mQARiXme5nqDPWE,"LADEIRA DO FARIA, 88 - GAMBOA, RIO DE JANEIRO - RJ, 20221-380",Rio de Janeiro,,RJ,BR,20221-380,-22.8995483,-43.1930981,Movie theater,,,bigquery,
CINE ROXY,Cine Roxy,ChIJLRhb8XyXpgARsUJRGIpG5uU,"AV. AUGUSTO DE LIMA, 1213 - CENTRO, BELO HORIZONTE - MG, 30180-003",Belo Horizonte,,MG,BR,30180-003,-19.9222554,-43.9478601,Movie theater,,,bigquery,
CIRCUITO CINEARTE,Circuito Cinearte,ChIJLSVjzsxZzpQR_QsYWcxqMts,"R. ANTÔNIO CARLOS, 288 - CERQUEIRA CÉSAR, SÃO PAULO - SP, 01309-011",São Paulo,,SP,BR,01309-011,-23.556646,-46.6577024,Movie theater,,,bigquery,
ASSOCIAÇÃO CULTURAL EDUCAÇÃO E CINEMA,Associação Cultural Educação E Cinema,ChIJLWR6i5tWzpQRKYuOt8MWDnw,"R. NOSSA SRA. DO PERDÃO, 71 - FERREIRA, SÃO PAULO - SP, 05524-030",São Paulo,,SP,BR,05524-030,-23.598777,-46.7427967,Movie theater,,,bigquery,
CINE RITZ ITAPERUNA,Cine Ritz Itaperuna,ChIJLX4bNSphvAAR-S3Kv78oKhk,"R. Pastor Abelar Suzano de Siqueira, 25 - Lions, Itaperuna - RJ, 28300-000, Brazil",Itaperuna,,RJ,BR,28300000,-21.197575,-41.8980057,"movie_theater,point_of_interest,establishment",,,bigquery,"{""source"": ""supabase_places_cache_migration"", ""types"": [""movie_theater"", ""point_of_interest"", ""establishment""], ""rating"": null, ""refreshed_at"": ""2026-05-25T19:20:15.877+00:00""}"
ESTAÇÃO NET RIO CINEMA,Estação Net Rio Cinema,ChIJL_LDmeZ_mQARvZgTEL3Ke6o,"R. VOLUNTÁRIOS DA PÁTRIA, 35 - BOTAFOGO, RIO DE JANEIRO - RJ, 22270-000",Rio de Janeiro,,RJ,BR,22270-000,-22.9509754,-43.1827735,Movie theater,,,bigquery,
R&N,R&n,ChIJLcT9is4h85QRZOL36DhG82w,"R. FRANCISCO GUERRA, 2-216 - ALTO PIQUIRI, PR, 87580-000",Alto Piquiri,,PR,BR,87580-000,-24.0281042,-53.4404837,Movie theater,,,bigquery,
CINEMA SEVERIANO RIBEIRO,Cinema Severiano Ribeiro,ChIJLe3-RiXxXpMRIiTzjz9yZFw,AV. T-10 Nº 1.300 - ST. BUENO  GOIÂNIA - GO  74223-060  BRASIL,Goiânia,,GO,BR,74223-060,-16.7075576,-49.2729573,"shopping_mall,point_of_interest,establishment",,,bigquery,
ATMOSFERA FILMES,Atmosfera Filmes,ChIJLf4fIHhlmQARMxPjQFTMFKo,"AV. MIGUEL COUTO, 510 - SALA 1 - TREZENTOS, SÃO JOÃO DE MERITI - RJ, 25585-500",São João de Meriti,,RJ,BR,25585-500,-22.7802968,-43.333653,Movie theater,,,bigquery,
CASA DA @NGEL,Casa Da @ngel,ChIJLfwOZ6ejy5QRiIpcybxb12g,"R. ELÍAS REZECK, 11 - MONTE LÍBANO, SANTA RITA DO SAPUCAÍ - MG, 37540-000",Santa Rita do Sapucaí,,MG,BR,37540-000,-22.2634111,-45.6959185,Movie theater,,,bigquery,
CINEMA REGÊNCIA ( CINE RIVER),Cinema Regência ( Cine River),ChIJLwtPeEdjmQARcbkNbK2vZlo,"AV. ERNANI CARDOSO, 52 - CASCADURA, RIO DE JANEIRO - RJ, 21310-310",Rio de Janeiro,,RJ,BR,21310-310,-22.8818727,-43.3304187,Movie theater,,,bigquery,
CAVERSAN,Caversan,ChIJLxiA0rLe4pQRzs9aAUD2KPY,"UNNAMED ROAD 99170-000, SERTÃO - RS",Sertão,,RS,BR,99170-000,-28.0208612,-52.4463855,Movie theater,,,bigquery,
MINI CINEMA,Mini Cinema,ChIJM0e-PG1izpQRpo61adM3hVQ,"R. SANTA RITA DO JACUTINGA, 82 - JARDIM SAO CARLOS (ZONA LESTE), SÃO PAULO - SP, 08062-260",São Paulo,,SP,BR,08062-260,-23.5131753,-46.4757698,Mobility,,,bigquery,
GRUPO CINE AMARGOSA,Grupo Cine Amargosa,ChIJM1DoujHdPwcRI_J7oQAG0NM,"VALLE SHOPPING - 1° ANDAR - AMARGOSA, BA, 45300-000",Amargosa,,BA,BR,45300-000,-13.0243849,-39.6069055,Movie theater,,,bigquery,
CULTURE CENTER,Culture Center,ChIJM1ehExUkGZURkJDCAxHVg9Q,"R. LUÍS VOLKART, 155 - CENTRO, TRÊS COROAS - RS, 95660-000",Três Coroas,,RS,BR,95660-000,-29.514829,-50.78143,Movie theater,,,bigquery,
CINEMA CAFÉ,Cinema Café,ChIJM2I5_-5h5pQR2zLur-YLSwQ,"R. DÁRIO ANTÔNIO BORDIN, 200 - NAVEGANTES, UNIÃO DA VITÓRIA - PR, 84600-000",União da Vitória,,PR,BR,84600-000,-26.2274821,-51.0826686,Movie theater,,,bigquery,
MORRINHO CGH,Morrinho Cgh,ChIJM2OkIXJbzpQRVYrfJq1oUkk,"R. SIMÕES MAGRO, 155 - JABAQUARA, SÃO PAULO - SP, 04342-100",São Paulo,,SP,BR,04342-100,-23.6317928,-46.6492753,Movie theater,,,bigquery,
LAMARA ARTES,Lamara Artes,ChIJM36vMRV3zpQRwFe4Jgzlhg0,"R. DR. FRANCISCO SOARES MARIALVA - JUNDIAPEBA, MOGI DAS CRUZES - SP, 08770-750",Mogi das Cruzes,,SP,BR,08770-750,-23.5543716,-46.2514618,Movie theater,,,bigquery,
CENTOEQUATRO,Centoequatro,ChIJM3eU5fmZpgARAfvaYmVVs08,"PRAÇA RUI BARBOSA, 104 - CENTRO, BELO HORIZONTE - MG, 30160-000",Belo Horizonte,,MG,BR,30160-000,-19.915547,-43.9345535,Movie theater,,,bigquery,
TEATRO MUNICIPAL DE ITATIAIUÇU,Teatro Municipal De Itatiaiuçu,ChIJM4-yRKbVoAARlQ84E4vJ2do,"UNNAMED ROAD, ITATIAIUÇU - MG, 35685-000",Itatiaiuçu,,MG,BR,35685-000,-20.2050667,-44.4172281,Movie theater,,,bigquery,
RM FILMS,Rm Films,ChIJM7Qu04hXzpQRRAKTMoNKSH0,"R. CARDOSO DE ALMEIDA, 2486 - SUMARÉ, SÃO PAULO - SP, 01251-000",São Paulo,,SP,BR,01251-000,-23.5507759,-46.6754651,Movie theater,,,bigquery,
MANSÃO TOCADEIROS,Mansão Tocadeiros,ChIJM7xWQSg_yZQR5y5P4pTtt-I,"R. ÂNGELO SCHIRATO JUNIOR, 31, SOCORRO - SP, 13960-000",Socorro,,SP,BR,13960-000,-22.6007842,-46.5268111,Movie theater,,,bigquery,
Cine+ Paraty,Cine+ Paraty,ChIJMQsM_hVtnQARMAfrBvPIC8s,"Av. Roberto Silveira - Paraty, RJ, 23970-000, Brazil",Paraty,,RJ,BR,23970000,-23.2198613,-44.7176294,"movie_theater,point_of_interest,establishment",,,bigquery,"{""source"": ""supabase_places_cache_migration"", ""types"": [""movie_theater"", ""point_of_interest"", ""establishment""], ""rating"": null, ""refreshed_at"": ""2026-05-25T19:20:17.632+00:00""}"
INCOBAL CINEMAS INCORPORADOS DE CTBA,Incobal Cinemas Incorporados De Ctba,ChIJMS1J-nDk3JQRfq9wOYRhOps,"R. BRG. FRANCO, 2300 - CENTRO, CURITIBA - PR, 80250-903",Curitiba,,PR,BR,80250-903,-25.4410909,-49.277331,Movie theater,,,bigquery,
👍,👍,ChIJMTDNObsPlwARWzP1fK7rrgQ,"REGIÃO DOS LAGOS, R. J - CENTRO, SÃO PEDRO DA ALDEIA - RJ, 28940-000",São Pedro da Aldeia,,RJ,BR,28940-000,-22.8397835,-42.1017055,Movie theater,,,bigquery,
LANCHE IRMÃO RIBEIRO,Lanche Irmão Ribeiro,ChIJMUhEX231k5QRqhg3HP3rb7U,"R. FERNÃO DIAS, 1111 - VILA SANTA TEREZA, PRES. PRUDENTE - SP, 19023-280",Presidente Prudente,,SP,BR,19023-280,-22.1133239,-51.4035688,Movie theater,,,bigquery,
ARCOÍRIS CINEMAS,Arcoíris Cinemas,ChIJMW5A3g95GZURLkTrX4fvXq8,"R. DOS ANDRADAS, 1089 - CENTRO HISTÓRICO, PORTO ALEGRE - RS, 90020-015",Porto Alegre,,RS,BR,90020-015,-30.0303597,-51.2308619,Movie theater,,,bigquery,
CINEMARK,Cinemark,ChIJMWWCWRybyJQRYJK6iXb2UUU,"R. DO ÓSMIO, 699 - MOLLON, SANTA BÁRBARA D'OESTE - SP, 13456-625",Santa Bárbara d'Oeste,,SP,BR,13456-625,-22.7493551,-47.3702225,Movie theater,,,bigquery,
CINETEATRO SÃO LUIZ,Cineteatro São Luiz,ChIJMYvQR61JxwcRg71t3ZQduxw,"R. MAJOR FACUNDO, 500 - CENTRO, FORTALEZA - CE, 60025-130",Fortaleza,,CE,BR,60025-130,-3.7273795,-38.5280982,Movie theater,,,bigquery,
VICENTE VALÉRIO,Vicente Valério,ChIJMZ7K56KzwAcRCr7lyZbwJWM,"R. SÃO JOSÉ, 386 - MUCUNA, CAUCAIA - CE, 61685-000",Caucaia,,CE,BR,61685-000,-3.815913,-38.6621181,Movie theater,,,bigquery,
TERMINAL MOVIE,Terminal Movie,ChIJMZOp-sFFxwcR80Mgrw3SHjI,"R. MOREIRA LEITE - CAMBEBA, FORTALEZA - CE",Fortaleza,,CE,BR,,-3.8147855,-38.4782717,Movie theater,,,bigquery,
MATA,Mata,ChIJMc7LgRuRmAARPt2vJNQSMjk,"AV. THIAGO DE AQUINO RAMOS, 1051, MATIAS BARBOSA - MG, 36120-000",Matias Barbosa,,MG,BR,36120-000,-21.8321917,-43.3697983,Movie theater,,,bigquery,
EXPRESS TV,Express Tv,ChIJMdttlnu_4pQREZurAL24AHQ,"R. GEN. OSÓRIO - PASSO FUNDO, RS, 99962-000",Passo Fundo,,RS,BR,99962-000,-28.2669223,-52.411545,Movie theater,,,bigquery,
Cineclube Malacacheta,Cineclube Malacacheta,ChIJMf1TYgDZmQARw7Y7R6kksLM,"Av. Manoel Duarte, 981 - Centro, Rio Bonito - RJ, 28800-000, Brazil",Rio Bonito,,RJ,BR,28800000,-22.708508,-42.6213292,"movie_theater,point_of_interest,establishment",,,bigquery,"{""source"": ""supabase_places_cache_migration"", ""types"": [""movie_theater"", ""point_of_interest"", ""establishment""], ""rating"": null, ""refreshed_at"": ""2026-05-25T19:20:16.631+00:00""}"
TEOREMA CINEMA E TV,Teorema Cinema E Tv,ChIJMwK1BAfVmwAR7GZBobNDyWg,"R. VISC. DE PIRAJÁ, 595 - IPANEMA, RIO DE JANEIRO - RJ, 22410-000",RIO DE JANEIRO,,RJ,BR,22410-000,-22.9841404,-43.2128589,Movie theater,,,bigquery,
CINE TEATRO REX,Cine Teatro Rex,ChIJMwc4y0fX_pQRE-cQdX_3XI0,"R. SETE DE SETEMBRO, 1509 - CENTRO, CERRO LARGO - RS, 97900-000",Cerro Largo,,RS,BR,97900-000,-28.1465545,-54.7376501,Movie theater,,,bigquery,
CISTERNA CALÇADÃO ROBERTO,Cisterna Calçadão Roberto,ChIJMyD-6IsbDQcRVYu8kr8ryC0,"CALDEIRÃO, UAUÁ - STATE OF BAHIA, 48950-000",Uauá,,BA,BR,48950-000,-10.0304419,-39.5212441,Movie theater,,,bigquery,
CULTIVEARTE,Cultivearte,ChIJMzYp7Sp_mQARRzjnAsWQTW4,"R. VOLUNTÁRIOS DA PÁTRIA, 35 A - BOTAFOGO, RIO DE JANEIRO - RJ, 22270-000",Rio de Janeiro,,RJ,BR,22270-000,-22.9510442,-43.1828967,Movie theater,,,bigquery,
CINEFLIX MIRAMAR SHOPPING SANTOS,Cineflix Miramar Shopping Santos,ChIJN-OwnBADzpQR9JhBBl-24p8,"R. EUCLIDES DA CUNHA, 11 - GONZAGA, SANTOS - SP, 11065-900",Santos,,SP,BR,11065-900,-23.9662053,-46.3344598,Movie theater,,,bigquery,
CINEMA VILLA RICA OURO PRETO / UFOP,Cinema Villa Rica Ouro Preto / Ufop,ChIJN0c3z-EKpAAR08iP7t8WlnM,"PRAÇA REINALDO ALVES DE BRITO, 47 - OURO PRETO, MG, 35400-000",Ouro Preto,,MG,BR,35400-000,-20.3848191,-43.5058703,Philharmonic hall,,,bigquery,
CINE RIO BRANCO,Cine Rio Branco,ChIJN0mL8o6SypQRbdtbexcFMp8,"CENTRO, VARGINHA - STATE OF MINAS GERAIS, 37002-120",Varginha,,MG,BR,37002-120,-21.5567471,-45.4369746,Movie theater,,,bigquery,
CORTES FSA,Cortes Fsa,ChIJN1KKmnT73JQRfM0u9iuxfrA,"R. MARGARIDA DE ARAÚJO FRANCO - CARIOCA, SÃO JOSÉ DOS PINHAIS - PR, 83005-070",São José dos Pinhais,,PR,BR,83005-070,-25.5430289,-49.2066846,Movie theater,,,bigquery,
ANTIGO TEATRO PARACATU CINEMA,Antigo Teatro Paracatu Cinema,ChIJN31-UddLqJQR6tSkJq_DqPM,"R. ALEXANDRE SILVA, 295, PARACATU - MG, 38600-000",Paracatu,,MG,BR,38600-000,-17.224267,-46.8754894,Movie theater,,,bigquery,
CINE JALES,Cine Jales,ChIJN36D93IvmJQR-TDOKQ9Zp6U,"AV. FRANCISCO JALLES, 2991 - CENTRO, JALES - SP, 15700-110",Jales,,SP,BR,15700-110,-20.2659751,-50.5515008,Movie theater,,,bigquery,
ROBENSON PRODUCTION,Robenson Production,ChIJN3qm55qVpgAREHIEevInxsY,"CEASAR, R. GUARANI, 30A - NOVO BOA VISTA, CONTAGEM - MG, 32145-380",Contagem,,MG,BR,32145-380,-19.8792535,-44.0476891,Movie theater,,,bigquery,
CIRCUITO CINEMAS JANDIRA,Circuito Cinemas Jandira,ChIJN7s9zlQBz5QRofmhFhk7hHs,"R. RICARTE SEWAYBRICKER, 52 - CENTRO, JANDIRA - SP, 06600-045",Jandira,,SP,BR,06600-045,-23.5289224,-46.9024523,Movie theater,,,bigquery,
ARTE PLAY FILMES,Arte Play Filmes,ChIJNS61gSzZmwARLJPY4GijpDM,"JOAO CARLOS PRIZO, 25 - CENTRO, NILÓPOLIS - RJ, 26515-690",Nilópolis,,RJ,BR,26515-690,-22.8182953,-43.4293659,Movie theater,,,bigquery,
CINE TEATRO RASA,Cine Teatro Rasa,ChIJNV2vlXCqlwARWpiBcVNw9as,"AV. JOSÉ BENTO RIBEIRO DANTAS - PRAÇA DO INEFI,RASA, BÚZIOS - RJ, 28950-000",Armação dos Búzios,,RJ,BR,28950-000,-22.7393453,-41.9702992,Movie theater,,,bigquery,
KS DO CLEYTON,Ks Do Cleyton,ChIJNY6jsI-dGZURaqfhpbi71JQ,"R. JOÃO PEDRO BOM, 570-488 - SANTA ISABEL, VIAMÃO - RS, 94480-500",Viamão,,RS,BR,94480-500,-30.0711747,-51.106574,Movie theater,,,bigquery,
CINESERCLA NILÓPOLIS,Cinesercla Nilópolis,ChIJNYw0Uk1hmQARtaja5C6q2Dw,"R. PROF. ALFREDO GONÇALVES FIGUEIRA, 100 - CENTRO, NILÓPOLIS - RJ, 26525-060",Nilópolis,,RJ,BR,26525-060,-22.8092856,-43.4157589,Movie theater,,,bigquery,
INSTA FILMES,Insta Filmes,ChIJNZ1hQwpLxwcRp43I0FWs6B8,"R. TOMÁS RODRIGUES, 1215 - ANTÔNIO BEZERRA, FORTALEZA - CE, 60361-000",Fortaleza,,CE,BR,60361-000,-3.7446078,-38.5931983,Movie theater,,,bigquery,
CINEMA,Cinema,ChIJNZSklPtbU5QR30wX8nLWAf0,"R. 15 DE NOVEMBRO - CENTRO, URUGUAIANA - RS, 97500-002",Uruguaiana,,RS,BR,97500-002,-29.7569467,-57.0880286,Housing society,,,bigquery,
WANDERLI APARECIDO BASTOS ME,Wanderli Aparecido Bastos Me,ChIJN_3vRtEUlpQRqPSc5XUJBbM,"R. SÃO JOSÉ, 470 - CENTRO, BIRIGUI - SP, 16200-103",Birigui,,SP,BR,16200-103,-21.2929478,-50.341774,Movie theater,,,bigquery,
PR Producoes,PR Producoes,ChIJNa48lMFlmQARYHnf4DmF_qQ,"Av. Automóvel Clube, 2565 - Vilar dos Teles, São João de Meriti - RJ, 25515-125, Brazil",São João de Meriti,,RJ,BR,25515125,-22.7750013,-43.3610879,"movie_theater,point_of_interest,establishment",,,bigquery,"{""source"": ""supabase_places_cache_migration"", ""types"": [""movie_theater"", ""point_of_interest"", ""establishment""], ""rating"": null, ""refreshed_at"": ""2026-05-25T19:20:12.252+00:00""}"
CINEX,Cinex,ChIJNbhzA6sQ6JQRUbt5eZC_xFU,"SHOPPING TOTAL - AV. DOM PEDRO II, 350 - NOVA RÚSSIA, PONTA GROSSA - PR, 84053-000",Ponta Grossa,,PR,BR,84053-000,-25.0851777,-50.1783848,Movie theater,,,bigquery,
Cine São Pedro da Aldeia RJ,Cine São Pedro da Aldeia RJ,ChIJNe-8SwAPlwARPmksEP2s-qE,"R. Francisco Santos Silva, 340 - Centro, São Pedro da Aldeia - RJ, 28940-000, Brazil",São Pedro da Aldeia,,RJ,BR,28940000,-22.8393558,-42.0977828,"movie_theater,point_of_interest,establishment",,,bigquery,"{""source"": ""supabase_places_cache_migration"", ""types"": [""movie_theater"", ""point_of_interest"", ""establishment""], ""rating"": null, ""refreshed_at"": ""2026-05-25T19:20:16.65+00:00""}"
CINE SUL - LENÇÓIS PAULISTA,Cine Sul - Lençóis Paulista,ChIJNe6PNgi3wJQR5nrM--q4ZC4,"R. PORTO ALEGRE, 100 - VILA NOVA IRERE, LENÇÓIS PAULISTA - SP, 18682-203",Lençóis Paulista,,SP,BR,18682-203,-22.6087512,-48.7996066,Movie theater,,,bigquery,
"RUA GRAVATAI, JACARE, APT","Rua Gravatai, Jacare, Apt",ChIJNfIw6Cl8mQARNrTvQtczoVM,"APT: 201, R. GRAVATAÍ, 28 - JACARÉ, RIO DE JANEIRO - RJ, 20975-030",Rio de Janeiro,,RJ,BR,20975-030,-22.8941698,-43.2528742,Movie theater,,,bigquery,
PRINCESA DA DISNEY,Princesa Da Disney,ChIJNfbkfiVFpJQRr4A2wOvm0Lc,"CENTRO, UBERLÂNDIA - STATE OF MINAS GERAIS, 38400-106",Uberlândia,,MG,BR,38400-106,-18.9127534,-48.275484,Movie theater,,,bigquery,
LAGOA DO IMBÉ,Lagoa Do Imbé,ChIJNftVVZPVEAcRkd5NoXVs3AI,"CARDEAL DA SILVA - STATE OF BAHIA, 48390-000",Cardeal da Silva,,BA,BR,48390-000,-11.9476332,-37.9472508,Movie theater,,,bigquery,
CINEMAS PREMIER,Cinemas Premier,ChIJNxUssVRLRAcRqLRoEcuOIcU,"AV. OTÁVIO MANGABEIRA, 157 - CENTRO, BRUMADO - BA, 46100-000",Brumado,,BA,BR,46100-000,-14.205545,-41.672709,Movie theater,,,bigquery,
INSTITUTO ESTADUAL DE CINEMA (IECINE),Instituto Estadual De Cinema (Iecine),ChIJO-ACVhB5GZURR-S7ZZ4zi7M,"R. DOS ANDRADAS, 736 - SALA 3 - CENTRO HISTÓRICO, PORTO ALEGRE - RS, 90020-004",Porto Alegre,,RS,BR,90020-004,-30.0313678,-51.2345156,Educational institution,,,bigquery,
CONDOMÍNIO LAS VEGAS,Condomínio Las Vegas,ChIJO-BO3lL93JQRpkLOPbWY8uQ,"R. JULIA HUGA MARIA NEGRELLO, 73 - UMBARÁ, CURITIBA - PR, 81930-576",Curitiba,,PR,BR,81930-576,-25.5568123,-49.2889195,Movie theater,,,bigquery,
ROXY 5 - GONZAGA,Roxy 5 - Gonzaga,ChIJO-eFtg8DzpQR30NLceLScM0,"AV. ANA COSTA, 443 - GONZAGA, SANTOS - SP, 11060-003",Santos,,SP,BR,11060-003,-23.963931,-46.3322219,Movie theater,,,bigquery,
PODA - POLO DE DRAMATURGIA AUDIOVISUAL,Poda - Polo De Dramaturgia Audiovisual,ChIJO0XuE5oFFgcRqoW73b1Y74c,"CONDOMÍNIO CONJ. RESIDENCIAL J. K. - AV. CAMINHO DE AREIA, 160 - MASSARANDUBA, SALVADOR - BA, 40440-360",Salvador,,BA,BR,40440-360,-12.9278713,-38.5037362,Movie theater,,,bigquery,
ROCHE PRODUÇÃO LTDA,Roche Produção Ltda,ChIJO0YgNI7h3JQRhe6KRnTbN8E,"RUA NEY ROMANO - SÃO BRAZ, CURITIBA - PR, 82310-180",Curitiba,,PR,BR,82310-180,-25.422922,-49.3617618,Movie theater,,,bigquery,
CINEMAIS ITUIUTABA,Cinemais Ituiutaba,ChIJO0h-HuQxopQRliT82bwmLDY,"R. VINTE E QUATRO, 878 - CENTRO, ITUIUTABA - MG, 38300-078",Ituiutaba,,MG,BR,38300-078,-18.9726963,-49.4619751,Movie theater,,,bigquery,
CASSA,Cassa,ChIJO0wHgCAYHJURjsL73nLhViM,"CENTRO, AV. INDEPENDÊNCIA, 1450 - AP 3 - CAIRÚ, GARIBALDI - RS, 95720-000",Garibaldi,,RS,BR,95720-000,-29.2578532,-51.5149832,Movie theater,,,bigquery,
JVL PRODUÇÕES,Jvl Produções,ChIJO1_LvRlPAZURv01rM5rpGwM,"R. BARÃO DO CAMBAY, 520 - CENTRO, SÃO GABRIEL - RS, 97300-114",São Gabriel,,RS,BR,97300-114,-30.3385693,-54.3239527,Movie theater,,,bigquery,
4DX,4dx,ChIJO5J66wFHxwcRU_DG4Mrnl1c,"R. DES. LAURO NOGUEIRA, 1500 - LOJA 4001 - PAPICU, FORTALEZA - CE, 60175-055",Fortaleza,,CE,BR,60175-055,-3.7416538,-38.4718133,Movie theater,,,bigquery,
SALA DE CINEMA,Sala De Cinema,ChIJO91fxNFTzZQR5qWJW-DENlA,"AV. LEOVIGILDO DIAS VIEIRA, 540 - ITAGUÁ, UBATUBA - SP, 11680-000",Ubatuba,,SP,BR,11680-000,-23.4510217,-45.0660594,Movie theater,,,bigquery,
CINE DIAMANTE,Cine Diamante,ChIJOQTHz1hdG5URTARtNJ3WZW8,"BOA VISTA, RIO PARDO - STATE OF RIO GRANDE DO SUL, 96640-000",Rio Pardo,,RS,BR,96640-000,-29.9739403,-52.3682746,Movie theater,,,bigquery,
CINE CLUBE CASA DO LAGO,Cine Clube Casa Do Lago,ChIJOQUa28DPyJQRg3SynXLg_38,"AV. WASHINGTON LUIZ, 2700 - VILA MARIETA, CAMPINAS - SP, 13042-903",Campinas,,SP,BR,13042-903,-22.9393316,-47.0484765,Movie theater,,,bigquery,
MOVIE ARTE CINEMAS,Movie Arte Cinemas,ChIJOR3uePoT45QRaKT_irKaYzA,"AV. SETE DE SETEMBRO, 1200 - 21 - FÁTIMA, ERECHIM - RS, 99700-000",Erechim,,RS,BR,99700-000,-27.6452088,-52.2674284,Movie theater,,,bigquery,
CINE MULTIPLEX MAUÁ,Cine Multiplex Mauá,ChIJOTqtQWhpzpQRgXan8_ppqKY,"AV. GOV. MARIO COVAS JÚNIOR, 01 - CENTRO, MAUÁ - SP, 09390-040",Mauá,,SP,BR,09390-040,-23.6660958,-46.4603458,Movie theater,,,bigquery,
VISSECINE,Vissecine,ChIJOWOcPJxlzpQRwISRFBLVXiY,"PARQUE DOS BANCARIOS, SÃO PAULO - STATE OF SÃO PAULO, 08490-810",São Paulo,,SP,BR,08490-810,-23.5828438,-46.4177841,Movie theater,,,bigquery,
BANDEIRA CINEMA E VIDEO,Bandeira Cinema E Video,ChIJOZCVfTBYzpQReWXRmD01aCQ,"AV. ANGÉLICA, 1683 - HIGIENÓPOLIS, SÃO PAULO - SP, 01227-100",São Paulo,,SP,BR,01227-100,-23.5473287,-46.6582932,Movie theater,,,bigquery,
CINEMA MUNICIPAL DE CANINDÉ,Cinema Municipal De Canindé,ChIJOZDdBYIHvwcRiCCzoR1Yn6c,"R. MANOEL DOS SANTOS LESSA, 1664 - CENTRO, CANINDÉ - CE, 62700-000",Canindé,,CE,BR,62700-000,-4.3540412,-39.3163421,Movie theater,,,bigquery,
Multicine Cinemas - Valparaíso,Multicine Cinemas - Valparaíso,ChIJOaKZ0h-EWZMRtG2eIuWu5cI,"Brasil Center Shopping - Av. Marginal - Parque Esplanada III, Valparaíso de Goiás - GO, 72876-359, Brazil",Valparaíso de Goiás,,GO,BR,72876359,-16.0674269,-47.9834161,"movie_theater,point_of_interest,establishment",,,bigquery,"{""source"": ""supabase_places_cache_migration"", ""types"": [""movie_theater"", ""point_of_interest"", ""establishment""], ""rating"": null, ""refreshed_at"": ""2026-05-25T19:19:21.966+00:00""}"
AUDITÓRIO DO EDIFÍCIO VITRIUM,Auditório Do Edifício Vitrium,ChIJOamZtiUlWpMRcU26guQBcJg,UNNAMED ROAD - ASA SUL  BRASÍLIA - DF  70200-730  BRASIL,Brasília,,DF,BR,70200-730,-15.8365495,-47.9123896,"movie_theater,point_of_interest,establishment",,,bigquery,
DRIVE PARK,Drive Park,ChIJOaxcQQlXzpQR8UYiqH5UvxY,"SHOPPING ELDORADO - AV. REBOUÇAS, 3970 - PINHEIROS, SÃO PAULO - SP, 05402-918",São Paulo,,SP,BR,05402-918,-23.5731481,-46.6956248,Movie theater,,,bigquery,
JOSUÉ'S CINEMA,Josué's Cinema,ChIJObpl0AnytJQRD6w1JFYgy7A,"R. DR. ARNALDO SENA, 301 - FORMIGA, MG, 35570-000",Formiga,,MG,BR,35570-000,-20.4558185,-45.4502782,Movie theater,,,bigquery,
CINE TEIXEIRA,Cine Teixeira,ChIJOc8EkA9ENQcRdmhOHlRVDBU,"PRAÇA HILTON CHICON, 281 - CENTRO, TEIXEIRA DE FREITAS - BA, 45995-022",Teixeira de Freitas,,BA,BR,45995-022,-17.5380301,-39.745139,Movie theater,,,bigquery,
ANTIGO CINEMA,Antigo Cinema,ChIJOcCXrxuRy5QR8Da4ahhT_Fs,"CONCEIÇÃO DOS OUROS - STATE OF MINAS GERAIS, 37548-000",Conceição dos Ouros,,MG,BR,37548-000,-22.4124721,-45.7966354,Cultural center,,,bigquery,
CINE MASCOTE,Cine Mascote,ChIJOcNI1xqZNwcRODiNohNK-u8,"R. OSVALDO CRUZ, 129 - SÃO JOÃO DO PARAÍSO, MASCOTE - BA, 45870-000",Mascote,,BA,BR,45870-000,-15.614557,-39.434088,Movie theater,,,bigquery,
CINE ESMERALDA - CINEMA RIGHT NEXT TO YOU,Cine Esmeralda - Cinema Right Next To You,ChIJOcf7o7PQv5QRyrXWlfkrCpM,"AV. DAS ESMERALDAS, 701 - JARDIM TANGARA, MARÍLIA - SP, 17516-000",Marília,,SP,BR,17516-000,-22.2236804,-49.9332459,Movie theater,,,bigquery,
GABRIIEL MAMEDES ️‍,Gabriiel Mamedes ️‍,ChIJOdQLtVjl3JQRj168dOzrhgI,"CENTRO, CURITIBA - STATE OF PARANÁ, 82590-300",Curitiba,,PR,BR,82590-300,-25.4281297,-49.2642735,Movie theater,,,bigquery,
CINEMA GRATIS,Cinema Gratis,ChIJOdbeGN2ZpgARVSZo1EHfNGs,"R. AQUILES LOBO, 276-336 - FLORESTA, BELO HORIZONTE - MG, 30110-009",Belo Horizonte,,MG,BR,30110-009,-19.9189602,-43.929108,Travel agency,,,bigquery,
CINEMA MULTICINE - SALA 3,Cinema Multicine - Sala 3,ChIJOwqzjAHH6gcRbnm9eXk9JD8,"R. CAUBI VASCONCELOS, 721-793 - SINHÁ SABÓIA, SOBRAL - CE, 62051-300",Sobral,,CE,BR,62051-300,-3.6978952,-40.3484045,Movie theater,,,bigquery,
CINEMA PREMIER,Cinema Premier,ChIJOxh4pm1FqAARKDaE19cYjK4,"CORINTO, STATE OF MINAS GERAIS, 39200-000",Corinto,,MG,BR,39200-000,-18.512178,-44.5550308,Movie theater,,,bigquery,
PENDENTE,Pendente,ChIJOyLLEXf1zpQRK6_IdTbfRXg,"R. ONZE DE AGOSTO, 132 - JARDIM ZAIRA, GUARULHOS - SP, 07114-390",Guarulhos,,SP,BR,07114-390,-23.4631978,-46.5230876,Movie theater,,,bigquery,
Cineflix Catarina Outlet,Cineflix Catarina Outlet,ChIJP-_7IwBrz5QRdvja3UPaa-Y,"R. Rafael Dias Costa, 140 - São Roque, SP, 18132-852, Brazil",São Roque,,SP,BR,18132852,-23.4197818,-47.1672269,"movie_theater,point_of_interest,establishment",,,bigquery,"{""source"": ""supabase_places_cache_migration"", ""types"": [""movie_theater"", ""point_of_interest"", ""establishment""], ""rating"": null, ""refreshed_at"": ""2026-05-25T19:18:21.811+00:00""}"
CINE AUTO DRIVE - IN,Cine Auto Drive - In,ChIJP0lIY3ZzGJURL5YKLTNUNqo,"R. SÃO SEB. DO CAÍ, 63 - IMBÉ, RS, 95625-000",Imbé,,RS,BR,95625-000,-29.9795939,-50.1320223,Movie theater,,,bigquery,
CINEMA FOR DREAMERS,Cinema For Dreamers,ChIJP4-VLp1pzpQRYG03Lr7cwHE,"AV. SARA ZÍRLIS - VILA LUTÉCIA, SANTO ANDRÉ - SP, 09130-220",Santo André,,SP,BR,09130-220,-23.6929034,-46.5045603,Movie theater,,,bigquery,
CINEMATECA BRASILEIRA,Cinemateca Brasileira,ChIJP4C4yyBazpQRL7SDfLyXF4g,"LARGO SEN. RAUL CARDOSO, 207 - VILA CLEMENTINO, SÃO PAULO - SP, 04021-070",São Paulo,,SP,BR,04021-070,-23.5921163,-46.6467747,Movie theater,,,bigquery,
LU MAOLI FOTOGRAFIA,Lu Maoli Fotografia,ChIJP4Zvt_brpgARL6gP3EcicSw,"R. ACÁCIAS, 9 - CHÁCARA CONTAGEM, CONTAGEM - MG, 32025-035",Contagem,,MG,BR,32025-035,-19.9179269,-44.1018494,Movie theater,,,bigquery,
PAPO DE CINEMA,Papo De Cinema,ChIJP6-Blzl4GZURekEtNXbzslc,"R. GEN. LIMA E SILVA, 1746 - SALA 201 - CIDADE BAIXA, PORTO ALEGRE - RS, 90050-102",Porto Alegre,,RS,BR,90050-102,-30.0467822,-51.2148191,Movie theater,,,bigquery,
UCS CINEMA,Ucs Cinema,ChIJP6B6tUu9HpURz-L7mj1hTEo,"PETRÓPOLIS, CAXIAS DO SUL - STATE OF RIO GRANDE DO SUL, 95070-560",Caxias do Sul,,RS,BR,95070-560,-29.1612361,-51.1514767,Movie theater,,,bigquery,
CURTA CIRCUITO - MOSTRA DE CINEMA PERMANENTE,Curta Circuito - Mostra De Cinema Permanente,ChIJP6tBGMmZpgARAI8eYqkviqU,"903, RUA DOS GOITACAZES, 90 - CENTRO, BELO HORIZONTE - MG, 30190-050",Belo Horizonte,,MG,BR,30190-050,-19.9230155,-43.9379763,Movie theater,,,bigquery,
CINEMA MENINAS DA VILA,Cinema Meninas Da Vila,ChIJP7-vCIfV6wcR9x02iFJ0tUM,"CAMOCIM, STATE OF CEARÁ, 62400-000",Camocim,,CE,BR,62400-000,-2.854729,-40.6922188,Movie theater,,,bigquery,
CINE VITÓRIA,Cine Vitória,ChIJP8xvhxB_ngARed3ZpIOfQFY,"R. EDUARDO COTRIM - LAVA-PÉS, RESENDE - RJ, 27511-120",Resende,,RJ,BR,27511-120,-22.4696511,-44.4475179,Movie theater,,,bigquery,
CINEMA SHOPPING DO PIAUÍ,Cinema Shopping Do Piauí,ChIJPRNVuKNVeAcRvVjb3DIYBuo,CANTO DO BURITI - PI  64893-000  BRASIL,Canto do Buriti,,PI,BR,64893-000,-8.3229488,-43.1747162,"movie_theater,point_of_interest,establishment",,,bigquery,
SANTA ROSA,Santa Rosa,ChIJPU2owhVz6gcRrs3gpJyOgpk,"UNNAMED ROAD, MARCO - CE, 62560-000",Marco,,CE,BR,62560-000,-3.1200304,-40.1255386,Movie theater,,,bigquery,
ALEXANDRE,Alexandre,ChIJPU8485QMxpQRNSLg7kbO9tA,"AV. ANTÔNIO BETTINI, 221 - TAQUARAL, CERQUILHO - SP, 18520-000",Cerquilho,,SP,BR,18520-000,-23.1407145,-47.7357507,Movie theater,,,bigquery,
MURY VÍDEO LOCADORA,Mury Vídeo Locadora,ChIJPXMvYFOLlwARvD422522POQ,"AV. MANOEL CARNEIRO DE MENEZES, 77A - MURY, NOVA FRIBURGO - RJ, 28615-060",Nova Friburgo,,RJ,BR,28615-060,-22.3388803,-42.5119911,Movie theater,,,bigquery,
CINEXTREME PAULO AFONSO,Cinextreme Paulo Afonso,ChIJPcDAFRoxCQcRYcjy7_S1CO4,"R. MAL FLORIANO PEIXOTO, 1785 - CENTRO, PAULO AFONSO - BA, 46601-210",Paulo Afonso,,BA,BR,46601-210,-9.3998964,-38.2310438,Movie theater,,,bigquery,
MARCELO ZANOTTO FILMES (FILMES DE CASAMENTO CINEMATOGRÁFICO),Marcelo Zanotto Filmes (Filmes De Casamento Cinematográfico),ChIJPe-8wbPPyJQRaGSv4nUKS3I,"R. JULIA LOVISARO VICENTINI, 877 - PARQUE DAS COLINAS, VALINHOS - SP, 13274-465",Valinhos,,SP,BR,13274-465,-22.9405867,-46.9687493,Movie theater,,,bigquery,
ALDA BRASIL,Alda Brasil,ChIJPeJcqtiBmQAR3cwL2xpvKWI,"AV. RIO BRANCO, 311 - CENTRO, RIO DE JANEIRO - RJ, 20030-130",Rio de Janeiro,,RJ,BR,20030-130,-22.9123191,-43.174641,Movie theater,,,bigquery,
CENTER CINE,Center Cine,ChIJPejalkv4yJQRN-d41KxDigo,"PRAÇA XV DE NOVEMBRO NO. 15 FLAP CENTER, MOGI MIRIM - SP, 13800-060",Mogi Mirim,,SP,BR,13800-060,-22.4321358,-46.957208,Movie theater,,,bigquery,
CINEMATOGRÁFICA AFFONSO LTDA,Cinematográfica Affonso Ltda,ChIJPwKAqufzuJQRIq_n9EL7fQM,"R. PADRE DUARTE, 1604 - ARARAQUARA, SP, 14801-040",Araraquara,,SP,BR,14801-040,-21.7923096,-48.1773686,Movie theater,,,bigquery,
CINEMATOGRÁFICA F J LUCAS NETO,Cinematográfica F J Lucas Neto,ChIJPwWoi1BYzpQRlTZuMwhx7V8,"AV. IPIRANGA, 974 - REPÚBLICA, SÃO PAULO - SP, 01040-010",São Paulo,,SP,BR,01040-010,-23.541644,-46.6391498,Movie theater,,,bigquery,
EMPRESA DE CINEMAS SERCLA LTDA,Empresa De Cinemas Sercla Ltda,ChIJPyvf_-iZpgARRwg7sE-5TZY,"R. PARAÍBA, 330 - FUNCIONÁRIOS, BELO HORIZONTE - MG, 30130-917",Belo Horizonte,,MG,BR,30130-917,-19.9290643,-43.9317961,Movie theater,,,bigquery,
ADICINE ADMINISTRADORA DE CINEMA,Adicine Administradora De Cinema,ChIJPyvf_-iZpgARqz--7_Yc0kI,"R. PARAÍBA, 330 - FUNCIONÁRIOS, BELO HORIZONTE - MG, 30130-917",Belo Horizonte,,MG,BR,30130-917,-19.9290643,-43.9317961,Movie theater,,,bigquery,
MARIA FUMAÇA- TRAMANDAÍ,Maria Fumaça- Tramandaí,ChIJQ-9ZtDlzGJUROxN9AlXAppY,"R. TRÊS DE OUTUBRO - TRAMANDAÍ, RS, 95590-000",Tramandaí,,RS,BR,95590-000,-29.997543,-50.1301936,Movie theater,,,bigquery,
MULTIPLEX PATIO CIANE,Multiplex Patio Ciane,ChIJQ05f-7qKxZQRxsB7GtGV8q8,"AV. DR. AFONSO VERGUEIRO, 823 - CENTRO, SOROCABA - SP, 18035-070",Sorocaba,,SP,BR,18035-070,-23.4966834,-47.460744,Movie theater,,,bigquery,
FZ AUDIOVISUAL,Fz Audiovisual,ChIJQ0Na2v_ZmwARK9w0ESCTjus,"RUA VICTOR CIVITA, 66 - JACAREPAGUÁ, RIO DE JANEIRO - RJ, 22775-040",Rio de Janeiro,,RJ,BR,22775-040,-22.9748697,-43.3677152,Movie theater,,,bigquery,
LOCADORA BROTHERS VIDEO,Locadora Brothers Video,ChIJQ1LKjti3z5QRQjbTun4q0Lc,"R. SANTA CRUZ, 41 - PAIOL DO MEIO, SÃO LOURENÇO DA SERRA - SP, 06890-000",Juquitiba,,SP,BR,06890-000,-23.8852093,-46.9769652,Movie theater,,,bigquery,
CINE UNIPLEX,Cine Uniplex,ChIJQ2W9qR8nwZQR83W3CYi4ivw,"AV. PREF. PAULO NOVAES, 1 - CENTRO, AVARÉ - SP, 18705-000",Avaré,,SP,BR,18705-000,-23.0949839,-48.9393106,Movie theater,,,bigquery,
CELEIRO BRASILEIRO ANIMAÇÃO (EM PROJETO),Celeiro Brasileiro Animação (Em Projeto),ChIJQ2_LNoX_zpQRESf6J-vRlyA,"F5JH+J3 - JARDIM SANTA CECILIA, BARUERI - SP, 02675-031",Barueri,,SP,BR,02675-031,-23.5188594,-46.8223699,Movie theater,,,bigquery,
MOVIECOM,Moviecom,ChIJQ5_lC-j0zpQRZaDfD48RJT4,"SHOPPING PÁTIO GUARULHOS, AV. ROSA MOLINA PANNOCCHIA, 331 - JARDIM VALERIA, GUARULHOS - SP, 07124-543",Guarulhos,,SP,BR,07124-543,-23.4286409,-46.5366889,Movie theater,,,bigquery,
CIRCUITO CINEMAS PÔRTO FELIZ,Circuito Cinemas Pôrto Feliz,ChIJQ7W0jAv-xZQRgfxk5mV3AQM,"R. ADEMAR DE BARROS, 345 - CENTRO, PORTO FELIZ - SP, 18540-000",Porto Feliz,,SP,BR,18540-000,-23.2135842,-47.5226302,Movie theater,,,bigquery,
"OGUN, O FERREIRO DO MUNDO","Ogun, O Ferreiro Do Mundo",ChIJQ8-RufJ9mQARXUgpNf2EJYg,"R. CASTRO ALVES, 182 - 201, RIO DE JANEIRO - RJ, 20775-040",Rio de Janeiro,,RJ,BR,20775-040,-22.8974351,-43.278622,Movie theater,,,bigquery,
LUAN AIRES VIDEO CINEMA,Luan Aires Video Cinema,ChIJQQJsZISosJQRaU_6WJ9vbic,"R. JERÔNIMO RODRIGUES PINTO - PARQUE DOS LIMA, FRANCA - SP, 14403-072",Franca,,SP,BR,14403-072,-20.5534269,-47.4027634,Movie theater,,,bigquery,
WILKER,Wilker,ChIJQUpYNrSDxpQRSrg7hkXmpsY,"R. PROF. JOSÉ CÉLSO DE MELLO, 494-566 - PERÍMETRO URBANO, GUAREÍ - SP, 18250-000",Guareí,,SP,BR,18250-000,-23.3722107,-48.1825805,Movie theater,,,bigquery,
FESTIVAL KAAPORA DE CINEMA E ARTE,Festival Kaapora De Cinema E Arte,ChIJQWk7fpftNwcRWhH_RMq6jPA,"APA KAAPORA, TERRA INDÍGENA CARAMURU PARAGUAÇÚ - ZONA RURAL, PAU BRASIL - BA, 45890-000",Pau Brasil,,BA,BR,45890-000,-15.4859272,-39.6933464,Movie theater,,,bigquery,
CINEMA - CEI,Cinema - Cei,ChIJQWsx2UtAGZURmtOkA7jhuNU,"AV. DOS ESTADOS, 1080 - K, CAMPO BOM - RS, 93700-000",Campo Bom,,RS,BR,93700-000,-29.6815604,-51.0490421,Movie theater,,,bigquery,
CINE+,Cine+,ChIJQX5-gIJXmAARi13I0spN020,"EST. UNIÃO INDÚSTRIA, 69 - VILA DE CASAS DA CERJ, AREAL - RJ, 25845-000",Areal,,RJ,BR,25845-000,-22.231813,-43.1020465,Movie theater,,,bigquery,
Predadores,Predadores,ChIJQXMRJGGFmQAR83Kuucy-eDo,"R. Dr. Alberto Torres - Neves, São Gonçalo - RJ, 24426-260, Brazil",São Gonçalo,,RJ,BR,24426260,-22.8450667,-43.0910949,"movie_theater,point_of_interest,establishment",,,bigquery,"{""source"": ""supabase_places_cache_migration"", ""types"": [""movie_theater"", ""point_of_interest"", ""establishment""], ""rating"": null, ""refreshed_at"": ""2026-05-25T19:20:08.051+00:00""}"
CINE GRACHER HAVAN,Havan,ChIJQYmL_wMtGZURSrdV9DDsiXY,"AV. DON LUIZ GUANELLA, 1201 - SÃO JOSÉ, CANELA - RS, 95680-000",Canela,,RS,BR,95680-000,-29.3615136,-50.8338818,Movie theater,,,bigquery,
SALADEARTE FILM MUSEUM,Saladearte Film Museum,ChIJQ_3EDIcEFgcRrw_tWYV7U-E,"AV. SETE DE SETEMBRO, 2195 - VITÓRIA, SALVADOR - BA, 40080-001",Salvador,,BA,BR,40080-001,-12.9925408,-38.5255826,Movie theater,,,bigquery,
CINETEATRO LUZ UNIUV,Cineteatro Luz Uniuv,ChIJQbFo7e9h5pQR3XtHxlRCqXY,"R. CARLOS CAVALCANTE, 124 - CENTRO, UNIÃO DA VITÓRIA - PR, 84600-130",União da Vitória,,PR,BR,84600-130,-26.232543,-51.086301,Movie theater,,,bigquery,
STAR PLUS SANTA ROSÁLIA,Star Plus Santa Rosália,ChIJQcPu7BX1xZQR_gp_Z8qeZL0,"RUA SANTA ROSÁLIA - JARDIM SANTA ROSÁLIA, SOROCABA - SP, 18076-290",Sorocaba,,SP,BR,18076-290,-23.4586695,-47.4656066,Movie theater,,,bigquery,
BRETZ FILMES,Bretz Filmes,ChIJQz-jZgkImQARuLJf1Dv2DvE,"RUA MONTECASEROS, 530 - CENTRO, PETRÓPOLIS - RJ, 25680-004",Petrópolis,,RJ,BR,25680-004,-22.5049439,-43.188822,Movie theater,,,bigquery,
GRUPO CINE - CAJAMAR,Grupo Cine - Cajamar,ChIJR3FKuxsdz5QRxp8nq33NRRg,"GRUPO CINE CAJAMAR - R. JEAN ANASTACE KOVELIS, NO. 123 - JARDIM ADELAIDE, CAJAMAR - SP, 07791-842",Cajamar,,SP,BR,07791-842,-23.4078233,-46.8557452,Movie theater,,,bigquery,
PLAYARTE CINEMAS,Playarte Cinemas,ChIJR5S3auJFzpQRaEPzuiY6cqU,"R. GRACIOSA - CENTRO, DIADEMA - SP, 09910-720",Diadema,,SP,BR,09910-720,-23.6913854,-46.6236355,Movie theater,,,bigquery,
CINEMA ARCOPLEX,Cinema Arcoplex,ChIJR5UooHJhHJUREHhqdGJjbSM,"BR-386, KM 346 - SÃO CRISTÓVÃO, LAJEADO - RS, 95900-000",Lajeado,,RS,BR,95900-000,-29.449373,-51.9693134,Movie theater,,,bigquery,
ECRÃS & CRÍTICAS,Ecrãs & Críticas,ChIJR6w-j6l_mQAReeT_oRMo7WM,"R. HADDOCK LOBO, 379 - TIJUCA, RIO DE JANEIRO - RJ, 20260-141",Rio de Janeiro,,RJ,BR,20260-141,-22.9211813,-43.2183582,Movie theater,,,bigquery,
CINE TEATRO MUNICIPAL HENFIL,Cine Teatro Municipal Henfil,ChIJR7AyKZvtmQARE3EY5cDx3Rs,"R. ALFERES GOMES, 390 - CENTRO, MARICÁ - RJ, 24900-000",Maricá,,RJ,BR,24900-000,-22.9212757,-42.8178966,Movie theater,,,bigquery,
GRUPO CINE ANDRADINA,Grupo Cine Andradina,ChIJR7kvsGe1kJQR_4oDpJ9owtU,"AV. GUANABARA, 2919 - STELLA MARIS, ANDRADINA - SP, 16901-100",Andradina,,SP,BR,16901-100,-20.8843384,-51.3705815,Movie theater,,,bigquery,
TIGRINO,Tigrino,ChIJR8cjUS6rz5QR_YZuFzv58Mw,"ME SEGUE NO TIKTOK - TIKTOK, EMBU DAS ARTES - SP, 06950-000",Embu das Artes,,SP,BR,06950-000,-23.6473883,-46.8526935,Movie theater,,,bigquery,
CINEART VIA SHOPPING,Cineart Via Shopping,ChIJR9WBjAm-pgAR_aDKxM-7gGc,"AV. AFONSO VAZ DE MELO, 640 - BARREIRO, BELO HORIZONTE - MG, 30640-070",Belo Horizonte,,MG,BR,30640-070,-19.9740317,-44.0216279,Movie theater,,,bigquery,
CINE KATROS,Cine Katros,ChIJRQDVrVpYzpQRfdibwUYA7eE,"R. AURORA, 501 - CAMPOS ELÍSEOS, SÃO PAULO - SP, 01204-000",São Paulo,,SP,BR,01204-000,-23.5405198,-46.6409331,Movie theater,,,bigquery,
ALVORADA CINEMATOGRÁFICA INTERNACIONAL,Alvorada Cinematográfica Internacional,ChIJRRaj7Vu-uZQR4KgdPwp9ZpY,"R. CONSELHEIRO SARAÍVA, 250 - VILA TIBERIO, RIBEIRÃO PRETO - SP, 14050-410",Ribeirão Preto,,SP,BR,14050-410,-21.1676804,-47.8179994,Movie theater,,,bigquery,
RANCHO COMQUISTA,Rancho Comquista,ChIJRRzhEDoeawcRlxuO-lKPDNQ,"MACAJUBA, STATE OF BAHIA, 46805-000",Macajuba,,BA,BR,46805-000,-12.140541,-40.3607693,Movie theater,,,bigquery,
SHEILA BETO BIA ISA LEOZINHO MARIANA,Sheila Beto Bia Isa Leozinho Mariana,ChIJRTzdDasfnAARFEwUGY0DYcI,"PASSA TRÊS, RIO CLARO - STATE OF RIO DE JANEIRO, 27460-000",Rio Claro,,RJ,BR,27460-000,-22.6672272,-44.0689,Movie theater,,,bigquery,
ANTIGO CINE ALADIM,Antigo Cine Aladim,ChIJRUkJn2xfzpQRddtK0ZBNcoM,"AV. CELSO GARCIA, ALT. 3200 - TATUAPÉ",São Paulo,,SP,BR,,-23.5351693,-46.5827003,Movie theater,,,bigquery,
ANTIGO CINE ARARUNA,Antigo Cine Araruna,ChIJRVehwDt3yJQRoSkVxP_miog,"R. CEL. JUSTINIANO, 588-698 - CENTRO, ARARAS - SP, 13600-700",Araras,,SP,BR,13600-700,-22.3579044,-47.3838729,Movie theater,,,bigquery,
IARA FILMES,Iara Filmes,ChIJRWiog-5_mQAR31k_3u5v3XE,"R. MIN. RAUL FERNANDES, 43 - BOTAFOGO, RIO DE JANEIRO - RJ, 22260-040",Rio de Janeiro,,RJ,BR,22260-040,-22.9463479,-43.1873314,Movie theater,,,bigquery,
CURITIBA CINEMATHEQUE,Curitiba Cinematheque,ChIJRZb7qQ_k3JQRsKCebvVxr_A,"R. PRESIDENTE CARLOS CAVALCANTI, 1174 - SÃO FRANCISCO, CURITIBA - PR, 80510-040",Curitiba,,PR,BR,80510-040,-25.4247373,-49.2765152,Movie theater,,,bigquery,
CINE A,Cine A,ChIJRZcCVY_9nwARoXAm0BIn6uw,"R. DR. ANTÔNIO GONÇALVES DE FARIA, 1540 - DE FATIMA, LAVRAS - MG, 37200-000",Lavras,,MG,BR,37200-000,-21.2479536,-44.9887597,Movie theater,,,bigquery,
CINUSP PAULO EMÍLIO,Cinusp Paulo Emílio,ChIJR_SbT0dWzpQR2P7bPoJBj_w,"R. DO ANFITEATRO, 109 - BUTANTÃ, SÃO PAULO - SP, 05508-060",São Paulo,,SP,BR,05508-060,-23.5578788,-46.721193,Movie theater,,,bigquery,
CINE CARIRI,Cine Cariri,ChIJR_d7vbyNEwcRdb5kE-29rCM,"R. DR. LAURO MOTA, S/N - GINÁSIO, SERRINHA - BA, 48700-000",Serrinha,,BA,BR,48700-000,-11.6718967,-39.0015815,Movie theater,,,bigquery,
CINEMAXX MOVIE THEATER - MIGUEL PEREIRA,Cinemaxx Movie Theater - Miguel Pereira,ChIJReMSlWMXmQARCNq8g7NsuYk,"R. GEN. FERREIRA DO AMARAL, 185 - VILLAGE SÃO ROQUE, MIGUEL PEREIRA - RJ, 26900-000",Miguel Pereira,,RJ,BR,26900-000,-22.4541667,-43.4684999,Movie theater,,,bigquery,
CINE ARTE POSTO 4,Cine Arte Posto 4,ChIJS-uFGBsDzpQRP4M1UHTEH08,"AV. VICENTE DE CARVALHO - GONZAGA, SANTOS - SP, 11045-501",Santos,,SP,BR,11045-501,-23.9707505,-46.3302717,Movie theater,,,bigquery,
CESMA - COOPERATIVA DOS ESTUDANTES DE SANTA MARIA,Cesma - Cooperativa Dos Estudantes De Santa Maria,ChIJS1CkJ2rLA5UR0DLC81EnIMo,"R. PROF. BRAGA, 55 - CENTRO, SANTA MARIA - RS, 97015-530",Santa Maria,,RS,BR,97015-530,-29.6885039,-53.8075312,Movie theater,,,bigquery,
CINESYSTEM - SHOPPING CIDADE,Cinesystem - Shopping Cidade,ChIJS3Csmdrk3JQRoMCiR1xfVlk,"AV. MAL. FLORIANO PEIXOTO, 4984 - HAUER, CURITIBA - PR, 81630-000",Curitiba,,PR,BR,81630-000,-25.4725165,-49.2524028,Movie theater,,,bigquery,
MEGA DVDS,Mega Dvds,ChIJS4tNvvtADpURsECxEgUGn4o,"AV. VISC. DE MAUÁ, 619 - ARROIO GRANDE, RS, 96330-000",Arroio Grande,,RS,BR,96330-000,-32.2385169,-53.0820736,Movie theater,,,bigquery,
SALTY SPRINGS,Salty Springs,ChIJS8B2D61xFgcR_11biftF9cA,"TV. SEGUNDA DO POCO, 22 - MALEMBA, CANDEIAS - BA, 43825-230",Candeias,,BA,BR,43825-230,-12.678088,-38.5385451,Movie theater,,,bigquery,
Deltaexpresso - Shopping Recife - Loja (Próximo ao Cinema),Deltaexpresso - Shopping Recife - Loja (Próximo ao Cinema),ChIJS8N5lrIfqwcRSwH71yARitc,"Shopping Recife - R. Padre Carapuceiro, 777 - Lj 281-A - Boa Viagem, Recife - PE, 51020-900",Recife,,PE,BR,51020900,-8.118945499999999,-34.9048274,"cafeteria,coffee_shop,cafe,food_store,store,point_of_interest,food,establishment",,,bigquery,"{""source"":""google_places_augment"",""types"":[""cafeteria"",""coffee_shop"",""cafe"",""food_store"",""store"",""point_of_interest"",""food"",""establishment""],""rating"":null}"
CASA DO VELOZO,Casa Do Velozo,ChIJS93_JYmDv5QRwT2MJ8fV7Ug,"R. JOÃO LUIZ AFFONSO, DUARTINA - SP, 17470-000",Duartina,,SP,BR,17470-000,-22.4132926,-49.3946763,Movie theater,,,bigquery,
MULTICINE CINEMAS - PATO BRANCO,Multicine Cinemas - Pato Branco,ChIJS9V4BTxT5ZQRhdUkGZVWSNE,"R. ABEL BORTOT, 1450 - SÃO LUIZ, PATO BRANCO - PR, 85504-280",Pato Branco,,PR,BR,85504-280,-26.207581,-52.6639791,Movie theater,,,bigquery,
EMPRESA PRAIANA CINEMAS,Empresa Praiana Cinemas,ChIJSQDkWpYczpQRMyteaDPPypQ,"R. TIBIRIÇÁ, 146 - GONZAGUINHA, SÃO VICENTE - SP, 11320-020",São Vicente,,SP,BR,11320-020,-23.967923,-46.3832884,Movie theater,,,bigquery,
CINE XV,Cine Xv,ChIJSSI6Ndrdr5QRkZOXIjfYAxk,"AV. DR. MUNHOZ DA ROCHA, 668 - CENTRO, APUCARANA - PR, 86800-607",Apucarana,,PR,BR,86800-607,-23.5518001,-51.4643762,Movie theater,,,bigquery,
TOCA DO URSO,Toca Do Urso,ChIJSToEtB3p3JQRdizYj8ojM1o,"ANTÔNIO ROSENENTE NETTO, 69 - ROSEIRA DE BAIXO, CAMPINA GRANDE DO SUL - PR, 83430-000",Campina Grande do Sul,,PR,BR,83430-000,-25.3284438,-49.1282129,Movie theater,,,bigquery,
CINE ESTAÇÃO,Cine Estação,ChIJSTqsCujlzpQRdMaM6e3rrM4,"R. BASÍLIO FAZZI, 290 - CENTRO, FRANCO DA ROCHA - SP, 07802-190",Franco da Rocha,,SP,BR,07802-190,-23.3278327,-46.7268098,Movie theater,,,bigquery,
CINE SUL CINEMA MEDIANEIRA,Cine Sul Cinema Medianeira,ChIJSVeDLqGs9pQRQ6jssO4AQoY,"AV. PEDRO SOCCOL - CENTRO, MEDIANEIRA - PR, 85884-000",Medianeira,,PR,BR,85884-000,-25.2906475,-54.1013568,Movie theater,,,bigquery,
ACTION AIR BR FILMS - DRONES & CINEMA,Action Air Br Films - Drones & Cinema,ChIJSXUMf96XpgAR8U3r6IP6oFY,"R. DR. LUCÍDIO AVELAR, 180 - 9º ANDAR - BURITIS, BELO HORIZONTE - MG, 30493-165",Belo Horizonte,,MG,BR,30493-165,-19.9728603,-43.9651961,Movie theater,,,bigquery,
CINÉPOLIS,Cinépolis,ChIJSYasgeO-uZQRfz2h1H3iS_M,"R. SÃO JOSÉ, 933 - 401 - HIGIENÓPOLIS, RIBEIRÃO PRETO - SP, 14010-160",Ribeirão Preto,,SP,BR,14010-160,-21.1829435,-47.8080943,Movie theater,,,bigquery,
NÚCLEO DE CINEMA DE JABOATÃO,Núcleo De Cinema De Jaboatão,ChIJS_BTro_hqgcRw0zKOtb-8yw,CANDEIAS BEACH - CANDEIAS  JABOATÃO DOS GUARARAPES - PE  54440-620  BRASIL,Jaboatão Dos Guararapes,,PE,BR,54440-620,-8.1943023,-34.9191258,"movie_theater,point_of_interest,establishment",,,bigquery,
BRAZIL CINEFEST,Brazil Cinefest,ChIJSbGbsFbVmwARKhXOHDbpwyg,"AV. NOSSA SRA. DE COPACABANA, 360 - COPACABANA, RIO DE JANEIRO - RJ, 22050-001",RIO DE JANEIRO,,RJ,BR,22050-001,-22.9669143,-43.1803669,Movie theater,,,bigquery,
CINEMA DÉCADA 60,Cinema Década 60,ChIJSbHfhYg7RgcRtXxyII7bJ40,"AV. DERALDO MENDES, 1 - BRASIL, VITÓRIA DA CONQUISTA - BA, 45051-010",Vitória da Conquista,,BA,BR,45051-010,-14.85399,-40.8492852,Movie theater,,,bigquery,
CINE AMAZONAS,Cine Amazonas,ChIJSdjCzoaXpgARiD9O4YYorYY,"AV. AMAZONAS, 3583 - CENTRO, BELO HORIZONTE - MG, 30180-001",Belo Horizonte,,MG,BR,30180-001,-19.9313246,-43.9662578,Movie theater,,,bigquery,
Moviemax Cine Eldorado,Moviemax Cine Eldorado,ChIJSf9ZwCANBwcRfB04tsePdGU,"Av. Rui Barbosa, 1071 - Heliópolis, Garanhuns - PE, 55295-530",Garanhuns,,PE,BR,55295530,-8.8822758,-36.478366099999995,"movie_theater,point_of_interest,establishment",,,bigquery,"{""source"":""google_places_augment"",""types"":[""movie_theater"",""point_of_interest"",""establishment""],""rating"":null}"
SHAOLLIN ANIMES,Shaollin Animes,ChIJSfh1FYF7mQARNMqJS3c-DWc,"R. EUCLÍDES FARIA, 2 - RAMOS, RIO DE JANEIRO - RJ, 21060-100",Rio de Janeiro,,RJ,BR,21060-100,-22.854048,-43.2615262,Movie theater,,,bigquery,
CINE MATRIZ TIETÊ,Cine Matriz Tietê,ChIJSxlh6I9kzpQR7nMvMzm1OzE,"JARDIM CAMARGO NOVO, SÃO PAULO - STATE OF SÃO PAULO, 08120-260",São Paulo,,SP,BR,08120-260,-23.5073926,-46.3932002,Movie theater,,,bigquery,
CINE UCAM,Cine Ucam,ChIJT-UtGgXVmwARH31WUPeykyQ,"R. JOANA ANGÉLICA, 63 - IPANEMA, RIO DE JANEIRO - RJ, 22420-030",RIO DE JANEIRO,,RJ,BR,22420-030,-22.9848413,-43.2053052,Movie theater,,,bigquery,
CONTÉM CULTURA BUGRE,Contém Cultura Bugre,ChIJT1kcAOMNsAAR40JTfGr8Ij8,"R. CEL. AMARAL, 78, BUGRE - MG, 35193-000",Bugre,,MG,BR,35193-000,-19.4266506,-42.2567955,Movie theater,,,bigquery,
CINE JAGUAR VALE - CINEMA DE RUSSAS,Cine Jaguar Vale - Cinema De Russas,ChIJT370Jth5uQcR0L9ma45ctZE,"AV. IRMÃ MARIA DA GRAÇA, 431 - PLANALTO DA CATUMBELA, RUSSAS - CE, 62900-000",Russas,,CE,BR,62900-000,-4.943968,-37.9801684,Movie theater,,,bigquery,
TRES IRMAOS,Tres Irmaos,ChIJT3uVotwpv5QRWLcgx_y-8kM,"AV. PRES. KENEDY, 418-602 - TRES IRMÃOS, IBITINGA - SP, 14940-000",Ibitinga,,SP,BR,14940-000,-21.7567168,-48.8154152,Movie theater,,,bigquery,
TWENTY DESIGN,Twenty Design,ChIJT4cfex_llAcRnOQcl8QNfgI,"R. SEN. CATUNDA, 220 - 10A - CENTRO, GUARACIABA DO NORTE - CE, 62380-000",Guaraciaba do Norte,,CE,BR,62380-000,-4.1592824,-40.7445999,Movie theater,,,bigquery,
FUNCHAL,Funchal,ChIJT5Xas2GXpgARlkr0K6J0xnw,"R. ALVARENGA PEIXOTO, 608 - LOURDES, BELO HORIZONTE - MG, 30180-120",Belo Horizonte,,MG,BR,30180-120,-19.9305747,-43.9442111,Movie theater,,,bigquery,
CINEMATECA CAPITÓLIO,Cinemateca Capitólio,ChIJT84miAN5GZURgWwarVP1FnI,"R. DEMÉTRIO RIBEIRO, 1085 - CENTRO HISTÓRICO, PORTO ALEGRE - RS, 90010-311",Porto Alegre,,RS,BR,90010-311,-30.0362104,-51.2283441,Movie theater,,,bigquery,
Cinema Vale das Videiras,Cinema Vale das Videiras,ChIJTQh6dwAFmQARy-7eqsZhhuA,"Estr. Alm. Paulo Martins Meira, 9663 - Val Videiras, Petrópolis - RJ, 25725-029, Brazil",Petrópolis,,RJ,BR,25725029,-22.4239707,-43.3141906,"movie_theater,point_of_interest,establishment",,,bigquery,"{""source"": ""supabase_places_cache_migration"", ""types"": [""movie_theater"", ""point_of_interest"", ""establishment""], ""rating"": null, ""refreshed_at"": ""2026-05-25T19:20:14.572+00:00""}"
.ENGENHOCA.,.engenhoca.,ChIJTR7_MAuFmQARIoUbH0qRmIQ,"AV. JOÃO MENDES - ENGENHOCA, NITERÓI - RJ, 24110-476",Niterói,,RJ,BR,24110-476,-22.8701678,-43.0959743,Movie theater,,,bigquery,
Teatro Sesi Ribeirão Preto,Teatro Sesi Ribeirão Preto,ChIJTRXS_TC_uZQRH0knZfoHSEM,"R. João Ignacchitti, 20-364 - Jardim Castelo Branco, Ribeirão Preto - SP, 14090-640, Brazil",Ribeirão Preto,,SP,BR,14090640,-21.1901757,-47.7752056,"movie_theater,point_of_interest,establishment",,,bigquery,"{""source"": ""supabase_places_cache_migration"", ""types"": [""movie_theater"", ""point_of_interest"", ""establishment""], ""rating"": null, ""refreshed_at"": ""2026-05-25T19:18:09.661+00:00""}"
PHOTOGRAPHY FOTO E DESIGN- ESTÚDIO FOTOGRAFIA E FILMAGEM,Photography Foto E Design- Estúdio Fotografia E Filmagem,ChIJTRg-bz_BG5UR6mPKWLwTa60,"R. LUPICÍNIO RODRIGUES, 221 - ORVISA, CHARQUEADAS - RS, 96745-000",Charqueadas,,RS,BR,96745-000,-29.9642478,-51.6208585,Movie theater,,,bigquery,
GREEN BOX TV,Green Box Tv,ChIJTUQB0gn_rwARGWspVtu77jk,"R. TUPINIQUINS - IGUAÇU, IPATINGA - MG, 35162-138",Ipatinga,,MG,BR,35162-138,-19.4784276,-42.5569397,Movie theater,,,bigquery,
CIRCUITO SPCINE PAZ,Circuito Spcine Paz,ChIJTUnvSx_6zpQRcm8g9KVJzPs,"CEU PAZ - RUA DANIEL CERRI, 1549 - JARDIM PARANÁ, SÃO PAULO - SP, 02876-170",São Paulo,,SP,BR,02876-170,-23.4480552,-46.6888433,Movie theater,,,bigquery,
TEATRO METRÓPOLE POLITHEAMA,Teatro Metrópole Politheama,ChIJTVtWuwX5zJQR7KHwfEjDkKo,"〒12020-050 SÃO PAULO, TAUBATÉ, CENTRO, ドゥーケ・デ・カシアス通り",Taubaté,,SP,BR,12020-050,-23.0257871,-45.554986,Movie theater,,,bigquery,
Sacolé Cremojú Gourmet - Shopping Cinema,Sacolé Cremojú Gourmet - Shopping Cinema,ChIJTWbTVSFtlwARubVVOtQcDVA,"Av. John Kennedy, 292 - Shopping - Araruama, RJ, 28970-000",Araruama,,RJ,BR,28970000,-22.8787037,-42.3410732,"ice_cream_shop,dessert_shop,confectionery,food_store,food,store,service,point_of_interest,establishment",,,bigquery,"{""source"":""google_places_augment"",""types"":[""ice_cream_shop"",""dessert_shop"",""confectionery"",""food_store"",""food"",""store"",""service"",""point_of_interest"",""establishment""],""rating"":null}"
MOSTRA DO CINEMA POSSÍVEL E URGENTE,Mostra Do Cinema Possível E Urgente,ChIJTX-NPt9LxwcR-O1EKIiGEeA,"AV. DA UNIVERSIDADE, 2853 - BENFICA, FORTALEZA - CE, 60020-181",Fortaleza,,CE,BR,60020-181,-3.741872,-38.538798,Movie theater,,,bigquery,
CINE EXCELSIOR,Cine Excelsior,ChIJTXc1AOYEFgcR_KQCJpdaQac,"PRAÇA DA SÉ, 203-47 - PELOURINHO, SALVADOR - BA, 40020-210",Salvador,,BA,BR,40020-210,-12.973181,-38.5111141,Movie theater,,,bigquery,
CINE SANTANA,Cine Santana,ChIJTZON6i72zpQRbo-u7ThHATU,"SANTANA, SÃO PAULO - STATE OF SÃO PAULO, 02010-700",São Paulo,,SP,BR,02010-700,-23.5010462,-46.6257742,Movie theater,,,bigquery,
CINEMAXS DRIVE-IN! NO CANNUCE EVENTOS A PARTIR DO DIA 11/06/20,Cinemaxs Drive-In! No Cannuce Eventos A Partir Do Dia 11/06/20,ChIJTawPGjt17ZQR2OmOqZCx-6k,"RODOVIA BR 158, KM 222, PARANÁ AREA URBANIZADA IV, CAMPO MOURÃO - PR, 87314-899",Campo Mourão,,PR,BR,87314-899,-24.0720464,-52.3582658,Drive-in movie theater,,,bigquery,
Arthousebc,Arthousebc,ChIJTckXPvC12JQRoeCVzbkJ57w,"R. São Paulo, 581 - Galpão 1 - Estados, Balneário Camboriú - SC, 88339-025",Balneário Camboriú,,SC,BR,88339025,-26.9971353,-48.650229599999996,"movie_theater,coworking_space,cultural_center,auditorium,cafe,bar,manufacturer,event_venue,food,point_of_interest,establishment",,,bigquery,"{""source"":""google_places_augment"",""types"":[""movie_theater"",""coworking_space"",""cultural_center"",""auditorium"",""cafe"",""bar"",""manufacturer"",""event_venue"",""food"",""point_of_interest"",""establishment""],""rating"":null}"
BRAVAS,Bravas,ChIJTf-ZcKZ_mQAR8oYVLwPjBRU,"R. BARÃO DE MESQUITA, 463 - TIJUCA, RIO DE JANEIRO - RJ, 20540-145",Rio de Janeiro,,RJ,BR,20540-145,-22.924307,-43.2391288,Movie theater,,,bigquery,
VIATV COMUNICAÇÃO CULTURA,Viatv Comunicação Cultura,ChIJTfBpQ5gAz5QR5KBM5oAOhKU,"R. GONZAGA, 800 - CAIAPIA, COTIA - SP, 06705-485",Cotia,,SP,BR,06705-485,-23.5892875,-46.8815132,Movie theater,,,bigquery,
Omnivox Estúdio de Dublagem,Omnivox Estúdio de Dublagem,ChIJTfqCxY9nmQAREpoI_n0PQtE,"Estr. Elizeu de Alvarenga, 562 - casa 1 - Chatuba, Mesquita - RJ, 26587-781, Brazil",Mesquita,,RJ,BR,26587781,-22.7983127,-43.4324738,"movie_theater,point_of_interest,establishment",,,bigquery,"{""source"": ""supabase_places_cache_migration"", ""types"": [""movie_theater"", ""point_of_interest"", ""establishment""], ""rating"": null, ""refreshed_at"": ""2026-05-25T19:20:15.452+00:00""}"
FÃ CLUBE DO FAUSTÃO,Fã Clube Do Faustão,ChIJTwZaheFXGJURgviUgpOioJQ,"AV. CEL. VICTOR VILLA VERDE, 1138-1162 - PITANGUEIRAS, SANTO ANTÔNIO DA PATRULHA - RS, 95500-000",Santo Antônio da Patrulha,,RS,BR,95500-000,-29.8360818,-50.5296644,Movie theater,,,bigquery,
CINE ARAÚJO,Cine Araújo,ChIJTxWRgZ9jmQAR2JJnjqGd-hI,"AV. BRASIL, 22155 - GUADALUPE, RIO DE JANEIRO - RJ, 21670-900",Rio de Janeiro,,RJ,BR,21670-900,-22.8413446,-43.3702125,Movie theater,,,bigquery,
Z-ON CINE LTDA.,Z-On Cine Ltda.,ChIJTyB3n3fdyJQRO8CeqEmgOnY,"R. JOÃO MOISES CASTELO, 401B, PEDREIRA - SP, 13920-000",Pedreira,,SP,BR,13920-000,-22.737291,-46.917158,Movie theater,,,bigquery,
ALINE MORAES DE SOUSA,Aline Moraes De Sousa,ChIJTz5NPjKByJQR3qXEvqtFlrc,"R. JOÃO CIARROCHI, 159 - JARDIM OLGA VERONI, LIMEIRA - SP, 13487-136",Limeira,,SP,BR,13487-136,-22.5830362,-47.3744844,Movie theater,,,bigquery,
M M CHAINCA E CIA,M M Chainca E Cia,ChIJTzZirrQVvpQRVFawWcF5BDI,"RUA OLAVO BILAC, 62 - VILA SAO JOSE, LINS - SP, 16400-075",Lins,,SP,BR,16400-075,-21.670518,-49.7478077,Movie theater,,,bigquery,
ROCINHA,Rocinha,ChIJU-nhRKmyTgcRKqJ4fKdmZWg,"111, TV. C. MENDES, 1, PEDRA AZUL - MG, 39970-000",Pedra Azul,,MG,BR,39970-000,-16.008611,-41.2865986,Movie theater,,,bigquery,
BODE TEC,Bode Tec,ChIJU1DzR1D3zpQRHmpCSju_hGU,"R. ANA RIBEIRO, 182 - VILA ESTER (ZONA NORTE), SÃO PAULO - SP, 02536-010",São Paulo,,SP,BR,02536-010,-23.4958976,-46.6497721,Movie theater,,,bigquery,
TOCARANAVADENA,Tocaranavadena,ChIJU3Y97wFDqAARrjiE9HC7-bI,"MORRO DA GARÇA - STATE OF MINAS GERAIS, 35798-000",Morro da Garça,,MG,BR,35798-000,-18.5494918,-44.5992431,Movie theater,,,bigquery,
CULT CINEMA ALEGRETE,Cult Cinema Alegrete,ChIJU5DZMo23qpURCwvCXz3q0ps,"R. LUÍS DE FREITAS, 422 - CENTRO, ALEGRETE - RS, 97541-100",Alegrete,,RS,BR,97541-100,-29.7795068,-55.7890496,Movie theater,,,bigquery,
G 5 CINEMA E VIDEO,G 5 Cinema E Video,ChIJU5k4atK-uZQRhrQGGQUTDf8,"R. INÁCIO LUÍZ PINTO, 200 - ALTO DA BOA VISTA, RIBEIRÃO PRETO - SP, 14025-680",Ribeirão Preto,,SP,BR,14025-680,-21.2059271,-47.8116458,Movie theater,,,bigquery,
MOVIECOM CINEMAS - JUNDIAI,Moviecom Cinemas - Jundiai,ChIJU68LamUmz5QRgkh6y7HH6Ok,"AV. ANTONIO FREDERICO OZANAM, 6000 - VILA RIO BRANCO, JUNDIAÍ - SP, 13215-900",Jundiaí,,SP,BR,13215-900,-23.169167,-46.8907059,Movie theater,,,bigquery,
ANTIGO CINE ODEON,Antigo Cine Odeon,ChIJU6U2zmCzowcRsJ61f3_N9pc,"R. DEP. LUIZ OTACILIO, 132 - CENTRO, VÁRZEA ALEGRE - CE, 63540-000",Várzea Alegre,,CE,BR,63540-000,-6.7904343,-39.2973058,Movie theater,,,bigquery,
DARLING CINE,Darling Cine,ChIJUR8Pl6_dmwARTLQoa42eGrU,"AV. DAS AMÉRICAS, 16237 - RECREIO DOS BANDEIRANTES, RIO DE JANEIRO - RJ, 22790-701",Rio de Janeiro,,RJ,BR,22790-701,-23.0141837,-43.4624706,Movie theater,,,bigquery,
Cine Energia,Cine Energia,ChIJURe0LwAJu5QR0VHm0us42HU,"Av. José Cavenaghe, 1355, Guaíra - SP, 14790-000, Brazil",Guaíra,,SP,BR,14790000,-20.327537,-48.3085661,"movie_theater,point_of_interest,establishment",,,bigquery,"{""source"": ""supabase_places_cache_migration"", ""types"": [""movie_theater"", ""point_of_interest"", ""establishment""], ""rating"": null, ""refreshed_at"": ""2026-05-25T19:19:11.259+00:00""}"
CINESERCLA ITAGUAÍ,Cinesercla Itaguaí,ChIJUSdiKB_5mwARZ14eUx2oDC0,"S/Nº LOTE B, RODOVIA RIO SANTOS, 1.061 - ZONA INDUSTRIAL, ITAGUAÍ - RJ, 23812-101",Itaguaí,,RJ,BR,23812-101,-22.8670728,-43.7482956,Movie theater,,,bigquery,
RESIDENCE OF THE PAZ,Residence Of The Paz,ChIJUTLBVqgJApURMYf8Us5QcLw,"AV. BÔRTOLO FOGLIATO - CENTRO, TUPANCIRETÃ - RS, 98170-000",Tupanciretã,,RS,BR,98170-000,-29.0767287,-53.8366221,Movie theater,,,bigquery,
ANTIGO CINEMA | ESPAÇO CULTURAL SINHÁ PRADO,Antigo Cinema | Espaço Cultural Sinhá Prado,ChIJUUsQkhwgy5QR146qEAYb3Ro,"R. VIRGÍLIO DE MELO FRANCO, 481 / 495 - CENTRO, CAMBUQUIRA - MG, 37420-000",Cambuquira,,MG,BR,37420-000,-21.8509807,-45.2952756,Cultural center,,,bigquery,
GRAVA DOIS,Grava Dois,ChIJUV0jLFBDpJQRQAu4OHaXdC8,"R. DA SÁLVIA, 201 - PANORAMA, UBERLÂNDIA - MG, 38413-647",Uberlândia,,MG,BR,38413-647,-18.9571751,-48.345933,Movie theater,,,bigquery,
MAUKAN PRODUCTION,Maukan Production,ChIJUV7tbRV5GZUR-0pH-TpYhcQ,"R. PEDRO VELHO, 217 - PARTENON, PORTO ALEGRE - RS, 90680-510",Porto Alegre,,RS,BR,90680-510,-30.0631409,-51.1909431,Movie theater,,,bigquery,
CINE 6D - CRAZY JUMP,Cine 6d - Crazy Jump,ChIJUYQWntsBz5QR9EtoPoYaVeo,"RUA GENERAL DE DIVISÃO PEDRO RODRIGUES DA SILVA, 400 PISO L1 - NOVA ALDEINHA, BARUERI - SP, 06440-180",Barueri,,SP,BR,06440-180,-23.516391,-46.855748,Movie theater,,,bigquery,
CINEMA NO PLAZA,Cinema No Plaza,ChIJUYrdr0KDmQARS6ge12TWtFA,"RUA QUINZE DE NOVEMBRO - CENTRO, NITERÓI - RJ, 24020-130",NITERÓI,,RJ,BR,24020-130,-22.8964453,-43.1239209,Movie theater,,,bigquery,
CINE MIRACEMA,Cine Miracema,ChIJUZBmpAvhvAAR_fYUM2-UO4w,"R. CEL. ARMANDO RIBEIRO - MORRO DO DEMÉTRIO, MIRACEMA - RJ, 28460-000",Miracema,,RJ,BR,28460-000,-21.4074892,-42.1898738,Movie theater,,,bigquery,
VÍDEOS BARBACENA,Vídeos Barbacena,ChIJU_2OK9UhogARzz-sVZ9q1s0,"R. LIMA DUARTE - CENTRO, BARBACENA - MG, 36200-008",Barbacena,,MG,BR,36200-008,-21.227841,-43.773293,Movie theater,,,bigquery,
Woody Willen Cineasta,Woody Willen Cineasta,ChIJU_DLO6kfqwcRZSbveBjUfzQ,"Av. República do Líbano, 251 - Pina, Recife - PE, 51110-160",Recife,,PE,BR,51110160,-8.0865288,-34.893842500000005,"movie_theater,point_of_interest,establishment",,,bigquery,"{""source"":""google_places_augment"",""types"":[""movie_theater"",""point_of_interest"",""establishment""],""rating"":null}"
Cinema Carrefour,Carrefour,ChIJU_m0RABRzpQR3svFg08aaI0,"Av. Alberto Augusto Alves, 50 - Vila Andrade, São Paulo - SP, 05724-030, Brazil",São Paulo,,SP,BR,05724030,-23.6418048,-46.7343408,"movie_theater,point_of_interest,establishment",,,bigquery,"{""source"":""google_places_augment"",""types"":[""movie_theater"",""point_of_interest"",""establishment""],""rating"":null}"
BARRACA DO BOCÃO,Barraca Do Bocão,ChIJU_wRqmSRpgAR1c8StG0_-LA,"AV. DAS PALMEIRAS - SÃO LUIZ, BELO HORIZONTE - MG",Belo Horizonte,,MG,BR,,-19.8588458,-43.9714936,Movie theater,,,bigquery,
Cinesercla PátioMix Itaguaí,Cinesercla PátioMix Itaguaí,ChIJUcDZNR_5mwARLv59f37Wsj4,"Rod. Rio-Santos, 1038 - Vila Ibirapitanga, Itaguaí - RJ, 23812-101, Brazil",Itaguaí,,RJ,BR,23812101,-22.8665203,-43.7477286,"movie_theater,point_of_interest,establishment",,,bigquery,"{""source"": ""supabase_places_cache_migration"", ""types"": [""movie_theater"", ""point_of_interest"", ""establishment""], ""rating"": null, ""refreshed_at"": ""2026-05-25T19:20:16.591+00:00""}"
Cm cinemas Pádua,Cm cinemas Pádua,ChIJUcKE_qYZvQARsQs7nkTAxd8,"R. Neri R Ferreira - Lot. Floresta, Santo Antônio de Pádua - RJ, 28470-000, Brazil",Santo Antônio de Pádua,,RJ,BR,28470000,-21.5604746,-42.1841478,"movie_theater,point_of_interest,establishment",,,bigquery,"{""source"": ""supabase_places_cache_migration"", ""types"": [""movie_theater"", ""point_of_interest"", ""establishment""], ""rating"": null, ""refreshed_at"": ""2026-05-25T19:19:22.743+00:00""}"
LUAU ESPIRITUAL DEACO,Luau Espiritual Deaco,ChIJUcLIid373JQR9lTdMvycGMk,"RUA DONA IZABEL A REDENTORA, 1332 - CENTRO, SÃO JOSÉ DOS PINHAIS - PR, 83005-010",São José dos Pinhais,,PR,BR,83005-010,-25.5370612,-49.2056377,Movie theater,,,bigquery,
UCI PLAZA SUL,Uci Plaza Sul,ChIJUcZ79QFbzpQRB0WrclngIhE,"PRAÇA LEONOR KAUPA, 100 - BOSQUE DA SAÚDE, SÃO PAULO - SP, 04151-100",São Paulo,,SP,BR,04151-100,-23.6198179,-46.6268084,Movie theater,,,bigquery,
ANA PAULA RIBEIRO,Ana Paula Ribeiro,ChIJUfWjUyFbzpQRjeh1iGbQzsE,"R. BORGES LAGOA, 1209 - VILA MARIANA, SÃO PAULO - SP, 04038-033",São Paulo,,SP,BR,04038-033,-23.5970137,-46.6483645,Movie theater,,,bigquery,
Renan Filmes Locadora/Cinema,Renan Filmes Locadora/Cinema,ChIJUxCZp_MVlpQR91e8qYnM5mQ,"Rua Isabel Fernandes Liranço - Nucleo Hab. Thereza Maria Barbieri, Birigui - SP, 16203-205, Brazil",Birigui,,SP,BR,16203205,-21.2945065,-50.3157065,"movie_theater,point_of_interest,establishment",,,bigquery,"{""source"": ""supabase_places_cache_migration"", ""types"": [""movie_theater"", ""point_of_interest"", ""establishment""], ""rating"": null, ""refreshed_at"": ""2026-05-25T19:18:18.863+00:00""}"
CINE BOM VIZINHO,Cine Bom Vizinho,ChIJUyiCaVWzuQcR6-0upf9_5XM,"R. CEL. ALEXANDRINO, 1748 - NOSSA SRA. DE LOURDES, ARACATI - CE, 62800-000",Aracati,,CE,BR,62800-000,-4.5731458,-37.7763767,Movie theater,,,bigquery,
EBISU FILMES,Ebisu Filmes,ChIJV-2oJ4FXzpQR4apVfcfwZzs,"R. ARTUR DE AZEVEDO, 32 - CERQUEIRA CÉSAR, SÃO PAULO - SP, 05404-000",São Paulo,,SP,BR,05404-000,-23.5574816,-46.6732553,Movie theater,,,bigquery,
CASA ÁTOMO FILMES,Casa Átomo Filmes,ChIJV-WhQN95GZURPs2e6OcIEvw,"AV. CRISTÓVÃO COLOMBO, 100 - SALA 107 - INDEPENDÊNCIA, PORTO ALEGRE - RS, 90560-002",Porto Alegre,,RS,BR,90560-002,-30.0279902,-51.2163366,Movie theater,,,bigquery,
CINE TEATRO GLÓRIA,Cine Teatro Glória,ChIJV0n1uV0x_ZQRpEWjH3A_k8U,"CARAZINHO, STATE OF RIO GRANDE DO SUL, 99500-000",Carazinho,,RS,BR,99500-000,-28.2959751,-52.8001169,Movie theater,,,bigquery,
MOLAS MARANHAO,Molas Maranhao,ChIJV1u6QNOjtgARudCld31v9ug,POSYO DE MOLAS,Mantena,,MG,BR,,-18.7736732,-41.0000787,Movie theater,,,bigquery,
LORA,Lora,ChIJV5Dte_55GZUR0KylEX6X1oU,"R. MOSTARDEIRO, 992 - MOINHOS DE VENTO, PORTO ALEGRE - RS, 90430-000",Porto Alegre,,RS,BR,90430-000,-30.0282527,-51.1969029,Movie theater,,,bigquery,
RUA JUVENAL RIBEIRO,Rua Juvenal Ribeiro,ChIJV5kmhSPxegcRStEAxcv_KTE,"R. LAURO DE FREITAS, 306 - CAMPO ALEGRE DE LOURDES, BA, 47220-000",Campo Alegre de Lourdes,,BA,BR,47220-000,-9.5241174,-43.0172058,Movie theater,,,bigquery,
BLOG AUDIOVISUAL,Blog Audiovisual,ChIJV73ImltYzpQRL6E1UUQ2m50,"R. DO TRIUNFO, 265 - SANTA IFIGÊNIA, SÃO PAULO - SP, 01212-010",São Paulo,,SP,BR,01212-010,-23.5359774,-46.6386581,Movie theater,,,bigquery,
GRUPO STORM,Grupo Storm,ChIJV7aMa4Q1zJQRhDKeApN5sKo,"AV. CASSIANO RICARDO, 319 - JARDIM AQUARIUS, SÃO JOSÉ DOS CAMPOS - SP, 12246-870",São José dos Campos,,SP,BR,12246-870,-23.2143763,-45.9092814,Movie theater,,,bigquery,
CINE TEATRO HOUSE OF CULTURE,Cine Teatro House Of Culture,ChIJV7isjhrsjZQRR4RQN1JWJFA,"S/N, PRAÇA ANTÔNIO CASTILHO",Rosana,,SP,BR,,-22.5314364,-52.9468878,Movie theater,,,bigquery,
CINE QUISSAMÃ,Cine Quissamã,ChIJV9XFFyLvvQARDBH1x__jJV8,"CENTRO, QUISSAMÃ - STATE OF RIO DE JANEIRO, 28735-000",Quissamã,,RJ,BR,28735-000,-22.1065278,-41.473669,Movie theater,,,bigquery,
CINE RÍO VERDE,Cine Río Verde,ChIJVQV1b7Mvy5QRafjAhhls1Ok,"R. MAURÍCIO CHAIB, 33 - CONCEIÇÃO DO RIO VERDE, MG, 37430-000",Conceição do Rio Verde,,MG,BR,37430-000,-21.8823671,-45.0820112,Movie theater,,,bigquery,
Ex Cinema Brasília,Ex Cinema Brasília,ChIJVSaJRgADzpQR1LYXe7n8RmQ,"Av. Dr. Pedro Lessa, 487 - Ponta da Praia, Santos - SP, 11025-001, Brazil",Santos,,SP,BR,11025001,-23.9784891,-46.298609,"movie_theater,point_of_interest,establishment",,,bigquery,"{""source"": ""supabase_places_cache_migration"", ""types"": [""movie_theater"", ""point_of_interest"", ""establishment""], ""rating"": null, ""refreshed_at"": ""2026-05-25T19:18:12.269+00:00""}"
TÚNEL MARIA RICO MUNDO,Túnel Maria Rico Mundo,ChIJVTNXf0dFpJQRbSGFxnAlqyg,"AV. GERALDO MOTTA BATISTA, 275-263 - DANIEL FONSECA, UBERLÂNDIA - MG, 38412-066",Uberlândia,,MG,BR,38412-066,-18.9264533,-48.2959932,Movie theater,,,bigquery,
FILMEN TRAILERS,Filmen Trailers,ChIJVTut6CtDx5QRD6xNmwuGCds,"R. VITOR ROQUE - JARDIM JOÃO PAULO, MINEIROS DO TIETÊ - SP, 17320-000",Mineiros do Tietê,,SP,BR,17320-000,-22.4206858,-48.4448107,Movie theater,,,bigquery,
TEATRO MUNICIPAL,Teatro Municipal,ChIJVUSr8roRwpQR2PZWA-2hThM,"RUA LUIZ PINHEIRO, 1347 - ARAPOTI, PR, 84990-000",Arapoti,,PR,BR,84990-000,-24.1483733,-49.8259549,Movie theater,,,bigquery,
MEQE CINE,Meqe Cine,ChIJVUZ4Mf63lZQR9VXN3tbfvLA,"R. CAINGANGS, 326 - CENTRO, TUPÃ - SP, 17600-070",Tupã,,SP,BR,17600-070,-21.9317745,-50.516467,Movie theater,,,bigquery,
VALENZA FILMES,Valenza Filmes,ChIJVVUVXVZXzpQRqa9fsk5YaXs,"AV. SANTO AMARO, 1047 - VILA NOVA CONCEIÇÃO, SÃO PAULO - SP, 04505-001",São Paulo,,SP,BR,04505-001,-23.5934195,-46.6724215,Movie theater,,,bigquery,
CINEESTRELA,Cineestrela,ChIJVVUVbUDamwAR5I-KPzn5d2Y,"AV. DAS AMÉRICAS, 3665 - LOJA 241 - BARRA DA TIJUCA, RIO DE JANEIRO - RJ, 22631-003",Rio de Janeiro,,RJ,BR,22631-003,-23.0011999,-43.350013,Movie theater,,,bigquery,
ESPAÇO RIO DESIGN,Espaço Rio Design,ChIJVVW6xJjbmwARM4JYg23Hac0,"AV. DAS AMÉRICAS, 7777 - BARRA DA TIJUCA, RIO DE JANEIRO - RJ, 22793-081",Rio de Janeiro,,RJ,BR,22793-081,-23.0008647,-43.3891355,Movie theater,,,bigquery,
FEEL FILMES - PRODUÇÃO AUDIOVISUAL DE IMPACTO,Feel Filmes - Produção Audiovisual De Impacto,ChIJVWp2CydazpQRr-q37xJyyBc,"R. CASTANHEIRO, 14 - VILA MARIANA, SÃO PAULO - SP, 04023-040",São Paulo,,SP,BR,04023-040,-23.5910134,-46.6442621,Movie theater,,,bigquery,
CINE SHOW,Cine Show,ChIJVX9rSfOKlwARBtxTvYPL8ww,"5, R. MOISÉS AMÉLIO, 17 - CENTRO, NOVA FRIBURGO - RJ, 28613-210",Nova Friburgo,,RJ,BR,28613-210,-22.2895755,-42.5309791,Movie theater,,,bigquery,
ESTAÇÃO NET IPANEMA,Estação Net Ipanema,ChIJVXo_ZwfVmwAR49adPYWzWM8,"R. VISC. DE PIRAJÁ, 605 - IPANEMA, RIO DE JANEIRO - RJ, 22410-003",RIO DE JANEIRO,,RJ,BR,22410-003,-22.9840568,-43.2130877,Movie theater,,,bigquery,
CINE WEST SIDE,Cine West Side,ChIJVXrbJaTV85QRUfUbsmFMjqw,"R. APUCARANA, 250-310 - REGIÃO DO LAGO, CASCAVEL - PR, 85816-080",Cascavel,,PR,BR,85816-080,-24.9473021,-53.4282485,Movie theater,,,bigquery,
VERÔNICA. MARIA CORREIA,Verônica. Maria Correia,ChIJVYGel5Gb0pQRBoar5zqG6_s,"CENTRO, SÃO SEBASTIÃO - STATE OF SÃO PAULO, 11600-000",São Sebastião,,SP,BR,11600-000,-23.8063468,-45.4016534,Movie theater,,,bigquery,
CINECARIOCA NOVA BRASILIA,Cinecarioca Nova Brasilia,ChIJVb1-ngt8mQARDmKuahudsD0,"PRAÇA NOSSA SENHORA DE FÁTIMA, R. NOVA BRASÍLIA, S/N - BONSUCESSO, RIO DE JANEIRO - RJ, 21061-060",Rio de Janeiro,,RJ,BR,21061-060,-22.8648157,-43.2726372,Movie theater,,,bigquery,
"IMOBILIÁRIAS AGORA ""WWW.JORNALMOVEISEIMOVEIS.COM.BR","Imobiliárias Agora ""www.jornalmoveiseimoveis.com.br",ChIJVbH_g2KWkpQR-3vhT3YnIvA,"R. GETÚLIO VARGAS, 1012 - CENTRO, PARANAVAÍ - PR, 87701-000",Paranavaí,,PR,BR,87701-000,-23.0821226,-52.4622155,Movie theater,,,bigquery,
CINE XIQUE XIQUE,Cine Xique Xique,ChIJVbIMu5aTWgcRhrzWqVu4DT4,"MUTÃS, GUANAMBI - STATE OF BAHIA, 46430-000",Guanambi,,BA,BR,46430-000,-14.3207101,-42.979242,Movie theater,,,bigquery,
SHAOLLIN ANIMES,Shaollin Animes,ChIJVbzgmu5_mQARZEjZS1iP4mA,"RUA CONDE DE BONFIM, 395 - TIJUCA, RIO DE JANEIRO - RJ, 20520-051",Rio de Janeiro,,RJ,BR,20520-051,-22.92554,-43.2343549,Movie theater,,,bigquery,
CINEART,Cineart,ChIJVdB7dja5y5QR8-H5v9eAPX4,"RODOVIA BR-459, S/N - LOJA 5 - IPIRANGA, POUSO ALEGRE - MG, 37550-000",Itajubá,,MG,BR,37550-000,-22.4257109,-45.4608162,Movie theater,,,bigquery,
CINE DEBATE LATINOAMERICANO,Cine Debate Latinoamericano,ChIJVdeGYNBRzZQRZZRQfwhbh7k,"R. CONCEIÇÃO - UBATUBA, SP, 11680-000",Ubatuba,,SP,BR,11680-000,-23.4343157,-45.0815196,Movie theater,,,bigquery,
CINE7 SÃO GABRIEL,Cine7 São Gabriel,ChIJVeQW4QlPAZURhoicipJXF2k,"R. MAURÍCIO CARDOSO, 1187 - CENTRO, SÃO GABRIEL - RS, 97300-060",São Gabriel,,RS,BR,97300-060,-30.3349218,-54.323754,Movie theater,,,bigquery,
CINE SHOW,Cine Show,ChIJVw-RbW2YngARQrABL5PSn3Q,"R. DOZE, 300 - VILA SANTA CECÍLIA, VOLTA REDONDA - RJ, 27260-315",Volta Redonda,,RJ,BR,27260-315,-22.5165736,-44.1065235,Movie theater,,,bigquery,
CINE MARACANGALHA,Cine Maracangalha,ChIJVw6Cm_h5FgcRATL1ZFvRLg4,"MARACANGALHA, SÃO SEBASTIÃO DO PASSÉ - STATE OF BAHIA, 43850-000",São Sebastião do Passé,,BA,BR,43850-000,-12.6050528,-38.5711874,Movie theater,,,bigquery,
DALGENY,Dalgeny,ChIJVxLBMxVDzpQRLxhQ2FqbIrQ,"R. CORONEL-PM CELESTINO HENRIQUE FERNANDES, 86 - SANTA MARIA, SANTO ANDRÉ - SP, 09071-360",Santo André,,SP,BR,09071-360,-23.6496618,-46.5544793,Movie theater,,,bigquery,
CINEFLIX SHOPPING PÁTIO PINDA,Cineflix Shopping Pátio Pinda,ChIJVxRtanrwzJQR2e2CnRIqU0M,"SHOPPING PÁTIO PINDA - ROD. AMADOR BUENO DA VEIGA - SOCORRO, PINDAMONHANGABA - SP, 12421-705",Pindamonhangaba,,SP,BR,12421-705,-22.9489,-45.4792,Movie theater,,,bigquery,
CINEUNIPLEX,Cineuniplex,ChIJW10AEpXo3JQRY5eA1jHnzW8,JARDIM NOSSA SRA. DE FATIMA  COLOMBO - PR  83404-000  BRASIL,Colombo,,PR,BR,83404-000,-25.3610975,-49.1847312,"movie_theater,point_of_interest,establishment",,,bigquery,
Loja do CINEMA,Loja do CINEMA,ChIJW2AgKas8xpQRJyhnc9SvDTc,"R. Prudente de Moraes, 136 - Centro, Rio das Pedras - SP, 13390-000, Brazil",Rio das Pedras,,SP,BR,13390000,-22.8428922,-47.6066191,"point_of_interest,establishment",,,bigquery,"{""source"": ""supabase_places_cache_migration"", ""types"": [""point_of_interest"", ""establishment""], ""rating"": null, ""refreshed_at"": ""2026-05-25T19:19:15.924+00:00""}"
CINE MULTIPLEX ARAÚJO,Cine Multiplex Araújo,ChIJW3FV5XNnv5QR-3TzM0YOCAk,"R. HENRIQUE SAVI, 55 - VILA NOVA CIDADE UNIVERSITARIA, BAURU - SP, 17011-900",Bauru,,SP,BR,17011-900,-22.342066,-49.049871,Movie theater,,,bigquery,
TERRA DO OURO,Terra Do Ouro,ChIJW6BBViRqsJQRupogS6xXKFA,"38190-000, SACRAMENTO - MG",Sacramento,,MG,BR,38190-000,-19.7818813,-47.1626316,Movie theater,,,bigquery,
CINE RITZ SHOPPING CENTRO,Cine Ritz Shopping Centro,ChIJW6nS-sjkowAR0qMmsZBsUIk,"R. SANTO ANTÔNIO, 22, OURO BRANCO - MG, 36420-000",Ouro Branco,,MG,BR,36420-000,-20.522722,-43.692086,Movie theater,,,bigquery,
TAMANINI - ROOM OF SECRET,Tamanini - Room Of Secret,ChIJW7X9S06v3ZQRT95T62Lv4PU,"R. FRANCISCA BERALDI PAOLINI, 40 - CENTRO, QUITANDINHA - PR, 83840-000",Quitandinha,,PR,BR,83840-000,-25.8766765,-49.4928,Movie theater,,,bigquery,
CINE ESTAÇÃO SÃO PEDRO,Cine Estação São Pedro,ChIJW7ver8YPlwARHZrWcrrY0XA,PRAÇA AGENOR DOS SANTOS,São Pedro da Aldeia,,RJ,BR,,-22.8387228,-42.1024928,Movie theater,,,bigquery,
CINEART,Cineart,ChIJW8TSwJmZpgARh0Q83ElOhFo,"RUA DOS TUPIS, 337 - CENTRO, BELO HORIZONTE - MG, 30190-060",Belo Horizonte,,MG,BR,30190-060,-19.9218454,-43.9401018,Movie theater,,,bigquery,
LENNONLANDIA,Lennonlandia,ChIJW8wXYjIDzpQRzwkg_1OwlzM,"R. MARANHÃO - POMPÉIA, SANTOS - SP, 11060",Santos,,SP,BR,,-23.9658538,-46.3444928,Movie theater,,,bigquery,
ANTIGO CINEMA,Antigo Cinema,ChIJWSuNkh-7HpURO69QWe97px8,"R. ISMAEL CHAVES, 143 - GALÓPOLIS, CAXIAS DO SUL - RS, 95090-120",Caxias do Sul,,RS,BR,95090-120,-29.2309083,-51.1578064,Movie theater,,,bigquery,
CINE GRACHER HAVAN,Havan,ChIJWV_mZxvT3ZQR6mDhdwBb-TU,"ROD. DEP. GENÉSIO TURECK, 219 - OXFORD, SÃO BENTO DO SUL - SC, 89286-415",São Bento do Sul,,SC,BR,89286-415,-26.2233804,-49.3988194,Movie theater,,,bigquery,
R. VOCE É ÚNICO,R. Voce É Único,ChIJWWxlkizLzZQRFx1rhNmz3tg,"R. DOS CRISÂNTEMOS - PARQUE SANTO ANTONIO, JACAREÍ - SP, 12318",Jacareí,,SP,BR,,-23.3152227,-45.9579134,Movie theater,,,bigquery,
CINE MANDARO,Cine Mandaro,ChIJWX7ADQqDmQARfTsmTDc7PZ0,"R. DR. PAULO CÉSAR, 329 - SANTA ROSA, NITERÓI - RJ, 24220-400",Niterói,,RJ,BR,24220-400,-22.8981033,-43.1038575,Movie theater,,,bigquery,
MOVIE ARTE CINEMAS - NOVA PRATA,Movie Arte Cinemas - Nova Prata,ChIJWXFktRrGHZURJZbGZS9zUiM,"R. CLEMENTE TARASCONI, 153 - CENTRO, NOVA PRATA - RS, 95320-970",Nova Prata,,RS,BR,95320-970,-28.7852862,-51.6098147,Movie theater,,,bigquery,
CASA DE CINEMA DE PORTO ALEGRE,Casa De Cinema De Porto Alegre,ChIJW_Q7f0x4GZUR-avFtIwqSYk,"R. MIGUEL TOSTES, 860 - RIO BRANCO, PORTO ALEGRE - RS, 90430-060",Porto Alegre,,RS,BR,90430-060,-30.0357318,-51.2055944,Movie studio,,,bigquery,
PRODUÇÃO KALI,Produção Kali,ChIJW_g6RjCBmQARHYBNnkKbujM,"R. PEDRO LESSA, 35 - CENTRO, RIO DE JANEIRO - RJ, 20030-030",Rio de Janeiro,,RJ,BR,20030-030,-22.9101949,-43.1743854,Movie theater,,,bigquery,
Starvai | Home Cinema Brasília | Automação Residencial | Automação Empresarial | Som Ambiente DF,Starvai | Home Cinema Brasília | Automação Residencial | Automação Empresarial | Som Ambiente DF,ChIJWaJBxmEyWpMRp1HSrdtcwIA,"Edifício Bradesco - SIA Trecho 1, 230 - Sala 113 - Zona Industrial, Brasília - DF, 71200-010",Brasília,,DF,BR,71200010,-15.807365,-47.953976499999996,"electronics_store,store,manufacturer,service,point_of_interest,establishment",,,bigquery,"{""source"":""google_places_augment"",""types"":[""electronics_store"",""store"",""manufacturer"",""service"",""point_of_interest"",""establishment""],""rating"":null}"
CURT E ALEX ASSOCIADOS LAB CINEMATOGRÁFICO LTDA,Curt E Alex Associados Lab Cinematográfico Ltda,ChIJWatcSe5-mQARM4aLSKqaG90,"R. SÃO JANUÁRIO, 234 - VASCO DA GAMA, RIO DE JANEIRO - RJ, 20921-003",Rio de Janeiro,,RJ,BR,20921-003,-22.8981751,-43.225758,Movie theater,,,bigquery,
CINE UNIPLEX CAMPOS DOS GOYTACAZES,Cine Uniplex Campos Dos Goytacazes,ChIJWe-rStrVvQARv9j3zDMmKGE,"GUARUS PLAZA SHOPPING - AV. SEN. JOSÉ CARLOS PEREIRA PINTO, 454 - PARQUE CALABOUCO, CAMPOS DOS GOYTACAZES - RJ, 28083-102",Campos dos Goytacazes,,RJ,BR,28083-102,-21.7388468,-41.3131382,Movie theater,,,bigquery,
A1 PRODUTORA CINEMATOGRÁFICA,A1 Produtora Cinematográfica,ChIJWww7UasFFgcRhegWNbwlwBE,"R. DR. GENÉSIO SALLES - VILA LAURA, SALVADOR - BA, 40270-240",Salvador,,BA,BR,40270-240,-12.9685036,-38.4898405,Movie studio,,,bigquery,
NETO GAMER,Neto Gamer,ChIJWx3VnjizOAcRvBjoU1UGDFE,"R. TOMÉ DE SOUZA, 259, IPIAÚ - BA, 45570-000",Itagibá,,BA,BR,45570-000,-14.1357837,-39.7390397,Movie theater,,,bigquery,
CINEMA TEATRO CENTRO CULTURAL SÃO JOSÉ DA BARRA MG,Cinema Teatro Centro Cultural São José Da Barra Mg,ChIJWxFVDiOZtpQRHmNMdvgRgRA,"R. CAMPO DO MEIO, 295, SÃO JOSÉ DA BARRA - MG, 37945-000",São José da Barra,,MG,BR,37945-000,-20.6821156,-46.3328445,Movie theater,,,bigquery,
CINE PARK BOITUVA,Cine Park Boituva,ChIJWy4KbTHixZQRHzNVkO1S4bI,"AV. VER. JOSÉ ÂNGELO BIAGIONE - VILA FERRIELLO, BOITUVA - SP, 18550-000",Boituva,,SP,BR,18550-000,-23.2783818,-47.6716043,Movie theater,,,bigquery,
CINEMACA RIO,Cinemaca Rio,ChIJWzINgu5lmQARJPGKA0m6PYY,"RUA SANTA TERESA 403 PEDRO TELES 489, CARDEAL ARCOVERDE, 487, SÃO JOÃO DE MERITI - RJ, 25515-031",São João de Meriti,,RJ,BR,25515-031,-22.7963636,-43.3684407,Movie theater,,,bigquery,
CIRCUITO SPCINE VILA ATLÂNTICA,Circuito Spcine Vila Atlântica,ChIJWzMnNKH-zpQRKypEgeOJMbM,"JARDIM NARDINI CEU VILA ATLÂNTICA, R. CEL. JOSÉ VENÂNCIO DIAS, NO 840, SÃO PAULO - SP, 05160-030",São Paulo,,SP,BR,05160-030,-23.4813066,-46.7626555,Movie theater,,,bigquery,
PRIMEIRO PLANO CINEMA,Primeiro Plano Cinema,ChIJX-IXahYbFgcRaLTqZ-Gk5qk,"AV. TANCREDO NEVES, 1186 - SL. 1603 - CAMINHO DAS ÁRVORES, SALVADOR - BA, 41820-020",Salvador,,BA,BR,41820-020,-12.9812149,-38.4563907,Movie theater,,,bigquery,
CINE MAX BRASIL,Cine Max Brasil,ChIJX-LHqzijHJURPeOYeFHpi0o,"R. SETE DE SETEMBRO, 36 - CENTRO, SANTA CRUZ DO SUL - RS, 96810-252",Santa Cruz do Sul,,RS,BR,96810-252,-29.713476,-52.4250268,Movie theater,,,bigquery,
RUA ALMIR MARQUES LEMES,Rua Almir Marques Lemes,ChIJX1BoStgllJQRM0sgd4uJ7DE,"AV. BRASIL, 747 - CENTRO, OSVALDO CRUZ - SP, 17700-000",Osvaldo Cruz,,SP,BR,17700-000,-21.7965918,-50.8754107,Movie theater,,,bigquery,
FREE FILMÃO,Free Filmão,ChIJX1LzqFV7zpQR9oJECKlw3mA,"AV. GETÚLIO VARGAS, 314 - CENTRO, POÁ - SP, 08560-000",Poá,,SP,BR,08560-000,-23.5271505,-46.3369396,Movie theater,,,bigquery,
CINE ART CAFE,Cine Art Cafe,ChIJX1Vl2T13yJQR4tWL7RNSFXc,"AV. DONA RENATA, 4785 - CENTRO, ARARAS - SP, 13600-001",Araras,,SP,BR,13600-001,-22.3604675,-47.3886119,Movie theater,,,bigquery,
CINEMA UFSC - COORDENAÇÃO,Cinema Ufsc - Coordenação,ChIJX2_ZfKg5J5URjGw1PlEG7EQ,TRINDADE  FLORIANÓPOLIS - SC  BRASIL,Florianópolis,,SC,BR,,-27.6004637,-48.5226064,"university,point_of_interest,establishment",,,bigquery,
A F CINEMA E VÍDEO,A F Cinema E Vídeo,ChIJX7XgbLT4zpQRazHUDs7BXqY,"R. HASSIB MOFARREJ, 1200 - VILA LEOPOLDINA, SÃO PAULO - SP, 05311-000",São Paulo,,SP,BR,05311-000,-23.5329356,-46.7443058,Movie theater,,,bigquery,
THE CINE ITAPIRA,The Cine Itapira,ChIJX8Sc2QYCyZQRzk0McJ62jzU,"R. PRUDENTE DE MORAES, 40 - CENTRO, ITAPIRA - SP, 13970-050",Itapira,,SP,BR,13970-050,-22.4345946,-46.8226005,Movie theater,,,bigquery,
CHÁCARA ZÉ PEREIRA,Chácara Zé Pereira,ChIJX8aYsqSzwAcRrT-jAEtTskU,"MIRAMBÉ, CAUCAIA - STATE OF CEARÁ",Caucaia,,CE,BR,,-3.8171561,-38.6679515,Movie theater,,,bigquery,
VIELA DO DJ,Viela Do Dj,ChIJX8c2Kbi5uZQRgdcyKviyMWA,"CONQUISTA, RIBEIRÃO PRETO - STATE OF SÃO PAULO",Ribeirão Preto,,SP,BR,,-21.2457293,-47.8032284,Movie theater,,,bigquery,
CINE CULTURAL,Cine Cultural,ChIJX9gT_M05-ZQRWnr2iZOax2I,"R. CRISTÓVÃO COLOMBO, 405 - TUPARENDI, RS, 98940-000",Tuparendi,,RS,BR,98940-000,-27.7580022,-54.4832511,Movie theater,,,bigquery,
Andreata Filmes,Andreata Filmes,ChIJXRYH7zSJxZQRrrwJk7nKSIM,"Rua Francisco Verlangieri, 260 - Jardim Uniao, Votorantim - SP, 18115-730, Brazil",Votorantim,,SP,BR,18115730,-23.5650104,-47.4544114,"movie_theater,point_of_interest,establishment",,,bigquery,"{""source"": ""supabase_places_cache_migration"", ""types"": [""movie_theater"", ""point_of_interest"", ""establishment""], ""rating"": null, ""refreshed_at"": ""2026-05-25T19:18:18.94+00:00""}"
CASA DA MAMY,Casa Da Mamy,ChIJXT5ZQ5yEmQARAwtfqVZTlI0,"119, TV. LOURDES, 1 - BARRETO, NITERÓI - RJ, 24110-036",Niterói,,RJ,BR,24110-036,-22.8645906,-43.0938146,Movie theater,,,bigquery,
ARCOPLEX SANTA MARIA,Arcoplex Santa Maria,ChIJXTDCChHLA5URGw4kG4XWMf0,"AV. NOSSA SRA. DAS DORES, 305 - NOSSA SRA. DAS DORES, SANTA MARIA - RS, 97050-531",Santa Maria,,RS,BR,97050-531,-29.6906099,-53.7949438,Movie theater,,,bigquery,
BASE PERDIZES,Base Perdizes,ChIJXU7sIYBZzpQR7Vtkcx1fNC8,"R. DR. CÂNDIDO ESPINHEIRA, 350 - CJ 92 - PERDIZES, SÃO PAULO - SP, 05004-000",São Paulo,,SP,BR,05004-000,-23.533234,-46.6631168,Movie theater,,,bigquery,
CINE IMPERIAL - CENTER LAPA,Cine Imperial - Center Lapa,ChIJXZEY2pIEFgcREjzXZZ8mQ3s,"SHOPPING CENTER LAPA - R. PORTÃO DA PIEDADE, 155 - DOIS DE JULHO, SALVADOR - BA, 40070-900",Salvador,,BA,BR,40070-900,-12.9830493,-38.5137322,Movie theater,,,bigquery,
CENAS TOP,Cenas Top,ChIJXZICDdX9rwARoeFORUFun98,"R. TURMALINA - RESIDENCIAL PARAISO, SANTANA DO PARAÍSO - MG, 35179-000",Santana do Paraíso,,MG,BR,35179-000,-19.3856886,-42.5650511,Movie theater,,,bigquery,
Taberna de Cinema,Taberna de Cinema,ChIJXaAPWhUfqwcRVK8lOgJhAVM,"Av. Eng. Domingos Ferreira, 3482 - Boa Viagem, Recife - PE, 51020-040",Recife,,PE,BR,51020040,-8.1196301,-34.898023099999996,"restaurant,point_of_interest,food,establishment",,,bigquery,"{""source"":""google_places_augment"",""types"":[""restaurant"",""point_of_interest"",""food"",""establishment""],""rating"":null}"
RAIZ FORTE PRODUTORA,Raiz Forte Produtora,ChIJXaFbx3bfxpQR2Z-S9LWag-M,"R. ISALTINO PINHEIRO DE CASTRO, 41 - JARDIM PARAISO II, BOTUCATU - SP, 18608-110",Botucatu,,SP,BR,18608-110,-22.860918,-48.4465032,Movie theater,,,bigquery,
Fundação Planetário da Cidade do Rio de Janeiro,Fundação Planetário da Cidade do Rio de Janeiro,ChIJXbKphbbVmwARkyFh0LoSTOY,"R. Vice-Governador Rúbens Berardo, 100 - Gávea, Rio de Janeiro - RJ, 22451-070",Rio de Janeiro,,RJ,BR,22451070,-22.977896400000002,-43.230159799999996,"planetarium,tourist_attraction,picnic_ground,movie_theater,museum,event_venue,point_of_interest,service,establishment",,,bigquery,"{""source"":""google_places_augment"",""types"":[""planetarium"",""tourist_attraction"",""picnic_ground"",""movie_theater"",""museum"",""event_venue"",""point_of_interest"",""service"",""establishment""],""rating"":null}"
CINEMAS PREMIER,Cinemas Premier,ChIJXbvzeUXFWgcRRb4C-H_5wTY,"AV. GOV. NILO COELHO, 2135 - AMANBAI, GUANAMBI - BA, 46430-000",Guanambi,,BA,BR,46430-000,-14.2089282,-42.7713175,Movie theater,,,bigquery,
CINE SHOW,Cine Show,ChIJXev5I3_2mAARj2t_RD36tkk,"SHOPPING AMÉRICO SILVA, RUA BARÃO DO RIO BRANCO, 303, TRÊS RIOS - RJ, 25804-010",Três Rios,,RJ,BR,25804-010,-22.1155556,-43.21,Movie theater,,,bigquery,
BRUNO ALVES,Bruno Alves,ChIJXzVCfXCrOQcRKS5F5elg9VI,"R. SÃO MARCELO, 57 - APT 101 - DUQUE DE CAXIAS, ITABUNA - BA, 45600-919",Itabuna,,BA,BR,45600-919,-14.7970933,-39.2806593,Movie theater,,,bigquery,
MUSEU DO CINEMA CARLOS SCALLA,Museu Do Cinema Carlos Scalla,ChIJXzug7fTJvAARJUS_z_au1E4,"R. DAS PALMEIRAS, 219 - MURIAÉ, MG, 36887-070",Muriaé,,MG,BR,36887-070,-21.1278447,-42.3963506,National museum,,,bigquery,
CINEART BOULEVARD,Cineart Boulevard,ChIJY06e_IuZpgARvMA2kHU5Acs,"AV. DOS ANDRADAS, 3000 - 3036 - SANTA EFIGÊNIA, BELO HORIZONTE - MG, 30260-070",Belo Horizonte,,MG,BR,30260-070,-19.920103,-43.9196141,Movie theater,,,bigquery,
SHINEBOX PAINEL DE LED 2,Shinebox Painel De Led 2,ChIJY1xS4_V_GZURKJWmKcHyLT4,"AV. NESTOR DE MOURA JARDIM, 332 - 444, GUAÍBA - RS, 92500-000",Guaíba,,RS,BR,92500-000,-30.1153924,-51.3309668,Movie theater,,,bigquery,
CINE SANTA CRUZ,Cine Santa Cruz,ChIJY2qoYEmjHJURLTc7Zoj_648,"AV. SEN. PASQUALINI, 18 - CENTRO, SANTA CRUZ DO SUL - RS, 96820-050",Santa Cruz do Sul,,RS,BR,96820-050,-29.7055518,-52.4291475,Movie theater,,,bigquery,
SECULT GAVIÃO PEIXOTO,Secult Gavião Peixoto,ChIJY3OwI43EuJQRkA45SWdQaVc,"ALAMEDA SILVA, GAVIÃO PEIXOTO - SP, 14813-000",Gavião Peixoto,,SP,BR,14813-000,-21.8373671,-48.4977602,Movie theater,,,bigquery,
CINE HOS,Cine Hos,ChIJY6vIXt6jlpQRhmMW0f4WqzE,"ALAMEDA NAVARRO DE ANDRADE, 538 - CENTRO, ADAMANTINA - SP, 17800-000",Adamantina,,SP,BR,17800-000,-21.6862528,-51.0725626,Movie theater,,,bigquery,
Cineflix,Cineflix,ChIJY7ZBJwBrz5QRROpYjDw6O-Q,"Rod. Pres. Castello Branco, km 60 - São Roque, SP, Brazil",São Roque,,SP,BR,,-23.4190302,-47.1624793,"movie_theater,point_of_interest,establishment",,,bigquery,"{""source"": ""supabase_places_cache_migration"", ""types"": [""movie_theater"", ""point_of_interest"", ""establishment""], ""rating"": null, ""refreshed_at"": ""2026-05-25T19:19:07.792+00:00""}"
CINE LAS VEGAS,Cine Las Vegas,ChIJY8HKMOKZpgAR4Rj-rJumu3c,"R. PADRE BELCHIOR, 260 - CENTRO, BELO HORIZONTE - MG, 30190-070",Belo Horizonte,,MG,BR,30190-070,-19.9229235,-43.9418736,Movie theater,,,bigquery,
ROBERTO PINHEIRO,Roberto Pinheiro,ChIJYRCICiHoswARVrECNiKEycg,"R. ALFREDO RODRIGUES DA CRUZ, PESCADOR - MG, 35114-000",Pescador,,MG,BR,35114-000,-18.3563331,-41.597526,Movie theater,,,bigquery,
CINE XTREME EUNÁPOLIS,Cine Xtreme Eunápolis,ChIJYRa508ZtNgcRPKmKmQy6QRI,"AV. CONSELHEIRO LUÍS VIANA - CENTRO, EUNÁPOLIS - BA, 48820-130",Eunápolis,,BA,BR,48820-130,-16.376438,-39.5868414,Movie theater,,,bigquery,
CINE-THEATER DENOY DE OLIVEIRA,Cine-Theater Denoy De Oliveira,ChIJYT7CF7FZzpQRn-DKXA5Wero,"R. RUI BARBOSA, 323 - BELA VISTA, SÃO PAULO - SP, 01326-010",São Paulo,,SP,BR,01326-010,-23.5583037,-46.6450148,Movie theater,,,bigquery,
VENDEDOR SKY,Vendedor Sky,ChIJYTRzVeFpGZURN5fnF_FxxAc,"R. ALBERTO BINS, 205 BAIRRO - SÃO JOÃO BATISTA, SÃO LEOPOLDO - RS, 93022-550",São Leopoldo,,RS,BR,93022-550,-29.7933949,-51.166129,Movie theater,,,bigquery,
GRUPO CINE GUARUJÁ,Grupo Cine Guarujá,ChIJYcR3nTr-0ZQR2EgAtnkldys,"CONDOMÍNIO EDIFÍCIO PITANGUEIRAS - AV. MAL. DEODORO DA FONSECA, 885 - LOJA 56 - CENTRO, GUARUJÁ - SP, 11410-221",Guarujá,,SP,BR,11410-221,-23.9976001,-46.2570572,Movie theater,,,bigquery,
CENTERPLEX CINEMAS,Centerplex Cinemas,ChIJYcR3nTr-0ZQRcX9LquHgAP8,"AV. MAL. DEODORO DA FONSECA, 885 - CENTRO, GUARUJÁ - SP, 11410-221",Guarujá,,SP,BR,11410-221,-23.9976001,-46.2570572,Movie theater,,,bigquery,
Cinema 6D,Cinema 6D,ChIJYcR3nTr-0ZQRgEhFXGYzIhk,"Condomínio Edifício Pitangueiras - Av. Mal. Deodoro da Fonseca, 885 - Loja 58 - Centro, Guarujá - SP, 11410-221, Brazil",Guarujá,,SP,BR,11410221,-23.9975474,-46.2572374,"department_store,store,point_of_interest,establishment",,,bigquery,"{""source"": ""supabase_places_cache_migration"", ""types"": [""department_store"", ""store"", ""point_of_interest"", ""establishment""], ""rating"": null, ""refreshed_at"": ""2026-05-25T19:18:14.966+00:00""}"
O FILME PRODUÇÕES,O Filme Produções,ChIJYdV7Nrjh3JQRw6B6dzNPicY,"R. ACELINO GRANDE, 270 - SÃO BRAZ, CURITIBA - PR, 82320-404",Curitiba,,PR,BR,82320-404,-25.40666,-49.3428108,Movie theater,,,bigquery,
ALTAMIRA CINEMA E VIDEO,Altamira Cinema E Video,ChIJYdp7_ShazpQROQxId3zgvAs,"R. CEL. LISBOA, 50 - VILA MARIANA, SÃO PAULO - SP, 04020-040",São Paulo,,SP,BR,04020-040,-23.5908384,-46.6393328,Movie theater,,,bigquery,
CINEMAXX GLÓRIA ITAPERUNA,Cinemaxx Glória Itaperuna,ChIJYemXtWVgvAARLrkjUPY1xdA,"R. AMADEU TINOCO LACERDA, 6 - CENTRO, ITAPERUNA - RJ, 28300-000",Itaperuna,,RJ,BR,28300-000,-21.2100967,-41.8870684,Movie theater,,,bigquery,
CINE JOIA RIO DE JANEIRO,Cine Joia Rio De Janeiro,ChIJYf3jJkXVmwAR5FMfEPvlF0M,"SHOPPING 680 & ED. CENTRAL - AV. NOSSA SRA. DE COPACABANA, 680 - COPACABANA, RIO DE JANEIRO - RJ, 22050-001",RIO DE JANEIRO,,RJ,BR,22050-001,-22.9707393,-43.1868881,Movie theater,,,bigquery,
SILVA IPTV ONLINE,Silva Iptv Online,ChIJYfvQpLxvlwARuacHe2t-Viw,"RODOVIÁRIA - ROD. AMARAL PEIXOTO - PTE. DOS LEITES, ARARUAMA - RJ, 28970-000",Araruama,,RJ,BR,28970-000,-22.8650791,-42.3158368,Movie theater,,,bigquery,
Cine Metaverso,Cine Metaverso,ChIJYwCOLACJzJQRexc33tHPjZk,"R. Eng. Diogo José de Carvalho - Capivari, Campos do Jordão - SP, 12460-000, Brazil",Campos do Jordão,,SP,BR,12460000,-22.7178315,-45.5666159,"movie_theater,point_of_interest,establishment",,,bigquery,"{""source"": ""supabase_places_cache_migration"", ""types"": [""movie_theater"", ""point_of_interest"", ""establishment""], ""rating"": null, ""refreshed_at"": ""2026-05-25T19:19:08.724+00:00""}"
THE ROOF TOP,The Roof Top,ChIJYxgBEL1jHJURji0tHC8ohPQ,"R. MAX. ERICHSEN - ESTADOS, ESTRELA - RS, 95880-000",Estrela,,RS,BR,95880-000,-29.4875843,-51.9579998,Movie theater,,,bigquery,
HALLOWIN,Hallowin,ChIJZ2-HQgTj3JQRWhGcCqu9P-U,"R. JÚLIO EDUARDO GINESTE, 445 - SANTA QUITERIA, CURITIBA - PR, 80310-410",Curitiba,,PR,BR,80310-410,-25.4574952,-49.3077867,Movie theater,,,bigquery,
PLAYVIDEO EDIÇÃO DE VÍDEO,Playvideo Edição De Vídeo,ChIJZ2MIQnNnmQARwBTaNl5AaDc,"R. DELFINA DE MORAIS, 48 - COMENDADOR SOARES, NOVA IGUAÇU - RJ, 26280-670",Nova Iguaçu,,RJ,BR,26280-670,-22.7412068,-43.4805226,Movie theater,,,bigquery,
ALLTECH ENGENHARIA DE PROJEÇÃO,Alltech Engenharia De Projeção,ChIJZ2qi-VpfzpQR_B6GVkwvDcc,"R. JORGE BRON, 124 - VILA MARIA, SÃO PAULO - SP, 02136-030",São Paulo,,SP,BR,02136-030,-23.4993044,-46.5817579,Movie theater,,,bigquery,
CINEMA STARCINE,Cinema Starcine,ChIJZ2zpbXr4mZQRMIR1tOCzT4c,"ROD. GERSON DOURADO DE OLIVEIRA, 1559-2061, ILHA SOLTEIRA - SP, 15385-000",Ilha Solteira,,SP,BR,15385-000,-20.4362866,-51.3401919,Movie theater,,,bigquery,
Cinema do Museu - Fundação Joaquim Nabuco (FUNDAJ),Cinema do Museu - Fundação Joaquim Nabuco (FUNDAJ),ChIJZ3y0baEZqwcRVYctHNO74Ds,"Av. Dezessete de Agosto, 2187 - Casa Forte, Recife - PE, 52060-590",Recife,,PE,BR,52060590,-8.030759699999999,-34.9250875,"movie_theater,point_of_interest,establishment",,,bigquery,"{""source"":""google_places_augment"",""types"":[""movie_theater"",""point_of_interest"",""establishment""],""rating"":null}"
VISIONES FILMES,Visiones Filmes,ChIJZ5BgUUjVmwARPreRIejzwQk,"R. TONELERO - COPACABANA, RIO DE JANEIRO - RJ, 22030-002",Rio de Janeiro,,RJ,BR,22030-002,-22.9668333,-43.1854963,Movie theater,,,bigquery,
CASA DA RAFINHA,Casa Da Rafinha,ChIJZ5a8jYzN8ZQRYueuguHb3fc,"R. JEQUITIBÁ, 1964, QUEDAS DO IGUAÇU - PR, 85460-000",Quedas do Iguaçu,,PR,BR,85460-000,-25.4499814,-52.9034888,Movie theater,,,bigquery,
Cinema Alfredo Backer,Cinema Alfredo Backer,ChIJZ5m5LwCRmQARhOhi5-aLiWk,"R. Dr. Alfredo Backer, 269 - Mutondo, São Gonçalo - RJ, 24452-001, Brazil",São Gonçalo,,RJ,BR,24452001,-22.8182381,-43.0134467,"movie_theater,point_of_interest,establishment",,,bigquery,"{""source"": ""supabase_places_cache_migration"", ""types"": [""movie_theater"", ""point_of_interest"", ""establishment""], ""rating"": null, ""refreshed_at"": ""2026-05-25T19:20:07.449+00:00""}"
HOUSE JABUTICABA MOVIE THEATER,House Jabuticaba Movie Theater,ChIJZ654gZdZzpQRa-49MFghnu4,"R. MAESTRO CARDIM, 1251 - 83 - BELA VISTA, SÃO PAULO - SP, 01323-000",São Paulo,,SP,BR,01323-000,-23.5720077,-46.6418275,Movie theater,,,bigquery,
CINE VÍDEO STAR LTDA,Cine Vídeo Star Ltda,ChIJZ6aTF6tJxwcR4IoanddLWMY,"R. FLORIANO PEIXOTO, 1055 - CENTRO, FORTALEZA - CE, 60025-130",Fortaleza,,CE,BR,60025-130,-3.7316636,-38.5284579,Movie theater,,,bigquery,
CINE A CONTINENTAL,Cine A Continental,ChIJZ6mV98n_zpQR1rvxgzf4ASk,"AV. LEÃO MACHADO, 100 - LOJA 553 ANDAR 3 - PARQUE CONTINENTAL, SÃO PAULO - SP, 05328-020",São Paulo,,SP,BR,05328-020,-23.5474428,-46.7570686,Movie theater,,,bigquery,
CINE HOS,Cine Hos,ChIJZ6vIXt6jlpQRqFaSLCD1jXw,"AV. ADEMAR DE BARROS, 276 - CENTRO, ADAMANTINA - SP, 17800-000",Adamantina,,SP,BR,17800-000,-21.6887741,-51.0730702,Movie theater,,,bigquery,
CINE MANIA ️,Cine Mania ️,ChIJZW3tiUGSyJQRIwM_LdFKlEI,"RUA CAMPINAS, 951 - JARDIM BELA VISTA, COSMÓPOLIS - SP, 13150-000",Cosmópolis,,SP,BR,13150-000,-22.6473655,-47.1898069,Movie theater,,,bigquery,
CINETEATRO MUNICIPAL,Cineteatro Municipal,ChIJZWZXb-t1pAARh6qMjdu3yqA,"R. FREI DURÃO, 22 - MARIANA, MG, 35420-000",Mariana,,MG,BR,35420-000,-20.3790786,-43.4164071,Movie theater,,,bigquery,
"LIVE HOME - AUTOMAÇÃO, PISO AQUECIDO, HOME CINEMA, SOM AMBIENTE, TELAS E PROJEÇÃO","Live Home - Automação, Piso Aquecido, Home Cinema, Som Ambiente, Telas E Projeção",ChIJZZKhHUubHpUROz2uWGkLQbM,"R. ERNESTO ALVES, 2571 - CENTRO, FLORES DA CUNHA - RS, 95270-000",Flores da Cunha,,RS,BR,95270-000,-29.0282526,-51.1844392,Home automation company,,,bigquery,
PREÁ CINE,Preá Cine,ChIJZ_5ABpyJ6QcRuvubZ0eH6YY,"AV. CENTRAL, 28 - CAIÇARA, CRUZ - CE, 62595-000",Cruz,,CE,BR,62595-000,-2.8220196,-40.4139234,Movie theater,,,bigquery,
Granja Film Academy,Granja Film Academy,ChIJZaOy-50Hz5QRksHFzXtSmkY,"R. das Flôres, 312 - Pitas, Cotia - SP, 06704-482, Brazil",Cotia,,SP,BR,06704482,-23.5706718,-46.9129125,"movie_theater,point_of_interest,establishment",,,bigquery,"{""source"": ""supabase_places_cache_migration"", ""types"": [""movie_theater"", ""point_of_interest"", ""establishment""], ""rating"": null, ""refreshed_at"": ""2026-05-25T19:18:15.956+00:00""}"
CHÁCARA DOS BASTOS,Chácara Dos Bastos,ChIJZafSdy9lwAcRmnpcEnd48Ks,"MOREIRA, UMIRIM - STATE OF CEARÁ, 62660-000",Umirim,,CE,BR,62660-000,-3.7428496,-39.4400305,Movie theater,,,bigquery,
CINE ITAGUARI - GRUPO IMPERIAL,Cine Itaguari - Grupo Imperial,ChIJZcSAyUMqPgcRg8h3o3L1Lak,"A SHOPPING ITAGUARÍ - AV. DOIS DE JULHO, 96 - LOJA 242 - ERNESTO MELO, SANTO ANTÔNIO DE JESUS - BA, 44440-900",Santo Antônio de Jesus,,BA,BR,44440-900,-12.9658633,-39.2676855,Movie theater,,,bigquery,
ERI ANDRADE CRIAÇÕES E PROPRIEDADES INTELECTUAIS,Eri Andrade Criações E Propriedades Intelectuais,ChIJZd2AhHBRzJQR4Xg7UW_CZlM,"R. CAP. JOÃO RAMOS, 59 - CENTRO, CAÇAPAVA - SP, 12281-520",Caçapava,,SP,BR,12281-520,-23.1013146,-45.7079001,Movie theater,,,bigquery,
PH STUDIOS,Ph Studios,ChIJZdnP1SRFpJQRQvATvRZjRVI,"R. CARMO GIFONI, 1001 - MARTINS, UBERLÂNDIA - MG, 38400-358",Uberlândia,,MG,BR,38400-358,-18.9084604,-48.2844494,Movie theater,,,bigquery,
CINEMA SERTÃOZINHO - STAR CINE,Cinema Sertãozinho - Star Cine,ChIJZeiK3DGZuZQR5-d7PBjOx4Q,"AV. ANTÔNIO PASCHOAL, 840 - CENTRO, SERTÃOZINHO - SP, 14170-480",Sertãozinho,,SP,BR,14170-480,-21.1399061,-47.9944861,Movie theater,,,bigquery,
PREMIER CINEMAS - LEM,Premier Cinemas - Lem,ChIJZesN_zNxSpMRbiaIKDd8OwA,"R. GOIÁS, 100 - MIMOSO DO OESTE, LUÍS EDUARDO MAGALHÃES - BA",Luís Eduardo Magalhães,,BA,BR,,-12.0910025,-45.8039209,Movie theater,,,bigquery,
CINE SÃO JOSÉ,Cine São José,ChIJ_0T_5NkllJQRS3LwR8UhyDM,"R. RODOLFO ZAROS - JARDIM PAULISTA, OSVALDO CRUZ - SP, 17700-000",Osvaldo Cruz,,SP,BR,17700-000,-21.7986137,-50.8763041,Movie theater,,,bigquery,
CENTRO TEMATICO DE CINEMA DE SANTOS,Centro Tematico De Cinema De Santos,ChIJ_12uZ_4DzpQReNH0jHr5xnM,"PRAÇA IGUATEMY MARTINS, 61 - VILA NOVA, SANTOS - SP, 11013-350",Santos,,SP,BR,11013-350,-23.9407697,-46.3187597,Community & Government,,,bigquery,
ESCOLA DE ARTES CÊNICAS DE SANTOS,Escola De Artes Cênicas De Santos,ChIJ_2XLx44DzpQRpOEKe7o-FeY,"AV. ANA COSTA, 275 - CONJ 12A - GONZAGA, SANTOS - SP, 11060-001",Santos,,SP,BR,11060-001,-23.9558268,-46.3311312,Movie theater,,,bigquery,
Instituto Boa Vista,Instituto Boa Vista,ChIJ_3KzksMYqwcR136--7rhVs0,"R. das Ninfas, 84 - Soledade, Recife - PE, 50070-050",Recife,,PE,BR,50070050,-8.0596812,-34.8912355,"research_institute,movie_theater,association_or_organization,service,point_of_interest,establishment",,,bigquery,"{""source"":""google_places_augment"",""types"":[""research_institute"",""movie_theater"",""association_or_organization"",""service"",""point_of_interest"",""establishment""],""rating"":null}"
SPCINE MENINOS,Spcine Meninos,ChIJ_55JV5dczpQReugVOi-NVV8,"R. BARBINOS, 111 - SÃO JOÃO CLIMACO, SÃO PAULO - SP, 04240-110",São Paulo,,SP,BR,04240-110,-23.6214217,-46.5843757,Movie theater,,,bigquery,
PETRA BELAS ARTES,Petra Belas Artes,ChIJ_85HpC1YzpQRkZW3tlDTpo4,"R. DA CONSOLAÇÃO, 2423 - CONSOLAÇÃO, SÃO PAULO - SP, 01301-100",São Paulo,,SP,BR,01301-100,-23.555668,-46.6622988,Movie theater,,,bigquery,
CINE TROPICAL - ASSISTA 3 FILMES INÉDITOS,Cine Tropical - Assista 3 Filmes Inéditos,ChIJ_99UzRVKzJQRiaP1OIV0S98,"R. MAJ. ANTÔNIO DOMINGUES, 63 - CENTRO, SÃO JOSÉ DOS CAMPOS - SP, 12245-750",São José dos Campos,,SP,BR,12245-750,-23.1888215,-45.88733,Movie theater,,,bigquery,
NATIONAL ARTS CENTER,National Arts Center,ChIJ_QKCJfXXmwARPOIM1LHKb5U,"ESTR. DO PAU-FERRO, 1261 - FREGUESIA DE JACAREPAGUÁ, RIO DE JANEIRO - RJ, 22745-090",Rio de Janeiro,,RJ,BR,22745-090,-22.9314078,-43.3275577,Movie theater,,,bigquery,
ROSALIE,Rosalie,ChIJ_SDcyeyVpgARUUHbOZn5EtA,"R. JOSÉ ANDRADA COSTA, 230 - COQUEIROS, BELO HORIZONTE - MG, 30881-050",Belo Horizonte,,MG,BR,30881-050,-19.8995674,-44.0230055,Movie theater,,,bigquery,
SEM TÍTULO FILMES,Sem Título Filmes,ChIJ_TFc3YLx3JQRJ9LSDop71DE,"R. ALTEVIR DE LARA - AFONSO PENA, SÃO JOSÉ DOS PINHAIS - PR, 83045-220",São José dos Pinhais,,PR,BR,83045-220,-25.5081153,-49.187218,Movie theater,,,bigquery,
ANTIGO CINEMA,Antigo Cinema,ChIJ_Tw_hMKdEZUR3ytHrdWobmc,"R. BORGES DE MEDEIROS, 2-126 - CENTRO, SÃO JOSÉ DO NORTE - RS, 96225-000",São José do Norte,,RS,BR,96225-000,-32.0153343,-52.0431598,Movie theater,,,bigquery,
CIRCUITO SPCINE ARICANDUVA 2,Circuito Spcine Aricanduva 2,ChIJ_U72Km5nzpQRvci9xGbyLug,"AV. OLGA FADEL ABARCA, 5825 - JARDIM SANTA TEREZINHA, SÃO PAULO - SP, 03572-020",São Paulo,,SP,BR,03572-020,-23.5702228,-46.502828,Movie theater,,,bigquery,
FUTURO É AGORA,Futuro É Agora,ChIJ_UK54gV_mQARqXOSd8gvqTY,"R. DO PINTO - SANTO CRISTO, RIO DE JANEIRO - RJ, 20220-200",Rio de Janeiro,,RJ,BR,20220-200,-22.9034738,-43.2012037,Movie theater,,,bigquery,
CINE TEATRO SÃO PEDRO,Cine Teatro São Pedro,ChIJ_UUeH56vvZQRflPRTuZgzCk,"CENTRO, MIRASSOL - STATE OF SÃO PAULO, 15130-000",Mirassol,,SP,BR,15130-000,-20.817087,-49.511609,Movie theater,,,bigquery,
CINEFLIX,Cineflix,ChIJ_Wn1rqRXyJQR4RH-6PsKI-8,"R. FRANCISCO FRANCO DE GODOY BUENO, 801 - JARDIM SERRA DOURADA, MOGI GUAÇU - SP, 13845-180",Mogi Guaçu,,SP,BR,13845-180,-22.3688017,-46.9531807,Movie theater,,,bigquery,
CINEJAZZ,Cinejazz,ChIJ__8PjI3cyZQR7XZbI7b9rtc,"AV. JOÃO PINHEIRO, 499 - CENTRO, POÇOS DE CALDAS - MG, 37701-880",Poços de Caldas,,MG,BR,37701-880,-21.7861119,-46.5774885,Movie theater,,,bigquery,
ON_ CREATIVE VISUAL TECH PROVIDER,On_ Creative Visual Tech Provider,ChIJ__8_RwBRzpQR5E8ZQlNAaRE,"R. ADA NEGRI, ︎82 - SANTO AMARO, SÃO PAULO - SP, 04755-000",São Paulo,,SP,BR,04755-000,-23.6492018,-46.7104603,Movie theater,,,bigquery,
CINEMARK MOGI URUPEMA,Cinemark Mogi Urupema,ChIJ__8vABLYzZQRWNanSg5_ppw,"AV. VOLUNTÁRIO FERNANDO PINHEIRO FRANCO, 515 - CENTRO, MOGI DAS CRUZES - SP, 08710-500",Mogi das Cruzes,,SP,BR,08710-500,-23.5250107,-46.1994764,Movie theater,,,bigquery,
CINEMA SANTA FÉ DO SUL,Cinema Santa Fé Do Sul,ChIJ__8vVKzGmZQR8-7kHFLR_ok,"CENTRO INTEGRADO DE CULTURA - R. SETE, 995 - CENTRO, SANTA FÉ DO SUL - SP, 15775-000",Santa Fé do Sul,,SP,BR,15775-000,-20.2104782,-50.926079,Movie theater,,,bigquery,
CASA DE CINEMA,Casa De Cinema,ChIJ__9ABcRZzpQR0rWDeIEetMc,"ALAMEDA CAMPINAS, 1029 - JARDINS, SÃO PAULO - SP, 01404-200",São Paulo,,SP,BR,01404-200,-23.5696142,-46.6565796,Movie theater,,,bigquery,
CINE PREMIUM,Cine Premium,ChIJ__9v6zwCz5QRFzQm3QI7i_M,"AL. RIO NEGRO, 1084 - ALPHAVILLE, BARUERI - SP, 06453-051",Barueri,,SP,BR,06453-051,-23.4962798,-46.8481816,Movie theater,,,bigquery,
INTEMPERATE CIA THEATER,Intemperate Cia Theater,ChIJ__MXvJV5GZURax_t6vGIpuk,"R. DR. SINVAL SALDANHA, 286/FUNDOS - BOM JESUS, PORTO ALEGRE - RS, 91420-410",Porto Alegre,,RS,BR,91420-410,-30.0427412,-51.1610254,Movie theater,,,bigquery,
ANTES QUE EU ME ESQUEÇA O FILME,Antes Que Eu Me Esqueça O Filme,ChIJ___INOB_mQARLpal2pBqqzg,"R. REAL GRANDEZA, 314 - BOTAFOGO, RIO DE JANEIRO - RJ, 22281-036",Rio de Janeiro,,RJ,BR,22281-036,-22.9578886,-43.1916686,Movie theater,,,bigquery,
VELOX TICKETS INGRESSO DE CINEMA É AQUI,Velox Tickets Ingresso De Cinema É Aqui,ChIJ___L2nzfxpQRTCKHmjPzNks,"R. DR. DAMIÃO PINHEIRO MACHADO, 420 - TÉRREO - VILA SAO LUCIO, BOTUCATU - SP, 18600-000",Botucatu,,SP,BR,18600-000,-22.8820155,-48.4480251,Movie theater,,,bigquery,
PÁGINA INICIAL | SITE,Página Inicial | Site,ChIJ___PwzJxSpMRf9zvVRGY_bg,"R. RUI BARBOSA, 917 - LOT. MIMOSO DOESTE I, LUÍS EDUARDO MAGALHÃES - BA, 47850-000",Luís Eduardo Magalhães,,BA,BR,47850-000,-12.0866624,-45.8010255,Movie theater,,,bigquery,
FELICITÀ FOTOGRAFIAS,Felicità Fotografias,ChIJ____LzrMpgARxSvG48a0JNw,"R. JOSÉ SOLHA, 98 - ESTELA PASSOS, BRUMADINHO - MG, 35460-000",Brumadinho,,MG,BR,35460-000,-20.1436259,-44.1987151,Movie theater,,,bigquery,
HOVERBOARD,Hoverboard,ChIJ_____8B6mQARbvySP0krB4Y,"CENTRO, DUQUE DE CAXIAS - STATE OF RIO DE JANEIRO, 25010-142",Duque de Caxias,,RJ,BR,25010-142,-22.7869886,-43.3125635,Movie theater,,,bigquery,
FAZER CINEMA,Fazer Cinema,ChIJ______8-1ZsRRXvpDe6q6N4,"AV. DAS AMÉRICAS, 1917 - BARRA DA TIJUCA, RIO DE JANEIRO - RJ, 22631-000",Rio de Janeiro,,RJ,BR,22631-000,-23.0013335,-43.3364441,Movie theater,,,bigquery,
GNC CINEMAS,Gnc Cinemas,ChIJ____awCjHpURM6nKuXi_ecg,"RUA GUERINO SANVITTO, 2780 - DESVIO RIZZO, CAXIAS DO SUL - RS, 95110-195",Caxias do Sul,,RS,BR,95110-195,-29.1772306,-51.2205685,Movie theater,,,bigquery,
CINEMA COM CAFÉ,Cinema Com Café,ChIJ_a3bsT93uJQRRWqXwUoODjY,"RUA: LÁZARO SANTOS, 263A CIDADE ARACI II, R. LÁZARO SANTOS, 263, SÃO CARLOS - SP, 13573-210",São Carlos,,SP,BR,13573-210,-22.0562768,-47.9072317,Movie theater,,,bigquery,
CINE GRÊMIO,Cine Grêmio,ChIJ_blYGXoDuJQR8hYhOZdVa3o,"R. CEL. PROCÓPIO DE CARVALHO, 579-473, PORTO FERREIRA - SP, 13660-000",Porto Ferreira,,SP,BR,13660-000,-21.8531171,-47.4805229,Movie theater,,,bigquery,
CINEMA.COM IRATI PR,Cinema.com Irati Pr,ChIJ_bpb22bV55QRcUuazDlJvcQ,"RUA TV. JAIME LUIZ STOLF - CENTRO, IRATI - PR, 84500-000",Irati,,PR,BR,84500-000,-25.4666773,-50.6475684,Movie theater,,,bigquery,
SALÃO E BARBEARIA WAGNER MARTINS,Salão E Barbearia Wagner Martins,ChIJ_cD-GugRvQARQLb3JuPZqzQ,"R. JOSÉ PEREIRA DE PINHO, 1541 - FARIA LEITE, APERIBÉ - RJ, 28495-000",Aperibé,,RJ,BR,28495-000,-21.6241747,-42.1104324,Movie theater,,,bigquery,
CINE 3 FERRY PLAZA BOAT'S,Cine 3 Ferry Plaza Boat's,ChIJ_cbOXgMCzpQRVnfKTGH1Vb0,"PRAÇA NAÇÕES UNIDAS, S/N - VILA LIGYA, GUARUJÁ - SP, 01446-010",Guarujá,,SP,BR,01446-010,-23.9897327,-46.2906265,Movie theater,,,bigquery,
CINE VIDEO BUTTERFLY,Cine Video Butterfly,ChIJ_d6Ete5nowARY-MCCzgrp_Y,"SANTO ANTONIO, VIÇOSA - STATE OF MINAS GERAIS, 36570-000",Viçosa,,MG,BR,36570-000,-20.7548794,-42.8782246,Movie theater,,,bigquery,
CINEMATOGRÁFICA,Cinematográfica,ChIJ_eQqAAJ5GZURJAFDqfSoon4,"R. MARQUÊS DO POMBAL, 1710 - CONJUNTO 501 - MOINHOS DE VENTO, PORTO ALEGRE - RS, 90540-001",Porto Alegre,,RS,BR,90540-001,-30.0185363,-51.186738,Video production service,,,bigquery,
CINE POMPÉU,Cine Pompéu,ChIJ_fgCGfiHpwAROx8cgvCLfN0,"POMPÉU, STATE OF MINAS GERAIS, 35640-000",Pompéu,,MG,BR,35640-000,-19.2178473,-44.9989875,Movie theater,,,bigquery,
PIRACEMA FAZENDA,Piracema Fazenda,ChIJ_fjqvJ_moAAReDqU0lugee8,"PIRACEMA - STATE OF MINAS GERAIS, 35536-000",Piracema,,MG,BR,35536-000,-20.483958,-44.4950192,Movie theater,,,bigquery,
/ PUNCH FILMES,/ Punch Filmes,ChIJ_fjxtfWDmQARYraqmy64jk4,"R. PROF. OTACÍLIO, 47 - SANTA ROSA, NITERÓI - RJ, 24240-670",Niterói,,RJ,BR,24240-670,-22.897974,-43.099341,Movie theater,,,bigquery,
CIRCUITO SPCINE BUTANTÃ,Circuito Spcine Butantã,ChIJ_wB6ZdZVzpQRefCbGJ8dbZ8,"JARDIM ESMERALDA CEU BUTANTÃ - AVENIDA ENG. HEITOR ANTÔNIO EIRAS GARCÍA NO - 1728, SÃO PAULO - SP, 05588-001",São Paulo,,SP,BR,05588-001,-23.5824456,-46.7497613,Movie theater,,,bigquery,
CINE TEATRO DO PARQUE DA CIDADE,Cine Teatro Do Parque Da Cidade,ChIJ_wU6VGofmAcR04FwtH_wNSQ,LAGO,Tauá,,CE,BR,,-6.0018485,-40.2912053,Movie theater,,,bigquery,
CINE ARTE,Cine Arte,ChIJ_xOH7NJ5GJURRz51Dur3HOw,"AV. PARAGUASSU, 2201 - CENTRO, CAPÃO DA CANOA - RS, 95555-000",Capão da Canoa,,RS,BR,95555-000,-29.7606319,-50.0190598,Movie theater,,,bigquery,
CINE DATEN PASEO,Cine Daten Paseo,ChIJ_y7XR0QbFgcR8OAT0ma2XG4,"RUA RUBENS GUELLI, 135 - ITAIGARA, SALVADOR - BA, 41815-135",Salvador,,BA,BR,41815-135,-12.9955401,-38.4712012,Movie theater,,,bigquery,
CINE CULTO,Cine Culto,ChIJ_yJV17qLxZQRk_maccLNjak,"R. CEL. CAVALHEIROS - CENTRO, SOROCABA - SP, 18035-640",Sorocaba,,SP,BR,18035-640,-23.5032834,-47.4566409,Movie theater,,,bigquery,
CINESERCLA,Cinesercla,ChIJ_yVcKNUWFgcRZ9KrVItnxA4,"ESTRADA DO COQUEIRO GRANDE, 1361 FAZENDA GRANDE II - CAJAZEIRAS, SALVADOR - BA, 41342-315",Salvador,,BA,BR,41342-315,-12.9049822,-38.400202,Movie theater,,,bigquery,
CIRCUITO SPCINE CAMINHO DO MAR,Circuito Spcine Caminho Do Mar,ChIJ_zUpZylFzpQRrD719WdGEHk,"CEU CAMINHO DO MAR - AV. ENG. ARMANDO DE ARRUDA PEREIRA, 5241 - VILA DO ENCONTRO, SÃO PAULO - SP, 04325-001",São Paulo,,SP,BR,04325-001,-23.6679742,-46.6354068,Movie theater,,,bigquery,
GRUPO CINE - CHAPECÓ,Grupo Cine - Chapecó,ChIJ_zk4k9y15JQRLlQzTXov-b4,"AV. FERNANDO MACHADO, 4.000 - D - LÍDER, CHAPECÓ - SC, 89805-203",Chapecó,,SC,BR,89805-203,-27.07,-52.6262,Movie theater,,,bigquery,
CINESHOW,Cineshow,ChIJa1AwnlxOnAARZ4PRJcI02bM,"SHOPPING PIRATAS - ESTR. DAS MARINAS, 91 - 3º ANDAR - PRAIA DA CHÁCARA, ANGRA DOS REIS - RJ, 23907-900",ANGRA DOS REIS,,RJ,BR,23907-900,-23.0040454,-44.2994717,Movie theater,,,bigquery,
CASA DE SIGELMANN,Casa De Sigelmann,ChIJa1xeMzOXcwcR-143ARHc-eY,"R. TREZE, 03 - SOBRADINHO, BA, 48925-000",Sobradinho,,BA,BR,48925-000,-9.4770591,-40.8056868,Movie theater,,,bigquery,
CASA DE CHICA,Casa De Chica,ChIJa2B9iXJ9PwcRSBzhigzBUw8,"R. MIGUEL SANTOS DA HORA, 85 - ARCO-ÍRIS, JAGUAQUARA - BA, 45345-000",Jaguaquara,,BA,BR,45345-000,-13.5394211,-39.9694929,Movie theater,,,bigquery,
https://filmetop.my.canva.site/filme029,https://filmetop.my.canva.site/filme029,ChIJa4C1NlmhwJQRtD8HXZ7ZGkU,"Avenida Avenida Luiz Magalhães - Agudos, SP, 13059-848, Brazil",Agudos,,SP,BR,13059848,-22.4740595,-48.9901975,"movie_theater,point_of_interest,establishment",,,bigquery,"{""source"": ""supabase_places_cache_migration"", ""types"": [""movie_theater"", ""point_of_interest"", ""establishment""], ""rating"": null, ""refreshed_at"": ""2026-05-25T19:19:11.231+00:00""}"
ESCOLA LIVRE DE CINEMA - E.L.C./BH,Escola Livre De Cinema - E.l.c./Bh,ChIJa71zpSiapgARmYW51x9egAM,"R. MÁRMORE, 113 - SANTA TEREZA, BELO HORIZONTE - MG, 31010-220",Belo Horizonte,,MG,BR,31010-220,-19.9154713,-43.9213433,Art school,,,bigquery,
Cineflix Várzea Grande Shopping,Cineflix Várzea Grande Shopping,ChIJa7IYPFOtnZMRY7q8boWdmFI,"Shopping - Jardim Aeroporto, Várzea Grande - MT, 78135-730, Brazil",Várzea Grande,,MT,BR,78135730,-15.6528677,-56.1237845,"movie_theater,point_of_interest,establishment",,,bigquery,"{""source"": ""supabase_places_cache_migration"", ""types"": [""movie_theater"", ""point_of_interest"", ""establishment""], ""rating"": null, ""refreshed_at"": ""2026-05-25T19:19:23.904+00:00""}"
ERVA DE GATO - FILME,Erva De Gato - Filme,ChIJaRjyeEhZzpQR-vbwFXuHGVE,"R. BRG. TOBIAS, 247 - CENTRO HISTÓRICO DE SÃO PAULO, SÃO PAULO - SP, 01032-000",São Paulo,,SP,BR,01032-000,-23.5408308,-46.635727,Movie theater,,,bigquery,
CINE SANTA EFIGÊNIA,Cine Santa Efigênia,ChIJaTm4NieZpgAR05ibCPv2PF0,"R. ÁLVARES MACIEL, 312 - SANTA EFIGÊNIA, BELO HORIZONTE - MG, 30150-250",Belo Horizonte,,MG,BR,30150-250,-19.9242728,-43.9225006,Movie theater,,,bigquery,
TUDO INGLÊS,Tudo Inglês,ChIJaU-ePk1BzpQRqL7d8WL2oUs,"R. SÃO LUIZ, 61 - COOPERATIVA, SÃO BERNARDO DO CAMPO - SP, 09853-650",São Bernardo do Campo,,SP,BR,09853-650,-23.7351573,-46.5923661,Movie theater,,,bigquery,
MOVIEARTE,Moviearte,ChIJaUKlHK08HJURpYIpj2suIWw,"R. MAL. DEODORO - CENTRO, BENTO GONÇALVES - RS, 95700-000",Bento Gonçalves,,RS,BR,95700-000,-29.1652896,-51.5169344,Movie theater,,,bigquery,
CINEMA GRATIS,Cinema Gratis,ChIJaVQri-qTpgARxlhMUJTEC_4,"R. VINTE E UM DE ABRIL, 308 - NACIONAL, CONTAGEM - MG, 32185-260",Contagem,,MG,BR,32185-260,-19.8441653,-44.0254739,General store,,,bigquery,
CINESERCLA CINEMAS,Cinesercla Cinemas,ChIJaWJEmSQxFAcR8U2V52YTmPU,"AV. DEPUTADO LUIS EDUARDO MAGALHÃES, S/N, BR-324 - LIMOEIRO, BA",Feira de Santana,,BA,BR,,-12.3025775,-38.8894283,Movie theater,,,bigquery,
TERRAÇO KHALIFA,Terraço Khalifa,ChIJa_H7VMdIzpQRBaztWwaZRoc,"R. ROSA DE VÊNUS, 199 - GRAJAÚ, SÃO PAULO - SP, 04856-370",São Paulo,,SP,BR,04856-370,-23.7722696,-46.6899287,Movie theater,,,bigquery,
MARDFILMS,Mardfilms,ChIJa_PiuSTj3JQR-nbMmOucxHc,"RUA BOM JESUS DE IGUAPE, 3133 - BOQUEIRÃO, CURITIBA - PR, 81650-030",Curitiba,,PR,BR,81650-030,-25.4916291,-49.2395612,Movie theater,,,bigquery,
Luiza Center,Luiza Center,ChIJaaJMMgDf9AcRiBKGzPBE1Xk,"R. Prof. Antônio Olívio Rodrigues - der, Itapecuru Mirim - MA, 65485-000",Itapecuru Mirim,,MA,BR,65485000,-3.403366,-44.3536557,"movie_theater,pizza_restaurant,sports_club,association_or_organization,restaurant,food,sports_activity_location,point_of_interest,establishment",,,bigquery,"{""source"": ""supabase_places_cache_migration"", ""types"": [""movie_theater"", ""pizza_restaurant"", ""sports_club"", ""association_or_organization"", ""restaurant"", ""food"", ""sports_activity_location"", ""point_of_interest"", ""establishment""], ""rating"": null, ""refreshed_at"": ""2026-06-13T17:25:18.701+00:00""}"
CINNE VICIO,Cinne Vicio,ChIJabYict95GZUR834bGFSaL0Q,"R. PADRE HILDEBRANDO, 652 - 2 - SANTA MARIA GORETTI, PORTO ALEGRE - RS, 91030-310",Porto Alegre,,RS,BR,91030-310,-30.0069365,-51.1790103,Movie theater,,,bigquery,
CINESALA,Cinesala,ChIJacCR9J5XzpQRDfDNNNZBv3Y,"R. FRADIQUE COUTINHO, 361 - PINHEIROS, SÃO PAULO - SP, 05416-010",São Paulo,,SP,BR,05416-010,-23.5635948,-46.6863289,Movie theater,,,bigquery,
CINE CISNE,Cine Cisne,ChIJacwN8YKQ_pQRbzdkk6Of5bM,"R. MARQUÊS DO HERVAL, 1604 - SOSSEGO, SANTO ÂNGELO - RS, 98801-640",Santo Ângelo,,RS,BR,98801-640,-28.3005576,-54.2615269,Movie theater,,,bigquery,
"MUNICIPAL CINEMA ""PIRACAIA""","Municipal Cinema ""piracaia""",ChIJaelHTZs5lZQRLp2czCpT6bs,"R. BRASIL, 15 - CENTRO, ASSIS - SP, 19800-100",Assis,,SP,BR,19800-100,-22.6627068,-50.4205622,Movie theater,,,bigquery,
STUDIO L.K.,Studio L.k.,ChIJafwPWJBpIpURE9smq3FxTaY,"R. ANTÔNIO JOSÉ SCHEFER - PASSO DE TORRES, SC, 88980-000",Torres,,SC,BR,88980-000,-29.3228998,-49.7199023,Movie theater,,,bigquery,
CINE MUNDI PIRAQUARA,Cine Mundi Piraquara,ChIJax3VpsHy3JQRGV8uRq8YXwo,"AV. GETÚLIO VARGAS, 35 - CENTRO, PIRAQUARA - PR, 83301-010",Piraquara,,PR,BR,83301-010,-25.4411633,-49.0592651,Movie theater,,,bigquery,
Cine Maxx Unigranrio 1 & 2 - Caxias,Cine Maxx Unigranrio 1 & 2 - Caxias,ChIJazS8ZgB7mQARQ_Va_g8P5mQ,"Shopping UniGranRio - R Professor José de Souza Herdy, 1216 - 2ºPiso - Jardim Vinte e Cinco de Agosto, Duque de Caxias - RJ, 25071-201, Brazil",Duque de Caxias,,RJ,BR,25071201,-22.7890353,-43.3063513,"movie_theater,point_of_interest,establishment",,,bigquery,"{""source"": ""supabase_places_cache_migration"", ""types"": [""movie_theater"", ""point_of_interest"", ""establishment""], ""rating"": null, ""refreshed_at"": ""2026-05-25T19:20:11.582+00:00""}"
CINE TEATRO DE MIGUELÓPOLIS,Cine Teatro De Miguelópolis,ChIJazsMDzr8upQR-Big-4uW_g8,"AV. JOSÉ ESPÍRITO SANTO TANAJURA, MIGUELÓPOLIS - SP, 14530-000",Miguelópolis,,SP,BR,14530-000,-20.1828865,-48.0303429,Movie theater,,,bigquery,
CINECLUBE O MARISCO,Cineclube O Marisco,ChIJb-uUuncQGJURvrsKRRaxZDY,"AV. DO ARROIO, 1015 - CENTRO, CIDREIRA - RS, 95595-000",Cidreira,,RS,BR,95595-000,-30.1851251,-50.2123797,Movie theater,,,bigquery,
MOONLIGHT,Moonlight,ChIJb0Bf5jYYTQcRTuviliHXpGw,"CENTRO, ARAÇUAÍ - STATE OF MINAS GERAIS, 39600-000",Araçuaí,,MG,BR,39600-000,-16.8549436,-42.0618572,Movie theater,,,bigquery,
BELA VISTA,Bela Vista,ChIJb1qTMjhHtAARKonhR9NO4pQ,"CENTRO, ECOPORANGA - STATE OF ESPÍRITO SANTO, 29850-000",Ecoporanga,,ES,BR,29850-000,-18.3709127,-40.8328525,Movie theater,,,bigquery,
Cineclube do H8,Cineclube do H8,ChIJb2-NGABLzJQRLMlGashMLJA,"R. H8A - Campus do CTA, São José dos Campos - SP, 12247-004, Brazil",São José dos Campos,,SP,BR,12247004,-23.2026011,-45.8744149,"movie_theater,point_of_interest,establishment",,,bigquery,"{""source"": ""supabase_places_cache_migration"", ""types"": [""movie_theater"", ""point_of_interest"", ""establishment""], ""rating"": null, ""refreshed_at"": ""2026-05-25T19:18:11.382+00:00""}"
CINEMAR ITANHAÉM,Cinemar Itanhaém,ChIJb2UdRm7V0ZQRHStHnGfGasY,"AV. PRES. KENNEDY, 126 - PRAIA DOS SONHOS, ITANHAÉM - SP, 11740-000",Itanhaém,,SP,BR,11740-000,-24.1905556,-46.7977778,Movie theater,,,bigquery,
EXIBIÇÕES - CINE OCUPA,Exibições - Cine Ocupa,ChIJb39OLP_9zZQRqsxhuZKXsmA,"BERTIOGA - STATE OF SÃO PAULO, 11250-000",Bertioga,,SP,BR,11250-000,-23.8281966,-46.1466319,Movie theater,,,bigquery,
Viperflix,Viperflix,ChIJb3Ahee8DzpQRdylPPRM7dG0,"Rua Alfredo Albertini até 199 - 200 - Marapé, Santos - SP, 11070-010, Brazil",Santos,,SP,BR,11070010,-23.9566342,-46.3468341,"movie_theater,point_of_interest,establishment",,,bigquery,"{""source"": ""supabase_places_cache_migration"", ""types"": [""movie_theater"", ""point_of_interest"", ""establishment""], ""rating"": null, ""refreshed_at"": ""2026-05-25T19:18:12.402+00:00""}"
CINECASULO,Cinecasulo,ChIJb4V-w4FXmQAR_ED45cQDhhM,"PAVILHÃO CENTRAL - UFRRJ, SEROPÉDICA - RJ, 23890-000",Seropédica,,RJ,BR,23890-000,-22.7647034,-43.6890632,Movie theater,,,bigquery,
RANCHO DO AROLDO,Rancho Do Aroldo,ChIJb7L2erLBoAARe9BpF3LAw1k,"MONSENHOR JOÃO ALEXANDRE, CLÁUDIO - STATE OF MINAS GERAIS, 35530-000",Carmo do Cajuru,,MG,BR,35530-000,-20.3286738,-44.6836905,Movie theater,,,bigquery,
VENEZA PISCINAS,Veneza Piscinas,ChIJb7XuwNjIzJQRDeLqdi6zmeg,"AV. DR. PEIXOTO DE CASTRO, 1677 - CRUZ, LORENA - SP, 12606-580",Lorena,,SP,BR,12606-580,-22.7472975,-45.107332,Movie theater,,,bigquery,
CINEUSP AUDITÓRIO CTR - ECA - UNIVERSIDADE DE SÃO PAULO,Cineusp Auditório Ctr - Eca - Universidade De São Paulo,ChIJb8xRWT5WzpQRzyrl0CZEUC8,"CIDADE UNIVERSITÁRIA AVENDIA PROFESSOR LÚCIO MARTINS RODRIGUES NO - 443, SÃO PAULO - SP, 05508-020",São Paulo,,SP,BR,05508-020,-23.5576762,-46.726398,Movie theater,,,bigquery,
TDS CENTRO COMERCIAL,Tds Centro Comercial,ChIJbQ9IX2hUzpQRT4y42cnERBw,"ESTR. SÃO FRANCISCO, 2059 - PARQUE INDUSTRIAL DAS OLIVEIRAS, TABOÃO DA SERRA - SP, 06764-290",São Paulo,,SP,BR,06764-290,-23.6156063,-46.7781449,Movie theater,,,bigquery,
LONA ACÚSTICA E CULTURAL BETH CARVALHO,Lona Acústica E Cultural Beth Carvalho,ChIJbQGVRQeJmQARsIEwM4b-XKw,"BARROCO, MARICÁ - STATE OF RIO DE JANEIRO",Maricá,,RJ,BR,,-22.9670364,-42.9788986,Movie theater,,,bigquery,
FESTIVAL DE CINEMA DE CONCÓRDIA,Festival De Cinema De Concórdia,ChIJbQThuN-B45QR2fYOXl5ryqE,"R. ÁBRAMO ÉBERLE, 322 - CENTRO, CONCÓRDIA - SC, 89700-000",Concórdia,,SC,BR,89700-000,-27.228297,-52.016749,Movie theater,,,bigquery,
CINE TEATRO RIO BRANCO,Cine Teatro Rio Branco,ChIJbSJG-7UhPgcR0xJiDF5Rs38,"R. AGERSON JORGE SENA, NAZARÉ - BA, 44400-000",Nazaré,,BA,BR,44400-000,-13.0323917,-39.0092597,Movie theater,,,bigquery,
CINEMAIS MARÍLIA,Cinemais Marília,ChIJbT0ZoZLWv5QRoQeMSSwnwco,"SHOPPING AQUARIUS - R. DOS TUCUNARÉS, 500 - JARDIM MARAJA, MARÍLIA - SP, 17507-280",Marília,,SP,BR,17507-280,-22.18651,-49.96727,Movie theater,,,bigquery,
Clube do Neto Cinema,Clube do Neto Cinema,ChIJbV6mtWblqgcRQct8qOUNKE4,"R. Trinta e Três, 66 - Pte. dos Carvalhos, Cabo de Santo Agostinho - PE, 54505-465",Cabo de Santo Agostinho,,PE,BR,54505465,-8.2358386,-34.993390999999995,"sports_club,association_or_organization,point_of_interest,establishment",,,bigquery,"{""source"":""google_places_augment"",""types"":[""sports_club"",""association_or_organization"",""point_of_interest"",""establishment""],""rating"":null}"
CINEMA CAFFE,Cinema Caffe,ChIJbVpoutyD6pQRopEaZ5U8nEc,"R. VINTE E QUATRO DE MAIO, 347 - CENTRO, SANTO ANTÔNIO DA PLATINA - PR, 86430-000",Santo Antônio da Platina,,PR,BR,86430-000,-23.2971603,-50.0760838,Movie theater,,,bigquery,
JARDIM TEREZA,Jardim Tereza,ChIJbX-Wqu1rzpQRg3KNCBuPJgw,JOSE VIDAL DE SIQUEIRA,Mauá,,SP,BR,,-23.6914816,-46.4511667,Movie theater,,,bigquery,
CACHOEIRA PINDOBA,Cachoeira Pindoba,ChIJbXaP9K4YvwcR194SjDtXXoE,"ARATUBA, STATE OF CEARÁ, 62762-000",Aratuba,,CE,BR,62762-000,-4.3856728,-38.9982851,Movie theater,,,bigquery,
FREAKS CREATIVE RESEARCH,Freaks Creative Research,ChIJbZryxUJZzpQRxwYOnsZXVy0,"R. PAIS DE ANDRADE, 329 - AP.504 - ACLIMAÇÃO, SÃO PAULO - SP, 01530-000",São Paulo,,SP,BR,01530-000,-23.5689504,-46.6311258,Movie theater,,,bigquery,
CINESERCLA NORTE - SHOPPING NORTE,Cinesercla Norte - Shopping Norte,ChIJbZy06u2PpgARM9dkhzUgmwM,"AV. VILARINHO, 1300 - VENDA NOVA, BELO HORIZONTE - MG, 31.615, BELO HORIZONTE - MG, 31615-250",Belo Horizonte,,MG,BR,31615-250,-19.8152922,-43.9528797,Movie theater,,,bigquery,
CINE A SÃO SEBASTIÃO DO PARAÍSO,Cine A São Sebastião Do Paraíso,ChIJbcxoRYMXt5QRIRPPpbYvNVo,"R. PADRE BENATI, 1200 - CENTRO, SÃO SEBASTIÃO DO PARAÍSO - MG, 37950-000",São Sebastião do Paraíso,,MG,BR,37950-000,-20.9182083,-46.9910955,Movie theater,,,bigquery,
"VGP VIDEO, CINEMA TELEVISÃO","Vgp Video, Cinema Televisão",ChIJbdbnUQoJz5QRgSRIUrsrUHc,"RODOVIA BUNJIRO NAKAO, 465 - BAIRRO DO CARMO, VARGEM GRANDE PAULISTA - SP, 06730-000",Vargem Grande Paulista,,SP,BR,06730-000,-23.6077593,-47.0358408,Movie theater,,,bigquery,
EMPRESA CINEMATOGRÁFICA NELLI,Empresa Cinematográfica Nelli,ChIJbxOv9TJCzpQRdTmzdNYC3UM,"R. JOSÉ PELOSINI, 40 - JARDIM OLAVO BILAC, SÃO BERNARDO DO CAMPO - SP, 09720-040",São Bernardo do Campo,,SP,BR,09720-040,-23.6993291,-46.5524472,Movie theater,,,bigquery,
CINE SHOW,Cine Show,ChIJbxwMcJR-ngARbHqmisFeM3E,"AV. SATURNINO BRAGA, 369 - CENTRO, RESENDE - RJ, 27511-300",Resende,,RJ,BR,27511-300,-22.466254,-44.4516389,Movie theater,,,bigquery,
CINE BATATAIS,Cine Batatais,ChIJbyNF8736uZQRBtfQSYT9DQA,"PRACA CÔNEGO JOAQUIM ALVES 167, BATATAIS - SP, 14300-000",Batatais,,SP,BR,14300-000,-20.8912775,-47.5838335,Movie theater,,,bigquery,
ZNE STUDIO,Zne Studio,ChIJbzoynVTn3JQRJ6u2reLMG7Q,"R. AMADEU ALICE, 155 - TINGUI, CURITIBA - PR, 82620-100",Curitiba,,PR,BR,82620-100,-25.3790923,-49.2230026,Movie theater,,,bigquery,
SEGREDO FILMES,Segredo Filmes,ChIJc1bIHk4FFgcRvQom-9pMuNw,"R. BANCO DOS INGLÊSES, 30 - CAMPO GRANDE, SALVADOR - BA, 40080-040",Salvador,,BA,BR,40080-040,-12.9867783,-38.522335,Movie theater,,,bigquery,
CINESESC,Cinesesc,ChIJc1hPWNJZzpQRRrUvxqWULao,"R. AUGUSTA, 2075 - CERQUEIRA CÉSAR, SÃO PAULO - SP, 01413-000",São Paulo,,SP,BR,01413-000,-23.5604023,-46.6624872,Movie theater,,,bigquery,
FUNCHAL LTDA,Funchal Ltda,ChIJc36N2_qZpgARrbHsOk7i84U,"R. DA BAHIA, 600 - CENTRO, BELO HORIZONTE - MG, 30160-010",Belo Horizonte,,MG,BR,30160-010,-19.9204723,-43.936362,Movie theater,,,bigquery,
CINEMA COPIAGEM REVELAÇÕES CINEMATOGRÁFICAS,Cinema Copiagem Revelações Cinematográficas,ChIJc59FDrRZzpQRR-2pksFx-tA,"R. SÃO VICENTE, 33 - BELA VISTA, SÃO PAULO - SP, 01314-010",São Paulo,,SP,BR,01314-010,-23.5565587,-46.6469326,Movie theater,,,bigquery,
CINE TEATRO PAX,Cine Teatro Pax,ChIJc6Qd-FOrpgARNzEt1PScENA,"CENTRO, ITABIRITO - STATE OF MINAS GERAIS, 35450-000",Itabirito,,MG,BR,35450-000,-20.2555569,-43.8015539,Movie theater,,,bigquery,
CANTAGALO MINAS GERAIS,Cantagalo Minas Gerais,ChIJc82p5P0frgARUV4vAWN5GOs,"AV. PEÇANHA, 850, CANTAGALO - MG, 39703-000",Cantagalo,,MG,BR,39703-000,-18.5310097,-42.6201953,Movie theater,,,bigquery,
TEATRO MUNICIPAL CARMEN MALDONADO,Teatro Municipal Carmen Maldonado,ChIJc9XmH6sMvJQRTNyLHr--DnU,"R. DR. JERÔNIMO DE ALMEIDA, 577-689, SEVERÍNIA - SP, 14735-000",Severínia,,SP,BR,14735-000,-20.8096105,-48.8020155,Movie theater,,,bigquery,
CENTERPLEX CASCAVEL,Centerplex Cascavel,ChIJcQKCcjGXuAcRlpKa5KHMt8Y,"CENTRO, R. FRANCISCO GALDINO DE SOUZA, 2319, CASCAVEL - CE, 62850-000",Cascavel,,CE,BR,62850-000,-4.1314878,-38.2392233,Movie theater,,,bigquery,
CINE UNIK,Cine Unik,ChIJcTzVUbQD3ZQROUUdISvwhmA,"R. JOAQUIM PALHANO, 245-199 - CENTRO, ARAUCÁRIA - PR, 83702-440",Araucária,,PR,BR,83702-440,-25.5915549,-49.4090097,Movie theater,,,bigquery,
GUIBARBOSA CINE VIDEO,Guibarbosa Cine Video,ChIJcUIOZR4VlpQRQMOetR0V-N0,"NUCLEO HAB. THEREZA MARIA BARBIERI, BIRIGÜI - STATE OF SÃO PAULO, 16203-227",Birigui,,SP,BR,16203-227,-21.2966836,-50.3132921,Movie theater,,,bigquery,
Sala de Cinema São Paulo - Minas,Sala de Cinema São Paulo - Minas,ChIJcW_0CwAnz5QR1w9aEj5igN8,"Av. União dos Ferroviários, 1760 - Pte. de Campinas, Jundiaí - SP, 13201-160, Brazil",Jundiaí,,SP,BR,13201160,-23.1821613,-46.8818533,"movie_theater,point_of_interest,establishment",,,bigquery,"{""source"": ""supabase_places_cache_migration"", ""types"": [""movie_theater"", ""point_of_interest"", ""establishment""], ""rating"": null, ""refreshed_at"": ""2026-05-25T19:18:10.52+00:00""}"
ANTIGO CINEMA,Antigo Cinema,ChIJcXOpXkY-ypQRxV2wfRPqVsw,"POÇO FUNDO, STATE OF MINAS GERAIS, 37757-000",Poço Fundo,,MG,BR,37757-000,-21.7805469,-45.9661572,Movie theater,,,bigquery,
UCI RIBEIRÃO SHOPPING & IMAX,Uci Ribeirão Shopping & Imax,ChIJcZfX67m-uZQR8qP5K7u8Fxk,"CONDOMÍNIO SHOPPING CENTER - AV. CEL. FERNANDO FERREIRA LEITE, 1540 - JARDIM CALIFORNIA, RIBEIRÃO PRETO - SP, 14026-900",Ribeirão Preto,,SP,BR,14026-900,-21.211647,-47.816484,Movie theater,,,bigquery,
SONHOS DE CRIAÇÃO,Sonhos De Criação,ChIJca-wQliLxZQRAGW7vRQ6nj0,"R. MACHADO DE ASSIS, 71 - CENTRO, SOROCABA - SP, 18035-270",Sorocaba,,SP,BR,18035-270,-23.5037516,-47.4588748,Movie theater,,,bigquery,
PRODUTORA PEAR PRODUCTION,Produtora Pear Production,ChIJcbB3e5qbmAARfmSaHtn1bmk,"R. CARLOS CHAGAS - SÃO MATEUS, JUIZ DE FORA - MG, 36025-010",Juiz de Fora,,MG,BR,36025-010,-21.7697234,-43.3501958,Movie theater,,,bigquery,
Cineland Currais Novos,Cineland Currais Novos,ChIJcc3VaADXsQcRJM87y1hb_X0,"R. Real Brilho - Manoel Salustino, Currais Novos - RN, 59380-000, Brazil",Currais Novos,,RN,BR,59380000,-6.2618048,-36.5218112,"movie_theater,point_of_interest,establishment",,,bigquery,"{""source"": ""supabase_places_cache_migration"", ""types"": [""movie_theater"", ""point_of_interest"", ""establishment""], ""rating"": null, ""refreshed_at"": ""2026-05-25T19:19:11.11+00:00""}"
STAGE 10,Stage 10,ChIJccg_hsvjzpQRUGZvZyq60e4,"H6WF+RM - VILA PERUS, SÃO PAULO - SP",São Paulo,,SP,BR,,-23.402972,-46.7757843,Movie theater,,,bigquery,
PINHEIRO CINEMA,Pinheiro Cinema,ChIJceBNerafvgcRHZ4mUV7BvN4,"RUA JOSÉ DE QUEIROZ PESSOA, 2500 - PLANALTO UNIVERSITÁRIO, QUIXADÁ - CE, 63900-000",Quixadá,,CE,BR,63900-000,-4.9682265,-39.0237122,Movie theater,,,bigquery,
ANDRE,Andre,ChIJczLRhVphz5QRYVeUAU07si8,"R. MARIA JOSÉ GARCIA, 14 - ALTOS DE VOTORANTIM, VOTORANTIM - SP, 18113-811",Votorantim,,SP,BR,18113-811,-23.5402574,-47.4168917,Movie theater,,,bigquery,
SOUFE CINEMA,Soufe Cinema,ChIJczmpj6FFpJQRLw0P6GCH3zs,"R. JOSÉ AYUBE, 361 - TABAJARAS, UBERLÂNDIA - MG, 38400-188",Uberlândia,,MG,BR,38400-188,-18.9286932,-48.2805002,Movie theater,,,bigquery,
CINEPRIME,Cineprime,ChIJd0B621NbU5QRwMEJ9aLnkSg,"R. 15 DE NOVEMBRO, 1438 - CENTRO, URUGUAIANA - RS, 97650-000",Uruguaiana,,RS,BR,97650-000,-29.7522769,-57.0887007,Movie theater,,,bigquery,
MSA EMPRESA CINEMATOGRÁFICA,Msa Empresa Cinematográfica,ChIJd0maC4-yvZQRtKWiRrjxqR8,"RIO PRETO SHOPPING CENTER - AV. BRG. FARIA LIMA, 6363 - BLOCO A - JARDIM MORUMBI, SÃO JOSÉ DO RIO PRETO - SP",São José do Rio Preto,,SP,BR,,-20.8351067,-49.398587,Movie theater,,,bigquery,
ONDE A FELICIDADE FAZ MORADA,Onde A Felicidade Faz Morada,ChIJd3KuMmTdZwcR3t_-zGaHiME,"TV. PROJETADA 2 - BROTAS DE MACAÚBAS, BA, 47560-000",Brotas de Macaúbas,,BA,BR,47560-000,-12.0048446,-42.6308237,Movie theater,,,bigquery,
SALADEARTE CINEMAM,Saladearte Cinemam,ChIJd66IUu4EFgcRshpDYXSFhzk,AVENIDA DO CONTORNO S/N - SOLAR DO UNHÃO  SALVADOR - BA  40301-155  BRASIL,Salvador,,BA,BR,40301-155,-12.9751992,-38.5144741,"movie_theater,point_of_interest,establishment",,,bigquery,
JOSUE'S CINE PIUMHI,Josue's Cine Piumhi,ChIJd6rynJQTtJQRf4nwjUSccSM,"PRAÇA DR. AVELINO DE QUEIRÓZ, 251-321, PIUMHI - MG, 37925-000",Piumhi,,MG,BR,37925-000,-20.4663743,-45.9593715,Movie theater,,,bigquery,
GALERIA DISTRIBUIDORA,Galeria Distribuidora,ChIJd7Ci985XzpQR8u2BhA-xgrw,"R. ORÓS, 311 - SUMAREZINHO, SÃO PAULO - SP, 05442-020",São Paulo,,SP,BR,05442-020,-23.5432028,-46.6963993,Movie theater,,,bigquery,
CINE AVATAR,Cine Avatar,ChIJd7nKcAFxswARZEr8VdapcYw,"R JAMILE NAAMAN, 78 - JARDIM IRACEMA, TEÓFILO OTONI - MG, 39801-118",Teófilo Otoni,,MG,BR,39801-118,-17.8528546,-41.5063716,Movie theater,,,bigquery,
SOM DE CINEMA,Som De Cinema,ChIJd8iZL-l5GZURc-X5MIEUYso,"R. ARABUTÃ, 800 - NAVEGANTES, PORTO ALEGRE - RS, 90240-470",Porto Alegre,,RS,BR,90240-470,-30.0047712,-51.1930527,Recording studio,,,bigquery,
EMPRESA CINEMAS ARCO ÍRIS,Empresa Cinemas Arco Íris,ChIJd8lxgps5lZQRGqdnYE1M9AM,"AV. RUI BARBOSA, 300 - CENTRO, ASSIS - SP",Assis,,SP,BR,,-22.6612025,-50.4173241,Movie theater,,,bigquery,
CINE MULTIPLEX,Cine Multiplex,ChIJd98doI-yvZQR-6MEd9qLeK4,"AV. BRG. FARIA LIMA, 6363 - JARDIM MORUMBI, SÃO JOSÉ DO RIO PRETO - SP, 15090-500",São José do Rio Preto,,SP,BR,15090-500,-20.8343303,-49.39782,Movie theater,,,bigquery,
CINEMA - CENTRO CULTURAL,Cinema - Centro Cultural,ChIJd9Ljb1lvzpQRd-wt_ybk4y0,"R. INÁCIO MONTEIRO, 6900 - JARDIM SÃO PAULO, SÃO PAULO - SP, 08474-480",São Paulo,,SP,BR,08474-480,-23.5803627,-46.3896072,Movie theater,,,bigquery,
KHALIF ADVICE,Khalif Advice,ChIJd9V4Emi15JQRNbNNjusHGkQ,"R. GARÇAS D, 630 - EFAPI, CHAPECÓ - SC, 89809-621",Chapecó,,SC,BR,89809-621,-27.0956616,-52.6683687,Movie theater,,,bigquery,
MOVIECOM,Moviecom,ChIJdQEi0dansJQRGQnQqZtbUNY,"AV. RIO NEGRO, 1100 - JARDIM ROSELANDIA, FRANCA - SP, 14406-005",Franca,,SP,BR,14406-005,-20.5470791,-47.4178047,Movie theater,,,bigquery,
CINELÂNDIA,Cinelândia,ChIJdQYFXvx_mQAR-4cR4v6_9LQ,"AV. MEM DE SÁ, 117 - CENTRO, RIO DE JANEIRO - RJ, 20230-150",Rio de Janeiro,,RJ,BR,20230-150,-22.9128676,-43.1838346,Movie theater,,,bigquery,
AURUM PRODUÇÕES ARTÍSTICAS E CINEMATOGRÁFICAS LTDA.,Aurum Produções Artísticas E Cinematográficas Ltda.,ChIJdQZAheZhzZQR7rgblyR9jwk,"RECANDO VERDE-MAR - R. TRÊS, 90 - MASSAGUAÇU, CARAGUATATUBA - SP, 11677-233",Caraguatatuba,,SP,BR,11677-233,-23.5863673,-45.339381,Movie theater,,,bigquery,
IGUAPE BEACH HOME L & A,Iguape Beach Home L & A,ChIJdQuKP09hxwcRCbmNDOol-Vo,"R. LAGOA, 29 - JACAÚNA, AQUIRAZ - CE, 61700-000",Aquiraz,,CE,BR,61700-000,-3.9443238,-38.2870906,Movie theater,,,bigquery,
TEHUÁ FILMES,Tehuá Filmes,ChIJdROLcbFXzpQR10woHf5zOFM,"R. CAPOTE VALENTE, 432 - 94 - PINHEIROS, SÃO PAULO - SP, 05409-000",São Paulo,,SP,BR,05409-000,-23.5576747,-46.6750769,Movie theater,,,bigquery,
DURSO FILMS,Durso Films,ChIJdS7Yyl-bmAARhFyawoIFT6o,"1405, AV. PRESIDENTE ITAMAR FRANCO, 998 - SÃO MATEUS, JUIZ DE FORA - MG",Juiz de Fora,,MG,BR,,-21.7654442,-43.3478227,Movie theater,,,bigquery,
SALA DE CINEMA SESC,Sala De Cinema Sesc,ChIJdU4S5RmzvZQRllMKoydcnrE,"AV. FRANCISCO DAS C. OLIVEIRA, 1333 - CHACARA MUN., SÃO JOSÉ DO RIO PRETO - SP, 15090-500",São José do Rio Preto,,SP,BR,15090-500,-20.8337683,-49.3943918,Movie theater,,,bigquery,
FAICONTEC ESTÚDIOS,Faicontec Estúdios,ChIJdXQQyTGzyJQR361J_KojXmc,"R. MURTA DO CAMPO, 138 - PARQUE CAMPO BONITO, INDAIATUBA - SP, 13349-054",Indaiatuba,,SP,BR,13349-054,-23.0988384,-47.2707717,Movie theater,,,bigquery,
Orient Cinemas,Orient Cinemas,ChIJdXptU2twcwcRLU6uKfAhs0s,"River Shopping - Av. Monsenhor Ângelo Sampaio, 100 - 66AB - Centro, Petrolina - PE, 56300-000",Petrolina,,PE,BR,56300000,-9.3936301,-40.4925262,"movie_theater,point_of_interest,establishment",,,bigquery,"{""source"":""google_places_augment"",""types"":[""movie_theater"",""point_of_interest"",""establishment""],""rating"":null}"
PORTA DOS ESSÉNIOS,Porta Dos Essénios,ChIJdZTormitvZQRiodVpLrZTeU,"RES. JARDIM ANTONIETA, SÃO JOSÉ DO RIO PRETO - STATE OF SÃO PAULO, 15042-014",São José do Rio Preto,,SP,BR,15042-014,-20.7965157,-49.4309038,Movie theater,,,bigquery,
ALICE . ELTON E JOÃO PEDRO,Alice . Elton E João Pedro,ChIJd_NFmVJZ7ZQRLlNNUcxs0jc,"R. EUNILDO STEVANATO, 296 - ZONA 8, CIANORTE - PR, 87200-000",Cianorte,,PR,BR,87200-000,-23.6848395,-52.6348522,Movie theater,,,bigquery,
PALVES REALIZAÇÕES & PRODUÇÕES,Palves Realizações & Produções,ChIJdaOriYWZpgARXrBZMNlUfPU,"R. NITERÓI, 151 - SANTA EFIGÊNIA, BELO HORIZONTE - MG, 30240-400",Belo Horizonte,,MG,BR,30240-400,-19.9241781,-43.9149001,Movie theater,,,bigquery,
EQUINOX TV / MUNDO EQX - ESTRATÉGIA DE MARKETING E PRODUÇÃO DE VÍDEOS,Equinox Tv / Mundo Eqx - Estratégia De Marketing E Produção De Vídeos,ChIJdbUCCIxZzpQRCZCtPxvEdOI,"AV. ENGENHEIRO LUÍS CARLOS BERRINI, 1700 - 13 ANDAR - PINHEIROS, SÃO PAULO - SP, 05407-001",São Paulo,,SP,BR,05407-001,-23.6031043,-46.6934841,Movie theater,,,bigquery,
CINE MAJESTICK,Cine Majestick,ChIJddUbZatJxwcR8IFKVRA6UPw,"R. MAJOR FACUNDO, 866 - CENTRO, FORTALEZA - CE, 60025-100",Fortaleza,,CE,BR,60025-100,-3.7305663,-38.5289116,Movie theater,,,bigquery,
APPS ONE,Apps One,ChIJddYlsouVG5URe7fE2AtbAJw,"R. IGNÁCIO SYLVIO VOLKWEIS - TRIUNFO, RS, 95840-000",Triunfo,,RS,BR,95840-000,-29.9175932,-51.6936555,Movie theater,,,bigquery,
PIZZARIA DELIVERY,Pizzaria Delivery,ChIJdeidMYofmAcR58_FfkIMOi4,"R. SÃO GERALDO - PEDREGAL, TAUÁ - CE, 63660-000",Tauá,,CE,BR,63660-000,-6.0111034,-40.2881331,Movie theater,,,bigquery,
CINE ARENA,Cine Arena,ChIJdfFliqpJxwcRvzbYnlS_c2Q,"R. MAJOR FACUNDO, 1193 - CENTRO, FORTALEZA - CE, 60025-101",Fortaleza,,CE,BR,60025-101,-3.733408,-38.5296404,Movie theater,,,bigquery,
CINEMA,Cinema,ChIJdfTtDGgwWpMRggaTwVlGS5Q,SHC AOS 2/8 LOTE 5 253  DF  70660-090  BRASIL,Brasília,,DF,BR,70660-090,-15.8047785,-47.9402775,"movie_theater,point_of_interest,establishment",,,bigquery,
COMPANHIA DO Ó,Companhia Do Ó,ChIJdfdO7lKZpgARuQPzzAj04YY,"AV. ÁLVARES CABRAL, 33/72 - CENTRO, BELO HORIZONTE - MG, 30170-000",Belo Horizonte,,MG,BR,30170-000,-19.9250581,-43.9356499,Movie theater,,,bigquery,
ROOM LIMA BARRETO,Room Lima Barreto,ChIJdwAAS5hZzpQRIBUu2vszmY4,"RUA VERGUEIRO, 1000 - LIBERDADE, SÃO PAULO - SP, 01504-000",São Paulo,,SP,BR,01504-000,-23.571475,-46.640214,Movie theater,,,bigquery,
MORADA DO SOU,Morada Do Sou,ChIJdxgo7Fg8qpQR7p9KvDKpjCA,"38779-000, BRASILÂNDIA DE MINAS - MG",Brasilândia de Minas,,MG,BR,38779-000,-17.0343945,-46.0167009,Movie theater,,,bigquery,
ANCINE STUDIOS (EM PROJETO),Ancine Studios (Em Projeto),ChIJdxoiDejjzpQRflKMpoHUu0Y,"H6XG+H2 - VILA PERUS, SÃO PAULO - SP",São Paulo,,SP,BR,,-23.4010196,-46.774977,Movie theater,,,bigquery,
HOTFRUTIGRANGEIRO,Hotfrutigrangeiro,ChIJdy_3kcXmuwcRsgTJMjjf4bo,"R. DAMASCENO GIRÃO, 136 - MORADA NOVA, CE, 62940-000",Morada Nova,,CE,BR,62940-000,-5.1078144,-38.3728187,Movie theater,,,bigquery,
CINE SÉTIMA ARTE PEDERNEIRAS,Cine Sétima Arte Pederneiras,ChIJdybKQoxVv5QRgL5_aun60U8,"AV. TIRADENTES - CENTRO, PEDERNEIRAS - SP, 17280-000",Pederneiras,,SP,BR,17280-000,-22.35254,-48.77625,Movie theater,,,bigquery,
ESTÂNCIA TAKAHASHI,Estância Takahashi,ChIJdyghPX45kZQRlg2KVi8g2-Q,"DRACENA, STATE OF SÃO PAULO, 17900-000",Dracena,,SP,BR,17900-000,-21.5204534,-51.5405166,Movie theater,,,bigquery,
LOUCOS POR CINEMA BH,Loucos Por Cinema Bh,ChIJe-FUMiCFpgARvzoWLaoZfjA,"R. VAGNER DA SILVA MARQUES - JARDIM FELICIDADE, BELO HORIZONTE - MG, 31742-412",Belo Horizonte,,MG,BR,31742-412,-19.823044,-43.9288557,Entertainment agency,,,bigquery,
ORIENT CINEMAS SHOPPING BARRA,Orient Cinemas Shopping Barra,ChIJe-nP15YEFgcRZeEqN2exbuc,"AV. CENTENÁRIO, S/N - SHOPPING BARRA, SALVADOR - BA, 40100-180",Salvador,,BA,BR,40100-180,-13.006114,-38.5240008,Movie theater,,,bigquery,
JORNADA DO ASSOCIATIVISMO DIGITAL,Jornada Do Associativismo Digital,ChIJe-vigIIX3ZQRN5xB4iPA1mo,"R. ROCHA POMBO, 1485 - CENTRO - CEP:83.601-350, PR",Campo Largo,,PR,BR,,-25.4596209,-49.5357902,Movie theater,,,bigquery,
KINOPLEX,Kinoplex,ChIJe5Ra34ZFzpQR649N70qQdVc,"CENTRO, DIADEMA - STATE OF SÃO PAULO, 04476-240",Diadema,,SP,BR,04476-240,-23.6879572,-46.6252391,Movie theater,,,bigquery,
CINE SÃO SALVADOR,Cine São Salvador,ChIJe5bfhm2sv5QRN8foT_7ICcE,"R. TREZE DE MAIO, 1242-1344 - PIRAJUÍ, SP, 16600-000",Pirajuí,,SP,BR,16600-000,-21.9945699,-49.4569325,Movie theater,,,bigquery,
TOPFLIX,Topflix,ChIJe6fyAcldv5QRapak8G7XHCg,"R. PEDRO LIPE, 451 - NÚCLEO HABITACIONAL MARY DOTA, BAURU - SP, 17026-750",Bauru,,SP,BR,17026-750,-22.2975183,-49.0344833,Movie theater,,,bigquery,
MOVIES GRAVATA,Movies Gravata,ChIJe9FMOrMbFgcRXZDBtzTQps4,"AV. IEMANJÁ, 8 - BOCA DO RIO, SALVADOR - BA, 41710-755",Salvador,,BA,BR,41710-755,-12.9787748,-38.4289014,Movie theater,,,bigquery,
Cinema Grupo Cine Premium,Cinema Grupo Cine Premium,ChIJeQSdCQC9yJQRtSciQXermn8,"Parque Hongaro, Sumaré - SP, 13170-023, Brazil",Sumaré,,SP,BR,13170023,-22.8317592,-47.2663092,"movie_theater,point_of_interest,establishment",,,bigquery,"{""source"": ""supabase_places_cache_migration"", ""types"": [""movie_theater"", ""point_of_interest"", ""establishment""], ""rating"": null, ""refreshed_at"": ""2026-05-25T19:18:14.109+00:00""}"
CINEMA ANGRA SHOPPING,Cinema Angra Shopping,ChIJeRH_L1xOnAARPIWp2Hyaot8,"AV. JOSÉ ELIAS RABHA, 280 - PARQUE DAS PALMEIRAS, ANGRA DOS REIS - RJ, 23906-510",Angra dos Reis,,RJ,BR,23906-510,-22.9991498,-44.3019923,Movie theater,,,bigquery,
"CINEMA ROOM ""COUNTESS FILOMENA MATARAZZO""","Cinema Room ""countess Filomena Matarazzo""",ChIJeT14vLD1k5QRWttWW0ZUlkM,"R. QUINTINO BOCAIÚVA, 749 - VILA MARCONDES, PRES. PRUDENTE - SP, 19030-000",Presidente Prudente,,SP,BR,19030-000,-22.1207256,-51.3795644,Movie theater,,,bigquery,
CINE INDEPENDÊNCIA,Cine Independência,ChIJeV3tWaybpgARuWTH8xuy82Q,"AV. SILVIANO BRANDÃO, 2453 - SAGRADA FAMÍLIA, BELO HORIZONTE - MG, 31030-035",Belo Horizonte,,MG,BR,31030-035,-19.9089407,-43.915093,Movie theater,,,bigquery,
FAZENDA VISTA DE CINEMA,Fazenda Vista De Cinema,ChIJeWQR3L2lnwAR7JY-0Xz4CvE,"SÃO VICENTE DE MINAS - STATE OF MINAS GERAIS, 37370-000",São Vicente de Minas,,MG,BR,37370-000,-21.6892917,-44.5450994,Travel & Transportation,,,bigquery,
IAEC,Iaec,ChIJeWq11fzJyJQRghYRJ_qWKtQ,"AV. JOHN BOYD DUNLOP - JARDIM IPAUSSURAMA, CAMPINAS - SP, 13060-803",Campinas,,SP,BR,13060-803,-22.9246521,-47.1242547,Movie theater,,,bigquery,
RUA FRANCISCA ESMERIA,Rua Francisca Esmeria,ChIJeZJWxzjvtJQR0NxRd0toYIQ,"R. ZILDA DE MELO BRITO, 466 - FORMIGA, MG, 35570-000",Formiga,,MG,BR,35570-000,-20.49652,-45.4404819,Movie theater,,,bigquery,
CINE PLAZA,Cine Plaza,ChIJe_1JFEIgogARROnDkFakLDY,"R. CEL. TEÓFILO, 352 - CENTRO, BARBACENA - MG, 36200-008",Barbacena,,MG,BR,36200-008,-21.2201569,-43.7735809,Movie theater,,,bigquery,
CINEMAXX IMPERIAL PARACAMBI,Cinemaxx Imperial Paracambi,ChIJe_ulOC1MmQARATRtW8_dUVM,"RUA DOMINIQUE LEVEL, 30 - CENTRO, PARACAMBI - RJ, 26600-000",Paracambi,,RJ,BR,26600-000,-22.6103214,-43.709035,Movie theater,,,bigquery,
DUPLA FILMES,Dupla Filmes,ChIJedbr9_3VmwARpoDcbxbh6Ik,"R. MARQUÊS DE SABARÁ, N 37 - JARDIM BOTÂNICO, RIO DE JANEIRO - RJ, 22460-290",Rio de Janeiro,,RJ,BR,22460-290,-22.9661495,-43.2323875,Movie theater,,,bigquery,
CINE EMBAIXADOR,Cine Embaixador,ChIJedoj_kYyGZUR-dL7fRNeJc8,"AV. BORGES DE MEDEIROS, 2697 - CENTRO, GRAMADO - RS, 95670-000",Gramado,,RS,BR,95670-000,-29.3789228,-50.8738403,Movie theater,,,bigquery,
CINE SECRET,Cine Secret,ChIJee9zxL9JxwcRrqohhlJiR7Y,"R. FLORIANO PEIXOTO, 1305 - CENTRO, FORTALEZA - CE, 60025-130",Fortaleza,,CE,BR,60025-130,-3.7340904,-38.529551,Movie theater,,,bigquery,
CINE JEQUITIBA,Cine Jequitiba,ChIJeel4r9ikuJQRtgMOF-6xvog,"R. QUINZE DE NOVEMBRO, 317, BOCAINA - SP, 17240-000",Bocaina,,SP,BR,17240-000,-22.1377277,-48.5182533,Movie theater,,,bigquery,
ESTÂNCIA MARI,Estância Mari,ChIJewVDAApb7ZQRRqCbggEqrWg,"UNNAMED ROAD, CIANORTE - PR, 87200-000",Cianorte,,PR,BR,87200-000,-23.6910278,-52.5938622,Movie theater,,,bigquery,
CINEMA SAO MIGUEL ARCANJO,Cinema Sao Miguel Arcanjo,ChIJeyhvwKGuxZQRjhph0fgJAuU,"R. DR. JÚLIO PRESTES, 621-705 - CENTRO, SÃO MIGUEL ARCANJO - SP, 18230-000",São Miguel Arcanjo,,SP,BR,18230-000,-23.877768,-47.9974196,Movie theater,,,bigquery,
STUDIO ROBERTO FOTOGRAFIAS,Studio Roberto Fotografias,ChIJf-9K1mnXvpQRJ0Khr2NUOGY,"R. AUGUSTO JOSÉ ZUCO, 395 - TERNURA, IBITINGA - SP, 14940-000",Ibitinga,,SP,BR,14940-000,-21.7522632,-48.8455211,Movie theater,,,bigquery,
CINESERCLA SHOPPING AVENIDA,Cinesercla Shopping Avenida,ChIJf1PcH-o3FAcRVpzyFcpLWKk,"FERREIRA DE CERQUEIRA - AV. NÓIDE CERQUEIRA, 5710 - SIM, FEIRA DE SANTANA - BA, 44085-610",Feira de Santana,,BA,BR,44085-610,-12.2559936,-38.9212343,Movie theater,,,bigquery,
ESPAÇO CINEMA JUIZ FORA,Espaço Cinema Juiz Fora,ChIJf2KTsaGcmAARQE6HAYnF7qM,"R. HALFELD, 581 - CENTRO, JUIZ DE FORA - MG, 36010-002",Juiz de Fora,,MG,BR,36010-002,-21.7611505,-43.347232,Movie theater,,,bigquery,
SERRA CINE EXIBIÇÃO DE FILMES,Serra Cine Exibição De Filmes,ChIJf3_4cApWpwARKUh4fzXTlmU,"R. PITANGUI, 220 - VILA OPERARIO, NOVA SERRANA - MG, 35519-000",Nova Serrana,,MG,BR,35519-000,-19.8806172,-44.983058,Movie theater,,,bigquery,
CINE + ARTE CINE DRIVE-IN XANGRI-LÁ,Cine + Arte Cine Drive-In Xangri-Lá,ChIJf47tETZ4GJURdERYHNdmlSs,"SANTORINI, RS-389, XANGRI-LÁ - RS, 95588-000",Xangri-lá,,RS,BR,95588-000,-29.8006872,-50.0540463,Movie theater,,,bigquery,
JOSUES CINE,Josues Cine,ChIJf5aI7OHttJQRrUiEN4wkOKM,"R. GEN. CARNEIRO, 239 - CENTRO, FORMIGA - MG, 35570-000",Formiga,,MG,BR,35570-000,-20.462108,-45.4350295,Movie theater,,,bigquery,
UNO FILMES,Uno Filmes,ChIJf5w2wl1_mQAR8lQvdk-P0zQ,"R. ENG. ALFREDO MODRACH, 260 - LARANJEIRAS, RIO DE JANEIRO - RJ, 22221-130",Rio de Janeiro,,RJ,BR,22221-130,-22.9314223,-43.1907006,Movie theater,,,bigquery,
KIFF AUDIO VISUAL,Kiff Audio Visual,ChIJf7CcfElnzpQRK99-sH-pkmw,"SP, SÃO PAULO - SP, 03987-210",São Paulo,,SP,BR,03987-210,-23.6042103,-46.5109223,Movie theater,,,bigquery,
R3 MOVIES,R3 Movies,ChIJf7b430uWkpQRBy0HuraaKus,"SHOPPING PREMIER - R. MANOEL RIBAS, 730 - CENTRO, PARANAVAÍ - PR, 87701-000",Paranavaí,,PR,BR,87701-000,-23.0831184,-52.4644396,Movie theater,,,bigquery,
CINE IBIAPABA,Cine Ibiapaba,ChIJf9IxaatJ6wcRxDBlYzgToa8,"R. MARIA DE LOURDES ANDRADE DE VASCONCELOS, 200 - CRUZEIRO, TIANGUÁ - CE, 62322-105",Tianguá,,CE,BR,62322-105,-3.7304395,-40.995117,Movie theater,,,bigquery,
ICEQUI,Icequi,ChIJfQr6MjYjowcRIoOUzymE0SM,"R. PEDRO GOMES DE ARAÚJO - QUIXELÔ, CE, 63515-000",Quixelô,,CE,BR,63515-000,-6.2534832,-39.2007855,Movie theater,,,bigquery,
FRAGA STUDIO,Fraga Studio,ChIJfRI1Qka9pgARm8jqeiT7RGI,"R. BELLEVUE, 234 - VILA CASTELA, NOVA LIMA - MG, 34007-073",Nova Lima,,MG,BR,34007-073,-19.994046,-43.9468267,Movie theater,,,bigquery,
CINEMA'S CLUB MOVIE THEATER,Cinema's Club Movie Theater,ChIJfSGLuR2FHZUR3QDThDYSQYo,"R. PROF. ALBINO BENVEGNÚ, 300 - SÃO DOMINGOS DO SUL, RS, 99270-000",São Domingos do Sul,,RS,BR,99270-000,-28.5292019,-51.8927986,Movie theater,,,bigquery,
CINE FINE ARTS,Cine Fine Arts,ChIJfTE_dt6ZpgARCBHMqch86oQ,"R. GONÇALVES DIAS, 1581 - LOURDES, BELO HORIZONTE - MG, 30140-092",Belo Horizonte,,MG,BR,30140-092,-19.9307586,-43.9395287,Movie theater,,,bigquery,
CINE PANAMBI,Cine Panambi,ChIJfTYoE4yV85QRa0L99TElo_s,"R. HAROLDO HAMILTON, 478 - CENTRO, TOLEDO - PR, 85905-390",Toledo,,PR,BR,85905-390,-24.7204124,-53.7433603,Movie theater,,,bigquery,
TOPÁZIO CINEMAS - SHOPPING JARAGUÁ,Topázio Cinemas - Shopping Jaraguá,ChIJfUrolae0yJQRqv8ueDbjzT0,"SHOPPING JARAGUÁ - R. QUINZE DE NOVEMBRO, 1200 - LOJAS 81, 82, 83 E 84 - CENTRO, INDAIATUBA - SP, 13330-070",Indaiatuba,,SP,BR,13330-070,-23.0837547,-47.2131351,Movie theater,,,bigquery,
CINEPLUS JARDIM DAS AMÉRICAS,Cineplus Jardim Das Américas,ChIJfVfHpBbl3JQRcnn2WHy34ZY,"AV. NOSSA SRA. DE LOURDES, 63 - JARDIM DAS AMÉRICAS, CURITIBA - PR, 81530-020",Curitiba,,PR,BR,81530-020,-25.4516583,-49.2284861,Movie theater,,,bigquery,
VISTA DO ALPHAVILLE,Vista Do Alphaville,ChIJfXMs89Bhv5QRD2hgtTYJngA,"VILA AVIAÇÃO, BAURU - STATE OF SÃO PAULO",Bauru,,SP,BR,,-22.3783171,-49.0590637,Movie theater,,,bigquery,
SMITH’S CINE,Smith’s Cine,ChIJfXhWmWVJ6wcRNF3xsn-j2vA,"R. FREI JOSÉ MARIA, 335 - LIONS CLUB, TIANGUÁ - CE, 62320-000",Tianguá,,CE,BR,62320-000,-3.7209416,-40.9940447,Movie theater,,,bigquery,
CONDOMINIO GENNY,Condominio Genny,ChIJfYhJmo9LxwcRo4WiY3niFB4,"POTIRA II, CAUCAIA - STATE OF CEARÁ",Caucaia,,CE,BR,,-3.7584958,-38.6363474,Movie theater,,,bigquery,
NELSON POLINÁRIO: ATOR E DIRETOR - AULAS DE TEATRO E ATUAÇÃO,Nelson Polinário: Ator E Diretor - Aulas De Teatro E Atuação,ChIJfYrKhK61yJQRAZG3Fdgxxdg,"R. INDEPENDÊNCIA, 743 - CIDADE NOVA I, INDAIATUBA - SP, 13334-080",Indaiatuba,,SP,BR,13334-080,-23.0810913,-47.201765,Movie theater,,,bigquery,
CINEMA TEATRO VITORIA E CAMARA MUNICIPAL DE SANTA BARBARA,Cinema Teatro Vitoria E Camara Municipal De Santa Barbara,ChIJf_U3pddIpAARhOUKmSuyX1o,"RUA JOÃO MOTA, 89 - SANTA BÁRBARA, MG, 35960-000",Santa Bárbara,,MG,BR,35960-000,-19.9596146,-43.4147059,Movie theater,,,bigquery,
TREVO 6 PISTAS,Trevo 6 Pistas,ChIJf_sih1W9pgAROXRg_6d7NJY,"ALAMEDA OSCAR NIEMEYER, 11 - VILA DA SERRA, NOVA LIMA - MG, 34000-000",Nova Lima,,MG,BR,34000-000,-19.9832895,-43.9463172,Movie theater,,,bigquery,
JE SUIS EDUARDO SCHAYDEGGER PRODUÇÕES,Je Suis Eduardo Schaydegger Produções,ChIJfaWdjaFZzpQRVY774afJev0,"R. JOSÉ GETÚLIO, 81 - LIBERDADE, SÃO PAULO - SP, 01509-001",São Paulo,,SP,BR,01509-001,-23.5666213,-46.6363021,Movie theater,,,bigquery,
MULTIPLEX PALLADIUM,Multiplex Palladium,ChIJfat50UQa6JQRzhkMVaop3R4,"R. ERMELINO DE LEÃO, 703 - UVARANAS, PONTA GROSSA - PR, 84035-000",Ponta Grossa,,PR,BR,84035-000,-25.0951576,-50.1522979,Movie theater,,,bigquery,
CINEAR PRODUÇÕES E EXIB CINEMAT. LTDA,Cinear Produções E Exib Cinemat. Ltda,ChIJffOqyZq7pgARBl3vfRtIT58,"R. KELSEY, 96 - JARDIM CANADA, NOVA LIMA - MG, 34000-000",Nova Lima,,MG,BR,34000-000,-20.0548943,-43.9901861,Movie theater,,,bigquery,
CINE'N FUN,Cine'n Fun,ChIJfw25rRxev5QRIRCPBpHzO0w,"R. LUÍS LEVORATO, 1-55 - JARDIM MARABÁ, BAURU - SP, 17048-280",Bauru,,SP,BR,17048-280,-22.3708775,-49.0366672,Movie theater,,,bigquery,
MAXI MOVIE UNAMAR,Maxi Movie Unamar,ChIJfwCJ-juvlwAR6MicijxMGRE,"QUADRA 15, LOTE 16, AV. INDEPENDÊNCIA, S/N - UNAMAR, CABO FRIO - RJ, 28928-542",Cabo Frio,,RJ,BR,28928-542,-22.6782436,-42.0065433,Movie theater,,,bigquery,
GRAN CINE BARDOT,Gran Cine Bardot,ChIJfyDcc3NVlgARgtN_WyNa9KY,"TV. DOS PESCADORES, 88 - CENTRO, BÚZIOS - RJ, 28950-795",BÚZIOS,,RJ,BR,28950-795,-22.7549609,-41.8858285,Movie theater,,,bigquery,
CINEMA,Cinema,ChIJfz_etVqaowARkMxmJanTO4c,"PIRANGA, STATE OF MINAS GERAIS, 36480-000",Piranga,,MG,BR,36480-000,-20.6842623,-43.3016144,Movie theater,,,bigquery,
Multicine Cinemas Caxias Shopping,Multicine Cinemas Caxias Shopping,ChIJfzc4imN6mQARg1AQVKfdb6M,"Bela Vista Rodovia BR-316 KM 554 - Estacionamento - Duque de Caxias, Caxias - MA, 65605-295, Brazil",Duque de Caxias,,MA,BR,65605295,-22.78732,-43.2861,"movie_theater,point_of_interest,establishment",,,bigquery,"{""source"": ""supabase_places_cache_migration"", ""types"": [""movie_theater"", ""point_of_interest"", ""establishment""], ""rating"": null, ""refreshed_at"": ""2026-05-25T19:20:11.502+00:00""}"
Planet Cinemas,Planet Cinemas,ChIJg0aOWgCHmQARmM41sYILGC0,"Estr. Francisco da Cruz Nunes, 6081 - 2º andar - Itaipu, Niterói - RJ, 24350-310, Brazil",Niterói,,RJ,BR,24350310,-22.9400246,-43.056174,"movie_theater,point_of_interest,establishment",,,bigquery,"{""source"": ""supabase_places_cache_migration"", ""types"": [""movie_theater"", ""point_of_interest"", ""establishment""], ""rating"": null, ""refreshed_at"": ""2026-05-25T19:28:28.086+00:00""}"
NEW CONCEPT FOTOGRAFIAS,New Concept Fotografias,ChIJg65zfVHVmwAR96a0ekOGdT0,"AV. NOSSA SRA. DE COPACABANA, 129 - COPACABANA, RIO DE JANEIRO - RJ, 22050-002",RIO DE JANEIRO,,RJ,BR,22050-002,-22.9647553,-43.1755406,Movie theater,,,bigquery,
CENTERPLEX CINEMAS,Centerplex Cinemas,ChIJg9NrVidjzZQRRxNHwuzpUGY,"AV. JOSÉ HERCULANO, 1086 - KM 05 - PONTAL DE SANTA MARINA, CARAGUATATUBA - SP, 11672-901",Caraguatatuba,,SP,BR,11672-901,-23.6543554,-45.4373164,Movie theater,,,bigquery,
CASA DE CINEMA DA BAHIA,Casa De Cinema Da Bahia,ChIJgRTJyucEFgcR7zK6ea3l9wg,"R. MACIEL DE CIMA, 21 - PELOURINHO, SALVADOR - BA, 40026-250",Salvador,,BA,BR,40026-250,-12.9725511,-38.508565,Movie theater,,,bigquery,
CINEFOR CINEMA E INFORMATICA,Cinefor Cinema E Informatica,ChIJgRsmlvrfmwAR_9V3AYHjShU,"R. MÉXICO, 21 - CENTRO, RIO DE JANEIRO - RJ, 20031-144",Rio de Janeiro,,RJ,BR,20031-144,-22.9118986,-43.1743,Movie theater,,,bigquery,
LUZ CINEMA ART,Luz Cinema Art,ChIJgSccVWfDzJQRkLuTrrPPDkU,"TV. AZIZ CHAD, APARECIDA - SP, 12570-000",Aparecida,,SP,BR,12570-000,-22.8475393,-45.229135,Movie theater,,,bigquery,
TELEBOX1000,Telebox1000,ChIJgT1Ow9iFmQAR4IAhhayYP1c,"R. DA SUÉCIA - MARIA PAULA, NITERÓI - RJ, 24753-510",Niterói,,RJ,BR,24753-510,-22.8792131,-43.0337572,Movie theater,,,bigquery,
Artesão Urgentes,Artesão Urgentes,ChIJgVk232IZqwcRmygFYfykaJM,"Condomínio do Edifício Carlos Gomes - Av. Manoel Borba, 694 - Boa Vista, Recife - PE, 50070-900",Recife,,PE,BR,50070900,-8.0591182,-34.8915344,"movie_theater,point_of_interest,establishment",,,bigquery,"{""source"":""google_places_augment"",""types"":[""movie_theater"",""point_of_interest"",""establishment""],""rating"":null}"
BOLONHA CLUB,Bolonha Club,ChIJgVwqItuZpgARz-2Eki2Dwhg,"R. PERNAMBUCO, 1101 - FUNCIONÁRIOS, BELO HORIZONTE - MG, 30130-151",Belo Horizonte,,MG,BR,30130-151,-19.9371439,-43.9351742,Movie theater,,,bigquery,
CINE TEATRO WHITE HOUSE,Cine Teatro White House,ChIJgVzJZe7et5QRMEX8RXSImoI,"R. LÚCIO LEONEL, 449 - JARDIM PAULISTA, CASA BRANCA - SP, 13700-000",Casa Branca,,SP,BR,13700-000,-21.7751031,-47.0855476,Movie theater,,,bigquery,
XOPOTOLITANO,Xopotolitano,ChIJgW23IfG1owARuJmF8N9iH8g,"R. CROATÁS - ALTO RIO DOCE, MG, 36260-000",Alto Rio Doce,,MG,BR,36260-000,-21.0148236,-43.4092101,Movie theater,,,bigquery,
CINEMA IMIGRANTE,Cinema Imigrante,ChIJgWRcnnezHpUR6zBhIzUXTY4,"NOVA PETRÓPOLIS, STATE OF RIO GRANDE DO SUL, 95150-000",Nova Petrópolis,,RS,BR,95150-000,-29.3741631,-51.1073163,Movie theater,,,bigquery,
Cinemaxx Shopping Olga Sola,Cinemaxx Shopping Olga Sola,ChIJgY0fwn72mAAR9i8pCLqwJaI,"Praça São Sebastião, 330 - Três Rios, RJ, 25804-080, Brazil",Três Rios,,RJ,BR,25804080,-22.1163607,-43.2097969,"movie_theater,point_of_interest,establishment",,,bigquery,"{""source"": ""supabase_places_cache_migration"", ""types"": [""movie_theater"", ""point_of_interest"", ""establishment""], ""rating"": null, ""refreshed_at"": ""2026-05-25T19:20:17.571+00:00""}"
TEHUÁ FILMES,Tehuá Filmes,ChIJgY3yJJEFzpQRWaoUBdypaRg,"R. RIACHUELO, 73 - CENTRO, SANTOS - SP, 11010-021",Santos,,SP,BR,11010-021,-23.935222,-46.329246,Movie theater,,,bigquery,
8MM CINEMOVIE,8mm Cinemovie,ChIJgZQfnWYPz5QRVlnZMt_zIfI,"R. JOSÉ VALÊNCIO, 38 - AMADOR BUENO, ITAPEVI - SP, 06680-550",Itapevi,,SP,BR,06680-550,-23.5329403,-46.9869941,Movie theater,,,bigquery,
SALA CINEMATOGRAPHOS,Sala Cinematographos,ChIJg_t2zItXzpQRS6kDO9Gp824,"PACAEMBU, SÃO PAULO - STATE OF SÃO PAULO, 01251-001",São Paulo,,SP,BR,01251-001,-23.5464007,-46.6731482,Movie theater,,,bigquery,
NÚCLEO DE PRODUÇÃO AUDIOVISUAL OFCINE,Núcleo De Produção Audiovisual Ofcine,ChIJgfCMpE6dEZUR9ewXwqi2eOs,"R. ENG. ALFREDO HUCK, 251-461 - VILA SANTA TEREZA, RIO GRANDE - RS, 96201-460",RIO GRANDE,,RS,BR,96201-460,-32.0413817,-52.0881492,Movie theater,,,bigquery,
STAGE 23,Stage 23,ChIJgfowHIP_zpQRnY7ypQ49yN8,"AV. PIRARUCU, 1630 - JARDIM SANTA CECILIA, BARUERI - SP, 02675-031",Barueri,,SP,BR,02675-031,-23.515929,-46.8209416,Movie theater,,,bigquery,
CINEMA ARARIBOIA,Cinema Arariboia,ChIJgwj65y2vnQARhrEXwnY3D1A,"R. DO COMÉRCIO, 340 - CENTRO, ANGRA DOS REIS - RJ, 23900-000",Angra dos Reis,,RJ,BR,23900-000,-23.0260794,-44.5207787,Movie theater,,,bigquery,
CINE 7D,Cine 7d,ChIJgxnCZAvYzZQRQXq0R68W8Gw,"JARDIM SANTISTA, MOGI DAS CRUZES - STATE OF SÃO PAULO, 08717-000",Mogi das Cruzes,,SP,BR,08717-000,-23.5298644,-46.2047655,Movie theater,,,bigquery,
BEM TV,Bem Tv,ChIJgzT4y_-OmQARIxoZjde5LH8,"EST. MARINO NUNES VIEIRA, 33 - VÁRZEA DAS MOÇAS, NITERÓI - RJ, 24330-310",Niterói,,RJ,BR,24330-310,-22.9174845,-42.9796881,Movie theater,,,bigquery,
EMPRESA DE CINEMAS DO VALE DO PARAIBA,Empresa De Cinemas Do Vale Do Paraiba,ChIJh1EvWwT5zJQRTjXJ40KHHUQ,"R. VISC. DO RIO BRANCO, 461 - CENTRO, TAUBATÉ - SP, 12020-040",Taubaté,,SP,BR,12020-040,-23.0247384,-45.5546266,Movie theater,,,bigquery,
CINE A LORENA,Cine A Lorena,ChIJh29HjNDOzJQRnlM-7GjeJr8,"ECO VALLE SHOPPING - ESTR. VICINAL CHIQUITO DE AQUINO, 46 - CRUZ, LORENA - SP, 12606-452",Lorena,,SP,BR,12606-452,-22.7544683,-45.1064635,Movie theater,,,bigquery,
CINE PLAZA,Cine Plaza,ChIJh32x7FNQzpQRoY7-34sQII4,"R. SEN. FLÁQUER, 168 - SANTO AMARO, SÃO PAULO - SP, 04744-030",São Paulo,,SP,BR,04744-030,-23.6547518,-46.7057217,Movie theater,,,bigquery,
UCI Kinoplex,UCI Kinoplex,ChIJh38ZJQB7mQARYQEFsvvwVmc,"Rod. Washington Luiz, 2895 - Parque Duque, Duque de Caxias - RJ, 25085-008, Brazil",Duque de Caxias,,RJ,BR,25085008,-22.7873401,-43.2866498,"movie_theater,point_of_interest,establishment",,,bigquery,"{""source"": ""supabase_places_cache_migration"", ""types"": [""movie_theater"", ""point_of_interest"", ""establishment""], ""rating"": null, ""refreshed_at"": ""2026-05-25T19:20:08.171+00:00""}"
TRANSPARETA TRANS P CINEMA E TV,Transpareta Trans P Cinema E Tv,ChIJh3wl7jgbz5QRbFkK8Tc7LCM,"AV. DR. ÁLVARO RIBEIRO, 161 - JARDIM FREDIANI, SANTANA DE PARNAÍBA - SP, 06500-000",Santana de Parnaíba,,SP,BR,06500-000,-23.4442071,-46.9238861,Movie theater,,,bigquery,
UFBA ART ROOM,Ufba Art Room,ChIJh4RyhIQEFgcRlTdR5UI2Mdg,"AV. REITOR MIGUEL CALMON, S/N, PAC VALE DO - CANELA, SALVADOR - BA, 40110-100",Salvador,,BA,BR,40110-100,-12.995381,-38.518751,Movie theater,,,bigquery,
REDE CINE,Rede Cine,ChIJh5MYu5dZzpQRzFNHosHS0OE,"AV. BERNARDINO DE CAMPOS, 98 - PARAÍSO, SÃO PAULO - SP, 12345-678",São Paulo,,SP,BR,12345-678,-23.5721792,-46.6434495,Movie theater,,,bigquery,
CINE CLUBE RECANTO,Cine Clube Recanto,ChIJh62Hb-aJmQARznb9PvYJ8Vw,"RUA CAPITÃO CELSO CORRÊA DA SILVA - RECANTO DE ITAIPUAÇU, MARICÁ - RJ, 24937-090",Niterói,,RJ,BR,24937-090,-22.9658383,-43.0109156,Movie theater,,,bigquery,
KINO-OLHO,Kino-Olho,ChIJh6DJXp7bx5QRoHtWTPIjn90,"R. 7, 1047-959 - CENTRO, RIO CLARO - SP, 13500-143",Rio Claro,,SP,BR,13500-143,-22.4116769,-47.5632413,Movie theater,,,bigquery,
CINEMA INTERNACIONAL CORPORATION DISTRIBUIDORA DE FILME LTDA,Cinema Internacional Corporation Distribuidora De Filme Ltda,ChIJh6bWGwtXzpQR7LEEYoy9zW0,"AV. BRIG. FARIA LIMA, 1478 - PINHEIROS, SÃO PAULO - SP, 01451-001",São Paulo,,SP,BR,01451-001,-23.5707853,-46.691585,Movie theater,,,bigquery,
Cine Show,Cine Show,ChIJh6z41cVMmAARk2Us3LQHfpw,"R. Edmundo Bitencourt, 101 - Loja 201 - Várzea, Teresópolis - RJ, 25953-030, Brazil",Teresópolis,,RJ,BR,25953030,-22.4101864,-42.9658177,"movie_theater,point_of_interest,establishment",,,bigquery,"{""source"": ""supabase_places_cache_migration"", ""types"": [""movie_theater"", ""point_of_interest"", ""establishment""], ""rating"": null, ""refreshed_at"": ""2026-05-25T19:20:15.382+00:00""}"
SHEKINAH FILMES,Shekinah Filmes,ChIJhQG6OH_F2pQRSLGlTBvZp0s,"345, SP-226, 213, PARIQUERA-AÇU - SP, 11930-000",Pariquera-Açu,,SP,BR,11930-000,-24.7119872,-47.8835855,Movie theater,,,bigquery,
CINE GOLDEN,Cine Golden,ChIJhSB9bEilQAcRSwS4n9ajrTI,"AV. DEP. LUIZ EDUARDO MAGALHÃES - SÃO JUDAS TADEU, JEQUIÉ - BA, 45204-125",Jequié,,BA,BR,45204-125,-13.8365961,-40.0717751,Movie theater,,,bigquery,
CINE AGUAI,Cine Aguai,ChIJhSknS343yJQR2H_VNnaNYAY,"R. XV DE NOVEMBRO, 447 - CENTRO, AGUAÍ - SP, 13860-015",Aguaí,,SP,BR,13860-015,-22.0578346,-46.9791675,Movie theater,,,bigquery,
C.VALECINEMA,C.valecinema,ChIJhTJU9Gmp85QRXOQCnO_gvL4,"AV. DOM PEDRO II - ASSIS CHATEAUBRIAND, PR, 85935-000",Assis Chateaubriand,,PR,BR,85935-000,-24.4046266,-53.5041383,supermarket,,,bigquery,
BEVERLY HILLS JDF,Beverly Hills Jdf,ChIJhUk3H5ibmAARs6lyflxfcfQ,"R. DR. OSMAR SILVA, 95 - BOM PASTOR, JUIZ DE FORA - MG, 36021-080",Juiz de Fora,,MG,BR,36021-080,-21.7775924,-43.3388617,Movie theater,,,bigquery,
CINE SANTA CRUZ,Cine Santa Cruz,ChIJh_5ZovIst5QR9HrftV5ZJWg,"CENTRO, CÁSSIA - STATE OF MINAS GERAIS, 37980-000",Cássia,,MG,BR,37980-000,-20.5831241,-46.9232316,Movie theater,,,bigquery,
CINEMA DA GALERA,Cinema Da Galera,ChIJhaA6Wfv3-5QRpBUG0F2uLNQ,"SÃO MARTINHO - STATE OF RIO GRANDE DO SUL, 98690-000",São Martinho,,RS,BR,98690-000,-27.7486755,-53.8812818,Movie theater,,,bigquery,
VILLAS BOULEVARD,Villas Boulevard,ChIJhafvHeQEFgcRDIsG7rDuOsM,"AV. ESTADOS UNIDOS, 397 - COMERCIO, SALVADOR - BA, 40010-020",Salvador,,BA,BR,40010-020,-12.9698772,-38.5120343,Movie theater,,,bigquery,
CINE MOLOTOV,Cine Molotov,ChIJhawDIGVJxwcRwu6XG69hiCg,"R. JOÃO GENTIL - BENFICA, FORTALEZA - CE, 60020-100",Fortaleza,,CE,BR,60020-100,-3.7449391,-38.5391685,Movie theater,,,bigquery,
CINE SÃO CARLOS,Cine São Carlos,ChIJhayPGwDPyJQRrjP1Shk9qmY,"R. Dr. César Bierrembach, 161 - Centro, Campinas - SP, 13015-025, Brazil",Campinas,,SP,BR,13015025,-22.9037942,-47.0576893,"movie_theater,point_of_interest,establishment",,,bigquery,"{""source"": ""supabase_places_cache_migration"", ""types"": [""movie_theater"", ""point_of_interest"", ""establishment""], ""rating"": null, ""refreshed_at"": ""2026-05-25T19:18:06.769+00:00""}"
CINE BELAS ARTES-RIBEIRÃO PRETO,Cine Belas Artes-Ribeirão Preto,ChIJhd6Nok2_uZQRq_uoCCTZwl4,"R. CONSELHEIRO DANTAS, 500 - VILA TIBERIO, RIBEIRÃO PRETO - SP, 14050-400",Ribeirão Preto,,SP,BR,14050-400,-21.1695121,-47.8181779,Movie theater,,,bigquery,
CACTUS FLOWER FILM,Cactus Flower Film,ChIJhf-91dlLqJQRcyQqikfAcJQ,"TV. EUSÉBIO, 2123, PARACATU - MG, 38600-000",Paracatu,,MG,BR,38600-000,-17.2250327,-46.8796366,Movie theater,,,bigquery,
ANTIGO CINE TEATRO RECREIO,Antigo Cine Teatro Recreio,ChIJhfBliusx_ZQROYYU5hXw4yM,"AV. FLORES DA CUNHA, 1551 - CENTRO, CARAZINHO - RS, 99500-000",Carazinho,,RS,BR,99500-000,-28.2867551,-52.7900707,Movie theater,,,bigquery,
CINE ORLÂNDIA,Cine Orlândia,ChIJhxSbsOIkupQRiwf-Qn3XjnA,"LOT. SAO PEDRO, ORLÂNDIA - STATE OF SÃO PAULO, 14620-000",Orlândia,,SP,BR,14620-000,-20.7200618,-47.8815181,Movie theater,,,bigquery,
CINE VITÓRIA,Cine Vitória,ChIJhzLDOgAb9JQRNgKcEZM1iBY,"AV. TIRADENTES - ITAIPULÂNDIA, PR, 85880-000",Itaipulândia,,PR,BR,85880-000,-25.1391634,-54.3011928,Movie theater,,,bigquery,
CINE 104,Cine 104,ChIJi0Sa5OqZpgAR9NJ9VO9gWcY,"PRAÇA RUI BARBOSA, 104 - CENTRO, BELO HORIZONTE - MG, 30160-000",Belo Horizonte,,MG,BR,30160-000,-19.9155471,-43.9345535,Movie theater,,,bigquery,
ZOHAR CINEMA,Zohar Cinema,ChIJi0wiDd9_mQAR0YS1aU6wyLM,"R. VOLUNTÁRIOS DA PÁTRIA, 455 - HUMAITÁ, RIO DE JANEIRO - RJ, 22270-000",Rio de Janeiro,,RJ,BR,22270-000,-22.9560668,-43.196863,Movie theater,,,bigquery,
FJ TRANSPORTE CINEMA,Fj Transporte Cinema,ChIJi24IoJ2LzpQRcZL3rZUVvk4,"AV. OTÁVIO BRAGA DE MESQUITA, 1172 - VILA FLORIDA, GUARULHOS - SP, 07191-000",Guarulhos,,SP,BR,07191-000,-23.4549409,-46.5087979,Movie theater,,,bigquery,
P D BORTOLINI & ARAÚJO EXIBIÇÃO CINEMATOGRÁFICA,P D Bortolini & Araújo Exibição Cinematográfica,ChIJi3ItGpbeyJQRzo8_Hs9Jmzo,"AV. PAPA JOÃO XXIII, 365, PEDREIRA - SP, 13920-000",Pedreira,,SP,BR,13920-000,-22.7383703,-46.8932126,Movie theater,,,bigquery,
LAGOINHA CINEMA,Lagoinha Cinema,ChIJi3SatXB8pgARUZdBQa2HFFs,"R. VIRGÍLIO DE MELO FRANCO, 44 - MIGUEL A SALOMÃO, LAGOA SANTA - MG, 33400-000",Lagoa Santa,,MG,BR,33400-000,-19.6281604,-43.8949511,Baptist church,,,bigquery,
CINE 6D,Cine 6d,ChIJi4PNP_qFu5QRJNCMN622atI,"VIA CONSELHEIRO ANTÔNIO PRADO, 1400 - PEDRO CAVALINI, BARRETOS - SP, 14784-200",Barretos,,SP,BR,14784-200,-20.5735689,-48.5597202,Movie theater,,,bigquery,
CINE RITZ ITAÚNA,Cine Ritz Itaúna,ChIJi6Wfs9EypwARgO_wipHgVD8,"AV. JOVE SOARES, 1049 - GRAÇAS, ITAÚNA - MG, 35680-352",Itaúna,,MG,BR,35680-352,-20.0776858,-44.5799539,Movie theater,,,bigquery,
CINEMARK,Cinemark,ChIJi6gyNa_DzZQRFbjPXdegiRg,"R. FRANCISCO F LOPES, 216, BIRITIBA MIRIM - SP, 08940-000",Biritiba Mirim,,SP,BR,08940-000,-23.5734608,-46.0393194,Movie theater,,,bigquery,
Cine Show Cruzeiro,Cine Show Cruzeiro,ChIJi8cE9qT1nQARV7TmiWf6feM,"Rua Dr. Othon Barcellos, 5 - Centro, Cruzeiro - SP, 12730-010, Brazil",Cruzeiro,,SP,BR,12730010,-22.5855467,-44.9611123,"movie_theater,point_of_interest,establishment",,,bigquery,"{""source"": ""supabase_places_cache_migration"", ""types"": [""movie_theater"", ""point_of_interest"", ""establishment""], ""rating"": null, ""refreshed_at"": ""2026-05-25T19:28:14.322+00:00""}"
CINEART CINEMAS,Cineart Cinemas,ChIJi8iTHouapgAR7dRrii4l_As,"AV. CRISTIANO MACHADO, 4.000 - UNIÃO, BELO HORIZONTE - MG, 31160-900",Belo Horizonte,,MG,BR,31160-900,-19.8740721,-43.9266586,Movie theater,,,bigquery,
STUDIO CAMINO SOUND DESIGN,Studio Camino Sound Design,ChIJi919du3JyJQRhevjbVvM64Y,"R. BERNARDO INÁCIO, 20 - SOBRADO - JARDIM ALVORADA, CAMPINAS - SP, 13050-741",Campinas,,SP,BR,13050-741,-22.947595,-47.1086579,Movie theater,,,bigquery,
OBÁ CACAUÊ PRODUÇÕES,Obá Cacauê Produções,ChIJi96hcVIFFgcRu2EEodhldIA,"R. PACÍFICO PEREIRA - GARCIA, SALVADOR - BA, 40100-000",Salvador,,BA,BR,40100-000,-12.9911337,-38.5144556,Movie theater,,,bigquery,
Cine Sussy,Cine Sussy,ChIJiQtyfQCdngARCfT-WOGBxMw,"Rua Joaquim de Oliveira Dutra - São Paulo, Barra Mansa - RJ, 27340-550, Brazil",Barra Mansa,,RJ,BR,27340550,-22.5890682,-44.1843837,"movie_theater,point_of_interest,establishment",,,bigquery,"{""source"": ""supabase_places_cache_migration"", ""types"": [""movie_theater"", ""point_of_interest"", ""establishment""], ""rating"": null, ""refreshed_at"": ""2026-05-25T19:20:15.516+00:00""}"
Cine RT,Cine RT,ChIJiSouIyYsrAcRs2oy9If5uEQ,"R. José Leal, 32, Remígio - PB, 58398-000, Brazil",Remígio,,PB,BR,58398000,-6.9674003,-35.7958975,"movie_theater,point_of_interest,establishment",,,bigquery,"{""source"": ""supabase_places_cache_migration"", ""types"": [""movie_theater"", ""point_of_interest"", ""establishment""], ""rating"": null, ""refreshed_at"": ""2026-05-25T19:20:17.727+00:00""}"
CINEMAIS,Cinemais,ChIJiUBeyv9tvAAR7dwd245pWe8,"R. BUARQUE NAZARET, 151 - CENTRO, BOM JESUS DO ITABAPOANA - RJ, 28360-000",Bom Jesus do Itabapoana,,RJ,BR,28360-000,-21.1347275,-41.6800872,Movie theater,,,bigquery,
C D I CINEMA DISTRIBUICAO INDEPENDENTE S C,C D I Cinema Distribuicao Independente S C,ChIJiUePrLZZzpQRraOMLyqnTmU,"R. TREZE DE MAIO, 489 - BELA VISTA, SÃO PAULO - SP, 01327-000",São Paulo,,SP,BR,01327-000,-23.5574552,-46.6464413,Movie theater,,,bigquery,
CINE A ITAJUBÁ,Cine A Itajubá,ChIJiVa2G3hly5QRZUmTFzVh-_g,"AV. DR. JERSON DIAS, 401 - ESTIVA, ITAJUBÁ - MG, 37500-279",Itajubá,,MG,BR,37500-279,-22.4123849,-45.4373711,Movie theater,,,bigquery,
HUMBERTO MAURO,Humberto Mauro,ChIJiVi9_-WZpgARKIhQBR1u8ww,"AV. AFONSO PENA, 1537 - CENTRO, BELO HORIZONTE - MG, 30120-010",Belo Horizonte,,MG,BR,30120-010,-19.9257915,-43.9341223,Movie theater,,,bigquery,
IT CANAL,It Canal,ChIJiX5Gr7TBpgAR_Ddfx-Jzwsw,"R. RIO PARAOPEBA, 95 - LARANJEIRAS, BETIM - MG, 32676-276",Betim,,MG,BR,32676-276,-19.9481346,-44.1345835,Movie theater,,,bigquery,
CINE ARTE LILIAN LEMMERTZ,Cine Arte Lilian Lemmertz,ChIJiXD4tQn4zpQR3ynz62-06PM,"ÁGUA BRANCA, SÃO PAULO - STATE OF SÃO PAULO, 05042-000",São Paulo,,SP,BR,05042-000,-23.5255892,-46.6828777,Movie theater,,,bigquery,
PRODUTORA E FORMADORA AUDIOVISUAL ARÊ SIGNOS,Produtora E Formadora Audiovisual Arê Signos,ChIJiZHbGL2XpgAR9hvSYRNDS-U,"R. IBIÁ, 119 - SANTO ANDRE, BELO HORIZONTE - MG, 31210-560",Belo Horizonte,,MG,BR,31210-560,-19.9065267,-43.9517909,Movie theater,,,bigquery,
Grupo Cine Sala Santa Isabel/SP,Grupo Cine Sala Santa Isabel/SP,ChIJi_WPKwApzJQRYbXjd25QPgo,"Ac. A Represa, 1000 - Chácaras Eldorado, Santa Isabel - SP, 12350-000, Brazil",Santa Isabel,,SP,BR,12350000,-23.2424557,-46.205772,"movie_theater,point_of_interest,establishment",,,bigquery,"{""source"": ""supabase_places_cache_migration"", ""types"": [""movie_theater"", ""point_of_interest"", ""establishment""], ""rating"": null, ""refreshed_at"": ""2026-05-25T19:19:05.146+00:00""}"
SHINEBOX PAINEL DE LED,Shinebox Painel De Led,ChIJi_g5TI5_GZURrjsV0bElpRU,"R. VINTE DE SETEMBRO, 11 - PARQUE 35, GUAÍBA - RS, 92500-000",Guaíba,,RS,BR,92500-000,-30.1033676,-51.3185395,Movie theater,,,bigquery,
CIC - CENTRO INTEGRADO DE CULTURA,Cic - Centro Integrado De Cultura,ChIJi_oe5azGmZQRMHRPs8WLsbw,"R. SETE, 995 - CENTRO, SANTA FÉ DO SUL - SP, 15775-000",Santa Fé do Sul,,SP,BR,15775-000,-20.2104933,-50.9261166,Movie theater,,,bigquery,
CINE UNIPLEX ITAPEVA,Cine Uniplex Itapeva,ChIJibjckIOSw5QRCE-B9Lrgcqo,"AV. PAULINA DE MORAIS, 590 - CENTRO, ITAPEVA - SP, 18407-110",Itapeva,,SP,BR,18407-110,-23.9866067,-48.8841511,Movie theater,,,bigquery,
Moviemax Igarassu,Moviemax Igarassu,ChIJicI7K3FrqwcRV18zdyW7INg,"Centro, Igarassu - PE, 53610-050, Brazil",Igarassu,,PE,BR,53610050,-7.8275913,-34.9094027,"movie_theater,point_of_interest,establishment",,,bigquery,"{""source"": ""supabase_places_cache_migration"", ""types"": [""movie_theater"", ""point_of_interest"", ""establishment""], ""rating"": null, ""refreshed_at"": ""2026-05-25T19:19:22.87+00:00""}"
JAYHAWK,Jayhawk,ChIJicmxTivzlQcRdjm3nS9Ugoo,"VIDEO, CATUNDA - STATE OF CEARÁ, 62297-000",Catunda,,CE,BR,62297-000,-4.7143044,-40.0760008,Movie theater,,,bigquery,
SHARKCINE,Sharkcine,ChIJicrhvHvj3JQRlyNVNi4Wq2g,"SHOPPING, AV. REP. ARGENTINA, 1927 - ÁGUA VERDE, CURITIBA - PR, 80620-010",Curitiba,,PR,BR,80620-010,-25.4638328,-49.290596,Movie theater,,,bigquery,
CINE MACAÉ,Cine Macaé,ChIJidD7YokwlgARhckj6wDE7gw,"AV. RUI BARBOSA, 1725 - ALTO DOS CAJUEIROS, MACAÉ - RJ, 27915-011",Macaé,,RJ,BR,27915-011,-22.3852108,-41.7754443,Movie theater,,,bigquery,
DARLING PUR,Darling Pur,ChIJidKH-Kn1zpQRxqpigCQX4I4,"AV. JARDIM JAPÃO - JARDIM BRASIL (ZONA NORTE), SÃO PAULO - SP, 02222-070",São Paulo,,SP,BR,02222-070,-23.4852853,-46.5786959,Movie theater,,,bigquery,
VILA GOMES,Vila Gomes,ChIJidjTJGKNupQRJKTKrOzBVmY,"R. LAUDEMIRO CLEMENTINO, 551 - JARDIM SANTA RITA, IGARAPAVA - SP, 14540-000",Igarapava,,SP,BR,14540-000,-20.0361816,-47.7385922,Movie theater,,,bigquery,
CINEFLIX - MARINGÁ PARK,Cineflix - Maringá Park,ChIJifLlQyrR7JQRyWrADYdyTGE,"AV. SÃO PAULO, 1099 - CENTRO, MARINGÁ - PR, 87013-931",Maringá,,PR,BR,87013-931,-23.4224147,-51.932962,Movie theater,,,bigquery,
CINE ALVORADA,Cine Alvorada,ChIJifNJzhtXpQARLJqSybN_VYo,"AV. GERALDO INÁCIO, 874 - MELO VIANA, CEL. FABRICIANO - MG, 35170-150",Coronel Fabriciano,,MG,BR,35170-150,-19.4987784,-42.6305476,Movie theater,,,bigquery,
ARCOPLEX,Arcoplex,ChIJifnazn6_4pQRA92uU9W1kgg,"BELLA CITTÀ - R. CEL. CHICUTA, 355 - CENTRO, PASSO FUNDO - RS, 99025-400",Passo Fundo,,RS,BR,99025-400,-28.2622212,-52.409722,Movie theater,,,bigquery,
COLETIVO.DOC,Coletivo.doc,ChIJiwngFnx5GZURpKTjSf03vqY,"R. SANTOS DUMONT, 577/111 - FLORESTA, PORTO ALEGRE - RS, 90230-241",Porto Alegre,,RS,BR,90230-241,-30.0167243,-51.2082884,Movie theater,,,bigquery,
CINE LIVRARIA CULTURA,Cine Livraria Cultura,ChIJiwqIcM1ZzpQRPwQCbea7Jl0,"BAIXO AUGUSTA, SÃO PAULO - STATE OF SÃO PAULO, 01310-200",São Paulo,,SP,BR,01310-200,-23.5590424,-46.6602366,Movie theater,,,bigquery,
INTERVALO CINEMA E VIDEO,Intervalo Cinema E Video,ChIJiyBqLDvyoAARpULVDSRpuNk,"AV. AMÉRICO PAOLINELLI, 71 - CENTRO, CARMÓPOLIS DE MINAS - MG, 35534-000",Carmópolis de Minas,,MG,BR,35534-000,-20.5406735,-44.6347718,Movie theater,,,bigquery,
CINEPRACINHA,Cinepracinha,ChIJj-d19hJTzpQRS7kOYxmOs2g,"CHACARA NOSSA SRA. DO BOM CONSELHO, SÃO PAULO - STATE OF SÃO PAULO, 05763-470",São Paulo,,SP,BR,05763-470,-23.6455985,-46.7589652,Movie theater,,,bigquery,
CINEMA GRATIS,Cinema Gratis,ChIJj1BeW2SVpgARrnLt-0Zyk5Y,"RUA QUINZE, 309 - MILANEZ, CONTAGEM - MG, 32141-092",Contagem,,MG,BR,32141-092,-19.9079787,-44.0275277,travel_agency,,,bigquery,
CINEART,Cineart,ChIJj1dcE424y5QRGDB0ZvT6nec,"ROD. JUSCELINO KUBITSCHEK DE OLIVEIRA, 459 - POUSO ALEGRE, MG, 37550-000",Pouso Alegre,,MG,BR,37550-000,-22.2375089,-45.8863464,Movie theater,,,bigquery,
CINE CENTER - ANTIGO CINE POPULAR,Cine Center - Antigo Cine Popular,ChIJj2tN1ChDzpQR9tNkib8X2A0,"R. SANTA FILOMENA, 345 - CENTRO, SÃO BERNARDO DO CAMPO - SP, 09710-060",São Bernardo do Campo,,SP,BR,09710-060,-23.7022327,-46.5509537,Movie theater,,,bigquery,
CONTÉM CULTURA IPABA,Contém Cultura Ipaba,ChIJj3Nb_z0FsAARd4P9Hg8ltRc,"IPABA, STATE OF MINAS GERAIS, 35198-000",Ipaba,,MG,BR,35198-000,-19.412008,-42.420063,Movie theater,,,bigquery,
CINE TEATRO ANÍSIO TEIXEIRA,Cine Teatro Anísio Teixeira,ChIJj3fgNFTVRAcR_9XrYSjAO7E,"R. DURVAL CASTRO, 74-128 - CAETITÉ, BA, 46400-000",Caetité,,BA,BR,46400-000,-14.068996,-42.4842894,Movie theater,,,bigquery,
DANDARA OHANA FILMES,Dandara Ohana Filmes,ChIJj3uTDFd_mQARnH8u-DAPBPA,"EE - LARANJEIRAS, RIO DE JANEIRO - RJ, 22241-000",Rio de Janeiro,,RJ,BR,22241-000,-22.9363012,-43.1919632,Movie theater,,,bigquery,
CINEFLIX CINEMAS,Cineflix Cinemas,ChIJj5kxHIlKzJQRRfFkL70dYM4,"AVENIDA ANDRÔMEDA, 227 SALA: 132 - SHOPPING VALE SUL, SÃO JOSÉ DOS CAMPOS - SP, 12230-000",São José dos Campos,,SP,BR,12230-000,-23.2166601,-45.891916,Movie theater,,,bigquery,
HEART OF THE JUNGLE,Heart Of The Jungle,ChIJj6EnllRYzpQREVoRoh1CBPA,"R. SÃO BENTO, 181 - CENTRO HISTÓRICO DE SÃO PAULO, SÃO PAULO - SP, 01011-000",São Paulo,,SP,BR,01011-000,-23.5474542,-46.6360888,Movie theater,,,bigquery,
CINEMAX PIRAJU,Cinemax Piraju,ChIJj98RepSqwZQRvDWtrfKHKiw,"RUA DR WASHINGTON O OLIVEIRA, 660 - CENTRO, PIRAJU - SP, 18800-057",Piraju,,SP,BR,18800-057,-23.1963536,-49.383047,Movie theater,,,bigquery,
RITH PRODUTORA,Rith Produtora,ChIJj98WqKj_rwARE9Lpwk9rrps,"R. CASTRO ALVES, 509 A - CIDADE NOBRE, IPATINGA - MG, 35162-360",Ipatinga,,MG,BR,35162-360,-19.465189,-42.5645846,Movie theater,,,bigquery,
Cine Inter Pedreiras,Cine Inter Pedreiras,ChIJjQ8_9liRiQcReOKa6XBoW2M,"Rod. João do Vale, Pedreiras - MA, 65725-000, Brazil",Pedreiras,,MA,BR,65725000,-4.5811773,-44.5807677,"movie_theater,point_of_interest,establishment",,,bigquery,"{""source"": ""supabase_places_cache_migration"", ""types"": [""movie_theater"", ""point_of_interest"", ""establishment""], ""rating"": null, ""refreshed_at"": ""2026-05-25T19:18:20.023+00:00""}"
"Escola de Teatro, Novela e Cinema","Escola de Teatro, Novela e Cinema",ChIJjZVgaakfqwcRy2yECrdE60g,"Paratibe, Recife - PE, 51020-370",Recife,,PE,BR,51020370,-8.1283048,-34.9013266,"educational_institution,point_of_interest,establishment",,,bigquery,"{""source"":""google_places_augment"",""types"":[""educational_institution"",""point_of_interest"",""establishment""],""rating"":null}"
DEBY MARQUES,Deby Marques,ChIJjZiF-w53GZURfyd6j4RRJ2M,"RUA TENENTE ARY TARRAGÔ, 1720/113 - JARDIM ITU, PORTO ALEGRE - RS, 91225-001",Porto Alegre,,RS,BR,91225-001,-30.0270502,-51.1321003,Movie theater,,,bigquery,
FLAMENGUINHO / JD. PIRATININGA,Flamenguinho / Jd. Piratininga,ChIJj_SUWur_zpQRqi8Rwh7oj1c,"R. DOS EMANCIPADORES - PIRATININGA, OSASCO - SP, 02675-031",Osasco,,SP,BR,02675-031,-23.5127218,-46.8040983,Movie theater,,,bigquery,
VITORIA DO BEM,Vitoria Do Bem,ChIJj_zcXbSVmQARC60aBpNoFY8,"R. RETIRO, 1201 - CENTRO, ITABORAÍ - RJ, 24860-000",Itaboraí,,RJ,BR,24860-000,-22.8232665,-42.8809911,Movie theater,,,bigquery,
OCA FILMES,Oca Filmes,ChIJjaaqPQt_mQARrRZrKrKTW_4,"R. CAMPO BELO - LARANJEIRAS, RIO DE JANEIRO - RJ, 22221-110",Rio de Janeiro,,RJ,BR,22221-110,-22.9294865,-43.1896989,Movie theater,,,bigquery,
CINEDUC CINEMA E EDUCAÇÃO,Cineduc Cinema E Educação,ChIJjbTUd9-BmQARkvZyi_tlYvQ,"R. DAS LARANJEIRAS, 319 - LARANJEIRAS, RIO DE JANEIRO - RJ, 22240-004",Rio de Janeiro,,RJ,BR,22240-004,-22.9354928,-43.1889364,Movie theater,,,bigquery,
ALEPH CINEMA,Aleph Cinema,ChIJjeTOfUhYzpQRHZUEZM4gAag,"R. DR. CESÁRIO MOTA JÚNIOR, 429 - CENTRO HISTÓRICO DE SÃO PAULO, SÃO PAULO - SP, 01221-020",São Paulo,,SP,BR,01221-020,-23.5439895,-46.6489941,Movie theater,,,bigquery,
"Animais, Cinema e Cia","Animais, Cinema e Cia",ChIJjelbC4erz5QRu7baT1-ZdKk,"Estr. do Capuava, 3236 - Chácara Ondas Verdes, Cotia - SP, 06715-725, Brazil",Cotia,,SP,BR,06715725,-23.6166534,-46.8768552,"tourist_attraction,pet_care,point_of_interest,establishment",,,bigquery,"{""source"": ""supabase_places_cache_migration"", ""types"": [""tourist_attraction"", ""pet_care"", ""point_of_interest"", ""establishment""], ""rating"": null, ""refreshed_at"": ""2026-05-25T19:18:15.088+00:00""}"
CINE CLUBE VITRINE,Cine Clube Vitrine,ChIJjyPZB9RZzpQRv-uirZvMdWA,"CERQUEIRA CÉSAR, SÃO PAULO - STATE OF SÃO PAULO, 01412-100",São Paulo,,SP,BR,01412-100,-23.5632084,-46.6658037,Movie theater,,,bigquery,
PIPOCAS ABENÇOADAS,Pipocas Abençoadas,ChIJjzkxZlThmwARAIMsSXt5IrQ,"R. CAROBINHA, 1007 - CAMPO GRANDE, RIO DE JANEIRO - RJ, 23097-600",Rio de Janeiro,,RJ,BR,23097-600,-22.8539085,-43.5333411,Movie theater,,,bigquery,
ESCRITÓRIO DO URSO,Escritório Do Urso,ChIJk-efV0RVFgcRODhAK6AWeH0,"UNNAMED ROAD, MATA DE SÃO JOÃO - BA, 48280-000",Mata de São João,,BA,BR,48280-000,-12.5703808,-38.0423078,Movie theater,,,bigquery,
Cine Teatro Cultura,Cine Teatro Cultura,ChIJk0dWHjvGqQcR19G7aR_XsCc,"R. João Monteiro Cândido Mergulhão, 66 - Centro, Belo Jardim - PE, 55150-000",Belo Jardim,,PE,BR,55150000,-8.3349183,-36.424084799999996,"movie_theater,point_of_interest,establishment",,,bigquery,"{""source"":""google_places_augment"",""types"":[""movie_theater"",""point_of_interest"",""establishment""],""rating"":null}"
FESTIVAL DE CINEMA DE CATAS ALTAS,Festival De Cinema De Catas Altas,ChIJk1NV0feZpgAR_JXa-YC42ew,"PRAÇA MONSENHOR MENDES, 136 - CENTRO, CATAS ALTAS - MG, 35969-000",Catas Altas,,MG,BR,35969-000,-20.0749979,-43.4077625,Festival,,,bigquery,
GURPO LONDRI FILMES,Gurpo Londri Filmes,ChIJk1uKGEpF65QRO83ThulhHPo,"86030-030 - CONJ. VIVI XAVIER, LONDRINA - PR",Londrina,,PR,BR,86030-030,-23.2550441,-51.1746801,Movie theater,,,bigquery,
TEXCINE,Texcine,ChIJk3_ez8dFpJQR3cU4cgQzFDY,"R. TEN. VIRMONDES, 997 - CENTRO, UBERLÂNDIA - MG, 38400-110",Uberlândia,,MG,BR,38400-110,-18.9208524,-48.2723971,Movie theater,,,bigquery,
CINESTAR SHOPPING DOM PEDRO,Cinestar Shopping Dom Pedro,ChIJk3ffYvHs3JQRlhk19MUAhAw,"R. NILO FÁVARO, 117 - CENTRO, QUATRO BARRAS - PR, 83420",Quatro Barras,,PR,BR,,-25.3695066,-49.074806,Movie theater,,,bigquery,
CINEMA DO DRAGÃO,Cinema Do Dragão,ChIJk4eYwzxJxwcReRF_xN6slGw,"R. DRAGÃO DO MAR, 81 - PRAIA DE IRACEMA, FORTALEZA - CE, 60060-195",Fortaleza,,CE,BR,60060-195,-3.7213865,-38.5204406,Movie theater,,,bigquery,
FORA DO AR,Fora Do Ar,ChIJk5oSE1FYzpQR7UTYBrsI73c,"GALERIA DO ROCK - AV. SÃO JOÃO, 439 - CENTRO HISTÓRICO DE SÃO PAULO, SÃO PAULO - SP, 01035-000",São Paulo,,SP,BR,01035-000,-23.5435747,-46.6386687,Movie theater,,,bigquery,
SATO CINEMA,Sato Cinema,ChIJk7PEBGJZzpQR_x1vRs7Aud0,"R. SÃO JOAQUIM, 381 - LIBERDADE, SÃO PAULO - SP, 01508-001",São Paulo,,SP,BR,01508-001,-23.5612483,-46.6351323,Movie theater,,,bigquery,
GABS,Gabs,ChIJk8IwLnnlmwARhIITV6EST-o,"R. GUARUJÁ, 9 - QUADRA 3 - CAMPO GRANDE, RIO DE JANEIRO - RJ, 23060-666",Rio de Janeiro,,RJ,BR,23060-666,-22.9135747,-43.6181275,Movie theater,,,bigquery,
ESCRITÓRIO CANAL EM TOCA,Escritório Canal Em Toca,ChIJk98dNQEVFgcR654AJx34Ags,"VIA MARGINAL II - POLO HAB. LITORAL NORTE, LAURO DE FREITAS - BA, 42700-000",Lauro de Freitas,,BA,BR,42700-000,-12.8783522,-38.3317877,Movie theater,,,bigquery,
CINEPLUS - CAMPO LARGO,Cineplus - Campo Largo,ChIJk9sLG0nk3JQRGBHSmKtq_7c,"R. XV DE NOVEMBRO, 2295 - CENTRO, CAMPO LARGO - PR, 83601-030",Campo Largo,,PR,BR,83601-030,-25.4590854,-49.5301628,Movie theater,,,bigquery,
CASA DOS LAPLACA,Casa Dos Laplaca,ChIJkQzm7Pv5zpQRw0qykxajEPo,"BRASILÂNDIA, SÃO PAULO - STATE OF SÃO PAULO, 02675-031",São Paulo,,SP,BR,02675-031,-23.4728163,-46.6859657,Movie theater,,,bigquery,
COLECIONADORES DE FILMES RAROS,Colecionadores De Filmes Raros,ChIJkRTGIAwfzpQRTI9uxE6nfOA,"RUA PAULA NEY, 366 - CIDADE OCIAN, PRAIA GRANDE - SP, 11704-180",Praia Grande,,SP,BR,11704-180,-24.0262327,-46.4737318,Movie theater,,,bigquery,
FALCON PRODUTORA,Falcon Produtora,ChIJkR_nbQ0bFgcR3XyT6u_-WQ4,"R. SILVEIRA MARTINS, 4365 - CABULA, SALVADOR - BA, 41150-000",Salvador,,BA,BR,41150-000,-12.9619311,-38.444963,Movie theater,,,bigquery,
CIRCUITO CINEMAS LIMEIRA,Circuito Cinemas Limeira,ChIJkTNdAcsrxpQRkbLZogrLRgw,"R. MARIA JOSÉ BATISTELA RIBEIRO, 4500 - JARDIM RES. VILLAGE, LIMEIRA - SP, 13482-715",Limeira,,SP,BR,13482-715,-22.5801503,-47.4547071,Movie theater,,,bigquery,
CINE SÃO CARLOS,Cine São Carlos,ChIJkUv4WCR3uJQR4EhGNzeYuIA,"R. MAJ. JOSÉ INÁCIO, 2154 - CENTRO, SÃO CARLOS - SP, 13560-160",São Carlos,,SP,BR,13560-160,-22.0169868,-47.8894043,Movie theater,,,bigquery,
KINOPLEX VALE SUL,Kinoplex Vale Sul,ChIJkYpfvYhKzJQRDvd7Xb5aDLo,"AV. ANDRÔMEDA, 227 - JARDIM SATÉLITE, SÃO JOSÉ DOS CAMPOS - SP, 12230-000",São José dos Campos,,SP,BR,12230-000,-23.2169083,-45.8907722,Movie theater,,,bigquery,
2G ESTUDIO,2g Estudio,ChIJkZ7gjRpazpQRnLLFbWH5c04,"ALAMEDA DOS JURUPIS, 452 - MOEMA, SÃO PAULO - SP, 04088-001",São Paulo,,SP,BR,04088-001,-23.6033626,-46.6591176,Movie theater,,,bigquery,
CINEMAIS,Cinemais,ChIJk_IQRkPQupQRoSIspLsAHRQ,"AV. SANTA BEATRIZ DA SILVA, 1501 - LOJA 177 - SÃO BENEDITO, UBERABA - MG, 38020-433",Uberaba,,MG,BR,38020-433,-19.7661781,-47.9509741,Movie theater,,,bigquery,
CULTURE HOUSE CASSIA AFONSO DE ALMEIDA,Culture House Cassia Afonso De Almeida,ChIJk_tmrOMnpwARVNbujHo4mFY,"R. PREF. ALCIDES CUNHA, 4 - CONCENZA, MATEUS LEME - MG, 35670-000",Mateus Leme,,MG,BR,35670-000,-19.9853717,-44.4283621,Movie theater,,,bigquery,
COMPTOM CINEMA E VIDEO,Comptom Cinema E Video,ChIJka1q9Sv2zpQRUksYP_mCT4Y,"RUA HENRIQUE BERNARDELLI, 83 - SANTANA, SÃO PAULO - SP, 02013-010",São Paulo,,SP,BR,02013-010,-23.503243,-46.628147,Movie theater,,,bigquery,
CINE CORAL,Cine Coral,ChIJkarolcx1tZQRMZncnTeKuKw,"BOA ESPERANÇA - STATE OF MINAS GERAIS, 37170-000",Boa Esperança,,MG,BR,37170-000,-21.091571,-45.563892,Movie theater,,,bigquery,
AUREA CINE,Aurea Cine,ChIJkbDUDPy3lZQRTaCrlCR57wc,"R. NHAMBIQUARAS, 130 - CENTRO, TUPÃ - SP, 17600-060",Tupã,,SP,BR,17600-060,-21.9356063,-50.5209923,Movie theater,,,bigquery,
GOBLIN FILMES- PRODUTORA AUDIOVISUAL,Goblin Filmes- Produtora Audiovisual,ChIJkdAjlLGZpgARp9_vODAB3_U,"R. RAMALHETE, 55 - SERRA, BELO HORIZONTE - MG, 30210-500",Belo Horizonte,,MG,BR,30210-500,-19.9489894,-43.9245046,Movie theater,,,bigquery,
Cinesystem Pátio Center,Cinesystem Pátio Center,ChIJkdbyDgAZqwcRbEv3JbMgZVg,"R. da União, 367 - Boa Vista, Recife - PE, 50050-055",Recife,,PE,BR,50050055,-8.058646999999999,-34.880597,"movie_theater,point_of_interest,establishment",,,bigquery,"{""source"":""google_places_augment"",""types"":[""movie_theater"",""point_of_interest"",""establishment""],""rating"":null}"
CINE 6D,Cine 6d,ChIJkeocsS29yJQR1SX0IoOiln0,"AV. REBOUÇAS, 3400 - PARQUE HONGARO, SUMARÉ - SP, 13171-065",Sumaré,,SP,BR,13171-065,-22.8305065,-47.2660661,Movie theater,,,bigquery,
FILMES & FILMES,Filmes & Filmes,ChIJkezMGiCXpgAR1D_rM4i22Vw,"R. PASTOR BELMIRO AMORIM, 285 - VISTA ALEGRE, BELO HORIZONTE - MG, 30516-250",Belo Horizonte,,MG,BR,30516-250,-19.9525978,-43.9909219,Movie theater,,,bigquery,
EMPRESA CINEMA ARCO ÍRIS,Empresa Cinema Arco Íris,ChIJkwKjdyf2l5QRzKiM3rq36ow,"AV. LITÉRIO GRECCO, 600 - VILA SAO FRANCISCO, FERNANDÓPOLIS - SP, 15600-000",Fernandópolis,,SP,BR,15600-000,-20.2721215,-50.2572288,Movie theater,,,bigquery,
SINDICATO DOS TRABALHADORES NA INDÚSTRIA CINEMATOGRÁFICA,Sindicato Dos Trabalhadores Na Indústria Cinematográfica,ChIJkygDdTl4GZUR8SF1_8NfTYA,R. VICENTE DA FONTOURA  2222 - RIO BRANCO  PORTO ALEGRE - RS  90640-002  BRAZIL,Porto Alegre,,RS,BR,90640-002,-30.0425905,-51.1966276,"point_of_interest,establishment",,,bigquery,
CINE ARAÚJO - BOTUCATU,Cine Araújo - Botucatu,ChIJkywAa2TfxpQRGflcv45501Y,"SHOPPING BOULEVARD CIDADE, R. AZALÉIA, 399 - LOJA 36 - CHÁCARA FLORESTA, BOTUCATU - SP, 18603-550",Botucatu,,SP,BR,18603-550,-22.8862906,-48.4523467,Movie theater,,,bigquery,
CINE RITZ LAFAIETE,Cine Ritz Lafaiete,ChIJl-J9nNNhoQARWlA_6UAzz48,"R. DIAS DE SOUZA, 30 - CENTRO, CONSELHEIRO LAFAIETE - MG, 36400-080",Conselheiro Lafaiete,,MG,BR,36400-080,-20.6595678,-43.7946244,Movie theater,,,bigquery,
REPLAY VIDEO LOCADORA,Replay Video Locadora,ChIJl1IVo3OZyJQR7qCwuf4eSDQ,"R. ÉDSON VENÂNCIO CARCILIANO, 42 - JARDIM EUROPA, NOVA ODESSA - SP, 13460-000",Nova Odessa,,SP,BR,13460-000,-22.7789052,-47.3011285,Movie theater,,,bigquery,
CINE GLOBO CRUZ ALTA,Cine Globo Cruz Alta,ChIJl1xLn_SX_ZQR0YhL5lEGDeo,"R. VOLUNTÁRIOS DA PÁTRIA, 550 - 3º ANDAR - CENTRO, CRUZ ALTA - RS, 98025-770",Cruz Alta,,RS,BR,98025-770,-28.6395815,-53.6024235,Movie theater,,,bigquery,
CINE ITAÚNA,Cine Itaúna,ChIJl3u_plCRugARgJvL2oS6yE8,"R. CEL. PEDRO MARTINS, 26 - CENTRO, CARATINGA - MG, 35300-047",Caratinga,,MG,BR,35300-047,-19.7888657,-42.1397942,Movie theater,,,bigquery,
LOCADORA VALMIR,Locadora Valmir,ChIJlQ13bquSNwcRkK5vJFt8Abw,"R. ADÍLSON SILVA, 85-135, PAU BRASIL - BA, 45890-000",Pau Brasil,,BA,BR,45890-000,-15.4643817,-39.6499295,Movie theater,,,bigquery,
APTO DA GLACY,Apto Da Glacy,ChIJlQgVfVXR8pQREpINTfbBazE,"AV. MARINGÁ, 5052 - ZONA III, UMUARAMA - PR, 87502-080",Umuarama,,PR,BR,87502-080,-23.7580998,-53.3020325,Movie theater,,,bigquery,
CASA DO VINE,Casa Do Vine,ChIJlQoXn5xH8JQRg4i5vi3d01o,"AV. MÉXICO, 746 - CENTRO SUL, DOIS VIZINHOS - PR, 85660-000",Dois Vizinhos,,PR,BR,85660-000,-25.7578355,-53.0581049,Movie theater,,,bigquery,
CINE TUPY,Cine Tupy,ChIJlR7Oy3MFFgcRAlQAmymqUCg,"BAIXA DOS SAPATEIROS, SALVADOR - STATE OF BAHIA, 40045-125",Salvador,,BA,BR,40045-125,-12.9687396,-38.5051583,Movie theater,,,bigquery,
AVELAR HD HOME CINEMA,Avelar Hd Home Cinema,ChIJlS8vso-XpgARzCRT8itC6fM,"AV. BENTO SIMÃO, 188 - SÃO BENTO, BELO HORIZONTE - MG, 30350-750",Belo Horizonte,,MG,BR,30350-750,-19.9557312,-43.9517188,Home theater store,,,bigquery,
CINE ART PALÁCIO CENTRO,Cine Art Palácio Centro,ChIJlSFTa1FYzpQR6E3FxYWdfs8,"AV. SÃO JOÃO, 419 - CENTRO HISTÓRICO DE SÃO PAULO, SÃO PAULO - SP, 01035-000",São Paulo,,SP,BR,01035-000,-23.5437836,-46.6383024,Movie theater,,,bigquery,
TODOS SÃO PAULO,Todos São Paulo,ChIJlSsHg4_5zpQRmDL3LM0TXa8,"R. ADELE ZARZUR, 235 - VILA PIRITUBA, SÃO PAULO - SP, 02971-000",São Paulo,,SP,BR,02971-000,-23.4858325,-46.7112745,Movie theater,,,bigquery,
CINESIM SERVIÇO E COMÉRCIO PARA LAZER E DIVERSÃO,Cinesim Serviço E Comércio Para Lazer E Diversão,ChIJlT0Fowf63JQR5sKVshI3D-g,"RUA DONA IZABEL A REDENTORA, 1434 - CENTRO, SÃO JOSÉ DOS PINHAIS - PR, 83005-010",São José dos Pinhais,,PR,BR,83005-010,-25.5382211,-49.2044033,Movie theater,,,bigquery,
CINE BOM VIZINHO LIMOEIRO DO NORTE,Cine Bom Vizinho Limoeiro Do Norte,ChIJlUMpIk3QuwcRFVYzyLNmj5g,"RUA ERBAS CAVALCANTE PINHEIRO 50 - CENTRO COMERCIAL, LIMOEIRO DO NORTE - CE, 62930-000",Limoeiro do Norte,,CE,BR,62930-000,-5.16143,-38.10663,Movie theater,,,bigquery,
GRUPO CINE - EUSÉBIO,Grupo Cine - Eusébio,ChIJlUVhM_lbxwcRD3_wPHTHqec,"SHOPPING, EUSÉBIO - CE",Eusébio,,CE,BR,,-3.8708347,-38.4672708,Movie theater,,,bigquery,
SEDE UNIÃO,Sede União,ChIJlUk5NRp5oQcRBzrepVvJMOY,"R. SR. DO BONFIM, 516 - JOÃO CABRAL, JUAZEIRO DO NORTE - CE, 63050-730",Juazeiro do Norte,,CE,BR,63050-730,-7.2317626,-39.3194318,Movie theater,,,bigquery,
CAPELA SAO JOAO BATISTA,Capela Sao Joao Batista,ChIJlV1QZQbZlZQR_ngVJZjugXc,"RUA BECHARA CHAIN - MARCOS153, SP",Santópolis do Aguapeí,,SP,BR,,-21.6380465,-50.5048436,Movie theater,,,bigquery,
CINPOLIS LARGO 13,Cinpolis Largo 13,ChIJlWr92qpRzpQRt26uxgbBtsY,SANTO AMARO  SÃO PAULO - SP  BRASIL,São Paulo,,SP,BR,,-23.6526271,-46.7099787,"movie_theater,point_of_interest,establishment",,,bigquery,
CINEMA ASSENTAMENTO POÇO,Cinema Assentamento Poço,ChIJl_EtI1zXOQcRyki-1dWSOlI,"SANTA LUZIA, STATE OF BAHIA, 45865-000",Santa Luzia,,BA,BR,45865-000,-15.3887547,-39.1661362,Outdoor movie theater,,,bigquery,
SURTO NA TELA,Surto Na Tela,ChIJl_YkofHxmwARgw6GENFMwss,"ESTR. DO MAGARÇA, 4054 - CAMPO GRANDE, RIO DE JANEIRO - RJ, 23035-380",Rio de Janeiro,,RJ,BR,23035-380,-22.9526386,-43.6080853,Movie theater,,,bigquery,
CINE GRAMENSE,Cine Gramense,ChIJl_gV0_TLpAARnVd1H0hW84A,"R. SANTA EFIGÊNIA, SANTO ANTÔNIO DO GRAMA - MG, 35388-000",Santo Antônio do Grama,,MG,BR,35388-000,-20.3168537,-42.6097157,Movie theater,,,bigquery,
THE GRAND LINE,The Grand Line,ChIJlc7EZXgD3ZQRYrb10OOd8hE,"AV. DR. VÍTOR DO AMARAL, 1111 - CENTRO, ARAUCÁRIA - PR, 83702-040",Araucária,,PR,BR,83702-040,-25.5866634,-49.4005312,Movie theater,,,bigquery,
CAMPO DO COLORADO FUTEBOL CLUBE,Campo Do Colorado Futebol Clube,ChIJleLkceqFpgAR5vdy5F4Rolc,"AV. YOLANDA TEIXEIRA DA COSTA, 258 - CONJ. CRISTINA (SAO BENEDITO), SANTA LUZIA - MG, 33110-640",Santa Luzia,,MG,BR,33110-640,-19.7798877,-43.9251265,Movie theater,,,bigquery,
RAIN NETWORK REPRESENTAÇÃO COMERCIAL,Rain Network Representação Comercial,ChIJleuqETRXzpQRDyrsgZssXQU,"R. DR. GERALDO CAMPOS MOREIRA, 164 - BROOKLIN NOVO, SÃO PAULO - SP, 04571-020",São Paulo,,SP,BR,04571-020,-23.6014597,-46.6931812,Movie theater,,,bigquery,
STAR MULTICINEMAS,Star Multicinemas,ChIJlfbr7ul6mQARH_jSrsDEgCo,"RJ-101, 1060 - CENTRO, DUQUE DE CAXIAS - RJ, 25010-000",Duque de Caxias,,RJ,BR,25010-000,-22.7919821,-43.308903,Movie theater,,,bigquery,
COOPERAUDIO - VISUAL COOP. DE PROFESSOR DE CINEMA E TV.,Cooperaudio - Visual Coop. De Professor De Cinema E Tv.,ChIJlw4FUhJ_mQAREangWsR230U,"AV. PRES. VARGAS, 962 - CENTRO, RIO DE JANEIRO - RJ, 20071-002",Rio de Janeiro,,RJ,BR,20071-002,-22.9026158,-43.1848182,Movie theater,,,bigquery,
PISTA TEAM PENNING ALDEIA CUPARAQUE,Pista Team Penning Aldeia Cuparaque,ChIJlw8KjwnHtgARezh10fL-Vas,"ALDEIA, CUPARAQUE - STATE OF MINAS GERAIS, 35246-000",Cuparaque,,MG,BR,35246-000,-19.0115023,-41.1117693,Movie theater,,,bigquery,
ERC_AUDIOVISUAL,Erc_audiovisual,ChIJlwMg3DRZzpQRyd4lpzH1ugA,"R. ESTELA, 515 - CONJ. 32 BLOCO A - VILA MARIANA, SÃO PAULO - SP, 04011-904",São Paulo,,SP,BR,04011-904,-23.5788732,-46.6456289,Movie theater,,,bigquery,
ANA LUIZA PIRES DE SOUZA,Ana Luiza Pires De Souza,ChIJlwjs1ijbuZQRbLooQjfMbag,"R. LUÍS ANTÔNIO MATOS, SERRANA - SP, 14150-000",Serrana,,SP,BR,14150-000,-21.2048484,-47.6027504,Movie theater,,,bigquery,
ALCIDES MOSCONE,Alcides Moscone,ChIJlygUGeN3yZQR1PiXmT-Yc6Q,"TV. ONÓFRE POLTONERI, 34 - OURO FINO, MG, 37570-000",Ouro Fino,,MG,BR,37570-000,-22.2808256,-46.37938,Movie theater,,,bigquery,
BILLUZINHOO,Billuzinhoo,ChIJlzKqkpp5oQcRCNAFVo1LslA,"R. MENINO JESUS DE PRAGA, 55 - NOVO JUAZEIRO, JUAZEIRO DO NORTE - CE, 63031-620",Juazeiro do Norte,,CE,BR,63031-620,-7.2283897,-39.2928324,Movie theater,,,bigquery,
LOCADORA MANIA,Locadora Mania,ChIJm0c5C2Iv-ZQRzmdfcQaOYSE,"R. SANTOS CRISTO, 461-501 - SANTO CRISTO, RS, 98960-000",Santo Cristo,,RS,BR,98960-000,-27.8231206,-54.6685246,Movie theater,,,bigquery,
Anfiteatro,Anfiteatro,ChIJm2AbIwA9qwcR3qGnk2Guq6c,"Praça Emílio Russel, 3 - Maranguape I, Paulista - PE, 53441",Paulista,,PE,BR,,-7.9476665,-34.8571478,"movie_theater,event_venue,point_of_interest,establishment",,,bigquery,"{""source"":""google_places_augment"",""types"":[""movie_theater"",""event_venue"",""point_of_interest"",""establishment""],""rating"":null}"
STAGE 19,Stage 19,ChIJm2WqP2T_zpQRVOczb5Ail4o,"AV. PIRARUCU, 1630 - JARDIM SANTA CECILIA, BARUERI - SP, 02675-031",Barueri,,SP,BR,02675-031,-23.516331,-46.820377,Movie theater,,,bigquery,
ESTÚDIO BICUDO JÚNIOR - PRODUÇÃO ARTÍSTICA & AUDIOVISUAL LTDA,Estúdio Bicudo Júnior - Produção Artística & Audiovisual Ltda,ChIJm4zYDY6_uZQRjJZ-BUXW-NQ,"R. JOÃO NANTES JÚNIOR, 406 - RIBEIRÂNIA, RIBEIRÃO PRETO - SP, 14096-260",Ribeirão Preto,,SP,BR,14096-260,-21.2053707,-47.7786682,Movie theater,,,bigquery,
Cine Teatro São Joaquim,Cine Teatro São Joaquim,ChIJm5zW8Qp5Z5MRF82ZeG8QVcI,"R. Moretti Foggia - Goiás, GO, 76600-000, Brazil",Goiás,,GO,BR,76600000,-15.9327588,-50.1399366,"movie_theater,point_of_interest,establishment",,,bigquery,"{""source"": ""supabase_places_cache_migration"", ""types"": [""movie_theater"", ""point_of_interest"", ""establishment""], ""rating"": null, ""refreshed_at"": ""2026-05-25T19:19:07.86+00:00""}"
SWEN FILMES,Swen Filmes,ChIJm7vY59FZzpQR3nyZ3OVDRpE,"ALAMEDA FRANCA, 267 - 10 ANDAR - JARDIM PAULISTA, SÃO PAULO - SP, 01422-000",São Paulo,,SP,BR,01422-000,-23.5670251,-46.6578766,Movie theater,,,bigquery,
ALVORADA CINEMAS LIMITADA ADM/SP,Alvorada Cinemas Limitada Adm/Sp,ChIJm93DX1BYzpQRHvIaWc1qiGk,"AV. IPIRANGA, 318 - VILA BUARQUE, SÃO PAULO - SP, 01046-010",São Paulo,,SP,BR,01046-010,-23.546282,-46.643285,Movie theater,,,bigquery,
CINE FLEXX TELÊMACO BORBA,Cine Flexx Telêmaco Borba,ChIJmR77FmKD6ZQRK6lrIYf45A8,"AV. OSVALDO GOMES DE LIMA, 37 - CENTRO, TELÊMACO BORBA - PR, 84261-220",Telêmaco Borba,,PR,BR,84261-220,-24.3306524,-50.6256615,Movie theater,,,bigquery,
MARGEM CINEMA BRASIL,Margem Cinema Brasil,ChIJmR_Nk6B4GZURGnLx5WA6JeE,"BARRASHOPPING SUL, AV. DIÁRIO DE NOTÍCIAS, 200/1204 - CRISTAL, PORTO ALEGRE - RS, 90810-080",PORTO ALEGRE,,RS,BR,90810-080,-30.084244,-51.246585,Video production service,,,bigquery,
ALEJANDRO DELA ART,Alejandro Dela Art,ChIJmTHGXmxDzpQR3qyfClyVKPk,"R. ITAIM - VILA VIVALDI, SÃO BERNARDO DO CAMPO - SP, 09615-080",Santo André,,SP,BR,09615-080,-23.6649907,-46.557657,Movie theater,,,bigquery,
A BOLA CONECTA,A Bola Conecta,ChIJmVFSRFT7zpQRNtQNq4TtX3Y,"02856050 - JARDIM PRINCESA, SÃO PAULO - SP, 02856-050",São Paulo,,SP,BR,02856-050,-23.4527768,-46.6951351,Movie theater,,,bigquery,
CELEIRO BRASILEIRO STUDIOS (EM PROJETO),Celeiro Brasileiro Studios (Em Projeto),ChIJmVU1p1r_zpQRA2ocJzgH34s,"F5JH+J3 - JARDIM SANTA CECILIA, BARUERI - SP, 02675-031",Barueri,,SP,BR,02675-031,-23.5184979,-46.8223109,Movie theater,,,bigquery,
CINESYSTEM LONDRINA,Cinesystem Londrina,ChIJmWE1pOZE65QR5AyaVYSeit8,"NORTE SHOPPING - RUA SYLVIO BARROS S/N, R. AMÉRICO DEOLINDO GARLA, 224 - PACAEMBU, LONDRINA, 86079-225",Londrina,,PR,BR,86079-225,-23.2759531,-51.1537118,Movie theater,,,bigquery,
KDRAMAS BLOG,Kdramas Blog,ChIJmXD5fPXVmwAR2E0gQidzSoI,"R. RONALD DE CARVALHO, 236 - COPACABANA, RIO DE JANEIRO - RJ, 22021-020",Rio de Janeiro,,RJ,BR,22021-020,-22.9640091,-43.1772697,Movie theater,,,bigquery,
CINECLUBE CORTINA,Cineclube Cortina,ChIJmXw5I7VZzpQRTYxAqhWLTNU,"R. ARAÚJO, 62 - REPÚBLICA, SÃO PAULO - SP, 01220-020",São Paulo,,SP,BR,01220-020,-23.5444094,-46.6445143,Movie theater,,,bigquery,
Cinema 7D,Cinema 7D,ChIJmYWS4unBvZQRbO_lxo7uTGU,"RUA ADENIR RODANTE LE SUEUR - RESIDENCIAL - R. Monte Alegre, José Bonifácio - SP, 15200-000, Brazil",José Bonifácio,,SP,BR,15200000,-21.0719706,-49.6827979,"movie_theater,point_of_interest,establishment",,,bigquery,"{""source"": ""supabase_places_cache_migration"", ""types"": [""movie_theater"", ""point_of_interest"", ""establishment""], ""rating"": null, ""refreshed_at"": ""2026-05-25T19:19:12.112+00:00""}"
Cine Carioca Penha,Cine Carioca Penha,ChIJmZAiFQB7mQARhTNJW8a5sOU,"Av. Brás de Pina, 150 - Loja 121 - Penha, Rio de Janeiro - RJ, 21070-032, Brazil",Rio de Janeiro,,RJ,BR,21070032,-22.8405781,-43.2804028,"movie_theater,point_of_interest,establishment",,,bigquery,"{""source"": ""supabase_places_cache_migration"", ""types"": [""movie_theater"", ""point_of_interest"", ""establishment""], ""rating"": null, ""refreshed_at"": ""2026-05-25T19:20:11.644+00:00""}"
TIGRESA FILMES,Tigresa Filmes,ChIJm_PaSeCrOQcRybLJKhjZSvg,"R. DO PATI - SÃO CAETANO, ITABUNA - BA, 45607-070",Itabuna,,BA,BR,45607-070,-14.812953,-39.2766602,Movie theater,,,bigquery,
SINEME STUDIOS,Sineme Studios,ChIJm_ZePIBRz5QRW-4JD0-V0Gw,"13320545 - JARDIM TRES MARIAS, SALTO - SP, 13320-545",Salto,,SP,BR,13320-545,-23.203867,-47.2999716,Movie theater,,,bigquery,
MACADAMIA CINEMA E COMUNICAÇÃO,Macadamia Cinema E Comunicação,ChIJmw7nBNtZzpQRuqfF2dxeCgE,"CONDOMÍNIO EDIFÍCIO ARCADIA - R. PRES. PRUDENTE, 38 - JARDIM PAULISTA, SÃO PAULO - SP, 01408-030",São Paulo,,SP,BR,01408-030,-23.5703306,-46.6626394,Movie theater,,,bigquery,
XIBATA PRODUÇÕES,Xibata Produções,ChIJmxD4yCq06gcReqwsAZSztQs,"R. JÚLIO H DE SOUZA, 138 - EDMUNDO RODRIGUES, FORQUILHA - CE, 62115-000",Forquilha,,CE,BR,62115-000,-3.8024119,-40.2675201,Movie theater,,,bigquery,
A JORNADA,A Jornada,ChIJmxV0RapTzpQRa508_qkU8Vs,"R. GONDAR, 89 - JARDIM UMUARAMA, SÃO PAULO - SP, 05783-080",São Paulo,,SP,BR,05783-080,-23.6462874,-46.7712725,Movie theater,,,bigquery,
ANTIGO CINEMA DE PINHEIRAL,Antigo Cinema De Pinheiral,ChIJmyYq6Y67ngARbuDhfFiMBYA,"R. JOSÉ ALVES FERREIRA, 3 - ORIENTE, PINHEIRAL - RJ, 27197-000",Pinheiral,,RJ,BR,27197-000,-22.5215375,-44.0003457,Movie theater,,,bigquery,
CINE TAMOIO,Cine Tamoio,ChIJn-0Eg0GZpgAR1WOmXxjKg2Y,"R. DOS TAMÓIOS, 502 - CENTRO, BELO HORIZONTE - MG, 30120-050",Belo Horizonte,,MG,BR,30120-050,-19.9199975,-43.9398535,Movie theater,,,bigquery,
OSHIKAWA CINEMA E VIDEO,Oshikawa Cinema E Video,ChIJn0Ut0DBUzpQR1ywHGTtRS5o,"R. GILDA DE ABREU, 26 - JARDIM SANTA ROSA, TABOÃO DA SERRA - SP, 06755-030",São Paulo,,SP,BR,06755-030,-23.599854,-46.7618198,Movie theater,,,bigquery,
CINESYSTEM,Cinesystem,ChIJn1UVa13j3JQRW8pTU58Y-KM,"SHOPPING VENTURA, R. ITACOLOMI, 292 - 400 - PORTÃO, CURITIBA - PR, 81070-150",Curitiba,,PR,BR,81070-150,-25.4788483,-49.2953719,Movie theater,,,bigquery,
CINE CENTER IPIAÚ,Cine Center Ipiaú,ChIJn7An5gC0OAcReSUJV0iVJig,"R. CASTRO ALVES, 150-304, IPIAÚ - BA, 45570-000",Itagibá,,BA,BR,45570-000,-14.1406537,-39.73229,Movie theater,,,bigquery,
ARCOPLEX CINEMAS,Arcoplex Cinemas,ChIJn83ct9y15JQR3A3e9Ft-99s,"AV. FERNANDO MACHADO 4000D - LOJA 3 - LÍDER, CHAPECÓ - SC, 89805-203",Chapecó,,SC,BR,89805-203,-27.0698325,-52.625832,Movie theater,,,bigquery,
PATROCINE CINEMA,Patrocine Cinema,ChIJn8CZgoi6r5QRVsBgv4b23uY,"AV. JOÃO ALVES DO NASCIMENTO, 2264 - CENTRO, PATROCÍNIO - MG, 38744-528",Patrocínio,,MG,BR,38744-528,-18.9371108,-46.9907037,Movie theater,,,bigquery,
Projeto Cinema HT,Projeto Cinema HT,ChIJnQH_HwIxWpMR5zmypF6kj_U,"Sia Trecho 7 - SIA, Brasília - DF, 71200-100",Brasília,,DF,BR,71200100,-15.796347599999999,-47.9498137,"electronics_store,manufacturer,store,point_of_interest,service,establishment",,,bigquery,"{""source"":""google_places_augment"",""types"":[""electronics_store"",""manufacturer"",""store"",""point_of_interest"",""service"",""establishment""],""rating"":null}"
CINEMATOGRÁFICA FLÓRIDA,Cinematográfica Flórida,ChIJnTAW1UVXzpQRevBdadxy5gU,"R. PEQUETITA, 145 - VILA OLÍMPIA, SÃO PAULO - SP, 04552-060",São Paulo,,SP,BR,04552-060,-23.5924476,-46.6856064,Movie theater,,,bigquery,
CINE A SÃO JOSÉ DO RIO PARDO,Cine A São José Do Rio Pardo,ChIJnTy3cunNt5QRUJburYyphko,"R. MAL. FLORIANO, 110 - CENTRO, SÃO JOSÉ DO RIO PARDO - SP, 13720-000",São José do Rio Pardo,,SP,BR,13720-000,-21.5950641,-46.88974,Movie theater,,,bigquery,
CINE LUX,Cine Lux,ChIJn_3yC_gX_5QRmBAABPM3Tic,"R. SÃO JOÃO, 1734 - CENTRO, SÃO LUIZ GONZAGA - RS, 97800-000",São Luiz Gonzaga,,RS,BR,97800-000,-28.4075235,-54.9614957,Movie theater,,,bigquery,
CINEAIR,Cineair,ChIJn_Gf-HuByJQRsBdeVISkeiA,"AV. DR. LAURO CORRÊA DA SILVA, 4250 - JARDIM ADELIA CAVICCHIA GROTTA, LIMEIRA - SP",Limeira,,SP,BR,,-22.5923157,-47.4152584,Movie theater,,,bigquery,
CINEFLEX,Cineflex,ChIJnatuF-nxu5QRA41fULDa8a0,"AV. OSVALDO PLAZA - MONTE AZUL PAULISTA, SP, 14730-000",Monte Azul Paulista,,SP,BR,14730-000,-20.8857869,-48.6337877,Movie theater,,,bigquery,
CASA DA CULTURA,Casa Da Cultura,ChIJnb4i9Wsf8JQRybrKSR2VXlU,"R. GEN. OSÓRIO, 104-208 - SÃO JOÃO, PR, 85570-000",São João,,PR,BR,85570-000,-25.8272797,-52.7263867,Movie theater,,,bigquery,
PICO CINEMA,Pico Cinema,ChIJnbr1dq2PHJURxsnPkof4BW4,"R. RUFINO PEREIRA - CENTRO, VENÂNCIO AIRES - RS, 95800-000",Venâncio Aires,,RS,BR,95800-000,-29.6120898,-52.1853754,Skateboard park,,,bigquery,
UNIVERSO GEEK LK,Universo Geek Lk,ChIJncq6a3OVpgARmMg2K7c7NwM,"RUA MORAIS FERNANDES DOS SANTOS - TRES BARRAS, CONTAGEM - MG, 32041-006",Contagem,,MG,BR,32041-006,-19.9138362,-44.0686111,Movie theater,,,bigquery,
SERTAYEIRA PICTURES,Sertayeira Pictures,ChIJneWiNKibyJQRTGis34zG1dE,"7MXJ+P8 - VILA PRAIA AZUL, AMERICANA - SP",Americana,,SP,BR,,-22.700732,-47.3192381,Movie theater,,,bigquery,
TOP CINE,Top Cine,ChIJneZq9p6sVAcRyAC12KRoDYM,"JARDIM BRASIL, MONTES CLAROS - STATE OF MINAS GERAIS, 39400-832",Montes Claros,,MG,BR,39400-832,-16.6977051,-43.8697905,Movie theater,,,bigquery,
CINECOMPANY,Cinecompany,ChIJnf3BsdaYkZQRYPK9SeUCe5M,"R. PERNAMBUCO, 256 - PRES. EPITÁCIO, SP, 19470-000",Presidente Epitácio,,SP,BR,19470-000,-21.7681895,-52.1123636,Movie theater,,,bigquery,
GRUPO CINE SANTA ISABEL,Grupo Cine Santa Isabel,ChIJnfgtYikozJQRrpmUjd0hGa4,"RODOVIA SP 56 KM 71,5 - CENTRO, IGARATÁ - SP, 12350-000",Santa Isabel,,SP,BR,12350-000,-23.2427712,-46.2057451,Movie theater,,,bigquery,
TININHA KÓS CINEMA VÍDEO SC,Tininha Kós Cinema Vídeo Sc,ChIJnfmr0XlXzpQRotWTbRnhZeE,"R. JOAQUIM ANTUNES, 177 - PINHEIROS, SÃO PAULO - SP, 05415-010",São Paulo,,SP,BR,05415-010,-23.5666754,-46.6798523,Movie theater,,,bigquery,
CINE ELDORADO,Cine Eldorado,ChIJnxVSnB4raQcRxHz5ALsQdu0,"R. DEMÉTRIO DA SILVA DOURADO - IRECÊ, BA, 44900-000",Irecê,,BA,BR,44900-000,-11.3135962,-41.8580678,Movie theater,,,bigquery,
MOVIECOM,Moviecom,ChIJnyDnsT30k5QR6wFURq-27vI,"PRUDENSHOPPING, AV. MANOEL GOULART, 2400 - UEP2-S.3, PRES. PRUDENTE - SP",Presidente Prudente,,SP,BR,,-22.1153845,-51.4079909,Movie theater,,,bigquery,
DRIVE-IN PARADISO,Drive-In Paradiso,ChIJnyek0u5ZzpQRjZrmF0yfSUM,"IBIRAPUERA ESTACIONAMENTO DA ASSEMBLEIA LEGISLATIVA DE SP, SÃO PAULO - SP, 04094-050",São Paulo,,SP,BR,04094-050,-23.58017,-46.65788,Movie theater,,,bigquery,
DIMAS- DIRETORIA DE AUDIOVISUAL DA FUNDAÇÃO CULTURAL DO ESTADO DA BAHIA,Dimas- Diretoria De Audiovisual Da Fundação Cultural Do Estado Da Bahia,ChIJo-wOywgFFgcRBxftNPn1z9I,"TV. DO TIJOLO, 15 - CENTRO HISTORICO, SALVADOR - BA, 40020-247",Salvador,,BA,BR,40020-247,-12.9748909,-38.5119881,Movie theater,,,bigquery,
CINEMATECA DO MAM,Cinemateca Do Mam,ChIJo08U3tiBmQARULFXqLW9BFg,"AV. INFANTE DOM HENRIQUE, 85 - PRAIA DO FLAMENGO, RIO DE JANEIRO - RJ, 20021-140",Rio de Janeiro,,RJ,BR,20021-140,-22.9135763,-43.1723291,Movie theater,,,bigquery,
CINE SÃO JOSÉ - JEQUIÉ,Cine São José - Jequié,ChIJo0V5RUivQAcRj_OJU8TIuag,"R. BRG. SÁ BITTENCOURT, 360 - JEQUIEZINHO, JEQUIÉ - BA, 45208-087",Jequié,,BA,BR,45208-087,-13.8674276,-40.0715926,Movie theater,,,bigquery,
CINE PLAZA,Cine Plaza,ChIJo2Szsxk3FAcRD-g8j79pCDM,"R. DES. FELINTO BASTOS, 709 - CENTRO, FEIRA DE SANTANA - BA, 44002-753",Feira de Santana,,BA,BR,44002-753,-12.2524484,-38.9678141,Movie theater,,,bigquery,
CINE TEATRO LUCILA NASCIMENTO,Cine Teatro Lucila Nascimento,ChIJo2pLO8gElZQRTFXRYng3ts4,"R. MANÍLIO GOBBI, 124-176 - CENTRO, PARAGUAÇU PAULISTA - SP, 19700-000",Paraguaçu Paulista,,SP,BR,19700-000,-22.4159438,-50.575365,Movie theater,,,bigquery,
NDS PRODUÇÕES,Nds Produções,ChIJo2uppYBJxwcRH1U2LVEvuZI,"R. JOÃO CORDEIRO, 2539 - ALDEOTA, FORTALEZA - CE, 60110-301",Fortaleza,,CE,BR,60110-301,-3.7424937,-38.5185804,Movie theater,,,bigquery,
CINE ARAÚJO - ITU CINE PLAZA SHOPPING,Cine Araújo - Itu Cine Plaza Shopping,ChIJo3e79_BPz5QRt-eIVGI0WTg,"ROD. MAL. RONDON, KM 105 - TREVO PARAISO, ITU - SP, 13304-300",Itu,,SP,BR,13304-300,-23.26383,-47.28088,Movie theater,,,bigquery,
CINEART DEL REY,Cineart Del Rey,ChIJo41x0MWQpgARZ37F3RreYsI,"AV. PRESIDENTE CARLOS LUZ, 3001 - PAMPULHA, BELO HORIZONTE - MG, 31250-010",Belo Horizonte,,MG,BR,31250-010,-19.8896221,-43.9689528,Movie theater,,,bigquery,
GRUPO CINE - FERNANDÓPOLIS,Grupo Cine - Fernandópolis,ChIJo4CdZSj2l5QRiRV1osSnijg,"SHOPPING CENTER - AV. LITÉRIO GRECCO - VILA SAO FERNANDO, FERNANDÓPOLIS - SP, 15600-000",Fernandópolis,,SP,BR,15600-000,-20.2714461,-50.2342382,Movie theater,,,bigquery,
CINE RITZ DIVINÓPOLIS,Cine Ritz Divinópolis,ChIJo5ntMJuvoAARTWOYspmaSPA,"R. MOACIR JOSÉ LEITE, 100 - SANTA CLARA, DIVINÓPOLIS - MG, 35500-229",Divinópolis,,MG,BR,35500-229,-20.1268687,-44.8819496,Movie theater,,,bigquery,
CINE FLORESTA,Cine Floresta,ChIJo8f3YEGZpgARtedB91amy8Q,"AV. DO CONTORNO, 1665 - SANTA EFIGÊNIA, BELO HORIZONTE - MG, 30110-017",Belo Horizonte,,MG,BR,30110-017,-19.9138198,-43.9284395,Movie theater,,,bigquery,
CINEMAIS PATOS DE MINAS,Cinemais Patos De Minas,ChIJoRAKVNKKrpQRydw5sPiN12A,"PRAÇA ALEXINA CÂNDIDA CONCEIÇÃO, 5 - LOJA 34 - CENTRO, PATOS DE MINAS - MG, 38700-022",Patos de Minas,,MG,BR,38700-022,-18.585574,-46.513587,Movie theater,,,bigquery,
Cine Cordeiro,Cine Cordeiro,ChIJoSMdfgDjlwARWIB6UzJGL7o,"R. Júlio SIlveira do Amaral, 1162 - Parada Santo Expedito, Cordeiro - RJ, 28540-000, Brazil",Cordeiro,,RJ,BR,28540000,-22.0328847,-42.3761153,"movie_theater,point_of_interest,establishment",,,bigquery,"{""source"": ""supabase_places_cache_migration"", ""types"": [""movie_theater"", ""point_of_interest"", ""establishment""], ""rating"": null, ""refreshed_at"": ""2026-05-25T19:20:21.231+00:00""}"
CINE VEREDAS CENTRO,Cine Veredas Centro,ChIJoThmD0PGvAARam1GOP6gRCY,"AV. DR. PASSOS, 180 - CENTRO, MURIAÉ - MG, 36884-002",Muriaé,,MG,BR,36884-002,-21.1290589,-42.370963,Movie theater,,,bigquery,
CINE FAMILIA,Cine Familia,ChIJoU9rGa0NvZQRPymDzmznn0w,"AV. ENCARNAÇÃO MORENO VERSSUTI, 24 - TANABI, SP, 15170-000",Tanabi,,SP,BR,15170-000,-20.6170501,-49.6420832,Movie theater,,,bigquery,
Cineflix Aparecida Shopping,Cineflix Aparecida Shopping,ChIJoUriRob7XpMRYuAh_DWy_V4,"Aparecida Shopping - Av. Independência, 467-545 - Jardim Monte Cristo, Aparecida de Goiânia - GO, 74973-340, Brazil",Aparecida de Goiânia,,GO,BR,74973340,-16.8233756,-49.2522982,"movie_theater,point_of_interest,establishment",,,bigquery,"{""source"": ""supabase_places_cache_migration"", ""types"": [""movie_theater"", ""point_of_interest"", ""establishment""], ""rating"": null, ""refreshed_at"": ""2026-05-25T19:19:14.045+00:00""}"
CINE TEATRO MUNICIPAL DE PARAGUAÇU PAULISTA,Cine Teatro Municipal De Paraguaçu Paulista,ChIJoVXvI8gElZQR5JHLPmkkimU,"R. MANÍLIO GOBBI - VILA AFFINI, PARAGUAÇU PAULISTA - SP, 19700-000",Paraguaçu Paulista,,SP,BR,19700-000,-22.4159394,-50.5753496,Movie theater,,,bigquery,
JOSUES CINE SANTA CRUZ JF,Josues Cine Santa Cruz Jf,ChIJoXzpa_admAARKVb27NNIkOU,"R. JARBAS DE LERY SANTOS, 1655 - 3°PISO - CENTRO, JUIZ DE FORA - MG, 36013-150",Juiz de Fora,,MG,BR,36013-150,-21.7557821,-43.3497942,Movie theater,,,bigquery,
ANTIGO CINEMA,Antigo Cinema,ChIJoZxvtGQHQgcRxdmYT-PElx8,"AV. RUI BARBOSA, 190-230 - LENÇÓIS, BA, 46960-000",Lençóis,,BA,BR,46960-000,-12.561476,-41.3909794,Movie theater,,,bigquery,
MAILA,Maila,ChIJo_INR_ZPxwcRFXLn2C8j99c,"R. PADRE NÓBREGA, 585 - SERRINHA, FORTALEZA - CE, 60741-410",Fortaleza,,CE,BR,60741-410,-3.7818706,-38.5536033,Movie theater,,,bigquery,
CINE BOM VIZINHO ITAPIPOCA,Cine Bom Vizinho Itapipoca,ChIJoctbn7BJwAcRiS8ARcVEGto,"AV. JOSÉ DO PATROCÍNIO, 1481 - COQUEIRO, ITAPIPOCA - CE, 62505-048",Itapipoca,,CE,BR,62505-048,-3.4952526,-39.5781402,Movie theater,,,bigquery,
LATITUDE FILMES,Latitude Filmes,ChIJocx2A1xXzpQRahOf4P5bRWA,"R. BANDEIRA PAULISTA, 716 - ITAIM BIBI, SÃO PAULO - SP, 04532-002",São Paulo,,SP,BR,04532-002,-23.5857899,-46.6756139,Movie theater,,,bigquery,
CINE GLOBE PALM,Cine Globe Palm,ChIJofh96leL_JQR4DZYpbTEbWU,"R. GEN. OSÓRIO, 840 - CENTRO, PALMEIRA DAS MISSÕES - RS, 98300-000",Palmeira das Missões,,RS,BR,98300-000,-27.896369,-53.3082845,Movie theater,,,bigquery,
CINE PLAZA,Cine Plaza,ChIJowJ0O0INoZQRTY9_MyqC6RE,"R. ANTÔNIO JOAQUIM DA SILVA, 256 - ST. CENTRAL, ITUMBIARA - GO, 75503-110",Itumbiara,,GO,BR,75503-110,-18.4193946,-49.2160591,Movie theater,,,bigquery,
MOVIECOM,Moviecom,ChIJowrPW_GbyJQR7qOIdjJqNak,"TIVOLI SHOPPING - AV. SANTA BARBARA, 777 - MOLLON, SANTA BÁRBARA D'OESTE - SP, 13456-080",Santa Bárbara d'Oeste,,SP,BR,13456-080,-22.7490845,-47.3681319,Movie theater,,,bigquery,
CAJAMANGA POST,Cajamanga Post,ChIJoxAoV-V_mQARPOYtRWXuIRg,"R. ELVIRA MACHADO, 7 - CASA 1A - BOTAFOGO, RIO DE JANEIRO - RJ, 22280-060",Rio de Janeiro,,RJ,BR,22280-060,-22.9555576,-43.1856784,Movie theater,,,bigquery,
CINE RITZ CATAGUASES,Cine Ritz Cataguases,ChIJoyo2p5bQogARcNAZ7XlIpRY,"PRAÇA MANOEL INÁCIO PEIXOTO, 96 - CENTRO, CATAGUASES - MG, 36770-088",Cataguases,,MG,BR,36770-088,-21.3838919,-42.6928423,Movie theater,,,bigquery,
CINECLUBE SEMENTES,Cineclube Sementes,ChIJozwjM4MZtAARmuf3xhJ0RdM,"RUA DO CAMPO, S/N - ÁGUA DOCE DO NORTE, ES, 29823-000",Água Doce do Norte,,ES,BR,29823-000,-18.5474208,-40.9800458,Movie theater,,,bigquery,
IBICINEMAS,Ibicinemas,ChIJp-Ol4EVTqwAR4jg8XqhCbB0,"AV. DR, AV. JOSÉ CORRÊA MACHADO, 1079 - IBITURUNA, MONTES CLAROS - MG, 39401-832",Montes Claros,,MG,BR,39401-832,-16.7259936,-43.8813599,Movie theater,,,bigquery,
HIGH WAY ELECTRONICS LTD / MUNDI HOME THEATER,High Way Electronics Ltd / Mundi Home Theater,ChIJp-g7XVBYzpQRbRpaeGRMTJs,"R. SANTA IFIGÊNIA, 172 - CENTRO HISTÓRICO DE SÃO PAULO, SÃO PAULO - SP, 01207-000",São Paulo,,SP,BR,01207-000,-23.5402135,-46.6377448,Movie theater,,,bigquery,
CINEMATOGRÁFICA ARAÚJO,Cinematográfica Araújo,ChIJp04SvWlpzpQR9Le_Shk5JoA,"AV. GOV. MARIO COVAS JÚNIOR, 1 - CENTRO, MAUÁ - SP, 09390-040",Mauá,,SP,BR,09390-040,-23.6651081,-46.4599388,Movie theater,,,bigquery,
Cinemais,Cinemais,ChIJp0K7jjNnppQRf1SzAdP3NV8,"R. Jocelim Gomes Píres, 2300 - Nossa Senhora de Fátima, Catalão - GO, 75709-140, Brazil",Catalão,,GO,BR,75709140,-18.1729026,-47.9276629,"movie_theater,point_of_interest,establishment",,,bigquery,"{""source"": ""supabase_places_cache_migration"", ""types"": [""movie_theater"", ""point_of_interest"", ""establishment""], ""rating"": null, ""refreshed_at"": ""2026-05-28T17:25:59.785+00:00""}"
CINE LIDO,Cine Lido,ChIJp2S3QA3k3JQRUs-MCKoZIfk,"R. RIACHUELO, 163 - CENTRO, CURITIBA - PR, 80020-250",Curitiba,,PR,BR,80020-250,-25.4286203,-49.2694852,Movie theater,,,bigquery,
CINE GRACHER PATO BRANCO,Cine Gracher Pato Branco,ChIJp2uxHyBT5ZQReNj58BOmg2A,"RODOVIA, BR-158, 6000 - BORTOT, PATO BRANCO - PR, 85503-300",Pato Branco,,PR,BR,85503-300,-26.2158233,-52.6815632,Movie theater,,,bigquery,
CINEPLUS,Cineplus,ChIJp3exDUedwpQR6E8D0G7Croc,"TRAVESSA CONDOR HIPERMERCADO, R. CEL. OLEGÁRIO DE MACEDO, 57, CASTRO - PR, 84165-690",Castro,,PR,BR,84165-690,-24.797006,-49.9997298,Movie theater,,,bigquery,
CINEMAR - GUARUJÁ,Cinemar - Guarujá,ChIJp3rIEd4BzpQR1M3gW9VqZwQ,"AV. SANTOS DUMONT, 420 - SÍTIO PAECARA (VICENTE DE CARVALHO), GUARUJÁ - SP, 11460-002",Guarujá,,SP,BR,11460-002,-23.9854884,-46.2658102,Drive-in movie theater,,,bigquery,
CAMODAMATHA,Camodamatha,ChIJp65ZIWCToAARb0cpxqkOA9Y,"R. PARAÍBA, 206 - CLAUDIO, CLÁUDIO - MG, 35530-000",Cláudio,,MG,BR,35530-000,-20.4443712,-44.7668247,Movie theater,,,bigquery,
INVERSO OLHAR,Inverso Olhar,ChIJp76Vw75_mQAReqV9SYDqZOQ,"ESTR. DO MAGARÇA, 4054 - CENTRO, RIO DE JANEIRO - RJ, 23035-380",Rio de Janeiro,,RJ,BR,23035-380,-22.9526589,-43.6080574,Movie theater,,,bigquery,
L & L FILMAGENS,L & L Filmagens,ChIJp7feCbOOQwcRftjk_B4uPOo,"MARCOLINO MOURA, RIO DE CONTAS - STATE OF BAHIA, 46170-000",Rio de Contas,,BA,BR,46170-000,-13.5987021,-41.694246,Movie theater,,,bigquery,
FESTA E EVENTOS,Festa E Eventos,ChIJp80Y8AgvFAcR8-9Jz-RHKIE,"R. FONTE NOVA, CONCEIÇÃO DO JACUÍPE - BA, 44230-000",Conceição do Jacuípe,,BA,BR,44230-000,-12.341146,-38.7755092,Movie theater,,,bigquery,
MARCOS KIM,Marcos Kim,ChIJp8Hj1-ulmQARVK7aekJ7d-w,"R. B, 120 - JORORÓ, MAGÉ - RJ, 25902-790",Magé,,RJ,BR,25902-790,-22.6026985,-43.0213328,Movie theater,,,bigquery,
CASA DO TETEU,Casa Do Teteu,ChIJp9b-I2p3GpURL-cQha3nB9U,"R. JOAQUIM GONÇALVES DA SILVA, 360 - SÃO JOSÉ, CAMAQUÃ - RS, 96180-000",Camaquã,,RS,BR,96180-000,-30.8581198,-51.7956981,Movie theater,,,bigquery,
PRODUÇÕES AUDI RETICOM ESCOLA DE CINEMA,Produções Audi Reticom Escola De Cinema,ChIJp9scQxn9zpQRl6UDPzJ1h90,"R. PARÁ, 6 - HIGIENÓPOLIS, SÃO PAULO - SP, 05268-210",São Paulo,,SP,BR,05268-210,-23.5495291,-46.6575366,Movie theater,,,bigquery,
P D BORTOLINI & ARAÚJO EXIBIÇÃO CINEMATOGRÁFICA,P D Bortolini & Araújo Exibição Cinematográfica,ChIJp9xVKHEYyZQRb01dJYQLrgU,"R. NOSSA SRA. DO ROSÁRIO, 450 - ESTÂNCIA SUÍÇA, SERRA NEGRA - SP, 13930-000",Serra Negra,,SP,BR,13930-000,-22.6109162,-46.6967429,Movie theater,,,bigquery,
SCOTT BAR DU CINEMA COMÉRCIO,Scott Bar Du Cinema Comércio,ChIJpR9JLaILqgARhBk04i3cQrE,"R. CEL. QUINTINO VARGAS, 15 - CENTRO, PIRAPORA - MG, 39270-000",Pirapora,,MG,BR,39270-000,-17.3499284,-44.9463202,Movie theater,,,bigquery,
CINESERCLA CINEMAS,Cinesercla Cinemas,ChIJpRh_gSe2yJQRfGBsPJTMIpg,"SHOPPING SPAZIO OURO VERDE - AV. RUY RODRIGUEZ, 3900 - PARQUE UNIVERSITARIO DE VIRACOPOS, CAMPINAS - SP, 13056-460",Campinas,,SP,BR,13056-460,-22.9660949,-47.1367705,Movie theater,,,bigquery,
GRUPO CINE DEL PASEO,Grupo Cine Del Paseo,ChIJpVtLFIhIxwcROKPCi4Ydf4w,"AV. SANTOS DUMONT, 3131 - L3 - ALDEOTA, FORTALEZA - CE, 60150-162",Fortaleza,,CE,BR,60150-162,-3.7366454,-38.4964682,Movie theater,,,bigquery,
MULTIPLEX CINEMA CITY SHOPPING,Multiplex Cinema City Shopping,ChIJpXv_0gb1xZQRhVAFmkBOVJg,"R. ATANÁZIO SOARES, 3430 - VILA TERRON, SOROCABA - SP",Sorocaba,,SP,BR,,-23.4568843,-47.4832183,Movie theater,,,bigquery,
CINE CINEMA XV,Cine Cinema Xv,ChIJpZWPXTI275QREA9GHd7byZY,"AV. PROFA. LAURA PACHECO BASTOS, 1400 - 11 - CIDADE DOS LAGOS, GUARAPUAVA - PR, 85051-010",Guarapuava,,PR,BR,85051-010,-25.3483874,-51.473807,Movie theater,,,bigquery,
CINE VIP CENTRO,Cine Vip Centro,ChIJp_yAwaOcmAARL0tT1jxxnMI,"AV. FRANCISCO BERNARDINO, 131 - CENTRO, JUIZ DE FORA - MG, 36010-012",Juiz de Fora,,MG,BR,36010-012,-21.7584508,-43.3453467,Movie theater,,,bigquery,
EMPRESA CINEMATOGRÁFICA HAWAY,Empresa Cinematográfica Haway,ChIJpaKJkMpVzpQRmkXZ9wAij4I,"RODOVIÁRIA RAPOSO TAVARES - S/N +KM 14 5, SP",São Paulo,,SP,BR,,-23.5921729,-46.7665401,Movie theater,,,bigquery,
TOTA FILMES,Tota Filmes,ChIJpeWSYFV_mQARPwq1Pb1QH80,"R. GEN. BRUCE - SÃO CRISTÓVÃO, RIO DE JANEIRO - RJ, 20921-030",Rio de Janeiro,,RJ,BR,20921-030,-22.8953883,-43.2220111,Movie theater,,,bigquery,
PALACETE DOS AMORES,Palacete Dos Amores,ChIJpwDhjHx_mQARWJ2OGDS5nJg,"R. VISC. DE PARANAGUÁ, 14/16 - GLÓRIA, RIO DE JANEIRO - RJ, 20241-070",Rio de Janeiro,,RJ,BR,20241-070,-22.9174046,-43.1784716,Movie theater,,,bigquery,
CASA DA MARY 😍,Casa Da Mary 😍,ChIJpxS9q8gp25QRonc64eGAIQo,"R. ANTÁRTICA - VILA ANTUNES, CAJATI - SP, 11950-000",Cajati,,SP,BR,11950-000,-24.7331756,-48.1109109,Movie theater,,,bigquery,
ABTIGO CINE SÃO GERALDO,Abtigo Cine São Geraldo,ChIJpyt78N9fzpQR7w0pabQHNek,"RUA ARNALDO VALLARDI PORTILHO, 12 - PENHA DE FRANÇA, SÃO PAULO - SP, 03632-030",São Paulo,,SP,BR,03632-030,-23.527457,-46.5505418,Movie theater,,,bigquery,
CINE SHOPPING ATHENS,Cine Shopping Athens,ChIJq0VEQbpnv5QRiKT98eAsZHg,"R. GUSTAVO MACIEL, QUADRA 4 - CENTRO, BAURU - SP, 17010-160",Bauru,,SP,BR,17010-160,-22.3183368,-49.0722894,Movie theater,,,bigquery,
STUDIO HD BH COMERCIO E SERVIÇOS LTDA,Studio Hd Bh Comercio E Serviços Ltda,ChIJq0VhDv-XpgARPU5krQSaOlI,"R. DA PAISAGEM, 240 - 1º ANDAR - VILA DA SERRA, NOVA LIMA - MG, 34000-000",Belo Horizonte,,MG,BR,34000-000,-19.981539,-43.945759,Movie theater,,,bigquery,
CINE A SÃO JOÃO DA BOA VISTA,Cine A São João Da Boa Vista,ChIJq25Fjm_LyZQR83LpvqbWy6c,"AV. DONA GERTRUDES, 202 - CENTRO, SÃO JOÃO DA BOA VISTA - SP, 13870-110",São João da Boa Vista,,SP,BR,13870-110,-21.973126,-46.7978894,Movie theater,,,bigquery,
MEREGA,Merega,ChIJq2MFttkP7pQR_GTLEavkwrk,"AV. PARANÁ, 347, LARANJAL - PR, 85275-000",Laranjal,,PR,BR,85275-000,-24.8861844,-52.4742901,Movie theater,,,bigquery,
KL CINEMA E VIDEO,Kl Cinema E Video,ChIJq2wOB4xZzpQR2u6tvJSXxOs,"AV. CONSELHEIRO RODRIGUES ALVES, 948 - VILA MARIANA, SÃO PAULO - SP, 04014-002",São Paulo,,SP,BR,04014-002,-23.5855127,-46.6469246,Movie theater,,,bigquery,
"BARCCO - Base de Arraial do Cabo Cultura, Cinema & Organização","BARCCO - Base de Arraial do Cabo Cultura, Cinema & Organização",ChIJq3ONRMUZlwARQ97Zt_rtzXM,"Av. Gov. Leonel de Moura Brizola, 50 - Centro, Arraial do Cabo - RJ, 28930-000, Brazil",Arraial do Cabo,,RJ,BR,28930000,-22.967537,-42.0254777,"point_of_interest,association_or_organization,establishment",,,bigquery,"{""source"": ""supabase_places_cache_migration"", ""types"": [""point_of_interest"", ""association_or_organization"", ""establishment""], ""rating"": null, ""refreshed_at"": ""2026-05-25T19:20:19.378+00:00""}"
CINE IRIS,Cine Iris,ChIJq3QgAeF_mQARYKYzaU85-X4,"RUA DA CARIOCA, 49 - CENTRO, RIO DE JANEIRO - RJ, 20050-008",Rio de Janeiro,,RJ,BR,20050-008,-22.9070617,-43.1804785,Movie theater,,,bigquery,
CINE JANUÁRIA,Cine Januária,ChIJq4YLjMkrVAcRfaHNOA-1JGg,"R. MANOEL CAETANO, 109 - CENTRO, JANUÁRIA - MG, 39480-000",Januária,,MG,BR,39480-000,-15.4900025,-44.3607738,Movie theater,,,bigquery,
RAINHA CINEMA DIGITAL,Rainha Cinema Digital,ChIJq4fzzhobFgcRr7AK9XRCjqE,"R. FREDERICO SIMÕES, 98 - CAMINHO DAS ÁRVORES, SALVADOR - BA, 41820-774",Salvador,,BA,BR,41820-774,-12.982028,-38.4538849,Movie theater,,,bigquery,
ANDERSON,Anderson,ChIJq5iRr7c_65QR_Pxe2ToWD3g,"AV. ANTÔNIO BRANDÃO DE OLIVEIRA, 1199-1135 - SEM NOME, JATAIZINHO - PR, 86210-000",Jataizinho,,PR,BR,86210-000,-23.2605609,-50.9763557,Movie theater,,,bigquery,
CINE HOBBY,Cine Hobby,ChIJq6Gk08ZtNgcRegX8iNEUhYs,"R. JOSÉ BONIFÁCIO, 100 - CENTRO, EUNÁPOLIS - BA, 45820-102",Eunápolis,,BA,BR,45820-102,-16.3764482,-39.5868449,Movie theater,,,bigquery,
INSTITUTO LCA,Instituto Lca,ChIJq6o-h30mz5QR164Kb1Ar0v4,"R. HENRIQUE OLAF HEDMANN, 231 - VILA RAFAEL DE OLIVEIRA, JUNDIAÍ - SP, 13201-096",Jundiaí,,SP,BR,13201-096,-23.1794563,-46.8959218,Movie theater,,,bigquery,
SURREAL FILMES,Surreal Filmes,ChIJq6om_kx4GZURLwn6p5rbeoI,"R. RAMIRO BARCELOS, 1954 - FLORESTA, PORTO ALEGRE - RS, 90035-002",Porto Alegre,,RS,BR,90035-002,-30.0361939,-51.208203,Movie theater,,,bigquery,
CINEMA UNESPAR,Cinema Unespar,ChIJq6qqJSzk3JQRYpv0zXicggs,"R. DOS FUNCIONÁRIOS, 1357 - CABRAL, CURITIBA - PR, 80035-050",Curitiba,,PR,BR,80035-050,-25.4099553,-49.2481912,Movie theater,,,bigquery,
VAIEVEMPRODUCOES,Vaievemproducoes,ChIJq6qqS5hZzpQRn0bsuCTZm70,"RUA VERGUEIRO, 1000 - LIBERDADE, SÃO PAULO - SP, 01504-000",São Paulo,,SP,BR,01504-000,-23.5714751,-46.6402144,Movie theater,,,bigquery,
CINEPLEX NEW BATEL,Cineplex New Batel,ChIJq6rqlnXk3JQRrUU0GzRYdcU,"ALAMEDA DOM PEDRO II, 255 - BATEL, CURITIBA - PR, 80420-170",Curitiba,,PR,BR,80420-170,-25.437899,-49.2831132,Movie theater,,,bigquery,
CIRCUITO SPCINE SÃO RAFAEL,Circuito Spcine São Rafael,ChIJq909YcBozpQRd1afbG15uMY,"JARDIM RIO CLARO CEU SÃO RAFAEL - RUA CINIRA POLÔNIO NO - 100, SÃO PAULO - SP, 08395-320",São Paulo,,SP,BR,08395-320,-23.6204743,-46.4563534,Movie theater,,,bigquery,
Cinekey,Cinekey,ChIJq9JmdkAlz5QRcjVUKM2dAAA,"Av. Antônio Frederico Ozanan - Engordadouro, Jundiaí - SP, 13215-276, Brazil",Jundiaí,,SP,BR,13215276,-23.1656461,-46.9250062,"movie_theater,point_of_interest,establishment",,,bigquery,"{""source"": ""supabase_places_cache_migration"", ""types"": [""movie_theater"", ""point_of_interest"", ""establishment""], ""rating"": null, ""refreshed_at"": ""2026-05-25T19:18:10.52+00:00""}"
Cinema 1 Automação Residencial,Cinema 1 Automação Residencial,ChIJq9SrrQ5nv5QRted5cQi5-9I,"R. Gustavo Maciel, 24-53 - Jardim Nasralla, Bauru - SP, 17012-110, Brazil",Bauru,,SP,BR,17012110,-22.3357428,-49.0670509,"electronics_store,manufacturer,store,point_of_interest,service,establishment",,,bigquery,"{""source"": ""supabase_places_cache_migration"", ""types"": [""electronics_store"", ""manufacturer"", ""store"", ""point_of_interest"", ""service"", ""establishment""], ""rating"": null, ""refreshed_at"": ""2026-05-25T19:18:13.218+00:00""}"
SEBASTIÃO DA COSTA,Sebastião Da Costa,ChIJqQp9mVl1GZURyaq4cKOQz0M,"BELA VISTA, ALVORADA - STATE OF RIO GRANDE DO SUL, 94820-090",Alvorada,,RS,BR,94820-090,-29.9999532,-51.0783852,Movie theater,,,bigquery,
STAGE 26,Stage 26,ChIJqRSainL_zpQRIsvE876fm6A,"AV. PIRARUCU, 529 - JARDIM SANTA CECILIA, BARUERI - SP, 02675-031",Barueri,,SP,BR,02675-031,-23.5145503,-46.8206743,Movie theater,,,bigquery,
@SAMUELFLEXIN SAM,@samuelflexin Sam,ChIJqSsosu5HzpQRAOMoXqHG6v0,"R. PARANAGUÁ, 218 - BATISTINI, SÃO BERNARDO DO CAMPO - SP, 09843-690",São Bernardo do Campo,,SP,BR,09843-690,-23.7779617,-46.5998577,Movie theater,,,bigquery,
CLUBE RECANTO TROPICAL,Clube Recanto Tropical,ChIJqTxRkdHiwAcRHuYndiJ7Sgc,"PARAIPABA, STATE OF CEARÁ, 62685-000",Paraipaba,,CE,BR,62685-000,-3.4383637,-39.1482174,Movie theater,,,bigquery,
CINEPLAY,Cineplay,ChIJqUFyjLeKxZQRymqD2joOh00,"SOROCABA SHOPPING - AV. DR. AFONSO VERGUEIRO, 1700 - LOJA 07 - CENTRO, SOROCABA - SP, 18035-970",Sorocaba,,SP,BR,18035-970,-23.4965609,-47.4677684,Movie theater,,,bigquery,
ROCKISSIMO,Rockissimo,ChIJqVviRIuX_ZQR67uslF21E40,"R. PRIMEIRO DE JANEIRO, 266 - CASA 01 - JUNG, CRUZ ALTA - RS, 98010-380",Cruz Alta,,RS,BR,98010-380,-28.6532811,-53.6099005,Movie theater,,,bigquery,
BWJ CINEMA E VÍDEOS,Bwj Cinema E Vídeos,ChIJqY6jH6ccFgcRsSEzuL_UNuU,"R. JÂNIO QUADROS - AMARALINA, SALVADOR - BA, 41900-165",Salvador,,BA,BR,41900-165,-13.0110972,-38.4706368,Movie theater,,,bigquery,
CINE CAMPESTRE,Cine Campestre,ChIJqbdsNIL3yZQR_0lX3DO0wsc,"PRAÇA BRASIL, 68 - 250, CAMPESTRE - MG, 37730-000",Campestre,,MG,BR,37730-000,-21.7120511,-46.2456547,Movie theater,,,bigquery,
CINETEATRO WILMA BENTIVEGNA,Cineteatro Wilma Bentivegna,ChIJqcWZ0Yp7zpQRzOcBo92VnkY,"R. PARANÁ, 70 - JARDIM PAULISTA, SUZANO - SP, 08675-190",Suzano,,SP,BR,08675-190,-23.5462738,-46.3092115,Movie theater,,,bigquery,
CINEMA ARAÚJO- CATUAÍ LONDRINA,Cinema Araújo- Catuaí Londrina,ChIJqdHHDslc65QRKhNTK7ejQy4,"CATUAÍ SHOPPING LONDRINA RODOVIA CELSO GARCIA CID, S/N, CID.KM.377 - GLEBA FAZENDA PALHANO, PR, 86044-290",Londrina,,PR,BR,86044-290,-23.3426452,-51.1864012,Movie theater,,,bigquery,
CINE SANTA HELENA,Cine Santa Helena,ChIJqwkpnyvZxZQRe00LkEE3IGs,"PRAÇA DA BANDEIRA, 14 - CENTRO, TATUÍ - SP, 18270-390",Tatuí,,SP,BR,18270-390,-23.3483668,-47.8460192,Movie theater,,,bigquery,
MULTIPLEX CATUAÍ,Multiplex Catuaí,ChIJqzF6pvzW7JQRdNYADjFVda4,"AV. COLOMBO, 9161 - PARQUE INDUSTRIAL BANDEIRANTES, MARINGÁ - PR, 87070-000",Maringá,,PR,BR,87070-000,-23.4207592,-51.9693947,Movie theater,,,bigquery,
CINE ESTAÇÃO,Cine Estação,ChIJr3mYyDUhyZQReaZIX_WN768,"CENTRO, AMPARO - STATE OF SÃO PAULO, 13900-460",Amparo,,SP,BR,13900-460,-22.705734,-46.7704209,Movie theater,,,bigquery,
SOUFE CINEMA,Soufe Cinema,ChIJr7BnFtRFpJQRGUSd6AWNPKM,"RUA, AV. BELARMINO COTTA PACHECO, 1461 - TÉRREO - SANTA MÔNICA, UBERLÂNDIA - MG, 38408-168",Uberlândia,,MG,BR,38408-168,-18.9172076,-48.245041,Movie theater,,,bigquery,
CIRCUITO SPCINE PERUS,Circuito Spcine Perus,ChIJr9QLwKj8zpQRnhNOruZJqc8,"R. BERNARDO JOSÉ DE LORENA, S/N - VILA FANTON, SÃO PAULO - SP, 05203-200",São Paulo,,SP,BR,05203-200,-23.4056698,-46.7513706,Movie theater,,,bigquery,
CREATIVE VIDEOMAKER,Creative Videomaker,ChIJrVRHlcZZvZQRMik9BRCnCFw,"R. PADRE ISIDÓRO CORDEIRO PARANHOS, 2198 - CHÁCARA DAS PAINEIRAS, VOTUPORANGA - SP, 15502-225",Votuporanga,,SP,BR,15502-225,-20.4218188,-49.9862845,Movie theater,,,bigquery,
TOCA DA PIPOCA,Toca Da Pipoca,ChIJrWREuV3j3JQRZkcqWLm--ZE,"AV. PRES. KENNEDY, 4121 - PORTÃO, CURITIBA - PR, 80610-270",Curitiba,,PR,BR,80610-270,-25.4778909,-49.2907465,Movie theater,,,bigquery,
CINE CAXAMBU,Cine Caxambu,ChIJrY1rJ64mngARgsZNo2y7ORA,"PRAÇA DEZESSEIS DE SETEMBRO, 34, CAXAMBU - MG, 37440-000",Caxambu,,MG,BR,37440-000,-21.9790527,-44.9346543,Movie theater,,,bigquery,
ALVORADA CINEMAS LIMITADA =CINE ST ALV. II/SP,Alvorada Cinemas Limitada =cine St Alv. Ii/Sp,ChIJrZD9DM1ZzpQRJC6aTmSoKjY,"AV. PAULISTA, 2073 - BELA VISTA, SÃO PAULO - SP, 01311-300",São Paulo,,SP,BR,01311-300,-23.5587686,-46.6602075,Movie theater,,,bigquery,
CINE VICTORIA BY CULT CINEMAS,Cine Victoria By Cult Cinemas,ChIJrZsa2Op5GZURLjEmWhFCCZw,"AV. BORGES DE MEDEIROS, 445 - CENTRO HISTÓRICO, PORTO ALEGRE - RS, 90020-021",Porto Alegre,,RS,BR,90020-021,-30.0303973,-51.2279833,Movie theater,,,bigquery,
PAULINO NEVES,Paulino Neves,ChIJr_H2lf1TxwcRRcq_mbPqsJw,"R. NOSSA SRA. CONCEIÇÃO, 33-114 - JAÇANAÚ, MARACANAÚ - CE, 61915-350",Maracanaú,,CE,BR,61915-350,-3.8344589,-38.6377116,Movie theater,,,bigquery,
F X CINEMA E VIDEO,F X Cinema E Video,ChIJrbPfiDwbz5QRWz7WzBB2Tyw,"R. VENEZUELA, 10 - JARDIM SAO LUIS, SANTANA DE PARNAÍBA - SP, 06500-000",Santana de Parnaíba,,SP,BR,06500-000,-23.4435729,-46.9298246,Movie theater,,,bigquery,
MCR PRODUCAO E COMÉRCIO DE FILMES PARA CINEMA,Mcr Producao E Comércio De Filmes Para Cinema,ChIJrboZa4MHz5QRzdvyWud1zi4,"R. PERNAMBUCO, 179 - CENTRO, COTIA - SP, 06700-635",Cotia,,SP,BR,06700-635,-23.6089534,-46.9453207,Movie theater,,,bigquery,
CINE TEATRO BRASIL,Cine Teatro Brasil,ChIJrcDe2hGoogARWvKyfP1s-6w,"R. PAULO FRONTIN, 284 - PORTO NOVO, ALÉM PARAÍBA - MG, 36660-000",Além Paraíba,,MG,BR,36660-000,-21.8836579,-42.6972837,Movie theater,,,bigquery,
CINE BUTIÁ,Cine Butiá,ChIJrcFLC_inG5URzRIZ3ZDlP_w,"TRAVESSA VICTOR HUGO DEMAMANN TOME, 02 - CENTRO, BUTIÁ - RS, 96750-000",Butiá,,RS,BR,96750-000,-30.1184298,-51.962269,Movie theater,,,bigquery,
CASA DA VOVÓ ANTONIA,Casa Da Vovó Antonia,ChIJrfyLFj-ByJQRvp3NskGX2Jw,"R. LUZIA DE CAMPOS CASON, 915 - JARDIM ARRUDA, LIMEIRA - SP, 13482-106",Limeira,,SP,BR,13482-106,-22.5888011,-47.4200787,Movie theater,,,bigquery,
SANTA INFRA LOCAÇÕES,Santa Infra Locações,ChIJrwEz13JRzpQRFG2Muszg8KY,"R. MARYLANDES GROSSMANN, 07 - VILA DA SAÚDE, SÃO PAULO - SP, 04142-110",São Paulo,,SP,BR,04142-110,-23.6136134,-46.6268359,Movie theater,,,bigquery,
CINEMA MOVIECOM,Cinema Moviecom,ChIJrwhPKQ5Yx5QRexHjrVJ4W4Y,"AV. DR. QUINZINHO, 511 - CHÁCARA PECCIOLI, JAÚ - SP, 17210-110",Jaú,,SP,BR,17210-110,-22.296957,-48.545875,Movie theater,,,bigquery,
XV PAINÉIS,Xv Painéis,ChIJrxB0XjI275QR7Kq1LDTY0d0,"AV. PROFA. LAURA PACHECO BASTOS, 1400 - 11 - CIDADE DOS LAGOS, GUARAPUAVA - PR, 85051-010",Guarapuava,,PR,BR,85051-010,-25.3483874,-51.4738069,Movie theater,,,bigquery,
JOSE EDMAR,Jose Edmar,ChIJry--GBbVuAcRBVFAOns1YUk,"IDEAL, ARACOIABA - STATE OF CEARÁ, 62750-000",Aracoiaba,,CE,BR,62750-000,-4.4187472,-38.6419736,Movie theater,,,bigquery,
CINEMA,Cinema,ChIJryD9pYyR_pQRIkwdvI-EOlg,"DIDO, SANTO ÂNGELO - STATE OF RIO GRANDE DO SUL, 98801-640",Santo Ângelo,,RS,BR,98801-640,-28.3006079,-54.2672085,Movie theater,,,bigquery,
SO PRA AMIGOS CONVIDADOS,So Pra Amigos Convidados,ChIJs-g6CPbvlpQR575J3bbiNnk,"R. DOMINGOS JORGE, 245, VALPARAÍSO - SP, 16880-000",Valparaíso,,SP,BR,16880-000,-21.2338818,-50.86129,Movie theater,,,bigquery,
JANELA FILMES,Janela Filmes,ChIJs0H_4n93mQAR3C0CtVj4kPQ,"R. ANAJAMIRIM - TAUÁ, RIO DE JANEIRO - RJ, 21921-270",Rio de Janeiro,,RJ,BR,21921-270,-22.8010877,-43.1960201,Movie theater,,,bigquery,
FUTURE FIGHTERS,Future Fighters,ChIJs1LBNfpnmQARLGublrZNPTo,"R. IGARAPAVA - AREIA BRANCA, BELFORD ROXO - RJ, 26140-220",Belford Roxo,,RJ,BR,26140-220,-22.7480216,-43.4167299,Movie theater,,,bigquery,
CINE VITORIO REGEA,Cine Vitorio Regea,ChIJs1cb7Aom0JQRyQvZoBWDdl8,"1383, AV. PADRE ANCHIETA, 1257 - BAL STELLA MARIS, PERUÍBE - SP, 11750-000",Peruíbe,,SP,BR,11750-000,-24.3227358,-46.9983885,Movie theater,,,bigquery,
DA MOSTRA INTERNACIONAL DE CINEMA DE SÃO PAULO.,Da Mostra Internacional De Cinema De São Paulo.,ChIJs38E-vJ_mQARO0K39z124k0,"PRAIA DE BOTAFOGO, 316 - BOTAFOGO, RIO DE JANEIRO - RJ, 22250-040",Rio de Janeiro,,RJ,BR,22250-040,-22.9449171,-43.1825521,Movie theater,,,bigquery,
CINEPLUS FAZENDA RIO GRANDE,Cineplus Fazenda Rio Grande,ChIJs3Nij2X_3JQRrIIiEd2OHNQ,"R. JEQUITIBÁ, 82 - NAÇÕES, FAZENDA RIO GRANDE - PR, 83823-004",Fazenda Rio Grande,,PR,BR,83823-004,-25.649776,-49.3114373,Movie theater,,,bigquery,
CINE -TEATRO DE SALINAS,Cine -Teatro De Salinas,ChIJs3knbb_rTQcR0k2kHbbluWM,"R. PADRE SALUSTIANO - SALINAS, MG, 39560-000",Salinas,,MG,BR,39560-000,-16.1706451,-42.2921652,Movie theater,,,bigquery,
CLASSICINE,Classicine,ChIJs4HfVNn_qZUR_rm2y8fZfhg,"RUA THOMAZ ALBORNOZ - CENTRO, SANT'ANA DO LIVRAMENTO - RS, 97573-580",Sant'Ana do Livramento,,RS,BR,97573-580,-30.8883018,-55.5282669,Movie theater,,,bigquery,
DOM BOSCO IMAX,Dom Bosco Imax,ChIJs4eP2l3j3JQRJ28VF-Oi2oY,"PALLADIUM SHOPPING CENTER - PISO, AV. PRES. KENNEDY, 4121 - L3 - PORTÃO, CURITIBA - PR, 80610-905",Curitiba,,PR,BR,80610-905,-25.47776,-49.28972,Movie theater,,,bigquery,
CINE GLÓRIA,Cine Glória,ChIJs5qdG5DIoQAR8LnO10-p2P8,"AV. TIRADENTES, 390 - CENTRO, SÃO JOÃO DEL REI - MG, 36307-348",São João del Rei,,MG,BR,36307-348,-21.1351817,-44.2581647,Movie theater,,,bigquery,
APARTAMENTO DO IGOR PAMPS,Apartamento Do Igor Pamps,ChIJs8UYdNvv3JQRjP6sl5zXpqQ,"R. GRAÇA ARANHA, 596 - VARGEM GRANDE, PINHAIS - PR, 83321-020",Pinhais,,PR,BR,83321-020,-25.4500371,-49.1765645,Movie theater,,,bigquery,
CINE GUARANI - CULTURAL GATE,Cine Guarani - Cultural Gate,ChIJsQ3S8mfj3JQRIu1B1MU7gsU,"AV. REP. ARGENTINA, 3430 - PORTÃO, CURITIBA - PR, 80610-260",Curitiba,,PR,BR,80610-260,-25.4765721,-49.293033,Movie theater,,,bigquery,
ARTE DOS MUROS,Arte Dos Muros,ChIJsQUgEL5ZzpQRMrTdg0gflDI,"RUA BARÃO DE IGUAPE, 197-165 - LIBERDADE, SÃO PAULO - SP, 01507-000",São Paulo,,SP,BR,01507-000,-23.5582898,-46.6349859,Movie theater,,,bigquery,
CINE A POUSO ALEGRE,Cine A Pouso Alegre,ChIJsQzVl7XHy5QRV9hxX6XgpVQ,"R. CEL. OTÁVIO MEYER, 160 - CENTRO, POUSO ALEGRE - MG, 37550-000",Pouso Alegre,,MG,BR,37550-000,-22.2292728,-45.9384803,Movie theater,,,bigquery,
OFF - FESTIVAL CONTEMPORÂNEO DE CINEMA,Off - Festival Contemporâneo De Cinema,ChIJsRKvbAMrGpUR5zvdXOBXO_g,"R. DA BALANÇA, 482 - ALTOS DA ALEGRIA, GUAÍBA - RS, 92725-100",Guaíba,,RS,BR,92725-100,-30.124512,-51.3484496,Movie theater,,,bigquery,
FAMG FILMES,Famg Filmes,ChIJsRVO64RZzpQRTbdY6axNInA,"R. PAIM, 296 - BELA VISTA, SÃO PAULO - SP, 01306-010",São Paulo,,SP,BR,01306-010,-23.5536381,-46.649902,Movie theater,,,bigquery,
CINE BOM JARDIM,Cine Bom Jardim,ChIJsRkaA2_wlwAR_NsBheKruKE,"R. MIGUEL DE CARVALHO, 175 - CENTRO, BOM JARDIM - RJ, 28660-000",Bom Jardim,,RJ,BR,28660-000,-22.1508919,-42.4209721,Movie theater,,,bigquery,
CASA DE CINEMA PRODUÇÕES,Casa De Cinema Produções,ChIJsS2hToRZzpQRUFytv2vcVRU,"LARGO DONA ANA ROSA - VILA MARIANA, SÃO PAULO - SP, 04010-000",São Paulo,,SP,BR,04010-000,-23.5815187,-46.6388459,Movie theater,,,bigquery,
CULT CINEMAS IJUÍ,Cult Cinemas Ijuí,ChIJsS7FI7kt_JQRqvwgVl7OKUo,"AV. PORTO ALEGRE, 40 - LULU ILGENFRITZ, IJUÍ - RS, 98700-000",Ijuí,,RS,BR,98700-000,-28.3943569,-53.9297568,Movie theater,,,bigquery,
FERRABRAZ - MORRO FERRABRAZ | OFICIAL - SAPIRANGA/RS,Ferrabraz - Morro Ferrabraz | Oficial - Sapiranga/Rs,ChIJsSOnE9Y-GZURbw_1hooASx8,"ESTR. DO CARLÃO - PICADA SÃO JACOB, SAPIRANGA - RS, 93815-016",Sapiranga,,RS,BR,93815-016,-29.6042508,-50.9694799,Movie theater,,,bigquery,
MOVIECOM VALE DO AÇO,Moviecom Vale Do Aço,ChIJsYH8TUNVpQAR3Isgf_BbYV8,"AV. PEDRO LINHARES GOMES, 3900 - INDUSTRIAL, IPATINGA - MG, 35160-290",Ipatinga,,MG,BR,35160-290,-19.4967957,-42.5663084,Movie theater,,,bigquery,
HELENA GANZERT,Helena Ganzert,ChIJsYTjIQ3l3JQRWikAkJQqrSs,"R. PEDRO ROLIM DE MOURA, 60 - APTO 401 - ALTO DA GLÓRIA, CURITIBA - PR, 80030-250",Curitiba,,PR,BR,80030-250,-25.4204873,-49.2577372,Movie theater,,,bigquery,
CINEMA FRANCO DA ROCHA,Cinema Franco Da Rocha,ChIJs_cpcX7lzpQRKmYBLoCzvj0,"R. BASÍLIO FAZZI, 290 - COMPANHIA FAZENDA BELEM, FRANCO DA ROCHA - SP, 07802-190",Franco da Rocha,,SP,BR,07802-190,-23.3277886,-46.7269054,Movie studio,,,bigquery,
WELLINGTON PICTURES (EM PROJETO),Wellington Pictures (Em Projeto),ChIJsdPQqEX9zpQRKi3unkqOuBw,"ESTR. DE PERUS, 61 - VILA JARAGUÁ, SÃO PAULO - SP, 05276-110",São Paulo,,SP,BR,05276-110,-23.406012,-46.7687559,Movie theater,,,bigquery,
LOCADORA VÍDEO SHOW,Locadora Vídeo Show,ChIJsdbs3GFNmAAR67_7IRrgBo4,"ROD. BR 116 KM84 AO KM92, 7780 - FONTE SANTA, TERESÓPOLIS - RJ, 25977-390",Teresópolis,,RJ,BR,25977-390,-22.3942063,-42.9530827,Movie theater,,,bigquery,
VPC CINEMA VIDEO,Vpc Cinema Video,ChIJsdfJ0XgDFgcRwXG6yiEmOuA,"R. BELO HORIZONTE, 148 - BARRA AVENIDA, SALVADOR - BA, 40140-380",Salvador,,BA,BR,40140-380,-13.0058815,-38.5256549,Movie theater,,,bigquery,
PRAÇA SANTO ANTONIO,Praça Santo Antonio,ChIJsdlYZ_uZpgARSENxNRJvnWU,"PRAÇA GARIBALDE - CENTRO, BELO HORIZONTE - MG, 69400-266",Belo Horizonte,,MG,BR,69400-266,-19.918807,-43.9385588,Movie theater,,,bigquery,
CIRCUITO SPCINE PARQUE VEREDAS,Circuito Spcine Parque Veredas,ChIJseagMJBkzpQR65Pe9rhE5WE,"SÃO MIGUEL PAULISTA CEU PARQUE VEREDAS - RUA DANIEL MULLER NO - 347, SÃO PAULO - SP, 08141-290",São Paulo,,SP,BR,08141-290,-23.5128741,-46.3903846,Movie theater,,,bigquery,
GUSTAVO FILM EDITOR,Gustavo Film Editor,ChIJsfmEM5BZzpQR5j1OGIrQ1Ds,"R. LUÍS GAMA, 730 - CAMBUCI, SÃO PAULO - SP, 01519-010",São Paulo,,SP,BR,01519-010,-23.560282,-46.6219146,Movie theater,,,bigquery,
HENEMANN HENEMANN,Henemann Henemann,ChIJsxoO_onv3JQRR7opMnflaJo,"CONJ. RES. AQUILA, PINHAIS - STATE OF PARANÁ, 83326-132",Pinhais,,PR,BR,83326-132,-25.4041498,-49.1941508,Movie theater,,,bigquery,
CASA DA ANGELICA,Casa Da Angelica,ChIJt-yL06tlmQARVAG-OvPQEBI,"RUA FRANCISCA DE OLIVEIRA, 727 - ENG. BELFORD, SÃO JOÃO DE MERITI - RJ, 25520-170",São João de Meriti,,RJ,BR,25520-170,-22.8102802,-43.3779148,Movie theater,,,bigquery,
Grupo Cine Vargem Grande Paulista,Grupo Cine Vargem Grande Paulista,ChIJt1s9TQAJz5QRH83r6PeVtoU,"Tijuco Preto, Vargem Grande Paulista - SP, 06730-000, Brazil",Vargem Grande Paulista,,SP,BR,06730000,-23.6428307,-46.9917427,"movie_theater,point_of_interest,establishment",,,bigquery,"{""source"": ""supabase_places_cache_migration"", ""types"": [""movie_theater"", ""point_of_interest"", ""establishment""], ""rating"": null, ""refreshed_at"": ""2026-05-25T19:19:05.281+00:00""}"
M M CHAINCA E CIA,M M Chainca E Cia,ChIJt52tt4kmwZQRn2201ZRoS-8,"R. SANTA CATARINA, 1752 - CENTRO, AVARÉ - SP, 18708-005",Avaré,,SP,BR,18708-005,-23.093978,-48.9215856,Movie theater,,,bigquery,
R&S PRODUÇÕES E EVENTOS LTDA,R&s Produções E Eventos Ltda,ChIJt5SvY0gbzpQRnUcq-jQGwxg,"R. ROBERTO MÁRIO SANTINI, 266 - JARDIM NOVA REPUBLICA, CUBATÃO - SP, 11534-830",Cubatão,,SP,BR,11534-830,-23.9213756,-46.4312889,Movie theater,,,bigquery,
CINEMA.WIKI.BR,Cinema.wiki.br,ChIJt8JDWRfk3JQRRgVUX0BL-BU,AV. CÂNDIDO DE ABREU  526 - SALA 907A - CENTRO CÍVICO  CURITIBA - PR  80530-905  BRASIL,Curitiba,,PR,BR,80530-905,-25.420048,-49.2680503,"movie_theater,point_of_interest,establishment",,,bigquery,
GRUPO CINE VALINHOS,Grupo Cine Valinhos,ChIJt92XV67NyJQRuyMwiIxHkO4,"R. PAIQUERÊ, 200 - JARDIM PAIQUERE, VALINHOS - SP, 13271-600",Valinhos,,SP,BR,13271-600,-22.9820826,-47.0128112,Movie theater,,,bigquery,
Cine A Americana,Cine A Americana,ChIJt9jgewCZyJQRM_RirVhYuvE,"Chácara Machadinho, Americana - SP, 13478, Brazil",Americana,,SP,BR,,-22.7478342,-47.3094313,"movie_theater,point_of_interest,establishment",,,bigquery,"{""source"": ""supabase_places_cache_migration"", ""types"": [""movie_theater"", ""point_of_interest"", ""establishment""], ""rating"": null, ""refreshed_at"": ""2026-05-25T19:18:16.866+00:00""}"
SWEET PIMENTA (MARKET PLACE),Sweet Pimenta (Market Place),ChIJtRxj_ThXzpQRG7tynEgEZ14,"SHOPPING MARKET PLACE - AV DAS NAÇÕES UNIDAS, 13947 - LJ 259, SÃO PAULO",São Paulo,,SP,BR,,-23.593858,-46.6923117,Movie theater,,,bigquery,
JOSUES CINE ARCOS,Josues Cine Arcos,ChIJtSv_5ZiJtJQRI6iLjL4jKnI,"R. VER. JOÃO VELOSO, 121, ARCOS - MG, 35588-000",Arcos,,MG,BR,35588-000,-20.2818196,-45.5385021,Movie theater,,,bigquery,
CINEMA.WIKI.BR,Cinema.wiki.br,ChIJtTU-Bw_k3JQRulpLhmy6bMY,"R. PRESIDENTE CARLOS CAVALCANTI, 1174 - CENTRO, CURITIBA - PR, 80510-040",Curitiba,,PR,BR,80510-040,-25.4247291,-49.276629,Movie theater,,,bigquery,
CINEMA,Cinema,ChIJtTx5blqlzpQRYvHz7X2oBtU,"UNNAMED ROAD, PIRACAIA - SP, 12970-000",Piracaia,,SP,BR,12970-000,-22.9816582,-46.3462,Movie theater,,,bigquery,
CASA DE MAUÉS,Casa De Maués,ChIJtUaGFJxEpJQR12FkrZRNjXE,"R. DO GARÇOM, 602 - JARDIM DAS PALMEIRAS, UBERLÂNDIA - MG, 38412-294",Uberlândia,,MG,BR,38412-294,-18.943834,-48.3150128,Movie theater,,,bigquery,
EXPANSÃO CINEMA,Expansão Cinema,ChIJtVYZkZMIk40RnshYEXKQpFM,AV. VILLE ROY  1544 - CAÇARI  BOA VISTA - RR  69307-725  BRASIL,Boa Vista,,RR,BR,69307-725,2.8553569,-60.6449758,"movie_theater,point_of_interest,establishment",,,bigquery,
CINE PASSEIO,Cine Passeio,ChIJt_BpOgLl3JQRKGRDtE125Ck,"R. RIACHUELO, 410 - CENTRO, CURITIBA - PR, 80020-250",Curitiba,,PR,BR,80020-250,-25.4264162,-49.2694634,Movie theater,,,bigquery,
CINE PEPERI,Cine Peperi,ChIJtcB2B15c-pQRdRNPDXAlJbE,"R. MARQUÊS DO HERVAL, 967 - CENTRO, SÃO MIGUEL DO OESTE - SC, 89900-000",São Miguel do Oeste,,SC,BR,89900-000,-26.7289658,-53.5150064,Movie theater,,,bigquery,
NO TRECHO SÉRIE,No Trecho Série,ChIJtfgNi_YjjZQRxpouIWGtLR8,"R. RIBEIRO DE OLIVEIRA, 152 - AP 02 - JARDIM PADRE IVO, DOURADINA - PR, 87485-000",Douradina,,PR,BR,87485-000,-23.3808536,-53.2914361,Movie theater,,,bigquery,
CINE VIP UMUARAMA,Cine Vip Umuarama,ChIJtfi681XR8pQRUpXydMAweyM,"R. CAMBÉ, 4134 - ZONA II, UMUARAMA - PR, 87502-160",Umuarama,,PR,BR,87502-160,-23.7580129,-53.2998755,Movie theater,,,bigquery,
TVNET FILMES,Tvnet Filmes,ChIJtx4MDUBPkpQRlcsC9tRjQuc,"TEODORO SAMPAIO, STATE OF SÃO PAULO, 19280-000",Teodoro Sampaio,,SP,BR,19280-000,-22.5314747,-52.173306,Movie theater,,,bigquery,
DÉBORA OLIVEIRA BANDEIRA,Débora Oliveira Bandeira,ChIJtxZ--uNnEwcRrvqTxxhV9Uk,"R. PEDRO MAIA DE MATOS, NOVA FÁTIMA - BA, 44642-000",Nova Fátima,,BA,BR,44642-000,-11.6108723,-39.6333447,Movie theater,,,bigquery,
ESCOLA ATORES UNIDOS,Escola Atores Unidos,ChIJtxuUJ5vJyJQRQrPCOJZCatE,"AV. IMPÉRIO DO SOL NASCENTE, 350 - LOJA 80 - CHACARA DA REPUBLICA, CAMPINAS - SP, 13033-000",Campinas,,SP,BR,13033-000,-22.9079237,-47.0954735,Movie theater,,,bigquery,
CINE HOT,Cine Hot,ChIJtzb1NutZzpQROOeGG6BKJKI,"AV. SÃO JOÃO, 1081 - REPÚBLICA, SÃO PAULO - SP, 01035-100",São Paulo,,SP,BR,01035-100,-23.5404924,-46.6439063,Movie theater,,,bigquery,
CINE SAN JOSE - BROTAS - SP,Cine San Jose - Brotas - Sp,ChIJtzlIArF5x5QR53D1b0T_IBw,"AV. RODOLFO GUIMARÃES, 635 - CENTRO, BROTAS - SP, 17380-000",Brotas,,SP,BR,17380-000,-22.2855507,-48.1277778,Movie theater,,,bigquery,
HONEY'S ENTRETENIMENTO,Honey's Entretenimento,ChIJu-UjygT93JQRNJxWr3aUWd4,"RUA JOSÉ RODRIGUES PINHEIRO, 320 - CAPÃO RASO, CURITIBA - PR, 81130-200",Curitiba,,PR,BR,81130-200,-25.5134489,-49.2976085,Movie theater,,,bigquery,
TODA BELLA ESMALTERIA,Toda Bella Esmalteria,ChIJu0-0QgdHzpQRaos78GDK1iQ,"AV. PIRAPORINHA, 368 - PLANALTO, SÃO BERNARDO DO CAMPO - SP",São Bernardo do Campo,,SP,BR,,-23.6892952,-46.5703808,Movie theater,,,bigquery,
TEATRO MINAS CENTRO,Teatro Minas Centro,ChIJu1ToVF-XpgARt3nHH-tCYaY,"AV. AUGUSTO DE LIMA, 785 - CENTRO, BELO HORIZONTE - MG, 30190-001",Belo Horizonte,,MG,BR,30190-001,-19.9236907,-43.9432318,Movie theater,,,bigquery,
MARCELO,Marcelo,ChIJu2UFUgr5zpQRXYoefioryWI,"R. ÂNGELO ZANINI, 156 - JARDIM CIDADE PIRITUBA, SÃO PAULO - SP, 02940-020",São Paulo,,SP,BR,02940-020,-23.4813253,-46.7217892,Movie theater,,,bigquery,
REDE BRASILEIRA ENTRETENIMENTO DIGITAL,Rede Brasileira Entretenimento Digital,ChIJu2YsPDVYzpQRTJjo4AzT8q4,"R. FREI CANECA, 569 - CONSOLAÇÃO, SÃO PAULO - SP, 01307-001",São Paulo,,SP,BR,01307-001,-23.5538161,-46.6529963,Movie theater,,,bigquery,
GRUPO CINE,Grupo Cine,ChIJu3fzso7bx5QR5OY9iUqLGRA,"AV. CONDE FRANCISCO MATARAZZO JÚNIOR, 136 - VILA PAULISTA, RIO CLARO - SP, 13506-845",Rio Claro,,SP,BR,13506-845,-22.4135577,-47.5536495,Movie theater,,,bigquery,
RÁDIO FJR,Rádio Fjr,ChIJu5GrU81ZzpQR4x-jVd3QKOk,"2.202, AV. PAULISTA, 2202 - BELA VISTA, SÃO PAULO - SP, 01310-300",São Paulo,,SP,BR,01310-300,-23.5573363,-46.660438,Movie theater,,,bigquery,
ARCOÍRIS MARCOPOLO,Arcoíris Marcopolo,ChIJu5d6G608HJURZUo3HExreRs,"R. MAL. DEODORO, 238 - CENTRO, BENTO GONÇALVES - RS, 95700-000",Bento Gonçalves,,RS,BR,95700-000,-29.1653308,-51.5168501,Movie theater,,,bigquery,
VILMAR GODOI VIDEOMAKER,Vilmar Godoi Videomaker,ChIJu6qX81PLvZQRwtFUFA9BZXY,"POTIRENDABA - STATE OF SÃO PAULO, 15105-000",Potirendaba,,SP,BR,15105-000,-21.0327162,-49.3818601,Movie theater,,,bigquery,
"CINE TEATRO MUNICIPAL ""VALÉRIA LUERCY""","Cine Teatro Municipal ""valéria Luercy""",ChIJu9GYEPVqwpQR1WVwnC40_i4,"R. SALOMÃO FELIX DA SILVA - JAGUARIAÍVA, PR, 84200-000",Jaguariaíva,,PR,BR,84200-000,-24.2574239,-49.7132451,Movie theater,,,bigquery,
SHANGRILA,Shangrila,ChIJuQTVh7mV25QRMxGnvCEm9hk,"R. GUARAQUEÇABA, 877, PONTAL DO PARANÁ - PR, 83255-000",Pontal do Paraná,,PR,BR,83255-000,-25.6157297,-48.426534,Movie theater,,,bigquery,
IGREJA AMOR E CUIDADO VALPARAISO,Igreja Amor E Cuidado Valparaiso,ChIJuQimMGfllpQRW_2LPebnC0w,"AV. NOVE DE JULHO, 1140, VALPARAÍSO - SP, 16880-000",Valparaíso,,SP,BR,16880-000,-21.2234464,-50.8717222,Movie theater,,,bigquery,
HUMANO MULTIDIMENSIONAL,Humano Multidimensional,ChIJuUgWNF9HxwcR9CKGIGaG5nE,"R. NICÁCIO PINTO, 279 - PRAIA DO FUTURO, FORTALEZA - CE, 60182-350",Fortaleza,,CE,BR,60182-350,-3.73718,-38.457465,Movie theater,,,bigquery,
FRAN FILMES,Fran Filmes,ChIJuVv8f4ansJQRqXK689BuKbs,"R. ESPERANÇA, 828 - RES. PARAISO, FRANCA - SP, 14403-148",Franca,,SP,BR,14403-148,-20.5590761,-47.4038634,Movie theater,,,bigquery,
CINEMAIS ARAXA,Cinemais Araxa,ChIJuYdwEP82sJQRPXRIa8Zjt18,"AV. PREF. ARACELY DE PAULA, 1005 - CENTRO, ARAXÁ - MG, 38184-100",Araxá,,MG,BR,38184-100,-19.6051833,-46.9409764,Movie theater,,,bigquery,
CINELIVE,Cinelive,ChIJu_EIhbZZzpQRgr3sBqHGK9Y,"R. ALM. MARQUES DE LEÃO, 197 - BELA VISTA, SÃO PAULO - SP, 01330-010",São Paulo,,SP,BR,01330-010,-23.5582231,-46.6482715,Movie theater,,,bigquery,
MB CINEMA E VIDEO,Mb Cinema E Video,ChIJu_uNDrNZzpQRYfnc4l-CgmE,"R. CONSELHEIRO RAMALHO, 219 - BELA VISTA, SÃO PAULO - SP, 01325-001",São Paulo,,SP,BR,01325-001,-23.553721,-46.6447534,Movie theater,,,bigquery,
STAGE 4,Stage 4,ChIJuagWj-3_zpQR0DczdW1mWxY,"AV. PIRARUCU, 1630 - JARDIM SANTA CECILIA, BARUERI - SP, 02675-031",Barueri,,SP,BR,02675-031,-23.5168572,-46.8179677,Movie theater,,,bigquery,
CINEMEC,Cinemec,ChIJubdmK5TXvpQRB2DpmOen-VU,"AV. ENG. IVANIL FRANCISCHINI, 3587-3545 - CENTENARIO, IBITINGA - SP, 14940-000",Ibitinga,,SP,BR,14940-000,-21.7502283,-48.8374043,Movie theater,,,bigquery,
CINEMASHOW,Cinemashow,ChIJubrrBVwx_ZQRFSm06LinzW8,"R. VENÂNCIO AÍRES, 269 - CENTRO, CARAZINHO - RS, 99500-000",Carazinho,,RS,BR,99500-000,-28.2881399,-52.7943709,Movie theater,,,bigquery,
ANAS CINEMAS,Anas Cinemas,ChIJud6O6zJCzpQR2uucdYZjVIo,"R. JOSÉ PELOSINI, 40 - JD O BILAC, SÃO BERNARDO DO CAMPO - SP, 09720-040",São Bernardo do Campo,,SP,BR,09720-040,-23.6991785,-46.55264,Movie theater,,,bigquery,
CINE ARAUJO,Cine Araujo,ChIJufbI9rqKxZQRS_PuEAxvOBY,"AV. DR. AFONSO VERGUEIRO, 823 - CENTRO, SOROCABA - SP, 18035-070",Sorocaba,,SP,BR,18035-070,-23.4962695,-47.4610208,Movie theater,,,bigquery,
DOLIVAR STUDIO,Dolivar Studio,ChIJufizXMqrV5MRD6D8wxanFKI,"R. PROF. OLÍMPIO GONZAGA, 409 - SALA 202 - CENTRO, UNAÍ - MG, 38610-004",Unaí,,MG,BR,38610-004,-16.3646753,-46.8988994,Movie theater,,,bigquery,
GLAZ CINEMA E VIDEO,Glaz Cinema E Video,ChIJuw5THtlbzpQRsMjbRsNSH1I,"R. CRISÓLITA, 253 - ACLIMAÇÃO, SÃO PAULO - SP, 01547-090",São Paulo,,SP,BR,01547-090,-23.5835421,-46.6184629,Movie theater,,,bigquery,
CINEMAIS,Cinemais,ChIJv1n_oGGcmAARAXQjXeenDuw,"AV. BRASIL, 6345 - MARIANO PROCÓPIO, JUIZ DE FORA - MG, 36080-060",Juiz de Fora,,MG,BR,36080-060,-21.7406616,-43.370314,Movie theater,,,bigquery,
CINE TEATRO CAETÉ,Cine Teatro Caeté,ChIJv5qHVZ8vpAAR_y2OQ_w79i8,"PRAÇA DR. JOÃO PINHEIRO, 160 - CENTRO, CAETÉ - MG, 34800-000",Caeté,,MG,BR,34800-000,-19.8992545,-43.6712776,Movie theater,,,bigquery,
CINE COCO BONGO,Cine Coco Bongo,ChIJv7gJ-bW1EAcRS0nMUmSHJKk,"RUA MARIA FILOMENA, CONDE - BA, 48300-000",Conde,,BA,BR,48300-000,-11.9606633,-37.6161491,Movie theater,,,bigquery,
Clube Cidade Cinema,Clube Cidade Cinema,ChIJv8WOYAChmQAR_gYvuW7Ndr4,"Cidade do Cinema - Guia de Pacobaíba, Magé - RJ, Brazil",Magé,,RJ,BR,,-22.6543636,-43.1713477,"hiking_area,sports_activity_location,point_of_interest,establishment",,,bigquery,"{""source"": ""supabase_places_cache_migration"", ""types"": [""hiking_area"", ""sports_activity_location"", ""point_of_interest"", ""establishment""], ""rating"": null, ""refreshed_at"": ""2026-05-25T19:20:13.037+00:00""}"
CINE UNIPLEX PARANAGUÁ,Cine Uniplex Paranaguá,ChIJvQbHWnub25QRN0zUyrMqZ8Q,"R. THEODORICO DOS SANTOS, 1099 - CENTRO HISTÓRICO, PARANAGUÁ - PR, 83203-060",Paranaguá,,PR,BR,83203-060,-25.5163246,-48.5061269,Movie theater,,,bigquery,
LANCHONETE CINEMAR,Lanchonete Cinemar,ChIJvT6BvJsczpQRTdClGlSZ88U,"R. BENJAMIN CONSTANT, 12 - CENTRO, SÃO VICENTE - SP, 11310-500",São Vicente,,SP,BR,11310-500,-23.9631843,-46.3881306,Restaurants,,,bigquery,
NEW YORK CITY CENTER,New York City Center,ChIJvTSmT0jamwARPbUG-5rICNE,"AV. DAS AMÉRICAS, 5000 - BARRA DA TIJUCA, RIO DE JANEIRO - RJ, 22640-102",Rio de Janeiro,,RJ,BR,22640-102,-22.9991321,-43.3608589,Movie theater,,,bigquery,
COLÔNIA FILMES,Colônia Filmes,ChIJvToQje4EFgcRJRSci-RZKfA,"R. RUY BARBOSA, 17 - CENTRO, SALVADOR - BA, 40020-070",Salvador,,BA,BR,40020-070,-12.9766118,-38.5133406,Movie theater,,,bigquery,
CINE GRACHER ARAPONGAS,Cine Gracher Arapongas,ChIJvWA2XYOh7JQRHeBuM7_BXXA,"AVENIDA MARACANÃ, R. CANASTREIRO, 5462 - PARQUE INDUSTRIAL, PR, 86703-000",Arapongas,,PR,BR,86703-000,-23.432619,-51.4217341,Movie theater,,,bigquery,
CASA DOC,Casa Doc,ChIJvYLtXY6HmQARkpsjMrUPI18,"AV. DR. ACÚRCIO TÔRRES, 234 - PIRATININGA, NITERÓI - RJ, 24358-080",Niterói,,RJ,BR,24358-080,-22.9514665,-43.0905701,Movie theater,,,bigquery,
CINE DA USINA TANGUÁ,Cine Da Usina Tanguá,ChIJvahOq63EmQARwjr4sH8bnJw,"R. G ANTUNES, 101 - CENTRO, TANGUÁ - RJ, 24890-000",Tanguá,,RJ,BR,24890-000,-22.729141,-42.710305,Movie theater,,,bigquery,
PLEXCINE,Plexcine,ChIJvbe_hCw4FAcR9kmAZYoL8Q8,"AV. JOÃO DURVAL CARNEIRO, 3555 - OLHOS D'AGUA, FEIRA DE SANTANA - BA, 40301-110",Feira de Santana,,BA,BR,40301-110,-12.2416404,-38.9480056,Movie theater,,,bigquery,
HAIR AND MAKE - UP PRODUCAO CINEMA E FOTOGRAFIA,Hair And Make - Up Producao Cinema E Fotografia,ChIJvbevfnFYzpQRx1_GDaN-wgc,"R. SÉRGIO TOMÁS, 282 - BOM RETIRO, SÃO PAULO - SP, 01131-010",São Paulo,,SP,BR,01131-010,-23.5208919,-46.6460915,Movie theater,,,bigquery,
SALÃO 0 GRAU,Salão 0 Grau,ChIJvbixzHowbwcRfIpfMQK-3U0,"R. PROJETADA 25, 7-49, CENTRAL - BA, 44940-000",Central,,BA,BR,44940-000,-11.1335587,-42.109441,Movie theater,,,bigquery,
CINE SARAU JACÓ,Cine Sarau Jacó,ChIJveztLvxVzpQR0bIGGstQQHk,"R. ALESSANDRO BIBIENA, 235 - JARDIM JAQUELINE, SÃO PAULO - SP, 05529-020",São Paulo,,SP,BR,05529-020,-23.5926783,-46.7513535,Movie theater,,,bigquery,
Centerplex Caruaru,Centerplex Caruaru,ChIJvxT8tFaKqQcRZvn9wRelFK4,"Caruaru Shopping - Av. Adjar da Silva Casé, 800 - Indianópolis, Caruaru - PE, 55024-810",Caruaru,,PE,BR,55024810,-8.2952694,-35.9516322,"movie_theater,point_of_interest,establishment",,,bigquery,"{""source"":""google_places_augment"",""types"":[""movie_theater"",""point_of_interest"",""establishment""],""rating"":null}"
ONFILMS,Onfilms,ChIJvxYGszFFzpQRR8YF07aKNpo,"R. MARIANA BORGES - BALNEÁRIO MAR PAULISTA, SÃO PAULO - SP, 04463-050",São Paulo,,SP,BR,04463-050,-23.6968774,-46.6595349,Movie theater,,,bigquery,
VOVÓ ERONDINA KERBER,Vovó Erondina Kerber,ChIJvyUs00YlHZURfczRBoduPYc,"BARROS CASSAL - STATE OF RIO GRANDE DO SUL, 99360-000",Barros Cassal,,RS,BR,99360-000,-29.0877615,-52.4973878,Movie theater,,,bigquery,
Grupo Cine Delmiro Gouveia,Grupo Cine Delmiro Gouveia,ChIJw-3I-M0nCQcROwxQouhA8k0,"Av. Pres. Castelo Branco, 123, Delmiro Gouveia - AL, 57480-000, Brazil",Delmiro Gouveia,,AL,BR,57480000,-9.3827255,-37.9969491,"movie_theater,point_of_interest,establishment",,,bigquery,"{""source"": ""supabase_places_cache_migration"", ""types"": [""movie_theater"", ""point_of_interest"", ""establishment""], ""rating"": null, ""refreshed_at"": ""2026-06-04T00:15:48.136+00:00""}"
Cinemas Costa Dourada,Cinemas Costa Dourada,ChIJw-xb-ibvqgcRG8ljFZJnr7c,"PE-060 - Garapu, Cabo de Santo Agostinho - PE, 54518-901",Cabo de Santo Agostinho,,PE,BR,54518901,-8.3057353,-35.022550599999995,"movie_theater,point_of_interest,establishment",,,bigquery,"{""source"":""google_places_augment"",""types"":[""movie_theater"",""point_of_interest"",""establishment""],""rating"":null}"
CIN TEATRO ÍRIS,Cin Teatro Íris,ChIJw0wKeMM3FAcR7_zHPZQHUs0,"AV. SR. DOS PASSOS, 1382 - CENTRO, FEIRA DE SANTANA - BA, 44002-200",Feira de Santana,,BA,BR,44002-200,-12.2519436,-38.9651488,Movie theater,,,bigquery,
VILACINE,Vilacine,ChIJw1roJ0XVmwARudALKRKT-XY,"AV. NOSSA SRA. DE COPACABANA, 680 - LJ H - COPACABANA, RIO DE JANEIRO - RJ, 22020-001",RIO DE JANEIRO,,RJ,BR,22020-001,-22.9707272,-43.1867854,Movie theater,,,bigquery,
Cine Rancho - Pizzaria e Cinema na Fazenda Fortaleza,Cine Rancho - Pizzaria e Cinema na Fazenda Fortaleza,ChIJw35mVoK7zpQRjOfTTSb2qek,"Estr. Mun. Canedos-Fortaleza PRC-178, s/n - fortaleza, Piracaia - SP, 12970-000, Brazil",Piracaia,,SP,BR,12970000,-23.0454381,-46.4058353,"pizza_restaurant,lodging,restaurant,point_of_interest,food,establishment",,,bigquery,"{""source"": ""supabase_places_cache_migration"", ""types"": [""pizza_restaurant"", ""lodging"", ""restaurant"", ""point_of_interest"", ""food"", ""establishment""], ""rating"": null, ""refreshed_at"": ""2026-05-25T19:19:19.807+00:00""}"
GRUPO CINE EMBU DAS ARTES,Grupo Cine Embu Das Artes,ChIJw3cVIMtTzpQRJg2pXPPzDAQ,"R. AUGUSTO DE ALMEIDA BATISTA, 204 - CHÁCARAS SÃO MARCOS, EMBU DAS ARTES - SP, 06814-010",Embu das Artes,,SP,BR,06814-010,-23.658754,-46.8154716,Movie theater,,,bigquery,
MIDIÁTICA COMUNICAÇÕES,Midiática Comunicações,ChIJw3inHCjVmwARNnWvuCsU_EU,"AV. NOSSA SRA. DE COPACABANA, 103 - COPACABANA, RIO DE JANEIRO - RJ, 22020-002",RIO DE JANEIRO,,RJ,BR,22020-002,-22.9645977,-43.1751514,Movie theater,,,bigquery,
NO AR CASTING PRODUCÕES ARTISTICAS EIRELI ME,No Ar Casting Producões Artisticas Eireli Me,ChIJw48_cW9bzpQRSu-gc1Pw3VA,"RUA VIRGINÓPOLIS - SACOMÃ, SÃO PAULO - SP, 04249-020",São Paulo,,SP,BR,04249-020,-23.6150933,-46.5996391,Movie theater,,,bigquery,
CINEMA IUB,Cinema Iub,ChIJw4YwaIwNoZQRQi2FBPabXYE,"R. FLORIANO PEIXOTO, 55 - CENTRO, ITUMBIARA - GO, 75530-060",Itumbiara,,GO,BR,75530-060,-18.4196866,-49.2176763,Movie theater,,,bigquery,
Spcine Quinta do Sol,Spcine Quinta do Sol,ChIJw5Yjw19gzpQRR4AJ1tcWIpM,"Av. Luiz Imparato, 564 - Parque Cruzeiro do Sul, São Paulo - SP, 03819-160, Brazil",São Paulo,,SP,BR,03819160,-23.4989702,-46.49635,"movie_theater,point_of_interest,establishment",,,bigquery,"{""source"": ""supabase_places_cache_migration"", ""types"": [""movie_theater"", ""point_of_interest"", ""establishment""], ""rating"": null, ""refreshed_at"": ""2026-05-25T19:28:22.191+00:00""}"
UNIPLEX CINEMAS (COLOMBO),Uniplex Cinemas (Colombo),ChIJw6TxNJTo3JQRnZ-TVEcdzy0,"R. DORVAL CECCON, 664 - 2 PISO - FATIMA, COLOMBO - PR, 83405-030",Colombo,,PR,BR,83405-030,-25.3608986,-49.1842862,Movie theater,,,bigquery,
SPCINE OLIDO,Spcine Olido,ChIJw6VSCVFYzpQRCK96dCsvvpo,"AV. SÃO JOÃO, 473 - CENTRO HISTÓRICO DE SÃO PAULO, SÃO PAULO - SP, 01036-000",São Paulo,,SP,BR,01036-000,-23.5433416,-46.6392266,Movie theater,,,bigquery,
MAR CINEMAS E BOMBONIERES,Mar Cinemas E Bombonieres,ChIJw6gVdJoczpQRNSY9vE5J-tY,"R. JACOB EMERICK, 320 - CENTRO, SÃO VICENTE - SP, 11310-070",São Vicente,,SP,BR,11310-070,-23.9692158,-46.3821541,Movie theater,,,bigquery,
CINE ROXY,Cine Roxy,ChIJw7gtXU6ZpgARA9tWQ9QVNO0,"AV. AFONSO PENA, 381 - CENTRO, BELO HORIZONTE - MG, 30130-000",Belo Horizonte,,MG,BR,30130-000,-19.9167328,-43.939637,Movie theater,,,bigquery,
TEATRO ITTALA NANDI,Teatro Ittala Nandi,ChIJw85WChPk3JQRM0jOdUQx3KQ,"RUA - R. SÃO FRANCISCO, 179 - CENTRO, CURITIBA - PR, 80020-190",Curitiba,,PR,BR,80020-190,-25.428165,-49.2702465,Movie theater,,,bigquery,
CINE MILLENIUM,Cine Millenium,ChIJwSPdc6MUFgcRdtevJ19-rmE,"AV. ELMO SEREJO DE FARIAS - COROA DA LAGOA, SIMÕES FILHO - BA, 43700-000",Simões Filho,,BA,BR,43700-000,-12.8092245,-38.3925444,Movie theater,,,bigquery,
PETS,Pets,ChIJwV8QPDXl3JQRSl3H2pDqDLM,"SHOPPING CIDADE, AV. MAL. FLORIANO PEIXOTO",Curitiba,,PR,BR,,-25.4727985,-49.2519584,Movie theater,,,bigquery,
GAS FILMES,Gas Filmes,ChIJwVTH073bx5QRWhWncFpLANE,"R. 6 B, 324 - VILA INDAIA, RIO CLARO - SP, 13506-806",Rio Claro,,SP,BR,13506-806,-22.4074213,-47.5526025,Movie theater,,,bigquery,
TEATRO (EM BREVE),Teatro (Em Breve),ChIJwWg0iMhZzpQRxa1XEBcWe3M,"AV. PAULISTA, 1230 - BELA VISTA, SÃO PAULO - SP, 01310-100",São Paulo,,SP,BR,01310-100,-23.5635414,-46.6532392,Movie theater,,,bigquery,
SANTA CLARA CINE ART,Santa Clara Cine Art,ChIJwXTZFeUryJQR62Apf2Dyeak,"R. JOSÉ BONIFÁCIO, 530 - CENTRO, VARGEM GRANDE DO SUL - SP, 13880-000",Vargem Grande do Sul,,SP,BR,13880-000,-21.8305509,-46.8939893,Movie theater,,,bigquery,
AJS,Ajs,ChIJwZ-AEgABHJURRto5NU0-TwM,"UNNAMED ROAD, TUPANDI - RS, 95775-000",Tupandi,,RS,BR,95775-000,-29.4454653,-51.4273027,Movie theater,,,bigquery,
CINE FILMES LTDA,Cine Filmes Ltda,ChIJwZr5tWvVbgcRJdrjVCNcOJI,"IRECÊ, STATE OF BAHIA, 45900-000",Irecê,,BA,BR,45900-000,-11.3022176,-41.8476563,Movie theater,,,bigquery,
CINE UNIPLEX ASSIS,Cine Uniplex Assis,ChIJwaxvhZs5lZQR-VYxR7WRCFI,"AV. RUI BARBOSA, 300 - 2 PISO - CENTRO, ASSIS - SP, 19814-000",Assis,,SP,BR,19814-000,-22.6615379,-50.4173021,Movie theater,,,bigquery,
KAVERNA FILMES,Kaverna Filmes,ChIJwbPOkOTByJQRO6c_8qeFTY8,"R. FLORESTA AMAZÔNICA - BOSQUE DE BARÃO GERALDO, CAMPINAS - SP, 13082-762",Campinas,,SP,BR,13082-762,-22.8274973,-47.1041475,Movie theater,,,bigquery,
CINEMAS DO INTERIOR DE SÃO PAULO,Cinemas Do Interior De São Paulo,ChIJwclmNqYxxpQRYoD_97_cCwM,"R. TREZE DE MAIO, 768 - CENTRO, PIRACICABA - SP, 13400-300",Piracicaba,,SP,BR,13400-300,-22.7229003,-47.6477972,Movie theater,,,bigquery,
Cinemulti,Cinemulti,ChIJwcmiQoQ7J5URxbm62nqQ6EY,"Rodovia Dr. Antônio Luiz Moura Gonzaga, 3339 - Rio Tavares, Florianópolis - SC, 88048-301, Brazil",Florianópolis,,SC,BR,88048301,-27.6576771,-48.4856042,"movie_theater,point_of_interest,establishment",,,bigquery,"{""source"": ""supabase_places_cache_migration"", ""types"": [""movie_theater"", ""point_of_interest"", ""establishment""], ""rating"": null, ""refreshed_at"": ""2026-05-25T19:28:18.13+00:00""}"
Cineflix Center Shopping Rio,Cineflix Center Shopping Rio,ChIJwei9ZwDZmwAR7G52y0Cq8p8,"Av. Geremário Dantas - Tanque, Rio de Janeiro - RJ, 22740-010, Brazil",Rio de Janeiro,,RJ,BR,22740010,-22.925069,-43.361039,"movie_theater,point_of_interest,establishment",,,bigquery,"{""source"": ""supabase_places_cache_migration"", ""types"": [""movie_theater"", ""point_of_interest"", ""establishment""], ""rating"": null, ""refreshed_at"": ""2026-05-25T19:20:01.722+00:00""}"
"SIL - CINEMA, TELEVISION & COMUNICATION LTDA.","Sil - Cinema, Television & Comunication Ltda.",ChIJwxgxoCMCz5QRoQUsE9lVPBo,"AL. RIO NEGRO, 585 - ALPHAVILLE INDUSTRIAL, BARUERI - SP, 06454-000",Barueri,,SP,BR,06454-000,-23.5004973,-46.8486757,Movie theater,,,bigquery,
F1PONTO4,F1ponto4,ChIJwzCZzhFnv5QRkjXrOkaezDA,"R. JORGE PÍMENTEL, 11-114 - VILA ENGLER, BAURU - SP, 17047-010",Bauru,,SP,BR,17047-010,-22.3364661,-49.0466616,Movie theater,,,bigquery,
ESTUDIO CINEMATOGRAFICO DOUGLAS CINE,Estudio Cinematografico Douglas Cine,ChIJwzStSMr_zpQRLe-ROj9rLoI,"R. ODETE FABRI, 54 - VILA YARA, OSASCO - SP, 06028-130",Osasco,,SP,BR,06028-130,-23.5476184,-46.7667694,Movie theater,,,bigquery,
LÁ EM CIMA PRODUÇÕES,Lá Em Cima Produções,ChIJwzcr_hB_mQARS7Oyry7llMI,"R. DO AQUEDUTO, 163 - SANTA TERESA, RIO DE JANEIRO - RJ, 20241-280",Rio de Janeiro,,RJ,BR,20241-280,-22.9222015,-43.1876781,Movie theater,,,bigquery,
RESIDENCIAL BELLA CITTÀ,Residencial Bella Città,ChIJx--ht61BGZURAFTvIz-HeS8,"R. RUI RAMOS, 101 - A, CAMPO BOM - RS, 93700-000",Campo Bom,,RS,BR,93700-000,-29.6762119,-51.0578319,Movie theater,,,bigquery,
ODIN FILMS,Odin Films,ChIJx-HAA6m_yJQR6EWU6Khla84,"AV. FERDINANDO VIACAVA, 873 - JOÃO ARANHA, PAULÍNIA - SP, 13145-670",Paulínia,,SP,BR,13145-670,-22.734346,-47.183334,Movie theater,,,bigquery,
PARMITAL,Parmital,ChIJx3-LznoCuwARXtyJLxr-KRw,"R. DAS ROSEIRAS, 17 - MANHUAÇU, MG, 36900-000",Manhuaçu,,MG,BR,36900-000,-20.2652163,-42.0303643,Movie theater,,,bigquery,
CINEFLIX PARTAGE SHOPPING RIO GRANDE,Cineflix Partage Shopping Rio Grande,ChIJx48mBwqbEZURHzi3SdldsmM,"PARTAGE SHOPPING, AV. ENGENHEIRA LÚCIA MARIA BALBELA CHIESA, 2986 - LOJA 203 - PARQUE RES. SAO PEDRO, RIO GRANDE - RS, 96216-400",Rio Grande,,RS,BR,96216-400,-32.114458,-52.175559,Movie theater,,,bigquery,
UFRGS CINEMA,Ufrgs Cinema,ChIJx6DNzKt5GZURwOwqWGU9YCQ,"AV. PAULO GAMA, 110 - FARROUPILHA, PORTO ALEGRE - RS, 90040-060",Porto Alegre,,RS,BR,90040-060,-30.0337293,-51.2194761,Movie theater,,,bigquery,
PLANET CINEMAS,Planet Cinemas,ChIJx6a40paHmQARH-rWWz5XV8E,"PIRATININGA, ESTR. FRANCISCO DA CRUZ NUNES, 6501, NITERÓI - RJ, 24350-310",Niterói,,RJ,BR,24350-310,-22.9399511,-43.0562742,Movie theater,,,bigquery,
CINE ITAIPAVA,Cine Itaipava,ChIJx8ZD0hyrmQARH-W-rxtYEiA,"SHOPPING ESTAÇÃO, ESTR. UNIÃO E INDÚSTRIA, 11000 - ITAIPAVA, PETRÓPOLIS - RJ, 25730-745",Petrópolis,,RJ,BR,25730-745,-22.395511,-43.1331667,Movie theater,,,bigquery,
CINE LT3,Cine Lt3,ChIJx9nBFc1XzpQRMbyts_slncQ,"RUA APINAJÉS, 135A - PERDIZES, SÃO PAULO - SP, 05017-000",São Paulo,,SP,BR,05017-000,-23.5329512,-46.6766832,Movie theater,,,bigquery,
STAGE 14,Stage 14,ChIJxR9MIH7_zpQRbEFsIsXMHAE,"AV. PIRARUCU, 1630 - JARDIM SANTA CECILIA, BARUERI - SP, 02675-031",Barueri,,SP,BR,02675-031,-23.5163656,-46.8197729,Movie theater,,,bigquery,
Cinema&Cinema,Cinema&Cinema,ChIJxS45Yr-1w5QR6ABN0QIHgyo,"Sophia Dias - R. Carlos Menk, 453 - Vila Sao Joao, Itararé - SP, 18466-000, Brazil",Itararé,,SP,BR,18466000,-24.1194015,-49.3322484,"movie_theater,point_of_interest,establishment",,,bigquery,"{""source"": ""supabase_places_cache_migration"", ""types"": [""movie_theater"", ""point_of_interest"", ""establishment""], ""rating"": null, ""refreshed_at"": ""2026-05-25T19:19:10.286+00:00""}"
CINEMA DA TERR'A,Cinema Da Terr'a,ChIJxVo95JtjmQARr_XE-S433mk,"R. SÃO FERNANDO, 150 - CASCADURA, RIO DE JANEIRO - RJ, 21311-220",Rio de Janeiro,,RJ,BR,21311-220,-22.8903921,-43.3333464,Movie theater,,,bigquery,
CINEMAS SANTA ROSA,Cinemas Santa Rosa,ChIJxWeuPcB6mQAR8EqxumxUZjI,"AV. PRES. KENNEDY, 1557 - CENTRO, DUQUE DE CAXIAS - RJ, 25010-001",Duque de Caxias,,RJ,BR,25010-001,-22.7882335,-43.3108429,Movie theater,,,bigquery,
KIDS SPACE - CHILDREN'S PARTIES,Kids Space - Children's Parties,ChIJxWtg4Wm9ngARozEM3r3GXOo,"R. VIRGÍNIA - VOLTA GRANDE, VOLTA REDONDA - RJ, 27211-570",Volta Redonda,,RJ,BR,27211-570,-22.4849686,-44.082611,Movie theater,,,bigquery,
Cine Teatro Maria Auxiliadora,Cine Teatro Maria Auxiliadora,ChIJxZ3XujgJn5QRS9G-OmMYG4k,"Centro, Quirinópolis - GO, 75860-000",Quirinópolis,,GO,BR,75860000,-18.4430233,-50.453493,"movie_theater,point_of_interest,establishment",,,bigquery,"{""source"": ""supabase_places_cache_migration"", ""types"": [""movie_theater"", ""point_of_interest"", ""establishment""], ""rating"": null, ""refreshed_at"": ""2026-06-13T17:25:13.342+00:00""}"
CENTRO AFRO CARIOCA DE CINEMA,Centro Afro Carioca De Cinema,ChIJxaOZyXx_mQARWy9vnmZB2mM,"R. JOAQUIM SILVA, 40 - CENTRO, RIO DE JANEIRO - RJ, 20241-110",Rio de Janeiro,,RJ,BR,20241-110,-22.915999,-43.1782282,Community & Government,,,bigquery,
CINE GLOBO SANTA ROSA,Cine Globo Santa Rosa,ChIJxaQ1VLU1-ZQRnN0SXD-XN_A,"R. BUENOS AÍRES, 937 - CENTRO, SANTA ROSA - RS, 98780-735",Santa Rosa,,RS,BR,98780-735,-27.8690366,-54.4777415,Movie theater,,,bigquery,
LAPDCYV,Lapdcyv,ChIJxaSIKUurz5QR1TQunmqk41c,"R. MARIA DO ROSÁRIO, 1890 - PARQUE ALEXANDRE, COTIA - SP, 06714-280",Cotia,,SP,BR,06714-280,-23.5966548,-46.8756826,Movie theater,,,bigquery,
CINE CAJAMAR,Cine Cajamar,ChIJxaYZnH8dz5QRH7e8o4pgwgw,"JARDIM ADELAIDE, CAJAMAR - STATE OF SÃO PAULO",Cajamar,,SP,BR,,-23.4102035,-46.8587058,Movie theater,,,bigquery,
CINEMA MULTICINE - SALA 2,Cinema Multicine - Sala 2,ChIJxaYh8wHH6gcRTsv_RyA5bQg,"R. CAUBI VASCONCELOS - SINHÁ SABÓIA, SOBRAL - CE, 62050-255",Sobral,,CE,BR,62050-255,-3.6979624,-40.3484846,Movie theater,,,bigquery,
CIRANDAFILMES.NET,Cirandafilmes.net,ChIJxbSW_e9_mQARuy8EwTZovF4,"R. MARIA EUGÊNIA - HUMAITÁ, RIO DE JANEIRO - RJ, 22261-080",Rio de Janeiro,,RJ,BR,22261-080,-22.9560108,-43.2018075,Movie theater,,,bigquery,
MOVIE CINEMAS,Movie Cinemas,ChIJxbmi_vhXzpQR8SbtD8ZX5L4,"R. DONA GERMAINE BURCHARD, 440 - ÁGUA BRANCA, SÃO PAULO - SP, 05002-062",São Paulo,,SP,BR,05002-062,-23.5301728,-46.6727309,Movie theater,,,bigquery,
BRAVURA CINEMATOGRÁFICA,Bravura Cinematográfica,ChIJxci9eG1XzpQRZ7sMNpefqAA,"AV. BRIG. FARIA LIMA, 2391 - CJ 131 SALA 09 - JARDIM PAULISTANO, SÃO PAULO - SP, 01452-000",São Paulo,,SP,BR,01452-000,-23.577583,-46.68637,Movie theater,,,bigquery,
COMBOS & CINEMA,Combos & Cinema,ChIJxfekNT-dGZUR8n7rt_NUt1M,"R. SILVEIRA - CECÍLIA, VIAMÃO - RS, 94480-680",Viamão,,RS,BR,94480-680,-30.0776233,-51.1075983,Restaurant,,,bigquery,
CINE IRIS 1206,Cine Iris 1206,ChIJxwjICeJJxwcR5QmXe1iMhuo,"R. FLORIANO PEIXOTO, 1206 - CENTRO, FORTALEZA - CE, 60025-130",Fortaleza,,CE,BR,60025-130,-3.7328639,-38.5291099,Movie theater,,,bigquery,
CINE CLIPE,Cine Clipe,ChIJxyYBm7ebyJQRGlBeQPhmr7k,"AV. CARMINÉ FEOLA, 13 - VILA RIO BRANCO, AMERICANA - SP, 13471-790",Americana,,SP,BR,13471-790,-22.7319074,-47.3405377,Movie theater,,,bigquery,
CINEMA,Cinema,ChIJxzqdkA5lzpQRcLEM1SgCb3w,"VILA CRISTINA, FERRAZ DE VASCONCELOS - STATE OF SÃO PAULO",Ferraz de Vasconcelos,,SP,BR,,-23.564006,-46.3685552,Movie theater,,,bigquery,
CINE PIEDADE,Cine Piedade,ChIJy-8QJ2R-z5QR6QbfB-LGoXo,"R. NOVE DE JULHO, 106 - VILA SAO JOAO, PIEDADE - SP, 18170-000",Piedade,,SP,BR,18170-000,-23.7151122,-47.4163658,Movie theater,,,bigquery,
OFICINA DE IMAGENS CINEMA E TELEVISÃO,Oficina De Imagens Cinema E Televisão,ChIJy-zTX_Z4GZUR9jVg-KVBxzU,"R. VISC. DO HERVAL, 915 - MENINO DEUS, PORTO ALEGRE - RS, 90130-151",Porto Alegre,,RS,BR,90130-151,-30.0537834,-51.2194132,Mobility,,,bigquery,
REPÚBLICA OS DERRAMADOS,República Os Derramados,ChIJy1II7my5v5QR_-3UdgOB4uU,"R. PEDRO GIMENES - NOVA GARÇA, GARÇA - SP, 17400-000",Garça,,SP,BR,17400-000,-22.215653,-49.6695307,Movie theater,,,bigquery,
FLOR DO SERTÃO PRODUÇÕES,Flor Do Sertão Produções,ChIJy2bRlWF_mQARxv_1USbbGlg,"R. SANTO AMARO, 175 - SANTA TERESA, RIO DE JANEIRO - RJ, 22211-230",Rio de Janeiro,,RJ,BR,22211-230,-22.9228174,-43.1826324,Movie theater,,,bigquery,
ADULT THEATER & VIDEO ARCADE,Adult Theater & Video Arcade,ChIJy34rSFBYzpQRCqh6WAfszBU,"AV. IPIRANGA, 808 - REPÚBLICA, SÃO PAULO - SP, 01040-000",São Paulo,,SP,BR,01040-000,-23.5426911,-46.6402869,Movie theater,,,bigquery,
CINEMATOGRÁFICA ARAÚJO,Cinematográfica Araújo,ChIJy3M1oXffxpQRcJDrS9ijeZM,"R. JOÃO PASSOS, 702 - CENTRO, BOTUCATU - SP, 18600-040",Botucatu,,SP,BR,18600-040,-22.8879825,-48.4418078,Movie theater,,,bigquery,
Cine-Teatro Samuel Campelo,Cine-Teatro Samuel Campelo,ChIJy5lF3D0dqwcRJis1cstt9tM,"Praça Nossa Sra. do Rosário, 510 - Centro, Jaboatão dos Guararapes - PE, 54100-000",Jaboatão dos Guararapes,,PE,BR,54100000,-8.11232,-35.018398999999995,"movie_theater,point_of_interest,establishment",,,bigquery,"{""source"":""google_places_augment"",""types"":[""movie_theater"",""point_of_interest"",""establishment""],""rating"":null}"
CINEMAX,Cinemax,ChIJy68natt2ugAR8lmCVTmaDmg,"R. TIRADENTES, 2-12, IPANEMA - MG, 36950-000",Ipanema,,MG,BR,36950-000,-19.7948552,-41.7122184,Movie theater,,,bigquery,
CINEMA EDUARDO HIRTZ,Cinema Eduardo Hirtz,ChIJy7weWBB5GZURiWvBSUj-sho,"R. DOS ANDRADAS, 762 - CENTRO HISTÓRICO, PORTO ALEGRE - RS, 90030-150",Porto Alegre,,RS,BR,90030-150,-30.0312761,-51.2341496,Movie theater,,,bigquery,
CINE IVAIPORÃ,Cine Ivaiporã,ChIJyS6SzvMV7JQRFERgUN7Wh94,"AV. SOUZA NAVES, 1111 - CENTRO, IVAIPORÃ - PR, 86870-000",Ivaiporã,,PR,BR,86870-000,-24.2428474,-51.6712005,Movie theater,,,bigquery,
CINE RITZ,Cine Ritz,ChIJySp9Tk09pwARR2DvMjD1MoM,"R. RICARDO MARINHO, 650 - SÃO CRISTOVAO, PARÁ DE MINAS - MG, 35660-398",Pará de Minas,,MG,BR,35660-398,-19.8503886,-44.6105486,Movie theater,,,bigquery,
EMPRESA CINEMATOGRÁFICA SANTOS E MAGRI,Empresa Cinematográfica Santos E Magri,ChIJyStNllpYzpQRxc96z_l4TjY,"AV. VIEIRA DE CARVALHO, 192 - VILA BUARQUE, SÃO PAULO - SP, 01210-010",São Paulo,,SP,BR,01210-010,-23.5412173,-46.6441367,Movie theater,,,bigquery,
CINE ARAÚJO - AVENIDA CENTER,Cine Araújo - Avenida Center,ChIJyTLFctTQ7JQR26GXVPCaPuc,"AV. SÃO PAULO, 458 - CENTRO, MARINGÁ - PR, 87013-040",Maringá,,PR,BR,87013-040,-23.418852,-51.9327492,Movie theater,,,bigquery,
CINEPLUS EMACITE MAFRA,Cineplus Emacite Mafra,ChIJyV2k7hqT3ZQRgEOiaFo7L04,"R. VITORINO BACELAR, 22 - CENTRO I BAIXADA, MAFRA - SC, 89300-000",Mafra,,SC,BR,89300-000,-26.1105984,-49.8051847,Movie theater,,,bigquery,
SPCINE JAMBEIRO,Spcine Jambeiro,ChIJyWDg6FxlzpQRKp2r15gGSCE,"AV. JOSÉ PINHEIRO BORGES, 60 - GUAIANASES, SÃO PAULO - SP, 08420-092",São Paulo,,SP,BR,08420-092,-23.5390976,-46.4228459,Movie theater,,,bigquery,
WM AUDIO E PRODUCAO PARA CINEMA,Wm Audio E Producao Para Cinema,ChIJyX9pPWQHz5QRgBoYByo-0W0,"R. PROF. JOSÉ BARRETO, 1426 - PORTAO, COTIA - SP, 06717-140",Cotia,,SP,BR,06717-140,-23.6032524,-46.9215137,Movie theater,,,bigquery,
CINE ARAÚJO - CATUAÍ,Cine Araújo - Catuaí,ChIJyXpFWfvW7JQRgsIRkOBOXrY,"AV. COLOMBO, 9161 - LOJA 52 - PARQUE INDUSTRIAL BANDEIRANTES, MARINGÁ - PR, 87070-000",Maringá,,PR,BR,87070-000,-23.4201719,-51.9695485,Movie theater,,,bigquery,
CINEART,Cineart,ChIJyY7bbKohogARSFLhkxJjGuk,"AV. HELENA AGUIAR DE FIGUEIREDO, 131 - LOJA 3 - IPANEMA, BARBACENA - MG, 36205-507",Barbacena,,MG,BR,36205-507,-21.2213531,-43.7413422,Movie theater,,,bigquery,
CINE ZN,Cine Zn,ChIJyZRBDVkbzpQR-UkgE92WDms,"AV. AFONSO SCHMIDT - AREIA BRANCA, SANTOS - SP",São Vicente,,SP,BR,,-23.9488275,-46.3750063,Movie theater,,,bigquery,
CINEMA,Cinema,ChIJy_0Qe2S86pQRdmdIepHO0-w,"R. SÃO PAULO, 503-625 - ANDIRÁ, PR, 86380-000",Andirá,,PR,BR,86380-000,-23.0492886,-50.2301285,Movie theater,,,bigquery,
V S CINEMA E VIDEO,V S Cinema E Video,ChIJyaqBxtE_tpQR4Rd1x8f36Co,"AV. DR. AMÉRICO LUZ, 365 - CENTRO, MUZAMBINHO - MG, 37890-000",Muzambinho,,MG,BR,37890-000,-21.3734874,-46.5249713,Movie theater,,,bigquery,
Cine Center Santo André,Cine Center Santo André,ChIJyen073dDzpQRBru_liAUqJI,"R. Gen. Glicério, n⁰ 707 - Centro, Santo André - SP, 09015-191, Brazil",Santo André,,SP,BR,09015191,-23.657415,-46.5229563,"movie_theater,point_of_interest,establishment",,,bigquery,"{""source"": ""supabase_places_cache_migration"", ""types"": [""movie_theater"", ""point_of_interest"", ""establishment""], ""rating"": null, ""refreshed_at"": ""2026-05-25T19:18:08.698+00:00""}"
ALGAZARRA PRODUÇÃO,Algazarra Produção,ChIJyybi2ldXzpQRpByoo4Z62b0,"R. JOÃO MOURA, 942 - PINHEIROS, SÃO PAULO - SP, 05412-002",São Paulo,,SP,BR,05412-002,-23.5574027,-46.6794911,Movie theater,,,bigquery,
24 HORAS CINEMA E EVENT COM E PREST SERV,24 Horas Cinema E Event Com E Prest Serv,ChIJz2he4AkDz5QRQvFunDHbXDY,"R. DUQUE DE CAXIAS, 177 - VILA SRG. JOSE DE PAULA, BARUERI - SP, 06401-010",Barueri,,SP,BR,06401-010,-23.5101645,-46.873722,Movie theater,,,bigquery,
Cinema UFPE,Cinema UFPE,ChIJz4fTE_MbqwcR8XL8D7_gpPU,"Cidade Universitária, Recife - PE, 50740-540",Recife,,PE,BR,50740540,-8.0526331,-34.9505102,"movie_theater,point_of_interest,establishment",,,bigquery,"{""source"":""google_places_augment"",""types"":[""movie_theater"",""point_of_interest"",""establishment""],""rating"":null}"
CINE QUINZE CINEMAS,Cine Quinze Cinemas,ChIJz66g0xPU85QRK-uwdgVqwtA,"R. RIO GRANDE DO SUL, 1079 - CENTRO, CASCAVEL - PR, 85801-010",Cascavel,,PR,BR,85801-010,-24.9566813,-53.460382,Movie theater,,,bigquery,
ARVORE DO REGG,Arvore Do Regg,ChIJz7LfyeO-yJQRIH4K4aiDHvE,"AV. UM, 350 - JARDIM MINEZOTTA (NOVA VENEZA), SUMARÉ - SP, 13179-060",Sumaré,,SP,BR,13179-060,-22.8277805,-47.1780266,Movie theater,,,bigquery,
CHÁCARA MENINA JULIA,Chácara Menina Julia,ChIJz7pY9haXzpQR-HofG23XWQ0,"AV. MATHIAS LOPES, 700, NAZARÉ PAULISTA - SP, 12960-000",Nazaré Paulista,,SP,BR,12960-000,-23.1764367,-46.4093967,Movie theater,,,bigquery,
ALAGO TCHÊ,Alago Tchê,ChIJz8PuLtjj4pQRGEVGKzO3GMs,"R. HEITOR BORGHETTI - SANTO ANTÔNIO, ESTAÇÃO - RS, 99930-000",Estação,,RS,BR,99930-000,-27.9150735,-52.2536685,Movie theater,,,bigquery,
CINEASTA INDIE BENZIN TV,Cineasta Indie Benzin Tv,ChIJz8fPm9ZRzpQRSMAUE6ynodw,"R. EDMUNDO PIRES DE OLIVEIRA DIAS, 44 - ALTO DA BOA VISTA, SÃO PAULO - SP, 04736-050",São Paulo,,SP,BR,04736-050,-23.6348597,-46.6909351,Movie theater,,,bigquery,
CASA DA CULTURA JOÃO E CRISTINA VIEIRA DE SOUZA,Casa Da Cultura João E Cristina Vieira De Souza,ChIJz9mtNnsTlpQR9jXXLcCPrbA,"RUA JOÃO VARONI, Nº 5, COROADOS - SP, 16260-000",Coroados,,SP,BR,16260-000,-21.3449338,-50.2713615,Movie theater,,,bigquery,
SUÍTE DO GARCIA,Suíte Do Garcia,ChIJzTLSWHCdmAARdOokXO2Vvm4,"R. DR. ANTÔNIO DE SOUZA FERREIRA, 301 - PROGRESSO, JUIZ DE FORA - MG, 36050-370",Juiz de Fora,,MG,BR,36050-370,-21.728852,-43.348531,Movie theater,,,bigquery,
BRAZILIAN GROUP OF CINEMAS,Brazilian Group Of Cinemas,ChIJzUZabBB5GZURIZnsy-TcvhI,"R. GEN. JOÃO MANOEL, 307 - CENTRO HISTÓRICO, PORTO ALEGRE - RS, 90010-030",Porto Alegre,,RS,BR,90010-030,-30.0320957,-51.2332606,Movie theater,,,bigquery,
CINE SHOW,Cine Show,ChIJzUctnZSKlwAR3gyQbkb0ryI,"PRAÇA PRES. GETÚLIO VARGAS, 139 - 3º PISO - CENTRO, NOVA FRIBURGO - RJ, 28610-175",Nova Friburgo,,RJ,BR,28610-175,-22.2800632,-42.5331823,Movie theater,,,bigquery,
CINETEATRO PRODUÇÕES,Cineteatro Produções,ChIJzVG_zHx_mQARDmvyjFMXk6I,"EDIFÍCIO NORTE SUL - R. DA LAPA, 120 - SALA 205 - CENTRO, RIO DE JANEIRO - RJ, 20021-180",Rio de Janeiro,,RJ,BR,20021-180,-22.9158107,-43.1779481,Movie theater,,,bigquery,
DANIEL MESSIAS CINEMA ANIMAÇÃO,Daniel Messias Cinema Animação,ChIJzWGBfRhYzpQRaUoy8HzltXE,"RUA TUPI, 821 - SANTA CECILIA, SÃO PAULO - SP, 01233-001",São Paulo,,SP,BR,01233-001,-23.5387096,-46.6631535,Movie theater,,,bigquery,
CINECLUBE 7 ARTE,Cineclube 7 Arte,ChIJzWtWUIxVv5QRBT9R_swbJsc,"AV. TIRADENTES, 42 - CHACARA SANTO ANTONIO, PEDERNEIRAS - SP, 17280-000",Pederneiras,,SP,BR,17280-000,-22.3526647,-48.7761629,Movie theater,,,bigquery,
CINE SAO PAULO,Cine Sao Paulo,ChIJzYtALpRnx5QRhwHxYLX5css,"AV. DOM PEDRO, 320 - DOIS CÓRREGOS, SP, 17300-000",Dois Córregos,,SP,BR,17300-000,-22.3684288,-48.3815813,Movie theater,,,bigquery,
Planet Cinemas,Planet Cinemas,ChIJzZXqvMeLqQcRM0lMwKrdnlo,"Av. Agamenon Magalhães, 444 - Maurício de Nassau, Caruaru - PE, 55012-290",Caruaru,,PE,BR,55012290,-8.2780191,-35.9720863,"movie_theater,point_of_interest,establishment",,,bigquery,"{""source"":""google_places_augment"",""types"":[""movie_theater"",""point_of_interest"",""establishment""],""rating"":null}"
NARCISO PRODUÇÕES,Narciso Produções,ChIJzZiNd9Z_mQARnEoGEWEgfxM,"R. MIN. RAUL FERNANDES - BOTAFOGO, RIO DE JANEIRO - RJ, 22260-040",Rio de Janeiro,,RJ,BR,22260-040,-22.9459902,-43.1881847,Movie theater,,,bigquery,
UNIPLEX CINEMAS (PIRASSUNUNGA),Uniplex Cinemas (Pirassununga),ChIJzaXxdrcAyJQR1_QWlX51c7Y,"AV. PAINGUÁS, 1646 - VILA URUPES, PIRASSUNUNGA - SP, 13630-272",Pirassununga,,SP,BR,13630-272,-22.0057124,-47.4321292,Movie theater,,,bigquery,
JOHN IPTV,John Iptv,ChIJzdVnLzGfoQARYqO_INPZv0U,"RUA AUGUSTO FERREIRA BUZATTI, N48 - CENTRO, LAGOA DOURADA - MG, 36345-000",Lagoa Dourada,,MG,BR,36345-000,-20.921459,-44.0692559,Movie theater,,,bigquery,
CINE CRUZEIRO,Cine Cruzeiro,ChIJze49hCr0nQARqBBvvLHog9o,"R. CAP. AVELINO BASTOS, 837 - CENTRO, CRUZEIRO - SP, 12701-440",Cruzeiro,,SP,BR,12701-440,-22.574789,-44.9607465,Movie theater,,,bigquery,
CENTERPLEX BOULEVARD VITÓRIA DA CONQUISTA,Centerplex Boulevard Vitória Da Conquista,ChIJzeddxGQ7RgcRsGavPK0oMUA,"AV. OLÍVIA FLORES, 2500 - UNIVERSIDADE, VITÓRIA DA CONQUISTA - BA, 45031-000",Vitória da Conquista,,BA,BR,45031-000,-14.8777354,-40.818465,Movie theater,,,bigquery,
FOTOENIO-MARCIO,Fotoenio-Marcio,ChIJzw0a0SNFGZUR3fvF0ndwqdc,"R. GEN. OSÓRIO - VISTA ALEGRE, IVOTI - RS, 93900-000",Ivoti,,RS,BR,93900-000,-29.620728,-51.1616051,Movie theater,,,bigquery,
TV KAUANA PRODUCOES ... DIVULGA SOM CARRO SOM,Tv Kauana Producoes ... Divulga Som Carro Som,ChIJzwLf3sJ1GZURJGuuB6VXEdc,"AV. PRES. GETÚLIO VARGAS, 975 - BELA VISTA, ALVORADA - RS, 94810-000",Alvorada,,RS,BR,94810-000,-30.0080257,-51.084323499999996,Movie theater,,,bigquery,
CINE BOM VIZINHO ACARAÚ,Cine Bom Vizinho Acaraú,ChIJzxZqmpMD6gcRs49iDh-5Cs8,"R. CEL. SALES, 175 - CENTRO, ACARAÚ - CE, 62580-000",Acaraú,,CE,BR,62580-000,-2.8838091,-40.1205552,Movie theater,,,bigquery,
CINEMAS LUMIÈRE,Cinemas Lumière,ChIJzxdNJGBD65QR9CDN0mAGnT0,"R. MATO GROSSO, 310 - 4O ANDAR - CENTRO, LONDRINA - PR, 86010-180",Londrina,,PR,BR,86010-180,-23.311368,-51.156748,Movie theater,,,bigquery,
CINE TEATRO AREADENSE,Cine Teatro Areadense,ChIJzzSXnUbjtZQRwqTeofquSYs,"AREADO - STATE OF MINAS GERAIS, 37140-000",Areado,,MG,BR,37140-000,-21.3585784,-46.1470343,Movie theater,,,bigquery,
CINEMA,Cinema,HYPR04ADD6E0,AV. RIO NEGRO 1100 - JD. ROSELÂNDIA,Franca,,SP,BR,,-20.5477896,-47.4167225,,,,bigquery,
CINEMARK,Cinemark,HYPR0552ABE0,STN CONJUNTO J SN - ASA NORTE,Brasília,,DF,BR,,-15.7342446,-47.9014077,,,,bigquery,
CINEMA CINESYSTEM,Cinema Cinesystem,HYPR062A80F2,RUA SAMUEL HEUSI 234 - CENTRO,Itajaí,,SC,BR,,-26.9036158,-48.6603901,,,,bigquery,
CINEMARK,Cinemark,HYPR071416B6,RODOVIA BR 10 KM295 S/N - TRÊS PONTES,Itaboraí,,RJ,BR,,-22.772283,-42.9269277,,,,bigquery,
CINEMARK,Cinemark,HYPR07390E62,AV. FARROUPILHA 4545 - MARECHAL RONDON,Canoas,,RS,BR,,-29.9179803,-51.1656876,,,,bigquery,
ESPACO DE CINEMA BOURBON COUNTRY,Espaco De Cinema Bourbon Country,HYPR0A808772,AV. ASSIS BRASIL 164 - SÃO JOÃO,Porto Alegre,,RS,BR,,-30.0063911,-51.1843574,,,,bigquery,
CINEMARK,Cinemark,HYPR1699811B,RUA HUMBERTO PIZZO 999 - JARDIM PETROPOLIS,Varginha,,MG,BR,,-21.5712894,-45.4475444,,,,bigquery,
CINEMA CINE ARAÚJO,Cinema Cine Araújo,HYPR2434E4AC,AV. REGENTE FEIJÓ 1739 - REGENTE FEIJÓ,Regente Feijó,,SP,BR,,-22.2188934,-51.3064462,,,,bigquery,
CINEMA,Cinema,HYPR333B9E62,AV. AZIZ MARON S/N - GÓES CALMON,Itabuna,,BA,BR,,-14.7945234,-39.2739381,,,,bigquery,
CINEMARK,Cinemark,HYPR3D21414A,107 NORTE AV. JK COM NS 05 SN - PLANO DIRETOR NORTE,Palmas,,TO,BR,,-10.1794263,-48.3471966,,,,bigquery,
CINEMARK,Cinemark,HYPR41C276AF,RUA SÃO JOSÉ 933 - HIGIENÓPOLIS,Ribeirão Preto,,SP,BR,,-21.1694018,-47.8110855,,,,bigquery,
CINEMARK,Cinemark,HYPR463D6DA8,RUA PROF FRANCISCO MORATO 2718 - BUTANTÃ,São Paulo,,SP,BR,,-23.5846118,-46.7251668,,,,bigquery,
CINEMARK,Cinemark,HYPR52E69F9C,AV. DR QUINZINHO 511 - CHACARA PECCIOLI,Jaú,,SP,BR,,-22.2969415,-48.545925,,,,bigquery,
CINEMARK,Cinemark,HYPR56FE9EEF,AV. DR. AFONSO VERGUEIRO 1700/1766 - CENTRO,Sorocaba,,SP,BR,,-23.4970985,-47.4668814,,,,bigquery,
CINEMA KINOPLEX,Cinema Kinoplex,HYPR58657BC8,AV. DR. SILVIO BASTOS TAVARES 330 - PARQUE RODOVIÁRIO,Campos dos Goytacazes,,RJ,BR,,-21.7551144,-41.3486486,,,,bigquery,
CINEMAUCI,Cinemauci,HYPR589D2810,AV JOSÉ MUNIA 4775 - JARDIM REDENTOR,São José do Rio Preto,,SP,BR,,-20.8267168,-49.3864191,,,,bigquery,
CINEMA LUMIERE,Cinema Lumiere,HYPR5A692AA7,AV. REPÚBLICA DO LÍBANO 251 - PINA,Recife,,PE,BR,,-8.0855433,-34.8898077,,,,bigquery,
CINEMARK,Cinemark,HYPR5ADBE2EE,AV. BARRETO DE MENEZES 800 - PIEDADE,Jaboatão dos Guararapes,,PE,BR,,-8.1570409,-34.9343306,,,,bigquery,
CINEMARK,Cinemark,HYPR5AE91955,AV. 9 DE JULHO 3333 - ANHANGABAÚ,Jundiaí,,SP,BR,,-23.2001492,-46.8906815,,,,bigquery,
CINEMARK,Cinemark,HYPR5AF48567,RUA BOCAIUVA 2648 - CENTRO,Florianópolis,,SC,BR,,-27.5845278,-48.5446062,,,,bigquery,
CINEMA CINESERCLA,Cinema Cinesercla,HYPR5BF80E39,PRAIA DE BOTAFOGO 400 - BOTAFOGO,Rio de Janeiro,,RJ,BR,,-22.947461,-43.1834672,,,,bigquery,
CINEMA KINOPLEX,Cinema Kinoplex,HYPR5E24EC62,ESTRADA DE JACAREPAGUÁ 6090 - JACAREPAGUA,Rio de Janeiro,,RJ,BR,,-22.9555862,-43.3368795,,,,bigquery,
CINEMARK PRIME,Cinemark Prime,HYPR67267FEF,AV. ME. BENVENUTA 687 - SANTA MONICA,Florianópolis,,SC,BR,,-27.5905221,-48.5148694,,,,bigquery,
CINEMARK,Cinemark,HYPR76B6AC40,RUA OLAVO BARRETO VIANA 36 - MOINHOS DE VENTO,Porto Alegre,,RS,BR,,-30.02331,-51.2011118,,,,bigquery,
CINEMA CINE ARAÚJO,Cinema Cine Araújo,HYPR7873942D,AVENIDA MARCELINO PIRES 3600 - CABECEIRA ALEGRE,Dourados,,MS,BR,,-22.2265335,-54.7937397,,,,bigquery,
CINEMARK,Cinemark,HYPR830115AF,AVENIDA DOUTOR JOÃO MEDEIROS FILHO 2395 - POTENGI,Natal,,RN,BR,,-5.7580385,-35.2472652,,,,bigquery,
UCI CINEMA,Uci Cinema,HYPR876912B3,RUA CONSELHEIRO MOREIRA DE BARROS 2780 - SANTANA,São Paulo,,SP,BR,,-23.4829331,-46.6452617,,,,bigquery,
CINEMARK,Cinemark,HYPR889625D5,AV. JOHN BOYD DUNLOP 3900 - JARDIM IPAUSSURAMA,Campinas,,SP,BR,,-22.9254442,-47.1272285,,,,bigquery,
CINEMAIS,Cinemais,HYPR8CE1C551,ROD. ALKINDAR JUNQUEIRA MONTEIRO KM 53 1013 - CAMPO NOVO,Bragança Paulista,,SP,BR,,-22.9700437,-46.5673316,,,,bigquery,
CINEMARK,Cinemark,HYPR93B4819C,RUA ITACOLOMI 292 - PORTÃO,Curitiba,,PR,BR,,-25.4785118,-49.2946002,,,,bigquery,
CINEMARK BILHETERIA,Cinemark Bilheteria,HYPR94AE0BAE,ESTR. RODRIGUES CALDAS 127 - TAQUARA,Rio de Janeiro,,RJ,BR,,-22.9232439,-43.3755032,,,,bigquery,
CINEMARK,Cinemark,HYPR95620351,AV. DONATO QUINTINO 90 - CIDADE NOVA,Montes Claros,,MG,BR,,-16.7417385,-43.8710608,,,,bigquery,
CINEMARK,Cinemark,HYPR99F9CCC6,AV. REPÚBLICA DO LÍBANO 251 - PINA,Recife,,PE,BR,,-8.0855433,-34.8898077,,,,bigquery,
CINEMARK,Cinemark,HYPR9CDA367A,AV IPIRANGA 5200 - JARDIM BOTÂNICO,Porto Alegre,,RS,BR,,-30.0550755,-51.1868768,,,,bigquery,
CINEMARK,Cinemark,HYPR9FD4FF5D,RODOVIA DOM PEDRO I KM 1315 - JARDIM NILÓPOLIS,Campinas,,SP,BR,,-22.86426,-47.0234558,,,,bigquery,
CINEMARK,Cinemark,HYPRA1A006D2,AV. RUBENS DE MENDONÇA 3300 - JARDIM ACLIMAÇÃO,Cuiabá,,MT,BR,,-15.5764394,-56.0720408,,,,bigquery,
CINEMARK,Cinemark,HYPRA67618E7,RUA PALESTRA ITÁLIA 500 - PERDIZES,São Paulo,,SP,BR,,-23.5262803,-46.6810843,,,,bigquery,
CINEMARK,Cinemark,HYPRA7CA5E2A,AV. AYRTON SENNA 5500 - BARRA DA TIJUCA,Rio de Janeiro,,RJ,BR,,-22.9827977,-43.3654288,,,,bigquery,
CINEMARK,Cinemark,HYPRA96BB8EF,AV. LEÃO MACHADO 100 - PQ. CONTINENTAL,São Paulo,,SP,BR,,-23.5474428,-46.7570686,,,,bigquery,
CINEMA MOVIECOM,Cinema Moviecom,HYPRABE96B2E,RUA KONRAD ADENAUER 370 - TARUMÃ,Curitiba,,PR,BR,,-25.429149,-49.2142792,,,,bigquery,
CINEMARK,Cinemark,HYPRAM339529Z,R. ALEXANDRE MARTINS 80 - APARECIDA,Santos,,SP,BR,,-23.9765848,-46.3101645,,,,bigquery,
CINEMARK,Cinemark,HYPRAU184435C,AV PAULISTA 1230 - BELA VISTA,São Paulo,,SP,BR,,-23.5636226,-46.6531272,,,,bigquery,
CINEMARK - CARRINHO DE PIPOCA,Cinemark - Carrinho De Pipoca,HYPRAY696308V,AV. ARICANDUVA 5555 - JD. ARICANDUVA,São Paulo,,SP,BR,,-23.5595991,-46.5124837,,,,bigquery,
CINEMARK,Cinemark,HYPRB2478C5A,ROD PE 60 3200 - CIDADE GARAPU,Cabo de Santo Agostinho,,PE,BR,,-8.3057744,-35.0221654,,,,bigquery,
UCI CINEMA,Uci Cinema,HYPRB7582861,AVENIDA WASHINGTON SOARES 85 - EDSON QUEIROZ,Fortaleza,,CE,BR,,-3.7549918,-38.4880049,,,,bigquery,
CINEMARK,Cinemark,HYPRBF16D0B7,AV. AYRTON SENNA 2150 - BARRA DA TIJUCA,Rio de Janeiro,,RJ,BR,,-22.9924604,-43.3644917,,,,bigquery,
CINEMARK,Cinemark,HYPRBI383122T,AV. MOGI MIRIM 210 - CENTRO,Mogi Guaçu,,SP,BR,,-22.3759811,-46.9433946,,,,bigquery,
CINEMARK - BOMBONIERE,Cinemark - Bomboniere,HYPRBN935973B,ROD. RAPOSO TAVARES KM 23.5 - LAGEADINHO,Cotia,,SP,BR,,-23.5917792,-46.8327765,,,,bigquery,
CINEMA MULTIPEX CINE ARAÚJO,Cinema Multipex Cine Araújo,HYPRBX998330Q,RUA HENRIQUE SAVI 55 - VILA NOVA CIDADE UNIVERSITÁRIA,Bauru,,SP,BR,,-22.333694,-49.056318,,,,bigquery,
CINEMARK,Cinemark,HYPRC3C64963,AV. GRÉCIA 2611 - PASSO D'AREIA,Porto Alegre,,RS,BR,,-30.0130858,-51.1596598,,,,bigquery,
CINEMA STADIUM,Cinema Stadium,HYPRCA162440R,AV. GOVERNADOR MARIO COVAS JUNIOR 1,Mauá,,SP,BR,,-23.6653794,-46.4603927,,,,bigquery,
CINEMA,Cinema,HYPRCCBCB42D,AV ALEXANDRE FERRONATO 800 - SETOR INDUSTRIAL,Sinop,,MT,BR,,-11.8618467,-55.4881708,,,,bigquery,
CINEMARK,Cinemark,HYPRCDF7CCC2,AV. DEPUTADO BENEDITO MATARAZZO 9403 - JARDIM OSWALDO CRUZ,São José dos Campos,,SP,BR,,-23.2001033,-45.8813902,,,,bigquery,
KINOPLEX CINEMA,Kinoplex Cinema,HYPRCF46E071,AV ALMIRANTE SILVIO DE NORONHA 365 - CENTRO,,,,BR,,-22.9149716,-43.1664268,,,,bigquery,
CINEMARK,Cinemark,HYPRCO850827L,AV. AFONSO PENA 4909 - BAIRRO SANTA FÉ,Campo Grande,,MS,BR,,-20.4576625,-54.5879072,,,,bigquery,
CINEMARK,Cinemark,HYPRD0D63285,AV. JOÃO ALENCAR 2181 - CAUAMÉ,Boa Vista,,RR,BR,,2.8458987,-60.7069815,,,,bigquery,
CINEMA,Cinema,HYPRD2E392A8,AV. PRESIDENTE VARGAS 1610 - SÃO CRISTÓVÃO,Passo Fundo,,RS,BR,,-28.2710284,-52.3854589,,,,bigquery,
CINEMARK,Cinemark,HYPRD3BF7BB4,AV. BRASIL 22155 - GUADALUPE,Rio de Janeiro,,RJ,BR,,-22.8376493,-43.3647858,,,,bigquery,
CINEMARK,Cinemark,HYPRD5504501,AV. DAS AMÉRICAS 4666 - BARRA DA TIJUCA,Rio de Janeiro,,RJ,BR,,-22.9981429,-43.3577971,,,,bigquery,
CINEMARK DIAMONDMALL,Cinemark Diamondmall,HYPRD8D2CBDE,ROD BR 101 KM 211 S/N - DISTRITO INDUSTRIAL,São José,,SC,BR,,-27.6141079,-48.6444095,,,,bigquery,
CINEMARK,Cinemark,HYPRD983D058,RODOVIA JOSÉ CARLOS DAUX (SC 401) 3116 - SACO GRANDE,Florianópolis,,SC,BR,,-27.5539395,-48.4985287,,,,bigquery,
CINEMARK,Cinemark,HYPRDBF11E31,AVENIDA DAS AMÉRICAS 15500 - RECREIO DOS BANDEIRANTES,Rio de Janeiro,,RJ,BR,,-23.0113271,-43.5321064,,,,bigquery,
CINEMARK,Cinemark,HYPRDE1BBF7D,AV. DO BATEL 1868 - BATEL,Curitiba,,PR,BR,,-25.4430439,-49.2908478,,,,bigquery,
CINEMARK BRASIL,Cinemark Brasil,HYPRDF5E1B17,AVENIDA OLEGÁRIO MACIEL 1600 - LOURDES,Belo Horizonte,,MG,BR,,-19.9279851,-43.9474041,,,,bigquery,
CINEMARK,Cinemark,HYPRDS657197M,AV. KENNEDY 700 - JARDIM DO MAR,São Bernardo do Campo,,SP,BR,,-23.6835214,-46.5573444,,,,bigquery,
MOVIEMAX CINEMA,Moviemax Cinema,HYPRDY393857J,RUA MANOEL HONORATO DA COSTA 555 - VILA DA FÁBRICA,Camaragibe,,PE,BR,,-8.0150538,-34.977946,,,,bigquery,
CINEMA CINEX,Cinema Cinex,HYPRE3361BDD,AV. REGENTE FEIJÓ 1739 - REGENTE FEIJÓ,Regente Feijó,,SP,BR,,-22.2188934,-51.3064462,,,,bigquery,
CINEMAIS,Cinemais,HYPREB14BF16,RUA PROFESSOR ALFREDO GONÇALVES FILGUEIRAS 100 - CENTRO,Rio de Janeiro,,RJ,BR,,-22.8491206,-43.4771852,,,,bigquery,
CINEMARK,Cinemark,HYPRED2B5800,AV. RIO NEGRO 1100 - JD. ROSELÂNDIA,Franca,,SP,BR,,-20.5477896,-47.4167225,,,,bigquery,
CINEMARK,Cinemark,HYPREE993159R,RUA DOMINGOS AGOSTIN 91 - TATUAPÉ,São Paulo,,SP,BR,,-23.5421365,-46.5765874,,,,bigquery,
CINEMARK ARICANDUVA,Cinemark Aricanduva,HYPREK116584S,AV. ARICANDUVA 5555 - JD. ARICANDUVA,São Paulo,,SP,BR,,-23.5595991,-46.5124837,,,,bigquery,
CINEMARK PRIME,Cinemark Prime,HYPRF1A9152C,ROD PE 60 3200 - CIDADE GARAPU,Cabo de Santo Agostinho,,PE,BR,,-8.3057744,-35.0221654,,,,bigquery,
CINEMAIS,Cinemais,HYPRF7282B7E,RUA JUNQUEIRA AYRES 8 - BARRIS,Salvador,,BA,BR,,-12.9834275,-38.5142638,,,,bigquery,
CINEMARK,Cinemark,HYPRF768ADCF,RUA TULIO DE ROSE 100 - PASSO D'AREIA,Porto Alegre,,RS,BR,,-30.022008,-51.1622204,,,,bigquery,
CINEMARK,Cinemark,HYPRF9D2435D,RUA JACY TEIXEIRA DE CAMARGO 940 - JARDIM DO LAGO,Campinas,,SP,BR,,-22.9328685,-47.0769293,,,,bigquery,
CINEMARK,Cinemark,HYPRFA21F4A4,RODOVIA BR 356 3049 - BELVEDERE,Belo Horizonte,,MG,BR,,-19.9891697,-43.9556316,,,,bigquery,
CINEMA KINOPLEX,Cinema Kinoplex,HYPRFB1A33D0,RODOVIA DOS TRABALHADORES S/N - PARQUE VERDE,Belém,,PA,BR,,-1.3690683,-48.43882,,,,bigquery,
CINEMARK,Cinemark,HYPRFM468918K,AVENIDA DOS AUTONOMISTAS 1400 - VILA YARA,Osasco,,SP,BR,,-23.5414394,-46.7660126,,,,bigquery,
CINEMAIS,Cinemais,HYPRGI933106N,AV. BRASIL 505 - CENTRO,Anápolis,,GO,BR,,-16.3286545,-48.9534253,,,,bigquery,
CINEMARK,Cinemark,HYPRHA622020Y,SCES TRECHO 2 CJ 32 32 - ASA SUL,Brasília,,DF,BR,,-15.8166178,-47.8453539,,,,bigquery,
CINEMARK,Cinemark,HYPRHB224812T,RUA DOMINGOS DE MORAIS 2564 - VILA MARIANA,São Paulo,,SP,BR,,-23.5995524,-46.6368048,,,,bigquery,
CINEMA PLAYARTE,Cinema Playarte,HYPRHD618261F,AV. IBIRAPUERA 3103 - MOEMA,São Paulo,,SP,BR,,-23.6101775,-46.6673909,,,,bigquery,
CINEMARK,Cinemark,HYPRHH737890G,AVENIDA PRESIDENTE KENNEDY 1500 - RIBERANIA,Ribeirão Preto,,SP,BR,,-21.20916,-47.7697679,,,,bigquery,
CINEMA PREMIUM,Cinema Premium,HYPRIG424832F,ESTRADA DO CAMPO LIMPO 459 - VILA PREL,São Paulo,,SP,BR,,-23.6495485,-46.7573709,,,,bigquery,
CINEMAS UNIPLEX,Cinemas Uniplex,HYPRIN199012T,AV. GABRIEL ZANETTE 1455 - PRÓSPERA,Criciúma,,SC,BR,,-28.6819983,-49.3492934,,,,bigquery,
CINEMAIS,Cinemais,HYPRIS928086U,R. JOCELIM GOMES PÍRES 2300 - NOSSA SENHORA DE FÁTIMA,Catalão,,GO,BR,,-18.17299,-47.92784,,,,bigquery,
CINEMA VIP,Cinema Vip,HYPRJK578105G,AV. GOVERNADOR MARIO COVAS JUNIOR 1,Mauá,,SP,BR,,-23.6653794,-46.4603927,,,,bigquery,
CINEMARK INTERLAR ARICANDUVA,Cinemark Interlar Aricanduva,HYPRJL315747B,AV. ARICANDUVA 5555 - JD. ARICANDUVA,São Paulo,,SP,BR,,-23.5595991,-46.5124837,,,,bigquery,
CINEMARK,Cinemark,HYPRJY436001P,AV. PIRACEMA 669 - TAMBORÉ,Barueri,,SP,BR,,-23.5046601,-46.832717,,,,bigquery,
CINEMAIS,Cinemais,HYPRKI718703Q,AV. ANHANGUERA 14404 - CAPUAVA,Goiânia,,GO,BR,,-16.6560417,-49.3295004,,,,bigquery,
CINEMARK,Cinemark,HYPRKI989731V,AV. VICENTE DE CARVALHO 909 - VILA DA PENHA,Rio de Janeiro,,RJ,BR,,-22.8504383,-43.3099638,,,,bigquery,
CINEMA MULTIPLEX,Cinema Multiplex,HYPRKR233279N,ESTRADA DO CAMPO LIMPO 459 - VILA PREL,São Paulo,,SP,BR,,-23.6495485,-46.7573709,,,,bigquery,
CINEMARK,Cinemark,HYPRLL697885G,RUA XV DE NOVEMBRO 8 - CENTRO,Nova Iguaçu,,RJ,BR,,-22.746108,-43.4298489,,,,bigquery,
CINEMARK,Cinemark,HYPRMN401021S,AV. HIGIENÓPOLIS 618 - HIGIENÓPOLIS,São Paulo,,SP,BR,,-23.5418067,-46.6582475,,,,bigquery,
CINEMARK - INGRESSOS,Cinemark - Ingressos,HYPRMP613158J,ROD. RAPOSO TAVARES KM 23.5 - LAGEADINHO,Cotia,,SP,BR,,-23.5917792,-46.8327765,,,,bigquery,
CINEMARK,Cinemark,HYPRNN553973T,AVENIDA NERO MACEDO 12000 - JD. PANORAMA,São Paulo,,SP,BR,,-23.6022989,-46.700316,,,,bigquery,
CINEMARK,Cinemark,HYPRNT115759N,AVENIDA CRUZEIRO DO SUL 1100 - CANINDÉ,São Paulo,,SP,BR,,-23.5259322,-46.6251879,,,,bigquery,
CINEMAIS,Cinemais,HYPROL144258M,ROD. GO 040 KM 06 - JARDINS LISBOA,Goiânia,,GO,BR,,-16.6868912,-49.2647943,,,,bigquery,
CINEMARK,Cinemark,HYPROL179062M,AV. LUCIANO DAS NEVES 2418 - DIVINO ESPÍRITO SANTO,Vila Velha,,ES,BR,,-20.3520419,-40.2977172,,,,bigquery,
CINEMARK,Cinemark,HYPROX505714R,RUA PAIQUERÊ 200 - JARDIM PAIQUERE,Valinhos,,SP,BR,,-22.9812904,-47.0122507,,,,bigquery,
CINEMAIS,Cinemais,HYPRQG513978E,PRAÇA ALEXINA CÂNDIDA CONCEIÇÃO 5 - CENTRO,Patos de Minas,,MG,BR,,-18.5856738,-46.5135625,,,,bigquery,
CINEMARK,Cinemark,HYPRQN973475Y,AVENIDA CÂNDIDO DE ABREU 127 - CENTRO CÍVICO,Curitiba,,PR,BR,,-25.4233736,-49.2705198,,,,bigquery,
CINEMA,Cinema,HYPRQV339779R,RUA 9 1855 - MARISTA,Goiânia,,GO,BR,,-16.695228,-49.2652932,,,,bigquery,
CINEMARK BRASIL,Cinemark Brasil,HYPRRC733573X,AVENIDA REBOUÇAS 3970 - PINHEIROS,São Paulo,,SP,BR,,-23.5730917,-46.6959407,,,,bigquery,
CINEMARK,Cinemark,HYPRRF577573M,AVENIDA MINISTRO GERALDO BARRETO SOBRAL 215 - JARDINS,Aracaju,,SE,BR,,-10.944468,-37.0610118,,,,bigquery,
CINEMARK,Cinemark,HYPRRI476992K,AVENIDA RAIMUNDO PEREIRA DE MAGALHÃES 1465 - PIRITUBA,São Paulo,,SP,BR,,-23.5065578,-46.7185534,,,,bigquery,
CINEMA MOVIECOM,Cinema Moviecom,HYPRSM875692R,RUA LEOPOLDO MACHADO 2334 - TREM,Macapá,,AP,BR,,0.0311847,-51.0630388,,,,bigquery,
CINEMARK,Cinemark,HYPRUD866816Y,RODOVIA RAPOSO TAVARES S/N - JD. BOA VISTA,São Paulo,,SP,BR,,-23.5854617,-46.7884281,,,,bigquery,
CINEMA - CINESYSTEM,Cinema - Cinesystem,HYPRUG472575N,RUA FREI CANECA 569 - CONSOLAÇÃO,São Paulo,,SP,BR,,-23.5538161,-46.6529963,,,,bigquery,
ORIENT CINEMAS,Orient Cinemas,HYPRUG728048B,AVENIDA PADRE CICERO 2555 - TRIÂNGULO,Juazeiro do Norte,,CE,BR,,-7.2230558,-39.3257332,,,,bigquery,
CINEMA UCI KINOPLEX DE LUX E IMAX,Cinema Uci Kinoplex De Lux E Imax,HYPRUO525505J,RUA PADRE CARAPUCEIRO 777 - BOA VIAGEM,Recife,,PE,BR,,-8.1189455,-34.9048274,,,,bigquery,
CINEMARK,Cinemark,HYPRUR619411R,AV. PERIMETRAL NORTE 8303 - FAZENDA CAVEIRAS,Goiânia,,GO,BR,,-16.649034,-49.3128744,,,,bigquery,
CINEMARK,Cinemark,HYPRVL900755W,AV. FRANCISCO MATARAZZO S/Nº - ÁGUA BRANCA,São Paulo,,SP,BR,,-23.5268109,-46.6731386,,,,bigquery,
CINEMARK,Cinemark,HYPRWI368434P,AV. DOUTOR ANTONIO MARIA LAET 566 - PARADA INGLESA,São Paulo,,SP,BR,,-23.4801021,-46.6027014,,,,bigquery,
CINEMA ARAÚJO,Cinema Araújo,HYPRWM848539O,AV. RIO MADEIRA (CHIQUILITO ERSE) 3288 - FLODOALDO PONTES PINTO,Porto Velho,,RO,BR,,-8.7506939,-63.8765815,,,,bigquery,
CINEMARK,Cinemark,HYPRWS364798M,RUA GONÇALVES CRESPO 78 - TATUAPÉ,São Paulo,,SP,BR,,-23.538546,-46.575738,,,,bigquery,
CINEMARK,Cinemark,HYPRXO237937A,AVENIDA RAIMUNDO PEREIRA DE MAGALHÃES 1465 - PIRITUBA,São Paulo,,SP,BR,,-23.5065578,-46.7185534,,,,bigquery,
CINEMA - CINE A,Cinema - Cine A,HYPRXR153748C,AV. JOSÉ MARIA VIVACQUA SANTOS 400 - JD. CAMBURI,Vitória,,ES,BR,,-20.2511422,-40.2721182,,,,bigquery,
CARRINHO GOURMET CINEMARK,Carrinho Gourmet Cinemark,HYPRXZ283843Q,AVENIDA DOS AUTONOMISTAS 1400 - VILA YARA,Osasco,,SP,BR,,-23.5414394,-46.7660126,,,,bigquery,
CINEMA TERESINA,Cinema Teresina,HYPRYB474380A,AV. RAUL LOPES 1000 - NOIVOS,Teresina,,PI,BR,,-5.0852574,-42.7900552,,,,bigquery,
CINEMA UCI KINOPLEX,Cinema Uci Kinoplex,HYPRYB769867K,RUA PADRE CARAPUCEIRO 777 - BOA VIAGEM,Recife,,PE,BR,,-8.1189455,-34.9048274,,,,bigquery,
CINEMA CENTERPLEX,Cinema Centerplex,HYPRYC724102F,AV ALFREDO ANTONIO DE OLIVEIRA 2077 - JARDIM PLANALTO,São José do Rio Preto,,SP,BR,,-20.7713353,-49.3865477,,,,bigquery,
CINEMARK,Cinemark,HYPRYF287712W,AV. DR. FRANCISCO MESQUITA 1000 - VILA PRUDENTE,São Paulo,,SP,BR,,-23.5935619,-46.585806,,,,bigquery,
CINEMARK - CARRINHO DE PIPOCA,Cinemark - Carrinho De Pipoca,HYPRYR495085L,AVENIDA PRESIDENTE KENNEDY 1500 - RIBERANIA,Ribeirão Preto,,SP,BR,,-21.20916,-47.7697679,,,,bigquery,
CINEMARK,Cinemark,HYPRYY972012X,AV BRIGADEIRO FARIA LIMA 2232 - JARDIM PAULISTANO,São Paulo,,SP,BR,,-23.5771128,-46.6880055,,,,bigquery,
CINEMA GRUPO CINE,Cinema Grupo Cine,HYPRZM684394T,AV. CONDE FRANCISCO MATARAZZO JUNIOR 205 - VILA PAULISTA,Rio Claro,,SP,BR,,-22.4130226,-47.554094,,,,bigquery,
CINEMARK,Cinemark,HYPRZS937045X,AV. DAS NAÇÕES UNIDAS 4777 - ALTO DE PINHEIROS,São Paulo,,SP,BR,,-23.5497715,-46.7208607,,,,bigquery,
CINEMA CINÉPOLIS,Cinema Cinépolis,HYPRZT250863Y,AV. DAS AMÉRICAS 7777 - BARRA DA TIJUCA,Rio de Janeiro,,RJ,BR,,-23.0010348,-43.3859723,,,,bigquery,
CINEMARK,Cinemark,HYPRZY968664T,AVENIDA ADALGISA COLOMBO (MISS BRASIL) 135 - JACAREPAGUÁ,Rio de Janeiro,,RJ,BR,,-22.9714531,-43.370966,,,,bigquery,
103741-08-TTM CINEMARK L3,Helloo,pdooh:19912349,"Shopping Plaza Niterói, Niterói - RJ, 24020-125, Brasil",Niterói,,RJ,BR,24020-125,-22.896859,-43.123683,Retail > Mall,,,bigquery,"{""kind"":""pdooh"",""unit_id"":""19912349"",""screen_id"":""1012730"",""site_id"":""103741"",""screen_name"":""103741-08-TTM CINEMARK L3"",""media_owner"":""Helloo BR"",""media_owner_display"":""Helloo"",""venue_type"":""Retail > Mall"",""venue_top"":""Retail"",""orientation"":""Portrait"",""screen_width_px"":1080,""screen_height_px"":1920,""physical_screen_count"":1,""dimensions"":""1080 x 1920"",""aspect_ratio"":0.5625,""physical_size_cm"":null,""max_impressions"":2477771.8559999997,""spot_length"":10,""allow_html"":false,""allow_image"":true,""allow_video"":true,""allow_audio_only"":false,""allow_zip"":false,""ecpm"":58.823529,""site_name"":""Shopping Plaza Niterói"",""city"":""Niterói"",""uf"":""RJ"",""zip_code"":""24020-125""}"
103765-01-TTM CINEMA L1,Helloo,pdooh:20292000,"Bangu Shopping, Rio De Janeiro - RJ, 21820-005, Brasil",Rio De Janeiro,,RJ,BR,21820-005,-22.87794,-43.467138,Retail > Mall,,,bigquery,"{""kind"":""pdooh"",""unit_id"":""20292000"",""screen_id"":""1013171"",""site_id"":""103765"",""screen_name"":""103765-01-TTM CINEMA L1"",""media_owner"":""Helloo BR"",""media_owner_display"":""Helloo"",""venue_type"":""Retail > Mall"",""venue_top"":""Retail"",""orientation"":""Portrait"",""screen_width_px"":1080,""screen_height_px"":1920,""physical_screen_count"":1,""dimensions"":""1080 x 1920"",""aspect_ratio"":0.5625,""physical_size_cm"":null,""max_impressions"":2408207.76,""spot_length"":10,""allow_html"":false,""allow_image"":true,""allow_video"":true,""allow_audio_only"":false,""allow_zip"":false,""ecpm"":58.823529,""site_name"":""Bangu Shopping"",""city"":""Rio De Janeiro"",""uf"":""RJ"",""zip_code"":""21820-005""}"
103748-04-TTM CINEMARK L2,Helloo,pdooh:20464866,"Shopping União de Osasco, Osasco - SP, 06090-010, Brasil",Osasco,,SP,BR,06090-010,-23.541288,-46.76644,Retail > Mall,,,bigquery,"{""kind"":""pdooh"",""unit_id"":""20464866"",""screen_id"":""1013678"",""site_id"":""103748"",""screen_name"":""103748-04-TTM CINEMARK L2"",""media_owner"":""Helloo BR"",""media_owner_display"":""Helloo"",""venue_type"":""Retail > Mall"",""venue_top"":""Retail"",""orientation"":""Portrait"",""screen_width_px"":1080,""screen_height_px"":1920,""physical_screen_count"":1,""dimensions"":""1080 x 1920"",""aspect_ratio"":0.5625,""physical_size_cm"":null,""max_impressions"":2276204.1119999997,""spot_length"":10,""allow_html"":true,""allow_image"":true,""allow_video"":true,""allow_audio_only"":false,""allow_zip"":false,""ecpm"":58.823529,""site_name"":""Shopping União de Osasco"",""city"":""Osasco"",""uf"":""SP"",""zip_code"":""06090-010""}"
103720-02-TTM CINEMA L2,Helloo,pdooh:19912187,"Rio Anil Shopping, São Luis - MA, 65065-470, Brasil",São Luis,,MA,BR,65065-470,-2.533574,-44.22506,Retail > Mall,,,bigquery,"{""kind"":""pdooh"",""unit_id"":""19912187"",""screen_id"":""1012555"",""site_id"":""103720"",""screen_name"":""103720-02-TTM CINEMA L2"",""media_owner"":""Helloo BR"",""media_owner_display"":""Helloo"",""venue_type"":""Retail > Mall"",""venue_top"":""Retail"",""orientation"":""Portrait"",""screen_width_px"":1080,""screen_height_px"":1920,""physical_screen_count"":1,""dimensions"":""1080 x 1920"",""aspect_ratio"":0.5625,""physical_size_cm"":null,""max_impressions"":1914237.3600000003,""spot_length"":10,""allow_html"":false,""allow_image"":true,""allow_video"":true,""allow_audio_only"":false,""allow_zip"":false,""ecpm"":58.823529,""site_name"":""Rio Anil Shopping"",""city"":""São Luis"",""uf"":""MA"",""zip_code"":""65065-470""}"
103723-05-TTM CINEMARK P2,Helloo,pdooh:19912200,"Shopping Campo Grande, Campo Grande - MS, 79031-010, Brasil",Campo Grande,,MS,BR,79031-010,-20.457663,-54.587907,Retail > Mall,,,bigquery,"{""kind"":""pdooh"",""unit_id"":""19912200"",""screen_id"":""1012568"",""site_id"":""103723"",""screen_name"":""103723-05-TTM CINEMARK P2"",""media_owner"":""Helloo BR"",""media_owner_display"":""Helloo"",""venue_type"":""Retail > Mall"",""venue_top"":""Retail"",""orientation"":""Portrait"",""screen_width_px"":1080,""screen_height_px"":1920,""physical_screen_count"":1,""dimensions"":""1080 x 1920"",""aspect_ratio"":0.5625,""physical_size_cm"":null,""max_impressions"":1766617.7759999996,""spot_length"":10,""allow_html"":false,""allow_image"":true,""allow_video"":true,""allow_audio_only"":false,""allow_zip"":false,""ecpm"":58.823529,""site_name"":""Shopping Campo Grande"",""city"":""Campo Grande"",""uf"":""MS"",""zip_code"":""79031-010""}"
103740-07-TTM CINEMA P1,Helloo,pdooh:19912338,"Shopping Piracicaba, Piracicaba - SP, 13405-218, Brasil",Piracicaba,,SP,BR,13405-218,-22.704003,-47.649515,Retail > Mall,,,bigquery,"{""kind"":""pdooh"",""unit_id"":""19912338"",""screen_id"":""1012719"",""site_id"":""103740"",""screen_name"":""103740-07-TTM CINEMA P1"",""media_owner"":""Helloo BR"",""media_owner_display"":""Helloo"",""venue_type"":""Retail > Mall"",""venue_top"":""Retail"",""orientation"":""Portrait"",""screen_width_px"":1080,""screen_height_px"":1920,""physical_screen_count"":1,""dimensions"":""1080 x 1920"",""aspect_ratio"":0.5625,""physical_size_cm"":null,""max_impressions"":1560771.504,""spot_length"":10,""allow_html"":false,""allow_image"":true,""allow_video"":true,""allow_audio_only"":false,""allow_zip"":false,""ecpm"":58.823529,""site_name"":""Shopping Piracicaba"",""city"":""Piracicaba"",""uf"":""SP"",""zip_code"":""13405-218""}"
103687-07-TTM CINEMA,Helloo,pdooh:19912047,"Buriti Shopping Guará, Guararapes - SP, 12505-190, Brasil",Guararapes,,SP,BR,12505-190,-22.812598,-45.19757,Retail > Mall,,,bigquery,"{""kind"":""pdooh"",""unit_id"":""19912047"",""screen_id"":""1012340"",""site_id"":""103687"",""screen_name"":""103687-07-TTM CINEMA"",""media_owner"":""Helloo BR"",""media_owner_display"":""Helloo"",""venue_type"":""Retail > Mall"",""venue_top"":""Retail"",""orientation"":""Portrait"",""screen_width_px"":1080,""screen_height_px"":1920,""physical_screen_count"":1,""dimensions"":""1080 x 1920"",""aspect_ratio"":0.5625,""physical_size_cm"":null,""max_impressions"":1448668.8,""spot_length"":10,""allow_html"":false,""allow_image"":true,""allow_video"":true,""allow_audio_only"":false,""allow_zip"":false,""ecpm"":58.823529,""site_name"":""Buriti Shopping Guará"",""city"":""Guararapes"",""uf"":""SP"",""zip_code"":""12505-190""}"
103789-05-TTM CINEMA,Helloo,pdooh:20938739,"Shopping Parangaba, Fortaleza - CE, 60740-100, Brasil",Fortaleza,,CE,BR,60740-100,-3.775544,-38.561987,Retail > Mall,,,bigquery,"{""kind"":""pdooh"",""unit_id"":""20938739"",""screen_id"":""1013821"",""site_id"":""103789"",""screen_name"":""103789-05-TTM CINEMA"",""media_owner"":""Helloo BR"",""media_owner_display"":""Helloo"",""venue_type"":""Retail > Mall"",""venue_top"":""Retail"",""orientation"":""Portrait"",""screen_width_px"":1080,""screen_height_px"":1920,""physical_screen_count"":1,""dimensions"":""1080 x 1920"",""aspect_ratio"":0.5625,""physical_size_cm"":null,""max_impressions"":1298239.488,""spot_length"":10,""allow_html"":true,""allow_image"":true,""allow_video"":true,""allow_audio_only"":false,""allow_zip"":false,""ecpm"":58.823529,""site_name"":""Shopping Parangaba"",""city"":""Fortaleza"",""uf"":""CE"",""zip_code"":""60740-100""}"
103755-03-TTM MOVIECOM CINEMAS,Helloo,pdooh:19912432,"Tivoli Shopping, Santa Bárbara D'Oeste - SP, 13456-625, Brasil",Santa Bárbara D'Oeste,,SP,BR,13456-625,-22.749258,-47.368297,Retail > Mall,,,bigquery,"{""kind"":""pdooh"",""unit_id"":""19912432"",""screen_id"":""1012871"",""site_id"":""103755"",""screen_name"":""103755-03-TTM MOVIECOM CINEMAS"",""media_owner"":""Helloo BR"",""media_owner_display"":""Helloo"",""venue_type"":""Retail > Mall"",""venue_top"":""Retail"",""orientation"":""Portrait"",""screen_width_px"":1080,""screen_height_px"":1920,""physical_screen_count"":1,""dimensions"":""1080 x 1920"",""aspect_ratio"":0.5625,""physical_size_cm"":null,""max_impressions"":1195723.296,""spot_length"":10,""allow_html"":false,""allow_image"":true,""allow_video"":true,""allow_audio_only"":false,""allow_zip"":false,""ecpm"":58.823529,""site_name"":""Tivoli Shopping"",""city"":""Santa Bárbara D'Oeste"",""uf"":""SP"",""zip_code"":""13456-625""}"
ATRIUM_TOTEM_CINEMA,Helloo,pdooh:22704503,"Hedge Atrium Shopping Santo André Fundo de Investimento Imobiliário, Santo André - SP, 09111, Brasil",Santo André,,SP,BR,09111,-23.663708,-46.507314,Retail > Mall,,,bigquery,"{""kind"":""pdooh"",""unit_id"":""22704503"",""screen_id"":""1014033"",""site_id"":""103834"",""screen_name"":""ATRIUM_TOTEM_CINEMA"",""media_owner"":""Helloo BR"",""media_owner_display"":""Helloo"",""venue_type"":""Retail > Mall"",""venue_top"":""Retail"",""orientation"":""Portrait"",""screen_width_px"":1080,""screen_height_px"":1920,""physical_screen_count"":1,""dimensions"":""1080 x 1920"",""aspect_ratio"":0.5625,""physical_size_cm"":null,""max_impressions"":572317.2,""spot_length"":10,""allow_html"":true,""allow_image"":true,""allow_video"":true,""allow_audio_only"":false,""allow_zip"":false,""ecpm"":58.823529,""site_name"":""Hedge Atrium Shopping Santo André Fundo de Investimento Imobiliário"",""city"":""Santo André"",""uf"":""SP"",""zip_code"":""09111""}"
PARQUE GUANABARA - LED 2 CINEMA 6D,Mega Midia OOH,pdooh:22739174,"PARQUE GUANABARA - PAMPULHA BH, Belo Horizonte - MG, 31340, Brasil",Belo Horizonte,,MG,BR,31340,-19.859664,-43.981053,Entertainment > Recreational Location > Theme Park,,,bigquery,"{""kind"":""pdooh"",""unit_id"":""22739174"",""screen_id"":""49"",""site_id"":""48"",""screen_name"":""PARQUE GUANABARA - LED 2 CINEMA 6D"",""media_owner"":""Mega Midia OOH BR"",""media_owner_display"":""Mega Midia OOH"",""venue_type"":""Entertainment > Recreational Location > Theme Park"",""venue_top"":""Entertainment"",""orientation"":""Portrait"",""screen_width_px"":239,""screen_height_px"":479,""physical_screen_count"":1,""dimensions"":""239 x 479"",""aspect_ratio"":0.4989561586638831,""physical_size_cm"":""100 x 200"",""max_impressions"":506738.7792,""spot_length"":10,""allow_html"":true,""allow_image"":true,""allow_video"":true,""allow_audio_only"":false,""allow_zip"":true,""ecpm"":147.058824,""site_name"":""PARQUE GUANABARA - PAMPULHA BH"",""city"":""Belo Horizonte"",""uf"":""MG"",""zip_code"":""31340""}"
103772-09-EL CINEMA,Helloo,pdooh:20292084,"Boulevard Shopping Belo Horizonte, Belo Horizonte - MG, 30260-070, Brasil",Belo Horizonte,,MG,BR,30260-070,-19.920242,-43.919762,Retail > Mall,,,bigquery,"{""kind"":""pdooh"",""unit_id"":""20292084"",""screen_id"":""1013599"",""site_id"":""103772"",""screen_name"":""103772-09-EL CINEMA"",""media_owner"":""Helloo BR"",""media_owner_display"":""Helloo"",""venue_type"":""Retail > Mall"",""venue_top"":""Retail"",""orientation"":""Portrait"",""screen_width_px"":1080,""screen_height_px"":1920,""physical_screen_count"":1,""dimensions"":""1080 x 1920"",""aspect_ratio"":0.5625,""physical_size_cm"":null,""max_impressions"":392750.208,""spot_length"":10,""allow_html"":false,""allow_image"":true,""allow_video"":true,""allow_audio_only"":false,""allow_zip"":false,""ecpm"":58.823529,""site_name"":""Boulevard Shopping Belo Horizonte"",""city"":""Belo Horizonte"",""uf"":""MG"",""zip_code"":""30260-070""}"
CS BANNER CINEMA,Almeida Junior,pdooh:20337148,"CONTINENTE, São José - SC, 88119-290, Brasil",São José,,SC,BR,88119-290,-27.61497,-48.64509,Retail > Mall,,,bigquery,"{""kind"":""pdooh"",""unit_id"":""20337148"",""screen_id"":""2GCYKnX"",""site_id"":""CONTINENTE"",""screen_name"":""CS BANNER CINEMA"",""media_owner"":""Almeida Junior BR"",""media_owner_display"":""Almeida Junior"",""venue_type"":""Retail > Mall"",""venue_top"":""Retail"",""orientation"":""Landscape"",""screen_width_px"":1120,""screen_height_px"":360,""physical_screen_count"":1,""dimensions"":""1120 x 360"",""aspect_ratio"":3.1111111111111112,""physical_size_cm"":""448 x 144"",""max_impressions"":47040.000000000029,""spot_length"":10,""allow_html"":false,""allow_image"":true,""allow_video"":true,""allow_audio_only"":false,""allow_zip"":false,""ecpm"":23.529412,""site_name"":""CONTINENTE"",""city"":""São José"",""uf"":""SC"",""zip_code"":""88119-290""}"
NR BANNER CORREDOR CINEMA,Almeida Junior,pdooh:20390597,"NORTE, Blumenau - SC, 89065-800, Brasil",Blumenau,,SC,BR,89065-800,-26.86347,-49.09249,Retail > Mall,,,bigquery,"{""kind"":""pdooh"",""unit_id"":""20390597"",""screen_id"":""0BCbarr"",""site_id"":""NORTE"",""screen_name"":""NR BANNER CORREDOR CINEMA"",""media_owner"":""Almeida Junior BR"",""media_owner_display"":""Almeida Junior"",""venue_type"":""Retail > Mall"",""venue_top"":""Retail"",""orientation"":""Landscape"",""screen_width_px"":1120,""screen_height_px"":360,""physical_screen_count"":1,""dimensions"":""1120 x 360"",""aspect_ratio"":3.1111111111111112,""physical_size_cm"":""448 x 144"",""max_impressions"":47040.000000000029,""spot_length"":10,""allow_html"":false,""allow_image"":true,""allow_video"":true,""allow_audio_only"":false,""allow_zip"":false,""ecpm"":23.529412,""site_name"":""NORTE"",""city"":""Blumenau"",""uf"":""SC"",""zip_code"":""89065-800""}"
NS BANNER HORIZONTAL CINEMA,Almeida Junior,pdooh:20390612,"NAÇÕES, Içara - SC, 88813-390, Brasil",Içara,,SC,BR,88813-390,-28.68362,-49.33336,Retail > Mall,,,bigquery,"{""kind"":""pdooh"",""unit_id"":""20390612"",""screen_id"":""gQCQnGm"",""site_id"":""NAÇÕES"",""screen_name"":""NS BANNER HORIZONTAL CINEMA"",""media_owner"":""Almeida Junior BR"",""media_owner_display"":""Almeida Junior"",""venue_type"":""Retail > Mall"",""venue_top"":""Retail"",""orientation"":""Landscape"",""screen_width_px"":1120,""screen_height_px"":360,""physical_screen_count"":1,""dimensions"":""1120 x 360"",""aspect_ratio"":3.1111111111111112,""physical_size_cm"":""448 x 144"",""max_impressions"":47040.000000000029,""spot_length"":10,""allow_html"":false,""allow_image"":true,""allow_video"":true,""allow_audio_only"":false,""allow_zip"":false,""ecpm"":23.529412,""site_name"":""NAÇÕES"",""city"":""Içara"",""uf"":""SC"",""zip_code"":""88813-390""}"
CENTRO CULTURAL ESPAÇO DE ARTE,CENTRO CULTURAL ESPAÇO DE ARTE,ChIJo24wlJjm3JQRKDxQ511OgBI,"R. ALBERTO FOLLONI, 1534 - AHÚ, CURITIBA - PR, 80540-000",Curitiba,,PR,BR,80540-000,-25.40197,-49.2627986,Community & Government,,,bigquery,
CASA REC,CASA REC,ChIJ_zomtudFpJQRZjFhKRenkJI,"R. TEN. VIRMONDES, 997 - CENTRO, UBERLÂNDIA - MG, 38400-110",Uberlândia,,MG,BR,38400-110,-18.9207942,-48.2724221,Movie studio,,,bigquery,
CENTRO CULTURAL LUIZ SEVERIANO RIBEIRO,CENTRO CULTURAL LUIZ SEVERIANO RIBEIRO,ChIJv_229WF_mQARQTk3SygBTXQ,"PRAÇA FLORIANO, 7 - CENTRO, RIO DE JANEIRO - RJ, 20031-050",Rio de Janeiro,,RJ,BR,20031-050,-22.9115236,-43.1758386,Community & Government,,,bigquery,
CINE MARAJÁ,CINE MARAJÁ,ChIJCSHsfqRhpgARfzWu5FIUiTQ,"R. HERBSTER, 298 - LJ 20 - CENTRO, PEDRO LEOPOLDO - MG, 33600-000",Pedro Leopoldo,,MG,BR,33600-000,-19.6205629,-44.042508,Shopping mall,,,bigquery,
CRAS DA PAZ,CRAS DA PAZ,ChIJQdLL0_9R3ZIRBJBXiKMW9vM,R. RIO CLARO  QUADRA 01 - LOTE 26 - BAIRRO JARDIM AMERICA  PARAUAPEBAS - PA  68515-000  BRAZIL,Parauapebas,,PA,BR,68515-000,-6.0971994,-49.89356,Community & Government,,4,bigquery,
SHOPPING BOSQUE GRÃO-PARÁ,SHOPPING BOSQUE GRÃO,ChIJ-ex1NyxgpJIR50HdZs-7yXw,AV. CENTENÁRIO  1052 - MANGUEIRÃO  BELÉM - PA  66640-150  BRASIL,Belém,,PA,BR,66640-150,-1.388988,-48.4646489,"shopping_mall,furniture_store,home_goods_store,clothing_store,restaurant,food,point_of_interest,store,establishment",,5,bigquery,
PARQUE SHOPPING MACEIÓ,PARQUE SHOPPING MACEIÓ,ChIJs880fdVFAQcRDJ85vbEBgSg,AV. COMENDADOR GUSTAVO PAIVA  5945 - CRUZ DAS ALMAS  MACEIÓ - AL  57038-000  BRASIL,Maceió,,AL,BR,57038-000,-9.6274793,-35.6989387,Entertainment,,5,bigquery,
FATO CASCAVEL,FATO CASCAVEL,ChIJ5-hYUy2r8ZQRAqQlT-c-IOQ,"AV. BRASIL, 5964 - CENTRO, CASCAVEL - PR, 85812-001",Cascavel,,PR,BR,85812-001,-24.9548714,-53.4552084,Advertising agency,,,bigquery,
CINE TEATRO RECREIO,CINE TEATRO RECREIO,ChIJNztZxACNf5ERm-ADlLxXrBQ,R. SEN. EDUARDO ASSMAR - 6 DE AGOSTO  RIO BRANCO - AC  69901-150  BRASIL,Rio Branco,,AC,BR,69901-150,-9.9804433,-67.8084891,"museum,tourist_attraction,point_of_interest,establishment",,4,bigquery,
SHOPPING BAY MARKET,SHOPPING BAY MARKET,ChIJ8WQUUcaDmQARpKDHKDmJl_U,"AV. VISCONDE DO RIO BRANCO, 360 - CENTRO, NITERÓI - RJ, 24020-002",NITERÓI,,RJ,BR,24020-002,-22.891903,-43.1245316,building_materials,,4,bigquery,
CENTRO CULTURAL UNIMED-BH MINAS,CENTRO CULTURAL UNIMED,ChIJS_XMDtmZpgAR-WldA5JR7XU,R. DA BAHIA  2.244 - 5º ANDAR - LOURDES  BELO HORIZONTE - MG  30160-012  BRASIL,Belo Horizonte,,MG,BR,30160-012,-19.9365204,-43.9407098,Community & Government,,5,bigquery,
CENTRO CULTURAL BANCO DO BRASIL - BRASÍLIA,CENTRO CULTURAL BANCO DO BRASIL,ChIJb-7SM7QkWpMRqadKN4AMIG4,ASA SUL TRECHO 2 - BRASÍLIA  DF  70200-002  BRAZIL,Brasília,,DF,BR,70200-002,-15.8135814,-47.8382987,Community & Government,,5,bigquery,
HIPERMERCADO TIA TECA,HIPERMERCADO TIA TECA,ChIJkf9wgat2swARzTT6PHzY1DA,"AV. ALFREDO SÁ, 2225 - CONCÓRDIA, TEÓFILO OTONI - MG, 39804-192",Teófilo Otoni,,MG,BR,39804-192,-17.8649,-41.51684,travel_agency,,4,bigquery,
GALERIA ARTCENTER PAJUÇARA,GALERIA ARTCENTER PAJUÇARA,ChIJqdVrUwhFAQcRQdE863hYzfg,AV. DR. ANTÔNIO GOUVEIA  1113 - PAJUÇARA  MACEIÓ - AL  57030-170  BRASIL,Maceió,,AL,BR,57030-170,-9.6652162,-35.7107711,"shopping_mall,point_of_interest,establishment",,4,bigquery,
CARCARÁ FILMES,CARCARÁ FILMES,ChIJ1cPj2kN-mQARfmOH1z-WLL4,"EDIFÍCIO BRASÍLIA - AV. RIO BRANCO, 311 - SALAS 619 E 620 - CENTRO, RIO DE JANEIRO - RJ, 20040-009",Rio de Janeiro,,RJ,BR,20040-009,-22.9123035,-43.1746307,Equipment rental agency,,,bigquery,
CENTRO DRAGÃO DO MAR DE ARTE E CULTURA,CENTRO DRAGÃO DO MAR DE ARTE E CULTURA,ChIJqZQ8O0lIxwcRUmKGlHGvnLA,R. DRAGÃO DO MAR  81 - PRAIA DE IRACEMA  FORTALEZA - CE  60060-390  BRASIL,Fortaleza,,CE,BR,60060-390,-3.7214564,-38.5204703,Community & Government,,5,bigquery,
TEATRO DO PARQUE,TEATRO DO PARQUE,ChIJOVklXMcYqwcRQmzoOyNMz0E,R. DO HOSPÍCIO  81 - BOA VISTA  RECIFE - PE  50060-080  BRASIL,Recife,,PE,BR,50060-080,-8.0616996,-34.8850886,"point_of_interest,establishment",,5,bigquery,
IG SHOPPING PORTO VELHO,IG SHOPPING PORTO VELHO,ChIJGdwk2UdbMpIRQ0_goO5Sr_g,AV. AMAZONAS  8338 - TIRADENTES  PORTO VELHO - RO  76824-652  BRASIL,Porto Velho,,RO,BR,76824-652,-8.7553136,-63.8385346,"shopping_mall,point_of_interest,establishment",,5,bigquery,
PALCO FLUTUANTE,PALCO FLUTUANTE,ChIJo4UmFZ1D65QRbOoxCZFG_OE,"LAGO IGAPÓ, LONDRINA - STATE OF PARANÁ",Londrina,,PR,BR,,-23.3365041,-51.1561045,Outdoor movie theater,,,bigquery,
ROYAL PLAZA SHOPPING,ROYAL PLAZA SHOPPING,ChIJ7wl_DRHLA5UR4tMgDzJVvWw,AV. N. SRA. DAS DORES  305 - NOSSA SRA. DAS DORES  SANTA MARIA - RS  97050-531  BRASIL,,,RS,,97050-531,-29.6900463,-53.7950783,"shopping_mall,movie_theater,food,point_of_interest,store,establishment",,4,bigquery,
PLAY TIME,PLAY TIME,ChIJe_pQ6YLv1ZIR0KeKPNCBhm0,"RUA DR. IRINEU - CENTRO, BALSAS - MA, 65800-000",Balsas,,MA,BR,65800-000,-7.5242289,-46.0482835,point_of_interest,,4,bigquery,
RESERVA CULTURAL,RESERVA CULTURAL,ChIJG5SWd7hZzpQRpHMja0yrDtU,AV. PAULISTA  900 - BELA VISTA  SÃO PAULO - SP  01311-000  BRASIL,São Paulo,,SP,BR,01311-000,-23.5655119,-46.6512551,Clothing,,5,bigquery,
Cine Araújo - Multiplex ViaVerde Shopping,Cine Araújo - Multiplex ViaVerde Shopping,ChIJOzYkt92Nf5ER4EyQWHyqW0s,"ViaVerde Shopping Rodovia - BR-364, 1707 - Floresta, Rio Branco - AC, 69914-020",,,AC,,69914020,-9.9859104,-67.8482506,"movie_theater,point_of_interest,establishment",movie_theater; point_of_interest; establishment,,google,
Cinesystem Arapiraca,Cinesystem Arapiraca,ChIJ__8_O35_BgcRP0CP48nlnFY,"R. José Jaílson Nunes, 493 - Santa Edwiges, Arapiraca - AL, 57301-450",,,AL,,57301450,-9.735553699999999,-36.6551401,"movie_theater,point_of_interest,establishment",movie_theater; point_of_interest; establishment,,google,
Moviecom,Moviecom,ChIJjcTkSwbhYY0RRH0cfOKJ9pA,"R. Leopoldo Machado, 2334 - Trem, Macapá - AP, 68901-971",,,AP,,68901971,0.031052000000000003,-51.06292,"movie_theater,point_of_interest,establishment",movie_theater; point_of_interest; establishment,,google,
UCI Cinemas,UCI Cinemas,ChIJO_YC6X8ZbJIRpXDUG7LSQOk,"Sumaúma Park Shopping - Av. Noel Nutels, 1762 - Cidade Nova, Manaus - AM, 69095-000",,,AM,,69095000,-3.0308625,-59.978366799999996,"movie_theater,point_of_interest,establishment",movie_theater; point_of_interest; establishment,,google,
Cinesystem Cinemas,Cinesystem Cinemas,ChIJpWtjxApfxZIRfChWfMqh95k,"Rodovia BR010 - nº 100 - Jardim Sao Luiz, Imperatriz - MA, 65913-015",,,MA,,65913015,-5.5288949999999994,-47.46953,"movie_theater,point_of_interest,establishment",movie_theater; point_of_interest; establishment,,google,
CineK Piúma,CineK Piúma,ChIJI8yuapAbuQARTugeF0_3n8E,"Av. Beira Mar, 1152 - Piúma, ES, 29285-000, Brazil",,,ES,,29285000,-20.8440639,-40.7359673,"movie_theater,point_of_interest,establishment",movie_theater; point_of_interest; establishment,,google,
Aurum Cinema,Aurum Cinema,ChIJWR1y4TTxXpMRsZnInKlhVQA,"Av. Dep. Jamel Cecílio, KM 01 - Goiânia, GO, 74891-135",,,GO,,74891135,-16.711399099999998,-49.2278734,"movie_theater,point_of_interest,establishment",movie_theater; point_of_interest; establishment,,google,
Cineflix Buriti Shopping Rio Verde,Cineflix Buriti Shopping Rio Verde,ChIJj8ZEwjTbYZMRPg6ci1jA5LI,"BR-060, 1044 - Parque Bougainville, Rio Verde - GO, 75907-580",,,GO,,75907580,-17.818455,-50.945257299999994,"movie_theater,point_of_interest,establishment",movie_theater; point_of_interest; establishment,,google,
MULTICINE CINEMAS,MULTICINE CINEMAS,ChIJ-U3Y9lu4W5MR-HLju-B7vDY,"Avenida SANTA LUZIA, QD 00, LT. 6-B-2 Mansões Centro- oeste - Mansões Centroeste, Águas Lindas de Goiás - GO, 72915-705",,,GO,,72915705,-15.735404299999999,-48.273617599999994,"movie_theater,point_of_interest,establishment",movie_theater; point_of_interest; establishment,,google,
Moviemax Cine Royal,Moviemax Cine Royal,ChIJr6qqsvQaqwcR9C436qRC6BI,"Av. Dr. Luiz Correia de Araújo, s/n - Centro, São Lourenço da Mata - PE, 54735-110",,,PE,,54735110,-7.994999999999999,-35.0383333,"movie_theater,point_of_interest,establishment",movie_theater; point_of_interest; establishment,,google,
Cine Laser Cinemas - Porto Velho (IG Shopping),Cine Laser Cinemas - Porto Velho (IG Shopping),ChIJ7ew9zchbMpIRgOofMerYs3A,"R. Itaúba, 1 - Socialista, Porto Velho - RO, 76829-576",,,RO,,76829576,-8.756512,-63.8382861,"movie_theater,point_of_interest,establishment",movie_theater; point_of_interest; establishment,,google,
Cine Araujo,Cine Araujo,ChIJ5-68n2UPk40Rly5RvJLaonw,"R. João de Alencar, 2181 - Cauamé, Boa Vista - RR, 69311-137",,,RR,,69311137,2.8502018,-60.7067838,"movie_theater,point_of_interest,establishment",movie_theater; point_of_interest; establishment,,google,
Cineteatro das Artes,Cineteatro das Artes,ChIJ_b1-nDoXuAARZlRE0wcQC5s,"Av. Jerônimo Monteiro, 1690 - 2o andar - Lojas 51-53 - Centro de Vila Velha, Vila Velha - ES, 29100-902",,,ES,,29100902,-20.335064,-40.298135599999995,"movie_theater,philharmonic_hall,concert_hall,auditorium,live_music_venue,event_venue,point_of_interest,establishment",movie_theater; philharmonic_hall; concert_hall; auditorium; live_music_venue; event_venue; point_of_interest; establishment,,google,
Cine Luz Luziania,Cine Luz Luziania,ChIJ2UEK5VCYWZMRKk_v4PRzm7E,"Luziânia Shopping - R. Ophir José Braz - Centro, Luziânia - GO, 72800-150",,,GO,,72800150,-16.255837,-47.954753,"movie_theater,point_of_interest,establishment",movie_theater; point_of_interest; establishment,,google,
Cine Blue,Cine Blue,ChIJhW9m2g-D3ZIRF6x5G1pFwUA,"Av. Ipanema, S/N - St 13, Qd 060, Lt 020 - Novo Horizonte, Canaã dos Carajás - PA, 68537-000",,,PA,,68537000,-6.5452134,-49.8561659,"movie_theater,point_of_interest,establishment",movie_theater; point_of_interest; establishment,,google,
Cine A Marabá,Cine A Marabá,ChIJK42fEeegw5IRvDY0c45NdE0,"Rua Folha 27, Quadra especial, S/N Shopping Verdes Mares - Nova Marabá, Marabá - PA, 68509-140",,,PA,,68509140,-5.3452481,-49.1001781,"movie_theater,point_of_interest,establishment",movie_theater; point_of_interest; establishment,,google,
Sesc em Castanhal,Sesc em Castanhal,ChIJ1QBjt1qvpZIRLz4-yuxTUgw,"Av. Barão do Rio Branco, 10 - Nova Olinda, Castanhal - PA, 68742-000",,,PA,,68742000,-1.2941401,-47.9311462,"art_gallery,fitness_center,gym,movie_theater,sports_school,health,athletic_field,sports_activity_location,service,point_of_interest,association_or_organization,establishment",art_gallery; fitness_center; gym; movie_theater; sports_school; health; athletic_field; sports_activity_location; service; point_of_interest; association_or_organization; establishment,,google,
Pupila Film Festival,Pupila Film Festival,ChIJoUrYvJc9qwcRXWi3jH1ssy8,"R. Antônio Silva Guimarães - Casa Caiada, Olinda - PE, 53130-360",,,PE,,53130360,-7.991806399999999,-34.841409999999996,"movie_theater,event_venue,point_of_interest,establishment",movie_theater; event_venue; point_of_interest; establishment,,google,
Cineflix Catuaí Shopping Cascavel,Cineflix Catuaí Shopping Cascavel,ChIJA9iQFADV85QR_CxJTWFPyjo,"R. Jacarezinho, 623 - Região do Lago, Cascavel - PR, 85812-513",,,PR,,85812513,-24.9481999,-53.4344433,"movie_theater,point_of_interest,establishment",movie_theater; point_of_interest; establishment,,google,
Cine Romeu,Cine Romeu,ChIJ4YHo3XvNmZERniV1hIdC7R0,"Av. Rodrigues Alves, 60 - Centro, Cruzeiro do Sul - AC, 69980-000, Brazil",,,AC,,69980000,-7.6359436,-72.6685098,"movie_theater,point_of_interest,establishment",movie_theater; point_of_interest; establishment,,google,
Filmoteca Acreana,Filmoteca Acreana,ChIJR6thj3WNf5ERSuNwYGg_r9I,"Centro, Rio Branco - AC, 69914-220, Brazil",,,AC,,69914220,-9.973524099999999,-67.81076949999999,"movie_theater,point_of_interest,establishment",movie_theater; point_of_interest; establishment,,google,
CinePilarense,CinePilarense,ChIJm5OSHnezBgcRDsFGt06wBmg,"Praça Rui Barbosa, Pilar - AL, 57150-000, Brazil",,,AL,,57150000,-9.607994,-35.954860599999996,"movie_theater,point_of_interest,establishment",movie_theater; point_of_interest; establishment,,google,
Cine Veneza 🍿,Cine Veneza 🍿,ChIJf1lL38qlBQcRNXOmsK6FtYE,"R. Serapião de Águiar, 147, Propriá - SE, 49900-000, Brazil",,,SE,,49900000,-10.2088358,-36.837586699999996,"movie_theater,point_of_interest,establishment",movie_theater; point_of_interest; establishment,,google,
Cine Teatro Apolo,Cine Teatro Apolo,ChIJc9BwPGugAAcRhIYuDvsn1zQ,"R. da Conceição - São Sebastião, Palmares - PE, 55540-000, Brazil",,,PE,,55540000,-8.685666000000001,-35.5894806,"movie_theater,performing_arts_theater,event_venue,point_of_interest,establishment",movie_theater; performing_arts_theater; event_venue; point_of_interest; establishment,,google,
Movieland,Movieland,ChIJWflWFavhYY0RNAsSaiS6mlw,"Av. Presidente Getúlio Vargas, 341 Villa Nova Shopping - Térreo - Central, Macapá - AP, 68900-070, Brazil",,,AP,,68900070,0.0373772,-51.052049,"movie_theater,point_of_interest,establishment",movie_theater; point_of_interest; establishment,,google,
UCI Cinemas,UCI Cinemas,ChIJN5uBm2AFbJIR9qN7aregqgw,"Manauara Shopping - Av. Mário Ypiranga, 1300 - Adrianópolis, Manaus - AM, 69057-002, Brazil",,,AM,,69057002,-3.1041863,-60.0114112,"movie_theater,point_of_interest,establishment",movie_theater; point_of_interest; establishment,,google,
Cine Araújo,Cine Araújo,ChIJ8-dbgLUZbJIRG-_BTMDpR04,"Av.Arquiteto José Henrique Bento Rodrigues 3760 - Santa Etelvina, Manaus - AM, 69059-800, Brazil",,,AM,,69059800,-2.9995768,-60.0026555,"movie_theater,point_of_interest,establishment",movie_theater; point_of_interest; establishment,,google,
Cine Teatro Guarany,Cine Teatro Guarany,ChIJtyo5JI0FbJIRKgPn_iOumV8,"Av. Sete de Setembro - Centro, Manaus - AM, 69010-005, Brazil",,,AM,,69010005,-3.1352016000000003,-60.0165953,"movie_theater,point_of_interest,establishment",movie_theater; point_of_interest; establishment,,google,
Cine Brasília,Cine Brasília,ChIJ9XgRAck6WpMRh-k9dIy3uSY,"SHCS EQS 106/107 - Plano Piloto, Brasília - DF, 70345-400, Brazil",,,DF,,70345400,-15.8141525,-47.899481099999996,"movie_theater,point_of_interest,establishment",movie_theater; point_of_interest; establishment,,google,
CineCultura Liberty Mall,CineCultura Liberty Mall,ChIJ61kwNVI6WpMR2BqWVADxeJk,"SCN Quadra 2 - Liberty Mall - Lj 200 - Asa Norte, Brasília - DF, 70712-904, Brazil",,,DF,,70712904,-15.787095599999999,-47.883963699999995,"movie_theater,point_of_interest,establishment",movie_theater; point_of_interest; establishment,,google,
Cine Drive-In,Cine Drive-In,ChIJBV84EVw6WpMRJJR7tHKHU_s,"Srpn Trecho 1 - Plano Piloto, Brasília - DF, 70297-400, Brazil",,,DF,,70297400,-15.778597699999999,-47.897691599999995,"movie_theater,point_of_interest,establishment",movie_theater; point_of_interest; establishment,,google,
CINE PARANOÁ,CINE PARANOÁ,ChIJvd2PFeIzWpMRrpRudVWCWSM,"58PH5W8R+5Q - C 12 - Taguatinga, Brasília - DF, 72010-120, Brazil",,,DF,,72010120,-15.8345094,-48.058269599999996,"movie_theater,point_of_interest,establishment",movie_theater; point_of_interest; establishment,,google,
Arcoplex Cinema,Arcoplex Cinema,ChIJdSVKde4zWpMR3yykCdlPoWA,"Av. das Araucárias, 1835/2005 - Águas Claras, Brasília - DF, 71936-250, Brazil",,,DF,,71936250,-15.841825499999999,-48.023696799999996,"movie_theater,point_of_interest,establishment",movie_theater; point_of_interest; establishment,,google,
Cine Star,Cine Star,ChIJiVtN_ahfxZIRW6Qqp5D3_Po,"R. Piauí, 580 - Centro, Imperatriz - MA, 65901-600, Brazil",,,MA,,65901600,-5.5259668,-47.4810351,"movie_theater,point_of_interest,establishment",movie_theater; point_of_interest; establishment,,google,
Cinemas Teresina,Cinemas Teresina,ChIJ12WwewE6jgcRpNxbsENGs04,"Av. Raul Lopes, 1000 - Noivos, Teresina - PI, 64046-902, Brazil",,,PI,,64046902,-5.0852756,-42.7890149,"movie_theater,point_of_interest,establishment",movie_theater; point_of_interest; establishment,,google,
Cine Cocais,Cine Cocais,ChIJtyXLung3jgcRyO4Q8fmOdMY,"Av. Piauí, 700 - SL -016 - Centro, Timon - MA, 65630-030, Brazil",,,MA,,65630030,-5.091769,-42.823717699999996,"movie_theater,point_of_interest,establishment",movie_theater; point_of_interest; establishment,,google,
Cinema SESC Deodoro,Cinema SESC Deodoro,ChIJlZlFTACP9gcRxz-HwtjZp_4,"Av. Gomes de Castro - Centro, São Luís - MA, 65020-570, Brazil",,,MA,,65020570,-2.5295742,-44.2948094,"movie_theater,point_of_interest,establishment",movie_theater; point_of_interest; establishment,,google,
IMAX / DeLux UCI Shopping da Bahia,IMAX / DeLux UCI Shopping da Bahia,ChIJU6kOfpkbFgcRlAE7f5hW3LI,"Marginal da Avenida Tancredo Neves, 148 - Caminho das Árvores, Salvador - BA, 41100-800, Brazil",,,BA,,41100800,-12.982411299999999,-38.4635264,"movie_theater,point_of_interest,establishment",movie_theater; point_of_interest; establishment,,google,
Smart City Laguna,Smart City Laguna,ChIJ9akIVO1IxwcRjPOsfeFJOAs,"CE-341 - Croatá, São Gonçalo do Amarante - CE, 60125-071, Brazil",,,CE,,60125071,-3.6833041000000004,-39.1298573,"coworking_space,local_government_office,movie_theater,government_office,general_contractor,point_of_interest,service,establishment",coworking_space; local_government_office; movie_theater; government_office; general_contractor; point_of_interest; service; establishment,,google,
Cine Jardins,Cine Jardins,ChIJPW7m7_MXuAAR-ofvhfhK0ks,"R. Carlos Eduardo Monteiro de Lemos, 262 - Jardim da Penha, Vitória - ES, 29060-120, Brazil",,,ES,,29060120,-20.2891059,-40.2931555,"movie_theater,point_of_interest,establishment",movie_theater; point_of_interest; establishment,,google,
Cine Ritz Perim Center,Cine Ritz Perim Center,ChIJ9XOKngtduQAR5f4WH2JmXzU,"Av. Jones dos Santos Neves, 1372/144 - Caiçara, Cachoeiro de Itapemirim - ES, 29310-346, Brazil",,,ES,,29310346,-20.842506999999998,-41.1562372,"movie_theater,point_of_interest,establishment",movie_theater; point_of_interest; establishment,,google,
Cinerótico,Cinerótico,ChIJoWUwWLA9uAARVeHxAdF_PfI,"Av. República, 142 - Centro, Vitória - ES, 29018-310, Brazil",,,ES,,29018310,-20.3204139,-40.3411806,"movie_theater,point_of_interest,establishment",movie_theater; point_of_interest; establishment,,google,
Cine Metrópolis - UFES,Cine Metrópolis - UFES,ChIJm7GAuAMYuAARNVxvHPVopJg,"Avenida Fernando Ferrari, 514, UFES - Goiabeiras, Vitória - ES, 29075-910, Brazil",,,ES,,29075910,-20.277755,-40.3023879,"movie_theater,point_of_interest,establishment",movie_theater; point_of_interest; establishment,,google,
Cine Ritz São Mateus,Cine Ritz São Mateus,ChIJw-tA3QINygARVe0Da8KAPRk,"Avenida José Tozzi,1831- 1 andar/Shopping - Centro, São Mateus - ES, 29930-000, Brazil",,,ES,,29930000,-18.716897799999998,-39.85696,"movie_theater,point_of_interest,establishment",movie_theater; point_of_interest; establishment,,google,
Palladium IMAX Cinema,Palladium IMAX Cinema,ChIJb2M7dV3j3JQRAO747RcjM3Q,"Av. Pres. Kennedy, 4121 - Portão, Curitiba - PR, 80610-905, Brazil",,,PR,,80610905,-25.4785689,-49.291536099999995,"movie_theater,point_of_interest,establishment",movie_theater; point_of_interest; establishment,,google,
Cine Gama,Cine Gama,ChIJR3mTGC-otwARObeD3bM5H1Q,"Av. Getúlio Vargas, 481 - Centro, Colatina - ES, 29700-011, Brazil",,,ES,,29700011,-19.534491799999998,-40.6277103,"movie_theater,point_of_interest,establishment",movie_theater; point_of_interest; establishment,,google,
"Centro Cultural e Turístico ""Máximo Zandonadi""","Centro Cultural e Turístico ""Máximo Zandonadi""",ChIJf-Qo5MqPuQARXEOzmQ2hdGc,"Rua do Ipê, 38 - Vila Betania, Venda Nova do Imigrante - ES, 29375-000, Brazil",,,ES,,29375000,-20.3216289,-41.1380598,"local_government_office,cultural_center,movie_theater,government_office,point_of_interest,establishment",local_government_office; cultural_center; movie_theater; government_office; point_of_interest; establishment,,google,
Cine A Rio Verde,Cine A Rio Verde,ChIJF3sqhnHbYZMRWoMCj5LXl70,"Av. Pres. Vargas, 1740 - Jardim Goias, Rio Verde - GO, 75903-290, Brazil",,,GO,,75903290,-17.7893203,-50.9195712,"movie_theater,point_of_interest,establishment",movie_theater; point_of_interest; establishment,,google,
Cine Ritz Goiânia,Cine Ritz Goiânia,ChIJzRsGV9_zXpMRFAR_uMY_b_4,"R. 8, 501 - St. Central, Goiânia - GO, 74013-030, Brazil",,,GO,,74013030,-16.674678500000002,-49.2593296,"movie_theater,point_of_interest,establishment",movie_theater; point_of_interest; establishment,,google,
Cinemas Lumière,Cinemas Lumière,ChIJ1TikUq31XpMRIrGWPesQFWo,"Av. Anhanguera, 114-404 - Capuava, Goiânia - GO, 74450-010, Brazil",,,GO,,74450010,-16.6533177,-49.3284533,"movie_theater,point_of_interest,establishment",movie_theater; point_of_interest; establishment,,google,
Cinemais Goiânia - Bougainville,Cinemais Goiânia - Bougainville,ChIJMzPFHy7xXpMRUd1NR-pNCAs,"R. 9, 1855 - 3º Piso - St. Marista, Goiânia - GO, 74150-130, Brazil",,,GO,,74150130,-16.695228,-49.265293199999995,"movie_theater,point_of_interest,establishment",movie_theater; point_of_interest; establishment,,google,
Moviecom Buriti,Moviecom Buriti,ChIJdRfkMbHwXpMRWp-fg9SUFdE,"Shopping Buriti Av. Rio Verde, QUADRAS 102/104, 400 - Vila Sao Tomaz, Aparecida de Goiânia - GO, 74916-270, Brazil",,,GO,,74916270,-16.7422803,-49.277899399999995,"movie_theater,point_of_interest,establishment",movie_theater; point_of_interest; establishment,,google,
Multicine Cinemas,Multicine Cinemas,ChIJheOB8CX0XpMR3nbTMs6hmNY,"Av. Nero Macedo, 400 - Cidade Jardim, Goiânia - GO, 74423-250, Brazil",,,GO,,74423250,-16.6828823,-49.3143768,"movie_theater,point_of_interest,establishment",movie_theater; point_of_interest; establishment,,google,
Cinemais,Cinemais,ChIJcYT0eWWkXpMRApOrBPH8C6E,"Av. Brasil Norte, 505 - ANC-04 - Centro, Anápolis - GO, 75113-570, Brazil",,,GO,,75113570,-16.3240508,-48.94882150000001,"movie_theater,point_of_interest,establishment",movie_theater; point_of_interest; establishment,,google,
CINE ASTOR,CINE ASTOR,ChIJV1XVcd_zXpMRKkI5oQCYk3A,"R. 9, 240 - St. Central, Goiânia - GO, 74013-040, Brazil",,,GO,,74013040,-16.6757667,-49.259620299999995,"movie_theater,point_of_interest,establishment",movie_theater; point_of_interest; establishment,,google,
CINE QUELIPE,CINE QUELIPE,ChIJ6-j3mh5vWpMR02Yba-9Cjw0,"QA, 01 - MC LOTE 01 LOJA 104 - St. Sul, Planaltina - GO, 73753-101, Brazil",,,GO,,73753101,-15.4566506,-47.6147852,"movie_theater,point_of_interest,establishment",movie_theater; point_of_interest; establishment,,google,
Cine Cultura,Cine Cultura,ChIJa6Yz9mTxXpMR5gSfB_a4pPY,"Centro Cultural Marieta Telles Machado - Praça Dr. Pedro Ludovico Teixeira, 2 - Centro, Goiânia - GO, 74003-010, Brazil",,,GO,,74003010,-16.6805237,-49.256005099999996,"movie_theater,point_of_interest,establishment",movie_theater; point_of_interest; establishment,,google,
Mobi Cine Goianésia,Mobi Cine Goianésia,ChIJH5JoQQHBXJMR3x4yL-NBqAs,"Av. Goiás, 633 - Centro, Goianésia - GO, 76380-037, Brazil",,,GO,,76380037,-15.3318244,-49.1171711,"movie_theater,point_of_interest,establishment",movie_theater; point_of_interest; establishment,,google,
Cine Graciano - sala de cinema de rua,Cine Graciano - sala de cinema de rua,ChIJN65dE0qbpgARbg5QhVVe5H4,"R. Itapecerica, 468 - Lagoinha, Belo Horizonte - MG, 31210-030, Brazil",,,MG,,31210030,-19.9088071,-43.9434367,"movie_theater,point_of_interest,establishment",movie_theater; point_of_interest; establishment,,google,
Cine Bangüê,Cine Bangüê,ChIJ_00gykvdrAcR4m3xyWYMNPM,"Espaço Cultural José Lins do Rego - R. Abdias Gomes de Almeida, 800 - Tambauzinho, João Pessoa - PB, 58042-100, Brazil",,,PB,,58042100,-7.1218173,-34.843712599999996,"movie_theater,point_of_interest,establishment",movie_theater; point_of_interest; establishment,,google,
Cinesercla Cinema,Cinesercla Cinema,ChIJ26kqxooerAcR1HtOF0w1HJI,"Partage Shopping - Av. Pref. Severino Bezerra Cabral, 1190 - Lj 114 - Catolé, Campina Grande - PB, 58410-185, Brazil",,,PB,,58410185,-7.235516699999999,-35.870067,"movie_theater,point_of_interest,establishment",movie_theater; point_of_interest; establishment,,google,
Patos Multiplex,Patos Multiplex,ChIJzzl---hhrwcRnzxnD6QwqFU,"R. Horácio Nóbrega - Belo Horizonte, Patos - PB, 58704-000, Brazil",,,PB,,58704000,-7.0218061,-37.2785453,"movie_theater,point_of_interest,establishment",movie_theater; point_of_interest; establishment,,google,
Cine Guedes,Cine Guedes,ChIJ77CF6DtgrwcRiNQskS_vJqc,"R. Pedro Firmino, 470 - Centro, Patos - PB, 58700-070, Brazil",,,PB,,58700070,-7.0280966,-37.2818489,"movie_theater,point_of_interest,establishment",movie_theater; point_of_interest; establishment,,google,
CINE VIEIRA.,CINE VIEIRA.,ChIJT7ku6GtnpQcREOpN1uMvLr8,"R. Pedro Eulâmpio da Silva, São Bento - PB, 58865-000, Brazil",,,PB,,58865000,-6.4985956,-37.451639899999996,"movie_theater,point_of_interest,establishment",movie_theater; point_of_interest; establishment,,google,
Festival Bananeiras de Cinema,Festival Bananeiras de Cinema,ChIJWXFssjsfrAcRvNRd8DX7JgE,"R. Alcebíades Gonçalves Rocha, 130 - Pres. Medici, Campina Grande - PB, 58417-335, Brazil",,,PB,,58417335,-7.248657000000001,-35.9068794,"movie_theater,point_of_interest,establishment",movie_theater; point_of_interest; establishment,,google,
Cinevip Cinema,Cinevip Cinema,ChIJ9ZiaJRXHeZMR1gqje_xQ3zQ,"Av. Lions Internacional, 1950 - Parque Sagrada Família, Rondonópolis - MT, 78735-000, Brazil",,,MT,,78735000,-16.4722461,-54.6081309,"movie_theater,point_of_interest,establishment",movie_theater; point_of_interest; establishment,,google,
Cinexin Cinema Lucas do Rio Verde,Cinexin Cinema Lucas do Rio Verde,ChIJgTpUIgHzoJMRXzcnpYs8gxQ,"Av. Brasil, 520 - Alvorada, Lucas do Rio Verde - MT, 78455-000, Brazil",,,MT,,78455000,-13.085226899999999,-55.9201115,"movie_theater,point_of_interest,establishment",movie_theater; point_of_interest; establishment,,google,
Cine Vila Rica,Cine Vila Rica,ChIJH3PdUQA1dpMR7CcesZxd0v0,"Av. Mal. Candido Rondon, 1600 - Centro, Campo Verde - MT, 78840-000, Brazil",,,MT,,78840000,-15.5393719,-55.1648966,"movie_theater,point_of_interest,establishment",movie_theater; point_of_interest; establishment,,google,
Cinexin Cinema | Praça Barão,Cinexin Cinema | Praça Barão,ChIJgbfoXIL_mpMREifSBXAJ_vs,"Praça Barão do Rio Branco, 184 - Centro, Cáceres - MT, 78200-000, Brazil",,,MT,,78200000,-16.064972,-57.6876047,"movie_theater,point_of_interest,establishment",movie_theater; point_of_interest; establishment,,google,
Cinema Cine Xin | Pontes e Lacerda,Cinema Cine Xin | Pontes e Lacerda,ChIJ2Z3rSsvvlpMRO34zf52iCh4,"Av. Tancredo Neves, C - 541 - PARQUE SANTA CRUZ, Pontes e Lacerda - MT, 78250-000, Brazil",,,MT,,78250000,-15.2270757,-59.3256246,"movie_theater,point_of_interest,establishment",movie_theater; point_of_interest; establishment,,google,
Cine Teatro Vila Rica,Cine Teatro Vila Rica,ChIJfYpSRsold5MRx-HY0eMjUPM,"R. Rondonópolis, 351 - Primavera I, Primavera do Leste - MT, 78850-000, Brazil",,,MT,,78850000,-15.5584526,-54.299262899999995,"movie_theater,point_of_interest,establishment",movie_theater; point_of_interest; establishment,,google,
Cine Floresta (Guarantã),Cine Floresta (Guarantã),ChIJXam1USAtB5MRVqpiZzeMR3Y,"Av. Pioneiro Jose Nelson Coutinho, 2738-2804 - Cristo Rei, Guarantã do Norte - MT, 78520-000, Brazil",,,MT,,78520000,-9.938962499999999,-54.9028323,"movie_theater,point_of_interest,establishment",movie_theater; point_of_interest; establishment,,google,
Cinema do Rondon Plaza Shopping,Cinema do Rondon Plaza Shopping,ChIJSVyQ4gfIeZMRfu6-7kw8o9E,"Av. Gov. Júlio José de Campos - Res. Sagrada Familia, Rondonópolis - MT, 78735-330, Brazil",,,MT,,78735330,-16.4726522,-54.608354999999996,"movie_theater,point_of_interest,establishment",movie_theater; point_of_interest; establishment,,google,
Cine Floresta,Cine Floresta,ChIJqxo79KMxqpMRHrlJkphFVqk,"Av. Ariosto da Riva, 2519 - Sl 18 - Centro, Alta Floresta - MT, 78580-000, Brazil",,,MT,,78580000,-9.8779969,-56.0866999,"movie_theater,point_of_interest,establishment",movie_theater; point_of_interest; establishment,,google,
Cine 163,Cine 163,ChIJA0CxcgApoJMRE13xfHqhLaw,"Av. Brasil, 2808 - Jardim Eldorado, Nova Mutum - MT, 78454-174, Brazil",,,MT,,78454174,-13.8378927,-56.105919099999994,"movie_theater,point_of_interest,establishment",movie_theater; point_of_interest; establishment,,google,
Moviecom,Moviecom,ChIJdbWodQDVCZMRmKjoEUeedGw,"Av. Alexandre Ferronato, 800 - St. Industrial, Sinop - MT, 78557-247, Brazil",,,MT,,78557247,-11.8618467,-55.4881708,"movie_theater,point_of_interest,establishment",movie_theater; point_of_interest; establishment,,google,
Cine Laser Cinemas - Tangará da Serra (Tangará Shopping),Cine Laser Cinemas - Tangará da Serra (Tangará Shopping),ChIJjWbg1Fb7mJMRHCwCu2pgwt4,"Av. Nilo Torres, 751 - W - Pq Leblon, Tangará da Serra - MT, 78300-000, Brazil",,,MT,,78300000,-14.6184636,-57.496428599999994,"movie_theater,point_of_interest,establishment",movie_theater; point_of_interest; establishment,,google,
Cine Laser Cinemas - Park Shopping Sorriso,Cine Laser Cinemas - Park Shopping Sorriso,ChIJdyfCWQCzoJMRjyUFM9tiayk,"Av. Tancredo Neves, 543 - Centro Sul, Sorriso - MT, 78896-062, Brazil",,,MT,,78896062,-12.5517205,-55.720243499999995,"movie_theater,point_of_interest,establishment",movie_theater; point_of_interest; establishment,,google,
CINE LASER Barra do Garças,CINE LASER Barra do Garças,ChIJGXAS8zNvZZMRtey-zqJyIjc,"Av. Valdon Varjão, 2077 - Centro, Barra do Garças - MT, 78600-000, Brazil",,,MT,,78600000,-15.885831699999999,-52.2720326,"movie_theater,point_of_interest,establishment",movie_theater; point_of_interest; establishment,,google,
Cine Movieplex,Cine Movieplex,ChIJmSlF7i0bnAcRfvBnD1BtjTk,"Av. Senador Helvídio Nunes, 14012-14134 - Jardim Natal, Picos - PI, 64600-000, Brazil",,,PI,,14012141,-7.076145899999999,-41.4897492,"movie_theater,point_of_interest,establishment",movie_theater; point_of_interest; establishment,,google,
Cineflix Partage Norte Shopping Natal,Cineflix Partage Norte Shopping Natal,ChIJg9ysbUurswcRdUIJ74jDQUI,"Av. Dr. João Medeiros Filho, 2395 - Lj 230 A - Potengi, Natal - RN, 59510-200, Brazil",,,RN,,59510200,-5.757638099999999,-35.246827499999995,"movie_theater,point_of_interest,establishment",movie_theater; point_of_interest; establishment,,google,
Cine Panorama,Cine Panorama,ChIJ1QYFGwABswcRgzbc6mnJvLE,"R. São João de Deus - Rocas, Natal - RN, 59010-600, Brazil",,,RN,,59010600,-5.7708851999999995,-35.2026713,"movie_theater,point_of_interest,establishment",movie_theater; point_of_interest; establishment,,google,
Cineland Caicó,Cineland Caicó,ChIJFe14l0vtrwcRSVUEVr5eWRs,"Av. Seridó, 659 - 3º piso - Centro, Caicó - RN, 59300-000, Brazil",,,RN,,59300000,-6.4612928,-37.0971329,"movie_theater,point_of_interest,establishment",movie_theater; point_of_interest; establishment,,google,
Theatro Cinema Guarany,Theatro Cinema Guarany,ChIJsbAeSWACpwcR3KhOcl7Nu2I,"Praça Carolino Campos - R. Manoel Pereira Lima, 265 - Triunfo, PE, 56870-000, Brazil",,,PE,,56870000,-7.837222199999999,-38.1038889,"movie_theater,philharmonic_hall,tourist_attraction,cultural_center,point_of_interest,establishment",movie_theater; philharmonic_hall; tourist_attraction; cultural_center; point_of_interest; establishment,,google,
Antigo cinema,Antigo cinema,ChIJQ3hZODN1qgcReGizQBaueJs,"R. Fernando Augusto Pinto Ribeiro, Joaquim Nabuco - PE, 55535-000, Brazil",,,PE,,55535000,-8.6257208,-35.5262899,"movie_theater,point_of_interest,establishment",movie_theater; point_of_interest; establishment,,google,
Cine Aurélio,Cine Aurélio,ChIJpRvrFlt4qQcRq1stz8W_8x8,"R. João Pereira Tabosa, 152, Toritama - PE, 55125-000, Brazil",,,PE,,55125000,-8.0084328,-36.0550828,"movie_theater,point_of_interest,establishment",movie_theater; point_of_interest; establishment,,google,
Cine Araújo - Cine Porto Velho,Cine Araújo - Cine Porto Velho,ChIJad5tfa1cMpIR1FBq0N5p7bo,"Av. Rio Madeira, 3288 - Flodoaldo Pontes Pinto, Porto Velho - RO, 76820-408, Brazil",,,RO,,76820408,-8.7492038,-63.8757543,"movie_theater,point_of_interest,establishment",movie_theater; point_of_interest; establishment,,google,
Cine Milani,Cine Milani,ChIJ6yALyxGbyZMRh4gxq7Gkq8w,"R. Seis de Maio, 1126 - Bairro Centro, Ji-Paraná - RO, 76900-052, Brazil",,,RO,,76900052,-10.8812678,-61.9491721,"movie_theater,point_of_interest,establishment",movie_theater; point_of_interest; establishment,,google,
Cine Laser Cinemas - Ariquemes (IG Shopping),Cine Laser Cinemas - Ariquemes (IG Shopping),ChIJ7VesPYSQzJMROv8oT4eLboU,"Av. Cap. Silvio, 3790 - Jardim Jorge Teixeira, Ariquemes - RO, 76876-678, Brazil",,,RO,,76876678,-9.9241032,-63.0329569,"movie_theater,point_of_interest,establishment",movie_theater; point_of_interest; establishment,,google,
Cine Laser Cinemas - Ji-Paraná (IG Shopping),Cine Laser Cinemas - Ji-Paraná (IG Shopping),ChIJtdPvnF6ayZMRuf-13-n_Kcg,"Av. das Seringueiras, 1 - Cafezinho, Ji-Paraná - RO, 76913-164, Brazil",,,RO,,76913164,-10.8937543,-61.9158997,"movie_theater,point_of_interest,establishment",movie_theater; point_of_interest; establishment,,google,
Cine Laser Cinemas - Cacoal (Cacoal Shopping),Cine Laser Cinemas - Cacoal (Cacoal Shopping),ChIJj-CriEUvyJMRJTRaWfY3qpA,"R. Antônio Deodato Durce, 3500 - Floresta, Cacoal - RO, 76965-802, Brazil",,,RO,,76965802,-11.4402521,-61.4350184,"movie_theater,service,point_of_interest,establishment",movie_theater; service; point_of_interest; establishment,,google,
Cineflix Shopping Curitiba,Cineflix Shopping Curitiba,ChIJzfKmTgDl3JQRfVmVT5p6EXI,"R. Brig. Franco, 2300 - Centro, Curitiba - PR, 80250-030, Brazil",,,PR,,80250030,-25.4409909,-49.2774894,"movie_theater,point_of_interest,establishment",movie_theater; point_of_interest; establishment,,google,
UCI Bosque Dos Ipês,UCI Bosque Dos Ipês,ChIJ4b_d6EPohpQREGgGkXnFa6w,"Av. Cônsul Assaf Trad, No 4634 - Parque dos Novos Estados, Campo Grande - MS, 79013-545, Brazil",,,MS,,79013545,-20.3974887,-54.5593644,"movie_theater,point_of_interest,establishment",movie_theater; point_of_interest; establishment,,google,
Cine Campo Grande,Cine Campo Grande,ChIJtR7ABgDnhpQRndB8mX0Molc,"R. 15 de Novembro, 750 - Centro, Campo Grande - MS, 79002-140, Brazil",,,MS,,79002140,-20.4650996,-54.6130521,"movie_theater,point_of_interest,establishment",movie_theater; point_of_interest; establishment,,google,
Cine Araújo,Cine Araújo,ChIJN8jVUi6oiZQRIuqHjMww0Cc,"Av. Marcelino Pires, 3600 - Cabeceira Alegre, Dourados - MS, 79801-004, Brazil",,,MS,,79801004,-22.226975499999998,-54.7935382,"movie_theater,point_of_interest,establishment",movie_theater; point_of_interest; establishment,,google,
UCI,UCI,ChIJAQAADNHphpQRFcc-92sSsdA,"Shopping Bosque dos Ipês - Av. Cônsul Assaf Trad, 4796 - Parque dos Novos Estados, Campo Grande - MS, Brazil",,,,,,-20.3975014,-54.5584468,"movie_theater,point_of_interest,establishment",movie_theater; point_of_interest; establishment,,google,
Moviecom Pátio Belém,Moviecom Pátio Belém,ChIJTdBQmouOpJIRlBtaOcsUCaE,"Tv. Padre Eutíquio, 1078 - Batista Campos, Belém - PA, 66023-710, Brazil",,,PA,,66023710,-1.4579893,-48.4950292,"movie_theater,point_of_interest,establishment",movie_theater; point_of_interest; establishment,,google,
Moviecom Cinemas,Moviecom Cinemas,ChIJFyzDmgaLpJIR_Nq-R6SWi2c,"BR-316, km01 - Castanheira, Belém - PA, 66645-003, Brazil",,,PA,,66645003,-1.4027608,-48.430579900000005,"movie_theater,point_of_interest,establishment",movie_theater; point_of_interest; establishment,,google,
Cine Líbero Luxardo,Cine Líbero Luxardo,ChIJq2vvfoaOpJIR4CGj6ceUZns,"Av. Gentil Bittencourt, 650 - Nazaré, Belém - PA, 66035-340, Brazil",,,PA,,66035340,-1.4559334,-48.4864809,"movie_theater,point_of_interest,establishment",movie_theater; point_of_interest; establishment,,google,
Arcoplex Cinemas,Arcoplex Cinemas,ChIJT4eZWm3M2JQRT8mr8sIRhOQ,"R. Samuel Heusi, 234 - Centro, Itajaí - SC, 88301-320, Brazil",,,SC,,88301320,-26.903615799999997,-48.6603901,"movie_theater,point_of_interest,establishment",movie_theater; point_of_interest; establishment,,google,
Yanomax,Yanomax,ChIJTUI3DwAJk40RHM-MNmAolXU,"Av. Ville Roy, 1544 - Caçari, Boa Vista - RR, 69307-725, Brazil",,,RR,,69307725,2.8549626999999997,-60.644958700000004,"movie_theater,point_of_interest,establishment",movie_theater; point_of_interest; establishment,,google,
Cinema do Centro (Cine Walmir Almeida),Cinema do Centro (Cine Walmir Almeida),ChIJs5aXdnCzGgcRwf7Ut-gC_yQ,"Praça Gen. Valadão, 134 - Centro, Aracaju - SE, 49010-520, Brazil",,,SE,,49010520,-10.9090971,-37.0482959,"movie_theater,point_of_interest,establishment",movie_theater; point_of_interest; establishment,,google,
Cinesercla,Cinesercla,ChIJKZTDKQCxGgcRziPHsVPJDxM,"Av. Melício Machado - Aruana, Aracaju - SE, 49038-445, Brazil",,,SE,,49038445,-11.018497199999999,-37.0845038,"movie_theater,point_of_interest,establishment",movie_theater; point_of_interest; establishment,,google,
Cine Green Space,Cine Green Space,ChIJ-1p01SWzGgcRcYMe4Qz-VV8,"Rua divina pastora ,411 (bem no - Centro, Aracaju - SE, 49010-000, Brazil",,,SE,,49010000,-10.909115199999999,-37.053075,"movie_theater,point_of_interest,establishment",movie_theater; point_of_interest; establishment,,google,
Avelan Cine,Avelan Cine,ChIJUSWOszh5DwcRjJiSYv9keNQ,"Avelan Shopping, Av. Lourival Batista, 420 - avelan terceiro piso - Centro, Nossa Sra. da Glória - SE, 49680-000, Brazil",,,SE,,49680000,-10.220671699999999,-37.4226917,"movie_theater,point_of_interest,establishment",movie_theater; point_of_interest; establishment,,google,
Cinemark,Cinemark,ChIJdQrTThfLJJMRouFGJWsIJbM,"Q. 107 Norte Avenida NS 5, 107 - Plano Diretor Norte, Palmas - TO, 77001-098, Brazil",,,TO,,77001098,-10.181567699999999,-48.348006500000004,"movie_theater,point_of_interest,establishment",movie_theater; point_of_interest; establishment,,google,
CineSercla - Palmas Shopping,CineSercla - Palmas Shopping,ChIJg9Y3MQDLJJMRxc2juvSoTFI,"Q. 101 Sul Rua NS A, 10 - Plano Diretor Sul, Palmas - TO, 77015-004, Brazil",,,TO,,77015004,-10.189451199999999,-48.3358134,"movie_theater,point_of_interest,establishment",movie_theater; point_of_interest; establishment,,google,
Cine Cultura - Cinema,Cine Cultura - Cinema,ChIJNYnYHU3LJJMRwI2u6JEF9kA,"Q. 302 Sul, Área Verde, S/N - Plano Diretor Sul, Palmas - TO, 77016-524, Brazil",,,TO,,77016524,-10.199319,-48.331987899999994,"movie_theater,point_of_interest,establishment",movie_theater; point_of_interest; establishment,,google,
Cunhã Porã Filmes,Cunhã Porã Filmes,ChIJ7e1rVIvNJJMRf6YIJXGvxfA,"ARSE 13 - Q. 108 Sul Alameda 6, N° 24 - Plano Diretor Sul, Palmas - TO, 77020-106, Brazil",,,TO,,77020106,-10.186385099999999,-48.3174133,"movie_theater,point_of_interest,establishment",movie_theater; point_of_interest; establishment,,google,
Mobi Cine - Araguaína,Mobi Cine - Araguaína,ChIJzR_KC7oN2ZIR3TZp28wV_og,"Av. Marginal Neblina, SN - Lot. Alaska, Araguaína - TO, 77817-805, Brazil",,,TO,,77817805,-7.1980667,-48.2158253,"movie_theater,point_of_interest,establishment",movie_theater; point_of_interest; establishment,,google,
Mobi Cine Gurupi,Mobi Cine Gurupi,ChIJNeKA5Q-VPpMRoDu3n4t-Aw4,"Av. Maranhão, 2335 - Vila Mariano, Gurupi - TO, 77410-020, Brazil",,,TO,,77410020,-11.733264100000001,-49.0707188,"movie_theater,point_of_interest,establishment",movie_theater; point_of_interest; establishment,,google,
Teatro de Arena Ocupação Cultural,Teatro de Arena Ocupação Cultural,ChIJRcbHeACNf5ERJoLfIJ1ZKf4,"R. Maj. Ladislau Ferreira - Jardim Nazle, Rio Branco - AC, Brazil",,,,,,-9.9693835,-67.82968749999999,"movie_theater,event_venue,point_of_interest,establishment",movie_theater; event_venue; point_of_interest; establishment,,google,
Saci Filmes,Saci Filmes,ChIJhRRcE2aMf5ER7FHpWqoaUJg,"Loteamento São José - R. Hechem Farhat, 35, R. Hechem Farhat, 44 - Vila Ivonete, Rio Branco - AC, 69918-584, Brazil",,,AC,,69918584,-9.950293799999999,-67.8198122,"movie_theater,service,point_of_interest,establishment",movie_theater; service; point_of_interest; establishment,,google,
Fórum Audiovisual Acre,Fórum Audiovisual Acre,ChIJ93U6TTqNf5ERu2VCK-EUg3w,"R. dos Engenheiros - Conj. Paulo C de Oliveira, Rio Branco - AC, 69919-053, Brazil",,,AC,,69919053,-9.961827699999999,-67.8413482,"movie_theater,point_of_interest,establishment",movie_theater; point_of_interest; establishment,,google,
Cinema Rio de Janeiro,Cinema Rio de Janeiro,ChIJXTQPQADDmwARuE56O6W_CNo,"Rua Almirante Ary Rongel, 221 - Recreio dos Bandeirantes, Rio de Janeiro - RJ, 22790-430, Brazil",,,RJ,,22790430,-23.019118,-43.476135,"movie_theater,point_of_interest,establishment",movie_theater; point_of_interest; establishment,,google,
CINEA 2022,CINEA 2022,ChIJvQS748xFAQcRTiWiEssHB3U,"Av. Brigadeiro Eduardo Gomes de Brito, 546 - Jatiúca, Maceió - AL, 57038-230, Brazil",,,AL,,57038230,-9.6391154,-35.698827099999995,"movie_theater,point_of_interest,establishment",movie_theater; point_of_interest; establishment,,google,
Nacional Filme ed,Nacional Filme ed,ChIJ7YILqQo3AQcRGYCe9o_vjGU,"Cidade de Deus - Q. J, 254 - Santos Dumont, Maceió - AL, 57075-110, Brazil",,,AL,,57075110,-9.515668,-35.8061352,"movie_theater,point_of_interest,establishment",movie_theater; point_of_interest; establishment,,google,
Local da Paixão de Cristo Totus Tuus,Local da Paixão de Cristo Totus Tuus,ChIJZfUNVwBJAQcRYrPjWYZMgI4,"Clima Bom, Maceió - AL, 57063-505, Brazil",,,AL,,57063505,-9.5827639,-35.775838900000004,"movie_theater,event_venue,point_of_interest,establishment",movie_theater; event_venue; point_of_interest; establishment,,google,
Cine Globo Ijui,Cine Globo Ijui,ChIJVfWFJLkt_JQRowiD3__HssU,"Rua Álvaro Chaves, 650 - Centro, Ijuí - RS, 98700-000, Brazil",,,RS,,98700000,-28.385607999999998,-53.920218399999996,"movie_theater,point_of_interest,establishment",movie_theater; point_of_interest; establishment,,google,
Cine Imperator 3D,Cine Imperator 3D,ChIJx0VmdqrhYY0R9Uqf0dypsbU,"Av. Felíciano Coelho, 424 - Trem, Macapá - AP, 68901-025, Brazil",,,AP,,68901025,0.029149,-51.0575653,"movie_theater,point_of_interest,establishment",movie_theater; point_of_interest; establishment,,google,
GNC Cinemas,GNC Cinemas,ChIJ_2coIPq12JQRaMkZmyXNR0o,"Av. Santa Catarina, 1 - Estados, Balneário Camboriú - SC, 88339-005, Brazil",,,SC,,88339005,-26.9925523,-48.647607099999995,"movie_theater,point_of_interest,establishment",movie_theater; point_of_interest; establishment,,google,
Arcoplex,Arcoplex,ChIJ2bdZAaU1J5URFxVzeemnPqo,"Av. Atílio Pedro Pagani, 270 - Caminho Novo, Palhoça - SC, 88132-149, Brazil",,,SC,,88132149,-27.6420541,-48.672145099999994,"movie_theater,point_of_interest,establishment",movie_theater; point_of_interest; establishment,,google,
GNC Cinemas - Nações Shopping,GNC Cinemas - Nações Shopping,ChIJmYzJN-Z4IZURFc5q3hIjElM,"Av. Jorge Elias de Lucca, 765 - Nossa Sra. da Salete, Criciúma - SC, 88813-901, Brazil",,,SC,,88813901,-28.6844029,-49.3338335,"movie_theater,point_of_interest,establishment",movie_theater; point_of_interest; establishment,,google,
Arcoplex Cinemas,Arcoplex Cinemas,ChIJq6qqmVWU3pQRvy46ByxDWE4,"Av. Getúlio Vargas, 268 - Centro, Jaraguá do Sul - SC, 89251-970, Brazil",,,SC,,89251970,-26.4793648,-49.084712,"movie_theater,point_of_interest,establishment",movie_theater; point_of_interest; establishment,,google,
Cine Uniplex Criciúma,Cine Uniplex Criciúma,ChIJu3h2ej15IZURMNA9pCOe7w0,"Av. Gabriel Zanette, 1455 - Próspera, Criciúma - SC, 88815-060, Brazil",,,SC,,88815060,-28.681998300000004,-49.3492934,"movie_theater,point_of_interest,establishment",movie_theater; point_of_interest; establishment,,google,
GNC Cinemas - Shopping Neumarkt Blumenau,GNC Cinemas - Shopping Neumarkt Blumenau,ChIJ4xhYs8MY35QRWSMLYB9Uxsw,"Shopping Neumarkt - R. 7 de Setembro, 1213 - Lj 214 - Centro, Blumenau - SC, 89010-911, Brazil",,,SC,,89010911,-26.920397899999998,-49.0699531,"movie_theater,point_of_interest,establishment",movie_theater; point_of_interest; establishment,,google,
Grupo Cine,Grupo Cine,ChIJ0esZj0ZO4ZQRq2fWKLtUZY0,"Av. Dom Pedro II, 35 - Centro, Videira - SC, 89560-000, Brazil",,,SC,,89560000,-27.0053722,-51.1539694,"movie_theater,point_of_interest,establishment",movie_theater; point_of_interest; establishment,,google,
GNC Cinemas - Shopping Garten,GNC Cinemas - Shopping Garten,ChIJSbHXzqSv3pQRLohHYwG3jkU,"Av. Rolf Wiest, 333 - Bom Retiro, Joinville - SC, 89223-005, Brazil",,,SC,,89223005,-26.254259899999997,-48.8538056,"movie_theater,store,point_of_interest,establishment",movie_theater; store; point_of_interest; establishment,,google,
Cine Gracher - Shopping Gracher,Cine Gracher - Shopping Gracher,ChIJFY6llZ5H35QRnMoskx4huXo,"Av. Cônsul Carlos Renaux, 56 - Centro 1, Brusque - SC, 88350-002, Brazil",,,SC,,88350002,-27.097839999999998,-48.915966,"movie_theater,point_of_interest,establishment",movie_theater; point_of_interest; establishment,,google,
Cine Gracher Havan Joaçaba,Cine Gracher Havan Joaçaba,ChIJk_pjm7_x45QRrtElMKOqk3E,"Loja HAVAN - Joaçaba, SC, 89600-000, Brazil",,,SC,,89600000,-27.174434599999998,-51.5157472,"movie_theater,point_of_interest,establishment",movie_theater; point_of_interest; establishment,,google,
Arcoplex,Arcoplex,ChIJM9ixAD0f35QRr6UsqNnTX8U,"Rodovia Paul Fritz Kuehnrich, 1600 - Itoupava Norte, Blumenau - SC, 89052-381, Brazil",,,SC,,89052381,-26.8875,-49.0683333,"movie_theater,point_of_interest,establishment",movie_theater; point_of_interest; establishment,,google,
Cinema Fraiburgo,Cinema Fraiburgo,ChIJtyWAr8g74ZQR8i0pyOXiMv4,"Avenida Anita Garibaldi, número 461 - São JOSÉ, Fraiburgo - SC, 89580-000, Brazil",,,SC,,89580000,-27.0283657,-50.912290399999996,"movie_theater,point_of_interest,establishment",movie_theater; point_of_interest; establishment,,google,
Cine Peperi Itapiranga,Cine Peperi Itapiranga,ChIJHYpHbAC3-5QROoxv-m22CWY,"R. São Bonifácio, 280, Itapiranga - SC, 89896-000, Brazil",,,SC,,89896000,-27.1723572,-53.7132442,"movie_theater,point_of_interest,establishment",movie_theater; point_of_interest; establishment,,google,
Casa do Acervo Cinemateca Catarinense,Casa do Acervo Cinemateca Catarinense,ChIJg_vk1yQ4J5UR57O2xqm1sfk,"R. Sete de Setembro, 222 - Joaçaba, SC, 89600-000, Brazil",,,SC,,89600000,-27.1725268,-51.5060606,"movie_theater,point_of_interest,establishment",movie_theater; point_of_interest; establishment,,google,
Cinema Della Giustina,Cinema Della Giustina,ChIJq6qqqp-CIZURwmkrSt2cBCI,"Praça Dr. Nereu Ramos, 364 - Centro, Criciúma - SC, 88801-505, Brazil",,,SC,,88801505,-28.6785308,-49.3699556,"movie_theater,point_of_interest,establishment",movie_theater; point_of_interest; establishment,,google,
Multicine Cinema,Multicine Cinema,ChIJ90sQ6c1JJ5URIqqN2t9ABZw,"R. Gerôncio Thives, 1079 - Barreiros, São José - SC, 88117-900, Brazil",,,SC,,88117900,-27.5863226,-48.6140811,"movie_theater,point_of_interest,establishment",movie_theater; point_of_interest; establishment,,google,
Cine Uniplex Shopping Cidade das Flores - Joinville,Cine Uniplex Shopping Cidade das Flores - Joinville,ChIJo2cPJuex3pQRagAI1kQ_twQ,"R. Mário Lobo, 106 - Centro, Joinville - SC, 89201-330, Brazil",,,SC,,89201330,-26.2993091,-48.8486299,"movie_theater,point_of_interest,establishment",movie_theater; point_of_interest; establishment,,google,
Cine Lúmine,Cine Lúmine,ChIJB3ezF_y15pQRiszz2POIDw4,"R. Onio Pedrassani, 645 - Centro, Caçador - SC, 89500-000, Brazil",,,SC,,89500000,-26.7795825,-51.017444399999995,"movie_theater,point_of_interest,establishment",movie_theater; point_of_interest; establishment,,google,
Cine + Arte Criciúma,Cine + Arte Criciúma,ChIJsUCf0YCCIZURBflCl5OjLNg,"Shopping Della - R. Mal. Floriano Peixoto, 220 - Centro, Criciúma - SC, 88801-040, Brazil",,,SC,,88801040,-28.6786037,-49.369997299999994,"movie_theater,point_of_interest,establishment",movie_theater; point_of_interest; establishment,,google,
Ybá Pitanga Cineclube,Ybá Pitanga Cineclube,ChIJlXeuV88XFgcRyJK3v6Xk9yA,"Cine Teatro - Praça João Thiago dos Santos, S/N - Centro, Lauro de Freitas - BA, 42700-000, Brazil",,,BA,,42700000,-12.896378499999999,-38.3244209,"movie_theater,point_of_interest,establishment",movie_theater; point_of_interest; establishment,,google,
Sunset Cine Santa Clara,Sunset Cine Santa Clara,ChIJzROA7B0LOQcRr41J2CeCTH4,"Galeria Cine - Av. Soares Lopes, 908 - terreo - Santa Clara, Ilhéus - BA, 45652-065, Brazil",,,BA,,45652065,-14.7937291,-39.0320883,"movie_theater,point_of_interest,establishment",movie_theater; point_of_interest; establishment,,google,
Espaço Arthur 3.0 De Cinema e Teatro Do Laboratório de Poções Mágicas,Espaço Arthur 3.0 De Cinema e Teatro Do Laboratório de Poções Mágicas,ChIJJeO-BwAZbJIRzyjaIKiW36s,"R. do Cate - Lago Azul, Manaus - AM, Brazil",,,,,,-2.9678432999999997,-60.015079,"movie_theater,point_of_interest,establishment",movie_theater; point_of_interest; establishment,,google,
Casa Do Cinema,Casa Do Cinema,ChIJkZnvmGIFbJIRR2bxzVRKBtQ,"R. Ferreira Pena, 145 - Centro, Manaus - AM, 69025-010, Brazil",,,AM,,69025010,-3.1284235999999996,-60.025458799999996,"movie_theater,point_of_interest,establishment",movie_theater; point_of_interest; establishment,,google,
Topfilmes2025,Topfilmes2025,ChIJPxopk4cFbJIRxztUauCiBr8,"Av. Parintins - Cachoeirinha, Manaus - AM, 69065-050, Brazil",,,AM,,69065050,-3.1230834,-60.004604699999994,"movie_theater,point_of_interest,establishment",movie_theater; point_of_interest; establishment,,google,
Anfiteatro Jorge Teixeira 1,Anfiteatro Jorge Teixeira 1,ChIJa9mp89QbbJIRVJvte6Bf8_E,"R. dos Trevos, 320 - Jorge Teixeira 1 - Jorge Teixeira, Manaus - AM, 69088-460, Brazil",,,AM,,69088460,-3.0442926999999997,-59.9370483,"movie_theater,event_venue,point_of_interest,establishment",movie_theater; event_venue; point_of_interest; establishment,,google,
César Produções AM,César Produções AM,ChIJkXlwvOQRbJIRmSrZY_H6BBs,"R. Amazonas - Compensa, Manaus - AM, 69035-510, Brazil",,,AM,,69035510,-3.0895333,-60.0609202,"movie_theater,point_of_interest,establishment",movie_theater; point_of_interest; establishment,,google,
Eric,Eric,ChIJ6UBxrC4RbJIR07kGP5L92fs,"R. Cananore - Chapada, Manaus - AM, 69050-049, Brazil",,,AM,,69050049,-3.0879984,-60.028442600000005,"movie_theater,point_of_interest,establishment",movie_theater; point_of_interest; establishment,,google,
Cinesercla Manaus,Cinesercla Manaus,ChIJU_iQNgAdbJIRmrGwIHOKCUM,"Distrito Industrial II, Manaus - AM, Brazil",,,,,,-3.0583405999999997,-59.9073563,"movie_theater,point_of_interest,establishment",movie_theater; point_of_interest; establishment,,google,
Tucandeira Films,Tucandeira Films,ChIJt7ejOEIRbJIRNtxKsfNZsZk,"Rua Deusdete Cabral, 08 - Planalto, Manaus - AM, 69044-070, Brazil",,,AM,,69044070,-3.0669599,-60.057551600000004,"movie_theater,point_of_interest,establishment",movie_theater; point_of_interest; establishment,,google,
Horizont Rec - Produtora Audiovisual,Horizont Rec - Produtora Audiovisual,ChIJlUtTUyYFbJIRuUnPRG3mScI,"R. Libertador, 913 - Nossa Sra. das Graças, Manaus - AM, 69053-090, Brazil",,,AM,,69053090,-3.1116957999999997,-60.017890099999995,"movie_theater,consultant,service,point_of_interest,establishment",movie_theater; consultant; service; point_of_interest; establishment,,google,
Cafe e Misterios,Cafe e Misterios,ChIJ__blT24bbJIRTHxVZtKB1Eg,"Res Ozias Monteiro I - Cidade Nova, Manaus - AM, 69090-000, Brazil",,,AM,,69090000,-3.0420536,-59.9955978,"movie_theater,point_of_interest,establishment",movie_theater; point_of_interest; establishment,,google,
Biblioteca Pública Roberto Santos,Biblioteca Pública Roberto Santos,ChIJ29jfxPFbzpQRvJbV9oEuQ9g,"R. Cisplatina, 505 - Ipiranga, São Paulo - SP, 04211-040, Brazil",,,SP,,04211040,-23.5877254,-46.6023973,"movie_theater,library,service,point_of_interest,establishment",movie_theater; library; service; point_of_interest; establishment,,google,
Cine Clube Cine Auditório,Cine Clube Cine Auditório,ChIJU-vzPQCvQAcRI4Z7KcmIP0U,"Av. Rio Branco - Centro, Jequié - BA, 45200-418, Brazil",,,BA,,45200418,-13.858948799999999,-40.083779,"movie_theater,point_of_interest,establishment",movie_theater; point_of_interest; establishment,,google,
Orient Cinemas | Super Mall Cariri,Orient Cinemas | Super Mall Cariri,ChIJf-szZgCDoQcRSN8s3AMCRoQ,"R. Antônio Mota Diniz, 52a - Santa Tereza, Juazeiro do Norte - CE, 63041-145, Brazil",,,CE,,63041145,-7.2222631999999996,-39.3238251,"movie_theater,point_of_interest,establishment",movie_theater; point_of_interest; establishment,,google,
Cine vip Brasilia,Cine vip Brasilia,ChIJrZms6gY7WpMRPS_PNwbpgN4,"CONIC - SDS VENANCIO IV BLOCO Q Lj 2 - Asa Sul, Brasília - DF, 70393-903, Brazil",,,DF,,70393903,-15.795659099999998,-47.884473899999996,"movie_theater,point_of_interest,establishment",movie_theater; point_of_interest; establishment,,google,
"Encenação da Vida, Paixão e Morte de Cristo","Encenação da Vida, Paixão e Morte de Cristo",ChIJCWV-SAAfuAARuc6UIWOY3-A,"R. Pinheiro, 600 - Vista da Serra I, Serra - ES, 29176-368, Brazil",,,ES,,29176368,-20.145243999999998,-40.301866,"movie_theater,event_venue,point_of_interest,establishment",movie_theater; event_venue; point_of_interest; establishment,,google,
Tvs acabo soluções,Tvs acabo soluções,ChIJJdDf5gMduAARbZmCRt-8JbI,"R. Iberê Camargo, 13 - Bicanga, Serra - ES, 29164-755, Brazil",,,ES,,29164755,-20.2123979,-40.2152011,"movie_theater,point_of_interest,establishment",movie_theater; point_of_interest; establishment,,google,
Mulher de Sono,Mulher de Sono,ChIJd7XdBAAfuAARqX89aqa8US8,"RP8M+3X - Taquara I, Serra - ES, 29167-113, Brazil",,,ES,,29167113,-20.1848125,-40.2650625,"movie_theater,point_of_interest,establishment",movie_theater; point_of_interest; establishment,,google,
Tela Plus,Tela Plus,ChIJxz4HFJYfuAARCMaQTZW0HzI,"Rua Sandro Botecelli - Parque Res. Laranjeiras, Serra - ES, 29165-540, Brazil",,,ES,,29165540,-20.197715700000003,-40.2458386,"movie_theater,point_of_interest,establishment",movie_theater; point_of_interest; establishment,,google,
Fogueira Filmes,Fogueira Filmes,ChIJtW9hX6sXuAAR4BM-uA6LYxk,"Av. Hugo Musso, 254 - Praia da Costa, Vila Velha - ES, 29101-280, Brazil",,,ES,,29101280,-20.334903200000003,-40.2834267,"movie_theater,point_of_interest,establishment",movie_theater; point_of_interest; establishment,,google,
Cinemais,Cinemais,ChIJ8YhnHwA9uAARXvqtqmAC-uA,"Santa Inês, Vila Velha - ES, 29106-730, Brazil",,,ES,,29106730,-20.3433522,-40.3115975,"movie_theater,point_of_interest,establishment",movie_theater; point_of_interest; establishment,,google,
REALIZADORES DE CINEMA DO ES.,REALIZADORES DE CINEMA DO ES.,ChIJWzsncL0VuAAR0CFQombL4Hg,"Av. Est. José Júlio de Souza, 1008 - Praia de Itaparica, Vila Velha - ES, 29102-010, Brazil",,,ES,,29102010,-20.3630936,-40.297694299999996,"movie_theater,service,point_of_interest,establishment",movie_theater; service; point_of_interest; establishment,,google,
Casa Cahoeiro,Casa Cahoeiro,ChIJ85Ph6WlduQAREVLX2aCwkpQ,"R. Maria Assunção Ataíde, 19 - Coramara, Cachoeiro de Itapemirim - ES, 29313-420, Brazil",,,ES,,29313420,-20.835611099999998,-41.148722,"movie_theater,point_of_interest,establishment",movie_theater; point_of_interest; establishment,,google,
CinePrime Cinema Anashopping,CinePrime Cinema Anashopping,ChIJwYnWERukXpMROkrj9q6fwPY,"Res. Araujoville, Anápolis - GO, Brazil",,,,,,-16.302107,-48.948636,"movie_theater,point_of_interest,establishment",movie_theater; point_of_interest; establishment,,google,
Alvorada Cinematográfica Internacional,Alvorada Cinematográfica Internacional,ChIJFRIElkLxXpMReBsTlYC_8hE,"R. 0009, 240 - qd 20 lt 32 - Vila Amalia, Rio Verde - GO, 75900-185, Brazil",,,GO,,75900185,-17.8015373,-50.9189442,"movie_theater,point_of_interest,establishment",movie_theater; point_of_interest; establishment,,google,
Cetor 7,Cetor 7,ChIJo8lADVK99gcRjMJiCzd_srY,"R. Humberto de Campos, 246 - Campina, São José de Ribamar - MA, 65110-000, Brazil",,,MA,,65110000,-2.5579213,-44.0596767,"movie_theater,philharmonic_hall,point_of_interest,establishment",movie_theater; philharmonic_hall; point_of_interest; establishment,,google,
Cinesystem Cinemas,Cinesystem Cinemas,ChIJSZFYCAGT9gcRRgujARdnAME,"Av. São Luís Rei de França, 8 - Turu, São Luís - MA, 65065-470, Brazil",,,MA,,65065470,-2.5336575,-44.225435,"movie_theater,point_of_interest,establishment",movie_theater; point_of_interest; establishment,,google,
Tesouro Encantado,Tesouro Encantado,ChIJryREDb6X9gcRj28ePwDDRxQ,"Condomínio Village dos Pássaros IV - Estr. da Boa Viagem, 3 - Quadra 07 - Pindaí, São José de Ribamar - MA, 65110-000, Brazil",,,MA,,65110000,-2.5552981,-44.121247,"movie_theater,point_of_interest,establishment",movie_theater; point_of_interest; establishment,,google,
Mobi Cine Senador Canedo,Mobi Cine Senador Canedo,ChIJyV263V7pXpMRLJ66uxQ3dIQ,"Praça Criativa - Avenida Dom Emanuel-142 - R. Dr. Anuar Auad, Quadra 02 - Lote 03 - Residencial, Sen. Canedo - GO, Brazil",,,,,,-16.6945344,-49.104738399999995,"movie_theater,point_of_interest,establishment",movie_theater; point_of_interest; establishment,,google,
Cinema Mobi Cine Trindade,Cinema Mobi Cine Trindade,ChIJH24B4LVdXpMRidctPUIKkYw,"Av. Rondônia, quadra 14, lote 1 A - Vila João Braz, Trindade - GO, 75380-000, Brazil",,,GO,,75380000,-16.6525385,-49.4848761,"movie_theater,point_of_interest,establishment",movie_theater; point_of_interest; establishment,,google,
Moviecom Cinemas | Super Mall Trindade,Moviecom Cinemas | Super Mall Trindade,ChIJO5UmIwBnXpMR7o3-u0jnLlU,"Jardim Decolores, Trindade - GO, Brazil",,,,,,-16.643208299999998,-49.4612334,"movie_theater,point_of_interest,establishment",movie_theater; point_of_interest; establishment,,google,
Trekking Cerrado,Trekking Cerrado,ChIJyYBhDErzXpMRsjrxWfX5LwA,"Bloco Cora Coralina - Café das Letras - R. Samambaia - Chácaras Califórnia, Goiânia - GO, 74001-970, Brazil",,,GO,,74001970,-16.6030102,-49.2642356,"movie_theater,point_of_interest,establishment",movie_theater; point_of_interest; establishment,,google,
Cinemais,Cinemais,ChIJZc_hnZL3XpMRirLfR1Ae6Sw,"6JHX+H2 - St. Andreia, Goiânia - Goiás, Brazil",,,,,,-16.7710605,-49.352240200000004,"movie_theater,point_of_interest,establishment",movie_theater; point_of_interest; establishment,,google,
Cinema União,Cinema União,ChIJTySJ1uRZXpMRtrSKqDaxWZE,"rua 17, 2 - Res. Buena Vista, Goiânia - GO, 74394-385, Brazil",,,GO,,74394385,-16.7214156,-49.39499,"movie_theater,point_of_interest,establishment",movie_theater; point_of_interest; establishment,,google,
Produtora Stone,Produtora Stone,ChIJWx7HvLH1XpMRqPTLyfei0Hc,"R. do Parque, n° 361 - Quadra 145, Lote Area 03 - Jardim Atlântico, Goiânia - GO, 74343-245, Brazil",,,GO,,74343245,-16.7344995,-49.2936104,"movie_theater,point_of_interest,establishment",movie_theater; point_of_interest; establishment,,google,
Mobi Cine - Escritório,Mobi Cine - Escritório,ChIJ9-_qkJ_lXpMRPXqx-v5fK9c,"R. Seis - Parque Atheneu, Goiânia - GO, Brazil",,,,,,-16.7481743,-49.1993508,"movie_theater,point_of_interest,establishment",movie_theater; point_of_interest; establishment,,google,
DIFILMES,DIFILMES,ChIJc46jnJnzXpMRiV9QRQU8nbs,"R. 20, 1064 - St. Central, Goiânia - GO, 74020-170, Brazil",,,GO,,74020170,-16.6712928,-49.2554149,"movie_theater,manufacturer,point_of_interest,establishment",movie_theater; manufacturer; point_of_interest; establishment,,google,
Sal Marinho Filmes 2,Sal Marinho Filmes 2,ChIJiweoz-bxXpMR9FYAMyPs-Ns,"Jardim Bela Vista, Goiânia - GO, 74000-070, Brazil",,,GO,,74000070,-16.7372641,-49.2347348,"movie_theater,point_of_interest,establishment",movie_theater; point_of_interest; establishment,,google,
Cine Eden,Cine Eden,ChIJy4-_6COP9gcRMFmaRbpnwvc,"R. P, 132 - Centro, São Luís - MA, 65020-250, Brazil",,,MA,,65020250,-2.530573,-44.3022421,"movie_theater,point_of_interest,establishment",movie_theater; point_of_interest; establishment,,google,
Kinoplex,Kinoplex,ChIJq6qqjiSO9gcRZsFC_VrOaek,"Av. Daniel de La Touche, 987 - piso L4 - Loja 401 - Cohama, São Luís - MA, 65074-115, Brazil",,,MA,,65074115,-2.5274136,-44.255304699999996,"movie_theater,point_of_interest,establishment",movie_theater; point_of_interest; establishment,,google,
(Antigo) Cine Monte Castelo,(Antigo) Cine Monte Castelo,ChIJDVOSJeeP9gcRfWuddyzRbEI,"Av. Getúlio Vargas, 23 - Monte Castelo, São Luís - MA, 65020-300, Brazil",,,MA,,65020300,-2.5341782000000004,-44.2786652,"movie_theater,point_of_interest,establishment",movie_theater; point_of_interest; establishment,,google,
ConectPalyFilmes,ConectPalyFilmes,ChIJCYCOQxyP9gcRnXytK_s9yZM,"R. Ribamar Pereira, 54 - Caratatiua, São Luís - MA, 65036-570, Brazil",,,MA,,65036570,-2.5392173,-44.2732846,"movie_theater,point_of_interest,establishment",movie_theater; point_of_interest; establishment,,google,
Câmera 1 Filmes,Câmera 1 Filmes,ChIJH1SGhI6P9gcRWQwh1SBbv_0,"Rua Professor Nascimento de Moraes, n°680 - São Francisco, São Luís - MA, 65076-320, Brazil",,,MA,,65076320,-2.5573764999999997,-44.3036278,"movie_theater,point_of_interest,establishment",movie_theater; point_of_interest; establishment,,google,
FILMAR44 - Produtora de Videos,FILMAR44 - Produtora de Videos,ChIJW1x2DQWT9gcRdn2ncvsT96E,"Av. dos Holandeses, 35b - Olho D'agua, São Luís - MA, 65065-180, Brazil",,,MA,,65065180,-2.4915721,-44.2314393,"movie_theater,point_of_interest,establishment",movie_theater; point_of_interest; establishment,,google,
Sot4ke,Sot4ke,ChIJR0b7Femb9gcRTfgz76nK3bk,"R. Flávio Bezerra, 498b - São Cristovao, São Luís - MA, 65056-210, Brazil",,,MA,,65056210,-2.5733003,-44.2398592,"movie_theater,point_of_interest,establishment",movie_theater; point_of_interest; establishment,,google,
Cinema Multicine - Santa Maria,Cinema Multicine - Santa Maria,ChIJz2_yU02HWZMReDw_pJR51Ck,"Santa Maria Shopping - Av. Alagado Cl 114, s/n - Santa Maria, Brasília - DF, 72544-204, Brazil",,,DF,,72544204,-16.006095,-48.000529099999994,"movie_theater,point_of_interest,establishment",movie_theater; point_of_interest; establishment,,google,
Multicine Cinemas Jatai,Multicine Cinemas Jatai,ChIJA870xoZrYpMRgqz_6PRZYEk,"Av. Pres. Tancredo Neves, 100 - Loja 35 - St. Epaminondas II, Jataí - GO, 75805-123, Brazil",,,GO,,75805123,-17.873322899999998,-51.7314685,"movie_theater,point_of_interest,establishment",movie_theater; point_of_interest; establishment,,google,
Square Two-Sided Film,Square Two-Sided Film,ChIJleA8GneNjgcRaTW41UFLGf8,"Residencial Vila Paraiso - Conjunto Hab., Caxias - MA, Brazil",,,,,,-4.892595099999999,-43.3179113,"movie_theater,point_of_interest,establishment",movie_theater; point_of_interest; establishment,,google,
Cinemais [em breve],Cinemais [em breve],ChIJlWuBfgBDpJQRoFoWIPLrR34,"Av. José Fonseca e Sílva, 324 - Luizote, Uberlândia - MG, 38414-416, Brazil",,,MG,,38414416,-18.915295999999998,-48.3283067,"movie_theater,point_of_interest,establishment",movie_theater; point_of_interest; establishment,,google,
PORTRAIT FILMES | FÁBIO PORTRAIT,PORTRAIT FILMES | FÁBIO PORTRAIT,ChIJzV2Gs11PpJQRsgVq1aGjcBA,"SANTA MÔNICA, Uberlândia - MG, 38400-000, Brazil",,,MG,,38400000,-18.9108385,-48.1971886,"movie_theater,point_of_interest,establishment",movie_theater; point_of_interest; establishment,,google,
Cineart João César,Cineart João César,ChIJGfmLOgCVpgARpC1omySYQNU,"Centro, Contagem - MG, Brazil",,,,,,-19.9249279,-44.0768299,"movie_theater,point_of_interest,establishment",movie_theater; point_of_interest; establishment,,google,
Cine Ritz,Cine Ritz,ChIJzUIHIgDBpgARWjMsrRDI_zU,"São Caetano, Contagem - MG, 32677-644, Brazil",,,MG,,32677644,-19.9359443,-44.1090885,"movie_theater,point_of_interest,establishment",movie_theater; point_of_interest; establishment,,google,
Arranha,Arranha,ChIJj0C1FgCVpgARLdOOsgKbXhg,"R. Rio Comprido, 3037-2989 - Novo Riacho, Contagem - MG, 32280-070, Brazil",,,MG,,32280070,-19.9426686,-44.0652505,"movie_theater,point_of_interest,establishment",movie_theater; point_of_interest; establishment,,google,
Cine D+,Cine D+,ChIJE7xacwCdmAARm7g1lPJltZk,"Av. Brasil, 6345 - Mariano Procópio, Juiz de Fora - MG, 36080-000, Brazil",,,MG,,36080000,-21.7404615,-43.3709704,"movie_theater,point_of_interest,establishment",movie_theater; point_of_interest; establishment,,google,
Vitium,Vitium,ChIJn0eqdKensQARyzO-9hKb1AI,"R. Bruxelas, 74 - Grã-Duquesa, Gov. Valadares - MG, 35057-090, Brazil",,,MG,,35057090,-18.8482919,-41.9557079,"movie_theater,point_of_interest,establishment",movie_theater; point_of_interest; establishment,,google,
Cine Cardume Rodoviária,Cine Cardume Rodoviária,ChIJv5yRbYOZpgARX9k4_6a_2q0,"Praça Rio Branco, 100. Mesanino - Centro, Belo Horizonte - MG, 30110-002, Brazil",,,MG,,30110002,-19.9138499,-43.9421293,"movie_theater,point_of_interest,establishment",movie_theater; point_of_interest; establishment,,google,
Cine Pathé FECHADO,Cine Pathé FECHADO,ChIJe_xN-dqZpgARZtjIn3CKtmU,"Av. Cristóvão Colombo, 315 - Funcionários, Belo Horizonte - MG, 30140-150, Brazil",,,MG,,30140150,-19.937466699999998,-43.9362663,"movie_theater,point_of_interest,establishment",movie_theater; point_of_interest; establishment,,google,
Cine Canal Cinema e Cabines,Cine Canal Cinema e Cabines,ChIJAyXaHwCZpgARFXykCFmSLao,"Rua Guaicurus, 541 - Centro, Belo Horizonte - MG, 30111-060, Brazil",,,MG,,30111060,-19.914917100000004,-43.938621399999995,"movie_theater,point_of_interest,establishment",movie_theater; point_of_interest; establishment,,google,
Cine Ritz Belo Horizonte,Cine Ritz Belo Horizonte,ChIJXxNDBQCXpgAR6n6L8ZLO3PI,"São Bento, Belo Horizonte - MG, 30350-563, Brazil",,,MG,,30350563,-19.962254299999998,-43.956222,"movie_theater,point_of_interest,establishment",movie_theater; point_of_interest; establishment,,google,
Cine Music,Cine Music,ChIJofMXIImXpgARBdX2h5TdXfE,"R. Rodrigues Caldas - Santo Agostinho, Belo Horizonte - MG, 30190-120, Brazil",,,MG,,30190120,-19.931344499999998,-43.9531212,"movie_theater,point_of_interest,establishment",movie_theater; point_of_interest; establishment,,google,
O Lado Fora do Mainstream,O Lado Fora do Mainstream,ChIJzx82pweRpgARY0s-TzICsHI,"R. Doná Cidinha Stussi - Santa Amelia, Belo Horizonte - MG, 31550-330, Brazil",,,MG,,31550330,-19.840975699999998,-43.9846093,"movie_theater,point_of_interest,establishment",movie_theater; point_of_interest; establishment,,google,
Motrix,Motrix,ChIJtcMrEZ2RpgARhDjq4TYZJjc,"Rua Padre Luis Carlos, 148 - Jardim Alvorada, Belo Horizonte - MG, 30810-530, Brazil",,,MG,,30810530,-19.893199499999998,-43.9873969,"movie_theater,point_of_interest,establishment",movie_theater; point_of_interest; establishment,,google,
Tierra Vermelha Audiovisual,Tierra Vermelha Audiovisual,ChIJl91kG6OpiZQRA_eFOlO4QgY,"Parque Alvorada, Dourados - MS, 79823-290, Brazil",,,MS,,79823290,-22.2060346,-54.839376099999996,"movie_theater,point_of_interest,establishment",movie_theater; point_of_interest; establishment,,google,
Cine Laser Cinemas - Cuiabá (Goiabeiras Shopping),Cine Laser Cinemas - Cuiabá (Goiabeiras Shopping),ChIJ2Z-vjraxnZMRhMP3fgZoNyY,"Av. Jose Monteiro de Figueiredo, 500 - 3º Andar - Duque de Caxias, Cuiabá - MT, 78043-900, Brazil",,,MT,,78043900,-15.588096799999999,-56.112383699999995,"movie_theater,point_of_interest,establishment",movie_theater; point_of_interest; establishment,,google,
Cinemix Número 976,Cinemix Número 976,ChIJBS3wtPKxnZMRFYsscpPAsZk,"R. Cmte. Costa, 1615 - Centro Sul, Cuiabá - MT, 78020-400, Brazil",,,MT,,78020400,-15.597793699999999,-56.099995799999995,"movie_theater,point_of_interest,establishment",movie_theater; point_of_interest; establishment,,google,
Cineclube Coxiponés,Cineclube Coxiponés,ChIJT4D6EyuwnZMRKw7_VKR84Lw,"Av. Edgar Vieira, 513-549 - Boa Esperança, Cuiabá - MT, 78060-900, Brazil",,,MT,,78060900,-15.612521,-56.0678592,"movie_theater,point_of_interest,establishment",movie_theater; point_of_interest; establishment,,google,
Lamiré Cinema e Video LTDA,Lamiré Cinema e Video LTDA,ChIJO8q8fimynZMRK17JwXSGjrg,"R. Alm. Henrique Pinheiro Guedes, 625 - Duque de Caxias I, Cuiabá - MT, 78043-306, Brazil",,,MT,,78043306,-15.5893932,-56.1173279,"movie_theater,point_of_interest,establishment",movie_theater; point_of_interest; establishment,,google,
Molêra Filmes,Molêra Filmes,ChIJc6uNIZyxnZMR4bypBmvedAY,"R. Manoel García Velho, 488 - Bandeirantes, Cuiabá - MT, 78010-080, Brazil",,,MT,,78010080,-15.600525999999999,-56.0907267,"movie_theater,point_of_interest,service,establishment",movie_theater; point_of_interest; service; establishment,,google,
Augusto Krebs,Augusto Krebs,ChIJCZaVo4GvnZMR0ifemceuOwY,"R. G, 11 - Jardim Pres. II, Cuiabá - MT, 78090-305, Brazil",,,MT,,78090305,-15.647617899999998,-56.027340699999996,"movie_theater,point_of_interest,establishment",movie_theater; point_of_interest; establishment,,google,
Cumbaru Produções Artísticas,Cumbaru Produções Artísticas,ChIJKY66PSyxnZMRomavYtmCBfI,"R. 40, 14 - Boa Esperança, Cuiabá - MT, 78068-536, Brazil",,,MT,,78068536,-15.612018599999999,-56.064968099999994,"movie_theater,point_of_interest,establishment",movie_theater; point_of_interest; establishment,,google,
UCI Cinemas,UCI Cinemas,ChIJQemiixaLpJIRkfGIYr09Sqw,"Shopping Bosque Grão-Pará - Av. Mangueirão, 1986 - Lj 2001 - Val-de-Cans, Belém - PA, 66635-894, Brazil",,,PA,,66635894,-1.3890015,-48.4646693,"movie_theater,point_of_interest,establishment",movie_theater; point_of_interest; establishment,,google,
Cine Ópera,Cine Ópera,ChIJE1n1tZyOpJIRHU7RgTXOiwI,"Av. Nª Sra. de Nazaré, 1167 - Nazaré, Belém - PA, 66035-170, Brazil",,,PA,,66035170,-1.4520422,-48.4823867,"movie_theater,point_of_interest,establishment",movie_theater; point_of_interest; establishment,,google,
Pub Cine Aventura,Pub Cine Aventura,ChIJw6W_y1KPpJIRU03lm7pcnsc,"Av. Gentil Bittencourt, 1041 - Nazaré, Belém - PA, 66040-174, Brazil",,,PA,,66040174,-1.4552167999999999,-48.483173,"movie_theater,point_of_interest,establishment",movie_theater; point_of_interest; establishment,,google,
FICCA - Festival de Cinema do Caeté,FICCA - Festival de Cinema do Caeté,ChIJt1iLD32LpJIRJw06BlUQADk,"R. da Mata, 366 - Marambaia, Belém - PA, 66623-710, Brazil",,,PA,,66623710,-1.4018049,-48.4501311,"movie_theater,point_of_interest,establishment",movie_theater; point_of_interest; establishment,,google,
Conselho Setorial Audiovisual,Conselho Setorial Audiovisual,ChIJST0ILZGNpJIRTqFGm9p-bxg,"Passagem Profa. Antônia Nunes, 310 - Fátima, Belém - PA, 66060-430, Brazil",,,PA,,66060430,-1.4454515,-48.4747887,"movie_theater,point_of_interest,establishment",movie_theater; point_of_interest; establishment,,google,
AmazôniaFLIX,AmazôniaFLIX,ChIJwww1iXqLpJIRgTNg-J_rZWA,"Tv. São Pedro, 566 - Sl 504 - Batista Campos, Belém - PA, 66023-570, Brazil",,,PA,,66023570,-1.4589995999999998,-48.495810399999996,"movie_theater,point_of_interest,establishment",movie_theater; point_of_interest; establishment,,google,
Anfiteatro da Orla de Icoaraci (Concha Acústica),Anfiteatro da Orla de Icoaraci (Concha Acústica),ChIJx0xX2dplpJIRgKT_WfGn5jk,"Tv. do Cruzeiro, 276 - Cruzeiro, Belém - PA, 66810-010, Brazil",,,PA,,66810010,-1.2940471,-48.487626399999996,"movie_theater,event_venue,point_of_interest,establishment",movie_theater; event_venue; point_of_interest; establishment,,google,
Cinema do Nossa Senhora Auxiliadora,Cinema do Nossa Senhora Auxiliadora,ChIJgT82CQD1pJIRY_5lTp0Ijyk,"R. Chico Mendes, 117 - Filme - R. Chico Mendes, 117 - Águas Brancas, Ananindeua - PA, 67125-750, Brazil",,,PA,,67125750,-1.3824226,-48.368833099999996,"movie_theater,point_of_interest,establishment",movie_theater; point_of_interest; establishment,,google,
Alegria,Alegria,ChIJO-lUJ6j5iJIRw-RzqgEVZbg,"R. Sol Nascente, 112 - Santo André, Santarém - PA, 68022-040, Brazil",,,PA,,68022040,-2.4585111,-54.705122,"movie_theater,point_of_interest,establishment",movie_theater; point_of_interest; establishment,,google,
Cine Nova Campo Grande,Cine Nova Campo Grande,ChIJWdCXMADnhpQREYiVSQM0wM0,"Av. Amaro Castro Lima, 2000 - Vila Nova Campo Grande, Campo Grande - MS, 79106-361, Brazil",,,MS,,79106361,-20.4501751,-54.6955934,"movie_theater,point_of_interest,establishment",movie_theater; point_of_interest; establishment,,google,
Cine Shopping,Cine Shopping,ChIJaxLsGADphpQR66zFLednE0k,"Av. Afonso Pena, 4909 - Santa Fe, Campo Grande - MS, 79031-900, Brazil",,,MS,,79031900,-20.458050399999998,-54.5867424,"movie_theater,point_of_interest,establishment",movie_theater; point_of_interest; establishment,,google,
Cine Duque de Caxias,Cine Duque de Caxias,ChIJibXFdQDnhpQRTjWeMnmOL5g,"R. Brasília, s/n - Jardim Ima, Campo Grande - MS, 79102-050, Brazil",,,MS,,79102050,-20.457815699999998,-54.663905899999996,"movie_theater,point_of_interest,establishment",movie_theater; point_of_interest; establishment,,google,
Cine Santa Helena,Cine Santa Helena,ChIJbdnIVwDnhpQRgSt_ubz042Y,"R. Dom Aquino, 1355 - Centro, Campo Grande - MS, 79002-185, Brazil",,,MS,,79002185,-20.4611757,-54.6182186,"movie_theater,point_of_interest,establishment",movie_theater; point_of_interest; establishment,,google,
Cine Acapulco,Cine Acapulco,ChIJsdpLRQDnhpQRdKulmK35zf0,"Rua 26 de Agosto, 243 - Centro, Campo Grande - MS, 79002-081, Brazil",,,MS,,79002081,-20.4673099,-54.6157219,"movie_theater,point_of_interest,establishment",movie_theater; point_of_interest; establishment,,google,
Cine Center,Cine Center,ChIJGUA5bADnhpQR2DUtB2qMeE4,"R. Barão do Rio Branco, 513 - Amambai, Campo Grande - MS, 79008-060, Brazil",,,MS,,79008060,-20.463555,-54.6236089,"movie_theater,point_of_interest,establishment",movie_theater; point_of_interest; establishment,,google,
Cine Chapecó,Cine Chapecó,ChIJU5ydHwDvhpQRhIHAAv72V4M,"R. Cristal, 33 - Vila Morumbi, Campo Grande - MS, 79052-065, Brazil",,,MS,,79052065,-20.502350099999997,-54.5961706,"movie_theater,point_of_interest,establishment",movie_theater; point_of_interest; establishment,,google,
Cine Plaza,Cine Plaza,ChIJf9sJVgDnhpQRhw-geHSyGsg,"R. Barão do Rio Branco, 513 - Amambai, Campo Grande - MS, 79008-060, Brazil",,,MS,,79008060,-20.463555,-54.6236089,"movie_theater,point_of_interest,establishment",movie_theater; point_of_interest; establishment,,google,
Cine Central,Cine Central,ChIJWWDCGwDnhpQRibBQ_hTQAaU,"Av. Afonso Pena, 602 - Amambai, Campo Grande - MS, 79005-001, Brazil",,,MS,,79005001,-20.4671351,-54.6299109,"movie_theater,point_of_interest,establishment",movie_theater; point_of_interest; establishment,,google,
Cine Cultura,Cine Cultura,ChIJ314VdADnhpQRAuX3VBpKfTA,"Pátio Central - R. Mal. Rondon, 1380 - Centro, Campo Grande - MS, 79002-200, Brazil",,,MS,,79002200,-20.460684,-54.618492100000005,"movie_theater,point_of_interest,establishment",movie_theater; point_of_interest; establishment,,google,
Cine Guarani,Cine Guarani,ChIJDVtURQDnhpQRSoQfgFUA6Aw,"Av. Afonso Pena, 602 - Amambai, Campo Grande - MS, 79005-001, Brazil",,,MS,,79005001,-20.4671351,-54.6299109,"movie_theater,point_of_interest,establishment",movie_theater; point_of_interest; establishment,,google,
Cine Haway,Cine Haway,ChIJibUUVQDphpQRjIfBZuTNopg,"Av. Afonso Pena, 4909 - Santa Fe, Campo Grande - MS, 79031-900, Brazil",,,MS,,79031900,-20.458050399999998,-54.5867424,"movie_theater,point_of_interest,establishment",movie_theater; point_of_interest; establishment,,google,
Cine Rio Branco,Cine Rio Branco,ChIJae9qTADnhpQRFbLMMjy5kRE,"R. Treze de Maio, 2306 - Centro, Campo Grande - MS, 79002-357, Brazil",,,MS,,79002357,-20.4647798,-54.615443899999995,"movie_theater,point_of_interest,establishment",movie_theater; point_of_interest; establishment,,google,
Cine Rodas,Cine Rodas,ChIJyylFOQDlhpQRlT1eiWwK_90,"Av. Arquiteto Vila Nova Artigas, 1409 - Conj. Aero Rancho, Campo Grande - MS, 79084-200, Brazil",,,MS,,79084200,-20.518298599999998,-54.6436669,"movie_theater,point_of_interest,establishment",movie_theater; point_of_interest; establishment,,google,
Cine Rialto,Cine Rialto,ChIJIVOjfQDnhpQR1YM7-uDSs4s,"R. Antônio Maria Coelho, 1119 - Vila Planalto, Campo Grande - MS, 79002-221, Brazil",,,MS,,79002221,-20.4574599,-54.6193062,"movie_theater,point_of_interest,establishment",movie_theater; point_of_interest; establishment,,google,
Cine Estrela,Cine Estrela,ChIJGQWGNADnhpQRAa3n3ijDF9M,"R. Pres. Artur Bernardes, 503 - Vila Almeida, Campo Grande - MS, 79112-390, Brazil",,,MS,,79112390,-20.438089599999998,-54.652299299999996,"movie_theater,point_of_interest,establishment",movie_theater; point_of_interest; establishment,,google,
Cine Ideal,Cine Ideal,ChIJrx5OSADnhpQRRtCnkCPQy5I,"R. Sete de Setembro, 144 - Centro, Campo Grande - MS, 79002-121, Brazil",,,MS,,79002121,-20.4669998,-54.618909699999996,"movie_theater,point_of_interest,establishment",movie_theater; point_of_interest; establishment,,google,
Cine José T-Rex,Cine José T-Rex,ChIJMX_CbQDvhpQR095bLWiXM6g,"Av. Toros Puxian, 444 - Vila Morumbi, Campo Grande - MS, 79052-030, Brazil",,,MS,,79052030,-20.4989727,-54.5926232,"movie_theater,point_of_interest,establishment",movie_theater; point_of_interest; establishment,,google,
Cine Alhambra,Cine Alhambra,ChIJjRvDdADnhpQRP6DEAcBKmhM,"Av. Afonso Pena, 1918 - Centro, Campo Grande - MS, 79002-071, Brazil",,,MS,,79002071,-20.4645765,-54.617773799999995,"movie_theater,point_of_interest,establishment",movie_theater; point_of_interest; establishment,,google,
Cine Trianon,Cine Trianon,ChIJ1b7DTADnhpQRqRQP8f7DI-I,"Rua 14 de Julho, 1701 - Centro, Campo Grande - MS, 79002-335, Brazil",,,MS,,79002335,-20.4656734,-54.6169484,"movie_theater,point_of_interest,establishment",movie_theater; point_of_interest; establishment,,google,
Auto Cine Carros,Auto Cine Carros,ChIJBXafEgDlhpQRlnMRmOWBRl0,"Av. Fund Universidade Federal, 1555 - Pioneiros, Campo Grande - MS, 79070-900, Brazil",,,MS,,79070900,-20.5000403,-54.6099841,"movie_theater,point_of_interest,establishment",movie_theater; point_of_interest; establishment,,google,
Cine Jalisco,Cine Jalisco,ChIJ4xahAgDnhpQREUdgl0h-GPg,"Rua 14 de Julho, 2105 - Centro, Campo Grande - MS, 79002-335, Brazil",,,MS,,79002335,-20.462246699999998,-54.6176995,"movie_theater,point_of_interest,establishment",movie_theater; point_of_interest; establishment,,google,
Cine Brasil Hotel Democrata,Cine Brasil Hotel Democrata,ChIJd51-PwDnhpQRZugyNiGjx_Y,"R. 15 de Novembro, 165 - Centro, Campo Grande - MS, 79002-140, Brazil",,,MS,,79002140,-20.4656803,-54.618547199999995,"movie_theater,point_of_interest,establishment",movie_theater; point_of_interest; establishment,,google,
Chalana Filmes,Chalana Filmes,ChIJkQ6Aw7_lhpQRM-xmXq0J6y8,"R. Joaquim Alves Pereira - Pioneiros, Campo Grande - MS, 79070-120, Brazil",,,MS,,79070120,-20.5188474,-54.6135667,"movie_theater,point_of_interest,establishment",movie_theater; point_of_interest; establishment,,google,
Nova SBM,Nova SBM,ChIJiWsZcxzhhpQRKLLCqH5Yv5w,"Av. João Batista Fernandes - Núcleo Industrial, Campo Grande - MS, 79108-630, Brazil",,,MS,,79108630,-20.4748722,-54.7262041,"movie_theater,point_of_interest,establishment",movie_theater; point_of_interest; establishment,,google,
Ofcine,Ofcine,ChIJxQHxfLbnhpQRnWZn3SYx7SY,"Avenida 1323 - Vila Alba, Campo Grande - MS, 79100-430, Brazil",,,MS,,79100430,-20.4585434,-54.6437968,"movie_theater,point_of_interest,establishment",movie_theater; point_of_interest; establishment,,google,
Cine ARTE EMIESSI LTDA,Cine ARTE EMIESSI LTDA,ChIJxSsvAXXnhpQRhav7bcLrlZU,"R. Frutuoso Barbosa, 120 - São Francisco, Campo Grande - MS, 79118-190, Brazil",,,MS,,79118190,-20.4321156,-54.6256894,"movie_theater,point_of_interest,establishment",movie_theater; point_of_interest; establishment,,google,
Teatro Do Paço,Teatro Do Paço,ChIJzZjraZ_ohpQRyGSLRn2ft_o,"Av. Afonso Pena, 3297 - Centro, Campo Grande - MS, 79002-072, Brazil",,,MS,,79002072,-20.4617748,-54.6054712,"movie_theater,point_of_interest,establishment",movie_theater; point_of_interest; establishment,,google,
Rec - Vídeo e Produções,Rec - Vídeo e Produções,ChIJmfmI4-rnhpQRX6A3b7gMGk8,"R. Capixaba, 239 - Bonjardim, Campo Grande - MS, 79091-180, Brazil",,,MS,,79091180,-20.491432900000003,-54.665068399999996,"movie_theater,point_of_interest,establishment",movie_theater; point_of_interest; establishment,,google,
Grupo Casa - Coletivo de Artistas,Grupo Casa - Coletivo de Artistas,ChIJjZT3mr_ohpQR3SQAGq-zFM0,"R. Visc. de Taunay, 306 - Amambai, Campo Grande - MS, 79008-030, Brazil",,,MS,,79008030,-20.466238,-54.630187,"philharmonic_hall,art_gallery,cultural_center,movie_theater,point_of_interest,association_or_organization,establishment",philharmonic_hall; art_gallery; cultural_center; movie_theater; point_of_interest; association_or_organization; establishment,,google,
Misterios Sagrados,Misterios Sagrados,ChIJ6a0673jvhpQR_LqjeBdA2oc,"Rua: Filomena Segundo Nascimento, 4773 - Jd. Nossa Sra. do Perp. Socorro - Campo Grande - MS - CEP: - Jardim Nossa Sra. do Perpetuo Socorro, Campo Grande - MS, 79062-066, Brazil",,,MS,,79062066,-20.5096787,-54.5716447,"movie_theater,point_of_interest,establishment",movie_theater; point_of_interest; establishment,,google,
Circuito Cinemas Parauapebas Partage Shopping,Circuito Cinemas Parauapebas Partage Shopping,ChIJKxvbSR1Q3ZIRwvweap6Al6c,"Avenida F s/n - Quadra A 46 Rua BEIRA RIO, II, Parauapebas - PA, 68515-000, Brazil",,,PA,,68515000,-6.0915507,-49.855250899999994,"movie_theater,point_of_interest,establishment",movie_theater; point_of_interest; establishment,,google,
Circuito Cinemas Karajas Shopping,Circuito Cinemas Karajas Shopping,ChIJSRCvRWlQ3ZIReQPsQvw_fjg,"Avenida F s/n - Quadra A 46 - Tv. Beira Rio, II, Parauapebas - PA, 68515-000, Brazil",,,PA,,68515000,-6.0641516,-49.9006249,"movie_theater,point_of_interest,establishment",movie_theater; point_of_interest; establishment,,google,
MOVIECOM CINEMAS,MOVIECOM CINEMAS,ChIJ-QW5E2Ogw5IRhjdtmiSG6zI,"BR-230, 68507 - quadra 15 lote 10 - Nova Marabá, Marabá - PA, 68507-445, Brazil",,,PA,,68507445,-5.3565124,-49.086146,"movie_theater,point_of_interest,establishment",movie_theater; point_of_interest; establishment,,google,
Cinemais,Cinemais,ChIJrW1DdgChw5IRpaNGNQ5EByI,"BR-222, 5210 - Nova Marabá, Marabá - PA, 68507-760, Brazil",,,PA,,68507760,-5.3567747,-49.080323199999995,"movie_theater,point_of_interest,establishment",movie_theater; point_of_interest; establishment,,google,
CineCampo,CineCampo,ChIJSzCwOc6ppZIR0rUBK7N6QH0,"Alemeda Sebastião Fernandes - R. Antônia Bezerril dos Santos - Saudade I, Castanhal - PA, 68741-190, Brazil",,,PA,,68741190,-1.3074257,-47.937349,"movie_theater,point_of_interest,establishment",movie_theater; point_of_interest; establishment,,google,
Cinema Aruanda,Cinema Aruanda,ChIJHy6habvCrAcRysSTI3FT8hQ,"R. Das Oiticicas, s/n - Castelo Branco, João Pessoa - PB, 58051-900, Brazil",,,PB,,58051900,-7.1373893,-34.8497942,"movie_theater,point_of_interest,establishment",movie_theater; point_of_interest; establishment,,google,
Espaço Cinema Passeio,Espaço Cinema Passeio,ChIJt-VyAADdrAcRU0AjaSSYndk,"Av. Cap. João Freire, 186 - Torre, João Pessoa - PB, 58040-720, Brazil",,,PB,,58040720,-7.1237068,-34.857042799999995,"movie_theater,point_of_interest,establishment",movie_theater; point_of_interest; establishment,,google,
CineRitz - João Monlevade,CineRitz - João Monlevade,ChIJf41KCXSppQARGYlaCferUVY,"Av. Gentil Bicalho, 540 - Carneirinhos, João Monlevade - MG, 35930-478, Brazil",,,MG,,35930478,-19.8084932,-43.1864475,"movie_theater,point_of_interest,establishment",movie_theater; point_of_interest; establishment,,google,
Jurandir Lima Produçoes,Jurandir Lima Produçoes,ChIJi2wPLWTDrAcRjsPxfO0PhQQ,"R. Maria dos Anjos de Lima Feitosa, 129 - Mangabeira, João Pessoa - PB, 58056-610, Brazil",,,PB,,58056610,-7.1833955,-34.8412377,"movie_theater,point_of_interest,establishment",movie_theater; point_of_interest; establishment,,google,
Ícaro Produções,Ícaro Produções,ChIJVR_zLAzCrAcRtVczn4TEvsQ,"Rua Monsenhor José Maria Escrivá, 32 - José Américo de Almeida, João Pessoa - PB, 58074-178, Brazil",,,PB,,58074178,-7.182975799999999,-34.8541545,"philharmonic_hall,movie_theater,service,association_or_organization,point_of_interest,establishment",philharmonic_hall; movie_theater; service; association_or_organization; point_of_interest; establishment,,google,
Cinema Sex Aquarius CG,Cinema Sex Aquarius CG,ChIJP3DWiLsfrAcRrN3JOmHrWDY,"R. Félix Araújo, 182 - Centro, Campina Grande - PB, 58400-078, Brazil",,,PB,,58400078,-7.218185,-35.886849999999995,"movie_theater,point_of_interest,establishment",movie_theater; point_of_interest; establishment,,google,
Teatro ao ar Livre de Caruaru,Teatro ao ar Livre de Caruaru,ChIJadNaGgCLqQcR0GPsRicjQSc,"Cedro, Caruaru - PE, Brazil",,,,,,-8.2829994,-35.9517288,"movie_theater,event_venue,point_of_interest,establishment",movie_theater; event_venue; point_of_interest; establishment,,google,
Produtora Vertigo,Produtora Vertigo,ChIJjZ7bvMeLqQcRR83iAZ7dYHI,"Porto Digital - Armazém da Criatividade - 55002-310 - Maurício de Nassau, Caruaru - PE, 55012-630, Brazil",,,PE,,55002310,-8.2829347,-35.9659061,"movie_theater,consultant,service,point_of_interest,establishment",movie_theater; consultant; service; point_of_interest; establishment,,google,
mundo dos filmes,mundo dos filmes,ChIJzWb825I9qwcRCpPp11sBm8w,"Av. das Garças - Rio Doce, Olinda - PE, 53090-490, Brazil",,,PE,,53090490,-7.961879299999999,-34.8532842,"movie_theater,store,point_of_interest,establishment",movie_theater; store; point_of_interest; establishment,,google,
fotogramas série,fotogramas série,ChIJyX6Ag9M9qwcRbQtdVunqtJA,"R. Dalvanira da Silva, 81 - Bultrins, Olinda - PE, 53320-320, Brazil",,,PE,,53320320,-8.0032193,-34.8481143,"movie_theater,point_of_interest,establishment",movie_theater; point_of_interest; establishment,,google,
filmagensDantas,filmagensDantas,ChIJ5ZgJtCk9qwcRj5vB7FLyMgw,"R. Setenta - Rio Doce, Olinda - PE, 53090-500, Brazil",,,PE,,53090500,-7.9640051000000005,-34.856703599999996,"movie_theater,point_of_interest,establishment",movie_theater; point_of_interest; establishment,,google,
Espaço Estudos de Cinema,Espaço Estudos de Cinema,ChIJHwsAwcvnrAcRzZxCExQNJSE,"Av. Alm. Barroso, 600 - Centro, João Pessoa - PB, 58013-120, Brazil",,,PB,,58013120,-7.1208857,-34.873323,"art_studio,movie_theater,school,service,point_of_interest,educational_institution,establishment",art_studio; movie_theater; school; service; point_of_interest; educational_institution; establishment,,google,
Cine Francis,Cine Francis,ChIJmWTBb_vnrAcRvR1XaZBkXDU,"Av. Gen. Osório, 520 - Centro, João Pessoa - PB, 58010-780, Brazil",,,PB,,58010780,-7.1209001,-34.8850534,"movie_theater,point_of_interest,establishment",movie_theater; point_of_interest; establishment,,google,
Cine da Mata - Cineclube ao ar livre,Cine da Mata - Cineclube ao ar livre,ChIJkeCN5F7DrAcRSUyqYiZA9Nc,"R. Bancário Péricles Figueiredo Gouvêia Filho, 65 - Bancários, João Pessoa - PB, 58051-430, Brazil",,,PB,,58051430,-7.1427618,-34.841478099999996,"movie_theater,point_of_interest,establishment",movie_theater; point_of_interest; establishment,,google,
Júnior Medeiros Wedding Films,Júnior Medeiros Wedding Films,ChIJwdj_a0_drAcRXMtRFTQXWF0,"R. Leonel Coelho, 378 - Pedro Gondim, João Pessoa - PB, 58031-050, Brazil",,,PB,,58031050,-7.1166423,-34.8460818,"movie_theater,point_of_interest,establishment",movie_theater; point_of_interest; establishment,,google,
DerivaFilmes Arte&Cia,DerivaFilmes Arte&Cia,ChIJPQzeFDPdrAcRrrGrEALjIsY,"R. Maj. Salustino Ribeiro, 392 - Sl 02, CXPST 08 - Tambauzinho, João Pessoa - PB, 58042-090, Brazil",,,PB,,58042090,-7.1229922,-34.8431122,"movie_theater,point_of_interest,establishment",movie_theater; point_of_interest; establishment,,google,
Cine Sex Imperador,Cine Sex Imperador,ChIJY1YDcLoYqwcR-yKqmxVEX7M,"R. do Imperador Pedro II, 452 - Santo Antônio, Recife - PE, 50010-240, Brazil",,,PE,,50010240,-8.064557299999999,-34.8769414,"movie_theater,point_of_interest,establishment",movie_theater; point_of_interest; establishment,,google,
Kinoplex,Kinoplex,ChIJGY_YO6wfqwcRXE6Vbm8l03k,"R. Padre Carapuceiro, 777 - Boa Viagem, Recife - PE, 51020-280, Brazil",,,PE,,51020280,-8.1164232,-34.902066399999995,"movie_theater,point_of_interest,establishment",movie_theater; point_of_interest; establishment,,google,
Kinoplex,Kinoplex,ChIJfzd9en0YqwcRw8FiEFze8Yc,"Av. Gov. Agamenon Magalhães, 153 - Santo Amaro, Recife - PE, 50040-390, Brazil",,,PE,,50040390,-8.0387751,-34.8712047,"movie_theater,point_of_interest,establishment",movie_theater; point_of_interest; establishment,,google,
edit_cine,edit_cine,ChIJ9bn6Bq0dqwcR3L5FQWQTMJ8,"avenida esperantinopolis 160, ur02 cohab UR-2 - COHAB, Recife - PE, 51340-260, Brazil",,,PE,,51340260,-8.118167,-34.954040899999995,"movie_theater,point_of_interest,establishment",movie_theater; point_of_interest; establishment,,google,
Rodelux,Rodelux,ChIJRRcFVAAfqwcRbGLDKzbGMDA,"R. Valdemir Téles, 500 - Areias, Recife - PE, 50780-290, Brazil",,,PE,,50780290,-8.1032166,-34.9361214,"movie_theater,point_of_interest,establishment",movie_theater; point_of_interest; establishment,,google,
PMC Cinemas,PMC Cinemas,ChIJ29dvoUYaqwcRXRs3JqRw0D8,"R. Manoel Hónorato da Costa, 641 - Vila da Fabrica, Camaragibe - PE, 54759-475, Brazil",,,PE,,54759475,-8.0161411,-34.9779276,"movie_theater,point_of_interest,establishment",movie_theater; point_of_interest; establishment,,google,
Cine Londrina | Royal Plaza Shopping,Cine Londrina | Royal Plaza Shopping,ChIJRRIBiKRD65QRjn6UGhYOyiM,"R. Maranhão, 240 - Centro, Londrina - PR, 86010-180, Brazil",,,PR,,86010180,-23.31113,-51.1569,"movie_theater,point_of_interest,establishment",movie_theater; point_of_interest; establishment,,google,
Kinoarte - Institute for Film and Video Londrina,Kinoarte - Institute for Film and Video Londrina,ChIJuZf1OKRE65QRrOa-qphhZ4c,"R. Pref. Faria Lima, 1399 - Maringá, Londrina - PR, 86055-650, Brazil",,,PR,,86055650,-23.3215359,-51.18942070000001,"movie_theater,point_of_interest,establishment",movie_theater; point_of_interest; establishment,,google,
Inerte ao Raio,Inerte ao Raio,ChIJ8-DiikZD65QR2pM2S4jyolA,"R. Piauí, 95 - Centro, Londrina - PR, 86420-010, Brazil",,,PR,,86420010,-23.3134616,-51.1573181,"movie_theater,point_of_interest,establishment",movie_theater; point_of_interest; establishment,,google,
Metafixa Produções,Metafixa Produções,ChIJMWoJCd9D65QRSurtuRd-CZE,"R. Sen. Souza Naves, 771 - Sl 404 - Vila Larsen 1, Londrina - PR, 86010-160, Brazil",,,PR,,86010160,-23.3192541,-51.157334899999995,"movie_theater,point_of_interest,establishment",movie_theater; point_of_interest; establishment,,google,
"SALVE, BICHARADA!","SALVE, BICHARADA!",ChIJLfhxy9JD65QRZe2GXcATBvI,"R. Piauí, 95 - Centro, Londrina - PR, 86420-010, Brazil",,,PR,,86420010,-23.3134616,-51.1573181,"movie_theater,point_of_interest,establishment",movie_theater; point_of_interest; establishment,,google,
Cine Laser Cinemas - Ponta Grossa (Shopping Plaza Campos Gerais),Cine Laser Cinemas - Ponta Grossa (Shopping Plaza Campos Gerais),ChIJ-Q7MFUoR6JQRN1-1rR-xX6c,"Av. Visc. de Taunay, 2023 - Lj 2041 - Ronda, Ponta Grossa - PR, 84051-065, Brazil",,,PR,,84051065,-25.1011743,-50.1832512,"movie_theater,point_of_interest,establishment",movie_theater; point_of_interest; establishment,,google,
CinePG,CinePG,ChIJgccwPQAb6JQRMo2-4nANdeg,"R. Dr. Colares, 436 - Centro, Ponta Grossa - PR, 84010-010, Brazil",,,PR,,84010010,-25.095707599999997,-50.1602959,"movie_theater,point_of_interest,establishment",movie_theater; point_of_interest; establishment,,google,
Creative Films,Creative Films,ChIJv7lkCyXR7JQRy2mpH2S4OA0,"Av. Dr. Alexandre Rasgulaeff - Maringá, PR, 87033-080, Brazil",,,PR,,87033080,-23.4008023,-51.922619,"movie_theater,point_of_interest,service,establishment",movie_theater; point_of_interest; service; establishment,,google,
Origem Produtora Audiovisual,Origem Produtora Audiovisual,ChIJ5UCJ43fX7JQRv02q88Guqxw,"R. das Acácias - Conj. Hab. Inocente Vila Nova Júnior, Maringá - PR, 87060-140, Brazil",,,PR,,87060140,-23.4508764,-51.961321899999994,"movie_theater,point_of_interest,establishment",movie_theater; point_of_interest; establishment,,google,
FITA CREPE,FITA CREPE,ChIJcT12xAr73JQRrJ-3RUhcwys,"R. Mendes Leitão, 3545 - Centro, São José dos Pinhais - PR, 83005-150, Brazil",,,PR,,83005150,-25.544676799999998,-49.207972299999994,"movie_theater,point_of_interest,establishment",movie_theater; point_of_interest; establishment,,google,
SoffCine,SoffCine,ChIJ3R_fYwAD3ZQRmIGvTmQDXdU,"Av. Dr. Vítor do Amaral - Centro, Araucária - PR, 83702-040, Brazil",,,PR,,83702040,-25.5813685,-49.3967738,"movie_theater,point_of_interest,establishment",movie_theater; point_of_interest; establishment,,google,
Shopping Pinheiros,Shopping Pinheiros,ChIJkfnKXvsD3ZQRSZcnKhlJ-uE,"Av. Dr. Vítor do Amaral, 1769 - Centro, Araucária - PR, 83702-040, Brazil",,,PR,,83702040,-25.5815231,-49.397098,"shopping_mall,business_center,parking_lot,parking,movie_theater,service,transportation_service,point_of_interest,establishment",shopping_mall; business_center; parking_lot; parking; movie_theater; service; transportation_service; point_of_interest; establishment,,google,
Cineflix Shopping Boulevard,Cineflix Shopping Boulevard,ChIJi__GbgD73JQRU9xqQcsuiUM,"BR-116, 16303 - Xaxim, Curitiba - PR, 82590-100, Brazil",,,PR,,82590100,-25.4966106,-49.275192399999995,"movie_theater,point_of_interest,establishment",movie_theater; point_of_interest; establishment,,google,
Cinema e Psicanálise,Cinema e Psicanálise,ChIJ__-vA-_j3JQRGQhChvm3SXY,"R. Padre Anchieta, 1846 - Bigorrilho, Curitiba - PR, 80730-000, Brazil",,,PR,,80730000,-25.4317988,-49.2972544,"movie_theater,point_of_interest,establishment",movie_theater; point_of_interest; establishment,,google,
Jhonny produção,Jhonny produção,ChIJybQ9sLX73JQRtmAHGeD2jkw,"R. David Tows - Xaxim, Curitiba - PR, 81830-270, Brazil",,,PR,,81830270,-25.520764699999997,-49.2613275,"movie_theater,point_of_interest,establishment",movie_theater; point_of_interest; establishment,,google,
Monarka produções independentes,Monarka produções independentes,ChIJ5cIRUFuP25QRTECToqhmOAA,"Rua: Simão Inácio da Silva, 12 - Paranaguá, PR, 83215-575, Brazil",,,PR,,83215575,-25.5685427,-48.5707823,"movie_theater,point_of_interest,establishment",movie_theater; point_of_interest; establishment,,google,
CINÉPOLIS,CINÉPOLIS,ChIJt_knKQCRmQARWhblsazBYNY,"Av. Domingos Damasceno Duarte - Trindade, São Gonçalo - RJ, 24456-422, Brazil",,,RJ,,24456422,-22.8130931,-43.01359920000001,"movie_theater,point_of_interest,establishment",movie_theater; point_of_interest; establishment,,google,
Cine Carioca José Wilker,Cine Carioca José Wilker,ChIJu7p0ZgB_mQARtxMuvf0k9qE,"Rua Leite Leal, 45 - Laranjeiras, Rio de Janeiro - RJ, 22240-100, Brazil",,,RJ,,22240100,-22.9358988,-43.1883542,"movie_theater,point_of_interest,establishment",movie_theater; point_of_interest; establishment,,google,
Cinema Rio de Janeiro,Cinema Rio de Janeiro,ChIJGRDvWgBRzpQR_Wxvq1tyzbQ,"Av. Giovanni Gronchi, 5812 - Vila Andrade, São Paulo - SP, 05724-002, Brazil",,,SP,,05724002,-23.629858199999997,-46.7370083,"movie_theater,point_of_interest,establishment",movie_theater; point_of_interest; establishment,,google,
MULTICINE CINEMAS 1 ANDAR,MULTICINE CINEMAS 1 ANDAR,ChIJMX4eNAAHugcRsEQz5_Gk-Dc,"Nova Betânia, Mossoró - RN, Brazil",,,,,,-5.1730909,-37.377866,"movie_theater,point_of_interest,establishment",movie_theater; point_of_interest; establishment,,google,
Cidade Cenográfica Nova Canaã de Rondônia,Cidade Cenográfica Nova Canaã de Rondônia,ChIJXWzkddNbMpIR5w8iIsGGeIQ,"Estr. dos Periquitos, 3578 - Ulisses Guimarães, Porto Velho - RO, 76813-828, Brazil",,,RO,,76813828,-8.770125199999999,-63.7967529,"movie_theater,event_venue,point_of_interest,establishment",movie_theater; event_venue; point_of_interest; establishment,,google,
ÌFÉ,ÌFÉ,ChIJ7eOKkG9DMpIRDpHSIUQmM1Y,"R. Freijó, 90 - Nacional, Porto Velho - RO, Brazil",,,,,,-8.7257704,-63.906104199999994,"movie_theater,event_venue,point_of_interest,establishment",movie_theater; event_venue; point_of_interest; establishment,,google,
30s.filmes,30s.filmes,ChIJlTrE2cRdMpIRmHsFScmXOgs,"R. Mal. Deodoro, 463 - Tucumanzal, Porto Velho - RO, 76804-506, Brazil",,,RO,,76804506,-8.7784287,-63.89588679999999,"movie_theater,point_of_interest,establishment",movie_theater; point_of_interest; establishment,,google,
Cinesystem Cachoeira Shopping,Cinesystem Cachoeira Shopping,ChIJNUkjAgBxGZURjUcMbwx21Bc,"Av. Gen. Flores da Cunha, 4001 - Vila Bom Principio, Cachoeirinha - RS, 94950-001, Brazil",,,RS,,94950001,-29.9361847,-51.0790274,"movie_theater,point_of_interest,establishment",movie_theater; point_of_interest; establishment,,google,
Cine Estação,Cine Estação,ChIJcRQBVrtRz5QRetS4wQemk34,"Avenida Dom Pedro II, n° 1226 - Galeria Shopping Center - piso superior - Vila Teixeira, Salto - SP, 13320-241, Brazil",,,SP,,13320241,-23.200257200000003,-47.29905960000001,"movie_theater,point_of_interest,establishment",movie_theater; point_of_interest; establishment,,google,