linha;nome;categoria;origem;endereco_original;endereco_dsp;cidade;uf;cep;lat_original;lon_original;lat_corrigida;lon_corrigida;bairro_descartado;severidade;risco
2;Acregas;;endereco;Avenida 25 de Agosto, 153, Cruzeiro do Sul - AC, 69980-000, Brasil;Avenida 25 de Agosto 153 Cruzeiro do Sul AC 69980000 Brazil;Cruzeiro do Sul;AC;69980000;-7.62727;-72.67487;-7.62727;-72.67487;;MEDIO;CEP generico de cidade, nao de rua (2,4x mais falha)
3;Disk Gás Central II;;endereco (logradouro de coluna alternativa);AC-405, Cruzeiro do Sul - AC, 69980-000, Brasil;Rodovia AC 405 Cruzeiro do Sul AC 69980000 Brazil;Cruzeiro do Sul;AC;69980000;-7.58686;-72.72699;-7.58686;-72.72699;;ALTO;"endereco de rodovia (57-67% falharam); CEP generico de cidade, nao de rua (2,4x mais falha)"
4;Maranata Gás;;endereco;Rua do Pará, 1111, Cruzeiro do Sul - AC, 69980-000, Brasil;Rua do Para 1111 Cruzeiro do Sul AC 69980000 Brazil;Cruzeiro do Sul;AC;69980000;-7.62298;-72.66265;-7.62298;-72.66265;;MEDIO;CEP generico de cidade, nao de rua (2,4x mais falha)
5;Amazongás;;endereco;Rua Flamengo, 18, Belo Jardim I, Rio Branco - AC, 69907-812, Brasil;Rua Flamengo 18 Rio Branco AC 69908970 Brazil;Rio Branco;AC;69908970;-10.00459;-67.78379;-10.00459;-67.78379;Belo Jardim I;;
6;Central Distribuidora Gás e Água;;endereco;Rua Senador Mário Maia, 689, Montanhês, Rio Branco - AC, 69921-545, Brasil;Rua Senador Mario Maia 689 Rio Branco AC 69921545 Brazil;Rio Branco;AC;69921545;-9.92289;-67.83441;-9.92289;-67.83441;Montanhês;;
7;Disk Gás da Paz;;endereco;Avenida Valdomiro Lopes, 2345, Paz, Rio Branco - AC, 69919-256, Brasil;Avenida Valdomiro Lopes 2345 Rio Branco AC 69919256 Brazil;Rio Branco;AC;69919256;-9.95237;-67.84554;-9.95237;-67.84554;Paz;;
8;Disk Gás e água Sobral;;endereco;Travessa Ayrton Senna, 94, Ayrton Senna, Rio Branco - AC, 69911-828, Brasil;Travessa Ayrton Senna 94 Rio Branco AC 69912030 Brazil;Rio Branco;AC;69912030;-9.99686;-67.82439;-9.99686;-67.82439;Ayrton Senna;;
9;DISK GÁS RONEY;;endereco;Rua Bela Vista, 139, Bosque, Rio Branco - AC, 69900-418, Brasil;Rua Bela Vista 139 Rio Branco AC 69908280 Brazil;Rio Branco;AC;69908280;-9.96849;-67.8161;-9.96849;-67.8161;Bosque;;
10;Distribuidora Ronaldinho | Água, Gás de cozinha, bebidas em Rio Branco, Acre;;endereco;Travessa Irineu Serra, 128, Aviário, Rio Branco - AC, 69900-839, Brasil;Travessa Irineu Serra 128 Rio Branco AC 69909210 Brazil;Rio Branco;AC;69909210;-9.96386;-67.80642;-9.96386;-67.80642;Aviário;;
11;Distribuidora Sete Gás e Água;;endereco;Rua Buriti, 9, Adalberto Sena, Rio Branco - AC, 69921-166, Brasil;Rua Buriti 9 Rio Branco AC 69921168 Brazil;Rio Branco;AC;69921168;-9.93476;-67.82488;-9.93476;-67.82488;Adalberto Sena;;
12;Goianinho Disk-Gás;;endereco;Shekinah Treinamentos, Avenida Ceará, Cerâmica, Rio Branco - AC, 69905-066, Brasil;Avenida Ceara Rio Branco AC 69905670 Brazil;Rio Branco;AC;69905670;-9.97189;-67.80373;-9.97189;-67.80373;Cerâmica;ALTO;sem numero de porta
13;Pito Gás;;endereco;Rua 25 de Agosto, 456, Nova Esperança, Rio Branco - AC, 69900-123, Brasil;Rua 25 de Agosto 456 Rio Branco AC 69905550 Brazil;Rio Branco;AC;69905550;-9.97308;-67.83958;-9.97308;-67.83958;Nova Esperança;;
14;PONTAO RIO GAS;;endereco;Avenida Epaminondas Jácome, 1383, Cadeia Velha, Rio Branco - AC, 69900-110, Brasil;Avenida Epaminondas Jacome 1383 Rio Branco AC 69900115 Brazil;Rio Branco;AC;69900115;-9.97249;-67.79497;-9.97249;-67.79497;Cadeia Velha;;
15;RRGAS / REI DO GÁS BAIXA DA COLINA;;endereco;Travessa Baixa da Colina, 34, Baixa da Colina, Rio Branco - AC, 69901-334, Brasil;Travessa Baixa da Colina 34 Rio Branco AC 69901325 Brazil;Rio Branco;AC;69901325;-9.9604;-67.80329;-9.9604;-67.80329;Baixa da Colina;;
16;Agreste Gás - Revenda Nacional;;endereco;Rua Valdemar Xavier Viana, 10, Itapoã, Arapiraca - AL, 57314-162, Brasil;Rua Valdemar Xavier Viana 10 Arapiraca AL 57314162 Brazil;Arapiraca;AL;57314162;-9.74916;-36.64014;-9.74916;-36.64014;Itapoã;;
17;Arapiraca gás.;;endereco;Avenida Antônio Barbosa, 272, Guaribas, Arapiraca - AL, 57303-011, Brasil;Avenida Antonio Barbosa 272 Arapiraca AL 57303400 Brazil;Arapiraca;AL;57303400;-9.78226;-36.65602;-9.78226;-36.65602;Guaribas;;
18;C4 água e gás;;endereco;Rua Tereza Albuquerque, 46, Capiatã, Arapiraca - AL, 57310-300, Brasil;Rua Tereza Albuquerque 46 Arapiraca AL 57310270 Brazil;Arapiraca;AL;57310270;-9.73648;-36.66119;-9.73648;-36.66119;Capiatã;;
19;Cido Gás - Distribuidora de Gás e Água Mineral;;endereco;Rua João Batista da Silva, 312, Capiatã, Arapiraca - AL, 57310-290, Brasil;Rua Joao Batista da Silva 312 Arapiraca AL 57310290 Brazil;Arapiraca;AL;57310290;-9.73818;-36.66017;-9.73818;-36.66017;Capiatã;;
20;Click Água Mineral & Gás;;endereco;Rua São Miguel dos Campos, 500, Caititus, Arapiraca - AL, 57312-050, Brasil;Rua Sao Miguel dos Campos 500 Arapiraca AL 57312050 Brazil;Arapiraca;AL;57312050;-9.74049;-36.65199;-9.74049;-36.65199;Caititus;;
21;Edilson gás;;endereco;Rua Padre Cícero, 52, Arapiraca - AL, 57309-496, Brasil;Rua Padre Cicero 52 Arapiraca AL 57300970 Brazil;Arapiraca;AL;57300970;-9.74495;-36.70249;-9.74495;-36.70249;;;
22;Ednaldo Gás;;endereco;Rua Maragogi, 229, Jardim Tropical, Arapiraca - AL, 57316-025, Brasil;Rua Maragogi 229 Arapiraca AL 57316025 Brazil;Arapiraca;AL;57316025;-9.7564;-36.64069;-9.7564;-36.64069;Jardim Tropical;;
23;Gas Eloildo;;endereco;Rua Rosendo Lima, 320, Primavera, Arapiraca - AL, 57304-110, Brasil;Rua Rosendo Lima 320 Arapiraca AL 57304110 Brazil;Arapiraca;AL;57304110;-9.7664;-36.66074;-9.7664;-36.66074;Primavera;;
24;Grupo Jr Gás;;endereco;Avenida Governador Muniz Falcão, 403, Guaribas, Arapiraca - AL, 57303-000, Brasil;Avenida Governador Muniz Falcao 403 Arapiraca AL 57301381 Brazil;Arapiraca;AL;57301381;-9.76795;-36.65334;-9.76795;-36.65334;Guaribas;;
25;GVL DISTRIBUIDORA DE ÁGUA E GÁS;;endereco;Rua Firmino Leite, 931, Brasília, Arapiraca - AL, 57313-210, Brasil;Rua Firmino Leite 931 Arapiraca AL 57313210 Brazil;Arapiraca;AL;57313210;-9.75189;-36.65177;-9.75189;-36.65177;Brasília;;
26;Gás Santa Clara;;endereco;Rua da Igreja, 628, Arapiraca - AL, Brasil;Rua da Igreja 628 Arapiraca AL 57318200 Brazil;Arapiraca;AL;57318200;-9.68182;-36.68247;-9.68182;-36.68247;;;
27;HB Gás - Supergasbras Arapiraca;;endereco;Rua José Silvério Lima, 384, Canafístula, Arapiraca - AL, 57302-020, Brasil;Rua Jose Silverio Lima 384 Arapiraca AL 57302010 Brazil;Arapiraca;AL;57302010;-9.75946;-36.63918;-9.75946;-36.63918;Canafístula;;
28;HM Gás;;endereco;Rodovia Doutor Geraldo Cavalcante Cajueiro, Canafístula, Arapiraca - AL, Brasil;Rodovia Doutor Geraldo Cavalcante Cajueiro Arapiraca AL 57302045 Brazil;Arapiraca;AL;57302045;-9.74953;-36.63476;-9.74953;-36.63476;Canafístula;ALTO;"endereco de rodovia (57-67% falharam); sem numero de porta"
29;Marcelo Gás;;endereco;Rua André Leão, 272, Brasília, Arapiraca - AL, 57313-160, Brasil;Rua Andre Leao 272 Arapiraca AL 57313160 Brazil;Arapiraca;AL;57313160;-9.75421;-36.65411;-9.75421;-36.65411;Brasília;;
30;Marcão da água e gás;;endereco;Rua Profa. Terezinha Amorim de Oliveira, 77, Caititus, Arapiraca - AL, 57312-013, Brasil;Rua Profa Terezinha Amorim de Oliveira 77 Arapiraca AL 57312013 Brazil;Arapiraca;AL;57312013;-9.73742;-36.64902;-9.73742;-36.64902;Caititus;;
31;Melhor Gás;;endereco;Rua Rita Leão de Melo, 18, Canafístula, Arapiraca - AL, 57302-600, Brasil;Rua Rita Leao de Melo 18 Arapiraca AL 57302600 Brazil;Arapiraca;AL;57302600;-9.75268;-36.63379;-9.75268;-36.63379;Canafístula;;
32;MG GÁS DOIS IRMÃOS;;endereco;Rua Boa Sorte, 699, Primavera, Arapiraca - AL, 57304-200, Brasil;Rua Boa Sorte 699 Arapiraca AL 57304200 Brazil;Arapiraca;AL;57304200;-9.76457;-36.65807;-9.76457;-36.65807;Primavera;;
33;Paulinho gás;;endereco;Rua Presidente Dutra, 351, Alto do Cruzeiro, Arapiraca - AL, 57311-220, Brasil;Rua Presidente Dutra 351 Arapiraca AL 57311220 Brazil;Arapiraca;AL;57311220;-9.74357;-36.65642;-9.74357;-36.65642;Alto do Cruzeiro;;
34;Pinheiro Central do Gás;;endereco;Rua José F. Viana, 79, Cavaco, Arapiraca - AL, 57307-540, Brasil;Rua Jose F Viana 79 Arapiraca AL 57307540 Brazil;Arapiraca;AL;57307540;-9.7275;-36.67195;-9.7275;-36.67195;Cavaco;;
35;PLANALTO GAS;;endereco;Rua Olivia Brito de Almeida, Santa Esmeralda, Arapiraca - AL, 57312-019, Brasil;Rua Olivia Brito de Almeida Arapiraca AL 57308000 Brazil;Arapiraca;AL;57308000;-9.73619;-36.64758;-9.73619;-36.64758;Santa Esmeralda;ALTO;"sem numero de porta; CEP generico de cidade, nao de rua (2,4x mais falha)"
36;PRIMAVERA GÁS;;endereco;Rua Francisco Cavalcante, 972, Guaribas, Arapiraca - AL, 57304-090, Brasil;Rua Francisco Cavalcante 972 Arapiraca AL 57304466 Brazil;Arapiraca;AL;57304466;-9.76687;-36.66341;-9.76687;-36.66341;Guaribas;;
37;Rei do Gás e Água Mineral Arapiraca;;endereco;Rua Manoel Lúcio Gomes, 116, Alto do Cruzeiro, Arapiraca - AL, 57312-180, Brasil;Rua Manoel Lucio Gomes 116 Arapiraca AL 57312362 Brazil;Arapiraca;AL;57312362;-9.74618;-36.65247;-9.74618;-36.65247;Alto do Cruzeiro;;
38;Serve Bem Gás E Água;;endereco;Rua Presidente Dutra, 114, Alto do Cruzeiro, Arapiraca - AL, 57312-266, Brasil;Rua Presidente Dutra 114 Arapiraca AL 57312266 Brazil;Arapiraca;AL;57312266;-9.74603;-36.65637;-9.74603;-36.65637;Alto do Cruzeiro;;
39;Tenório Gás;;endereco;Rua Antônio de Oliveira Melo, 742, Brasília, Arapiraca - AL, 57313-050, Brasil;Rua Antonio de Oliveira Melo 742 Arapiraca AL 99922418 Brazil;Arapiraca;AL;99922418;-9.75459;-36.64977;-9.75459;-36.64977;Brasília;;
40;ZE VENTURA GÁS E ÁGUA;;endereco;Rua Coronel Vicente Ramos, Cacimbas, Arapiraca - AL, 57303-786, Brasil;Rua Coronel Vicente Ramos Arapiraca AL 57304502 Brazil;Arapiraca;AL;57304502;-9.77275;-36.67294;-9.77275;-36.67294;Cacimbas;ALTO;sem numero de porta
41;Thamires Gás;;endereco;AL-220, Craíbas - AL, 57320-000, Brasil;AL 220 Craibas AL 57320000 Brazil;Craíbas;AL;57320000;-9.7017;-36.7946;-9.7017;-36.7946;;ALTO;"sem numero de porta; logradouro sem nome; CEP generico de cidade, nao de rua (2,4x mais falha)"
42;Distribuidora Santos Gás E Água;;endereco;Estrada para Arapiraca, Igaci - AL, 57620-000, Brasil;Estrada para Arapiraca Igaci AL 57620000 Brazil;Igaci;AL;57620000;-9.53934;-36.63821;-9.53934;-36.63821;;ALTO;"endereco de rodovia (57-67% falharam); sem numero de porta; CEP generico de cidade, nao de rua (2,4x mais falha)"
43;Igaci Gás - Revenda Liquigás;;endereco;Rua Rio de Janeiro, 37, Igaci - AL, 57620-000, Brasil;Rua Rio de Janeiro 37 Igaci AL 57620000 Brazil;Igaci;AL;57620000;-9.54169;-36.63621;-9.54169;-36.63621;;MEDIO;CEP generico de cidade, nao de rua (2,4x mais falha)
44;Agenor Água e Gás;;endereco;Rua Belém, 98, Jacintinho, Maceió - AL, 57040-020, Brasil;Rua Belem 98 Maceio AL 57040020 Brazil;Maceió;AL;57040020;-9.65377;-35.72564;-9.65377;-35.72564;Jacintinho;;
45;Allan Gás e água;;endereco;Rua Presciliano Sarmento, 14, São Jorge, Maceió - AL, 57044-130, Brasil;Rua Presciliano Sarmento 14 Maceio AL 57046480 Brazil;Maceió;AL;57046480;-9.61694;-35.70374;-9.61694;-35.70374;São Jorge;;
46;ALPEXGÁS;;endereco;Rua João Nogueira, 150, Farol, Maceió - AL, 57051-400, Brasil;Rua Joao Nogueira 150 Maceio AL 57051400 Brazil;Maceió;AL;57051400;-9.66019;-35.73139;-9.66019;-35.73139;Farol;;
47;Alô Gás;;endereco;Rua Delmiro Gouveia, 7, Cruz das Almas, Maceió - AL, 57038-260, Brasil;Rua Delmiro Gouveia 7 Maceio AL 57038480 Brazil;Maceió;AL;57038480;-9.63578;-35.69974;-9.63578;-35.69974;Cruz das Almas;;
48;Batista Gás e Água;;endereco;Rua Antônio Aguiar, 36, Ponta da Terra, Maceió - AL, 57030-530, Brasil;Rua Antonio Aguiar 36 Maceio AL 57030530 Brazil;Maceió;AL;57030530;-9.66309;-35.71393;-9.66309;-35.71393;Ponta da Terra;;
49;Bebidas e Cia Praia | Bebidas, Água e Gás em Maceió;;endereco;Avenida Doutor Antônio Gomes de Barros, 637, Jatiúca, Maceió - AL, 57036-000, Brasil;Avenida Doutor Antonio Gomes de Barros 637 Maceio AL 57036000 Brazil;Maceió;AL;57036000;-9.65133;-35.71287;-9.65133;-35.71287;Jatiúca;MEDIO;CEP generico de cidade, nao de rua (2,4x mais falha)
50;BEL GÁS E ÁGUA;;endereco;Rua Celestino Agripino da Hora, 207, Jacintinho, Maceió - AL, 57045-049, Brasil;Rua Celestino Agripino da Hora 207 Maceio AL 57040320 Brazil;Maceió;AL;57040320;-9.6446;-35.71864;-9.6446;-35.71864;Jacintinho;;
51;Beto Gás;;endereco;Rua Coronel Paranhos, 778, Mangabeiras, Maceió - AL, 57040-000, Brasil;Rua Coronel Paranhos 778 Maceio AL 57040130 Brazil;Maceió;AL;57040130;-9.65101;-35.72141;-9.65101;-35.72141;Mangabeiras;;
52;BF Água & Gás;;endereco;Rua T, 30, Jatiúca, Maceió - AL, 57260-000, Brasil;Rua T 30 Maceio AL 57036006 Brazil;Maceió;AL;57036006;-9.65255;-35.71048;-9.65255;-35.71048;Jatiúca;;
53;Brandão Água e Gás;;endereco;Rua Senador Bernardo Sobrinho, 102, Poço, Maceió - AL, 57025-560, Brasil;Rua Senador Bernardo Sobrinho 102 Maceio AL 57025560 Brazil;Maceió;AL;57025560;-9.6607;-35.72477;-9.6607;-35.72477;Poço;;
54;Brasil Gás;;endereco;Travessa Paraná, 6, Poço, Maceió - AL, 57045-275, Brasil;Travessa Parana 6 Maceio AL 57025121 Brazil;Maceió;AL;57025121;-9.66393;-35.72233;-9.66393;-35.72233;Poço;;
55;Brasilgás;;endereco;Rua 7 de Setembro, 188, Centro, Maceió - AL, 57020-700, Brasil;Rua 7 de Setembro 188 Maceio AL 57020700 Brazil;Maceió;AL;57020700;-9.66736;-35.73284;-9.66736;-35.73284;Centro;;
56;Brito gás Jatiúca;;endereco;Rua Santa Fernanda, 866, Jatiúca, Maceió - AL, 57035-670, Brasil;Rua Santa Fernanda 866 Maceio AL 57035670 Brazil;Maceió;AL;57035670;-9.65465;-35.70672;-9.65465;-35.70672;Jatiúca;;
57;Caboré Gás e Água;;endereco;Rua Senador Bernardo Sobrinho, 131, Poço, Maceió - AL, 57025-560, Brasil;Rua Senador Bernardo Sobrinho 131 Maceio AL 57025560 Brazil;Maceió;AL;57025560;-9.66088;-35.72498;-9.66088;-35.72498;Poço;;
58;CASSIANO ÁGUA E BEBIDAS - DISK GÁS E ÁGUA;;endereco;Rua Ana Duarte, 27, Jacintinho, Maceió - AL, 57041-200, Brasil;Rua Ana Duarte 27 Maceio AL 57040430 Brazil;Maceió;AL;57040430;-9.63898;-35.71866;-9.63898;-35.71866;Jacintinho;;
59;Clima Bom Gás;;endereco;Avenida Poeta Luiz Gonzaga Barroso, 271, Clima Bom, Maceió - AL, 57071-010, Brasil;Avenida Poeta Luiz Gonzaga Barroso 271 Maceio AL 57071010 Brazil;Maceió;AL;57071010;-9.56832;-35.78548;-9.56832;-35.78548;Clima Bom;;
60;Daniel Gás;;endereco;Travessa das Flores, 37, Feitosa, Maceió - AL, 57043-095, Brasil;Travessa das Flores 37 Maceio AL 57043210 Brazil;Maceió;AL;57043210;-9.63649;-35.7278;-9.63649;-35.7278;Feitosa;;
61;Davi Gás;;endereco;Rua Coronel Paranhos, 813, Jacintinho, Maceió - AL, 57040-000, Brasil;Rua Coronel Paranhos 813 Maceio AL 57040000 Brazil;Maceió;AL;57040000;-9.65085;-35.72155;-9.65085;-35.72155;Jacintinho;MEDIO;CEP generico de cidade, nao de rua (2,4x mais falha)
62;Disque Gás;;endereco;Avenida Leste Oeste, Jacintinho, Maceió - AL, 57040-180, Brasil;Avenida Leste Oeste Maceio AL 57037635 Brazil;Maceió;AL;57037635;-9.64773;-35.72813;-9.64773;-35.72813;Jacintinho;ALTO;sem numero de porta
63;Edson Gás;;endereco;Rua Tancredo Neves, 56, Cidade Universitária, Maceió - AL, 57038-730, Brasil;Rua Tancredo Neves 56 Maceio AL 57073383 Brazil;Maceió;AL;57073383;-9.54128;-35.7532;-9.54128;-35.7532;Cidade Universitária;;
64;Felipe Gás e Água;;endereco;Rua São Bento, 183, Jacintinho, Maceió - AL, 57040-150, Brasil;Rua Sao Bento 183 Maceio AL 57040340 Brazil;Maceió;AL;57040340;-9.65084;-35.72498;-9.65084;-35.72498;Jacintinho;;
65;GD Farol Água, Gás e Bebidas;;endereco;Rua Professor Aurino Maciel, 128, Farol, Maceió - AL, 57051-540, Brasil;Rua Professor Aurino Maciel 128 Maceio AL 57051540 Brazil;Maceió;AL;57051540;-9.65767;-35.73231;-9.65767;-35.73231;Farol;;
66;Gás 24 horas;;endereco;Acx Cobranças, Avenida Doutor Antônio Gomes de Barros, 625, Jatiúca, Maceió - AL, 57260-000, Brasil;Avenida Doutor Antonio Gomes de Barros 625 Maceio AL 57036001 Brazil;Maceió;AL;57036001;-9.65169;-35.70692;-9.65169;-35.70692;Jatiúca;;
67;Gás Power;;endereco;R. Ceará, 222, Prado, Maceió - AL, 57010-350, Brasil;Rua Ceara 222 Maceio AL 57010350 Brazil;Maceió;AL;57010350;-9.66608;-35.74783;-9.66608;-35.74783;Prado;;
68;JP Água e Gás;;endereco;Rua Sargento Jayme Pantaleão, 100, Prado, Maceió - AL, 57010-200, Brasil;Rua Sargento Jayme Pantaleao 100 Maceio AL 57010200 Brazil;Maceió;AL;57010200;-9.66933;-35.74636;-9.66933;-35.74636;Prado;;
69;Léo do Gás;;endereco;Rua Saraiva Neto, 247, Ponta Grossa, Maceió - AL, 57260-000, Brasil;Rua Saraiva Neto 247 Maceio AL 57014490 Brazil;Maceió;AL;57014490;-9.65924;-35.74928;-9.65924;-35.74928;Ponta Grossa;;
70;LÍDER GÁS E ÁGUA;;endereco;Rua Professor Ordener Cerqueira, 244, Benedito Bentes, Maceió - AL, 57260-000, Brasil;Rua Professor Ordener Cerqueira 244 Maceio AL 57084040 Brazil;Maceió;AL;57084040;-9.54473;-35.72145;-9.54473;-35.72145;Benedito Bentes;;
71;MACEIO AGUA E GAS;;endereco;Rua São Francisco de Assis, 174, Jatiúca, Maceió - AL, 57035-680, Brasil;Rua Sao Francisco de Assis 174 Maceio AL 57035680 Brazil;Maceió;AL;57035680;-9.65516;-35.71752;-9.65516;-35.71752;Jatiúca;;
72;MACEIÓ ÁGUA E GÁS;;endereco;Rua Soldado Eduardo dos Santos, 738, Jatiúca, Maceió - AL, 57025-005, Brasil;Rua Soldado Eduardo dos Santos 738 Maceio AL 57035735 Brazil;Maceió;AL;57035735;-9.65361;-35.71006;-9.65361;-35.71006;Jatiúca;;
73;Nacional Gás 24H;;endereco;Avenida Prof. Vital Barbosa, 269, Ponta Verde, Maceió - AL, 57035-400, Brasil;Avenida Prof Vital Barbosa 269 Maceio AL 22740220 Brazil;Maceió;AL;22740220;-9.65941;-35.70804;-9.65941;-35.70804;Ponta Verde;;
74;Nilson Gás;;endereco;Rua Estudante Ailson da Rocha Nogueira, 799, Vergel do Lago, Maceió - AL, 57015-080, Brasil;Rua Estudante Ailson da Rocha Nogueira 799 Maceio AL 57015820 Brazil;Maceió;AL;57015820;-9.65654;-35.75615;-9.65654;-35.75615;Vergel do Lago;;
75;Oliveira Água e Gás;;endereco;Avenida Moreira Lima, 137, Centro, Maceió - AL, 57020-220, Brasil;Avenida Moreira Lima 137 Maceio AL 57010736 Brazil;Maceió;AL;57010736;-9.66351;-35.73857;-9.66351;-35.73857;Centro;;
76;Rapidão Gas Maceio;;endereco;Rua Marquês do Pombal, 390, Ponta Grossa, Maceió - AL, 57014-070, Brasil;Rua Marques do Pombal 390 Maceio AL 57015010 Brazil;Maceió;AL;57015010;-9.66097;-35.75508;-9.66097;-35.75508;Ponta Grossa;;
77;Rapidão gás;;endereco;Rua Professor Luiz Lavenere Machado, 203, Trapiche da Barra, Maceió - AL, 57010-383, Brasil;Rua Professor Luiz Lavenere Machado 203 Maceio AL 57014395 Brazil;Maceió;AL;57014395;-9.67305;-35.75569;-9.67305;-35.75569;Trapiche da Barra;;
78;Recanto do Gás;;endereco;Avenida Jeferson Luís, 76, Cidade Universitária, Maceió - AL, 57260-000, Brasil;Avenida Jeferson Luis 76 Maceio AL 57073020 Brazil;Maceió;AL;57073020;-9.55199;-35.76139;-9.55199;-35.76139;Cidade Universitária;;
79;Rei do Gás Vendas e Instalações;;endereco;Rua Zacarias de Azevedo, 84, Prado, Maceió - AL, 57010-190, Brasil;Rua Zacarias de Azevedo 84 Maceio AL 57010120 Brazil;Maceió;AL;57010120;-9.66995;-35.74362;-9.66995;-35.74362;Prado;;
80;Supergasbras;;endereco;Rua Zacarias de Azevedo, 84, Prado, Maceió - AL, 57010-190, Brasil;Rua Zacarias de Azevedo 84 Maceio AL 57010120 Brazil;Maceió;AL;57010120;-9.66995;-35.74362;-9.66995;-35.74362;Prado;;
81;Supergasbras;;endereco;Rua 7 de Setembro, 149, Centro, Maceió - AL, 57020-700, Brasil;Rua 7 de Setembro 149 Maceio AL 57020700 Brazil;Maceió;AL;57020700;-9.66733;-35.73286;-9.66733;-35.73286;Centro;;
82;Sílvio Disk Água e Gás;;endereco;Rua Salvador Calmon, 266, Poço, Maceió - AL, 57025-550, Brasil;Rua Salvador Calmon 266 Maceio AL 57025550 Brazil;Maceió;AL;57025550;-9.66245;-35.72589;-9.66245;-35.72589;Poço;;
83;Tião Água e Gás;;endereco;Rua Almirante Tamandaré, 239, Prado, Maceió - AL, 57010-030, Brasil;Rua Almirante Tamandare 239 Maceio AL 57010030 Brazil;Maceió;AL;57010030;-9.67076;-35.74822;-9.67076;-35.74822;Prado;;
84;Grupo Jr Gas;;endereco;DBS Transportes Ltda, Rua São Lourenço, São Sebastião - AL, 57275-000, Brasil;Rua Sao Lourenco Sao Sebastiao AL 57275000 Brazil;São Sebastião;AL;57275000;-9.95483;-36.54458;-9.95483;-36.54458;;ALTO;"sem numero de porta; CEP generico de cidade, nao de rua (2,4x mais falha)"
85;Amazon Gas;;endereco;Rua Alarico Furtado, 61, Jorge Teixeira, Manaus - AM, 69088-382, Brasil;Rua Alarico Furtado 61 Manaus AM 69088301 Brazil;Manaus;AM;69088301;-3.0211;-59.92746;-3.0211;-59.92746;Jorge Teixeira;;
86;Amazon gas;;endereco;Rua Luiz Antony, 720, Nossa Senhora Aparecida, Manaus - AM, 69010-305, Brasil;Rua Luiz Antony 720 Manaus AM 69010302 Brazil;Manaus;AM;69010302;-3.12653;-60.02752;-3.12653;-60.02752;Nossa Senhora Aparecida;;
87;Amazon Gás;;endereco;Avenida Pedro Teixeira, 7096, Dom Pedro I, Manaus - AM, 69040-000, Brasil;Avenida Pedro Teixeira 7096 Manaus AM 69035005 Brazil;Manaus;AM;69035005;-3.08789;-60.03778;-3.08789;-60.03778;Dom Pedro I;;
88;Amazon Gás;;endereco;Rua Professor Abílio Alencar, 302, Alvorada, Manaus - AM, 69042-010, Brasil;Rua Professor Abilio Alencar 302 Manaus AM 69048000 Brazil;Manaus;AM;69048000;-3.07855;-60.04733;-3.07855;-60.04733;Alvorada;MEDIO;CEP generico de cidade, nao de rua (2,4x mais falha)
89;Amazon Gás-Distribuidora;;endereco;Rua Tiradentes, 133, Compensa, Manaus - AM, 69030-200, Brasil;Rua Tiradentes 133 Manaus AM 69036049 Brazil;Manaus;AM;69036049;-3.10106;-60.05309;-3.10106;-60.05309;Compensa;;
90;AmazonGás - Manaus;;endereco;Rua Rio Quixito, 738, Distrito Industrial I e II, Manaus - AM, 69075-831, Brasil;Rua Rio Quixito 738 Manaus AM 69072070 Brazil;Manaus;AM;69072070;-3.13231;-59.9542;-3.13231;-59.9542;Distrito Industrial I e II;;
91;AmazonGás Distribuidora;;endereco;Rua São Sebastião, 489, São Raimundo, Manaus - AM, 69027-040, Brasil;Rua Sao Sebastiao 489 Manaus AM 69027040 Brazil;Manaus;AM;69027040;-3.12417;-60.04046;-3.12417;-60.04046;São Raimundo;;
92;Amazongás Distribuidora;;endereco;Rua do Rosário, 649, São Raimundo, Manaus - AM, 69027-050, Brasil;Rua do Rosario 649 Manaus AM 69027540 Brazil;Manaus;AM;69027540;-3.11922;-60.03956;-3.11922;-60.03956;São Raimundo;;
93;Bruno Gas;;endereco;Avenida Compensa, 250, Compensa, Manaus - AM, 69035-090, Brasil;Avenida Compensa 250 Manaus AM 69036115 Brazil;Manaus;AM;69036115;-3.1086;-60.04952;-3.1086;-60.04952;Compensa;;
94;Casa Souza Gás e Água;;endereco;Rua das Águias, 11, São Lázaro, Manaus - AM, 69073-140, Brasil;Rua das Aguias 11 Manaus AM 69073140 Brazil;Manaus;AM;69073140;-3.14026;-59.99269;-3.14026;-59.99269;São Lázaro;;
95;CENTRAL DO GÁS;;endereco;Rua Voluntários da Pátria, 4, Vila da Prata, Manaus - AM, 69030-520, Brasil;Rua Voluntarios da Patria 4 Manaus AM 69030665 Brazil;Manaus;AM;69030665;-3.11167;-60.04576;-3.11167;-60.04576;Vila da Prata;;
96;Centro de Distribuição Fogás - Praça 14;;endereco;Rua Japurá, 620, Praça 14 de Janeiro, Manaus - AM, 69020-180, Brasil;Rua Japura 620 Manaus AM 69020000 Brazil;Manaus;AM;69020000;-3.12193;-60.0155;-3.12193;-60.0155;Praça 14 de Janeiro;MEDIO;CEP generico de cidade, nao de rua (2,4x mais falha)
97;Comercial Edgar Bebidas e Gás;;endereco;Avenida Oscar Borel, 27, Compensa, Manaus - AM, 69090-000, Brasil;Avenida Oscar Borel 27 Manaus AM 69030490 Brazil;Manaus;AM;69030490;-3.10696;-60.05506;-3.10696;-60.05506;Compensa;;
98;Davi Gás;;endereco;Rua Itapuranga, 634, São Jorge, Manaus - AM, 69033-010, Brasil;Rua Itapuranga 634 Manaus AM 69033010 Brazil;Manaus;AM;69033010;-3.1085;-60.03392;-3.1085;-60.03392;São Jorge;;
99;Dipon Gás;;endereco;Rua Rio Pauini, 68, Nossa Senhora das Graças, Manaus - AM, 69053-570, Brasil;Rua Rio Pauini 68 Manaus AM 69053570 Brazil;Manaus;AM;69053570;-3.10874;-60.01677;-3.10874;-60.01677;Nossa Senhora das Graças;;
100;DISK GAS EDIMILZA;;endereco;Travessa Raimundo Queiroz, 19, Santa Luzia, Manaus - AM, 69074-600, Brasil;Travessa Raimundo Queiroz 19 Manaus AM 69074600 Brazil;Manaus;AM;69074600;-3.13731;-60.00419;-3.13731;-60.00419;Santa Luzia;;
101;Disk Gás;;endereco;Rua P, 1317, Armando Mendes, Manaus - AM, 69089-000, Brasil;Rua P 1317 Manaus AM 69089200 Brazil;Manaus;AM;69089200;-3.09412;-59.94072;-3.09412;-59.94072;Armando Mendes;;
102;DIST. DE GÁS ANA BEATRIZ;;endereco;Rua Vitória, 194, Glória, Manaus - AM, 69027-731, Brasil;Rua Vitoria 194 Manaus AM 69027620 Brazil;Manaus;AM;69027620;-3.12262;-60.03516;-3.12262;-60.03516;Glória;;
103;Distribuidora Agua Bebidas Gas;;endereco;Rua Monsenhor Coutinho, 92, Centro, Manaus - AM, 69010-110, Brasil;Rua Monsenhor Coutinho 92 Manaus AM 69010110 Brazil;Manaus;AM;69010110;-3.12893;-60.02519;-3.12893;-60.02519;Centro;;
104;Distribuidora de Bebidas e Gás São Luiz;;endereco;Rua São Benedito, 116, Morro da Liberdade, Manaus - AM, 69074-760, Brasil;Rua Sao Benedito 116 Manaus AM 69074760 Brazil;Manaus;AM;69074760;-3.13745;-60.00028;-3.13745;-60.00028;Morro da Liberdade;;
105;DISTRIBUIDORA DE GAS;;endereco;Rua São Damião, Tarumã, Manaus - AM, 69041-375, Brasil;Rua Sao Damiao Manaus AM 69093812 Brazil;Manaus;AM;69093812;-2.99899;-60.03217;-2.99899;-60.03217;Tarumã;ALTO;sem numero de porta
106;Distribuidora de Gas do Povo;;endereco;Rua Quatro, 20, Alvorada, Manaus - AM, 69043-150, Brasil;Rua Quatro 20 Manaus AM 69042010 Brazil;Manaus;AM;69042010;-3.07839;-60.0375;-3.07839;-60.0375;Alvorada;;
107;Distribuidora de gás;;endereco;Rua Delfi, 7, Cidade Nova, Manaus - AM, 69097-233, Brasil;Rua Delfi 7 Manaus AM 69097233 Brazil;Manaus;AM;69097233;-3.00487;-59.98065;-3.00487;-59.98065;Cidade Nova;;
108;DISTRIBUIDORA DE GÁS DIOGO DE JESUS;;endereco;Rua Jorge Gomes, 11, Betânia, Manaus - AM, 69073-410, Brasil;Rua Jorge Gomes 11 Manaus AM 69073040 Brazil;Manaus;AM;69073040;-3.13286;-59.99464;-3.13286;-59.99464;Betânia;;
109;Distribuidora de gás e bebidas Serique 1;;endereco;Rua Vicente Torres, 1082, São Jorge, Manaus - AM, 69033-030, Brasil;Rua Vicente Torres 1082 Manaus AM 69033030 Brazil;Manaus;AM;69033030;-3.1114;-60.04235;-3.1114;-60.04235;São Jorge;;
110;Distribuidora de Gás São Francisco;;endereco;Rua Clarindo de Queiroz, 345, São Francisco, Manaus - AM, 69079-081, Brasil;Rua Clarindo de Queiroz 345 Manaus AM 69079080 Brazil;Manaus;AM;69079080;-3.11552;-60.00455;-3.11552;-60.00455;São Francisco;;
111;Distribuidora DP10 - Gás de Cozinha e Água Mineral;;endereco;Rua Nilo Coutinho, 2, Parque 10 de Novembro, Manaus - AM, 69055-570, Brasil;Rua Nilo Coutinho 2 Manaus AM 69055570 Brazil;Manaus;AM;69055570;-3.07918;-60.0157;-3.07918;-60.0157;Parque 10 de Novembro;;
112;Distribuidora Garcia Gás;;endereco;Rua Professora Lea Alencar, 79, Alvorada, Manaus - AM, 69037-512, Brasil;Rua Professora Lea Alencar 79 Manaus AM 69042060 Brazil;Manaus;AM;69042060;-3.07725;-60.04085;-3.07725;-60.04085;Alvorada;;
113;Distribuidora Golfinho - Água e Gás;;endereco;Rua Coronel Ferreira de Araújo, 1356, São Francisco, Manaus - AM, 69063-000, Brasil;Rua Coronel Ferreira de Araujo 1356 Manaus AM 69063000 Brazil;Manaus;AM;69063000;-3.11349;-60.00039;-3.11349;-60.00039;São Francisco;MEDIO;CEP generico de cidade, nao de rua (2,4x mais falha)
114;Distribuidora Manaus Gás - São Lázaro;;endereco;Travessa Maria Andrade, 30, São Lázaro, Manaus - AM, 69073-010, Brasil;Travessa Maria Andrade 30 Manaus AM 69073130 Brazil;Manaus;AM;69073130;-3.13963;-59.99268;-3.13963;-59.99268;São Lázaro;;
115;DISTRIBUIDORA TM Agua e gas;;endereco;Rua Teófilo Dias, 293, Compensa, Manaus - AM, 69036-100, Brasil;Rua Teofilo Dias 293 Manaus AM 69036100 Brazil;Manaus;AM;69036100;-3.0987;-60.06083;-3.0987;-60.06083;Compensa;;
116;DUGÁS Gás, Água e Gelo - Alvorada;;endereco;Rua da Prosperidade, 163, Nova Esperança, Manaus - AM, 69042-220, Brasil;Rua da Prosperidade 163 Manaus AM 69042220 Brazil;Manaus;AM;69042220;-3.08728;-60.05175;-3.08728;-60.05175;Nova Esperança;;
117;Eco Gás Distribuidora;;endereco;Rua Desembargador Filismino Soares, 80, Colônia Oliveira Machado, Manaus - AM, 69900-679, Brasil;Rua Desembargador Filismino Soares 80 Manaus AM 69070620 Brazil;Manaus;AM;69070620;-3.14731;-59.99935;-3.14731;-59.99935;Colônia Oliveira Machado;;
118;Fogás;;endereco;Rua Rio Quixito, 86, Vila Buriti, Manaus - AM, 69072-070, Brasil;Rua Rio Quixito 86 Manaus AM 69072070 Brazil;Manaus;AM;69072070;-3.14247;-59.95372;-3.14247;-59.95372;Vila Buriti;;
119;Gordo Gás;;endereco;Rua Professor Otávio Pires, 253, Alvorada, Manaus - AM, 69043-060, Brasil;Rua Professor Otavio Pires 253 Manaus AM 69043060 Brazil;Manaus;AM;69043060;-3.07538;-60.03875;-3.07538;-60.03875;Alvorada;;
120;Grupo Ss Gás e Água;;endereco;Rua Tambaú, 307, Cidade Nova, Manaus - AM, 69090-704, Brasil;Rua Tambau 307 Manaus AM 69090704 Brazil;Manaus;AM;69090704;-3.02898;-59.99467;-3.02898;-59.99467;Cidade Nova;;
121;Japurá Gás e Água Mineral;;endereco;Rua Japurá, 1202, Centro, Manaus - AM, 69025-020, Brasil;Rua Japura 1202 Manaus AM 69020180 Brazil;Manaus;AM;69020180;-3.12203;-60.02032;-3.12203;-60.02032;Centro;;
122;JB Distribuidora - Fogás;;endereco;Rua Dibo Felipe, 103, Presidente Vargas, Manaus - AM, 69025-210, Brasil;Rua Dibo Felipe 103 Manaus AM 69025210 Brazil;Manaus;AM;69025210;-3.11941;-60.0292;-3.11941;-60.0292;Presidente Vargas;;
123;JK Distribuidora de Gás e Água amazon gas;;endereco;Rua Danilo Corrêa, 1304, Petrópolis, Manaus - AM, 69063-400, Brasil;Rua Danilo Correa 1304 Manaus AM 69063400 Brazil;Manaus;AM;69063400;-3.11875;-59.99712;-3.11875;-59.99712;Petrópolis;;
124;LEO GAS;;endereco;Rua Bernardo Michiles, 249, Petrópolis, Manaus - AM, 69067-000, Brasil;Rua Bernardo Michiles 249 Manaus AM 69067000 Brazil;Manaus;AM;69067000;-3.10321;-59.98857;-3.10321;-59.98857;Petrópolis;MEDIO;CEP generico de cidade, nao de rua (2,4x mais falha)
125;Lindão Distribuidora de Gás;;endereco;Rua José Tadros, 820, Santo Antônio, Manaus - AM, 69029-510, Brasil;Rua Jose Tadros 820 Manaus AM 69029510 Brazil;Manaus;AM;69029510;-3.11516;-60.04193;-3.11516;-60.04193;Santo Antônio;;
126;MARI GÁS;;endereco;Rua Rebelo da Silva, 550, Compensa, Manaus - AM, 69036-118, Brasil;Rua Rebelo da Silva 550 Manaus AM 69036530 Brazil;Manaus;AM;69036530;-3.09932;-60.05747;-3.09932;-60.05747;Compensa;;
127;MISTER GÁS;;endereco;Rua Cândido Mendes, Compensa, Manaus - AM, 69030-430, Brasil;Rua Candido Mendes Manaus AM 69030320 Brazil;Manaus;AM;69030320;-3.09912;-60.05082;-3.09912;-60.05082;Compensa;ALTO;sem numero de porta
128;Noah Gás & Água;;endereco;Rua Tabatinga, 19, São José Operário, Manaus - AM, 69087-687, Brasil;Rua Tabatinga 19 Manaus AM 69086655 Brazil;Manaus;AM;69086655;-3.06522;-59.93269;-3.06522;-59.93269;São José Operário;;
129;PONTESGÁS;;endereco;Avenida Ramos Ferreira, 356, Nossa Senhora Aparecida, Manaus - AM, 69010-120, Brasil;Avenida Ramos Ferreira 356 Manaus AM 69010120 Brazil;Manaus;AM;69010120;-3.12799;-60.02843;-3.12799;-60.02843;Nossa Senhora Aparecida;;
130;REVENDA FOGÁS - COMERCIAL TEIXEIRA;;endereco;Distribuidora Sm Gomes, Rua José Paranaguá, Centro, Manaus - AM, 69005-130, Brasil;Rua Jose Paranagua Manaus AM 69020031 Brazil;Manaus;AM;69020031;-3.13698;-60.01987;-3.13698;-60.01987;Centro;ALTO;sem numero de porta
131;S.O.S Manaus Gás;;endereco;Avenida Tefé, 520, Japiim, Manaus - AM, 69078-000, Brasil;Avenida Tefe 520 Manaus AM 69078000 Brazil;Manaus;AM;69078000;-3.12253;-59.98528;-3.12253;-59.98528;Japiim;MEDIO;CEP generico de cidade, nao de rua (2,4x mais falha)
132;SR Distribuidora de Gás;;endereco;Rua Heliodoro Moreira, 11, Parque 10 de Novembro, Manaus - AM, 69050-380, Brasil;Rua Heliodoro Moreira 11 Manaus AM 69050380 Brazil;Manaus;AM;69050380;-3.08901;-60.02227;-3.08901;-60.02227;Parque 10 de Novembro;;
133;VALMIR GÁS;;endereco;Rua Severiano Nunes, 217, Aleixo, Manaus - AM, 69060-660, Brasil;Rua Severiano Nunes 217 Manaus AM 69060660 Brazil;Manaus;AM;69060660;-3.09842;-60.00404;-3.09842;-60.00404;Aleixo;;
134;Via Gás;;endereco;Rua Quatro, 60, Alvorada, Manaus - AM, 69043-150, Brasil;Rua Quatro 60 Manaus AM 69042970 Brazil;Manaus;AM;69042970;-3.07851;-60.0399;-3.07851;-60.0399;Alvorada;;
135;Alô Gás;;endereco;Avenida Salgado Filho, 765, Santa Rita, Macapá - AP, 68901-281, Brasil;Avenida Salgado Filho 765 Macapa AP 68900032 Brazil;Macapá;AP;68900032;0.03357;-51.07148;0.03357;-51.07148;Santa Rita;;
136;Amapá Gás;;endereco;Rua Floresta, 621, Macapá - AP, 68906-308, Brasil;Rua Floresta 621 Macapa AP 68906464 Brazil;Macapá;AP;68906464;0.045;-51.11304;0.045;-51.11304;;;
137;Amazonas Gás;;endereco;Avenida Treze de Setembro, 3222, Trem, Macapá - AP, 68901-520, Brasil;Avenida Treze de Setembro 3222 Macapa AP 68901112 Brazil;Macapá;AP;68901112;0.02267;-51.06559;0.02267;-51.06559;Trem;;
138;Beija Flor Gás;;endereco;Rua Remo Amoras de Oliveira, 785, Marco Zero, Macapá - AP, 68902-317, Brasil;Rua Remo Amoras de Oliveira 785 Macapa AP 68902317 Brazil;Macapá;AP;68902317;0.00761;-51.07998;0.00761;-51.07998;Marco Zero;;
139;BRAZIL GAS - PACOVAL;;endereco;Rua Mato Grosso, 497, Pacoval, Macapá - AP, 68908-350, Brasil;Rua Mato Grosso 497 Macapa AP 68908350 Brazil;Macapá;AP;68908350;0.05609;-51.05644;0.05609;-51.05644;Pacoval;;
140;BRAZIL GÁS;;endereco;Rua Independência, 1868, São Lázaro, Macapá - AP, 68907-203, Brasil;Rua Independencia 1868 Macapa AP 68907203 Brazil;Macapá;AP;68907203;0.07056;-51.05083;0.07056;-51.05083;São Lázaro;;
141;BRAZIL GÁS CONGOS;;endereco;Avenida Ben-Hur Corrêa Alves, 1134, Congos, Macapá - AP, 68904-395, Brasil;Avenida Ben Hur Correa Alves 1134 Macapa AP 68904395 Brazil;Macapá;AP;68904395;0.00676;-51.08795;0.00676;-51.08795;Congos;;
142;CHAMAGÁS MACAPÁ;;endereco;Avenida Domingos Amorim, 2263, Novo Buritizal, Macapá - AP, 68904-284, Brasil;Avenida Domingos Amorim 2263 Macapa AP 68904284 Brazil;Macapá;AP;68904284;0.02251;-51.07912;0.02251;-51.07912;Novo Buritizal;;
143;DINIZ GÁS;;endereco;Avenida Ernestino Borges, 340, Jesus de Nazaré, Macapá - AP, 68908-198, Brasil;Avenida Ernestino Borges 340 Macapa AP 68908112 Brazil;Macapá;AP;68908112;0.04398;-51.067;0.04398;-51.067;Jesus de Nazaré;;
144;Disk Já Gás e Agua;;endereco;Avenida Seis, 1992, Macapá - AP, Brasil;Avenida Seis 1992 Macapa AP 68909842 Brazil;Macapá;AP;68909842;0.03908;-51.12917;0.03908;-51.12917;;;
145;GRAVATINHA GÁS;;endereco;Avenida dos Timbiras, 869, Buritizal, Macapá - AP, 68902-872, Brasil;Avenida dos Timbiras 869 Macapa AP 68902872 Brazil;Macapá;AP;68902872;0.01497;-51.07034;0.01497;-51.07034;Buritizal;;
146;GRAVATINHA GÁS - ZONA NORTE;;endereco;Rua Vereador Júlio Maria Pinto Pereira, 849, Jardim Felicidade, Macapá - AP, 68909-000, Brasil;Rua Vereador Julio Maria Pinto Pereira 849 Macapa AP 68909000 Brazil;Macapá;AP;68909000;0.0861;-51.0644;0.0861;-51.0644;Jardim Felicidade;MEDIO;CEP generico de cidade, nao de rua (2,4x mais falha)
147;GRAVATINHA GÁS- ZONA SUL;;endereco;Avenida Raimundo Peres, 342, Macapá - AP, 68903-850, Brasil;Avenida Raimundo Peres 342 Macapa AP 68903440 Brazil;Macapá;AP;68903440;-0.00273;-51.09078;-0.00273;-51.09078;;;
148;Gás Brasil Novo;;endereco;Rua Kiwi, 254, Brasil Novo, Macapá - AP, 68909-352, Brasil;Rua Kiwi 254 Macapa AP 68909302 Brazil;Macapá;AP;68909302;0.10027;-51.08823;0.10027;-51.08823;Brasil Novo;;
149;GÁS EXPRESSO - ARAXÁ;;endereco;Rua Alessandra Barbosa Guerra, 690, Pedrinhas, Macapá - AP, 68905-517, Brasil;Rua Alessandra Barbosa Guerra 690 Macapa AP 68903865 Brazil;Macapá;AP;68903865;0.00538;-51.06207;0.00538;-51.06207;Pedrinhas;;
150;GÁS EXPRESSO - BURITIZAL;;endereco;Rua Claudomiro de Moraes, 2768, Buritizal, Macapá - AP, 68904-001, Brasil;Rua Claudomiro de Moraes 2768 Macapa AP 68904326 Brazil;Macapá;AP;68904326;0.02119;-51.07763;0.02119;-51.07763;Buritizal;;
151;GÁS EXPRESSO - MIRACEMA;;endereco;Via Coletora B, 9, Macapá - AP, 68908-001, Brasil;Via Coletora B 9 Macapa AP 68908085 Brazil;Macapá;AP;68908085;0.05778;-51.0984;0.05778;-51.0984;;ALTO;endereco de rodovia (57-67% falharam)
152;GÁS EXPRESSO - RENASCER;;endereco;Avenida Egito, 3197, São Lázaro, Macapá - AP, 68907-350, Brasil;Avenida Egito 3197 Macapa AP 68907350 Brazil;Macapá;AP;68907350;0.07408;-51.05279;0.07408;-51.05279;São Lázaro;;
153;Gás Mais;;endereco;Avenida Mendonça Júnior, 2467, Santa Rita, Macapá - AP, 68901-282, Brasil;Avenida Mendonca Junior 2467 Macapa AP 68900477 Brazil;Macapá;AP;68900477;0.0346;-51.07219;0.0346;-51.07219;Santa Rita;;
154;LIGEIRINHO GÁS;;endereco;Rua Terceira, 305, Buritizal, Macapá - AP, 68902-756, Brasil;Rua Terceira 305 Macapa AP 68902756 Brazil;Macapá;AP;68902756;0.01844;-51.07439;0.01844;-51.07439;Buritizal;;
155;Liquigás Macapá;;endereco;Rua Santa Maria, 12, Cidade Nova, Macapá - AP, 68905-170, Brasil;Rua Santa Maria 12 Macapa AP 68906045 Brazil;Macapá;AP;68906045;0.05176;-51.04647;0.05176;-51.04647;Cidade Nova;;
156;MACAPÁ GÁS;;endereco;Rua Guilherme Coelho, 1184, Jardim Felicidade, Macapá - AP, 68909-080, Brasil;Rua Guilherme Coelho 1184 Macapa AP 68909080 Brazil;Macapá;AP;68909080;0.08896;-51.06249;0.08896;-51.06249;Jardim Felicidade;;
157;Marabaixo Gás;;endereco;Linha A, 1883, Macapá - AP, 68909-857, Brasil;Linha A 1883 Macapa AP 68906503 Brazil;Macapá;AP;68906503;0.04616;-51.12765;0.04616;-51.12765;;;
158;Norte Gás;;endereco;Avenida Caneleira, 426, Brasil Novo, Macapá - AP, 68909-313, Brasil;Avenida Caneleira 426 Macapa AP 68909305 Brazil;Macapá;AP;68909305;0.08921;-51.08318;0.08921;-51.08318;Brasil Novo;;
159;OXMED GÁS;;endereco;Avenida Professora Cora de Carvalho, 922, Central, Macapá - AP, 68901-335, Brasil;Avenida Professora Cora de Carvalho 922 Macapa AP 68900040 Brazil;Macapá;AP;68900040;0.03571;-51.05787;0.03571;-51.05787;Central;;
160;Paragas;;endereco;Soluções Prestadora de Servicos, Avenida Padre Manoel da Nóbrega, 458, Jesus de Nazaré, Macapá - AP, 68908-196, Brasil;Avenida Padre Manoel da Nobrega 458 Macapa AP 68908112 Brazil;Macapá;AP;68908112;0.04448;-51.06625;0.04448;-51.06625;Jesus de Nazaré;;
161;Power gás Macapá;;endereco;Avenida Primeiro de Maio, 1235, Buritizal, Macapá - AP, 68904-814, Brasil;Avenida Primeiro de Maio 1235 Macapa AP 68902891 Brazil;Macapá;AP;68902891;0.02483;-51.06749;0.02483;-51.06749;Buritizal;;
162;S   S MERCEARIA GÁS E ÁGUA -REVENDEDOR FOGÁS MACAPÁ;;endereco;Rua Terceira, 156, Buritizal, Macapá - AP, 68902-756, Brasil;Rua Terceira 156 Macapa AP 68902120 Brazil;Macapá;AP;68902120;0.01912;-51.07435;0.01912;-51.07435;Buritizal;;
163;Shalom Gás PRG;;endereco;Rua Professor Tostes, 216, Buritizal, Macapá - AP, 68908-118, Brasil;Rua Professor Tostes 216 Macapa AP 68908118 Brazil;Macapá;AP;68908118;0.01596;-51.06968;0.01596;-51.06968;Buritizal;;
164;Silva Gás;;endereco;Rua Acézio Guedes, 1466, Cidade Nova, Macapá - AP, 68905-628, Brasil;Rua Acezio Guedes 1466 Macapa AP 68905711 Brazil;Macapá;AP;68905711;0.05268;-51.04567;0.05268;-51.04567;Cidade Nova;;
165;Supergasbras Macapá;;endereco;Rua Santos Dumont, 3428, Santa Rita, Macapá - AP, 68901-270, Brasil;Rua Santos Dumont 3428 Macapa AP 68901270 Brazil;Macapá;AP;68901270;0.03945;-51.07239;0.03945;-51.07239;Santa Rita;;
166;Tucumã Gás;;endereco;Rua Santos Dumont, 2498, Santa Rita, Macapá - AP, 68901-270, Brasil;Rua Santos Dumont 2498 Macapa AP 68901270 Brazil;Macapá;AP;68901270;0.03947;-51.07217;0.03947;-51.07217;Santa Rita;;
167;Vidal Gás e Água;;endereco;Rua Professor Tostes, 726, Central, Macapá - AP, 68900-022, Brasil;Rua Professor Tostes 726 Macapa AP 68908118 Brazil;Macapá;AP;68908118;0.0425;-51.06804;0.0425;-51.06804;Central;;
168;GRAVATINHA GÁS - SANTANA;;endereco;Avenida Coelho Neto, 1685, Santana - AP, 68927-233, Brasil;Avenida Coelho Neto 1685 Santana AP 68927233 Brazil;Santana;AP;68927233;-0.03721;-51.16816;-0.03721;-51.16816;;;
169;GÁS EXPRESSO - NOVA BRASILIA;;endereco;Rua General Ubaldo Figueira, 1401, Santana - AP, 68925-186, Brasil;Rua General Ubaldo Figueira 1401 Santana AP 68925186 Brazil;Santana;AP;68925186;-0.04203;-51.16571;-0.04203;-51.16571;;;
170;GÁS EXPRESSO - PARAISO;;endereco;Avenida São Paulo Apostolo, 207, Santana - AP, 68928-063, Brasil;Avenida Sao Paulo Apostolo 207 Santana AP 68928063 Brazil;Santana;AP;68928063;-0.02814;-51.17932;-0.02814;-51.17932;;;
171;Ligeirinho Gás e Água;;endereco;Travessa Alexandrina da Rocha Lima, 114, Santana - AP, 68927-078, Brasil;Travessa Alexandrina da Rocha Lima 114 Santana AP 68925000 Brazil;Santana;AP;68925000;-0.04534;-51.16062;-0.04534;-51.16062;;MEDIO;CEP generico de cidade, nao de rua (2,4x mais falha)
172;Barbosa Gás - Supergasbras;;endereco;Avenida Oscar Rabelo, 267, Alagoinhas - BA, 48020-610, Brasil;Avenida Oscar Rabelo 267 Alagoinhas BA 48009092 Brazil;Alagoinhas;BA;48009092;-12.13213;-38.4187;-12.13213;-38.4187;;;
173;Brasilgás Jardim Petrolar;;endereco;Rua São Marcos, 90, Alagoinhas - BA, 48031-010, Brasil;Rua Sao Marcos 90 Alagoinhas BA 48040010 Brazil;Alagoinhas;BA;48040010;-12.14983;-38.41116;-12.14983;-38.41116;;;
174;Chama Gás;;endereco;Rua Conselheiro Junqueira, 1236, Alagoinhas - BA, 48090-020, Brasil;Rua Conselheiro Junqueira 1236 Alagoinhas BA 48090030 Brazil;Alagoinhas;BA;48090030;-12.12365;-38.43146;-12.12365;-38.43146;;;
175;Hagas Gás e Equip;;endereco;Rua Conselheiro Junqueira, 645, Alagoinhas - BA, 48090-020, Brasil;Rua Conselheiro Junqueira 645 Alagoinhas BA 48090020 Brazil;Alagoinhas;BA;48090020;-12.12735;-38.42831;-12.12735;-38.42831;;;
176;JVJ COMERCIO DE GAS;;endereco;Rua E, 123, Alagoinhas - BA, 48000-211, Brasil;Rua E 123 Alagoinhas BA 48030573 Brazil;Alagoinhas;BA;48030573;-12.13181;-38.4037;-12.13181;-38.4037;;;
177;LISBOA GÁS;;endereco;Rua Padre Godinho, 1144, Alagoinhas - BA, 48011-320, Brasil;Rua Padre Godinho 1144 Alagoinhas BA 48012234 Brazil;Alagoinhas;BA;48012234;-12.11465;-38.41228;-12.11465;-38.41228;;;
178;LMC Distribuidora de Gás;;endereco;Rua Artistas, 145, Alagoinhas - BA, 48020-550, Brasil;Rua Artistas 145 Alagoinhas BA 48020550 Brazil;Alagoinhas;BA;48020550;-12.13504;-38.41459;-12.13504;-38.41459;;;
179;MACHADO GÁS;;endereco;Rua Santo Antônio, 102, Alagoinhas - BA, 48018-515, Brasil;Rua Santo Antonio 102 Alagoinhas BA 48080130 Brazil;Alagoinhas;BA;48080130;-12.12721;-38.43763;-12.12721;-38.43763;;;
180;Minasgás;;endereco;Rua Santa Terezinha, 904, Alagoinhas - BA, 48010-580, Brasil;Rua Santa Terezinha 904 Alagoinhas BA 48000000 Brazil;Alagoinhas;BA;48000000;-12.12658;-38.41915;-12.12658;-38.41915;;MEDIO;CEP generico de cidade, nao de rua (2,4x mais falha)
181;nacional gas;;endereco;Rua A, 58, Alagoinhas - BA, 48030-574, Brasil;Rua A 58 Alagoinhas BA 48030574 Brazil;Alagoinhas;BA;48030574;-12.13499;-38.40218;-12.13499;-38.40218;;;
182;Nacional Gás;;endereco;Avenida Severino Vieira, 1259, Alagoinhas - BA, 48030-690, Brasil;Avenida Severino Vieira 1259 Alagoinhas BA 48030705 Brazil;Alagoinhas;BA;48030705;-12.1459;-38.41694;-12.1459;-38.41694;;;
183;Nacional Gás - Pimentel Super Gás;;endereco;Rua Conselheiro Dantas, 241, Alagoinhas - BA, 48020-630, Brasil;Rua Conselheiro Dantas 241 Alagoinhas BA 48009172 Brazil;Alagoinhas;BA;48009172;-12.132;-38.41524;-12.132;-38.41524;;;
184;Nacional Gás - Rochagas;;endereco;Avenida Severino Vieira, 284, Alagoinhas - BA, 48030-690, Brasil;Avenida Severino Vieira 284 Alagoinhas BA 48005460 Brazil;Alagoinhas;BA;48005460;-12.14324;-38.42631;-12.14324;-38.42631;;;
185;NACIONAL GÁS - VIVA GAS - ALAGOINHAS;;endereco;Rua Oito de Dezembro, 240, Alagoinhas - BA, 48030-260, Brasil;Rua Oito de Dezembro 240 Alagoinhas BA 48030260 Brazil;Alagoinhas;BA;48030260;-12.13986;-38.40395;-12.13986;-38.40395;;;
186;Pop Gás Alagoinhas - Revendedora Nacional Gás - Gás de cozinha;;endereco;Rua Gilberto Alves dos Santos, 55, Alagoinhas - BA, 48021-660, Brasil;Rua Gilberto Alves dos Santos 55 Alagoinhas BA 48021660 Brazil;Alagoinhas;BA;48021660;-12.1383;-38.43393;-12.1383;-38.43393;;;
187;Revenda Liquigás Alagoinhas;;endereco;Rua Moreira César, 99, Alagoinhas - BA, 48012-016, Brasil;Rua Moreira Cesar 99 Alagoinhas BA 48000000 Brazil;Alagoinhas;BA;48000000;-12.13225;-38.42151;-12.13225;-38.42151;;MEDIO;CEP generico de cidade, nao de rua (2,4x mais falha)
188;Rm Gás;;endereco;Avenida Flamboyans, 270, Alagoinhas - BA, 48005-500, Brasil;Avenida Flamboyans 270 Alagoinhas BA 48015088 Brazil;Alagoinhas;BA;48015088;-12.12517;-38.42735;-12.12517;-38.42735;;;
189;RV GÁS ALAGOINHAS;;endereco;Rua Paulo Afonso, 1176, Alagoinhas - BA, 48012-442, Brasil;Rua Paulo Afonso 1176 Alagoinhas BA 48020650 Brazil;Alagoinhas;BA;48020650;-12.12407;-38.40294;-12.12407;-38.40294;;;
190;Santo Expedito Com de Gás;;endereco;Rua Moreira César, 99, Alagoinhas - BA, 48012-016, Brasil;Rua Moreira Cesar 99 Alagoinhas BA 48010510 Brazil;Alagoinhas;BA;48010510;-12.13225;-38.42151;-12.13225;-38.42151;;;
191;Ultragaz Nivon Gás Alagoinhas;;endereco;Rua Genésio Almeida Nascimento, Alagoinhas - BA, Brasil;Rua Genesio Almeida Nascimento Alagoinhas BA 48030610 Brazil;Alagoinhas;BA;48030610;-12.14284;-38.40113;-12.14284;-38.40113;;ALTO;sem numero de porta
192;Aliança Gás | Entrega de Gás de Cozinha e Água Mineral | Ouro Branco - Barreiras/BA;;endereco;Super Safra, Rua Ronaldo Cajado, 331, Jardim Ouro Branco, Barreiras - BA, 47802-010, Brasil;Rua Ronaldo Cajado 331 Barreiras BA 47802279 Brazil;Barreiras;BA;47802279;-12.14655;-44.98244;-12.14655;-44.98244;Jardim Ouro Branco;;
193;Aliança Gás| Distribuição de Gás e Água;;endereco;Rua Ipiranga, 171, São Paulo, Barreiras - BA, 47806-091, Brasil;Rua Ipiranga 171 Barreiras BA 47806112 Brazil;Barreiras;BA;47806112;-12.15336;-45.00109;-12.15336;-45.00109;São Paulo;;
194;Antônio Muterle Gás e Água;;endereco;Travessa Dom Pedro II, 490, Renato Gonçalves, Barreiras - BA, 47806-011, Brasil;Travessa Dom Pedro II 490 Barreiras BA 47807610 Brazil;Barreiras;BA;47807610;-12.15148;-44.99077;-12.15148;-44.99077;Renato Gonçalves;;
195;Bahia Gás Barreiras - Revenda Liquigás;;endereco;Rua Pedro Dourado, 1299, Vila Brasil, Barreiras - BA, 47801-350, Brasil;Rua Pedro Dourado 1299 Barreiras BA 43801230 Brazil;Barreiras;BA;43801230;-12.1411;-44.98939;-12.1411;-44.98939;Vila Brasil;;
196;Barreiras Gás;;endereco;Rua Boa Vista, 577, Barreirinhas, Barreiras - BA, Brasil;Rua Boa Vista 577 Barreiras BA 47810560 Brazil;Barreiras;BA;47810560;-12.14124;-45.00097;-12.14124;-45.00097;Barreirinhas;;
197;Brasilgás Santo Antonio Gás e Aguá Santa Luzia;;endereco;Rua Avenida Castelo Branco, 541, Rio Grande, Barreiras - BA, Brasil;Rua Avenida Castelo Branco 541 Barreiras BA 47800000 Brazil;Barreiras;BA;47800000;-12.1373;-44.97393;-12.1373;-44.97393;Rio Grande;MEDIO;CEP generico de cidade, nao de rua (2,4x mais falha)
198;Brasilgás Santo Antonio Gás e Água Amorin;;endereco;Rua Eumilton de Souza Miranda, 11, São Pedro, Barreiras - BA, 47810-882, Brasil;Rua Eumilton de Souza Miranda 11 Barreiras BA 47800000 Brazil;Barreiras;BA;47800000;-12.12315;-45.00097;-12.12315;-45.00097;São Pedro;MEDIO;CEP generico de cidade, nao de rua (2,4x mais falha)
199;Brasilgás Santo Antonio Gás e Água Boa Vista;;endereco;Rua Boa Vista, 1, Barreirinhas, Barreiras - BA, Brasil;Rua Boa Vista 1 Barreiras BA 47820000 Brazil;Barreiras;BA;47820000;-12.14103;-45.00109;-12.14103;-45.00109;Barreirinhas;MEDIO;CEP generico de cidade, nao de rua (2,4x mais falha)
200;Chama Gás Distribuidora de Gás e Água;;endereco;Rua Uberaba Primeira, 1160, São Paulo, Barreiras - BA, 47807-062, Brasil;Rua Uberaba Primeira 1160 Barreiras BA 47807058 Brazil;Barreiras;BA;47807058;-12.15955;-45.00503;-12.15955;-45.00503;São Paulo;;
201;Economia Gás e Água;;endereco;Rua São Domingos, 782, Novo Horizonte, Barreiras - BA, Brasil;Rua Sao Domingos 782 Barreiras BA 47802500 Brazil;Barreiras;BA;47802500;-12.14288;-44.98009;-12.14288;-44.98009;Novo Horizonte;;
202;Gás Butano;;endereco;Avenida Ahylon Macedo, 38, Barreirinhas, Barreiras - BA, 47810-692, Brasil;Avenida Ahylon Macedo 38 Barreiras BA 47810689 Brazil;Barreiras;BA;47810689;-12.14804;-45.00363;-12.14804;-45.00363;Barreirinhas;;
203;Gás e Água Grupo Ferreira- Barreiras;;endereco;Rua Juthay Junior, 7, Vila Dulce, Barreiras - BA, Brasil;Rua Juthay Junior 7 Barreiras BA 47800292 Brazil;Barreiras;BA;47800292;-12.13804;-44.99322;-12.13804;-44.99322;Vila Dulce;;
204;Gás Fogás - Ultragaz Gás e Água mineral;;endereco;Avenida Barão do Rio Branco, 1077, Vila Rica, Barreiras - BA, Brasil;Avenida Barao do Rio Branco 1077 Barreiras BA 47813010 Brazil;Barreiras;BA;47813010;-12.12927;-45.00999;-12.12927;-45.00999;Vila Rica;;
205;Gás Santa Luzia;;endereco;Rua Estrela do Oeste, 441, Santa Luzia, Barreiras - BA, 47800-852, Brasil;Rua Estrela do Oeste 441 Barreiras BA 47800819 Brazil;Barreiras;BA;47800819;-12.13116;-44.976;-12.13116;-44.976;Santa Luzia;;
206;GÁS TOTAL;;endereco;Avenida Barão do Rio Branco, 1627, Vila dos Funcionários, Barreiras - BA, 47813-438, Brasil;Avenida Barao do Rio Branco 1627 Barreiras BA 47807520 Brazil;Barreiras;BA;47807520;-12.12619;-45.00605;-12.12619;-45.00605;Vila dos Funcionários;;
207;Jn gás e água;;endereco;Rua Heráclito Sávio Castro Silva, 360, São Miguel, Barreiras - BA, 47800-452, Brasil;Rua Heraclito Savio Castro Silva 360 Barreiras BA 48003800 Brazil;Barreiras;BA;48003800;-12.13963;-44.98054;-12.13963;-44.98054;São Miguel;;
208;JOÃO DO GÁS - Revenda Liquigás;;endereco;Rua Dois, 119, Boa Sorte, Barreiras - BA, 47808-252, Brasil;Rua Dois 119 Barreiras BA 47806272 Brazil;Barreiras;BA;47806272;-12.16282;-45.00624;-12.16282;-45.00624;Boa Sorte;;
209;LL Gás e Água;;endereco;Travessa Guadalajara, 511, Vila Dulce, Barreiras - BA, 47800-020, Brasil;Travessa Guadalajara 511 Barreiras BA 47800310 Brazil;Barreiras;BA;47800310;-12.14148;-44.99327;-12.14148;-44.99327;Vila Dulce;;
210;Motta Gás e Água;;endereco;Rua Presidente Costa e Silva, 653, Vila dos Sas, Barreiras - BA, 47810-766, Brasil;Rua Presidente Costa e Silva 653 Barreiras BA 47806510 Brazil;Barreiras;BA;47806510;-12.13282;-45.01271;-12.13282;-45.01271;Vila dos Sas;;
211;New Gás;;endereco;Avenida Doutor Cleriston Andrade, 2347, Rio Grande, Barreiras - BA, 47800-539, Brasil;Avenida Doutor Cleriston Andrade 2347 Barreiras BA 47800503 Brazil;Barreiras;BA;47800503;-12.14211;-44.97594;-12.14211;-44.97594;Rio Grande;;
212;Nosso Gás Barreiras - Gás e Água;;endereco;Igui, Avenida Antônio Carlos Magalhães, Jardim Ouro Branco, Barreiras - BA, 47802-366, Brasil;Avenida Antonio Carlos Magalhaes Barreiras BA 47802147 Brazil;Barreiras;BA;47802147;-12.14312;-44.98354;-12.14312;-44.98354;Jardim Ouro Branco;ALTO;sem numero de porta
213;Nosso Gás Barreiras - Revenda Liquigás;;endereco;Rua Dom João VI, 89, Vila Regina, Barreiras - BA, 47806-134, Brasil;Rua Dom Joao VI 89 Barreiras BA 47806134 Brazil;Barreiras;BA;47806134;-12.15663;-44.99825;-12.15663;-44.99825;Vila Regina;;
214;Papaleguas Gás e Água;;endereco;Rua São Cristóvão, 496, Novo Horizonte, Barreiras - BA, 47802-364, Brasil;Rua Sao Cristovao 496 Barreiras BA 47802366 Brazil;Barreiras;BA;47802366;-12.14697;-44.97805;-12.14697;-44.97805;Novo Horizonte;;
215;Rafa Gás & Água;;endereco;Rua Dom Manuel, 46, Vila dos Funcionários, Barreiras - BA, Brasil;Rua Dom Manuel 46 Barreiras BA 47813492 Brazil;Barreiras;BA;47813492;-12.12127;-45.00534;-12.12127;-45.00534;Vila dos Funcionários;;
216;SANTA HORA GAS & ÁGUA - LOJA I;;endereco;Avenida Luiz Eduardo Magalhães, 364, Serra do Mino, Barreiras - BA, 47802-502, Brasil;Avenida Luiz Eduardo Magalhaes 364 Barreiras BA 47802502 Brazil;Barreiras;BA;47802502;-12.14543;-44.97106;-12.14543;-44.97106;Serra do Mino;;
217;Santa Hora Gás & Água - LOJA II;;endereco;Rua Boa Esperança, 61, Barreirinhas, Barreiras - BA, 47810-569, Brasil;Rua Boa Esperanca 61 Barreiras BA 47807165 Brazil;Barreiras;BA;47807165;-12.13903;-45.00404;-12.13903;-45.00404;Barreirinhas;;
218;SOBERANO GÁS - ULTRAGAZ;;endereco;Rua das Camélias, Jardim Vitória, Barreiras - BA, 47803-712, Brasil;Rua das Camelias Barreiras BA 47803694 Brazil;Barreiras;BA;47803694;-12.13039;-44.96725;-12.13039;-44.96725;Jardim Vitória;ALTO;sem numero de porta
219;Super Gás Bras;;endereco;Avenida Antônio Carlos Magalhães, 1822, Novo Horizonte, Barreiras - BA, 47802-366, Brasil;Avenida Antonio Carlos Magalhaes 1822 Barreiras BA 47801670 Brazil;Barreiras;BA;47801670;-12.14293;-44.97993;-12.14293;-44.97993;Novo Horizonte;;
220;Supergas;;endereco;Rua Otacílio Monteiro da França, 148, Vila Amorim, Barreiras - BA, 47807-650, Brasil;Rua Otacilio Monteiro da Franca 148 Barreiras BA 47813470 Brazil;Barreiras;BA;47813470;-12.12115;-45.00133;-12.12115;-45.00133;Vila Amorim;;
221;SUPERGAS GÁS E AGUA MINERAL - Revenda Liquigás;;endereco;Rua Joaquim Neto, 690, Vila Brasil, Barreiras - BA, 47801-028, Brasil;Rua Joaquim Neto 690 Barreiras BA 47801028 Brazil;Barreiras;BA;47801028;-12.1359;-44.98661;-12.1359;-44.98661;Vila Brasil;;
222;SuperGasBras;;endereco;Rua A, 4, Vila dos Funcionários, Barreiras - BA, 47813-436, Brasil;Rua A 4 Barreiras BA 47813444 Brazil;Barreiras;BA;47813444;-12.12627;-45.00632;-12.12627;-45.00632;Vila dos Funcionários;;
223;Tropicalgás;;endereco;Rua Aurelina Barros, 47, Jardim Ouro Branco, Barreiras - BA, 47802-189, Brasil;Rua Aurelina Barros 47 Barreiras BA 47802400 Brazil;Barreiras;BA;47802400;-12.1474;-44.98647;-12.1474;-44.98647;Jardim Ouro Branco;;
224;Ultragaz Santo Antonio Gás e Água Juri;;endereco;BR-135, 473, Recanto dos Pássaros, Barreiras - BA, 47808-021, Brasil;BR 135 473 Recanto dos Passaros Barreiras BA 47805290 Brazil;Barreiras;BA;47805290;-12.15505;-45.00361;-12.15505;-45.00361;;ALTO;sem numero de porta
225;Água e Gás Bandeirante - Barreiras;;endereco;Rua Hermandino Vieira de Souza, 425, Novo Horizonte, Barreiras - BA, 47802-382, Brasil;Rua Hermandino Vieira de Souza 425 Barreiras BA 47800563 Brazil;Barreiras;BA;47800563;-12.14872;-44.97289;-12.14872;-44.97289;Novo Horizonte;;
226;Aki tem Gás Camaçari;;endereco;Rua Camaçari de Dentro, 139, Jardim Brasília, Camaçari - BA, 42803-061, Brasil;Rua Camacari de Dentro 139 Camacari BA 42803061 Brazil;Camaçari;BA;42803061;-12.70021;-38.33118;-12.70021;-38.33118;Jardim Brasília;;
227;Brasil Gás (Park gás);;endereco;Avenida Sul, 40, Parque Verde I, Camaçari - BA, 42801-070, Brasil;Avenida Sul 40 Camacari BA 42800970 Brazil;Camaçari;BA;42800970;-12.71798;-38.32466;-12.71798;-38.32466;Parque Verde I;;
228;BRASIL GÁS CAMAÇARI/PAULISTA GÁS;;endereco;Praça da Lua, 11, Ficam, Camaçari - BA, Brasil;Praca da Lua 11 Camacari BA 42803682 Brazil;Camaçari;BA;42803682;-12.68883;-38.3305;-12.68883;-38.3305;Ficam;;
229;Brasilgás Camaçari;;endereco;Farmácia Jonas, Avenida 28 de Setembro, 31, Centro, Camaçari - BA, 42807-000, Brasil;Avenida 28 de Setembro 31 Camacari BA 42800073 Brazil;Camaçari;BA;42800073;-12.6992;-38.3269;-12.6992;-38.3269;Centro;;
230;Brasilgás Camaçari em Gás de Cozinha;;endereco;Sorveteria Pope, Rua da Bandeira, 394, Centro, Camaçari - BA, 42800-029, Brasil;Rua da Bandeira 394 Camacari BA 42800029 Brazil;Camaçari;BA;42800029;-12.70288;-38.32701;-12.70288;-38.32701;Centro;;
231;Camaçari Gás;;endereco;Avenida Luiz Gonzaga, 22, Recanto das Árvores, Camaçari - BA, 42805-002, Brasil;Avenida Luiz Gonzaga 22 Camacari BA 42808001 Brazil;Camaçari;BA;42808001;-12.71898;-38.33705;-12.71898;-38.33705;Recanto das Árvores;;
232;Camaçari Gás;;endereco;Rua Doutor Fernando Gonçalves, 112, Jardim Limoneiro, Camaçari - BA, Brasil;Rua Doutor Fernando Goncalves 112 Camacari BA 42849000 Brazil;Camaçari;BA;42849000;-12.70989;-38.29716;-12.70989;-38.29716;Jardim Limoneiro;MEDIO;CEP generico de cidade, nao de rua (2,4x mais falha)
233;Camaçari Gás - Revenda Brasilgás;;endereco;Jauguinch, Rua Manoel Mercês, 80, Alto da Cruz, Camaçari - BA, 42803-153, Brasil;Rua Manoel Merces 80 Camacari BA 42807410 Brazil;Camaçari;BA;42807410;-12.68999;-38.33096;-12.68999;-38.33096;Alto da Cruz;;
234;CAMAÇARI GÁS JARDIM LIMOEIRO;;endereco;Rua Luiz Eduardo Magalhães, 1268, Jardim Limoneiro, Camaçari - BA, Brasil;Rua Luiz Eduardo Magalhaes 1268 Camacari BA 42800970 Brazil;Camaçari;BA;42800970;-12.71237;-38.29355;-12.71237;-38.29355;Jardim Limoneiro;;
235;Camaçari Gás LTDA;;endereco;Avenida Antônio Carlos Gomes, 106, Parque das Mangabas, Camaçari - BA, Brasil;Avenida Antonio Carlos Gomes 106 Camacari BA 42812512 Brazil;Camaçari;BA;42812512;-12.73195;-38.29573;-12.73195;-38.29573;Parque das Mangabas;;
236;Danyllo gás Camaçari;;endereco;Rua M, 469, Parque Verde I, Camaçari - BA, Brasil;Rua M 469 Camacari BA 42810057 Brazil;Camaçari;BA;42810057;-12.7228;-38.32322;-12.7228;-38.32322;Parque Verde I;;
237;Dedel Gás;;endereco;Avenida Rio Bandeira, 919, Cristo Redentor, Camaçari - BA, 42809-360, Brasil;Avenida Rio Bandeira 919 Camacari BA 42807039 Brazil;Camaçari;BA;42807039;-12.68499;-38.33497;-12.68499;-38.33497;Cristo Redentor;;
238;Disk Gás Camaçari;;endereco;Via Piaçaveira, 109, Piaçaveira, Camaçari - BA, 42809-555, Brasil;Via Piacaveira 109 Camacari BA 42800073 Brazil;Camaçari;BA;42800073;-12.71326;-38.3217;-12.71326;-38.3217;Piaçaveira;ALTO;endereco de rodovia (57-67% falharam)
239;Gas do Povo Camacari;;endereco;Rua Camaçari de Dentro, 41, Jardim Brasília, Camaçari - BA, 42806-210, Brasil;Rua Camacari de Dentro 41 Camacari BA 42810310 Brazil;Camaçari;BA;42810310;-12.70041;-38.33155;-12.70041;-38.33155;Jardim Brasília;;
240;Gás Arembepe;;endereco;Estrada do Coco, Arembepe, Camaçari - BA, 42840-000, Brasil;Estrada do Coco Camacari BA 42829894 Brazil;Camaçari;BA;42829894;-12.76682;-38.18756;-12.76682;-38.18756;Arembepe;ALTO;"endereco de rodovia (57-67% falharam); sem numero de porta"
241;Gás de cozinha Camaçari - Marília Gás Camaçari;;endereco;Rua das Cajaranas, 93, Parque Verde I, Camaçari - BA, 42810-057, Brasil;Rua das Cajaranas 93 Camacari BA 42810057 Brazil;Camaçari;BA;42810057;-12.72479;-38.32318;-12.72479;-38.32318;Parque Verde I;;
242;Gás em Camaçari - Brasilgas;;endereco;Rua Antônio Félix Martins, Parque Verde I, Camaçari - BA, 42810-043, Brasil;Rua Antonio Felix Martins Camacari BA 42810195 Brazil;Camaçari;BA;42810195;-12.72263;-38.32798;-12.72263;-38.32798;Parque Verde I;ALTO;sem numero de porta
243;J&R GÁS L.T.D.A;;endereco;Rua Rio da Madeira, 65, Centro, Camaçari - BA, 42800-027, Brasil;Rua Rio da Madeira 65 Camacari BA 42800080 Brazil;Camaçari;BA;42800080;-12.7039;-38.32664;-12.7039;-38.32664;Centro;;
244;Jacuipe Gás;;endereco;Avenida Concêntrica, 2009, Alto da Cruz, Camaçari - BA, 42806-040, Brasil;Avenida Concentrica 2009 Camacari BA 42838530 Brazil;Camaçari;BA;42838530;-12.6972;-38.33311;-12.6972;-38.33311;Alto da Cruz;;
245;JP gás;;endereco;Rua da Paz, 17, Nova Aliança, Camaçari - BA, 42807-345, Brasil;Rua da Paz 17 Camacari BA 42807345 Brazil;Camaçari;BA;42807345;-12.716;-38.33483;-12.716;-38.33483;Nova Aliança;;
246;Ligue Gás Distribuidora LTDA;;endereco;Estrada do Coco, Coqueiros de Arembepe, Camaçari - BA, 42840-000, Brasil;Estrada do Coco Camacari BA 42823604 Brazil;Camaçari;BA;42823604;-12.77529;-38.19545;-12.77529;-38.19545;Coqueiros de Arembepe;ALTO;"endereco de rodovia (57-67% falharam); sem numero de porta"
247;Liquigás;;endereco;Avenida Radial B, 77, Ficam, Camaçari - BA, 42807-380, Brasil;Avenida Radial B 77 Camacari BA 42807380 Brazil;Camaçari;BA;42807380;-12.68947;-38.33097;-12.68947;-38.33097;Ficam;;
248;Mário gás;;endereco;Rua Ana Corá Carolina, 56, Rio da Prata, Camaçari - BA, Brasil;Rua Ana Cora Carolina 56 Camacari BA 42810233 Brazil;Camaçari;BA;42810233;-12.73755;-38.33001;-12.73755;-38.33001;Rio da Prata;;
249;Nacional Gás | Binho Recôncavo Gás de Cozinha em Camaçari;;endereco;Rua Acupe, 100, Renascer, Camaçari - BA, 42807-381, Brasil;Rua Acupe 100 Camacari BA 42807381 Brazil;Camaçari;BA;42807381;-12.71183;-38.33337;-12.71183;-38.33337;Renascer;;
250;Paizão do Gás - Brasilgás;;endereco;Rua Costa Azul, 104, Verdes Horizonte, Camaçari - BA, 42809-721, Brasil;Rua Costa Azul 104 Camacari BA 42809721 Brazil;Camaçari;BA;42809721;-12.72639;-38.3171;-12.72639;-38.3171;Verdes Horizonte;;
251;RC.GÁS LIQUIGÁS;;endereco;Rua Terra I, 2, Gravatá, Camaçari - BA, 42803-702, Brasil;Rua Terra I 2 Camacari BA 42800000 Brazil;Camaçari;BA;42800000;-12.68598;-38.33452;-12.68598;-38.33452;Gravatá;MEDIO;CEP generico de cidade, nao de rua (2,4x mais falha)
252;Revenda Liquigás - Elogás;;endereco;Rua Prainha, 51, Santa Maria, Camaçari - BA, Brasil;Rua Prainha 51 Camacari BA 42807555 Brazil;Camaçari;BA;42807555;-12.71331;-38.34556;-12.71331;-38.34556;Santa Maria;;
253;RVS Gás (Revenda Autorizada Liquigás);;endereco;Rua Coronel Tamarindo, 416, Camaçari de Dentro, Camaçari - BA, 42804-483, Brasil;Rua Coronel Tamarindo 416 Camacari BA 42804483 Brazil;Camaçari;BA;42804483;-12.69915;-38.33551;-12.69915;-38.33551;Camaçari de Dentro;;
254;Santiago Gás - Revenda de Gás em Camaçari;;endereco;Rua Antônio Félix Martins, 871, Parque Verde I, Camaçari - BA, Brasil;Rua Antonio Felix Martins 871 Camacari BA 42810043 Brazil;Camaçari;BA;42810043;-12.72102;-38.32553;-12.72102;-38.32553;Parque Verde I;;
255;SuperGasbras;;endereco;Avenida Jorge Amado, 9, Polo de Apoio, Camaçari - BA, 42802-373, Brasil;Avenida Jorge Amado 9 Camacari BA 42801170 Brazil;Camaçari;BA;42801170;-12.70337;-38.30758;-12.70337;-38.30758;Polo de Apoio;;
256;supergasbras Jair gas;;endereco;Travessa da Avenida Leste, 168, Nova Vitória, Camaçari - BA, 42802-391, Brasil;Travessa da Avenida Leste 168 Camacari BA 42801609 Brazil;Camaçari;BA;42801609;-12.70191;-38.3112;-12.70191;-38.3112;Nova Vitória;;
257;Ultragaz (Brasilgás);;endereco (logradouro de coluna alternativa);BA-529, Monte Gordo, Camaçari - BA, 42820-000, Brasil;Rua Bom Jesus Camacari BA 42820000 Brazil;Camaçari;BA;42820000;-12.64307;-38.09137;-12.64307;-38.09137;;ALTO;"sem numero de porta; CEP generico de cidade, nao de rua (2,4x mais falha)"
258;Ultragaz - Gás de Cozinha em Camaçari;;endereco;Avenida Rio Bandeira, 56, Alto do Triângulo, Camaçari - BA, 42809-360, Brasil;Avenida Rio Bandeira 56 Camacari BA 42807650 Brazil;Camaçari;BA;42807650;-12.68862;-38.3381;-12.68862;-38.3381;Alto do Triângulo;;
259;Ultragaz Léo Gás Gleba é;;endereco;Caminho Diadema, 1, Gleba E, Camaçari - BA, 42808-107, Brasil;Caminho Diadema 1 Camacari BA 42808107 Brazil;Camaçari;BA;42808107;-12.72262;-38.33008;-12.72262;-38.33008;Gleba E;;
260;Val Gás Camaçari;;endereco;Avenida Jorge Amado, 37, Poloplast, Camaçari - BA, Brasil;Avenida Jorge Amado 37 Camacari BA 42802580 Brazil;Camaçari;BA;42802580;-12.70033;-38.29706;-12.70033;-38.29706;Poloplast;;
261;Val Gás Parque Verde - Autorizada Brasilgás;;endereco;Rua das Cajaranas, 88, Parque Verde I, Camaçari - BA, Brasil;Rua das Cajaranas 88 Camacari BA 42800970 Brazil;Camaçari;BA;42800970;-12.72524;-38.32308;-12.72524;-38.32308;Parque Verde I;;
262;Vitória Gás Camaçari - Revenda Liquigás;;endereco;Rua Marques, 3, Parque Real Serra Verde, Camaçari - BA, 42813-064, Brasil;Rua Marques 3 Camacari BA 42800970 Brazil;Camaçari;BA;42800970;-12.73969;-38.29684;-12.73969;-38.29684;Parque Real Serra Verde;;
263;BRASILGÁS / ULTRAGAZ FEIRA DE SANTANA;;endereco;Rua Cônego Cupertino Lacerda, 774, Serraria Brasil, Feira de Santana - BA, 44003-210, Brasil;Rua Conego Cupertino Lacerda 774 Feira de Santana BA 44003210 Brazil;Feira de Santana;BA;44003210;-12.26589;-38.95569;-12.26589;-38.95569;Serraria Brasil;;
264;Disk Gás Butano;;endereco;Rua Caetité, 855, Jardim Cruzeiro, Feira de Santana - BA, 44024-402, Brasil;Rua Caetite 855 Feira de Santana BA 99667566 Brazil;Feira de Santana;BA;99667566;-12.24021;-38.98152;-12.24021;-38.98152;Jardim Cruzeiro;;
265;Feira Gás;;endereco;Avenida Iguatemi, 958, Conceição, Feira de Santana - BA, 44057-300, Brasil;Avenida Iguatemi 958 Feira de Santana BA 44057300 Brazil;Feira de Santana;BA;44057300;-12.22374;-38.93412;-12.22374;-38.93412;Conceição;;
266;Fred Gáz | Ultragaz | Gás de cozinha 24h;;endereco;Rua Humberto de Campos, 27, Centro, Feira de Santana - BA, 44001-068, Brasil;Rua Humberto de Campos 27 Feira de Santana BA 44001068 Brazil;Feira de Santana;BA;44001068;-12.25018;-38.9593;-12.25018;-38.9593;Centro;;
267;GUERREIRO GAS E ÁGUA;;endereco;Avenida Casimiro de Abreu, 105, Cidade Nova, Feira de Santana - BA, 44053-200, Brasil;Avenida Casimiro de Abreu 105 Feira de Santana BA 44053200 Brazil;Feira de Santana;BA;44053200;-12.22392;-38.95693;-12.22392;-38.95693;Cidade Nova;;
268;Gás de cozinha;;endereco;Rua Caetité, 590, Jardim Cruzeiro, Feira de Santana - BA, 44024-402, Brasil;Rua Caetite 590 Feira de Santana BA 44017040 Brazil;Feira de Santana;BA;44017040;-12.24222;-38.98084;-12.24222;-38.98084;Jardim Cruzeiro;;
269;Gás de Cozinha Nacionalgás/Brasilgás/Fabgás distribuidora/ Vale Gás;;endereco;Rua Anápolis, 856, Queimadinha, Feira de Santana - BA, 44050-386, Brasil;Rua Anapolis 856 Feira de Santana BA 44051480 Brazil;Feira de Santana;BA;44051480;-12.242;-38.95605;-12.242;-38.95605;Queimadinha;;
270;JN Gás 24H - Ultragaz | Liquigás | Supergás | Gás do Povo;;endereco;Avenida Dep. Colbert Martins da Silva, 575, Cis, Feira de Santana - BA, 44083-672, Brasil;Avenida Dep Colbert Martins da Silva 575 Feira de Santana BA 44092734 Brazil;Feira de Santana;BA;44092734;-12.29218;-38.95719;-12.29218;-38.95719;Cis;;
271;JN Gás 24H Ultragaz;;endereco;Rua Tupinambá, 552, São João, Feira de Santana - BA, 44051-224, Brasil;Rua Tupinamba 552 Feira de Santana BA 44051224 Brazil;Feira de Santana;BA;44051224;-12.23381;-38.94884;-12.23381;-38.94884;São João;;
272;LM Revendedora de Gás;;endereco;Rua Amaralina, 2981, Gabriela, Feira de Santana - BA, 44031-645, Brasil;Rua Amaralina 2981 Feira de Santana BA 44022210 Brazil;Feira de Santana;BA;44022210;-12.22273;-38.98577;-12.22273;-38.98577;Gabriela;;
273;Lua Gás;;endereco;Rua Vespaziano, 790, Tomba, Feira de Santana - BA, 44091-166, Brasil;Rua Vespaziano 790 Feira de Santana BA 44005080 Brazil;Feira de Santana;BA;44005080;-12.28978;-38.94892;-12.28978;-38.94892;Tomba;;
274;Lua Gás;;endereco;Rua Campo Largo, 79, Tomba, Feira de Santana - BA, 44091-254, Brasil;Rua Campo Largo 79 Feira de Santana BA 44091238 Brazil;Feira de Santana;BA;44091238;-12.29378;-38.95005;-12.29378;-38.95005;Tomba;;
275;Líquigas - Este é o gás;;endereco;Rua General Costa e Silva, 70, Sobradinho, Feira de Santana - BA, 44021-095, Brasil;Rua General Costa e Silva 70 Feira de Santana BA 44021095 Brazil;Feira de Santana;BA;44021095;-12.2435;-38.97068;-12.2435;-38.97068;Sobradinho;;
276;Nacional Gas Feira de Santana;;endereco;Rua Caetité, 621, Jardim Cruzeiro, Feira de Santana - BA, 44024-402, Brasil;Rua Caetite 621 Feira de Santana BA 44024402 Brazil;Feira de Santana;BA;44024402;-12.23953;-38.98179;-12.23953;-38.98179;Jardim Cruzeiro;;
277;Nacional Gás;;endereco;Avenida Antônio Sérgio Carneiro, 138, Santo Antônio dos Prazeres, Feira de Santana - BA, 44067-265, Brasil;Avenida Antonio Sergio Carneiro 138 Feira de Santana BA 44071200 Brazil;Feira de Santana;BA;44071200;-12.24284;-38.93493;-12.24284;-38.93493;Santo Antônio dos Prazeres;;
278;Nacional Gás Feira de Santana - Brasília;;endereco;Rua Rio Itapemirim, 307, Brasília, Feira de Santana - BA, 44088-366, Brasil;Rua Rio Itapemirim 307 Feira de Santana BA 44026170 Brazil;Feira de Santana;BA;44026170;-12.26736;-38.94691;-12.26736;-38.94691;Brasília;;
279;Nacional Gás Feira de Santana - Conceição;;endereco;Rua Morro Azul, 199, Conceição, Feira de Santana - BA, 44065-024, Brasil;Rua Morro Azul 199 Feira de Santana BA 44069420 Brazil;Feira de Santana;BA;44069420;-12.22983;-38.9423;-12.22983;-38.9423;Conceição;;
280;Nacional Gás Feira de Santana - Estação Nova;;endereco;Rua Noruega, 409, Lagoa Grande, Feira de Santana - BA, 44052-484, Brasil;Rua Noruega 409 Feira de Santana BA 44042810 Brazil;Feira de Santana;BA;44042810;-12.2517;-38.94409;-12.2517;-38.94409;Lagoa Grande;;
281;Rápido Feira - DISK GÁS;;endereco;Avenida Francisco Pinto, 846, Pedra do Descanso, Feira de Santana - BA, 44007-195, Brasil;Avenida Francisco Pinto 846 Feira de Santana BA 44007095 Brazil;Feira de Santana;BA;44007095;-12.26462;-38.97844;-12.26462;-38.97844;Pedra do Descanso;;
282;Amado Gás - Ultragaz - Ilhéus;;endereco;Avenida Nossa Senhora Aparecida, 629, Ilhéus - BA, 45655-510, Brasil;Avenida Nossa Senhora Aparecida 629 Ilheus BA 45555506 Brazil;Ilhéus;BA;45555506;-14.82207;-39.02939;-14.82207;-39.02939;;;
283;Anderson Gás;;endereco;Caminho Oito, 1, Ilhéus - BA, 45655-216, Brasil;Caminho Oito 1 Ilheus BA 45652520 Brazil;Ilhéus;BA;45652520;-14.83595;-39.03579;-14.83595;-39.03579;;;
284;CHAMA GÁS E ÁGUA;;endereco;Rua Eucário Bastos, 423, Ilhéus - BA, 45656-050, Brasil;Rua Eucario Bastos 423 Ilheus BA 45656040 Brazil;Ilhéus;BA;45656040;-14.82086;-39.03744;-14.82086;-39.03744;;;
285;Diego Gás Ilhéus;;endereco;BA-262, 15, Ilhéus - BA, 45658-330, Brasil;BA 262 15 Ilheus BA 45658340 Brazil;Ilhéus;BA;45658340;-14.75092;-39.06715;-14.75092;-39.06715;;ALTO;logradouro sem nome
286;Gms Distribuidora Nacional Gás;;endereco;Avenida Ubaitaba, 636, Ilhéus - BA, 45651-520, Brasil;Avenida Ubaitaba 636 Ilheus BA 45658800 Brazil;Ilhéus;BA;45658800;-14.78697;-39.05071;-14.78697;-39.05071;;;
287;Gás Gr distribuidora de gás;;endereco;Rua da Amizade, Ilhéus - BA, 45657-350, Brasil;Rua da Amizade Ilheus BA 45657358 Brazil;Ilhéus;BA;45657358;-14.80793;-39.06699;-14.80793;-39.06699;;ALTO;sem numero de porta
288;Gás Link - Brasil Gás Zona Sul;;endereco;Rodovia Pontal Buerarema, 2210, Ilhéus - BA, 45655-510, Brasil;Rodovia Pontal Buerarema 2210 Ilheus BA 45655506 Brazil;Ilhéus;BA;45655506;-14.83498;-39.03155;-14.83498;-39.03155;;ALTO;endereco de rodovia (57-67% falharam)
289;Gás_CARLOS GÁS;;endereco;Rua Pitágoras, 399, Ilhéus - BA, 45657-155, Brasil;Rua Pitagoras 399 Ilheus BA 45657150 Brazil;Ilhéus;BA;45657150;-14.80809;-39.05979;-14.80809;-39.05979;;;
290;Ios Gás e Distribuidora;;endereco;Avenida Central, 1144, Ilhéus - BA, 45657-700, Brasil;Avenida Central 1144 Ilheus BA 45657135 Brazil;Ilhéus;BA;45657135;-14.80185;-39.05723;-14.80185;-39.05723;;;
291;J J Gás (Vip Gás Ilhéus);;endereco;Rua Maria Luíza, 51, Ilhéus - BA, 45658-350, Brasil;Rua Maria Luiza 51 Ilheus BA 45658350 Brazil;Ilhéus;BA;45658350;-14.74375;-39.06891;-14.74375;-39.06891;;;
292;Kemigás - Gás de cozinha e industrial;;endereco (logradouro de coluna alternativa);BA-262, Ilhéus - BA, 45658-350, Brasil;Rodovia BA 262 Ilheus BA 45658335 Brazil;Ilhéus;BA;45658335;-14.7453;-39.06945;-14.7453;-39.06945;;ALTO;"endereco de rodovia (57-67% falharam); sem numero de porta"
293;Loirinho Gás e Agua entrega Rápida | Gás de cozinha em Ilhéus | Botijão de gás | Distribuidor de Agua;;endereco;Rua Dorival Caymmi, 67, Ilhéus - BA, 45655-204, Brasil;Rua Dorival Caymmi 67 Ilheus BA 45655482 Brazil;Ilhéus;BA;45655482;-14.83672;-39.03312;-14.83672;-39.03312;;;
294;NACIONALGASILHEUS - GÁS DE COZINHA EM ILHÉUS;;endereco (logradouro de coluna alternativa);BA-415, Ilhéus - BA, 45604-141, Brasil;Rodovia Jorge Amado Ilheus BA 45661200 Brazil;Ilhéus;BA;45661200;-14.78042;-39.09871;-14.78042;-39.09871;;ALTO;"endereco de rodovia (57-67% falharam); sem numero de porta"
295;Natural Gás - Ilhéus;;endereco;Rodovia Pontal Buerarema, 2682, Ilhéus - BA, 45655-510, Brasil;Rodovia Pontal Buerarema 2682 Ilheus BA 45655506 Brazil;Ilhéus;BA;45655506;-14.83638;-39.03233;-14.83638;-39.03233;;ALTO;endereco de rodovia (57-67% falharam)
296;Neto Multgás;;endereco;Avenida Ubaitaba, 766, Ilhéus - BA, 45651-520, Brasil;Avenida Ubaitaba 766 Ilheus BA 45651482 Brazil;Ilhéus;BA;45651482;-14.78579;-39.05105;-14.78579;-39.05105;;;
297;New Gás - Ultragaz Centro e Zona Norte;;endereco;Avenida Petrobrás, 250, Ilhéus - BA, 45652-155, Brasil;Avenida Petrobras 250 Ilheus BA 45652155 Brazil;Ilhéus;BA;45652155;-14.78899;-39.03889;-14.78899;-39.03889;;;
298;ORLAN GÁS;;endereco;Travessa Quarta Boa Vista, Ilhéus - BA, 45656-000, Brasil;Travessa Quarta Boa Vista Ilheus BA 45656270 Brazil;Ilhéus;BA;45656270;-14.82275;-39.03977;-14.82275;-39.03977;;ALTO;sem numero de porta
299;Revenda Brasilgás;;endereco;Avenida Ubaitaba, 189, Ilhéus - BA, 45651-520, Brasil;Avenida Ubaitaba 189 Ilheus BA 45651520 Brazil;Ilhéus;BA;45651520;-14.79042;-39.04862;-14.79042;-39.04862;;;
300;Revenda Brasilgás;;endereco;Avenida Itabuna, 1862, Ilhéus - BA, 45658-565, Brasil;Avenida Itabuna 1862 Ilheus BA 45652155 Brazil;Ilhéus;BA;45652155;-14.79335;-39.05196;-14.79335;-39.05196;;;
301;RK distribuidora água & gás;;endereco;Jn Contrução Civil, Avenida Itabuna, 1163, Ilhéus - BA, 45658-565, Brasil;Avenida Itabuna 1163 Ilheus BA 45653160 Brazil;Ilhéus;BA;45653160;-14.79112;-39.04485;-14.79112;-39.04485;;;
302;Supergasbras;;endereco (logradouro de coluna alternativa);BA-262, Ilhéus - BA, 45658-350, Brasil;Rodovia Ilheus Urucuca Iguape Ilheus BA 45658370 Brazil;Ilhéus;BA;45658370;-14.74522;-39.06951;-14.74522;-39.06951;;ALTO;"endereco de rodovia (57-67% falharam); sem numero de porta"
303;ZAPGÁS ILHÉUS;;endereco;Rua Tom Jobim, 338, Ilhéus - BA, 45655-286, Brasil;Rua Tom Jobim 338 Ilheus BA 45655182 Brazil;Ilhéus;BA;45655182;-14.83544;-39.03486;-14.83544;-39.03486;;;
304;ABMAEL DO GAS;;endereco;Travessa Paulo de Souza, 25, Itabuna - BA, 45604-070, Brasil;Travessa Paulo de Souza 25 Itabuna BA 45604070 Brazil;Itabuna;BA;45604070;-14.77915;-39.26559;-14.77915;-39.26559;;;
305;Almir Gás;;endereco;Rua Bionor Rebouças, 463, Itabuna - BA, 45603-620, Brasil;Rua Bionor Reboucas 463 Itabuna BA 45600000 Brazil;Itabuna;BA;45600000;-14.77555;-39.27225;-14.77555;-39.27225;;MEDIO;CEP generico de cidade, nao de rua (2,4x mais falha)
306;Amado Gás - Ultragaz - Itabuna;;endereco (logradouro de coluna alternativa);Semi-Anel Rodoviário de Itabuna, Itabuna - BA, 45614-899, Brasil;Rodovia Semi Anel Rodoviario Itabuna BA 45604890 Brazil;Itabuna;BA;45604890;-14.78531;-39.25481;-14.78531;-39.25481;;ALTO;"endereco de rodovia (57-67% falharam); sem numero de porta"
307;Atacadão do Gás - Sua entrega rápida de gás de cozinha em Itabuna.;;endereco;Rua José Monstans, 371, Itabuna - BA, 45602-171, Brasil;Rua Jose Monstans 371 Itabuna BA 45602170 Brazil;Itabuna;BA;45602170;-14.78475;-39.28468;-14.78475;-39.28468;;;
308;Ataildo Brasil Gás;;endereco;Rua Nova, 21, Itabuna - BA, 45604-380, Brasil;Rua Nova 21 Itabuna BA 45604380 Brazil;Itabuna;BA;45604380;-14.77709;-39.26115;-14.77709;-39.26115;;;
309;BrasilGás;;endereco;TRILHA SUL MOTOS, Rua Felícia de Novaes, 296, Itabuna - BA, 45604-086, Brasil;Rua Felicia de Novaes 296 Itabuna BA 45604105 Brazil;Itabuna;BA;45604105;-14.78028;-39.26785;-14.78028;-39.26785;;;
310;Brasilgás;;endereco;Avenida Itajuípe, 381, Itabuna - BA, 45602-010, Brasil;Avenida Itajuipe 381 Itabuna BA 45602010 Brazil;Itabuna;BA;45602010;-14.78783;-39.28133;-14.78783;-39.28133;;;
311;Chama Gás | Gás de cozinha em Itabuna | Botijão de gás residencial e comercial | Disk Gás;;endereco;Rua Aroeira, 79, Itabuna - BA, 45600-218, Brasil;Rua Aroeira 79 Itabuna BA 45600645 Brazil;Itabuna;BA;45600645;-14.79109;-39.28049;-14.79109;-39.28049;;;
312;Delta Gás;;endereco;Avenida Itajuípe, 1077, Itabuna - BA, 45602-010, Brasil;Avenida Itajuipe 1077 Itabuna BA 45602646 Brazil;Itabuna;BA;45602646;-14.78783;-39.28123;-14.78783;-39.28123;;;
313;Distribuidora De Água E Gas;;endereco;Avenida Pedro Jorge, 414, Itabuna - BA, 45606-237, Brasil;Avenida Pedro Jorge 414 Itabuna BA 45606115 Brazil;Itabuna;BA;45606115;-14.80598;-39.26635;-14.80598;-39.26635;;;
314;Distribuidora de Água e Gás - Unigás;;endereco;Rua Santa Rita, 122, Itabuna - BA, 45604-080, Brasil;Rua Santa Rita 122 Itabuna BA 45602040 Brazil;Itabuna;BA;45602040;-14.78819;-39.2844;-14.78819;-39.2844;;;
315;DUCA GÁS;;endereco;Travessa Santa Josefina, 99, Itabuna - BA, 45603-770, Brasil;Travessa Santa Josefina 99 Itabuna BA 45603770 Brazil;Itabuna;BA;45603770;-14.76909;-39.27106;-14.76909;-39.27106;;;
316;Gas Butagás Itabuna;;endereco;Rua São João, 170, Itabuna - BA, 45600-570, Brasil;Rua Sao Joao 170 Itabuna BA 45600570 Brazil;Itabuna;BA;45600570;-14.8009;-39.28188;-14.8009;-39.28188;;;
317;Ideal Gás Fátima - Gás de cozinha em Itabuna - Botijão de gás;;endereco;Rua São Francisco, 833, Itabuna - BA, 45604-057, Brasil;Rua Sao Francisco 833 Itabuna BA 45604010 Brazil;Itabuna;BA;45604010;-14.77578;-39.26775;-14.77578;-39.26775;;;
318;Itagás;;endereco;Rua Catarina Alves, 213, Itabuna - BA, 45602-180, Brasil;Rua Catarina Alves 213 Itabuna BA 45602180 Brazil;Itabuna;BA;45602180;-14.78722;-39.28408;-14.78722;-39.28408;;;
319;Jbragas;;endereco;Rua Rio Bahia, 424, Itabuna - BA, 45600-585, Brasil;Rua Rio Bahia 424 Itabuna BA 45604654 Brazil;Itabuna;BA;45604654;-14.80409;-39.28942;-14.80409;-39.28942;;;
320;LEÔNCIO DISTRIBUIDORA DE BEBIDAS, ÁGUA MINERAL E GÁS;;endereco;Rua Balduíno Silveira, 106, Itabuna - BA, 45604-126, Brasil;Rua Balduino Silveira 106 Itabuna BA 45604126 Brazil;Itabuna;BA;45604126;-14.77538;-39.27059;-14.77538;-39.27059;;;
321;Max Gás | Gás de cozinha em Itabuna | Botijão de gás;;endereco;Rua São José, 318, Itabuna - BA, 45604-050, Brasil;Rua Sao Jose 318 Itabuna BA 45604015 Brazil;Itabuna;BA;45604015;-14.78023;-39.26608;-14.78023;-39.26608;;;
322;MR GÁS;;endereco;Rua Um, 489, Itabuna - BA, 45601-444, Brasil;Rua Um 489 Itabuna BA 45601444 Brazil;Itabuna;BA;45601444;-14.80173;-39.2942;-14.80173;-39.2942;;;
323;Nacional Gás;;endereco;Caminho Quatro, 35, Itabuna - BA, 45608-850, Brasil;Caminho Quatro 35 Itabuna BA 45607385 Brazil;Itabuna;BA;45607385;-14.81692;-39.28205;-14.81692;-39.28205;;;
324;Nacional Gás Butano Dist;;endereco;Travessa Santo André, 92, Itabuna - BA, 45605-210, Brasil;Travessa Santo Andre 92 Itabuna BA 45605340 Brazil;Itabuna;BA;45605340;-14.79097;-39.27103;-14.79097;-39.27103;;;
325;Pro Gás;;endereco;Rua S, 43, Itabuna - BA, 45602-050, Brasil;Rua S 43 Itabuna BA 45602430 Brazil;Itabuna;BA;45602430;-14.7922;-39.28443;-14.7922;-39.28443;;;
326;Revenda Brasilgás;;endereco;Oficina Menezes, Rua João Teles, Itabuna - BA, 45603-650, Brasil;Rua Joao Teles Itabuna BA 45605210 Brazil;Itabuna;BA;45605210;-14.78903;-39.27051;-14.78903;-39.27051;;ALTO;sem numero de porta
327;Ronaldo Dist de Gás e Água Mineral;;endereco;Avenida Pedro Jorge, 271, Itabuna - BA, 45606-239, Brasil;Avenida Pedro Jorge 271 Itabuna BA 45606115 Brazil;Itabuna;BA;45606115;-14.80571;-39.26642;-14.80571;-39.26642;;;
328;Tec-Gás;;endereco;Ftb, Avenida Cinquentenário, Itabuna - BA, 45600-006, Brasil;Avenida Cinquentenario Itabuna BA 45600320 Brazil;Itabuna;BA;45600320;-14.79361;-39.27652;-14.79361;-39.27652;;ALTO;sem numero de porta
329;Tom Bahia Distribuidora Água e Gás;;endereco;Rua Quintino Bocaiúva, 49, Itabuna - BA, 45600-308, Brasil;Rua Quintino Bocaiuva 49 Itabuna BA 45600320 Brazil;Itabuna;BA;45600320;-14.79404;-39.27596;-14.79404;-39.27596;;;
330;Ultragaz São Roque Itabuna BA - Valdemir do Gás;;endereco;Avenida Bionorreboucas, 2-74, Rua Bionor Rebouças, Itabuna - BA, 45603-583, Brasil;Avenida Bionorreboucas 2 74 Rua Bionor Reboucas Itabuna BA 45603583 Brazil;Itabuna;BA;45603583;-14.77744;-39.27203;-14.77744;-39.27203;;ALTO;sem numero de porta
331;Zé do Gás;;endereco;Rua Santo André, Itabuna - BA, 45605-200, Brasil;Rua Santo Andre Itabuna BA 45605210 Brazil;Itabuna;BA;45605210;-14.79093;-39.27082;-14.79093;-39.27082;;ALTO;sem numero de porta
332;Real Gás;;endereco;Rua Maria Quitéria, 333, Itapetinga - BA, 45700-000, Brasil;Rua Maria Quiteria 333 Itapetinga BA 45700000 Brazil;Itapetinga;BA;45700000;-15.24283;-40.24805;-15.24283;-40.24805;;MEDIO;CEP generico de cidade, nao de rua (2,4x mais falha)
333;BARACHO GÁS;;endereco;Rua G, 1, Jequié - BA, 45208-519, Brasil;Rua G 1 Jequie BA 45204700 Brazil;Jequié;BA;45204700;-13.87423;-40.06849;-13.87423;-40.06849;;;
334;Damera Gas;;endereco;Rua Galícia, 170, Jequié - BA, 45200-130, Brasil;Rua Galicia 170 Jequie BA 45207130 Brazil;Jequié;BA;45207130;-13.87181;-40.08083;-13.87181;-40.08083;;;
335;Ekigás - Nacional Gás Butano;;endereco;Rua Gerônimo Sodré, 49, Jequié - BA, 45200-292, Brasil;Rua Geronimo Sodre 49 Jequie BA 45208059 Brazil;Jequié;BA;45208059;-13.86263;-40.07583;-13.86263;-40.07583;;;
336;Eloy Distribuidora - Gás e Água Mineral;;endereco;Rua Antônio Orrico, 439, Jequié - BA, 45203-132, Brasil;Rua Antonio Orrico 439 Jequie BA 45203132 Brazil;Jequié;BA;45203132;-13.84474;-40.07401;-13.84474;-40.07401;;;
337;Fs Gás;;endereco;Rua Costa Brito, 286, Jequié - BA, 45200-010, Brasil;Rua Costa Brito 286 Jequie BA 45200130 Brazil;Jequié;BA;45200130;-13.86023;-40.07869;-13.86023;-40.07869;;;
338;Gazo do gás;;endereco;Rua Oito, 82, Jequié - BA, Brasil;Rua Oito 82 Jequie BA Brazil;Jequié;BA;;-13.83349;-40.06532;-13.83349;-40.06532;;;
339;GIL GAS;;endereco;Campo do América, 481, Jequié - BA, Brasil;Campo do America 481 Jequie BA 45200010 Brazil;Jequié;BA;45200010;-13.85802;-40.07737;-13.85802;-40.07737;;;
340;Giro Gás;;endereco;Avenida Alves Pereira, Jequié - BA, 45200-005, Brasil;Avenida Alves Pereira Jequie BA 45200060 Brazil;Jequié;BA;45200060;-13.85871;-40.08023;-13.85871;-40.08023;;ALTO;sem numero de porta
341;L M Gás;;endereco;Rua Abílio Procópio, 329, Jequié - BA, Brasil;Rua Abilio Procopio 329 Jequie BA 45200970 Brazil;Jequié;BA;45200970;-13.86061;-40.08505;-13.86061;-40.08505;;;
342;Leve Gás;;endereco;Avenida Presidente Vargas, 603, Jequié - BA, 45208-189, Brasil;Avenida Presidente Vargas 603 Jequie BA 45205000 Brazil;Jequié;BA;45205000;-13.8654;-40.06906;-13.8654;-40.06906;;MEDIO;CEP generico de cidade, nao de rua (2,4x mais falha)
343;Leve Gás;;endereco;Avenida Tote Lomanto, 1128, Jequié - BA, 45205-311, Brasil;Avenida Tote Lomanto 1128 Jequie BA 45200970 Brazil;Jequié;BA;45200970;-13.84978;-40.09277;-13.84978;-40.09277;;;
344;Liquigas;;endereco;Avenida Rio Branco, 527, Jequié - BA, 45200-011, Brasil;Avenida Rio Branco 527 Jequie BA 45203011 Brazil;Jequié;BA;45203011;-13.85641;-40.08022;-13.85641;-40.08022;;;
345;LIQUIGAS-GÁS CIDADE SOL;;endereco;Segunda Travessa Everaldo Santos, 253, Jequié - BA, 45204-200, Brasil;Segunda Travessa Everaldo Santos 253 Jequie BA 45206057 Brazil;Jequié;BA;45206057;-13.85368;-40.07198;-13.85368;-40.07198;;;
346;Lugar do Gás Comercial;;endereco;Avenida dos Operarios, 21, Jequié - BA, 45208-003, Brasil;Avenida dos Operarios 21 Jequie BA 45204110 Brazil;Jequié;BA;45204110;-13.85732;-40.07083;-13.85732;-40.07083;;;
347;M.fDistribuidora gás água;;endereco;Rua Urbano de Almeida Neto, 283, Jequié - BA, 45201-458, Brasil;Rua Urbano de Almeida Neto 283 Jequie BA 45201160 Brazil;Jequié;BA;45201160;-13.85525;-40.09742;-13.85525;-40.09742;;;
348;Minas Gas;;endereco;Rua Caribe, 415, Jequié - BA, 45206-000, Brasil;Rua Caribe 415 Jequie BA 45206000 Brazil;Jequié;BA;45206000;-13.86496;-40.07652;-13.86496;-40.07652;;MEDIO;CEP generico de cidade, nao de rua (2,4x mais falha)
349;Novo gás - Revenda de Gás,;;endereco;Rua B, Jequié - BA, Brasil;Rua B Jequie BA 45201545 Brazil;Jequié;BA;45201545;-13.85146;-40.11456;-13.85146;-40.11456;;ALTO;sem numero de porta
350;Revenda Brasilgás;;endereco;Avenida Franz Gedeon, 1252, Jequié - BA, 45208-117, Brasil;Avenida Franz Gedeon 1252 Jequie BA 45208117 Brazil;Jequié;BA;45208117;-13.86499;-40.06901;-13.86499;-40.06901;;;
351;SUPERGASBRAS;;endereco;Rua Caminho Lateral do Caic, 160, Jequié - BA, Brasil;Rua Caminho Lateral do Caic 160 Jequie BA 45208553 Brazil;Jequié;BA;45208553;-13.87623;-40.06531;-13.87623;-40.06531;;;
352;SUPERGASBRAS - JEQUIÉ;;endereco;Supergasbras, Jequié - BA, Brasil;Supergasbras Jequie BA Brazil;Jequié;BA;;-13.84065;-40.10857;-13.84065;-40.10857;;ALTO;"sem numero de porta; logradouro sem nome"
353;THIAGOGÁS;;endereco;Rua Albertino Pereira, 90, Jequié - BA, 45208-169, Brasil;Rua Albertino Pereira 90 Jequie BA 45208157 Brazil;Jequié;BA;45208157;-13.85974;-40.06805;-13.85974;-40.06805;;;
354;A.G.T Gás E Transportes;;endereco;Rua Semeão Bez, 63, Alto da Aliança, Juazeiro - BA, 48909-291, Brasil;Rua Semeao Bez 63 Juazeiro BA 48909291 Brazil;Juazeiro;BA;48909291;-9.44888;-40.49962;-9.44888;-40.49962;Alto da Aliança;;
355;Aliança Gás - Revenda Liquigás;;endereco;Rua Marques Barbacena, 1148, Alto da Aliança, Juazeiro - BA, 48909-257, Brasil;Rua Marques Barbacena 1148 Juazeiro BA 48909257 Brazil;Juazeiro;BA;48909257;-9.44669;-40.50001;-9.44669;-40.50001;Alto da Aliança;;
356;Andreza Gás;;endereco;Caminho da Paz Dois, 10, Padre Vicente, Juazeiro - BA, Brasil;Caminho da Paz Dois 10 Juazeiro BA 48900500 Brazil;Juazeiro;BA;48900500;-9.43729;-40.50904;-9.43729;-40.50904;Padre Vicente;;
357;André Gás e Água;;endereco;Avenida Senador Teotonio Vilela, 622, Maringá, Juazeiro - BA, 48902-419, Brasil;Avenida Senador Teotonio Vilela 622 Juazeiro BA 48902419 Brazil;Juazeiro;BA;48902419;-9.416;-40.51484;-9.416;-40.51484;Maringá;;
358;ARMAZEM DAS AGUAS E DO GAS;;endereco;Travessa D, Lomanto Júnior, Juazeiro - BA, Brasil;Travessa D Juazeiro BA 48904355 Brazil;Juazeiro;BA;48904355;-9.42407;-40.49817;-9.42407;-40.49817;Lomanto Júnior;ALTO;sem numero de porta
359;Armazém das Águas Distribuidora de Água Mineral e Gás de Cozinha;;endereco;Avenida Pedra do Lord, 1309, Palmares, Juazeiro - BA, Brasil;Avenida Pedra do Lord 1309 Juazeiro BA 48901340 Brazil;Juazeiro;BA;48901340;-9.42382;-40.52781;-9.42382;-40.52781;Palmares;;
360;Asda Gás | Entrega de Gás em Juazeiro;;endereco;Rua Pedro, 434, Centro, Juazeiro - BA, Brasil;Rua Pedro 434 Juazeiro BA 48904070 Brazil;Juazeiro;BA;48904070;-9.41363;-40.49976;-9.41363;-40.49976;Centro;;
361;Distribuidora De Bebidas Xelle Água E Gás;;endereco;Avenida Airton Sena, 3, Jardim Vitória, Juazeiro - BA, Brasil;Avenida Airton Sena 3 Juazeiro BA 48902290 Brazil;Juazeiro;BA;48902290;-9.42422;-40.51026;-9.42422;-40.51026;Jardim Vitória;;
362;Distribuidora Fábio água e gás;;endereco;Rua Almirante Tamandaré, 31, Country Club, Juazeiro - BA, 48902-380, Brasil;Rua Almirante Tamandare 31 Juazeiro BA 48902380 Brazil;Juazeiro;BA;48902380;-9.41551;-40.51928;-9.41551;-40.51928;Country Club;;
363;DotoGas - Gás de Cozinha em Juazeiro e Água Mineral;;endereco;Rua Ulysses Guimarães, 13, Lomanto Júnior, Juazeiro - BA, 48905-530, Brasil;Rua Ulysses Guimaraes 13 Juazeiro BA 48905530 Brazil;Juazeiro;BA;48905530;-9.42393;-40.49846;-9.42393;-40.49846;Lomanto Júnior;;
364;Gugu distribuidora de bebida & gás;;endereco;Rua Zero, Lomanto Júnior, Juazeiro - BA, Brasil;Rua Zero Juazeiro BA 48905666 Brazil;Juazeiro;BA;48905666;-9.4265;-40.4989;-9.4265;-40.4989;Lomanto Júnior;ALTO;sem numero de porta
365;GÁS DE COZINHA EM JUAZEIRO BAHIA;;endereco;Super Econômico, Rua do Socorro, 460, Alagadiço, Juazeiro - BA, 48903-267, Brasil;Rua do Socorro 460 Juazeiro BA 48900000 Brazil;Juazeiro;BA;48900000;-9.41663;-40.50632;-9.41663;-40.50632;Alagadiço;MEDIO;CEP generico de cidade, nao de rua (2,4x mais falha)
366;J&J Gás Express;;endereco;Rua Ulysses Guimarães, 13, Lomanto Júnior, Juazeiro - BA, 48905-530, Brasil;Rua Ulysses Guimaraes 13 Juazeiro BA 48904355 Brazil;Juazeiro;BA;48904355;-9.42393;-40.49846;-9.42393;-40.49846;Lomanto Júnior;;
367;JL Gás;;endereco;Travessa Bento Gonçalves, 25, Alto da Aliança, Juazeiro - BA, Brasil;Travessa Bento Goncalves 25 Juazeiro BA 48900000 Brazil;Juazeiro;BA;48900000;-9.44691;-40.50055;-9.44691;-40.50055;Alto da Aliança;MEDIO;CEP generico de cidade, nao de rua (2,4x mais falha)
368;Jone Gás;;endereco;Rua São Caetano, 25, Monte Castelo, Juazeiro - BA, 48905-417, Brasil;Rua Sao Caetano 25 Juazeiro BA 48905417 Brazil;Juazeiro;BA;48905417;-9.43089;-40.4878;-9.43089;-40.4878;Monte Castelo;;
369;Juazeiro Gás Butano;;endereco;Rua André Luís, 705, Alagadiço, Juazeiro - BA, 48900-393, Brasil;Rua Andre Luis 705 Juazeiro BA 48900000 Brazil;Juazeiro;BA;48900000;-9.4229;-40.50157;-9.4229;-40.50157;Alagadiço;MEDIO;CEP generico de cidade, nao de rua (2,4x mais falha)
370;Leal Gás;;endereco;Rua E, 1, Tancredo Neves, Juazeiro - BA, 48906-702, Brasil;Rua E 1 Juazeiro BA 48907202 Brazil;Juazeiro;BA;48907202;-9.44458;-40.48803;-9.44458;-40.48803;Tancredo Neves;;
371;Lgb Gás Butano;;endereco;Rua Francisco M. Duarte, 539, Centro, Juazeiro - BA, 48903-545, Brasil;Rua Francisco M Duarte 539 Juazeiro BA 48904070 Brazil;Juazeiro;BA;48904070;-9.41407;-40.50063;-9.41407;-40.50063;Centro;;
372;LJ GAS;;endereco;Rua Semeão Bez, 118, Alto da Aliança, Juazeiro - BA, 48909-291, Brasil;Rua Semeao Bez 118 Juazeiro BA 48909291 Brazil;Juazeiro;BA;48909291;-9.44864;-40.50033;-9.44864;-40.50033;Alto da Aliança;;
373;Lucas gás utragaz;;endereco;Rua Durval Barbosa da Cunha, 119, Jardim Flórida, Juazeiro - BA, 48900-580, Brasil;Rua Durval Barbosa da Cunha 119 Juazeiro BA 48900580 Brazil;Juazeiro;BA;48900580;-9.42742;-40.5085;-9.42742;-40.5085;Jardim Flórida;;
374;LÍDER GÁS;;endereco;Caminho Dez, 91, Ipiranga, Juazeiro - BA, 48909-140, Brasil;Caminho Dez 91 Juazeiro BA 48900066 Brazil;Juazeiro;BA;48900066;-9.43443;-40.51078;-9.43443;-40.51078;Ipiranga;;
375;MAGRÃO DO GÁS;;endereco;Rua José Firmino, 210, Argemiro, Juazeiro - BA, Brasil;Rua Jose Firmino 210 Juazeiro BA 48901090 Brazil;Juazeiro;BA;48901090;-9.44143;-40.5175;-9.44143;-40.5175;Argemiro;;
376;MICHELE GAS;;endereco;Travessa F, 540, Malhada da Areia, Juazeiro - BA, 48916-437, Brasil;Travessa F 540 Juazeiro BA 48916883 Brazil;Juazeiro;BA;48916883;-9.44475;-40.50425;-9.44475;-40.50425;Malhada da Areia;;
377;MJ gás do povo;;endereco;Avenida Giuseppe Muccini, 1311, Ipiranga, Juazeiro - BA, Brasil;Avenida Giuseppe Muccini 1311 Juazeiro BA 48904513 Brazil;Juazeiro;BA;48904513;-9.43122;-40.50747;-9.43122;-40.50747;Ipiranga;;
378;Nacional Gás;;endereco;Rua Dezoito, 88, Mussambê, Juazeiro - BA, Brasil;Rua Dezoito 88 Juazeiro BA 48902290 Brazil;Juazeiro;BA;48902290;-9.42118;-40.51018;-9.42118;-40.51018;Mussambê;;
379;Nacional Gás Butano;;endereco;Avenida Quatro, 138, Juazeiro - BA, Brasil;Avenida Quatro 138 Juazeiro BA 48909753 Brazil;Juazeiro;BA;48909753;-9.46437;-40.4922;-9.46437;-40.4922;;;
380;Nacional gás butano;;endereco;Rua Nova Fé, 113, Juazeiro - BA, Brasil;Rua Nova Fe 113 Juazeiro BA Brazil;Juazeiro;BA;;-9.46465;-40.49391;-9.46465;-40.49391;;;
381;Nacional Gás Butano Distribuidora;;endereco;Cacau Show, Avenida Engenheiro Manoel Borges, Juazeiro - BA, 48908-250, Brasil;Avenida Engenheiro Manoel Borges Juazeiro BA 48908000 Brazil;Juazeiro;BA;48908000;-9.47379;-40.49368;-9.47379;-40.49368;;ALTO;"sem numero de porta; CEP generico de cidade, nao de rua (2,4x mais falha)"
382;Nossogás Juazeiro – Distribuidora de Gás;;endereco;Rua Samuel Rosa, 41, Alto da Aliança, Juazeiro - BA, 48909-335, Brasil;Rua Samuel Rosa 41 Juazeiro BA 48909347 Brazil;Juazeiro;BA;48909347;-9.44236;-40.49789;-9.44236;-40.49789;Alto da Aliança;;
383;PAPA LÉGUAS DEPÓSITO DE GÁS;;endereco;Rua Padre Clemente, 298, Padre Vicente, Juazeiro - BA, 48916-147, Brasil;Rua Padre Clemente 298 Juazeiro BA 48900503 Brazil;Juazeiro;BA;48900503;-9.44011;-40.50912;-9.44011;-40.50912;Padre Vicente;;
384;Paraíso do Gás;;endereco;Rua Padre Cícero, 9, Argemiro, Juazeiro - BA, 48916-347, Brasil;Rua Padre Cicero 9 Juazeiro BA 48901090 Brazil;Juazeiro;BA;48901090;-9.43847;-40.51315;-9.43847;-40.51315;Argemiro;;
385;Rcsa Gás e Comercio de Bebidas - Me;;endereco;Rua Bom Jesus, 693, Juazeiro - BA, Brasil;Rua Bom Jesus 693 Juazeiro BA 48909170 Brazil;Juazeiro;BA;48909170;-9.43675;-40.47557;-9.43675;-40.47557;;;
386;Revenda Brasilgás;;endereco;Rua José Roberto, 16, Quidé, Juazeiro - BA, 48901-150, Brasil;Rua Jose Roberto 16 Juazeiro BA 48901150 Brazil;Juazeiro;BA;48901150;-9.42772;-40.52074;-9.42772;-40.52074;Quidé;;
387;Revenda Brasilgás;;endereco;Avenida São João, 70, Jardim Flórida, Juazeiro - BA, 48900-572, Brasil;Avenida Sao Joao 70 Juazeiro BA 48902760 Brazil;Juazeiro;BA;48902760;-9.42797;-40.50761;-9.42797;-40.50761;Jardim Flórida;;
388;Revenda Brasilgás;;endereco;Rua da Vegetação, 978, Padre Vicente, Juazeiro - BA, 48916-211, Brasil;Rua da Vegetacao 978 Juazeiro BA 48901150 Brazil;Juazeiro;BA;48901150;-9.43898;-40.5092;-9.43898;-40.5092;Padre Vicente;;
389;Revenda Ultra Gas;;endereco;Travessa Doze, 178, Sol Levante, Juazeiro - BA, Brasil;Travessa Doze 178 Juazeiro BA Brazil;Juazeiro;BA;;-9.4288;-40.48341;-9.4288;-40.48341;Sol Levante;;
390;Rio Gás;;endereco;Rua Agostinho José, 10, Coréia, Juazeiro - BA, Brasil;Rua Agostinho Jose 10 Juazeiro BA 48905360 Brazil;Juazeiro;BA;48905360;-9.41841;-40.49133;-9.41841;-40.49133;Coréia;;
391;Rogério - Gás e Água;;endereco;Rua Carlos Drummond de Andrade, 193, Maringá, Juazeiro - BA, 48902-503, Brasil;Rua Carlos Drummond de Andrade 193 Juazeiro BA 48902503 Brazil;Juazeiro;BA;48902503;-9.41524;-40.51559;-9.41524;-40.51559;Maringá;;
392;União Gás - Distribuidora de Gás em Juazeiro Bahia;;endereco;Rua Visconde de Cairú, 1, Alto da Aliança, Juazeiro - BA, 48909-299, Brasil;Rua Visconde de Cairu 1 Juazeiro BA 48909299 Brazil;Juazeiro;BA;48909299;-9.44777;-40.49982;-9.44777;-40.49982;Alto da Aliança;;
393;vanessa gas e bebidas;;endereco;Rua das Rosas, 21, Jardim Vitória, Juazeiro - BA, 48900-547, Brasil;Rua das Rosas 21 Juazeiro BA 48900547 Brazil;Juazeiro;BA;48900547;-9.42358;-40.51343;-9.42358;-40.51343;Jardim Vitória;;
394;Vsgás;;endereco;Rua Nazaré, 6, Monte Castelo, Juazeiro - BA, 48905-393, Brasil;Rua Nazare 6 Juazeiro BA 48904507 Brazil;Juazeiro;BA;48904507;-9.4289;-40.48759;-9.4289;-40.48759;Monte Castelo;;
395;Atlântico Comercio de Gás Eireli;;endereco;Rua Alto da Vila Praiana, 72, Vila Praiana, Lauro de Freitas - BA, 42705-370, Brasil;Rua Alto da Vila Praiana 72 Lauro de Freitas BA 42700000 Brazil;Lauro de Freitas;BA;42700000;-12.8994;-38.31156;-12.8994;-38.31156;Vila Praiana;MEDIO;CEP generico de cidade, nao de rua (2,4x mais falha)
396;ATLÂNTICO ÁGUA E GÁS;;endereco;Rua das Pitangueiras, 2, Loteamento Villas Bosque, Lauro de Freitas - BA, 42700-000, Brasil;Rua das Pitangueiras 2 Lauro de Freitas BA 42700000 Brazil;Lauro de Freitas;BA;42700000;-12.87926;-38.31387;-12.87926;-38.31387;Loteamento Villas Bosque;MEDIO;CEP generico de cidade, nao de rua (2,4x mais falha)
397;Avante Gas Araqui;;endereco;Avenida Luiz Tarquínio Pontes, 979, Jardim do Jockey, Lauro de Freitas - BA, 42702-420, Brasil;Avenida Luiz Tarquinio Pontes 979 Lauro de Freitas BA 42700000 Brazil;Lauro de Freitas;BA;42700000;-12.88871;-38.31355;-12.88871;-38.31355;Jardim do Jockey;MEDIO;CEP generico de cidade, nao de rua (2,4x mais falha)
398;Brasilgas ( Fabio gás );;endereco;Rua Doutor Gerino de Souza Filho, 5, Vila do Sena, Lauro de Freitas - BA, 42738-200, Brasil;Rua Doutor Gerino de Souza Filho 5 Lauro de Freitas BA 42700000 Brazil;Lauro de Freitas;BA;42700000;-12.90158;-38.34087;-12.90158;-38.34087;Vila do Sena;MEDIO;CEP generico de cidade, nao de rua (2,4x mais falha)
399;BRASILGÁS;;endereco;Rua Caixa d'Água, 144, Caixa d'Água, Lauro de Freitas - BA, 42711-430, Brasil;Rua Caixa d Agua 144 Lauro de Freitas BA 42700000 Brazil;Lauro de Freitas;BA;42700000;-12.87887;-38.31935;-12.87887;-38.31935;Caixa d'Água;MEDIO;CEP generico de cidade, nao de rua (2,4x mais falha)
400;Central do Gás;;endereco;Primeira Tv. Brg. Mário Epinghaus, 14, Centro, Lauro de Freitas - BA, 42704-740, Brasil;Primeira Tv Brg Mario Epinghaus 14 Lauro de Freitas BA 42704720 Brazil;Lauro de Freitas;BA;42704720;-12.89789;-38.31948;-12.89789;-38.31948;Centro;;
401;Disk Gas e Água Mineral Jockey Club ULTRAGAZ;;endereco;Instale Vidros, Rua Cely Martins Soares, Jockei Club, Lauro de Freitas - BA, 42702-030, Brasil;Rua Cely Martins Soares Lauro de Freitas BA 42702120 Brazil;Lauro de Freitas;BA;42702120;-12.89204;-38.3073;-12.89204;-38.3073;Jockei Club;ALTO;sem numero de porta
402;EDERVAN GÁS DO POVO ultragaz;;endereco;Rua Elvira S. do Nascimento, 41, Itinga, Lauro de Freitas - BA, 42738-750, Brasil;Rua Elvira S do Nascimento 41 Lauro de Freitas BA 42741110 Brazil;Lauro de Freitas;BA;42741110;-12.90017;-38.34325;-12.90017;-38.34325;Itinga;;
403;Exporgás - Distribuidora de gás;;endereco;Farma Bello, Avenida São Cristóvão, Jardim das Margaridas, Lauro de Freitas - BA, 42739-005, Brasil;Avenida Sao Cristovao Lauro de Freitas BA 42739005 Brazil;Lauro de Freitas;BA;42739005;-12.8949;-38.34766;-12.8949;-38.34766;Jardim das Margaridas;ALTO;sem numero de porta
404;GM GÁS ULTRAGAZ;;endereco;Rua Almeida Machado, 9, Vila Praiana, Lauro de Freitas - BA, 42705-230, Brasil;Rua Almeida Machado 9 Lauro de Freitas BA 42705230 Brazil;Lauro de Freitas;BA;42705230;-12.89774;-38.31687;-12.89774;-38.31687;Vila Praiana;;
405;Gás LAURO DE FREITAS;;endereco;Rua Bernardo J. Brito, 81, Itinga, Lauro de Freitas - BA, 42738-760, Brasil;Rua Bernardo J Brito 81 Lauro de Freitas BA 42739005 Brazil;Lauro de Freitas;BA;42739005;-12.89696;-38.3482;-12.89696;-38.3482;Itinga;;
406;Gás Lauro de Freitas - melhor preço e entrega Grátis;;endereco;Flavianesantos, Rua Professor Theócrito Batista, 1253, Quintas do Picuaia, Lauro de Freitas - BA, 42721-810, Brasil;Rua Professor Theocrito Batista 1253 Lauro de Freitas BA 42722030 Brazil;Lauro de Freitas;BA;42722030;-12.88824;-38.34113;-12.88824;-38.34113;Quintas do Picuaia;;
407;Gás Lauro de Freitas - SEU Gás - Revenda-Brasilgas;;endereco;Avenida Brigadeiro Alberto Costa Matos, 1403, Loteamento Bosque Kiosque, Lauro de Freitas - BA, 42701-250, Brasil;Avenida Brigadeiro Alberto Costa Matos 1403 Lauro de Freitas BA 42702010 Brazil;Lauro de Freitas;BA;42702010;-12.89178;-38.30718;-12.89178;-38.30718;Loteamento Bosque Kiosque;;
408;J Gás | Gás em Lauro de Freitas BA;;endereco;Rua Crispiniano L. de Oliveira, 71, Xango Oxalá, Lauro de Freitas - BA, 42739-655, Brasil;Rua Crispiniano L de Oliveira 71 Lauro de Freitas BA 42739655 Brazil;Lauro de Freitas;BA;42739655;-12.88756;-38.3443;-12.88756;-38.3443;Xango Oxalá;;
409;JOÃO DO GÁS;;endereco;Avenida Amarílio Thiago dos Santos, 1387, Vila Praiana, Lauro de Freitas - BA, 42703-750, Brasil;Avenida Amarilio Thiago dos Santos 1387 Lauro de Freitas BA 42704550 Brazil;Lauro de Freitas;BA;42704550;-12.90296;-38.31314;-12.90296;-38.31314;Vila Praiana;;
410;Litoral Gás;;endereco;Avenida Santos Dumont, 3185, Caji, Lauro de Freitas - BA, 42700-170, Brasil;Avenida Santos Dumont 3185 Lauro de Freitas BA 42700000 Brazil;Lauro de Freitas;BA;42700000;-12.89295;-38.32696;-12.89295;-38.32696;Caji;MEDIO;CEP generico de cidade, nao de rua (2,4x mais falha)
411;Nacional Gás;;endereco;Rua Vânia Maria A. Rodrigues, 77, Belo Horizonte, Lauro de Freitas - BA, 42701-390, Brasil;Rua Vania Maria A Rodrigues 77 Lauro de Freitas BA 42701390 Brazil;Lauro de Freitas;BA;42701390;-12.88164;-38.30697;-12.88164;-38.30697;Belo Horizonte;;
412;Oliveira Gás;;endereco;Rua Vitória da Conquista, 40, Jockei Club, Lauro de Freitas - BA, 42706-370, Brasil;Rua Vitoria da Conquista 40 Lauro de Freitas BA 42806370 Brazil;Lauro de Freitas;BA;42806370;-12.89869;-38.30724;-12.89869;-38.30724;Jockei Club;;
413;Portão Gás;;endereco;Rua Queira Deus, 44, Jardim Portão, Lauro de Freitas - BA, 42713-480, Brasil;Rua Queira Deus 44 Lauro de Freitas BA 42713480 Brazil;Lauro de Freitas;BA;42713480;-12.86677;-38.30178;-12.86677;-38.30178;Jardim Portão;;
414;Posto de Gás - SPEED GÁS - REVENDA AUTORIZADA - Gás de cozinha;;endereco;Rua Alto da Vila Praiana, 23, Vila Praiana, Lauro de Freitas - BA, 42705-370, Brasil;Rua Alto da Vila Praiana 23 Lauro de Freitas BA 42705370 Brazil;Lauro de Freitas;BA;42705370;-12.89907;-38.31188;-12.89907;-38.31188;Vila Praiana;;
415;Primos Gás;;endereco;Rua Caixa d'Água, 144, Caixa d'Água, Lauro de Freitas - BA, 42711-430, Brasil;Rua Caixa d Agua 144 Lauro de Freitas BA 42711450 Brazil;Lauro de Freitas;BA;42711450;-12.87887;-38.31935;-12.87887;-38.31935;Caixa d'Água;;
416;Revenda Brasilgás;;endereco;Rua Leonardo Santos, 183, Jardim Portão, Lauro de Freitas - BA, 42713-810, Brasil;Rua Leonardo Santos 183 Lauro de Freitas BA 42700000 Brazil;Lauro de Freitas;BA;42700000;-12.86708;-38.30259;-12.86708;-38.30259;Jardim Portão;MEDIO;CEP generico de cidade, nao de rua (2,4x mais falha)
417;Revenda Brasilgás;;endereco;Estrada Areia Branca Cachoeirinha, Jambeiro, Lauro de Freitas - BA, 42700-000, Brasil;Estrada Areia Branca Cachoeirinha Lauro de Freitas BA 42700000 Brazil;Lauro de Freitas;BA;42700000;-12.83386;-38.33484;-12.83386;-38.33484;Jambeiro;ALTO;"endereco de rodovia (57-67% falharam); sem numero de porta; CEP generico de cidade, nao de rua (2,4x mais falha)"
418;supergasbras;;endereco;Rua Professor B. da Silva, 31, Quintas do Picuaia, Lauro de Freitas - BA, 42722-030, Brasil;Rua Professor B da Silva 31 Lauro de Freitas BA 42700000 Brazil;Lauro de Freitas;BA;42700000;-12.88792;-38.34102;-12.88792;-38.34102;Quintas do Picuaia;MEDIO;CEP generico de cidade, nao de rua (2,4x mais falha)
419;SUPERGASBRAS;;endereco;Avenida Amarílio Thiago dos Santos, 1387, Vila Praiana, Lauro de Freitas - BA, 42703-750, Brasil;Avenida Amarilio Thiago dos Santos 1387 Lauro de Freitas BA 42703750 Brazil;Lauro de Freitas;BA;42703750;-12.90296;-38.31314;-12.90296;-38.31314;Vila Praiana;;
420;ULTRAGAS GIL GÁS;;endereco;Rua Joao Araujo Neto, 23, Granjas Reunidas Concordia, Lauro de Freitas - BA, 42700-000, Brasil;Rua Joao Araujo Neto 23 Lauro de Freitas BA 42700000 Brazil;Lauro de Freitas;BA;42700000;-12.87769;-38.30498;-12.87769;-38.30498;Granjas Reunidas Concordia;MEDIO;CEP generico de cidade, nao de rua (2,4x mais falha)
421;VILASGÁS - COMÉRCIO DE GÁS;;endereco;Rua Vânia Maria A. Rodrigues, 77, Belo Horizonte, Lauro de Freitas - BA, 42701-390, Brasil;Rua Vania Maria A Rodrigues 77 Lauro de Freitas BA 42701390 Brazil;Lauro de Freitas;BA;42701390;-12.88164;-38.30697;-12.88164;-38.30697;Belo Horizonte;;
422;JUNHÃO GÁS E ÁGUA LEM BA;;endereco;Rua Mato Grosso, 1050, Luís Eduardo Magalhães - BA, 47850-053, Brasil;Rua Mato Grosso 1050 Luis Eduardo Magalhaes BA 47850000 Brazil;Luís Eduardo Magalhães;BA;47850000;-12.08115;-45.80238;-12.08115;-45.80238;;MEDIO;CEP generico de cidade, nao de rua (2,4x mais falha)
423;Bompreço Distribuidora de Gas;;endereco;Rua D, 102, Mira Porto, Porto Seguro - BA, 45810-000, Brasil;Rua D 102 Porto Seguro BA 45810000 Brazil;Porto Seguro;BA;45810000;-16.43365;-39.08671;-16.43365;-39.08671;Mira Porto;MEDIO;CEP generico de cidade, nao de rua (2,4x mais falha)
424;Ceará Gás;;endereco;Rua do Contorno, 21, Cambolo, Porto Seguro - BA, 45810-000, Brasil;Rua do Contorno 21 Porto Seguro BA 45810000 Brazil;Porto Seguro;BA;45810000;-16.42515;-39.09851;-16.42515;-39.09851;Cambolo;MEDIO;CEP generico de cidade, nao de rua (2,4x mais falha)
425;DAMERA GÁS;;endereco;Rua Padre João Cumaco, 285, Campinho, Porto Seguro - BA, 45810-000, Brasil;Rua Padre Joao Cumaco 285 Porto Seguro BA 45810000 Brazil;Porto Seguro;BA;45810000;-16.44342;-39.08018;-16.44342;-39.08018;Campinho;MEDIO;CEP generico de cidade, nao de rua (2,4x mais falha)
426;Distribuidora de gás;;endereco;Rua O. D. Cento e Doze, 459, Porto Seguro - BA, 45810-000, Brasil;Rua O D Cento e Doze 459 Porto Seguro BA 45810000 Brazil;Porto Seguro;BA;45810000;-16.40317;-39.08265;-16.40317;-39.08265;;MEDIO;CEP generico de cidade, nao de rua (2,4x mais falha)
427;Extremo gás;;endereco;Avenida das Pitangas, 23, Mirante Caravelas, Porto Seguro - BA, 45810-000, Brasil;Avenida das Pitangas 23 Porto Seguro BA 45810000 Brazil;Porto Seguro;BA;45810000;-16.4302;-39.08709;-16.4302;-39.08709;Mirante Caravelas;MEDIO;CEP generico de cidade, nao de rua (2,4x mais falha)
428;Flash Gás;;endereco;Rua Luiz Teófilo Rodrigues, 279, Frei Calixto, Porto Seguro - BA, 45810-000, Brasil;Rua Luiz Teofilo Rodrigues 279 Porto Seguro BA 45810000 Brazil;Porto Seguro;BA;45810000;-16.41578;-39.08617;-16.41578;-39.08617;Frei Calixto;MEDIO;CEP generico de cidade, nao de rua (2,4x mais falha)
429;Gás;;endereco;Rua O. D. Cento e Seis, 445, Porto Seguro - BA, 45810-000, Brasil;Rua O D Cento e Seis 445 Porto Seguro BA 45810000 Brazil;Porto Seguro;BA;45810000;-16.40369;-39.08396;-16.40369;-39.08396;;MEDIO;CEP generico de cidade, nao de rua (2,4x mais falha)
430;Gás do Povo;;endereco;Rua do Campinho, 430, Frei Calixto, Porto Seguro - BA, 45810-000, Brasil;Rua do Campinho 430 Porto Seguro BA 45810000 Brazil;Porto Seguro;BA;45810000;-16.41901;-39.08303;-16.41901;-39.08303;Frei Calixto;MEDIO;CEP generico de cidade, nao de rua (2,4x mais falha)
431;Gás/ Stylo Gás;;endereco;Rua da Feira, 11, Frei Calixto, Porto Seguro - BA, 45810-000, Brasil;Rua da Feira 11 Porto Seguro BA 45810000 Brazil;Porto Seguro;BA;45810000;-16.41736;-39.08399;-16.41736;-39.08399;Frei Calixto;MEDIO;CEP generico de cidade, nao de rua (2,4x mais falha)
432;Léo Gás;;endereco;Rua dos Colibris, 706, Fontana I, Porto Seguro - BA, 45810-000, Brasil;Rua dos Colibris 706 Porto Seguro BA 45810000 Brazil;Porto Seguro;BA;45810000;-16.42832;-39.09289;-16.42832;-39.09289;Fontana I;MEDIO;CEP generico de cidade, nao de rua (2,4x mais falha)
433;Léo Gás;;endereco;Rua Monte Pascal, 43, Frei Calixto, Porto Seguro - BA, 45810-000, Brasil;Rua Monte Pascal 43 Porto Seguro BA 45810000 Brazil;Porto Seguro;BA;45810000;-16.41738;-39.08847;-16.41738;-39.08847;Frei Calixto;MEDIO;CEP generico de cidade, nao de rua (2,4x mais falha)
434;Napolis Gás;;endereco;BR-367, Quinta do Descobrimento, Porto Seguro - BA, 45810-000, Brasil;BR 367 Quinta do Descobrimento Porto Seguro BA 45810000 Brazil;Porto Seguro;BA;45810000;-16.42565;-39.09973;-16.42565;-39.09973;;ALTO;"sem numero de porta; CEP generico de cidade, nao de rua (2,4x mais falha)"
435;Porto Gás;;endereco;Rua Padre Emiliano, 1, Antonio Tito, Porto Seguro - BA, 45810-000, Brasil;Rua Padre Emiliano 1 Porto Seguro BA 45810000 Brazil;Porto Seguro;BA;45810000;-16.44346;-39.07448;-16.44346;-39.07448;Antonio Tito;MEDIO;CEP generico de cidade, nao de rua (2,4x mais falha)
436;Revenda Ultragaz BRASILGÁS;;endereco;Rua Maria Teles, 310, Cambolo, Porto Seguro - BA, 45810-000, Brasil;Rua Maria Teles 310 Porto Seguro BA 45810000 Brazil;Porto Seguro;BA;45810000;-16.42151;-39.09687;-16.42151;-39.09687;Cambolo;MEDIO;CEP generico de cidade, nao de rua (2,4x mais falha)
437;Revenda Ultragaz BRASILGÁS;;endereco;Alameda das Jaqueiras, 3, Paquetá, Porto Seguro - BA, 45810-000, Brasil;Alameda das Jaqueiras 3 Porto Seguro BA 45810000 Brazil;Porto Seguro;BA;45810000;-16.44195;-39.067;-16.44195;-39.067;Paquetá;MEDIO;CEP generico de cidade, nao de rua (2,4x mais falha)
438;Sul Bahia Gas-Com Varejista de Gás;;endereco;Rua dos Colibris, 378, Fontana I, Porto Seguro - BA, 45810-000, Brasil;Rua dos Colibris 378 Porto Seguro BA 45810000 Brazil;Porto Seguro;BA;45810000;-16.42872;-39.09304;-16.42872;-39.09304;Fontana I;MEDIO;CEP generico de cidade, nao de rua (2,4x mais falha)
439;Super Gas Bras;;endereco;Rua Dezenove de Novembro, 183, Frei Calixto, Porto Seguro - BA, 45810-000, Brasil;Rua Dezenove de Novembro 183 Porto Seguro BA 45810000 Brazil;Porto Seguro;BA;45810000;-16.41828;-39.08606;-16.41828;-39.08606;Frei Calixto;MEDIO;CEP generico de cidade, nao de rua (2,4x mais falha)
440;Tatá Do Gás;;endereco;Rua Santos Dumont, 160, Frei Calixto, Porto Seguro - BA, 45810-000, Brasil;Rua Santos Dumont 160 Porto Seguro BA 45810000 Brazil;Porto Seguro;BA;45810000;-16.41896;-39.08896;-16.41896;-39.08896;Frei Calixto;MEDIO;CEP generico de cidade, nao de rua (2,4x mais falha)
441;Top Gás Com e Transporte de Gás;;endereco;Rua São Luiz, 25, Alfredo Dutra, Porto Seguro - BA, 45810-000, Brasil;Rua Sao Luiz 25 Porto Seguro BA 45810000 Brazil;Porto Seguro;BA;45810000;-16.44523;-39.07947;-16.44523;-39.07947;Alfredo Dutra;MEDIO;CEP generico de cidade, nao de rua (2,4x mais falha)
442;Treick Gás;;endereco;Rua do Cajueiro, 240, Centro, Porto Seguro - BA, 45810-000, Brasil;Rua do Cajueiro 240 Porto Seguro BA 45810000 Brazil;Porto Seguro;BA;45810000;-16.44688;-39.06562;-16.44688;-39.06562;Centro;MEDIO;CEP generico de cidade, nao de rua (2,4x mais falha)
443;Ultragaz - Brasilgás;;endereco;Rua Padre João Cumaco, 320, Campinho, Porto Seguro - BA, 45810-000, Brasil;Rua Padre Joao Cumaco 320 Porto Seguro BA 45810000 Brazil;Porto Seguro;BA;45810000;-16.44337;-39.08042;-16.44337;-39.08042;Campinho;MEDIO;CEP generico de cidade, nao de rua (2,4x mais falha)
444;Unigas Brasilgas;;endereco;Rua das Maritacas, 57, Centro, Porto Seguro - BA, 45810-000, Brasil;Rua das Maritacas 57 Porto Seguro BA 45810000 Brazil;Porto Seguro;BA;45810000;-16.44381;-39.06464;-16.44381;-39.06464;Centro;MEDIO;CEP generico de cidade, nao de rua (2,4x mais falha)
445;ultragaz;;endereco;Avenida Presidente Tancredo Neves, 292, Ruy Barbosa - BA, 46800-000, Brasil;Avenida Presidente Tancredo Neves 292 Ruy Barbosa BA 46800000 Brazil;Ruy Barbosa;BA;46800000;-12.28357;-40.49685;-12.28357;-40.49685;;MEDIO;CEP generico de cidade, nao de rua (2,4x mais falha)
446;Aleixo Gas - Revenda Supergasbras;;endereco;Estrada da Rainha, 55, Barbalho, Salvador - BA, 40301-155, Brasil;Estrada da Rainha 55 Salvador BA 40300176 Brazil;Salvador;BA;40300176;-12.96122;-38.49809;-12.96122;-38.49809;Barbalho;ALTO;endereco de rodovia (57-67% falharam)
447;Atacadão Do Gás;;endereco;Estrada do Curralinho, 80, STIEP, Salvador - BA, 41770-115, Brasil;Estrada do Curralinho 80 Salvador BA 41770115 Brazil;Salvador;BA;41770115;-12.97745;-38.44569;-12.97745;-38.44569;STIEP;ALTO;endereco de rodovia (57-67% falharam)
448;BRASIL GÁS;;endereco;Rua Baixa de Santo Antônio, 486, São Gonçalo, Salvador - BA, 41185-270, Brasil;Rua Baixa de Santo Antonio 486 Salvador BA 41185270 Brazil;Salvador;BA;41185270;-12.95245;-38.46848;-12.95245;-38.46848;São Gonçalo;;
449;Brasil gás Matatu - Entrega Rápida;;endereco;Rua Adelaide Guimarães, 204, Matatu, Salvador - BA, 40260-080, Brasil;Rua Adelaide Guimaraes 204 Salvador BA 40301110 Brazil;Salvador;BA;40301110;-12.97459;-38.49303;-12.97459;-38.49303;Matatu;;
450;BRASILGÁS;;endereco;Rua Livramento, 6, Barreiras, Salvador - BA, 41195-000, Brasil;Rua Livramento 6 Salvador BA 41195000 Brazil;Salvador;BA;41195000;-12.94407;-38.45944;-12.94407;-38.45944;Barreiras;MEDIO;CEP generico de cidade, nao de rua (2,4x mais falha)
451;Brasilgás;;endereco;Avenida Valdivino Magalhães, 4, Pau Miúdo, Salvador - BA, 40310-105, Brasil;Avenida Valdivino Magalhaes 4 Salvador BA 40310610 Brazil;Salvador;BA;40310610;-12.96097;-38.48481;-12.96097;-38.48481;Pau Miúdo;;
452;Brasilgás;;endereco;Rua Padre Eloy, 11, Acupe, Salvador - BA, 40290-190, Brasil;Rua Padre Eloy 11 Salvador BA 40290190 Brazil;Salvador;BA;40290190;-12.99283;-38.49359;-12.99283;-38.49359;Acupe;;
453;BRASILGÁS / ULTRAGAZ;;endereco;Rua Osvaldo Silveira, 250, Cabula VI, Salvador - BA, 41181-410, Brasil;Rua Osvaldo Silveira 250 Salvador BA 41211320 Brazil;Salvador;BA;41211320;-12.95246;-38.44388;-12.95246;-38.44388;Cabula VI;;
454;Brasilgás em Brotas - Entrega Rápida;;endereco;Rua Professor Aloísio de Carvalho Filho, 225, Engenho Velho de Brotas, Salvador - BA, 40243-620, Brasil;Rua Professor Aloisio de Carvalho Filho 225 Salvador BA 40240560 Brazil;Salvador;BA;40240560;-12.98778;-38.49874;-12.98778;-38.49874;Engenho Velho de Brotas;;
455;Candeal gás;;endereco;Rua 9 de Outubro, 107, Candeal, Salvador - BA, 40296-370, Brasil;Rua 9 de Outubro 107 Salvador BA 40296370 Brazil;Salvador;BA;40296370;-12.99645;-38.48197;-12.99645;-38.48197;Candeal;;
456;Central do Gás - Revenda Liquigás;;endereco;Ladeira do Ypiranga, 2, Cidade Nova, Salvador - BA, 40313-030, Brasil;Ladeira do Ypiranga 2 Salvador BA 40313030 Brazil;Salvador;BA;40313030;-12.96221;-38.48988;-12.96221;-38.48988;Cidade Nova;;
457;Central Gás;;endereco;Rua da Paz, 98, IAPI, Salvador - BA, 40330-370, Brasil;Rua da Paz 98 Salvador BA 40330370 Brazil;Salvador;BA;40330370;-12.95723;-38.48101;-12.95723;-38.48101;IAPI;;
458;Chame Gás;;endereco;Rua Maria Imaculada, 23, Alto das Pombas, Salvador - BA, 40226-560, Brasil;Rua Maria Imaculada 23 Salvador BA 40226560 Brazil;Salvador;BA;40226560;-13.00251;-38.51447;-13.00251;-38.51447;Alto das Pombas;;
459;Disk Gás;;endereco;Rua Serra da Mantiqueira, Nova Esperança, Salvador - BA, 41410-405, Brasil;Rua Serra da Mantiqueira Salvador BA 41400500 Brazil;Salvador;BA;41400500;-12.85012;-38.38701;-12.85012;-38.38701;Nova Esperança;ALTO;sem numero de porta
460;DISTRIBUIDORA DE GÁS E ÁGUA;;endereco;Avenida Sete de Setembro, 4261, Barra, Salvador - BA, 40140-110, Brasil;Avenida Sete de Setembro 4261 Salvador BA 40140110 Brazil;Salvador;BA;40140110;-13.00822;-38.53226;-13.00822;-38.53226;Barra;;
461;Distribuidora de Gás Ligou-Chegou;;endereco;Rua Luiz Régis Pacheco, 454, Uruguai, Salvador - BA, 40451-360, Brasil;Rua Luiz Regis Pacheco 454 Salvador BA 40451360 Brazil;Salvador;BA;40451360;-12.93093;-38.49074;-12.93093;-38.49074;Uruguai;;
462;EURO GÁS REVENDA ULTRAGAZ;;endereco;Avenida Vale do Ogunjá, 14, Engenho Velho de Brotas, Salvador - BA, 40290-500, Brasil;Avenida Vale do Ogunja 14 Salvador BA 40290110 Brazil;Salvador;BA;40290110;-12.99413;-38.49574;-12.99413;-38.49574;Engenho Velho de Brotas;;
463;Itapuã Gás;;endereco;Rua Nossa Senhora da Vitória, 11, Itapuã, Salvador - BA, 41620-670, Brasil;Rua Nossa Senhora da Vitoria 11 Salvador BA 41620670 Brazil;Salvador;BA;41620670;-12.94082;-38.36506;-12.94082;-38.36506;Itapuã;;
464;LIQUIGAS;;endereco;Rua São Cristóvão da Sussuarana, 12, Nova Sussuarana, Salvador - BA, 41250-255, Brasil;Rua Sao Cristovao da Sussuarana 12 Salvador BA 41213700 Brazil;Salvador;BA;41213700;-12.93575;-38.43505;-12.93575;-38.43505;Nova Sussuarana;;
465;Lucas gás entrega Rápida | Gás de cozinha em Salvador | Botijão de gás;;endereco;Rua Pilão sem Tampa, 16, Alto das Pombas, Salvador - BA, 40226-585, Brasil;Rua Pilao sem Tampa 16 Salvador BA 40226585 Brazil;Salvador;BA;40226585;-13.00193;-38.51292;-13.00193;-38.51292;Alto das Pombas;;
466;Léo Gás;;endereco;Travessa Meio, 12, Itapuã, Salvador - BA, 41610-775, Brasil;Travessa Meio 12 Salvador BA 41610775 Brazil;Salvador;BA;41610775;-12.93385;-38.36559;-12.93385;-38.36559;Itapuã;;
467;Léo gás;;endereco;Quarta Travessa Antero de Brito, 75, Macaúbas, Salvador - BA, 40300-690, Brasil;Quarta Travessa Antero de Brito 75 Salvador BA 40300686 Brazil;Salvador;BA;40300686;-12.96723;-38.49591;-12.96723;-38.49591;Macaúbas;;
468;Minas Gás;;endereco;Rua Interna, 2, Pero Vaz, Salvador - BA, 40340-320, Brasil;Rua Interna 2 Salvador BA 44620000 Brazil;Salvador;BA;44620000;-12.9526;-38.48755;-12.9526;-38.48755;Pero Vaz;MEDIO;CEP generico de cidade, nao de rua (2,4x mais falha)
469;MJ Gás de cozinha | Gás| Entrega Rápida| Salvador;;endereco;Avenida Vasconcelos, 166, Alto das Pombas, Salvador - BA, 40226-585, Brasil;Avenida Vasconcelos 166 Salvador BA 40226590 Brazil;Salvador;BA;40226590;-13.00243;-38.51318;-13.00243;-38.51318;Alto das Pombas;;
470;Nacional Gas / Bonfim Gas;;endereco;Segunda Travessa Pedro Gama, 96, Federação, Salvador - BA, 40230-300, Brasil;Segunda Travessa Pedro Gama 96 Salvador BA 40301110 Brazil;Salvador;BA;40301110;-12.99682;-38.49856;-12.99682;-38.49856;Federação;;
471;Nacional Gás;;endereco;Rua Edson Saldanha, 20, Cosme de Farias, Salvador - BA, 40255-670, Brasil;Rua Edson Saldanha 20 Salvador BA 40255670 Brazil;Salvador;BA;40255670;-12.97722;-38.48935;-12.97722;-38.48935;Cosme de Farias;;
472;Nacional Gás;;endereco (logradouro de coluna alternativa);Primeira Tv. Manoel Vieira Leite, Pernambués, Salvador - BA, 41110-370, Brasil;Rua Manoel Vieira Leite Salvador BA 41130760 Brazil;Salvador;BA;41130760;-12.9743;-38.46399;-12.9743;-38.46399;;ALTO;sem numero de porta
473;Pernambués Gás;;endereco;Travessa São João, 16, Pernambués, Salvador - BA, 41110-110, Brasil;Travessa Sao Joao 16 Salvador BA 41120120 Brazil;Salvador;BA;41120120;-12.97078;-38.4537;-12.97078;-38.4537;Pernambués;;
474;Posto Brasil Gás;;endereco;Rua Oriente, 23, São Caetano, Salvador - BA, 40349-055, Brasil;Rua Oriente 23 Salvador BA 40355010 Brazil;Salvador;BA;40355010;-12.93829;-38.48743;-12.93829;-38.48743;São Caetano;;
475;Posto da Nacional Gás;;endereco;Travessa Boa Fé, 161, Liberdade, Salvador - BA, 40366-385, Brasil;Travessa Boa Fe 161 Salvador BA 40365560 Brazil;Salvador;BA;40365560;-12.94156;-38.48734;-12.94156;-38.48734;Liberdade;;
476;Real Gas;;endereco;Rua Alto do Saldanha, 92, Brotas, Salvador - BA, 40280-070, Brasil;Rua Alto do Saldanha 92 Salvador BA 40280070 Brazil;Salvador;BA;40280070;-12.98806;-38.47541;-12.98806;-38.47541;Brotas;;
477;Revenda Brasilgás;;endereco;Rua Engenheiro José Anasoh, 67, Brotas, Salvador - BA, 40275-220, Brasil;Rua Engenheiro Jose Anasoh 67 Salvador BA 40275220 Brazil;Salvador;BA;40275220;-12.98058;-38.47817;-12.98058;-38.47817;Brotas;;
478;Revenda Brasilgás;;endereco;Rua Alto do Saldanha, 82, Brotas, Salvador - BA, 40280-070, Brasil;Rua Alto do Saldanha 82 Salvador BA 40280070 Brazil;Salvador;BA;40280070;-12.98822;-38.47569;-12.98822;-38.47569;Brotas;;
479;Revenda Brasilgás;;endereco;Rua Santa Veruza, 68, Pernambués, Salvador - BA, 41120-000, Brasil;Rua Santa Veruza 68 Salvador BA 41100218 Brazil;Salvador;BA;41100218;-12.96898;-38.45553;-12.96898;-38.45553;Pernambués;;
480;Revenda de Gás de Cozinha Ultragaz – Federação Salvador;;endereco;Travessa Maria José, 8, Federação, Salvador - BA, 40230-170, Brasil;Travessa Maria Jose 8 Salvador BA 40230170 Brazil;Salvador;BA;40230170;-12.99505;-38.50498;-12.99505;-38.50498;Federação;;
481;Revenda FR GÁS;;endereco;Rua Professor Artur Macedo, 19, Caixa d'Água, Salvador - BA, 40323-120, Brasil;Rua Professor Artur Macedo 19 Salvador BA 40323120 Brazil;Salvador;BA;40323120;-12.9587;-38.49655;-12.9587;-38.49655;Caixa d'Água;;
482;Santa Bárbara Gás;;endereco;Rua Onze de Agosto, 12, Federação, Salvador - BA, 40230-110, Brasil;Rua Onze de Agosto 12 Salvador BA 40110230 Brazil;Salvador;BA;40110230;-12.99302;-38.50191;-12.99302;-38.50191;Federação;;
483;Santo Inácio Comércio de Gás;;endereco;Rua Almirante Alves Câmara, 131, Engenho Velho de Brotas, Salvador - BA, 40243-000, Brasil;Rua Almirante Alves Camara 131 Salvador BA 40243740 Brazil;Salvador;BA;40243740;-12.98719;-38.50361;-12.98719;-38.50361;Engenho Velho de Brotas;;
484;Seu gás;;endereco;Rua Engenheiro Jaime Zaverucha, 273, Federação, Salvador - BA, 40230-320, Brasil;Rua Engenheiro Jaime Zaverucha 273 Salvador BA 40230320 Brazil;Salvador;BA;40230320;-12.99637;-38.50248;-12.99637;-38.50248;Federação;;
485;Shalom Água e gás;;endereco;Rua Marquês de Maricá, 124, Pau Miúdo, Salvador - BA, 40310-000, Brasil;Rua Marques de Marica 124 Salvador BA 40310000 Brazil;Salvador;BA;40310000;-12.96032;-38.4829;-12.96032;-38.4829;Pau Miúdo;MEDIO;CEP generico de cidade, nao de rua (2,4x mais falha)
486;Silva Gás;;endereco;Rua Adalgisa Silva Lima, 100, São Gonçalo, Salvador - BA, 41190-150, Brasil;Rua Adalgisa Silva Lima 100 Salvador BA 41190150 Brazil;Salvador;BA;41190150;-12.94788;-38.46786;-12.94788;-38.46786;São Gonçalo;;
487;Supergasbras Cidade Baixa;;endereco;Primeira Avenida Mosqueira, 198, Uruguai, Salvador - BA, 40451-360, Brasil;Primeira Avenida Mosqueira 198 Salvador BA 40451360 Brazil;Salvador;BA;40451360;-12.93246;-38.49149;-12.93246;-38.49149;Uruguai;;
488;Supergasbras Itapuã;;endereco;Rua Soldado Agnaldo Saturnino Rocha, 11, Itapuã, Salvador - BA, 41610-225, Brasil;Rua Soldado Agnaldo Saturnino Rocha 11 Salvador BA 41610225 Brazil;Salvador;BA;41610225;-12.93541;-38.36043;-12.93541;-38.36043;Itapuã;;
489;Ultragaz / Brasilgás;;endereco;Rua Apolinário de Santana, 100, Engenho Velho da Federação, Salvador - BA, 40220-100, Brasil;Rua Apolinario de Santana 100 Salvador BA 40220101 Brazil;Salvador;BA;40220101;-13.00103;-38.49867;-13.00103;-38.49867;Engenho Velho da Federação;;
490;Ultragaz Península Gás;;endereco;Rua Manoel Barros de Azevedo, 528, Caminho de Areia, Salvador - BA, 40455-010, Brasil;Rua Manoel Barros de Azevedo 528 Salvador BA 40451260 Brazil;Salvador;BA;40451260;-12.93435;-38.50118;-12.93435;-38.50118;Caminho de Areia;;
491;UltraGaz São Caetano | Disk Gás - UltraRios Salvador;;endereco;Travessa Professor Francisco Góes Calmon, 22, São Caetano, Salvador - BA, 40390-775, Brasil;Travessa Professor Francisco Goes Calmon 22 Salvador BA 40391224 Brazil;Salvador;BA;40391224;-12.93689;-38.48004;-12.93689;-38.48004;São Caetano;;
492;Ultragaz/Brasilgás Nordeste gas;;endereco;Rua Babaçu, 12, Nordeste de Amaralina, Salvador - BA, 41905-725, Brasil;Rua Babacu 12 Salvador BA 41905625 Brazil;Salvador;BA;41905625;-13.00877;-38.47149;-13.00877;-38.47149;Nordeste de Amaralina;;
493;Bahia Gás;;endereco;Rua Inácio Monteiro, 10, Teixeira de Freitas - BA, 45989-127, Brasil;Rua Inacio Monteiro 10 Teixeira de Freitas BA 45989172 Brazil;Teixeira de Freitas;BA;45989172;-17.54397;-39.71438;-17.54397;-39.71438;;;
494;Bigodão do Gás - TX;;endereco;Rua Osmido José de Oliveira, 33, Teixeira de Freitas - BA, Brasil;Rua Osmido Jose de Oliveira 33 Teixeira de Freitas BA 45855595 Brazil;Teixeira de Freitas;BA;45855595;-17.52766;-39.7554;-17.52766;-39.7554;;;
495;Central Gas;;endereco;Rua Tupinambás, 260, Teixeira de Freitas - BA, 45985-208, Brasil;Rua Tupinambas 260 Teixeira de Freitas BA 45995018 Brazil;Teixeira de Freitas;BA;45995018;-17.53596;-39.74481;-17.53596;-39.74481;;;
496;Chame Gás;;endereco;Rua Estrela do Sul, 888, Teixeira de Freitas - BA, 45993-316, Brasil;Rua Estrela do Sul 888 Teixeira de Freitas BA 45998239 Brazil;Teixeira de Freitas;BA;45998239;-17.55179;-39.75378;-17.55179;-39.75378;;;
497;CONTINENTAL GÁS;;endereco;Rua Vinte e Um de Abril, 138, Teixeira de Freitas - BA, 45993-270, Brasil;Rua Vinte e Um de Abril 138 Teixeira de Freitas BA 45993270 Brazil;Teixeira de Freitas;BA;45993270;-17.5469;-39.75437;-17.5469;-39.75437;;;
498;Deposito de Gás e Agua;;endereco;Avenida Presidente Getúlio Vargas, 5574, Teixeira de Freitas - BA, 45986-000, Brasil;Avenida Presidente Getulio Vargas 5574 Teixeira de Freitas BA 45995199 Brazil;Teixeira de Freitas;BA;45995199;-17.53038;-39.75755;-17.53038;-39.75755;;;
499;Distribuidora De Agua e Gás Santa Rita;;endereco;Rua Carlos Gomes, 945, Teixeira de Freitas - BA, 45997-205, Brasil;Rua Carlos Gomes 945 Teixeira de Freitas BA 45995130 Brazil;Teixeira de Freitas;BA;45995130;-17.53234;-39.74967;-17.53234;-39.74967;;;
500;ISAIAS DO GÁS - TEIXEIRA DE FREITAS;;endereco;Rua Índia, 274, Teixeira de Freitas - BA, 45994-725, Brasil;Rua India 274 Teixeira de Freitas BA 45994925 Brazil;Teixeira de Freitas;BA;45994925;-17.53449;-39.77186;-17.53449;-39.77186;;;
501;Macambira Comércio de Gás e Água;;endereco;Rua Tupinambás, 260, Teixeira de Freitas - BA, 45985-208, Brasil;Rua Tupinambas 260 Teixeira de Freitas BA 45995018 Brazil;Teixeira de Freitas;BA;45995018;-17.53596;-39.74481;-17.53596;-39.74481;;;
502;MAIS CERVEJA- AGUA - GÁS;;endereco;Rua Dom Manoel, 156, Teixeira de Freitas - BA, 45992-057, Brasil;Rua Dom Manoel 156 Teixeira de Freitas BA 45998217 Brazil;Teixeira de Freitas;BA;45998217;-17.54194;-39.74494;-17.54194;-39.74494;;;
503;MAYRA GÁS - Nacional Gás em Teixeira;;endereco;Avenida Padre Anchieta, 1107, Teixeira de Freitas - BA, 45998-003, Brasil;Avenida Padre Anchieta 1107 Teixeira de Freitas BA 45998003 Brazil;Teixeira de Freitas;BA;45998003;-17.54994;-39.74391;-17.54994;-39.74391;;;
504;MG Gás e Água Mineral;;endereco;Avenida Kaikan, 1324, Teixeira de Freitas - BA, 45992-490, Brasil;Avenida Kaikan 1324 Teixeira de Freitas BA 45992246 Brazil;Teixeira de Freitas;BA;45992246;-17.56104;-39.74398;-17.56104;-39.74398;;;
505;NETO Gás & Água Mineral;;endereco;Rua Presidente Geisel, 186, Teixeira de Freitas - BA, 45992-105, Brasil;Rua Presidente Geisel 186 Teixeira de Freitas BA 45992105 Brazil;Teixeira de Freitas;BA;45992105;-17.54498;-39.74719;-17.54498;-39.74719;;;
506;Novogas Teixeira de Freitas;;endereco;Avenida São Paulo, 1410, Teixeira de Freitas - BA, 45990-528, Brasil;Avenida Sao Paulo 1410 Teixeira de Freitas BA 45997335 Brazil;Teixeira de Freitas;BA;45997335;-17.54958;-39.73513;-17.54958;-39.73513;;;
507;RODRIGUES GÁS E ÁGUA;;endereco;Rua Formosa, 171, Teixeira de Freitas - BA, 45994-689, Brasil;Rua Formosa 171 Teixeira de Freitas BA 45994689 Brazil;Teixeira de Freitas;BA;45994689;-17.53376;-39.76956;-17.53376;-39.76956;;;
508;TEXAS GAS LTDA;;endereco;Avenida Presidente Getúlio Vargas, 1110, Teixeira de Freitas - BA, 45988-074, Brasil;Avenida Presidente Getulio Vargas 1110 Teixeira de Freitas BA 45988074 Brazil;Teixeira de Freitas;BA;45988074;-17.5326;-39.71817;-17.5326;-39.71817;;;
509;UNIÃO GÁS;;endereco;Rua Graciliano Viana, 26, Teixeira de Freitas - BA, 45990-217, Brasil;Rua Graciliano Viana 26 Teixeira de Freitas BA 45990286 Brazil;Teixeira de Freitas;BA;45990286;-17.53839;-39.73147;-17.53839;-39.73147;;;
510;A Morada Gás;;endereco;Avenida Pedro F. de Morais Filho, 700, Felícia, Vitória da Conquista - BA, 45055-405, Brasil;Avenida Pedro F de Morais Filho 700 Vitoria da Conquista BA 45055405 Brazil;Vitória da Conquista;BA;45055405;-14.89003;-40.85398;-14.89003;-40.85398;Felícia;;
511;AEROGAS COMERCIAL DE GAS LTDA.;;endereco;Rua Nazaré, 189, Ibirapuera, Vitória da Conquista - BA, 45075-025, Brasil;Rua Nazare 189 Vitoria da Conquista BA 45075025 Brazil;Vitória da Conquista;BA;45075025;-14.84906;-40.84949;-14.84906;-40.84949;Ibirapuera;;
512;Brasilgás;;endereco;Farmacias Farmax, Rua Bruno Bacelar, 686, Alto Maron, Vitória da Conquista - BA, 45005-306, Brasil;Rua Bruno Bacelar 686 Vitoria da Conquista BA 45005146 Brazil;Vitória da Conquista;BA;45005146;-14.84934;-40.82932;-14.84934;-40.82932;Alto Maron;;
513;Brasilgás-Bahiana Distribuidora de Gás;;endereco;Rua João Pessoa, 645, Alto Maron, Vitória da Conquista - BA, 45005-048, Brasil;Rua Joao Pessoa 645 Vitoria da Conquista BA 45020720 Brazil;Vitória da Conquista;BA;45020720;-14.84845;-40.83548;-14.84845;-40.83548;Alto Maron;;
514;Carlão Gás;;endereco;Avenida Franklin Ferraz, 458, Candeias, Vitória da Conquista - BA, 45028-185, Brasil;Avenida Franklin Ferraz 458 Vitoria da Conquista BA 45055075 Brazil;Vitória da Conquista;BA;45055075;-14.85931;-40.82225;-14.85931;-40.82225;Candeias;;
515;Central do Gás;;endereco;Rua D, Felícia, Vitória da Conquista - BA, 45026-430, Brasil;Rua D Vitoria da Conquista BA 45055155 Brazil;Vitória da Conquista;BA;45055155;-14.88024;-40.8521;-14.88024;-40.8521;Felícia;ALTO;sem numero de porta
516;Central do Gás;;endereco;Rua das Cerejeiras, 15, Zabelê, Vitória da Conquista - BA, 45078-562, Brasil;Rua das Cerejeiras 15 Vitoria da Conquista BA 45078498 Brazil;Vitória da Conquista;BA;45078498;-14.84053;-40.88704;-14.84053;-40.88704;Zabelê;;
517;ChamaGás - Liquigás;;endereco;Avenida Juracy Magalhães, 385, Jurema, Vitória da Conquista - BA, 45023-490, Brasil;Avenida Juracy Magalhaes 385 Vitoria da Conquista BA 45023490 Brazil;Vitória da Conquista;BA;45023490;-14.86738;-40.84475;-14.86738;-40.84475;Jurema;;
518;Coelho Gas;;endereco;Avenida Maranhão, 753, Ibirapuera, Vitória da Conquista - BA, 45075-325, Brasil;Avenida Maranhao 753 Vitoria da Conquista BA 45075255 Brazil;Vitória da Conquista;BA;45075255;-14.84831;-40.85704;-14.84831;-40.85704;Ibirapuera;;
519;Conquista Gás;;endereco;Escola Municipal Professora Fidelcina Carvalho Santos, Espírito Santo, Vitória da Conquista - BA, Brasil;Escola Municipal Professora Fidelcina Carvalho Santos Espirito Santo Vitoria da Conquista BA 45037390 Brazil;Vitória da Conquista;BA;45037390;-14.90442;-40.8386;-14.90442;-40.8386;;ALTO;sem numero de porta
520;Disk Agua e Gas;;endereco;Avenida Centenário, Centro, Vitória da Conquista - BA, 45000-565, Brasil;Avenida Centenario Vitoria da Conquista BA 45015650 Brazil;Vitória da Conquista;BA;45015650;-14.85002;-40.84364;-14.85002;-40.84364;Centro;ALTO;sem numero de porta
521;Eliel do Gás;;endereco;Avenida Modelo, 744, Bateias, Vitória da Conquista - BA, 45053-550, Brasil;Avenida Modelo 744 Vitoria da Conquista BA 45053540 Brazil;Vitória da Conquista;BA;45053540;-14.86476;-40.86941;-14.86476;-40.86941;Bateias;;
522;Gás Vitória da Conquista | Speedgás;;endereco;Rua Paulo Jerônimo de Oliveira, 221, Bateias, Vitória da Conquista - BA, 45053-185, Brasil;Rua Paulo Jeronimo de Oliveira 221 Vitoria da Conquista BA 45053565 Brazil;Vitória da Conquista;BA;45053565;-14.86568;-40.87021;-14.86568;-40.87021;Bateias;;
523;Império do Gás;;endereco;Avenida Ilhéus, 464, Patagônia, Vitória da Conquista - BA, 45065-140, Brasil;Avenida Ilheus 464 Vitoria da Conquista BA 45051305 Brazil;Vitória da Conquista;BA;45051305;-14.87344;-40.85416;-14.87344;-40.85416;Patagônia;;
524;Kelton Gás e Água Vitória da Conquista;;endereco;Rua Amélia Rodrigues, 543, Patagônia, Vitória da Conquista - BA, 45065-420, Brasil;Rua Amelia Rodrigues 543 Vitoria da Conquista BA 45065420 Brazil;Vitória da Conquista;BA;45065420;-14.87831;-40.86409;-14.87831;-40.86409;Patagônia;;
525;Lima Gás ( ACEITAMOS CARTÕES);;endereco;Rua Xique-Xique, 570, Patagônia, Vitória da Conquista - BA, 45065-500, Brasil;Rua Xique Xique 570 Vitoria da Conquista BA 45065500 Brazil;Vitória da Conquista;BA;45065500;-14.87347;-40.86401;-14.87347;-40.86401;Patagônia;;
526;Mult Gás;;endereco;Rua Ascelino Pires de Andrade, 215, Jurema, Vitória da Conquista - BA, 45023-150, Brasil;Rua Ascelino Pires de Andrade 215 Vitoria da Conquista BA 45023150 Brazil;Vitória da Conquista;BA;45023150;-14.86078;-40.8474;-14.86078;-40.8474;Jurema;;
527;Ney Gás;;endereco;Avenida Buenos Aires, 627, Jurema, Vitória da Conquista - BA, 45023-050, Brasil;Avenida Buenos Aires 627 Vitoria da Conquista BA 45023360 Brazil;Vitória da Conquista;BA;45023360;-14.86817;-40.85005;-14.86817;-40.85005;Jurema;;
528;Quero Gás;;endereco;Avenida G, 6, Patagônia, Vitória da Conquista - BA, Brasil;Avenida G 6 Vitoria da Conquista BA 45065000 Brazil;Vitória da Conquista;BA;45065000;-14.88997;-40.86264;-14.88997;-40.86264;Patagônia;MEDIO;CEP generico de cidade, nao de rua (2,4x mais falha)
529;Real Gás;;endereco;Rua 2, 165, Zabelê, Vitória da Conquista - BA, Brasil;Rua 2 165 Vitoria da Conquista BA 45070255 Brazil;Vitória da Conquista;BA;45070255;-14.85224;-40.8958;-14.85224;-40.8958;Zabelê;;
530;SANTANA GAS;;endereco;Avenida Crescêncio Silveira, 300, Centro, Vitória da Conquista - BA, 45000-720, Brasil;Avenida Crescencio Silveira 300 Vitoria da Conquista BA 45000720 Brazil;Vitória da Conquista;BA;45000720;-14.85147;-40.84354;-14.85147;-40.84354;Centro;;
531;ULTRAGAZ CARIRI - ARTHUR GÁS;;endereco;Rua P 18, 1, Barbalha - CE, 63180-000, Brasil;Rua P 18 Barbalha CE 63180000 Brazil;Barbalha;CE;63180000;-7.30637;-39.28166;-7.30637;-39.28166;1;MEDIO;CEP generico de cidade, nao de rua (2,4x mais falha)
532;Ultragaz Baturite;;endereco;Avenida Anel Viário, 209, Baturité - CE, 62760-000, Brasil;Avenida Anel Viario 209 Baturite CE 62760000 Brazil;Baturité;CE;62760000;-4.33408;-38.87958;-4.33408;-38.87958;;MEDIO;CEP generico de cidade, nao de rua (2,4x mais falha)
533;Avenida Gas;;endereco;Rua 11, 2233, Arianópolis, Caucaia - CE, 61655-000, Brasil;Rua 11 2233 Caucaia CE 61656030 Brazil;Caucaia;CE;61656030;-3.76638;-38.64627;-3.76638;-38.64627;Arianópolis;;
534;CDM GÁS ULTRAGAZ;;endereco;Rua Joaquim Braga, 86, Parque Soledade, Caucaia - CE, 61608-200, Brasil;Rua Joaquim Braga 86 Caucaia CE 61608200 Brazil;Caucaia;CE;61608200;-3.73987;-38.63996;-3.73987;-38.63996;Parque Soledade;;
535;CENTRAL DO GÁS Caucaia – Revenda Autorizada;;endereco;Rua São Miguel, Parque Soledade, Caucaia - CE, 61608-380, Brasil;Rua Sao Miguel Caucaia CE 61603005 Brazil;Caucaia;CE;61603005;-3.73867;-38.6425;-3.73867;-38.6425;Parque Soledade;ALTO;sem numero de porta
536;Disk Água & Gás Abençoado;;endereco;Rua Coronel João Licínio, 286, Centro, Caucaia - CE, 61602-080, Brasil;Rua Coronel Joao Licinio 286 Caucaia CE 61602080 Brazil;Caucaia;CE;61602080;-3.73189;-38.65347;-3.73189;-38.65347;Centro;;
537;GBS Caucaia Gás;;endereco;Rua Francisco Sampaio, 120, Pabussu, Caucaia - CE, 61610-055, Brasil;Rua Francisco Sampaio 120 Caucaia CE 61610220 Brazil;Caucaia;CE;61610220;-3.73655;-38.667;-3.73655;-38.667;Pabussu;;
538;Gás Caucaia Oficial;;endereco;Avenida Enedina Ramos Ferreira, 1452, Pacheco, Caucaia - CE, 61626-300, Brasil;Avenida Enedina Ramos Ferreira 1452 Caucaia CE 61626300 Brazil;Caucaia;CE;61626300;-3.69153;-38.63363;-3.69153;-38.63363;Pacheco;;
539;Gás do Povo I Gás de Cozinha Bons Amigos I Ultragaz Caucaia;;endereco;Rua Juaci Sampaio Pontes, 460, Centro, Caucaia - CE, 61610-215, Brasil;Rua Juaci Sampaio Pontes 460 Caucaia CE 61601150 Brazil;Caucaia;CE;61601150;-3.72944;-38.65777;-3.72944;-38.65777;Centro;;
540;Mais Gás;;endereco;Edu Arcondicionado, Rua São Manuel, 219, Tabapuá Brasília, Caucaia - CE, 61634-250, Brasil;Rua Sao Manuel 219 Caucaia CE 98154106 Brazil;Caucaia;CE;98154106;-3.74549;-38.62263;-3.74549;-38.62263;Tabapuá Brasília;;
541;Meu Gas Caucaia;;endereco;Rua Torreon, 245, Parque Guadalajara, Caucaia - CE, 61650-350, Brasil;Rua Torreon 245 Caucaia CE 61650350 Brazil;Caucaia;CE;61650350;-3.76773;-38.62468;-3.76773;-38.62468;Parque Guadalajara;;
542;Nacional Gás;;endereco;Rua de Pedestre e Vinte e Dois, 171, Araturi, Caucaia - CE, 61655-170, Brasil;Rua de Pedestre e Vinte e Dois 171 Caucaia CE 61655189 Brazil;Caucaia;CE;61655189;-3.77118;-38.63135;-3.77118;-38.63135;Araturi;;
543;Nacional Gás;;endereco;Rua das Flores, 359, Arianópolis, Caucaia - CE, 61656-170, Brasil;Rua das Flores 359 Caucaia CE 61656160 Brazil;Caucaia;CE;61656160;-3.76585;-38.6472;-3.76585;-38.6472;Arianópolis;;
544;Nacional Gás Caucaia;;endereco;Rua Juaci Sampaio Pontes, 125, Açude, Caucaia - CE, 61610-215, Brasil;Rua Juaci Sampaio Pontes 125 Caucaia CE 61600150 Brazil;Caucaia;CE;61600150;-3.74135;-38.65895;-3.74135;-38.65895;Açude;;
545;Nacional Gás Caucaia - Planalto Caucaia;;endereco;Avenida Contorno Norte, 204, Planalto Caucaia, Caucaia - CE, 61605-500, Brasil;Avenida Contorno Norte 204 Caucaia CE 61605680 Brazil;Caucaia;CE;61605680;-3.74173;-38.66146;-3.74173;-38.66146;Planalto Caucaia;;
546;Nacional gás jm gas;;endereco;Rua das Oliveiras, 585, Arianópolis, Caucaia - CE, 61656-230, Brasil;Rua das Oliveiras 585 Caucaia CE 61660150 Brazil;Caucaia;CE;61660150;-3.76278;-38.64976;-3.76278;-38.64976;Arianópolis;;
547;Ponto do Gás - REVENDA AUTORIZADA ULTRAGAZ;;endereco;Rua Eliezer de Freitas Guimarães, 1476, Icaraí, Caucaia - CE, 61623-510, Brasil;Rua Eliezer de Freitas Guimaraes 1476 Caucaia CE 61622020 Brazil;Caucaia;CE;61622020;-3.68982;-38.66858;-3.68982;-38.66858;Icaraí;;
548;Rapidão Gás Caucaia | Ultragaz | O gás da sua casa;;endereco;Travessa Grilo, 100, Novo Pabussu, Caucaia - CE, Brasil;Travessa Grilo 100 Caucaia CE 61600540 Brazil;Caucaia;CE;61600540;-3.72677;-38.66876;-3.72677;-38.66876;Novo Pabussu;;
549;Revenda Gás total;;endereco;Rua Pedro Moreira de Oliveira, 58, Parque Soledade, Caucaia - CE, 61603-080, Brasil;Rua Pedro Moreira de Oliveira 58 Caucaia CE 61603080 Brazil;Caucaia;CE;61603080;-3.73748;-38.65009;-3.73748;-38.65009;Parque Soledade;;
550;Revenda Ultragaz - Gás do Povo;;endereco;Rua Vera Cruz, 1418, Parque Potira, Caucaia - CE, 61650-240, Brasil;Rua Vera Cruz 1418 Caucaia CE 61650240 Brazil;Caucaia;CE;61650240;-3.76111;-38.62725;-3.76111;-38.62725;Parque Potira;;
551;Wilson Gás Caucaia - Distribuidora Autorizada Ultragaz;;endereco;Avenida da Integração, 1789, Patrícia Gomes, Caucaia - CE, 61604-505, Brasil;Avenida da Integracao 1789 Caucaia CE 61607150 Brazil;Caucaia;CE;61607150;-3.75853;-38.65304;-3.75853;-38.65304;Patrícia Gomes;;
552;Cariri Gás Butano - GÁS DE COZINHA - Nacional Gás;;endereco;Avenida Thomaz Osternes de Alencar, 1508, Seminário, Crato - CE, 63122-090, Brasil;Avenida Thomaz Osternes de Alencar 1508 Crato CE 63105330 Brazil;Crato;CE;63105330;-7.22559;-39.41476;-7.22559;-39.41476;Seminário;;
553;Alô Gás | Gás de Cozinha em Fortaleza;;endereco;Rua Chile, 693, Pici, Fortaleza - CE, 60442-464, Brasil;Rua Chile 693 Fortaleza CE 60442464 Brazil;Fortaleza;CE;60442464;-3.74894;-38.56805;-3.74894;-38.56805;Pici;;
554;Alô Gás | Gás de Cozinha em Fortaleza;;endereco;Avenida João Pessoa, 7018, Parangaba, Fortaleza - CE, 60721-340, Brasil;Avenida Joao Pessoa 7018 Fortaleza CE 60721340 Brazil;Fortaleza;CE;60721340;-3.77134;-38.56162;-3.77134;-38.56162;Parangaba;;
555;Azevedo Gas - Conjunto Ceará;;endereco;Avenida A, 1130, Conjunto Ceará II, Fortaleza - CE, 60533-674, Brasil;Avenida A 1130 Fortaleza CE 60533675 Brazil;Fortaleza;CE;60533675;-3.77274;-38.59813;-3.77274;-38.59813;Conjunto Ceará II;;
556;Azevedo Gás - Revendedora Oficial Liquigás;;endereco;Rua Primeiro de Maio, 491, Bonsucesso, Fortaleza - CE, 60541-658, Brasil;Rua Primeiro de Maio 491 Fortaleza CE 60545350 Brazil;Fortaleza;CE;60545350;-3.78259;-38.58931;-3.78259;-38.58931;Bonsucesso;;
557;Azevedo Gás - Revendedora Oficial Liquigás - Barra do Ceará;;endereco;Rua General Muniz Aragão, 62, Barra do Ceará, Fortaleza - CE, 60332-660, Brasil;Rua General Muniz Aragao 62 Fortaleza CE 60332660 Brazil;Fortaleza;CE;60332660;-3.70297;-38.58026;-3.70297;-38.58026;Barra do Ceará;;
558;Central do Gás Fortaleza;;endereco;Rua Eurico Faco, 239, Farias Brito, Fortaleza - CE, 60010-720, Brasil;Rua Eurico Faco 239 Fortaleza CE 60010720 Brazil;Fortaleza;CE;60010720;-3.72821;-38.54141;-3.72821;-38.54141;Farias Brito;;
559;Copel Gás - Revenda Autorizada Nacional Gás;;endereco;Avenida das Flamboyantes, 402, Coco, Fortaleza - CE, 60190-570, Brasil;Avenida das Flamboyantes 402 Fortaleza CE 60190570 Brazil;Fortaleza;CE;60190570;-3.75027;-38.47566;-3.75027;-38.47566;Coco;;
560;Cristal Gás Bonsucesso | Supergásbras;;endereco;Rua Vital Brasil, 495, Bonsucesso, Fortaleza - CE, 60541-705, Brasil;Rua Vital Brasil 495 Fortaleza CE 60541705 Brazil;Fortaleza;CE;60541705;-3.78165;-38.58571;-3.78165;-38.58571;Bonsucesso;;
561;Cristal Gás | Distribuidora de Gás;;endereco;Avenida D, 326, Prefeito José Walter, Fortaleza - CE, 60750-030, Brasil;Avenida D 326 Fortaleza CE 99735386 Brazil;Fortaleza;CE;99735386;-3.83374;-38.54847;-3.83374;-38.54847;Prefeito José Walter;;
562;Davi Gás;;endereco;Rua Professor Costa Mendes, 2997, Amadeu Furtado, Fortaleza - CE, 60430-140, Brasil;Rua Professor Costa Mendes 2997 Fortaleza CE 60430140 Brazil;Fortaleza;CE;60430140;-3.74632;-38.5563;-3.74632;-38.5563;Amadeu Furtado;;
563;Delta Gás - Petrolina;;endereco;Rua Pereira Filgueiras, 835, Centro, Fortaleza - CE, 60160-150, Brasil;Rua Pereira Filgueiras 835 Fortaleza CE 60160150 Brazil;Fortaleza;CE;60160150;-3.72752;-38.51522;-3.72752;-38.51522;Centro;;
564;Disk Água e Gás;;endereco;Rua João Brígido, 639, Joaquim Távora, Fortaleza - CE, 60135-080, Brasil;Rua Joao Brigido 639 Fortaleza CE 60110301 Brazil;Fortaleza;CE;60110301;-3.73983;-38.51809;-3.73983;-38.51809;Joaquim Távora;;
565;DONA NENÉN GÁS - BARRA DO CEARÁ;;endereco;Rua Senador Robert Kennedy, 497, Barra do Ceará, Fortaleza - CE, 60332-170, Brasil;Rua Senador Robert Kennedy 497 Fortaleza CE 60332170 Brazil;Fortaleza;CE;60332170;-3.70435;-38.57908;-3.70435;-38.57908;Barra do Ceará;;
566;Ely Gás Comercial;;endereco;Avenida Benu Marcondes, 112, Vila Velha, Fortaleza - CE, 60347-500, Brasil;Avenida Benu Marcondes 112 Fortaleza CE 60347501 Brazil;Fortaleza;CE;60347501;-3.71223;-38.5983;-3.71223;-38.5983;Vila Velha;;
567;Entrega de GAS Nacional Gas - Jose Bonifacio;;endereco;Rua Joaquim Magalhães, 1193, José Bonifácio, Fortaleza - CE, 60040-125, Brasil;Rua Joaquim Magalhaes 1193 Fortaleza CE 60040160 Brazil;Fortaleza;CE;60040160;-3.74002;-38.52756;-3.74002;-38.52756;José Bonifácio;;
568;FORTALEZA GÁS;;endereco;Rua Melvin Jones, 42, Centro, Fortaleza - CE, 60055-450, Brasil;Rua Melvin Jones 42 Fortaleza CE 60055450 Brazil;Fortaleza;CE;60055450;-3.72901;-38.52538;-3.72901;-38.52538;Centro;;
569;Gas Butano Mercado Pioes;;endereco;Rua Gonçalves Ledo, 319, Centro, Fortaleza - CE, 60110-261, Brasil;Rua Goncalves Ledo 319 Fortaleza CE 60110260 Brazil;Fortaleza;CE;60110260;-3.72687;-38.51468;-3.72687;-38.51468;Centro;;
570;Girão Gás - Revenda Liquigás;;endereco;Rua João Cordeiro, 2875, Joaquim Távora, Fortaleza - CE, 60110-535, Brasil;Rua Joao Cordeiro 2875 Fortaleza CE 60110535 Brazil;Fortaleza;CE;60110535;-3.74557;-38.51929;-3.74557;-38.51929;Joaquim Távora;;
571;Gledson Água (Ovos-Gás-Água);;endereco;Rua José Gomes de Moura, 73, José Bonifácio, Fortaleza - CE, 60040-010, Brasil;Rua Jose Gomes de Moura 73 Fortaleza CE 60040010 Brazil;Fortaleza;CE;60040010;-3.73744;-38.52516;-3.73744;-38.52516;José Bonifácio;;
572;Gás de cozinha;;endereco;Mundo das Guloseimas, Rua Francisco Lima e Silva, 224, Jangurussu, Fortaleza - CE, 60865-150, Brasil;Rua Francisco Lima e Silva 224 Fortaleza CE 60865150 Brazil;Fortaleza;CE;60865150;-3.84054;-38.51459;-3.84054;-38.51459;Jangurussu;;
573;L.L. Com. de Gás Ltda;;endereco;Rua F, 600, Prefeito José Walter, Fortaleza - CE, 60750-050, Brasil;Rua F 600 Fortaleza CE 60750050 Brazil;Fortaleza;CE;60750050;-3.83502;-38.55945;-3.83502;-38.55945;Prefeito José Walter;;
574;Liquigás;;endereco;Avenida dos Astronautas, 123, Bonsucesso, Fortaleza - CE, 60521-240, Brasil;Avenida dos Astronautas 123 Fortaleza CE 60545360 Brazil;Fortaleza;CE;60545360;-3.77521;-38.58707;-3.77521;-38.58707;Bonsucesso;;
575;LIQUIGÁS;;endereco;Rua Eurico Faco, 239, Farias Brito, Fortaleza - CE, 60010-720, Brasil;Rua Eurico Faco 239 Fortaleza CE 60010720 Brazil;Fortaleza;CE;60010720;-3.72821;-38.54141;-3.72821;-38.54141;Farias Brito;;
576;LIQUIGÁS - DISK GÁS;;endereco;Vila Jardim Nazaré, José Bonifácio, Fortaleza - CE, 60055-240, Brasil;Vila Jardim Nazare Fortaleza CE 60055210 Brazil;Fortaleza;CE;60055210;-3.74175;-38.52383;-3.74175;-38.52383;José Bonifácio;ALTO;sem numero de porta
577;LOG GÁS - Distribuidor Nacional Gás;;endereco;Avenida Coronel Carvalho, 1779, Jardim Iracema, Fortaleza - CE, 60341-641, Brasil;Avenida Coronel Carvalho 1779 Fortaleza CE 60341641 Brazil;Fortaleza;CE;60341641;-3.7184;-38.58751;-3.7184;-38.58751;Jardim Iracema;;
578;MOCINHA GÁS;;endereco;Paulo Ramos Representações, Rua Castro e Silva, 792, Centro, Fortaleza - CE, Brasil;Rua Castro e Silva 792 Fortaleza CE 60351255 Brazil;Fortaleza;CE;60351255;-3.72186;-38.53252;-3.72186;-38.53252;Centro;;
579;Montese Gás;;endereco;Rua Papi Júnior, 2316, Bela Vista, Fortaleza - CE, 60441-690, Brasil;Rua Papi Junior 2316 Fortaleza CE 60441690 Brazil;Fortaleza;CE;60441690;-3.75464;-38.55988;-3.75464;-38.55988;Bela Vista;;
580;Montese Gás Fortaleza | Revenda de Gás;;endereco;Avenida João Pessoa, 770, Montese, Fortaleza - CE, 60425-682, Brasil;Avenida Joao Pessoa 770 Fortaleza CE 60420770 Brazil;Fortaleza;CE;60420770;-3.76077;-38.55679;-3.76077;-38.55679;Montese;;
581;Nacional Gás Butano;;endereco;Rua Teresa Cristina, 1023, Centro, Fortaleza - CE, 60015-141, Brasil;Rua Teresa Cristina 1023 Fortaleza CE 60015141 Brazil;Fortaleza;CE;60015141;-3.7295;-38.53745;-3.7295;-38.53745;Centro;;
582;Nacional Gás Butano Distribuidora - Filial Fortaleza;;endereco;Nacional Gás, Avenida Leite Barbosa, Cais do Porto, Fortaleza - CE, 60180-420, Brasil;Avenida Leite Barbosa Fortaleza CE 60000001 Brazil;Fortaleza;CE;60000001;-3.71205;-38.47003;-3.71205;-38.47003;Cais do Porto;ALTO;sem numero de porta
583;Nacional Gás | Gás Service Serrinha;;endereco;Rua Governador João Carlos, 426, Parangaba, Fortaleza - CE, 60741-000, Brasil;Rua Governador Joao Carlos 426 Fortaleza CE 60741000 Brazil;Fortaleza;CE;60741000;-3.77881;-38.55199;-3.77881;-38.55199;Parangaba;MEDIO;CEP generico de cidade, nao de rua (2,4x mais falha)
584;NACIONAL GÁS | MESSEJANA;;endereco;Rua Luiz Francisco Xavier, 997, Paupina, Fortaleza - CE, 60872-508, Brasil;Rua Luiz Francisco Xavier 997 Fortaleza CE 60810670 Brazil;Fortaleza;CE;60810670;-3.8486;-38.48753;-3.8486;-38.48753;Paupina;;
585;Palhano Gás Copagaz - Gás de Cozinha em Fortaleza.;;endereco;Rua Pedro Dantas, 267, Dias Macedo, Fortaleza - CE, 60860-150, Brasil;Rua Pedro Dantas 267 Fortaleza CE 60860370 Brazil;Fortaleza;CE;60860370;-3.78589;-38.52258;-3.78589;-38.52258;Dias Macedo;;
586;Pirambu Gás Fortaleza;;endereco;Avenida Doutor Theberge, 309, Cristo Redentor, Fortaleza - CE, 60335-480, Brasil;Avenida Doutor Theberge 309 Fortaleza CE 60337578 Brazil;Fortaleza;CE;60337578;-3.70714;-38.56234;-3.70714;-38.56234;Cristo Redentor;;
587;Rei do Gás Fortaleza;;endereco;Rua Nestor Barbosa, 774, Amadeu Furtado, Fortaleza - CE, 60455-610, Brasil;Rua Nestor Barbosa 774 Fortaleza CE 61602310 Brazil;Fortaleza;CE;61602310;-3.74544;-38.56229;-3.74544;-38.56229;Amadeu Furtado;;
588;Rei do Gás Fortaleza;;endereco;Rua Teodomiro de Castro, 22, Floresta, Fortaleza - CE, 60336-010, Brasil;Rua Teodomiro de Castro 22 Fortaleza CE 60336010 Brazil;Fortaleza;CE;60336010;-3.71683;-38.57735;-3.71683;-38.57735;Floresta;;
589;Revenda Autorizada Liquigás;;endereco;Rua Doutor Correia Lima, 625, Edson Queiroz, Fortaleza - CE, 60834-195, Brasil;Rua Doutor Correia Lima 625 Fortaleza CE 60834195 Brazil;Fortaleza;CE;60834195;-3.78813;-38.45915;-3.78813;-38.45915;Edson Queiroz;;
590;Revenda de Gás Gustavo Neto;;endereco;Rua Floro Bartolomeu, 125, Tauape, Fortaleza - CE, 60130-530, Brasil;Rua Floro Bartolomeu 125 Fortaleza CE 60130530 Brazil;Fortaleza;CE;60130530;-3.76034;-38.51311;-3.76034;-38.51311;Tauape;;
591;Revenda de Gás Liquigás Messejana;;endereco;Rua Eduardo Porto, 68, Messejana, Fortaleza - CE, 60842-050, Brasil;Rua Eduardo Porto 68 Fortaleza CE 60842050 Brazil;Fortaleza;CE;60842050;-3.83279;-38.49552;-3.83279;-38.49552;Messejana;;
592;Sol Gás - Revenda Liquigás;;endereco;Vila Jardim Nazaré, José Bonifácio, Fortaleza - CE, 60055-240, Brasil;Vila Jardim Nazare Fortaleza CE 60055210 Brazil;Fortaleza;CE;60055210;-3.74172;-38.52365;-3.74172;-38.52365;José Bonifácio;ALTO;sem numero de porta
593;Speed Gás (Revenda Autorizada da Nacional Gás);;endereco;Rua Antônio Augusto, 2650, Joaquim Távora, Fortaleza - CE, 60135-150, Brasil;Rua Antonio Augusto 2650 Fortaleza CE 60110371 Brazil;Fortaleza;CE;60110371;-3.74401;-38.51811;-3.74401;-38.51811;Joaquim Távora;;
594;SUPERGASBRAS;;endereco;Avenida D, Prefeito José Walter, Fortaleza - CE, 60750-030, Brasil;Avenida D Fortaleza CE 60751500 Brazil;Fortaleza;CE;60751500;-3.83389;-38.54857;-3.83389;-38.54857;Prefeito José Walter;ALTO;sem numero de porta
595;Totalgás Comércio de Gás;;endereco;Avenida Porto Velho, 1411, João XXIII, Fortaleza - CE, 60525-571, Brasil;Avenida Porto Velho 1411 Fortaleza CE 60510040 Brazil;Fortaleza;CE;60510040;-3.76554;-38.58812;-3.76554;-38.58812;João XXIII;;
596;Via Sul Gás;;endereco;Rua Padre Francisco Pita, 906, Jardim das Oliveiras, Fortaleza - CE, 60821-050, Brasil;Rua Padre Francisco Pita 906 Fortaleza CE 60821050 Brazil;Fortaleza;CE;60821050;-3.78166;-38.5002;-3.78166;-38.5002;Jardim das Oliveiras;;
597;ÁGUA E GÁS SOS LOG - MINERAL E ADICIONADA SAIS2 FORTALEZA CEARA;;endereco;Avenida Santos Dumont, 6611, Papicu, Fortaleza - CE, 60150-161, Brasil;Avenida Santos Dumont 6611 Fortaleza CE 60177415 Brazil;Fortaleza;CE;60177415;-3.74375;-38.47458;-3.74375;-38.47458;Papicu;;
598;Nacional Gás;;endereco;Rua Regente Feijó, 358, Icó - CE, 63430-000, Brasil;Rua Regente Feijo 358 Ico CE 63430000 Brazil;Icó;CE;63430000;-6.40335;-38.85614;-6.40335;-38.85614;;MEDIO;CEP generico de cidade, nao de rua (2,4x mais falha)
599;NACIONAL GÁS IPU;;endereco;Rua Padre Macário, Ipu - CE, 62250-000, Brasil;Rua Padre Macario Ipu CE 62250000 Brazil;Ipu;CE;62250000;-4.3348;-40.72635;-4.3348;-40.72635;;ALTO;"sem numero de porta; CEP generico de cidade, nao de rua (2,4x mais falha)"
600;ARTHURGAS;;endereco;Alves & Santos Transportes e Comércio, Rua Raimundo Pereira da Silva, 40, São José, Juazeiro do Norte - CE, 63024-070, Brasil;Rua Raimundo Pereira da Silva 40 Juazeiro do Norte CE 63041279 Brazil;Juazeiro do Norte;CE;63041279;-7.23279;-39.33815;-7.23279;-39.33815;São José;;
601;Bran Gás Cariri;;endereco;Avenida Presidente Castelo Branco, 4920, Betolândia, Juazeiro do Norte - CE, 63036-230, Brasil;Avenida Presidente Castelo Branco 4920 Juazeiro do Norte CE 63036230 Brazil;Juazeiro do Norte;CE;63036230;-7.23129;-39.27914;-7.23129;-39.27914;Betolândia;;
602;Cariri Gás Butano - Nacional Gás - GÁS DE COZINHA;;endereco;Avenida Ailton Gomes, 2719, José Geraldo da Cruz, Juazeiro do Norte - CE, 63033-027, Brasil;Avenida Ailton Gomes 2719 Juazeiro do Norte CE 63020000 Brazil;Juazeiro do Norte;CE;63020000;-7.23199;-39.31208;-7.23199;-39.31208;José Geraldo da Cruz;MEDIO;CEP generico de cidade, nao de rua (2,4x mais falha)
603;Cariri Gás Butano - Nacional Gás Aeroporto;;endereco;Rua Sebastião Régis, 907, Pedrinhas, Juazeiro do Norte - CE, 63020-840, Brasil;Rua Sebastiao Regis 907 Juazeiro do Norte CE 63040620 Brazil;Juazeiro do Norte;CE;63040620;-7.19764;-39.27808;-7.19764;-39.27808;Pedrinhas;;
604;Cariri Gás Butano - Nacional Gás Jardim Gonzaga;;endereco;Rua Francisco Martins de Souza, 805, Jardim Gonzaga, Juazeiro do Norte - CE, 63041-690, Brasil;Rua Francisco Martins de Souza 805 Juazeiro do Norte CE 62000000 Brazil;Juazeiro do Norte;CE;62000000;-7.24921;-39.33524;-7.24921;-39.33524;Jardim Gonzaga;MEDIO;CEP generico de cidade, nao de rua (2,4x mais falha)
605;Ceará Gás;;endereco;Avenida Ailton Gomes, 2554, João Cabral, Juazeiro do Norte - CE, 63033-027, Brasil;Avenida Ailton Gomes 2554 Juazeiro do Norte CE 63040602 Brazil;Juazeiro do Norte;CE;63040602;-7.23058;-39.31229;-7.23058;-39.31229;João Cabral;;
606;COMERCIAL CARIRI (GÁS EM CASA);;endereco;Rua José Magalhães Landim, 1482, Frei Damião, Juazeiro do Norte - CE, Brasil;Rua Jose Magalhaes Landim 1482 Juazeiro do Norte CE 63000001 Brazil;Juazeiro do Norte;CE;63000001;-7.2478;-39.33922;-7.2478;-39.33922;Frei Damião;;
607;Companhia de Gas;;endereco;Rua Roque Antônio dos Santos, 397, Tiradentes, Juazeiro do Norte - CE, 63031-100, Brasil;Rua Roque Antonio dos Santos 397 Juazeiro do Norte CE 63031100 Brazil;Juazeiro do Norte;CE;63031100;-7.23519;-39.2988;-7.23519;-39.2988;Tiradentes;;
608;Dalberto Gás;;endereco;Rua José Bernardo da Silva, 384, Prefeito Carlos Alberto da Cruz, Juazeiro do Norte - CE, 63040-760, Brasil;Rua Jose Bernardo da Silva 384 Juazeiro do Norte CE 63040800 Brazil;Juazeiro do Norte;CE;63040800;-7.23296;-39.32882;-7.23296;-39.32882;Prefeito Carlos Alberto da Cruz;;
609;Deposito Fran Gás - Liquigás;;endereco;Rua Francisco Samuel Bezerra, 13, Pedrinhas, Juazeiro do Norte - CE, 63018-400, Brasil;Rua Francisco Samuel Bezerra 13 Juazeiro do Norte CE 63018330 Brazil;Juazeiro do Norte;CE;63018330;-7.21333;-39.26846;-7.21333;-39.26846;Pedrinhas;;
610;Depósito Nossa Senhora de Fátima (Gás e Água);;endereco;Rua Tenente Rodolfo, 168, Juvêncio Santana, Juazeiro do Norte - CE, 63016-045, Brasil;Rua Tenente Rodolfo 168 Juazeiro do Norte CE 63016045 Brazil;Juazeiro do Norte;CE;63016045;-7.2018;-39.30679;-7.2018;-39.30679;Juvêncio Santana;;
611;Disk água e gás;;endereco;Rua Luiz Galvão Pereira, 85, Timbaúba, Juazeiro do Norte - CE, 63028-410, Brasil;Rua Luiz Galvao Pereira 85 Juazeiro do Norte CE 63028410 Brazil;Juazeiro do Norte;CE;63028410;-7.21458;-39.30318;-7.21458;-39.30318;Timbaúba;;
612;Fastgás - Revendedora de Gás;;endereco;Avenida Coronel Humberto Bezerra, 1800, Limoeiro, Juazeiro do Norte - CE, 63030-050, Brasil;Avenida Coronel Humberto Bezerra 1800 Juazeiro do Norte CE 63035160 Brazil;Juazeiro do Norte;CE;63035160;-7.22928;-39.29749;-7.22928;-39.29749;Limoeiro;;
613;Flávio Gás;;endereco;Arubel, Avenida Leão Sampaio, Prefeito Carlos Alberto da Cruz, Juazeiro do Norte - CE, 63041-240, Brasil;Avenida Leao Sampaio Juazeiro do Norte CE 63041080 Brazil;Juazeiro do Norte;CE;63041080;-7.23002;-39.32459;-7.23002;-39.32459;Prefeito Carlos Alberto da Cruz;ALTO;sem numero de porta
614;Fran Gás;;endereco;Rua Odete Matos Alencar, 2570, Jardim Gonzaga, Juazeiro do Norte - CE, 63040-255, Brasil;Rua Odete Matos Alencar 2570 Juazeiro do Norte CE 63046320 Brazil;Juazeiro do Norte;CE;63046320;-7.26101;-39.32439;-7.26101;-39.32439;Jardim Gonzaga;;
615;G.E GÁS Nacional Gás;;endereco;Rua Raimundo Macêdo da Cruz Neto, 355, São José, Juazeiro do Norte - CE, 63024-490, Brasil;Rua Raimundo Macedo da Cruz Neto 355 Juazeiro do Norte CE 63024490 Brazil;Juazeiro do Norte;CE;63024490;-7.23285;-39.33846;-7.23285;-39.33846;São José;;
616;Gabriel Gás;;endereco;Rua Manoel Tavares Lopes, 235, Frei Damião, Juazeiro do Norte - CE, 63044-090, Brasil;Rua Manoel Tavares Lopes 235 Juazeiro do Norte CE 63044090 Brazil;Juazeiro do Norte;CE;63044090;-7.24388;-39.3385;-7.24388;-39.3385;Frei Damião;;
617;Gás - Ermano Gás;;endereco;Rua Teodomiro Rocha, 83, Pio XII, Juazeiro do Norte - CE, 63020-240, Brasil;Rua Teodomiro Rocha 83 Juazeiro do Norte CE 63020320 Brazil;Juazeiro do Norte;CE;63020320;-7.21006;-39.30787;-7.21006;-39.30787;Pio XII;;
618;Gás Alaiane;;endereco;Avenida Ailton Gomes, 2554, João Cabral, Juazeiro do Norte - CE, 63033-027, Brasil;Avenida Ailton Gomes 2554 Juazeiro do Norte CE 63034012 Brazil;Juazeiro do Norte;CE;63034012;-7.23058;-39.31229;-7.23058;-39.31229;João Cabral;;
619;Gás de Cozinha - Juazeiro do Norte;;endereco;Rua Ozana Pereira, 1081, João Cabral, Juazeiro do Norte - CE, 63050-750, Brasil;Rua Ozana Pereira 1081 Juazeiro do Norte CE 63050750 Brazil;Juazeiro do Norte;CE;63050750;-7.2356;-39.31731;-7.2356;-39.31731;João Cabral;;
620;Gás de cozinha- Juazeiro do Norte ( Romário Gás);;endereco;Rua Joaquim Figueiredo, 355, Prefeito Carlos Alberto da Cruz, Juazeiro do Norte - CE, 63040-760, Brasil;Rua Joaquim Figueiredo 355 Juazeiro do Norte CE 63040780 Brazil;Juazeiro do Norte;CE;63040780;-7.23134;-39.32735;-7.23134;-39.32735;Prefeito Carlos Alberto da Cruz;;
621;Império Água e Gás;;endereco;Rua do Rosário, 23, Socorro, Juazeiro do Norte - CE, 63010-265, Brasil;Rua do Rosario 23 Juazeiro do Norte CE 63011075 Brazil;Juazeiro do Norte;CE;63011075;-7.20345;-39.32218;-7.20345;-39.32218;Socorro;;
622;JUNIOR GÁS - Nacional gás | Juazeiro do norte;;endereco;Rua Liberalino Soares da Silva, 983, Barbalha - CE, 63180-000, Brasil;Rua Liberalino Soares da Silva 983 Barbalha CE 63049190 Brazil;Barbalha;CE;63049190;-7.25503;-39.29363;-7.25503;-39.29363;;;
623;Lc Davi gás;;endereco;Rua Padre Francisco, 95, Limoeiro, Juazeiro do Norte - CE, 63030-170, Brasil;Rua Padre Francisco 95 Juazeiro do Norte CE 63030170 Brazil;Juazeiro do Norte;CE;63030170;-7.22301;-39.3094;-7.22301;-39.3094;Limoeiro;;
624;Lima Gás;;endereco;Rua Prfa. Ivany Feitosa de Oliveira, 312, Tiradentes, Juazeiro do Norte - CE, 63031-140, Brasil;Rua Prfa Ivany Feitosa de Oliveira 312 Juazeiro do Norte CE 63031130 Brazil;Juazeiro do Norte;CE;63031130;-7.23351;-39.29965;-7.23351;-39.29965;Tiradentes;;
625;Liquigas G Davi Gás;;endereco;Rua Francisca da Silva Moreira, 444, Tiradentes, Juazeiro do Norte - CE, 63031-155, Brasil;Rua Francisca da Silva Moreira 444 Juazeiro do Norte CE 63043630 Brazil;Juazeiro do Norte;CE;63043630;-7.23766;-39.29198;-7.23766;-39.29198;Tiradentes;;
626;Marcelino gas;;endereco;Rua Nossa Senhora do Carmo, 490, Franciscanos, Juazeiro do Norte - CE, 63020-180, Brasil;Rua Nossa Senhora do Carmo 490 Juazeiro do Norte CE 63020180 Brazil;Juazeiro do Norte;CE;63020180;-7.21516;-39.31043;-7.21516;-39.31043;Franciscanos;;
627;Márcio gas;;endereco;Rua Antônio Saraiva Landim, 159, Frei Damião, Juazeiro do Norte - CE, 63044-120, Brasil;Rua Antonio Saraiva Landim 159 Juazeiro do Norte CE 63044120 Brazil;Juazeiro do Norte;CE;63044120;-7.23504;-39.34224;-7.23504;-39.34224;Frei Damião;;
628;Nacional Gás;;endereco;Rua Senador Tavora, 130, Juvêncio Santana, Juazeiro do Norte - CE, Brasil;Rua Senador Tavora 130 Juazeiro do Norte CE 63016120 Brazil;Juazeiro do Norte;CE;63016120;-7.20304;-39.30344;-7.20304;-39.30344;Juvêncio Santana;;
629;Nacional gás butano;;endereco;Rua São Benedito, 603, São Miguel, Juazeiro do Norte - CE, 63010-545, Brasil;Rua Sao Benedito 603 Juazeiro do Norte CE 63010545 Brazil;Juazeiro do Norte;CE;63010545;-7.20882;-39.31045;-7.20882;-39.31045;São Miguel;;
630;Nacional Gás Butano/Colorado Gás;;endereco;Avenida Coronel Humberto Bezerra, 647, Leandro Bezerra de Menezes, Juazeiro do Norte - CE, 63020-600, Brasil;Avenida Coronel Humberto Bezerra 647 Juazeiro do Norte CE 63035145 Brazil;Juazeiro do Norte;CE;63035145;-7.22103;-39.2968;-7.22103;-39.2968;Leandro Bezerra de Menezes;;
631;Nacional Gás/Colorado Gás;;endereco;Rua Domingos Calazans, 304, Prefeito Carlos Alberto da Cruz, Juazeiro do Norte - CE, 63041-130, Brasil;Rua Domingos Calazans 304 Juazeiro do Norte CE 63041130 Brazil;Juazeiro do Norte;CE;63041130;-7.22765;-39.3306;-7.22765;-39.3306;Prefeito Carlos Alberto da Cruz;;
632;Nana Gás | Gas Juazeiro do Norte;;endereco;Rua Trinta e Um de Março, 1252, Jardim Gonzaga, Juazeiro do Norte - CE, 63046-500, Brasil;Rua Trinta e Um de Marco 1252 Juazeiro do Norte CE 63000001 Brazil;Juazeiro do Norte;CE;63000001;-7.23664;-39.33385;-7.23664;-39.33385;Jardim Gonzaga;;
633;PITSTOP MAIS GÁS   ÁGUA;;endereco;Rua João Paulo I, 434, Timbaúba, Juazeiro do Norte - CE, 63028-330, Brasil;Rua Joao Paulo I 434 Juazeiro do Norte CE 63028330 Brazil;Juazeiro do Norte;CE;63028330;-7.21399;-39.30243;-7.21399;-39.30243;Timbaúba;;
634;SANTOS GÁS;;endereco;Avenida Virgílio Távora, 984, Aeroporto, Juazeiro do Norte - CE, 63020-735, Brasil;Avenida Virgilio Tavora 984 Juazeiro do Norte CE 63020735 Brazil;Juazeiro do Norte;CE;63020735;-7.21334;-39.28533;-7.21334;-39.28533;Aeroporto;;
635;SÃO JOSE GÁS COMERCIO DE GLP;;endereco;Rua Antônio Alvino Gonçalves, 2157, São José, Juazeiro do Norte - CE, 63024-140, Brasil;Rua Antonio Alvino Goncalves 2157 Juazeiro do Norte CE 98879797 Brazil;Juazeiro do Norte;CE;98879797;-7.23128;-39.3421;-7.23128;-39.3421;São José;;
636;Venda de água mineral cristalina e gás;;endereco;Rua Coronel Francisco Figueira Cruz, 619, Timbaúba, Juazeiro do Norte - CE, 63028-400, Brasil;Rua Coronel Francisco Figueira Cruz 619 Juazeiro do Norte CE 63028410 Brazil;Juazeiro do Norte;CE;63028410;-7.21557;-39.29898;-7.21557;-39.29898;Timbaúba;;
637;Cavalcante Gás;;endereco;Avenida Lateral Norte, 283, Novo Oriente, Maracanaú - CE, 61921-010, Brasil;Avenida Lateral Norte 283 Maracanau CE 61920090 Brazil;Maracanaú;CE;61920090;-3.84872;-38.61028;-3.84872;-38.61028;Novo Oriente;;
638;Cavalcante Gás - Ultragaz;;endereco;Rua Ouro Branco, 670, Coqueiral, Maracanaú - CE, 61902-135, Brasil;Rua Ouro Branco 670 Maracanau CE 61902135 Brazil;Maracanaú;CE;61902135;-3.87029;-38.62301;-3.87029;-38.62301;Coqueiral;;
639;Chama Gas Ultragaz;;endereco;Avenida Contorno Sul, 727, Conjunto Timbó, Maracanaú - CE, 61925-210, Brasil;Avenida Contorno Sul 727 Maracanau CE 61900531 Brazil;Maracanaú;CE;61900531;-3.87665;-38.61046;-3.87665;-38.61046;Conjunto Timbó;;
640;Comercial Gás Triunfo - Revenda Liquigás;;endereco;Rodovia Raimundo Pessoa de Araújo, 1285, Cágado, Maracanaú - CE, 61914-035, Brasil;Rodovia Raimundo Pessoa de Araujo 1285 Maracanau CE 61914035 Brazil;Maracanaú;CE;61914035;-3.84738;-38.65065;-3.84738;-38.65065;Cágado;ALTO;endereco de rodovia (57-67% falharam)
641;Distribuidora Novo do Gás -Revenda Ultragaz;;endereco;Rua Doze, 711, Novo Maracanaú, Maracanaú - CE, 61919-100, Brasil;Rua Doze 711 Maracanau CE 61921420 Brazil;Maracanaú;CE;61921420;-3.85145;-38.61575;-3.85145;-38.61575;Novo Maracanaú;;
642;Expresso Gás Pajuçara | Gas de Cozinha e Gás do Povo;;endereco;Rua Estevão Alves, 344, Pajuçara, Maracanaú - CE, 61932-300, Brasil;Rua Estevao Alves 344 Maracanau CE 61920300 Brazil;Maracanaú;CE;61920300;-3.86598;-38.58484;-3.86598;-38.58484;Pajuçara;;
643;Gás Express Ultragaz;;endereco;Rua Santa Isabel, 900, Tijuca, Maracanaú - CE, 61917-120, Brasil;Rua Santa Isabel 900 Maracanau CE 61917050 Brazil;Maracanaú;CE;61917050;-3.83399;-38.62827;-3.83399;-38.62827;Tijuca;;
644;LG GAS PAJUÇARA NACIONAL GAS;;endereco;Rua Luís Mendes, 33, Pajuçara, Maracanaú - CE, 61932-540, Brasil;Rua Luis Mendes 33 Maracanau CE 61932540 Brazil;Maracanaú;CE;61932540;-3.85492;-38.58823;-3.85492;-38.58823;Pajuçara;;
645;Ligeiro Comercial de Gás;;endereco;Rua Vicente Ferreira Góes, 490, Alto da Mangueira, Maracanaú - CE, 61905-090, Brasil;Rua Vicente Ferreira Goes 490 Maracanau CE 61905010 Brazil;Maracanaú;CE;61905010;-3.88756;-38.6354;-3.88756;-38.6354;Alto da Mangueira;;
646;LL Comércio de Gás;;endereco;Avenida VIII, 650, Jereissati Setor C, Maracanaú - CE, 61900-540, Brasil;Avenida VIII 650 Maracanau CE 61900680 Brazil;Maracanaú;CE;61900680;-3.88279;-38.60962;-3.88279;-38.60962;Jereissati Setor C;;
647;Minasgás Maracanaú;;endereco;Rua Vinte e Dois, 256, Jereissati Setor B, Maracanaú - CE, 61936-440, Brasil;Rua Vinte e Dois 256 Maracanau CE 61900470 Brazil;Maracanaú;CE;61900470;-3.87525;-38.61367;-3.87525;-38.61367;Jereissati Setor B;;
648;NACIONALGAS JEREISSATI GRUPO LG GÁS;;endereco;Rua Cinquenta e Oito, 511, Jereissati Setor D, Maracanaú - CE, 61901-220, Brasil;Rua Cinquenta e Oito 511 Maracanau CE 61901200 Brazil;Maracanaú;CE;61901200;-3.88529;-38.61927;-3.88529;-38.61927;Jereissati Setor D;;
649;Nacionalgás;;endereco;Rua Equador, 68, Cágado, Maracanaú - CE, 61915-450, Brasil;Rua Equador 68 Maracanau CE 61915450 Brazil;Maracanaú;CE;61915450;-3.84776;-38.64421;-3.84776;-38.64421;Cágado;;
650;Pinheiro Gás Maracanaú - Revenda Liquigás;;endereco;Avenida Lateral Norte, 602, Novo Oriente, Maracanaú - CE, 61921-010, Brasil;Avenida Lateral Norte 602 Maracanau CE 61920370 Brazil;Maracanaú;CE;61920370;-3.84624;-38.61449;-3.84624;-38.61449;Novo Oriente;;
651;Rapid Gás - Nacional;;endereco;Avenida Cônego de Castro, 747, Alto Alegre I, Maracanaú - CE, Brasil;Avenida Conego de Castro 747 Maracanau CE 60720096 Brazil;Maracanaú;CE;60720096;-3.82897;-38.60771;-3.82897;-38.60771;Alto Alegre I;;
652;Super Gasbras;;endereco;Rua Ouro Branco, 730, Coqueiral, Maracanaú - CE, 61902-135, Brasil;Rua Ouro Branco 730 Maracanau CE 61900000 Brazil;Maracanaú;CE;61900000;-3.87055;-38.6228;-3.87055;-38.6228;Coqueiral;MEDIO;CEP generico de cidade, nao de rua (2,4x mais falha)
653;TED GAS revenda Maracanaú;;endereco;Rua Vinte e Um, 1080, Jereissati Setor B, Maracanaú - CE, 61900-460, Brasil;Rua Vinte e Um 1080 Maracanau CE 61936440 Brazil;Maracanaú;CE;61936440;-3.87409;-38.61233;-3.87409;-38.61233;Jereissati Setor B;;
654;TETRAGAS;;endereco;Avenida Padre José Holanda do Vale, 1260, Parque Piratininga, Maracanaú - CE, 61910-000, Brasil;Avenida Padre Jose Holanda do Vale 1260 Maracanau CE 61910000 Brazil;Maracanaú;CE;61910000;-3.86871;-38.62973;-3.86871;-38.62973;Parque Piratininga;MEDIO;CEP generico de cidade, nao de rua (2,4x mais falha)
655;VALTER GÁS;;endereco;Rua E, 445, Novo Oriente, Maracanaú - CE, 61919-230, Brasil;Rua E 445 Maracanau CE 61919200 Brazil;Maracanaú;CE;61919200;-3.84451;-38.61695;-3.84451;-38.61695;Novo Oriente;;
656;DISK GÁS & ÁGUA IRMÃO DOUGLAS;;endereco;Avenida John Sanford, 2319, Junco, Sobral - CE, 62030-000, Brasil;Avenida John Sanford 2319 Sobral CE 62030362 Brazil;Sobral;CE;62030362;-3.67061;-40.3724;-3.67061;-40.3724;Junco;;
657;DISK GÁS & ÁGUA NOVA CAIÇARA;;endereco;Rua das Andorinhas, Junco, Sobral - CE, 62031-335, Brasil;Rua das Andorinhas Sobral CE 62031330 Brazil;Sobral;CE;62031330;-3.66889;-40.37894;-3.66889;-40.37894;Junco;ALTO;sem numero de porta
658;EDI GÁS;;endereco;Rua Castro Alves, 343, Alto Brasília, Sobral - CE, 62041-320, Brasil;Rua Castro Alves 343 Sobral CE 62041320 Brazil;Sobral;CE;62041320;-3.67392;-40.34368;-3.67392;-40.34368;Alto Brasília;;
659;EDI GÁS-SINHÁ SABÓIA;;endereco;Rua Senador Virgílio Távora, 226, Sinhá Sabóia, Sobral - CE, 62050-335, Brasil;Rua Senador Virgilio Tavora 226 Sobral CE 62050335 Brazil;Sobral;CE;62050335;-3.70599;-40.3337;-3.70599;-40.3337;Sinhá Sabóia;;
660;Gas Butano CH Nogueira Comercio;;endereco;Rua Tabelião Ildefonso Cavalcante, 101, Centro, Sobral - CE, 62010-000, Brasil;Rua Tabeliao Ildefonso Cavalcante 101 Sobral CE 62010001 Brazil;Sobral;CE;62010001;-3.69078;-40.35572;-3.69078;-40.35572;Centro;;
661;Norte Gás;;endereco;Rua Juca Parente, 126, Junco, Sobral - CE, 62030-302, Brasil;Rua Juca Parente 126 Sobral CE 62030520 Brazil;Sobral;CE;62030520;-3.67931;-40.36442;-3.67931;-40.36442;Junco;;
662;Nortec Gás Distribuidora;;endereco;Rua Conselheiro José Júlio, 57, Centro, Sobral - CE, 62010-820, Brasil;Rua Conselheiro Jose Julio 57 Sobral CE 62010820 Brazil;Sobral;CE;62010820;-3.69103;-40.35426;-3.69103;-40.35426;Centro;;
663;Nosso Gás Ultragaz;;endereco;Rua Sinhá Sabóia, 15, Sinhá Sabóia, Sobral - CE, 62050-280, Brasil;Rua Sinha Saboia 15 Sobral CE 62050280 Brazil;Sobral;CE;62050280;-3.70938;-40.33431;-3.70938;-40.33431;Sinhá Sabóia;;
664;Sobral Gás;;endereco;Rua Belém, 368, Sinhá Sabóia, Sobral - CE, 62050-420, Brasil;Rua Belem 368 Sobral CE 62051330 Brazil;Sobral;CE;62051330;-3.7063;-40.33719;-3.7063;-40.33719;Sinhá Sabóia;;
665;Sobral Gás;;endereco;Rua Vereador João Passos Dias, Sobral - CE, 62053-780, Brasil;Rua Vereador Joao Passos Dias Sobral CE 62053777 Brazil;Sobral;CE;62053777;-3.69112;-40.32256;-3.69112;-40.32256;;ALTO;sem numero de porta
666;Supergasbras;;endereco;Rua João XXIII, 245, Padre Ibiapina, Sobral - CE, 62020-555, Brasil;Rua Joao XXIII 245 Sobral CE 62023020 Brazil;Sobral;CE;62023020;-3.68736;-40.36594;-3.68736;-40.36594;Padre Ibiapina;;
667;Asas Gás;;endereco;SHSN Chácara 186 Conjunto A, 1A, Sol Nascente/Pôr-do-Sol - DF, 72243-620, Brasil;SHSN Chacara 186 Sol Nascente Por do Sol DF 72236800 Brazil;Sol Nascente/Pôr-do-Sol;DF;72236800;-15.83798;-48.12219;-15.83798;-48.12219;Conjunto A 1A;;
668;Belo Gás;;endereco;Juizado Especial Criminal e Juizado de Violência Doméstica e Familiar Contra a Mulher do Guará, Guará - DF, 71070-380, Brasil;Juizado Especial Criminal e Juizado de Violencia Domestica e Familiar Contra a Mulher do Guara Guara DF 71070637 Brazil;Guará;DF;71070637;-15.84634;-47.96967;-15.84634;-47.96967;;ALTO;sem numero de porta
669;BR Gás - Depósito e Entrega de Gás | Itapoã, Paranoá e Lago Sul;;endereco;Ql 3 Conjunto E, 26, Itapoã - DF, 71590-579, Brasil;Ql 3 Conjunto E 26 Itapoa DF 71590579 Brazil;Itapoã;DF;71590579;-15.7519;-47.77633;-15.7519;-47.77633;;;
670;disk gas na asa norte e asa sul;;endereco;SQN 104, Bloco K, Asa Norte, Brasília - DF, 70733-110, Brasil;SQN 104 Brasilia DF 70733110 Brazil;Brasília;DF;70733110;-15.77544;-47.88215;-15.77544;-47.88215;Bloco K Asa Norte;ALTO;logradouro sem nome
671;Disk Gás;;endereco;Quadra 402 Conjunto 3, 3, Recanto das Emas - DF, 72630-253, Brasil;Quadra 402 Conjunto 3 Recanto das Emas DF 72630252 Brazil;Recanto das Emas;DF;72630252;-15.91044;-48.0536;-15.91044;-48.0536;3;;
672;Disk gás Asa norte;;endereco;SQN 411, Asa Norte, Brasília - DF, 70866-080, Brasil;SQN 411 Brasilia DF 70859000 Brazil;Brasília;DF;70859000;-15.75224;-47.88162;-15.75224;-47.88162;Asa Norte;ALTO;"logradouro sem nome; CEP generico de cidade, nao de rua (2,4x mais falha)"
673;Distribuidora de Gás Brasília;;endereco;Grupo Escoteiro do Mar Almirante Adalberto Nunes - 8df, EQS 114/115 Bloco B, Asa Sul, Brasília - DF, 70377-400, Brasil;Grupo Escoteiro do Mar Almirante Adalberto Nunes 8df EQS 114 115 Bloco B Asa Sul Brasilia DF 72000000 Brazil;Brasília;DF;72000000;-15.82888;-47.92149;-15.82888;-47.92149;;ALTO;"sem numero de porta; CEP generico de cidade, nao de rua (2,4x mais falha)"
674;Gas 24 horas;;endereco;DF-290, Santa Maria - DF, Brasil;DF 290 Santa Maria DF 72501505 Brazil;Santa Maria;DF;72501505;-16.04919;-48.03174;-16.04919;-48.03174;;ALTO;"sem numero de porta; logradouro sem nome"
675;GILSON GÁS Brasília DF;;endereco;CLN 304 Bloco A, 1, Asa Norte, Brasília - DF, 70736-510, Brasil;CLN 304 Bloco A 1 Brasilia DF 70747010 Brazil;Brasília;DF;70747010;-15.77467;-47.88526;-15.77467;-47.88526;Asa Norte;;
676;GÁS ASA SUL E NORTE;;endereco;SQS 407, Bloco A, Asa Sul, Brasília - DF, 70256-020, Brasil;SQS 407 Brasilia DF 70254050 Brazil;Brasília;DF;70254050;-15.82078;-47.89825;-15.82078;-47.89825;Bloco A Asa Sul;ALTO;logradouro sem nome
677;Gás Barato;;endereco;Etapa 2 Conjunto 2J, 9, Itapoã - DF, 73255-901, Brasil;Etapa 2 Conjunto 2J Itapoa DF 73255902 Brazil;Itapoã;DF;73255902;-15.73853;-47.75238;-15.73853;-47.75238;9;;
678;Gás barato Asa Norte;;endereco;SQN 402, Asa Norte, Brasília - DF, 70834-030, Brasil;SQN 402 Brasilia DF 70834000 Brazil;Brasília;DF;70834000;-15.78227;-47.87544;-15.78227;-47.87544;Asa Norte;ALTO;"logradouro sem nome; CEP generico de cidade, nao de rua (2,4x mais falha)"
679;Gás e água mineral;;endereco;SQS 404, Asa Sul, Brasília - DF, 70238-000, Brasil;SQS 404 Brasilia DF 70238000 Brazil;Brasília;DF;70238000;-15.81103;-47.88825;-15.81103;-47.88825;Asa Sul;ALTO;"logradouro sem nome; CEP generico de cidade, nao de rua (2,4x mais falha)"
680;Gás Forte;;endereco;Via W2 Sul, 9, Asa Sul, Brasília - DF, 70330-520, Brasil;Via W2 Sul 9 Brasilia DF 70330522 Brazil;Brasília;DF;70330522;-15.80077;-47.89335;-15.80077;-47.89335;Asa Sul;ALTO;endereco de rodovia (57-67% falharam)
681;Gás Sempre;;endereco;Metrópolis Gourmet Universe, Via W4 Sul, Asa Sul, Brasília - DF, Brasil;Via W4 Sul Brasilia DF 70305000 Brazil;Brasília;DF;70305000;-15.7956;-47.89364;-15.7956;-47.89364;Asa Sul;ALTO;"endereco de rodovia (57-67% falharam); sem numero de porta; CEP generico de cidade, nao de rua (2,4x mais falha)"
682;Multigás Paranoá Supergasbrás;;endereco;Quadra 29 Conjunto P, 50, Paranoá - DF, 71573-016, Brasil;Quadra 29 Conjunto P 50 Paranoa DF 71573016 Brazil;Paranoá;DF;71573016;-15.76518;-47.78377;-15.76518;-47.78377;;;
683;Natural Gás;;endereco;Ponto De Carregamento Para Veículos Elétricos, Via W Três Sul, Asa Sul, Brasília - DF, Brasil;Via W Tres Sul Brasilia DF 70740610 Brazil;Brasília;DF;70740610;-15.79751;-47.89189;-15.79751;-47.89189;Asa Sul;ALTO;"endereco de rodovia (57-67% falharam); sem numero de porta"
684;REVENDA DE GÁS - KAEN GÁS;;endereco;Qnr 2 Conjunto G, 17, Ceilândia - DF, 72275-264, Brasil;Qnr 2 Conjunto G 17 Ceilandia DF 72265080 Brazil;Ceilândia;DF;72265080;-15.8068;-48.15882;-15.8068;-48.15882;;;
685;Supergasbras - Bom Gás Guará;;endereco;Strc Trecho 1 2, Guará - DF, Brasil;Strc Trecho 1 Guara DF 71100100 Brazil;Guará;DF;71100100;-15.80821;-47.99161;-15.80821;-47.99161;2;;
686;Ultragaz Disk Gás Bom Gás;;endereco;Via Nm Três, Ceilândia - DF, 72242-051, Brasil;Via Nm Tres Ceilandia DF 72242051 Brazil;Ceilândia;DF;72242051;-15.807;-48.14101;-15.807;-48.14101;;ALTO;"endereco de rodovia (57-67% falharam); sem numero de porta"
687;Zé Gás Água;;endereco;Via W Três Sul, Asa Sul, Brasília - DF, Brasil;Via W Tres Sul Brasilia DF 70307902 Brazil;Brasília;DF;70307902;-15.79734;-47.8918;-15.79734;-47.8918;Asa Sul;ALTO;"endereco de rodovia (57-67% falharam); sem numero de porta"
688;Útil Gás;;endereco;Quadra 4, 340, Gama - DF, 72445-040, Brasil;Quadra 4 340 Gama DF 72445040 Brazil;Gama;DF;72445040;-16.01314;-48.05637;-16.01314;-48.05637;;;
689;Click Comércio de Gás;;endereco;Rua Antônio Oliveira, 86, Paraíso, Cachoeiro de Itapemirim - ES, 29304-120, Brasil;Rua Antonio Oliveira 86 Cachoeiro de Itapemirim ES 29304120 Brazil;Cachoeiro de Itapemirim;ES;29304120;-20.86265;-41.11969;-20.86265;-41.11969;Paraíso;;
690;Distribuidora de Gás Barbosa em Cachoeiro de Itapemirim;;endereco;Avenida Etelvina Vivacqua, 245, Nova Brasília, Cachoeiro de Itapemirim - ES, Brasil;Avenida Etelvina Vivacqua 245 Cachoeiro de Itapemirim ES 29302490 Brazil;Cachoeiro de Itapemirim;ES;29302490;-20.84907;-41.13241;-20.84907;-41.13241;Nova Brasília;;
691;Ditinho Gás;;endereco;Rua José Turini, Recanto, Cachoeiro de Itapemirim - ES, 29303-025, Brasil;Rua Jose Turini Cachoeiro de Itapemirim ES 29303014 Brazil;Cachoeiro de Itapemirim;ES;29303014;-20.84891;-41.11923;-20.84891;-41.11923;Recanto;ALTO;sem numero de porta
692;HELP GAS - GÁS E ÁGUA MINERAL PEDRA AZUL;;endereco;Rua Bernardo Horta, 112, Maria Ortiz, Cachoeiro de Itapemirim - ES, 29300-795, Brasil;Rua Bernardo Horta 112 Cachoeiro de Itapemirim ES 29301440 Brazil;Cachoeiro de Itapemirim;ES;29301440;-20.84289;-41.12364;-20.84289;-41.12364;Maria Ortiz;;
693;Itabira Gás;;endereco;Rua Wilson Dalfior Santiago, 66, Waldir Furtado Amorim, Cachoeiro de Itapemirim - ES, 29313-762, Brasil;Rua Wilson Dalfior Santiago 66 Cachoeiro de Itapemirim ES 29313762 Brazil;Cachoeiro de Itapemirim;ES;29313762;-20.83646;-41.15481;-20.83646;-41.15481;Waldir Furtado Amorim;;
694;JOEL GÁS;;endereco;FACI - FACULDADE CACHOEIRO DE ITAPEMIRIM, Rua Amâncio Silva, 40, Baiminas, Cachoeiro de Itapemirim - ES, 29305-470, Brasil;Rua Amancio Silva 40 Cachoeiro de Itapemirim ES 29305470 Brazil;Cachoeiro de Itapemirim;ES;29305470;-20.85767;-41.10221;-20.85767;-41.10221;Baiminas;;
695;Kairós Disk Gás E Água;;endereco;Rua Santos Passoni, 68, São Francisco de Assis, Cachoeiro de Itapemirim - ES, 29317-429, Brasil;Rua Santos Passoni 68 Cachoeiro de Itapemirim ES 29317427 Brazil;Cachoeiro de Itapemirim;ES;29317427;-20.84986;-41.14163;-20.84986;-41.14163;São Francisco de Assis;;
696;KeroGás | GÁS SUPERGASBRAS | ENTREGA DE GÁS ATÉ AS 22 horas;;endereco;Rua José Rosa Machado, 82, Nossa Senhora de Fátima, Cachoeiro de Itapemirim - ES, 29308-610, Brasil;Rua Jose Rosa Machado 82 Cachoeiro de Itapemirim ES 29309010 Brazil;Cachoeiro de Itapemirim;ES;29309010;-20.83903;-41.11232;-20.83903;-41.11232;Nossa Senhora de Fátima;;
697;Lima Gás;;endereco;Rua José Rosa Machado, 31, Abelardo Ferreira Machado, Cachoeiro de Itapemirim - ES, 29309-278, Brasil;Rua Jose Rosa Machado 31 Cachoeiro de Itapemirim ES 29308830 Brazil;Cachoeiro de Itapemirim;ES;29308830;-20.84138;-41.1154;-20.84138;-41.1154;Abelardo Ferreira Machado;;
698;Lugon Distribuidora de Gás;;endereco;Vaapty Cachoeiro, Avenida Aristides Campos, 138, Estelita Coelho Marins, Cachoeiro de Itapemirim - ES, 29302-017, Brasil;Avenida Aristides Campos 138 Cachoeiro de Itapemirim ES 29300700 Brazil;Cachoeiro de Itapemirim;ES;29300700;-20.84579;-41.13016;-20.84579;-41.13016;Estelita Coelho Marins;;
699;Lugon Gás;;endereco;Rua João Silva, 3, Bela Vista, Cachoeiro de Itapemirim - ES, 29316-024, Brasil;Rua Joao Silva 3 Cachoeiro de Itapemirim ES 29316012 Brazil;Cachoeiro de Itapemirim;ES;29316012;-20.8615;-41.10417;-20.8615;-41.10417;Bela Vista;;
700;Paraíso do Gás | Gas Cachoeiro | Supergasbras | Agua Mineral;;endereco;Rua Euclides da Cunha, 7, Paraíso, Cachoeiro de Itapemirim - ES, 29304-130, Brasil;Rua Euclides da Cunha 7 Cachoeiro de Itapemirim ES 29304130 Brazil;Cachoeiro de Itapemirim;ES;29304130;-20.86256;-41.11873;-20.86256;-41.11873;Paraíso;;
701;Progás Revenda de Gás;;endereco;Rua Jerônimo Ribeiro, 175, Alto Amarelo, Cachoeiro de Itapemirim - ES, 29304-514, Brasil;Rua Jeronimo Ribeiro 175 Cachoeiro de Itapemirim ES 29304450 Brazil;Cachoeiro de Itapemirim;ES;29304450;-20.85586;-41.11189;-20.85586;-41.11189;Alto Amarelo;;
702;Redegas Cachoeiro (24 horas BUSCANDO NA PORTARIA).;;endereco;Primos Moto, Avenida Carlos Lindberg, 146, Novo Parque, Cachoeiro de Itapemirim - ES, 29309-600, Brasil;Avenida Carlos Lindberg 146 Cachoeiro de Itapemirim ES 29309110 Brazil;Cachoeiro de Itapemirim;ES;29309110;-20.83842;-41.11882;-20.83842;-41.11882;Novo Parque;;
703;RedeGás;;endereco;Rua Azil Pinheiro, São Luiz Gonzaga, Cachoeiro de Itapemirim - ES, 29305-783, Brasil;Rua Azil Pinheiro Cachoeiro de Itapemirim ES 29306884 Brazil;Cachoeiro de Itapemirim;ES;29306884;-20.85187;-41.09299;-20.85187;-41.09299;São Luiz Gonzaga;ALTO;sem numero de porta
704;Vital Gás e Água Revendedora SuperGasBras / ENTREGAS DE GÁS ATÉ ÀS 22:00h.;;endereco;Rua José Rosa Machado, 174, Nossa Senhora de Fátima, Cachoeiro de Itapemirim - ES, 29308-610, Brasil;Rua Jose Rosa Machado 174 Cachoeiro de Itapemirim ES 29309010 Brazil;Cachoeiro de Itapemirim;ES;29309010;-20.83872;-41.11237;-20.83872;-41.11237;Nossa Senhora de Fátima;;
705;Vitória Gás;;endereco;Beco Florentino Vantil, 14, Paraíso, Cachoeiro de Itapemirim - ES, 29304-250, Brasil;Beco Florentino Vantil 14 Cachoeiro de Itapemirim ES 29304110 Brazil;Cachoeiro de Itapemirim;ES;29304110;-20.86159;-41.11978;-20.86159;-41.11978;Paraíso;;
706;Adilson (GÁS E ÁGUA);;endereco;Rua Amélia Siqueira, 455A, Flexal I, Cariacica - ES, 29155-620, Brasil;Rua Amelia Siqueira 455A Cariacica ES 29152571 Brazil;Cariacica;ES;29152571;-20.28781;-40.37945;-20.28781;-40.37945;Flexal I;;
707;Admar do gás;;endereco;Rua Dezesseis, 453, Nova Rosa da Penha, Cariacica - ES, 29157-414, Brasil;Rua Dezesseis 453 Cariacica ES 29157414 Brazil;Cariacica;ES;29157414;-20.264;-40.38788;-20.264;-40.38788;Nova Rosa da Penha;;
708;AQUAFAST Distribuidora de Água Mineral e Gás;;endereco;Rua José Barros Silva, 87, Campo Grande, Cariacica - ES, 29146-120, Brasil;Rua Jose Barros Silva 87 Cariacica ES 29146200 Brazil;Cariacica;ES;29146200;-20.33946;-40.39212;-20.33946;-40.39212;Campo Grande;;
709;Baiano Do Gás;;endereco;Rua Jacy Francisco, 463, Presidente Médici, Cariacica - ES, 29153-658, Brasil;Rua Jacy Francisco 463 Cariacica ES 29153355 Brazil;Cariacica;ES;29153355;-20.30274;-40.37115;-20.30274;-40.37115;Presidente Médici;;
710;BAR DO BETO | DISTRIBUIDORA DE GÁS E BEBIDAS EM PORTO DE SANTANA;;endereco;Rua Boa Vista, 39, Porto de Santana, Cariacica - ES, 29153-084, Brasil;Rua Boa Vista 39 Cariacica ES 29153084 Brazil;Cariacica;ES;29153084;-20.30833;-40.36935;-20.30833;-40.36935;Porto de Santana;;
711;Campo Verde Gás;;endereco;Rua das Esmeraldas, 80, Campo Verde, Cariacica - ES, 29155-836, Brasil;Rua das Esmeraldas 80 Cariacica ES 29155836 Brazil;Cariacica;ES;29155836;-20.28812;-40.40388;-20.28812;-40.40388;Campo Verde;;
712;Chamas Gás;;endereco;Rua Itororó, 37, Prolar, Cariacica - ES, 29156-313, Brasil;Rua Itororo 37 Cariacica ES 29156313 Brazil;Cariacica;ES;29156313;-20.25899;-40.42748;-20.25899;-40.42748;Prolar;;
713;Comercial Janio Gas;;endereco;Rua Vinte e Um de Abril, 20, Graúna, Cariacica - ES, 29154-653, Brasil;Rua Vinte e Um de Abril 20 Cariacica ES 29154592 Brazil;Cariacica;ES;29154592;-20.30204;-40.38225;-20.30204;-40.38225;Graúna;;
714;Consigaz Distribuidora de Gás;;endereco (logradouro de coluna alternativa);Consigaz Distribuidora de Glp, Pica-Pau, Cariacica - ES, Brasil;Rodovia Gov Mario Covas Cariacica ES 29156571 Brazil;Cariacica;ES;29156571;-20.27975;-40.39257;-20.27975;-40.39257;;ALTO;"endereco de rodovia (57-67% falharam); sem numero de porta"
715;Daniel Mercearia e gás;;endereco;Avenida Cana, 592, Nova Canaã, Cariacica - ES, 29153-420, Brasil;Avenida Cana 592 Cariacica ES 29153425 Brazil;Cariacica;ES;29153425;-20.28443;-40.37559;-20.28443;-40.37559;Nova Canaã;;
716;DISK GAS ALICE;;endereco;Rua João Rodrigues Filho, 33, Nova Esperança, Cariacica - ES, 29156-035, Brasil;Rua Joao Rodrigues Filho 33 Cariacica ES 29156035 Brazil;Cariacica;ES;29156035;-20.26486;-40.39735;-20.26486;-40.39735;Nova Esperança;;
717;DISK GÁS;;endereco;Avenida Padre Gabriel, 225, Formate, Cariacica - ES, 29144-101, Brasil;Avenida Padre Gabriel 225 Cariacica ES 29141111 Brazil;Cariacica;ES;29141111;-20.37329;-40.38908;-20.37329;-40.38908;Formate;;
718;Disque Gás E Água Rosa Da Penha;;endereco;Rua Castelo Branco, 204, Rosa da Penha, Cariacica - ES, 29143-362, Brasil;Rua Castelo Branco 204 Cariacica ES 29143485 Brazil;Cariacica;ES;29143485;-20.35004;-40.38315;-20.35004;-40.38315;Rosa da Penha;;
719;DISTRIBUIDORA GREGÓRIO | DISTRIBUIDORA DE ÁGUA E GÁS;;endereco;Rua Fundão, 732, Vila Capixaba, Cariacica - ES, 29148-140, Brasil;Rua Fundao 732 Cariacica ES 29148140 Brazil;Cariacica;ES;29148140;-20.33697;-40.39443;-20.33697;-40.39443;Vila Capixaba;;
720;DISTRIBUIDORA ZAQUEU GÁS;;endereco;Rua da Vitória, 306, Alice Coutinho, Cariacica - ES, 29156-350, Brasil;Rua da Vitoria 306 Cariacica ES 29157612 Brazil;Cariacica;ES;29157612;-20.26598;-40.42705;-20.26598;-40.42705;Alice Coutinho;;
721;Edu Gás e Água - Distribuidora de Gás de Cozinha;;endereco;Rua Santo Antônio, 60, Itanguá, Cariacica - ES, 29149-690, Brasil;Rua Santo Antonio 60 Cariacica ES 29149560 Brazil;Cariacica;ES;29149560;-20.32953;-40.39227;-20.32953;-40.39227;Itanguá;;
722;EloGás;;endereco;Rua Eduartino Silva, 14, Flexal I, Cariacica - ES, 29155-615, Brasil;Rua Eduartino Silva 14 Cariacica ES 29155634 Brazil;Cariacica;ES;29155634;-20.28989;-40.37882;-20.28989;-40.37882;Flexal I;;
723;GAROTINHO GÁS E AGUA;;endereco;Rua Narciso Pavani, 220, São Francisco, Cariacica - ES, 29145-440, Brasil;Rua Narciso Pavani 220 Cariacica ES 29145498 Brazil;Cariacica;ES;29145498;-20.34698;-40.40647;-20.34698;-40.40647;São Francisco;;
724;Grillo Gás;;endereco;Rua E, 45, Santa Luzia, Cariacica - ES, 29156-554, Brasil;Rua E 45 Cariacica ES 29156634 Brazil;Cariacica;ES;29156634;-20.27729;-40.40665;-20.27729;-40.40665;Santa Luzia;;
725;GÁS DO FABINHO;;endereco;Rua João Rodrigues Filho, 1216, Nova Esperança, Cariacica - ES, 29156-035, Brasil;Rua Joao Rodrigues Filho 1216 Cariacica ES 29156035 Brazil;Cariacica;ES;29156035;-20.26486;-40.39725;-20.26486;-40.39725;Nova Esperança;;
726;ITALIAN GAS;;endereco;Avenida das Américas, 198, Jardim América, Cariacica - ES, 29140-050, Brasil;Avenida das Americas 198 Cariacica ES 29140050 Brazil;Cariacica;ES;29140050;-20.33376;-40.36182;-20.33376;-40.36182;Jardim América;;
727;IVO Gás - Depósito de gás;;endereco;Rua Joaquim Matos, 77, Porto de Cariacica, Cariacica - ES, 29156-594, Brasil;Rua Joaquim Matos 77 Cariacica ES 29156593 Brazil;Cariacica;ES;29156593;-20.27815;-40.39639;-20.27815;-40.39639;Porto de Cariacica;;
728;Jefferson gás;;endereco;Travessa D, 39, Prolar, Cariacica - ES, Brasil;Travessa D 39 Cariacica ES 29156370 Brazil;Cariacica;ES;29156370;-20.25317;-40.42604;-20.25317;-40.42604;Prolar;;
729;Jefin Gás e água;;endereco;Rua Principal, 76, Prolar, Cariacica - ES, Brasil;Rua Principal 76 Cariacica ES 29156370 Brazil;Cariacica;ES;29156370;-20.25312;-40.42633;-20.25312;-40.42633;Prolar;;
730;JR Gás e Água Disk Gás;;endereco;Rua Strauss, 135, Morada de Santa Fé, Cariacica - ES, 29143-728, Brasil;Rua Strauss 135 Cariacica ES 29143728 Brazil;Cariacica;ES;29143728;-20.35086;-40.39182;-20.35086;-40.39182;Morada de Santa Fé;;
731;JULIO GÁS E ÁGUA;;endereco;Avenida Osvaldo Azevedo, 685, Vila Merlo, Cariacica - ES, 29156-480, Brasil;Avenida Osvaldo Azevedo 685 Cariacica ES 29156480 Brazil;Cariacica;ES;29156480;-20.2598;-40.41575;-20.2598;-40.41575;Vila Merlo;;
732;Jãozim Do Gás;;endereco;Avenida Juiz de Fora, 7, Vila Prudêncio, Cariacica - ES, 29155-070, Brasil;Avenida Juiz de Fora 7 Cariacica ES 29155070 Brazil;Cariacica;ES;29155070;-20.30009;-40.38393;-20.30009;-40.38393;Vila Prudêncio;;
733;Lucas Gás;;endereco;Rua Vicente Santório Fantini, 2, Expedito, Cariacica - ES, 29151-757, Brasil;Rua Vicente Santorio Fantini 2 Cariacica ES 29151320 Brazil;Cariacica;ES;29151320;-20.32578;-40.36939;-20.32578;-40.36939;Expedito;;
734;Manos Gás;;endereco;Rua Rosa Turini, 3, Itanguá, Cariacica - ES, 29149-570, Brasil;Rua Rosa Turini 3 Cariacica ES 29149645 Brazil;Cariacica;ES;29149645;-20.32966;-40.39111;-20.32966;-40.39111;Itanguá;;
735;Meirelles gás e água;;endereco;Rua São João, 664, Porto Novo, Cariacica - ES, 29155-566, Brasil;Rua Sao Joao 664 Cariacica ES 29153061 Brazil;Cariacica;ES;29153061;-20.29605;-40.37066;-20.29605;-40.37066;Porto Novo;;
736;Nel gás e água;;endereco;Rua Obed Emerich, 123, Campo Verde, Cariacica - ES, 29155-810, Brasil;Rua Obed Emerich 123 Cariacica ES 29155845 Brazil;Cariacica;ES;29155845;-20.29478;-40.40225;-20.29478;-40.40225;Campo Verde;;
737;Paulinho Gás e Àgua Rio marinho Cariacica;;endereco;Rua Doze, 334, Rio Marinho, Cariacica - ES, 29141-753, Brasil;Rua Doze 334 Cariacica ES 29141721 Brazil;Cariacica;ES;29141721;-20.37642;-40.36544;-20.37642;-40.36544;Rio Marinho;;
738;Rapidão Gás & Água - Disk gas;;endereco;Rua Copacabana, 650, Morada de Santa Fé, Cariacica - ES, 29143-662, Brasil;Rua Copacabana 650 Cariacica ES 29143662 Brazil;Cariacica;ES;29143662;-20.35513;-40.38476;-20.35513;-40.38476;Morada de Santa Fé;;
739;Revendedora supergasbras;;endereco;Rua dos Jornalistas, 114, Novo Horizonte, Cariacica - ES, 29158-125, Brasil;Rua dos Jornalistas 114 Cariacica ES 29147795 Brazil;Cariacica;ES;29147795;-20.33723;-40.42164;-20.33723;-40.42164;Novo Horizonte;;
740;Roque Gás E Água;;endereco;Rua Getúlio Vargas, 118, Vista Mar, Cariacica - ES, 29142-231, Brasil;Rua Getulio Vargas 118 Cariacica ES 29143205 Brazil;Cariacica;ES;29143205;-20.35723;-40.36989;-20.35723;-40.36989;Vista Mar;;
741;STOP GÁS;;endereco;Rua Quarenta e Quatro, Nova Rosa da Penha, Cariacica - ES, 29157-314, Brasil;Rua Quarenta e Quatro Cariacica ES 29157415 Brazil;Cariacica;ES;29157415;-20.25958;-40.38743;-20.25958;-40.38743;Nova Rosa da Penha;ALTO;sem numero de porta
742;Thiago Gás e Agua;;endereco;Rua Paulo Nascimento, 271, Campo Verde, Cariacica - ES, 29155-820, Brasil;Rua Paulo Nascimento 271 Cariacica ES 29155820 Brazil;Cariacica;ES;29155820;-20.29283;-40.40433;-20.29283;-40.40433;Campo Verde;;
743;TIÃO DO GÁS;;endereco;Rua Cassiano Castelo, 187, Castelo Branco, Cariacica - ES, 29140-791, Brasil;Rua Cassiano Castelo 187 Cariacica ES 29140790 Brazil;Cariacica;ES;29140790;-20.37348;-40.37112;-20.37348;-40.37112;Castelo Branco;;
744;Tonhão gas;;endereco;Estrada Municipal de Caçaroca, 1011, Castelo Branco, Cariacica - ES, Brasil;Estrada Municipal de Cacaroca 1011 Cariacica ES 29141752 Brazil;Cariacica;ES;29141752;-20.37602;-40.36842;-20.37602;-40.36842;Castelo Branco;ALTO;endereco de rodovia (57-67% falharam)
745;Unigás - Disk Gás - Revenda de Gás;;endereco (logradouro de coluna alternativa);Igreja Batista Em Santana, ES-080, Centro, Cariacica - ES, Brasil;Rua Florentino Avidos Cariacica Sede Cariacica ES 29156113 Brazil;Cariacica;ES;29156113;-20.26007;-40.41771;-20.26007;-40.41771;;ALTO;sem numero de porta
746;Universo Gás;;endereco;Rua Setenta e Quatro, 31, Nova Rosa da Penha, Cariacica - ES, 29157-263, Brasil;Rua Setenta e Quatro 31 Cariacica ES 29157263 Brazil;Cariacica;ES;29157263;-20.25597;-40.38414;-20.25597;-40.38414;Nova Rosa da Penha;;
747;Vandinho Gás;;endereco;Rua Principal, 1012, Porto de Santana, Cariacica - ES, 29153-100, Brasil;Rua Principal 1012 Cariacica ES 29153070 Brazil;Cariacica;ES;29153070;-20.31064;-40.36972;-20.31064;-40.36972;Porto de Santana;;
748;Alan gás e Distribuidora de bebidas;;endereco;Rua Wenceslau Braz, 217, Aviso, Linhares - ES, 29901-260, Brasil;Rua Wenceslau Braz 217 Linhares ES 29901260 Brazil;Linhares;ES;29901260;-19.40204;-40.05433;-19.40204;-40.05433;Aviso;;
749;AM GÁS E ÁGUA MINERAL;;endereco;Rua Lafayete Amâncio Nespoli, 360, Nova Betânia, Linhares - ES, 29907-525, Brasil;Rua Lafayete Amancio Nespoli 360 Linhares ES 29907525 Brazil;Linhares;ES;29907525;-19.3346;-40.07321;-19.3346;-40.07321;Nova Betânia;;
750;Atlântico Gás;;endereco;Pedrinho Frangos, Avenida Guerino Giubert, 802, Nossa Senhora da Conceição, Linhares - ES, 29900-538, Brasil;Avenida Guerino Giubert 802 Linhares ES 29900535 Brazil;Linhares;ES;29900535;-19.38463;-40.07036;-19.38463;-40.07036;Nossa Senhora da Conceição;;
751;CONSTANCIO GAS;;endereco;Avenida Tupinambás, 374, Lagoa do Meio, Linhares - ES, 29904-025, Brasil;Avenida Tupinambas 374 Linhares ES 29902545 Brazil;Linhares;ES;29902545;-19.37587;-40.06118;-19.37587;-40.06118;Lagoa do Meio;;
752;Constâncio Gás Interlagos;;endereco;Rua Felipe Camarão, 238, Interlagos, Linhares - ES, 29903-098, Brasil;Rua Felipe Camarao 238 Linhares ES 29903116 Brazil;Linhares;ES;29903116;-19.39993;-40.04372;-19.39993;-40.04372;Interlagos;;
753;Constâncio Gás Planalto;;endereco;Rua José Carlos Langa, 1129, Planalto, Linhares - ES, 29906-440, Brasil;Rua Jose Carlos Langa 1129 Linhares ES 29906440 Brazil;Linhares;ES;29906440;-19.34695;-40.05372;-19.34695;-40.05372;Planalto;;
754;GTB GÁS  ÁGUA E RAÇÕES;;endereco;Rua Piau, 515, Aviso, Linhares - ES, 29901-280, Brasil;Rua Piau 515 Linhares ES 29901310 Brazil;Linhares;ES;29901310;-19.40401;-40.05463;-19.40401;-40.05463;Aviso;;
755;Gás De Cozinha 24 horas em Linhares;;endereco;Lívia Maria Canal de Oliveira Farias, Rua Duque de Caxias, 390, Interlagos, Linhares - ES, 29903-088, Brasil;Rua Duque de Caxias 390 Linhares ES 29903118 Brazil;Linhares;ES;29903118;-19.39182;-40.05115;-19.39182;-40.05115;Interlagos;;
756;Jere Gás;;endereco;Avenida Espírito Santo, 82, Aviso, Linhares - ES, 29901-071, Brasil;Avenida Espirito Santo 82 Linhares ES 29901627 Brazil;Linhares;ES;29901627;-19.39849;-40.05164;-19.39849;-40.05164;Aviso;;
757;KERO GÁS LINHARES;;endereco;Avenida José Armani, 1690, Linhares V, Linhares - ES, 29905-190, Brasil;Avenida Jose Armani 1690 Linhares ES 29905190 Brazil;Linhares;ES;29905190;-19.36072;-40.04857;-19.36072;-40.04857;Linhares V;;
758;MAURO GÁS - DISK ÁGUA E GÁS EM LINHARES;;endereco;Avenida Augusto de Carvalho, 1245, Centro, Linhares - ES, 29901-430, Brasil;Avenida Augusto de Carvalho 1245 Linhares ES 29901151 Brazil;Linhares;ES;29901151;-19.40187;-40.06387;-19.40187;-40.06387;Centro;;
759;Plantão Gás Em Linhares;;endereco;Rua Amélio Marchetti, 16, Planalto, Linhares - ES, 29906-480, Brasil;Rua Amelio Marchetti 16 Linhares ES 29906470 Brazil;Linhares;ES;29906470;-19.34739;-40.05094;-19.34739;-40.05094;Planalto;;
760;RAIO DE SOL GÁS E ÁGUA;;endereco;Avenida Tomé de Souza, 852, Interlagos, Linhares - ES, 29903-197, Brasil;Avenida Tome de Souza 852 Linhares ES 99600546 Brazil;Linhares;ES;99600546;-19.39401;-40.05256;-19.39401;-40.05256;Interlagos;;
761;Rodrigo gás;;endereco;Rua Capitão José Maria, 501, Araçá, Linhares - ES, 29901-455, Brasil;Rua Capitao Jose Maria 501 Linhares ES 29901455 Brazil;Linhares;ES;29901455;-19.39647;-40.05787;-19.39647;-40.05787;Araçá;;
762;Rogerinho Gás - Aviso;;endereco;Avenida Guanabara, 268, Aviso, Linhares - ES, 29901-160, Brasil;Avenida Guanabara 268 Linhares ES 29901160 Brazil;Linhares;ES;29901160;-19.405;-40.05033;-19.405;-40.05033;Aviso;;
763;Rogerinho Gás - Interlagos;;endereco;Avenida República, 639, Interlagos, Linhares - ES, 29903-515, Brasil;Avenida Republica 639 Linhares ES 29903070 Brazil;Linhares;ES;29903070;-19.39164;-40.05389;-19.39164;-40.05389;Interlagos;;
764;Rogerinho Gás Centro;;endereco;Avenida Nogueira da Gama, 1594, Centro, Linhares - ES, 29900-041, Brasil;Avenida Nogueira da Gama 1594 Linhares ES 29900044 Brazil;Linhares;ES;29900044;-19.39701;-40.06808;-19.39701;-40.06808;Centro;;
765;ROSSIGÁS;;endereco;Avenida Augusto de Carvalho, 530, Araçá, Linhares - ES, 29901-436, Brasil;Avenida Augusto de Carvalho 530 Linhares ES 29901430 Brazil;Linhares;ES;29901430;-19.39874;-40.05809;-19.39874;-40.05809;Araçá;;
766;Salvador Gás;;endereco;Avenida Guerino Giubert, 931, Nossa Senhora da Conceição, Linhares - ES, 29900-474, Brasil;Avenida Guerino Giubert 931 Linhares ES 29901627 Brazil;Linhares;ES;29901627;-19.38216;-40.07045;-19.38216;-40.07045;Nossa Senhora da Conceição;;
767;SANDRE GÁS-Supergasbras;;endereco;Avenida Cachoeiro de Itapemerim, 815, Araçá, Linhares - ES, 29901-340, Brasil;Avenida Cachoeiro de Itapemerim 815 Linhares ES 29901610 Brazil;Linhares;ES;29901610;-19.4014;-40.05825;-19.4014;-40.05825;Araçá;;
768;SONIC GÁS - Revenda Liquigás;;endereco;Avenida Vasco Fernandes Coutinho, 617, Interlagos, Linhares - ES, 29903-071, Brasil;Avenida Vasco Fernandes Coutinho 617 Linhares ES 29903071 Brazil;Linhares;ES;29903071;-19.38968;-40.0531;-19.38968;-40.0531;Interlagos;;
769;ZAP GÁS;;endereco;Avenida Nogueira da Gama, 1594, Centro, Linhares - ES, 29900-041, Brasil;Avenida Nogueira da Gama 1594 Linhares ES 29900044 Brazil;Linhares;ES;29900044;-19.39701;-40.06808;-19.39701;-40.06808;Centro;;
770;Alo Gas Supergasbras;;endereco;Rua Marataizes, 23, Vista da Serra I, Serra - ES, 29176-392, Brasil;Rua Marataizes 23 Serra ES 29176392 Brazil;Serra;ES;29176392;-20.13035;-40.29865;-20.13035;-40.29865;Vista da Serra I;;
771;Alô Gás;;endereco;Avenida Antônio Dias, 623, Nova Carapina II, Serra - ES, 29170-183, Brasil;Avenida Antonio Dias 623 Serra ES 29170183 Brazil;Serra;ES;29170183;-20.15291;-40.2697;-20.15291;-40.2697;Nova Carapina II;;
772;Andréia Gás a;;endereco;Avenida Montanha, 1155, Planalto Serrano, Serra - ES, 29178-220, Brasil;Avenida Montanha 1155 Serra ES 29178220 Brazil;Serra;ES;29178220;-20.12906;-40.27983;-20.12906;-40.27983;Planalto Serrano;;
773;Barbosa Gás;;endereco;Barbosa Gás, Rua V, Vista da Serra II, Serra - ES, Brasil;Rua V Serra ES 29176790 Brazil;Serra;ES;29176790;-20.13465;-40.2934;-20.13465;-40.2934;Vista da Serra II;ALTO;sem numero de porta
774;Cezar Gás;;endereco;Rua Embaúba, 8, Vista da Serra II, Serra - ES, 29176-791, Brasil;Rua Embauba 8 Serra ES 29176791 Brazil;Serra;ES;29176791;-20.13431;-40.29444;-20.13431;-40.29444;Vista da Serra II;;
775;Clebinho Gás Serra | Gás em Serra | Gás de Cozinha;;endereco;Avenida Vitória, 674, Jardim Carapina, Serra - ES, 29161-536, Brasil;Avenida Vitoria 674 Serra ES 29161739 Brazil;Serra;ES;29161739;-20.22978;-40.28652;-20.22978;-40.28652;Jardim Carapina;;
776;Colina gás;;endereco;Rua Colatina, 275, Jardim da Serra, Serra - ES, 29177-304, Brasil;Rua Colatina 275 Serra ES 29177304 Brazil;Serra;ES;29177304;-20.11752;-40.3163;-20.11752;-40.3163;Jardim da Serra;;
777;COMERCIAL RIBEIRO GÁS E ÁGUA;;endereco;Rua Floriano Peixoto, 612, Nossa Senhora da Conceição, Serra - ES, 29176-508, Brasil;Rua Floriano Peixoto 612 Serra ES 29176508 Brazil;Serra;ES;29176508;-20.12451;-40.31578;-20.12451;-40.31578;Nossa Senhora da Conceição;;
778;Célio Gás;;endereco;Avenida Montes Claros, 375, Nova Carapina I, Serra - ES, 29170-023, Brasil;Avenida Montes Claros 375 Serra ES 29170044 Brazil;Serra;ES;29170044;-20.15811;-40.27605;-20.15811;-40.27605;Nova Carapina I;;
779;Don Vicente Gás e Conveniência – Entrega Rápida em Serra – ES;;endereco;Avenida Muriaé, 873, Nova Carapina II, Serra - ES, 29170-162, Brasil;Avenida Muriae 873 Serra ES 29170162 Brazil;Serra;ES;29170162;-20.1532;-40.26794;-20.1532;-40.26794;Nova Carapina II;;
780;Edgas Gás e Água Mineral;;endereco;Avenida Belo Horizonte, 393, Nova Carapina I, Serra - ES, 29170-038, Brasil;Avenida Belo Horizonte 393 Serra ES 29170038 Brazil;Serra;ES;29170038;-20.15622;-40.26297;-20.15622;-40.26297;Nova Carapina I;;
781;Flávio Gás;;endereco;Rua Rio Guajará, 38, Manoel Plaza, Serra - ES, 29160-541, Brasil;Rua Rio Guajara 38 Serra ES 29160541 Brazil;Serra;ES;29160541;-20.23924;-40.2707;-20.23924;-40.2707;Manoel Plaza;;
782;Flávio Gás - Revenda Liquigás;;endereco;Beco Sessenta e Cinco, 33, Carapina Grande, Serra - ES, 29160-096, Brasil;Beco Sessenta e Cinco 33 Serra ES 29160006 Brazil;Serra;ES;29160006;-20.22701;-40.27545;-20.22701;-40.27545;Carapina Grande;;
783;FORT GÁS;;endereco;Rua Ômega, 135, Nossa Senhora da Conceição, Serra - ES, 29177-016, Brasil;Rua Omega 135 Serra ES 29176153 Brazil;Serra;ES;29176153;-20.12642;-40.31561;-20.12642;-40.31561;Nossa Senhora da Conceição;;
784;GAS DIVINOPOLIS;;endereco;Rua Coronel Fabriciano, 9, Divinópolis, Serra - ES, 29177-237, Brasil;Rua Coronel Fabriciano 9 Serra ES 29177241 Brazil;Serra;ES;29177241;-20.11056;-40.32247;-20.11056;-40.32247;Divinópolis;;
785;GILGAS – Gás e Água Mineral 20L em Serra;;endereco;Rua Sabará, 242, Nova Carapina I, Serra - ES, 29170-054, Brasil;Rua Sabara 242 Serra ES 29170054 Brazil;Serra;ES;29170054;-20.15906;-40.27307;-20.15906;-40.27307;Nova Carapina I;;
786;Guido gás e água mineral;;endereco;Avenida Vaticano, 311, Parque Residencial Tubarão, Serra - ES, 29171-755, Brasil;Avenida Vaticano 311 Serra ES 29171700 Brazil;Serra;ES;29171700;-20.15301;-40.23762;-20.15301;-40.23762;Parque Residencial Tubarão;;
787;Gás de Cozinha 24 Horas;;endereco;Rua Gaivota, 232, Novo Horizonte, Serra - ES, 29163-322, Brasil;Rua Gaivota 232 Serra ES 29163297 Brazil;Serra;ES;29163297;-20.2178;-40.2519;-20.2178;-40.2519;Novo Horizonte;;
788;Leila Gás e Água Distribuidora - Entrega Rápida;;endereco;Rua Cerejeira, 23, José de Anchieta, Serra - ES, 29162-440, Brasil;Rua Cerejeira 23 Serra ES 29162440 Brazil;Serra;ES;29162440;-20.19505;-40.27369;-20.19505;-40.27369;José de Anchieta;;
789;Leo Gás Leovegildo;;endereco;Rua das Palmeiras, 199, São Marcos I, Serra - ES, 29176-214, Brasil;Rua das Palmeiras 199 Serra ES 29176214 Brazil;Serra;ES;29176214;-20.12618;-40.32067;-20.12618;-40.32067;São Marcos I;;
790;Mara Gás;;endereco;Rua Nove, 37B, Jardim Bela Vista, Serra - ES, 29177-440, Brasil;Rua Nove 37B Serra ES 29177370 Brazil;Serra;ES;29177370;-20.11657;-40.30894;-20.11657;-40.30894;Jardim Bela Vista;;
791;NACIONAL GAS;;endereco;Avenida Leste Oeste, 35, Jardim Bela Vista, Serra - ES, 29177-360, Brasil;Avenida Leste Oeste 35 Serra ES 29177450 Brazil;Serra;ES;29177450;-20.11594;-40.30839;-20.11594;-40.30839;Jardim Bela Vista;;
792;Nacional Gás;;endereco;Rua Geraldo Del Puppo, Civit II, Serra - ES, 29168-074, Brasil;Rua Geraldo Del Puppo Serra ES 29168074 Brazil;Serra;ES;29168074;-20.19283;-40.23997;-20.19283;-40.23997;Civit II;ALTO;sem numero de porta
793;Nacional Gás;;endereco;Rua Rio de Janeiro, 228, São Marcos II, Serra - ES, 29177-124, Brasil;Rua Rio de Janeiro 228 Serra ES 29177124 Brazil;Serra;ES;29177124;-20.12439;-40.31716;-20.12439;-40.31716;São Marcos II;;
794;Nacional gás;;endereco;Rua das Palmeiras, 5, São Marcos I, Serra - ES, 29176-214, Brasil;Rua das Palmeiras 5 Serra ES 29176214 Brazil;Serra;ES;29176214;-20.12607;-40.32079;-20.12607;-40.32079;São Marcos I;;
795;Pede Gás - Barcelona Gás e Água;;endereco;Rua Manhuaçu, 771, Nova Carapina II, Serra - ES, 29170-036, Brasil;Rua Manhuacu 771 Serra ES 29170036 Brazil;Serra;ES;29170036;-20.15545;-40.26688;-20.15545;-40.26688;Nova Carapina II;;
796;POLO GÁS ️- ENTREGA RÁPIDA ♨️;;endereco;Rua Rouxe, 323, Vista da Serra II, Serra - ES, 29182-725, Brasil;Rua Rouxe 323 Serra ES 29176788 Brazil;Serra;ES;29176788;-20.13717;-40.29308;-20.13717;-40.29308;Vista da Serra II;;
797;Rapidão Gás e Água;;endereco;Rua Nove, 37B, Jardim Bela Vista, Serra - ES, 29177-440, Brasil;Rua Nove 37B Serra ES 29177370 Brazil;Serra;ES;29177370;-20.11657;-40.30894;-20.11657;-40.30894;Jardim Bela Vista;;
798;Renato Gás;;endereco;Rua do Gerânio, 219, Cascata, Serra - ES, 29177-156, Brasil;Rua do Geranio 219 Serra ES 29177156 Brazil;Serra;ES;29177156;-20.13609;-40.31471;-20.13609;-40.31471;Cascata;;
799;Residencial Gás;;endereco;Rua Seringa Itaúba, 300, Centro da Serra, Serra - ES, 29179-170, Brasil;Rua Seringa Itauba 300 Serra ES 29179170 Brazil;Serra;ES;29179170;-20.11814;-40.29479;-20.11814;-40.29479;Centro da Serra;;
800;Revenda De Gas;;endereco;Rua Cedro, 341, José de Anchieta, Serra - ES, 29162-303, Brasil;Rua Cedro 341 Serra ES 29162303 Brazil;Serra;ES;29162303;-20.19632;-40.27168;-20.19632;-40.27168;José de Anchieta;;
801;Revenda de Gás Ebenézer/ Serra Sede;;endereco;Rua Amapá, 19, Centro da Serra, Serra - ES, 29179-115, Brasil;Rua Amapa 19 Serra ES 29179115 Brazil;Serra;ES;29179115;-20.11946;-40.29321;-20.11946;-40.29321;Centro da Serra;;
802;RN gás e Mercearia;;endereco;Rua da Torre, 25, Planalto Serrano, Serra - ES, Brasil;Rua da Torre 25 Serra ES 29178026 Brazil;Serra;ES;29178026;-20.13766;-40.28997;-20.13766;-40.28997;Planalto Serrano;;
803;Serra Gás;;endereco;Rua das Rosas, 303, Feu Rosa, Serra - ES, 29172-360, Brasil;Rua das Rosas 303 Serra ES 29172010 Brazil;Serra;ES;29172010;-20.17253;-40.21677;-20.17253;-40.21677;Feu Rosa;;
804;Supergasbras;;endereco;Rua Doze, 12, Jardim Bela Vista, Serra - ES, 29177-370, Brasil;Rua Doze 12 Serra ES 29177370 Brazil;Serra;ES;29177370;-20.11662;-40.30915;-20.11662;-40.30915;Jardim Bela Vista;;
805;Supergasbras Energia Ltda;;endereco;Avenida Copacabana, Civit II, Serra - ES, 29166-820, Brasil;Avenida Copacabana Serra ES 29166820 Brazil;Serra;ES;29166820;-20.19433;-40.23923;-20.19433;-40.23923;Civit II;ALTO;sem numero de porta
806;Supergásbras - Nova Carapina Gás;;endereco;Rua Campanário, 87, Nova Carapina II, Serra - ES, 29170-203, Brasil;Rua Campanario 87 Serra ES 29170203 Brazil;Serra;ES;29170203;-20.15225;-40.26658;-20.15225;-40.26658;Nova Carapina II;;
807;Tele Serragás;;endereco;Rua dos Crisântemos, 19, Feu Rosa, Serra - ES, 29172-300, Brasil;Rua dos Crisantemos 19 Serra ES 29172300 Brazil;Serra;ES;29172300;-20.17321;-40.21774;-20.17321;-40.21774;Feu Rosa;;
808;Tim Gás planalto serrano bloco A;;endereco;Avenida Montanha, 345, Planalto Serrano, Serra - ES, 29178-220, Brasil;Avenida Montanha 345 Serra ES 29178220 Brazil;Serra;ES;29178220;-20.13215;-40.28464;-20.13215;-40.28464;Planalto Serrano;;
809;🔥ENOQUE GAS🔥;;endereco;Rua Sete de Setembro, 45, Campinho da Serra II, Serra - ES, 29178-114, Brasil;Rua Sete de Setembro 45 Serra ES 29178124 Brazil;Serra;ES;29178124;-20.14813;-40.29426;-20.14813;-40.29426;Campinho da Serra II;;
810;7 GAS DISTRIBUIDORA;;endereco;Rua Emidio F. Sacramento, 2135, Aribiri, Vila Velha - ES, 29119-030, Brasil;Rua Emidio F Sacramento 2135 Vila Velha ES 29120568 Brazil;Vila Velha;ES;29120568;-20.34387;-40.31405;-20.34387;-40.31405;Aribiri;;
811;Aviário Glória Com de Aves Água e Gás;;endereco;Rua Américo Bernardes, 59, Glória, Vila Velha - ES, 29122-020, Brasil;Rua Americo Bernardes 59 Vila Velha ES 29122020 Brazil;Vila Velha;ES;29122020;-20.34066;-40.30928;-20.34066;-40.30928;Glória;;
812;Bom de Gas;;endereco;Avenida Vitória Régia, 250, Ibes, Vila Velha - ES, 29110-115, Brasil;Avenida Vitoria Regia 250 Vila Velha ES 29109035 Brazil;Vila Velha;ES;29109035;-20.35368;-40.31656;-20.35368;-40.31656;Ibes;;
813;Clis Gás de Cozinha e Água Mineral;;endereco;Rua Rosa de Ouro, 69, Ilha dos Bentos, Vila Velha - ES, 29104-015, Brasil;Rua Rosa de Ouro 69 Vila Velha ES 29104015 Brazil;Vila Velha;ES;29104015;-20.36713;-40.31718;-20.36713;-40.31718;Ilha dos Bentos;;
814;Cocal Gás Vila Velha;;endereco;Rua Quatro, 15A, Cocal, Vila Velha - ES, 29105-740, Brasil;Rua Quatro 15A Vila Velha ES 29105740 Brazil;Vila Velha;ES;29105740;-20.35845;-40.30692;-20.35845;-40.30692;Cocal;;
815;Davi Gás;;endereco;Rua Cristalina, 816, Vale Encantado, Vila Velha - ES, 29113-170, Brasil;Rua Cristalina 816 Vila Velha ES 29113756 Brazil;Vila Velha;ES;29113756;-20.37739;-40.3489;-20.37739;-40.3489;Vale Encantado;;
816;DISK GÁS E ÁGUA;;endereco;Rua Santos Dumont, 400, Soteco, Vila Velha - ES, 29106-200, Brasil;Rua Santos Dumont 400 Vila Velha ES 29106110 Brazil;Vila Velha;ES;29106110;-20.35014;-40.30486;-20.35014;-40.30486;Soteco;;
817;DISK JUNIOR GÁS & ÁGUA;;endereco;Rua Ouro Preto, 1132, Barramares, Vila Velha - ES, 29124-368, Brasil;Rua Ouro Preto 1132 Vila Velha ES 29124368 Brazil;Vila Velha;ES;29124368;-20.43979;-40.34207;-20.43979;-40.34207;Barramares;;
818;Disk Valmir Gás e Água Mineral;;endereco;Rua Xavantes, Praia da Costa, Vila Velha - ES, 29101-190, Brasil;Rua Xavantes Vila Velha ES 29101780 Brazil;Vila Velha;ES;29101780;-20.32547;-40.27847;-20.32547;-40.27847;Praia da Costa;ALTO;sem numero de porta
819;Edvan Gas;;endereco;Rua Guilherme de Almeida, 13, Soteco, Vila Velha - ES, 29106-040, Brasil;Rua Guilherme de Almeida 13 Vila Velha ES 29106140 Brazil;Vila Velha;ES;29106140;-20.34884;-40.30636;-20.34884;-40.30636;Soteco;;
820;EDY GÁS E ÁGUA;;endereco;Rua Biribazeiro, 263, Itapuã, Vila Velha - ES, 29101-760, Brasil;Rua Biribazeiro 263 Vila Velha ES 29101760 Brazil;Vila Velha;ES;29101760;-20.35331;-40.29269;-20.35331;-40.29269;Itapuã;;
821;Fort Gás e Água;;endereco;Rua Vinte e Um, 253, Santa Mônica Popular, Vila Velha - ES, 29111-610, Brasil;Rua Vinte e Um 253 Vila Velha ES 29105155 Brazil;Vila Velha;ES;29105155;-20.36243;-40.31008;-20.36243;-40.31008;Santa Mônica Popular;;
822;GAS E AGUA;;endereco;Avenida Sérgio Cardoso, 1850, Araçás, Vila Velha - ES, 29103-295, Brasil;Avenida Sergio Cardoso 1850 Vila Velha ES 29104115 Brazil;Vila Velha;ES;29104115;-20.38416;-40.32433;-20.38416;-40.32433;Araçás;;
823;KRYSTAL GÁS;;endereco;Rua Machado de Assis, 7, Boa Vista I, Vila Velha - ES, 29102-730, Brasil;Rua Machado de Assis 7 Vila Velha ES 29107543 Brazil;Vila Velha;ES;29107543;-20.35316;-40.30397;-20.35316;-40.30397;Boa Vista I;;
824;Litoral Distribuidora (GELO, GÁS e ÁGUA MINERAL).;;endereco;Rua Aristides Lobo, 100, Ilha dos Ayres, Vila Velha - ES, 29106-610, Brasil;Rua Aristides Lobo 100 Vila Velha ES 29106485 Brazil;Vila Velha;ES;29106485;-20.34075;-40.30005;-20.34075;-40.30005;Ilha dos Ayres;;
825;Lobel gás;;endereco;Rua Senador Monjardim, 213, Argolas, Vila Velha - ES, 29114-730, Brasil;Rua Senador Monjardim 213 Vila Velha ES 29118713 Brazil;Vila Velha;ES;29118713;-20.32755;-40.34355;-20.32755;-40.34355;Argolas;;
826;Léo Gás;;endereco;Rua Itabaiana, 262, Praia de Itaparica, Vila Velha - ES, 29102-290, Brasil;Rua Itabaiana 262 Vila Velha ES 29102290 Brazil;Vila Velha;ES;29102290;-20.37942;-40.31141;-20.37942;-40.31141;Praia de Itaparica;;
827;NIL GÁS;;endereco;Rua Alcindo Guanabara, 12, Cristóvão Colombo, Vila Velha - ES, 29106-400, Brasil;Rua Alcindo Guanabara 12 Vila Velha ES 29106400 Brazil;Vila Velha;ES;29106400;-20.34395;-40.30219;-20.34395;-40.30219;Cristóvão Colombo;;
828;SANTA CLARA GÁS E ÁGUA;;endereco;Rua Belo Horizonte, 275, Itapuã, Vila Velha - ES, 29108-400, Brasil;Rua Belo Horizonte 275 Vila Velha ES 29101605 Brazil;Vila Velha;ES;29101605;-20.34936;-40.28997;-20.34936;-40.28997;Itapuã;;
829;Supergasbras Garoto gás e água mineral (p13 p20 p45);;endereco;Rua Cláudio Manoel da Costa, 142, Cristóvão Colombo, Vila Velha - ES, 29106-430, Brasil;Rua Claudio Manoel da Costa 142 Vila Velha ES 29106595 Brazil;Vila Velha;ES;29106595;-20.3448;-40.30064;-20.3448;-40.30064;Cristóvão Colombo;;
830;TIÃO GAS E AGUA MINERAL PEDRA AZUL GELO CARVÃO .;;endereco;Rua Angelina Martins Leal, 8, Cristóvão Colombo, Vila Velha - ES, 29106-280, Brasil;Rua Angelina Martins Leal 8 Vila Velha ES 29106280 Brazil;Vila Velha;ES;29106280;-20.34626;-40.3039;-20.34626;-40.3039;Cristóvão Colombo;;
831;WL Distribuidora de Gás e Água;;endereco;Rua Guarajás, 599, Soteco, Vila Velha - ES, 29106-110, Brasil;Rua Guarajas 599 Vila Velha ES 29106092 Brazil;Vila Velha;ES;29106092;-20.34905;-40.30286;-20.34905;-40.30286;Soteco;;
832;Água e Gás;;endereco;Rua Professor Telmo de Souza Torres, 673, Centro, Vila Velha - ES, 29100-261, Brasil;Rua Professor Telmo de Souza Torres 673 Vila Velha ES 29101445 Brazil;Vila Velha;ES;29101445;-20.33881;-40.28868;-20.33881;-40.28868;Centro;;
833;ERNANDO GÁS;;endereco;Rua Cinco de Julho, 16, São José, Vitória - ES, 29031-810, Brasil;Rua Cinco de Julho 16 Vitoria ES 29031803 Brazil;Vitória;ES;29031803;-20.28154;-40.32926;-20.28154;-40.32926;São José;;
834;GOIABEIRAS GAS;;endereco;Rua Santa Priscila, 36, Maria Ortiz, Vitória - ES, 29070-590, Brasil;Rua Santa Priscila 36 Vitoria ES 29070590 Brazil;Vitória;ES;29070590;-20.26026;-40.29964;-20.26026;-40.29964;Maria Ortiz;;
835;Gás Vitória - Ultragaz;;endereco;Rua Frederico Ozanan, 378, Santa Tereza, Vitória - ES, 29027-435, Brasil;Rua Frederico Ozanan 378 Vitoria ES 29026846 Brazil;Vitória;ES;29026846;-20.31058;-40.34952;-20.31058;-40.34952;Santa Tereza;;
836;Ligeirinho Gás e Água;;endereco;Rua Padre Nóbrega, 10, Centro, Vitória - ES, 29016-250, Brasil;Rua Padre Nobrega 10 Vitoria ES 29016250 Brazil;Vitória;ES;29016250;-20.31717;-40.33879;-20.31717;-40.33879;Centro;;
837;Maria Ortiz Gás;;endereco;Rua Professora Plácida Rabello Fraga, 17, Maria Ortiz, Vitória - ES, 29070-540, Brasil;Rua Professora Placida Rabello Fraga 17 Vitoria ES 29070640 Brazil;Vitória;ES;29070640;-20.25656;-40.30021;-20.25656;-40.30021;Maria Ortiz;;
838;PROMOÇÃO GÁS | GÁS 13KG | GÁS 45KG | GÁS DE COZINHA EM VITÓRIA - ES;;endereco;Drogasil, Avenida Princesa Isabel, 345, Centro, Vitória - ES, 29010-364, Brasil;Avenida Princesa Isabel 345 Vitoria ES 29010360 Brazil;Vitória;ES;29010360;-20.31969;-40.33147;-20.31969;-40.33147;Centro;;
839;Rapidão Gás | Supergasbras | Gás Vitória | Gás P45;;endereco;Rua Professora Maria Magdalena Pisa, 10, Maria Ortiz, Vitória - ES, 29070-390, Brasil;Rua Professora Maria Magdalena Pisa 10 Vitoria ES 29070540 Brazil;Vitória;ES;29070540;-20.25874;-40.29937;-20.25874;-40.29937;Maria Ortiz;;
840;Santo antônio Gás;;endereco;Rua Manoel Soares de Mello, 25, Santo Antônio, Vitória - ES, 29026-420, Brasil;Rua Manoel Soares de Mello 25 Vitoria ES 29031300 Brazil;Vitória;ES;29031300;-20.30626;-40.35118;-20.30626;-40.35118;Santo Antônio;;
841;TOP GÁS;;endereco;Avenida Paulino Muller, 1023, Jucutuquara, Vitória - ES, 29040-715, Brasil;Avenida Paulino Muller 1023 Vitoria ES 29051035 Brazil;Vitória;ES;29051035;-20.30882;-40.32124;-20.30882;-40.32124;Jucutuquara;;
842;XANDOM GÁS;;endereco;Avenida Duarte Lemos, 533C, Ilha do Príncipe, Vitória - ES, 29027-197, Brasil;Avenida Duarte Lemos 533C Vitoria ES 29025220 Brazil;Vitória;ES;29025220;-20.31932;-40.34941;-20.31932;-40.34941;Ilha do Príncipe;;
843;Alô Gás;;endereco;Rua 9, Boa Vista, Anápolis - GO, 75075-360, Brasil;Rua 9 Anapolis GO 75075360 Brazil;Anápolis;GO;75075360;-16.30527;-48.93777;-16.30527;-48.93777;Boa Vista;ALTO;logradouro sem nome
844;Alô Gás - Distribuidor de Gás em Anápolis - Residencial | Comercial - (P13, P20, P45) Anápolis;;endereco;Rua Leopoldo de Bulhões, 735, Setor Central, Anápolis - GO, 75040-500, Brasil;Rua Leopoldo de Bulhoes 735 Anapolis GO 75043038 Brazil;Anápolis;GO;75043038;-16.31699;-48.95901;-16.31699;-48.95901;Setor Central;;
845;Anagás Gás - Revenda Liquigás;;endereco;Avenida Universitária, 2000, Residencial Araújoville, Anápolis - GO, 75060-735, Brasil;Avenida Universitaria 2000 Anapolis GO 75126520 Brazil;Anápolis;GO;75126520;-16.30426;-48.94791;-16.30426;-48.94791;Residencial Araújoville;;
846;Casagás - Disk Gás em Anápolis - Gás para empilhadeira;;endereco;Rua Senador Sócrates Diniz Q. D, Jardim Gonçalves, Anápolis - GO, 75123-342, Brasil;Rua Senador Socrates Diniz Q D Anapolis GO 75123342 Brazil;Anápolis;GO;75123342;-16.34653;-48.95747;-16.34653;-48.95747;Jardim Gonçalves;ALTO;sem numero de porta
847;Casagás - Gás de cozinha - Gás para empilhadeira - (P05, P13, P20, P45) - Anápolis;;endereco;Rua São Jorge Quadra H, 115, Vila Santa Maria, Anápolis - GO, 75145-240, Brasil;Rua Sao Jorge Quadra H 115 Anapolis GO 75044162 Brazil;Anápolis;GO;75044162;-16.32149;-48.9621;-16.32149;-48.9621;Vila Santa Maria;;
848;central gas;;endereco;Avenida Hong Kong, 1061, Jardim Alvorada, Anápolis - GO, 75104-400, Brasil;Avenida Hong Kong 1061 Anapolis GO 75104400 Brazil;Anápolis;GO;75104400;-16.3556;-48.90969;-16.3556;-48.90969;Jardim Alvorada;;
849;Clara Gás;;endereco;Avenida Archimedes Rosa, 297, São Carlos 1a. Etapa, Anápolis - GO, 75084-080, Brasil;Avenida Archimedes Rosa 297 Anapolis GO 75084140 Brazil;Anápolis;GO;75084140;-16.3114;-48.93501;-16.3114;-48.93501;São Carlos 1a. Etapa;;
850;Comercial Reis Gás do Horácio Ultragaz Anápolis;;endereco;Avenida Santana, 575, Bairro de Lourdes, Anápolis - GO, 75095-320, Brasil;Avenida Santana 575 Anapolis GO 75095320 Brazil;Anápolis;GO;75095320;-16.33473;-48.91729;-16.33473;-48.91729;Bairro de Lourdes;;
851;Depósito de Gás Itatiaia;;endereco;Rua Vira Copos, 3, Residencial Itatiaia, Anápolis - GO, 75130-635, Brasil;Rua Vira Copos 3 Anapolis GO 75131150 Brazil;Anápolis;GO;75131150;-16.36795;-48.9697;-16.36795;-48.9697;Residencial Itatiaia;;
852;Disk Agua e Gás Barato Mais;;endereco;Rua Bartolomeu Bueno Quadra 8, 99, Vila Santa Maria, Anápolis - GO, 75044-400, Brasil;Rua Bartolomeu Bueno Quadra 8 Anapolis GO 75044400 Brazil;Anápolis;GO;75044400;-16.32337;-48.96285;-16.32337;-48.96285;99 Vila Santa Maria;;
853;Disk Gás Anápolis;;endereco;Clube Recreativo de Anápolis, Jardim Vera Cruz, Anápolis - GO, 75104-630, Brasil;Jardim Vera Cruz Anapolis GO 75103580 Brazil;Anápolis;GO;75103580;-16.36427;-48.91183;-16.36427;-48.91183;;ALTO;sem numero de porta
854;Disk Gás Popular;;endereco;Avenida Presidente Wilson Quadra 17, Vila Jundiaí Industrial, Anápolis - GO, 75115-100, Brasil;Avenida Presidente Wilson Quadra 17 Anapolis GO 75115100 Brazil;Anápolis;GO;75115100;-16.34181;-48.94815;-16.34181;-48.94815;Vila Jundiaí Industrial;;
855;Gas Alexandrina - Gás Cozinha - Disk Gás 24 Horas - Gás Anápolis;;endereco;Rua Nova Olinda, 531, Jardim Alexandrina, Anápolis - GO, 75060-180, Brasil;Rua Nova Olinda 531 Anapolis GO 75060180 Brazil;Anápolis;GO;75060180;-16.29836;-48.95761;-16.29836;-48.95761;Jardim Alexandrina;;
856;Gas anapolis;;endereco;Rua Vinte e Cinco Quadra 9, 11, Residencial Araguaia, Anápolis - GO, 75053-730, Brasil;Rua Vinte e Cinco Quadra 9 Anapolis GO 75085694 Brazil;Anápolis;GO;75085694;-16.2885;-48.92898;-16.2885;-48.92898;11 Residencial Araguaia;;
857;Gas Anápolis jaiara;;endereco;Avenida Fernando Costa, 792, Vila Jaiara Setor Sul, Anápolis - GO, 75064-780, Brasil;Avenida Fernando Costa 792 Anapolis GO 75064354 Brazil;Anápolis;GO;75064354;-16.28688;-48.97028;-16.28688;-48.97028;Vila Jaiara Setor Sul;;
858;Gás Anápolis 24 Horas Gás Vale Sol Disk gás;;endereco;Avenida Perimetral Quadra 7, Residencial Araguaia, Anápolis - GO, 75071-460, Brasil;Avenida Perimetral Quadra 7 Anapolis GO 75085694 Brazil;Anápolis;GO;75085694;-16.28801;-48.93144;-16.28801;-48.93144;Residencial Araguaia;;
859;Gás Anápolis Disk Gás Deposito Gás 24 Horas Gás Cozinha;;endereco;Rua Uruguai, 254, Boa Vista, Anápolis - GO, 75083-553, Brasil;Rua Uruguai 254 Anapolis GO 75083553 Brazil;Anápolis;GO;75083553;-16.30042;-48.94467;-16.30042;-48.94467;Boa Vista;;
860;Gás Anápolis|Fernanda Gas|Distribuidora de Gas;;endereco;Rua Pp Nove Quadra 14, 35, Parque dos Pirineus 2a. Etapa, Anápolis - GO, 75071-705, Brasil;Rua Pp Nove Quadra 14 Anapolis GO 75071705 Brazil;Anápolis;GO;75071705;-16.2779;-48.95827;-16.2779;-48.95827;35 Parque dos Pirineus 2a. Etapa;;
861;Gás Boa Praça;;endereco;Praça Aquiles de Pinha, 120, Vila Jussara, Anápolis - GO, 75123-095, Brasil;Praca Aquiles de Pinha 120 Anapolis GO 75123050 Brazil;Anápolis;GO;75123050;-16.33735;-48.9553;-16.33735;-48.9553;Vila Jussara;;
862;Gás Canabrava;;endereco;Rua Cotia, 94, Loteamento Jibran el Hadj, Anápolis - GO, 75131-575, Brasil;Rua Cotia 94 Anapolis GO 75131575 Brazil;Anápolis;GO;75131575;-16.36886;-48.98187;-16.36886;-48.98187;Loteamento Jibran el Hadj;;
863;Gás Chama Fácil;;endereco;Rua Salgado Filho, 81, Vila Santa Terezinha, Anápolis - GO, 75023-050, Brasil;Rua Salgado Filho 81 Anapolis GO 75023050 Brazil;Anápolis;GO;75023050;-16.33397;-48.95899;-16.33397;-48.95899;Vila Santa Terezinha;;
864;Império do Gás;;endereco;Rua Dona Fia, 1, Manoel Domingues, Anápolis - GO, 75145-070, Brasil;Rua Dona Fia 1 Anapolis GO 75143900 Brazil;Anápolis;GO;75143900;-16.34848;-48.97354;-16.34848;-48.97354;Manoel Domingues;;
865;Jaiara Gás Anápolis Disk Gás 24 Horas;;endereco;Rua Jk Nove, Nova Vila Jaiara, Anápolis - GO, 75053-080, Brasil;Rua Jk Nove Anapolis GO 75053080 Brazil;Anápolis;GO;75053080;-16.28224;-48.98251;-16.28224;-48.98251;Nova Vila Jaiara;ALTO;sem numero de porta
866;JL Gás Anapolis;;endereco;Rua Constelação, Lot. Residencial Ana Carolina, Anápolis - GO, 75053-800, Brasil;Rua Constelacao Anapolis GO 75053800 Brazil;Anápolis;GO;75053800;-16.26929;-48.97839;-16.26929;-48.97839;Lot. Residencial Ana Carolina;ALTO;sem numero de porta
867;JS Comércio de Gás-Disk Gás de Cozinha em Anápolis;;endereco;Avenida Presidente Kennedy, 345, Maracanã, Anápolis - GO, 75040-040, Brasil;Avenida Presidente Kennedy 345 Anapolis GO 75040040 Brazil;Anápolis;GO;75040040;-16.31644;-48.95624;-16.31644;-48.95624;Maracanã;;
868;Ligue gás lopes utilidades e presentes;;endereco;Avenida do Estado, 480, Recanto do Sol, Anápolis - GO, 75074-590, Brasil;Avenida do Estado 480 Anapolis GO 75074590 Brazil;Anápolis;GO;75074590;-16.28214;-48.93019;-16.28214;-48.93019;Recanto do Sol;;
869;Mendes gás Revenda Ultragaz;;endereco;Avenida Tiradentes, 3127, Jardim Alexandrina, Anápolis - GO, 75060-450, Brasil;Avenida Tiradentes 3127 Anapolis GO 75060103 Brazil;Anápolis;GO;75060103;-16.29651;-48.96687;-16.29651;-48.96687;Jardim Alexandrina;;
870;Mouragás - Uma Chama Viva em Seu Lar;;endereco;Avenida Juscelino Kubistchek, 2470, J. K. Parque Nova Capital, Anápolis - GO, 75114-225, Brasil;Avenida Juscelino Kubistchek 2470 Anapolis GO 75105770 Brazil;Anápolis;GO;75105770;-16.34779;-48.93732;-16.34779;-48.93732;J. K. Parque Nova Capital;;
871;Super Gás São José;;endereco;Rua Doutor Almeida Júnior Quadra 23, 97, São José, Anápolis - GO, 75140-290, Brasil;Rua Doutor Almeida Junior Quadra 23 Anapolis GO 75140290 Brazil;Anápolis;GO;75140290;-16.33088;-48.97058;-16.33088;-48.97058;97 São José;;
872;Tele Gas Anápolis;;endereco;Rua Equador Quadra 56, 11, Vila Santa Izabel, Anápolis - GO, 75083-150, Brasil;Rua Equador Quadra 56 Anapolis GO 75083350 Brazil;Anápolis;GO;75083350;-16.30206;-48.94736;-16.30206;-48.94736;11 Vila Santa Izabel;;
873;Top Gás Distribuidor de Gás;;endereco;Rua Onze a Quadra 23, 190, Maracanã, Anápolis - GO, 75040-340, Brasil;Rua Onze a Quadra 23 Anapolis GO 75040040 Brazil;Anápolis;GO;75040040;-16.30703;-48.9615;-16.30703;-48.9615;190 Maracanã;;
874;Ad Gás;;endereco;Rua Santo Antônio, 95-2, Setor Serra Dourada, Aparecida de Goiânia - GO, 74973-550, Brasil;Rua Santo Antonio 95 2 Setor Serra Dourada Aparecida de Goiania GO 74973550 Brazil;Aparecida de Goiânia;GO;74973550;-16.83304;-49.26065;-16.83304;-49.26065;;ALTO;sem numero de porta
875;AD GÁS COMÉRCIO E SERVIÇO;;endereco;Avenida Doutor Ignácio Xavier da Silva, 14-29, Expansul, Aparecida de Goiânia - GO, 74986-310, Brasil;Avenida Doutor Ignacio Xavier da Silva 14 29 Expansul Aparecida de Goiania GO 74986310 Brazil;Aparecida de Goiânia;GO;74986310;-16.81324;-49.23373;-16.81324;-49.23373;;ALTO;sem numero de porta
876;América Gás Aparecida;;endereco;Rua H-016, 42-10, Conjunto Residencial Santa Fé, Aparecida de Goiânia - GO, 74935-210, Brasil;Rua H 016 42 10 Conjunto Residencial Santa Fe Aparecida de Goiania GO 74935190 Brazil;Aparecida de Goiânia;GO;74935190;-16.75494;-49.30611;-16.75494;-49.30611;;ALTO;sem numero de porta
877;Araxam Gás - Revenda Liquigás;;endereco;Rua H-112, 270-17, Cidade Vera Cruz, Aparecida de Goiânia - GO, 74937-110, Brasil;Rua H 112 270 17 Cidade Vera Cruz Aparecida de Goiania GO 74937110 Brazil;Aparecida de Goiânia;GO;74937110;-16.77723;-49.2911;-16.77723;-49.2911;;ALTO;sem numero de porta
878;Clube do Gás;;endereco;Rua Gaviões, 18-9, Jardim das Acácias, Aparecida de Goiânia - GO, 74987-210, Brasil;Rua Gavioes 18 9 Jardim das Acacias Aparecida de Goiania GO 74987210 Brazil;Aparecida de Goiânia;GO;74987210;-16.82401;-49.23124;-16.82401;-49.23124;;ALTO;sem numero de porta
879;Consigaz Borges Gás;;endereco;Rua Hugo Flores, 8-31, Jardim das Acácias, Aparecida de Goiânia - GO, 74987-230, Brasil;Rua Hugo Flores 8 31 Jardim das Acacias Aparecida de Goiania GO 74987230 Brazil;Aparecida de Goiânia;GO;74987230;-16.8204;-49.23183;-16.8204;-49.23183;;ALTO;sem numero de porta
880;Depósito de Gás;;endereco;Avenida Duarte Sabino, 111-1, Rosa dos Ventos, Aparecida de Goiânia - GO, 74989-170, Brasil;Avenida Duarte Sabino 111 1 Rosa dos Ventos Aparecida de Goiania GO 74989170 Brazil;Aparecida de Goiânia;GO;74989170;-16.84899;-49.2288;-16.84899;-49.2288;;ALTO;sem numero de porta
881;Depósito de Gás Aparecida de Goiânia;;endereco;Rua Louvre, Residencial Village Garavelo, Aparecida de Goiânia - GO, 74968-498, Brasil;Rua Louvre Aparecida de Goiania GO 74968492 Brazil;Aparecida de Goiânia;GO;74968492;-16.8211;-49.25659;-16.8211;-49.25659;Residencial Village Garavelo;ALTO;sem numero de porta
882;Disk Gás;;endereco;Avenida Marechal Rondon Q 174, Jardim Buriti Sereno, Aparecida de Goiânia - GO, 74943-510, Brasil;Avenida Marechal Rondon Q 174 Aparecida de Goiania GO 74943510 Brazil;Aparecida de Goiânia;GO;74943510;-16.78228;-49.31566;-16.78228;-49.31566;Jardim Buriti Sereno;;
883;Disk Gás JK - Jardim Tiradentes;;endereco;Rua Dezenove, 8-14, Jardim Tiradentes, Aparecida de Goiânia - GO, 74961-160, Brasil;Rua Dezenove 8 14 Jardim Tiradentes Aparecida de Goiania GO 74961160 Brazil;Aparecida de Goiânia;GO;74961160;-16.80851;-49.32932;-16.80851;-49.32932;;ALTO;sem numero de porta
884;Distribuidora de Gás Pantaleão;;endereco;Avenida Lago das Garças Quadra 27, 39, Jardim Tropical, Aparecida de Goiânia - GO, 74946-505, Brasil;Avenida Lago das Garcas Quadra 27 Aparecida de Goiania GO 74946505 Brazil;Aparecida de Goiânia;GO;74946505;-16.77048;-49.35049;-16.77048;-49.35049;39 Jardim Tropical;;
885;Dw Gás;;endereco;Rua Buriti, Setor Serra Dourada, Aparecida de Goiânia - GO, 74973-140, Brasil;Rua Buriti Aparecida de Goiania GO 74973140 Brazil;Aparecida de Goiânia;GO;74973140;-16.82591;-49.25093;-16.82591;-49.25093;Setor Serra Dourada;ALTO;sem numero de porta
886;ELOHI Gás - Revenda Liquigás;;endereco;Rua Lucena, 31-4, Jardim Cristal, Aparecida de Goiânia - GO, 74982-200, Brasil;Rua Lucena 31 4 Jardim Cristal Aparecida de Goiania GO 74982200 Brazil;Aparecida de Goiânia;GO;74982200;-16.79924;-49.24416;-16.79924;-49.24416;;ALTO;sem numero de porta
887;Empório do gás;;endereco;Avenida Odorico Nery, 58-1, Vila Maria, Aparecida de Goiânia - GO, 74919-374, Brasil;Avenida Odorico Nery 58 1 Vila Maria Aparecida de Goiania GO 74919374 Brazil;Aparecida de Goiânia;GO;74919374;-16.77489;-49.24972;-16.77489;-49.24972;;ALTO;sem numero de porta
888;FAST GÁS;;endereco;Rua do Sabiá, Jardim Riviera, Aparecida de Goiânia - GO, 74966-688, Brasil;Rua do Sabia Aparecida de Goiania GO 74970630 Brazil;Aparecida de Goiânia;GO;74970630;-16.82677;-49.29726;-16.82677;-49.29726;Jardim Riviera;ALTO;sem numero de porta
889;Gás Cidade Livre - Aparecida de Goiânia;;endereco;Rua dos Sonhos, 82-13, Cidade Livre, Aparecida de Goiânia - GO, 74970-330, Brasil;Rua dos Sonhos 82 13 Cidade Livre Aparecida de Goiania GO 74970040 Brazil;Aparecida de Goiânia;GO;74970040;-16.83027;-49.28086;-16.83027;-49.28086;;ALTO;sem numero de porta
890;Gás Dois Irmãos;;endereco;Rua Antônio Lourenço, 19-1, Vila Souza, Aparecida de Goiânia - GO, 74987-730, Brasil;Rua Antonio Lourenco 19 1 Vila Souza Aparecida de Goiania GO 74987730 Brazil;Aparecida de Goiânia;GO;74987730;-16.82304;-49.23882;-16.82304;-49.23882;;ALTO;sem numero de porta
891;Gás em Aparecida de Goiânia - Buriti Sereno;;endereco;Rua Rita Ludolf, 275-19, Jardim Buriti Sereno, Aparecida de Goiânia - GO, 74942-420, Brasil;Rua Rita Ludolf 275 19 Jardim Buriti Sereno Aparecida de Goiania GO 74943010 Brazil;Aparecida de Goiânia;GO;74943010;-16.78728;-49.3205;-16.78728;-49.3205;;ALTO;sem numero de porta
892;Gás Nobre - Gás de Cozinha - Distribuidora de Gás e Água Mineral - Entrega de Gás e Água Mineral;;endereco;Avenida Anápolis, Vila Brasília, Aparecida de Goiânia - GO, 74911-360, Brasil;Avenida Anapolis Aparecida de Goiania GO 74911360 Brazil;Aparecida de Goiânia;GO;74911360;-16.73719;-49.25502;-16.73719;-49.25502;Vila Brasília;ALTO;sem numero de porta
893;Hiper Gás;;endereco;Rua Jussara, 36-27, Vila Brasília, Aparecida de Goiânia - GO, 74905-500, Brasil;Rua Jussara 36 27 Vila Brasilia Aparecida de Goiania GO 74905500 Brazil;Aparecida de Goiânia;GO;74905500;-16.73561;-49.25862;-16.73561;-49.25862;;ALTO;sem numero de porta
894;Hiper Gás e Água Mineral;;endereco;Rua Corindom, 89-36, Setor Pontal Sul, Aparecida de Goiânia - GO, 74955-190, Brasil;Rua Corindom 89 36 Setor Pontal Sul Aparecida de Goiania GO 74955170 Brazil;Aparecida de Goiânia;GO;74955170;-16.80902;-49.2809;-16.80902;-49.2809;;ALTO;sem numero de porta
895;Império Gás Água e Cia - 24 hr;;endereco;Avenida W Cinco, 73-11, Setor Santa Luzia, Aparecida de Goiânia - GO, 74922-680, Brasil;Avenida W Cinco 73 11 Setor Santa Luzia Aparecida de Goiania GO 74922685 Brazil;Aparecida de Goiânia;GO;74922685;-16.74689;-49.22948;-16.74689;-49.22948;;ALTO;sem numero de porta
896;Independência Gás Unidade 2 - Depósito de Gás e Água Mineral;;endereco;Rua Vereador José Fabiano, 81-22, Setor Serra Dourada, Aparecida de Goiânia - GO, 74973-630, Brasil;Rua Vereador Jose Fabiano 81 22 Setor Serra Dourada Aparecida de Goiania GO 74973400 Brazil;Aparecida de Goiânia;GO;74973400;-16.83159;-49.25827;-16.83159;-49.25827;;ALTO;sem numero de porta
897;Leitão Gás E Água;;endereco;Rua Três, 5-17, Colina Azul, Aparecida de Goiânia - GO, 74970-290, Brasil;Rua Tres 5 17 Colina Azul Aparecida de Goiania GO 74020020 Brazil;Aparecida de Goiânia;GO;74020020;-16.82273;-49.2902;-16.82273;-49.2902;;ALTO;sem numero de porta
898;Lyon Gás;;endereco;Rua Lyon, 24-5, Residencial Village Garavelo, Aparecida de Goiânia - GO, 74968-500, Brasil;Rua Lyon 24 5 Residencial Village Garavelo Aparecida de Goiania GO 74968499 Brazil;Aparecida de Goiânia;GO;74968499;-16.82037;-49.25428;-16.82037;-49.25428;;ALTO;sem numero de porta
899;MM Gás e Água Mineral;;endereco;Rua Saint Tropez, 69-15, Residencial Village Garavelo, Aparecida de Goiânia - GO, 74968-495, Brasil;Rua Saint Tropez 69 15 Residencial Village Garavelo Aparecida de Goiania GO 74968495 Brazil;Aparecida de Goiânia;GO;74968495;-16.81631;-49.26054;-16.81631;-49.26054;;ALTO;sem numero de porta
900;Molejao Gas;;endereco;Rua dos Tucumãs, 25000, Retiro do Bosque, Aparecida de Goiânia - GO, 74990-820, Brasil;Rua dos Tucumas 25000 Aparecida de Goiania GO 74990820 Brazil;Aparecida de Goiânia;GO;74990820;-16.82556;-49.23732;-16.82556;-49.23732;Retiro do Bosque;;
901;PARQUE GÁS - DISTRIBUIDORA DE GÁS;;endereco;Rua Wilton Pinheiro, 12-34, Parque Trindade, Aparecida de Goiânia - GO, 74921-215, Brasil;Rua Wilton Pinheiro 12 34 Parque Trindade Aparecida de Goiania GO 74921239 Brazil;Aparecida de Goiânia;GO;74921239;-16.75276;-49.21097;-16.75276;-49.21097;;ALTO;sem numero de porta
902;Paulinho Gás de cozinha e Água mineral | Aparecida de Goiânia;;endereco;Rua dos Coqueiros, 25-51, Retiro do Bosque, Aparecida de Goiânia - GO, 74990-725, Brasil;Rua dos Coqueiros 25 51 Retiro do Bosque Aparecida de Goiania GO 74990665 Brazil;Aparecida de Goiânia;GO;74990665;-16.82742;-49.23639;-16.82742;-49.23639;;ALTO;sem numero de porta
903;Rapidim Gás;;endereco;Rua Argentina, 20-9, Jardim Belo Horizonte, Aparecida de Goiânia - GO, 74976-055, Brasil;Rua Argentina 20 9 Jardim Belo Horizonte Aparecida de Goiania GO 74976080 Brazil;Aparecida de Goiânia;GO;74976080;-16.8312;-49.24661;-16.8312;-49.24661;;ALTO;sem numero de porta
904;SAMUGÁS;;endereco;Rua Santo Antônio, Vila Souza, Aparecida de Goiânia - GO, 74987-790, Brasil;Rua Santo Antonio Aparecida de Goiania GO 74987793 Brazil;Aparecida de Goiânia;GO;74987793;-16.82101;-49.2383;-16.82101;-49.2383;Vila Souza;ALTO;sem numero de porta
905;Stylos Gás;;endereco;Rua Luiz Antônio Garavelo, 16-5, Residencial Village Garavelo, Aparecida de Goiânia - GO, 74968-505, Brasil;Rua Luiz Antonio Garavelo 16 5 Residencial Village Garavelo Aparecida de Goiania GO 74968540 Brazil;Aparecida de Goiânia;GO;74968540;-16.82032;-49.25217;-16.82032;-49.25217;;ALTO;sem numero de porta
906;Talera gás;;endereco;Avenida Brasília, 39-4, Vila Brasília, Aparecida de Goiânia - GO, 74905-190, Brasil;Avenida Brasilia 39 4 Vila Brasilia Aparecida de Goiania GO 74905190 Brazil;Aparecida de Goiânia;GO;74905190;-16.74347;-49.25899;-16.74347;-49.25899;;ALTO;sem numero de porta
907;Tem Gás e Água;;endereco;Rua Doutor Adail Viana Santana, 47-16, Setor Serra Dourada, Aparecida de Goiânia - GO, 74973-230, Brasil;Rua Doutor Adail Viana Santana 47 16 Setor Serra Dourada Aparecida de Goiania GO 74973230 Brazil;Aparecida de Goiânia;GO;74973230;-16.82639;-49.25479;-16.82639;-49.25479;;ALTO;sem numero de porta
908;Toledo Gás;;endereco;Avenida das Nações, 19-11, Jardim Belo Horizonte, Aparecida de Goiânia - GO, 74976-190, Brasil;Avenida das Nacoes 19 11 Jardim Belo Horizonte Aparecida de Goiania GO 74976190 Brazil;Aparecida de Goiânia;GO;74976190;-16.82998;-49.24545;-16.82998;-49.24545;;ALTO;sem numero de porta
909;Ultragaz-motogas;;endereco;Rua Guarujá, 16-20, Jardim Ipiranga, Aparecida de Goiânia - GO, 74968-110, Brasil;Rua Guaruja 16 20 Jardim Ipiranga Aparecida de Goiania GO 74968140 Brazil;Aparecida de Goiânia;GO;74968140;-16.82074;-49.26233;-16.82074;-49.26233;;ALTO;sem numero de porta
910;NaturalGás - Revenda de Gás em Cidade Ocidental;;endereco;Rua Um Quadra 41, 56, Parque Araguari, Cidade Ocidental - GO, 72885-232, Brasil;Rua Um Quadra 41 Cidade Ocidental GO 72870000 Brazil;Cidade Ocidental;GO;72870000;-16.11178;-47.95399;-16.11178;-47.95399;56 Parque Araguari;MEDIO;CEP generico de cidade, nao de rua (2,4x mais falha)
911;BLUE GÁS;;endereco;Avenida Dário de Paiva, 500, Goiás - GO, 76600-000, Brasil;Avenida Dario de Paiva 500 Goias GO 76600000 Brazil;Goiás;GO;76600000;-15.94378;-50.13829;-15.94378;-50.13829;;MEDIO;CEP generico de cidade, nao de rua (2,4x mais falha)
912;Cabral Gás, gás e água mineral;;endereco;Rua do Aeroporto, 422, Goiás - GO, 76600-000, Brasil;Rua do Aeroporto 422 Goias GO 76600000 Brazil;Goiás;GO;76600000;-15.94307;-50.15053;-15.94307;-50.15053;;MEDIO;CEP generico de cidade, nao de rua (2,4x mais falha)
913;Depósito de Gás;;endereco;GO-070, Davidópolis, Goiás - GO, 76600-000, Brasil;GO 070 Davidopolis Goias GO 76600000 Brazil;Goiás;GO;76600000;-15.96656;-50.11547;-15.96656;-50.11547;;ALTO;"sem numero de porta; CEP generico de cidade, nao de rua (2,4x mais falha)"
914;Afonso Comercial de Gás;;endereco;Avenida Piratininga, 1-1, Parque Amazônia, Goiânia - GO, 74835-160, Brasil;Avenida Piratininga 1 1 Parque Amazonia Goiania GO 74835160 Brazil;Goiânia;GO;74835160;-16.73104;-49.26592;-16.73104;-49.26592;;ALTO;sem numero de porta
915;Ale Gás- supergasbras;;endereco;Rua Vinte e Um, 1-17, Jardim Goiás, Goiânia - GO, 74805-240, Brasil;Rua Vinte e Um 1 17 Jardim Goias Goiania GO 74805240 Brazil;Goiânia;GO;74805240;-16.69093;-49.24285;-16.69093;-49.24285;;ALTO;sem numero de porta
916;ALÔ GÁS;;endereco;Rua C-137, 295-14, Jardim América, Goiânia - GO, 74275-060, Brasil;Rua C 137 295 14 Jardim America Goiania GO 74275060 Brazil;Goiânia;GO;74275060;-16.7144;-49.2927;-16.7144;-49.2927;;ALTO;sem numero de porta
917;Amaral Gás e Água Mineral;;endereco;Rua Matupa, 223-14, Parque Amazônia, Goiânia - GO, 74835-490, Brasil;Rua Matupa 223 14 Parque Amazonia Goiania GO 74835490 Brazil;Goiânia;GO;74835490;-16.7259;-49.28037;-16.7259;-49.28037;;ALTO;sem numero de porta
918;América Gàs;;endereco;Avenida C-104, 490, Jardim América, Goiânia - GO, 74250-030, Brasil;Avenida C 104 490 Goiania GO 74250030 Brazil;Goiânia;GO;74250030;-16.7079;-49.28954;-16.7079;-49.28954;Jardim América;;
919;Areião Gás e Água;;endereco;Alameda Mário Caiado, 11-13, Pedro Ludovico, Goiânia - GO, 74820-070, Brasil;Alameda Mario Caiado 11 13 Pedro Ludovico Goiania GO 74820070 Brazil;Goiânia;GO;74820070;-16.70365;-49.24983;-16.70365;-49.24983;;ALTO;sem numero de porta
920;Aurora Gas;;endereco;Rua Dilermano Orsida, 8-195, Cidade Jardim, Goiânia - GO, 74403-020, Brasil;Rua Dilermano Orsida 8 195 Cidade Jardim Goiania GO 74403020 Brazil;Goiânia;GO;74403020;-16.67741;-49.29987;-16.67741;-49.29987;;ALTO;sem numero de porta
921;Barão Gás Ultragaz;;endereco;Farmagyn, Avenida Quarta Radial Quadra 12, 646, Pedro Ludovico, Goiânia - GO, 74830-065, Brasil;Avenida Quarta Radial Quadra 12 Goiania GO 74830130 Brazil;Goiânia;GO;74830130;-16.72289;-49.26018;-16.72289;-49.26018;646 Pedro Ludovico;;
922;Chama Viva | Depósito de Gás em Goiânia;;endereco;Avenida Santo Afonso, 243, Aeroviários, Goiânia - GO, 74440-280, Brasil;Avenida Santo Afonso 243 Goiania GO 74440280 Brazil;Goiânia;GO;74440280;-16.66108;-49.29945;-16.66108;-49.29945;Aeroviários;;
923;Cielly Gás;;endereco;Avenida Piratininga, 1-1, Parque Amazônia, Goiânia - GO, 74835-160, Brasil;Avenida Piratininga 1 1 Parque Amazonia Goiania GO 74835160 Brazil;Goiânia;GO;74835160;-16.73104;-49.26592;-16.73104;-49.26592;;ALTO;sem numero de porta
924;Circular Gás - Revenda Supergasbras;;endereco;Avenida Circular, 117-8, Pedro Ludovico, Goiânia - GO, 74823-020, Brasil;Avenida Circular 117 8 Pedro Ludovico Goiania GO 74823020 Brazil;Goiânia;GO;74823020;-16.71442;-49.25098;-16.71442;-49.25098;;ALTO;sem numero de porta
925;Cooper Gás Brasil | Gás em Goiânia | Distribuidora | Atacadista | Disk Gás e água;;endereco;Rua A-19, 12-11, Mutirão e Curitiba, Goiânia - GO, 74477-034, Brasil;Rua A 19 12 11 Mutirao e Curitiba Goiania GO 74477012 Brazil;Goiânia;GO;74477012;-16.60488;-49.3451;-16.60488;-49.3451;;ALTO;sem numero de porta
926;Cristal Gás;;endereco;Rua Alípio Mendes, 512, Cidade Jardim, Goiânia - GO, 74425-320, Brasil;Rua Alipio Mendes 512 Goiania GO 74425320 Brazil;Goiânia;GO;74425320;-16.67285;-49.3109;-16.67285;-49.3109;Cidade Jardim;;
927;CW Distribuidora de Gás e Água;;endereco;Rua Duzentos e Cinquenta, 32-89, Coimbra, Goiânia - GO, 74533-140, Brasil;Rua Duzentos e Cinquenta 32 89 Coimbra Goiania GO 74533140 Brazil;Goiânia;GO;74533140;-16.68473;-49.28486;-16.68473;-49.28486;;ALTO;sem numero de porta
928;César Gás;;endereco;Rua Gb - 19, Rua Gb-19, Jardim Guanabara, Goiânia - GO, 74683-591, Brasil;Rua Gb 19 Goiania GO 74680770 Brazil;Goiânia;GO;74680770;-16.61208;-49.21304;-16.61208;-49.21304;Rua Gb-19 Jardim Guanabara;;
929;Depósito Camargos Gás e Água Mineral;;endereco;Avenida Segunda Radial, 47-13, Pedro Ludovico, Goiânia - GO, 74820-090, Brasil;Avenida Segunda Radial 47 13 Pedro Ludovico Goiania GO 74820900 Brazil;Goiânia;GO;74820900;-16.71238;-49.24597;-16.71238;-49.24597;;ALTO;sem numero de porta
930;Depósito de Gás Cardoso;;endereco;Avenida C-6, 46-31, Jardim América, Goiânia - GO, 74265-060, Brasil;Avenida C 6 46 31 Jardim America Goiania GO 74265120 Brazil;Goiânia;GO;74265120;-16.6938;-49.29235;-16.6938;-49.29235;;ALTO;sem numero de porta
931;Depósito de Gás e água WJ;;endereco;Rua Matupa, 223-14, Parque Amazônia, Goiânia - GO, 74835-490, Brasil;Rua Matupa 223 14 Parque Amazonia Goiania GO 74835300 Brazil;Goiânia;GO;74835300;-16.7259;-49.28037;-16.7259;-49.28037;;ALTO;sem numero de porta
932;DISK GÁS - GOIÂNIA REGIÃO SUL;;endereco;Rua Benjamin Constant, 6-9, Parque das Laranjeiras, Goiânia - GO, 74850-350, Brasil;Rua Benjamin Constant 6 9 Parque das Laranjeiras Goiania GO 74850350 Brazil;Goiânia;GO;74850350;-16.72913;-49.23321;-16.72913;-49.23321;;ALTO;sem numero de porta
933;DISTRIBUIDORA DE GÁS - CESAR GÁS;;endereco;Avenida Gercina Borges Teixeira, 47-13, Vera Cruz, Goiânia - GO, 74493-060, Brasil;Avenida Gercina Borges Teixeira 47 13 Vera Cruz Goiania GO 74493060 Brazil;Goiânia;GO;74493060;-16.67926;-49.38608;-16.67926;-49.38608;;ALTO;sem numero de porta
934;Distribuidora de Gás e Água Mineral Eldorado;;endereco;Rua C-159, 247-14, Jardim América, Goiânia - GO, 74255-140, Brasil;Rua C 159 247 14 Jardim America Goiania GO 74255140 Brazil;Goiânia;GO;74255140;-16.7075;-49.29187;-16.7075;-49.29187;;ALTO;sem numero de porta
935;Esquina Gás;;endereco;Rua Seis, 8-17, Marechal Rondon, Goiânia - GO, 74550-490, Brasil;Rua Seis 8 17 Marechal Rondon Goiania GO 74553100 Brazil;Goiânia;GO;74553100;-16.66312;-49.28384;-16.66312;-49.28384;;ALTO;sem numero de porta
936;Família Comércio de Gás e Água - Revenda Liquigás (Teste);;endereco;Avenida C-8, 690, Sudoeste, Goiânia - GO, 74305-110, Brasil;Avenida C 8 690 Goiania GO 74305110 Brazil;Goiânia;GO;74305110;-16.69505;-49.29674;-16.69505;-49.29674;Sudoeste;;
937;GasLar | Depósito de Gás de Cozinha | Goiânia;;endereco;Rua Mil e Vinte e Um, 56-1, Pedro Ludovico, Goiânia - GO, 74820-340, Brasil;Rua Mil e Vinte e Um 56 1 Pedro Ludovico Goiania GO 74820280 Brazil;Goiânia;GO;74820280;-16.71138;-49.24906;-16.71138;-49.24906;;ALTO;sem numero de porta
938;GG Gás;;endereco;Avenida Mantiqueira, 527, Urias Magalhães, Goiânia - GO, 74573-240, Brasil;Avenida Mantiqueira 527 Goiania GO 74573240 Brazil;Goiânia;GO;74573240;-16.63558;-49.27928;-16.63558;-49.27928;Urias Magalhães;;
939;GOIÁS GÁS;;endereco;Avenida Padre Wendel Quadra 11, 23, Aeroviários, Goiânia - GO, 74440-250, Brasil;Avenida Padre Wendel Quadra 11 Goiania GO 74515030 Brazil;Goiânia;GO;74515030;-16.66392;-49.29677;-16.66392;-49.29677;23 Aeroviários;;
940;Golden Gás Comercial;;endereco;Rua Ângelo Amorim, 102-10, Finsocial, Goiânia - GO, 74475-049, Brasil;Rua Angelo Amorim 102 10 Finsocial Goiania GO 74475049 Brazil;Goiânia;GO;74475049;-16.60701;-49.32927;-16.60701;-49.32927;;ALTO;sem numero de porta
941;Gordinho Gás e Água;;endereco;Avenida Bela Vista, Parque das Laranjeiras, Goiânia - GO, 74863-050, Brasil;Avenida Bela Vista Goiania GO 74863050 Brazil;Goiânia;GO;74863050;-16.73533;-49.23346;-16.73533;-49.23346;Parque das Laranjeiras;ALTO;sem numero de porta
942;Gás Alves Ultragaz P5 - P13 - P20 - P45;;endereco;Avenida Lúcio Rebelo, 14-17, Finsocial, Goiânia - GO, 74594-110, Brasil;Avenida Lucio Rebelo 14 17 Finsocial Goiania GO 74594110 Brazil;Goiânia;GO;74594110;-16.62292;-49.30685;-16.62292;-49.30685;;ALTO;sem numero de porta
943;Gás Bom - Crimeia Oeste - Gás de Cozinha, Gás, Entrega de Gás, Agua Mineral, Entrega de Agua;;endereco;Rua Doutor José Joaquim de Souza, 165, Marechal Rondon, Goiânia - GO, 74563-180, Brasil;Rua Doutor Jose Joaquim de Souza 165 Goiania GO 74563190 Brazil;Goiânia;GO;74563190;-16.6528;-49.26913;-16.6528;-49.26913;Marechal Rondon;;
944;Gás Bonfim;;endereco;Rua Nove, 127, Marechal Rondon, Goiânia - GO, 74550-520, Brasil;Rua Nove 127 Goiania GO 74550400 Brazil;Goiânia;GO;74550400;-16.66114;-49.28708;-16.66114;-49.28708;Marechal Rondon;;
945;GÁS DA 85;;endereco;Dimitry e Vilarinho Advogados Associados, Avenida 85, Sul, Goiânia - GO, 74120-090, Brasil;Avenida 85 Goiania GO 74080010 Brazil;Goiânia;GO;74080010;-16.6907;-49.26163;-16.6907;-49.26163;Sul;ALTO;logradouro sem nome
946;GÁS DE COZINHA PROXIMO - ADEGÁS;;endereco;Avenida Ef-9, 2-13, Parque Santa Rita, Goiânia - GO, 74392-095, Brasil;Avenida Ef 9 2 13 Parque Santa Rita Goiania GO 74392095 Brazil;Goiânia;GO;74392095;-16.72868;-49.35955;-16.72868;-49.35955;;ALTO;sem numero de porta
947;Gás e água delivery Gyn;;endereco;Rua Dois, 168, Leste Universitário, Goiânia - GO, 74615-060, Brasil;Rua Dois 168 Goiania GO 74615060 Brazil;Goiânia;GO;74615060;-16.67217;-49.22998;-16.67217;-49.22998;Leste Universitário;;
948;GÁS E ÁGUA MINERAL;;endereco;Rua C-161, 295-15, Jardim América, Goiânia - GO, 74255-120, Brasil;Rua C 161 295 15 Jardim America Goiania GO 74275060 Brazil;Goiânia;GO;74275060;-16.71422;-49.29247;-16.71422;-49.29247;;ALTO;sem numero de porta
949;Gás e água Tavares;;endereco;Rua Divisa, 254-1, Finsocial, Goiânia - GO, 74445-305, Brasil;Rua Divisa 254 1 Finsocial Goiania GO 74475810 Brazil;Goiânia;GO;74475810;-16.61055;-49.32205;-16.61055;-49.32205;;ALTO;sem numero de porta
950;Gás Forte - distribuidora de gás GLP;;endereco;Rua Travessa Seis Quadra 11, 10-3, João Braz, Goiânia - GO, 74483-604, Brasil;Rua Travessa Seis Quadra 11 Goiania GO 74483604 Brazil;Goiânia;GO;74483604;-16.68886;-49.34513;-16.68886;-49.34513;10-3 João Braz;;
951;Gás Leste Oeste - Revenda autorizada Ultragaz;;endereco;Rua Cinco, 90, Aeroporto, Goiânia - GO, 74075-085, Brasil;Rua Cinco 90 Goiania GO 74075085 Brazil;Goiânia;GO;74075085;-16.66522;-49.26736;-16.66522;-49.26736;Aeroporto;;
952;Gás Novo Horizonte (ULTRAGAZ);;endereco;Odonto Ville, Avenida Maurício Gomes Ribeiro, 20, Novo Horizonte, Goiânia - GO, 74363-800, Brasil;Avenida Mauricio Gomes Ribeiro 20 Goiania GO 74363800 Brazil;Goiânia;GO;74363800;-16.72545;-49.31844;-16.72545;-49.31844;Novo Horizonte;;
953;GÁS PANTALEAO;;endereco;Avenida Veneza, 80-4, Jardim Europa, Goiânia - GO, 74325-100, Brasil;Avenida Veneza 80 4 Jardim Europa Goiania GO 74325100 Brazil;Goiânia;GO;74325100;-16.71242;-49.31462;-16.71242;-49.31462;;ALTO;sem numero de porta
954;Gás Resende;;endereco;Avenida Veneza, Novo Horizonte, Goiânia - GO, 74363-800, Brasil;Avenida Veneza Goiania GO 74363800 Brazil;Goiânia;GO;74363800;-16.71547;-49.31488;-16.71547;-49.31488;Novo Horizonte;ALTO;sem numero de porta
955;Gás Santa Helena;;endereco;Rua I, 106, Marechal Rondon, Goiânia - GO, 74555-050, Brasil;Rua I 106 Goiania GO 74555250 Brazil;Goiânia;GO;74555250;-16.6566;-49.28233;-16.6566;-49.28233;Marechal Rondon;;
956;Gás Tropical - Distribuidora de Gás P-13 / P-20 / P-45;;endereco;Rua Duzentos e Setenta e Seis, 26-24, Coimbra, Goiânia - GO, 74533-110, Brasil;Rua Duzentos e Setenta e Seis 26 24 Coimbra Goiania GO 74533110 Brazil;Goiânia;GO;74533110;-16.68488;-49.28358;-16.68488;-49.28358;;ALTO;sem numero de porta
957;Honoráto Gás;;endereco;Avenida Brasília, 195, Campus Universitário, Goiânia - GO, 74685-765, Brasil;Avenida Brasilia 195 Goiania GO 74685110 Brazil;Goiânia;GO;74685110;-16.61618;-49.24824;-16.61618;-49.24824;Campus Universitário;;
958;Imperial Gás;;endereco;Rua C-149, 381-1, Jardim América, Goiânia - GO, 74275-080, Brasil;Rua C 149 381 1 Jardim America Goiania GO 74275080 Brazil;Goiânia;GO;74275080;-16.71745;-49.28248;-16.71745;-49.28248;;ALTO;sem numero de porta
959;Jr Gás - Revenda Liquigás;;endereco;Jr Gás - Revenda Liquigás, Rua Pasteur, Jardim Europa, Goiânia - GO, 74325-125, Brasil;Rua Pasteur Goiania GO 74885100 Brazil;Goiânia;GO;74885100;-16.71994;-49.30595;-16.71994;-49.30595;Jardim Europa;ALTO;sem numero de porta
960;Kim Gás;;endereco;Rua Duzentos e Trinta e Nove, 89-14, Leste Universitário, Goiânia - GO, 74605-070, Brasil;Rua Duzentos e Trinta e Nove 89 14 Leste Universitario Goiania GO 74605120 Brazil;Goiânia;GO;74605120;-16.67901;-49.24662;-16.67901;-49.24662;;ALTO;sem numero de porta
961;Ligue Gás Goiânia;;endereco;Avenida C-2, 332, Bueno, Goiânia - GO, 74265-020, Brasil;Avenida C 2 332 Goiania GO 74265020 Brazil;Goiânia;GO;74265020;-16.69315;-49.28663;-16.69315;-49.28663;Bueno;;
962;LR DISTRIBUIDORA - DE BEBIDAS GÁS E ÁGUA;;endereco;Avenida Araguaia, 993, Central, Goiânia - GO, 74030-100, Brasil;Avenida Araguaia 993 Goiania GO 74030100 Brazil;Goiânia;GO;74030100;-16.67006;-49.25398;-16.67006;-49.25398;Central;;
963;Maracanã Gás | Gás de Cozinha | Gás Perto de Mim | Gás | Gas Goiania;;endereco;Estrada São de João, 212, Goiânia - GO, 74482-130, Brasil;Estrada Sao de Joao 212 Goiania GO 74482130 Brazil;Goiânia;GO;74482130;-16.61243;-49.3569;-16.61243;-49.3569;;ALTO;endereco de rodovia (57-67% falharam)
964;Marques Gás - Gás de Cozinha em Goiânia Unidade Vila Nova;;endereco;Avenida Independência, 1117, Vila Nova, Goiânia - GO, 74633-355, Brasil;Avenida Independencia 1117 Goiania GO 74645010 Brazil;Goiânia;GO;74645010;-16.66951;-49.23651;-16.66951;-49.23651;Vila Nova;;
965;Nacional Gás;;endereco;Rua 11 de Janeiro, 59, Cidade Jardim, Goiânia - GO, 74425-100, Brasil;Rua 11 de Janeiro 59 Goiania GO 74425160 Brazil;Goiânia;GO;74425160;-16.67599;-49.30565;-16.67599;-49.30565;Cidade Jardim;;
966;Nana Gás;;endereco;Alameda P-2, 650, Campinas, Goiânia - GO, 74543-030, Brasil;Alameda P 2 650 Goiania GO 74543030 Brazil;Goiânia;GO;74543030;-16.66881;-49.27576;-16.66881;-49.27576;Campinas;;
967;Nosso Gás - Supergasbras - P13 - P20 - P45;;endereco;Rua Cônego Luiz Vieira, 161, Cidade Jardim, Goiânia - GO, 74423-380, Brasil;Rua Conego Luiz Vieira 161 Goiania GO 74423380 Brazil;Goiânia;GO;74423380;-16.68353;-49.31299;-16.68353;-49.31299;Cidade Jardim;;
968;Novo Mundo Gás;;endereco;Avenida Canaã, 159-19, Jardim Novo Mundo, Goiânia - GO, 74705-170, Brasil;Avenida Canaa 159 19 Jardim Novo Mundo Goiania GO 74705170 Brazil;Goiânia;GO;74705170;-16.67027;-49.22082;-16.67027;-49.22082;;ALTO;sem numero de porta
969;Prata Gas;;endereco;Avenida C-208, 217-17, Jardim América, Goiânia - GO, 74255-070, Brasil;Avenida C 208 217 17 Jardim America Goiania GO 74255140 Brazil;Goiânia;GO;74255140;-16.70376;-49.28607;-16.70376;-49.28607;;ALTO;sem numero de porta
970;Quero Gás;;endereco;Rua Coronel Felismino Viana, Marechal Rondon, Goiânia - GO, 74563-050, Brasil;Rua Coronel Felismino Viana Goiania GO 74563560 Brazil;Goiânia;GO;74563560;-16.6467;-49.26603;-16.6467;-49.26603;Marechal Rondon;ALTO;sem numero de porta
971;Quero Gás – Entrega Rápida de Gás de Cozinha em Goiânia;;endereco;Rua João Neves da Cunha, 13-11, Jardim Balneário Meia Ponte, Goiânia - GO, 74593-280, Brasil;Rua Joao Neves da Cunha 13 11 Jardim Balneario Meia Ponte Goiania GO 74593280 Brazil;Goiânia;GO;74593280;-16.62297;-49.28852;-16.62297;-49.28852;;ALTO;sem numero de porta
972;Rei Do Gas;;endereco;Avenida New York, 98-7, Jardim Novo Mundo, Goiânia - GO, 74710-010, Brasil;Avenida New York 98 7 Jardim Novo Mundo Goiania GO 74710010 Brazil;Goiânia;GO;74710010;-16.67902;-49.22508;-16.67902;-49.22508;;ALTO;sem numero de porta
973;Santa Isabel Gás Água Mineral - Revenda Liquigás;;endereco;Av. Lauricio Pedro Rasmussen, Avenida Laurício Pedro Rasmussem, Bairro Feliz, Goiânia - GO, 74630-330, Brasil;Avenida Lauricio Pedro Rasmussen Goiania GO 74633420 Brazil;Goiânia;GO;74633420;-16.66813;-49.23006;-16.66813;-49.23006;Avenida Laurício Pedro Rasmussem Bairro Feliz;ALTO;sem numero de porta
974;Shalom Gas;;endereco;Avenida Uruguaiana, 940, Jardim Novo Mundo, Goiânia - GO, 74715-010, Brasil;Avenida Uruguaiana 940 Goiania GO 74715010 Brazil;Goiânia;GO;74715010;-16.68713;-49.22253;-16.68713;-49.22253;Jardim Novo Mundo;;
975;SPLAYT GÁS ( GÁS E ÁGUA );;endereco;Sand Tico e Teco, Rua Coronel Joaquim Cunha Bastos, 305, Criméia Leste, Goiânia - GO, 74660-070, Brasil;Rua Coronel Joaquim Cunha Bastos 305 Goiania GO 74660180 Brazil;Goiânia;GO;74660180;-16.64695;-49.26006;-16.64695;-49.26006;Criméia Leste;;
976;Tuti Gás e Água;;endereco;Rua P-25, 331, Campinas, Goiânia - GO, 74550-010, Brasil;Rua P 25 331 Goiania GO 74543395 Brazil;Goiânia;GO;74543395;-16.66736;-49.28008;-16.66736;-49.28008;Campinas;;
977;Ultragaz Europa Gás;;endereco;Avenida Itália, 1973, Jardim Europa, Goiânia - GO, 74325-110, Brasil;Avenida Italia 1973 Goiania GO 74325110 Brazil;Goiânia;GO;74325110;-16.7144;-49.31051;-16.7144;-49.31051;Jardim Europa;;
978;ZOOM GÁS - Revenda de Gás nas Regiões Sul e Central de Goiânia;;endereco;Rua C-25, 40-19, Jardim América, Goiânia - GO, 74265-150, Brasil;Rua C 25 40 19 Jardim America Goiania GO 74265150 Brazil;Goiânia;GO;74265150;-16.69632;-49.29039;-16.69632;-49.29039;;ALTO;sem numero de porta
979;Alves Gás&Água;;endereco;Rua Setenta e Dois, 15, QD365-LT 15, Parque Estrela Dalva V, Luziânia - GO, 72806-150, Brasil;Rua Setenta e Dois 15 Luziania GO 72806160 Brazil;Luziânia;GO;72806160;-16.26171;-47.92386;-16.26171;-47.92386;QD365-LT 15 Parque Estrela Dalva V;;
980;Araujo Gás - Revenda Liquigás;;endereco;Rua Rodovaldo Roriz, 20, QD20-LT 20, Sion, Luziânia - GO, 72831-400, Brasil;Rua Rodovaldo Roriz 20 Luziania GO 72831400 Brazil;Luziânia;GO;72831400;-16.24031;-47.89935;-16.24031;-47.89935;QD20-LT 20 Sion;;
981;Atacadão do Gás;;endereco;Rua Dezoito, 36, QD19-LT 36, Setor Mandu II, Luziânia - GO, 72814-650, Brasil;Rua Dezoito 36 Luziania GO 72814540 Brazil;Luziânia;GO;72814540;-16.24856;-47.92578;-16.24856;-47.92578;QD19-LT 36 Setor Mandu II;;
982;Atacadão Gás E Água;;endereco;Rua Jaboticabal, 35, QD89-LT 35, Jardim do Ingá, Luziânia - GO, 72850-300, Brasil;Rua Jaboticabal 35 Luziania GO 72850300 Brazil;Luziânia;GO;72850300;-16.15059;-47.95417;-16.15059;-47.95417;QD89-LT 35 Jardim do Ingá;;
983;Caraíbas gás e bebidas;;endereco;Rua Quarenta e Três, Residencial Alto das Caraíbas, Luziânia - GO, 72813-180, Brasil;Rua Quarenta e Tres Luziania GO 72813180 Brazil;Luziânia;GO;72813180;-16.24133;-47.95025;-16.24133;-47.95025;Residencial Alto das Caraíbas;ALTO;sem numero de porta
984;Casa do Gás - Água Mineral e Gás;;endereco;Casa de Cigana-Artigos de Umbanda, Avenida Alfredo Nasser, Parque Estrela Dalva I, Luziânia - GO, 72804-010, Brasil;Avenida Alfredo Nasser Luziania GO 72833377 Brazil;Luziânia;GO;72833377;-16.25047;-47.92614;-16.25047;-47.92614;Parque Estrela Dalva I;ALTO;sem numero de porta
985;Coutinho Gás e Água;;endereco;Rua Perimetral, Vila Guará, Luziânia - GO, 72835-370, Brasil;Rua Perimetral Luziania GO 72834247 Brazil;Luziânia;GO;72834247;-16.2246;-47.91405;-16.2246;-47.91405;Vila Guará;ALTO;sem numero de porta
986;DEPOSITO CLARA GÁS;;endereco;Rua Oito, 6, QD49-LT 6, Luziânia - GO, Brasil;Rua Oito 6 Luziania GO Brazil;Luziânia;GO;;-16.2548;-47.93187;-16.2548;-47.93187;QD49-LT 6;;
987;Depòsito de gás;;endereco;Rua José Bonifácio, Parque Estrela Dalva I, Luziânia - GO, 72804-270, Brasil;Rua Jose Bonifacio Luziania GO 72800000 Brazil;Luziânia;GO;72800000;-16.25464;-47.91783;-16.25464;-47.91783;Parque Estrela Dalva I;ALTO;"sem numero de porta; CEP generico de cidade, nao de rua (2,4x mais falha)"
988;Depósito de gás (Gás Brasil);;endereco;Rua Paraná, 8, QD13-LT 8, São Caetano, Luziânia - GO, 72805-040, Brasil;Rua Parana 8 Luziania GO 72805040 Brazil;Luziânia;GO;72805040;-16.2611;-47.94187;-16.2611;-47.94187;QD13-LT 8 São Caetano;;
989;Dias Gás - Liquigás;;endereco;Avenida Doutor Neilor Rolim, 29, Parque Alvorada I, Luziânia - GO, 72836-330, Brasil;Avenida Doutor Neilor Rolim 29 Luziania GO 72836330 Brazil;Luziânia;GO;72836330;-16.20975;-47.92796;-16.20975;-47.92796;Parque Alvorada I;;
990;Disque Gás e Bebidas Papa Léguas;;endereco;Avenida Miguel Reale, 11, Luziânia - GO, 72804-170, Brasil;Avenida Miguel Reale 11 Luziania GO 72814710 Brazil;Luziânia;GO;72814710;-16.25671;-47.90859;-16.25671;-47.90859;;;
991;DM GÁS;;endereco;Rua Mococa, 24, QD7-LT 24, Jardim Jóckei Clube, Luziânia - GO, 72850-635, Brasil;Rua Mococa 24 Luziania GO 72850635 Brazil;Luziânia;GO;72850635;-16.13602;-47.96256;-16.13602;-47.96256;QD7-LT 24 Jardim Jóckei Clube;;
992;Ferreira Gás;;endereco;Rua Sessenta e Cinco, 1, QD320-LT 1, Luziânia - GO, Brasil;Rua Sessenta e Cinco 1 Luziania GO 72837220 Brazil;Luziânia;GO;72837220;-16.26329;-47.91766;-16.26329;-47.91766;QD320-LT 1;;
993;Flor do Ingua Gás;;endereco;Avenida Kisleu Dias Maciel, 2, QD139-LT 2, Parque Estrela Dalva II, Luziânia - GO, 72820-210, Brasil;Avenida Kisleu Dias Maciel 2 Luziania GO 72820210 Brazil;Luziânia;GO;72820210;-16.25132;-47.90933;-16.25132;-47.90933;QD139-LT 2 Parque Estrela Dalva II;;
994;Fortgas atacarejo de gas e agua;;endereco;Rua José Bonifácio, 3, Parque Estrela Dalva I, Luziânia - GO, 72804-270, Brasil;Rua Jose Bonifacio 3 Luziania GO 72804270 Brazil;Luziânia;GO;72804270;-16.25108;-47.91883;-16.25108;-47.91883;Parque Estrela Dalva I;;
995;Gabriel Gás;;endereco;Rua Doutor João Teixeira, 14, QD71A-LT 14, Centro, Luziânia - GO, 72800-440, Brasil;Rua Doutor Joao Teixeira 14 Luziania GO 72800440 Brazil;Luziânia;GO;72800440;-16.24937;-47.95313;-16.24937;-47.95313;QD71A-LT 14 Centro;;
996;GAS MAGILIANO SUPER NATURAL;;endereco;Rua Goiandira, 15, QD37-LT 15, São Caetano, Luziânia - GO, 72805-260, Brasil;Rua Goiandira 15 Luziania GO 72800000 Brazil;Luziânia;GO;72800000;-16.26305;-47.93715;-16.26305;-47.93715;QD37-LT 15 São Caetano;MEDIO;CEP generico de cidade, nao de rua (2,4x mais falha)
997;Grupo Campeão Gás - Luziânia;;endereco;Avenida Doutor Neilor Rolim, Parque Alvorada I, Luziânia - GO, 72815-560, Brasil;Avenida Doutor Neilor Rolim Luziania GO 72815450 Brazil;Luziânia;GO;72815450;-16.21974;-47.93384;-16.21974;-47.93384;Parque Alvorada I;ALTO;sem numero de porta
998;Grupo Gás Águia;;endereco;Rua Doutor Rui Carneiro, Qd 4, Rosário, Luziânia - GO, 72812-130, Brasil;Rua Doutor Rui Carneiro Qd 4 Luziania GO 72804040 Brazil;Luziânia;GO;72804040;-16.24887;-47.94993;-16.24887;-47.94993;Rosário;;
999;Gás Alves;;endereco;Avenida Adolfo Rodrigues, 1, QD23-LT 1B, Engenheiro Jofre Parada, Luziânia - GO, Brasil;Avenida Adolfo Rodrigues 1 Luziania GO 72800000 Brazil;Luziânia;GO;72800000;-16.24814;-47.9615;-16.24814;-47.9615;QD23-LT 1B Engenheiro Jofre Parada;MEDIO;CEP generico de cidade, nao de rua (2,4x mais falha)
1000;Gás Cristo Rei;;endereco;Rua Ataulfo Alves, 4, QD25-LT 4, Parque Estrela Dalva I, Luziânia - GO, 72804-290, Brasil;Rua Ataulfo Alves 4 Luziania GO 72804290 Brazil;Luziânia;GO;72804290;-16.25574;-47.92037;-16.25574;-47.92037;QD25-LT 4 Parque Estrela Dalva I;;
1001;Gás Cristo Rei;;endereco;Avenida Santa Maria, 1, QD30-LT 1A, Setor Aeroporto, Luziânia - GO, 72801-020, Brasil;Avenida Santa Maria 1 Luziania GO 72801020 Brazil;Luziânia;GO;72801020;-16.25744;-47.95912;-16.25744;-47.95912;QD30-LT 1A Setor Aeroporto;;
1002;Gás e Água Lima;;endereco;Rua Plácido de Paiva, 22, QD132-LT 22, Setor Fumal, Luziânia - GO, 72801-670, Brasil;Rua Placido de Paiva 22 Luziania GO 72801670 Brazil;Luziânia;GO;72801670;-16.27049;-47.95312;-16.27049;-47.95312;QD132-LT 22 Setor Fumal;;
1003;Gás Santa Luzia;;endereco;Avenida Cardeal Arcoverde, 7, Santa Luzia, Luziânia - GO, 72803-060, Brasil;Avenida Cardeal Arcoverde 7 Luziania GO 72803060 Brazil;Luziânia;GO;72803060;-16.25547;-47.94579;-16.25547;-47.94579;Santa Luzia;;
1004;Imperio gas e distribuidora de bebidas;;endereco;Rua José de Andrade Pimenta, 9, Sion, Luziânia - GO, 72831-430, Brasil;Rua Jose de Andrade Pimenta 9 Luziania GO 72823040 Brazil;Luziânia;GO;72823040;-16.24414;-47.90024;-16.24414;-47.90024;Sion;;
1005;Império Gás;;endereco;Rua Benjamim Roriz, 16, QD46-LT 16, Diogo Machado de Araújo, Luziânia - GO, 72810-200, Brasil;Rua Benjamim Roriz 16 Luziania GO 72801174 Brazil;Luziânia;GO;72801174;-16.25339;-47.96162;-16.25339;-47.96162;QD46-LT 16 Diogo Machado de Araújo;;
1006;Império Gás Luziânia;;endereco;Rua Quatro, 18, QD14-LT 18, Jardim Brasília Sul, Luziânia - GO, 72823-040, Brasil;Rua Quatro 18 Luziania GO 72823040 Brazil;Luziânia;GO;72823040;-16.24739;-47.90039;-16.24739;-47.90039;QD14-LT 18 Jardim Brasília Sul;;
1007;J & J Gás;;endereco;Rua Santiago Dantas, 8, QD5-LT 8, Parque Estrela Dalva I, Luziânia - GO, 72804-360, Brasil;Rua Santiago Dantas 8 Luziania GO 72800000 Brazil;Luziânia;GO;72800000;-16.25459;-47.91432;-16.25459;-47.91432;QD5-LT 8 Parque Estrela Dalva I;MEDIO;CEP generico de cidade, nao de rua (2,4x mais falha)
1008;JB Gás e Água Mineral;;endereco;Avenida Alfredo Nasser-Pista Lateral, Parque Estrela Dalva II, Luziânia - GO, 72820-360, Brasil;Avenida Alfredo Nasser Pista Lateral Luziania GO 72800000 Brazil;Luziânia;GO;72800000;-16.24501;-47.90821;-16.24501;-47.90821;Parque Estrela Dalva II;ALTO;"sem numero de porta; CEP generico de cidade, nao de rua (2,4x mais falha)"
1009;joãozinho gás e água;;endereco;Rua Seis, 19, QD75-LT 19, Luziânia - GO, Brasil;Rua Seis 19 Luziania GO 72803440 Brazil;Luziânia;GO;72803440;-16.25909;-47.92435;-16.25909;-47.92435;QD75-LT 19;;
1010;Leila Gás;;endereco;Netinho Rodas e Suspensões Preparadas, Avenida Dez, Parque Estrela Dalva VII, Luziânia - GO, 72830-130, Brasil;Avenida Dez Luziania GO 72810100 Brazil;Luziânia;GO;72810100;-16.24297;-47.92329;-16.24297;-47.92329;Parque Estrela Dalva VII;ALTO;sem numero de porta
1011;Master Gás;;endereco;Avenida Dois, Qd 99, Luziânia - GO, Brasil;Avenida Dois Qd 99 Luziania GO 72855098 Brazil;Luziânia;GO;72855098;-16.15047;-47.9381;-16.15047;-47.9381;;;
1012;NATURAL GÁS - Gás e Água em Luziânia;;endereco;Natural Gás e Água, Rua Vinte e Sete, Parque Jk, Luziânia - GO, 72815-470, Brasil;Rua Vinte e Sete Luziania GO 72833000 Brazil;Luziânia;GO;72833000;-16.23835;-47.94188;-16.23835;-47.94188;Parque Jk;ALTO;"sem numero de porta; CEP generico de cidade, nao de rua (2,4x mais falha)"
1013;Natural Gás - Gás e Água em Luziânia;;endereco;Avenida Ismar Gonçalves, 297000, Luziânia - GO, Brasil;Avenida Ismar Goncalves 297000 Luziania GO 72821350 Brazil;Luziânia;GO;72821350;-16.26085;-47.91397;-16.26085;-47.91397;;;
1014;PG gás;;endereco;Rua Juscelino Kubitschek, 3, QD19-LT 3, Centro, Luziânia - GO, 72855-645, Brasil;Rua Juscelino Kubitschek 3 Luziania GO 72815510 Brazil;Luziânia;GO;72815510;-16.25692;-47.95558;-16.25692;-47.95558;QD19-LT 3 Centro;;
1015;Pinguim Gás;;endereco;Rua Ataulfo Alves, 2, QD27-LT 2, Parque Estrela Dalva I, Luziânia - GO, 72804-290, Brasil;Rua Ataulfo Alves 2 Luziania GO 72804290 Brazil;Luziânia;GO;72804290;-16.25462;-47.92013;-16.25462;-47.92013;QD27-LT 2 Parque Estrela Dalva I;;
1016;Pontual Gas;;endereco;Avenida Claro Carneiro de Mendonça, Qd 103-Lt 14, Setor Mandu, Luziânia - GO, 72815-010, Brasil;Avenida Claro Carneiro de Mendonca Qd 103 Lt 14 Luziania GO 72815480 Brazil;Luziânia;GO;72815480;-16.24213;-47.9369;-16.24213;-47.9369;Setor Mandu;;
1017;Rezende Gás;;endereco;Avenida Miguel Reale, 23, QD46-LT 23, Setor Mandu II, Luziânia - GO, 72814-790, Brasil;Avenida Miguel Reale 23 Luziania GO 72814800 Brazil;Luziânia;GO;72814800;-16.24734;-47.93046;-16.24734;-47.93046;QD46-LT 23 Setor Mandu II;;
1018;Ribeiro Gás;;endereco;Rua Sete de Abril, 3, QD1-LT 3, Setor Presidente Kennedy, Luziânia - GO, 72810-580, Brasil;Rua Sete de Abril 3 Luziania GO 72810580 Brazil;Luziânia;GO;72810580;-16.24463;-47.95846;-16.24463;-47.95846;QD1-LT 3 Setor Presidente Kennedy;;
1019;Roberto Gás Luziania;;endereco;Avenida Contorno, 11, QD262-LT 11, Luziânia - GO, 72804-020, Brasil;Avenida Contorno 11 Luziania GO 72821175 Brazil;Luziânia;GO;72821175;-16.25718;-47.91139;-16.25718;-47.91139;QD262-LT 11;;
1020;Sousa Gás;;endereco;Rua Nove, 28, QD47-LT 28, Parque Santa Fé, Luziânia - GO, 72834-140, Brasil;Rua Nove 28 Luziania GO 72834140 Brazil;Luziânia;GO;72834140;-16.21987;-47.91851;-16.21987;-47.91851;QD47-LT 28 Parque Santa Fé;;
1021;Rogério Gás E Agua;;endereco;Rua Vinte e Sete, Novo Gama - GO, 72862-402, Brasil;Rua Vinte e Sete Novo Gama GO 72860432 Brazil;Novo Gama;GO;72860432;-16.05163;-48.0273;-16.05163;-48.0273;;ALTO;sem numero de porta
1022;Saga Gás e Água;;endereco;Avenida Rui Barbosa, Palmeiras de Goiás - GO, 76190-000, Brasil;Avenida Rui Barbosa Palmeiras de Goias GO 76190000 Brazil;Palmeiras de Goiás;GO;76190000;-16.82149;-49.92548;-16.82149;-49.92548;;ALTO;"sem numero de porta; CEP generico de cidade, nao de rua (2,4x mais falha)"
1023;Piauí Gás e Água;;endereco;Rua Treze B, Planaltina - GO, 73750-110, Brasil;Rua Treze B Planaltina GO 73754206 Brazil;Planaltina;GO;73754206;-15.47533;-47.60388;-15.47533;-47.60388;;ALTO;sem numero de porta
1024;Amigão gás;;endereco;Rua L Cinco, Vila Borges Prol A, Rio Verde - GO, 75909-685, Brasil;Rua L Cinco Rio Verde GO 75902886 Brazil;Rio Verde;GO;75902886;-17.77988;-50.93354;-17.77988;-50.93354;Vila Borges Prol A;ALTO;sem numero de porta
1025;AQUI TEM. DISTRIBUIDORA DE ÁGUA E GÁS LTDA;;endereco;Rua Túlio Jaime, 1, QD11-CS 01, Vila Rosalina, Rio Verde - GO, 75902-660, Brasil;Rua Tulio Jaime 1 Rio Verde GO 75902740 Brazil;Rio Verde;GO;75902740;-17.78003;-50.92889;-17.78003;-50.92889;QD11-CS 01 Vila Rosalina;;
1026;Click gás;;endereco;Rua Antônio Bernadino de Ataides, 303, QD12-CS 01, Jardim Goiás, Rio Verde - GO, 75903-174, Brasil;Rua Antonio Bernadino de Ataides 303 Rio Verde GO 75903174 Brazil;Rio Verde;GO;75903174;-17.78933;-50.92197;-17.78933;-50.92197;QD12-CS 01 Jardim Goiás;;
1027;Cristal Gás;;endereco;Avenida Sul Goiânia, 89, QD2, Vila Mutirão, Rio Verde - GO, 75905-612, Brasil;Avenida Sul Goiania 89 Rio Verde GO 75905612 Brazil;Rio Verde;GO;75905612;-17.79746;-50.91353;-17.79746;-50.91353;QD2 Vila Mutirão;;
1028;Deposito Sena Gás e Agua Mineral;;endereco;Rua do Angico, 1391, QD59, Lot. Residencial Gameleira, Rio Verde - GO, 75906-760, Brasil;Rua do Angico 1391 Rio Verde GO 75906760 Brazil;Rio Verde;GO;75906760;-17.80187;-50.90992;-17.80187;-50.90992;QD59 Lot. Residencial Gameleira;;
1029;Depósito de Gás Santo Agostinho;;endereco;Rua Almiro de Moraes, 1, Setor Central, Rio Verde - GO, 75901-150, Brasil;Rua Almiro de Moraes 1 Rio Verde GO 75904448 Brazil;Rio Verde;GO;75904448;-17.79754;-50.92648;-17.79754;-50.92648;Setor Central;;
1030;Depósito Gás Gameleira;;endereco;Rua Rg 3, 15, Lot. Residencial Gameleira II Etapa, Rio Verde - GO, 75906-841, Brasil;Rua Rg 3 Rio Verde GO 75906818 Brazil;Rio Verde;GO;75906818;-17.81343;-50.91128;-17.81343;-50.91128;15 Lot. Residencial Gameleira II Etapa;;
1031;Dias Gás & Agua Mineral;;endereco;Rua Eurico Gaspar Dutra, 123, Vila Borges Prol, Rio Verde - GO, 75902-700, Brasil;Rua Eurico Gaspar Dutra 123 Rio Verde GO 75902720 Brazil;Rio Verde;GO;75902720;-17.78032;-50.92584;-17.78032;-50.92584;Vila Borges Prol;;
1032;Disk Gás - Distribuidora de Gás Rio Verde;;endereco;Rua Rio Verde, 240, QD9, Vila Maria, Rio Verde - GO, 75905-330, Brasil;Rua Rio Verde 240 Rio Verde GO 75905330 Brazil;Rio Verde;GO;75905330;-17.78677;-50.91125;-17.78677;-50.91125;QD9 Vila Maria;;
1033;Disk Gás II;;endereco;Rua Cento e Vinte e Seis, 17, QD23, Jardim Presidente, Rio Verde - GO, 75908-330, Brasil;Rua Cento e Vinte e Seis 17 Rio Verde GO 75900000 Brazil;Rio Verde;GO;75900000;-17.80655;-50.94716;-17.80655;-50.94716;QD23 Jardim Presidente;MEDIO;CEP generico de cidade, nao de rua (2,4x mais falha)
1034;Distribuidora Floresta Gás;;endereco;Rua Cinco, 259, Setor Industrial II, Rio Verde - GO, 75905-017, Brasil;Rua Cinco 259 Rio Verde GO 75905869 Brazil;Rio Verde;GO;75905869;-17.79577;-50.87839;-17.79577;-50.87839;Setor Industrial II;;
1035;Flavio Gás e Água;;endereco;Rua Laudemiro José Bueno, 850, Jardim América, Rio Verde - GO, 75902-510, Brasil;Rua Laudemiro Jose Bueno 850 Rio Verde GO 75902510 Brazil;Rio Verde;GO;75902510;-17.78855;-50.92765;-17.78855;-50.92765;Jardim América;;
1036;Gás Central Gás;;endereco;Avenida Jerônimo Martins, 508, QD5-CS 02, Parque Bandeirante, Rio Verde - GO, 75905-790, Brasil;Avenida Jeronimo Martins 508 Rio Verde GO 75900000 Brazil;Rio Verde;GO;75900000;-17.79675;-50.91681;-17.79675;-50.91681;QD5-CS 02 Parque Bandeirante;MEDIO;CEP generico de cidade, nao de rua (2,4x mais falha)
1037;Gás Chama Azul;;endereco;Rua Dário Alves de Paiva, 1860, Jardim Goiás, Rio Verde - GO, 75903-390, Brasil;Rua Dario Alves de Paiva 1860 Rio Verde GO 75903190 Brazil;Rio Verde;GO;75903190;-17.78596;-50.91985;-17.78596;-50.91985;Jardim Goiás;;
1038;Gás Do Amor;;endereco;Mega Supermercado, Rua Cinco, 5, Residencial Dona Ilza, Rio Verde - GO, 75907-028, Brasil;Rua Cinco 5 Rio Verde GO 75907840 Brazil;Rio Verde;GO;75907840;-17.81826;-50.92755;-17.81826;-50.92755;Residencial Dona Ilza;;
1039;Gás e Água da Fonte;;endereco;Rua Avelino de Faria, 845, QD13, Vila Olinda, Rio Verde - GO, 75901-735, Brasil;Rua Avelino de Faria 845 Rio Verde GO 75901735 Brazil;Rio Verde;GO;75901735;-17.78869;-50.93042;-17.78869;-50.93042;QD13 Vila Olinda;;
1040;Gás florestao;;endereco;Avenida Noroeste, 241, QD28, Jardim Goiás, Rio Verde - GO, 75903-230, Brasil;Avenida Noroeste 241 Rio Verde GO 75903463 Brazil;Rio Verde;GO;75903463;-17.78581;-50.91911;-17.78581;-50.91911;QD28 Jardim Goiás;;
1041;Gás Florestao;;endereco;Rua das Turmalinas, 499, Parque Bandeirante Prol, Rio Verde - GO, 75905-630, Brasil;Rua das Turmalinas 499 Rio Verde GO 75903463 Brazil;Rio Verde;GO;75903463;-17.79261;-50.91938;-17.79261;-50.91938;Parque Bandeirante Prol;;
1042;Gás Real - Entrega Rápida de Qualidade;;endereco;Avenida Setenta e Cinco, 418, Popular, Rio Verde - GO, 75903-490, Brasil;Avenida Setenta e Cinco 418 Rio Verde GO 75903490 Brazil;Rio Verde;GO;75903490;-17.77755;-50.91663;-17.77755;-50.91663;Popular;;
1043;Gás Rio Verdão;;endereco;Rua Antônio Bernadino de Ataides, Qd 12, Jardim Goiás, Rio Verde - GO, 75903-174, Brasil;Rua Antonio Bernadino de Ataides Qd 12 Rio Verde GO 75903174 Brazil;Rio Verde;GO;75903174;-17.78946;-50.9219;-17.78946;-50.9219;Jardim Goiás;;
1044;PRESENÇA GÁS É ÁGUA;;endereco;Rua das Turmalinas, 500, QD62, Parque Bandeirante Prol, Rio Verde - GO, 75905-630, Brasil;Rua das Turmalinas 500 Rio Verde GO 75903179 Brazil;Rio Verde;GO;75903179;-17.79284;-50.91957;-17.79284;-50.91957;QD62 Parque Bandeirante Prol;;
1045;Quero Gás - Distribuidora de Gás em Rio Verde;;endereco;Rua Um, 2, Medeiros, Rio Verde - GO, Brasil;Rua Um 2 Rio Verde GO 75902090 Brazil;Rio Verde;GO;75902090;-17.78772;-50.9371;-17.78772;-50.9371;Medeiros;;
1046;REI DO GAS;;endereco;Rua Nivaldo Ribeiro da Cunha, 963, QD14, Jardim América, Rio Verde - GO, 75902-520, Brasil;Rua Nivaldo Ribeiro da Cunha 963 Rio Verde GO 75901120 Brazil;Rio Verde;GO;75901120;-17.78573;-50.92613;-17.78573;-50.92613;QD14 Jardim América;;
1047;Rio Gás - Distribuidora de Gás em Rio Verde;;endereco;Avenida José Walter, 296, Vitória Régia, Rio Verde - GO, 75909-751, Brasil;Avenida Jose Walter 296 Rio Verde GO 75908740 Brazil;Rio Verde;GO;75908740;-17.79688;-50.94228;-17.79688;-50.94228;Vitória Régia;;
1048;Servegas Distribuidora de gas;;endereco;Rua Anchieta, 140, Setor Pauzanes, Rio Verde - GO, 75904-233, Brasil;Rua Anchieta 140 Rio Verde GO 75904233 Brazil;Rio Verde;GO;75904233;-17.78044;-50.92283;-17.78044;-50.92283;Setor Pauzanes;;
1049;Seugas-Revenda Autorizada líquidas;;endereco;Rua Coronel Vaiano, 7, Vila Menezes, Rio Verde - GO, 75902-090, Brasil;Rua Coronel Vaiano 7 Rio Verde GO 75902090 Brazil;Rio Verde;GO;75902090;-17.78548;-50.9388;-17.78548;-50.9388;Vila Menezes;;
1050;Sol Gás Comércio de Gás;;endereco;Rua Rozulino Campos, 14, Conjunto Morada do Sol, Rio Verde - GO, 75909-235, Brasil;Rua Rozulino Campos 14 Rio Verde GO 75901530 Brazil;Rio Verde;GO;75901530;-17.79624;-50.94875;-17.79624;-50.94875;Conjunto Morada do Sol;;
1051;Turbo Gás;;endereco;Wesleyoliveirada, Rua Castelo Branco, 138, Vila Rosalina, Rio Verde - GO, 75902-690, Brasil;Rua Castelo Branco 138 Rio Verde GO 75902570 Brazil;Rio Verde;GO;75902570;-17.78003;-50.92648;-17.78003;-50.92648;Vila Rosalina;;
1052;WA Gás - Distribuidora de Gás Rio Verde;;endereco;Rua João Batista do Carmo, 34, QD18, Parque dos Girassóis, Rio Verde - GO, 75911-381, Brasil;Rua Joao Batista do Carmo 34 Rio Verde GO 75900001 Brazil;Rio Verde;GO;75900001;-17.7564;-50.90018;-17.7564;-50.90018;QD18 Parque dos Girassóis;;
1053;Amaral Gás;;endereco;Rua Presidente Getúlio Vargas, Vila Santa Rosa, Senador Canedo - GO, 75261-438, Brasil;Rua Presidente Getulio Vargas Senador Canedo GO 75250000 Brazil;Senador Canedo;GO;75250000;-16.7088;-49.09193;-16.7088;-49.09193;Vila Santa Rosa;ALTO;"sem numero de porta; CEP generico de cidade, nao de rua (2,4x mais falha)"
1054;Atacadão do Gás e Água Mineral;;endereco;Senador Farma, Avenida Presidente Alves de Castro, Vila Bom Sucesso, Senador Canedo - GO, 75262-292, Brasil;Avenida Presidente Alves de Castro Senador Canedo GO 75261477 Brazil;Senador Canedo;GO;75261477;-16.71213;-49.08633;-16.71213;-49.08633;Vila Bom Sucesso;ALTO;sem numero de porta
1055;CAMPEÃO GÁS;;endereco;Rua Jm Quatro, 1-23, Jardim das Oliveiras, Senador Canedo - GO, 75256-621, Brasil;Rua Jm Quatro 1 23 Jardim das Oliveiras Senador Canedo GO 75250000 Brazil;Senador Canedo;GO;75250000;-16.6493;-49.14936;-16.6493;-49.14936;;ALTO;"sem numero de porta; CEP generico de cidade, nao de rua (2,4x mais falha)"
1056;Carlinhos Gás;;endereco;Rua Ver. José Eduardo, Rua Vereador José Eduardo, Jardim Todos os Santos, Senador Canedo - GO, 75261-383, Brasil;Rua Ver Jose Eduardo Senador Canedo GO 75250000 Brazil;Senador Canedo;GO;75250000;-16.69608;-49.09611;-16.69608;-49.09611;Rua Vereador José Eduardo Jardim Todos os Santos;ALTO;"sem numero de porta; CEP generico de cidade, nao de rua (2,4x mais falha)"
1057;Central Gás;;endereco;Rua Quinze, 17-8, Conjunto Uirapuru, Senador Canedo - GO, 75250-000, Brasil;Rua Quinze 17 8 Conjunto Uirapuru Senador Canedo GO 75261193 Brazil;Senador Canedo;GO;75261193;-16.69415;-49.10014;-16.69415;-49.10014;;ALTO;sem numero de porta
1058;City Gás;;endereco;Rua Dez, 1-22, Conjunto Uirapuru, Senador Canedo - GO, 75256-639, Brasil;Rua Dez 1 22 Conjunto Uirapuru Senador Canedo GO 75261211 Brazil;Senador Canedo;GO;75261211;-16.69605;-49.10189;-16.69605;-49.10189;;ALTO;sem numero de porta
1059;Consigaz Distribuidora de Gas Ltda;;endereco;Avenida Progresso Quadra 1, Setor Comercial, Senador Canedo - GO, 75250-900, Brasil;Avenida Progresso Quadra 1 Senador Canedo GO 75250000 Brazil;Senador Canedo;GO;75250000;-16.70477;-49.11128;-16.70477;-49.11128;Setor Comercial;MEDIO;CEP generico de cidade, nao de rua (2,4x mais falha)
1060;DANIEL ÁGUA E GÁS - gás de cozinha e água mineral em Senador Canedo;;endereco (logradouro de coluna alternativa);Igreja Fonte da Vida Senador Canedo, Senador Canedo - GO, 75250-000, Brasil;Rua TB 20 Senador Canedo GO 75264300 Brazil;Senador Canedo;GO;75264300;-16.7269;-49.09333;-16.7269;-49.09333;qd 35 lt 03 casa 02 - R. TB 20;;
1061;Depósito de gás;;endereco;Rua Firmino Rodrigues do Nascimento, 3F-26, Jardim Todos os Santos, Senador Canedo - GO, 75250-000, Brasil;Rua Firmino Rodrigues do Nascimento 3F 26 Jardim Todos os Santos Senador Canedo GO 75250000 Brazil;Senador Canedo;GO;75250000;-16.69803;-49.09537;-16.69803;-49.09537;;ALTO;"sem numero de porta; CEP generico de cidade, nao de rua (2,4x mais falha)"
1062;Depósito de gás Águia Dourada;;endereco;Avenida Doutor José Carneiro, 31-30, Residencial Jardim Canedo, Senador Canedo - GO, 75250-157, Brasil;Avenida Doutor Jose Carneiro 31 30 Residencial Jardim Canedo Senador Canedo GO 75250157 Brazil;Senador Canedo;GO;75250157;-16.69716;-49.10599;-16.69716;-49.10599;;ALTO;sem numero de porta
1063;DISTRIBUIDORA DE GAS E BEBIDAS RAFAEL;;endereco;Rua Milton Costa, 1X-4, Jardim Todos os Santos, Senador Canedo - GO, 75250-000, Brasil;Rua Milton Costa 1X 4 Jardim Todos os Santos Senador Canedo GO 75250000 Brazil;Senador Canedo;GO;75250000;-16.7019;-49.091;-16.7019;-49.091;;ALTO;"sem numero de porta; CEP generico de cidade, nao de rua (2,4x mais falha)"
1064;Duarte Gás;;endereco;Rua Bélgica, 41-10, Bairro Alvorada, Senador Canedo - GO, 75259-870, Brasil;Rua Belgica 41 10 Bairro Alvorada Senador Canedo GO 75259870 Brazil;Senador Canedo;GO;75259870;-16.68395;-49.10429;-16.68395;-49.10429;;ALTO;sem numero de porta
1065;Eduardo Gás;;endereco;Rua F. Onze, 16-22, Senador Canedo - GO, 75250-000, Brasil;Rua F Onze 16 22 Senador Canedo GO 75263758 Brazil;Senador Canedo;GO;75263758;-16.71885;-49.1011;-16.71885;-49.1011;;ALTO;sem numero de porta
1066;GASBALL;;endereco;Cooperana, Avenida Progresso, Residencial Jardim Canedo, Senador Canedo - GO, 75250-000, Brasil;Avenida Progresso Senador Canedo GO 13147076 Brazil;Senador Canedo;GO;13147076;-16.70225;-49.10404;-16.70225;-49.10404;Residencial Jardim Canedo;ALTO;sem numero de porta
1067;GASMIX GÁS E ÁGUA;;endereco;Rua Rp Nove, 15-22, Senador Canedo - GO, 75250-000, Brasil;Rua Rp Nove 15 22 Senador Canedo GO 75260240 Brazil;Senador Canedo;GO;75260240;-16.6868;-49.0915;-16.6868;-49.0915;;ALTO;sem numero de porta
1068;Gás Pelezinho;;endereco;Rua Ney Fernandes, 33-13, Bairro Alvorada, Senador Canedo - GO, 75259-776, Brasil;Rua Ney Fernandes 33 13 Bairro Alvorada Senador Canedo GO 75259776 Brazil;Senador Canedo;GO;75259776;-16.68848;-49.0987;-16.68848;-49.0987;;ALTO;sem numero de porta
1069;Gás | Dona Patroa Gás;;endereco;Rua Co Nove, 15-19, Senador Canedo - GO, 75250-000, Brasil;Rua Co Nove 15 19 Senador Canedo GO 75255168 Brazil;Senador Canedo;GO;75255168;-16.71192;-49.10202;-16.71192;-49.10202;;ALTO;sem numero de porta
1070;Job Gás - Senador Canedo;;endereco;Rua Castro Alves, 80-9, Residencial Pedro Miranda, Senador Canedo - GO, 75250-000, Brasil;Rua Castro Alves 80 9 Residencial Pedro Miranda Senador Canedo GO 75262307 Brazil;Senador Canedo;GO;75262307;-16.72697;-49.08804;-16.72697;-49.08804;;ALTO;sem numero de porta
1071;JOÃO DO GÁS;;endereco;Rua Benjamin Santos, Jardim Todos os Santos, Senador Canedo - GO, 75250-000, Brasil;Rua Benjamin Santos Senador Canedo GO 75250000 Brazil;Senador Canedo;GO;75250000;-16.69995;-49.09738;-16.69995;-49.09738;Jardim Todos os Santos;ALTO;"sem numero de porta; CEP generico de cidade, nao de rua (2,4x mais falha)"
1072;Juninho Gás;;endereco;Rua Milton Costa, 5-10, Jardim Todos os Santos, Senador Canedo - GO, 75250-000, Brasil;Rua Milton Costa 5 10 Jardim Todos os Santos Senador Canedo GO 75261349 Brazil;Senador Canedo;GO;75261349;-16.70417;-49.09317;-16.70417;-49.09317;;ALTO;sem numero de porta
1073;Liberato Gas;;endereco;Rua Rp Nove, Senador Canedo - GO, 75250-000, Brasil;Rua Rp Nove Senador Canedo GO 75260234 Brazil;Senador Canedo;GO;75260234;-16.68768;-49.08871;-16.68768;-49.08871;;ALTO;sem numero de porta
1074;LUIZÃO DO GÁS;;endereco;Avenida Doutor José Carneiro, 22-33, Residencial Jardim Canedo, Senador Canedo - GO, 75250-157, Brasil;Avenida Doutor Jose Carneiro 22 33 Residencial Jardim Canedo Senador Canedo GO 75250000 Brazil;Senador Canedo;GO;75250000;-16.6947;-49.10839;-16.6947;-49.10839;;ALTO;"sem numero de porta; CEP generico de cidade, nao de rua (2,4x mais falha)"
1075;Magrão Gás;;endereco;Avenida do Comércio, 47-11, Morada do Morro, Senador Canedo - GO, 75250-000, Brasil;Avenida do Comercio 47 11 Morada do Morro Senador Canedo GO 75250448 Brazil;Senador Canedo;GO;75250448;-16.69242;-49.1195;-16.69242;-49.1195;;ALTO;sem numero de porta
1076;Manga Gás - Revenda de Gás em Senador Canedo;;endereco;Rua Sete de Setembro, 9-1A, Vila Santa Rosa, Senador Canedo - GO, 75250-000, Brasil;Rua Sete de Setembro 9 1A Vila Santa Rosa Senador Canedo GO 75252525 Brazil;Senador Canedo;GO;75252525;-16.71042;-49.09493;-16.71042;-49.09493;;ALTO;sem numero de porta
1077;Mundial Gás;;endereco;Rua Benjamin Santos, 412, QD7-LT11, Jardim Todos os Santos, Senador Canedo - GO, 75250-000, Brasil;Rua Benjamin Santos 412 Senador Canedo GO 75250000 Brazil;Senador Canedo;GO;75250000;-16.7042;-49.09241;-16.7042;-49.09241;QD7-LT11 Jardim Todos os Santos;MEDIO;CEP generico de cidade, nao de rua (2,4x mais falha)
1078;Nacional Gás - Filial Senador Canedo;;endereco;Rodovia GO - 536, GO-536, Distrito Ind. Brasil Central, Senador Canedo - GO, 75250-000, Brasil;Rodovia GO 536 Senador Canedo GO 75250000 Brazil;Senador Canedo;GO;75250000;-16.70997;-49.11062;-16.70997;-49.11062;GO-536 Distrito Ind. Brasil Central;ALTO;"endereco de rodovia (57-67% falharam); CEP generico de cidade, nao de rua (2,4x mais falha)"
1079;Neguinho Gás e Água;;endereco;Rua Noruega, 42-9, Bairro Alvorada, Senador Canedo - GO, 75259-879, Brasil;Rua Noruega 42 9 Bairro Alvorada Senador Canedo GO 75259879 Brazil;Senador Canedo;GO;75259879;-16.68436;-49.10483;-16.68436;-49.10483;;ALTO;sem numero de porta
1080;NEOGÁS Gás de Cozinha e Água Mineral;;endereco;Rua Chavantina, Vila Santa Rosa Terceira Etapa, Senador Canedo - GO, 75250-000, Brasil;Rua Chavantina Senador Canedo GO 75251403 Brazil;Senador Canedo;GO;75251403;-16.70502;-49.09588;-16.70502;-49.09588;Vila Santa Rosa Terceira Etapa;ALTO;sem numero de porta
1081;NEOGÁS Loja II Bairro Alvorada_ Gás e Água Mineral;;endereco;Rua Ney Fernandes, 32-24, Bairro Alvorada, Senador Canedo - GO, 75259-776, Brasil;Rua Ney Fernandes 32 24 Bairro Alvorada Senador Canedo GO 75259776 Brazil;Senador Canedo;GO;75259776;-16.68853;-49.10116;-16.68853;-49.10116;;ALTO;sem numero de porta
1082;Nicolas gás;;endereco;Rua Sf Dois, 10-21, Vila Bom Sucesso, Senador Canedo - GO, 75250-000, Brasil;Rua Sf Dois 10 21 Vila Bom Sucesso Senador Canedo GO 75261604 Brazil;Senador Canedo;GO;75261604;-16.70602;-49.08391;-16.70602;-49.08391;;ALTO;sem numero de porta
1083;Opção Gás Água& Bebidas;;endereco;Avenida Simeão Fortes, Senador Canedo - GO, 75257-656, Brasil;Avenida Simeao Fortes Senador Canedo GO 75250000 Brazil;Senador Canedo;GO;75250000;-16.65633;-49.12917;-16.65633;-49.12917;;ALTO;"sem numero de porta; CEP generico de cidade, nao de rua (2,4x mais falha)"
1084;Paraíso Gás - Distribuidora de Gás - Aguá Mineral Senador Canedo;;endereco;Rua Rp Dez, 14-28, Senador Canedo - GO, 75250-000, Brasil;Rua Rp Dez 14 28 Senador Canedo GO 75260231 Brazil;Senador Canedo;GO;75260231;-16.686;-49.09221;-16.686;-49.09221;;ALTO;sem numero de porta
1085;Rapidão Gás e Água Mineral;;endereco;Rua So 1, 2-7, Senador Canedo - GO, 75256-598, Brasil;Rua So 1 Senador Canedo GO 75256598 Brazil;Senador Canedo;GO;75256598;-16.64304;-49.13935;-16.64304;-49.13935;2-7;;
1086;RD Gás e Água Mineral;;endereco;Rua Jardim Botânico, 19-14, Residencial Jardim Canedo, Senador Canedo - GO, 75250-000, Brasil;Rua Jardim Botanico 19 14 Residencial Jardim Canedo Senador Canedo GO 75250242 Brazil;Senador Canedo;GO;75250242;-16.69449;-49.11249;-16.69449;-49.11249;;ALTO;sem numero de porta
1087;Ricardo Gás- Distribuidora de gás de qualidade e segurança;;endereco;Rua Helio Campos, 19A-25, Vila Bom Sucesso, Senador Canedo - GO, 75261-620, Brasil;Rua Helio Campos 19A 25 Vila Bom Sucesso Senador Canedo GO 75250000 Brazil;Senador Canedo;GO;75250000;-16.70582;-49.08207;-16.70582;-49.08207;;ALTO;"sem numero de porta; CEP generico de cidade, nao de rua (2,4x mais falha)"
1088;Salvador Gás e Água mineral;;endereco;Rua Trinta e Seis, 12-16, Residencial Doutor Anuar Auad, Senador Canedo - GO, 75250-000, Brasil;Rua Trinta e Seis 12 16 Residencial Doutor Anuar Auad Senador Canedo GO 75250000 Brazil;Senador Canedo;GO;75250000;-16.69155;-49.09356;-16.69155;-49.09356;;ALTO;"sem numero de porta; CEP generico de cidade, nao de rua (2,4x mais falha)"
1089;Sousa Gás;;endereco;Rua Jp 1, 2-20, Vila São Sebastião, Senador Canedo - GO, 75250-000, Brasil;Rua Jp 1 Senador Canedo GO 75262376 Brazil;Senador Canedo;GO;75262376;-16.72224;-49.08403;-16.72224;-49.08403;2-20 Vila São Sebastião;;
1090;Star Gás;;endereco;Rua Jj 14, 17-23, Residencial Boa Vista, Senador Canedo - GO, 75259-154, Brasil;Rua Jj 14 Senador Canedo GO 75259139 Brazil;Senador Canedo;GO;75259139;-16.67402;-49.10126;-16.67402;-49.10126;17-23 Residencial Boa Vista;;
1091;Supergasbras;;endereco;Rua S Dez, 60-34, Morada do Morro, Senador Canedo - GO, 75250-000, Brasil;Rua S Dez 60 34 Morada do Morro Senador Canedo GO 75250000 Brazil;Senador Canedo;GO;75250000;-16.69025;-49.11668;-16.69025;-49.11668;;ALTO;"sem numero de porta; CEP generico de cidade, nao de rua (2,4x mais falha)"
1092;tayllon gás;;endereco;Avenida Presidente Vargas, 1-28, Vila São Sebastião, Senador Canedo - GO, 75250-000, Brasil;Avenida Presidente Vargas 1 28 Vila Sao Sebastiao Senador Canedo GO 75250000 Brazil;Senador Canedo;GO;75250000;-16.72443;-49.0846;-16.72443;-49.0846;;ALTO;"sem numero de porta; CEP generico de cidade, nao de rua (2,4x mais falha)"
1093;Ultra Distribuição Gás - Revenda Ultragaz;;endereco;Rua Corumbá, 4467, Vila Galvão, Senador Canedo - GO, 75254-686, Brasil;Rua Corumba 4467 Senador Canedo GO 75254686 Brazil;Senador Canedo;GO;75254686;-16.6949;-49.18918;-16.6949;-49.18918;Vila Galvão;;
1094;união gas;;endereco;Rua da Estação, 15-5, Vila Santa Rosa, Senador Canedo - GO, 75250-000, Brasil;Rua da Estacao 15 5 Vila Santa Rosa Senador Canedo GO 75251509 Brazil;Senador Canedo;GO;75251509;-16.71383;-49.09222;-16.71383;-49.09222;;ALTO;sem numero de porta
1095;ZÉ DO GÁS;;endereco;Rua JC Trinta e Nove, 24-2, Senador Canedo - GO, 75250-000, Brasil;Rua JC Trinta e Nove 24 2 Senador Canedo GO 75250735 Brazil;Senador Canedo;GO;75250735;-16.70154;-49.1218;-16.70154;-49.1218;;ALTO;sem numero de porta
1096;Duragaz - Gás e Água em São Luís de Montes Belos;;endereco;Avenida Hermógenes Coelho, 1, QD41-LT 1B, São Luís de Montes Belos - GO, 76100-000, Brasil;Avenida Hermogenes Coelho 1 Sao Luis de Montes Belos GO 76100000 Brazil;São Luís de Montes Belos;GO;76100000;-16.51347;-50.38624;-16.51347;-50.38624;QD41-LT 1B;MEDIO;CEP generico de cidade, nao de rua (2,4x mais falha)
1097;Gás Tocantins;;endereco;Rua Onze, 1422, São Miguel do Araguaia - GO, 76590-000, Brasil;Rua Onze 1422 Sao Miguel do Araguaia GO 76590000 Brazil;São Miguel do Araguaia;GO;76590000;-13.27872;-50.17432;-13.27872;-50.17432;;MEDIO;CEP generico de cidade, nao de rua (2,4x mais falha)
1098;Alô Brasil Gás;;endereco;Rua Antônio S. Aguiar, 7-38, Trindade - GO, 75380-000, Brasil;Rua Antonio S Aguiar 7 38 Trindade GO 75389146 Brazil;Trindade;GO;75389146;-16.66752;-49.48951;-16.66752;-49.48951;;ALTO;sem numero de porta
1099;Brasil Gás | Entrega de Gás em Trindade | Distribuidora de Gás em Trindade | Disk Gás;;endereco;Rua Dezenove, 133-13, Trindade - GO, 75380-000, Brasil;Rua Dezenove 133 13 Trindade GO 75388328 Brazil;Trindade;GO;75388328;-16.65095;-49.48638;-16.65095;-49.48638;;ALTO;sem numero de porta
1100;Cabecinha Gás;;endereco;Rua Padre Anfão, 326, Trindade - GO, 75390-233, Brasil;Rua Padre Anfao 326 Trindade GO 75390233 Brazil;Trindade;GO;75390233;-16.65951;-49.49245;-16.65951;-49.49245;;;
1101;Cabeçao Gas;;endereco;Rua Sete, 229, QD10-LT9, Trindade - GO, 75380-000, Brasil;Rua Sete 229 Trindade GO 75380000 Brazil;Trindade;GO;75380000;-16.64216;-49.50322;-16.64216;-49.50322;QD10-LT9;MEDIO;CEP generico de cidade, nao de rua (2,4x mais falha)
1102;Campeão Gás;;endereco;Rua Professor Nélson C da Silva, 8-9, Trindade - GO, 75388-256, Brasil;Rua Professor Nelson C da Silva 8 9 Trindade GO 75388256 Brazil;Trindade;GO;75388256;-16.64915;-49.49135;-16.64915;-49.49135;;ALTO;sem numero de porta
1103;Cebolinha Gás;;endereco;Rua Vinte e Oito, 177, QD103-LT 17, Trindade - GO, 75380-000, Brasil;Rua Vinte e Oito 177 Trindade GO 75388274 Brazil;Trindade;GO;75388274;-16.64701;-49.48611;-16.64701;-49.48611;QD103-LT 17;;
1104;César Gás;;endereco;Avenida Elizabeth Marques, 1092, Trindade - GO, 75380-307, Brasil;Avenida Elizabeth Marques 1092 Trindade GO 74485800 Brazil;Trindade;GO;74485800;-16.63336;-49.3897;-16.63336;-49.3897;;;
1105;Disk gás - Distribuidora Lia Gás.;;endereco;Avenida Idalides Maria de Jesus, 21-40, Trindade - GO, 75387-522, Brasil;Avenida Idalides Maria de Jesus 21 40 Trindade GO 75387522 Brazil;Trindade;GO;75387522;-16.63385;-49.48563;-16.63385;-49.48563;;ALTO;sem numero de porta
1106;Distribuidora De Gás Tocantins;;endereco;Rua A Dezoito, 74, QD27-LT12, Trindade - GO, 75380-000, Brasil;Rua A Dezoito 74 Trindade GO 75391228 Brazil;Trindade;GO;75391228;-16.65691;-49.50167;-16.65691;-49.50167;QD27-LT12;;
1107;ECS Distribuidora de gás;;endereco;Rua Nicanor Albernaz, 2-31, Trindade - GO, 75383-579, Brasil;Rua Nicanor Albernaz 2 31 Trindade GO 75383573 Brazil;Trindade;GO;75383573;-16.63658;-49.42125;-16.63658;-49.42125;;ALTO;sem numero de porta
1108;Emanuelly gas e distribuidora de bebidas;;endereco;Rua Josefa Silva Vieira, 13-1, Trindade - GO, 75387-197, Brasil;Rua Josefa Silva Vieira 13 1 Trindade GO 75387176 Brazil;Trindade;GO;75387176;-16.63429;-49.49779;-16.63429;-49.49779;;ALTO;sem numero de porta
1109;Empório Araújo - Distribuidora de bebidas e revenda de Gás Liguigás;;endereco;Rua Kátia Rovane Ferreira, 2-17, Trindade - GO, 75387-179, Brasil;Rua Katia Rovane Ferreira 2 17 Trindade GO 75387179 Brazil;Trindade;GO;75387179;-16.63817;-49.49559;-16.63817;-49.49559;;ALTO;sem numero de porta
1110;Fernando Gas;;endereco;Rua Girassol, 33-16, Trindade - GO, 75382-086, Brasil;Rua Girassol 33 16 Trindade GO 75380000 Brazil;Trindade;GO;75380000;-16.62643;-49.40389;-16.62643;-49.40389;;ALTO;"sem numero de porta; CEP generico de cidade, nao de rua (2,4x mais falha)"
1111;Fl gás;;endereco;Rua Francisco Alves de Assis, 3-6, Trindade - GO, 75393-041, Brasil;Rua Francisco Alves de Assis 3 6 Trindade GO 75393041 Brazil;Trindade;GO;75393041;-16.64005;-49.50064;-16.64005;-49.50064;;ALTO;sem numero de porta
1112;Gueroba gás;;endereco;Rua Otávio Dias de Oliveira, 24-25, Trindade - GO, 75393-030, Brasil;Rua Otavio Dias de Oliveira 24 25 Trindade GO 75393030 Brazil;Trindade;GO;75393030;-16.63834;-49.50506;-16.63834;-49.50506;;ALTO;sem numero de porta
1113;Gás Vila Maria;;endereco;Rua Cinco, 58, Trindade - GO, 75380-000, Brasil;Rua Cinco 58 Trindade GO 75380000 Brazil;Trindade;GO;75380000;-16.64547;-49.49921;-16.64547;-49.49921;;MEDIO;CEP generico de cidade, nao de rua (2,4x mais falha)
1114;Heitor Gas E Agua;;endereco;Rua João Carlos Camilo, 24-32, Trindade - GO, 75380-000, Brasil;Rua Joao Carlos Camilo 24 32 Trindade GO 75393030 Brazil;Trindade;GO;75393030;-16.63888;-49.50428;-16.63888;-49.50428;;ALTO;sem numero de porta
1115;Hiper Gás;;endereco;Rua Cento e Vinte e Um, 60-18, Trindade - GO, 75380-000, Brasil;Rua Cento e Vinte e Um 60 18 Trindade GO 75380000 Brazil;Trindade;GO;75380000;-16.66702;-49.48472;-16.66702;-49.48472;;ALTO;"sem numero de porta; CEP generico de cidade, nao de rua (2,4x mais falha)"
1116;Impacto Gás;;endereco;Rua Dois, Trindade - GO, 75380-000, Brasil;Rua Dois Trindade GO 75387549 Brazil;Trindade;GO;75387549;-16.63296;-49.4872;-16.63296;-49.4872;;ALTO;sem numero de porta
1117;Império Gás;;endereco;Rua Pref. George de Moraes, 230, Trindade - GO, 75386-613, Brasil;Rua Pref George de Moraes 230 Trindade GO 75380000 Brazil;Trindade;GO;75380000;-16.64683;-49.46518;-16.64683;-49.46518;;MEDIO;CEP generico de cidade, nao de rua (2,4x mais falha)
1118;JA Gás;;endereco;Avenida D, 155-6, Trindade - GO, 75387-094, Brasil;Avenida D 155 6 Trindade GO 75380000 Brazil;Trindade;GO;75380000;-16.64038;-49.49193;-16.64038;-49.49193;;ALTO;"sem numero de porta; CEP generico de cidade, nao de rua (2,4x mais falha)"
1119;Lara Gás;;endereco;Avenida das Paineiras, 79-12, Trindade - GO, 75384-346, Brasil;Avenida das Paineiras 79 12 Trindade GO 75380000 Brazil;Trindade;GO;75380000;-16.63746;-49.44218;-16.63746;-49.44218;;ALTO;"sem numero de porta; CEP generico de cidade, nao de rua (2,4x mais falha)"
1120;Líder Gás e Água - Distribuidora;;endereco;Rua Mil e Nove, 14-22B, Trindade - GO, 75380-000, Brasil;Rua Mil e Nove 14 22B Trindade GO 75393399 Brazil;Trindade;GO;75393399;-16.6412;-49.51488;-16.6412;-49.51488;;ALTO;sem numero de porta
1121;MANGUEIRAO GAS TRINDADE;;endereco;Avenida Coronel Anacleto, 257, QD5-LT20, Trindade - GO, 75380-000, Brasil;Avenida Coronel Anacleto 257 Trindade GO 75380000 Brazil;Trindade;GO;75380000;-16.65738;-49.48675;-16.65738;-49.48675;QD5-LT20;MEDIO;CEP generico de cidade, nao de rua (2,4x mais falha)
1122;Moto gás;;endereco;Rua Rocha Lima, 341, Trindade - GO, 75380-000, Brasil;Rua Rocha Lima 341 Trindade GO 75388748 Brazil;Trindade;GO;75388748;-16.65722;-49.48766;-16.65722;-49.48766;;;
1123;MR GÁS;;endereco;Avenida das Paineiras, 73-23, Trindade - GO, 75384-346, Brasil;Avenida das Paineiras 73 23 Trindade GO 75380000 Brazil;Trindade;GO;75380000;-16.63849;-49.44182;-16.63849;-49.44182;;ALTO;"sem numero de porta; CEP generico de cidade, nao de rua (2,4x mais falha)"
1124;Mundial Gás;;endereco;Rua Goianases, 29-8, Trindade - GO, 75383-432, Brasil;Rua Goianases 29 8 Trindade GO 75380000 Brazil;Trindade;GO;75380000;-16.64;-49.41682;-16.64;-49.41682;;ALTO;"sem numero de porta; CEP generico de cidade, nao de rua (2,4x mais falha)"
1125;Nacional Gás;;endereco;Rua Olímpio Batista, 644, Trindade - GO, 75389-117, Brasil;Rua Olimpio Batista 644 Trindade GO 75380000 Brazil;Trindade;GO;75380000;-16.67052;-49.48758;-16.67052;-49.48758;;MEDIO;CEP generico de cidade, nao de rua (2,4x mais falha)
1126;Pica Pau Gás;;endereco;Rua Quarenta e Seis, 22, Trindade - GO, 75380-000, Brasil;Rua Quarenta e Seis 22 Trindade GO 75380000 Brazil;Trindade;GO;75380000;-16.64853;-49.49657;-16.64853;-49.49657;;MEDIO;CEP generico de cidade, nao de rua (2,4x mais falha)
1127;Rede Gas 2 Irmãos- Terra Santa Trindade;;endereco;Avenida Leão XIII, 536, Trindade - GO, 75385-135, Brasil;Avenida Leao XIII 536 Trindade GO 75385092 Brazil;Trindade;GO;75385092;-16.64077;-49.47759;-16.64077;-49.47759;;;
1128;Renascer Gás;;endereco;Rua Baldomero Fernandes, 374, Trindade - GO, 75380-000, Brasil;Rua Baldomero Fernandes 374 Trindade GO 75380000 Brazil;Trindade;GO;75380000;-16.65182;-49.49086;-16.65182;-49.49086;;MEDIO;CEP generico de cidade, nao de rua (2,4x mais falha)
1129;Santiago gás;;endereco;Avenida A Seis, 24-12, Trindade - GO, 75380-000, Brasil;Avenida A Seis 24 12 Trindade GO 75391231 Brazil;Trindade;GO;75391231;-16.65752;-49.50127;-16.65752;-49.50127;;ALTO;sem numero de porta
1130;SERJÃO GÁS;;endereco;Rua São Luiz, 4-23, Trindade - GO, 75383-573, Brasil;Rua Sao Luiz 4 23 Trindade GO 75380000 Brazil;Trindade;GO;75380000;-16.63653;-49.42091;-16.63653;-49.42091;;ALTO;"sem numero de porta; CEP generico de cidade, nao de rua (2,4x mais falha)"
1131;Silva Gás;;endereco;Avenida do Contorno, 780, Trindade - GO, 75380-000, Brasil;Avenida do Contorno 780 Trindade GO 75391070 Brazil;Trindade;GO;75391070;-16.65381;-49.5054;-16.65381;-49.5054;;;
1132;Super Gás;;endereco;Pousada Mãe Rainha, Rua Pedro Cândido Ribeiro, 10, Trindade - GO, 75389-140, Brasil;Rua Pedro Candido Ribeiro 10 Trindade GO 75380000 Brazil;Trindade;GO;75380000;-16.66539;-49.48937;-16.66539;-49.48937;;MEDIO;CEP generico de cidade, nao de rua (2,4x mais falha)
1133;Videira Gás;;endereco;Rua Quatro, 914, QD6-LT7, Trindade - GO, 75380-000, Brasil;Rua Quatro 914 Trindade GO 75380000 Brazil;Trindade;GO;75380000;-16.64972;-49.50257;-16.64972;-49.50257;QD6-LT7;MEDIO;CEP generico de cidade, nao de rua (2,4x mais falha)
1134;Vitória Gás;;endereco;Avenida Nove Furnas, 108, Trindade - GO, 75380-000, Brasil;Avenida Nove Furnas 108 Trindade GO 75380000 Brazil;Trindade;GO;75380000;-16.67385;-49.48404;-16.67385;-49.48404;;MEDIO;CEP generico de cidade, nao de rua (2,4x mais falha)
1135;Vitória Gás;;endereco;Rua Onze, 104-2, Trindade - GO, 75380-000, Brasil;Rua Onze 104 2 Trindade GO 75380000 Brazil;Trindade;GO;75380000;-16.64716;-49.48678;-16.64716;-49.48678;;ALTO;"sem numero de porta; CEP generico de cidade, nao de rua (2,4x mais falha)"
1136;WS GÁS e ÁGUA MINERAL ltda;;endereco;Rua 56, 768, Trindade - GO, 75380-000, Brasil;Rua 56 768 Trindade GO 75387112 Brazil;Trindade;GO;75387112;-16.64365;-49.48796;-16.64365;-49.48796;;;
1137;Ana Distribuidora de Gás e Agua;;endereco (logradouro de coluna alternativa);Hotel Góis, Valparaíso de Goiás - GO, 72870-086, Brasil;Praca Katia Valparaizo II Valparaiso de Goias GO 72874206 Brazil;Valparaíso de Goiás;GO;72874206;-16.07572;-47.98638;-16.07572;-47.98638;;ALTO;sem numero de porta
1138;Anjinho gás;;endereco;Avenida Quinze de Junho, 1426, Valparaíso de Goiás - GO, 72870-086, Brasil;Avenida Quinze de Junho 1426 Valparaiso de Goias GO 72871515 Brazil;Valparaíso de Goiás;GO;72871515;-16.07381;-48.0043;-16.07381;-48.0043;;;
1139;Atacadao do gás;;endereco;Rua Noventa e Um, 1, QD14-LT 1, Valparaíso de Goiás - GO, 72871-091, Brasil;Rua Noventa e Um 1 Valparaiso de Goias GO 72871091 Brazil;Valparaíso de Goiás;GO;72871091;-16.06059;-48.00818;-16.06059;-48.00818;QD14-LT 1;;
1140;Atacadão Gás E Água;;endereco;Rua Seis, 1398, Valparaíso de Goiás - GO, 72870-067, Brasil;Rua Seis 1398 Valparaiso de Goias GO 72871091 Brazil;Valparaíso de Goiás;GO;72871091;-16.06038;-47.99788;-16.06038;-47.99788;;;
1141;Chamas Gás - Distribuidora de Gás e Água;;endereco;Rua B, 5, Valparaíso de Goiás - GO, 72870-007, Brasil;Rua B 5 Valparaiso de Goias GO 72870083 Brazil;Valparaíso de Goiás;GO;72870083;-16.07543;-47.98872;-16.07543;-47.98872;;;
1142;Dias Gás;;endereco;Rua Tupinambás, 19, Valparaíso de Goiás - GO, 72870-560, Brasil;Rua Tupinambas 19 Valparaiso de Goias GO 72870554 Brazil;Valparaíso de Goiás;GO;72870554;-16.06239;-48.01106;-16.06239;-48.01106;;;
1143;Dias Gás - Revenda Liquigás;;endereco;Rua Sessenta e Oito, 25, QD90-LT 25, Valparaíso de Goiás - GO, 72871-068, Brasil;Rua Sessenta e Oito 25 Valparaiso de Goias GO 72871053 Brazil;Valparaíso de Goiás;GO;72871053;-16.05208;-48.00206;-16.05208;-48.00206;QD90-LT 25;;
1144;Dinah Gás - Distribuidora;;endereco;Brasilfarma, Rua Seis, Valparaíso de Goiás - GO, 72870-067, Brasil;Rua Seis Valparaiso de Goias GO 72870000 Brazil;Valparaíso de Goiás;GO;72870000;-16.06035;-47.9985;-16.06035;-47.9985;;ALTO;"sem numero de porta; CEP generico de cidade, nao de rua (2,4x mais falha)"
1145;DISTRIBUIDORA DE BEBIDAS E GÁS - BM;;endereco;Rua Duzentos Vinte e Oito, 36, QD10-LT 36, Valparaíso de Goiás - GO, Brasil;Rua Duzentos Vinte e Oito 36 Valparaiso de Goias GO 72876000 Brazil;Valparaíso de Goiás;GO;72876000;-16.07278;-47.98206;-16.07278;-47.98206;QD10-LT 36;MEDIO;CEP generico de cidade, nao de rua (2,4x mais falha)
1146;Distrigás - Gás E Água;;endereco;Rua Treze, 10, Valparaíso de Goiás - GO, 72872-054, Brasil;Rua Treze 10 Valparaiso de Goias GO 72870000 Brazil;Valparaíso de Goiás;GO;72870000;-16.08411;-47.99525;-16.08411;-47.99525;;MEDIO;CEP generico de cidade, nao de rua (2,4x mais falha)
1147;Ester Gás e Água;;endereco;Rua Cinco, 14, Valparaíso de Goiás - GO, 72872-018, Brasil;Rua Cinco 14 Valparaiso de Goias GO 72800000 Brazil;Valparaíso de Goiás;GO;72800000;-16.08373;-47.99089;-16.08373;-47.99089;;MEDIO;CEP generico de cidade, nao de rua (2,4x mais falha)
1148;Flama Gás;;endereco;Rua Josefina Palin Nery, 17, QD49-LT 17, Valparaíso de Goiás - GO, 72870-217, Brasil;Rua Josefina Palin Nery 17 Valparaiso de Goias GO 72870217 Brazil;Valparaíso de Goiás;GO;72870217;-16.06893;-47.98709;-16.06893;-47.98709;QD49-LT 17;;
1149;Gás;;endereco;Quadra Dezoito, 100, Valparaíso de Goiás - GO, 72870-118, Brasil;Quadra Dezoito 100 Valparaiso de Goias GO 72870217 Brazil;Valparaíso de Goiás;GO;72870217;-16.07519;-48.00491;-16.07519;-48.00491;;;
1150;Gás Lucca - Revenda de Gás e Água;;endereco;Rua C, 39, QDV-LT 39, Valparaíso de Goiás - GO, 72878-633, Brasil;Rua C 39 Valparaiso de Goias GO 72878603 Brazil;Valparaíso de Goiás;GO;72878603;-16.05112;-47.96462;-16.05112;-47.96462;QDV-LT 39;;
1151;Gás Nacional;;endereco;Quadra Trinta e Quatro, 557, Valparaíso de Goiás - GO, Brasil;Quadra Trinta e Quatro 557 Valparaiso de Goias GO Brazil;Valparaíso de Goiás;GO;;-16.07193;-47.97538;-16.07193;-47.97538;;;
1152;Kelly Gás;;endereco;Rua Oito, 18, QD42-LT 18, Valparaíso de Goiás - GO, 72871-008, Brasil;Rua Oito 18 Valparaiso de Goias GO 72871008 Brazil;Valparaíso de Goiás;GO;72871008;-16.05481;-47.99464;-16.05481;-47.99464;QD42-LT 18;;
1153;Mais Gás;;endereco;Rua Josefina Palin Nery, 27, Qd26-Lt 27, Valparaíso de Goiás - GO, 72870-261, Brasil;Rua Josefina Palin Nery 27 Valparaiso de Goias GO 72870261 Brazil;Valparaíso de Goiás;GO;72870261;-16.06873;-47.99141;-16.06873;-47.99141;Qd26-Lt 27;;
1154;NaturalGás – Revenda de Gás 24 Horas em Valparaíso;;endereco;Quadra B, 44, QDB-LT 44, Valparaíso de Goiás - GO, 72878-609, Brasil;Quadra B 44 Valparaiso de Goias GO 72878621 Brazil;Valparaíso de Goiás;GO;72878621;-16.05064;-47.97836;-16.05064;-47.97836;QDB-LT 44;;
1155;Neves Gás | Gás no Valparaiso | Gas de Cozinha | Gas;;endereco;Rua Dezesseis, 49, Valparaíso de Goiás - GO, 72870-413, Brasil;Rua Dezesseis 49 Valparaiso de Goias GO 72870000 Brazil;Valparaíso de Goiás;GO;72870000;-16.05184;-47.98817;-16.05184;-47.98817;;MEDIO;CEP generico de cidade, nao de rua (2,4x mais falha)
1156;Nosso Gás Valparaíso;;endereco;Rua Tupinambás, 8, Valparaíso de Goiás - GO, 72870-538, Brasil;Rua Tupinambas 8 Valparaiso de Goias GO 72870560 Brazil;Valparaíso de Goiás;GO;72870560;-16.07072;-48.01111;-16.07072;-48.01111;;;
1157;QUERO MAIS GÁS E ÁGUA;;endereco;Universo Presentes, Rua Dezessete, 59, Valparaíso de Goiás - GO, 72870-243, Brasil;Rua Dezessete 59 Valparaiso de Goias GO 72870243 Brazil;Valparaíso de Goiás;GO;72870243;-16.06841;-47.99255;-16.06841;-47.99255;;;
1158;R Gás Valparaíso;;endereco;Rua Dezesseis, 25, QD38-LT 25, Valparaíso de Goiás - GO, Brasil;Rua Dezesseis 25 Valparaiso de Goias GO 72876156 Brazil;Valparaíso de Goiás;GO;72876156;-16.07265;-47.97666;-16.07265;-47.97666;QD38-LT 25;;
1159;RIOS GÁS Valparaiso 1 Etapa B e Ypiranga.;;endereco;Rua Tancredo Neves, 54, Valparaíso de Goiás - GO, Brasil;Rua Tancredo Neves 54 Valparaiso de Goias GO 72879331 Brazil;Valparaíso de Goiás;GO;72879331;-16.06714;-47.97198;-16.06714;-47.97198;;;
1160;Super Gás Econômico;;endereco;Rua Doze, Qd 33-Lt 9, Valparaíso de Goiás - GO, 72870-342, Brasil;Rua Doze Qd 33 Lt 9 Valparaiso de Goias GO 72870215 Brazil;Valparaíso de Goiás;GO;72870215;-16.06403;-47.98908;-16.06403;-47.98908;;;
1161;SUPERGASBRAS;;endereco;Avenida Marginal, 1283, Valparaíso de Goiás - GO, 72872-003, Brasil;Avenida Marginal 1283 Valparaiso de Goias GO 72872003 Brazil;Valparaíso de Goiás;GO;72872003;-16.08425;-47.98749;-16.08425;-47.98749;;;
1162;Supergasbras Rogério gás e água mineral;;endereco;Rua Setenta e Três, 24, QD153-LT 24, Valparaíso de Goiás - GO, 72871-073, Brasil;Rua Setenta e Tres 24 Valparaiso de Goias GO 72871101 Brazil;Valparaíso de Goiás;GO;72871101;-16.05547;-48.00931;-16.05547;-48.00931;QD153-LT 24;;
1163;Tazz Gás;;endereco;Rua Minas Gerais, 378, Valparaíso de Goiás - GO, 72879-286, Brasil;Rua Minas Gerais 378 Valparaiso de Goias GO 72800000 Brazil;Valparaíso de Goiás;GO;72800000;-16.06557;-47.9772;-16.06557;-47.9772;;MEDIO;CEP generico de cidade, nao de rua (2,4x mais falha)
1164;Amil Gas Aguas Lindas;;endereco;Avenida Tiradentes, 21, Águas Lindas de Goiás - GO, 72910-000, Brasil;Avenida Tiradentes 21 Aguas Lindas de Goias GO 72911331 Brazil;Águas Lindas de Goiás;GO;72911331;-15.74428;-48.25639;-15.74428;-48.25639;;;
1165;Aroeira Distribuidora Gás;;endereco;Viela Cinco, 50, Águas Lindas de Goiás - GO, 72910-000, Brasil;Viela Cinco 50 Aguas Lindas de Goias GO 72910000 Brazil;Águas Lindas de Goiás;GO;72910000;-15.74773;-48.2532;-15.74773;-48.2532;;MEDIO;CEP generico de cidade, nao de rua (2,4x mais falha)
1166;AROEIRA GÁS - SETOR 2;;endereco;Rua Seis, 1297, Águas Lindas de Goiás - GO, 72910-000, Brasil;Rua Seis 1297 Aguas Lindas de Goias GO 72910000 Brazil;Águas Lindas de Goiás;GO;72910000;-15.75315;-48.2737;-15.75315;-48.2737;;MEDIO;CEP generico de cidade, nao de rua (2,4x mais falha)
1167;Beto Gas;;endereco;Avenida Brasília, 6, QD36-LT 6, Águas Lindas de Goiás - GO, 72910-000, Brasil;Avenida Brasilia 6 Aguas Lindas de Goias GO 72920749 Brazil;Águas Lindas de Goiás;GO;72920749;-15.73037;-48.29665;-15.73037;-48.29665;QD36-LT 6;;
1168;Cardoso Gás e Água;;endereco;Avenida Um, 16, QD93B-CJ B, Águas Lindas de Goiás - GO, 72910-000, Brasil;Avenida Um 16 Aguas Lindas de Goias GO 72925227 Brazil;Águas Lindas de Goiás;GO;72925227;-15.74298;-48.28577;-15.74298;-48.28577;QD93B-CJ B;;
1169;Carlito Gás e Água;;endereco;Rua Oito, 22, Águas Lindas de Goiás - GO, 72910-000, Brasil;Rua Oito 22 Aguas Lindas de Goias GO 72915970 Brazil;Águas Lindas de Goiás;GO;72915970;-15.7318;-48.29327;-15.7318;-48.29327;;;
1170;Chico do Gás - Águas Lindas;;endereco;Rua Quatro, 23, QD51-LT 23, Águas Lindas de Goiás - GO, 72910-000, Brasil;Rua Quatro 23 Aguas Lindas de Goias GO 72911310 Brazil;Águas Lindas de Goiás;GO;72911310;-15.743;-48.25973;-15.743;-48.25973;QD51-LT 23;;
1171;Comercial Magas;;endereco;Rua Quinze, 21, QD93-LT 21, Águas Lindas de Goiás - GO, 72911-075, Brasil;Rua Quinze 21 Aguas Lindas de Goias GO 72910000 Brazil;Águas Lindas de Goiás;GO;72910000;-15.7388;-48.26516;-15.7388;-48.26516;QD93-LT 21;MEDIO;CEP generico de cidade, nao de rua (2,4x mais falha)
1172;D Abade Doutor do Gás;;endereco;Avenida Espírito Santo, 229, Águas Lindas de Goiás - GO, 72910-000, Brasil;Avenida Espirito Santo 229 Aguas Lindas de Goias GO 72910000 Brazil;Águas Lindas de Goiás;GO;72910000;-15.72108;-48.27857;-15.72108;-48.27857;;MEDIO;CEP generico de cidade, nao de rua (2,4x mais falha)
1173;Deposito De Gas;;endereco;Drogaria Israel, Viela Um, Águas Lindas de Goiás - GO, 72910-000, Brasil;Viela Um Aguas Lindas de Goias GO 72910000 Brazil;Águas Lindas de Goiás;GO;72910000;-15.75066;-48.25214;-15.75066;-48.25214;;ALTO;"sem numero de porta; CEP generico de cidade, nao de rua (2,4x mais falha)"
1174;Deposito MD Gás 3 St 9;;endereco;Rua Vinte e Nove, Águas Lindas de Goiás - GO, 72910-000, Brasil;Rua Vinte e Nove Aguas Lindas de Goias GO 72910000 Brazil;Águas Lindas de Goiás;GO;72910000;-15.75424;-48.27405;-15.75424;-48.27405;;ALTO;"sem numero de porta; CEP generico de cidade, nao de rua (2,4x mais falha)"
1175;DIEGUINHO NACIONAL GÁS;;endereco;Rua Trinta e Três-A, 15, QD3-LT 15-B, Águas Lindas de Goiás - GO, 72910-000, Brasil;Rua Trinta e Tres A 15 Aguas Lindas de Goias GO 72910449 Brazil;Águas Lindas de Goiás;GO;72910449;-15.7536;-48.28439;-15.7536;-48.28439;QD3-LT 15-B;;
1176;EDGÁS E CONVENIÊNCIA;;endereco;Rua Dezessete, 895, Águas Lindas de Goiás - GO, 72910-000, Brasil;Rua Dezessete 895 Aguas Lindas de Goias GO 72910118 Brazil;Águas Lindas de Goiás;GO;72910118;-15.75021;-48.26959;-15.75021;-48.26959;;;
1177;Galego Gás;;endereco;Quadra Ar 1, 33, QD10A-LT 33A, Águas Lindas de Goiás - GO, 72910-000, Brasil;Quadra Ar 1 Aguas Lindas de Goias GO 72915970 Brazil;Águas Lindas de Goiás;GO;72915970;-15.72641;-48.28226;-15.72641;-48.28226;33 QD10A-LT 33A;;
1178;Galego Gás - Águas Lindas de Goiás;;endereco;Avenida Dois, 34, Águas Lindas de Goiás - GO, 72910-000, Brasil;Avenida Dois 34 Aguas Lindas de Goias GO 72910630 Brazil;Águas Lindas de Goiás;GO;72910630;-15.76246;-48.27177;-15.76246;-48.27177;;;
1179;GAS BOM PREÇO;;endereco;Avenida Quatro, 2, QD97-CJ A, Águas Lindas de Goiás - GO, 72910-000, Brasil;Avenida Quatro 2 Aguas Lindas de Goias GO 72925072 Brazil;Águas Lindas de Goiás;GO;72925072;-15.74146;-48.28114;-15.74146;-48.28114;QD97-CJ A;;
1180;Gás da Família;;endereco;Avenida Liberdade, 12, QD19B-LT 12A, Águas Lindas de Goiás - GO, 72910-000, Brasil;Avenida Liberdade 12 Aguas Lindas de Goias GO 72910052 Brazil;Águas Lindas de Goiás;GO;72910052;-15.75684;-48.26728;-15.75684;-48.26728;QD19B-LT 12A;;
1181;Gás da família;;endereco;Rua Nove-C, 1, QD67-CJ C, Águas Lindas de Goiás - GO, 72910-000, Brasil;Rua Nove C 1 Aguas Lindas de Goias GO 72975000 Brazil;Águas Lindas de Goiás;GO;72975000;-15.74994;-48.27923;-15.74994;-48.27923;QD67-CJ C;MEDIO;CEP generico de cidade, nao de rua (2,4x mais falha)
1182;Gás JK;;endereco;Rua Nove, 21, Águas Lindas de Goiás - GO, 72910-000, Brasil;Rua Nove 21 Aguas Lindas de Goias GO 72916060 Brazil;Águas Lindas de Goiás;GO;72916060;-15.73399;-48.25691;-15.73399;-48.25691;;;
1183;Gás JK;;endereco;Rua Araçá, 33, QD24-LT 33, Águas Lindas de Goiás - GO, 72910-000, Brasil;Rua Araca 33 Aguas Lindas de Goias GO 72910000 Brazil;Águas Lindas de Goiás;GO;72910000;-15.7857;-48.29114;-15.7857;-48.29114;QD24-LT 33;MEDIO;CEP generico de cidade, nao de rua (2,4x mais falha)
1184;Gás JK Solar Da Barragem;;endereco;Avenida Cuiabá, 26, QD1-LT 26, Águas Lindas de Goiás - GO, 72910-000, Brasil;Avenida Cuiaba 26 Aguas Lindas de Goias GO 72910000 Brazil;Águas Lindas de Goiás;GO;72910000;-15.73929;-48.30587;-15.73929;-48.30587;QD1-LT 26;MEDIO;CEP generico de cidade, nao de rua (2,4x mais falha)
1185;Ideal Gás Distribuidora LTDA;;endereco;Rua Dezenove, 447, Águas Lindas de Goiás - GO, 72910-000, Brasil;Rua Dezenove 447 Aguas Lindas de Goias GO 72910000 Brazil;Águas Lindas de Goiás;GO;72910000;-15.74411;-48.27415;-15.74411;-48.27415;;MEDIO;CEP generico de cidade, nao de rua (2,4x mais falha)
1186;JC Distribuidora de Gás;;endereco;Rua Vinte e Quatro, Águas Lindas de Goiás - GO, 72910-000, Brasil;Rua Vinte e Quatro Aguas Lindas de Goias GO 72910000 Brazil;Águas Lindas de Goiás;GO;72910000;-15.71262;-48.28666;-15.71262;-48.28666;;ALTO;"sem numero de porta; CEP generico de cidade, nao de rua (2,4x mais falha)"
1187;JUNINHO DO GAS;;endereco;Rua Trinta e Três, 97, Águas Lindas de Goiás - GO, 72910-000, Brasil;Rua Trinta e Tres 97 Aguas Lindas de Goias GO 72910000 Brazil;Águas Lindas de Goiás;GO;72910000;-15.74108;-48.28452;-15.74108;-48.28452;;MEDIO;CEP generico de cidade, nao de rua (2,4x mais falha)
1188;Juninho do Gás;;endereco;Rua Um, 393, Águas Lindas de Goiás - GO, 72917-140, Brasil;Rua Um 393 Aguas Lindas de Goias GO 72917146 Brazil;Águas Lindas de Goiás;GO;72917146;-15.7068;-48.27791;-15.7068;-48.27791;;;
1189;Juninho Do Gás;;endereco;Rua Trinta e Nove, 19, QD101-LT 19, Águas Lindas de Goiás - GO, 72910-000, Brasil;Rua Trinta e Nove 19 Aguas Lindas de Goias GO 72910000 Brazil;Águas Lindas de Goiás;GO;72910000;-15.7445;-48.29583;-15.7445;-48.29583;QD101-LT 19;MEDIO;CEP generico de cidade, nao de rua (2,4x mais falha)
1190;KASA DO GÁS;;endereco;Avenida Quatro, Águas Lindas de Goiás - GO, 72925-057, Brasil;Avenida Quatro Aguas Lindas de Goias GO 72910000 Brazil;Águas Lindas de Goiás;GO;72910000;-15.74013;-48.28129;-15.74013;-48.28129;;ALTO;"sem numero de porta; CEP generico de cidade, nao de rua (2,4x mais falha)"
1191;Libra Gás;;endereco;Avenida Espírito Santo, 230, Águas Lindas de Goiás - GO, 72910-000, Brasil;Avenida Espirito Santo 230 Aguas Lindas de Goias GO 72915250 Brazil;Águas Lindas de Goiás;GO;72915250;-15.72119;-48.27831;-15.72119;-48.27831;;;
1192;MultGás;;endereco;Rua Vinte e Sete, Qd 46-Lt 17, Águas Lindas de Goiás - GO, 72910-000, Brasil;Rua Vinte e Sete Qd 46 Lt 17 Aguas Lindas de Goias GO 72915069 Brazil;Águas Lindas de Goiás;GO;72915069;-15.7197;-48.28603;-15.7197;-48.28603;;;
1193;Nacional Gás;;endereco;Avenida Brasília, 16, QD110B-LT 16, Águas Lindas de Goiás - GO, 72910-000, Brasil;Avenida Brasilia 16 Aguas Lindas de Goias GO 72910000 Brazil;Águas Lindas de Goiás;GO;72910000;-15.73841;-48.29392;-15.73841;-48.29392;QD110B-LT 16;MEDIO;CEP generico de cidade, nao de rua (2,4x mais falha)
1194;Polar Gás, Água e Distribuidora de Bebidas - Gás em Águas Lindas;;endereco;Avenida Manaus, Qd 13-Lt 1, Águas Lindas de Goiás - GO, 72910-000, Brasil;Avenida Manaus Qd 13 Lt 1 Aguas Lindas de Goias GO 72920557 Brazil;Águas Lindas de Goiás;GO;72920557;-15.73186;-48.29149;-15.73186;-48.29149;;;
1195;Pérola Gás;;endereco;Avenida Brasil, 18, QD55-LT 18, Águas Lindas de Goiás - GO, 72910-000, Brasil;Avenida Brasil 18 Aguas Lindas de Goias GO 72910000 Brazil;Águas Lindas de Goiás;GO;72910000;-15.74445;-48.261;-15.74445;-48.261;QD55-LT 18;MEDIO;CEP generico de cidade, nao de rua (2,4x mais falha)
1196;Queiroz Gás Águas Lindas;;endereco;Rua Cinco, 28, QD94-LT 28, Águas Lindas de Goiás - GO, 72910-000, Brasil;Rua Cinco 28 Aguas Lindas de Goias GO 72911045 Brazil;Águas Lindas de Goiás;GO;72911045;-15.73748;-48.26642;-15.73748;-48.26642;QD94-LT 28;;
1197;Satélite Gás;;endereco;Quadra 1A, 11, QD1B-LT 11, Águas Lindas de Goiás - GO, 72910-000, Brasil;Quadra 1A 11 Aguas Lindas de Goias GO 72910000 Brazil;Águas Lindas de Goiás;GO;72910000;-15.77893;-48.27826;-15.77893;-48.27826;QD1B-LT 11;MEDIO;CEP generico de cidade, nao de rua (2,4x mais falha)
1198;Telegás;;endereco;Rua Quatro, 46, QD110-LT 46, Águas Lindas de Goiás - GO, 72910-000, Brasil;Rua Quatro 46 Aguas Lindas de Goias GO 72910000 Brazil;Águas Lindas de Goiás;GO;72910000;-15.73777;-48.26845;-15.73777;-48.26845;QD110-LT 46;MEDIO;CEP generico de cidade, nao de rua (2,4x mais falha)
1199;Top Gás;;endereco;Rua das Azaleias, 1, QD113-LT 1, Águas Lindas de Goiás - GO, 72910-000, Brasil;Rua das Azaleias 1 Aguas Lindas de Goias GO 72925180 Brazil;Águas Lindas de Goiás;GO;72925180;-15.74507;-48.29644;-15.74507;-48.29644;QD113-LT 1;;
1200;VILLAGE GÁS;;endereco;Avenida Primeira, 2, Águas Lindas de Goiás - GO, 72910-000, Brasil;Avenida Primeira 2 Aguas Lindas de Goias GO 72916209 Brazil;Águas Lindas de Goiás;GO;72916209;-15.73265;-48.26728;-15.73265;-48.26728;;;
1201;VL GÁS LTDA;;endereco;Avenida Brasília, 6, QD110B-LT 6, Águas Lindas de Goiás - GO, 72910-000, Brasil;Avenida Brasilia 6 Aguas Lindas de Goias GO 72925144 Brazil;Águas Lindas de Goiás;GO;72925144;-15.73833;-48.29343;-15.73833;-48.29343;QD110B-LT 6;;
1202;Ultragaz Anajatuba;;endereco;Rua Nova, Anajatuba - MA, 65490-000, Brasil;Rua Nova Anajatuba MA 65490000 Brazil;Anajatuba;MA;65490000;-3.2752;-44.62472;-3.2752;-44.62472;;ALTO;"sem numero de porta; CEP generico de cidade, nao de rua (2,4x mais falha)"
1203;Alô Gás;;endereco;Travessa Jerusalém, 1872, Caxias - MA, 65604-740, Brasil;Travessa Jerusalem 1872 Caxias MA 65604320 Brazil;Caxias;MA;65604320;-4.86548;-43.34197;-4.86548;-43.34197;;;
1204;Apollo Gas e Agua Mineral Viena - Gás do Povo;;endereco;Rua do Mangueirão, 354, Caxias - MA, 65605-670, Brasil;Rua do Mangueirao 354 Caxias MA 65606670 Brazil;Caxias;MA;65606670;-4.87187;-43.35174;-4.87187;-43.35174;;;
1205;Apollo Gas e Agua Mineral Viena - Gás do Povo;;endereco;Rua São José, 949, Caxias - MA, 65609-680, Brasil;Rua Sao Jose 949 Caxias MA 65607470 Brazil;Caxias;MA;65607470;-4.86959;-43.37415;-4.86959;-43.37415;;;
1206;Brasil Aguas e Gás;;endereco;Avenida da Rodoviária, Caxias - MA, 65606-760, Brasil;Avenida da Rodoviaria Caxias MA 65605515 Brazil;Caxias;MA;65605515;-4.87987;-43.34278;-4.87987;-43.34278;;ALTO;sem numero de porta
1207;CAXIAS GAS;;endereco;Rua Santa Cruz, 1262, Caxias - MA, 65600-360, Brasil;Rua Santa Cruz 1262 Caxias MA 65604350 Brazil;Caxias;MA;65604350;-4.86504;-43.34686;-4.86504;-43.34686;;;
1208;COCAL GÁS;;endereco;Rua Aluísio Lobo, 4062, Caxias - MA, 65600-450, Brasil;Rua Aluisio Lobo 4062 Caxias MA 65600450 Brazil;Caxias;MA;65600450;-4.84271;-43.34546;-4.84271;-43.34546;;;
1209;Fenix Gás;;endereco;Rua José Sarney, 1057, Caxias - MA, 65609-200, Brasil;Rua Jose Sarney 1057 Caxias MA 65609200 Brazil;Caxias;MA;65609200;-4.87834;-43.37125;-4.87834;-43.37125;;;
1210;Flash gás Caxias;;endereco;BR-316, Caxias - MA, Brasil;BR 316 Caxias MA 65609635 Brazil;Caxias;MA;65609635;-4.8874;-43.36816;-4.8874;-43.36816;;ALTO;"sem numero de porta; logradouro sem nome"
1211;GÁS & CIA - Nacional Gás Caxias/MA;;endereco;Avenida Senador Edson Lobão, 2071, Caxias - MA, 65606-690, Brasil;Avenida Senador Edson Lobao 2071 Caxias MA 65606359 Brazil;Caxias;MA;65606359;-4.88396;-43.3541;-4.88396;-43.3541;;;
1212;Gás Caxias ma;;endereco;Avenida Senador Alexandre Costa, 3144, Caxias - MA, 65605-515, Brasil;Avenida Senador Alexandre Costa 3144 Caxias MA 65605300 Brazil;Caxias;MA;65605300;-4.87233;-43.3474;-4.87233;-43.3474;;;
1213;LEVGAS;;endereco;Avenida Senador Alexandre Costa, 2770, Caxias - MA, 65605-515, Brasil;Avenida Senador Alexandre Costa 2770 Caxias MA 65605515 Brazil;Caxias;MA;65605515;-4.87563;-43.34535;-4.87563;-43.34535;;;
1214;Liquigás caxias;;endereco;Travessa Loreto, 100, Caxias - MA, 65605-320, Brasil;Travessa Loreto 100 Caxias MA 65604330 Brazil;Caxias;MA;65604330;-4.87211;-43.34669;-4.87211;-43.34669;;;
1215;MUNDIAL GÁS CAXIAS - MA;;endereco;Praça Vespasiano Ramos, 740, Caxias - MA, 65609-350, Brasil;Praca Vespasiano Ramos 740 Caxias MA 65609295 Brazil;Caxias;MA;65609295;-4.87037;-43.36426;-4.87037;-43.36426;;;
1216;Nacional Gás Butano;;endereco;Avenida Pirajá, 2280, Caxias - MA, 65608-700, Brasil;Avenida Piraja 2280 Caxias MA 65608420 Brazil;Caxias;MA;65608420;-4.86842;-43.38777;-4.86842;-43.38777;;;
1217;Pede Gás distribuidora de gás e água mineral - Pedir gás, Pedir água mineral;;endereco;Rua do Cotovelo, 1016, Cangalheiro, Caxias - MA, 65606-580, Brasil;Rua do Cotovelo 1016 Caxias MA 65606580 Brazil;Caxias;MA;65606580;-4.86964;-43.35919;-4.86964;-43.35919;Cangalheiro;;
1218;ServeGás - Revenda Liquigás;;endereco;Banco 24horas, Avenida Central, Caxias - MA, 65605-190, Brasil;Avenida Central Caxias MA 65600175 Brazil;Caxias;MA;65600175;-4.85863;-43.34806;-4.85863;-43.34806;;ALTO;sem numero de porta
1219;Tropigás.;;endereco;Avenida Senador Alexandre Costa, 2132, Caxias - MA, 65605-515, Brasil;Avenida Senador Alexandre Costa 2132 Caxias MA 65600970 Brazil;Caxias;MA;65600970;-4.87035;-43.3486;-4.87035;-43.3486;;;
1220;Ultragas caxias;;endereco;Rua do Sol, 949, Caxias - MA, 65605-695, Brasil;Rua do Sol 949 Caxias MA 65606320 Brazil;Caxias;MA;65606320;-4.87649;-43.35585;-4.87649;-43.35585;;;
1221;Gás do Sertão;;endereco;Travessa Nilário Barbosa, 275, Colinas - MA, 65690-000, Brasil;Travessa Nilario Barbosa 275 Colinas MA 65690000 Brazil;Colinas;MA;65690000;-6.02903;-44.24394;-6.02903;-44.24394;;MEDIO;CEP generico de cidade, nao de rua (2,4x mais falha)
1222;Abraão Gás;;endereco;Rua Isabel Cafeteira, 45, Imperatriz - MA, 65906-387, Brasil;Rua Isabel Cafeteira 45 Imperatriz MA 65906408 Brazil;Imperatriz;MA;65906408;-5.47741;-47.49502;-5.47741;-47.49502;;;
1223;Abraão Gás Praça União;;endereco;Rua Dom Pedro II, 578, Imperatriz - MA, 65900-734, Brasil;Rua Dom Pedro II 578 Imperatriz MA 65900734 Brazil;Imperatriz;MA;65900734;-5.53598;-47.48504;-5.53598;-47.48504;;;
1224;Abraão. Gás de Cozinha;;endereco;Rua Aimores, 63, Imperatriz - MA, 65911-321, Brasil;Rua Aimores 63 Imperatriz MA 65906321 Brazil;Imperatriz;MA;65906321;-5.50264;-47.46353;-5.50264;-47.46353;;;
1225;Almeida Imperatriz | Distribuidora de Gás, Água e Carvão;;endereco;Rua Santa Tereza, 1449, Imperatriz - MA, 65900-540, Brasil;Rua Santa Tereza 1449 Imperatriz MA 65900470 Brazil;Imperatriz;MA;65900470;-5.51866;-47.48525;-5.51866;-47.48525;;;
1226;Bonfim Gás;;endereco;Rua A, 2, Imperatriz - MA, Brasil;Rua A 2 Imperatriz MA 65919070 Brazil;Imperatriz;MA;65919070;-5.4964;-47.49342;-5.4964;-47.49342;;;
1227;Borsoi Gás Bacuri;;endereco;Rua Bandeirantes, 9, Imperatriz - MA, 65901-420, Brasil;Rua Bandeirantes 9 Imperatriz MA 65901020 Brazil;Imperatriz;MA;65901020;-5.5365;-47.47463;-5.5365;-47.47463;;;
1228;Borsoi Gás e Água;;endereco;Avenida Jk, 1986, Imperatriz - MA, 65917-020, Brasil;Avenida Jk 1986 Imperatriz MA 65904295 Brazil;Imperatriz;MA;65904295;-5.50526;-47.48559;-5.50526;-47.48559;;;
1229;Brasil Central Gás;;endereco;Avenida Tropical Sul, 52, Imperatriz - MA, 65910-690, Brasil;Avenida Tropical Sul 52 Imperatriz MA 65910690 Brazil;Imperatriz;MA;65910690;-5.5025;-47.47095;-5.5025;-47.47095;;;
1230;Dean gás;;endereco;Rua Voluntários da Pátria, 17, Imperatriz - MA, 65905-478, Brasil;Rua Voluntarios da Patria 17 Imperatriz MA 65905478 Brazil;Imperatriz;MA;65905478;-5.48912;-47.49173;-5.48912;-47.49173;;;
1231;DEPÓSITO DE GÁS - Lima Gás;;endereco;Avenida Bernardo Sayão, 826, Imperatriz - MA, 65907-000, Brasil;Avenida Bernardo Sayao 826 Imperatriz MA 65907000 Brazil;Imperatriz;MA;65907000;-5.52238;-47.49079;-5.52238;-47.49079;;MEDIO;CEP generico de cidade, nao de rua (2,4x mais falha)
1232;Gás 24H - Borsoi Gás;;endereco;Borsoi Liquigás, BR-010, 12, Imperatriz - MA, Brasil;BR 010 12 Imperatriz MA 65910680 Brazil;Imperatriz;MA;65910680;-5.50473;-47.47135;-5.50473;-47.47135;;ALTO;logradouro sem nome
1233;Gás Bom Jesus;;endereco;Rua Duque de Caxias, 11, Imperatriz - MA, 65916-190, Brasil;Rua Duque de Caxias 11 Imperatriz MA 65900001 Brazil;Imperatriz;MA;65900001;-5.53997;-47.45763;-5.53997;-47.45763;;;
1234;Gás Esperança;;endereco;Avenida Pedro Neiva de Santana, 2163, Imperatriz - MA, 65914-730, Brasil;Avenida Pedro Neiva de Santana 2163 Imperatriz MA 65910345 Brazil;Imperatriz;MA;65910345;-5.5095;-47.4559;-5.5095;-47.4559;;;
1235;Gás Imperatriz | Gas Parque Santa Lúcia | Gas de Cozinha;;endereco;Rua Três Marias, 88, Imperatriz - MA, 65912-380, Brasil;Rua Tres Marias 88 Imperatriz MA 65912380 Brazil;Imperatriz;MA;65912380;-5.51875;-47.4505;-5.51875;-47.4505;;;
1236;Gás Novo Mundo;;endereco;Rua Minas Gerais, 555, Imperatriz - MA, 65903-020, Brasil;Rua Minas Gerais 555 Imperatriz MA 65913445 Brazil;Imperatriz;MA;65913445;-5.51796;-47.4767;-5.51796;-47.4767;;;
1237;Gás São Francisco;;endereco;Rua Luis Domingues, 396, Imperatriz - MA, 65900-245, Brasil;Rua Luis Domingues 396 Imperatriz MA 65913000 Brazil;Imperatriz;MA;65913000;-5.52049;-47.46763;-5.52049;-47.46763;;MEDIO;CEP generico de cidade, nao de rua (2,4x mais falha)
1238;Henrique Gás;;endereco;Rua Oswaldo Cruz, 32, Imperatriz - MA, 65916-170, Brasil;Rua Oswaldo Cruz 32 Imperatriz MA 65916170 Brazil;Imperatriz;MA;65916170;-5.53837;-47.47159;-5.53837;-47.47159;;;
1239;IDEAL GÁS;;endereco;Rua Dois Irmãos, 358, Imperatriz - MA, 65910-215, Brasil;Rua Dois Irmaos 358 Imperatriz MA 65910030 Brazil;Imperatriz;MA;65910030;-5.5151;-47.46705;-5.5151;-47.46705;;;
1240;Impera Gás;;endereco;Odontolab, Rua Hermes da Fonseca, Imperatriz - MA, 65900-160, Brasil;Rua Hermes da Fonseca Imperatriz MA 65901590 Brazil;Imperatriz;MA;65901590;-5.5248;-47.48319;-5.5248;-47.48319;;ALTO;sem numero de porta
1241;Impera Gás;;endereco;Rua Maranhão, 1350, Imperatriz - MA, 65907-110, Brasil;Rua Maranhao 1350 Imperatriz MA 65907110 Brazil;Imperatriz;MA;65907110;-5.53479;-47.47565;-5.53479;-47.47565;;;
1242;IMPERGÁS;;endereco;Rua Longitudinal 3, Imperatriz - MA, Brasil;Rua Longitudinal 3 Imperatriz MA 65902009 Brazil;Imperatriz;MA;65902009;-5.56546;-47.45722;-5.56546;-47.45722;;;
1243;IRMÃO DO GÁS;;endereco;Rua Antônio Moura, 70, Imperatriz - MA, 65917-340, Brasil;Rua Antonio Moura 70 Imperatriz MA 65917340 Brazil;Imperatriz;MA;65917340;-5.48867;-47.47982;-5.48867;-47.47982;;;
1244;Ita Gás;;endereco;Rua Tupinambá, 259, Imperatriz - MA, 65916-095, Brasil;Rua Tupinamba 259 Imperatriz MA 65907100 Brazil;Imperatriz;MA;65907100;-5.53229;-47.47645;-5.53229;-47.47645;;;
1245;Jean Gás - Distribuidora Autorizada PARAGÁS.;;endereco;Rua São João, 1877, Imperatriz - MA, 65907-060, Brasil;Rua Sao Joao 1877 Imperatriz MA 65907060 Brazil;Imperatriz;MA;65907060;-5.51239;-47.48756;-5.51239;-47.48756;;;
1246;JosyGás;;endereco;Rua Dois, 3055, Imperatriz - MA, Brasil;Rua Dois 3055 Imperatriz MA 65916170 Brazil;Imperatriz;MA;65916170;-5.53972;-47.47246;-5.53972;-47.47246;;;
1247;Lider Gás Paragás;;endereco;Rua Simplício Moreira, 2833, Imperatriz - MA, 65901-040, Brasil;Rua Simplicio Moreira 2833 Imperatriz MA 65916073 Brazil;Imperatriz;MA;65916073;-5.53629;-47.4807;-5.53629;-47.4807;;;
1248;Lima Gás - (Depósito e distribuidor de Gás de cozinha);;endereco;Rua dos Trabalhadores, 59, Imperatriz - MA, 65917-163, Brasil;Rua dos Trabalhadores 59 Imperatriz MA 65917163 Brazil;Imperatriz;MA;65917163;-5.49406;-47.47968;-5.49406;-47.47968;;;
1249;Lucas Gás;;endereco;Rua Aguanhambi, 465, Imperatriz - MA, Brasil;Rua Aguanhambi 465 Imperatriz MA 65915550 Brazil;Imperatriz;MA;65915550;-5.54021;-47.45481;-5.54021;-47.45481;;;
1250;Maragas - Revendedora Autorizada - Copagaz;;endereco;Rua Frei Epifânio, 1020, Imperatriz - MA, 65912-060, Brasil;Rua Frei Epifanio 1020 Imperatriz MA 65912180 Brazil;Imperatriz;MA;65912180;-5.52374;-47.45919;-5.52374;-47.45919;;;
1251;MARCÃO GÁS E AGUA;;endereco;Avenida Itaipú, 1017, Imperatriz - MA, 65912-340, Brasil;Avenida Itaipu 1017 Imperatriz MA 65912180 Brazil;Imperatriz;MA;65912180;-5.52341;-47.45908;-5.52341;-47.45908;;;
1252;MOISÉS GÁS LIGOU CHEGOU;;endereco;Rua José Bonifácio, 599, Imperatriz - MA, 65901-380, Brasil;Rua Jose Bonifacio 599 Imperatriz MA 65913060 Brazil;Imperatriz;MA;65913060;-5.53081;-47.47342;-5.53081;-47.47342;;;
1253;Nacional Gas Distribuidora;;endereco;BR-010, Imperatriz - MA, 65917-220, Brasil;BR 010 Imperatriz MA 65906190 Brazil;Imperatriz;MA;65906190;-5.48265;-47.4721;-5.48265;-47.4721;;ALTO;"sem numero de porta; logradouro sem nome"
1254;Nacional Gás butano em Imperatriz - MA;;endereco;Bob's, BR-010, 100, Imperatriz - MA, Brasil;BR 010 100 Imperatriz MA 65903390 Brazil;Imperatriz;MA;65903390;-5.52055;-47.47194;-5.52055;-47.47194;;ALTO;logradouro sem nome
1255;Norte Gás;;endereco;Rua Portuguesa, 25, Imperatriz - MA, 65919-350, Brasil;Rua Portuguesa 25 Imperatriz MA 65919350 Brazil;Imperatriz;MA;65919350;-5.50059;-47.4969;-5.50059;-47.4969;;;
1256;Novo Gás (deposito Paragás);;endereco;Rua Benedito Silvestre de Moraes, 28, Imperatriz - MA, 65910-700, Brasil;Rua Benedito Silvestre de Moraes 28 Imperatriz MA 65910700 Brazil;Imperatriz;MA;65910700;-5.51804;-47.45513;-5.51804;-47.45513;;;
1257;Pacheco Gás Imperatriz;;endereco;Avenida Jacob, 40, Imperatriz - MA, 65910-547, Brasil;Avenida Jacob 40 Imperatriz MA 65910547 Brazil;Imperatriz;MA;65910547;-5.50433;-47.456;-5.50433;-47.456;;;
1258;Para Gás;;endereco;Rua Ceará, 162, Imperatriz - MA, 65900-530, Brasil;Rua Ceara 162 Imperatriz MA 65900505 Brazil;Imperatriz;MA;65900505;-5.5225;-47.48189;-5.5225;-47.48189;;;
1259;Paragás O Gás Do Brasil;;endereco;Rua Amazonas, 742, Imperatriz - MA, 65901-520, Brasil;Rua Amazonas 742 Imperatriz MA 65901520 Brazil;Imperatriz;MA;65901520;-5.53253;-47.48016;-5.53253;-47.48016;;;
1260;Patrese Gás - Paragás;;endereco;Rua do Mutirão, Imperatriz - MA, Brasil;Rua do Mutirao Imperatriz MA 65911894 Brazil;Imperatriz;MA;65911894;-5.49293;-47.45371;-5.49293;-47.45371;;ALTO;sem numero de porta
1261;Ricardo Gás e Água;;endereco;Rua Rio Grande do Norte, 1502, Imperatriz - MA, 65919-140, Brasil;Rua Rio Grande do Norte 1502 Imperatriz MA 65907420 Brazil;Imperatriz;MA;65907420;-5.50986;-47.48968;-5.50986;-47.48968;;;
1262;ROBERTO GAS;;endereco;Rua Dom Marcelino, Imperatriz - MA, 65910-070, Brasil;Rua Dom Marcelino Imperatriz MA 65917330 Brazil;Imperatriz;MA;65917330;-5.49631;-47.47717;-5.49631;-47.47717;;ALTO;sem numero de porta
1263;Silva Gás;;endereco;Rua Manaus, 647, Imperatriz - MA, 65907-160, Brasil;Rua Manaus 647 Imperatriz MA 65900355 Brazil;Imperatriz;MA;65900355;-5.52033;-47.49206;-5.52033;-47.49206;;;
1264;Sousa Gás;;endereco;Rua Alagoas, 157, Imperatriz - MA, 65919-170, Brasil;Rua Alagoas 157 Imperatriz MA 65919170 Brazil;Imperatriz;MA;65919170;-5.51942;-47.4793;-5.51942;-47.4793;;;
1265;Sucesso Gás (Thiago Gás);;endereco (logradouro de coluna alternativa);BR-010, Imperatriz - MA, 65910-680, Brasil;Avenida Tropical Sul Imperatriz MA 65910690 Brazil;Imperatriz;MA;65910690;-5.50229;-47.47159;-5.50229;-47.47159;;ALTO;sem numero de porta
1266;Telegás;;endereco;Rua Iracema, 628, Imperatriz - MA, 65907-120, Brasil;Rua Iracema 628 Imperatriz MA 65907120 Brazil;Imperatriz;MA;65907120;-5.5187;-47.48878;-5.5187;-47.48878;;;
1267;The Flash Gás e Água;;endereco;Rua da Sombra, 392, Imperatriz - MA, 65919-280, Brasil;Rua da Sombra 392 Imperatriz MA 65919280 Brazil;Imperatriz;MA;65919280;-5.50616;-47.49663;-5.50616;-47.49663;;;
1268;Thiago Gás;;endereco;Rua Tamoios, 19, Imperatriz - MA, 65911-324, Brasil;Rua Tamoios 19 Imperatriz MA 65911324 Brazil;Imperatriz;MA;65911324;-5.50486;-47.46408;-5.50486;-47.46408;;;
1269;(Benevides) Ponto Certo Gás e Água;;endereco;Alameda Quinze, 37, Paço do Lumiar - MA, 65130-000, Brasil;Alameda Quinze 37 Paco do Lumiar MA 65130000 Brazil;Paço do Lumiar;MA;65130000;-2.5341;-44.15718;-2.5341;-44.15718;;MEDIO;CEP generico de cidade, nao de rua (2,4x mais falha)
1270;24horasgasmaiobao;;endereco;Rua Paulo Avelar, 538, Paço do Lumiar - MA, 65130-000, Brasil;Rua Paulo Avelar 538 Paco do Lumiar MA 65130000 Brazil;Paço do Lumiar;MA;65130000;-2.52884;-44.16279;-2.52884;-44.16279;;MEDIO;CEP generico de cidade, nao de rua (2,4x mais falha)
1271;Alô gás Samuel;;endereco;Avenida Bob Marley, 10, Paço do Lumiar - MA, 65130-000, Brasil;Avenida Bob Marley 10 Paco do Lumiar MA 65130000 Brazil;Paço do Lumiar;MA;65130000;-2.532;-44.14496;-2.532;-44.14496;;MEDIO;CEP generico de cidade, nao de rua (2,4x mais falha)
1272;Ana Vitória Gás;;endereco;Avenida Sete, Paço do Lumiar - MA, 65130-000, Brasil;Avenida Sete Paco do Lumiar MA 65130000 Brazil;Paço do Lumiar;MA;65130000;-2.53569;-44.16611;-2.53569;-44.16611;;ALTO;"sem numero de porta; CEP generico de cidade, nao de rua (2,4x mais falha)"
1273;Bel gás;;endereco;Avenida Presidente Juscelino, Paço do Lumiar - MA, 65130-000, Brasil;Avenida Presidente Juscelino Paco do Lumiar MA 65130000 Brazil;Paço do Lumiar;MA;65130000;-2.52188;-44.16643;-2.52188;-44.16643;;ALTO;"sem numero de porta; CEP generico de cidade, nao de rua (2,4x mais falha)"
1274;CAMPOS ÁGUA e GÁS Ltda;;endereco;Rua 2, Paço do Lumiar - MA, 65130-000, Brasil;Rua 2 Paco do Lumiar MA 65130000 Brazil;Paço do Lumiar;MA;65130000;-2.52333;-44.14181;-2.52333;-44.14181;;ALTO;"logradouro sem nome; CEP generico de cidade, nao de rua (2,4x mais falha)"
1275;Carlinhos água e gás;;endereco;Avenida Treze de Março, 33, Paço do Lumiar - MA, 65130-000, Brasil;Avenida Treze de Marco 33 Paco do Lumiar MA 65130000 Brazil;Paço do Lumiar;MA;65130000;-2.54854;-44.1501;-2.54854;-44.1501;;MEDIO;CEP generico de cidade, nao de rua (2,4x mais falha)
1276;Central Gás;;endereco;Rua Dois, 122, Paço do Lumiar - MA, 65130-000, Brasil;Rua Dois 122 Paco do Lumiar MA 65130000 Brazil;Paço do Lumiar;MA;65130000;-2.54722;-44.18265;-2.54722;-44.18265;;MEDIO;CEP generico de cidade, nao de rua (2,4x mais falha)
1277;Delivery Gás;;endereco;Rua 2, Paço do Lumiar - MA, 65130-000, Brasil;Rua 2 Paco do Lumiar MA 65130000 Brazil;Paço do Lumiar;MA;65130000;-2.55131;-44.12865;-2.55131;-44.12865;;ALTO;"logradouro sem nome; CEP generico de cidade, nao de rua (2,4x mais falha)"
1278;Deposito vip ,gas e água;;endereco;Estrada do Iguaiba, Paço do Lumiar - MA, 65130-000, Brasil;Estrada do Iguaiba Paco do Lumiar MA 65130000 Brazil;Paço do Lumiar;MA;65130000;-2.52715;-44.10857;-2.52715;-44.10857;;ALTO;"endereco de rodovia (57-67% falharam); sem numero de porta; CEP generico de cidade, nao de rua (2,4x mais falha)"
1279;Depósito de gás tchan gás;;endereco;Rua B, Paço do Lumiar - MA, 65130-000, Brasil;Rua B Paco do Lumiar MA 65000130 Brazil;Paço do Lumiar;MA;65000130;-2.52337;-44.16028;-2.52337;-44.16028;;ALTO;sem numero de porta
1280;Distribuidora Reprise Gás - Entrega e Delivery de Gás;;endereco;Rua da Amizade, 193, Paço do Lumiar - MA, 65130-000, Brasil;Rua da Amizade 193 Paco do Lumiar MA 65130000 Brazil;Paço do Lumiar;MA;65130000;-2.50008;-44.11512;-2.50008;-44.11512;;MEDIO;CEP generico de cidade, nao de rua (2,4x mais falha)
1281;Gás butano MAIOBÃO;;endereco;Avenida Nove, 6, Paço do Lumiar - MA, 65130-000, Brasil;Avenida Nove 6 Paco do Lumiar MA 65130000 Brazil;Paço do Lumiar;MA;65130000;-2.53752;-44.17141;-2.53752;-44.17141;;MEDIO;CEP generico de cidade, nao de rua (2,4x mais falha)
1282;Gás Butano Maiobão;;endereco;Alameda Quatro, Paço do Lumiar - MA, 65130-000, Brasil;Alameda Quatro Paco do Lumiar MA 65137000 Brazil;Paço do Lumiar;MA;65137000;-2.53836;-44.16484;-2.53836;-44.16484;;ALTO;"sem numero de porta; CEP generico de cidade, nao de rua (2,4x mais falha)"
1283;GÁS DO AMIGO MELHOR LOCALIZAÇÃO;;endereco;Rua F, 100, Paço do Lumiar - MA, 65130-000, Brasil;Rua F 100 Paco do Lumiar MA 65130000 Brazil;Paço do Lumiar;MA;65130000;-2.53724;-44.15679;-2.53724;-44.15679;;MEDIO;CEP generico de cidade, nao de rua (2,4x mais falha)
1284;Império Do Gás Butano;;endereco;Avenida Hilton Rocha, 875, Paço do Lumiar - MA, 65130-000, Brasil;Avenida Hilton Rocha 875 Paco do Lumiar MA 65130000 Brazil;Paço do Lumiar;MA;65130000;-2.54371;-44.1786;-2.54371;-44.1786;;MEDIO;CEP generico de cidade, nao de rua (2,4x mais falha)
1285;JL GÁS;;endereco;Mercadinho Lb, Avenida Contorno Norte, 15, Paço do Lumiar - MA, 65130-000, Brasil;Avenida Contorno Norte 15 Paco do Lumiar MA 65130000 Brazil;Paço do Lumiar;MA;65130000;-2.53449;-44.16608;-2.53449;-44.16608;;MEDIO;CEP generico de cidade, nao de rua (2,4x mais falha)
1286;Junior gás;;endereco;Avenida Dez, Paço do Lumiar - MA, 65130-000, Brasil;Avenida Dez Paco do Lumiar MA 65110000 Brazil;Paço do Lumiar;MA;65110000;-2.54825;-44.1699;-2.54825;-44.1699;;ALTO;"sem numero de porta; CEP generico de cidade, nao de rua (2,4x mais falha)"
1287;Lima Gas;;endereco;Rua da Manga, 23, Paço do Lumiar - MA, 65130-000, Brasil;Rua da Manga 23 Paco do Lumiar MA 65130000 Brazil;Paço do Lumiar;MA;65130000;-2.54615;-44.1864;-2.54615;-44.1864;;MEDIO;CEP generico de cidade, nao de rua (2,4x mais falha)
1288;Maiobao gas;;endereco;Rua José Buatem, 40, Paço do Lumiar - MA, 65130-000, Brasil;Rua Jose Buatem 40 Paco do Lumiar MA 65130000 Brazil;Paço do Lumiar;MA;65130000;-2.55027;-44.16738;-2.55027;-44.16738;;MEDIO;CEP generico de cidade, nao de rua (2,4x mais falha)
1289;Maiobão Gás;;endereco;Rua Cinco, 105, Paço do Lumiar - MA, 65130-000, Brasil;Rua Cinco 105 Paco do Lumiar MA 65137000 Brazil;Paço do Lumiar;MA;65137000;-2.54062;-44.16333;-2.54062;-44.16333;;MEDIO;CEP generico de cidade, nao de rua (2,4x mais falha)
1290;Mercadinho LKL e alô gás;;endereco;Avenida 2, 32, Paço do Lumiar - MA, 65130-000, Brasil;Avenida 2 32 Paco do Lumiar MA 65130000 Brazil;Paço do Lumiar;MA;65130000;-2.5239;-44.10368;-2.5239;-44.10368;;MEDIO;CEP generico de cidade, nao de rua (2,4x mais falha)
1291;Nacionalgás;;endereco;Rua Quinze, 93, Paço do Lumiar - MA, 65130-000, Brasil;Rua Quinze 93 Paco do Lumiar MA 65130000 Brazil;Paço do Lumiar;MA;65130000;-2.54355;-44.16533;-2.54355;-44.16533;;MEDIO;CEP generico de cidade, nao de rua (2,4x mais falha)
1292;Neto Gás;;endereco;Estrada de Ribamar, São José de Ribamar - MA, 65110-000, Brasil;Estrada de Ribamar Sao Jose de Ribamar MA 65060000 Brazil;São José de Ribamar;MA;65060000;-2.5488;-44.11461;-2.5488;-44.11461;;ALTO;"endereco de rodovia (57-67% falharam); sem numero de porta; CEP generico de cidade, nao de rua (2,4x mais falha)"
1293;Oásis - Água e Gás;;endereco;Rua 5, Paço do Lumiar - MA, 65130-000, Brasil;Rua 5 Paco do Lumiar MA 65130000 Brazil;Paço do Lumiar;MA;65130000;-2.54919;-44.13025;-2.54919;-44.13025;;ALTO;"logradouro sem nome; CEP generico de cidade, nao de rua (2,4x mais falha)"
1294;Papaléguas gás;;endereco;Rua Boa Esperança, Paço do Lumiar - MA, 65130-000, Brasil;Rua Boa Esperanca Paco do Lumiar MA 65130000 Brazil;Paço do Lumiar;MA;65130000;-2.48448;-44.17596;-2.48448;-44.17596;;ALTO;"sem numero de porta; CEP generico de cidade, nao de rua (2,4x mais falha)"
1295;Pimenta Gás - Maiobão;;endereco;Rua Oitenta Nove, 8, Paço do Lumiar - MA, 65130-000, Brasil;Rua Oitenta Nove 8 Paco do Lumiar MA 65130000 Brazil;Paço do Lumiar;MA;65130000;-2.53922;-44.16696;-2.53922;-44.16696;;MEDIO;CEP generico de cidade, nao de rua (2,4x mais falha)
1296;Plus Ultra Gás - Água Mineral e Gás do Povo;;endereco;Avenida Senador Epitácio Cafeteira, 2638, Paço do Lumiar - MA, 65130-000, Brasil;Avenida Senador Epitacio Cafeteira 2638 Paco do Lumiar MA 65130000 Brazil;Paço do Lumiar;MA;65130000;-2.51989;-44.17548;-2.51989;-44.17548;;MEDIO;CEP generico de cidade, nao de rua (2,4x mais falha)
1297;Poliana Gás;;endereco;Avenida Um, 177, Paço do Lumiar - MA, 65130-000, Brasil;Avenida Um 177 Paco do Lumiar MA 65130000 Brazil;Paço do Lumiar;MA;65130000;-2.54788;-44.17958;-2.54788;-44.17958;;MEDIO;CEP generico de cidade, nao de rua (2,4x mais falha)
1298;Posto de Gás;;endereco;Rua Um, Paço do Lumiar - MA, 65130-000, Brasil;Rua Um Paco do Lumiar MA 65130000 Brazil;Paço do Lumiar;MA;65130000;-2.53669;-44.14662;-2.53669;-44.14662;;ALTO;"sem numero de porta; CEP generico de cidade, nao de rua (2,4x mais falha)"
1299;Rainágas Maiobão | Gás de cozinha;;endereco;Avenida Um, 374, Paço do Lumiar - MA, 65130-000, Brasil;Avenida Um 374 Paco do Lumiar MA 65130000 Brazil;Paço do Lumiar;MA;65130000;-2.53255;-44.16947;-2.53255;-44.16947;;MEDIO;CEP generico de cidade, nao de rua (2,4x mais falha)
1300;Reginaldo gás;;endereco;Avenida Três, 36, Paço do Lumiar - MA, 65130-000, Brasil;Avenida Tres 36 Paco do Lumiar MA 65130000 Brazil;Paço do Lumiar;MA;65130000;-2.5511;-44.16236;-2.5511;-44.16236;;MEDIO;CEP generico de cidade, nao de rua (2,4x mais falha)
1301;Regis Gás e Agua;;endereco;Rua Quinze, 93, Paço do Lumiar - MA, 65130-000, Brasil;Rua Quinze 93 Paco do Lumiar MA 65130000 Brazil;Paço do Lumiar;MA;65130000;-2.54355;-44.16533;-2.54355;-44.16533;;MEDIO;CEP generico de cidade, nao de rua (2,4x mais falha)
1302;Venda de Gás;;endereco;Avenida Um, 377, Paço do Lumiar - MA, 65130-000, Brasil;Avenida Um 377 Paco do Lumiar MA 65137000 Brazil;Paço do Lumiar;MA;65137000;-2.53633;-44.15929;-2.53633;-44.15929;;MEDIO;CEP generico de cidade, nao de rua (2,4x mais falha)
1303;Wenderson gás ultra gás e butano;;endereco;Avenida 7, 72, Paço do Lumiar - MA, 65130-000, Brasil;Avenida 7 72 Paco do Lumiar MA 65060000 Brazil;Paço do Lumiar;MA;65060000;-2.54628;-44.15339;-2.54628;-44.15339;;MEDIO;CEP generico de cidade, nao de rua (2,4x mais falha)
1304;ULTRAGAZ;;endereco;Avenida Frei Heraldo, 696, Pio XII - MA, 65707-000, Brasil;Avenida Frei Heraldo 696 Pio XII MA 65707000 Brazil;Pio XII;MA;65707000;-3.89555;-45.17112;-3.89555;-45.17112;;MEDIO;CEP generico de cidade, nao de rua (2,4x mais falha)
1305;Gas do Sertão Presidente Dutra;;endereco;Rua Vinte e Oito de Junho, 1408, Presidente Dutra - MA, 65760-000, Brasil;Rua Vinte e Oito de Junho 1408 Presidente Dutra MA 65760000 Brazil;Presidente Dutra;MA;65760000;-5.29327;-44.49863;-5.29327;-44.49863;;MEDIO;CEP generico de cidade, nao de rua (2,4x mais falha)
1306;Alô Gás Dist;;endereco;Rua Vinte e Cinco, 76, São José de Ribamar - MA, 65054-770, Brasil;Rua Vinte e Cinco 76 Sao Jose de Ribamar MA 65036730 Brazil;São José de Ribamar;MA;65036730;-2.54375;-44.20079;-2.54375;-44.20079;;;
1307;ANSELMO Agua e Gás;;endereco;Largo do Cruzeiro, 50, São José de Ribamar - MA, 65110-000, Brasil;Largo do Cruzeiro 50 Sao Jose de Ribamar MA 65110000 Brazil;São José de Ribamar;MA;65110000;-2.55029;-44.06802;-2.55029;-44.06802;;MEDIO;CEP generico de cidade, nao de rua (2,4x mais falha)
1308;Big Gás;;endereco;Avenida das Araras, 496, São José de Ribamar - MA, 65110-000, Brasil;Avenida das Araras 496 Sao Jose de Ribamar MA 65068400 Brazil;São José de Ribamar;MA;65068400;-2.49159;-44.20639;-2.49159;-44.20639;;;
1309;Depósito todo gas;;endereco;Avenida Bom Jesus, 147, São José de Ribamar - MA, 65110-000, Brasil;Avenida Bom Jesus 147 Sao Jose de Ribamar MA 65110000 Brazil;São José de Ribamar;MA;65110000;-2.565;-44.14456;-2.565;-44.14456;;MEDIO;CEP generico de cidade, nao de rua (2,4x mais falha)
1310;Disk gás- gás do povo;;endereco;Rua Timon, 11, São José de Ribamar - MA, 65110-000, Brasil;Rua Timon 11 Sao Jose de Ribamar MA 65114810 Brazil;São José de Ribamar;MA;65114810;-2.54815;-44.10527;-2.54815;-44.10527;;;
1311;EMPORIO DO GAS LTDA;;endereco;Rua M, 80, São José de Ribamar - MA, 65110-000, Brasil;Rua M 80 Sao Jose de Ribamar MA 65130000 Brazil;São José de Ribamar;MA;65130000;-2.51592;-44.19543;-2.51592;-44.19543;;MEDIO;CEP generico de cidade, nao de rua (2,4x mais falha)
1312;Flash Gás, Gás Proximo da sua casa;;endereco;Rua Um, 92, São José de Ribamar - MA, 65110-000, Brasil;Rua Um 92 Sao Jose de Ribamar MA 65118535 Brazil;São José de Ribamar;MA;65118535;-2.5538;-44.16645;-2.5538;-44.16645;;;
1313;GÁS A JATO - TANAKA GÁS;;endereco;Rua Signo de Cancer, São José de Ribamar - MA, 65110-000, Brasil;Rua Signo de Cancer Sao Jose de Ribamar MA 65110000 Brazil;São José de Ribamar;MA;65110000;-2.56565;-44.15019;-2.56565;-44.15019;;ALTO;"sem numero de porta; CEP generico de cidade, nao de rua (2,4x mais falha)"
1314;GÁS BUTANO J LIMA;;endereco;Rua Quatorze, 563, São José de Ribamar - MA, 65110-000, Brasil;Rua Quatorze 563 Sao Jose de Ribamar MA 65110000 Brazil;São José de Ribamar;MA;65110000;-2.56504;-44.16954;-2.56504;-44.16954;;MEDIO;CEP generico de cidade, nao de rua (2,4x mais falha)
1315;Gás São José;;endereco;Avenida Garrastazu Médici, 717, São José de Ribamar - MA, 65110-000, Brasil;Avenida Garrastazu Medici 717 Sao Jose de Ribamar MA 65110000 Brazil;São José de Ribamar;MA;65110000;-2.55756;-44.06163;-2.55756;-44.06163;;MEDIO;CEP generico de cidade, nao de rua (2,4x mais falha)
1316;HORTIFRUTI GÁS E ÁGUA;;endereco;Rua Mato Grosso, 304, São José de Ribamar - MA, 65110-000, Brasil;Rua Mato Grosso 304 Sao Jose de Ribamar MA 65137000 Brazil;São José de Ribamar;MA;65137000;-2.56671;-44.18567;-2.56671;-44.18567;;MEDIO;CEP generico de cidade, nao de rua (2,4x mais falha)
1317;Jmk água e gás;;endereco;Rua Nossa Senhora de Fátima, 2, São José de Ribamar - MA, 65110-000, Brasil;Rua Nossa Senhora de Fatima 2 Sao Jose de Ribamar MA 65110000 Brazil;São José de Ribamar;MA;65110000;-2.54846;-44.08115;-2.54846;-44.08115;;MEDIO;CEP generico de cidade, nao de rua (2,4x mais falha)
1318;Liquigás;;endereco;Rua Clodomir Cardoso Dias, 1236, São José de Ribamar - MA, 65110-000, Brasil;Rua Clodomir Cardoso Dias 1236 Sao Jose de Ribamar MA 65110000 Brazil;São José de Ribamar;MA;65110000;-2.55424;-44.06028;-2.55424;-44.06028;;MEDIO;CEP generico de cidade, nao de rua (2,4x mais falha)
1319;Mass Gás;;endereco;Alameda Paço Lumiar, São José de Ribamar - MA, 65110-000, Brasil;Alameda Paco Lumiar Sao Jose de Ribamar MA 65110000 Brazil;São José de Ribamar;MA;65110000;-2.56888;-44.15607;-2.56888;-44.15607;;ALTO;"sem numero de porta; CEP generico de cidade, nao de rua (2,4x mais falha)"
1320;Mister Gás;;endereco;Rua São José, 237, São José de Ribamar - MA, 65110-000, Brasil;Rua Sao Jose 237 Sao Jose de Ribamar MA 65110000 Brazil;São José de Ribamar;MA;65110000;-2.55036;-44.08187;-2.55036;-44.08187;;MEDIO;CEP generico de cidade, nao de rua (2,4x mais falha)
1321;Nacional Gás;;endereco;Rua Marcelo Quinta, São José de Ribamar - MA, 65110-000, Brasil;Rua Marcelo Quinta Sao Jose de Ribamar MA 65110000 Brazil;São José de Ribamar;MA;65110000;-2.57512;-44.15656;-2.57512;-44.15656;;ALTO;"sem numero de porta; CEP generico de cidade, nao de rua (2,4x mais falha)"
1322;Paulinho do gás;;endereco;Travessa Dezessete de Novembro I, 72, São José de Ribamar - MA, 65110-000, Brasil;Travessa Dezessete de Novembro I 72 Sao Jose de Ribamar MA 65110000 Brazil;São José de Ribamar;MA;65110000;-2.55763;-44.06084;-2.55763;-44.06084;;MEDIO;CEP generico de cidade, nao de rua (2,4x mais falha)
1323;PEPA GÁS e Água;;endereco;Rua Princesa Ângela, 17, São José de Ribamar - MA, 65110-000, Brasil;Rua Princesa Angela 17 Sao Jose de Ribamar MA 65110000 Brazil;São José de Ribamar;MA;65110000;-2.55256;-44.18508;-2.55256;-44.18508;;MEDIO;CEP generico de cidade, nao de rua (2,4x mais falha)
1324;PRIME GÁS Revenda autorizada Nacional gás;;endereco;Rua Treze de Maio, 181, São José de Ribamar - MA, 65110-000, Brasil;Rua Treze de Maio 181 Sao Jose de Ribamar MA 65110000 Brazil;São José de Ribamar;MA;65110000;-2.56389;-44.20334;-2.56389;-44.20334;;MEDIO;CEP generico de cidade, nao de rua (2,4x mais falha)
1325;RAVY GÁS E ÁGUA BEBIDAS EM GERAL;;endereco;Estrada Boa Viagem, São José de Ribamar - MA, 65110-000, Brasil;Estrada Boa Viagem Sao Jose de Ribamar MA 65115366 Brazil;São José de Ribamar;MA;65115366;-2.55611;-44.12062;-2.55611;-44.12062;;ALTO;"endereco de rodovia (57-67% falharam); sem numero de porta"
1326;Resende Gás | Gás de cozinha | Entrega rápida e instalação de gás;;endereco;Banco 24horas, Via de Acesso Quatro Mil, São José de Ribamar - MA, Brasil;Via de Acesso Quatro Mil Sao Jose de Ribamar MA 65110000 Brazil;São José de Ribamar;MA;65110000;-2.51721;-44.2054;-2.51721;-44.2054;;ALTO;"endereco de rodovia (57-67% falharam); sem numero de porta; CEP generico de cidade, nao de rua (2,4x mais falha)"
1327;RT Gás;;endereco;Rua Doze, 2255, São José de Ribamar - MA, 65110-000, Brasil;Rua Doze 2255 Sao Jose de Ribamar MA 65110000 Brazil;São José de Ribamar;MA;65110000;-2.56266;-44.16835;-2.56266;-44.16835;;MEDIO;CEP generico de cidade, nao de rua (2,4x mais falha)
1328;TURIUBA AGUA E GAS;;endereco;Rua Archileu de Oliveira, 58, São José de Ribamar - MA, 65110-000, Brasil;Rua Archileu de Oliveira 58 Sao Jose de Ribamar MA 65110000 Brazil;São José de Ribamar;MA;65110000;-2.56251;-44.0997;-2.56251;-44.0997;;MEDIO;CEP generico de cidade, nao de rua (2,4x mais falha)
1329;Aguiar Gas;;endereco;Avenida Cajazeiras, 46, Vila Vitória, São Luís - MA, 65059-865, Brasil;Avenida Cajazeiras 46 Sao Luis MA 65059865 Brazil;São Luís;MA;65059865;-2.60435;-44.20202;-2.60435;-44.20202;Vila Vitória;;
1330;Aliança Gás;;endereco;Avenida Luizão, 1121, Olho d'Água, São Luís - MA, 65068-619, Brasil;Avenida Luizao 1121 Sao Luis MA 65066620 Brazil;São Luís;MA;65066620;-2.49113;-44.21269;-2.49113;-44.21269;Olho d'Água;;
1331;América Gás;;endereco;Rua Vinte e Nove, Jardim América Central, São Luís - MA, Brasil;Rua Vinte e Nove Sao Luis MA 65058323 Brazil;São Luís;MA;65058323;-2.5824;-44.19175;-2.5824;-44.19175;Jardim América Central;ALTO;sem numero de porta
1332;Athenas Gás;;endereco;Rua Cristóvão Colombo, 43, Centro, São Luís - MA, 65020-790, Brasil;Rua Cristovao Colombo 43 Sao Luis MA 65020720 Brazil;São Luís;MA;65020720;-2.52881;-44.28891;-2.52881;-44.28891;Centro;;
1333;CARLOS GÁS;;endereco;Rua Nova Aurora, 216, Aurora, São Luís - MA, 65060-400, Brasil;Rua Nova Aurora 216 Sao Luis MA 65046160 Brazil;São Luís;MA;65046160;-2.55025;-44.2276;-2.55025;-44.2276;Aurora;;
1334;Center Gás - Revendedor Autorizado Nacional Gás;;endereco;Rua Caminho da Boiada, 410, Centro, São Luís - MA, 65025-200, Brasil;Rua Caminho da Boiada 410 Sao Luis MA 65025200 Brazil;São Luís;MA;65025200;-2.53732;-44.29242;-2.53732;-44.29242;Centro;;
1335;Disk Gas;;endereco;Avenida Tales Neto, 125, João de Deus, São Luís - MA, 65057-470, Brasil;Avenida Tales Neto 125 Sao Luis MA 65057470 Brazil;São Luís;MA;65057470;-2.55982;-44.23192;-2.55982;-44.23192;João de Deus;;
1336;Disk Gás;;endereco;Rua Quarenta e Oito, 16, Conjunto Habitacional Vinhais, São Luís - MA, 65074-465, Brasil;Rua Quarenta e Oito 16 Sao Luis MA 65032000 Brazil;São Luís;MA;65032000;-2.5168;-44.25051;-2.5168;-44.25051;Conjunto Habitacional Vinhais;MEDIO;CEP generico de cidade, nao de rua (2,4x mais falha)
1337;Disk Gás (Gás Butano);;endereco;Rua Portugal, 29, Vila Palmeira, São Luís - MA, Brasil;Rua Portugal 29 Sao Luis MA 65046260 Brazil;São Luís;MA;65046260;-2.54326;-44.25428;-2.54326;-44.25428;Vila Palmeira;;
1338;DISKGÁS SLZ;;endereco;Avenida Lourenço Vieira da Silva, Cidade Operária, São Luís - MA, 65058-213, Brasil;Avenida Lourenco Vieira da Silva Sao Luis MA 65110000 Brazil;São Luís;MA;65110000;-2.57408;-44.20566;-2.57408;-44.20566;Cidade Operária;ALTO;"sem numero de porta; CEP generico de cidade, nao de rua (2,4x mais falha)"
1339;Encontro das Águas e Gás;;endereco;Rua das Quaresmeiras, 37, Renascença, São Luís - MA, 65076-270, Brasil;Rua das Quaresmeiras 37 Sao Luis MA 65976000 Brazil;São Luís;MA;65976000;-2.51376;-44.3008;-2.51376;-44.3008;Renascença;MEDIO;CEP generico de cidade, nao de rua (2,4x mais falha)
1340;Freitas Gás e Água;;endereco;Rua da União, 472, Ilhinha, São Luís - MA, 65076-670, Brasil;Rua da Uniao 472 Sao Luis MA 65076670 Brazil;São Luís;MA;65076670;-2.50469;-44.30771;-2.50469;-44.30771;Ilhinha;;
1341;Gasmar;;endereco;Farahsaad Arquitetura e Interiores, Renascença, São Luís - MA, Brasil;Farahsaad Arquitetura e Interiores Renascenca Sao Luis MA 65075060 Brazil;São Luís;MA;65075060;-2.50163;-44.29112;-2.50163;-44.29112;;ALTO;sem numero de porta
1342;Gás de Cozinha em São Luís - MASTERGÁS;;endereco;Rua da Salina, 24, Coroadinho, São Luís - MA, 65043-775, Brasil;Rua da Salina 24 Sao Luis MA 65041310 Brazil;São Luís;MA;65041310;-2.5597;-44.26175;-2.5597;-44.26175;Coroadinho;;
1343;José Gás;;endereco;Avenida Este Centro e Três, 9, Cidade Operária, São Luís - MA, Brasil;Avenida Este Centro e Tres 9 Sao Luis MA 65058078 Brazil;São Luís;MA;65058078;-2.56604;-44.1991;-2.56604;-44.1991;Cidade Operária;;
1344;LISBOA GÁS;;endereco;Rua Rainha Elizabeth, 20, Alto da Esperança, São Luís - MA, 65082-141, Brasil;Rua Rainha Elizabeth 20 Sao Luis MA 65082141 Brazil;São Luís;MA;65082141;-2.54753;-44.31366;-2.54753;-44.31366;Alto da Esperança;;
1345;LN Gás SuperGasBras;;endereco;Avenida Vinte Nove Dezembro, 1384, Cidade Olímpica, São Luís - MA, 65110-000, Brasil;Avenida Vinte Nove Dezembro 1384 Sao Luis MA 65058538 Brazil;São Luís;MA;65058538;-2.59653;-44.18216;-2.59653;-44.18216;Cidade Olímpica;;
1346;Modo Gás;;endereco;Rua Deputado João Henrique, 101, Bairro de Fátima, São Luís - MA, 65030-400, Brasil;Rua Deputado Joao Henrique 101 Sao Luis MA 65030400 Brazil;São Luís;MA;65030400;-2.54664;-44.28245;-2.54664;-44.28245;Bairro de Fátima;;
1347;Nacional Gás;;endereco;Avenida Ferreira Goulart, 212, Ilhinha, São Luís - MA, 65076-610, Brasil;Avenida Ferreira Goulart 212 Sao Luis MA 65076610 Brazil;São Luís;MA;65076610;-2.50443;-44.30866;-2.50443;-44.30866;Ilhinha;;
1348;Nacional Gás;;endereco;Rua Quarenta e Oito, 129, Areinha, São Luís - MA, 65032-000, Brasil;Rua Quarenta e Oito 129 Sao Luis MA 65010655 Brazil;São Luís;MA;65010655;-2.54328;-44.29052;-2.54328;-44.29052;Areinha;;
1349;Nacional Gás;;endereco;Avenida Camboa, 243, Camboa, São Luís - MA, 65020-260, Brasil;Avenida Camboa 243 Sao Luis MA 65035048 Brazil;São Luís;MA;65035048;-2.52586;-44.29094;-2.52586;-44.29094;Camboa;;
1350;Nacional Gás;;endereco;Rua Formosa, 15, Alemanha, São Luís - MA, 65036-270, Brasil;Rua Formosa 15 Sao Luis MA 65036270 Brazil;São Luís;MA;65036270;-2.53493;-44.27409;-2.53493;-44.27409;Alemanha;;
1351;Nacional Gás Butano;;endereco;Rua Nove, 550, Cidade Olímpica, São Luís - MA, 65058-526, Brasil;Rua Nove 550 Sao Luis MA 65058526 Brazil;São Luís;MA;65058526;-2.58906;-44.18411;-2.58906;-44.18411;Cidade Olímpica;;
1352;Nacional Gás Butano Dist. Ltda;;endereco;Avenida dos Portugueses, São Luís - MA, 65080-805, Brasil;Avenida dos Portugueses Sao Luis MA 65085582 Brazil;São Luís;MA;65085582;-2.55763;-44.34344;-2.55763;-44.34344;;ALTO;sem numero de porta
1353;NACIONAL GÁS Cidade Operária;;endereco;Rua Dez, Cidade Operária, São Luís - MA, 65063-060, Brasil;Rua Dez Sao Luis MA 65058024 Brazil;São Luís;MA;65058024;-2.56939;-44.19472;-2.56939;-44.19472;Cidade Operária;ALTO;sem numero de porta
1354;Novo gás;;endereco;Rua Duzentos e Três SE, 3, Cidade Operária, São Luís - MA, Brasil;Rua Duzentos e Tres SE 3 Cidade Operaria Sao Luis MA 65058156 Brazil;São Luís;MA;65058156;-2.57513;-44.19913;-2.57513;-44.19913;;ALTO;sem numero de porta
1355;Novo Gás;;endereco;Rua Padre Manoel de Jesus, 93, Liberdade, São Luís - MA, 65035-400, Brasil;Rua Padre Manoel de Jesus 93 Sao Luis MA 65035400 Brazil;São Luís;MA;65035400;-2.53048;-44.28628;-2.53048;-44.28628;Liberdade;;
1356;Novomix Gás;;endereco;Rua Oswaldo Cruz, 511, Centro, São Luís - MA, 65020-250, Brasil;Rua Oswaldo Cruz 511 Sao Luis MA 65010230 Brazil;São Luís;MA;65010230;-2.53064;-44.29881;-2.53064;-44.29881;Centro;;
1357;Rap Gás;;endereco;Rua José Veríssimo, 208, Coreia, São Luís - MA, 65025-540, Brasil;Rua Jose Verissimo 208 Sao Luis MA 65025650 Brazil;São Luís;MA;65025650;-2.53914;-44.29121;-2.53914;-44.29121;Coreia;;
1358;Revenda de Gas Slz Gás;;endereco;Rua Amarela, 254, Bequimão, São Luís - MA, 65062-196, Brasil;Rua Amarela 254 Sao Luis MA 65062199 Brazil;São Luís;MA;65062199;-2.52968;-44.24417;-2.52968;-44.24417;Bequimão;;
1359;Revenda de Gás;;endereco;Rua Boa Esperança, 46, Salina do Sacavém, São Luís - MA, 65040-340, Brasil;Rua Boa Esperanca 46 Sao Luis MA 65065545 Brazil;São Luís;MA;65065545;-2.56168;-44.25923;-2.56168;-44.25923;Salina do Sacavém;;
1360;Rr Gas e Agua Mineral;;endereco;Rua Padre Cicero, 109, Retiro Natal, São Luís - MA, 65031-800, Brasil;Rua Padre Cicero 109 Sao Luis MA 65137000 Brazil;São Luís;MA;65137000;-2.53904;-44.28345;-2.53904;-44.28345;Retiro Natal;MEDIO;CEP generico de cidade, nao de rua (2,4x mais falha)
1361;Slz Gás Revenda de Gás;;endereco;Avenida Beta, 342, Parque Atenas, São Luís - MA, 65072-120, Brasil;Avenida Beta 342 Sao Luis MA 65072120 Brazil;São Luís;MA;65072120;-2.50424;-44.24735;-2.50424;-44.24735;Parque Atenas;;
1362;SÃO CRISTÓVÃO GÁS DO POVO;;endereco;Rua Fé em Deus, 75, Jardim São Cristóvão, São Luís - MA, 65055-190, Brasil;Rua Fe em Deus 75 Sao Luis MA 65055190 Brazil;São Luís;MA;65055190;-2.57025;-44.22601;-2.57025;-44.22601;Jardim São Cristóvão;;
1363;Tele Gás;;endereco;Rua José Veríssimo, 208, Coreia, São Luís - MA, 65025-540, Brasil;Rua Jose Verissimo 208 Sao Luis MA 65025650 Brazil;São Luís;MA;65025650;-2.53914;-44.29121;-2.53914;-44.29121;Coreia;;
1364;Top Gás São Luís;;endereco;Rua F, 106, Novo Angelim, São Luís - MA, 65063-350, Brasil;Rua F 106 Sao Luis MA 65043400 Brazil;São Luís;MA;65043400;-2.5357;-44.23462;-2.5357;-44.23462;Novo Angelim;;
1365;Total Gás;;endereco;Rua Doze, 35, São Francisco, São Luís - MA, 65076-545, Brasil;Rua Doze 35 Sao Luis MA 65076170 Brazil;São Luís;MA;65076170;-2.50784;-44.30747;-2.50784;-44.30747;São Francisco;;
1366;𝗖𝗔𝗦𝗔 𝗗𝗢 𝗚Á𝗦 SÃO LUÍS - Revenda Autorizada Nacional Gás - Atacadista e Varejista no Maranhão;;endereco;Rua Nossa Senhora da Conceição, Vila Embratel, São Luís - MA, 65046-100, Brasil;Rua Nossa Senhora da Conceicao Sao Luis MA 65081401 Brazil;São Luís;MA;65081401;-2.5646;-44.31808;-2.5646;-44.31808;Vila Embratel;ALTO;sem numero de porta
1367;Aliança Gás - Nacional Gás;;endereco;Avenida Presidente Médici, Cajueiro, Timon - MA, 65630-800, Brasil;Avenida Presidente Medici Timon MA 65630785 Brazil;Timon;MA;65630785;-5.11958;-42.82408;-5.11958;-42.82408;Cajueiro;ALTO;sem numero de porta
1368;Diego Gás;;endereco;Rua Vinte e Nove, 5, Vila Bandeirante, Timon - MA, 65633-680, Brasil;Rua Vinte e Nove 5 Timon MA 65633280 Brazil;Timon;MA;65633280;-5.13421;-42.84153;-5.13421;-42.84153;Vila Bandeirante;;
1369;Du gás;;endereco;Rua Doutor João Lula, 1517, Parque Piauí, Timon - MA, 65631-060, Brasil;Rua Doutor Joao Lula 1517 Timon MA 65636420 Brazil;Timon;MA;65636420;-5.09915;-42.83464;-5.09915;-42.83464;Parque Piauí;;
1370;ELI GÁS;;endereco;Rua D, 1160, Sete Estrelas, Timon - MA, Brasil;Rua D 1160 Timon MA 65633190 Brazil;Timon;MA;65633190;-5.13644;-42.82761;-5.13644;-42.82761;Sete Estrelas;;
1371;Gás e água marinho;;endereco;Rua Antônio Guimarães, 1373, Parque Piauí, Timon - MA, 65631-100, Brasil;Rua Antonio Guimaraes 1373 Timon MA 65636542 Brazil;Timon;MA;65636542;-5.09643;-42.83463;-5.09643;-42.83463;Parque Piauí;;
1372;Império do Gás;;endereco;Avenida Perimetral, 3648, Flores, Timon - MA, 65636-590, Brasil;Avenida Perimetral 3648 Timon MA 65636590 Brazil;Timon;MA;65636590;-5.10836;-42.84878;-5.10836;-42.84878;Flores;;
1373;JÚNIOR GÁS;;endereco;Rua José Odécio Teófilo Silva, 798, Parque Alvorada, Timon - MA, Brasil;Rua Jose Odecio Teofilo Silva 798 Timon MA 65633140 Brazil;Timon;MA;65633140;-5.13185;-42.82756;-5.13185;-42.82756;Parque Alvorada;;
1374;Mania Do Gás;;endereco;Rua Cinco, 2, Pedro Patrício, Timon - MA, 65636-140, Brasil;Rua Cinco 2 Timon MA 65631720 Brazil;Timon;MA;65631720;-5.11079;-42.84198;-5.11079;-42.84198;Pedro Patrício;;
1375;Maranhão Gás;;endereco;Rua Antônio Rodrigues Machado, 2176, Parque Piauí, Timon - MA, 65636-250, Brasil;Rua Antonio Rodrigues Machado 2176 Timon MA 65636535 Brazil;Timon;MA;65636535;-5.09971;-42.83475;-5.09971;-42.83475;Parque Piauí;;
1376;Nacional gás / Alô Gás Timon;;endereco;Avenida João Paulo II, 670, Parque Alvorada, Timon - MA, 65633-010, Brasil;Avenida Joao Paulo II 670 Timon MA 65630010 Brazil;Timon;MA;65630010;-5.12947;-42.82993;-5.12947;-42.82993;Parque Alvorada;;
1377;Nacional Gás Portaria;;endereco;Rua João Joca Assunção, 1717, Parque Piauí, Timon - MA, 65631-080, Brasil;Rua Joao Joca Assuncao 1717 Timon MA 65636440 Brazil;Timon;MA;65636440;-5.09876;-42.8365;-5.09876;-42.8365;Parque Piauí;;
1378;Oliveira Gas;;endereco;Rua Dr. Elizete de Oliveira Farias, 96, Parque Piauí, Timon - MA, 65631-230, Brasil;Rua Dr Elizete de Oliveira Farias 96 Timon MA 65631230 Brazil;Timon;MA;65631230;-5.09198;-42.83001;-5.09198;-42.83001;Parque Piauí;;
1379;Revendedora de Gás Liquigás;;endereco;Rua São Joaquim, 896, São Benedito, Timon - MA, 65636-220, Brasil;Rua Sao Joaquim 896 Timon MA 65636220 Brazil;Timon;MA;65636220;-5.10821;-42.83569;-5.10821;-42.83569;São Benedito;;
1380;Santana Gás;;endereco;Rua José Simões Pedreira, 138, Mangueira, Timon - MA, 65630-360, Brasil;Rua Jose Simoes Pedreira 138 Timon MA 65630360 Brazil;Timon;MA;65630360;-5.10164;-42.82097;-5.10164;-42.82097;Mangueira;;
1381;Supergásbras;;endereco;Rua São José, 1508, São Benedito, Timon - MA, 65636-320, Brasil;Rua Sao Jose 1508 Timon MA 65636320 Brazil;Timon;MA;65636320;-5.10697;-42.84097;-5.10697;-42.84097;São Benedito;;
1382;Timon Gás;;endereco;Beco Quatro, 427, Bela Vista, Timon - MA, 65636-475, Brasil;Beco Quatro 427 Timon MA 65631410 Brazil;Timon;MA;65631410;-5.09207;-42.8559;-5.09207;-42.8559;Bela Vista;;
1383;Timon Gás | Entrega de Gás;;endereco;Rua João Joca Assunção, 1717, Parque Piauí, Timon - MA, 65631-080, Brasil;Rua Joao Joca Assuncao 1717 Timon MA 65630440 Brazil;Timon;MA;65630440;-5.09876;-42.8365;-5.09876;-42.8365;Parque Piauí;;
1384;Tiúba Gás- Ultragaz;;endereco;Rua São Joaquim, 1448, Pedro Patrício, Timon - MA, 65636-220, Brasil;Rua Sao Joaquim 1448 Timon MA 65634400 Brazil;Timon;MA;65634400;-5.11263;-42.84793;-5.11263;-42.84793;Pedro Patrício;;
1385;Ultragaz - Center Gás;;endereco;Avenida Presidente Médici, 3578, Cajueiro, Timon - MA, 65634-010, Brasil;Avenida Presidente Medici 3578 Timon MA 65634255 Brazil;Timon;MA;65634255;-5.12005;-42.82433;-5.12005;-42.82433;Cajueiro;;
1386;IMPÉRIO DO GÁS;;endereco;Rua João Pessoa, 45, Aimorés - MG, 35200-000, Brasil;Rua Joao Pessoa 45 Aimores MG 35200000 Brazil;Aimorés;MG;35200000;-19.49276;-41.06772;-19.49276;-41.06772;;MEDIO;CEP generico de cidade, nao de rua (2,4x mais falha)
1387;MINASGÁS;;endereco;BR-259, 1277, Aimorés - MG, 35200-000, Brasil;BR 259 1277 Aimores MG 35200000 Brazil;Aimorés;MG;35200000;-19.49892;-41.0583;-19.49892;-41.0583;;ALTO;"logradouro sem nome; CEP generico de cidade, nao de rua (2,4x mais falha)"
1388;TOCAIA GAS;;endereco;Avenida Raul Soares, 1075, Aimorés - MG, 35200-000, Brasil;Avenida Raul Soares 1075 Aimores MG 35200000 Brazil;Aimorés;MG;35200000;-19.49509;-41.07042;-19.49509;-41.07042;;MEDIO;CEP generico de cidade, nao de rua (2,4x mais falha)
1389;CASSIMIRO'S GÁS;;endereco;Rua Alberto de Oliveira, 1009, Jardim São Carlos, Alfenas - MG, 37137-214, Brasil;Rua Alberto de Oliveira 1009 Alfenas MG 37137214 Brazil;Alfenas;MG;37137214;-21.40713;-45.94951;-21.40713;-45.94951;Jardim São Carlos;;
1390;ALMENARA GÁS;;endereco;Avenida Eixo Rodoviário, 135, Almenara - MG, 39900-000, Brasil;Avenida Eixo Rodoviario 135 Almenara MG 39900000 Brazil;Almenara;MG;39900000;-16.18871;-40.69506;-16.18871;-40.69506;;MEDIO;CEP generico de cidade, nao de rua (2,4x mais falha)
1391;GÁS SUPERMINAS - SUPERGASBRAS / ALMENARA;;endereco;Rua Lindaura Guimarães Mares, 475, Almenara - MG, 39900-000, Brasil;Rua Lindaura Guimaraes Mares 475 Almenara MG 39900000 Brazil;Almenara;MG;39900000;-16.16539;-40.68635;-16.16539;-40.68635;;MEDIO;CEP generico de cidade, nao de rua (2,4x mais falha)
1392;JS GÁS ALMENARA;;endereco;Avenida Joviano Naves, 278, Almenara - MG, 39900-000, Brasil;Avenida Joviano Naves 278 Almenara MG 39900000 Brazil;Almenara;MG;39900000;-16.19059;-40.68665;-16.19059;-40.68665;;MEDIO;CEP generico de cidade, nao de rua (2,4x mais falha)
1393;MIRANDA GÁS DISTRIBUIDORA - COPAGAZ;;endereco;Rua Vinte e Dois, 25, Almenara - MG, 39900-000, Brasil;Rua Vinte e Dois 25 Almenara MG 39900000 Brazil;Almenara;MG;39900000;-16.1607;-40.68971;-16.1607;-40.68971;;MEDIO;CEP generico de cidade, nao de rua (2,4x mais falha)
1394;MOTOGÁS - ALMENARA;;endereco;Rua Dr Sabino Silva, 822, Almenara - MG, 39900-000, Brasil;Rua Dr Sabino Silva 822 Almenara MG 39900000 Brazil;Almenara;MG;39900000;-16.17201;-40.70079;-16.17201;-40.70079;;MEDIO;CEP generico de cidade, nao de rua (2,4x mais falha)
1395;NOVO GÁS;;endereco;Rua Benjamin Gonçalves dos Santos, 474, Almenara - MG, 39900-000, Brasil;Rua Benjamin Goncalves dos Santos 474 Almenara MG 39900000 Brazil;Almenara;MG;39900000;-16.16857;-40.70046;-16.16857;-40.70046;;MEDIO;CEP generico de cidade, nao de rua (2,4x mais falha)
1396;NILTON GÁS - ALÉM PARAÍBA;;endereco;Rua Alexandre Gedey, 90, Além Paraíba - MG, 36660-000, Brasil;Rua Alexandre Gedey 90 Alem Paraiba MG 36660000 Brazil;Além Paraíba;MG;36660000;-21.86282;-42.69562;-21.86282;-42.69562;;MEDIO;CEP generico de cidade, nao de rua (2,4x mais falha)
1397;GÁS E ÁGUA M.A. MINASGÁS ZAP 35991934635;;endereco;Avenida Prefeito Antônio Gonçalves, 278, Andradas - MG, 37842-899, Brasil;Avenida Prefeito Antonio Goncalves 278 Andradas MG 37795000 Brazil;Andradas;MG;37795000;-22.07904;-46.58066;-22.07904;-46.58066;;MEDIO;CEP generico de cidade, nao de rua (2,4x mais falha)
1398;GÁS GUERINO MARCON WHATSAPP 35997083505;;endereco;Rua São José, 104, Andradas - MG, 37841-012, Brasil;Rua Sao Jose 104 Andradas MG 37795000 Brazil;Andradas;MG;37795000;-22.07773;-46.57738;-22.07773;-46.57738;;MEDIO;CEP generico de cidade, nao de rua (2,4x mais falha)
1399;PASTRE GÁS E ÁGUA -CONSIGAZ;;endereco;Rua Guerino Costa, 306, Andradas - MG, 37838-022, Brasil;Rua Guerino Costa 306 Andradas MG 37795000 Brazil;Andradas;MG;37795000;-22.0756;-46.57513;-22.0756;-46.57513;;MEDIO;CEP generico de cidade, nao de rua (2,4x mais falha)
1400;ATENDE GÁS;;endereco;Rua dos Carteiros, Brasília, Araguari - MG, 38441-328, Brasil;Rua dos Carteiros Araguari MG 38441328 Brazil;Araguari;MG;38441328;-18.66314;-48.21965;-18.66314;-48.21965;Brasília;ALTO;sem numero de porta
1401;GÁS LOPES;;endereco;Avenida Batalhão Mauá, 1236, Brasília, Araguari - MG, 38440-210, Brasil;Avenida Batalhao Maua 1236 Araguari MG 38440210 Brazil;Araguari;MG;38440210;-18.66165;-48.20311;-18.66165;-48.20311;Brasília;;
1402;GÁS RESENDE;;endereco;Avenida dos Eletricistas, Fátima, Araguari - MG, 38441-467, Brasil;Avenida dos Eletricistas Araguari MG 38441176 Brazil;Araguari;MG;38441176;-18.65721;-48.22019;-18.65721;-48.22019;Fátima;ALTO;sem numero de porta
1403;SUPER GÁZ;;endereco;Avenida Coronel Belchior de Godoy, 641, Goiás, Araguari - MG, 38442-204, Brasil;Avenida Coronel Belchior de Godoy 641 Araguari MG 38442204 Brazil;Araguari;MG;38442204;-18.64108;-48.20084;-18.64108;-48.20084;Goiás;;
1404;ULTRAGAZ;;endereco;Rua Nephitalli Vieira, Centro, Araguari - MG, 38442-022, Brasil;Rua Nephitalli Vieira Araguari MG 38442028 Brazil;Araguari;MG;38442028;-18.651;-48.20066;-18.651;-48.20066;Centro;ALTO;sem numero de porta
1405;ULTRAGAZ;;endereco;Rua Cesário Alvim, 26, Rosário, Araguari - MG, 38440-050, Brasil;Rua Cesario Alvim 26 Araguari MG 38444128 Brazil;Araguari;MG;38444128;-18.64182;-48.18222;-18.64182;-48.18222;Rosário;;
1406;UNIGÁS;;endereco;Avenida Brasil, 1335, Fátima, Araguari - MG, 38444-240, Brasil;Avenida Brasil 1335 Araguari MG 38441155 Brazil;Araguari;MG;38441155;-18.65459;-48.21324;-18.65459;-48.21324;Fátima;;
1407;ÚTIL GÁS E ÁGUA MINERAL;;endereco;Rua Padre Feijó, 185, Jardim Regina, Araguari - MG, 38447-043, Brasil;Rua Padre Feijo 185 Araguari MG 38447043 Brazil;Araguari;MG;38447043;-18.66279;-48.19211;-18.66279;-48.19211;Jardim Regina;;
1408;BRASIL GÁS E ÁGUA;;endereco;Avenida Doutor Pedro de Paula Lemos, 140, Santa Rita, Araxá - MG, 38181-179, Brasil;Avenida Doutor Pedro de Paula Lemos 140 Araxa MG 38181179 Brazil;Araxá;MG;38181179;-19.57921;-46.93356;-19.57921;-46.93356;Santa Rita;;
1409;COMERCIAL PIMENTA GÁS;;endereco;Avenida Francino Ferreira da Silva, 85, Orozino Teixeira, Araxá - MG, 38181-475, Brasil;Avenida Francino Ferreira da Silva 85 Araxa MG 38181475 Brazil;Araxá;MG;38181475;-19.57615;-46.9279;-19.57615;-46.9279;Orozino Teixeira;;
1410;COMERCIAL RIOS GÁS;;endereco;Avenida Divino Alves Ferreira, 795, Arasol, Araxá - MG, 38181-333, Brasil;Avenida Divino Alves Ferreira 795 Araxa MG 38182340 Brazil;Araxá;MG;38182340;-19.6048;-46.93061;-19.6048;-46.93061;Arasol;;
1411;DEPÓSITO DE GÁS | ARMAZÉM GÁS E BEBIDAS EM ARAXÁ;;endereco;Rua Eliseu Alves Ferreira, 15, Abolição, Araxá - MG, 38180-248, Brasil;Rua Eliseu Alves Ferreira 15 Araxa MG 38180248 Brazil;Araxá;MG;38180248;-19.57015;-46.95255;-19.57015;-46.95255;Abolição;;
1412;DEPÓSITO PIMENTA GÁS;;endereco;Avenida José Ananias de Aguiar, 270, São Domingos, Araxá - MG, 38184-200, Brasil;Avenida Jose Ananias de Aguiar 270 Araxa MG 38184202 Brazil;Araxá;MG;38184202;-19.59133;-46.95556;-19.59133;-46.95556;São Domingos;;
1413;REI DO GÁS ARAXÁ - SUPERGASBRAS;;endereco;Avenida Doutor Pedro de Paula Lemos, 1080, Ana Antônia, Araxá - MG, 38181-179, Brasil;Avenida Doutor Pedro de Paula Lemos 1080 Araxa MG 38181179 Brazil;Araxá;MG;38181179;-19.57484;-46.92874;-19.57484;-46.92874;Ana Antônia;;
1414;SKINA GÁS;;endereco;Avenida Wilson Borges, 430, Doutor Pedro Pezzuti, Araxá - MG, 38182-000, Brasil;Avenida Wilson Borges 430 Araxa MG 38182000 Brazil;Araxá;MG;38182000;-19.59918;-46.92997;-19.59918;-46.92997;Doutor Pedro Pezzuti;MEDIO;CEP generico de cidade, nao de rua (2,4x mais falha)
1415;TOP GÁS E ÁGUA MINERAL;;endereco;Rua Santo Antônio, 2560, Adhemar Rodrigues Valle, Araxá - MG, 38182-106, Brasil;Rua Santo Antonio 2560 Araxa MG 38182452 Brazil;Araxá;MG;38182452;-19.61412;-46.92381;-19.61412;-46.92381;Adhemar Rodrigues Valle;;
1416;GÁS SUPERMINAS - SUPERGASBRAS / ARAÇUAÍ;;endereco;Rua Clemente Santana, 162, Araçuaí - MG, 39600-000, Brasil;Rua Clemente Santana 162 Aracuai MG 39600000 Brazil;Araçuaí;MG;39600000;-16.85273;-42.06016;-16.85273;-42.06016;;MEDIO;CEP generico de cidade, nao de rua (2,4x mais falha)
1417;MANOEL GÁS;;endereco;Rua dos Arcos, 49, Araçuaí - MG, 39600-000, Brasil;Rua dos Arcos 49 Aracuai MG 39600000 Brazil;Araçuaí;MG;39600000;-16.84067;-42.047;-16.84067;-42.047;;MEDIO;CEP generico de cidade, nao de rua (2,4x mais falha)
1418;CASTELÃO GÁS;;endereco;Avenida América, 186, Arcos - MG, 35588-000, Brasil;Avenida America 186 Arcos MG 35588000 Brazil;Arcos;MG;35588000;-20.30525;-45.53032;-20.30525;-45.53032;;MEDIO;CEP generico de cidade, nao de rua (2,4x mais falha)
1419;MAIS GÁS ARCOS;;endereco;Rua João Jovino, 49, Arcos - MG, 35598-134, Brasil;Rua Joao Jovino 49 Arcos MG 35588000 Brazil;Arcos;MG;35588000;-20.27283;-45.54244;-20.27283;-45.54244;;MEDIO;CEP generico de cidade, nao de rua (2,4x mais falha)
1420;NEI GÁS;;endereco;Rua José Roque, 247, Arcos - MG, 35600-052, Brasil;Rua Jose Roque 247 Arcos MG 35588000 Brazil;Arcos;MG;35588000;-20.28371;-45.54894;-20.28371;-45.54894;;MEDIO;CEP generico de cidade, nao de rua (2,4x mais falha)
1421;PRO GÁS;;endereco;Rua Messias Macedo, 658, Arcos - MG, 35598-052, Brasil;Rua Messias Macedo 658 Arcos MG 35588000 Brazil;Arcos;MG;35588000;-20.28316;-45.5418;-20.28316;-45.5418;;MEDIO;CEP generico de cidade, nao de rua (2,4x mais falha)
1422;SERV GÁS;;endereco;Rua Manoel Fernandes Nogueira, 134, Arcos - MG, 35600-152, Brasil;Rua Manoel Fernandes Nogueira 134 Arcos MG 35588000 Brazil;Arcos;MG;35588000;-20.29067;-45.54928;-20.29067;-45.54928;;MEDIO;CEP generico de cidade, nao de rua (2,4x mais falha)
1423;MAX GÁS EM BAMBUÍ;;endereco;Pista, Rua Indalécio Alvarez Gonzales, Bambuí - MG, 38900-000, Brasil;Rua Indalecio Alvarez Gonzales Bambui MG 38900000 Brazil;Bambuí;MG;38900000;-20.01553;-45.9642;-20.01553;-45.9642;;ALTO;"sem numero de porta; CEP generico de cidade, nao de rua (2,4x mais falha)"
1424;GÁS SANTANA;;endereco;Rua Artur Bernardes, Barbacena - MG, Brasil;Rua Artur Bernardes Barbacena MG Brazil;Barbacena;MG;;-21.21977;-43.76933;-21.21977;-43.76933;;ALTO;sem numero de porta
1425;LUVIGÁS BARBACENA - GÁS GLP - NACIONAL GÁS BARBACENA - GÁS BARBACENA;;endereco;Avenida Governador Bias Fortes, 96, Barbacena - MG, 36204-168, Brasil;Avenida Governador Bias Fortes 96 Barbacena MG 36204168 Brazil;Barbacena;MG;36204168;-21.21424;-43.76603;-21.21424;-43.76603;;;
1426;PLANTÃO DO GÁS;;endereco;Rua Sargento Tomé dos Santos, 58A, Barbacena - MG, 36204-384, Brasil;Rua Sargento Tome dos Santos 58A Barbacena MG 36204390 Brazil;Barbacena;MG;36204390;-21.20634;-43.75275;-21.20634;-43.75275;;;
1427;ROSAGÁS;;endereco;Alameda Rocha Lagoa, 215, Barbacena - MG, 36201-142, Brasil;Alameda Rocha Lagoa 215 Barbacena MG 36200000 Brazil;Barbacena;MG;36200000;-21.23106;-43.78975;-21.23106;-43.78975;;MEDIO;CEP generico de cidade, nao de rua (2,4x mais falha)
1428;ULTRAGAZ BARBACENA;;endereco;Rua Henrique Diniz, 364, Barbacena - MG, 36202-370, Brasil;Rua Henrique Diniz 364 Barbacena MG 36202376 Brazil;Barbacena;MG;36202376;-21.21085;-43.77399;-21.21085;-43.77399;;;
1429;VIP GÁS E ÁGUA;;endereco;Rua Artur Bernardes, Barbacena - MG, Brasil;Rua Artur Bernardes Barbacena MG Brazil;Barbacena;MG;;-21.21977;-43.76933;-21.21977;-43.76933;;ALTO;sem numero de porta
1430;GILGAS;;endereco;Rua Belo Horizonte, 49, Barroso - MG, 36212-000, Brasil;Rua Belo Horizonte 49 Barroso MG 36212000 Brazil;Barroso;MG;36212000;-21.19005;-43.97667;-21.19005;-43.97667;;MEDIO;CEP generico de cidade, nao de rua (2,4x mais falha)
1431;ULTRAGAZ BARROSO LTDA;;endereco;Avenida Brasil, 372, Barroso - MG, 36297-014, Brasil;Avenida Brasil 372 Barroso MG 36212000 Brazil;Barroso;MG;36212000;-21.19463;-43.97208;-21.19463;-43.97208;;MEDIO;CEP generico de cidade, nao de rua (2,4x mais falha)
1432;CEBOLA GÁS;;endereco;Avenida Getúlio Vargas, 801, Barão de Cocais - MG, 35970-000, Brasil;Avenida Getulio Vargas 801 Barao de Cocais MG 35970000 Brazil;Barão de Cocais;MG;35970000;-19.941;-43.4814;-19.941;-43.4814;;MEDIO;CEP generico de cidade, nao de rua (2,4x mais falha)
1433;ULTRAGAZ;;endereco;Avenida Wilson Alvarenga de Oliveira, 481, Barão de Cocais - MG, 35970-000, Brasil;Avenida Wilson Alvarenga de Oliveira 481 Barao de Cocais MG 35970000 Brazil;Barão de Cocais;MG;35970000;-19.94406;-43.47752;-19.94406;-43.47752;;MEDIO;CEP generico de cidade, nao de rua (2,4x mais falha)
1434;AMIGÃO GÁS - DISTRIBUIDORA DE GÁS DE COZINHA - ÁGUA MINERAL E GÁS PARA EMPILHADEIRAS;;endereco;Avenida da Serrinha, 389, Ibirité - MG, 30668-250, Brasil;Avenida da Serrinha 389 Belo Horizonte MG 30692600 Brazil;Belo Horizonte;MG;30692600;-20.00854;-44.0416;-20.00854;-44.0416;;;
1435;Avip Gás;;endereco;Rua Sidney Nazaréth da Silva, 6240, Maria Helena, Belo Horizonte - MG, 31680-170, Brasil;Rua Sidney Nazareth da Silva 6240 Belo Horizonte MG 31615250 Brazil;Belo Horizonte;MG;31615250;-19.80291;-43.98999;-19.80291;-43.98999;Maria Helena;;
1436;Barreiro Gás / Supergasbras;;endereco;Rua Rúbia Maria Barbosa, 170, Diamante, Belo Horizonte - MG, 30660-298, Brasil;Rua Rubia Maria Barbosa 170 Belo Horizonte MG 30660298 Brazil;Belo Horizonte;MG;30660298;-19.98966;-44.02292;-19.98966;-44.02292;Diamante;;
1437;Beagás - Depósito de gás de cozinha e Água Mineral / Supergasbras;;endereco;Avenida Mem de Sá, 5, Paraíso, Belo Horizonte - MG, 30260-270, Brasil;Avenida Mem de Sa 5 Belo Horizonte MG 30120010 Brazil;Belo Horizonte;MG;30120010;-19.9178;-43.91052;-19.9178;-43.91052;Paraíso;;
1438;BH GÁS;;endereco;Avenida Belém, 906, Pompéia, Belo Horizonte - MG, 30285-010, Brasil;Avenida Belem 906 Belo Horizonte MG 30285010 Brazil;Belo Horizonte;MG;30285010;-19.90975;-43.89933;-19.90975;-43.89933;Pompéia;;
1439;BH GÁS;;endereco;Rua Monte Alverne, 504, São João Batista, Belo Horizonte - MG, 31525-090, Brasil;Rua Monte Alverne 504 Belo Horizonte MG 31525090 Brazil;Belo Horizonte;MG;31525090;-19.82104;-43.97097;-19.82104;-43.97097;São João Batista;;
1440;BH-GAS;;endereco;Avenida Deputado Último de Carvalho, 846, Planalto, Belo Horizonte - MG, 31730-600, Brasil;Avenida Deputado Ultimo de Carvalho 846 Belo Horizonte MG 31730600 Brazil;Belo Horizonte;MG;31730600;-19.83644;-43.94391;-19.83644;-43.94391;Planalto;;
1441;Bom Gás;;endereco;Rua Santa Aliança, 131, São Marcos, Belo Horizonte - MG, 31920-550, Brasil;Rua Santa Alianca 131 Belo Horizonte MG 31920550 Brazil;Belo Horizonte;MG;31920550;-19.8713;-43.91154;-19.8713;-43.91154;São Marcos;;
1442;CAIÇARA GÁS;;endereco;Rua Lunardi, 317, Caiçaras, Belo Horizonte - MG, 30770-030, Brasil;Rua Lunardi 317 Belo Horizonte MG 30770550 Brazil;Belo Horizonte;MG;30770550;-19.90648;-43.96572;-19.90648;-43.96572;Caiçaras;;
1443;Canoas Gás e Água Mineral;;endereco;Rua Ismar Rodrigues, 15, Estrela do Oriente, Belo Horizonte - MG, 30580-325, Brasil;Rua Ismar Rodrigues 15 Belo Horizonte MG 30580040 Brazil;Belo Horizonte;MG;30580040;-19.96265;-43.98653;-19.96265;-43.98653;Estrela do Oriente;;
1444;CENTRAL GÁS LIQUI GÁS;;endereco;Avenida Senhor do Bonfim, 1695, São Benedito, Santa Luzia - MG, 33125-210, Brasil;Avenida Senhor do Bonfim 1695 Santa Luzia MG 33105140 Brazil;Santa Luzia;MG;33105140;-19.78536;-43.93397;-19.78536;-43.93397;São Benedito;;
1445;Cia do Gás - Entrega em 20Min;;endereco;Rua Radialista Maclerevski, 134, Céu Azul, Belo Horizonte - MG, 31578-500, Brasil;Rua Radialista Maclerevski 134 Belo Horizonte MG 31578500 Brazil;Belo Horizonte;MG;31578500;-19.81332;-44.00452;-19.81332;-44.00452;Céu Azul;;
1446;COMERCIO GÁS AURORA , AGUA EM BH;;endereco;Avenida Silva Lobo, 1767, Grajaú, Belo Horizonte - MG, 30431-262, Brasil;Avenida Silva Lobo 1767 Belo Horizonte MG 30360000 Brazil;Belo Horizonte;MG;30360000;-19.94024;-43.96698;-19.94024;-43.96698;Grajaú;MEDIO;CEP generico de cidade, nao de rua (2,4x mais falha)
1447;CÍLINDRO DE GÁS BH 45 KILOS GÁS DE COZINHA 13 KILOS CHAME GÁS;;endereco;Rua Aquidaban, 1039C, Padre Eustáquio, Belo Horizonte - MG, 30720-420, Brasil;Rua Aquidaban 1039C Belo Horizonte MG 30720420 Brazil;Belo Horizonte;MG;30720420;-19.91998;-43.9795;-19.91998;-43.9795;Padre Eustáquio;;
1448;Deposito de gás Sagrada Familia;;endereco;Rua Petrolina, 846, Sagrada Família, Belo Horizonte - MG, 31030-370, Brasil;Rua Petrolina 846 Belo Horizonte MG 31030370 Brazil;Belo Horizonte;MG;31030370;-19.90546;-43.91606;-19.90546;-43.91606;Sagrada Família;;
1449;Depósito de Gás - Liquigás;;endereco;Avenida Santa Matilde, 585, Dom Cabral, Belo Horizonte - MG, 30530-010, Brasil;Avenida Santa Matilde 585 Belo Horizonte MG 30530000 Brazil;Belo Horizonte;MG;30530000;-19.92541;-43.99772;-19.92541;-43.99772;Dom Cabral;MEDIO;CEP generico de cidade, nao de rua (2,4x mais falha)
1450;Depósito de gás de cozinha Beagás / Supergasbras - Santo André;;endereco;Rua Pedro Lessa, 850, Santo André, Belo Horizonte - MG, 31210-580, Brasil;Rua Pedro Lessa 850 Belo Horizonte MG 31210580 Brazil;Belo Horizonte;MG;31210580;-19.9041;-43.95441;-19.9041;-43.95441;Santo André;;
1451;DEPÓSITO DE GÁS E ÁGUA - TOZINHO GÁS SANTA EFIGÊNIA;;endereco;Avenida Alphonsus de Guimarães, 412, Paraíso, Belo Horizonte - MG, 30270-020, Brasil;Avenida Alphonsus de Guimaraes 412 Belo Horizonte MG 30270020 Brazil;Belo Horizonte;MG;30270020;-19.91549;-43.90555;-19.91549;-43.90555;Paraíso;;
1452;EVOLUIR GÁS;;endereco;Rua Antônio Vicente, 3, Ibirité - MG, 32404-611, Brasil;Rua Antonio Vicente 3 Ibirite MG 32404611 Brazil;Ibirité;MG;32404611;-20.00747;-44.04301;-20.00747;-44.04301;;;
1453;Gasbh;;endereco;Rua das Canoas, 772, Estrela do Oriente, Belo Horizonte - MG, 30580-040, Brasil;Rua das Canoas 772 Belo Horizonte MG 30580040 Brazil;Belo Horizonte;MG;30580040;-19.96173;-43.98904;-19.96173;-43.98904;Estrela do Oriente;;
1454;Gasutil;;endereco;Rua Lindolfo de Azevedo, 1561, Jardim América, Belo Horizonte - MG, 30421-428, Brasil;Rua Lindolfo de Azevedo 1561 Belo Horizonte MG 30421428 Brazil;Belo Horizonte;MG;30421428;-19.94589;-43.97246;-19.94589;-43.97246;Jardim América;;
1455;Gás Paraíso;;endereco;Rua Fluorina, 1370, Paraíso, Belo Horizonte - MG, 30270-380, Brasil;Rua Fluorina 1370 Belo Horizonte MG 30270380 Brazil;Belo Horizonte;MG;30270380;-19.92255;-43.90446;-19.92255;-43.90446;Paraíso;;
1456;Gás Santa Branca;;endereco;Rua Monte Castelo, 650, Santa Branca, Belo Horizonte - MG, 31710-070, Brasil;Rua Monte Castelo 650 Belo Horizonte MG 31565120 Brazil;Belo Horizonte;MG;31565120;-19.83699;-43.96715;-19.83699;-43.96715;Santa Branca;;
1457;Jadu Gás Copacabana;;endereco;Avenida Central, 1097, Copacabana, Belo Horizonte - MG, 31540-500, Brasil;Avenida Central 1097 Belo Horizonte MG 31540500 Brazil;Belo Horizonte;MG;31540500;-19.8317;-43.98813;-19.8317;-43.98813;Copacabana;;
1458;Jadu Gás Floramar;;endereco;Avenida José Lopes Muradas, 170, Floramar, Belo Horizonte - MG, 31742-084, Brasil;Avenida Jose Lopes Muradas 170 Belo Horizonte MG 31742084 Brazil;Belo Horizonte;MG;31742084;-19.8348;-43.93539;-19.8348;-43.93539;Floramar;;
1459;Lilico Gás;;endereco;Rua Belmiro Braga, 740, Caiçara-Adelaide, Belo Horizonte - MG, 30720-520, Brasil;Rua Belmiro Braga 740 Belo Horizonte MG 30770550 Brazil;Belo Horizonte;MG;30770550;-19.90635;-43.97211;-19.90635;-43.97211;Caiçara-Adelaide;;
1460;Pampulha Gás;;endereco;Rua Expedicionários, 263, Santa Amélia, Belo Horizonte - MG, 31555-200, Brasil;Rua Expedicionarios 263 Belo Horizonte MG 31555200 Brazil;Belo Horizonte;MG;31555200;-19.83471;-43.97976;-19.83471;-43.97976;Santa Amélia;;
1461;Rafa Gás | Barreiro e Região | Supergasbras;;endereco;Rua Francisco Duarte Mendonça, 2045, Santa Helena, Belo Horizonte - MG, 30642-310, Brasil;Rua Francisco Duarte Mendonca 2045 Belo Horizonte MG 30642310 Brazil;Belo Horizonte;MG;30642310;-19.98949;-44.014;-19.98949;-44.014;Santa Helena;;
1462;Rafa Gás | Supergasbras;;endereco;Rua Coronel José Benjamim, 195A, Padre Eustáquio, Belo Horizonte - MG, 30720-430, Brasil;Rua Coronel Jose Benjamim 195A Belo Horizonte MG 30720430 Brazil;Belo Horizonte;MG;30720430;-19.91932;-43.97107;-19.91932;-43.97107;Padre Eustáquio;;
1463;Rapidinho Gas | Gas Padre Eustáquio | Supergasbras | Gas de Cozinha;;endereco;Rua Pará de Minas, 225, Padre Eustáquio, Belo Horizonte - MG, 30730-440, Brasil;Rua Para de Minas 225 Belo Horizonte MG 30730440 Brazil;Belo Horizonte;MG;30730440;-19.91505;-43.98304;-19.91505;-43.98304;Padre Eustáquio;;
1464;Rapidinho Gás Jatobá;;endereco;Rua Águas da Prata, 100, Jatobá, Belo Horizonte - MG, 30692-450, Brasil;Rua Aguas da Prata 100 Belo Horizonte MG 30692350 Brazil;Belo Horizonte;MG;30692350;-19.99499;-44.05477;-19.99499;-44.05477;Jatobá;;
1465;Renato Gás;;endereco;Rua Itaité, 277, São Geraldo, Belo Horizonte - MG, 31050-550, Brasil;Rua Itaite 277 Belo Horizonte MG 31050550 Brazil;Belo Horizonte;MG;31050550;-19.89865;-43.90149;-19.89865;-43.90149;São Geraldo;;
1466;SUPERGASBRAS;;endereco;Templo de Jesus Cristo Primitiva, Rua Carlos Chagas, 312, Industrial 3a. Seção, Contagem - MG, 32235-190, Brasil;Rua Carlos Chagas 312 Contagem MG 32235190 Brazil;Contagem;MG;32235190;-19.97698;-44.03925;-19.97698;-44.03925;Industrial 3a. Seção;;
1467;Supergasbras Distribuidora De Gás;;endereco;Rua Acaju, 90, Santo André, Belo Horizonte - MG, 31230-560, Brasil;Rua Acaju 90 Belo Horizonte MG 31230630 Brazil;Belo Horizonte;MG;31230630;-19.90076;-43.95389;-19.90076;-43.95389;Santo André;;
1468;Tedy Gás;;endereco;Rua Mariana, 1388, Santo André, Belo Horizonte - MG, 31210-420, Brasil;Rua Mariana 1388 Belo Horizonte MG 31210420 Brazil;Belo Horizonte;MG;31210420;-19.90221;-43.95313;-19.90221;-43.95313;Santo André;;
1469;TELE GÁS GUIMARÃES;;endereco;Rua Olegário Maciel, 654, São Benedito, Santa Luzia - MG, 33125-010, Brasil;Rua Olegario Maciel 654 Santa Luzia MG 33125010 Brazil;Santa Luzia;MG;33125010;-19.79438;-43.94214;-19.79438;-43.94214;São Benedito;;
1470;Telegás Céu Azul;;endereco;Rua Radialista Nilton Ribeiro, 20A, Céu Azul, Belo Horizonte - MG, 31578-540, Brasil;Rua Radialista Nilton Ribeiro 20A Belo Horizonte MG 31578300 Brazil;Belo Horizonte;MG;31578300;-19.81528;-44.0026;-19.81528;-44.0026;Céu Azul;;
1471;Telegás SilGás Céu Azul;;endereco;Rua João Magela Luz, 86, Céu Azul, Belo Horizonte - MG, 31580-050, Brasil;Rua Joao Magela Luz 86 Belo Horizonte MG 31580050 Brazil;Belo Horizonte;MG;31580050;-19.82234;-43.99557;-19.82234;-43.99557;Céu Azul;;
1472;Theodoro Gás | Gas BH | Gas Santa Cruz | Gas de Cozinha BH | Supergasbras;;endereco;Rua Ester de Lima, 738, Santa Cruz, Belo Horizonte - MG, 31155-170, Brasil;Rua Ester de Lima 738 Belo Horizonte MG 31150610 Brazil;Belo Horizonte;MG;31150610;-19.87455;-43.93999;-19.87455;-43.93999;Santa Cruz;;
1473;TOP GAS;;endereco;Rua Bom Pastor, 230, São Benedito, Santa Luzia - MG, 33125-240, Brasil;Rua Bom Pastor 230 Santa Luzia MG 33125240 Brazil;Santa Luzia;MG;33125240;-19.78651;-43.93374;-19.78651;-43.93374;São Benedito;;
1474;A.G TELEGÁS & ÁGUA;;endereco;Rua Nossa Senhora das Graças, 610, Senhora das Graças, Betim - MG, 32632-430, Brasil;Rua Nossa Senhora das Gracas 610 Betim MG 32604702 Brazil;Betim;MG;32604702;-19.93967;-44.19657;-19.93967;-44.19657;Senhora das Graças;;
1475;BRASIL GÁS E ÁGUA BETIM🔥🔥;;endereco;Rua Antônio Bleme Filho, 285, Espírito Santo, Betim - MG, 32671-536, Brasil;Rua Antonio Bleme Filho 285 Betim MG 32671635 Brazil;Betim;MG;32671635;-19.95129;-44.18834;-19.95129;-44.18834;Espírito Santo;;
1476;COPAGAZ;;endereco (logradouro de coluna alternativa);Copagaz Ibirité, Ibirité - MG, 32400-000, Brasil;ESTRADA DO PETROVALE Betim MG 32400000 Brazil;Betim;MG;32400000;-19.98735;-44.10206;-19.98735;-44.10206;;ALTO;"endereco de rodovia (57-67% falharam); sem numero de porta; CEP generico de cidade, nao de rua (2,4x mais falha); cidade divergente: coluna diz 'Betim' e o endereco diz 'Ibirité'; mantida a da coluna"
1477;Dani Gás;;endereco;Rua Rita Cândida Moreira, 462, Santa Inês, Betim - MG, 32603-132, Brasil;Rua Rita Candida Moreira 462 Betim MG 32603132 Brazil;Betim;MG;32603132;-19.96605;-44.21262;-19.96605;-44.21262;Santa Inês;;
1478;Deposito Rafaell Gás;;endereco;Rua Sevilha, 664, São João, Betim - MG, 32655-632, Brasil;Rua Sevilha 664 Betim MG 32665632 Brazil;Betim;MG;32665632;-19.97911;-44.16177;-19.97911;-44.16177;São João;;
1479;Distribuidora Rocha Gás;;endereco;Rua Doutor Romeu Lages, 400, Santa Cruz, Betim - MG, 32667-448, Brasil;Rua Doutor Romeu Lages 400 Betim MG 32667448 Brazil;Betim;MG;32667448;-19.95893;-44.14054;-19.95893;-44.14054;Santa Cruz;;
1480;Duarte Gás;;endereco;Rua das Quaresmeiras, 771, Vila Verde, Betim - MG, 32661-002, Brasil;Rua das Quaresmeiras 771 Betim MG 32661002 Brazil;Betim;MG;32661002;-19.99176;-44.15765;-19.99176;-44.15765;Vila Verde;;
1481;Garoto Gás Betim;;endereco;Rua Nova Era, 482, Niterói, Betim - MG, 32672-045, Brasil;Rua Nova Era 482 Betim MG 32652240 Brazil;Betim;MG;32652240;-19.94724;-44.17886;-19.94724;-44.17886;Niterói;;
1482;Globo Gás Betim - Gás de Cozinha;;endereco;Rua Leozino de Oliveira, 531, Filadélfia, Betim - MG, 32670-094, Brasil;Rua Leozino de Oliveira 531 Betim MG 32670094 Brazil;Betim;MG;32670094;-19.97114;-44.18493;-19.97114;-44.18493;Filadélfia;;
1483;GÁS BETIM;;endereco;Avenida Juiz Marco Túlio Isaac, 11939, Imbiruçu, Betim - MG, 32651-000, Brasil;Avenida Juiz Marco Tulio Isaac 11939 Betim MG 31677055 Brazil;Betim;MG;31677055;-19.94604;-44.11236;-19.94604;-44.11236;Imbiruçu;;
1484;GÁS BETIM 24 HORAS;;endereco;Rua Sete de Setembro, 111, Parque das Indústrias, Betim - MG, 32671-388, Brasil;Rua Sete de Setembro 111 Betim MG 32671388 Brazil;Betim;MG;32671388;-19.95695;-44.17703;-19.95695;-44.17703;Parque das Indústrias;;
1485;Gás em betim 24hs e no teté gás;;endereco;Rua Artur Trindade, 619, Salomé, Betim - MG, 32602-520, Brasil;Rua Artur Trindade 619 Betim MG 32603275 Brazil;Betim;MG;32603275;-19.95661;-44.20434;-19.95661;-44.20434;Salomé;;
1486;Júnior Gás e Água;;endereco;Avenida José Inácio Filho, 572, Ingá, Betim - MG, 32604-654, Brasil;Avenida Jose Inacio Filho 572 Betim MG 32604660 Brazil;Betim;MG;32604660;-19.94506;-44.19676;-19.94506;-44.19676;Ingá;;
1487;MATEUS GÁS;;endereco;Rua Criptoméria, 89, Jardim das Alterosas Segunda Seção, Betim - MG, 32673-328, Brasil;Rua Criptomeria 89 Betim MG 32673328 Brazil;Betim;MG;32673328;-19.93909;-44.16161;-19.93909;-44.16161;Jardim das Alterosas Segunda Seção;;
1488;Max Chama - Distribuidora de Gás de Cozinha - Água mineral - Gás de Larga Escala E Empilhadeiras;;endereco;Rua Pedra Azul, 214, Betim Industrial, Betim - MG, 32670-478, Brasil;Rua Pedra Azul 214 Betim MG 32670655 Brazil;Betim;MG;32670655;-19.95619;-44.16313;-19.95619;-44.16313;Betim Industrial;;
1489;MG Gás;;endereco;Rua Campos de Ourique, 1725, Jardim das Alterosas Primeira Seção, Betim - MG, 32670-708, Brasil;Rua Campos de Ourique 1725 Betim MG 32670705 Brazil;Betim;MG;32670705;-19.94675;-44.1617;-19.94675;-44.1617;Jardim das Alterosas Primeira Seção;;
1490;MOTO GAS BETIM;;endereco;Rua das Acácias, 154B, Vila das Flores, Betim - MG, 32605-484, Brasil;Rua das Acacias 154B Betim MG 32605484 Brazil;Betim;MG;32605484;-19.92891;-44.18629;-19.92891;-44.18629;Vila das Flores;;
1491;NACIONAL GÁS;;endereco;Rua Pedestre, Jardim Teresópolis, Betim - MG, Brasil;Rua Pedestre Betim MG 32605326 Brazil;Betim;MG;32605326;-19.95123;-44.11286;-19.95123;-44.11286;Jardim Teresópolis;ALTO;sem numero de porta
1492;Rapidinho Gás | Gas Betim;;endereco;Avenida Nova York, 1334, Capelinha, Betim - MG, 32678-550, Brasil;Avenida Nova York 1334 Betim MG 32690250 Brazil;Betim;MG;32690250;-19.93439;-44.09899;-19.93439;-44.09899;Capelinha;;
1493;Renato Gás betim;;endereco;Rua Rio de Janeiro, 886, Jardim Brasília, Betim - MG, 32671-542, Brasil;Rua Rio de Janeiro 886 Betim MG 32671535 Brazil;Betim;MG;32671535;-19.95171;-44.18941;-19.95171;-44.18941;Jardim Brasília;;
1494;Revenda Timão Gás GLP;;endereco;Rua Orinoco, 155, Santa Cruz, Betim - MG, 32667-428, Brasil;Rua Orinoco 155 Betim MG 32667428 Brazil;Betim;MG;32667428;-19.96147;-44.14284;-19.96147;-44.14284;Santa Cruz;;
1495;Rota Gás Betim;;endereco;Inga Gás, Rua Amazonas, 1210, Ingá, Betim - MG, 32604-660, Brasil;Rua Amazonas 1210 Betim MG 32604660 Brazil;Betim;MG;32604660;-19.94475;-44.19682;-19.94475;-44.19682;Ingá;;
1496;Tele Gás Alterosa;;endereco;Rua Margarida, 24, Jardim das Alterosas Segunda Seção, Betim - MG, 32673-034, Brasil;Rua Margarida 24 Betim MG 32653420 Brazil;Betim;MG;32653420;-19.94818;-44.16646;-19.94818;-44.16646;Jardim das Alterosas Segunda Seção;;
1497;Telegás Araújo BETIM MG;;endereco;Uniao Rua, 81, Jardim das Alterosas Segunda Seção, Betim - MG, 32673-114, Brasil;Uniao Rua 81 Betim MG 32673118 Brazil;Betim;MG;32673118;-19.94565;-44.17097;-19.94565;-44.17097;Jardim das Alterosas Segunda Seção;;
1498;Trevo Gás - Qualidade e Preço Betim e Contagem Botijião 13 Kilos e Cilindro P45 Kg;;endereco;Rua Morro Vermelho, 13, Granja Verde, Betim - MG, 32678-130, Brasil;Rua Morro Vermelho 13 Betim MG 32678130 Brazil;Betim;MG;32678130;-19.92953;-44.10063;-19.92953;-44.10063;Granja Verde;;
1499;Vital Gás Betim;;endereco;Rua Joseph Amin Dabian, 157, Petrópolis, Betim - MG, 32655-032, Brasil;Rua Joseph Amin Dabian 157 Betim MG 32655032 Brazil;Betim;MG;32655032;-19.97407;-44.18075;-19.97407;-44.18075;Petrópolis;;
1500;WR GAS- cruzeiro do sul / Betim - MG;;endereco;Rua Dezesseis, 269B, Cruzeiro do Sul, Betim - MG, 32672-766, Brasil;Rua Dezesseis 269B Betim MG 32672766 Brazil;Betim;MG;32672766;-19.93107;-44.16312;-19.93107;-44.16312;Cruzeiro do Sul;;
1501;COPAGAZ;;endereco;Avenida João Júlio de Faria, 1725, Boa Esperança - MG, 37170-000, Brasil;Avenida Joao Julio de Faria 1725 Boa Esperanca MG 37170000 Brazil;Boa Esperança;MG;37170000;-21.098;-45.54633;-21.098;-45.54633;;MEDIO;CEP generico de cidade, nao de rua (2,4x mais falha)
1502;GÁS DO CELSO;;endereco;Alameda das Tulipas, 15, Boa Esperança - MG, 37170-000, Brasil;Alameda das Tulipas 15 Boa Esperanca MG 37170000 Brazil;Boa Esperança;MG;37170000;-21.1024;-45.55182;-21.1024;-45.55182;;MEDIO;CEP generico de cidade, nao de rua (2,4x mais falha)
1503;GÁS MAIS COPAGAZ;;endereco;Rua Antônio Tiburcio, 382, Bocaiúva - MG, 39390-000, Brasil;Rua Antonio Tiburcio 382 Bocaiuva MG 39390000 Brazil;Bocaiúva;MG;39390000;-17.11349;-43.80727;-17.11349;-43.80727;;MEDIO;CEP generico de cidade, nao de rua (2,4x mais falha)
1504;CHAMA GÁS;;endereco;Avenida Doutor Juca, 40, Bom Despacho - MG, 35600-000, Brasil;Avenida Doutor Juca 40 Bom Despacho MG 35636068 Brazil;Bom Despacho;MG;35636068;-19.74285;-45.26288;-19.74285;-45.26288;;;
1505;FORT GÁS;;endereco;Avenida Manoel da Costa Gontijo, 549, Bom Despacho - MG, 35600-000, Brasil;Avenida Manoel da Costa Gontijo 549 Bom Despacho MG 35600000 Brazil;Bom Despacho;MG;35600000;-19.72329;-45.26083;-19.72329;-45.26083;;MEDIO;CEP generico de cidade, nao de rua (2,4x mais falha)
1506;GEGÁS;;endereco;Rua Gustavo Lopes Cancado, 650, Bom Despacho - MG, 35600-000, Brasil;Rua Gustavo Lopes Cancado 650 Bom Despacho MG 35600000 Brazil;Bom Despacho;MG;35600000;-19.75088;-45.25277;-19.75088;-45.25277;;MEDIO;CEP generico de cidade, nao de rua (2,4x mais falha)
1507;GÁS DE COZINHA EM BOM DESPACHO;;endereco;Avenida Martinho Campos, 387, Bom Despacho - MG, 35600-000, Brasil;Avenida Martinho Campos 387 Bom Despacho MG 35630228 Brazil;Bom Despacho;MG;35630228;-19.72619;-45.25632;-19.72619;-45.25632;;;
1508;REAL GÁS E ÁGUA MINERAL;;endereco;Rua Roberto Queiroz Cançado, 124, Bom Despacho - MG, 35600-000, Brasil;Rua Roberto Queiroz Cancado 124 Bom Despacho MG 35633132 Brazil;Bom Despacho;MG;35633132;-19.74662;-45.25679;-19.74662;-45.25679;;;
1509;REDE GÁS BOM DESPACHO;;endereco;Avenida Sandoval Mesquita, 789, Bom Despacho - MG, 35636-064, Brasil;Avenida Sandoval Mesquita 789 Bom Despacho MG 35636212 Brazil;Bom Despacho;MG;35636212;-19.73375;-45.26412;-19.73375;-45.26412;;;
1510;EDINHO GÁS;;endereco (logradouro de coluna alternativa);MG-202, Brasília de Minas - MG, 39330-000, Brasil;AVENIDA CORACAO DE JESUS Brasilia de Minas MG 39330000 Brazil;Brasília de Minas;MG;39330000;-16.22251;-44.43237;-16.22251;-44.43237;;ALTO;"sem numero de porta; CEP generico de cidade, nao de rua (2,4x mais falha)"
1511;GÁS E ÁGUA MINERAL ECONOMIC;;endereco;Rua Vicente Parrela, 439, Brasília de Minas - MG, 39330-000, Brasil;Rua Vicente Parrela 439 Brasilia de Minas MG 39330000 Brazil;Brasília de Minas;MG;39330000;-16.21735;-44.42918;-16.21735;-44.42918;;MEDIO;CEP generico de cidade, nao de rua (2,4x mais falha)
1512;GERALDINHO GÁS;;endereco (logradouro de coluna alternativa);Hotel Fazenda Nova Estância Brumadinho Mg., Brumadinho - MG, 35460-000, Brasil;RUA MACHADO DE ASSIS BRUMADINHO Brumadinho MG 35460000 Brazil;Brumadinho;MG;35460000;-20.14156;-44.12787;-20.14156;-44.12787;;ALTO;"sem numero de porta; CEP generico de cidade, nao de rua (2,4x mais falha)"
1513;GÁS PLANALTO;;endereco;Rua Turmalina, 55, Brumadinho - MG, 32482-004, Brasil;Rua Turmalina 55 Brumadinho MG 35460000 Brazil;Brumadinho;MG;35460000;-20.15129;-44.19752;-20.15129;-44.19752;;MEDIO;CEP generico de cidade, nao de rua (2,4x mais falha)
1514;MAIS GÁS;;endereco;Rua Nove, 45, Conceição de Itaguá, Brumadinho - MG, 32480-000, Brasil;Rua Nove 45 Brumadinho MG 35460000 Brazil;Brumadinho;MG;35460000;-20.1536;-44.247;-20.1536;-44.247;Conceição de Itaguá;MEDIO;CEP generico de cidade, nao de rua (2,4x mais falha)
1515;NACIONAL GAS;;endereco;Rua Presidente Vargas, 871, Brumadinho - MG, 32499-899, Brasil;Rua Presidente Vargas 871 Brumadinho MG 35460000 Brazil;Brumadinho;MG;35460000;-20.14894;-44.19872;-20.14894;-44.19872;;MEDIO;CEP generico de cidade, nao de rua (2,4x mais falha)
1516;BRAGÁS GÁS E ÁGUA MINERAL;;endereco;Rua Amazonas, 120, Buritis - MG, 38660-000, Brasil;Rua Amazonas 120 Buritis MG 38660000 Brazil;Buritis;MG;38660000;-15.63065;-46.43341;-15.63065;-46.43341;;MEDIO;CEP generico de cidade, nao de rua (2,4x mais falha)
1517;BRAGÁS GÁS E ÁGUA MINERAL;;endereco;Avenida Central, 978, Buritis - MG, 38660-000, Brasil;Avenida Central 978 Buritis MG 38660000 Brazil;Buritis;MG;38660000;-15.62613;-46.42532;-15.62613;-46.42532;;MEDIO;CEP generico de cidade, nao de rua (2,4x mais falha)
1518;GÁS MAIS COPAGÁZ;;endereco;Avenida Paredão de Minas, 833, Buritizeiro - MG, 39280-000, Brasil;Avenida Paredao de Minas 833 Buritizeiro MG 39280000 Brazil;Buritizeiro;MG;39280000;-17.36883;-44.97089;-17.36883;-44.97089;;MEDIO;CEP generico de cidade, nao de rua (2,4x mais falha)
1519;COPAGAZ CAETÉ;;endereco;Avenida Doutor João Pinheiro, 3966, Caeté - MG, 34800-000, Brasil;Avenida Doutor Joao Pinheiro 3966 Caete MG 34800000 Brazil;Caeté;MG;34800000;-19.88016;-43.65872;-19.88016;-43.65872;;MEDIO;CEP generico de cidade, nao de rua (2,4x mais falha)
1520;GORDINHO DO GÁS;;endereco;Travessa Três, 36, Caeté - MG, 34800-000, Brasil;Travessa Tres 36 Caete MG 34800000 Brazil;Caeté;MG;34800000;-19.86906;-43.66074;-19.86906;-43.66074;;MEDIO;CEP generico de cidade, nao de rua (2,4x mais falha)
1521;TICO GÁS;;endereco;Rua Antônio Carlos dos Santos Melo, 228, Caeté - MG, 34800-000, Brasil;Rua Antonio Carlos dos Santos Melo 228 Caete MG 34800000 Brazil;Caeté;MG;34800000;-19.8829;-43.66123;-19.8829;-43.66123;;MEDIO;CEP generico de cidade, nao de rua (2,4x mais falha)
1522;CENTRAL GÁS;;endereco;Rua José Veloso Sobrinho, 87, Camanducaia - MG, 37650-000, Brasil;Rua Jose Veloso Sobrinho 87 Camanducaia MG 37650000 Brazil;Camanducaia;MG;37650000;-22.7515;-46.13603;-22.7515;-46.13603;;MEDIO;CEP generico de cidade, nao de rua (2,4x mais falha)
1523;REI DO GÁS - PEDRO;;endereco;Studio Adriana Silva, Rua Minas Gerais, 748, Camanducaia - MG, 37650-000, Brasil;Rua Minas Gerais 748 Camanducaia MG 37650000 Brazil;Camanducaia;MG;37650000;-22.75008;-46.13526;-22.75008;-46.13526;;MEDIO;CEP generico de cidade, nao de rua (2,4x mais falha)
1524;DISK GÁS E ÁGUA CAMBUÍ;;endereco;Rua Vereador Antônio Paulino de Abreu, 230, Cambuí - MG, 37600-000, Brasil;Rua Vereador Antonio Paulino de Abreu 230 Cambui MG 37600000 Brazil;Cambuí;MG;37600000;-22.61126;-46.06092;-22.61126;-46.06092;;MEDIO;CEP generico de cidade, nao de rua (2,4x mais falha)
1525;REALGÁS ( DISK ÁGUA E GÁS DO ROSÁRIO);;endereco;Avenida Adolfo Ferreira da Silva, 8, Cambuí - MG, 37600-000, Brasil;Avenida Adolfo Ferreira da Silva 8 Cambui MG 37600000 Brazil;Cambuí;MG;37600000;-22.6146;-46.05968;-22.6146;-46.05968;;MEDIO;CEP generico de cidade, nao de rua (2,4x mais falha)
1526;ULTRAGAZ;;endereco;Rua João Moreira Salles, Cambuí - MG, 37600-000, Brasil;Rua Joao Moreira Salles Cambui MG 37600000 Brazil;Cambuí;MG;37600000;-22.60017;-46.05572;-22.60017;-46.05572;;ALTO;"sem numero de porta; CEP generico de cidade, nao de rua (2,4x mais falha)"
1527;CARIOCA GÁS;;endereco;Rua Goiânia, 100, Campo Belo - MG, 37270-000, Brasil;Rua Goiania 100 Campo Belo MG 37270000 Brazil;Campo Belo;MG;37270000;-20.90336;-45.28045;-20.90336;-45.28045;;MEDIO;CEP generico de cidade, nao de rua (2,4x mais falha)
1528;DIEGO FERNANDES E FAMÍLIA;;endereco;Avenida Diamante, Capelinha - MG, 39680-000, Brasil;Avenida Diamante Capelinha MG 39680000 Brazil;Capelinha;MG;39680000;-17.70245;-42.52475;-17.70245;-42.52475;;ALTO;"sem numero de porta; CEP generico de cidade, nao de rua (2,4x mais falha)"
1529;GAS IDEAL DISTRIBUIDORA CAPELINHA;;endereco;Rua Doutor Hermelindo, 772, Capelinha - MG, 39680-000, Brasil;Rua Doutor Hermelindo 772 Capelinha MG 39680000 Brazil;Capelinha;MG;39680000;-17.69928;-42.51312;-17.69928;-42.51312;;MEDIO;CEP generico de cidade, nao de rua (2,4x mais falha)
1530;MIRO GÁS;;endereco;Rua Manoel Luís Pego, 254, Capelinha - MG, 39680-000, Brasil;Rua Manoel Luis Pego 254 Capelinha MG 39680000 Brazil;Capelinha;MG;39680000;-17.70137;-42.51193;-17.70137;-42.51193;;MEDIO;CEP generico de cidade, nao de rua (2,4x mais falha)
1531;ORIGINAL GÁS CAPELINHA;;endereco;Rua Austrália, 230, Capelinha - MG, 39680-000, Brasil;Rua Australia 230 Capelinha MG 39680000 Brazil;Capelinha;MG;39680000;-17.68314;-42.52473;-17.68314;-42.52473;;MEDIO;CEP generico de cidade, nao de rua (2,4x mais falha)
1532;MAURÍCIO GÁS E ÁGUA;;endereco;Rua Ver. Sizenando Teixeira de Carvalho, 295A, Carandaí - MG, 36280-000, Brasil;Rua Ver Sizenando Teixeira de Carvalho 295A Carandai MG 36280000 Brazil;Carandaí;MG;36280000;-20.94567;-43.79593;-20.94567;-43.79593;;MEDIO;CEP generico de cidade, nao de rua (2,4x mais falha)
1533;PENHA GÁS DISTRIBUIDORA;;endereco;Rua Domingos Martins, 196, Carandaí - MG, 36287-899, Brasil;Rua Domingos Martins 196 Carandai MG 36280000 Brazil;Carandaí;MG;36280000;-20.95037;-43.7963;-20.95037;-43.7963;;MEDIO;CEP generico de cidade, nao de rua (2,4x mais falha)
1534;ELITE GÁS;;endereco;Avenida Aeroporto, 46, Carangola - MG, 36802-230, Brasil;Avenida Aeroporto 46 Carangola MG 36800000 Brazil;Carangola;MG;36800000;-20.74095;-42.01656;-20.74095;-42.01656;;MEDIO;CEP generico de cidade, nao de rua (2,4x mais falha)
1535;FRAUCHESGAS;;endereco;Avenida Doutor Waldemar Soares, 45, Carangola - MG, 36802-010, Brasil;Avenida Doutor Waldemar Soares 45 Carangola MG 36800000 Brazil;Carangola;MG;36800000;-20.73586;-42.01806;-20.73586;-42.01806;;MEDIO;CEP generico de cidade, nao de rua (2,4x mais falha)
1536;JOÃO DO GAS SUPERGASBRAS;;endereco;Rua Doutor Pedro Nolasco, 280, Carangola - MG, 36800-000, Brasil;Rua Doutor Pedro Nolasco 280 Carangola MG 36800000 Brazil;Carangola;MG;36800000;-20.73662;-42.01794;-20.73662;-42.01794;;MEDIO;CEP generico de cidade, nao de rua (2,4x mais falha)
1537;ULTRAGAZ CARANGOLA;;endereco;Avenida Capitão Antônio C. de Souza, 654, Carangola - MG, 36800-000, Brasil;Avenida Capitao Antonio C de Souza 654 Carangola MG 36800000 Brazil;Carangola;MG;36800000;-20.72026;-42.03845;-20.72026;-42.03845;;MEDIO;CEP generico de cidade, nao de rua (2,4x mais falha)
1538;GAS CARATINGA;;endereco;Praça Getúlio Vargas, 71, Caratinga - MG, 35300-034, Brasil;Praca Getulio Vargas 71 Caratinga MG 35300034 Brazil;Caratinga;MG;35300034;-19.78857;-42.14168;-19.78857;-42.14168;;;
1539;GIL GÁS LTDA;;endereco;Avenida Moacir de Matos, 881, Caratinga - MG, 35300-399, Brasil;Avenida Moacir de Matos 881 Caratinga MG 35300523 Brazil;Caratinga;MG;35300523;-19.79897;-42.13869;-19.79897;-42.13869;;;
1540;GÁS DA PONTE;;endereco;Rua Maria José Guimarães, 78, Caratinga - MG, Brasil;Rua Maria Jose Guimaraes 78 Caratinga MG 35300139 Brazil;Caratinga;MG;35300139;-19.79139;-42.14958;-19.79139;-42.14958;;;
1541;GÁS E ÁGUA SÃO JUDAS;;endereco;Rua Jornalista Leonel Fontoura, 930, Caratinga - MG, 35300-120, Brasil;Rua Jornalista Leonel Fontoura 930 Caratinga MG 35300120 Brazil;Caratinga;MG;35300120;-19.79817;-42.14609;-19.79817;-42.14609;;;
1542;GÁS SANTOS - REVENDA COPAGAZ;;endereco;Rua Juca Vasconcelos, 282, Caratinga - MG, 35300-193, Brasil;Rua Juca Vasconcelos 282 Caratinga MG 35300193 Brazil;Caratinga;MG;35300193;-19.78339;-42.14889;-19.78339;-42.14889;;;
1543;LÍDER GÁS;;endereco;Avenida Moacir de Matos, 848, Caratinga - MG, 35300-396, Brasil;Avenida Moacir de Matos 848 Caratinga MG 35300104 Brazil;Caratinga;MG;35300104;-19.79851;-42.13889;-19.79851;-42.13889;;;
1544;RIBEIRO GÁS CARATINGA - REVENDA COPAGAZ;;endereco;Rua Vereador Orestes Paiva, 1303, Caratinga - MG, 35300-258, Brasil;Rua Vereador Orestes Paiva 1303 Caratinga MG 35300258 Brazil;Caratinga;MG;35300258;-19.76997;-42.1324;-19.76997;-42.1324;;;
1545;GRILO GÁS E ÁGUA;;endereco;Rua Rafael Gomes Marra, 266, Carmo do Cajuru - MG, 35557-000, Brasil;Rua Rafael Gomes Marra 266 Carmo do Cajuru MG 35557000 Brazil;Carmo do Cajuru;MG;35557000;-20.19282;-44.77429;-20.19282;-44.77429;;MEDIO;CEP generico de cidade, nao de rua (2,4x mais falha)
1546;BRAGÁS GÁS E ÁGUA;;endereco;Rua 3, 1300, Carmo do Paranaíba - MG, 38840-000, Brasil;Rua 3 1300 Carmo do Paranaiba MG 38840000 Brazil;Carmo do Paranaíba;MG;38840000;-19.00945;-46.30761;-19.00945;-46.30761;;MEDIO;CEP generico de cidade, nao de rua (2,4x mais falha)
1547;DISK GÁS LIQUIGÁS(H E H);;endereco;Avenida João Batista da Silva, 20, Carmo do Paranaíba - MG, 38840-000, Brasil;Avenida Joao Batista da Silva 20 Carmo do Paranaiba MG 38840000 Brazil;Carmo do Paranaíba;MG;38840000;-18.99974;-46.29975;-18.99974;-46.29975;;MEDIO;CEP generico de cidade, nao de rua (2,4x mais falha)
1548;GÁS URGENTE;;endereco;Rua Paraíso, 484, Carmo do Paranaíba - MG, 38840-000, Brasil;Rua Paraiso 484 Carmo do Paranaiba MG 38840000 Brazil;Carmo do Paranaíba;MG;38840000;-19.00538;-46.31195;-19.00538;-46.31195;;MEDIO;CEP generico de cidade, nao de rua (2,4x mais falha)
1549;ULTRAGAZ;;endereco;Avenida Frei Gabriel, 994, Carmo do Paranaíba - MG, 38840-016, Brasil;Avenida Frei Gabriel 994 Carmo do Paranaiba MG 38840000 Brazil;Carmo do Paranaíba;MG;38840000;-19.00194;-46.32183;-19.00194;-46.32183;;MEDIO;CEP generico de cidade, nao de rua (2,4x mais falha)
1550;CHAMA GÁS;;endereco;Rua Maria Lúcia de Carvalho, 225, Carmo do Rio Claro - MG, 37150-000, Brasil;Rua Maria Lucia de Carvalho 225 Carmo do Rio Claro MG 37150000 Brazil;Carmo do Rio Claro;MG;37150000;-20.96927;-46.13429;-20.96927;-46.13429;;MEDIO;CEP generico de cidade, nao de rua (2,4x mais falha)
1551;DEPÓSITO GUTO GÁS;;endereco;Rua Antônio Alves Figueiredo, 92, Carmo do Rio Claro - MG, 37150-000, Brasil;Rua Antonio Alves Figueiredo 92 Carmo do Rio Claro MG 37150000 Brazil;Carmo do Rio Claro;MG;37150000;-20.97548;-46.12315;-20.97548;-46.12315;;MEDIO;CEP generico de cidade, nao de rua (2,4x mais falha)
1552;GÁS E ÁGUA DO EDINHO - GELO&CIA;;endereco;Avenida Doutor Luiz Introcaso Filho, 218, Carmo do Rio Claro - MG, 37150-000, Brasil;Avenida Doutor Luiz Introcaso Filho 218 Carmo do Rio Claro MG 37150000 Brazil;Carmo do Rio Claro;MG;37150000;-20.97644;-46.12244;-20.97644;-46.12244;;MEDIO;CEP generico de cidade, nao de rua (2,4x mais falha)
1553;LIGEIRINHO GÁS;;endereco;Rua Bráulio Pinto Vilela, 330, Carmo do Rio Claro - MG, 37150-000, Brasil;Rua Braulio Pinto Vilela 330 Carmo do Rio Claro MG 37150000 Brazil;Carmo do Rio Claro;MG;37150000;-20.97414;-46.12368;-20.97414;-46.12368;;MEDIO;CEP generico de cidade, nao de rua (2,4x mais falha)
1554;MINAS GÁS;;endereco;Rua Chile, 306, Carmo do Rio Claro - MG, 37150-000, Brasil;Rua Chile 306 Carmo do Rio Claro MG 37150000 Brazil;Carmo do Rio Claro;MG;37150000;-20.97796;-46.12313;-20.97796;-46.12313;;MEDIO;CEP generico de cidade, nao de rua (2,4x mais falha)
1555;ULTRAGAZ;;endereco;Rua Antônio Alves Figueiredo, 92, Carmo do Rio Claro - MG, 37150-000, Brasil;Rua Antonio Alves Figueiredo 92 Carmo do Rio Claro MG 37150000 Brazil;Carmo do Rio Claro;MG;37150000;-20.97548;-46.12315;-20.97548;-46.12315;;MEDIO;CEP generico de cidade, nao de rua (2,4x mais falha)
1556;LUIZ DO GÁS;;endereco;Avenida Bom Destino, 35, Cataguases - MG, 36770-400, Brasil;Avenida Bom Destino 35 Cataguases MG 36770400 Brazil;Cataguases;MG;36770400;-21.393;-42.68861;-21.393;-42.68861;;;
1557;TELE GÁS E ÁGUA MINERAL DO ALEXANDRE;;endereco;Rua Serafim Cabral, 275, Cataguases - MG, 36771-308, Brasil;Rua Serafim Cabral 275 Cataguases MG 36771310 Brazil;Cataguases;MG;36771310;-21.4109;-42.68713;-21.4109;-42.68713;;;
1558;DEPÓSITO DE GÁS AGIAN;;endereco;Rua Joaquim dos Santos, 740, Caxambu - MG, 37440-000, Brasil;Rua Joaquim dos Santos 740 Caxambu MG 37440000 Brazil;Caxambu;MG;37440000;-21.97239;-44.94025;-21.97239;-44.94025;;MEDIO;CEP generico de cidade, nao de rua (2,4x mais falha)
1559;DISK GÁS CAXAMBU;;endereco;Rua Vinte e Cinco de Dezembro, 432, Caxambu - MG, 37440-000, Brasil;Rua Vinte e Cinco de Dezembro 432 Caxambu MG 37440000 Brazil;Caxambu;MG;37440000;-21.99512;-44.92483;-21.99512;-44.92483;;MEDIO;CEP generico de cidade, nao de rua (2,4x mais falha)
1560;GIOVANNI GÁS;;endereco;Rua das Palmas, 80, Caxambu - MG, 37440-000, Brasil;Rua das Palmas 80 Caxambu MG 37440000 Brazil;Caxambu;MG;37440000;-21.9724;-44.94158;-21.9724;-44.94158;;MEDIO;CEP generico de cidade, nao de rua (2,4x mais falha)
1561;GIOVÂNIA C R O SILVA;;endereco;Rua Joaquim dos Santos, 740, Caxambu - MG, 37440-000, Brasil;Rua Joaquim dos Santos 740 Caxambu MG 37440000 Brazil;Caxambu;MG;37440000;-21.97239;-44.94025;-21.97239;-44.94025;;MEDIO;CEP generico de cidade, nao de rua (2,4x mais falha)
1562;MILLE GÁS;;endereco;Minas Digital, Avenida Governador Magalhães Pinto, 388, Caxambu - MG, 37440-000, Brasil;Avenida Governador Magalhaes Pinto 388 Caxambu MG 37440000 Brazil;Caxambu;MG;37440000;-21.97113;-44.93053;-21.97113;-44.93053;;MEDIO;CEP generico de cidade, nao de rua (2,4x mais falha)
1563;UAI GÁS CAXAMBU;;endereco;Lundi Sistemas, Avenida Governador Magalhães Pinto, 308, Caxambu - MG, 37440-000, Brasil;Avenida Governador Magalhaes Pinto 308 Caxambu MG 37440000 Brazil;Caxambu;MG;37440000;-21.97174;-44.93103;-21.97174;-44.93103;;MEDIO;CEP generico de cidade, nao de rua (2,4x mais falha)
1564;FERFAGÁS - REPRESENTANTE SUPERGASBRÁS;;endereco;Rua Itapecerica, 167, Cláudio - MG, 35530-000, Brasil;Rua Itapecerica 167 Claudio MG 35530000 Brazil;Cláudio;MG;35530000;-20.44112;-44.76519;-20.44112;-44.76519;;MEDIO;CEP generico de cidade, nao de rua (2,4x mais falha)
1565;MARCELO GAS E AGUA MINERAL;;endereco;Rua José Gregório Sobrinho, 236, Cláudio - MG, 35530-000, Brasil;Rua Jose Gregorio Sobrinho 236 Claudio MG 35530000 Brazil;Cláudio;MG;35530000;-20.43765;-44.78563;-20.43765;-44.78563;;MEDIO;CEP generico de cidade, nao de rua (2,4x mais falha)
1566;NANDO GÁS;;endereco;Rua Professor Sebastião Moreira, 265, Cláudio - MG, 35530-000, Brasil;Rua Professor Sebastiao Moreira 265 Claudio MG 35530000 Brazil;Cláudio;MG;35530000;-20.44276;-44.7744;-20.44276;-44.7744;;MEDIO;CEP generico de cidade, nao de rua (2,4x mais falha)
1567;RV GÁS LTDA - CHIQUINHO DO GÁS;;endereco;Rua Piauí, 106, Cláudio - MG, 35530-000, Brasil;Rua Piaui 106 Claudio MG 35530000 Brazil;Cláudio;MG;35530000;-20.44601;-44.76436;-20.44601;-44.76436;;MEDIO;CEP generico de cidade, nao de rua (2,4x mais falha)
1568;DISTRIBUIDORA DE GÁS CASTELAR;;endereco;Rua Levi Costa, 642, Conceição do Mato Dentro - MG, 35860-000, Brasil;Rua Levi Costa 642 Conceicao do Mato Dentro MG 35860000 Brazil;Conceição do Mato Dentro;MG;35860000;-19.03179;-43.42593;-19.03179;-43.42593;;MEDIO;CEP generico de cidade, nao de rua (2,4x mais falha)
1569;JOAQUIM DO GÁS;;endereco;Rua Geraldo Amorim, 392A, Conceição do Mato Dentro - MG, 35858-000, Brasil;Rua Geraldo Amorim 392A Conceicao do Mato Dentro MG 35860000 Brazil;Conceição do Mato Dentro;MG;35860000;-19.02747;-43.44456;-19.02747;-43.44456;;MEDIO;CEP generico de cidade, nao de rua (2,4x mais falha)
1570;CONGÁS CONGONHAS;;endereco;Rua Benedito Quintino, 409, Congonhas - MG, 36412-028, Brasil;Rua Benedito Quintino 409 Congonhas MG 36410054 Brazil;Congonhas;MG;36410054;-20.50454;-43.85609;-20.50454;-43.85609;;;
1571;DISTRIBUIDORA DE GÁS;;endereco;Rua Ceará, 20, Congonhas - MG, 36414-044, Brasil;Rua Ceara 20 Congonhas MG 30000000 Brazil;Congonhas;MG;30000000;-20.50739;-43.85425;-20.50739;-43.85425;;MEDIO;CEP generico de cidade, nao de rua (2,4x mais falha)
1572;GAS DO DIVINO;;endereco;Avenida Júlia Kubitschek, 1786A, Congonhas - MG, 36410-084, Brasil;Avenida Julia Kubitschek 1786A Congonhas MG 36415000 Brazil;Congonhas;MG;36415000;-20.51168;-43.84477;-20.51168;-43.84477;;MEDIO;CEP generico de cidade, nao de rua (2,4x mais falha)
1573;NATAL GÁS;;endereco;Igreja Presbiteriana Em Congonhas, Rua Santo Antônio, 149, Congonhas - MG, 36416-166, Brasil;Rua Santo Antonio 149 Congonhas MG 36415000 Brazil;Congonhas;MG;36415000;-20.49773;-43.86011;-20.49773;-43.86011;;MEDIO;CEP generico de cidade, nao de rua (2,4x mais falha)
1574;PATRÍCIO GÁS E ÁGUA MINERAL;;endereco;Avenida Júlia Kubitschek, 9, Congonhas - MG, 36410-084, Brasil;Avenida Julia Kubitschek 9 Congonhas MG 36410084 Brazil;Congonhas;MG;36410084;-20.5093;-43.84711;-20.5093;-43.84711;;;
1575;ZÉ NILDO GÁS;;endereco;Sara Jacupiranga, Rua Talco, 10, Congonhas - MG, 36415-000, Brasil;Rua Talco 10 Congonhas MG 36412150 Brazil;Congonhas;MG;36412150;-20.51769;-43.83207;-20.51769;-43.83207;;;
1576;CHAMA AZUL GÁS LAFAIETE;;endereco;Avenida Dom Pedro II, 86, Conselheiro Lafaiete - MG, 36406-063, Brasil;Avenida Dom Pedro II 86 Conselheiro Lafaiete MG 36400000 Brazil;Conselheiro Lafaiete;MG;36400000;-20.66355;-43.79792;-20.66355;-43.79792;;MEDIO;CEP generico de cidade, nao de rua (2,4x mais falha)
1577;CONGÁS LAFAIETE;;endereco;Avenida Prefeito Pedro Silva, 187, Conselheiro Lafaiete - MG, 36404-026, Brasil;Avenida Prefeito Pedro Silva 187 Conselheiro Lafaiete MG 36404026 Brazil;Conselheiro Lafaiete;MG;36404026;-20.66789;-43.78097;-20.66789;-43.78097;;;
1578;COPAGAZ;;endereco;Rua Alfredo Zebral, 90, Conselheiro Lafaiete - MG, 36404-097, Brasil;Rua Alfredo Zebral 90 Conselheiro Lafaiete MG 36400000 Brazil;Conselheiro Lafaiete;MG;36400000;-20.67756;-43.78168;-20.67756;-43.78168;;MEDIO;CEP generico de cidade, nao de rua (2,4x mais falha)
1579;DISTRIBUIDORA DE GÁS CIDA GÁS;;endereco;Rua Engenheiro Nelson Teixeira, 174, Conselheiro Lafaiete - MG, 36407-117, Brasil;Rua Engenheiro Nelson Teixeira 174 Conselheiro Lafaiete MG 36400000 Brazil;Conselheiro Lafaiete;MG;36400000;-20.66449;-43.80442;-20.66449;-43.80442;;MEDIO;CEP generico de cidade, nao de rua (2,4x mais falha)
1580;FYREGAZ;;endereco;Rua Celso Raciopi, 60, Conselheiro Lafaiete - MG, 36405-047, Brasil;Rua Celso Raciopi 60 Conselheiro Lafaiete MG 36400000 Brazil;Conselheiro Lafaiete;MG;36400000;-20.66628;-43.79096;-20.66628;-43.79096;;MEDIO;CEP generico de cidade, nao de rua (2,4x mais falha)
1581;PENHA GÁS E ÁGUA - GÁS EM CONSELHEIRO LAFAIETE;;endereco;Rua Alexandrina de Queiroz, 1041, Conselheiro Lafaiete - MG, 36404-127, Brasil;Rua Alexandrina de Queiroz 1041 Conselheiro Lafaiete MG 36400000 Brazil;Conselheiro Lafaiete;MG;36400000;-20.68099;-43.77657;-20.68099;-43.77657;;MEDIO;CEP generico de cidade, nao de rua (2,4x mais falha)
1582;RONALDO GÁS;;endereco;Rua Antônio Aureliano de Rezende, 1060, Conselheiro Lafaiete - MG, 36408-375, Brasil;Rua Antonio Aureliano de Rezende 1060 Conselheiro Lafaiete MG 36400000 Brazil;Conselheiro Lafaiete;MG;36400000;-20.6495;-43.79652;-20.6495;-43.79652;;MEDIO;CEP generico de cidade, nao de rua (2,4x mais falha)
1583;AFONSO GÁS;;endereco;Rua Sinval Alves da Cunha, 648, Jardim dos Bandeirantes, Contagem - MG, 32223-140, Brasil;Rua Sinval Alves da Cunha 648 Contagem MG 32371330 Brazil;Contagem;MG;32371330;-19.92635;-44.0327;-19.92635;-44.0327;Jardim dos Bandeirantes;;
1584;BYE GAS LTDA;;endereco;Avenida Francisco Firmo de Matos, 2680, Parque Riacho das Pedras 1a. Seção, Contagem - MG, 32280-270, Brasil;Avenida Francisco Firmo de Matos 2680 Contagem MG 32280270 Brazil;Contagem;MG;32280270;-19.94738;-44.05197;-19.94738;-44.05197;Parque Riacho das Pedras 1a. Seção;;
1585;Canal Comércio de Gás;;endereco;Avenida Francisco Firmo de Matos, 289, Santa Cruz Industrial, Contagem - MG, 32280-270, Brasil;Avenida Francisco Firmo de Matos 289 Contagem MG 32015540 Brazil;Contagem;MG;32015540;-19.94547;-44.04827;-19.94547;-44.04827;Santa Cruz Industrial;;
1586;Carlos Gás;;endereco;Rua Luciana Carvalho Pereira, 19, Senhora da Conceição, Contagem - MG, 32041-080, Brasil;Rua Luciana Carvalho Pereira 19 Contagem MG 32183460 Brazil;Contagem;MG;32183460;-19.85723;-44.03772;-19.85723;-44.03772;Senhora da Conceição;;
1587;Coelho Gás;;endereco;Rua Rio Orenoco, 181, Parque Riacho das Pedras 1a. Seção, Contagem - MG, 32280-420, Brasil;Rua Rio Orenoco 181 Contagem MG 32280420 Brazil;Contagem;MG;32280420;-19.94979;-44.05726;-19.94979;-44.05726;Parque Riacho das Pedras 1a. Seção;;
1588;Comercial de Gás Londres Ltda;;endereco;Avenida Londres, 500, Novo Eldorado, Contagem - MG, 32040-275, Brasil;Avenida Londres 500 Contagem MG 32340570 Brazil;Contagem;MG;32340570;-19.94014;-44.05645;-19.94014;-44.05645;Novo Eldorado;;
1589;CONTAGEM GÁS E ÁGUA;;endereco;Avenida José Faria da Rocha, 3831, Cidade Jardim Eldorado, Contagem - MG, 32050-450, Brasil;Avenida Jose Faria da Rocha 3831 Contagem MG 32315040 Brazil;Contagem;MG;32315040;-19.93786;-44.03897;-19.93786;-44.03897;Cidade Jardim Eldorado;;
1590;Damasceno Gás;;endereco;Avenida Um, 301, Oitis, Contagem - MG, 32141-055, Brasil;Avenida Um 301 Contagem MG 32141055 Brazil;Contagem;MG;32141055;-19.90531;-44.03746;-19.90531;-44.03746;Oitis;;
1591;DC Depósito de Gás - Ultragaz Água Branca;;endereco;Rua Joaquim Camargos, 377, Contagem - MG, 32042-370, Brasil;Rua Joaquim Camargos 377 Contagem MG 32371030 Brazil;Contagem;MG;32371030;-19.93317;-44.03511;-19.93317;-44.03511;;;
1592;Depósito de Gás Upatiba;;endereco;Rua Upatiba, 36, Novo Eldorado, Contagem - MG, 32341-190, Brasil;Rua Upatiba 36 Contagem MG 32341190 Brazil;Contagem;MG;32341190;-19.92953;-44.0484;-19.92953;-44.0484;Novo Eldorado;;
1593;DISK GÁS;;endereco;Rua Rio Jaguaribe, 136, Parque Riacho das Pedras 2a. Seção, Contagem - MG, 32015-150, Brasil;Rua Rio Jaguaribe 136 Contagem MG 32260470 Brazil;Contagem;MG;32260470;-19.96072;-44.05018;-19.96072;-44.05018;Parque Riacho das Pedras 2a. Seção;;
1594;DISTRIBUIDORA DE GÁS;;endereco;Rua Dom Manoel Coelho Nunes, 139, Industrial 3a. Seção, Contagem - MG, 32230-060, Brasil;Rua Dom Manoel Coelho Nunes 139 Contagem MG 32230060 Brazil;Contagem;MG;32230060;-19.96866;-44.03181;-19.96866;-44.03181;Industrial 3a. Seção;;
1595;Distribuidora SuperGás;;endereco;Rua Flamboyant, 296A, Colonial, Contagem - MG, 32044-150, Brasil;Rua Flamboyant 296A Contagem MG 32044190 Brazil;Contagem;MG;32044190;-19.89838;-44.0953;-19.89838;-44.0953;Colonial;;
1596;Flecha Gás/João Gás;;endereco;Rua Vinte e Oito, 74, Morada Nova 1a. Seção, Contagem - MG, 32223-420, Brasil;Rua Vinte e Oito 74 Contagem MG 32143690 Brazil;Contagem;MG;32143690;-19.91723;-44.03648;-19.91723;-44.03648;Morada Nova 1a. Seção;;
1597;Frade Gás;;endereco;Rua Vichy, 31, Santa Cruz Industrial, Contagem - MG, 32340-400, Brasil;Rua Vichy 31 Contagem MG 32340430 Brazil;Contagem;MG;32340430;-19.94466;-44.05647;-19.94466;-44.05647;Santa Cruz Industrial;;
1598;Garoto Gás Contagem;;endereco;Avenida José Luiz da Cunha, 780, Alvorada, Contagem - MG, 32042-080, Brasil;Avenida Jose Luiz da Cunha 780 Contagem MG 32042080 Brazil;Contagem;MG;32042080;-19.90072;-44.07812;-19.90072;-44.07812;Alvorada;;
1599;GAS FONTE GRANDE;;endereco;Rua Janaúba, 182, Fonte Grande 4a. Seção, Contagem - MG, 32015-280, Brasil;Rua Janauba 182 Contagem MG 32013315 Brazil;Contagem;MG;32013315;-19.9285;-44.08686;-19.9285;-44.08686;Fonte Grande 4a. Seção;;
1600;GÁS DE COZINHA;;endereco;Avenida Pio XII, 1082, Água Branca, Contagem - MG, 32371-160, Brasil;Avenida Pio XII 1082 Contagem MG 32371160 Brazil;Contagem;MG;32371160;-19.92697;-44.03153;-19.92697;-44.03153;Água Branca;;
1601;Gás de Cozinha BH Contagem | Rener Gás;;endereco;Rua Rio das Velhas, 503, Parque Riacho das Pedras 2a. Seção, Contagem - MG, 32280-370, Brasil;Rua Rio das Velhas 503 Contagem MG 32280370 Brazil;Contagem;MG;32280370;-19.95208;-44.05615;-19.95208;-44.05615;Parque Riacho das Pedras 2a. Seção;;
1602;Gás de Cozinha | Água Mineral 20 Litros | Entrega em Contagem e Região | Garotão Distribuidora de Gás LTDA | Ultragaz;;endereco;Rua Passos, 612, Santa Helena, Contagem - MG, 32040-220, Brasil;Rua Passos 612 Contagem MG 32015282 Brazil;Contagem;MG;32015282;-19.92328;-44.10028;-19.92328;-44.10028;Santa Helena;;
1603;JR Gás e Água Mineral;;endereco;Rua Francisca Felisberta de Carvalho, 124, Da Glória, Contagem - MG, 32340-050, Brasil;Rua Francisca Felisberta de Carvalho 124 Contagem MG 32340050 Brazil;Contagem;MG;32340050;-19.93558;-44.0476;-19.93558;-44.0476;Da Glória;;
1604;Leno Gás;;endereco;Márcia Modas, Rua Santa Maria, 821, Pedra Azul 2a. Seção, Contagem - MG, 32183-180, Brasil;Rua Santa Maria 821 Contagem MG 32183180 Brazil;Contagem;MG;32183180;-19.85839;-44.03845;-19.85839;-44.03845;Pedra Azul 2a. Seção;;
1605;LICO GÁS;;endereco;Rua Joaquim José Diniz, 93A, Funcionários, Contagem - MG, 32056-080, Brasil;Rua Joaquim Jose Diniz 93A Contagem MG 32040490 Brazil;Contagem;MG;32040490;-19.9161;-44.07361;-19.9161;-44.07361;Funcionários;;
1606;Ligeirinho Gás;;endereco;Rua Samura, 445, Novo Eldorado, Contagem - MG, 32341-300, Brasil;Rua Samura 445 Contagem MG 32341300 Brazil;Contagem;MG;32341300;-19.93408;-44.05693;-19.93408;-44.05693;Novo Eldorado;;
1607;Liquigás;;endereco;Avenida José Faria da Rocha, 3772, Cidade Jardim Eldorado, Contagem - MG, 32050-450, Brasil;Avenida Jose Faria da Rocha 3772 Contagem MG 32315040 Brazil;Contagem;MG;32315040;-19.9382;-44.0396;-19.9382;-44.0396;Cidade Jardim Eldorado;;
1608;MM Gás;;endereco;Rua Aiuruoca, 149, Riacho das Pedras, Contagem - MG, 32280-570, Brasil;Rua Aiuruoca 149 Contagem MG 32280570 Brazil;Contagem;MG;32280570;-19.95068;-44.06539;-19.95068;-44.06539;Riacho das Pedras;;
1609;MOREIRA E SOUSA GÁS;;endereco;Rua Coronel Antônio de Cássia, 181, Industrial Santa Rita, Contagem - MG, 32071-181, Brasil;Rua Coronel Antonio de Cassia 181 Contagem MG 32230050 Brazil;Contagem;MG;32230050;-19.97366;-44.04337;-19.97366;-44.04337;Industrial Santa Rita;;
1610;Nacional Gás;;endereco;Rua Rio Sacramento, 1130, Riacho das Pedras, Contagem - MG, 32280-470, Brasil;Rua Rio Sacramento 1130 Contagem MG 32280470 Brazil;Contagem;MG;32280470;-19.94234;-44.05981;-19.94234;-44.05981;Riacho das Pedras;;
1611;NILTINGAS NACIONAL GAS;;endereco;Avenida Pio XII, 1082, Água Branca, Contagem - MG, 32371-160, Brasil;Avenida Pio XII 1082 Contagem MG 32371160 Brazil;Contagem;MG;32371160;-19.92697;-44.03153;-19.92697;-44.03153;Água Branca;;
1612;NOVO ELDORADO GÁS;;endereco;Avenida dos Potiguaras, 942, Novo Eldorado, Contagem - MG, 32341-020, Brasil;Avenida dos Potiguaras 942 Contagem MG 32341020 Brazil;Contagem;MG;32341020;-19.92883;-44.04906;-19.92883;-44.04906;Novo Eldorado;;
1613;Paineiras Gás e Água Eldorado;;endereco;Rua das Paineiras, 2099, Cidade Jardim Eldorado, Contagem - MG, 32310-400, Brasil;Rua das Paineiras 2099 Contagem MG 32310400 Brazil;Contagem;MG;32310400;-19.93841;-44.03794;-19.93841;-44.03794;Cidade Jardim Eldorado;;
1614;PANDA GÁS (ULTRAGAZ);;endereco;Rua Mopajé, 541, Novo Eldorado, Contagem - MG, 32341-200, Brasil;Rua Mopaje 541 Contagem MG 32341200 Brazil;Contagem;MG;32341200;-19.9323;-44.05186;-19.9323;-44.05186;Novo Eldorado;;
1615;Portaria Liquigás;;endereco;Avenida Francisco Firmo de Matos, 1885, Parque Riacho das Pedras 1a. Seção, Contagem - MG, 32280-270, Brasil;Avenida Francisco Firmo de Matos 1885 Contagem MG 32280270 Brazil;Contagem;MG;32280270;-19.94735;-44.05191;-19.94735;-44.05191;Parque Riacho das Pedras 1a. Seção;;
1616;QUICKLY GAS AND WATER;;endereco;Rua Padre José Maria de Man, 1575, Riacho das Pedras, Contagem - MG, 32240-180, Brasil;Rua Padre Jose Maria de Man 1575 Contagem MG 32285080 Brazil;Contagem;MG;32285080;-19.94808;-44.0704;-19.94808;-44.0704;Riacho das Pedras;;
1617;Rapidinho Gas e Água - Contagem III;;endereco;Infornet, Avenida João César de Oliveira, 6647, Contagem - MG, 32051-063, Brasil;Avenida Joao Cesar de Oliveira 6647 Contagem MG 32041590 Brazil;Contagem;MG;32041590;-19.91895;-44.07692;-19.91895;-44.07692;;;
1618;Rapidinho Gás e Água | Gas Contagem | Gas Eldorado | Gas de Cozinha;;endereco;Rua Augusta Ribeiro, Contagem - MG, 32310-470, Brasil;Rua Augusta Ribeiro Contagem MG 32310470 Brazil;Contagem;MG;32310470;-19.93478;-44.03957;-19.93478;-44.03957;;ALTO;sem numero de porta
1619;Rei do Gás;;endereco;Rua Refinaria Duque de Caxias, 1033, Petrolândia 1a. Seção, Contagem - MG, 32342-325, Brasil;Rua Refinaria Duque de Caxias 1033 Contagem MG 32072290 Brazil;Contagem;MG;32072290;-19.92822;-44.12074;-19.92822;-44.12074;Petrolândia 1a. Seção;;
1620;Rei do Gás;;endereco;Rua Joaíma, 19, Pedra Azul 2a. Seção, Contagem - MG, 32183-200, Brasil;Rua Joaima 19 Contagem MG 32183200 Brazil;Contagem;MG;32183200;-19.85879;-44.03938;-19.85879;-44.03938;Pedra Azul 2a. Seção;;
1621;Rener Gás - Depósito de Gás Contagem;;endereco;Avenida Francisco Firmo de Matos, 2680, Parque Riacho das Pedras 1a. Seção, Contagem - MG, 32280-270, Brasil;Avenida Francisco Firmo de Matos 2680 Contagem MG 32280440 Brazil;Contagem;MG;32280440;-19.94738;-44.05197;-19.94738;-44.05197;Parque Riacho das Pedras 1a. Seção;;
1622;Rápido Gás;;endereco;Rua das Indústrias, 821, Novo Eldorado, Contagem - MG, 32044-595, Brasil;Rua das Industrias 821 Contagem MG 32341490 Brazil;Contagem;MG;32341490;-19.93384;-44.05804;-19.93384;-44.05804;Novo Eldorado;;
1623;SJ Gás;;endereco;Rua das Candeias, 324, Cidade Jardim Eldorado, Contagem - MG, 32315-340, Brasil;Rua das Candeias 324 Contagem MG 32315340 Brazil;Contagem;MG;32315340;-19.94941;-44.03965;-19.94941;-44.03965;Cidade Jardim Eldorado;;
1624;Telegas;;endereco;Rua Rita Camargos, 64, Bom Jesus, Contagem - MG, 32042-240, Brasil;Rua Rita Camargos 64 Contagem MG 32185420 Brazil;Contagem;MG;32185420;-19.83884;-44.03401;-19.83884;-44.03401;Bom Jesus;;
1625;Telegás Juninho Gás II Contagem;;endereco;Rua Pará de Minas, 569, Vila Santa Edwiges, Contagem - MG, 32040-270, Brasil;Rua Para de Minas 569 Contagem MG 32040270 Brazil;Contagem;MG;32040270;-19.92327;-44.0672;-19.92327;-44.0672;Vila Santa Edwiges;;
1626;Wf comércio varejista de gás ltda;;endereco;Rua Barão do Rio Branco, 635, Nacional 1a. Seção, Contagem - MG, 32185-070, Brasil;Rua Barao do Rio Branco 635 Contagem MG 32185070 Brazil;Contagem;MG;32185070;-19.85205;-44.0258;-19.85205;-44.0258;Nacional 1a. Seção;;
1627;CLUBE DO GÁS CORINTO;;endereco;Rua João Viana Frois, 162, Corinto - MG, 39200-000, Brasil;Rua Joao Viana Frois 162 Corinto MG 39200000 Brazil;Corinto;MG;39200000;-18.37253;-44.4568;-18.37253;-44.4568;;MEDIO;CEP generico de cidade, nao de rua (2,4x mais falha)
1628;LARA GÁS E ÁGUA MINERAL;;endereco;Rua Hermogenia Paiva, 595, Corinto - MG, 39200-000, Brasil;Rua Hermogenia Paiva 595 Corinto MG 39200000 Brazil;Corinto;MG;39200000;-18.37117;-44.45741;-18.37117;-44.45741;;MEDIO;CEP generico de cidade, nao de rua (2,4x mais falha)
1629;CODEL GÁS LTDA;;endereco;Avenida Celestino Dayrell, 1377, Coromandel - MG, 38550-000, Brasil;Avenida Celestino Dayrell 1377 Coromandel MG 38550000 Brazil;Coromandel;MG;38550000;-18.47385;-47.21628;-18.47385;-47.21628;;MEDIO;CEP generico de cidade, nao de rua (2,4x mais falha)
1630;LIGA GÁS;;endereco;Avenida José Carneiro de Mendonça, 686, Coromandel - MG, 38550-000, Brasil;Avenida Jose Carneiro de Mendonca 686 Coromandel MG 38550000 Brazil;Coromandel;MG;38550000;-18.48597;-47.19884;-18.48597;-47.19884;;MEDIO;CEP generico de cidade, nao de rua (2,4x mais falha)
1631;GÁS MINAS;;endereco;Rua Poços de Caldas, 60, Coronel Fabriciano - MG, 35170-137, Brasil;Rua Pocos de Caldas 60 Coronel Fabriciano MG 35170137 Brazil;Coronel Fabriciano;MG;35170137;-19.50364;-42.63126;-19.50364;-42.63126;;;
1632;GÁS SUPER E ÁGUA MINERAL;;endereco;Rua Vale do Amazonas, 349, Coronel Fabriciano - MG, 35171-204, Brasil;Rua Vale do Amazonas 349 Coronel Fabriciano MG 35171204 Brazil;Coronel Fabriciano;MG;35171204;-19.51387;-42.60818;-19.51387;-42.60818;;;
1633;NACIONAL GÁS - TELE GÁS DO GILVAN;;endereco;Rua Espírito Santo, 815, Coronel Fabriciano - MG, 35171-345, Brasil;Rua Espirito Santo 815 Coronel Fabriciano MG 35171345 Brazil;Coronel Fabriciano;MG;35171345;-19.52323;-42.57954;-19.52323;-42.57954;;;
1634;SUPERGÁS - JK;;endereco;Rua Cananéia, 133, Coronel Fabriciano - MG, 35171-382, Brasil;Rua Cananeia 133 Coronel Fabriciano MG 35171382 Brazil;Coronel Fabriciano;MG;35171382;-19.50881;-42.62664;-19.50881;-42.62664;;;
1635;TELEGÁS DO FOGUINHO;;endereco;Rua Piauí, 44, Coronel Fabriciano - MG, 35171-170, Brasil;Rua Piaui 44 Coronel Fabriciano MG 35171170 Brazil;Coronel Fabriciano;MG;35171170;-19.51719;-42.61318;-19.51719;-42.61318;;;
1636;XAMA GÁS;;endereco;Avenida Doutor José de Magalhães Pinto, Coronel Fabriciano - MG, 35170-097, Brasil;Avenida Doutor Jose de Magalhaes Pinto Coronel Fabriciano MG 35171017 Brazil;Coronel Fabriciano;MG;35171017;-19.49692;-42.63319;-19.49692;-42.63319;;ALTO;sem numero de porta
1637;CHAMAS GÁS SUPERGASBRAS;;endereco;Rua Braz, 92, Curvelo - MG, 35790-000, Brasil;Rua Braz 92 Curvelo MG 35796507 Brazil;Curvelo;MG;35796507;-18.77802;-44.44329;-18.77802;-44.44329;;;
1638;DISTRIBUIDORA DO VALE;;endereco;Rua Napolina, 46, Curvelo - MG, 35790-000, Brasil;Rua Napolina 46 Curvelo MG 35792402 Brazil;Curvelo;MG;35792402;-18.74308;-44.4093;-18.74308;-44.4093;;;
1639;GÁS MINAS;;endereco;Avenida Deputado Renato Azeredo, 854, Curvelo - MG, 35790-000, Brasil;Avenida Deputado Renato Azeredo 854 Curvelo MG 35790000 Brazil;Curvelo;MG;35790000;-18.77174;-44.43812;-18.77174;-44.43812;;MEDIO;CEP generico de cidade, nao de rua (2,4x mais falha)
1640;DANIEL GÁS E ÁGUA MINERAL;;endereco;Rua Barão de Mauá, 45, Diamantina - MG, 39100-000, Brasil;Rua Barao de Maua 45 Diamantina MG 39100000 Brazil;Diamantina;MG;39100000;-18.2305;-43.61028;-18.2305;-43.61028;;MEDIO;CEP generico de cidade, nao de rua (2,4x mais falha)
1641;GEOGÁS DISTRIBUIDORA DE ÁGUA E GÁS;;endereco;Rua Lagoa, 131, Diamantina - MG, 39100-000, Brasil;Rua Lagoa 131 Diamantina MG 39100000 Brazil;Diamantina;MG;39100000;-18.23811;-43.62553;-18.23811;-43.62553;;MEDIO;CEP generico de cidade, nao de rua (2,4x mais falha)
1642;GÁS FORTE E ÁGUA MINERAL LTDA;;endereco;Rua Água Marinha, 76, Diamantina - MG, 39100-000, Brasil;Rua Agua Marinha 76 Diamantina MG 39100000 Brazil;Diamantina;MG;39100000;-18.2424;-43.62244;-18.2424;-43.62244;;MEDIO;CEP generico de cidade, nao de rua (2,4x mais falha)
1643;GÁS SANTA RITA;;endereco;Avenida Doutor Sílvio Felício dos Santos, 1146, Diamantina - MG, 39100-000, Brasil;Avenida Doutor Silvio Felicio dos Santos 1146 Diamantina MG 39100000 Brazil;Diamantina;MG;39100000;-18.24011;-43.6105;-18.24011;-43.6105;;MEDIO;CEP generico de cidade, nao de rua (2,4x mais falha)
1644;AMA GÁS - COPAGAZ;;endereco;Avenida Paraná, 400, Divinópolis - MG, 35500-031, Brasil;Avenida Parana 400 Divinopolis MG 35501170 Brazil;Divinópolis;MG;35501170;-20.14404;-44.89928;-20.14404;-44.89928;;;
1645;Chumbinho Gás;;endereco;Rua Progresso, 201, Divinópolis - MG, 35502-185, Brasil;Rua Progresso 201 Divinopolis MG 35502177 Brazil;Divinópolis;MG;35502177;-20.11243;-44.91273;-20.11243;-44.91273;;;
1646;DIVINAL GÁS;;endereco;Rua Afonsina, 67, Divinópolis - MG, 35501-217, Brasil;Rua Afonsina 67 Divinopolis MG 35501217 Brazil;Divinópolis;MG;35501217;-20.15238;-44.89832;-20.15238;-44.89832;;;
1647;DIVINO GÁS E ÁGUA MINERAL;;endereco;Rua Santa Catarina, 511, Divinópolis - MG, 35502-033, Brasil;Rua Santa Catarina 511 Divinopolis MG 35502033 Brazil;Divinópolis;MG;35502033;-20.14159;-44.90139;-20.14159;-44.90139;;;
1648;Divinogás;;endereco;Rua Ilicínia, 316, Divinópolis - MG, 35500-186, Brasil;Rua Ilicinia 316 Divinopolis MG 35500186 Brazil;Divinópolis;MG;35500186;-20.11949;-44.88483;-20.11949;-44.88483;;;
1649;Ferreira Gás;;endereco;Rua Sílvio de Carvalho Pereira, 380, Divinópolis - MG, 35503-101, Brasil;Rua Silvio de Carvalho Pereira 380 Divinopolis MG 35503101 Brazil;Divinópolis;MG;35503101;-20.13391;-44.87666;-20.13391;-44.87666;;;
1650;GAS DA CONTORNO;;endereco;Rua Sergipe, 987, Divinópolis - MG, 35500-012, Brasil;Rua Sergipe 987 Divinopolis MG 35501171 Brazil;Divinópolis;MG;35501171;-20.14833;-44.89033;-20.14833;-44.89033;;;
1651;Gigas revendedora;;endereco;Avenida Vinte e Um de Abril, 156, Divinópolis - MG, 35500-010, Brasil;Avenida Vinte e Um de Abril 156 Divinopolis MG 35500010 Brazil;Divinópolis;MG;35500010;-20.14844;-44.89211;-20.14844;-44.89211;;;
1652;Gás - EJ Distribuidora de Gás;;endereco;Rua Guaporé, 500, Divinópolis - MG, 35502-034, Brasil;Rua Guapore 500 Divinopolis MG 35502034 Brazil;Divinópolis;MG;35502034;-20.14252;-44.90225;-20.14252;-44.90225;;;
1653;GÁS CAMPINA VERDE;;endereco;Avenida dos Tubarões, 701, Divinópolis - MG, 35501-461, Brasil;Avenida dos Tubaroes 701 Divinopolis MG 35501469 Brazil;Divinópolis;MG;35501469;-20.14973;-44.92737;-20.14973;-44.92737;;;
1654;Gás do Alaor;;endereco;Rua Gustavo Corsão, 601, Divinópolis - MG, 35501-261, Brasil;Rua Gustavo Corsao 601 Divinopolis MG 35501261 Brazil;Divinópolis;MG;35501261;-20.16047;-44.91112;-20.16047;-44.91112;;;
1655;GÁS INTERLAGOS;;endereco;Rua João Dias, 532, Divinópolis - MG, 35500-470, Brasil;Rua Joao Dias 532 Divinopolis MG 35500456 Brazil;Divinópolis;MG;35500456;-20.15742;-44.87276;-20.15742;-44.87276;;;
1656;GÁS LÍDER;;endereco;Rua Pedro Guerra, 240, Divinópolis - MG, 35500-197, Brasil;Rua Pedro Guerra 240 Divinopolis MG 35500191 Brazil;Divinópolis;MG;35500191;-20.12536;-44.88729;-20.12536;-44.88729;;;
1657;GÁS MINAS BRASIL;;endereco;Avenida Autorama, 151, Divinópolis - MG, 35501-221, Brasil;Avenida Autorama 151 Divinopolis MG 35501221 Brazil;Divinópolis;MG;35501221;-20.14833;-44.90301;-20.14833;-44.90301;;;
1658;Gás Minas Brasil | Gás P13, P20 e P45 em Divinópolis;;endereco;Rua São Sebastião, 43, Divinópolis - MG, 35500-085, Brasil;Rua Sao Sebastiao 43 Divinopolis MG 35500080 Brazil;Divinópolis;MG;35500080;-20.1353;-44.88617;-20.1353;-44.88617;;;
1659;Gás Planalto;;endereco;Planalto Vídeo e Serviços Digitais, Rua Nossa Senhora Aparecida, 1205, Divinópolis - MG, 35501-173, Brasil;Rua Nossa Senhora Aparecida 1205 Divinopolis MG 35501195 Brazil;Divinópolis;MG;35501195;-20.14769;-44.90859;-20.14769;-44.90859;;;
1660;Gás Porto Velho - Cláudio;;endereco;Rua Joaquim Nabuco, 566, Divinópolis - MG, 35500-431, Brasil;Rua Joaquim Nabuco 566 Divinopolis MG 35500431 Brazil;Divinópolis;MG;35500431;-20.14909;-44.88302;-20.14909;-44.88302;;;
1661;GÁS SUPERMINAS - SUPERGASBRAS / DIVINÓPOLIS;;endereco;Avenida Paraná, 1595, Divinópolis - MG, 35501-170, Brasil;Avenida Parana 1595 Divinopolis MG 35501169 Brazil;Divinópolis;MG;35501169;-20.16221;-44.90605;-20.16221;-44.90605;;;
1662;Gás Unidiv;;endereco;Rua Antônio Cezário Azevedo, 769, Divinópolis - MG, 35500-165, Brasil;Rua Antonio Cezario Azevedo 769 Divinopolis MG 35500186 Brazil;Divinópolis;MG;35500186;-20.11931;-44.88494;-20.11931;-44.88494;;;
1663;ICARAI GAS;;endereco;Rua Rosana Noronha Guarany, 331, Divinópolis - MG, 35502-247, Brasil;Rua Rosana Noronha Guarany 331 Divinopolis MG 35502225 Brazil;Divinópolis;MG;35502225;-20.11485;-44.84966;-20.11485;-44.84966;;;
1664;Inter Gás Divinópolis;;endereco;Avenida Dolores Rabelo de Aguiar, 391, Divinópolis - MG, 35500-491, Brasil;Avenida Dolores Rabelo de Aguiar 391 Divinopolis MG 35500491 Brazil;Divinópolis;MG;35500491;-20.15736;-44.875;-20.15736;-44.875;;;
1665;KAIRO GAS;;endereco;Rua São Sebastião, 43, Divinópolis - MG, 35500-085, Brasil;Rua Sao Sebastiao 43 Divinopolis MG 35500080 Brazil;Divinópolis;MG;35500080;-20.1353;-44.88617;-20.1353;-44.88617;;;
1666;Leve Gás;;endereco;Rua Jael Brandão, 73, Divinópolis - MG, 35501-028, Brasil;Rua Jael Brandao 73 Divinopolis MG 35501031 Brazil;Divinópolis;MG;35501031;-20.15346;-44.89171;-20.15346;-44.89171;;;
1667;Lucas Gás;;endereco;Rua Santa Clara, 480, Divinópolis - MG, 35502-859, Brasil;Rua Santa Clara 480 Divinopolis MG 35502851 Brazil;Divinópolis;MG;35502851;-20.17173;-44.84804;-20.17173;-44.84804;;;
1668;Top Gás, Água Mineral e Lenha Divinópolis;;endereco;Rua Célia Regina Lamounier, 51, Divinópolis - MG, 35503-640, Brasil;Rua Celia Regina Lamounier 51 Divinopolis MG 35503640 Brazil;Divinópolis;MG;35503640;-20.1107;-44.88212;-20.1107;-44.88212;;;
1669;GAS ELOI;;endereco;Avenida Dom Pedro II, 448, Elói Mendes - MG, 37110-000, Brasil;Avenida Dom Pedro II 448 Eloi Mendes MG 37110000 Brazil;Elói Mendes;MG;37110000;-21.60487;-45.56721;-21.60487;-45.56721;;MEDIO;CEP generico de cidade, nao de rua (2,4x mais falha)
1670;REI DO GÁS;;endereco;Avenida Dom Pedro II, 974, Elói Mendes - MG, 37110-000, Brasil;Avenida Dom Pedro II 974 Eloi Mendes MG 37110000 Brazil;Elói Mendes;MG;37110000;-21.60226;-45.5646;-21.60226;-45.5646;;MEDIO;CEP generico de cidade, nao de rua (2,4x mais falha)
1671;TATÁ GÁS;;endereco;Rua São José, 667, Ervália - MG, 36555-000, Brasil;Rua Sao Jose 667 Ervalia MG 36555000 Brazil;Ervália;MG;36555000;-20.8399;-42.64902;-20.8399;-42.64902;;MEDIO;CEP generico de cidade, nao de rua (2,4x mais falha)
1672;Depósito de Gás;;endereco;Avenida Ruth Brandão de Azevedo, 654, San Genaro, Ribeirão das Neves - MG, 33943-210, Brasil;Avenida Ruth Brandao de Azevedo 654 Ribeirao das Neves MG 35740000 Brazil;Ribeirão das Neves;MG;35740000;-19.75132;-44.15072;-19.75132;-44.15072;San Genaro;MEDIO;CEP generico de cidade, nao de rua (2,4x mais falha)
1673;GÁS TOTAL;;endereco;Avenida Borba Gato, 223, Esmeraldas - MG, 32802-538, Brasil;Avenida Borba Gato 223 Esmeraldas MG 35740000 Brazil;Esmeraldas;MG;35740000;-19.79819;-44.2894;-19.79819;-44.2894;;MEDIO;CEP generico de cidade, nao de rua (2,4x mais falha)
1674;MARQUINHOS GÁS E ÁGUA MINERAL;;endereco;Rua Manoel Concas, 230, Espera Feliz - MG, 36830-000, Brasil;Rua Manoel Concas 230 Espera Feliz MG 36830000 Brazil;Espera Feliz;MG;36830000;-20.64363;-41.92269;-20.64363;-41.92269;;MEDIO;CEP generico de cidade, nao de rua (2,4x mais falha)
1675;OURO GÁS;;endereco;Rua Carangola, 568, Espera Feliz - MG, 36830-000, Brasil;Rua Carangola 568 Espera Feliz MG 36830000 Brazil;Espera Feliz;MG;36830000;-20.64682;-41.91387;-20.64682;-41.91387;;MEDIO;CEP generico de cidade, nao de rua (2,4x mais falha)
1676;TESTINHA GÁS;;endereco;Rua João Carlos de Souza, 17, Espera Feliz - MG, 36830-000, Brasil;Rua Joao Carlos de Souza 17 Espera Feliz MG 36830000 Brazil;Espera Feliz;MG;36830000;-20.65335;-41.90948;-20.65335;-41.90948;;MEDIO;CEP generico de cidade, nao de rua (2,4x mais falha)
1677;CLÁUDIO GÁS;;endereco;Creche M. Dindinha Almerinda, Rua Antonina Nena Salviola, 108, Espinosa - MG, 39510-000, Brasil;Rua Antonina Nena Salviola 108 Espinosa MG 39510000 Brazil;Espinosa;MG;39510000;-14.9376;-42.81028;-14.9376;-42.81028;;MEDIO;CEP generico de cidade, nao de rua (2,4x mais falha)
1678;BOM GÁS ULTRAGAZ EXTREMA;;endereco;Avenida Delegado Waldemar Gomes Pinto, 565, Extrema - MG, 37642-210, Brasil;Avenida Delegado Waldemar Gomes Pinto 565 Extrema MG 37640000 Brazil;Extrema;MG;37640000;-22.851;-46.32985;-22.851;-46.32985;;MEDIO;CEP generico de cidade, nao de rua (2,4x mais falha)
1679;BRANDÃO DISK GÁS E ÁGUA;;endereco;Avenida Tancredo Neves, 325, Extrema - MG, 37640-000, Brasil;Avenida Tancredo Neves 325 Extrema MG 37640000 Brazil;Extrema;MG;37640000;-22.85073;-46.31976;-22.85073;-46.31976;;MEDIO;CEP generico de cidade, nao de rua (2,4x mais falha)
1680;EXTRA GAS;;endereco;Avenida Benjamim Constant, 285, Extrema - MG, 37640-000, Brasil;Avenida Benjamim Constant 285 Extrema MG 37640000 Brazil;Extrema;MG;37640000;-22.85246;-46.31774;-22.85246;-46.31774;;MEDIO;CEP generico de cidade, nao de rua (2,4x mais falha)
1681;EXTREMA GÁS E ÁGUA;;endereco;Rua Adelino Salvador Pinto, 601, Extrema - MG, 37647-270, Brasil;Rua Adelino Salvador Pinto 601 Extrema MG 37640000 Brazil;Extrema;MG;37640000;-22.85483;-46.31206;-22.85483;-46.31206;;MEDIO;CEP generico de cidade, nao de rua (2,4x mais falha)
1682;REI DO GÁS EXTREMA;;endereco;Rua Adelino Salvador Pinto, 289, Extrema - MG, 37647-270, Brasil;Rua Adelino Salvador Pinto 289 Extrema MG 37640000 Brazil;Extrema;MG;37640000;-22.85611;-46.31468;-22.85611;-46.31468;;MEDIO;CEP generico de cidade, nao de rua (2,4x mais falha)
1683;ULTRAGAZ;;endereco;Rua Capitão Germano Agnelli, 245, Extrema - MG, 37640-058, Brasil;Rua Capitao Germano Agnelli 245 Extrema MG 37640000 Brazil;Extrema;MG;37640000;-22.85454;-46.31612;-22.85454;-46.31612;;MEDIO;CEP generico de cidade, nao de rua (2,4x mais falha)
1684;CENTER GÁS FORMIGA - ÁGUA MINERAL FORMIGA - GÁS FORMIGA;;endereco;Avenida Brasil, 98, Formiga - MG, 35574-348, Brasil;Avenida Brasil 98 Formiga MG 35570000 Brazil;Formiga;MG;35570000;-20.46137;-45.43696;-20.46137;-45.43696;;MEDIO;CEP generico de cidade, nao de rua (2,4x mais falha)
1685;GÁS AVENIDA;;endereco;Rua Francisco Ribeiro da Silva, 497, Formiga - MG, 35570-000, Brasil;Rua Francisco Ribeiro da Silva 497 Formiga MG 35570000 Brazil;Formiga;MG;35570000;-20.45893;-45.44056;-20.45893;-45.44056;;MEDIO;CEP generico de cidade, nao de rua (2,4x mais falha)
1686;LAGOA GÁS;;endereco;Rua Maria Marieta de Castro, 54, Formiga - MG, 35573-240, Brasil;Rua Maria Marieta de Castro 54 Formiga MG 35570000 Brazil;Formiga;MG;35570000;-20.49693;-45.43402;-20.49693;-45.43402;;MEDIO;CEP generico de cidade, nao de rua (2,4x mais falha)
1687;LIMA GÁS;;endereco;Avenida Vereador José Higino, 262, Formiga - MG, 35570-000, Brasil;Avenida Vereador Jose Higino 262 Formiga MG 35570000 Brazil;Formiga;MG;35570000;-20.47255;-45.41886;-20.47255;-45.41886;;MEDIO;CEP generico de cidade, nao de rua (2,4x mais falha)
1688;MAIS GÁS FORMIGA;;endereco;Avenida Carlos Alves Pereira, 1925, Formiga - MG, 35573-132, Brasil;Avenida Carlos Alves Pereira 1925 Formiga MG 35570000 Brazil;Formiga;MG;35570000;-20.49323;-45.43537;-20.49323;-45.43537;;MEDIO;CEP generico de cidade, nao de rua (2,4x mais falha)
1689;QUINZINHO GÁS E AGUÁ MINERAL;;endereco;Rua Lassance Cunha, 341B, Formiga - MG, 35570-216, Brasil;Rua Lassance Cunha 341B Formiga MG 35570000 Brazil;Formiga;MG;35570000;-20.46939;-45.42835;-20.46939;-45.42835;;MEDIO;CEP generico de cidade, nao de rua (2,4x mais falha)
1690;GÁS CHICO SÁ;;endereco;Rua C., 235, Francisco Sá - MG, 39580-000, Brasil;Rua C 235 Francisco Sa MG 04136000 Brazil;Francisco Sá;MG;04136000;-16.47397;-43.47899;-16.47397;-43.47899;;MEDIO;CEP generico de cidade, nao de rua (2,4x mais falha)
1691;BRASIL GÁS;;endereco;Rua João Sabino Figueiredo, 111, Frutal - MG, 38200-328, Brasil;Rua Joao Sabino Figueiredo 111 Frutal MG 38200000 Brazil;Frutal;MG;38200000;-20.02862;-48.94682;-20.02862;-48.94682;;MEDIO;CEP generico de cidade, nao de rua (2,4x mais falha)
1692;FORTGÁS E ÁGUA - COPAGÁZ;;endereco;Avenida Goiás, 1760, Frutal - MG, 38206-120, Brasil;Avenida Goias 1760 Frutal MG 38206082 Brazil;Frutal;MG;38206082;-20.03681;-48.92517;-20.03681;-48.92517;;;
1693;GÁS NEVES FRUTAL;;endereco;Rua Itapagipe, 375, Frutal - MG, 38204-052, Brasil;Rua Itapagipe 375 Frutal MG 38200000 Brazil;Frutal;MG;38200000;-20.02536;-48.91956;-20.02536;-48.91956;;MEDIO;CEP generico de cidade, nao de rua (2,4x mais falha)
1694;100% Água e Gás;;endereco;Rua Santos Dumont, 1191, Lourdes, Governador Valadares - MG, 35032-460, Brasil;Rua Santos Dumont 1191 Governador Valadares MG 35032460 Brazil;Governador Valadares;MG;35032460;-18.86393;-41.96115;-18.86393;-41.96115;Lourdes;;
1695;Amorim Distribuidora - Gás - Água - Cervejas - Gelos - Refrigerantes.;;endereco;Rua Cacique, 226, Carapina, Governador Valadares - MG, 35060-050, Brasil;Rua Cacique 226 Governador Valadares MG 35060050 Brazil;Governador Valadares;MG;35060050;-18.84892;-41.94843;-18.84892;-41.94843;Carapina;;
1696;ATACADÃO DO GÁS;;endereco;Avenida Minas Gerais, 1303, Nossa Senhora das Graças, Governador Valadares - MG, 35060-460, Brasil;Avenida Minas Gerais 1303 Governador Valadares MG 35060360 Brazil;Governador Valadares;MG;35060360;-18.8493;-41.94985;-18.8493;-41.94985;Nossa Senhora das Graças;;
1697;BEL GÁS;;endereco;Bel Gás, Avenida Itália, 286, Grã-Duquesa, Governador Valadares - MG, 35057-380, Brasil;Avenida Italia 286 Governador Valadares MG 35057380 Brazil;Governador Valadares;MG;35057380;-18.84741;-41.95334;-18.84741;-41.95334;Grã-Duquesa;;
1698;Bel Gás São Pedro;;endereco;Rua Américo Menezes, 415A, São Pedro, Governador Valadares - MG, 35020-030, Brasil;Rua Americo Menezes 415A Governador Valadares MG 35020360 Brazil;Governador Valadares;MG;35020360;-18.84447;-41.9313;-18.84447;-41.9313;São Pedro;;
1699;Central de atendimento Kemi gás - Gás de cozinha - Disk gás - Supergasbras;;endereco;Rua Sete de Setembro, 2710, Centro, Governador Valadares - MG, 35010-172, Brasil;Rua Sete de Setembro 2710 Governador Valadares MG 35010172 Brazil;Governador Valadares;MG;35010172;-18.85211;-41.94708;-18.85211;-41.94708;Centro;;
1700;D+ GÁS E ÁGUA MINERAL;;endereco;Rua Duarte Coelho, 110, Morada do Vale, Governador Valadares - MG, 35057-150, Brasil;Rua Duarte Coelho 110 Governador Valadares MG 35057450 Brazil;Governador Valadares;MG;35057450;-18.8399;-41.9609;-18.8399;-41.9609;Morada do Vale;;
1701;DISTRIBUIDORA DO GÁS BRAUNAS;;endereco;Rua Professora Conceição Teodoro, 238, São Paulo, Governador Valadares - MG, 35030-510, Brasil;Rua Professora Conceicao Teodoro 238 Governador Valadares MG 35030510 Brazil;Governador Valadares;MG;35030510;-18.87149;-41.95376;-18.87149;-41.95376;São Paulo;;
1702;DU GÁS E ÁGUA MINERAL;;endereco;Avenida do Canal, 48, Altinópolis, Governador Valadares - MG, 35053-686, Brasil;Avenida do Canal 48 Governador Valadares MG 35053060 Brazil;Governador Valadares;MG;35053060;-18.85693;-41.96079;-18.85693;-41.96079;Altinópolis;;
1703;Edmar Gás Água Mineral;;endereco;Avenida Carlos Gomes, 364, Altinópolis, Governador Valadares - MG, 35053-722, Brasil;Avenida Carlos Gomes 364 Governador Valadares MG 35053100 Brazil;Governador Valadares;MG;35053100;-18.85844;-41.96392;-18.85844;-41.96392;Altinópolis;;
1704;Expresso Total Gás;;endereco;Rua Agripino Ribeiro dos Santos, 118A, Jardim Pérola, Governador Valadares - MG, 35051-000, Brasil;Rua Agripino Ribeiro dos Santos 118A Governador Valadares MG 35051000 Brazil;Governador Valadares;MG;35051000;-18.87177;-41.97032;-18.87177;-41.97032;Jardim Pérola;MEDIO;CEP generico de cidade, nao de rua (2,4x mais falha)
1705;FT COMERCIAL DE GAS LTDA;;endereco;Rua Dois de Julho, 286, Grã-Duquesa, Governador Valadares - MG, 35057-762, Brasil;Rua Dois de Julho 286 Governador Valadares MG 35057380 Brazil;Governador Valadares;MG;35057380;-18.84722;-41.95406;-18.84722;-41.95406;Grã-Duquesa;;
1706;GAS MARECHAL;;endereco;Rua Pedro Lessa, 200, Lourdes, Governador Valadares - MG, 35030-440, Brasil;Rua Pedro Lessa 200 Governador Valadares MG 35030440 Brazil;Governador Valadares;MG;35030440;-18.86331;-41.95527;-18.86331;-41.95527;Lourdes;;
1707;GAS VALADARES;;endereco;Rua Valentim Antônio Pereira, 548, São Paulo, Governador Valadares - MG, 35030-750, Brasil;Rua Valentim Antonio Pereira 548 Governador Valadares MG 35030760 Brazil;Governador Valadares;MG;35030760;-18.8731;-41.9566;-18.8731;-41.9566;São Paulo;;
1708;GASVAL;;endereco;Avenida Gil Pacheco de Magalhães, 592, Planalto, Governador Valadares - MG, 35054-000, Brasil;Avenida Gil Pacheco de Magalhaes 592 Governador Valadares MG 35054180 Brazil;Governador Valadares;MG;35054180;-18.85464;-41.97309;-18.85464;-41.97309;Planalto;;
1709;Gv Gás e água mineral;;endereco;Rua Síria, 159, Grã-Duquesa, Governador Valadares - MG, 35057-650, Brasil;Rua Siria 159 Governador Valadares MG 35057670 Brazil;Governador Valadares;MG;35057670;-18.84381;-41.9586;-18.84381;-41.9586;Grã-Duquesa;;
1710;Gás da Bel e Água Mineral;;endereco;Rua Angico, 306, Turmalina, Governador Valadares - MG, 35052-801, Brasil;Rua Angico 306 Governador Valadares MG 35052801 Brazil;Governador Valadares;MG;35052801;-18.85464;-41.97735;-18.85464;-41.97735;Turmalina;;
1711;GÁS DO DUTRA E ÁGUA MINERAL;;endereco;Rua Pedro Lessa, 1698, Vila Bretas, Governador Valadares - MG, 35030-440, Brasil;Rua Pedro Lessa 1698 Governador Valadares MG 35030440 Brazil;Governador Valadares;MG;35030440;-18.87296;-41.96439;-18.87296;-41.96439;Vila Bretas;;
1712;GÁS DO VALE;;endereco;Rua José Pereira da Cunha Sobrinho, 100, Vale Verde, Governador Valadares - MG, 35059-530, Brasil;Rua Jose Pereira da Cunha Sobrinho 100 Governador Valadares MG 35058620 Brazil;Governador Valadares;MG;35058620;-18.8341;-41.95404;-18.8341;-41.95404;Vale Verde;;
1713;GÁS E ÁGUA AVENIDA;;endereco;Avenida Jk, 1617, São Paulo, Governador Valadares - MG, 35030-210, Brasil;Avenida Jk 1617 Governador Valadares MG 35030210 Brazil;Governador Valadares;MG;35030210;-18.87499;-41.95945;-18.87499;-41.95945;São Paulo;;
1714;Gás e água Nazareth;;endereco;Rua Portugal, 536, Grã-Duquesa, Governador Valadares - MG, 35057-610, Brasil;Rua Portugal 536 Governador Valadares MG 35057610 Brazil;Governador Valadares;MG;35057610;-18.84868;-41.95776;-18.84868;-41.95776;Grã-Duquesa;;
1715;Gás Ideal;;endereco;Travessa Vinte e Um de Abril, 373, São Paulo, Governador Valadares - MG, 35030-750, Brasil;Travessa Vinte e Um de Abril 373 Governador Valadares MG 35030760 Brazil;Governador Valadares;MG;35030760;-18.87198;-41.95558;-18.87198;-41.95558;São Paulo;;
1716;Gás Oliveira & Guimarães;;endereco;Avenida Bela Vista, 209, Kennedy, Governador Valadares - MG, 35051-040, Brasil;Avenida Bela Vista 209 Governador Valadares MG 35051040 Brazil;Governador Valadares;MG;35051040;-18.87699;-41.98184;-18.87699;-41.98184;Kennedy;;
1717;GÁS VALADARES;;endereco;Avenida Presidente Tancredo Neves, 650, Nossa Senhora das Graças, Governador Valadares - MG, 35060-440, Brasil;Avenida Presidente Tancredo Neves 650 Governador Valadares MG 35060440 Brazil;Governador Valadares;MG;35060440;-18.84312;-41.94787;-18.84312;-41.94787;Nossa Senhora das Graças;;
1718;Heloizio Gás e Água Mineral;;endereco;Avenida Vereador Hamilton Teodoro Guimarães, 478, Altinópolis, Governador Valadares - MG, 35053-730, Brasil;Avenida Vereador Hamilton Teodoro Guimaraes 478 Governador Valadares MG 35053730 Brazil;Governador Valadares;MG;35053730;-18.86092;-41.96161;-18.86092;-41.96161;Altinópolis;;
1719;IHORBANO ÁGUA MINERAL E GÁS;;endereco;Avenida do Canal, 405, Altinópolis, Governador Valadares - MG, 35053-060, Brasil;Avenida do Canal 405 Governador Valadares MG 35053173 Brazil;Governador Valadares;MG;35053173;-18.85452;-41.96536;-18.85452;-41.96536;Altinópolis;;
1720;JAIME Gás e Água Mineral;;endereco;Rua Sinval Leite, 1746, Santo Antônio, Governador Valadares - MG, 35052-760, Brasil;Rua Sinval Leite 1746 Governador Valadares MG 35053660 Brazil;Governador Valadares;MG;35053660;-18.86663;-41.96531;-18.86663;-41.96531;Santo Antônio;;
1721;Kemigas Governador Valadares | Disk Gas | Gas mais barato | Supergasbras | Entrega de gás | P13 | P20 | P45;;endereco;Avenida Industrial, 256, Distrito Industrial, Governador Valadares - MG, 35040-610, Brasil;Avenida Industrial 256 Governador Valadares MG 35040610 Brazil;Governador Valadares;MG;35040610;-18.8974;-41.98808;-18.8974;-41.98808;Distrito Industrial;;
1722;Leste Gás;;endereco;Rua Copenhagen, 225, Grã-Duquesa, Governador Valadares - MG, 35057-130, Brasil;Rua Copenhagen 225 Governador Valadares MG 35057160 Brazil;Governador Valadares;MG;35057160;-18.8394;-41.95898;-18.8394;-41.95898;Grã-Duquesa;;
1723;Leste Gás e Agua Mineral;;endereco;Rua Pedro Lessa, 191, Vila Bretas, Governador Valadares - MG, 35030-440, Brasil;Rua Pedro Lessa 191 Governador Valadares MG 35032600 Brazil;Governador Valadares;MG;35032600;-18.87316;-41.96419;-18.87316;-41.96419;Vila Bretas;;
1724;Letícia Gás e Água Mineral;;endereco;Rua Engenheiro Álvaro Siqueira, 306, Altinópolis, Governador Valadares - MG, 35053-180, Brasil;Rua Engenheiro Alvaro Siqueira 306 Governador Valadares MG 35053180 Brazil;Governador Valadares;MG;35053180;-18.86008;-41.96774;-18.86008;-41.96774;Altinópolis;;
1725;Lider Gás;;endereco;Rua Três de Outubro, 414, Nossa Senhora das Graças, Governador Valadares - MG, 35058-350, Brasil;Rua Tres de Outubro 414 Governador Valadares MG 35058290 Brazil;Governador Valadares;MG;35058290;-18.84303;-41.94975;-18.84303;-41.94975;Nossa Senhora das Graças;;
1726;LIQUIGÁS ALTINOPOLIS;;endereco;Avenida Carlos Gomes, 1036, Altinópolis, Governador Valadares - MG, 35053-722, Brasil;Avenida Carlos Gomes 1036 Governador Valadares MG 35053180 Brazil;Governador Valadares;MG;35053180;-18.85905;-41.96514;-18.85905;-41.96514;Altinópolis;;
1727;Lucas Gás e Água Mineral;;endereco;Avenida do Canal, 60, Altinópolis, Governador Valadares - MG, 35053-686, Brasil;Avenida do Canal 60 Governador Valadares MG 35053060 Brazil;Governador Valadares;MG;35053060;-18.85644;-41.96083;-18.85644;-41.96083;Altinópolis;;
1728;MARCOS GÁS;;endereco;Rua Recife, 263, Santa Terezinha, Governador Valadares - MG, 35030-540, Brasil;Rua Recife 263 Governador Valadares MG 35030160 Brazil;Governador Valadares;MG;35030160;-18.86742;-41.95174;-18.86742;-41.95174;Santa Terezinha;;
1729;MARTINS GÁS & DISTRIBUIDORA;;endereco;Rua Santos Fernandes de Sá, 1317B, Nossa Senhora das Graças, Governador Valadares - MG, 35060-460, Brasil;Rua Santos Fernandes de Sa 1317B Governador Valadares MG 35109000 Brazil;Governador Valadares;MG;35109000;-18.85071;-41.94999;-18.85071;-41.94999;Nossa Senhora das Graças;MEDIO;CEP generico de cidade, nao de rua (2,4x mais falha)
1730;MARTTINS GÁS E ÁGUA MINERAL;;endereco;Avenida Tomaz Antônio Gonzaga, 68, Vila Rica, Governador Valadares - MG, 35045-450, Brasil;Avenida Tomaz Antonio Gonzaga 68 Governador Valadares MG 35045450 Brazil;Governador Valadares;MG;35045450;-18.87685;-41.96463;-18.87685;-41.96463;Vila Rica;;
1731;Menino Do Gás;;endereco;Avenida Raimundo Albergaria, 493, Santa Helena, Governador Valadares - MG, 35059-090, Brasil;Avenida Raimundo Albergaria 493 Governador Valadares MG 35059090 Brazil;Governador Valadares;MG;35059090;-18.8387;-41.94596;-18.8387;-41.94596;Santa Helena;;
1732;MR GÁS;;endereco;Avenida Presidente Tancredo Neves, 498, Morro do Querosene, Governador Valadares - MG, 35058-460, Brasil;Avenida Presidente Tancredo Neves 498 Governador Valadares MG 35060440 Brazil;Governador Valadares;MG;35060440;-18.84483;-41.94405;-18.84483;-41.94405;Morro do Querosene;;
1733;Nosso Gás e Água Mineral;;endereco;Rua Miguel Fernandes dos Santos, 126, Maria Eugênia, Governador Valadares - MG, 35058-560, Brasil;Rua Miguel Fernandes dos Santos 126 Governador Valadares MG 35058560 Brazil;Governador Valadares;MG;35058560;-18.83555;-41.95654;-18.83555;-41.95654;Maria Eugênia;;
1734;O GÁS DA MARCELA;;endereco;Rua Fernão de Magalhães, 630, Jardim Vera Cruz, Governador Valadares - MG, 35041-240, Brasil;Rua Fernao de Magalhaes 630 Governador Valadares MG 35041240 Brazil;Governador Valadares;MG;35041240;-18.90312;-41.95232;-18.90312;-41.95232;Jardim Vera Cruz;;
1735;PÉP GÁS E ÁGUA MINERAL;;endereco;Rua T, 262, Nova Vila Bretas, Governador Valadares - MG, 35051-640, Brasil;Rua T 262 Governador Valadares MG 35051640 Brazil;Governador Valadares;MG;35051640;-18.86882;-41.9681;-18.86882;-41.9681;Nova Vila Bretas;;
1736;Pérola água e gas;;endereco;Rua Santo Inácio de Loiola, 143, Vila Mariana, Governador Valadares - MG, 35012-120, Brasil;Rua Santo Inacio de Loiola 143 Governador Valadares MG 35012120 Brazil;Governador Valadares;MG;35012120;-18.85592;-41.95708;-18.85592;-41.95708;Vila Mariana;;
1737;ROBERTO GAS E AGUA MINERAL;;endereco;Rua Caratinga, 203, Nossa Senhora das Graças, Governador Valadares - MG, 35060-460, Brasil;Rua Caratinga 203 Governador Valadares MG 35060100 Brazil;Governador Valadares;MG;35060100;-18.84818;-41.95067;-18.84818;-41.95067;Nossa Senhora das Graças;;
1738;Santa Helena Distribuidora de Gás e Água Mineral;;endereco;Rua Nova Era, 32, Santa Helena, Governador Valadares - MG, 35059-380, Brasil;Rua Nova Era 32 Governador Valadares MG 35059100 Brazil;Governador Valadares;MG;35059100;-18.83885;-41.94634;-18.83885;-41.94634;Santa Helena;;
1739;Souza Gás;;endereco;Rua Raul Soares, 443, São Pedro, Governador Valadares - MG, 35020-470, Brasil;Rua Raul Soares 443 Governador Valadares MG 35020470 Brazil;Governador Valadares;MG;35020470;-18.84348;-41.92754;-18.84348;-41.92754;São Pedro;;
1740;Supergasbras;;endereco;Rua Santa Tereza, 720, Vila Isa, Governador Valadares - MG, 35043-520, Brasil;Rua Santa Tereza 720 Governador Valadares MG 35043520 Brazil;Governador Valadares;MG;35043520;-18.89517;-41.94403;-18.89517;-41.94403;Vila Isa;;
1741;Supergasbras Minas Rubim;;endereco;Avenida Minas Gerais, 672, Centro, Governador Valadares - MG, 35010-151, Brasil;Avenida Minas Gerais 672 Governador Valadares MG 38950000 Brazil;Governador Valadares;MG;38950000;-18.85363;-41.94649;-18.85363;-41.94649;Centro;MEDIO;CEP generico de cidade, nao de rua (2,4x mais falha)
1742;Tele Água e Gás Chagas;;endereco;Rua Amante Soares, 90, Vila Mariana, Governador Valadares - MG, 35012-420, Brasil;Rua Amante Soares 90 Governador Valadares MG 35012422 Brazil;Governador Valadares;MG;35012422;-18.85539;-41.95523;-18.85539;-41.95523;Vila Mariana;;
1743;Top Gás e Água Mineral;;endereco;Rua Primeiro de Janeiro, 180, Nossa Senhora das Graças, Governador Valadares - MG, 35058-240, Brasil;Rua Primeiro de Janeiro 180 Governador Valadares MG 35058240 Brazil;Governador Valadares;MG;35058240;-18.84579;-41.95075;-18.84579;-41.95075;Nossa Senhora das Graças;;
1744;VALADARES GÁS;;endereco;Avenida Raimundo Albergaria, 495, Santa Helena, Governador Valadares - MG, 35059-090, Brasil;Avenida Raimundo Albergaria 495 Governador Valadares MG 35059090 Brazil;Governador Valadares;MG;35059090;-18.83868;-41.94595;-18.83868;-41.94595;Santa Helena;;
1745;Valadares Gás;;endereco;Rua Recife, 263, Santa Terezinha, Governador Valadares - MG, 35030-540, Brasil;Rua Recife 263 Governador Valadares MG 35030160 Brazil;Governador Valadares;MG;35030160;-18.86742;-41.95174;-18.86742;-41.95174;Santa Terezinha;;
1746;Valadares Gás e Água mineral;;endereco;Avenida Juiz de Fora, 858, Santa Helena, Governador Valadares - MG, 35059-280, Brasil;Avenida Juiz de Fora 858 Governador Valadares MG 35059280 Brazil;Governador Valadares;MG;35059280;-18.83677;-41.94595;-18.83677;-41.94595;Santa Helena;;
1747;VALADARES-GÁS;;endereco;Rua B Um, 18, Sir, Governador Valadares - MG, 35024-760, Brasil;Rua B Um 18 Governador Valadares MG 35024170 Brazil;Governador Valadares;MG;35024170;-18.83445;-41.89382;-18.83445;-41.89382;Sir;;
1748;VAVAGÁS;;endereco;Rua Pedro Lessa, 200, Lourdes, Governador Valadares - MG, 35030-440, Brasil;Rua Pedro Lessa 200 Governador Valadares MG 35030440 Brazil;Governador Valadares;MG;35030440;-18.86331;-41.95527;-18.86331;-41.95527;Lourdes;;
1749;Vavagás e Água Mineral;;endereco;Rua Portugal, 200, Grã-Duquesa, Governador Valadares - MG, 35057-610, Brasil;Rua Portugal 200 Governador Valadares MG 35057610 Brazil;Governador Valadares;MG;35057610;-18.84602;-41.95558;-18.84602;-41.95558;Grã-Duquesa;;
1750;Vila Gás E Água Mineral;;endereco;Rua São Pedro, 82, Vila Mariana, Governador Valadares - MG, 35012-250, Brasil;Rua Sao Pedro 82 Governador Valadares MG 35012250 Brazil;Governador Valadares;MG;35012250;-18.86038;-41.95923;-18.86038;-41.95923;Vila Mariana;;
1751;Vila Gás E Água Mineral;;endereco;Rua São Felipe, 41, São Geraldo, Governador Valadares - MG, 35012-160, Brasil;Rua Sao Felipe 41 Governador Valadares MG 35012160 Brazil;Governador Valadares;MG;35012160;-18.85977;-41.95824;-18.85977;-41.95824;São Geraldo;;
1752;ÁGUA MINERAL E GÁS MARIA ANTONIA;;endereco;Rua Nina Rodrigues, 23, Altinópolis, Governador Valadares - MG, 35053-450, Brasil;Rua Nina Rodrigues 23 Governador Valadares MG 35053450 Brazil;Governador Valadares;MG;35053450;-18.85941;-41.96606;-18.85941;-41.96606;Altinópolis;;
1753;ÁGUA MINERAL | GÁS | GELO | IBITURUNA;;endereco;Rua Florianópolis, 603, Santa Terezinha, Governador Valadares - MG, 35030-160, Brasil;Rua Florianopolis 603 Governador Valadares MG 35030160 Brazil;Governador Valadares;MG;35030160;-18.86493;-41.94983;-18.86493;-41.94983;Santa Terezinha;;
1754;R&S GÁS E ÁGUA MINERAL;;endereco;BR-120, Guanhães - MG, 39740-000, Brasil;BR 120 Guanhaes MG 39740000 Brazil;Guanhães;MG;39740000;-18.78832;-42.95011;-18.78832;-42.95011;;ALTO;"sem numero de porta; logradouro sem nome; CEP generico de cidade, nao de rua (2,4x mais falha)"
1755;AMAURI GÁS E ÁGUA;;endereco;Rua Campos Gerais, 110, Guaxupé - MG, 37832-484, Brasil;Rua Campos Gerais 110 Guaxupe MG 37800000 Brazil;Guaxupé;MG;37800000;-21.31565;-46.73364;-21.31565;-46.73364;;MEDIO;CEP generico de cidade, nao de rua (2,4x mais falha)
1756;DEPÓSITO DE GÁS | GÁS CENTRAL | GÁS DE COZINHA E ÁGUA MINERAL;;endereco;Rua Luiz Alfredo de Magalhães, 122, Guaxupé - MG, 37800-000, Brasil;Rua Luiz Alfredo de Magalhaes 122 Guaxupe MG 37800000 Brazil;Guaxupé;MG;37800000;-21.31051;-46.71419;-21.31051;-46.71419;;MEDIO;CEP generico de cidade, nao de rua (2,4x mais falha)
1757;GUILHERME GÁS;;endereco;Rua Silvério Miguel Pasqua, 431, Guaxupé - MG, 37800-000, Brasil;Rua Silverio Miguel Pasqua 431 Guaxupe MG 37800000 Brazil;Guaxupé;MG;37800000;-21.31302;-46.70076;-21.31302;-46.70076;;MEDIO;CEP generico de cidade, nao de rua (2,4x mais falha)
1758;Alex Gás;;endereco;Rua José Tavares Filho, 488, Ibirité - MG, 32404-806, Brasil;Rua Jose Tavares Filho 488 Ibirite MG 32404806 Brazil;Ibirité;MG;32404806;-20.0054;-44.04453;-20.0054;-44.04453;;;
1759;AMIGÃO GÁS - DISTRIBUIDORA DE GÁS DE COZINHA - ÁGUA MINERAL E GÁS PARA EMPILHADEIRAS EM IBIRITÉ;;endereco;Rua Vinte e Um, 456, Parque Durval de Barros, Ibirité - MG, 32421-200, Brasil;Rua Vinte e Um 456 Ibirite MG 32400000 Brazil;Ibirité;MG;32400000;-20.00132;-44.09217;-20.00132;-44.09217;Parque Durval de Barros;MEDIO;CEP generico de cidade, nao de rua (2,4x mais falha)
1760;CELSO DO GAS;;endereco;Rua Vista Alegre, 205, Parque Durval de Barros, Ibirité - MG, 32425-155, Brasil;Rua Vista Alegre 205 Ibirite MG 32400000 Brazil;Ibirité;MG;32400000;-19.99911;-44.06319;-19.99911;-44.06319;Parque Durval de Barros;MEDIO;CEP generico de cidade, nao de rua (2,4x mais falha)
1761;CHICO GAS;;endereco;Rua Caiapós, 434, Ibirité - MG, 32415-379, Brasil;Rua Caiapos 434 Ibirite MG 32400000 Brazil;Ibirité;MG;32400000;-20.01396;-44.09543;-20.01396;-44.09543;;MEDIO;CEP generico de cidade, nao de rua (2,4x mais falha)
1762;CW GÁS LTDA;;endereco;Praça Oito, 25, Ibirité - MG, 32400-000, Brasil;Praca Oito 25 Ibirite MG 32412297 Brazil;Ibirité;MG;32412297;-20.03666;-44.06454;-20.03666;-44.06454;;;
1763;Dedé Gás Ibirité;;endereco;Rua Paineira, 40, Parque Durval de Barros, Ibirité - MG, 32425-680, Brasil;Rua Paineira 40 Ibirite MG 32400000 Brazil;Ibirité;MG;32400000;-20.00199;-44.06931;-20.00199;-44.06931;Parque Durval de Barros;MEDIO;CEP generico de cidade, nao de rua (2,4x mais falha)
1764;Depósito de gás;;endereco;Rua Governador Valadares, 91, Parque Durval de Barros, Ibirité - MG, 32423-155, Brasil;Rua Governador Valadares 91 Ibirite MG 32400000 Brazil;Ibirité;MG;32400000;-19.99117;-44.06596;-19.99117;-44.06596;Parque Durval de Barros;MEDIO;CEP generico de cidade, nao de rua (2,4x mais falha)
1765;Depósito de gás jatogas;;endereco;Rua Catumbi, 34, Parque Durval de Barros, Ibirité - MG, 32420-295, Brasil;Rua Catumbi 34 Ibirite MG 32423515 Brazil;Ibirité;MG;32423515;-20.00084;-44.05733;-20.00084;-44.05733;Parque Durval de Barros;;
1766;DURVAL GÁS;;endereco;Rua Quatro, 24, Parque Durval de Barros, Ibirité - MG, 30690-720, Brasil;Rua Quatro 24 Ibirite MG 32400000 Brazil;Ibirité;MG;32400000;-19.98471;-44.06714;-19.98471;-44.06714;Parque Durval de Barros;MEDIO;CEP generico de cidade, nao de rua (2,4x mais falha)
1767;Elias e Léo gás;;endereco;Avenida Minas Gerais, 558, Ibirité - MG, 32400-000, Brasil;Avenida Minas Gerais 558 Ibirite MG 32400000 Brazil;Ibirité;MG;32400000;-20.02481;-44.04197;-20.02481;-44.04197;;MEDIO;CEP generico de cidade, nao de rua (2,4x mais falha)
1768;ESP GÁS LTDA;;endereco;Rua Mimosas, 178, Ibirité - MG, 32410-133, Brasil;Rua Mimosas 178 Ibirite MG 32410133 Brazil;Ibirité;MG;32410133;-20.04048;-44.06086;-20.04048;-44.06086;;;
1769;Felipão Gás e Água;;endereco;Rua Humberto Campos, 727, Parque Durval de Barros, Ibirité - MG, 32424-260, Brasil;Rua Humberto Campos 727 Ibirite MG 32423155 Brazil;Ibirité;MG;32423155;-19.99008;-44.06177;-19.99008;-44.06177;Parque Durval de Barros;;
1770;Fidelis Gás;;endereco;Rua Pedro Batista Correia, 64B, Ibirité - MG, 32400-056, Brasil;Rua Pedro Batista Correia 64B Ibirite MG 32400122 Brazil;Ibirité;MG;32400122;-20.02809;-44.05927;-20.02809;-44.05927;;;
1771;Flash Gás e Água Mineral;;endereco;Rua José Tavares Filho, 291, CDI Jatobá, Belo Horizonte - MG, 30750-370, Brasil;Rua Jose Tavares Filho 291 Belo Horizonte MG 32400000 Brazil;Belo Horizonte;MG;32400000;-20.00361;-44.04494;-20.00361;-44.04494;CDI Jatobá;MEDIO;CEP generico de cidade, nao de rua (2,4x mais falha)
1772;Gás Barato Ibirité | Gás do Edmar;;endereco;Rua Freitas de Oliveira, 861, Ibirité - MG, 32400-000, Brasil;Rua Freitas de Oliveira 861 Ibirite MG 32410020 Brazil;Ibirité;MG;32410020;-20.03347;-44.05638;-20.03347;-44.05638;;;
1773;GÁS GERAIS;;endereco;Rua João Ferreira de Freitas, 74, Ibirité - MG, 32400-269, Brasil;Rua Joao Ferreira de Freitas 74 Ibirite MG 32400000 Brazil;Ibirité;MG;32400000;-20.02262;-44.05631;-20.02262;-44.05631;;MEDIO;CEP generico de cidade, nao de rua (2,4x mais falha)
1774;GÁS MAIA IBIRITÉ;;endereco;Rua Safira, 460, Ibirité - MG, 32412-228, Brasil;Rua Safira 460 Ibirite MG 32400000 Brazil;Ibirité;MG;32400000;-20.03173;-44.0662;-20.03173;-44.0662;;MEDIO;CEP generico de cidade, nao de rua (2,4x mais falha)
1775;Gás Morada Da Serra;;endereco;Rua França, 35, Ibirité - MG, 32405-340, Brasil;Rua Franca 35 Ibirite MG 32400000 Brazil;Ibirité;MG;32400000;-20.0254;-44.04051;-20.0254;-44.04051;;MEDIO;CEP generico de cidade, nao de rua (2,4x mais falha)
1776;Gás Palmeiras em Ibirité;;endereco;Avenida Hum, 251, Parque Durval de Barros, Ibirité - MG, 32421-180, Brasil;Avenida Hum 251 Ibirite MG 32421180 Brazil;Ibirité;MG;32421180;-19.9839;-44.07736;-19.9839;-44.07736;Parque Durval de Barros;;
1777;IDEAL GAS;;endereco;Avenida Tancredo de Almeida Neves, 807, Parque Durval de Barros, Ibirité - MG, 32440-000, Brasil;Avenida Tancredo de Almeida Neves 807 Ibirite MG 32400000 Brazil;Ibirité;MG;32400000;-19.99203;-44.06797;-19.99203;-44.06797;Parque Durval de Barros;MEDIO;CEP generico de cidade, nao de rua (2,4x mais falha)
1778;JAPÃO GÁS;;endereco;Avenida Minas Gerais, 1014, Ibirité - MG, 32405-151, Brasil;Avenida Minas Gerais 1014 Ibirite MG 32400000 Brazil;Ibirité;MG;32400000;-20.02328;-44.03746;-20.02328;-44.03746;;MEDIO;CEP generico de cidade, nao de rua (2,4x mais falha)
1779;KM GÁS E ÁGUA;;endereco;Rua Ipanema, 113, Parque Durval de Barros, Ibirité - MG, 32242-400, Brasil;Rua Ipanema 113 Ibirite MG 32420325 Brazil;Ibirité;MG;32420325;-19.97529;-44.06755;-19.97529;-44.06755;Parque Durval de Barros;;
1780;LEO GAS IBIRITE E O GAS MAIS BARATO;;endereco;Rua Ana Custódia de Freitas, 96, Ibirité - MG, 32400-266, Brasil;Rua Ana Custodia de Freitas 96 Ibirite MG 32400266 Brazil;Ibirité;MG;32400266;-20.0231;-44.05606;-20.0231;-44.05606;;;
1781;Liquigás;;endereco;Rua Artur Ferreira Campos, 441, Ibirité - MG, 32400-000, Brasil;Rua Artur Ferreira Campos 441 Ibirite MG 32400000 Brazil;Ibirité;MG;32400000;-20.02106;-44.06353;-20.02106;-44.06353;;MEDIO;CEP generico de cidade, nao de rua (2,4x mais falha)
1782;M J Gás;;endereco;Avenida Minas Gerais, 828, Ibirité - MG, 32400-000, Brasil;Avenida Minas Gerais 828 Ibirite MG 32400000 Brazil;Ibirité;MG;32400000;-20.02418;-44.03876;-20.02418;-44.03876;;MEDIO;CEP generico de cidade, nao de rua (2,4x mais falha)
1783;MARLON GÁS;;endereco;Rua Hermínia Auta de Oliveira, 345, Ibirité - MG, 32415-484, Brasil;Rua Herminia Auta de Oliveira 345 Ibirite MG 32400000 Brazil;Ibirité;MG;32400000;-20.01853;-44.09679;-20.01853;-44.09679;;MEDIO;CEP generico de cidade, nao de rua (2,4x mais falha)
1784;MG Gás Supergas Braz;;endereco;Avenida Minas Gerais, 810, Ibirité - MG, 32400-000, Brasil;Avenida Minas Gerais 810 Ibirite MG 32400000 Brazil;Ibirité;MG;32400000;-20.0242;-44.03886;-20.0242;-44.03886;;MEDIO;CEP generico de cidade, nao de rua (2,4x mais falha)
1785;Moreira e Sousa Gás;;endereco;Rua Chile, 120, Ibirité - MG, 32405-204, Brasil;Rua Chile 120 Ibirite MG 32400000 Brazil;Ibirité;MG;32400000;-20.02228;-44.03624;-20.02228;-44.03624;;MEDIO;CEP generico de cidade, nao de rua (2,4x mais falha)
1786;Motogas gás e água mineral;;endereco;Rua Diamante, 237, Parque Durval de Barros, Ibirité - MG, 32440-000, Brasil;Rua Diamante 237 Ibirite MG 32431110 Brazil;Ibirité;MG;32431110;-19.999;-44.08048;-19.999;-44.08048;Parque Durval de Barros;;
1787;NACIONAL GAS;;endereco;Rua Mimosas, 149, Ibirité - MG, 32421-200, Brasil;Rua Mimosas 149 Ibirite MG 32410133 Brazil;Ibirité;MG;32410133;-20.04056;-44.06058;-20.04056;-44.06058;;;
1788;Nosso Gás Ibirité;;endereco;Rua Bom Pastor, 164, Parque Durval de Barros, Ibirité - MG, 32422-310, Brasil;Rua Bom Pastor 164 Ibirite MG 32422310 Brazil;Ibirité;MG;32422310;-19.98838;-44.09021;-19.98838;-44.09021;Parque Durval de Barros;;
1789;OTTON GÁS;;endereco;Rua Nélson Pinheiro Diniz, 629, Ibirité - MG, 32415-769, Brasil;Rua Nelson Pinheiro Diniz 629 Ibirite MG 32415454 Brazil;Ibirité;MG;32415454;-20.01933;-44.09793;-20.01933;-44.09793;;;
1790;Palmeiras Gás;;endereco;Rua Dois, 324, Parque Durval de Barros, Ibirité - MG, 30690-720, Brasil;Rua Dois 324 Ibirite MG 32421285 Brazil;Ibirité;MG;32421285;-19.97683;-44.07346;-19.97683;-44.07346;Parque Durval de Barros;;
1791;PARMA GÁS;;endereco;Rua São Pedro, 10, Ibirité - MG, 32405-145, Brasil;Rua Sao Pedro 10 Ibirite MG 32405151 Brazil;Ibirité;MG;32405151;-20.02455;-44.04218;-20.02455;-44.04218;;;
1792;Point Gás: Gás de Cozinha, Água Mineral 20 Litros, Delivery, Ibirité MG;;endereco;Avenida da Serrinha, 700, Vale do Jatobá, Belo Horizonte - MG, 30668-250, Brasil;Avenida da Serrinha 700 Belo Horizonte MG 32404715 Brazil;Belo Horizonte;MG;32404715;-20.00597;-44.04312;-20.00597;-44.04312;Vale do Jatobá;;
1793;Rodrigues Gás | Gás Ibirité | Gás de Cozinha | Supergasbras | Gás;;endereco;Rua Artur Ferreira Campos, 391, Ibirité - MG, 32400-000, Brasil;Rua Artur Ferreira Campos 391 Ibirite MG 32400000 Brazil;Ibirité;MG;32400000;-20.02122;-44.06304;-20.02122;-44.06304;;MEDIO;CEP generico de cidade, nao de rua (2,4x mais falha)
1794;RONEI GAS;;endereco;Avenida Antônio Anacleto de Oliveira, 96, Ibirité - MG, 32410-243, Brasil;Avenida Antonio Anacleto de Oliveira 96 Ibirite MG 32400000 Brazil;Ibirité;MG;32400000;-20.03677;-44.05557;-20.03677;-44.05557;;MEDIO;CEP generico de cidade, nao de rua (2,4x mais falha)
1795;Tele gás e Água morada da serra;;endereco;Rua Maria Natividade de Lima, 233, Ibirité - MG, 32405-254, Brasil;Rua Maria Natividade de Lima 233 Ibirite MG 32400000 Brazil;Ibirité;MG;32400000;-20.02694;-44.03808;-20.02694;-44.03808;;MEDIO;CEP generico de cidade, nao de rua (2,4x mais falha)
1796;Tele Gás Ibirité;;endereco;Rua Safira, 115, Ibirité - MG, 32412-228, Brasil;Rua Safira 115 Ibirite MG 32412228 Brazil;Ibirité;MG;32412228;-20.03472;-44.06537;-20.03472;-44.06537;;;
1797;Triângulo gás;;endereco;Avenida São Paulo, 4321, Ibirité - MG, 32400-224, Brasil;Avenida Sao Paulo 4321 Ibirite MG 32415250 Brazil;Ibirité;MG;32415250;-20.01522;-44.08603;-20.01522;-44.08603;;;
1798;ULTRAGAZ;;endereco;Rua Hermínia Auta de Oliveira, 345, Ibirité - MG, 32415-484, Brasil;Rua Herminia Auta de Oliveira 345 Ibirite MG 32400000 Brazil;Ibirité;MG;32400000;-20.01853;-44.09679;-20.01853;-44.09679;;MEDIO;CEP generico de cidade, nao de rua (2,4x mais falha)
1799;VIMAR GÁS;;endereco;Rua João Ferreira de Freitas, 74, Ibirité - MG, 32400-269, Brasil;Rua Joao Ferreira de Freitas 74 Ibirite MG 32400000 Brazil;Ibirité;MG;32400000;-20.02262;-44.05631;-20.02262;-44.05631;;MEDIO;CEP generico de cidade, nao de rua (2,4x mais falha)
1800;GASPAR GÁS;;endereco;Rua Trinta e Sete, Ibiá - MG, 38950-000, Brasil;Rua Trinta e Sete Ibia MG 38950000 Brazil;Ibiá;MG;38950000;-19.48989;-46.54427;-19.48989;-46.54427;;ALTO;"sem numero de porta; CEP generico de cidade, nao de rua (2,4x mais falha)"
1801;ASSIS GÁS;;endereco;Rua Mangabeiras, 420, Igarapé - MG, 32900-000, Brasil;Rua Mangabeiras 420 Igarape MG 32900000 Brazil;Igarapé;MG;32900000;-20.06935;-44.31982;-20.06935;-44.31982;;MEDIO;CEP generico de cidade, nao de rua (2,4x mais falha)
1802;BEM VINDO GÁS;;endereco;Rua Antônio Cândido, 63, Igarapé - MG, 32900-000, Brasil;Rua Antonio Candido 63 Igarape MG 32900000 Brazil;Igarapé;MG;32900000;-20.08317;-44.29316;-20.08317;-44.29316;;MEDIO;CEP generico de cidade, nao de rua (2,4x mais falha)
1803;DISTRIBUIDORA ULTRAGAZ;;endereco;Rua Um, 27, Igarapé - MG, 32900-000, Brasil;Rua Um 27 Igarape MG 32900000 Brazil;Igarapé;MG;32900000;-20.07355;-44.2935;-20.07355;-44.2935;;MEDIO;CEP generico de cidade, nao de rua (2,4x mais falha)
1804;HIPER GÁS COMÉRCIO DE GÁS E ÁGUA MINERAL;;endereco;Avenida Miguel Paes, 516, Igarapé - MG, 32900-000, Brasil;Avenida Miguel Paes 516 Igarape MG 32900000 Brazil;Igarapé;MG;32900000;-20.06873;-44.28545;-20.06873;-44.28545;;MEDIO;CEP generico de cidade, nao de rua (2,4x mais falha)
1805;LUIZINHO GÁS IGARAPÉ;;endereco;Rua Aclésio Teixeira, 537, Igarapé - MG, 32900-000, Brasil;Rua Aclesio Teixeira 537 Igarape MG 32900000 Brazil;Igarapé;MG;32900000;-20.05151;-44.3052;-20.05151;-44.3052;;MEDIO;CEP generico de cidade, nao de rua (2,4x mais falha)
1806;LÍDER GÁS I IGARAPÉ MG;;endereco;Rua Mangabeiras, 406, Igarapé - MG, 32900-000, Brasil;Rua Mangabeiras 406 Igarape MG 32900000 Brazil;Igarapé;MG;32900000;-20.06912;-44.31988;-20.06912;-44.31988;;MEDIO;CEP generico de cidade, nao de rua (2,4x mais falha)
1807;MÁRCIO GÁS E ÁGUA;;endereco;Rua José Ferreira da Silva, 534, Igarapé - MG, 32900-000, Brasil;Rua Jose Ferreira da Silva 534 Igarape MG 32900000 Brazil;Igarapé;MG;32900000;-20.04121;-44.30682;-20.04121;-44.30682;;MEDIO;CEP generico de cidade, nao de rua (2,4x mais falha)
1808;NACIONALGAS;;endereco;Avenida Getúlio Vargas, 294, Igarapé - MG, 32900-000, Brasil;Avenida Getulio Vargas 294 Igarape MG 32900000 Brazil;Igarapé;MG;32900000;-20.06798;-44.30557;-20.06798;-44.30557;;MEDIO;CEP generico de cidade, nao de rua (2,4x mais falha)
1809;TREZE GÁS;;endereco;Rua Letrado, 203, Igarapé - MG, 32900-000, Brasil;Rua Letrado 203 Igarape MG 32900000 Brazil;Igarapé;MG;32900000;-20.04657;-44.31701;-20.04657;-44.31701;;MEDIO;CEP generico de cidade, nao de rua (2,4x mais falha)
1810;VALE GÁS E DISTRIBUIDORA | IGARAPÉ, MG;;endereco;Avenida Aparecida do Norte, 509, Igarapé - MG, 32900-000, Brasil;Avenida Aparecida do Norte 509 Igarape MG 32900000 Brazil;Igarapé;MG;32900000;-20.07053;-44.31706;-20.07053;-44.31706;;MEDIO;CEP generico de cidade, nao de rua (2,4x mais falha)
1811;AGIL-Água e Gás Ipatinga;;endereco;Avenida Zita Soares de Oliveira, 152, Centro, Ipatinga - MG, 35160-007, Brasil;Avenida Zita Soares de Oliveira 152 Ipatinga MG 35160007 Brazil;Ipatinga;MG;35160007;-19.4754;-42.52774;-19.4754;-42.52774;Centro;;
1812;Alex Gás e Água mineral;;endereco;Rua Hortência, 935, Esperança, Ipatinga - MG, 35162-336, Brasil;Rua Hortencia 935 Ipatinga MG 35162326 Brazil;Ipatinga;MG;35162326;-19.46536;-42.56992;-19.46536;-42.56992;Esperança;;
1813;ALOÍSIO GÁS;;endereco;Avenida Carlos Chagas, 885, Cidade Nobre, Ipatinga - MG, 35162-359, Brasil;Avenida Carlos Chagas 885 Ipatinga MG 35162359 Brazil;Ipatinga;MG;35162359;-19.46178;-42.55938;-19.46178;-42.55938;Cidade Nobre;;
1814;BAHIA GÁS;;endereco;Rua Passo Fundo, 750, Caravelas, Ipatinga - MG, 35164-279, Brasil;Rua Passo Fundo 750 Ipatinga MG 35164279 Brazil;Ipatinga;MG;35164279;-19.45677;-42.54046;-19.45677;-42.54046;Caravelas;;
1815;Barão Gás Ipatinga | Gás e Água mineral;;endereco;Rua Cravina, Rua Orquídea, Bom Jardim, Ipatinga - MG, 35162-290, Brasil;Rua Cravina Ipatinga MG 35162290 Brazil;Ipatinga;MG;35162290;-19.47969;-42.58392;-19.47969;-42.58392;Rua Orquídea Bom Jardim;ALTO;sem numero de porta
1816;BIG- GÁS;;endereco;Avenida Gerasa, 1968, Bethania, Ipatinga - MG, 35164-169, Brasil;Avenida Gerasa 1968 Ipatinga MG 35164540 Brazil;Ipatinga;MG;35164540;-19.44141;-42.55252;-19.44141;-42.55252;Bethania;;
1817;Bretas Gás e Água Mineral;;endereco;Rua Serra da Esperança, 235, Jardim Panorama, Ipatinga - MG, 35164-359, Brasil;Rua Serra da Esperanca 235 Ipatinga MG 35164359 Brazil;Ipatinga;MG;35164359;-19.46682;-42.5454;-19.46682;-42.5454;Jardim Panorama;;
1818;CARDOSO GÁS E ÁGUA MINERAL;;endereco;Rua Val Paraíso, 274, Canaã, Ipatinga - MG, 35164-783, Brasil;Rua Val Paraiso 274 Ipatinga MG 35160000 Brazil;Ipatinga;MG;35160000;-19.44136;-42.55803;-19.44136;-42.55803;Canaã;MEDIO;CEP generico de cidade, nao de rua (2,4x mais falha)
1819;CHAMA GÁS;;endereco;Rua Maria Antonieta Silveira, 9, Vila Celeste, Ipatinga - MG, 35162-511, Brasil;Rua Maria Antonieta Silveira 9 Ipatinga MG 35162511 Brazil;Ipatinga;MG;35162511;-19.45108;-42.56411;-19.45108;-42.56411;Vila Celeste;;
1820;Depósito de Gás Ipatinga;;endereco;Rua Rebeca, 122, Canaã, Ipatinga - MG, 35164-103, Brasil;Rua Rebeca 122 Ipatinga MG 35164103 Brazil;Ipatinga;MG;35164103;-19.44355;-42.5532;-19.44355;-42.5532;Canaã;;
1821;Disk Gás / Tele Gás Ipatinga;;endereco;Rua Goitacazes, 50, Iguaçu, Ipatinga - MG, 35162-061, Brasil;Rua Goitacazes 50 Ipatinga MG 35162061 Brazil;Ipatinga;MG;35162061;-19.47747;-42.56099;-19.47747;-42.56099;Iguaçu;;
1822;Edson Gás;;endereco;Rua Cravo, 110, Bom Jardim, Ipatinga - MG, 35162-249, Brasil;Rua Cravo 110 Ipatinga MG 35162249 Brazil;Ipatinga;MG;35162249;-19.47758;-42.5778;-19.47758;-42.5778;Bom Jardim;;
1823;Expresso Gás Ipatinga;;endereco;Rua Bias Fortes, 154, Bom Retiro, Ipatinga - MG, 35160-216, Brasil;Rua Bias Fortes 154 Ipatinga MG 35160216 Brazil;Ipatinga;MG;35160216;-19.50537;-42.5543;-19.50537;-42.5543;Bom Retiro;;
1824;FLÁVIO GÁS;;endereco;Rua Joaquim Gonçalves Rosa, 585C, Bom Jardim, Ipatinga - MG, 35162-275, Brasil;Rua Joaquim Goncalves Rosa 585C Ipatinga MG 35162275 Brazil;Ipatinga;MG;35162275;-19.4755;-42.57939;-19.4755;-42.57939;Bom Jardim;;
1825;GAS;;endereco;Rua Luiz Gonzaga, 40, Cidade Nobre, Ipatinga - MG, 35162-411, Brasil;Rua Luiz Gonzaga 40 Ipatinga MG 35162411 Brazil;Ipatinga;MG;35162411;-19.46524;-42.55631;-19.46524;-42.55631;Cidade Nobre;;
1826;GENILSON GÁS;;endereco;Rua Camomila, 65, Esperança, Ipatinga - MG, 35162-318, Brasil;Rua Camomila 65 Ipatinga MG 35162318 Brazil;Ipatinga;MG;35162318;-19.46328;-42.57352;-19.46328;-42.57352;Esperança;;
1827;GP Gás;;endereco;Avenida Brasil, 940, Iguaçu, Ipatinga - MG, 35162-036, Brasil;Avenida Brasil 940 Ipatinga MG 35162036 Brazil;Ipatinga;MG;35162036;-19.4722;-42.55554;-19.4722;-42.55554;Iguaçu;;
1828;Gás 24h Ipatinga;;endereco;Avenida Carlos Chagas, 885, Cidade Nobre, Ipatinga - MG, 35162-359, Brasil;Avenida Carlos Chagas 885 Ipatinga MG 35162359 Brazil;Ipatinga;MG;35162359;-19.46178;-42.55938;-19.46178;-42.55938;Cidade Nobre;;
1829;GÁS AVENIDA;;endereco;Rua Betula, 731, Esperança, Ipatinga - MG, 35162-316, Brasil;Rua Betula 731 Ipatinga MG 35162316 Brazil;Ipatinga;MG;35162316;-19.46169;-42.57437;-19.46169;-42.57437;Esperança;;
1830;Gás de cozinha - Veneza e Região;;endereco;Rua Belém, 155, Veneza, Ipatinga - MG, 35164-255, Brasil;Rua Belem 155 Ipatinga MG 35456044 Brazil;Ipatinga;MG;35456044;-19.47118;-42.52852;-19.47118;-42.52852;Veneza;;
1831;IMPÉRIO DO GÁS;;endereco;Avenida Macapá, 420, Veneza, Ipatinga - MG, 35164-253, Brasil;Avenida Macapa 420 Ipatinga MG 35164253 Brazil;Ipatinga;MG;35164253;-19.46827;-42.53192;-19.46827;-42.53192;Veneza;;
1832;Império Gás Ipatinga | supergasbras | Gás do povo;;endereco;Rua Petrolina, 265, Caravelas, Ipatinga - MG, 35164-274, Brasil;Rua Petrolina 265 Ipatinga MG 35164274 Brazil;Ipatinga;MG;35164274;-19.45838;-42.53129;-19.45838;-42.53129;Caravelas;;
1833;IPAGÁS IPATINGA;;endereco;Avenida Galiléia, 99, Canaã, Ipatinga - MG, 35164-165, Brasil;Avenida Galileia 99 Ipatinga MG 35164165 Brazil;Ipatinga;MG;35164165;-19.4528;-42.54965;-19.4528;-42.54965;Canaã;;
1834;IPATINGA GÁS E ÁGUA | REVENDA DE GÁS EM IPATINGA MG;;endereco;Rua Teresina, 645, Veneza, Ipatinga - MG, 35164-302, Brasil;Rua Teresina 645 Ipatinga MG 35164302 Brazil;Ipatinga;MG;35164302;-19.47103;-42.52389;-19.47103;-42.52389;Veneza;;
1835;JAIRO GAS;;endereco;Rua Maçarico, 90, Vila Celeste, Ipatinga - MG, 35162-508, Brasil;Rua Macarico 90 Ipatinga MG 35162508 Brazil;Ipatinga;MG;35162508;-19.45193;-42.566;-19.45193;-42.566;Vila Celeste;;
1836;LIDER GÁS;;endereco;Rua Vito Gaggiato, 12, Veneza, Ipatinga - MG, 35164-551, Brasil;Rua Vito Gaggiato 12 Ipatinga MG 35164550 Brazil;Ipatinga;MG;35164550;-19.47543;-42.51384;-19.47543;-42.51384;Veneza;;
1837;MAIS GÁS IPATINGA;;endereco;Rua Perpétua, 172, Bom Jardim, Ipatinga - MG, 35162-259, Brasil;Rua Perpetua 172 Ipatinga MG 35162259 Brazil;Ipatinga;MG;35162259;-19.48462;-42.58768;-19.48462;-42.58768;Bom Jardim;;
1838;MARADONA GÁS - IPATINGA;;endereco;Rua Olívia Luzia da Silva, 150, Limoeiro, Ipatinga - MG, 35162-463, Brasil;Rua Olivia Luzia da Silva 150 Ipatinga MG 35162463 Brazil;Ipatinga;MG;35162463;-19.44995;-42.59094;-19.44995;-42.59094;Limoeiro;;
1839;Mineirinho Gás IPATINGA;;endereco;Rua Boston, 488, Bethania, Ipatinga - MG, 35164-524, Brasil;Rua Boston 488 Ipatinga MG 35164035 Brazil;Ipatinga;MG;35164035;-19.44198;-42.54686;-19.44198;-42.54686;Bethania;;
1840;Morais gás;;endereco;Rua Niterói, 1583, Veneza, Ipatinga - MG, 35164-290, Brasil;Rua Niteroi 1583 Ipatinga MG 35164290 Brazil;Ipatinga;MG;35164290;-19.46561;-42.52394;-19.46561;-42.52394;Veneza;;
1841;Orlando Gas;;endereco;Rua Estér, 1011, Canaã, Ipatinga - MG, 35164-050, Brasil;Rua Ester 1011 Ipatinga MG 35164050 Brazil;Ipatinga;MG;35164050;-19.44822;-42.55476;-19.44822;-42.55476;Canaã;;
1842;REI DO GÁS;;endereco;Avenida Gerasa, 2274, Bethania, Ipatinga - MG, 35164-535, Brasil;Avenida Gerasa 2274 Ipatinga MG 35164160 Brazil;Ipatinga;MG;35164160;-19.43834;-42.55275;-19.43834;-42.55275;Bethania;;
1843;Silveira gás;;endereco;Rua Avite, 20, Canaã, Ipatinga - MG, 35164-508, Brasil;Rua Avite 20 Ipatinga MG 35164508 Brazil;Ipatinga;MG;35164508;-19.44755;-42.55371;-19.44755;-42.55371;Canaã;;
1844;Super Gás Ipatinga | Supergasbras | Gás do Povo;;endereco;Rua Berilo, 100, Iguaçu, Ipatinga - MG, 35162-031, Brasil;Rua Berilo 100 Ipatinga MG 35162031 Brazil;Ipatinga;MG;35162031;-19.47711;-42.54548;-19.47711;-42.54548;Iguaçu;;
1845;TAÍ GAS IPATINGA;;endereco;Avenida Galiléia, 575, Canaã, Ipatinga - MG, 35164-165, Brasil;Avenida Galileia 575 Ipatinga MG 35164165 Brazil;Ipatinga;MG;35164165;-19.45334;-42.54475;-19.45334;-42.54475;Canaã;;
1846;TAÍ GÁS;;endereco;Rua Procópio Ferreira, 105, Ideal, Ipatinga - MG, 35162-218, Brasil;Rua Procopio Ferreira 105 Ipatinga MG 35162218 Brazil;Ipatinga;MG;35162218;-19.47623;-42.57036;-19.47623;-42.57036;Ideal;;
1847;Tele Gás Loirinho Gás;;endereco;Avenida Macapá, 410, Veneza, Ipatinga - MG, 35164-253, Brasil;Avenida Macapa 410 Ipatinga MG 35164253 Brazil;Ipatinga;MG;35164253;-19.46841;-42.53182;-19.46841;-42.53182;Veneza;;
1848;TELEGÁS IPATINGA | REVENDA DE GÁS EM IPATINGA MG;;endereco;Rua Niterói, 540C, Veneza, Ipatinga - MG, 35164-290, Brasil;Rua Niteroi 540C Ipatinga MG 35164302 Brazil;Ipatinga;MG;35164302;-19.47071;-42.52405;-19.47071;-42.52405;Veneza;;
1849;Telegás Julia Ravi;;endereco;Rua Levítico, 170, Jardim Panorama, Ipatinga - MG, 35162-086, Brasil;Rua Levitico 170 Ipatinga MG 35162094 Brazil;Ipatinga;MG;35162094;-19.4629;-42.55185;-19.4629;-42.55185;Jardim Panorama;;
1850;GÁS DA HORA;;endereco;Rua Nazaré, 156, Itabira - MG, 35900-473, Brasil;Rua Nazare 156 Itabira MG 35900442 Brazil;Itabira;MG;35900442;-19.64848;-43.21784;-19.64848;-43.21784;;;
1851;GÁS ITA GÁS 3834-9393;;endereco;Avenida Ipiranga, 236, Itabira - MG, 35900-370, Brasil;Avenida Ipiranga 236 Itabira MG 35900351 Brazil;Itabira;MG;35900351;-19.63927;-43.23287;-19.63927;-43.23287;;;
1852;GÁS ITABIRA ULTRA GÁS;;endereco;Rua Caetés, 13, Itabira - MG, 35900-275, Brasil;Rua Caetes 13 Itabira MG 35900275 Brazil;Itabira;MG;35900275;-19.63327;-43.20575;-19.63327;-43.20575;;;
1853;HIPER GÁS ITABIRA;;endereco;Rua Castro Alves, 129, Itabira - MG, 35900-414, Brasil;Rua Castro Alves 129 Itabira MG 35900414 Brazil;Itabira;MG;35900414;-19.65262;-43.21215;-19.65262;-43.21215;;;
1854;MEGA GÁS ITABIRA;;endereco;Avenida Rio Doce, 849B, Itabira - MG, 35900-393, Brasil;Avenida Rio Doce 849B Itabira MG 35900393 Brazil;Itabira;MG;35900393;-19.63578;-43.23647;-19.63578;-43.23647;;;
1855;GÁS DO BRASIL COM;;endereco;Rua Doutor Francisco José de Carvalho, 750A, São José, Itabirito - MG, 35457-190, Brasil;Rua Doutor Francisco Jose de Carvalho 750A Itabirito MG 35450000 Brazil;Itabirito;MG;35450000;-20.25448;-43.77918;-20.25448;-43.77918;São José;MEDIO;CEP generico de cidade, nao de rua (2,4x mais falha)
1856;GÁS DO LÚCIO;;endereco;Rua Doutor Eurico Rodrigues, 23, Centro, Itabirito - MG, 35450-093, Brasil;Rua Doutor Eurico Rodrigues 23 Itabirito MG 35450000 Brazil;Itabirito;MG;35450000;-20.25231;-43.80187;-20.25231;-43.80187;Centro;MEDIO;CEP generico de cidade, nao de rua (2,4x mais falha)
1857;GÁS DO SÍLVIO;;endereco;Rua Ana Maria Teixeira, 13, Santa Efigênia, Itabirito - MG, 35450-000, Brasil;Rua Ana Maria Teixeira 13 Itabirito MG 35450000 Brazil;Itabirito;MG;35450000;-20.25751;-43.79181;-20.25751;-43.79181;Santa Efigênia;MEDIO;CEP generico de cidade, nao de rua (2,4x mais falha)
1858;GÁS ITABIRITO;;endereco;Avenida dos Inconfidentes, 71, Lourdes, Itabirito - MG, 35450-184, Brasil;Avenida dos Inconfidentes 71 Itabirito MG 35457330 Brazil;Itabirito;MG;35457330;-20.24474;-43.80135;-20.24474;-43.80135;Lourdes;;
1859;LÍDER GÁS ITABIRITO;;endereco;Rua Doutor Francisco José de Carvalho, 764, São José, Itabirito - MG, 35457-190, Brasil;Rua Doutor Francisco Jose de Carvalho 764 Itabirito MG 35450000 Brazil;Itabirito;MG;35450000;-20.25446;-43.77912;-20.25446;-43.77912;São José;MEDIO;CEP generico de cidade, nao de rua (2,4x mais falha)
1860;TOP GÁS ENTREGA DE GÁS DE COZINHA;;endereco;Rua Olímpia Alves dos Santos, 2, Praia, Itabirito - MG, 35450-242, Brasil;Rua Olimpia Alves dos Santos 2 Itabirito MG 35450000 Brazil;Itabirito;MG;35450000;-20.24808;-43.80626;-20.24808;-43.80626;Praia;MEDIO;CEP generico de cidade, nao de rua (2,4x mais falha)
1861;CHAMAGÁS - GÁS ITAJUBÁ;;endereco;Avenida Padre Lourenço da Costa, 3288, Morro Grande, Itajubá - MG, 37502-710, Brasil;Avenida Padre Lourenco da Costa 3288 Itajuba MG 37502710 Brazil;Itajubá;MG;37502710;-22.4448;-45.43057;-22.4448;-45.43057;Morro Grande;;
1862;FORNECEDORA DE GÁS ITAJUBÁ - REPRESENTANTE SUPERGASBRAS;;endereco;Avenida Pres. Tancredo de Almeida Neves, 890, Distrito Industrial, Itajubá - MG, 37504-071, Brasil;Avenida Pres Tancredo de Almeida Neves 890 Itajuba MG 37504071 Brazil;Itajubá;MG;37504071;-22.42256;-45.47091;-22.42256;-45.47091;Distrito Industrial;;
1863;GÁS FORTE;;endereco;Avenida Silvestre Antônio Junqueira Ferraz, 416, Boa Vista, Itajubá - MG, 37505-130, Brasil;Avenida Silvestre Antonio Junqueira Ferraz 416 Itajuba MG 37505096 Brazil;Itajubá;MG;37505096;-22.42045;-45.46773;-22.42045;-45.46773;Boa Vista;;
1864;GÁS VIEIRA;;endereco;Latarias, Avenida Padre Lourenço da Costa, Morro Grande, Itajubá - MG, 37502-710, Brasil;Avenida Padre Lourenco da Costa Itajuba MG 37502710 Brazil;Itajubá;MG;37502710;-22.44533;-45.42958;-22.44533;-45.42958;Morro Grande;ALTO;sem numero de porta
1865;HIPER GÁS ITAJUBÁ;;endereco;Avenida Coronel Carneiro Júnior, 57, Centro, Itajubá - MG, 37500-018, Brasil;Avenida Coronel Carneiro Junior 57 Itajuba MG 37500018 Brazil;Itajubá;MG;37500018;-22.4247;-45.45459;-22.4247;-45.45459;Centro;;
1866;ITAGÁS;;endereco;Avenida Padre Lourenço da Costa, 821, São Vicente, Itajubá - MG, 37502-005, Brasil;Avenida Padre Lourenco da Costa 821 Itajuba MG 37502005 Brazil;Itajubá;MG;37502005;-22.42977;-45.44581;-22.42977;-45.44581;São Vicente;;
1867;CHAMA GÁS E ÁGUA;;endereco;Rua Cascata, 295, Itamarandiba - MG, 39670-000, Brasil;Rua Cascata 295 Itamarandiba MG 39670000 Brazil;Itamarandiba;MG;39670000;-17.86396;-42.85686;-17.86396;-42.85686;;MEDIO;CEP generico de cidade, nao de rua (2,4x mais falha)
1868;ULTRAGAZ;;endereco;Rua Senhor Franklin, 369A, Itamarandiba - MG, 39670-000, Brasil;Rua Senhor Franklin 369A Itamarandiba MG 39670000 Brazil;Itamarandiba;MG;39670000;-17.86133;-42.86064;-17.86133;-42.86064;;MEDIO;CEP generico de cidade, nao de rua (2,4x mais falha)
1869;TELEGÁS EMPÓRIO - REVENDA LIQUIGÁS;;endereco;Rua Brasília, 288, Itambacuri - MG, 39830-000, Brasil;Rua Brasilia 288 Itambacuri MG 39830000 Brazil;Itambacuri;MG;39830000;-18.03638;-41.67877;-18.03638;-41.67877;;MEDIO;CEP generico de cidade, nao de rua (2,4x mais falha)
1870;GÁS DO WANDERLEY;;endereco;Rua Dulce Morias Malachias, 511, Itapecerica - MG, 35550-000, Brasil;Rua Dulce Morias Malachias 511 Itapecerica MG 35550000 Brazil;Itapecerica;MG;35550000;-20.47543;-45.1152;-20.47543;-45.1152;;MEDIO;CEP generico de cidade, nao de rua (2,4x mais falha)
1871;DEPÓSITO DE GÁS 5 ESTRELAS;;endereco;Rua Francisco Viana Filho, 31, Aeroporto, Itaúna - MG, 35681-035, Brasil;Rua Francisco Viana Filho 31 Itauna MG 35681035 Brazil;Itaúna;MG;35681035;-20.09395;-44.60122;-20.09395;-44.60122;Aeroporto;;
1872;DEPÓSITO DE GÁS SANTO ANTÔNIO;;endereco;Avenida Manoel da Custódia, 924, Morada Nova, Itaúna - MG, 35680-403, Brasil;Avenida Manoel da Custodia 924 Itauna MG 35680403 Brazil;Itaúna;MG;35680403;-20.08795;-44.59357;-20.08795;-44.59357;Morada Nova;;
1873;GAGO GÁS;;endereco;Rua Juquita Carvalho, 48, Cerqueira Lima, Itaúna - MG, 35680-354, Brasil;Rua Juquita Carvalho 48 Itauna MG 35680354 Brazil;Itaúna;MG;35680354;-20.07701;-44.5824;-20.07701;-44.5824;Cerqueira Lima;;
1874;Gasminas;;endereco;Avenida Jove Soares, 1603, Piedade, Itaúna - MG, 35680-346, Brasil;Avenida Jove Soares 1603 Itauna MG 35680346 Brazil;Itaúna;MG;35680346;-20.08249;-44.57938;-20.08249;-44.57938;Piedade;;
1875;GÁS GÁS;;endereco;Rua Wilson Mendes Nogueira, 134, Santa Mônica, Itaúna - MG, 35681-220, Brasil;Rua Wilson Mendes Nogueira 134 Itauna MG 35681220 Brazil;Itaúna;MG;35681220;-20.06113;-44.56619;-20.06113;-44.56619;Santa Mônica;;
1876;PROGÁS E PROÁGUA;;endereco;Avenida Jove Soares, 1603, Piedade, Itaúna - MG, 35680-346, Brasil;Avenida Jove Soares 1603 Itauna MG 35680346 Brazil;Itaúna;MG;35680346;-20.08249;-44.57938;-20.08249;-44.57938;Piedade;;
1877;DEPÓSITO DE GÁS IMPERIAL;;endereco;Rua Vinte e Seis, 1329, Centro, Ituiutaba - MG, 38300-080, Brasil;Rua Vinte e Seis 1329 Ituiutaba MG 38300080 Brazil;Ituiutaba;MG;38300080;-18.97747;-49.45921;-18.97747;-49.45921;Centro;;
1878;DEPÓSITO DE GÁS SUPRA;;endereco;Rua Vinte e Seis, 1751, Centro, Ituiutaba - MG, 38300-080, Brasil;Rua Vinte e Seis 1751 Ituiutaba MG 38300162 Brazil;Ituiutaba;MG;38300162;-18.98091;-49.45828;-18.98091;-49.45828;Centro;;
1879;DEPÓSITO DE GÁS TRIÂNGULO;;endereco;Avenida Doutor Omar Oliveira Diniz, 1233, Jardim Jamila, Ituiutaba - MG, 38307-439, Brasil;Avenida Doutor Omar Oliveira Diniz 1233 Ituiutaba MG 38307140 Brazil;Ituiutaba;MG;38307140;-18.99321;-49.48078;-18.99321;-49.48078;Jardim Jamila;;
1880;DILON DISTRIBUIDORA DE ÁGUA E GÁS;;endereco;Avenida Onze, 561, Progresso, Ituiutaba - MG, 38302-028, Brasil;Avenida Onze 561 Ituiutaba MG 38300028 Brazil;Ituiutaba;MG;38300028;-18.97007;-49.45727;-18.97007;-49.45727;Progresso;;
1881;DISQUE GÁS;;endereco;Rua Capitão Jerônimo Martins, 59, Junqueira, Ituiutaba - MG, 38304-062, Brasil;Rua Capitao Jeronimo Martins 59 Ituiutaba MG 38304062 Brazil;Ituiutaba;MG;38304062;-18.98233;-49.45224;-18.98233;-49.45224;Junqueira;;
1882;GAS CANAA ITUIUTABA;;endereco;Rua Monte Alegre, 172, Pirapitinga, Ituiutaba - MG, 38307-408, Brasil;Rua Monte Alegre 172 Ituiutaba MG 38307490 Brazil;Ituiutaba;MG;38307490;-18.98507;-49.47591;-18.98507;-49.47591;Pirapitinga;;
1883;GÁS BRASIL ITBA;;endereco;Avenida Paranaíba, 3202, Marta Helena, Ituiutaba - MG, 38307-160, Brasil;Avenida Paranaiba 3202 Ituiutaba MG 38307160 Brazil;Ituiutaba;MG;38307160;-18.98095;-49.48073;-18.98095;-49.48073;Marta Helena;;
1884;GÁS ESTRELA;;endereco;Avenida Deputado Daniel Freitas Barros, 2395A, Universitário, Ituiutaba - MG, 38302-132, Brasil;Avenida Deputado Daniel Freitas Barros 2395A Ituiutaba MG 38302132 Brazil;Ituiutaba;MG;38302132;-18.96744;-49.44808;-18.96744;-49.44808;Universitário;;
1885;GÁS MACEDO SUPERGASBRAS;;endereco;Rua Zero, 1167, Natal, Ituiutaba - MG, 38300-306, Brasil;Rua Zero 1167 Ituiutaba MG 38300050 Brazil;Ituiutaba;MG;38300050;-18.99291;-49.47103;-18.99291;-49.47103;Natal;;
1886;GÁS PIMENTA;;endereco;Rua Quatorze, 738, Centro, Ituiutaba - MG, 38304-261, Brasil;Rua Quatorze 738 Ituiutaba MG 38300106 Brazil;Ituiutaba;MG;38300106;-18.98242;-49.46596;-18.98242;-49.46596;Centro;;
1887;GÁS TIJUCANO;;endereco;Avenida C-13, 25, Novo Horizonte, Ituiutaba - MG, 38303-309, Brasil;Avenida C 13 25 Ituiutaba MG 38303303 Brazil;Ituiutaba;MG;38303303;-18.9849;-49.4344;-18.9849;-49.4344;Novo Horizonte;;
1888;MINAS GERAIS DISTRIBUIDORA DE GÁS E ÁGUA;;endereco;Rua Dezoito, 54, Elândia, Ituiutaba - MG, 38300-167, Brasil;Rua Dezoito 54 Ituiutaba MG 38304259 Brazil;Ituiutaba;MG;38304259;-18.99009;-49.4624;-18.99009;-49.4624;Elândia;;
1889;PARDAL GÁS;;endereco;Rua João Quirino de Morais, 378, Platina, Ituiutaba - MG, 38307-056, Brasil;Rua Joao Quirino de Morais 378 Ituiutaba MG 38307056 Brazil;Ituiutaba;MG;38307056;-18.97908;-49.47818;-18.97908;-49.47818;Platina;;
1890;ULTRAGAZ;;endereco;Avenida C-11, 306, Novo Horizonte, Ituiutaba - MG, 38303-305, Brasil;Avenida C 11 306 Ituiutaba MG 38303305 Brazil;Ituiutaba;MG;38303305;-18.98489;-49.43694;-18.98489;-49.43694;Novo Horizonte;;
1891;VALTER GÁS;;endereco;Rua Trinta e Cinco, 1100, Setor Sul, Ituiutaba - MG, 38300-026, Brasil;Rua Trinta e Cinco 1100 Ituiutaba MG 38300026 Brazil;Ituiutaba;MG;38300026;-18.98626;-49.46597;-18.98626;-49.46597;Setor Sul;;
1892;ITU GÁS;;endereco;Rua da Dona Fiuca, Iturama - MG, 38280-000, Brasil;Rua da Dona Fiuca Iturama MG 38280000 Brazil;Iturama;MG;38280000;-19.74455;-50.19501;-19.74455;-50.19501;;ALTO;"sem numero de porta; CEP generico de cidade, nao de rua (2,4x mais falha)"
1893;ITURAMA GÁS ULTRAGAZ;;endereco;Rua Santa Vitória, 982, Iturama - MG, 38280-000, Brasil;Rua Santa Vitoria 982 Iturama MG 38280000 Brazil;Iturama;MG;38280000;-19.73352;-50.19301;-19.73352;-50.19301;;MEDIO;CEP generico de cidade, nao de rua (2,4x mais falha)
1894;POLO NORTE GÁS - ITURAMA;;endereco;Rua A. Quatro, 91, Iturama - MG, 38280-000, Brasil;Rua A Quatro 91 Iturama MG 38280000 Brazil;Iturama;MG;38280000;-19.73783;-50.19113;-19.73783;-50.19113;;MEDIO;CEP generico de cidade, nao de rua (2,4x mais falha)
1895;VENAN GÁS 2;;endereco;Avenida Ayrton Senna do Brasil, 1033, Iturama - MG, 38280-000, Brasil;Avenida Ayrton Senna do Brasil 1033 Iturama MG 38280000 Brazil;Iturama;MG;38280000;-19.72793;-50.1802;-19.72793;-50.1802;;MEDIO;CEP generico de cidade, nao de rua (2,4x mais falha)
1896;COPAGAZ;;endereco;Rua João Pessoa, 529, Jacutinga - MG, 37590-000, Brasil;Rua Joao Pessoa 529 Jacutinga MG 37590000 Brazil;Jacutinga;MG;37590000;-22.29582;-46.61372;-22.29582;-46.61372;;MEDIO;CEP generico de cidade, nao de rua (2,4x mais falha)
1897;SJ DEPÓSITO DE GÁS;;endereco;Rua José Adami Neto, 535, Jacutinga - MG, 37590-000, Brasil;Rua Jose Adami Neto 535 Jacutinga MG 37590000 Brazil;Jacutinga;MG;37590000;-22.28856;-46.62126;-22.28856;-46.62126;;MEDIO;CEP generico de cidade, nao de rua (2,4x mais falha)
1898;ULTRAGAZ JACUTINGA;;endereco;Rua dos Expedicionários, 331, Jacutinga - MG, 37590-000, Brasil;Rua dos Expedicionarios 331 Jacutinga MG 37590000 Brazil;Jacutinga;MG;37590000;-22.29064;-46.6142;-22.29064;-46.6142;;MEDIO;CEP generico de cidade, nao de rua (2,4x mais falha)
1899;CENTRAL GÁS;;endereco;Rua Bias Fortes, 80, Janaúba - MG, 39445-239, Brasil;Rua Bias Fortes 80 Janauba MG 39445239 Brazil;Janaúba;MG;39445239;-15.81318;-43.30639;-15.81318;-43.30639;;;
1900;GAS RIO NOVO;;endereco;Avenida Gentil Dias, 987, Janaúba - MG, 39440-338, Brasil;Avenida Gentil Dias 987 Janauba MG 39440338 Brazil;Janaúba;MG;39440338;-15.78694;-43.31788;-15.78694;-43.31788;;;
1901;GÁS CONFIANÇA;;endereco;Avenida Marcelino Siqueira, 1901, Janaúba - MG, 39440-000, Brasil;Avenida Marcelino Siqueira 1901 Janauba MG 39440736 Brazil;Janaúba;MG;39440736;-15.75589;-43.31448;-15.75589;-43.31448;;;
1902;GÁS MURÇA JANAÚBA;;endereco;Avenida Brasil, 591, Janaúba - MG, 39442-010, Brasil;Avenida Brasil 591 Janauba MG 39440000 Brazil;Janaúba;MG;39440000;-15.80364;-43.31076;-15.80364;-43.31076;;MEDIO;CEP generico de cidade, nao de rua (2,4x mais falha)
1903;JANAÚBA GÁS;;endereco;Rua Altino G. Barbosa, 206, Janaúba - MG, 39445-746, Brasil;Rua Altino G Barbosa 206 Janauba MG 39445630 Brazil;Janaúba;MG;39445630;-15.82609;-43.30848;-15.82609;-43.30848;;;
1904;ULTRAGAZ GÁS NORTE;;endereco;Rua Montes Claros, 120A, Janaúba - MG, 39442-266, Brasil;Rua Montes Claros 120A Janauba MG 39440000 Brazil;Janaúba;MG;39440000;-15.7977;-43.30989;-15.7977;-43.30989;;MEDIO;CEP generico de cidade, nao de rua (2,4x mais falha)
1905;CENTER GÁS E ÁGUA MINERAL DE JANUÁRIA;;endereco;Avenida Marechal Eurico Gaspar Dutra, 561A, Januária - MG, 39480-000, Brasil;Avenida Marechal Eurico Gaspar Dutra 561A Januaria MG 39480000 Brazil;Januária;MG;39480000;-15.48226;-44.36309;-15.48226;-44.36309;;MEDIO;CEP generico de cidade, nao de rua (2,4x mais falha)
1906;COPAGAZ HENRY;;endereco;Rua Cecilio Martins, 71, Januária - MG, 39480-000, Brasil;Rua Cecilio Martins 71 Januaria MG 39480000 Brazil;Januária;MG;39480000;-15.4813;-44.36833;-15.4813;-44.36833;;MEDIO;CEP generico de cidade, nao de rua (2,4x mais falha)
1907;DISTRIBUIDOR JANUAGAS LTDA;;endereco;Rua Dezessete, 78, Januária - MG, 39480-000, Brasil;Rua Dezessete 78 Januaria MG 39480000 Brazil;Januária;MG;39480000;-15.47434;-44.36559;-15.47434;-44.36559;;MEDIO;CEP generico de cidade, nao de rua (2,4x mais falha)
1908;KILOGÁS;;endereco;Avenida Cônego Ramiro Leite, 1691, Januária - MG, 39480-000, Brasil;Avenida Conego Ramiro Leite 1691 Januaria MG 39480000 Brazil;Januária;MG;39480000;-15.47181;-44.37495;-15.47181;-44.37495;;MEDIO;CEP generico de cidade, nao de rua (2,4x mais falha)
1909;MARCO GÁS;;endereco;Rua A, 77A, Januária - MG, 39480-000, Brasil;Rua A 77A Januaria MG 39480000 Brazil;Januária;MG;39480000;-15.48421;-44.36949;-15.48421;-44.36949;;MEDIO;CEP generico de cidade, nao de rua (2,4x mais falha)
1910;QUERO GÁS E AGUA MINERAL;;endereco;Rua Hermílio Tupina, 310, Januária - MG, 39480-000, Brasil;Rua Hermilio Tupina 310 Januaria MG 39480000 Brazil;Januária;MG;39480000;-15.47705;-44.366;-15.47705;-44.366;;MEDIO;CEP generico de cidade, nao de rua (2,4x mais falha)
1911;GÁS BOIADEIRO;;endereco;Rua 20, 23, Jaíba - MG, 39508-000, Brasil;Rua 20 23 Jaiba MG 39508000 Brazil;Jaíba;MG;39508000;-15.33709;-43.67985;-15.33709;-43.67985;;MEDIO;CEP generico de cidade, nao de rua (2,4x mais falha)
1912;GÁS MURÇA JAÍBA;;endereco;Avenida Coronel Moacir José da Silva, 1155, Jaíba - MG, 39508-000, Brasil;Avenida Coronel Moacir Jose da Silva 1155 Jaiba MG 39508000 Brazil;Jaíba;MG;39508000;-15.35196;-43.66699;-15.35196;-43.66699;;MEDIO;CEP generico de cidade, nao de rua (2,4x mais falha)
1913;MOTOGÁS - JEQUITINHONHA;;endereco;Rua das Caravelas, 32, Jequitinhonha - MG, 39960-000, Brasil;Rua das Caravelas 32 Jequitinhonha MG 39960000 Brazil;Jequitinhonha;MG;39960000;-16.44848;-41.01513;-16.44848;-41.01513;;MEDIO;CEP generico de cidade, nao de rua (2,4x mais falha)
1914;CLUBE DO GÁS - JOÃO MONLEVADE;;endereco;Avenida Armando Fajardo, 383, João Monlevade - MG, 35930-340, Brasil;Avenida Armando Fajardo 383 Joao Monlevade MG 35930340 Brazil;João Monlevade;MG;35930340;-19.81653;-43.15742;-19.81653;-43.15742;;;
1915;DISK GÁS MINASGÁS;;endereco;Rua Bárbara Heliodora, 260, João Monlevade - MG, 35930-364, Brasil;Rua Barbara Heliodora 260 Joao Monlevade MG 35930364 Brazil;João Monlevade;MG;35930364;-19.82248;-43.15622;-19.82248;-43.15622;;;
1916;GÁS LIGEIRINHO - GÁS JOÃO MONLEVADE - AGUA MINERAL JOÃO MONLEVADE;;endereco;Travessa Floresta, 307, João Monlevade - MG, 35930-235, Brasil;Travessa Floresta 307 Joao Monlevade MG 35930045 Brazil;João Monlevade;MG;35930045;-19.8088;-43.16638;-19.8088;-43.16638;;;
1917;M&M SOUZA GÁS;;endereco;Rua das Laranjeiras, 210, João Pinheiro - MG, 38770-000, Brasil;Rua das Laranjeiras 210 Joao Pinheiro MG 38770000 Brazil;João Pinheiro;MG;38770000;-17.75825;-46.18193;-17.75825;-46.18193;;MEDIO;CEP generico de cidade, nao de rua (2,4x mais falha)
1918;SUPRA GÁS;;endereco;Rua Albertino Maia, 671, João Pinheiro - MG, 38770-000, Brasil;Rua Albertino Maia 671 Joao Pinheiro MG 38770000 Brazil;João Pinheiro;MG;38770000;-17.73821;-46.18078;-17.73821;-46.18078;;MEDIO;CEP generico de cidade, nao de rua (2,4x mais falha)
1919;FL GÁS & ÁGUA MINERAL - DISK GÁS JUATUBA;;endereco;Avenida Joseph Villerge, 116, Juatuba - MG, 35675-000, Brasil;Avenida Joseph Villerge 116 Juatuba MG 35675000 Brazil;Juatuba;MG;35675000;-19.9521;-44.34954;-19.9521;-44.34954;;MEDIO;CEP generico de cidade, nao de rua (2,4x mais falha)
1920;GÁS SAMAMBAIA;;endereco;Avenida Um, 2197, Verde Vida, Juatuba - MG, 35675-000, Brasil;Avenida Um 2197 Juatuba MG 35675000 Brazil;Juatuba;MG;35675000;-19.98147;-44.29928;-19.98147;-44.29928;Verde Vida;MEDIO;CEP generico de cidade, nao de rua (2,4x mais falha)
1921;Agência Nacional Do Gás;;endereco;Rua Sebastião Martins Barbosa, 15, Juiz de Fora - MG, 36091-214, Brasil;Rua Sebastiao Martins Barbosa 15 Juiz de Fora MG 36091205 Brazil;Juiz de Fora;MG;36091205;-21.72008;-43.48786;-21.72008;-43.48786;;;
1922;AMIGÃO GÁS;;endereco;Rua Ibitiguaia, 962, Ipiranga, Juiz de Fora - MG, 36031-000, Brasil;Rua Ibitiguaia 962 Juiz de Fora MG 36031000 Brazil;Juiz de Fora;MG;36031000;-21.788;-43.3517;-21.788;-43.3517;Ipiranga;MEDIO;CEP generico de cidade, nao de rua (2,4x mais falha)
1923;ANTÔNIO CARLOS GÁS;;endereco;Rua Furtado de Menezes, 30, Vila Furtado de Menezes, Juiz de Fora - MG, 36020-410, Brasil;Rua Furtado de Menezes 30 Juiz de Fora MG 36020410 Brazil;Juiz de Fora;MG;36020410;-21.77301;-43.33211;-21.77301;-43.33211;Vila Furtado de Menezes;;
1924;Arlen Gás e Água;;endereco;Rua Nossa Senhora de Aparecida, 289, Manoel Honório, Juiz de Fora - MG, 36052-030, Brasil;Rua Nossa Senhora de Aparecida 289 Juiz de Fora MG 36052030 Brazil;Juiz de Fora;MG;36052030;-21.74395;-43.34877;-21.74395;-43.34877;Manoel Honório;;
1925;ATACADO GÁS;;endereco;Rua Albino Esteves, 105, Vila Ideal, Juiz de Fora - MG, 36020-690, Brasil;Rua Albino Esteves 105 Juiz de Fora MG 36020690 Brazil;Juiz de Fora;MG;36020690;-21.77862;-43.32669;-21.77862;-43.32669;Vila Ideal;;
1926;Click Gás - Supergasbras;;endereco;Avenida Olegário Maciel, 1788, Jardim Paineiras, Juiz de Fora - MG, 36016-011, Brasil;Avenida Olegario Maciel 1788 Juiz de Fora MG 36016011 Brazil;Juiz de Fora;MG;36016011;-21.76989;-43.35727;-21.76989;-43.35727;Jardim Paineiras;;
1927;CÂNDIDO GÁS;;endereco;Rua Cidade de França, 77, Santos Dumont, Juiz de Fora - MG, 36038-050, Brasil;Rua Cidade de Franca 77 Juiz de Fora MG 36035000 Brazil;Juiz de Fora;MG;36035000;-21.7762;-43.38787;-21.7762;-43.38787;Santos Dumont;MEDIO;CEP generico de cidade, nao de rua (2,4x mais falha)
1928;DEPÓSITO DE GÁS;;endereco;Rua Rosa, 10, Milho Branco, Juiz de Fora - MG, 36083-340, Brasil;Rua Rosa 10 Juiz de Fora MG 36072350 Brazil;Juiz de Fora;MG;36072350;-21.73715;-43.40224;-21.73715;-43.40224;Milho Branco;;
1929;DISK GÁS - DISTRIBUIDORA DE GAS JUIZ DE FORA;;endereco;Rua do Monte, 312, Vitorino Braga, Juiz de Fora - MG, 36060-250, Brasil;Rua do Monte 312 Juiz de Fora MG 36060250 Brazil;Juiz de Fora;MG;36060250;-21.75057;-43.3427;-21.75057;-43.3427;Vitorino Braga;;
1930;DISTRIBUIDORA SANTA TEREZINHA GÁS;;endereco;Rua Professor João Corrêa Barbosa, 21, Santa Terezinha, Juiz de Fora - MG, 36046-060, Brasil;Rua Professor Joao Correa Barbosa 21 Juiz de Fora MG 36046060 Brazil;Juiz de Fora;MG;36046060;-21.73308;-43.35775;-21.73308;-43.35775;Santa Terezinha;;
1931;ECN GÁS JF - ULTRAGAZ;;endereco;Avenida Brasil, 1000, Costa Carvalho, Juiz de Fora - MG, 36070-060, Brasil;Avenida Brasil 1000 Juiz de Fora MG 36070060 Brazil;Juiz de Fora;MG;36070060;-21.76196;-43.33578;-21.76196;-43.33578;Costa Carvalho;;
1932;EntreSantos Gás e Água;;endereco;Rua Melo Franco, 190, São Mateus, Juiz de Fora - MG, 36026-270, Brasil;Rua Melo Franco 190 Juiz de Fora MG 36026000 Brazil;Juiz de Fora;MG;36026000;-21.77684;-43.35397;-21.77684;-43.35397;São Mateus;MEDIO;CEP generico de cidade, nao de rua (2,4x mais falha)
1933;Gervazio Gás e Água - Supergasbras;;endereco;Avenida Presidente Costa e Silva, 1885, São Pedro, Juiz de Fora - MG, 36037-000, Brasil;Avenida Presidente Costa e Silva 1885 Juiz de Fora MG 36037000 Brazil;Juiz de Fora;MG;36037000;-21.77262;-43.37488;-21.77262;-43.37488;São Pedro;MEDIO;CEP generico de cidade, nao de rua (2,4x mais falha)
1934;GÁS DO ADÃO;;endereco;Rua Tomaz Gonzaga, 426, Francisco Bernardino, Juiz de Fora - MG, 36081-690, Brasil;Rua Tomaz Gonzaga 426 Juiz de Fora MG 36083010 Brazil;Juiz de Fora;MG;36083010;-21.73464;-43.39741;-21.73464;-43.39741;Francisco Bernardino;;
1935;GÁS DO AMIGO;;endereco;Avenida Doutor Simeão de Faria, 1820, Santa Cruz, Juiz de Fora - MG, 36088-000, Brasil;Avenida Doutor Simeao de Faria 1820 Juiz de Fora MG 36088000 Brazil;Juiz de Fora;MG;36088000;-21.71221;-43.44008;-21.71221;-43.44008;Santa Cruz;MEDIO;CEP generico de cidade, nao de rua (2,4x mais falha)
1936;Gás Nacional Gás e Supergasbras;;endereco;Rua Francisco Faulhaber, 26, Barbosa Lage, Juiz de Fora - MG, 36085-020, Brasil;Rua Francisco Faulhaber 26 Juiz de Fora MG 36085020 Brazil;Juiz de Fora;MG;36085020;-21.72023;-43.39475;-21.72023;-43.39475;Barbosa Lage;;
1937;Império do Gás;;endereco;Rua Maria Luiza Souza, 364, Nova Benfica, Juiz de Fora - MG, 36091-090, Brasil;Rua Maria Luiza Souza 364 Juiz de Fora MG 36091090 Brazil;Juiz de Fora;MG;36091090;-21.69812;-43.44074;-21.69812;-43.44074;Nova Benfica;;
1938;JUIZ DE FORA GÁS;;endereco;Rua Vila Vidal, 585, Jockey Club, Juiz de Fora - MG, 36083-580, Brasil;Rua Vila Vidal 585 Juiz de Fora MG 36083580 Brazil;Juiz de Fora;MG;36083580;-21.72414;-43.39684;-21.72414;-43.39684;Jockey Club;;
1939;Laranjinha Gás;;endereco;Avenida Juiz de Fora, 1520, Muçunge da Grama, Juiz de Fora - MG, 36048-001, Brasil;Avenida Juiz de Fora 1520 Juiz de Fora MG 36048001 Brazil;Juiz de Fora;MG;36048001;-21.68835;-43.3491;-21.68835;-43.3491;Muçunge da Grama;;
1940;Mendes Gás - Nacional Gás;;endereco;Rua A, 65, Juiz de Fora - MG, 36083-212, Brasil;Rua A 65 Juiz de Fora MG 36083770 Brazil;Juiz de Fora;MG;36083770;-21.73644;-43.40698;-21.73644;-43.40698;;;
1941;Paineiras Gás e Água;;endereco;Rua Monsenhor Nogueira, 115, Jardim Paineiras, Juiz de Fora - MG, 36016-120, Brasil;Rua Monsenhor Nogueira 115 Juiz de Fora MG 36016011 Brazil;Juiz de Fora;MG;36016011;-21.7673;-43.35427;-21.7673;-43.35427;Jardim Paineiras;;
1942;Quirino Gás;;endereco;Rua do Monte, 30, Vitorino Braga, Juiz de Fora - MG, 36060-250, Brasil;Rua do Monte 30 Juiz de Fora MG 36060250 Brazil;Juiz de Fora;MG;36060250;-21.75158;-43.34401;-21.75158;-43.34401;Vitorino Braga;;
1943;RONDI GÁS;;endereco;Rua Desembargador Eurico Cunha, 111, Borboleta, Juiz de Fora - MG, 36035-510, Brasil;Rua Desembargador Eurico Cunha 111 Juiz de Fora MG 36035510 Brazil;Juiz de Fora;MG;36035510;-21.7548;-43.38179;-21.7548;-43.38179;Borboleta;;
1944;SASSA GAS - ULTRAGAZ;;endereco;Avenida Juiz de Fora, 995, Muçunge da Grama, Juiz de Fora - MG, 36048-115, Brasil;Avenida Juiz de Fora 995 Juiz de Fora MG 36048115 Brazil;Juiz de Fora;MG;36048115;-21.69218;-43.35138;-21.69218;-43.35138;Muçunge da Grama;;
1945;Sassá Gás e Água - São Pedro;;endereco;Avenida Senhor dos Passos, 2125, São Pedro, Juiz de Fora - MG, 36037-490, Brasil;Avenida Senhor dos Passos 2125 Juiz de Fora MG 36037490 Brazil;Juiz de Fora;MG;36037490;-21.77508;-43.38929;-21.77508;-43.38929;São Pedro;;
1946;SUPER GÁS DISTRIBUIDORA DE GÁS;;endereco;Rua Silvestre de Araújo Porto, 639, Progresso, Juiz de Fora - MG, 36050-580, Brasil;Rua Silvestre de Araujo Porto 639 Juiz de Fora MG 36050580 Brazil;Juiz de Fora;MG;36050580;-21.72838;-43.34323;-21.72838;-43.34323;Progresso;;
1947;SUPER GÁS JF;;endereco;Deposito de Gás Lopes, Rua Jesus Raimundo, 621, Teixeiras, Juiz de Fora - MG, 36033-370, Brasil;Rua Jesus Raimundo 621 Juiz de Fora MG 36033012 Brazil;Juiz de Fora;MG;36033012;-21.79352;-43.36278;-21.79352;-43.36278;Teixeiras;;
1948;Super Gás JF e Água;;endereco;Rua José Lourenço, 168, São Pedro, Juiz de Fora - MG, 36037-460, Brasil;Rua Jose Lourenco 168 Juiz de Fora MG 36036230 Brazil;Juiz de Fora;MG;36036230;-21.7722;-43.38324;-21.7722;-43.38324;São Pedro;;
1949;SUPERGASBRAS;;endereco;Avenida Doutor Simeão de Faria, 120, Santa Cruz, Juiz de Fora - MG, 36087-450, Brasil;Avenida Doutor Simeao de Faria 120 Juiz de Fora MG 36087450 Brazil;Juiz de Fora;MG;36087450;-21.69925;-43.4261;-21.69925;-43.4261;Santa Cruz;;
1950;SuperGasBras;;endereco;Rua Agenor Batista Garcia, 71, Santa Rita de Cássia, Juiz de Fora - MG, 36051-430, Brasil;Rua Agenor Batista Garcia 71 Juiz de Fora MG 36051400 Brazil;Juiz de Fora;MG;36051400;-21.74113;-43.3438;-21.74113;-43.3438;Santa Rita de Cássia;;
1951;VITOR GÁS;;endereco;Rua Benjamim Megioláro, 21, Nossa Senhora Aparecida, Juiz de Fora - MG, 36052-540, Brasil;Rua Benjamim Megiolaro 21 Juiz de Fora MG 36052540 Brazil;Juiz de Fora;MG;36052540;-21.7464;-43.35107;-21.7464;-43.35107;Nossa Senhora Aparecida;;
1952;ESTRADA GÁS;;endereco;Estrada Gás, Rua Divinópolis, 579, Lagoa da Prata - MG, 35590-110, Brasil;Rua Divinopolis 579 Lagoa da Prata MG 35590000 Brazil;Lagoa da Prata;MG;35590000;-20.01085;-45.54714;-20.01085;-45.54714;;MEDIO;CEP generico de cidade, nao de rua (2,4x mais falha)
1953;GÁS LAGOENSE;;endereco;Cervejaria e Mercearia Rezende 24horas, Rua Expedicionário Luciano de Castro, Lagoa da Prata - MG, 35592-256, Brasil;Rua Expedicionario Luciano de Castro Lagoa da Prata MG 35590000 Brazil;Lagoa da Prata;MG;35590000;-20.0284;-45.52698;-20.0284;-45.52698;;ALTO;"sem numero de porta; CEP generico de cidade, nao de rua (2,4x mais falha)"
1954;SILVA GÁS E ÁGUA;;endereco;Avenida Suldário Felizardo de Castro, 725, Lagoa da Prata - MG, 35591-352, Brasil;Avenida Suldario Felizardo de Castro 725 Lagoa da Prata MG 35590000 Brazil;Lagoa da Prata;MG;35590000;-20.04854;-45.53234;-20.04854;-45.53234;;MEDIO;CEP generico de cidade, nao de rua (2,4x mais falha)
1955;SKINA GAS;;endereco;Avenida José Bernardes Maciel, 1280, Lagoa da Prata - MG, 35591-002, Brasil;Avenida Jose Bernardes Maciel 1280 Lagoa da Prata MG 35590000 Brazil;Lagoa da Prata;MG;35590000;-20.02686;-45.52915;-20.02686;-45.52915;;MEDIO;CEP generico de cidade, nao de rua (2,4x mais falha)
1956;ÁGUIA GÁS E ÁGUA;;endereco;Rua Olegário Maciel, 82, Lagoa da Prata - MG, 35590-034, Brasil;Rua Olegario Maciel 82 Lagoa da Prata MG 35590000 Brazil;Lagoa da Prata;MG;35590000;-20.02142;-45.54177;-20.02142;-45.54177;;MEDIO;CEP generico de cidade, nao de rua (2,4x mais falha)
1957;DISTRIBUIDORA BETÃO;;endereco;Avenida Carlos Orleans Guimarães, 171, Lagoa Santa - MG, 33400-000, Brasil;Avenida Carlos Orleans Guimaraes 171 Lagoa Santa MG 33400000 Brazil;Lagoa Santa;MG;33400000;-19.64356;-43.88408;-19.64356;-43.88408;;MEDIO;CEP generico de cidade, nao de rua (2,4x mais falha)
1958;SUPER GASBRAS;;endereco;Avenida Prefeito João Daher, 189, Lagoa Santa - MG, 33400-000, Brasil;Avenida Prefeito Joao Daher 189 Lagoa Santa MG 33400000 Brazil;Lagoa Santa;MG;33400000;-19.62543;-43.89543;-19.62543;-43.89543;;MEDIO;CEP generico de cidade, nao de rua (2,4x mais falha)
1959;DISK GÁS EM LAVRAS | UNIGÁS;;endereco;Rua Pedro Gomide do Nascimento, 1115, Lavras - MG, 37200-300, Brasil;Rua Pedro Gomide do Nascimento 1115 Lavras MG 37200000 Brazil;Lavras;MG;37200000;-21.24224;-45.00757;-21.24224;-45.00757;;MEDIO;CEP generico de cidade, nao de rua (2,4x mais falha)
1960;DISK GÁS GASPARZINHO;;endereco;Rua João Gonçalves Godino, 315, Lavras - MG, 37200-000, Brasil;Rua Joao Goncalves Godino 315 Lavras MG 37200604 Brazil;Lavras;MG;37200604;-21.22105;-44.99448;-21.22105;-44.99448;;;
1961;MAURINHO GÁS;;endereco;Rua Custódio Moreira, Lavras - MG, 37200-266, Brasil;Rua Custodio Moreira Lavras MG 37200268 Brazil;Lavras;MG;37200268;-21.2257;-45.0009;-21.2257;-45.0009;;ALTO;sem numero de porta
1962;SULGAS LAVRAS;;endereco;Rua Francisco Vicente Ferreira, 166, Lavras - MG, 37206-714, Brasil;Rua Francisco Vicente Ferreira 166 Lavras MG 37200000 Brazil;Lavras;MG;37200000;-21.26803;-44.99127;-21.26803;-44.99127;;MEDIO;CEP generico de cidade, nao de rua (2,4x mais falha)
1963;VENERANDO GÁS;;endereco;Rua Donato Bauti, 156, Lavras - MG, 37200-000, Brasil;Rua Donato Bauti 156 Lavras MG 37200000 Brazil;Lavras;MG;37200000;-21.25421;-44.99623;-21.25421;-44.99623;;MEDIO;CEP generico de cidade, nao de rua (2,4x mais falha)
1964;MICHEL GÁS;;endereco;Rua Seis, 121, Leopoldina - MG, 36700-000, Brasil;Rua Seis 121 Leopoldina MG 36702122 Brazil;Leopoldina;MG;36702122;-21.51396;-42.63223;-21.51396;-42.63223;;;
1965;ULTRAGAZ;;endereco;Rua Idalina Gomes Domingues, 130, Leopoldina - MG, 36700-024, Brasil;Rua Idalina Gomes Domingues 130 Leopoldina MG 36700000 Brazil;Leopoldina;MG;36700000;-21.52979;-42.63588;-21.52979;-42.63588;;MEDIO;CEP generico de cidade, nao de rua (2,4x mais falha)
1966;CHAMA GÁS;;endereco;Avenida Ricardo Anoni Filho, 511, Machado - MG, 37750-000, Brasil;Avenida Ricardo Anoni Filho 511 Machado MG 37750000 Brazil;Machado;MG;37750000;-21.68445;-45.918;-21.68445;-45.918;;MEDIO;CEP generico de cidade, nao de rua (2,4x mais falha)
1967;SILAS GÁS;;endereco;Rua São Mateus, 320, Machado - MG, 37750-000, Brasil;Rua Sao Mateus 320 Machado MG 37750000 Brazil;Machado;MG;37750000;-21.69131;-45.91885;-21.69131;-45.91885;;MEDIO;CEP generico de cidade, nao de rua (2,4x mais falha)
1968;CRISTÓVAM GÁS;;endereco;Rua Teodoro Pio dos Santos, 198, Manhuaçu - MG, 36906-123, Brasil;Rua Teodoro Pio dos Santos 198 Manhuacu MG 36900000 Brazil;Manhuaçu;MG;36900000;-20.26166;-42.04143;-20.26166;-42.04143;;MEDIO;CEP generico de cidade, nao de rua (2,4x mais falha)
1969;DISTRIBUIDORA BAESSA CARVÃO GÁS E ÁGUA;;endereco;Avenida Tancredo Neves, 308A, Manhuaçu - MG, 36904-000, Brasil;Avenida Tancredo Neves 308A Manhuacu MG 36900000 Brazil;Manhuaçu;MG;36900000;-20.25144;-42.02698;-20.25144;-42.02698;;MEDIO;CEP generico de cidade, nao de rua (2,4x mais falha)
1970;GAS MANHUAÇU - TOTAL GÁS;;endereco;Rua Ismar Estanislau, 10, Manhuaçu - MG, 36900-049, Brasil;Rua Ismar Estanislau 10 Manhuacu MG 36900000 Brazil;Manhuaçu;MG;36900000;-20.25508;-42.0366;-20.25508;-42.0366;;MEDIO;CEP generico de cidade, nao de rua (2,4x mais falha)
1971;GUGAS;;endereco;Rua Raquel de Rezende de Lima, 30, Manhuaçu - MG, 36904-165, Brasil;Rua Raquel de Rezende de Lima 30 Manhuacu MG 36900000 Brazil;Manhuaçu;MG;36900000;-20.26193;-42.02751;-20.26193;-42.02751;;MEDIO;CEP generico de cidade, nao de rua (2,4x mais falha)
1972;GÁS DO CONTORNO;;endereco;Rua Domingo Destro, 136, Manhumirim - MG, 36970-000, Brasil;Rua Domingo Destro 136 Manhumirim MG 36970000 Brazil;Manhumirim;MG;36970000;-20.35722;-41.95112;-20.35722;-41.95112;;MEDIO;CEP generico de cidade, nao de rua (2,4x mais falha)
1973;RENATO GÁS;;endereco;Avenida Virgílio Rodrigues de Oliveira, 30, Manhumirim - MG, 36970-000, Brasil;Avenida Virgilio Rodrigues de Oliveira 30 Manhumirim MG 36970000 Brazil;Manhumirim;MG;36970000;-20.35266;-41.96311;-20.35266;-41.96311;;MEDIO;CEP generico de cidade, nao de rua (2,4x mais falha)
1974;GÁS DO PREGO - SUPERGASBRAS;;endereco;Rua Manoel Laurindo, 146, Mantena - MG, 35290-000, Brasil;Rua Manoel Laurindo 146 Mantena MG 35290000 Brazil;Mantena;MG;35290000;-18.77945;-40.9899;-18.77945;-40.9899;;MEDIO;CEP generico de cidade, nao de rua (2,4x mais falha)
1975;CENTER GÁS MARIANA;;endereco;Rodovia dos Inconfidentes, 450, Mariana - MG, 35420-132, Brasil;Rodovia dos Inconfidentes 450 Mariana MG 35420000 Brazil;Mariana;MG;35420000;-20.38722;-43.42174;-20.38722;-43.42174;;ALTO;"endereco de rodovia (57-67% falharam); CEP generico de cidade, nao de rua (2,4x mais falha)"
1976;GÁS DULICO;;endereco;Avenida Manoel Leandro Correia, 456, Mariana - MG, 35420-000, Brasil;Avenida Manoel Leandro Correia 456 Mariana MG 35420000 Brazil;Mariana;MG;35420000;-20.36848;-43.41738;-20.36848;-43.41738;;MEDIO;CEP generico de cidade, nao de rua (2,4x mais falha)
1977;LÍDER GÁS E ÁGUA MINERAL MARIANA;;endereco;Avenida Nossa Senhora do Carmo, 630, Mariana - MG, 35420-160, Brasil;Avenida Nossa Senhora do Carmo 630 Mariana MG 35420000 Brazil;Mariana;MG;35420000;-20.38566;-43.42456;-20.38566;-43.42456;;MEDIO;CEP generico de cidade, nao de rua (2,4x mais falha)
1978;ULTRAGAZ;;endereco;Hotel Pousada das Gerais, Avenida Nossa Senhora do Carmo, 890, Mariana - MG, 35420-163, Brasil;Avenida Nossa Senhora do Carmo 890 Mariana MG 35420000 Brazil;Mariana;MG;35420000;-20.38739;-43.42612;-20.38739;-43.42612;;MEDIO;CEP generico de cidade, nao de rua (2,4x mais falha)
1979;WALKIRIA GÁS;;endereco;Walkiria Gás, Rua Presidente João Goulart, 1289, Taquaral, Ouro Preto - MG, 35400-000, Brasil;Rua Presidente Joao Goulart 1289 Mariana MG 35400000 Brazil;Mariana;MG;35400000;-20.3871;-43.47212;-20.3871;-43.47212;Taquaral;MEDIO;"CEP generico de cidade, nao de rua (2,4x mais falha); cidade divergente: coluna diz 'Mariana' e o endereco diz 'Ouro Preto'; mantida a da coluna"
1980;BILLY GÁS;;endereco;Rua Serra Azul, Mateus Leme - MG, 35670-000, Brasil;Rua Serra Azul Mateus Leme MG 35670000 Brazil;Mateus Leme;MG;35670000;-19.98767;-44.43622;-19.98767;-44.43622;;ALTO;"sem numero de porta; CEP generico de cidade, nao de rua (2,4x mais falha)"
1981;CENTRALGÁS ULTRAGAZ;;endereco;Rua Maria Luiza, 211, Mateus Leme - MG, 35670-000, Brasil;Rua Maria Luiza 211 Mateus Leme MG 35670000 Brazil;Mateus Leme;MG;35670000;-19.98335;-44.44317;-19.98335;-44.44317;;MEDIO;CEP generico de cidade, nao de rua (2,4x mais falha)
1982;TELE GÁS EM MATEUS LEME;;endereco;Rua Divinópolis, 41, Mateus Leme - MG, 35670-000, Brasil;Rua Divinopolis 41 Mateus Leme MG 35670000 Brazil;Mateus Leme;MG;35670000;-19.99641;-44.4423;-19.99641;-44.4423;;MEDIO;CEP generico de cidade, nao de rua (2,4x mais falha)
1983;NOSSO GÁS DISTRIBUIDORA;;endereco;Avenida Caio Martins, 357, Matozinhos - MG, 35720-000, Brasil;Avenida Caio Martins 357 Matozinhos MG 35720000 Brazil;Matozinhos;MG;35720000;-19.56196;-44.08032;-19.56196;-44.08032;;MEDIO;CEP generico de cidade, nao de rua (2,4x mais falha)
1984;VIP GÁS;;endereco;Rodovia Mtz-010, Matozinhos - MG, 35720-000, Brasil;Rodovia Mtz 010 Matozinhos MG 35720000 Brazil;Matozinhos;MG;35720000;-19.56239;-44.05824;-19.56239;-44.05824;;ALTO;"endereco de rodovia (57-67% falharam); sem numero de porta; CEP generico de cidade, nao de rua (2,4x mais falha)"
1985;MONTE GÁS & ÁGUA;;endereco;Estrada Para Garcia, 191, Monte Alegre de Minas - MG, 38420-000, Brasil;Estrada Para Garcia 191 Monte Alegre de Minas MG 38475000 Brazil;Monte Alegre de Minas;MG;38475000;-18.86468;-48.88684;-18.86468;-48.88684;;ALTO;"endereco de rodovia (57-67% falharam); CEP generico de cidade, nao de rua (2,4x mais falha)"
1986;GÁS MONTE DISTRIBUIDORA;;endereco;Rua Rio de Janeiro, 52, Monte Azul - MG, 39500-000, Brasil;Rua Rio de Janeiro 52 Monte Azul MG 39500000 Brazil;Monte Azul;MG;39500000;-15.15984;-42.87136;-15.15984;-42.87136;;MEDIO;CEP generico de cidade, nao de rua (2,4x mais falha)
1987;DISK GÁS ARAÚJO;;endereco;Rua Goiás, 1980, Monte Carmelo - MG, 38500-000, Brasil;Rua Goias 1980 Monte Carmelo MG 38500000 Brazil;Monte Carmelo;MG;38500000;-18.73633;-47.48185;-18.73633;-47.48185;;MEDIO;CEP generico de cidade, nao de rua (2,4x mais falha)
1988;DISK GÁS COSTA SUL - LIQUIGÁS;;endereco;Alameda dos Angicos, Monte Carmelo - MG, 38500-000, Brasil;Alameda dos Angicos Monte Carmelo MG 38500000 Brazil;Monte Carmelo;MG;38500000;-18.7408;-47.51173;-18.7408;-47.51173;;ALTO;"sem numero de porta; CEP generico de cidade, nao de rua (2,4x mais falha)"
1989;GÁS AVENIDA;;endereco;Avenida Santa Rita de Cássia, 190, Monte Carmelo - MG, 38500-000, Brasil;Avenida Santa Rita de Cassia 190 Monte Carmelo MG 38500000 Brazil;Monte Carmelo;MG;38500000;-18.70489;-47.49807;-18.70489;-47.49807;;MEDIO;CEP generico de cidade, nao de rua (2,4x mais falha)
1990;GÁS MAIS COPAGAZ;;endereco;Rua Quirino José Quadros, 6, Monte Carmelo - MG, 38500-000, Brasil;Rua Quirino Jose Quadros 6 Monte Carmelo MG 38500000 Brazil;Monte Carmelo;MG;38500000;-18.73272;-47.4929;-18.73272;-47.4929;;MEDIO;CEP generico de cidade, nao de rua (2,4x mais falha)
1991;IMPÉRIO GÁS;;endereco;Rua Alferes Euzébio, 480, Monte Carmelo - MG, 38500-000, Brasil;Rua Alferes Euzebio 480 Monte Carmelo MG 38500000 Brazil;Monte Carmelo;MG;38500000;-18.72422;-47.49186;-18.72422;-47.49186;;MEDIO;CEP generico de cidade, nao de rua (2,4x mais falha)
1992;ULTRAGAZ;;endereco;Avenida Coronel Antônio Paulino da Costa, 1498, Monte Santo de Minas - MG, 37968-000, Brasil;Avenida Coronel Antonio Paulino da Costa 1498 Monte Santo de Minas MG 37958000 Brazil;Monte Santo de Minas;MG;37958000;-21.17982;-46.97415;-21.17982;-46.97415;;MEDIO;CEP generico de cidade, nao de rua (2,4x mais falha)
1993;DEPÓSITO DE GÁS E ÁGUA 2 IRMÃOS;;endereco;Rua Aquilies de Souza Bueno, 203, Monte Sião - MG, 37580-000, Brasil;Rua Aquilies de Souza Bueno 203 Monte Siao MG 37580000 Brazil;Monte Sião;MG;37580000;-22.40235;-46.49754;-22.40235;-46.49754;;MEDIO;CEP generico de cidade, nao de rua (2,4x mais falha)
1994;DISTRIBUIDORA DE GÁS MONTE SIÃO;;endereco;Sítio dos Lunardi, Monte Sião - MG, 37580-000, Brasil;Sitio dos Lunardi Monte Siao MG 37580000 Brazil;Monte Sião;MG;37580000;-22.43425;-46.46215;-22.43425;-46.46215;;ALTO;"sem numero de porta; CEP generico de cidade, nao de rua (2,4x mais falha)"
1995;AGNALDO GÁS;;endereco;Rua Neide de Melo Franco, 119, Alice Maia, Montes Claros - MG, 39400-227, Brasil;Rua Neide de Melo Franco 119 Montes Claros MG 39400231 Brazil;Montes Claros;MG;39400231;-16.703;-43.85493;-16.703;-43.85493;Alice Maia;;
1996;Blue Gás e Água Mineral;;endereco;Rua General Carneiro, 780A, Morrinhos, Montes Claros - MG, 39400-737, Brasil;Rua General Carneiro 780A Montes Claros MG 39400095 Brazil;Montes Claros;MG;39400095;-16.7308;-43.86286;-16.7308;-43.86286;Morrinhos;;
1997;BRUNO GÁS;;endereco;Rua Santa Efigênia, 410F, Morrinhos, Montes Claros - MG, 39400-441, Brasil;Rua Santa Efigenia 410F Montes Claros MG 39400441 Brazil;Montes Claros;MG;39400441;-16.73443;-43.86117;-16.73443;-43.86117;Morrinhos;;
1998;CACHAM GÁS;;endereco;Rua Dois, 29, Village do Lago, Montes Claros - MG, 39400-554, Brasil;Rua Dois 29 Montes Claros MG 39404058 Brazil;Montes Claros;MG;39404058;-16.68236;-43.82864;-16.68236;-43.82864;Village do Lago;;
1999;Canaã Gas;;endereco;Avenida F, 709, Jardim Primavera, Montes Claros - MG, 39404-143, Brasil;Avenida F 709 Montes Claros MG 39404581 Brazil;Montes Claros;MG;39404581;-16.69939;-43.81081;-16.69939;-43.81081;Jardim Primavera;;
2000;Casa do Gás Central Distribuidora;;endereco;Avenida Geraldo Athayde, 627, São João, Montes Claros - MG, 39400-292, Brasil;Avenida Geraldo Athayde 627 Montes Claros MG 39400292 Brazil;Montes Claros;MG;39400292;-16.71566;-43.85718;-16.71566;-43.85718;São João;;
2001;CENTRAL DISTRIBUIDORA - Gás, Água Mineral, Gelo e Bebidas - Atacado e Varejo;;endereco;Rua Santos Dumont, 55, São José, Montes Claros - MG, 39408-288, Brasil;Rua Santos Dumont 55 Montes Claros MG 39400061 Brazil;Montes Claros;MG;39400061;-16.7253;-43.85998;-16.7253;-43.85998;São José;;
2002;CiaGaz - Gás e Água Mineral Montes Claros;;endereco;Rua Aimorés, 137, Candida Câmara, Montes Claros - MG, 39401-038, Brasil;Rua Aimores 137 Montes Claros MG 39401038 Brazil;Montes Claros;MG;39401038;-16.73623;-43.87345;-16.73623;-43.87345;Candida Câmara;;
2003;DISK GÁS;;endereco;Avenida Paulista, 433, Conjunto Bandeirantes, Montes Claros - MG, 39402-265, Brasil;Avenida Paulista 433 Montes Claros MG 39402260 Brazil;Montes Claros;MG;39402260;-16.74597;-43.84215;-16.74597;-43.84215;Conjunto Bandeirantes;;
2004;DISK GÁS;;endereco;Rua Cristiano do Ó, 211, Vila Guilhermina, Montes Claros - MG, 39400-465, Brasil;Rua Cristiano do O 211 Montes Claros MG 39400465 Brazil;Montes Claros;MG;39400465;-16.73801;-43.86695;-16.73801;-43.86695;Vila Guilhermina;;
2005;Disk Gás & Agua Mineral Independência;;endereco;Rua Groenlândia, 480, Independência, Montes Claros - MG, 39404-306, Brasil;Rua Groenlandia 480 Montes Claros MG 39404306 Brazil;Montes Claros;MG;39404306;-16.71764;-43.81379;-16.71764;-43.81379;Independência;;
2006;Disk Gás e Água Mineral RR;;endereco;Rua Padre Feijó, 662, Francisco Peres, Montes Claros - MG, 39400-417, Brasil;Rua Padre Feijo 662 Montes Claros MG 39400410 Brazil;Montes Claros;MG;39400410;-16.7352;-43.85681;-16.7352;-43.85681;Francisco Peres;;
2007;Disk Gás Montes Claros;;endereco;Rua I, 139, José Correa Machado, Montes Claros - MG, 39403-427, Brasil;Rua I 139 Montes Claros MG 39403427 Brazil;Montes Claros;MG;39403427;-16.76647;-43.86814;-16.76647;-43.86814;José Correa Machado;;
2008;Disk Água e Gás Montes Claros;;endereco;Sincol, Avenida Geraldo Athayde, São João, Montes Claros - MG, 39400-292, Brasil;Avenida Geraldo Athayde Montes Claros MG 39400292 Brazil;Montes Claros;MG;39400292;-16.71579;-43.85683;-16.71579;-43.85683;São João;ALTO;sem numero de porta
2009;Distribuidora Ws e Linha do Gas;;endereco;Avenida São Judas, 612, São Judas Tadeu, Montes Claros - MG, 39400-742, Brasil;Avenida Sao Judas 612 Montes Claros MG 39402558 Brazil;Montes Claros;MG;39402558;-16.74348;-43.86304;-16.74348;-43.86304;São Judas Tadeu;;
2010;EDMILSON GÁS;;endereco;Avenida Professor Vicente Guimarães, 1055, Sagrada Família, Montes Claros - MG, 39401-781, Brasil;Avenida Professor Vicente Guimaraes 1055 Montes Claros MG 39401781 Brazil;Montes Claros;MG;39401781;-16.74245;-43.87551;-16.74245;-43.87551;Sagrada Família;;
2011;EDMILSON GÁS;;endereco;Avenida Cula Mangabeira, 1216, Sagrada Família, Montes Claros - MG, 39400-611, Brasil;Avenida Cula Mangabeira 1216 Montes Claros MG 39401001 Brazil;Montes Claros;MG;39401001;-16.73976;-43.87226;-16.73976;-43.87226;Sagrada Família;;
2012;Excelência Gás - Supergasbras;;endereco;Avenida Leonel Beirão de Jesus, 228, Morrinhos, Montes Claros - MG, 39400-455, Brasil;Avenida Leonel Beirao de Jesus 228 Montes Claros MG 39400455 Brazil;Montes Claros;MG;39400455;-16.73472;-43.86448;-16.73472;-43.86448;Morrinhos;;
2013;FIRE GÁS DISTRIBUIDORA;;endereco;Rua Interna Cinco, 24, José Correa Machado, Montes Claros - MG, 39403-423, Brasil;Rua Interna Cinco 24 Montes Claros MG 39403423 Brazil;Montes Claros;MG;39403423;-16.76449;-43.8693;-16.76449;-43.8693;José Correa Machado;;
2014;Forte Gás;;endereco;Avenida Carlos Ferrante, 354, Edgar Pereira, Montes Claros - MG, 39400-177, Brasil;Avenida Carlos Ferrante 354 Montes Claros MG 39400177 Brazil;Montes Claros;MG;39400177;-16.70564;-43.86311;-16.70564;-43.86311;Edgar Pereira;;
2015;Gas Montes Claros;;endereco;Rua Esmeralda, 41, Vila São Mateus, Montes Claros - MG, 39400-107, Brasil;Rua Esmeralda 41 Montes Claros MG 39400154 Brazil;Montes Claros;MG;39400154;-16.71383;-43.86828;-16.71383;-43.86828;Vila São Mateus;;
2016;GASMONTES;;endereco;Rua Tocantins, 45, Guarujá, Montes Claros - MG, 39404-230, Brasil;Rua Tocantins 45 Montes Claros MG 39401458 Brazil;Montes Claros;MG;39401458;-16.70486;-43.83601;-16.70486;-43.83601;Guarujá;;
2017;GUGA GÁS SUPERGASBRAS;;endereco;Rua Manoel Bandeira, 1109, Planalto, Montes Claros - MG, 39404-035, Brasil;Rua Manoel Bandeira 1109 Montes Claros MG 39404035 Brazil;Montes Claros;MG;39404035;-16.69324;-43.83956;-16.69324;-43.83956;Planalto;;
2018;Gás Araújo;;endereco;Avenida Dona Gregória, 101, Cidade Nova, Montes Claros - MG, 39400-464, Brasil;Avenida Dona Gregoria 101 Montes Claros MG 39400464 Brazil;Montes Claros;MG;39400464;-16.7396;-43.86539;-16.7396;-43.86539;Cidade Nova;;
2019;Gás Baratão 24hrs;;endereco;Rua José Cordeiro Bastos, 426, Major Prates, Montes Claros - MG, 39403-211, Brasil;Rua Jose Cordeiro Bastos 426 Montes Claros MG 39403215 Brazil;Montes Claros;MG;39403215;-16.74263;-43.87708;-16.74263;-43.87708;Major Prates;;
2020;Gás melo viana;;endereco;Rua Pedro, 19, Morrinhos, Montes Claros - MG, 39400-443, Brasil;Rua Pedro 19 Montes Claros MG 39400427 Brazil;Montes Claros;MG;39400427;-16.73216;-43.86369;-16.73216;-43.86369;Morrinhos;;
2021;Gás Nossa Senhora de Fátima;;endereco;Rua Maria Carmelita Amorim, 249, Vila Mauricéia, Montes Claros - MG, 39401-103, Brasil;Rua Maria Carmelita Amorim 249 Montes Claros MG 39401097 Brazil;Montes Claros;MG;39401097;-16.71908;-43.883;-16.71908;-43.883;Vila Mauricéia;;
2022;GÁS PRIMEIRA OPÇÃO;;endereco;Rua Porto Rico, 16, Independência, Montes Claros - MG, 39404-301, Brasil;Rua Porto Rico 16 Montes Claros MG 39404286 Brazil;Montes Claros;MG;39404286;-16.71658;-43.81715;-16.71658;-43.81715;Independência;;
2023;GÁS ZONA SUL;;endereco;Avenida Olímpio Prates, 205A, Major Prates, Montes Claros - MG, 39403-261, Brasil;Avenida Olimpio Prates 205A Montes Claros MG 39403261 Brazil;Montes Claros;MG;39403261;-16.74483;-43.87765;-16.74483;-43.87765;Major Prates;;
2024;Gásjan;;endereco;Rua Piauí, 52, Centro, Montes Claros - MG, 39400-086, Brasil;Rua Piaui 52 Montes Claros MG 39400613 Brazil;Montes Claros;MG;39400613;-16.73324;-43.86869;-16.73324;-43.86869;Centro;;
2025;GÁSMOC / CONSTRUREAL;;endereco;Avenida Leonel Beirão de Jesus, 1940, Doutor João Alves, Montes Claros - MG, 39400-455, Brasil;Avenida Leonel Beirao de Jesus 1940 Montes Claros MG 39402637 Brazil;Montes Claros;MG;39402637;-16.74637;-43.85633;-16.74637;-43.85633;Doutor João Alves;;
2026;JR GÁS;;endereco;Rua Castro Alves, 140, Planalto, Montes Claros - MG, 39404-027, Brasil;Rua Castro Alves 140 Montes Claros MG 39404027 Brazil;Montes Claros;MG;39404027;-16.70263;-43.83491;-16.70263;-43.83491;Planalto;;
2027;LANDY GÁS;;endereco;Praça da Igreja, 306, Montes Claros - MG, Brasil;Praca da Igreja 306 Montes Claros MG 39000400 Brazil;Montes Claros;MG;39000400;-16.79354;-43.88645;-16.79354;-43.88645;;;
2028;LEVI GÁS E AGUA MINERAL;;endereco;Rua Geraldino Machado, 517, Santos Reis, Montes Claros - MG, 39401-155, Brasil;Rua Geraldino Machado 517 Montes Claros MG 39401155 Brazil;Montes Claros;MG;39401155;-16.70024;-43.87201;-16.70024;-43.87201;Santos Reis;;
2029;Líder Gás;;endereco;Avenida Padre Chico, 764, Maracanã, Montes Claros - MG, 39403-080, Brasil;Avenida Padre Chico 764 Montes Claros MG 39403080 Brazil;Montes Claros;MG;39403080;-16.7625;-43.86649;-16.7625;-43.86649;Maracanã;;
2030;MB GÁS E ÁGUA MINERAL;;endereco;Rua Dezesseis, 100A, Jardim Olímpico, Montes Claros - MG, 39406-506, Brasil;Rua Dezesseis 100A Montes Claros MG 39406506 Brazil;Montes Claros;MG;39406506;-16.74827;-43.83518;-16.74827;-43.83518;Jardim Olímpico;;
2031;MC Gás - Unidade Alto São João | Gás e Bebidas;;endereco;Rua Bernardino Souto, 515, Vila Regina, Montes Claros - MG, 39400-208, Brasil;Rua Bernardino Souto 515 Montes Claros MG 39400208 Brazil;Montes Claros;MG;39400208;-16.71218;-43.85697;-16.71218;-43.85697;Vila Regina;;
2032;MC Gás - Unidade Village | Gás e Bebidas.;;endereco;Rua Dezesseis, 97, Village do Lago II, Montes Claros - MG, 39403-732, Brasil;Rua Dezesseis 97 Montes Claros MG 39404104 Brazil;Montes Claros;MG;39404104;-16.6741;-43.82722;-16.6741;-43.82722;Village do Lago II;;
2033;MC Gás | Gás e Adega;;endereco;Avenida Rui de Albuquerque, 3029, Village do Lago II, Montes Claros - MG, 39404-764, Brasil;Avenida Rui de Albuquerque 3029 Montes Claros MG 39404764 Brazil;Montes Claros;MG;39404764;-16.67592;-43.82577;-16.67592;-43.82577;Village do Lago II;;
2034;Noel Gás;;endereco;Avenida João XXII, 627, Vila Brasília, Montes Claros - MG, 39400-162, Brasil;Avenida Joao XXII 627 Montes Claros MG 39400162 Brazil;Montes Claros;MG;39400162;-16.71345;-43.86387;-16.71345;-43.86387;Vila Brasília;;
2035;Noel Gás;;endereco;Estrada Para Toledo, 1570, Village do Lago, Montes Claros - MG, 39404-046, Brasil;Estrada Para Toledo 1570 Montes Claros MG 39404046 Brazil;Montes Claros;MG;39404046;-16.6861;-43.83419;-16.6861;-43.83419;Village do Lago;ALTO;endereco de rodovia (57-67% falharam)
2036;Noel Gás - Filial Carmelo;;endereco;Rua Lagoa São João, 301A, Carmelo, Montes Claros - MG, 39402-682, Brasil;Rua Lagoa Sao Joao 301A Montes Claros MG 39402682 Brazil;Montes Claros;MG;39402682;-16.72169;-43.83194;-16.72169;-43.83194;Carmelo;;
2037;Noel Gás 24 horas - Filial Maracanã;;endereco;Avenida Padre Chico, 754F, Maracanã, Montes Claros - MG, 39403-080, Brasil;Avenida Padre Chico 754F Montes Claros MG 39403080 Brazil;Montes Claros;MG;39403080;-16.76252;-43.86644;-16.76252;-43.86644;Maracanã;;
2038;Norte Gás;;endereco;Rua Padre Feijó, 712, Francisco Peres, Montes Claros - MG, 39400-417, Brasil;Rua Padre Feijo 712 Montes Claros MG 39400417 Brazil;Montes Claros;MG;39400417;-16.7356;-43.85679;-16.7356;-43.85679;Francisco Peres;;
2039;Paiva Montes Com de Gás;;endereco;Avenida Doutor João Luiz de Almeida, 11, Centro, Montes Claros - MG, 39400-613, Brasil;Avenida Doutor Joao Luiz de Almeida 11 Montes Claros MG 39400090 Brazil;Montes Claros;MG;39400090;-16.73025;-43.87028;-16.73025;-43.87028;Centro;;
2040;Poligás Ultragaz;;endereco;Rua Joaquim Sarmento, 419, São José, Montes Claros - MG, 39400-350, Brasil;Rua Joaquim Sarmento 419 Montes Claros MG 39400350 Brazil;Montes Claros;MG;39400350;-16.72245;-43.85787;-16.72245;-43.85787;São José;;
2041;Rocha Gás - Gás e Água Mineral - Maracanã- Montes Claros;;endereco;Rua Palmeiras, 34, Maracanã, Montes Claros - MG, 39403-084, Brasil;Rua Palmeiras 34 Montes Claros MG 39403238 Brazil;Montes Claros;MG;39403238;-16.75811;-43.87135;-16.75811;-43.87135;Maracanã;;
2042;Rocha Gás Delfino;;endereco;Avenida Coronel Luiz Maia, 2130, Novo Delfino, Montes Claros - MG, 39401-486, Brasil;Avenida Coronel Luiz Maia 2130 Montes Claros MG 38402824 Brazil;Montes Claros;MG;38402824;-16.73444;-43.83698;-16.73444;-43.83698;Novo Delfino;;
2043;Rocha Gás Santos Reis;;endereco;Avenida João XXII, 1863, Santos Reis, Montes Claros - MG, 39401-262, Brasil;Avenida Joao XXII 1863 Montes Claros MG 39401262 Brazil;Montes Claros;MG;39401262;-16.70254;-43.86818;-16.70254;-43.86818;Santos Reis;;
2044;Rodrigo Gás e Água Mineral;;endereco;Avenida Antônio Lafetá Rebelo, 100, Santa Lúcia, Montes Claros - MG, 39402-734, Brasil;Avenida Antonio Lafeta Rebelo 100 Montes Claros MG 39402734 Brazil;Montes Claros;MG;39402734;-16.73201;-43.84156;-16.73201;-43.84156;Santa Lúcia;;
2045;Ruas Gás Ciano Agua Mineral e gas;;endereco;Avenida Penápolis, 183, Jardim São Geraldo, Montes Claros - MG, 39403-165, Brasil;Avenida Penapolis 183 Montes Claros MG 39403165 Brazil;Montes Claros;MG;39403165;-16.75362;-43.87517;-16.75362;-43.87517;Jardim São Geraldo;;
2046;SEVERO GÁS e ÁGUA- MONTES CLAROS MG;;endereco;Rua Lagoa Itaguaí, 60, Interlagos, Montes Claros - MG, 39404-257, Brasil;Rua Lagoa Itaguai 60 Montes Claros MG 39404257 Brazil;Montes Claros;MG;39404257;-16.71797;-43.8281;-16.71797;-43.8281;Interlagos;;
2047;SHALOM GÁS MONTES CLAROS;;endereco;Liquigás, Avenida Coronel Luiz Maia, Lourdes, Montes Claros - MG, 39400-368, Brasil;Avenida Coronel Luiz Maia Montes Claros MG 39400381 Brazil;Montes Claros;MG;39400381;-16.72802;-43.85187;-16.72802;-43.85187;Lourdes;ALTO;sem numero de porta
2048;SUPERGASBRAS;;endereco;Rua Santos, 80A, Maracanã, Montes Claros - MG, 39403-079, Brasil;Rua Santos 80A Montes Claros MG 39403079 Brazil;Montes Claros;MG;39403079;-16.75606;-43.8663;-16.75606;-43.8663;Maracanã;;
2049;SUPERGASBRAS (GÁS RÁPIDO EM MONTES CLAROS);;endereco;Avenida Doutor João Luiz de Almeida, 489, Centro, Montes Claros - MG, 39401-288, Brasil;Avenida Doutor Joao Luiz de Almeida 489 Montes Claros MG 39400466 Brazil;Montes Claros;MG;39400466;-16.73366;-43.86827;-16.73366;-43.86827;Centro;;
2050;Tenshinhan Gás;;endereco;Rua João Souto, 670, Centro, Montes Claros - MG, 39400-081, Brasil;Rua Joao Souto 670 Montes Claros MG 39400095 Brazil;Montes Claros;MG;39400095;-16.72919;-43.86718;-16.72919;-43.86718;Centro;;
2051;XAROPINHO GÁS;;endereco;Rua Goiânia, 300B, Jardim Palmeiras, Montes Claros - MG, 39402-204, Brasil;Rua Goiania 300B Montes Claros MG 39402518 Brazil;Montes Claros;MG;39402518;-16.73536;-43.8423;-16.73536;-43.8423;Jardim Palmeiras;;
2052;Zezinho do Gás;;endereco;Rua Acácia de Paula, 540, Candida Câmara, Montes Claros - MG, 39401-037, Brasil;Rua Acacia de Paula 540 Montes Claros MG 39401036 Brazil;Montes Claros;MG;39401036;-16.73634;-43.87577;-16.73634;-43.87577;Candida Câmara;;
2053;DISK GAS MURIAE;;endereco;Rua Nelson Cardoso de Melo, 8, Muriaé - MG, 36883-137, Brasil;Rua Nelson Cardoso de Melo 8 Muriae MG 36880000 Brazil;Muriaé;MG;36880000;-21.13712;-42.37916;-21.13712;-42.37916;;MEDIO;CEP generico de cidade, nao de rua (2,4x mais falha)
2054;FIEL GÁS;;endereco;Rua José Máximo Ribeiro, 26, Muriaé - MG, 36880-000, Brasil;Rua Jose Maximo Ribeiro 26 Muriae MG 36883190 Brazil;Muriaé;MG;36883190;-21.13676;-42.37124;-21.13676;-42.37124;;;
2055;IMPÉRIO DO GÁS DE MURIAÉ;;endereco;Rua Vivalde de Souza, Muriaé - MG, 36887-212, Brasil;Rua Vivalde de Souza Muriae MG 36887228 Brazil;Muriaé;MG;36887228;-21.1283;-42.40171;-21.1283;-42.40171;;ALTO;sem numero de porta
2056;PLANTÃO DO GÁS MURIAÉ;;endereco;Rua Lodeval Antônio Aredes, 35, Muriaé - MG, 36883-092, Brasil;Rua Lodeval Antonio Aredes 35 Muriae MG 36883080 Brazil;Muriaé;MG;36883080;-21.13673;-42.37893;-21.13673;-42.37893;;;
2057;CHAMA GÁS;;endereco;Rua Sete de Setembro, 804, Muzambinho - MG, 37890-000, Brasil;Rua Sete de Setembro 804 Muzambinho MG 37890000 Brazil;Muzambinho;MG;37890000;-21.37256;-46.52517;-21.37256;-46.52517;;MEDIO;CEP generico de cidade, nao de rua (2,4x mais falha)
2058;CONSIGAZ;;endereco;Rua Sete de Setembro, 797, Muzambinho - MG, 37890-000, Brasil;Rua Sete de Setembro 797 Muzambinho MG 37890000 Brazil;Muzambinho;MG;37890000;-21.37251;-46.5254;-21.37251;-46.5254;;MEDIO;CEP generico de cidade, nao de rua (2,4x mais falha)
2059;RÁPIDO GÁS;;endereco;Rua Barão do Rio Branco, 907, Muzambinho - MG, 37890-000, Brasil;Rua Barao do Rio Branco 907 Muzambinho MG 37890000 Brazil;Muzambinho;MG;37890000;-21.3655;-46.52336;-21.3655;-46.52336;;MEDIO;CEP generico de cidade, nao de rua (2,4x mais falha)
2060;ADRIANA GÁS - REVENDA LIQUIGÁS;;endereco;Rua Juiz de Fora, 470, Nanuque - MG, 39860-000, Brasil;Rua Juiz de Fora 470 Nanuque MG 39860000 Brazil;Nanuque;MG;39860000;-17.84013;-40.35395;-17.84013;-40.35395;;MEDIO;CEP generico de cidade, nao de rua (2,4x mais falha)
2061;KAMILE GÁS CENTRO;;endereco;Rua Belo Horizonte, 117, Nanuque - MG, 39860-000, Brasil;Rua Belo Horizonte 117 Nanuque MG 39860000 Brazil;Nanuque;MG;39860000;-17.84142;-40.35159;-17.84142;-40.35159;;MEDIO;CEP generico de cidade, nao de rua (2,4x mais falha)
2062;PETROGÁS NANUQUE;;endereco;Rua Juiz de Fora, 310, Nanuque - MG, 39860-000, Brasil;Rua Juiz de Fora 310 Nanuque MG 39860000 Brazil;Nanuque;MG;39860000;-17.83908;-40.35287;-17.83908;-40.35287;;MEDIO;CEP generico de cidade, nao de rua (2,4x mais falha)
2063;GAS NOVA LIMA | LIMA GÁS;;endereco;Avenida José Bernardo de Barros, 805, Nova Lima - MG, 34001-214, Brasil;Avenida Jose Bernardo de Barros 805 Nova Lima MG 34001363 Brazil;Nova Lima;MG;34001363;-19.99052;-43.84761;-19.99052;-43.84761;;;
2064;GÁS MOTA;;endereco;Rua Natal, 199, Jardim Canadá, Nova Lima - MG, 34007-764, Brasil;Rua Natal 199 Nova Lima MG 34007764 Brazil;Nova Lima;MG;34007764;-20.06639;-43.98396;-20.06639;-43.98396;Jardim Canadá;;
2065;SUPERGASBRÁS MINAS;;endereco;Rua Messias Augusto da Silva, 634, Nova Serrana - MG, 35520-204, Brasil;Rua Messias Augusto da Silva 634 Nova Serrana MG 35520204 Brazil;Nova Serrana;MG;35520204;-19.88053;-44.97898;-19.88053;-44.97898;;;
2066;SÓ GÁS E ÁGUA;;endereco;Rua Messias Augusto da Silva, 634, Nova Serrana - MG, 35520-204, Brasil;Rua Messias Augusto da Silva 634 Nova Serrana MG 35520304 Brazil;Nova Serrana;MG;35520304;-19.88053;-44.97898;-19.88053;-44.97898;;;
2067;Gás SuperMinas - Supergasbras / Novo Cruzeiro;;endereco;Rua Novaldo A. Barreto, 29, Novo Cruzeiro - MG, 39820-000, Brasil;Rua Novaldo A Barreto 29 Novo Cruzeiro MG 39820000 Brazil;Novo Cruzeiro;MG;39820000;-17.46461;-41.89508;-17.46461;-41.89508;;MEDIO;CEP generico de cidade, nao de rua (2,4x mais falha)
2068;GÁS DO MILTON;;endereco;Rua Doutor Cícero de Castro Filho, 360, Oliveira - MG, 35540-000, Brasil;Rua Doutor Cicero de Castro Filho 360 Oliveira MG 35540000 Brazil;Oliveira;MG;35540000;-20.68887;-44.82526;-20.68887;-44.82526;;MEDIO;CEP generico de cidade, nao de rua (2,4x mais falha)
2069;GÁS LANDRICO;;endereco;Rua Coronel Benjamin Guimarães, 270, Oliveira - MG, 35540-000, Brasil;Rua Coronel Benjamin Guimaraes 270 Oliveira MG 35540000 Brazil;Oliveira;MG;35540000;-20.69419;-44.83294;-20.69419;-44.83294;;MEDIO;CEP generico de cidade, nao de rua (2,4x mais falha)
2070;DISTRIBUIDORA DE GÁS OURO VERDE;;endereco;Avenida Mariza de Souza Mendes, 80, Ouro Branco - MG, 36492-183, Brasil;Avenida Mariza de Souza Mendes 80 Ouro Branco MG 36420000 Brazil;Ouro Branco;MG;36420000;-20.5241;-43.70619;-20.5241;-43.70619;;MEDIO;CEP generico de cidade, nao de rua (2,4x mais falha)
2071;GÁS DO DIVINO;;endereco;Rua Doutor Jadir, 45, Ouro Branco - MG, 36490-096, Brasil;Rua Doutor Jadir 45 Ouro Branco MG 36420000 Brazil;Ouro Branco;MG;36420000;-20.52516;-43.69009;-20.52516;-43.69009;;MEDIO;CEP generico de cidade, nao de rua (2,4x mais falha)
2072;TELE-GÁS BARBOSA;;endereco;Rua Dom Silvério, 37, Ouro Branco - MG, 36420-000, Brasil;Rua Dom Silverio 37 Ouro Branco MG 36420000 Brazil;Ouro Branco;MG;36420000;-20.52214;-43.69017;-20.52214;-43.69017;;MEDIO;CEP generico de cidade, nao de rua (2,4x mais falha)
2073;TELEGÁS TIGRESA;;endereco;Rua João Catarina, 23, Ouro Branco - MG, 36490-122, Brasil;Rua Joao Catarina 23 Ouro Branco MG 36420000 Brazil;Ouro Branco;MG;36420000;-20.52478;-43.68985;-20.52478;-43.68985;;MEDIO;CEP generico de cidade, nao de rua (2,4x mais falha)
2074;VILER MACENO AMEDIATO COLONOS;;endereco;Rua Santo Antônio, 793, Ouro Branco - MG, 36490-008, Brasil;Rua Santo Antonio 793 Ouro Branco MG 36406000 Brazil;Ouro Branco;MG;36406000;-20.5267;-43.69657;-20.5267;-43.69657;;MEDIO;CEP generico de cidade, nao de rua (2,4x mais falha)
2075;DEPÓSITO DE GÁS MIX OURO FINO;;endereco;Rua Constante Jardim, 49, Ouro Fino - MG, 37570-000, Brasil;Rua Constante Jardim 49 Ouro Fino MG 37570000 Brazil;Ouro Fino;MG;37570000;-22.28002;-46.37521;-22.28002;-46.37521;;MEDIO;CEP generico de cidade, nao de rua (2,4x mais falha)
2076;ULTRAGAZ OURO FINO;;endereco;Rua Francisco Juvenal de Oliveira, 95, Ouro Fino - MG, 37570-000, Brasil;Rua Francisco Juvenal de Oliveira 95 Ouro Fino MG 37570000 Brazil;Ouro Fino;MG;37570000;-22.27922;-46.37434;-22.27922;-46.37434;;MEDIO;CEP generico de cidade, nao de rua (2,4x mais falha)
2077;GÁS DO BETINHO EM OURO PRETO - MG;;endereco;Rua Boa Esperança, 394, Nossa Senhora do Carmo, Ouro Preto - MG, 35400-476, Brasil;Rua Boa Esperanca 394 Ouro Preto MG 35400000 Brazil;Ouro Preto;MG;35400000;-20.40322;-43.49016;-20.40322;-43.49016;Nossa Senhora do Carmo;MEDIO;CEP generico de cidade, nao de rua (2,4x mais falha)
2078;VILA RICA GÁS;;endereco;Rua A, 4, Novo Horizonte, Ouro Preto - MG, 35407-899, Brasil;Rua A 4 Ouro Preto MG 35400000 Brazil;Ouro Preto;MG;35400000;-20.40373;-43.50222;-20.40373;-43.50222;Novo Horizonte;MEDIO;CEP generico de cidade, nao de rua (2,4x mais falha)
2079;CHAMA GÁS;;endereco;Rua Romualda Lemos do Prado, 359, Paracatu - MG, 38602-118, Brasil;Rua Romualda Lemos do Prado 359 Paracatu MG 38602016 Brazil;Paracatu;MG;38602016;-17.22356;-46.88414;-17.22356;-46.88414;;;
2080;PARAGAS;;endereco;Rua Benedito Laboissere, 41, Paracatu - MG, 38600-000, Brasil;Rua Benedito Laboissere 41 Paracatu MG 38600000 Brazil;Paracatu;MG;38600000;-17.21616;-46.87083;-17.21616;-46.87083;;MEDIO;CEP generico de cidade, nao de rua (2,4x mais falha)
2081;TELEGÁS CIDADE NOVA;;endereco;Rua Hélio Roque Guimarães, 46, Paracatu - MG, 38600-000, Brasil;Rua Helio Roque Guimaraes 46 Paracatu MG 38600000 Brazil;Paracatu;MG;38600000;-17.21979;-46.8926;-17.21979;-46.8926;;MEDIO;CEP generico de cidade, nao de rua (2,4x mais falha)
2082;REI DO GÁS;;endereco;Rua Ouro Preto, 29, Paraisópolis - MG, 37660-000, Brasil;Rua Ouro Preto 29 Paraisopolis MG 37660000 Brazil;Paraisópolis;MG;37660000;-22.54571;-45.76809;-22.54571;-45.76809;;MEDIO;CEP generico de cidade, nao de rua (2,4x mais falha)
2083;SILVA GÁS;;endereco;Avenida Avelino Ribeiro, 248, Paraisópolis - MG, 37660-000, Brasil;Avenida Avelino Ribeiro 248 Paraisopolis MG 37660000 Brazil;Paraisópolis;MG;37660000;-22.55094;-45.77395;-22.55094;-45.77395;;MEDIO;CEP generico de cidade, nao de rua (2,4x mais falha)
2084;GL GÁS;;endereco;Avenida Ronaldo de Castro, 1101, Pará de Minas - MG, 35661-131, Brasil;Avenida Ronaldo de Castro 1101 Para de Minas MG 35661131 Brazil;Pará de Minas;MG;35661131;-19.87033;-44.57925;-19.87033;-44.57925;;;
2085;GÁS PARAENSE - REVENDEDOR AUTORIZADO LIQUIGÁS;;endereco;Rua Oito de Maio, 119, Pará de Minas - MG, 35660-029, Brasil;Rua Oito de Maio 119 Para de Minas MG 35660029 Brazil;Pará de Minas;MG;35660029;-19.86381;-44.60256;-19.86381;-44.60256;;;
2086;GÁS SUPERMINAS - SUPERGASBRAS / PARÁ DE MINAS;;endereco;Rua Perdizes, 541, Pará de Minas - MG, 35660-198, Brasil;Rua Perdizes 541 Para de Minas MG 35660198 Brazil;Pará de Minas;MG;35660198;-19.84335;-44.61795;-19.84335;-44.61795;;;
2087;MÁRCIA GÁS;;endereco;Rua Acre, 195A, Pará de Minas - MG, Brasil;Rua Acre 195A Para de Minas MG 35660084 Brazil;Pará de Minas;MG;35660084;-19.86217;-44.61091;-19.86217;-44.61091;;;
2088;OLIVEIRA GÁS E ÁGUA MINERAL;;endereco;Rua Francisco Carvalho, 210, Pará de Minas - MG, 35660-400, Brasil;Rua Francisco Carvalho 210 Para de Minas MG 35660382 Brazil;Pará de Minas;MG;35660382;-19.84738;-44.60363;-19.84738;-44.60363;;;
2089;GÁS ORIGINAL;;endereco;Avenida Arlindo Figueiredo, 174, São Francisco, Passos - MG, 37902-026, Brasil;Avenida Arlindo Figueiredo 174 Passos MG 37902026 Brazil;Passos;MG;37902026;-20.72251;-46.61502;-20.72251;-46.61502;São Francisco;;
2090;ORLANDO GÁS;;endereco;Rua Cangeranus, 1780, Polivalente, Passos - MG, 37900-537, Brasil;Rua Cangeranus 1780 Passos MG 37900537 Brazil;Passos;MG;37900537;-20.70578;-46.6036;-20.70578;-46.6036;Polivalente;;
2091;ROBERTO GÁS;;endereco;Rua Rio Verde, 787, Santa Luzia, Passos - MG, 37900-560, Brasil;Rua Rio Verde 787 Passos MG 37900560 Brazil;Passos;MG;37900560;-20.70532;-46.60223;-20.70532;-46.60223;Santa Luzia;;
2092;A TEMGAS TRANSPORTE E COMÉRCIO DE GÁS;;endereco;Rua Fátima Porto, Boa Vista, Patos de Minas - MG, Brasil;Rua Fatima Porto Patos de Minas MG 38700004 Brazil;Patos de Minas;MG;38700004;-18.59742;-46.51172;-18.59742;-46.51172;Boa Vista;ALTO;sem numero de porta
2093;ADEMIR GÁS;;endereco;Rua Oscar de Souza, 92, São Francisco, Patos de Minas - MG, 38702-012, Brasil;Rua Oscar de Souza 92 Patos de Minas MG 38702012 Brazil;Patos de Minas;MG;38702012;-18.58367;-46.50932;-18.58367;-46.50932;São Francisco;;
2094;Adilson Gás e Água Patos de Minas;;endereco;Rua Sacramento, 202, São Francisco, Patos de Minas - MG, 38702-038, Brasil;Rua Sacramento 202 Patos de Minas MG 38700014 Brazil;Patos de Minas;MG;38700014;-18.58257;-46.51308;-18.58257;-46.51308;São Francisco;;
2095;Alípio Gás;;endereco;Rua Duque de Caxias, Várzea, Patos de Minas - MG, 38700-186, Brasil;Rua Duque de Caxias Patos de Minas MG 38700186 Brazil;Patos de Minas;MG;38700186;-18.59479;-46.52157;-18.59479;-46.52157;Várzea;ALTO;sem numero de porta
2096;BIG GAS;;endereco;Rua Durval Caetano Ferreira, 95, Sebastião Amorim, Patos de Minas - MG, 38705-294, Brasil;Rua Durval Caetano Ferreira 95 Patos de Minas MG 38705274 Brazil;Patos de Minas;MG;38705274;-18.5933;-46.50044;-18.5933;-46.50044;Sebastião Amorim;;
2097;BRASIL GÁS E ÁGUA;;endereco;Avenida Brasil, 2016, Brasil, Patos de Minas - MG, 38700-385, Brasil;Avenida Brasil 2016 Patos de Minas MG 38705166 Brazil;Patos de Minas;MG;38705166;-18.59848;-46.53041;-18.59848;-46.53041;Brasil;;
2098;FOCOGÁS;;endereco;Rua Manoel Dias Pereira, 9, Nossa Senhora das Graças, Patos de Minas - MG, 38701-270, Brasil;Rua Manoel Dias Pereira 9 Patos de Minas MG 38701270 Brazil;Patos de Minas;MG;38701270;-18.57595;-46.51878;-18.57595;-46.51878;Nossa Senhora das Graças;;
2099;Forte gás 24 horas;;endereco;Rua Paraíba, 1273, Santa Luzia, Patos de Minas - MG, 38700-293, Brasil;Rua Paraiba 1273 Patos de Minas MG 38700218 Brazil;Patos de Minas;MG;38700218;-18.60913;-46.52556;-18.60913;-46.52556;Santa Luzia;;
2100;Forte Gás e água 24 Horas;;endereco;Rua Pedro Vicente da Silva, 780, Jardim Panorâmico, Patos de Minas - MG, 38705-512, Brasil;Rua Pedro Vicente da Silva 780 Patos de Minas MG 38705512 Brazil;Patos de Minas;MG;38705512;-18.58954;-46.48367;-18.58954;-46.48367;Jardim Panorâmico;;
2101;FULLGÁS GÁS E ÁGUA;;endereco;Rua Rogério Severino Almeida, 230, Bela Vista, Patos de Minas - MG, 38703-242, Brasil;Rua Rogerio Severino Almeida 230 Patos de Minas MG 38702150 Brazil;Patos de Minas;MG;38702150;-18.57253;-46.50618;-18.57253;-46.50618;Bela Vista;;
2102;GAS LÚ /ULTRAGAZ;;endereco;Rua Carmo do Paranaíba, 1555, Cristo Redentor, Patos de Minas - MG, 38700-266, Brasil;Rua Carmo do Paranaiba 1555 Patos de Minas MG 38700266 Brazil;Patos de Minas;MG;38700266;-18.6122;-46.52265;-18.6122;-46.52265;Cristo Redentor;;
2103;GIZA GÁS E CIA;;endereco;Rua Piauí, 649, Cristo Redentor, Patos de Minas - MG, 38700-231, Brasil;Rua Piaui 649 Patos de Minas MG 38700206 Brazil;Patos de Minas;MG;38700206;-18.60336;-46.51752;-18.60336;-46.51752;Cristo Redentor;;
2104;Gás e Água 2 Irmãos;;endereco;Rua Artur Magalhães, 525, Nova Floresta, Patos de Minas - MG, 38703-572, Brasil;Rua Artur Magalhaes 525 Patos de Minas MG 38703635 Brazil;Patos de Minas;MG;38703635;-18.57876;-46.49681;-18.57876;-46.49681;Nova Floresta;;
2105;GÁS LOCAL PATOS DE MINAS;;endereco;Rua Alceu Pereira Cardoso, 109, Jardim Panorâmico, Patos de Minas - MG, 38705-381, Brasil;Rua Alceu Pereira Cardoso 109 Patos de Minas MG 38705840 Brazil;Patos de Minas;MG;38705840;-18.59915;-46.48638;-18.59915;-46.48638;Jardim Panorâmico;;
2106;GÁS LOCAL ROSÁRIO;;endereco;Avenida Paracatu, 17, Rosário, Patos de Minas - MG, 38700-096, Brasil;Avenida Paracatu 17 Patos de Minas MG 38700096 Brazil;Patos de Minas;MG;38700096;-18.57934;-46.51799;-18.57934;-46.51799;Rosário;;
2107;Gás Mais Copagaz;;endereco;Rua São Geraldo, 141, Guanabara, Patos de Minas - MG, 38701-153, Brasil;Rua Sao Geraldo 141 Patos de Minas MG 38706002 Brazil;Patos de Minas;MG;38706002;-18.57908;-46.5262;-18.57908;-46.5262;Guanabara;;
2108;GÁS PATOS DE MINAS - HIPER;;endereco;Rua Xingu, 5, Jardim Esperança, Patos de Minas - MG, 38703-726, Brasil;Rua Xingu 5 Patos de Minas MG 38703749 Brazil;Patos de Minas;MG;38703749;-18.5743;-46.4819;-18.5743;-46.4819;Jardim Esperança;;
2109;GÁS PRIMOS;;endereco;Avenida Tomaz de Aquino, 1955, Alvorada, Patos de Minas - MG, 38701-513, Brasil;Avenida Tomaz de Aquino 1955 Patos de Minas MG 38701513 Brazil;Patos de Minas;MG;38701513;-18.56111;-46.52503;-18.56111;-46.52503;Alvorada;;
2110;LUANA GÁS;;endereco;Rua Ildefonso Bernardes, 590, Lagoinha, Patos de Minas - MG, 38701-159, Brasil;Rua Ildefonso Bernardes 590 Patos de Minas MG 38701324 Brazil;Patos de Minas;MG;38701324;-18.58013;-46.52419;-18.58013;-46.52419;Lagoinha;;
2111;LUMIGÁS;;endereco;Rua Fátima Porto, 3215, Eldorado, Patos de Minas - MG, 38700-203, Brasil;Rua Fatima Porto 3215 Patos de Minas MG 38703096 Brazil;Patos de Minas;MG;38703096;-18.59964;-46.51157;-18.59964;-46.51157;Eldorado;;
2112;NILO GÁS;;endereco;Rua Doutor Mário da Fonseca Filho, 295, Residencial Gramado, Patos de Minas - MG, 38706-194, Brasil;Rua Doutor Mario da Fonseca Filho 295 Patos de Minas MG 38706194 Brazil;Patos de Minas;MG;38706194;-18.61703;-46.50233;-18.61703;-46.50233;Residencial Gramado;;
2113;PATOS GAS LTDA;;endereco;Avenida Juscelino Kubitschek de Oliveira, 4111, Patos de Minas - MG, 38706-000, Brasil;Avenida Juscelino Kubitschek de Oliveira 4111 Patos de Minas MG 38706000 Brazil;Patos de Minas;MG;38706000;-18.6305;-46.49162;-18.6305;-46.49162;;MEDIO;CEP generico de cidade, nao de rua (2,4x mais falha)
2114;Rodogás Disk Gás Patos de Minas;;endereco;Rua Artur Magalhães, 664, Novo Horizonte, Patos de Minas - MG, 38703-572, Brasil;Rua Artur Magalhaes 664 Patos de Minas MG 38703572 Brazil;Patos de Minas;MG;38703572;-18.57915;-46.49533;-18.57915;-46.49533;Novo Horizonte;;
2115;SERV GÁS E ÁGUA;;endereco;Rua do Acre, 583, Santa Terezinha, Patos de Minas - MG, 38700-348, Brasil;Rua do Acre 583 Patos de Minas MG 38700348 Brazil;Patos de Minas;MG;38700348;-18.6019;-46.52585;-18.6019;-46.52585;Santa Terezinha;;
2116;TOTAL GÁS E ÁGUA;;endereco;Avenida Dilermando Gomes de Deus, 1415, Jardim Panorâmico, Patos de Minas - MG, 38705-258, Brasil;Avenida Dilermando Gomes de Deus 1415 Patos de Minas MG 38705258 Brazil;Patos de Minas;MG;38705258;-18.59447;-46.49176;-18.59447;-46.49176;Jardim Panorâmico;;
2117;Uai Gás e Água Patos De Minas;;endereco;Rua Espírito Santo, 1010, Santa Terezinha, Patos de Minas - MG, 38700-254, Brasil;Rua Espirito Santo 1010 Patos de Minas MG 38700329 Brazil;Patos de Minas;MG;38700329;-18.60244;-46.52355;-18.60244;-46.52355;Santa Terezinha;;
2118;Ultragaz Betim Gás;;endereco;Rua dos Miosotes, 162, Jardim Paraíso, Patos de Minas - MG, 38703-040, Brasil;Rua dos Miosotes 162 Patos de Minas MG 38703036 Brazil;Patos de Minas;MG;38703036;-18.58536;-46.50752;-18.58536;-46.50752;Jardim Paraíso;;
2119;Vandinho Gás Ltda;;endereco;Avenida Afonso Queiroz, 312, Boa Vista, Patos de Minas - MG, 38705-167, Brasil;Avenida Afonso Queiroz 312 Patos de Minas MG 38705167 Brazil;Patos de Minas;MG;38705167;-18.59459;-46.50642;-18.59459;-46.50642;Boa Vista;;
2120;DISK GÁS E ÁGUA MINERAL JK - GÁS EM PATROCÍNIO MG;;endereco;Avenida Juscelino Kubitschek, 1627, São Benedito, Patrocínio - MG, 38743-062, Brasil;Avenida Juscelino Kubitschek 1627 Patrocinio MG 38743062 Brazil;Patrocínio;MG;38743062;-18.92933;-47.00088;-18.92933;-47.00088;São Benedito;;
2121;GÁS EM PATROCÍNIO/MG - LUNA GÁS;;endereco;Avenida Faria Pereira, 800, Morada do Sol, Patrocínio - MG, 38744-880, Brasil;Avenida Faria Pereira 800 Patrocinio MG 38744880 Brazil;Patrocínio;MG;38744880;-18.93526;-46.97923;-18.93526;-46.97923;Morada do Sol;;
2122;ZÉ DO GÁS;;endereco;Avenida dos Bálsamos, 121, Morada Nova, Patrocínio - MG, 38748-604, Brasil;Avenida dos Balsamos 121 Patrocinio MG 38740000 Brazil;Patrocínio;MG;38740000;-18.95791;-46.99187;-18.95791;-46.99187;Morada Nova;MEDIO;CEP generico de cidade, nao de rua (2,4x mais falha)
2123;GÁS AJATO;;endereco;Avenida Um, Pedra Azul - MG, 39970-000, Brasil;Avenida Um Pedra Azul MG 39970000 Brazil;Pedra Azul;MG;39970000;-16.01121;-41.27312;-16.01121;-41.27312;;ALTO;"sem numero de porta; CEP generico de cidade, nao de rua (2,4x mais falha)"
2124;GÁS AVENIDA;;endereco;Avenida Antero de Lucena Ruas, 908, Pedra Azul - MG, 39970-000, Brasil;Avenida Antero de Lucena Ruas 908 Pedra Azul MG 39970000 Brazil;Pedra Azul;MG;39970000;-15.99618;-41.27933;-15.99618;-41.27933;;MEDIO;CEP generico de cidade, nao de rua (2,4x mais falha)
2125;TELEGAS BARÃO GÁS;;endereco;Rua Doutor Rocha, 161, Pedro Leopoldo - MG, 33250-192, Brasil;Rua Doutor Rocha 161 Pedro Leopoldo MG 33600000 Brazil;Pedro Leopoldo;MG;33600000;-19.62825;-44.03966;-19.62825;-44.03966;;MEDIO;CEP generico de cidade, nao de rua (2,4x mais falha)
2126;AD COMERCIO DE GÁS LTDA;;endereco;Rua Carlos, 75, Perdões - MG, 37260-000, Brasil;Rua Carlos 75 Perdoes MG 37260000 Brazil;Perdões;MG;37260000;-21.10396;-45.09016;-21.10396;-45.09016;;MEDIO;CEP generico de cidade, nao de rua (2,4x mais falha)
2127;BRUCE GÁS;;endereco;Rua Clóvis Peixoto, 641, São Francisco, Pirapora - MG, 39270-000, Brasil;Rua Clovis Peixoto 641 Pirapora MG 39270000 Brazil;Pirapora;MG;39270000;-17.33016;-44.94094;-17.33016;-44.94094;São Francisco;MEDIO;CEP generico de cidade, nao de rua (2,4x mais falha)
2128;DISK-GÁS & ÁGUA MINERAL DO JOÃO;;endereco;Rua Pedro do Carmo, 47, Santos Dumont, Pirapora - MG, 39270-000, Brasil;Rua Pedro do Carmo 47 Pirapora MG 39274184 Brazil;Pirapora;MG;39274184;-17.34352;-44.92762;-17.34352;-44.92762;Santos Dumont;;
2129;GÁS MAIS COPAGAZ;;endereco;Rua Heloísa Passos Mota, 9, Cícero Passos, Pirapora - MG, 39270-000, Brasil;Rua Heloisa Passos Mota 9 Pirapora MG 39270000 Brazil;Pirapora;MG;39270000;-17.32859;-44.92717;-17.32859;-44.92717;Cícero Passos;MEDIO;CEP generico de cidade, nao de rua (2,4x mais falha)
2130;ROCHA GÁS;;endereco;Rua B, 147, Santos Dumont, Pirapora - MG, 39270-000, Brasil;Rua B 147 Pirapora MG 39270000 Brazil;Pirapora;MG;39270000;-17.34094;-44.92459;-17.34094;-44.92459;Santos Dumont;MEDIO;CEP generico de cidade, nao de rua (2,4x mais falha)
2131;ZAPGÁS;;endereco;Rua Aristides J. Viana Cazumba, 260, Bom Jesus, Pirapora - MG, 39270-000, Brasil;Rua Aristides J Viana Cazumba 260 Pirapora MG 39270143 Brazil;Pirapora;MG;39270143;-17.35608;-44.94415;-17.35608;-44.94415;Bom Jesus;;
2132;CENTRAL GÁS;;endereco;Estrada Para Velho da Taipa, 182, Pitangui - MG, 35650-000, Brasil;Estrada Para Velho da Taipa 182 Pitangui MG 35650000 Brazil;Pitangui;MG;35650000;-19.68791;-44.89735;-19.68791;-44.89735;;ALTO;"endereco de rodovia (57-67% falharam); CEP generico de cidade, nao de rua (2,4x mais falha)"
2133;DISK GÁS E ÁGUA CHAVES;;endereco;Avenida Lima Guimarães, 87, Pitangui - MG, 35650-000, Brasil;Avenida Lima Guimaraes 87 Pitangui MG 35650000 Brazil;Pitangui;MG;35650000;-19.685;-44.89156;-19.685;-44.89156;;MEDIO;CEP generico de cidade, nao de rua (2,4x mais falha)
2134;GÁS E ÁGUA BOA VONTADE;;endereco;Rua João Cecílio dos Santos, 335, Pitangui - MG, 35650-000, Brasil;Rua Joao Cecilio dos Santos 335 Pitangui MG 35650000 Brazil;Pitangui;MG;35650000;-19.68025;-44.8948;-19.68025;-44.8948;;MEDIO;CEP generico de cidade, nao de rua (2,4x mais falha)
2135;5000 GÀS;;endereco;Rua Severo Veloso, 8, Piumhi - MG, 37925-000, Brasil;Rua Severo Veloso 8 Piumhi MG 37925000 Brazil;Piumhi;MG;37925000;-20.45948;-45.97423;-20.45948;-45.97423;;MEDIO;CEP generico de cidade, nao de rua (2,4x mais falha)
2136;CITY GÁS E ÁGUA MINERAL;;endereco;Rua Severo Veloso, 381, Piumhi - MG, 37925-000, Brasil;Rua Severo Veloso 381 Piumhi MG 37925000 Brazil;Piumhi;MG;37925000;-20.45895;-45.9705;-20.45895;-45.9705;;MEDIO;CEP generico de cidade, nao de rua (2,4x mais falha)
2137;LÍDER GÁS E ÁGUA MINERAL;;endereco;Rua Silviano Brandão, 197, Piumhi - MG, 37925-000, Brasil;Rua Silviano Brandao 197 Piumhi MG 37925000 Brazil;Piumhi;MG;37925000;-20.47028;-45.95461;-20.47028;-45.95461;;MEDIO;CEP generico de cidade, nao de rua (2,4x mais falha)
2138;TELEGÁS J & J GÁS PIUMHI;;endereco;Rua Tito Ulisses, 127, Piumhi - MG, 37925-000, Brasil;Rua Tito Ulisses 127 Piumhi MG 37925000 Brazil;Piumhi;MG;37925000;-20.47405;-45.96291;-20.47405;-45.96291;;MEDIO;CEP generico de cidade, nao de rua (2,4x mais falha)
2139;LIDER GAS- DEPÓSITO GÁS E ÁGUA MINERAL;;endereco;Rua Ministro Francisco Campos, 466, Pompéu - MG, 35640-000, Brasil;Rua Ministro Francisco Campos 466 Pompeu MG 35640000 Brazil;Pompéu;MG;35640000;-19.22338;-45.00021;-19.22338;-45.00021;;MEDIO;CEP generico de cidade, nao de rua (2,4x mais falha)
2140;TOP GÁS POMPEU;;endereco;Rua Diretora Ivete Bambirra, 251, Pompéu - MG, 35640-000, Brasil;Rua Diretora Ivete Bambirra 251 Pompeu MG 35640000 Brazil;Pompéu;MG;35640000;-19.2263;-45.01432;-19.2263;-45.01432;;MEDIO;CEP generico de cidade, nao de rua (2,4x mais falha)
2141;CHAME GAS;;endereco;Rua João Sette, 205, Ponte Nova - MG, 35430-104, Brasil;Rua Joao Sette 205 Ponte Nova MG 35430104 Brazil;Ponte Nova;MG;35430104;-20.41459;-42.9214;-20.41459;-42.9214;;;
2142;GÁS CARNEIRO;;endereco;Rua José Bento da Silva, 48, Ponte Nova - MG, Brasil;Rua Jose Bento da Silva 48 Ponte Nova MG 35430140 Brazil;Ponte Nova;MG;35430140;-20.40966;-42.90023;-20.40966;-42.90023;;;
2143;COPAGAZ PORTEIRINHA;;endereco;Rua Benjamin Constant, 7, Porteirinha - MG, 39520-000, Brasil;Rua Benjamin Constant 7 Porteirinha MG 39520000 Brazil;Porteirinha;MG;39520000;-15.74661;-43.02646;-15.74661;-43.02646;;MEDIO;CEP generico de cidade, nao de rua (2,4x mais falha)
2144;VILA GÁS;;endereco;Rua Batista Machado, 667, Porteirinha - MG, 39520-000, Brasil;Rua Batista Machado 667 Porteirinha MG 39520000 Brazil;Porteirinha;MG;39520000;-15.74056;-43.02088;-15.74056;-43.02088;;MEDIO;CEP generico de cidade, nao de rua (2,4x mais falha)
2145;BIG GÁS E ÁGUA;;endereco;Avenida Antônio Scodeller, 1554, Pouso Alegre - MG, 37550-000, Brasil;Avenida Antonio Scodeller 1554 Pouso Alegre MG 37550000 Brazil;Pouso Alegre;MG;37550000;-22.21029;-45.90477;-22.21029;-45.90477;;MEDIO;CEP generico de cidade, nao de rua (2,4x mais falha)
2146;Brito Gás e Água;;endereco;Rua Acelino de Brito, 195, Pouso Alegre - MG, 37560-196, Brasil;Rua Acelino de Brito 195 Pouso Alegre MG 37560196 Brazil;Pouso Alegre;MG;37560196;-22.28129;-45.92053;-22.28129;-45.92053;;;
2147;Coroado Disk Água e Gás;;endereco;Rua João Soares de Pinho, 237, Pouso Alegre - MG, 37558-120, Brasil;Rua Joao Soares de Pinho 237 Pouso Alegre MG 37558120 Brazil;Pouso Alegre;MG;37558120;-22.24361;-45.92834;-22.24361;-45.92834;;;
2148;Dino Gás e Água;;endereco;Rua Maria da Conceição Costa, 365, Pouso Alegre - MG, 37552-452, Brasil;Rua Maria da Conceicao Costa 365 Pouso Alegre MG 37552452 Brazil;Pouso Alegre;MG;37552452;-22.21172;-45.94313;-22.21172;-45.94313;;;
2149;DISK GÁS & ÁGUA MONTE SINAI;;endereco;Rua Coronel Sartunino de Alcântra, 99, Pouso Alegre - MG, 37550-054, Brasil;Rua Coronel Sartunino de Alcantra 99 Pouso Alegre MG 37550000 Brazil;Pouso Alegre;MG;37550000;-22.2263;-45.93892;-22.2263;-45.93892;;MEDIO;CEP generico de cidade, nao de rua (2,4x mais falha)
2150;DISk GÁS 24 HRS SUPER GAS GÁS DO POVO;;endereco;Rua Paulo Henrique de Oliveira, 64, Pouso Alegre - MG, 37554-106, Brasil;Rua Paulo Henrique de Oliveira 64 Pouso Alegre MG 37550000 Brazil;Pouso Alegre;MG;37550000;-22.22821;-45.92649;-22.22821;-45.92649;;MEDIO;CEP generico de cidade, nao de rua (2,4x mais falha)
2151;DISK GÁS E AGUA DO DÃO;;endereco;Rua Benedito Carvalho Filho, 65, Pouso Alegre - MG, 37552-508, Brasil;Rua Benedito Carvalho Filho 65 Pouso Alegre MG 37552508 Brazil;Pouso Alegre;MG;37552508;-22.21143;-45.94698;-22.21143;-45.94698;;;
2152;DISK GÁSAVENIDA GÁS SUPERGÁSBRÁS GÁS DO POVO;;endereco;Avenida José Agripino Rios, 251, Pouso Alegre - MG, 37558-440, Brasil;Avenida Jose Agripino Rios 251 Pouso Alegre MG 37558720 Brazil;Pouso Alegre;MG;37558720;-22.25358;-45.92925;-22.25358;-45.92925;;;
2153;Disk Água e Gás Ligeirinho - Pouso Alegre;;endereco;Rua Francisco Sales, 354, Pouso Alegre - MG, 37550-086, Brasil;Rua Francisco Sales 354 Pouso Alegre MG 37550086 Brazil;Pouso Alegre;MG;37550086;-22.2311;-45.94052;-22.2311;-45.94052;;;
2154;DISTRIBUIDORA DE GÁS IMPERIAL;;endereco;Avenida Vicente Simões, 588, Pouso Alegre - MG, 37550-136, Brasil;Avenida Vicente Simoes 588 Pouso Alegre MG 37550000 Brazil;Pouso Alegre;MG;37550000;-22.22841;-45.92831;-22.22841;-45.92831;;MEDIO;CEP generico de cidade, nao de rua (2,4x mais falha)
2155;Gas Pouso Alegre | Gas em Pouso Alegre;;endereco;Rua Abrelino Vieira Rios, 110, Pouso Alegre - MG, 37550-000, Brasil;Rua Abrelino Vieira Rios 110 Pouso Alegre MG 37558434 Brazil;Pouso Alegre;MG;37558434;-22.25343;-45.93036;-22.25343;-45.93036;;;
2156;GÁS 24 HORAS;;endereco;Rua Seis, Pouso Alegre - MG, 37550-000, Brasil;Rua Seis Pouso Alegre MG 37550000 Brazil;Pouso Alegre;MG;37550000;-22.25134;-45.90463;-22.25134;-45.90463;;ALTO;"sem numero de porta; CEP generico de cidade, nao de rua (2,4x mais falha)"
2157;GÁS 24 HORAS SANTA RITA;;endereco;Avenida Prefeito Olavo Gomes Oliveira, 4018, Pouso Alegre - MG, 37550-000, Brasil;Avenida Prefeito Olavo Gomes Oliveira 4018 Pouso Alegre MG 37550000 Brazil;Pouso Alegre;MG;37550000;-22.26897;-45.92574;-22.26897;-45.92574;;MEDIO;CEP generico de cidade, nao de rua (2,4x mais falha)
2158;GÁS DO CIDO;;endereco;Avenida Maria de Paiva Garcia, 45, Pouso Alegre - MG, 37551-221, Brasil;Avenida Maria de Paiva Garcia 45 Pouso Alegre MG 37550000 Brazil;Pouso Alegre;MG;37550000;-22.22831;-45.94502;-22.22831;-45.94502;;MEDIO;CEP generico de cidade, nao de rua (2,4x mais falha)
2159;Gás do Ivan;;endereco;Avenida Vereador Antônio Costa Rios, 776, Pouso Alegre - MG, 37558-000, Brasil;Avenida Vereador Antonio Costa Rios 776 Pouso Alegre MG 37558149 Brazil;Pouso Alegre;MG;37558149;-22.24256;-45.93117;-22.24256;-45.93117;;;
2160;Gás e Água Chama Azul;;endereco;Rua João Soares de Pinho, 156, Pouso Alegre - MG, 37558-120, Brasil;Rua Joao Soares de Pinho 156 Pouso Alegre MG 37550000 Brazil;Pouso Alegre;MG;37550000;-22.24385;-45.92873;-22.24385;-45.92873;;MEDIO;CEP generico de cidade, nao de rua (2,4x mais falha)
2161;Gás e Água Em Pouso Alegre;;endereco;Rua Moacir Amaral da Silva, 145, Pouso Alegre - MG, 37555-008, Brasil;Rua Moacir Amaral da Silva 145 Pouso Alegre MG 37550000 Brazil;Pouso Alegre;MG;37550000;-22.21695;-45.91655;-22.21695;-45.91655;;MEDIO;CEP generico de cidade, nao de rua (2,4x mais falha)
2162;GÁS JARDIM SÃO JOÃO;;endereco;Rua Três Corações, 1230A, Pouso Alegre - MG, 37550-601, Brasil;Rua Tres Coracoes 1230A Pouso Alegre MG 37550000 Brazil;Pouso Alegre;MG;37550000;-22.23976;-45.9629;-22.23976;-45.9629;;MEDIO;CEP generico de cidade, nao de rua (2,4x mais falha)
2163;Matheus do Gás;;endereco;Avenida Vereador Antônio Costa Rios, 2759, Pouso Alegre - MG, 37558-149, Brasil;Avenida Vereador Antonio Costa Rios 2759 Pouso Alegre MG 37558658 Brazil;Pouso Alegre;MG;37558658;-22.25762;-45.93081;-22.25762;-45.93081;;;
2164;MICHEL DO GÁS;;endereco;Rua Abel Teodoro de Almeida, 255, Pouso Alegre - MG, 37558-176, Brasil;Rua Abel Teodoro de Almeida 255 Pouso Alegre MG 37550000 Brazil;Pouso Alegre;MG;37550000;-22.24769;-45.92809;-22.24769;-45.92809;;MEDIO;CEP generico de cidade, nao de rua (2,4x mais falha)
2165;Minas Água e Gás - Gás Pouso Alegre - Disk Água Pouso Alegre - Bebidas;;endereco;Bodinho Pneus, Rua Coronel Brito Filho, Pouso Alegre - MG, 37553-104, Brasil;Rua Coronel Brito Filho Pouso Alegre MG 37554246 Brazil;Pouso Alegre;MG;37554246;-22.22438;-45.92409;-22.22438;-45.92409;;ALTO;sem numero de porta
2166;POUSO GAS ATÉ AS 22H;;endereco;Avenida Vereador Antônio Costa Rios, 1088, Pouso Alegre - MG, 37558-050, Brasil;Avenida Vereador Antonio Costa Rios 1088 Pouso Alegre MG 37550000 Brazil;Pouso Alegre;MG;37550000;-22.24515;-45.93088;-22.24515;-45.93088;;MEDIO;CEP generico de cidade, nao de rua (2,4x mais falha)
2167;Robinho do Gás Pouso Alegre 24 horas;;endereco;Rua Tenente Anísio Prado da Fonseca, 740, Pouso Alegre - MG, 37550-244, Brasil;Rua Tenente Anisio Prado da Fonseca 740 Pouso Alegre MG 37550321 Brazil;Pouso Alegre;MG;37550321;-22.24017;-45.94324;-22.24017;-45.94324;;;
2168;"SUPER GÁS DISK ATE AS22;00 GÁS DO POVO";;endereco;Rua Pedro Marcondes Duarte, 45, Pouso Alegre - MG, 37553-086, Brasil;Rua Pedro Marcondes Duarte 45 Pouso Alegre MG 37550000 Brazil;Pouso Alegre;MG;37550000;-22.22369;-45.92833;-22.22369;-45.92833;;MEDIO;CEP generico de cidade, nao de rua (2,4x mais falha)
2169;SUPERGASBRAS;;endereco;Rua Luís Marcondes de Melo Júniro, 2, Pouso Alegre - MG, 37556-030, Brasil;Rua Luis Marcondes de Melo Juniro 2 Pouso Alegre MG 37550000 Brazil;Pouso Alegre;MG;37550000;-22.22774;-45.89249;-22.22774;-45.89249;;MEDIO;CEP generico de cidade, nao de rua (2,4x mais falha)
2170;Supergasbras Centro - Grupo Papagaz;;endereco;Rua Tiradentes, 349, Pouso Alegre - MG, 37550-193, Brasil;Rua Tiradentes 349 Pouso Alegre MG 37550000 Brazil;Pouso Alegre;MG;37550000;-22.23291;-45.94144;-22.23291;-45.94144;;MEDIO;CEP generico de cidade, nao de rua (2,4x mais falha)
2171;ZÉ DO GÁS LIGUE JÁ 99866-6565;;endereco;Avenida Vereador Antônio Costa Rios, 1232, Pouso Alegre - MG, 37558-050, Brasil;Avenida Vereador Antonio Costa Rios 1232 Pouso Alegre MG 37550000 Brazil;Pouso Alegre;MG;37550000;-22.24652;-45.93076;-22.24652;-45.93076;;MEDIO;CEP generico de cidade, nao de rua (2,4x mais falha)
2172;ALINE GÁS;;endereco;Rua Pedro Vicente Lúcio, 145, Região Urbana Homogênea XX, Poços de Caldas - MG, 37705-218, Brasil;Rua Pedro Vicente Lucio 145 Pocos de Caldas MG 37705218 Brazil;Poços de Caldas;MG;37705218;-21.80362;-46.54195;-21.80362;-46.54195;Região Urbana Homogênea XX;;
2173;Aline Gás - Av. Portugal Poços de Caldas MG;;endereco;Avenida Portugal, 1030, Região Urbana Homogênea XIII, Poços de Caldas - MG, 37706-189, Brasil;Avenida Portugal 1030 Pocos de Caldas MG 37704276 Brazil;Poços de Caldas;MG;37704276;-21.85028;-46.56637;-21.85028;-46.56637;Região Urbana Homogênea XIII;;
2174;ALVORADA GÁS;;endereco;Rua Coronel Virgínio Silva, 3836, Região Urbana Homogênea XXII, Poços de Caldas - MG, 37701-103, Brasil;Rua Coronel Virginio Silva 3836 Pocos de Caldas MG 37701103 Brazil;Poços de Caldas;MG;37701103;-21.79544;-46.52684;-21.79544;-46.52684;Região Urbana Homogênea XXII;;
2175;Beto Gás;;endereco;Rua Gisélia do Carmo Carvalho, 30, Região Urbana Homogênea XII, Poços de Caldas - MG, 37713-192, Brasil;Rua Giselia do Carmo Carvalho 30 Pocos de Caldas MG 37713192 Brazil;Poços de Caldas;MG;37713192;-21.83396;-46.55789;-21.83396;-46.55789;Região Urbana Homogênea XII;;
2176;CONSIGAZ ROCHA GAZ;;endereco;Avenida Presidente Wenceslau Bráz, 1768, Região Urbana Homogênea XXII, Poços de Caldas - MG, 37706-000, Brasil;Avenida Presidente Wenceslau Braz 1768 Pocos de Caldas MG 37706000 Brazil;Poços de Caldas;MG;37706000;-21.79665;-46.51992;-21.79665;-46.51992;Região Urbana Homogênea XXII;MEDIO;CEP generico de cidade, nao de rua (2,4x mais falha)
2177;Consigaz | Gás de Cozinha | Disk Gás | A chama que faz sua vida melhor;;endereco (logradouro de coluna alternativa);BR-146, Região Urbana Homogênea XII, Poços de Caldas - MG, 37706-178, Brasil;Avenida Alcoa Pocos de Caldas MG 37706450 Brazil;Poços de Caldas;MG;37706450;-21.8213;-46.55144;-21.8213;-46.55144;;ALTO;sem numero de porta
2178;DEPÓSITO DE GÁS;;endereco;Rua Pedro Augusto Cavini, 220, Região Urbana Homogênea XX, Poços de Caldas - MG, 37704-197, Brasil;Rua Pedro Augusto Cavini 220 Pocos de Caldas MG 37705218 Brazil;Poços de Caldas;MG;37705218;-21.80561;-46.54583;-21.80561;-46.54583;Região Urbana Homogênea XX;;
2179;Gás nivaldo;;endereco;Avenida José Remígio Preza, 41, Região Urbana Homogênea XVII, Poços de Caldas - MG, 37701-102, Brasil;Avenida Jose Remigio Preza 41 Pocos de Caldas MG 37701102 Brazil;Poços de Caldas;MG;37701102;-21.78517;-46.55536;-21.78517;-46.55536;Região Urbana Homogênea XVII;;
2180;JOYCE GÁS E ÁGUA;;endereco;Rua Lázaro Ferreira de Souza, 75, Região Urbana Homogênea XX, Poços de Caldas - MG, 37704-802, Brasil;Rua Lazaro Ferreira de Souza 75 Pocos de Caldas MG 37704196 Brazil;Poços de Caldas;MG;37704196;-21.80779;-46.55413;-21.80779;-46.55413;Região Urbana Homogênea XX;;
2181;LIGUE GÁS CLAITON;;endereco;Rua Coronel Virgínio Silva, 1908, Região Urbana Homogênea XXII, Poços de Caldas - MG, 37701-103, Brasil;Rua Coronel Virginio Silva 1908 Pocos de Caldas MG 37704620 Brazil;Poços de Caldas;MG;37704620;-21.7887;-46.54251;-21.7887;-46.54251;Região Urbana Homogênea XXII;;
2182;LUIZA GÁS;;endereco;Avenida Antônio Togni, 2621, Região Urbana Homogênea IV, Poços de Caldas - MG, 37704-356, Brasil;Avenida Antonio Togni 2621 Pocos de Caldas MG 37704356 Brazil;Poços de Caldas;MG;37704356;-21.77989;-46.598;-21.77989;-46.598;Região Urbana Homogênea IV;;
2183;Mateus Gás;;endereco;Rua Oswaldo Paiva, 120, Região Urbana Homogênea XXII, Poços de Caldas - MG, 37704-460, Brasil;Rua Oswaldo Paiva 120 Pocos de Caldas MG 37704460 Brazil;Poços de Caldas;MG;37704460;-21.7935;-46.53035;-21.7935;-46.53035;Região Urbana Homogênea XXII;;
2184;MELHOR GÁS;;endereco;Avenida Portugal, 1030, Região Urbana Homogênea XIII, Poços de Caldas - MG, 37706-189, Brasil;Avenida Portugal 1030 Pocos de Caldas MG 37706189 Brazil;Poços de Caldas;MG;37706189;-21.85028;-46.56637;-21.85028;-46.56637;Região Urbana Homogênea XIII;;
2185;Melhor Gás;;endereco;Rua Pedro Vicente Lúcio, 145, Região Urbana Homogênea XX, Poços de Caldas - MG, 37705-218, Brasil;Rua Pedro Vicente Lucio 145 Pocos de Caldas MG 37705218 Brazil;Poços de Caldas;MG;37705218;-21.80362;-46.54195;-21.80362;-46.54195;Região Urbana Homogênea XX;;
2186;NOSSO GÁS ULTRAGAZ;;endereco;Avenida Reginaldo Campos Zangiacomi, 308, Região Urbana Homogênea XIII, Poços de Caldas - MG, 37706-600, Brasil;Avenida Reginaldo Campos Zangiacomi 308 Pocos de Caldas MG 37706600 Brazil;Poços de Caldas;MG;37706600;-21.85663;-46.57015;-21.85663;-46.57015;Região Urbana Homogênea XIII;;
2187;OLAVO GÁS POÇOS DE CALDAS;;endereco;Avenida José Remígio Prezia, 770, Região Urbana Homogênea XVII, Poços de Caldas - MG, 37701-782, Brasil;Avenida Jose Remigio Prezia 770 Pocos de Caldas MG 37701102 Brazil;Poços de Caldas;MG;37701102;-21.78567;-46.54911;-21.78567;-46.54911;Região Urbana Homogênea XVII;;
2188;PALÁCIO DOS FOGÕES - CASTELO GÁS - ULTRAGAZ;;endereco;Avenida João Pinheiro, 2583, Região Urbana Homogênea III, Poços de Caldas - MG, 37701-386, Brasil;Avenida Joao Pinheiro 2583 Pocos de Caldas MG 37701387 Brazil;Poços de Caldas;MG;37701387;-21.78455;-46.59767;-21.78455;-46.59767;Região Urbana Homogênea III;;
2189;POÇOS GÁS;;endereco;Avenida Monsenhor Alderigi, 198, Região Urbana Homogênea III, Poços de Caldas - MG, 37704-284, Brasil;Avenida Monsenhor Alderigi 198 Pocos de Caldas MG 37704284 Brazil;Poços de Caldas;MG;37704284;-21.78923;-46.60026;-21.78923;-46.60026;Região Urbana Homogênea III;;
2190;RIBEIRO GÁS E ÁGUA;;endereco;Plantar, Avenida Presidente Wenceslau Bráz, 2934, Região Urbana Homogênea XXIV, Poços de Caldas - MG, 37706-000, Brasil;Avenida Presidente Wenceslau Braz 2934 Pocos de Caldas MG 37706029 Brazil;Poços de Caldas;MG;37706029;-21.8007;-46.50803;-21.8007;-46.50803;Região Urbana Homogênea XXIV;;
2191;Sousa Gás;;endereco;Rua Oswaldo Paiva, 120, Região Urbana Homogênea XXII, Poços de Caldas - MG, 37704-460, Brasil;Rua Oswaldo Paiva 120 Pocos de Caldas MG 37704460 Brazil;Poços de Caldas;MG;37704460;-21.7935;-46.53035;-21.7935;-46.53035;Região Urbana Homogênea XXII;;
2192;TOP GÁS;;endereco;Avenida Dr. Ubirajara Machado de Moraes, 606, Região Urbana Homogênea XVIII, Poços de Caldas - MG, 37704-016, Brasil;Avenida Dr Ubirajara Machado de Moraes 606 Pocos de Caldas MG 37704016 Brazil;Poços de Caldas;MG;37704016;-21.79255;-46.55036;-21.79255;-46.55036;Região Urbana Homogênea XVIII;;
2193;Varejista de Gás, Água e Bebidas Porto;;endereco;Avenida Antônio Togni, 2715, Região Urbana Homogênea IV, Poços de Caldas - MG, 37704-356, Brasil;Avenida Antonio Togni 2715 Pocos de Caldas MG 37704356 Brazil;Poços de Caldas;MG;37704356;-21.77941;-46.59902;-21.77941;-46.59902;Região Urbana Homogênea IV;;
2194;ALMEIDA GÁS;;endereco;Avenida Getúlio Vargas, Raul Soares - MG, 35350-000, Brasil;Avenida Getulio Vargas Raul Soares MG 35350000 Brazil;Raul Soares;MG;35350000;-20.10105;-42.45198;-20.10105;-42.45198;;ALTO;"sem numero de porta; CEP generico de cidade, nao de rua (2,4x mais falha)"
2195;Amel Gás;;endereco;Rua São Simeão, 15, Maria Helena, Ribeirão das Neves - MG, 33930-430, Brasil;Rua Sao Simeao 15 Ribeirao das Neves MG 33930430 Brazil;Ribeirão das Neves;MG;33930430;-19.79121;-43.99713;-19.79121;-43.99713;Maria Helena;;
2196;CASA DE RAÇÕES E DEPOSITO DE GÁS ADONAI;;endereco;Edson Wander Gonçalves Soares, Rua Ari Teixeira da Costa, São Geraldo, Ribeirão das Neves - MG, 33805-020, Brasil;Rua Ari Teixeira da Costa Ribeirao das Neves MG 33805020 Brazil;Ribeirão das Neves;MG;33805020;-19.7736;-44.08338;-19.7736;-44.08338;São Geraldo;ALTO;sem numero de porta
2197;Chama Gás;;endereco;Rua Antônio Dias Quintão, 148A, Rosana, Ribeirão das Neves - MG, 33860-190, Brasil;Rua Antonio Dias Quintao 148A Ribeirao das Neves MG 33860190 Brazil;Ribeirão das Neves;MG;33860190;-19.76201;-44.07795;-19.76201;-44.07795;Rosana;;
2198;Comercial De Gás Oliveira;;endereco;Rua Três, 730, Ribeirão das Neves - MG, 33823-590, Brasil;Rua Tres 730 Ribeirao das Neves MG 33836012 Brazil;Ribeirão das Neves;MG;33836012;-19.82806;-44.0774;-19.82806;-44.0774;;;
2199;DANIEL GÁS;;endereco (logradouro de coluna alternativa);MG-432, Veneza, Ribeirão das Neves - MG, Brasil;Avenida DIONIZIO GOMES VENEZA Ribeirao das Neves MG 33821108 Brazil;Ribeirão das Neves;MG;33821108;-19.77536;-44.14557;-19.77536;-44.14557;;ALTO;sem numero de porta
2200;DEDÉ GÁS E ÁGUA;;endereco;Rua Alexandre Franca, 293, Veneza, Ribeirão das Neves - MG, 33820-040, Brasil;Rua Alexandre Franca 293 Ribeirao das Neves MG 33820040 Brazil;Ribeirão das Neves;MG;33820040;-19.76933;-44.13187;-19.76933;-44.13187;Veneza;;
2201;DEPÓSITO DE GÁS,;;endereco;Rua João Correia Armond, 303, Sevilha Primeira Seção, Ribeirão das Neves - MG, 33855-130, Brasil;Rua Joao Correia Armond 303 Ribeirao das Neves MG 33855130 Brazil;Ribeirão das Neves;MG;33855130;-19.75424;-44.07516;-19.75424;-44.07516;Sevilha Primeira Seção;;
2202;Depósito JN Gás;;endereco;Rua Aldimar de Miranda, 61C, Santa Martinha, Ribeirão das Neves - MG, 33860-380, Brasil;Rua Aldimar de Miranda 61C Ribeirao das Neves MG 33880100 Brazil;Ribeirão das Neves;MG;33880100;-19.76823;-44.07107;-19.76823;-44.07107;Santa Martinha;;
2203;Douglas Gás;;endereco;Rua Várzea da Palma, 271, Sevilha Segunda Seção, Ribeirão das Neves - MG, 33858-580, Brasil;Rua Varzea da Palma 271 Ribeirao das Neves MG 33858580 Brazil;Ribeirão das Neves;MG;33858580;-19.758;-44.08373;-19.758;-44.08373;Sevilha Segunda Seção;;
2204;ELIAS DO GÁS;;endereco;Rua Saturnino Vicente da Silva, 653, Jardim Florença, Ribeirão das Neves - MG, 33823-330, Brasil;Rua Saturnino Vicente da Silva 653 Ribeirao das Neves MG 33823330 Brazil;Ribeirão das Neves;MG;33823330;-19.75829;-44.14484;-19.75829;-44.14484;Jardim Florença;;
2205;FLEXGAS DE COZINHA;;endereco;Rua Juramento, 292, Sevilha Segunda Seção, Ribeirão das Neves - MG, 33858-070, Brasil;Rua Juramento 292 Ribeirao das Neves MG 33858070 Brazil;Ribeirão das Neves;MG;33858070;-19.75533;-44.08392;-19.75533;-44.08392;Sevilha Segunda Seção;;
2206;FORT GÁS;;endereco;Rua Emerenciana Camargo Batista, 590, Santa Marta, Ribeirão das Neves - MG, 33880-120, Brasil;Rua Emerenciana Camargo Batista 590 Ribeirao das Neves MG 33880120 Brazil;Ribeirão das Neves;MG;33880120;-19.77361;-44.07667;-19.77361;-44.07667;Santa Marta;;
2207;Gogás;;endereco;C F C San Marino, Rua José do Carmo Barcelos, 28, Savassi, Ribeirão das Neves - MG, 33880-393, Brasil;Rua Jose do Carmo Barcelos 28 Ribeirao das Neves MG 33880630 Brazil;Ribeirão das Neves;MG;33880630;-19.77677;-44.08221;-19.77677;-44.08221;Savassi;;
2208;GÁS DONA DE CASA;;endereco;Avenida Oswaldo Alves Araújo, 958, Veneza, Ribeirão das Neves - MG, 33820-530, Brasil;Avenida Oswaldo Alves Araujo 958 Ribeirao das Neves MG 33820530 Brazil;Ribeirão das Neves;MG;33820530;-19.77081;-44.13814;-19.77081;-44.13814;Veneza;;
2209;GÁS DONA DE CASA;;endereco;Rua José Pinto Cerqueira, 95, Centro, Ribeirão das Neves - MG, 33858-520, Brasil;Rua Jose Pinto Cerqueira 95 Ribeirao das Neves MG 33858520 Brazil;Ribeirão das Neves;MG;33858520;-19.76228;-44.08502;-19.76228;-44.08502;Centro;;
2210;Gás Gomes (tele gás Ribeirão das Neves);;endereco;Rua Antônio Carlos Ferraz de Salles, 359, Bom Sossego, Ribeirão das Neves - MG, Brasil;Rua Antonio Carlos Ferraz de Salles 359 Ribeirao das Neves MG 33860050 Brazil;Ribeirão das Neves;MG;33860050;-19.76337;-44.07509;-19.76337;-44.07509;Bom Sossego;;
2211;Já Vai Gás;;endereco;Rua Jequitaí, 140, Sevilha Segunda Seção, Ribeirão das Neves - MG, 33858-570, Brasil;Rua Jequitai 140 Ribeirao das Neves MG 33858570 Brazil;Ribeirão das Neves;MG;33858570;-19.75931;-44.08306;-19.75931;-44.08306;Sevilha Segunda Seção;;
2212;LUCIANO GÁS;;endereco;Rua Araguari, 209, Sevilha Primeira Seção, Ribeirão das Neves - MG, 33855-220, Brasil;Rua Araguari 209 Ribeirao das Neves MG 33855220 Brazil;Ribeirão das Neves;MG;33855220;-19.75515;-44.07423;-19.75515;-44.07423;Sevilha Primeira Seção;;
2213;Macional Gás;;endereco;Rua Cataguases, 233, Sevilha Segunda Seção, Ribeirão das Neves - MG, 33858-510, Brasil;Rua Cataguases 233 Ribeirao das Neves MG 33858510 Brazil;Ribeirão das Neves;MG;33858510;-19.76054;-44.08399;-19.76054;-44.08399;Sevilha Segunda Seção;;
2214;Neves Gás (Robinho Gás e Água);;endereco;Praça Dois, 327, San Genaro, Ribeirão das Neves - MG, 33825-360, Brasil;Praca Dois 327 Ribeirao das Neves MG 33825360 Brazil;Ribeirão das Neves;MG;33825360;-19.76227;-44.1553;-19.76227;-44.1553;San Genaro;;
2215;PLANETA GAS;;endereco;Rua Cleonice Coelho de Oliveira, 200, Nova União, Ribeirão das Neves - MG, 33861-525, Brasil;Rua Cleonice Coelho de Oliveira 200 Ribeirao das Neves MG 33861525 Brazil;Ribeirão das Neves;MG;33861525;-19.77592;-44.07364;-19.77592;-44.07364;Nova União;;
2216;RG GÁS;;endereco;Rua Arlindo Albino de Souza, 305, Jardim Florença, Ribeirão das Neves - MG, 33825-080, Brasil;Rua Arlindo Albino de Souza 305 Ribeirao das Neves MG 33825080 Brazil;Ribeirão das Neves;MG;33825080;-19.76085;-44.14648;-19.76085;-44.14648;Jardim Florença;;
2217;ROBINHO GÁS E ÁGUA;;endereco;Avenida dos Nogueiras, 139, São Pedro, Ribeirão das Neves - MG, 33805-000, Brasil;Avenida dos Nogueiras 139 Ribeirao das Neves MG 33805000 Brazil;Ribeirão das Neves;MG;33805000;-19.76559;-44.08929;-19.76559;-44.08929;São Pedro;MEDIO;CEP generico de cidade, nao de rua (2,4x mais falha)
2218;RODRIGUES GÁS;;endereco;Rua Francisco Sá, 165, Sevilha Primeira Seção, Ribeirão das Neves - MG, 33855-150, Brasil;Rua Francisco Sa 165 Ribeirao das Neves MG 33855150 Brazil;Ribeirão das Neves;MG;33855150;-19.75864;-44.07552;-19.75864;-44.07552;Sevilha Primeira Seção;;
2219;Supergasbras;;endereco;Avenida dos Nogueiras, 151, Esplanada, Ribeirão das Neves - MG, 33805-000, Brasil;Avenida dos Nogueiras 151 Ribeirao das Neves MG 33805000 Brazil;Ribeirão das Neves;MG;33805000;-19.76537;-44.08948;-19.76537;-44.08948;Esplanada;MEDIO;CEP generico de cidade, nao de rua (2,4x mais falha)
2220;Supergasbras;;endereco;Avenida Castelo Branco, 1094A, Menezes, Ribeirão das Neves - MG, 33913-280, Brasil;Avenida Castelo Branco 1094A Ribeirao das Neves MG 33913280 Brazil;Ribeirão das Neves;MG;33913280;-19.77476;-44.02455;-19.77476;-44.02455;Menezes;;
2221;Tele gás ceu azul;;endereco;Avenida Castelo Branco, 26, Papine, Ribeirão das Neves - MG, 33900-570, Brasil;Avenida Castelo Branco 26 Ribeirao das Neves MG 33900375 Brazil;Ribeirão das Neves;MG;33900375;-19.79979;-44.01733;-19.79979;-44.01733;Papine;;
2222;TELE GÁS DO NILL;;endereco;Rua Marechal Floriano Peixoto, 364A, Rosana, Ribeirão das Neves - MG, 33860-140, Brasil;Rua Marechal Floriano Peixoto 364A Ribeirao das Neves MG 33860140 Brazil;Ribeirão das Neves;MG;33860140;-19.76206;-44.07633;-19.76206;-44.07633;Rosana;;
2223;TELEGÁS AVENIDA;;endereco;Avenida Denise Cristina da Rocha, Viena, Ribeirão das Neves - MG, 33880-215, Brasil;Avenida Denise Cristina da Rocha Ribeirao das Neves MG 33900000 Brazil;Ribeirão das Neves;MG;33900000;-19.80683;-44.03017;-19.80683;-44.03017;Viena;ALTO;"sem numero de porta; CEP generico de cidade, nao de rua (2,4x mais falha)"
2224;Telegás e Água os Grillos | Revenda de Gás no Bairro Veneza Rib. Das Neves;;endereco;Avenida A, Veneza, Ribeirão das Neves - MG, Brasil;Avenida A Ribeirao das Neves MG 33821235 Brazil;Ribeirão das Neves;MG;33821235;-19.77517;-44.13283;-19.77517;-44.13283;Veneza;ALTO;sem numero de porta
2225;Theu Gás Comércio;;endereco;Rua Helvécio Lopes de Miranda, 517A, Santa Martinha, Ribeirão das Neves - MG, 33860-530, Brasil;Rua Helvecio Lopes de Miranda 517A Ribeirao das Neves MG 33860530 Brazil;Ribeirão das Neves;MG;33860530;-19.77011;-44.07182;-19.77011;-44.07182;Santa Martinha;;
2226;TITAN GÁS - DISTRIBUIDORA DE GÁS GLP;;endereco;Marmitex da Iza, Rua Suaçuí, Jardim de Alá, Ribeirão das Neves - MG, 33943-620, Brasil;Rua Suacui Ribeirao das Neves MG 33943620 Brazil;Ribeirão das Neves;MG;33943620;-19.80626;-44.02085;-19.80626;-44.02085;Jardim de Alá;ALTO;sem numero de porta
2227;VENEZA NACIONAL GÁS;;endereco;Rua Cataguases, 375, Sevilha Segunda Seção, Ribeirão das Neves - MG, 33858-510, Brasil;Rua Cataguases 375 Ribeirao das Neves MG 33858510 Brazil;Ribeirão das Neves;MG;33858510;-19.75977;-44.08317;-19.75977;-44.08317;Sevilha Segunda Seção;;
2228;Zero Gás Lagoa;;endereco;Rua Joaquina Ângela Pereira, 502, Santa Fé, Ribeirão das Neves - MG, 33934-180, Brasil;Rua Joaquina Angela Pereira 502 Ribeirao das Neves MG 33935315 Brazil;Ribeirão das Neves;MG;33935315;-19.80719;-44.00522;-19.80719;-44.00522;Santa Fé;;
2229;Zero Gás Matriz - Distribuidora de Gás;;endereco;Rua Pedro Leopoldo, 1628, Urca, Ribeirão das Neves - MG, 33933-460, Brasil;Rua Pedro Leopoldo 1628 Ribeirao das Neves MG 33933460 Brazil;Ribeirão das Neves;MG;33933460;-19.79237;-44.01167;-19.79237;-44.01167;Urca;;
2230;Zero Gás Unidade Sevilha;;endereco;Rua Cataguases, 573, Sevilha Segunda Seção, Ribeirão das Neves - MG, 33858-510, Brasil;Rua Cataguases 573 Ribeirao das Neves MG 33858510 Brazil;Ribeirão das Neves;MG;33858510;-19.75837;-44.08173;-19.75837;-44.08173;Sevilha Segunda Seção;;
2231;DISK GÁS;;endereco;Rua Professor Aristides Dangeles, 13, Rio Pardo de Minas - MG, 39530-000, Brasil;Rua Professor Aristides Dangeles 13 Rio Pardo de Minas MG 39530000 Brazil;Rio Pardo de Minas;MG;39530000;-15.61283;-42.54238;-15.61283;-42.54238;;MEDIO;CEP generico de cidade, nao de rua (2,4x mais falha)
2232;CENTRAL GÁS SABARÁ GÁS ,GELO E ÁGUA MINERAL;;endereco;Avenida Exp. Romeu Jerônimo Dantas, 343, Sabará - MG, 34505-045, Brasil;Avenida Exp Romeu Jeronimo Dantas 343 Sabara MG 34505360 Brazil;Sabará;MG;34505360;-19.89406;-43.81781;-19.89406;-43.81781;;;
2233;DISTRIBUIDORA COPAGAS;;endereco;Rua Carvalho de Brito, 253, Carvalho de Brito, Sabará - MG, 34585-570, Brasil;Rua Carvalho de Brito 253 Sabara MG 34585570 Brazil;Sabará;MG;34585570;-19.88394;-43.85887;-19.88394;-43.85887;Carvalho de Brito;;
2234;LIGEIRINHO GÁS;;endereco;Rua Tomé de Souza, 550A, Sabará - MG, 34555-130, Brasil;Rua Tome de Souza 550A Sabara MG 34555130 Brazil;Sabará;MG;34555130;-19.8872;-43.82481;-19.8872;-43.82481;;;
2235;MARILENE;;endereco;MG-262, Carvalho de Brito, Sabará - MG, Brasil;MG 262 Carvalho de Brito Sabara MG 34585570 Brazil;Sabará;MG;34585570;-19.87697;-43.86669;-19.87697;-43.86669;;ALTO;sem numero de porta
2236;RAFAEL GÁS LTDA;;endereco;Rua Itália, 463, Nações Unidas, Sabará - MG, 34590-350, Brasil;Rua Italia 463 Sabara MG 34590290 Brazil;Sabará;MG;34590290;-19.88148;-43.86493;-19.88148;-43.86493;Nações Unidas;;
2237;FELINO GÁS - UNIDADE 2;;endereco;Rua Ítalo Cerchi, Sacramento - MG, 38190-000, Brasil;Rua Italo Cerchi Sacramento MG 38190000 Brazil;Sacramento;MG;38190000;-19.8821;-47.4521;-19.8821;-47.4521;;ALTO;"sem numero de porta; CEP generico de cidade, nao de rua (2,4x mais falha)"
2238;FELINO GÁS E ÁGUA;;endereco;Rua Tiradentes, 62, Sacramento - MG, 38190-000, Brasil;Rua Tiradentes 62 Sacramento MG 38190000 Brazil;Sacramento;MG;38190000;-19.86381;-47.4481;-19.86381;-47.4481;;MEDIO;CEP generico de cidade, nao de rua (2,4x mais falha)
2239;FELINO GÁS E ÁGUA;;endereco;Rua Silva Jardim, 48, Sacramento - MG, 38190-000, Brasil;Rua Silva Jardim 48 Sacramento MG 38190000 Brazil;Sacramento;MG;38190000;-19.86379;-47.44348;-19.86379;-47.44348;;MEDIO;CEP generico de cidade, nao de rua (2,4x mais falha)
2240;GÁS IDEAL SALINAS;;endereco;Avenida Floripes Crispin, 765, Salinas - MG, 39560-000, Brasil;Avenida Floripes Crispin 765 Salinas MG 39560000 Brazil;Salinas;MG;39560000;-16.16728;-42.30102;-16.16728;-42.30102;;MEDIO;CEP generico de cidade, nao de rua (2,4x mais falha)
2241;JOÃO DO GÁS;;endereco;Rua Rio de Janeiro, 183, Salinas - MG, 39560-000, Brasil;Rua Rio de Janeiro 183 Salinas MG 39560000 Brazil;Salinas;MG;39560000;-16.17653;-42.29692;-16.17653;-42.29692;;MEDIO;CEP generico de cidade, nao de rua (2,4x mais falha)
2242;RENATO GÁS;;endereco;Rua Donelo Pereira, 156, Salinas - MG, 39560-000, Brasil;Rua Donelo Pereira 156 Salinas MG 39560000 Brazil;Salinas;MG;39560000;-16.16542;-42.29523;-16.16542;-42.29523;;MEDIO;CEP generico de cidade, nao de rua (2,4x mais falha)
2244;BRASIL GÁS;;endereco;Rua Hum, 109, Santa Bárbara - MG, 35960-000, Brasil;Rua Hum 109 Santa Barbara MG 35960000 Brazil;Santa Bárbara;MG;35960000;-19.96552;-43.41188;-19.96552;-43.41188;;MEDIO;CEP generico de cidade, nao de rua (2,4x mais falha)
2245;DEPÓSITO DE GÁS BAETA;;endereco;Rua João Mota, 1143, Santa Bárbara - MG, 35960-000, Brasil;Rua Joao Mota 1143 Santa Barbara MG 35960000 Brazil;Santa Bárbara;MG;35960000;-19.95549;-43.40697;-19.95549;-43.40697;;MEDIO;CEP generico de cidade, nao de rua (2,4x mais falha)
2246;DISQUE GÁS ENTREGA DOMICÍLIO;;endereco;Rua Campos Altos, 50, Santa Bárbara - MG, 35960-000, Brasil;Rua Campos Altos 50 Santa Barbara MG 35960000 Brazil;Santa Bárbara;MG;35960000;-19.9558;-43.41104;-19.9558;-43.41104;;MEDIO;CEP generico de cidade, nao de rua (2,4x mais falha)
2247;MASTER DISTRIBUIDORA;;endereco;Casa São José, Rua Antônio Pereira Rocha, 517, Santa Bárbara - MG, 35960-000, Brasil;Rua Antonio Pereira Rocha 517 Santa Barbara MG 35960000 Brazil;Santa Bárbara;MG;35960000;-19.96099;-43.41056;-19.96099;-43.41056;;MEDIO;CEP generico de cidade, nao de rua (2,4x mais falha)
2248;Asteca Gás;;endereco;Rua São Geraldo, 467, São Benedito, Santa Luzia - MG, 33120-150, Brasil;Rua Sao Geraldo 467 Santa Luzia MG 33120190 Brazil;Santa Luzia;MG;33120190;-19.79333;-43.92764;-19.79333;-43.92764;São Benedito;;
2249;Avip Gás - Santa Luzia;;endereco;Rua Alto do Tanque, 1293, Santa Luzia - MG, 33030-120, Brasil;Rua Alto do Tanque 1293 Santa Luzia MG 33030245 Brazil;Santa Luzia;MG;33030245;-19.77886;-43.86984;-19.77886;-43.86984;;;
2250;Bene Gás;;endereco;Rua Jurema, 170, São Benedito, Santa Luzia - MG, 33130-110, Brasil;Rua Jurema 170 Santa Luzia MG 33130110 Brazil;Santa Luzia;MG;33130110;-19.78038;-43.94131;-19.78038;-43.94131;São Benedito;;
2251;Benegás;;endereco;Rua Bom Pastor, 83, São Benedito, Santa Luzia - MG, 33125-240, Brasil;Rua Bom Pastor 83 Santa Luzia MG 33125240 Brazil;Santa Luzia;MG;33125240;-19.78804;-43.93331;-19.78804;-43.93331;São Benedito;;
2252;Brinde Gás;;endereco;Rua Pedro Aleixo, 121, São Benedito, Santa Luzia - MG, 33125-060, Brasil;Rua Pedro Aleixo 121 Santa Luzia MG 33125060 Brazil;Santa Luzia;MG;33125060;-19.79507;-43.94262;-19.79507;-43.94262;São Benedito;;
2253;Central Gas;;endereco;Avenida Paranapanema, 403, São Benedito, Santa Luzia - MG, 33125-280, Brasil;Avenida Paranapanema 403 Santa Luzia MG 33125280 Brazil;Santa Luzia;MG;33125280;-19.78957;-43.94148;-19.78957;-43.94148;São Benedito;;
2254;Depósito de Gás Ernando - Av. Brasília;;endereco;Avenida Brasília, 105, São Benedito, Santa Luzia - MG, 33120-483, Brasil;Avenida Brasilia 105 Santa Luzia MG 33120483 Brazil;Santa Luzia;MG;33120483;-19.79722;-43.94242;-19.79722;-43.94242;São Benedito;;
2255;DEPÓSITO DE GÁS NOVA ALIANÇA;;endereco;Rua Adolfo Barbosa, Santa Luzia - MG, 33040-110, Brasil;Rua Adolfo Barbosa Santa Luzia MG 33040130 Brazil;Santa Luzia;MG;33040130;-19.78321;-43.87719;-19.78321;-43.87719;;ALTO;sem numero de porta
2256;DEPÓSITO NOSSO GÁS - TELE GÁS;;endereco;Rua Macaé, 110, São Benedito, Santa Luzia - MG, 33120-340, Brasil;Rua Macae 110 Santa Luzia MG 33120340 Brazil;Santa Luzia;MG;33120340;-19.79805;-43.93017;-19.79805;-43.93017;São Benedito;;
2257;Distribuidora Santo Antônio-Bebidas e Gás;;endereco;Avenida Brasília, 1651, São Benedito, Santa Luzia - MG, 33120-472, Brasil;Avenida Brasilia 1651 Santa Luzia MG 33120510 Brazil;Santa Luzia;MG;33120510;-19.78996;-43.9309;-19.78996;-43.9309;São Benedito;;
2258;Gas mil;;endereco;Avenida Senhor do Bonfim, 774, São Benedito, Santa Luzia - MG, 33105-140, Brasil;Avenida Senhor do Bonfim 774 Santa Luzia MG 33105140 Brazil;Santa Luzia;MG;33105140;-19.78798;-43.94139;-19.78798;-43.94139;São Benedito;;
2259;HG Gás;;endereco;Rua Pará, 1388, São Benedito, Santa Luzia - MG, 33120-230, Brasil;Rua Para 1388 Santa Luzia MG 33120230 Brazil;Santa Luzia;MG;33120230;-19.78708;-43.9264;-19.78708;-43.9264;São Benedito;;
2260;imperio gás;;endereco;Rua Apucarana, 119, São Benedito, Santa Luzia - MG, 33125-220, Brasil;Rua Apucarana 119 Santa Luzia MG 33125220 Brazil;Santa Luzia;MG;33125220;-19.78926;-43.93301;-19.78926;-43.93301;São Benedito;;
2261;LIPE GÁS;;endereco;Rua Montes Claros, 83B, São Benedito, Santa Luzia - MG, 33120-430, Brasil;Rua Montes Claros 83B Santa Luzia MG 33120430 Brazil;Santa Luzia;MG;33120430;-19.79802;-43.94079;-19.79802;-43.94079;São Benedito;;
2262;LS Gás Ltda Me;;endereco;Rua São Geraldo, 763, São Benedito, Santa Luzia - MG, 33120-150, Brasil;Rua Sao Geraldo 763 Santa Luzia MG 33120110 Brazil;Santa Luzia;MG;33120110;-19.79124;-43.92583;-19.79124;-43.92583;São Benedito;;
2263;Marcelinho Do Gas;;endereco;Rua São Geraldo, 236, São Benedito, Santa Luzia - MG, 33120-150, Brasil;Rua Sao Geraldo 236 Santa Luzia MG 33120150 Brazil;Santa Luzia;MG;33120150;-19.79594;-43.92892;-19.79594;-43.92892;São Benedito;;
2264;Plantão Gás;;endereco;Rua Professor Mário Pires, 161, São Benedito, Santa Luzia - MG, 33120-110, Brasil;Rua Professor Mario Pires 161 Santa Luzia MG 33115610 Brazil;Santa Luzia;MG;33115610;-19.79112;-43.92538;-19.79112;-43.92538;São Benedito;;
2265;REGINALDO GÁS;;endereco;Rua Juqueri, 185, São Benedito, Santa Luzia - MG, 33130-160, Brasil;Rua Juqueri 185 Santa Luzia MG 33130160 Brazil;Santa Luzia;MG;33130160;-19.77784;-43.93809;-19.77784;-43.93809;São Benedito;;
2266;regional gás;;endereco;Loja do Jefferson, Rua Geraldo Teixeira da Costa, 2546, São Benedito, Santa Luzia - MG, 33105-450, Brasil;Rua Geraldo Teixeira da Costa 2546 Santa Luzia MG 33120520 Brazil;Santa Luzia;MG;33120520;-19.78533;-43.92522;-19.78533;-43.92522;São Benedito;;
2267;Renascença Gás;;endereco;Rua Pará de Minas, 1752, São Benedito, Santa Luzia - MG, 33105-460, Brasil;Rua Para de Minas 1752 Santa Luzia MG 33120530 Brazil;Santa Luzia;MG;33120530;-19.78879;-43.93167;-19.78879;-43.93167;São Benedito;;
2268;SANTA LUZIA GÁS;;endereco;Avenida Venâncio Pereira dos Santos, 249, São Benedito, Santa Luzia - MG, 33105-000, Brasil;Avenida Venancio Pereira dos Santos 249 Santa Luzia MG 33105000 Brazil;Santa Luzia;MG;33105000;-19.78326;-43.92943;-19.78326;-43.92943;São Benedito;MEDIO;CEP generico de cidade, nao de rua (2,4x mais falha)
2269;Santa Luzia Gás;;endereco;Avenida Coletora Dois, São Benedito, Santa Luzia - MG, Brasil;Avenida Coletora Dois Santa Luzia MG 33170800 Brazil;Santa Luzia;MG;33170800;-19.78211;-43.89786;-19.78211;-43.89786;São Benedito;ALTO;sem numero de porta
2270;SILGÁS;;endereco;Avenida Brasília, 459, São Benedito, Santa Luzia - MG, 33120-483, Brasil;Avenida Brasilia 459 Santa Luzia MG 33120483 Brazil;Santa Luzia;MG;33120483;-19.7957;-43.93947;-19.7957;-43.93947;São Benedito;;
2271;Sousa Gás E Bebidas;;endereco;Rua Porace, 709, São Benedito, Santa Luzia - MG, 33130-330, Brasil;Rua Porace 709 Santa Luzia MG 33130330 Brazil;Santa Luzia;MG;33130330;-19.7769;-43.94095;-19.7769;-43.94095;São Benedito;;
2272;SUPREMO GÁS LIBERDADE;;endereco;Rua Imperatriz Leopoldina, 134, São Benedito, Santa Luzia - MG, 33170-130, Brasil;Rua Imperatriz Leopoldina 134 Santa Luzia MG 33170863 Brazil;Santa Luzia;MG;33170863;-19.78976;-43.90092;-19.78976;-43.90092;São Benedito;;
2273;TELE GÁS ITÁLIA;;endereco;Avenida Europa, 475, São Benedito, Santa Luzia - MG, 33115-330, Brasil;Avenida Europa 475 Santa Luzia MG 33115330 Brazil;Santa Luzia;MG;33115330;-19.79558;-43.91013;-19.79558;-43.91013;São Benedito;;
2274;Telegas Santa Luzia;;endereco;Avenida Brasília, 119, São Benedito, Santa Luzia - MG, 33120-483, Brasil;Avenida Brasilia 119 Santa Luzia MG 33120483 Brazil;Santa Luzia;MG;33120483;-19.79715;-43.94228;-19.79715;-43.94228;São Benedito;;
2275;Telegás Adriano Gás;;endereco;Rua Nova Jerusalém, 650, São Benedito, Santa Luzia - MG, 33125-160, Brasil;Rua Nova Jerusalem 650 Santa Luzia MG 33125160 Brazil;Santa Luzia;MG;33125160;-19.78853;-43.93903;-19.78853;-43.93903;São Benedito;;
2276;Telegás Barão Gás;;endereco;Avenida Senhor do Bonfim, 1032, São Benedito, Santa Luzia - MG, 33125-210, Brasil;Avenida Senhor do Bonfim 1032 Santa Luzia MG 33125230 Brazil;Santa Luzia;MG;33125230;-19.7856;-43.9337;-19.7856;-43.9337;São Benedito;;
2277;Telegás Diogo Gás;;endereco;Rua Bocaiúva, 232, São Benedito, Santa Luzia - MG, 33125-230, Brasil;Rua Bocaiuva 232 Santa Luzia MG 33125230 Brazil;Santa Luzia;MG;33125230;-19.7858;-43.93345;-19.7858;-43.93345;São Benedito;;
2278;Telegás Duquesa;;endereco;Rua Quatro, 170, São Benedito, Santa Luzia - MG, 33170-370, Brasil;Rua Quatro 170 Santa Luzia MG 33170370 Brazil;Santa Luzia;MG;33170370;-19.77449;-43.89599;-19.77449;-43.89599;São Benedito;;
2279;TELEGÁS FRIMISA;;endereco;Avenida Doutor Ângelo Teixeira da Costa, 74, Santa Luzia - MG, 33045-170, Brasil;Avenida Doutor Angelo Teixeira da Costa 74 Santa Luzia MG 33045170 Brazil;Santa Luzia;MG;33045170;-19.76217;-43.8805;-19.76217;-43.8805;;;
2280;Telegás Ramos Gás;;endereco;Avenida Senhor do Bonfim, 1032, São Benedito, Santa Luzia - MG, 33125-210, Brasil;Avenida Senhor do Bonfim 1032 Santa Luzia MG 33125230 Brazil;Santa Luzia;MG;33125230;-19.7856;-43.9337;-19.7856;-43.9337;São Benedito;;
2281;TELEGÁS SANTA LUZIA, TELEGÁS SÃO BENEDITO, CRISTINA, PALMITAL, BARONESA;;endereco;Avenida Joaquim Rodrigues da Rocha, 309, São Benedito, Santa Luzia - MG, 33110-070, Brasil;Avenida Joaquim Rodrigues da Rocha 309 Santa Luzia MG 33110070 Brazil;Santa Luzia;MG;33110070;-19.78537;-43.92295;-19.78537;-43.92295;São Benedito;;
2282;TELEGÁS XAVIER;;endereco;Rua Boa Vista, 1275, Santa Luzia - MG, 33010-470, Brasil;Rua Boa Vista 1275 Santa Luzia MG 33010470 Brazil;Santa Luzia;MG;33010470;-19.76052;-43.84949;-19.76052;-43.84949;;;
2283;TOP GÁS;;endereco;Rua Sabara, 103, Santa Luzia - MG, 33030-280, Brasil;Rua Sabara 103 Santa Luzia MG 33030280 Brazil;Santa Luzia;MG;33030280;-19.77924;-43.87482;-19.77924;-43.87482;;;
2284;Vitoria Gás Machado;;endereco;Avenida Etelvino Souza Lima, 3260, São Benedito, Santa Luzia - MG, 33140-000, Brasil;Avenida Etelvino Souza Lima 3260 Santa Luzia MG 33140000 Brazil;Santa Luzia;MG;33140000;-19.76528;-43.93671;-19.76528;-43.93671;São Benedito;MEDIO;CEP generico de cidade, nao de rua (2,4x mais falha)
2285;ZERO GÁS SANTA LUZIA;;endereco;Avenida Raul Teixeira da Costa Sobrinho, 690, Santa Luzia - MG, 33010-360, Brasil;Avenida Raul Teixeira da Costa Sobrinho 690 Santa Luzia MG 33010360 Brazil;Santa Luzia;MG;33010360;-19.76279;-43.84683;-19.76279;-43.84683;;;
2286;DEPÓSITO DE GÁS E ÁGUA MIRANDA;;endereco;Rua Ivaí, Santa Rita do Sapucaí - MG, 37540-000, Brasil;Rua Ivai Santa Rita do Sapucai MG 37540000 Brazil;Santa Rita do Sapucaí;MG;37540000;-22.23333;-45.70505;-22.23333;-45.70505;;ALTO;"sem numero de porta; CEP generico de cidade, nao de rua (2,4x mais falha)"
2287;DEPÓSITO DE ÁGUA E GÁS MARISTELA;;endereco;Rua Padre Vítor, 868, Santa Rita do Sapucaí - MG, 37540-000, Brasil;Rua Padre Vitor 868 Santa Rita do Sapucai MG 37540000 Brazil;Santa Rita do Sapucaí;MG;37540000;-22.24533;-45.70808;-22.24533;-45.70808;;MEDIO;CEP generico de cidade, nao de rua (2,4x mais falha)
2288;ULTRAGAZ AVENIDA;;endereco;Avenida Frederico de Paula Cunha, 941, Santa Rita do Sapucaí - MG, 37540-000, Brasil;Avenida Frederico de Paula Cunha 941 Santa Rita do Sapucai MG 37540000 Brazil;Santa Rita do Sapucaí;MG;37540000;-22.24178;-45.71029;-22.24178;-45.71029;;MEDIO;CEP generico de cidade, nao de rua (2,4x mais falha)
2289;DEPÓSITO MAZA GÁS;;endereco;Avenida Cinco, 307, Santa Vitória - MG, 38320-000, Brasil;Avenida Cinco 307 Santa Vitoria MG 38320000 Brazil;Santa Vitória;MG;38320000;-18.83764;-50.13126;-18.83764;-50.13126;;MEDIO;CEP generico de cidade, nao de rua (2,4x mais falha)
2290;JF GÁS VITÓRIA;;endereco;Avenida Acre, 672, Santa Vitória - MG, 38320-000, Brasil;Avenida Acre 672 Santa Vitoria MG 38320000 Brazil;Santa Vitória;MG;38320000;-18.83822;-50.12022;-18.83822;-50.12022;;MEDIO;CEP generico de cidade, nao de rua (2,4x mais falha)
2291;RENATO GÁS;;endereco;Rua Tomaz Florentino de Araújo, 241, Santa Vitória - MG, 38320-000, Brasil;Rua Tomaz Florentino de Araujo 241 Santa Vitoria MG 38320000 Brazil;Santa Vitória;MG;38320000;-18.84929;-50.13489;-18.84929;-50.13489;;MEDIO;CEP generico de cidade, nao de rua (2,4x mais falha)
2292;CLETO GÁS;;endereco;Rua Vieira Marques, 138, Santos Dumont - MG, 36240-000, Brasil;Rua Vieira Marques 138 Santos Dumont MG 36240000 Brazil;Santos Dumont;MG;36240000;-21.45449;-43.55344;-21.45449;-43.55344;;MEDIO;CEP generico de cidade, nao de rua (2,4x mais falha)
2293;GÁS PONTILHÃO - ULTRAGAZ SANTOS DUMONT;;endereco;Avenida Presidente Getúlio Vargas, 231, Santos Dumont - MG, 36240-075, Brasil;Avenida Presidente Getulio Vargas 231 Santos Dumont MG 36240000 Brazil;Santos Dumont;MG;36240000;-21.45621;-43.55178;-21.45621;-43.55178;;MEDIO;CEP generico de cidade, nao de rua (2,4x mais falha)
2294;COMÉRCIO DE GÁS BITTENCOURT TRINDADE;;endereco;Rua Iolanda Martins, 406, Sarzedo - MG, 32450-000, Brasil;Rua Iolanda Martins 406 Sarzedo MG 32450000 Brazil;Sarzedo;MG;32450000;-20.04646;-44.13357;-20.04646;-44.13357;;MEDIO;CEP generico de cidade, nao de rua (2,4x mais falha)
2295;MASTERGÁS;;endereco;Colucci Wine Coffee, Avenida das Palmeiras, 449, Sarzedo - MG, 32450-000, Brasil;Avenida das Palmeiras 449 Sarzedo MG 32450000 Brazil;Sarzedo;MG;32450000;-20.03167;-44.12192;-20.03167;-44.12192;;MEDIO;CEP generico de cidade, nao de rua (2,4x mais falha)
2296;REY DO GÁS;;endereco;Rua B, 155, Sarzedo - MG, 32450-000, Brasil;Rua B 155 Sarzedo MG 32450000 Brazil;Sarzedo;MG;32450000;-20.03633;-44.13078;-20.03633;-44.13078;;MEDIO;CEP generico de cidade, nao de rua (2,4x mais falha)
2297;TELEGAS 2 IRMÃOS;;endereco;Rua H, 62A, Sarzedo - MG, 32450-000, Brasil;Rua H 62A Sarzedo MG 32450000 Brazil;Sarzedo;MG;32450000;-20.03909;-44.15416;-20.03909;-44.15416;;MEDIO;CEP generico de cidade, nao de rua (2,4x mais falha)
2298;TELEGÁS SANTA ROSA;;endereco;Rua Dois, 1187, Sarzedo - MG, 32450-000, Brasil;Rua Dois 1187 Sarzedo MG 32450000 Brazil;Sarzedo;MG;32450000;-20.03084;-44.1352;-20.03084;-44.1352;;MEDIO;CEP generico de cidade, nao de rua (2,4x mais falha)
2299;SERRO GAS;;endereco;Rua Pouso Alto, 547, Serro - MG, 39150-000, Brasil;Rua Pouso Alto 547 Serro MG 39150000 Brazil;Serro;MG;39150000;-18.60508;-43.39849;-18.60508;-43.39849;;MEDIO;CEP generico de cidade, nao de rua (2,4x mais falha)
2300;1000 Gotas Gás e Água Mineral;;endereco;Rua Tibúrcio Rodrigues Braga, 68, Sete Lagoas - MG, 35702-095, Brasil;Rua Tiburcio Rodrigues Braga 68 Sete Lagoas MG 35700591 Brazil;Sete Lagoas;MG;35700591;-19.47322;-44.23495;-19.47322;-44.23495;;;
2301;Beto Gás e Água - Distribuidora de Água Mineral e Companhia de Gás em Sete Lagoas;;endereco;Rua Felisberto Caldeira Brant, 114, Sete Lagoas - MG, 35701-175, Brasil;Rua Felisberto Caldeira Brant 114 Sete Lagoas MG 35700237 Brazil;Sete Lagoas;MG;35700237;-19.48148;-44.25347;-19.48148;-44.25347;;;
2302;CENTRAL DO GÁS;;endereco;Rua Santa Bárbara, 291, Sete Lagoas - MG, 35700-338, Brasil;Rua Santa Barbara 291 Sete Lagoas MG 35700338 Brazil;Sete Lagoas;MG;35700338;-19.45919;-44.25418;-19.45919;-44.25418;;;
2303;Central do Gás - Filial Piedade;;endereco;Rua Olavo Bilac, 509, Sete Lagoas - MG, 35700-214, Brasil;Rua Olavo Bilac 509 Sete Lagoas MG 35700214 Brazil;Sete Lagoas;MG;35700214;-19.46994;-44.25366;-19.46994;-44.25366;;;
2304;CENTRAL DO GÁS 2;;endereco;Railoc, Avenida Padre Tarcísio Gonçalves, 1715, Sete Lagoas - MG, 35701-498, Brasil;Avenida Padre Tarcisio Goncalves 1715 Sete Lagoas MG 35703034 Brazil;Sete Lagoas;MG;35703034;-19.43453;-44.20876;-19.43453;-44.20876;;;
2305;COMERCIAL MINA D'ÁGUA ÁGUA  GÁS E BEBIDAS;;endereco;Rua Dona Chiquinha de Avelar, 280, Sete Lagoas - MG, 35701-098, Brasil;Rua Dona Chiquinha de Avelar 280 Sete Lagoas MG 35701098 Brazil;Sete Lagoas;MG;35701098;-19.46992;-44.22893;-19.46992;-44.22893;;;
2306;COMPANHEIRO GÁS E AGUA;;endereco;Rua João do Vale, 682, Sete Lagoas - MG, 35700-120, Brasil;Rua Joao do Vale 682 Sete Lagoas MG 35700120 Brazil;Sete Lagoas;MG;35700120;-19.45783;-44.23229;-19.45783;-44.23229;;;
2307;DEPÓSITO DE GÁS NOSSA SENHORA DAS GRAÇAS;;endereco;Rua General Carneiro, 373, Sete Lagoas - MG, 35700-494, Brasil;Rua General Carneiro 373 Sete Lagoas MG 35700069 Brazil;Sete Lagoas;MG;35700069;-19.44208;-44.24486;-19.44208;-44.24486;;;
2308;Distribuidora Cristal | Água Mineral e Gás de Cozinha em Sete Lagoas;;endereco;Rua Joaquim de Horácio, 88A, Sete Lagoas - MG, 35700-260, Brasil;Rua Joaquim de Horacio 88A Sete Lagoas MG 35700260 Brazil;Sete Lagoas;MG;35700260;-19.47007;-44.25272;-19.47007;-44.25272;;;
2309;Distribuidora de Água e Gás Tico Tico;;endereco;Rua São José, 783B, Sete Lagoas - MG, 35700-209, Brasil;Rua Sao Jose 783B Sete Lagoas MG 35700209 Brazil;Sete Lagoas;MG;35700209;-19.47409;-44.24565;-19.47409;-44.24565;;;
2310;Distribuidora de água e gás | Quality Company | Sete Lagoas;;endereco;Rua República Guiana, 41, Sete Lagoas - MG, 35702-262, Brasil;Rua Republica Guiana 41 Sete Lagoas MG 35702265 Brazil;Sete Lagoas;MG;35702265;-19.42664;-44.23387;-19.42664;-44.23387;;;
2311;DISTRIBUIDORA RIBEIRO - DISTRIBUIDORA DE BEBIDAS, DESTILADOS, ÁGUA E GÁS;;endereco;Rua Coronel Randolfo Simões, 1111, Sete Lagoas - MG, 35700-102, Brasil;Rua Coronel Randolfo Simoes 1111 Sete Lagoas MG 35700102 Brazil;Sete Lagoas;MG;35700102;-19.45251;-44.23564;-19.45251;-44.23564;;;
2312;GÁS;;endereco;Rua Santa Juliana, 2176A, Sete Lagoas - MG, 35701-351, Brasil;Rua Santa Juliana 2176A Sete Lagoas MG 35701004 Brazil;Sete Lagoas;MG;35701004;-19.44756;-44.22722;-19.44756;-44.22722;;;
2313;Gás Minas;;endereco;Rua Curumim, 143, Sete Lagoas - MG, 35701-370, Brasil;Rua Curumim 143 Sete Lagoas MG 35701370 Brazil;Sete Lagoas;MG;35701370;-19.44794;-44.22171;-19.44794;-44.22171;;;
2314;JF Distribuidora - Água e Gás;;endereco;Rua Coronel Américo Teixeira Guimarães, 690, Sete Lagoas - MG, 35700-181, Brasil;Rua Coronel Americo Teixeira Guimaraes 690 Sete Lagoas MG 35700181 Brazil;Sete Lagoas;MG;35700181;-19.47149;-44.24063;-19.47149;-44.24063;;;
2315;JM Gás - Bairro : Nova Cidade - Deposito de Gás E Água Mineral;;endereco;Rua República Dominicana, 131A, Sete Lagoas - MG, 35702-288, Brasil;Rua Republica Dominicana 131A Sete Lagoas MG 35702288 Brazil;Sete Lagoas;MG;35702288;-19.42803;-44.22927;-19.42803;-44.22927;;;
2316;JM GÁS SETE LAGOAS;;endereco;Super Gasbras, Rua Alonso Marques Ferreira, Sete Lagoas - MG, 35701-482, Brasil;Rua Alonso Marques Ferreira Sete Lagoas MG 35701129 Brazil;Sete Lagoas;MG;35701129;-19.46842;-44.22469;-19.46842;-44.22469;;ALTO;sem numero de porta
2317;MG GÁS COMERCIAL;;endereco;Rua Helena Barbosa, 168, Sete Lagoas - MG, 35701-649, Brasil;Rua Helena Barbosa 168 Sete Lagoas MG 35701652 Brazil;Sete Lagoas;MG;35701652;-19.48844;-44.23514;-19.48844;-44.23514;;;
2318;MINASGÁS;;endereco;Rua Teófilo Otoni, 859, Sete Lagoas - MG, 35700-007, Brasil;Rua Teofilo Otoni 859 Sete Lagoas MG 35700000 Brazil;Sete Lagoas;MG;35700000;-19.46052;-44.24273;-19.46052;-44.24273;;MEDIO;CEP generico de cidade, nao de rua (2,4x mais falha)
2319;Murilo Gás e Água;;endereco;Rua Olavo Bilac, 509, Sete Lagoas - MG, 35700-214, Brasil;Rua Olavo Bilac 509 Sete Lagoas MG 35700261 Brazil;Sete Lagoas;MG;35700261;-19.46994;-44.25366;-19.46994;-44.25366;;;
2320;NACIONALGÁS;;endereco;Rua Professor Abeylard, 1026B, Sete Lagoas - MG, 35700-069, Brasil;Rua Professor Abeylard 1026B Sete Lagoas MG 35700652 Brazil;Sete Lagoas;MG;35700652;-19.44755;-44.24507;-19.44755;-44.24507;;;
2321;NANDO GÁS E ÁGUA;;endereco;Avenida Arquimedes, 121, Sete Lagoas - MG, 35702-240, Brasil;Avenida Arquimedes 121 Sete Lagoas MG 35702240 Brazil;Sete Lagoas;MG;35702240;-19.41806;-44.2444;-19.41806;-44.2444;;;
2322;Naturágua Gás E Água Mineral;;endereco;Rua Oswaldo Cruz, 241, Sete Lagoas - MG, 35700-195, Brasil;Rua Oswaldo Cruz 241 Sete Lagoas MG 35700210 Brazil;Sete Lagoas;MG;35700210;-19.47086;-44.24462;-19.47086;-44.24462;;;
2323;NN Água e Gás;;endereco;Rua Padre Paulo, 789, Sete Lagoas - MG, 35703-671, Brasil;Rua Padre Paulo 789 Sete Lagoas MG 35703272 Brazil;Sete Lagoas;MG;35703272;-19.41495;-44.19468;-19.41495;-44.19468;;;
2324;Real Gás E Água Mineral;;endereco;Rua Tupiniquins, 85, Sete Lagoas - MG, 35700-062, Brasil;Rua Tupiniquins 85 Sete Lagoas MG 35700055 Brazil;Sete Lagoas;MG;35700055;-19.46093;-44.25201;-19.46093;-44.25201;;;
2325;Safira Gás Sete Lagoas;;endereco;Rua Professor Abeylard, 761, Sete Lagoas - MG, 35700-652, Brasil;Rua Professor Abeylard 761 Sete Lagoas MG 35700069 Brazil;Sete Lagoas;MG;35700069;-19.44979;-44.24566;-19.44979;-44.24566;;;
2326;Super Gas Bras Jm Gás;;endereco;Avenida Villa Lobos, 134, Sete Lagoas - MG, 35700-068, Brasil;Avenida Villa Lobos 134 Sete Lagoas MG 35700068 Brazil;Sete Lagoas;MG;35700068;-19.45289;-44.24666;-19.45289;-44.24666;;;
2327;SUPERGASBRAS;;endereco;Rua Olavo Bilac, 509, Sete Lagoas - MG, 35700-214, Brasil;Rua Olavo Bilac 509 Sete Lagoas MG 35700214 Brazil;Sete Lagoas;MG;35700214;-19.46994;-44.25366;-19.46994;-44.25366;;;
2328;SUPERGASBRÁS;;endereco;Super Gasbras, Rua Alonso Marques Ferreira, Sete Lagoas - MG, 35701-482, Brasil;Rua Alonso Marques Ferreira Sete Lagoas MG 35701129 Brazil;Sete Lagoas;MG;35701129;-19.46842;-44.22469;-19.46842;-44.22469;;ALTO;sem numero de porta
2329;Tele Gás e Água Mineral - Lanza;;endereco;Rua Guaranis, 83, Sete Lagoas - MG, 35700-453, Brasil;Rua Guaranis 83 Sete Lagoas MG 35700453 Brazil;Sete Lagoas;MG;35700453;-19.44225;-44.25044;-19.44225;-44.25044;;;
2330;ZERO GÁS SETE LAGOAS;;endereco;Rua Cataguases, 342, Sete Lagoas - MG, 35701-342, Brasil;Rua Cataguases 342 Sete Lagoas MG 35701342 Brazil;Sete Lagoas;MG;35701342;-19.43572;-44.22031;-19.43572;-44.22031;;;
2331;GÁS DA MATA SF;;endereco;Rua Minervino Maynart, 1175, São Francisco - MG, 39300-000, Brasil;Rua Minervino Maynart 1175 Sao Francisco MG 39300000 Brazil;São Francisco;MG;39300000;-15.95505;-44.86159;-15.95505;-44.86159;;MEDIO;CEP generico de cidade, nao de rua (2,4x mais falha)
2332;GÁS ECONÔMICO;;endereco;Rua São Romão, 1421, São Francisco - MG, 39300-000, Brasil;Rua Sao Romao 1421 Sao Francisco MG 39300000 Brazil;São Francisco;MG;39300000;-15.95923;-44.85976;-15.95923;-44.85976;;MEDIO;CEP generico de cidade, nao de rua (2,4x mais falha)
2333;ROCHA GÁS - GÁS E ÁGUA MINERAL;;endereco;Avenida Montes Claros, 1576, São Francisco - MG, 39300-000, Brasil;Avenida Montes Claros 1576 Sao Francisco MG 39300000 Brazil;São Francisco;MG;39300000;-15.95351;-44.85368;-15.95351;-44.85368;;MEDIO;CEP generico de cidade, nao de rua (2,4x mais falha)
2334;ULTRAGAZ GÁS DA MATA;;endereco;Avenida Arnaldo Lima, 1730, São Francisco - MG, 39300-000, Brasil;Avenida Arnaldo Lima 1730 Sao Francisco MG 39300000 Brazil;São Francisco;MG;39300000;-15.94845;-44.8435;-15.94845;-44.8435;;MEDIO;CEP generico de cidade, nao de rua (2,4x mais falha)
2335;LU GÁS;;endereco;Praça Trajano Vilela, São Gonçalo do Sapucaí - MG, 37490-000, Brasil;Praca Trajano Vilela Sao Goncalo do Sapucai MG 37490000 Brazil;São Gonçalo do Sapucaí;MG;37490000;-21.8868;-45.59643;-21.8868;-45.59643;;ALTO;"sem numero de porta; CEP generico de cidade, nao de rua (2,4x mais falha)"
2336;RAFAEL DO GÁS E ÁGUAEM SÃO GONÇALO DO SAPUCAÍ;;endereco;Rua Doutor Dyonisio Azevedo Reis, 438, São Gonçalo do Sapucaí - MG, 37490-000, Brasil;Rua Doutor Dyonisio Azevedo Reis 438 Sao Goncalo do Sapucai MG 37490000 Brazil;São Gonçalo do Sapucaí;MG;37490000;-21.89056;-45.59091;-21.89056;-45.59091;;MEDIO;CEP generico de cidade, nao de rua (2,4x mais falha)
2337;DECO TELEGÁS LTDA;;endereco;Avenida Maria do Carmo, 453, São Joaquim de Bicas - MG, 32920-000, Brasil;Avenida Maria do Carmo 453 Sao Joaquim de Bicas MG 32920000 Brazil;São Joaquim de Bicas;MG;32920000;-20.04538;-44.25969;-20.04538;-44.25969;;MEDIO;CEP generico de cidade, nao de rua (2,4x mais falha)
2338;JOSÉ GOMES GÁS;;endereco;Rua Espada de São Jorge, 307, São Joaquim de Bicas - MG, 32920-000, Brasil;Rua Espada de Sao Jorge 307 Sao Joaquim de Bicas MG 32920000 Brazil;São Joaquim de Bicas;MG;32920000;-20.0501;-44.2647;-20.0501;-44.2647;;MEDIO;CEP generico de cidade, nao de rua (2,4x mais falha)
2339;LÉO GÁS;;endereco;Rua Coronel Antônio Gabriel, 321, São Joaquim de Bicas - MG, 32920-000, Brasil;Rua Coronel Antonio Gabriel 321 Sao Joaquim de Bicas MG 32920000 Brazil;São Joaquim de Bicas;MG;32920000;-20.04751;-44.26823;-20.04751;-44.26823;;MEDIO;CEP generico de cidade, nao de rua (2,4x mais falha)
2340;VIKI GÁS & ÁGUA MINERAL (SÃO J. BICAS/ IGARAPÉ / CITROLÂNDIA);;endereco;Rua Rio de Janeiro, 788A, São Joaquim de Bicas - MG, 32920-000, Brasil;Rua Rio de Janeiro 788A Sao Joaquim de Bicas MG 32920000 Brazil;São Joaquim de Bicas;MG;32920000;-20.04638;-44.26452;-20.04638;-44.26452;;MEDIO;CEP generico de cidade, nao de rua (2,4x mais falha)
2341;DISTRIBUIDORA DA JUSSARA;;endereco;Rua A, 1056, São José da Lapa - MG, 33350-000, Brasil;Rua A 1056 Sao Jose da Lapa MG 33350000 Brazil;São José da Lapa;MG;33350000;-19.71781;-43.97374;-19.71781;-43.97374;;MEDIO;CEP generico de cidade, nao de rua (2,4x mais falha)
2342;DISTRIBUIDORA NEY GÁS - ÁGUA, BEBIDAS, GELO E CARVÃO;;endereco;Rua Ildeu Cardoso, 145, São José da Lapa - MG, 33350-000, Brasil;Rua Ildeu Cardoso 145 Sao Jose da Lapa MG 33350000 Brazil;São José da Lapa;MG;33350000;-19.71479;-43.99196;-19.71479;-43.99196;;MEDIO;CEP generico de cidade, nao de rua (2,4x mais falha)
2343;ULTRAGAZ SÃO JOÃO DA PONTE;;endereco;Rua João Ferreira, 60, São João da Ponte - MG, 39430-000, Brasil;Rua Joao Ferreira 60 Sao Joao da Ponte MG 39430000 Brazil;São João da Ponte;MG;39430000;-15.92886;-44.00765;-15.92886;-44.00765;;MEDIO;CEP generico de cidade, nao de rua (2,4x mais falha)
2344;DISTRIBUIDORA DE GÁS ROTA 474;;endereco;Rua São José Operário, 464, São José Operário, São João del Rei - MG, 36309-346, Brasil;Rua Sao Jose Operario 464 Sao Joao del Rei MG 36309346 Brazil;São João del Rei;MG;36309346;-21.14171;-44.27518;-21.14171;-44.27518;São José Operário;;
2345;DISTRIBUIDORA DE GÁS SANTA CRUZ;;endereco;Rua João Batista Resende, 73, Colônia do Marçal, São João del Rei - MG, 36328-000, Brasil;Rua Joao Batista Resende 73 Sao Joao del Rei MG 36328000 Brazil;São João del Rei;MG;36328000;-21.11825;-44.22901;-21.11825;-44.22901;Colônia do Marçal;MEDIO;CEP generico de cidade, nao de rua (2,4x mais falha)
2346;REI DO GÁS;;endereco;Rua Vitória Régia, 630, Pio XII, São João del Rei - MG, 36305-300, Brasil;Rua Vitoria Regia 630 Sao Joao del Rei MG 36305300 Brazil;São João del Rei;MG;36305300;-21.13596;-44.22567;-21.13596;-44.22567;Pio XII;;
2347;DE BIASI DISTRIBUIDORA DE GÁS EM SÃO LOURENÇO;;endereco;Via Othon de Carvalho, São Lourenço - MG, 37470-000, Brasil;Via Othon de Carvalho Sao Lourenco MG 37470000 Brazil;São Lourenço;MG;37470000;-22.12122;-45.07028;-22.12122;-45.07028;;ALTO;"endereco de rodovia (57-67% falharam); sem numero de porta; CEP generico de cidade, nao de rua (2,4x mais falha)"
2348;DISTRIBUIDORA DE GÁS RIO VERDE;;endereco;Rodovia Jonas Pereira Maduro, 1005, São Lourenço - MG, 37470-000, Brasil;Rodovia Jonas Pereira Maduro 1005 Sao Lourenco MG 37470000 Brazil;São Lourenço;MG;37470000;-22.1223;-45.03518;-22.1223;-45.03518;;ALTO;"endereco de rodovia (57-67% falharam); CEP generico de cidade, nao de rua (2,4x mais falha)"
2349;ZECA DISTRIBUIDORA DE GÁS E ÁGUA;;endereco;Rua Batista Luzardo, 1190, São Lourenço - MG, 37470-000, Brasil;Rua Batista Luzardo 1190 Sao Lourenco MG 37470000 Brazil;São Lourenço;MG;37470000;-22.12618;-45.0577;-22.12618;-45.0577;;MEDIO;CEP generico de cidade, nao de rua (2,4x mais falha)
2350;ARTUR GÁS E ÁGUA MINERAL;;endereco;Avenida Wenceslau Braz, 1375, São Sebastião do Paraíso - MG, 37956-240, Brasil;Avenida Wenceslau Braz 1375 Sao Sebastiao do Paraiso MG 37950000 Brazil;São Sebastião do Paraíso;MG;37950000;-20.92009;-46.97487;-20.92009;-46.97487;;MEDIO;CEP generico de cidade, nao de rua (2,4x mais falha)
2351;CONSIGAS JG GÁS E ÁGUA MINERAL;;endereco;Mexicana, Avenida Zezé Amaral, São Sebastião do Paraíso - MG, 37950-000, Brasil;Avenida Zeze Amaral Sao Sebastiao do Paraiso MG 37950000 Brazil;São Sebastião do Paraíso;MG;37950000;-20.90696;-46.99014;-20.90696;-46.99014;;ALTO;"sem numero de porta; CEP generico de cidade, nao de rua (2,4x mais falha)"
2352;GÁS ORIGINAL;;endereco;Avenida Monsenhor Mancini Barbosa, 1195, São Sebastião do Paraíso - MG, 37950-000, Brasil;Avenida Monsenhor Mancini Barbosa 1195 Sao Sebastiao do Paraiso MG 37950000 Brazil;São Sebastião do Paraíso;MG;37950000;-20.91015;-46.97879;-20.91015;-46.97879;;MEDIO;CEP generico de cidade, nao de rua (2,4x mais falha)
2353;JAPÃO GÁS SÃO SEBASTIÃO DO PARAÍSO;;endereco;Rua Presidente Kennedy, 85, São Sebastião do Paraíso - MG, 37956-150, Brasil;Rua Presidente Kennedy 85 Sao Sebastiao do Paraiso MG 37950000 Brazil;São Sebastião do Paraíso;MG;37950000;-20.92361;-46.96924;-20.92361;-46.96924;;MEDIO;CEP generico de cidade, nao de rua (2,4x mais falha)
2354;LIGUE GÁS;;endereco;Avenida Zezé Amaral, 820, São Sebastião do Paraíso - MG, 37953-202, Brasil;Avenida Zeze Amaral 820 Sao Sebastiao do Paraiso MG 37950000 Brazil;São Sebastião do Paraíso;MG;37950000;-20.90608;-46.98663;-20.90608;-46.98663;;MEDIO;CEP generico de cidade, nao de rua (2,4x mais falha)
2355;3K DISTRIBUIDORA;;endereco;Rua Guaicurus, 1097, Taiobeiras - MG, 39550-000, Brasil;Rua Guaicurus 1097 Taiobeiras MG 39550000 Brazil;Taiobeiras;MG;39550000;-15.81065;-42.22088;-15.81065;-42.22088;;MEDIO;CEP generico de cidade, nao de rua (2,4x mais falha)
2356;DK GAS E ÁGUA MINERAL;;endereco;Rua Arlinda S. Rocha, 65, Taiobeiras - MG, 39550-000, Brasil;Rua Arlinda S Rocha 65 Taiobeiras MG 39550000 Brazil;Taiobeiras;MG;39550000;-15.81789;-42.23033;-15.81789;-42.23033;;MEDIO;CEP generico de cidade, nao de rua (2,4x mais falha)
2357;PICOLINO DISTRIBUIDORA DE GÁS E ÁGUA LTDA;;endereco;Rua Guarani, 164, Taiobeiras - MG, 39550-000, Brasil;Rua Guarani 164 Taiobeiras MG 39550000 Brazil;Taiobeiras;MG;39550000;-15.81792;-42.226;-15.81792;-42.226;;MEDIO;CEP generico de cidade, nao de rua (2,4x mais falha)
2358;BELLI GÁS;;endereco;Rua Helmuth Neumann, 64, São Jacinto, Teófilo Otoni - MG, 39801-259, Brasil;Rua Helmuth Neumann 64 Teofilo Otoni MG 39801259 Brazil;Teófilo Otoni;MG;39801259;-17.84937;-41.49279;-17.84937;-41.49279;São Jacinto;;
2359;Express Gás;;endereco;Rua Pastor Hollerbach, 137, Centro, Teófilo Otoni - MG, 39800-148, Brasil;Rua Pastor Hollerbach 137 Teofilo Otoni MG 39800148 Brazil;Teófilo Otoni;MG;39800148;-17.85849;-41.50706;-17.85849;-41.50706;Centro;;
2360;Gás de cozinha Supergasbras Teófilo Otoni;;endereco;Rua Rachid Handere, 1978, Bela Vista, Teófilo Otoni - MG, 39800-370, Brasil;Rua Rachid Handere 1978 Teofilo Otoni MG 39800370 Brazil;Teófilo Otoni;MG;39800370;-17.83775;-41.50938;-17.83775;-41.50938;Bela Vista;;
2361;GÁS IDEAL;;endereco;Rua José Luiz Tanuri, 550, Ipiranga, Teófilo Otoni - MG, 39801-022, Brasil;Rua Jose Luiz Tanuri 550 Teofilo Otoni MG 39801022 Brazil;Teófilo Otoni;MG;39801022;-17.86256;-41.50075;-17.86256;-41.50075;Ipiranga;;
2362;GÁS IDEAL;;endereco;Avenida Sidônio Otoni, 3193A, Pampulhinha, Teófilo Otoni - MG, 39801-500, Brasil;Avenida Sidonio Otoni 3193A Teofilo Otoni MG 39801500 Brazil;Teófilo Otoni;MG;39801500;-17.84659;-41.48438;-17.84659;-41.48438;Pampulhinha;;
2363;Gás Ideal Concórdia | Gás de Cozinha e Água Mineral;;endereco;Rua Concórdia, 366, Concórdia, Teófilo Otoni - MG, 39804-245, Brasil;Rua Concordia 366 Teofilo Otoni MG 39804245 Brazil;Teófilo Otoni;MG;39804245;-17.8603;-41.51889;-17.8603;-41.51889;Concórdia;;
2364;GÁS IDEAL FUNCIONÁRIOS;;endereco;Rua Ayrton Senna, 20, Esperança, Teófilo Otoni - MG, 39803-275, Brasil;Rua Ayrton Senna 20 Teofilo Otoni MG 39803275 Brazil;Teófilo Otoni;MG;39803275;-17.88055;-41.50214;-17.88055;-41.50214;Esperança;;
2365;Gás Ideal Manoel Pimenta;;endereco;Rua Floriano Peixoto, 861, Lourival Soares da Costa, Teófilo Otoni - MG, 39802-050, Brasil;Rua Floriano Peixoto 861 Teofilo Otoni MG 39802050 Brazil;Teófilo Otoni;MG;39802050;-17.87211;-41.49764;-17.87211;-41.49764;Lourival Soares da Costa;;
2366;GÁS MUNDIAL;;endereco;Rua São Vicente, 604, Jardim São Paulo, Teófilo Otoni - MG, 39803-395, Brasil;Rua Sao Vicente 604 Teofilo Otoni MG 39803377 Brazil;Teófilo Otoni;MG;39803377;-17.88997;-41.49608;-17.88997;-41.49608;Jardim São Paulo;;
2367;Gás São Cristovão Central;;endereco;Rua Marcelo Guedes, 360, Cidade Alta, Teófilo Otoni - MG, 39800-109, Brasil;Rua Marcelo Guedes 360 Teofilo Otoni MG 39800109 Brazil;Teófilo Otoni;MG;39800109;-17.86327;-41.51275;-17.86327;-41.51275;Cidade Alta;;
2368;GÁS TEÓFILO OTONI;;endereco;Rua Floriano Peixoto, 163, Manoel Pimenta, Teófilo Otoni - MG, 39802-050, Brasil;Rua Floriano Peixoto 163 Teofilo Otoni MG 39802050 Brazil;Teófilo Otoni;MG;39802050;-17.87151;-41.50425;-17.87151;-41.50425;Manoel Pimenta;;
2369;IPANEMA GÁS;;endereco;Rua Júlio Haueisen, 161, Tabajaras, Teófilo Otoni - MG, 39801-090, Brasil;Rua Julio Haueisen 161 Teofilo Otoni MG 39801090 Brazil;Teófilo Otoni;MG;39801090;-17.85844;-41.50206;-17.85844;-41.50206;Tabajaras;;
2370;JUAREZ ÁGUA & GÁS;;endereco;Avenida Guimarães, 587, Jardim São Paulo, Teófilo Otoni - MG, 39803-350, Brasil;Avenida Guimaraes 587 Teofilo Otoni MG 39803350 Brazil;Teófilo Otoni;MG;39803350;-17.88732;-41.50355;-17.88732;-41.50355;Jardim São Paulo;;
2371;MUNIZ GAS;;endereco;Rua João Lourentz, 345, São Francisco, Teófilo Otoni - MG, 39800-030, Brasil;Rua Joao Lourentz 345 Teofilo Otoni MG 39800030 Brazil;Teófilo Otoni;MG;39800030;-17.85916;-41.50588;-17.85916;-41.50588;São Francisco;;
2372;PRONTO SOCORRO DO GÁS;;endereco;Rua Professora Glória Penchel, 22, Castro Pires, Teófilo Otoni - MG, 39801-683, Brasil;Rua Professora Gloria Penchel 22 Teofilo Otoni MG 39801683 Brazil;Teófilo Otoni;MG;39801683;-17.86849;-41.48768;-17.86849;-41.48768;Castro Pires;;
2373;Rei Do Gás;;endereco;Rua Marcelo Guedes, 349, Cidade Alta, Teófilo Otoni - MG, 39800-109, Brasil;Rua Marcelo Guedes 349 Teofilo Otoni MG 39800109 Brazil;Teófilo Otoni;MG;39800109;-17.86324;-41.51252;-17.86324;-41.51252;Cidade Alta;;
2374;SALMO GÁS;;endereco;Rua Dinamarca, 1, Bela Vista, Teófilo Otoni - MG, 39800-612, Brasil;Rua Dinamarca 1 Teofilo Otoni MG 39800370 Brazil;Teófilo Otoni;MG;39800370;-17.83949;-41.50995;-17.83949;-41.50995;Bela Vista;;
2375;TELE GÁS BELA VISTA;;endereco;Rua João Lourentz, 345, São Francisco, Teófilo Otoni - MG, 39800-030, Brasil;Rua Joao Lourentz 345 Teofilo Otoni MG 39800030 Brazil;Teófilo Otoni;MG;39800030;-17.85916;-41.50588;-17.85916;-41.50588;São Francisco;;
2376;Tele-entrega Água e Gás - Fogril;;endereco;Rua Doutor Onofre, 99, Grão-Pará, Teófilo Otoni - MG, 39800-022, Brasil;Rua Doutor Onofre 99 Teofilo Otoni MG 39800022 Brazil;Teófilo Otoni;MG;39800022;-17.85823;-41.50743;-17.85823;-41.50743;Grão-Pará;;
2377;Telegás Jorge: gás e água mineral;;endereco;Rua Antônio Carlos Rodrigues, 99, São Diogo, Teófilo Otoni - MG, 39803-003, Brasil;Rua Antonio Carlos Rodrigues 99 Teofilo Otoni MG 39803005 Brazil;Teófilo Otoni;MG;39803005;-17.87419;-41.52119;-17.87419;-41.52119;São Diogo;;
2378;VG ÁGUA   GÁS-REFRIGERANTES MATE-COURO;;endereco;Rua Capitão Leonardo, 27, Grão-Pará, Teófilo Otoni - MG, 39800-144, Brasil;Rua Capitao Leonardo 27 Teofilo Otoni MG 39800144 Brazil;Teófilo Otoni;MG;39800144;-17.85732;-41.50607;-17.85732;-41.50607;Grão-Pará;;
2379;Vieira Gás;;endereco;Rua Coronel Ramos, 223, Fátima, Teófilo Otoni - MG, 39800-180, Brasil;Rua Coronel Ramos 223 Teofilo Otoni MG 39800180 Brazil;Teófilo Otoni;MG;39800180;-17.85697;-41.51299;-17.85697;-41.51299;Fátima;;
2380;VIP GAS;;endereco;Rua João Leonardo Hollerbach, 7, São Francisco, Teófilo Otoni - MG, 39801-098, Brasil;Rua Joao Leonardo Hollerbach 7 Teofilo Otoni MG 39800030 Brazil;Teófilo Otoni;MG;39800030;-17.85881;-41.50495;-17.85881;-41.50495;São Francisco;;
2381;CENTER GÁS E ÁGUA MINERAL;;endereco;Rua Antônio Silva, 5A, Timóteo - MG, 35180-071, Brasil;Rua Antonio Silva 5A Timoteo MG 35180071 Brazil;Timóteo;MG;35180071;-19.53969;-42.63653;-19.53969;-42.63653;;;
2382;GASVALE;;endereco;Avenida Acesita, 785, Timóteo - MG, 35180-207, Brasil;Avenida Acesita 785 Timoteo MG 35180207 Brazil;Timóteo;MG;35180207;-19.55347;-42.63946;-19.55347;-42.63946;;;
2383;GÁS MG REVENDEDORA DE GÁS COMBUSTÍVEL;;endereco;BR-381, Lagoa de Pau, Jaguaraçu - MG, 35188-000, Brasil;BR 381 Lagoa de Pau Timoteo MG 35184000 Brazil;Timóteo;MG;35184000;-19.54184;-42.68831;-19.54184;-42.68831;;ALTO;"sem numero de porta; CEP generico de cidade, nao de rua (2,4x mais falha); cidade divergente: coluna diz 'Timóteo' e o endereco diz 'Jaguaraçu'; mantida a da coluna"
2384;MASTER GÁS;;endereco;Avenida Monsenhor Rafael, 12, Timóteo - MG, 35182-447, Brasil;Avenida Monsenhor Rafael 12 Timoteo MG 35180312 Brazil;Timóteo;MG;35180312;-19.55169;-42.64401;-19.55169;-42.64401;;;
2385;REI DO GÀS;;endereco;Avenida Acesita, 755, Timóteo - MG, 35180-207, Brasil;Avenida Acesita 755 Timoteo MG 35180207 Brazil;Timóteo;MG;35180207;-19.55325;-42.63944;-19.55325;-42.63944;;;
2386;SMART GÁS;;endereco;Avenida Acesita, 755, Timóteo - MG, 35180-207, Brasil;Avenida Acesita 755 Timoteo MG 35180207 Brazil;Timóteo;MG;35180207;-19.55325;-42.63944;-19.55325;-42.63944;;;
2387;TELE GAS TIMOTEO;;endereco;Rua Berilo, 5, Timóteo - MG, 35182-134, Brasil;Rua Berilo 5 Timoteo MG 35182134 Brazil;Timóteo;MG;35182134;-19.57354;-42.64067;-19.57354;-42.64067;;;
2388;TELE GÁS CHAMA DE FOGO;;endereco;Avenida Acesita, 2877, Timóteo - MG, 35180-207, Brasil;Avenida Acesita 2877 Timoteo MG 35182452 Brazil;Timóteo;MG;35182452;-19.57294;-42.64053;-19.57294;-42.64053;;;
2389;GÁS DO REINO 24 HORAS | TRÊS CORAÇÕES;;endereco;Avenida Nhá Chica, 418, Três Corações - MG, 37410-554, Brasil;Avenida Nha Chica 418 Tres Coracoes MG 37410590 Brazil;Três Corações;MG;37410590;-21.68282;-45.25565;-21.68282;-45.25565;;;
2390;GÁS E ÁGUA EM TRÊS CORAÇÕES | CAETANO GÁS E ÁGUA;;endereco;Rua AB, 752, Três Corações - MG, 37412-470, Brasil;Rua AB 752 Tres Coracoes MG 37410000 Brazil;Três Corações;MG;37410000;-21.68018;-45.24701;-21.68018;-45.24701;;MEDIO;CEP generico de cidade, nao de rua (2,4x mais falha)
2391;GÁS EM TRÊS CORAÇÕES;;endereco;Avenida Adelino Oliveira Verdigueiro, 1807, Três Corações - MG, 37410-242, Brasil;Avenida Adelino Oliveira Verdigueiro 1807 Tres Coracoes MG 37410000 Brazil;Três Corações;MG;37410000;-21.71002;-45.26132;-21.71002;-45.26132;;MEDIO;CEP generico de cidade, nao de rua (2,4x mais falha)
2392;JUNINHO GÁS E ÁGUA EM TRÊS CORAÇÕES;;endereco;Rua Alzira Feliciana Siqueira, Três Corações - MG, 37417-464, Brasil;Rua Alzira Feliciana Siqueira Tres Coracoes MG 37417464 Brazil;Três Corações;MG;37417464;-21.68043;-45.26768;-21.68043;-45.26768;;ALTO;sem numero de porta
2393;MIREPE GÁS E ÁGUA;;endereco;Rua José Pedro dos Santos, 353, Três Corações - MG, 37410-000, Brasil;Rua Jose Pedro dos Santos 353 Tres Coracoes MG 37410000 Brazil;Três Corações;MG;37410000;-21.71456;-45.26709;-21.71456;-45.26709;;MEDIO;CEP generico de cidade, nao de rua (2,4x mais falha)
2394;TC GÁS - DISK GÁS E ÁGUA;;endereco;Rua José Capistrano de Souza, 147, Três Corações - MG, 37412-092, Brasil;Rua Jose Capistrano de Souza 147 Tres Coracoes MG 37410000 Brazil;Três Corações;MG;37410000;-21.69298;-45.24863;-21.69298;-45.24863;;MEDIO;CEP generico de cidade, nao de rua (2,4x mais falha)
2395;TC GÁS E ÁGUA;;endereco;Rua Domingos Militão de Carvalho, 290, Três Corações - MG, 37410-000, Brasil;Rua Domingos Militao de Carvalho 290 Tres Coracoes MG 37416070 Brazil;Três Corações;MG;37416070;-21.71714;-45.26582;-21.71714;-45.26582;;;
2396;DISK GÁS SUPERGASBRAS;;endereco;Avenida Luiz Gomes de Campos, 258, Tupaciguara - MG, 38430-000, Brasil;Avenida Luiz Gomes de Campos 258 Tupaciguara MG 38430000 Brazil;Tupaciguara;MG;38430000;-18.60384;-48.68795;-18.60384;-48.68795;;MEDIO;CEP generico de cidade, nao de rua (2,4x mais falha)
2397;CERRADÃO GÁS;;endereco;Avenida Amazonas, 683, Turmalina - MG, 39660-000, Brasil;Avenida Amazonas 683 Turmalina MG 39660000 Brazil;Turmalina;MG;39660000;-17.27838;-42.72586;-17.27838;-42.72586;;MEDIO;CEP generico de cidade, nao de rua (2,4x mais falha)
2398;ABS GÁS;;endereco;Avenida Alexandre Barbosa, 315, Uberaba - MG, 38060-200, Brasil;Avenida Alexandre Barbosa 315 Uberaba MG 38060200 Brazil;Uberaba;MG;38060200;-19.74498;-47.9467;-19.74498;-47.9467;;;
2399;ALFA GÁS UBERABA - GÁS DO POVO;;endereco;Rua Anésio Leite, 346, Uberaba - MG, 38051-130, Brasil;Rua Anesio Leite 346 Uberaba MG 38051130 Brazil;Uberaba;MG;38051130;-19.76166;-47.98812;-19.76166;-47.98812;;;
2400;CHAMA GÁS;;endereco;Avenida Américo Pessato, 927, Uberaba - MG, 38051-660, Brasil;Avenida Americo Pessato 927 Uberaba MG 38051293 Brazil;Uberaba;MG;38051293;-19.75836;-47.99037;-19.75836;-47.99037;;;
2401;DISTRIBUIDORA DE GÁS;;endereco;Avenida Capitão Manoel Prata, Uberaba - MG, 38022-120, Brasil;Avenida Capitao Manoel Prata Uberaba MG 38022120 Brazil;Uberaba;MG;38022120;-19.75683;-47.93842;-19.75683;-47.93842;;ALTO;sem numero de porta
2402;EDESIO GÁS;;endereco;Rua Antônio Próspero, 181, Uberaba - MG, 38066-480, Brasil;Rua Antonio Prospero 181 Uberaba MG 38066480 Brazil;Uberaba;MG;38066480;-19.73247;-47.94304;-19.73247;-47.94304;;;
2403;Equip Gás;;endereco;Rua João Pinheiro, 2807, Uberaba - MG, 38070-000, Brasil;Rua Joao Pinheiro 2807 Uberaba MG 38070000 Brazil;Uberaba;MG;38070000;-19.72774;-47.92044;-19.72774;-47.92044;;MEDIO;CEP generico de cidade, nao de rua (2,4x mais falha)
2404;Ernani gás e água;;endereco;Rua Djalma Castro Alves, 1880, Uberaba - MG, 38072-510, Brasil;Rua Djalma Castro Alves 1880 Uberaba MG 38072510 Brazil;Uberaba;MG;38072510;-19.74012;-47.88665;-19.74012;-47.88665;;;
2405;Expresso Gás;;endereco;Avenida Doutor Odilon Fernandes, 527, Uberaba - MG, 38017-030, Brasil;Avenida Doutor Odilon Fernandes 527 Uberaba MG 38017030 Brazil;Uberaba;MG;38017030;-19.74321;-47.92661;-19.74321;-47.92661;;;
2406;FABRÍCIO GÁS;;endereco;Avenida Lucas Borges, 386, Uberaba - MG, 38065-350, Brasil;Avenida Lucas Borges 386 Uberaba MG 38065360 Brazil;Uberaba;MG;38065360;-19.73743;-47.93581;-19.73743;-47.93581;;;
2407;FELIPE GÁS;;endereco;Felipe Gás Uberaba, Rua Olímpio Jacinto da Silva, 78, Uberaba - MG, 38071-200, Brasil;Rua Olimpio Jacinto da Silva 78 Uberaba MG 38071205 Brazil;Uberaba;MG;38071205;-19.72674;-47.9134;-19.72674;-47.9134;;;
2408;Fera Gás - Abadia;;endereco;Rua Rodolfo Lirio, 427, Uberaba - MG, 38025-500, Brasil;Rua Rodolfo Lirio 427 Uberaba MG 38025500 Brazil;Uberaba;MG;38025500;-19.76331;-47.92992;-19.76331;-47.92992;;;
2409;Fera Gás - Boa Vista;;endereco;Rua João Pinheiro, 2084, Uberaba - MG, 38070-000, Brasil;Rua Joao Pinheiro 2084 Uberaba MG 38070000 Brazil;Uberaba;MG;38070000;-19.73293;-47.92444;-19.73293;-47.92444;;MEDIO;CEP generico de cidade, nao de rua (2,4x mais falha)
2410;Fera Gás - Lourdes;;endereco;Rua Topázio, 1466, Uberaba - MG, 38035-220, Brasil;Rua Topazio 1466 Uberaba MG 38035230 Brazil;Uberaba;MG;38035230;-19.76256;-47.89105;-19.76256;-47.89105;;;
2411;Fera Gás - Matriz;;endereco;Rua Alvina de Moraes Leal, 143, Uberaba - MG, 38037-400, Brasil;Rua Alvina de Moraes Leal 143 Uberaba MG 38037400 Brazil;Uberaba;MG;38037400;-19.77755;-47.91584;-19.77755;-47.91584;;;
2412;FERA GÁS - PACAEMBU;;endereco;Avenida Ramid Mauad, Uberaba - MG, 38051-131, Brasil;Avenida Ramid Mauad Uberaba MG 38051570 Brazil;Uberaba;MG;38051570;-19.75732;-47.989;-19.75732;-47.989;;ALTO;sem numero de porta
2413;Fera Gás - Uberaba 1;;endereco;Avenida Reynaldo Boaretto, 558, Uberaba - MG, 38073-139, Brasil;Avenida Reynaldo Boaretto 558 Uberaba MG 38073139 Brazil;Uberaba;MG;38073139;-19.73561;-47.88502;-19.73561;-47.88502;;;
2414;FLAMAGÁS;;endereco;Capricho,Car,Bar., Rua Estrela do Sul, 310, Uberaba - MG, 38026-380, Brasil;Rua Estrela do Sul 310 Uberaba MG 38026380 Brazil;Uberaba;MG;38026380;-19.75758;-47.91672;-19.75758;-47.91672;;;
2415;Gás de cozinha em Uberaba;;endereco;Rua Diva Prado de Azevedo, 160, Uberaba - MG, 38082-018, Brasil;Rua Diva Prado de Azevedo 160 Uberaba MG 38082018 Brazil;Uberaba;MG;38082018;-19.7514;-47.90193;-19.7514;-47.90193;;;
2416;Gás e Água Ligeirinho;;endereco;Avenida Jonas Dutra, 471, Uberaba - MG, 38041-426, Brasil;Avenida Jonas Dutra 471 Uberaba MG 38041426 Brazil;Uberaba;MG;38041426;-19.79598;-47.92674;-19.79598;-47.92674;;;
2417;Gás e Água Oscar - Revenda Liquigás;;endereco;Avenida Nélson Freire, 865, Uberaba - MG, 38030-000, Brasil;Avenida Nelson Freire 865 Uberaba MG 38030000 Brazil;Uberaba;MG;38030000;-19.7647;-47.92737;-19.7647;-47.92737;;MEDIO;CEP generico de cidade, nao de rua (2,4x mais falha)
2418;Hidro Gás | Gás | Agua;;endereco;Rua Gabriel Junqueira, 359, Uberaba - MG, 38017-050, Brasil;Rua Gabriel Junqueira 359 Uberaba MG 38017050 Brazil;Uberaba;MG;38017050;-19.73793;-47.92753;-19.73793;-47.92753;;;
2419;Hiper Gás;;endereco;Rua Alceu Miranda, 50, Uberaba - MG, 38055-420, Brasil;Rua Alceu Miranda 50 Uberaba MG 38055420 Brazil;Uberaba;MG;38055420;-19.75191;-47.96429;-19.75191;-47.96429;;;
2420;JLB DISTRIBUIDORA - ÁGUA MINERAL - GÁS - BEBIDAS - CHOPE ARTESANAL - EMBALAGENS;;endereco;Rua Governador Valadares, 789, Uberaba - MG, 38065-065, Brasil;Rua Governador Valadares 789 Uberaba MG 38065065 Brazil;Uberaba;MG;38065065;-19.74276;-47.93939;-19.74276;-47.93939;;;
2421;Legal Gás;;endereco;Avenida Leopoldino de Oliveira, 1845, Uberaba - MG, 38015-000, Brasil;Avenida Leopoldino de Oliveira 1845 Uberaba MG 38081035 Brazil;Uberaba;MG;38081035;-19.7539;-47.92031;-19.7539;-47.92031;;;
2422;LIQUIGÁS BR PETROBRAS;;endereco;Avenida Lucas Borges, 308, Uberaba - MG, 38065-350, Brasil;Avenida Lucas Borges 308 Uberaba MG 38065350 Brazil;Uberaba;MG;38065350;-19.73798;-47.93525;-19.73798;-47.93525;;;
2423;LN Comércio de Gás;;endereco;Avenida Leopoldino de Oliveira, 1817, Uberaba - MG, 38015-000, Brasil;Avenida Leopoldino de Oliveira 1817 Uberaba MG 38081000 Brazil;Uberaba;MG;38081000;-19.75405;-47.92012;-19.75405;-47.92012;;MEDIO;CEP generico de cidade, nao de rua (2,4x mais falha)
2424;LN Comércio de Gás;;endereco;Rua Oswaldo Cruz, 1098, Uberaba - MG, 38015-230, Brasil;Rua Oswaldo Cruz 1098 Uberaba MG 38015230 Brazil;Uberaba;MG;38015230;-19.74347;-47.91864;-19.74347;-47.91864;;;
2425;LN Comércio de Gás;;endereco;Rua José de Alencar, 481, Uberaba - MG, 38022-040, Brasil;Rua Jose de Alencar 481 Uberaba MG 38022040 Brazil;Uberaba;MG;38022040;-19.75685;-47.93787;-19.75685;-47.93787;;;
2426;LUCIANO GÁS;;endereco;Avenida Antônio Pádua Rabelo de Almeida, 177, Uberaba - MG, 38057-447, Brasil;Avenida Antonio Padua Rabelo de Almeida 177 Uberaba MG 38057450 Brazil;Uberaba;MG;38057450;-19.73014;-47.97093;-19.73014;-47.97093;;;
2427;Master Gás;;endereco;Rua Catulino Nunes Santos, 80, Uberaba - MG, 38036-500, Brasil;Rua Catulino Nunes Santos 80 Uberaba MG 38036500 Brazil;Uberaba;MG;38036500;-19.76965;-47.91062;-19.76965;-47.91062;;;
2428;MM GÁS UBERABA;;endereco;Rua Hamilton Batista Freitas, 380, Uberaba - MG, 38038-109, Brasil;Rua Hamilton Batista Freitas 380 Uberaba MG 38038360 Brazil;Uberaba;MG;38038360;-19.77159;-47.88634;-19.77159;-47.88634;;;
2429;MÁRCIO GÁS;;endereco;Rua Goiás, 602, Uberaba - MG, 38050-060, Brasil;Rua Goias 602 Uberaba MG 38050060 Brazil;Uberaba;MG;38050060;-19.75823;-47.95207;-19.75823;-47.95207;;;
2430;Pontual Gás;;endereco;Rua Goiás, 1497, Uberaba - MG, 38050-060, Brasil;Rua Goias 1497 Uberaba MG 38050060 Brazil;Uberaba;MG;38050060;-19.76463;-47.95726;-19.76463;-47.95726;;;
2431;SILVA AND SILVA GAS TRADE;;endereco;Avenida Orlando Rodrigues Cunha, 2080, Uberaba - MG, 38026-502, Brasil;Avenida Orlando Rodrigues Cunha 2080 Uberaba MG 38030370 Brazil;Uberaba;MG;38030370;-19.76729;-47.92143;-19.76729;-47.92143;;;
2432;Silvagas Unidade 2;;endereco;Rua Jaime Bilharinho, 308, Uberaba - MG, 38065-280, Brasil;Rua Jaime Bilharinho 308 Uberaba MG 38065350 Brazil;Uberaba;MG;38065350;-19.73795;-47.93513;-19.73795;-47.93513;;;
2433;Silvagás - Costa Teles / Gás De Cozinha em Uberaba;;endereco;Rua Cleiner dos Santos Marques, 392, Uberaba - MG, 38035-390, Brasil;Rua Cleiner dos Santos Marques 392 Uberaba MG 38035360 Brazil;Uberaba;MG;38035360;-19.76499;-47.90786;-19.76499;-47.90786;;;
2434;Supergasbras;;endereco;Avenida Abílio Borges de Araújo, 511, Uberaba - MG, 38026-070, Brasil;Avenida Abilio Borges de Araujo 511 Uberaba MG 38026070 Brazil;Uberaba;MG;38026070;-19.76789;-47.9245;-19.76789;-47.9245;;;
2435;SUPERGASBRAS UBERABA;;endereco;Avenida Adail Gomes Ferreira, 1493, Uberaba - MG, 38040-380, Brasil;Avenida Adail Gomes Ferreira 1493 Uberaba MG 38041006 Brazil;Uberaba;MG;38041006;-19.78895;-47.92926;-19.78895;-47.92926;;;
2436;Supergasbras Uberaba - Grupo Ibiá Gás;;endereco;Avenida São Paulo, 685, Uberaba - MG, 38073-100, Brasil;Avenida Sao Paulo 685 Uberaba MG 38073100 Brazil;Uberaba;MG;38073100;-19.73693;-47.90644;-19.73693;-47.90644;;;
2437;Tele Gás e Água Boa Vista e Região;;endereco;Rua Coronel José Francisco, 198, Uberaba - MG, 38017-140, Brasil;Rua Coronel Jose Francisco 198 Uberaba MG 38017140 Brazil;Uberaba;MG;38017140;-19.73977;-47.92777;-19.73977;-47.92777;;;
2438;TO TOM TIM GÁS E ÁGUA - DISTRIBUIDORA DE GÁS E ÁGUA;;endereco;Avenida Ramid Mauad, 955, Uberaba - MG, 38051-131, Brasil;Avenida Ramid Mauad 955 Uberaba MG 38051131 Brazil;Uberaba;MG;38051131;-19.76354;-47.98975;-19.76354;-47.98975;;;
2439;Ubergas;;endereco;Avenida Adail Gomes Ferreira, 1493, Uberaba - MG, 38040-380, Brasil;Avenida Adail Gomes Ferreira 1493 Uberaba MG 38041006 Brazil;Uberaba;MG;38041006;-19.78895;-47.92926;-19.78895;-47.92926;;;
2440;UBERGÁS;;endereco;Avenida José Vallim de Melo, 2379, Uberaba - MG, 38037-575, Brasil;Avenida Jose Vallim de Melo 2379 Uberaba MG 38037575 Brazil;Uberaba;MG;38037575;-19.78986;-47.91036;-19.78986;-47.91036;;;
2441;Ágil Gás - Gás de cozinha;;endereco;Rua Djalma Castro Alves, 1572, Uberaba - MG, 38072-510, Brasil;Rua Djalma Castro Alves 1572 Uberaba MG 38073000 Brazil;Uberaba;MG;38073000;-19.73913;-47.88928;-19.73913;-47.88928;;MEDIO;CEP generico de cidade, nao de rua (2,4x mais falha)
2442;Agás;;endereco;Rua Ceres, 1705, Minas Gerais, Uberlândia - MG, 38402-136, Brasil;Rua Ceres 1705 Uberlandia MG 38402178 Brazil;Uberlândia;MG;38402178;-18.86773;-48.26177;-18.86773;-48.26177;Minas Gerais;;
2443;ALIGGAZ™ é disk gás Uberlândia;;endereco;Avenida Coronel José Teófilo Carneiro, 391, Jardim Brasília, Uberlândia - MG, 38401-344, Brasil;Avenida Coronel Jose Teofilo Carneiro 391 Uberlandia MG 38401344 Brazil;Uberlândia;MG;38401344;-18.90534;-48.30474;-18.90534;-48.30474;Jardim Brasília;;
2444;Aquigás | Gás de Cozinha e Água Santa Monica - Uberlândia/MG;;endereco;Avenida Doutor Laerte Vieira Gonçalves, 1136, Santa Mônica, Uberlândia - MG, 38408-176, Brasil;Avenida Doutor Laerte Vieira Goncalves 1136 Uberlandia MG 38408176 Brazil;Uberlândia;MG;38408176;-18.92365;-48.24371;-18.92365;-48.24371;Santa Mônica;;
2445;ATENDE GÁS URGENTE;;endereco;Rua Sudão, 15, Laranjeiras, Uberlândia - MG, 38410-318, Brasil;Rua Sudao 15 Uberlandia MG 38410232 Brazil;Uberlândia;MG;38410232;-18.95414;-48.23945;-18.95414;-48.23945;Laranjeiras;;
2446;Bom Gás gás e água;;endereco;Rua Olegário Maciel, 1721, Vigilato Pereira, Uberlândia - MG, 38408-384, Brasil;Rua Olegario Maciel 1721 Uberlandia MG 38400384 Brazil;Uberlândia;MG;38400384;-18.92626;-48.27028;-18.92626;-48.27028;Vigilato Pereira;;
2447;Bom Preço Gás E Água - Uberlândia, Minas Gerais;;endereco;Avenida Taylor Silva, 1434, Guarani, Uberlândia - MG, 38415-381, Brasil;Avenida Taylor Silva 1434 Uberlandia MG 38415381 Brazil;Uberlândia;MG;38415381;-18.89254;-48.33657;-18.89254;-48.33657;Guarani;;
2448;Consigaz Distribuidora de Gás;;endereco;Rua Wandelvart Faria Marquez, 500, Distrito Industrial, Uberlândia - MG, 38402-338, Brasil;Rua Wandelvart Faria Marquez 500 Uberlandia MG 38402338 Brazil;Uberlândia;MG;38402338;-18.86939;-48.3012;-18.86939;-48.3012;Distrito Industrial;;
2449;Depósito de Gás | Br Gás e Água Ltda;;endereco;Rua Três Marias, 105, Jardim Brasília, Uberlândia - MG, 38401-432, Brasil;Rua Tres Marias 105 Uberlandia MG 38401432 Brazil;Uberlândia;MG;38401432;-18.90142;-48.29638;-18.90142;-48.29638;Jardim Brasília;;
2450;Disk gas;;endereco;Rua Manoel Gonzaga, 75, Tocantins, Uberlândia - MG, 38415-285, Brasil;Rua Manoel Gonzaga 75 Uberlandia MG 38415285 Brazil;Uberlândia;MG;38415285;-18.90041;-48.33475;-18.90041;-48.33475;Tocantins;;
2451;DISK GAS UBERLANDIA;;endereco;Rua Gumercindo Silva, 1468, Minas Gerais, Uberlândia - MG, 38402-190, Brasil;Rua Gumercindo Silva 1468 Uberlandia MG 38402190 Brazil;Uberlândia;MG;38402190;-18.86605;-48.27069;-18.86605;-48.27069;Minas Gerais;;
2452;Empresa de gás bairro São Jorge;;endereco;Rua Liopino Lourenço de Araújo, 240, Laranjeiras, Uberlândia - MG, 38410-232, Brasil;Rua Liopino Lourenco de Araujo 240 Uberlandia MG 38410232 Brazil;Uberlândia;MG;38410232;-18.9538;-48.23957;-18.9538;-48.23957;Laranjeiras;;
2453;Gás Avenida - Tocantins;;endereco;Rua Dr. Manoel Thomaz Teixeira de Souza, 298, Tocantins, Uberlândia - MG, 38415-270, Brasil;Rua Dr Manoel Thomaz Teixeira de Souza 298 Uberlandia MG 38415270 Brazil;Uberlândia;MG;38415270;-18.90227;-48.33871;-18.90227;-48.33871;Tocantins;;
2454;Gás Barato Uberlândia;;endereco;Rua Atenas, 468, Tibery, Uberlândia - MG, 38405-060, Brasil;Rua Atenas 468 Uberlandia MG 38405030 Brazil;Uberlândia;MG;38405030;-18.90049;-48.25417;-18.90049;-48.25417;Tibery;;
2455;Gás Botânic Supergasbras;;endereco;Avenida Alípio Abrão, 1853, Granada, Uberlândia - MG, 38408-758, Brasil;Avenida Alipio Abrao 1853 Uberlandia MG 38408758 Brazil;Uberlândia;MG;38408758;-18.94655;-48.24274;-18.94655;-48.24274;Granada;;
2456;Gás de Cozinha | Hiper-Gás | Consigaz Uberlândia;;endereco;Avenida Ortízio Borges, 2181, Santa Mônica, Uberlândia - MG, 38408-263, Brasil;Avenida Ortizio Borges 2181 Uberlandia MG 38408164 Brazil;Uberlândia;MG;38408164;-18.91768;-48.2367;-18.91768;-48.2367;Santa Mônica;;
2457;Gás Uberlândia - Farli Gás;;endereco;Rua dos Periquitos, 412, Jardim das Palmeiras, Uberlândia - MG, 38412-236, Brasil;Rua dos Periquitos 412 Uberlandia MG 38412236 Brazil;Uberlândia;MG;38412236;-18.94565;-48.31066;-18.94565;-48.31066;Jardim das Palmeiras;;
2458;Gás Urgente | Gás em Uberlândia;;endereco;Avenida João Pessoa, 1163, Martins, Uberlândia - MG, 38400-338, Brasil;Avenida Joao Pessoa 1163 Uberlandia MG 38400338 Brazil;Uberlândia;MG;38400338;-18.90416;-48.27944;-18.90416;-48.27944;Martins;;
2459;GÁS URGENTE | Portaria 24horas;;endereco;Avenida José Abdulmassih, 1181, Shopping Park, Uberlândia - MG, 38425-565, Brasil;Avenida Jose Abdulmassih 1181 Uberlandia MG 38425565 Brazil;Uberlândia;MG;38425565;-18.98401;-48.26719;-18.98401;-48.26719;Shopping Park;;
2460;Izza Gás de Cozinha | Supergasbrás | Uberlândia;;endereco;Avenida Cesário Crosara, 4328, Presidente Roosevelt, Uberlândia - MG, 38401-048, Brasil;Avenida Cesario Crosara 4328 Uberlandia MG 38401188 Brazil;Uberlândia;MG;38401188;-18.89193;-48.28264;-18.89193;-48.28264;Presidente Roosevelt;;
2461;Jet Delivery Gás e Água Mineral - Uberlândia;;endereco;Avenida João Pessoa, 1163, Martins, Uberlândia - MG, 38400-338, Brasil;Avenida Joao Pessoa 1163 Uberlandia MG 38400338 Brazil;Uberlândia;MG;38400338;-18.90416;-48.27944;-18.90416;-48.27944;Martins;;
2462;Jéssica Gás Uberlândia;;endereco;Avenida Noruega, 291, Tibery, Uberlândia - MG, 38405-002, Brasil;Avenida Noruega 291 Uberlandia MG 38405002 Brazil;Uberlândia;MG;38405002;-18.90722;-48.25618;-18.90722;-48.25618;Tibery;;
2463;Ki Rápido Gás | Portaria 24horas;;endereco;Rua Jerusalém, 1611, Jardim Canaã, Uberlândia - MG, 38412-392, Brasil;Rua Jerusalem 1611 Uberlandia MG 38412392 Brazil;Uberlândia;MG;38412392;-18.96896;-48.32289;-18.96896;-48.32289;Jardim Canaã;;
2464;KIGÁS Jardim Patrícia - Gás de Cozinha em Uberlândia;;endereco;Avenida Aspirante Mega, 2018, Dona Zulmira, Uberlândia - MG, 38414-064, Brasil;Avenida Aspirante Mega 2018 Uberlandia MG 38414064 Brazil;Uberlândia;MG;38414064;-18.91547;-48.31314;-18.91547;-48.31314;Dona Zulmira;;
2465;KIGÁS Santa Mônica - Gás de Cozinha em Uberlândia;;endereco;Rua Maria das Dores Dias, 250, Santa Mônica, Uberlândia - MG, 38408-206, Brasil;Rua Maria das Dores Dias 250 Uberlandia MG 38408206 Brazil;Uberlândia;MG;38408206;-18.91245;-48.25109;-18.91245;-48.25109;Santa Mônica;;
2466;Maciel Gás;;endereco;Rua Chile, 460, Tibery, Uberlândia - MG, 38405-146, Brasil;Rua Chile 460 Uberlandia MG 38405018 Brazil;Uberlândia;MG;38405018;-18.90244;-48.25845;-18.90244;-48.25845;Tibery;;
2467;Mega Gás de Cozinha;;endereco;Avenida Monsenhor Eduardo, 11, Nossa Senhora Aparecida, Uberlândia - MG, 38400-621, Brasil;Avenida Monsenhor Eduardo 11 Uberlandia MG 38400748 Brazil;Uberlândia;MG;38400748;-18.89718;-48.2695;-18.89718;-48.2695;Nossa Senhora Aparecida;;
2468;Park Gás de Cozinha e Água - SuperGasbras;;endereco;Avenida Sul Americana, Shopping Park, Uberlândia - MG, 38425-416, Brasil;Avenida Sul Americana Uberlandia MG 38425426 Brazil;Uberlândia;MG;38425426;-18.97913;-48.27462;-18.97913;-48.27462;Shopping Park;ALTO;sem numero de porta
2469;Plantão Gás de Cozinha e Água;;endereco;Pastelaria Saborear, Rua Abelardo P. dos Santos, Laranjeiras, Uberlândia - MG, 38410-094, Brasil;Rua Abelardo P dos Santos Uberlandia MG 38410222 Brazil;Uberlândia;MG;38410222;-18.95827;-48.23198;-18.95827;-48.23198;Laranjeiras;ALTO;sem numero de porta
2470;TURBO GAS UBERLANDIA;;endereco;Rua Álvares de Azevedo, 1150, Santa Luzia, Uberlândia - MG, 38408-516, Brasil;Rua Alvares de Azevedo 1150 Uberlandia MG 38408597 Brazil;Uberlândia;MG;38408597;-18.92951;-48.25092;-18.92951;-48.25092;Santa Luzia;;
2471;Ultragaz - Gás de Cozinha - Canaã;;endereco;Rua Lídia, 890, Jardim Canaã, Uberlândia - MG, 38412-390, Brasil;Rua Lidia 890 Uberlandia MG 38412390 Brazil;Uberlândia;MG;38412390;-18.96351;-48.32717;-18.96351;-48.32717;Jardim Canaã;;
2472;Ultragaz - Gás de Cozinha - Planalto;;endereco;Rua Alceu Alves Mendes, 2082, Chácaras Tubalina e Quartel, Uberlândia - MG, 38413-318, Brasil;Rua Alceu Alves Mendes 2082 Uberlandia MG 38413108 Brazil;Uberlândia;MG;38413108;-18.92988;-48.32398;-18.92988;-48.32398;Chácaras Tubalina e Quartel;;
2473;BOM GÁS DISTRIBUIDORA;;endereco;Rua Uberaba, 190, Ubá - MG, 36500-090, Brasil;Rua Uberaba 190 Uba MG 36500000 Brazil;Ubá;MG;36500000;-21.10783;-42.95785;-21.10783;-42.95785;;MEDIO;CEP generico de cidade, nao de rua (2,4x mais falha)
2474;ECN ULTRAGAZ;;endereco;Avenida Cdor. Jacinto Soares de Souza Lima, 1414, Ubá - MG, 36500-090, Brasil;Avenida Cdor Jacinto Soares de Souza Lima 1414 Uba MG 36500091 Brazil;Ubá;MG;36500091;-21.11575;-42.94985;-21.11575;-42.94985;;;
2475;GÁS E ÁGUA PALMEIRA;;endereco;Rua Francisco D., 173, Ubá - MG, Brasil;Rua Francisco D 173 Uba MG 36500000 Brazil;Ubá;MG;36500000;-21.13153;-42.92928;-21.13153;-42.92928;;MEDIO;CEP generico de cidade, nao de rua (2,4x mais falha)
2476;GÁS E ÁGUA PALMEIRA;;endereco;Supermercado Palmeiras, Rua Francisco Teixeira de Abreu, Ubá - MG, 36502-250, Brasil;Rua Francisco Teixeira de Abreu Uba MG 36500000 Brazil;Ubá;MG;36500000;-21.13121;-42.93353;-21.13121;-42.93353;;ALTO;"sem numero de porta; CEP generico de cidade, nao de rua (2,4x mais falha)"
2477;LÍDER GÁS UBÁ;;endereco;Avenida Senador Levindo Coelho, Ubá - MG, 36506-330, Brasil;Avenida Senador Levindo Coelho Uba MG 36500000 Brazil;Ubá;MG;36500000;-21.09278;-42.97021;-21.09278;-42.97021;;ALTO;"sem numero de porta; CEP generico de cidade, nao de rua (2,4x mais falha)"
2478;MARCELO GÁS;;endereco;Rua Angelino Teixeira, 38, Ubá - MG, 36506-186, Brasil;Rua Angelino Teixeira 38 Uba MG 36506186 Brazil;Ubá;MG;36506186;-21.09621;-42.96912;-21.09621;-42.96912;;;
2479;PAULISTA GÁS CONSIGAZ;;endereco;Avenida dos Ex-Combatentes, 163, Ubá - MG, 36500-000, Brasil;Avenida dos Ex Combatentes 163 Uba MG 36500000 Brazil;Ubá;MG;36500000;-21.11429;-42.95672;-21.11429;-42.95672;;MEDIO;CEP generico de cidade, nao de rua (2,4x mais falha)
2480;GELOGAS GÁS E ÁGUA MINERAL;;endereco;Rua das Camélias, 445, Unaí - MG, 38610-000, Brasil;Rua das Camelias 445 Unai MG 38613050 Brazil;Unaí;MG;38613050;-16.36587;-46.89429;-16.36587;-46.89429;;;
2481;MINAS GÁS;;endereco;Rua Alba Gonzaga, 246, Unaí - MG, 38610-021, Brasil;Rua Alba Gonzaga 246 Unai MG 38610021 Brazil;Unaí;MG;38610021;-16.36226;-46.90217;-16.36226;-46.90217;;;
2482;OK GÁS UNAÍ;;endereco;Rua Prefeito João Costa, 844, Unaí - MG, 38610-009, Brasil;Rua Prefeito Joao Costa 844 Unai MG 38610009 Brazil;Unaí;MG;38610009;-16.36442;-46.90264;-16.36442;-46.90264;;;
2483;REI DO GÁS CENTRO;;endereco;Rua Roncador, 428, Unaí - MG, 38610-000, Brasil;Rua Roncador 428 Unai MG 38610019 Brazil;Unaí;MG;38610019;-16.36222;-46.89832;-16.36222;-46.89832;;;
2484;Alcantara Gás Varginha;;endereco;Rua Evânio Labre, 55, Vargem, Varginha - MG, 37004-802, Brasil;Rua Evanio Labre 55 Varginha MG 37004802 Brazil;Varginha;MG;37004802;-21.54231;-45.40864;-21.54231;-45.40864;Vargem;;
2485;Atacadão do Gás & Água Mineral - Rezende;;endereco;Rua Renato Fioravante, 155, Rezende, Varginha - MG, 37062-360, Brasil;Rua Renato Fioravante 155 Varginha MG 37062360 Brazil;Varginha;MG;37062360;-21.58241;-45.43533;-21.58241;-45.43533;Rezende;;
2486;BOA VISTA GÁS VARGINHA;;endereco;Rua Antônio Bernardes Pereira, 1250, Corcetti, Varginha - MG, 37036-560, Brasil;Rua Antonio Bernardes Pereira 1250 Varginha MG 37036560 Brazil;Varginha;MG;37036560;-21.53303;-45.44763;-21.53303;-45.44763;Corcetti;;
2487;BR GÁS;;endereco;Avenida Antônio Frederico Ozanan, 545, Sion, Varginha - MG, 37044-480, Brasil;Avenida Antonio Frederico Ozanan 545 Varginha MG 37044480 Brazil;Varginha;MG;37044480;-21.56466;-45.42131;-21.56466;-45.42131;Sion;;
2488;CENTRAL GÁS;;endereco;Avenida Antônio Frederico Ozanan, 599, Sion, Varginha - MG, 37044-480, Brasil;Avenida Antonio Frederico Ozanan 599 Varginha MG 37044480 Brazil;Varginha;MG;37044480;-21.5648;-45.42093;-21.5648;-45.42093;Sion;;
2489;DISK GAS;;endereco;Rua Antônio Ribeiro Barra, 110, Boa Vista, Varginha - MG, 37014-670, Brasil;Rua Antonio Ribeiro Barra 110 Varginha MG 37014670 Brazil;Varginha;MG;37014670;-21.54759;-45.4527;-21.54759;-45.4527;Boa Vista;;
2490;DISK GÁS E ÁGUA MINERAL;;endereco;Rua Aristides Marcolino Araújo, 140, Parque de Exposições, Varginha - MG, 37068-040, Brasil;Rua Aristides Marcolino Araujo 140 Varginha MG 37068040 Brazil;Varginha;MG;37068040;-21.58961;-45.44067;-21.58961;-45.44067;Parque de Exposições;;
2491;Disk Gás e Água Mineral Baronesa;;endereco;Avenida Rio Branco, 105, Centro, Varginha - MG, 37002-010, Brasil;Avenida Rio Branco 105 Varginha MG 37002010 Brazil;Varginha;MG;37002010;-21.55696;-45.43555;-21.55696;-45.43555;Centro;;
2492;Et Gás;;endereco;Avenida Paulo Afonso, 226, Campos Elísios, Varginha - MG, 37018-360, Brasil;Avenida Paulo Afonso 226 Varginha MG 37018360 Brazil;Varginha;MG;37018360;-21.55026;-45.43652;-21.55026;-45.43652;Campos Elísios;;
2493;Fort Gás e Água;;endereco;Avenida Plínio Salgado, 968, Bela Vista, Varginha - MG, 37010-735, Brasil;Avenida Plinio Salgado 968 Varginha MG 37010295 Brazil;Varginha;MG;37010295;-21.55675;-45.4501;-21.55675;-45.4501;Bela Vista;;
2494;GASBEL GÁS E ÁGUA;;endereco;Rua Tonico Xavier, 1150, Boa Vista, Varginha - MG, 37014-252, Brasil;Rua Tonico Xavier 1150 Varginha MG 37014252 Brazil;Varginha;MG;37014252;-21.54535;-45.44547;-21.54535;-45.44547;Boa Vista;;
2495;Grupo Rei do Gás;;endereco;Avenida dos Imigrantes, 1450, Vargem, Varginha - MG, 37022-560, Brasil;Avenida dos Imigrantes 1450 Varginha MG 37022560 Brazil;Varginha;MG;37022560;-21.5457;-45.41935;-21.5457;-45.41935;Vargem;;
2496;Gás A Jato;;endereco;Avenida Paulo Afonso, 226, Campos Elísios, Varginha - MG, 37018-360, Brasil;Avenida Paulo Afonso 226 Varginha MG 37018360 Brazil;Varginha;MG;37018360;-21.55026;-45.43652;-21.55026;-45.43652;Campos Elísios;;
2497;Gás de Cozinha em Varginha - Brota Gás;;endereco;Rua Doutor Mathias de Vilhena, 365, Barcelona, Varginha - MG, 37022-010, Brasil;Rua Doutor Mathias de Vilhena 365 Varginha MG 37022010 Brazil;Varginha;MG;37022010;-21.549;-45.43017;-21.549;-45.43017;Barcelona;;
2498;GÁS DO CHICO;;endereco;Rua Alba Valéria Loredo, 85, Sion, Varginha - MG, 37044-350, Brasil;Rua Alba Valeria Loredo 85 Varginha MG 37045019 Brazil;Varginha;MG;37045019;-21.55761;-45.41095;-21.55761;-45.41095;Sion;;
2499;Gás e Água Castelar;;endereco;Rua Domingos Sappi, 29, Barcelona, Varginha - MG, 37022-040, Brasil;Rua Domingos Sappi 29 Varginha MG 37022040 Brazil;Varginha;MG;37022040;-21.54805;-45.43212;-21.54805;-45.43212;Barcelona;;
2500;Gás e Água Já;;endereco;Rua Trinta e Um de Março, 350, Jardim Andere, Varginha - MG, 37006-810, Brasil;Rua Trinta e Um de Marco 350 Varginha MG 37006810 Brazil;Varginha;MG;37006810;-21.57431;-45.4369;-21.57431;-45.4369;Jardim Andere;;
2501;GÁS VARGINHA;;endereco;Rua Antônio Bernardes Pereira, 1250, Corcetti, Varginha - MG, 37036-560, Brasil;Rua Antonio Bernardes Pereira 1250 Varginha MG 37036560 Brazil;Varginha;MG;37036560;-21.53303;-45.44763;-21.53303;-45.44763;Corcetti;;
2502;JM GÁS LTDA;;endereco;Avenida Antônio Frederico Ozanan, 599, Sion, Varginha - MG, 37044-480, Brasil;Avenida Antonio Frederico Ozanan 599 Varginha MG 37044480 Brazil;Varginha;MG;37044480;-21.5648;-45.42093;-21.5648;-45.42093;Sion;;
2503;Lignina Gás (GÁS DO POVO);;endereco;Rua Santo Frogeri, Sion, Varginha - MG, 37044-400, Brasil;Rua Santo Frogeri Varginha MG 37048060 Brazil;Varginha;MG;37048060;-21.56295;-45.41426;-21.56295;-45.41426;Sion;ALTO;sem numero de porta
2504;LÍDER GÁS;;endereco;Avenida Plínio Salgado, 106A, Bom Pastor, Varginha - MG, 37014-160, Brasil;Avenida Plinio Salgado 106A Varginha MG 37014160 Brazil;Varginha;MG;37014160;-21.55166;-45.44554;-21.55166;-45.44554;Bom Pastor;;
2505;MARIA DO GÁS;;endereco;Rua Um, 130, Centenário, Varginha - MG, 37060-030, Brasil;Rua Um 130 Varginha MG 37060030 Brazil;Varginha;MG;37060030;-21.57797;-45.41981;-21.57797;-45.41981;Centenário;;
2506;NP GÁS;;endereco;Avenida Aristides Ribeiro, 305, Parque de Exposições, Varginha - MG, 37068-120, Brasil;Avenida Aristides Ribeiro 305 Varginha MG 37068120 Brazil;Varginha;MG;37068120;-21.59155;-45.44372;-21.59155;-45.44372;Parque de Exposições;;
2507;PAJEÚ GÁS;;endereco;Avenida Celina Ferreira Ottoni, 3167, Centenário, Varginha - MG, 37060-715, Brasil;Avenida Celina Ferreira Ottoni 3167 Varginha MG 37048580 Brazil;Varginha;MG;37048580;-21.57302;-45.41971;-21.57302;-45.41971;Centenário;;
2508;Pajeú Gás;;endereco;Avenida Ana Jacinta, 88, Bom Pastor, Varginha - MG, 37014-240, Brasil;Avenida Ana Jacinta 88 Varginha MG 37014240 Brazil;Varginha;MG;37014240;-21.55281;-45.4414;-21.55281;-45.4414;Bom Pastor;;
2509;PAZOTI GÁS;;endereco;Rua Milton Costa, 159, Santa Maria, Varginha - MG, 37004-125, Brasil;Rua Milton Costa 159 Varginha MG 37004125 Brazil;Varginha;MG;37004125;-21.55508;-45.4282;-21.55508;-45.4282;Santa Maria;;
2510;Rei do Gás 2 Vga;;endereco;Avenida Plínio Salgado, 780, Bela Vista, Varginha - MG, 37010-735, Brasil;Avenida Plinio Salgado 780 Varginha MG 37014160 Brazil;Varginha;MG;37014160;-21.55628;-45.44826;-21.55628;-45.44826;Bela Vista;;
2511;SUPER GÁS VARGINHA;;endereco;Rua Santo Frogeri, Sion, Varginha - MG, 37044-400, Brasil;Rua Santo Frogeri Varginha MG 37045168 Brazil;Varginha;MG;37045168;-21.56296;-45.41426;-21.56296;-45.41426;Sion;ALTO;sem numero de porta
2512;SUPERGASBRAS;;endereco;Rua Allan Kardec, 471, Bom Pastor, Varginha - MG, 37014-180, Brasil;Rua Allan Kardec 471 Varginha MG 37014160 Brazil;Varginha;MG;37014160;-21.55112;-45.44574;-21.55112;-45.44574;Bom Pastor;;
2513;TOK GÁS;;endereco;Rua Nema Murad, 199, Fátima, Varginha - MG, 37010-370, Brasil;Rua Nema Murad 199 Varginha MG 37010370 Brazil;Varginha;MG;37010370;-21.55972;-45.44974;-21.55972;-45.44974;Fátima;;
2514;CHAMA GÁS;;endereco;Avenida A, 892, Vespasiano - MG, 33202-758, Brasil;Avenida A 892 Vespasiano MG 33200000 Brazil;Vespasiano;MG;33200000;-19.75137;-43.93964;-19.75137;-43.93964;;MEDIO;CEP generico de cidade, nao de rua (2,4x mais falha)
2515;GAS RP GÁS;;endereco;Rua Nove, 239, Vespasiano - MG, 33203-466, Brasil;Rua Nove 239 Vespasiano MG 33203466 Brazil;Vespasiano;MG;33203466;-19.76794;-43.9603;-19.76794;-43.9603;;;
2516;GÁS 2 IRMÃOS, GÁS DE COZINHA NO GÁVEA, JARDIM DA GLORIA, PALMITAL, SERRA DOURADA;;endereco;Avenida Três, 653, Vespasiano - MG, 33200-000, Brasil;Avenida Tres 653 Vespasiano MG 33200000 Brazil;Vespasiano;MG;33200000;-19.757;-43.93394;-19.757;-43.93394;;MEDIO;CEP generico de cidade, nao de rua (2,4x mais falha)
2517;VESPAGAS;;endereco;Rua Pedra do Mar, 501, Vespasiano - MG, 33200-000, Brasil;Rua Pedra do Mar 501 Vespasiano MG 33205232 Brazil;Vespasiano;MG;33205232;-19.75634;-43.95516;-19.75634;-43.95516;;;
2518;WILSON GÁS_ DISTRIBUIDORA DE GÁS ESPECIALISTA EM P45 E P20;;endereco;Avenida A, 353, Vespasiano - MG, 33200-000, Brasil;Avenida A 353 Vespasiano MG 33202500 Brazil;Vespasiano;MG;33202500;-19.75297;-43.94375;-19.75297;-43.94375;;;
2519;HÉLIO GÁS;;endereco;Rua Labemant Drumond, 76, Visconde do Rio Branco - MG, 36520-000, Brasil;Rua Labemant Drumond 76 Visconde do Rio Branco MG 36520000 Brazil;Visconde do Rio Branco;MG;36520000;-20.99948;-42.83772;-20.99948;-42.83772;;MEDIO;CEP generico de cidade, nao de rua (2,4x mais falha)
2520;ULTRAGAZ;;endereco;Avenida Theophile Dubreil, 437, Visconde do Rio Branco - MG, 36520-000, Brasil;Avenida Theophile Dubreil 437 Visconde do Rio Branco MG 36520000 Brazil;Visconde do Rio Branco;MG;36520000;-21.0224;-42.84043;-21.0224;-42.84043;;MEDIO;CEP generico de cidade, nao de rua (2,4x mais falha)
2521;ANTONIO NOVO GÁS;;endereco;Rua Angelina Bernardes, 358, Viçosa - MG, 36576-024, Brasil;Rua Angelina Bernardes 358 Vicosa MG 36570000 Brazil;Viçosa;MG;36570000;-20.74894;-42.87439;-20.74894;-42.87439;;MEDIO;CEP generico de cidade, nao de rua (2,4x mais falha)
2522;GAMBÁS GÁS;;endereco;Rua Dona Gertrudes, 20, Viçosa - MG, 36570-025, Brasil;Rua Dona Gertrudes 20 Vicosa MG 36570000 Brazil;Viçosa;MG;36570000;-20.75186;-42.88213;-20.75186;-42.88213;;MEDIO;CEP generico de cidade, nao de rua (2,4x mais falha)
2523;GÁS 2 IRMÃOS VIÇOSA - MG;;endereco;Rua Hélio S. Lima, 45, Viçosa - MG, 36576-102, Brasil;Rua Helio S Lima 45 Vicosa MG 36570000 Brazil;Viçosa;MG;36570000;-20.74787;-42.87043;-20.74787;-42.87043;;MEDIO;CEP generico de cidade, nao de rua (2,4x mais falha)
2524;Brasil Japão Moto Gás e Água;;endereco;Rua Brás Cubas, 34, Carvalho, Campo Grande - MS, 79005-280, Brasil;Rua Bras Cubas 34 Campo Grande MS 79005280 Brazil;Campo Grande;MS;79005280;-20.47829;-54.61918;-20.47829;-54.61918;Carvalho;;
2525;Campo Grande Gás;;endereco;Rua Pantanal, 51, Aero Rancho, Campo Grande - MS, 79083-230, Brasil;Rua Pantanal 51 Campo Grande MS 79083230 Brazil;Campo Grande;MS;79083230;-20.52373;-54.63724;-20.52373;-54.63724;Aero Rancho;;
2526;Central Gás Papagaio;;endereco;Rua Coriolano Ferraz Bais, 251, Amambaí, Campo Grande - MS, 79005-220, Brasil;Rua Coriolano Ferraz Bais 251 Campo Grande MS 79005420 Brazil;Campo Grande;MS;79005420;-20.47131;-54.62877;-20.47131;-54.62877;Amambaí;;
2527;CG Gás - Gas de Cozinha Campo Grande;;endereco;Rua Olímpio Klafke, 692, Mata do Jacinto, Campo Grande - MS, 79033-281, Brasil;Rua Olimpio Klafke 692 Campo Grande MS 79033281 Brazil;Campo Grande;MS;79033281;-20.42397;-54.56663;-20.42397;-54.56663;Mata do Jacinto;;
2528;Disk Gás;;endereco;Rua Guanabara, 853, Santo Antonio, Campo Grande - MS, 79102-060, Brasil;Rua Guanabara 853 Campo Grande MS 79102060 Brazil;Campo Grande;MS;79102060;-20.44926;-54.66292;-20.44926;-54.66292;Santo Antonio;;
2529;ERICK GÁS;;endereco;Rua Timbauva, 108, Moreninha, Campo Grande - MS, 79065-061, Brasil;Rua Timbauva 108 Campo Grande MS 79065061 Brazil;Campo Grande;MS;79065061;-20.55014;-54.57754;-20.55014;-54.57754;Moreninha;;
2530;Fernanda Gás e água;;endereco;Avenida Presidente Vargas, 1302, Sobrinho, Campo Grande - MS, 79112-010, Brasil;Avenida Presidente Vargas 1302 Campo Grande MS 79100670 Brazil;Campo Grande;MS;79100670;-20.44997;-54.6472;-20.44997;-54.6472;Sobrinho;;
2531;Gas e água mineral;;endereco;Rua Ipiranga, 26, Planalto, Campo Grande - MS, 79009-360, Brasil;Rua Ipiranga 26 Campo Grande MS 79009360 Brazil;Campo Grande;MS;79009360;-20.46021;-54.63043;-20.46021;-54.63043;Planalto;;
2532;Gás Mais;;endereco;Rua do Livramento, 604, Cruzeiro, Campo Grande - MS, 79010-300, Brasil;Rua do Livramento 604 Campo Grande MS 79011350 Brazil;Campo Grande;MS;79011350;-20.43492;-54.60264;-20.43492;-54.60264;Cruzeiro;;
2533;Lima Gás e Água - Gás de Cozinha;;endereco;Rua Ariquemes, 577, Aero Rancho, Campo Grande - MS, 79082-160, Brasil;Rua Ariquemes 577 Campo Grande MS 79081650 Brazil;Campo Grande;MS;79081650;-20.51385;-54.63497;-20.51385;-54.63497;Aero Rancho;;
2534;Mosko Gas Revenda Ultragaz;;endereco;Avenida Nosso Senhor do Bonfim, 1234, Novos Estados, Campo Grande - MS, 79034-000, Brasil;Avenida Nosso Senhor do Bonfim 1234 Campo Grande MS 79034240 Brazil;Campo Grande;MS;79034240;-20.41397;-54.56706;-20.41397;-54.56706;Novos Estados;;
2535;Mosko Gás de Cozinha e Distribuidora de Água;;endereco;Avenida Panamericana, 295, Veraneio, Campo Grande - MS, 79036-460, Brasil;Avenida Panamericana 295 Campo Grande MS 79034722 Brazil;Campo Grande;MS;79034722;-20.43481;-54.55536;-20.43481;-54.55536;Veraneio;;
2536;ORIENTE GAS Mata do Jacinto;;endereco;Avenida Coronel Antonino, 3260, Mata do Jacinto, Campo Grande - MS, 79013-000, Brasil;Avenida Coronel Antonino 3260 Campo Grande MS 79033000 Brazil;Campo Grande;MS;79033000;-20.42256;-54.5837;-20.42256;-54.5837;Mata do Jacinto;MEDIO;CEP generico de cidade, nao de rua (2,4x mais falha)
2537;Plantão Gás Copagaz;;endereco;Rua Doutor Meireles, 703, Coronel Antonino, Campo Grande - MS, 79011-344, Brasil;Rua Doutor Meireles 703 Campo Grande MS 79011344 Brazil;Campo Grande;MS;79011344;-20.4303;-54.5952;-20.4303;-54.5952;Coronel Antonino;;
2538;RD Gás e Água | Gás de cozinha | Girassóis | União | Campo Grande-MS;;endereco;Rua Anaurelina Pereira Moraes, 506, União, Campo Grande - MS, 79091-832, Brasil;Rua Anaurelina Pereira Moraes 506 Campo Grande MS 79091832 Brazil;Campo Grande;MS;79091832;-20.48383;-54.66681;-20.48383;-54.66681;União;;
2539;ROB GÁS | Gás em Campo Grande MS;;endereco;Rua Rio de Janeiro, 133, Monte Castelo, Campo Grande - MS, 79011-210, Brasil;Rua Rio de Janeiro 133 Campo Grande MS 79011210 Brazil;Campo Grande;MS;79011210;-20.42663;-54.60874;-20.42663;-54.60874;Monte Castelo;;
2540;Telegás - Copagaz;;endereco;Rua Pedro Celestino, 500, Glória, Campo Grande - MS, 79004-560, Brasil;Rua Pedro Celestino 500 Campo Grande MS 79004560 Brazil;Campo Grande;MS;79004560;-20.46882;-54.6107;-20.46882;-54.6107;Glória;;
2541;Ultragaz - Jota Gás;;endereco;Rua José Garcia Lopes Filho, 128, União, Campo Grande - MS, 79091-440, Brasil;Rua Jose Garcia Lopes Filho 128 Campo Grande MS 79091440 Brazil;Campo Grande;MS;79091440;-20.4719;-54.66252;-20.4719;-54.66252;União;;
2542;Ultragaz Eli Gás;;endereco;Rua Juruena, 258, Taquarussú, Campo Grande - MS, 79006-050, Brasil;Rua Juruena 258 Campo Grande MS 79006050 Brazil;Campo Grande;MS;79006050;-20.4761;-54.63291;-20.4761;-54.63291;Taquarussú;;
2543;VM GÁS E ÁGUA - Disk Gás em Campo Grande MS;;endereco;Rua Voluntários da Pátria, 22, Piratininga, Campo Grande - MS, 79081-110, Brasil;Rua Voluntarios da Patria 22 Campo Grande MS 79081110 Brazil;Campo Grande;MS;79081110;-20.49474;-54.62524;-20.49474;-54.62524;Piratininga;;
2544;Ligeirinho Gás e Água;;endereco;Rua P Dezessete, Chapadão do Sul - MS, 79560-000, Brasil;Rua P Dezessete Chapadao do Sul MS 79560000 Brazil;Chapadão do Sul;MS;79560000;-18.80507;-52.63266;-18.80507;-52.63266;;ALTO;"sem numero de porta; CEP generico de cidade, nao de rua (2,4x mais falha)"
2545;SUPRILAR GÁS E ÁGUA revenda autorizada Copagaz ✅;;endereco;Rua Tuiuiu, 1663, Chapadão do Sul - MS, 79560-000, Brasil;Rua Tuiuiu 1663 Chapadao do Sul MS 79560000 Brazil;Chapadão do Sul;MS;79560000;-18.7779;-52.60095;-18.7779;-52.60095;;MEDIO;CEP generico de cidade, nao de rua (2,4x mais falha)
2546;Fort Gás - Ultragaz;;endereco;Avenida Marcelino Pires, 312, Jardim Clímax, Dourados - MS, 79820-101, Brasil;Avenida Marcelino Pires 312 Dourados MS 79801004 Brazil;Dourados;MS;79801004;-22.22999;-54.82809;-22.22999;-54.82809;Jardim Clímax;;
2547;Gabriel Gás;;endereco;Rua Ponta Porã, 500, Jardim Itaipú, Dourados - MS, 79824-130, Brasil;Rua Ponta Pora 500 Dourados MS 79823020 Brazil;Dourados;MS;79823020;-22.2208;-54.82686;-22.2208;-54.82686;Jardim Itaipú;;
2548;Gas dois irmãos loja 2;;endereco;Rua Apeninos, 475, Jardim Londrina, Dourados - MS, 79814-080, Brasil;Rua Apeninos 475 Dourados MS 79814052 Brazil;Dourados;MS;79814052;-22.24294;-54.82031;-22.24294;-54.82031;Jardim Londrina;;
2549;Gás Dois Irmãos;;endereco;Rua Guiana, 1565, Parque das Nações, Dourados - MS, 79841-490, Brasil;Rua Guiana 1565 Dourados MS 79841490 Brazil;Dourados;MS;79841490;-22.23133;-54.75529;-22.23133;-54.75529;Parque das Nações;;
2550;Gás Pantanal Entrega;;endereco;Rua Alvício Martins Viana, 2525-0, Izidoro Pedroso, Dourados - MS, 79840-290, Brasil;Rua Alvicio Martins Viana 2525 0 Izidoro Pedroso Dourados MS 79840290 Brazil;Dourados;MS;79840290;-22.23769;-54.79146;-22.23769;-54.79146;;ALTO;sem numero de porta
2551;JS Gás II;;endereco;Rua Eulália Pires, 914, Nossa Sra. de Aparecida, Dourados - MS, 79814-330, Brasil;Rua Eulalia Pires 914 Dourados MS 79820070 Brazil;Dourados;MS;79820070;-22.24327;-54.82376;-22.24327;-54.82376;Nossa Sra. de Aparecida;;
2552;NS GAS E AGUA MINERAL LTDA;;endereco;Rua João Pereira Hora, 175, Estrela Poraví, Dourados - MS, 79837-063, Brasil;Rua Joao Pereira Hora 175 Dourados MS 79837063 Brazil;Dourados;MS;79837063;-22.26171;-54.7791;-22.26171;-54.7791;Estrela Poraví;;
2553;Paivinha Gás Revendedor Autorizado Copagaz;;endereco;Rua João Vicente Ferreira, 2542, Jardim Planalto, Dourados - MS, 79826-020, Brasil;Rua Joao Vicente Ferreira 2542 Dourados MS 79826110 Brazil;Dourados;MS;79826110;-22.2216;-54.80425;-22.2216;-54.80425;Jardim Planalto;;
2554;Pantanal Gás;;endereco;Avenida Weimar Gonçalves Torres, 5950, Vila São Francisco, Dourados - MS, 79833-021, Brasil;Avenida Weimar Goncalves Torres 5950 Dourados MS 79833080 Brazil;Dourados;MS;79833080;-22.22263;-54.77246;-22.22263;-54.77246;Vila São Francisco;;
2555;Ultragaz Junior Gás;;endereco;Avenida Presidente Vargas, 2196, Ponta Porã - MS, 79904-470, Brasil;Avenida Presidente Vargas 2196 Ponta Pora MS 79900000 Brazil;Ponta Porã;MS;79900000;-22.52556;-55.71322;-22.52556;-55.71322;;MEDIO;CEP generico de cidade, nao de rua (2,4x mais falha)
2556;Center Gás e Água Mineral;;endereco;Rua Angelina Tebet, 918, Santa Luzia, Três Lagoas - MS, 79640-250, Brasil;Rua Angelina Tebet 918 Tres Lagoas MS 79640250 Brazil;Três Lagoas;MS;79640250;-20.78757;-51.72736;-20.78757;-51.72736;Santa Luzia;;
2557;Nordeste Gás e Água;;endereco;Avenida Rosário Congro, 2279, Jardim Primaveril, Três Lagoas - MS, 79611-300, Brasil;Avenida Rosario Congro 2279 Tres Lagoas MS 79603110 Brazil;Três Lagoas;MS;79603110;-20.79936;-51.6945;-20.79936;-51.6945;Jardim Primaveril;;
2558;GAS E CIA CANARANA MT;;endereco;Avenida Paraná, 161, Canarana - MT, 78640-000, Brasil;Avenida Parana 161 Canarana MT 78640000 Brazil;Canarana;MT;78640000;-13.55503;-52.26913;-13.55503;-52.26913;;MEDIO;CEP generico de cidade, nao de rua (2,4x mais falha)
2559;A.s gás e água;;endereco;Rua Deputado Ytrio Correa da Costa, 597, Santa Isabel, Cuiabá - MT, 78035-185, Brasil;Rua Deputado Ytrio Correa da Costa 597 Cuiaba MT 78035050 Brazil;Cuiabá;MT;78035050;-15.60175;-56.13284;-15.60175;-56.13284;Santa Isabel;;
2560;Baby Gás e Água;;endereco;Rua Prefeito Álvaro Pinto de Oliveira, 258, Ribeirão da Ponte, Cuiabá - MT, 78040-478, Brasil;Rua Prefeito Alvaro Pinto de Oliveira 258 Cuiaba MT 78040478 Brazil;Cuiabá;MT;78040478;-15.58378;-56.11551;-15.58378;-56.11551;Ribeirão da Ponte;;
2561;Big Gás e Água Distribuidora - Parque Cuiabá;;endereco;Ad Cuiabá - Parque Cuiabá, Avenida 5, 272, Brasil;Parque Cuiaba Avenida 5 272 MT 78095336 Brazil;272;MT;78095336;-15.65942;-56.04449;-15.65942;-56.04449;;;
2562;Cantinho Gás e Água;;endereco;Rua Domicínio Pereira Barcelo, 286, Canjica, Cuiabá - MT, 78050-298, Brasil;Rua Domicinio Pereira Barcelo 286 Cuiaba MT 78050340 Brazil;Cuiabá;MT;78050340;-15.58501;-56.07282;-15.58501;-56.07282;Canjica;;
2563;Central Gás;;endereco;Rua São Benedito, 729, Lixeira, Cuiabá - MT, 78008-045, Brasil;Rua Sao Benedito 729 Cuiaba MT 78065123 Brazil;Cuiabá;MT;78065123;-15.59816;-56.08786;-15.59816;-56.08786;Lixeira;;
2564;Centro América Gás e Água;;endereco;Rua Trinta Um, 41, Morada da Serra, Cuiabá - MT, 78055-776, Brasil;Rua Trinta Um 41 Cuiaba MT 78053815 Brazil;Cuiabá;MT;78053815;-15.5645;-56.05549;-15.5645;-56.05549;Morada da Serra;;
2565;Chamagás - Verdão - Loja 51;;endereco;Rua dos Andradas, 515, Cidade Alta, Cuiabá - MT, 78030-255, Brasil;Rua dos Andradas 515 Cuiaba MT 78030300 Brazil;Cuiabá;MT;78030300;-15.60402;-56.1181;-15.60402;-56.1181;Cidade Alta;;
2566;CUIABA GÁS;;endereco;Rua R, 11, Morada da Serra, Cuiabá - MT, 78090-238, Brasil;Rua R 11 Cuiaba MT 78052552 Brazil;Cuiabá;MT;78052552;-15.56255;-56.02938;-15.56255;-56.02938;Morada da Serra;;
2567;Distribudora Guanabara Gás e Água;;endereco;Rua Leblon, 262, Areão, Cuiabá - MT, 78010-660, Brasil;Rua Leblon 262 Cuiaba MT 78010660 Brazil;Cuiabá;MT;78010660;-15.60491;-56.08088;-15.60491;-56.08088;Areão;;
2568;FORTE GÁS E ÁGUA CPA;;endereco;Rua Dez, 8, Morada da Serra, Cuiabá - MT, 78053-565, Brasil;Rua Dez 8 Cuiaba MT 78058342 Brazil;Cuiabá;MT;78058342;-15.5663;-56.03636;-15.5663;-56.03636;Morada da Serra;;
2569;Gás Fácil;;endereco;Rua Brasília, 157, Jardim Paulista, Cuiabá - MT, 78065-370, Brasil;Rua Brasilia 157 Cuiaba MT 78065370 Brazil;Cuiabá;MT;78065370;-15.61894;-56.08365;-15.61894;-56.08365;Jardim Paulista;;
2570;i-gás;;endereco;Travessa Frei Ambrósio, 208, Poção, Cuiabá - MT, 78015-645, Brasil;Travessa Frei Ambrosio 208 Cuiaba MT 78010000 Brazil;Cuiabá;MT;78010000;-15.60302;-56.09363;-15.60302;-56.09363;Poção;MEDIO;CEP generico de cidade, nao de rua (2,4x mais falha)
2571;Individualize - Gestão de Consumo de Água e Gás;;endereco;Clínica Veterinária do Povo, Avenida República do Líbano, Despraiado, Cuiabá - MT, 78048-212, Brasil;Avenida Republica do Libano Cuiaba MT 78048196 Brazil;Cuiabá;MT;78048196;-15.56685;-56.08572;-15.56685;-56.08572;Despraiado;ALTO;sem numero de porta
2572;Intergas - Água Mineral, Gás de Cozinha;;endereco;Rua Batista das Neves, 102, Centro Norte, Cuiabá - MT, 78005-190, Brasil;Rua Batista das Neves 102 Cuiaba MT 78005190 Brazil;Cuiabá;MT;78005190;-15.59396;-56.09741;-15.59396;-56.09741;Centro Norte;;
2573;Intergás - Gás de Cozinha, Água Mineral - Cuiabá gás;;endereco;Avenida Des. Antônio Quirino de Araújo, 248, Areão, Cuiabá - MT, 78010-295, Brasil;Avenida Des Antonio Quirino de Araujo 248 Cuiaba MT 78015000 Brazil;Cuiabá;MT;78015000;-15.60223;-56.08219;-15.60223;-56.08219;Areão;MEDIO;CEP generico de cidade, nao de rua (2,4x mais falha)
2574;LEBLON GAS E AGUA;;endereco;Rua Boa Vista, 323, Pedregal, Cuiabá - MT, Brasil;Rua Boa Vista 323 Cuiaba MT 78060038 Brazil;Cuiabá;MT;78060038;-15.59801;-56.0751;-15.59801;-56.0751;Pedregal;;
2575;Leve água e gás 2;;endereco;Avenida Ipiranga, 404, Goiabeira, Cuiabá - MT, 78032-035, Brasil;Avenida Ipiranga 404 Cuiaba MT 78032035 Brazil;Cuiabá;MT;78032035;-15.59777;-56.10684;-15.59777;-56.10684;Goiabeira;;
2576;Lig Fácil Gás - Parque Cuiabá;;endereco;Rua A 5, 9, Qd67-Lt9, Parque Cuiabá, Cuiabá - MT, 78088-540, Brasil;Rua A 5 Cuiaba MT 78095336 Brazil;Cuiabá;MT;78095336;-15.65839;-56.04503;-15.65839;-56.04503;9 Qd67-Lt9 Parque Cuiabá;;
2577;Ls Pontual Gás & Água;;endereco;Travessa Vinte, 28, Jardim Passaredo, Cuiabá - MT, Brasil;Travessa Vinte 28 Cuiaba MT 78088680 Brazil;Cuiabá;MT;78088680;-15.63935;-56.00991;-15.63935;-56.00991;Jardim Passaredo;;
2578;Martins Distribuidora de Água e Gás;;endereco;Avenida Senador Metelo, 324, Goiabeira, Cuiabá - MT, 78025-115, Brasil;Avenida Senador Metelo 324 Cuiaba MT 78032175 Brazil;Cuiabá;MT;78032175;-15.60416;-56.11038;-15.60416;-56.11038;Goiabeira;;
2579;Mato Grosso Gás;;endereco;Rua Sarapião Rosa, 550, Coxipó, Cuiabá - MT, 78085-710, Brasil;Rua Sarapiao Rosa 550 Cuiaba MT 78085100 Brazil;Cuiabá;MT;78085100;-15.6314;-56.05476;-15.6314;-56.05476;Coxipó;;
2580;Maxi Gás Distribuidora de G L P Com;;endereco;Avenida Presidente Afonso Penna, 1105, Quilombo, Cuiabá - MT, 78043-505, Brasil;Avenida Presidente Afonso Penna 1105 Cuiaba MT 78043505 Brazil;Cuiabá;MT;78043505;-15.57969;-56.09795;-15.57969;-56.09795;Quilombo;;
2581;Mineiro Gás e Água;;endereco;Rua Comendador Henrique, 1170, Dom Aquino, Cuiabá - MT, 78015-050, Brasil;Rua Comendador Henrique 1170 Cuiaba MT 78015050 Brazil;Cuiabá;MT;78015050;-15.61066;-56.09101;-15.61066;-56.09101;Dom Aquino;;
2582;MTGÁS;;endereco;Secretária de Estado de Educação, Esporte e Lazer de Mato Grosso, Rua Engenheiro Edgar Prado Arze, Centro Político Administrativo, Cuiabá - MT, Brasil;Rua Engenheiro Edgar Prado Arze Cuiaba MT 78049910 Brazil;Cuiabá;MT;78049910;-15.57313;-56.07539;-15.57313;-56.07539;Centro Político Administrativo;ALTO;sem numero de porta
2583;Nascimento agua e gas;;endereco;Rua Major Gama, 30, Dom Aquino, Cuiabá - MT, 78020-170, Brasil;Rua Major Gama 30 Cuiaba MT 78020170 Brazil;Cuiabá;MT;78020170;-15.60921;-56.09757;-15.60921;-56.09757;Dom Aquino;;
2584;Papaléguas Gás e Água;;endereco;Avenida Presidente Marques, 92, Quilombo, Cuiabá - MT, 78045-008, Brasil;Avenida Presidente Marques 92 Cuiaba MT 78045070 Brazil;Cuiabá;MT;78045070;-15.58275;-56.09308;-15.58275;-56.09308;Quilombo;;
2585;Pontual Gás;;endereco;Rua Parnaíba, 447, Praeiro, Cuiabá - MT, 78070-474, Brasil;Rua Parnaiba 447 Cuiaba MT 78070474 Brazil;Cuiabá;MT;78070474;-15.63032;-56.07552;-15.63032;-56.07552;Praeiro;;
2586;Queiroz Gás e Agua;;endereco;Avenida Brasil, 300, Goiabeira, Cuiabá - MT, 78043-026, Brasil;Avenida Brasil 300 Cuiaba MT 78030304 Brazil;Cuiabá;MT;78030304;-15.59779;-56.10998;-15.59779;-56.10998;Goiabeira;;
2587;RAPIDINHO ÁGUA E GÁS;;endereco;Avenida Ipiranga, 635, Goiabeira, Cuiabá - MT, 78032-150, Brasil;Avenida Ipiranga 635 Cuiaba MT 78032105 Brazil;Cuiabá;MT;78032105;-15.59929;-56.10799;-15.59929;-56.10799;Goiabeira;;
2588;Rede Top Gás;;endereco;Rua General Rabello, 500, Duque de Caxias, Cuiabá - MT, 78043-259, Brasil;Rua General Rabello 500 Cuiaba MT 78015608 Brazil;Cuiabá;MT;78015608;-15.58824;-56.11187;-15.58824;-56.11187;Duque de Caxias;;
2589;Rede Top Gás - Filial 24 (Cuiabá-MT) Revenda de Gás de Cozinha;;endereco;Rua Leonel Hugueney, 6, Novo Terceiro, Cuiabá - MT, 78028-190, Brasil;Rua Leonel Hugueney 6 Cuiaba MT 78028190 Brazil;Cuiabá;MT;78028190;-15.61676;-56.13322;-15.61676;-56.13322;Novo Terceiro;;
2590;SANTA ÁGUA DISTRIBUIDORA - GÁS E AGUA;;endereco;Avenida Ipiranga, 1269, Porto, Cuiabá - MT, 78025-350, Brasil;Avenida Ipiranga 1269 Cuiaba MT 78031030 Brazil;Cuiabá;MT;78031030;-15.60385;-56.1115;-15.60385;-56.1115;Porto;;
2591;Tinino gás e água;;endereco;Avenida Coronel Escolástico, 58, Lixeira, Cuiabá - MT, 78010-200, Brasil;Avenida Coronel Escolastico 58 Cuiaba MT 78042220 Brazil;Cuiabá;MT;78042220;-15.59527;-56.09249;-15.59527;-56.09249;Lixeira;;
2592;Ultragaz Gás;;endereco;Avenida Rio Teles Pires, 323, Grande Terceiro, Cuiabá - MT, 78065-475, Brasil;Avenida Rio Teles Pires 323 Cuiaba MT 78065470 Brazil;Cuiabá;MT;78065470;-15.62438;-56.07919;-15.62438;-56.07919;Grande Terceiro;;
2593;WD Distribuidora Gás e Água;;endereco;Rua Manoel Leopoldino, 346, Araés, Cuiabá - MT, 78005-550, Brasil;Rua Manoel Leopoldino 346 Cuiaba MT 78005550 Brazil;Cuiabá;MT;78005550;-15.58635;-56.09502;-15.58635;-56.09502;Araés;;
2594;MR distribuidora de GÁS: gás;;endereco;Mr Distribuidora de Gás, Avenida do Estado, Jardim Celeste, Cáceres - MT, 78200-000, Brasil;Avenida do Estado Caceres MT 78210615 Brazil;Cáceres;MT;78210615;-16.08195;-57.67221;-16.08195;-57.67221;Jardim Celeste;ALTO;sem numero de porta
2595;Fullgás;;endereco;Rua Porto Velho, 1300, Industrial, Lucas do Rio Verde - MT, 78460-407, Brasil;Rua Porto Velho 1300 Lucas do Rio Verde MT 78455000 Brazil;Lucas do Rio Verde;MT;78455000;-13.04829;-55.91649;-13.04829;-55.91649;Industrial;MEDIO;CEP generico de cidade, nao de rua (2,4x mais falha)
2596;Gás Zapgaz - Bairro Bandeirantes;;endereco;Avenida das Hortências, 871, Bandeirantes, Lucas do Rio Verde - MT, 78455-000, Brasil;Avenida das Hortencias 871 Lucas do Rio Verde MT 78460553 Brazil;Lucas do Rio Verde;MT;78460553;-13.06185;-55.9316;-13.06185;-55.9316;Bandeirantes;;
2597;Gás Zapgaz - Jardim Imperial;;endereco;Rua das Sibipirunas, 808, Nova Mutum - MT, 78450-000, Brasil;Rua das Sibipirunas 808 Nova Mutum MT 78450000 Brazil;Nova Mutum;MT;78450000;-13.83369;-56.09083;-13.83369;-56.09083;;MEDIO;CEP generico de cidade, nao de rua (2,4x mais falha)
2598;Chamou Gas Atacado;;endereco;Rua Rosa Bororo, 1596, Loteamento Alves, Rondonópolis - MT, 78705-306, Brasil;Rua Rosa Bororo 1596 Rondonopolis MT 78705306 Brazil;Rondonópolis;MT;78705306;-16.47019;-54.64273;-16.47019;-54.64273;Loteamento Alves;;
2599;Comercio Zyzz Gás e Água Copagaz 24 Horas;;endereco;Avenida Barão do Rio Branco, 2689, Jardim Guanabara, Rondonópolis - MT, 78710-265, Brasil;Avenida Barao do Rio Branco 2689 Rondonopolis MT 78710185 Brazil;Rondonópolis;MT;78710185;-16.45505;-54.64283;-16.45505;-54.64283;Jardim Guanabara;;
2600;Dourado Gás;;endereco;Rua Arnaldo Estêvão de Figueiredo, 2095, La Salle AG-32, Rondonópolis - MT, 78710-070, Brasil;Rua Arnaldo Estevao de Figueiredo 2095 Rondonopolis MT 78710215 Brazil;Rondonópolis;MT;78710215;-16.46127;-54.64122;-16.46127;-54.64122;La Salle AG-32;;
2601;Estrelão Gás;;endereco;Avenida Ary Coelho, 1692, Jardim Esmeralda, Rondonópolis - MT, 78705-849, Brasil;Avenida Ary Coelho 1692 Rondonopolis MT 78705846 Brazil;Rondonópolis;MT;78705846;-16.45355;-54.65042;-16.45355;-54.65042;Jardim Esmeralda;;
2602;Gás 24 horas Rondonópolis;;endereco;Rua Maracajú, 1809, Vila Operária, Rondonópolis - MT, 78714-234, Brasil;Rua Maracaju 1809 Rondonopolis MT 78714234 Brazil;Rondonópolis;MT;78714234;-16.43864;-54.63491;-16.43864;-54.63491;Vila Operária;;
2603;Gás de Ouro - Revenda de Gás Cozinha e Água Mineral;;endereco;Rua João Pessoa, 82, Vila Marinapolis, Rondonópolis - MT, 78710-862, Brasil;Rua Joao Pessoa 82 Rondonopolis MT 78710020 Brazil;Rondonópolis;MT;78710020;-16.46502;-54.64012;-16.46502;-54.64012;Vila Marinapolis;;
2604;Lar gás e água Rondonópolis;;endereco;Rua Campo Limpo, 805, Vila Operária, Rondonópolis - MT, 78720-809, Brasil;Rua Campo Limpo 805 Rondonopolis MT 78720600 Brazil;Rondonópolis;MT;78720600;-16.43588;-54.62528;-16.43588;-54.62528;Vila Operária;;
2605;Leste Gás;;endereco;Rua General de Marcos, 378, Vila Olga Maria, Rondonópolis - MT, 78725-030, Brasil;Rua General de Marcos 378 Rondonopolis MT 78725030 Brazil;Rondonópolis;MT;78725030;-16.44487;-54.61979;-16.44487;-54.61979;Vila Olga Maria;;
2606;LIGA GÁS COPAGAZ;;endereco;Avenida Ana Maria Esperança, 790, Jardim Tropical, Rondonópolis - MT, 78715-160, Brasil;Avenida Ana Maria Esperanca 790 Rondonopolis MT 78715100 Brazil;Rondonópolis;MT;78715100;-16.44019;-54.63982;-16.44019;-54.63982;Jardim Tropical;;
2607;Log Gás | Gás de Cozinha em Rondonópolis;;endereco;Rua José Barriga, 3022, Vila Operária, Rondonópolis - MT, 78715-300, Brasil;Rua Jose Barriga 3022 Rondonopolis MT 78714296 Brazil;Rondonópolis;MT;78714296;-16.44097;-54.63238;-16.44097;-54.63238;Vila Operária;;
2608;Mato Grosso Gas e agua;;endereco;Rua Emanoel Araújo Carvalho, 420, Loteamento N. Sra. do Amparo, Rondonópolis - MT, 78730-710, Brasil;Rua Emanoel Araujo Carvalho 420 Rondonopolis MT 78730710 Brazil;Rondonópolis;MT;78730710;-16.46337;-54.6114;-16.46337;-54.6114;Loteamento N. Sra. do Amparo;;
2609;Mato Grosso Gás E Água;;endereco;Avenida Arapongas, 1135, Vila Olinda, Rondonópolis - MT, 78750-732, Brasil;Avenida Arapongas 1135 Rondonopolis MT 78746511 Brazil;Rondonópolis;MT;78746511;-16.4618;-54.6746;-16.4618;-54.6746;Vila Olinda;;
2610;Prime Gás e Água;;endereco;Rua Sebastiana Maria de Jesus, 514, Jardim Pindorama Segunda Parte, Rondonópolis - MT, 78710-520, Brasil;Rua Sebastiana Maria de Jesus 514 Rondonopolis MT 78710520 Brazil;Rondonópolis;MT;78710520;-16.45052;-54.63902;-16.45052;-54.63902;Jardim Pindorama Segunda Parte;;
2611;Souza Gás - Revenda Copagaz;;endereco;Rua Mangabeiras, 2201, Jardim Rondônia, Rondonópolis - MT, 78730-447, Brasil;Rua Mangabeiras 2201 Rondonopolis MT 78730502 Brazil;Rondonópolis;MT;78730502;-16.46877;-54.60301;-16.46877;-54.60301;Jardim Rondônia;;
2612;SUGÁS - Revenda de Gás de Cozinha;;endereco;Avenida Barão do Rio Branco, 4092, Loteamento Monte Líbano, Rondonópolis - MT, 78710-265, Brasil;Avenida Barao do Rio Branco 4092 Rondonopolis MT 78710265 Brazil;Rondonópolis;MT;78710265;-16.44574;-54.65179;-16.44574;-54.65179;Loteamento Monte Líbano;;
2613;Supergasbras;;endereco;Avenida Marechal Dutra, 1360, Centro - A, Rondonópolis - MT, 78700-110, Brasil;Avenida Marechal Dutra 1360 Rondonopolis MT 78700170 Brazil;Rondonópolis;MT;78700170;-16.46845;-54.63065;-16.46845;-54.63065;Centro - A;;
2614;Tropical Gás e Água;;endereco;Avenida Tiradentes, 1489, Centro - A, Rondonópolis - MT, 78700-028, Brasil;Avenida Tiradentes 1489 Rondonopolis MT 78700028 Brazil;Rondonópolis;MT;78700028;-16.46985;-54.63737;-16.46985;-54.63737;Centro - A;;
2615;Vargás | Gás de Cozinha em Rondonópolis;;endereco;Rua Quinze de Novembro, 1400, Centro - A, Rondonópolis - MT, 78700-030, Brasil;Rua Quinze de Novembro 1400 Rondonopolis MT 78705042 Brazil;Rondonópolis;MT;78705042;-16.46971;-54.64152;-16.46971;-54.64152;Centro - A;;
2616;Avenida Gás;;endereco;Avenida André Maggi, 3128, Jardim Imperial, Sinop - MT, 78554-400, Brasil;Avenida Andre Maggi 3128 Sinop MT 78555066 Brazil;Sinop;MT;78555066;-11.84285;-55.52068;-11.84285;-55.52068;Jardim Imperial;;
2617;BARATÃO GÁS;;endereco;Avenida dos Jequitibás, 1820, Jardim das Violetas, Sinop - MT, 78552-096, Brasil;Avenida dos Jequitibas 1820 Sinop MT 78552145 Brazil;Sinop;MT;78552145;-11.83893;-55.50716;-11.83893;-55.50716;Jardim das Violetas;;
2618;Buritis Gás e Conveniência;;endereco;Avenida São Francisco, 359, Residencial São Francisco, Sinop - MT, Brasil;Avenida Sao Francisco 359 Sinop MT 78559380 Brazil;Sinop;MT;78559380;-11.89034;-55.47799;-11.89034;-55.47799;Residencial São Francisco;;
2619;Centrogás;;endereco;Avenida dos Tarumãs, 1056, Setor Residencial Sul, Sinop - MT, 78550-043, Brasil;Avenida dos Tarumas 1056 Sinop MT 78550043 Brazil;Sinop;MT;78550043;-11.86375;-55.50635;-11.86375;-55.50635;Setor Residencial Sul;;
2620;CONVENIÊNCIA FLASH GÁS;;endereco;Rua das Cerejeiras, 2920, Jardim Maringá, Sinop - MT, 78556-242, Brasil;Rua das Cerejeiras 2920 Sinop MT 78556226 Brazil;Sinop;MT;78556226;-11.86141;-55.52491;-11.86141;-55.52491;Jardim Maringá;;
2621;Delta Gás - Entrega de Gás e Água em Sinop-MT;;endereco;Rua Otávio Pereira Lima, 1042, Jardim Europa, Sinop - MT, 78555-160, Brasil;Rua Otavio Pereira Lima 1042 Sinop MT 78555160 Brazil;Sinop;MT;78555160;-11.84299;-55.52272;-11.84299;-55.52272;Jardim Europa;;
2622;Depósito de gás Maggi Gás;;endereco;Avenida Projetada, 718, Jardim Veneza, Sinop - MT, Brasil;Avenida Projetada 718 Sinop MT 78555084 Brazil;Sinop;MT;78555084;-11.81084;-55.51023;-11.81084;-55.51023;Jardim Veneza;;
2623;Eclipse Gás;;endereco;Rua dos Marfins, 883, Jardim Imperial, Sinop - MT, 78555-026, Brasil;Rua dos Marfins 883 Sinop MT 78555026 Brazil;Sinop;MT;78555026;-11.84402;-55.51304;-11.84402;-55.51304;Jardim Imperial;;
2624;ESTRELÃO GAS - VENEZA GAS;;endereco;Rua Zulmira Paiva, 723, Jardim Itália II, Sinop - MT, Brasil;Rua Zulmira Paiva 723 Sinop MT 78554176 Brazil;Sinop;MT;78554176;-11.85375;-55.53277;-11.85375;-55.53277;Jardim Itália II;;
2625;Estrelão Gás Primaveras - Gás de Cozinha e Água Mineral com Entrega Rápida em Sinop - MT;;endereco;Rua dos Agapantos, 343, Jardim Primavera, Sinop - MT, 78550-422, Brasil;Rua dos Agapantos 343 Sinop MT 78550412 Brazil;Sinop;MT;78550412;-11.83805;-55.49624;-11.83805;-55.49624;Jardim Primavera;;
2626;Floresta Gás;;endereco;Avenida dos Tarumãs, 887, Jardim Maringá, Sinop - MT, 78550-090, Brasil;Avenida dos Tarumas 887 Sinop MT 78556224 Brazil;Sinop;MT;78556224;-11.86008;-55.52295;-11.86008;-55.52295;Jardim Maringá;;
2627;Floresta Gás - Revenda Copagaz;;endereco;Avenida dos Jequitibás, 2406, Jardim das Violetas, Sinop - MT, 78552-117, Brasil;Avenida dos Jequitibas 2406 Sinop MT 78552253 Brazil;Sinop;MT;78552253;-11.83762;-55.51237;-11.83762;-55.51237;Jardim das Violetas;;
2628;Francis Gás Sinop;;endereco;Avenida dos Jequitibás, 2344, Jardim das Violetas, Sinop - MT, 78552-117, Brasil;Avenida dos Jequitibas 2344 Sinop MT 78552253 Brazil;Sinop;MT;78552253;-11.83778;-55.51173;-11.83778;-55.51173;Jardim das Violetas;;
2629;Gas e Agua Mato Grosso;;endereco;Avenida das Itaúbas, 4204, Setor Comercial, Sinop - MT, 78550-086, Brasil;Avenida das Itaubas 4204 Sinop MT 78550174 Brazil;Sinop;MT;78550174;-11.84794;-55.50828;-11.84794;-55.50828;Setor Comercial;;
2630;GÁS POPULAR DE SINOP MT;;endereco;Rua das Dracenas, 1472, Jardim das Violetas, Sinop - MT, 78552-202, Brasil;Rua das Dracenas 1472 Sinop MT 78552202 Brazil;Sinop;MT;78552202;-11.83281;-55.50609;-11.83281;-55.50609;Jardim das Violetas;;
2631;Império Gás - Estrelão Gás Sinop;;endereco;Rua Coiacus, 88, Jardim das Oliveiras, Sinop - MT, 78550-405, Brasil;Rua Coiacus 88 Sinop MT 78550492 Brazil;Sinop;MT;78550492;-11.82576;-55.4964;-11.82576;-55.4964;Jardim das Oliveiras;;
2632;IORI GÁS;;endereco;Rua Morumbi, 387, Jardim Paulista I, Sinop - MT, 78556-860, Brasil;Rua Morumbi 387 Sinop MT 78556860 Brazil;Sinop;MT;78556860;-11.88762;-55.51795;-11.88762;-55.51795;Jardim Paulista I;;
2633;João gás;;endereco;Rua Padre Antônio Haidler, 611, Jardim Boa Esperança, Sinop - MT, 78553-857, Brasil;Rua Padre Antonio Haidler 611 Sinop MT 78553863 Brazil;Sinop;MT;78553863;-11.83465;-55.5229;-11.83465;-55.5229;Jardim Boa Esperança;;
2634;Molina Gas Sinop;;endereco;Avenida Principal, 394, Loteamento Menino Jesus II, Sinop - MT, 78559-337, Brasil;Avenida Principal 394 Sinop MT 78559331 Brazil;Sinop;MT;78559331;-11.89642;-55.50083;-11.89642;-55.50083;Loteamento Menino Jesus II;;
2635;Monteiro Gás;;endereco;Monteiro Gás, Avenida das Palmeiras, 2363, Jardim Imperial, Sinop - MT, 78555-018, Brasil;Avenida das Palmeiras 2363 Sinop MT 78555018 Brazil;Sinop;MT;78555018;-11.84505;-55.51406;-11.84505;-55.51406;Jardim Imperial;;
2636;Orquídeas Gás;;endereco;Rua das Orquídeas, 2798, Jardim Primavera, Sinop - MT, 78550-404, Brasil;Rua das Orquideas 2798 Sinop MT 78550000 Brazil;Sinop;MT;78550000;-11.84654;-55.50071;-11.84654;-55.50071;Jardim Primavera;MEDIO;CEP generico de cidade, nao de rua (2,4x mais falha)
2637;PANTERA GÁS SINOP;;endereco;Rua das Primaveras, 5319, Jardim Primavera, Sinop - MT, 78557-670, Brasil;Rua das Primaveras 5319 Sinop MT 78550412 Brazil;Sinop;MT;78550412;-11.84054;-55.49647;-11.84054;-55.49647;Jardim Primavera;;
2638;PONTO GÁS;;endereco;Avenida dos Pinheiros, 2546, Jardim das Oliveiras, Sinop - MT, 78552-310, Brasil;Avenida dos Pinheiros 2546 Sinop MT 78552310 Brazil;Sinop;MT;78552310;-11.82838;-55.51092;-11.82838;-55.51092;Jardim das Oliveiras;;
2639;SASC - SAMUCA GÁS;;endereco;Avenida Vitória Régia, 7158, Jardim das Azaléias, Sinop - MT, Brasil;Avenida Vitoria Regia 7158 Sinop MT 78552664 Brazil;Sinop;MT;78552664;-11.822;-55.50858;-11.822;-55.50858;Jardim das Azaléias;;
2640;Sasc Gás - São Francisco;;endereco;Avenida São Francisco, 468, Residencial São Francisco, Sinop - MT, 78559-141, Brasil;Avenida Sao Francisco 468 Sinop MT 78559141 Brazil;Sinop;MT;78559141;-11.89075;-55.4775;-11.89075;-55.4775;Residencial São Francisco;;
2641;Sasc Gás Distribuidora de Gás GLP e Água Mineral;;endereco;Estrada Alzira, 79, Residencial Maripá, Sinop - MT, Brasil;Estrada Alzira 79 Sinop MT 78557840 Brazil;Sinop;MT;78557840;-11.89006;-55.51276;-11.89006;-55.51276;Residencial Maripá;ALTO;endereco de rodovia (57-67% falharam)
2642;SASC GÁS PRIMAVERA;;endereco;Rua das Primaveras, 4608, Jardim Primavera, Sinop - MT, 78550-398, Brasil;Rua das Primaveras 4608 Sinop MT 78550234 Brazil;Sinop;MT;78550234;-11.84683;-55.49785;-11.84683;-55.49785;Jardim Primavera;;
2643;Top chama - gás Sinop;;endereco;Rua Veneza, 244, Jardim Itália II, Sinop - MT, 78555-365, Brasil;Rua Veneza 244 Sinop MT 78554160 Brazil;Sinop;MT;78554160;-11.85078;-55.53406;-11.85078;-55.53406;Jardim Itália II;;
2644;TOP CHAMA 🔥- Estrelão Gás Sinop Gás de cozinha;;endereco;Rua Maravilha, 171, Loteamento Daury Riva, Sinop - MT, 78554-176, Brasil;Rua Maravilha 171 Sinop MT 78554160 Brazil;Sinop;MT;78554160;-11.81485;-55.50727;-11.81485;-55.50727;Loteamento Daury Riva;;
2645;VELLOX GÁS;;endereco;Rua Rio Arinos, 519, Residencial Ipiranga, Sinop - MT, 78557-816, Brasil;Rua Rio Arinos 519 Sinop MT 78557816 Brazil;Sinop;MT;78557816;-11.88886;-55.50859;-11.88886;-55.50859;Residencial Ipiranga;;
2646;PIRAPÓ DISTRIBUIDORA - Água mineral, Gás Cozinha, Empilhadeira e Industrial;;endereco;Rua Rui Barbosa, Jardim das Acácias, Sorriso - MT, 78890-181, Brasil;Rua Rui Barbosa Sorriso MT 78890179 Brazil;Sorriso;MT;78890179;-12.5397;-55.72944;-12.5397;-55.72944;Jardim das Acácias;ALTO;sem numero de porta
2647;Mato Grosso Águas e Gás;;endereco;Rua R, 1902, Jardim Morada do Sol, Tangará da Serra - MT, 78300-000, Brasil;Rua R 1902 Tangara da Serra MT 78304275 Brazil;Tangará da Serra;MT;78304275;-14.61313;-57.51407;-14.61313;-57.51407;Jardim Morada do Sol;;
2648;MT Gás Tangará;;endereco;Estrada Municipal Cinco, 1591, Jardim Shangri-Lá, Tangará da Serra - MT, 78300-000, Brasil;Estrada Municipal Cinco 1591 Tangara da Serra MT 78300000 Brazil;Tangará da Serra;MT;78300000;-14.63603;-57.48422;-14.63603;-57.48422;Jardim Shangri-Lá;ALTO;"endereco de rodovia (57-67% falharam); CEP generico de cidade, nao de rua (2,4x mais falha)"
2649;Orlando Gás;;endereco;Avenida Esmael J. do Nascimento, 1148, Jardim Acácia, Tangará da Serra - MT, 78300-000, Brasil;Avenida Esmael J do Nascimento 1148 Tangara da Serra MT 78300000 Brazil;Tangará da Serra;MT;78300000;-14.62222;-57.49905;-14.62222;-57.49905;Jardim Acácia;MEDIO;CEP generico de cidade, nao de rua (2,4x mais falha)
2650;Alô Água e Gás;;endereco;Rua Henrique de Paula, 96, Centro Norte, Várzea Grande - MT, 78110-470, Brasil;Rua Henrique de Paula 96 Varzea Grande MT 78110470 Brazil;Várzea Grande;MT;78110470;-15.64479;-56.1359;-15.64479;-56.1359;Centro Norte;;
2651;Amazon Gás e Água;;endereco;Rua da Independência, 676, Centro Sul, Várzea Grande - MT, 78110-149, Brasil;Rua da Independencia 676 Varzea Grande MT 78110149 Brazil;Várzea Grande;MT;78110149;-15.65015;-56.13461;-15.65015;-56.13461;Centro Sul;;
2652;DISTRIBUIDORA CHAMAGAS;;endereco;Avenida São Paulo, 706, Centro Sul, Várzea Grande - MT, 78135-730, Brasil;Avenida Sao Paulo 706 Varzea Grande MT 78135613 Brazil;Várzea Grande;MT;78135613;-15.65685;-56.13912;-15.65685;-56.13912;Centro Sul;;
2653;Fortaleza Gás;;endereco;Avenida Eduardo Gomes, 324, Centro Sul, Várzea Grande - MT, 78159-112, Brasil;Avenida Eduardo Gomes 324 Varzea Grande MT 78125650 Brazil;Várzea Grande;MT;78125650;-15.66023;-56.12776;-15.66023;-56.12776;Centro Sul;;
2654;Ideal gás Distribuidora;;endereco;Rua 14, 2, Paiaguás, Várzea Grande - MT, Brasil;Rua 14 2 Varzea Grande MT 78148630 Brazil;Várzea Grande;MT;78148630;-15.66879;-56.17196;-15.66879;-56.17196;Paiaguás;;
2655;Kl gas;;endereco;Avenida São Paulo, 440, Centro Sul, Várzea Grande - MT, 78135-730, Brasil;Avenida Sao Paulo 440 Varzea Grande MT 78135613 Brazil;Várzea Grande;MT;78135613;-15.65832;-56.13831;-15.65832;-56.13831;Centro Sul;;
2656;Loja Fogás Autosserviço - Auto Posto Varzea Grande;;endereco;Rua Maracaju, Centro Norte, Várzea Grande - MT, 78110-460, Brasil;Rua Maracaju Varzea Grande MT 78110600 Brazil;Várzea Grande;MT;78110600;-15.64361;-56.13587;-15.64361;-56.13587;Centro Norte;ALTO;sem numero de porta
2657;Maisquegas;;endereco;Avenida Chile, 122, Mapim, Várzea Grande - MT, 78158-495, Brasil;Avenida Chile 122 Varzea Grande MT 78158720 Brazil;Várzea Grande;MT;78158720;-15.62555;-56.16993;-15.62555;-56.16993;Mapim;;
2658;Mato Grosso Distribuidora de Água, Gás e Bebidas - Várzea Grande;;endereco;Avenida Alzira Santana, 2605, Ikaray, Várzea Grande - MT, 78130-815, Brasil;Avenida Alzira Santana 2605 Varzea Grande MT 78130410 Brazil;Várzea Grande;MT;78130410;-15.67022;-56.13198;-15.67022;-56.13198;Ikaray;;
2659;MERCADINHO DISK TUDO GAS E AGUA;;endereco;Avenida Filinto Müller, 326, Centro Norte, Várzea Grande - MT, 78110-300, Brasil;Avenida Filinto Muller 326 Varzea Grande MT 78110300 Brazil;Várzea Grande;MT;78110300;-15.6516;-56.12372;-15.6516;-56.12372;Centro Norte;;
2660;Mercado Disk Gás e Água Big Big;;endereco;Rua Padre Remeter, 135, Marajoara, Várzea Grande - MT, 78110-416, Brasil;Rua Padre Remeter 135 Varzea Grande MT 78138060 Brazil;Várzea Grande;MT;78138060;-15.65058;-56.14427;-15.65058;-56.14427;Marajoara;;
2661;R Gas e Agua Distribuidora;;endereco;Rua Dner, Mapim, Várzea Grande - MT, 78155-300, Brasil;Rua Dner Varzea Grande MT 78155300 Brazil;Várzea Grande;MT;78155300;-15.64048;-56.16369;-15.64048;-56.16369;Mapim;ALTO;sem numero de porta
2662;RAPIDINHO GÁS E ÁGUA;;endereco;Rua Chile, 1297, Mapim, Várzea Grande - MT, 78150-538, Brasil;Rua Chile 1297 Varzea Grande MT 78142878 Brazil;Várzea Grande;MT;78142878;-15.6265;-56.16876;-15.6265;-56.16876;Mapim;;
2663;Rede Top Gás - Filial 19 (Várzea Grande-MT);;endereco;Rua Cavalcante, 339, Marajoara, Várzea Grande - MT, 78138-110, Brasil;Rua Cavalcante 339 Varzea Grande MT 78138110 Brazil;Várzea Grande;MT;78138110;-15.64958;-56.14884;-15.64958;-56.14884;Marajoara;;
2664;Rodogás Distribuidora Gás e Água Ltda;;endereco;Rua Ulisses Pompeu de Campos, Centro Norte, Várzea Grande - MT, 78110-601, Brasil;Rua Ulisses Pompeu de Campos Varzea Grande MT 78140410 Brazil;Várzea Grande;MT;78140410;-15.64084;-56.13151;-15.64084;-56.13151;Centro Norte;ALTO;sem numero de porta
2665;Stalo Gas e Água - Centro - Várzea Grande;;endereco;Rua da Independência, 676, Centro Sul, Várzea Grande - MT, 78110-149, Brasil;Rua da Independencia 676 Varzea Grande MT 78110245 Brazil;Várzea Grande;MT;78110245;-15.65015;-56.13461;-15.65015;-56.13461;Centro Sul;;
2666;Top Gás;;endereco;Avenida Frei Coimbra, 610, Canelas, Várzea Grande - MT, 78135-304, Brasil;Avenida Frei Coimbra 610 Varzea Grande MT 78130170 Brazil;Várzea Grande;MT;78130170;-15.66487;-56.13891;-15.66487;-56.13891;Canelas;;
2667;Top Gás Matriz;;endereco;Avenida Filinto Müller, Paiaguás, Várzea Grande - MT, 78150-600, Brasil;Avenida Filinto Muller Varzea Grande MT 78135785 Brazil;Várzea Grande;MT;78135785;-15.66254;-56.16962;-15.66254;-56.16962;Paiaguás;ALTO;sem numero de porta
2668;Vianagas - Bairro Figueirinha, distribuidora de gás em várzea grande, gás barato em várzea grande;;endereco;Mercado Amigo, Rua Heráclito Monteiro, 421, Glória, Várzea Grande - MT, 78140-050, Brasil;Rua Heraclito Monteiro 421 Varzea Grande MT 78135730 Brazil;Várzea Grande;MT;78135730;-15.64522;-56.13968;-15.64522;-56.13968;Glória;;
2669;VIANAGÁS distribuidora de gás;;endereco;Rua João Norberto, 59, Centro Norte, Várzea Grande - MT, Brasil;Rua Joao Norberto 59 Varzea Grande MT 78110412 Brazil;Várzea Grande;MT;78110412;-15.65054;-56.14236;-15.65054;-56.14236;Centro Norte;;
2670;VIP GÁS E ÁGUA VÁRZEA GRANDE;;endereco;Travessa Humaitá, 1020, Centro Norte, Várzea Grande - MT, 78110-358, Brasil;Travessa Humaita 1020 Varzea Grande MT 78110365 Brazil;Várzea Grande;MT;78110365;-15.64854;-56.12974;-15.64854;-56.12974;Centro Norte;;
2671;Gás & Cia;;endereco;Avenida Araguaia, 1370, Água Boa - MT, 78635-000, Brasil;Avenida Araguaia 1370 Agua Boa MT 78635000 Brazil;Água Boa;MT;78635000;-14.04564;-52.15928;-14.04564;-52.15928;;MEDIO;CEP generico de cidade, nao de rua (2,4x mais falha)
2672;Amaral Gás - Abaetetuba;;endereco;Travessa José Gonçalves Chaves, 1661, Aviação, Abaetetuba - PA, 68440-000, Brasil;Travessa Jose Goncalves Chaves 1661 Abaetetuba PA 68440000 Brazil;Abaetetuba;PA;68440000;-1.72072;-48.87472;-1.72072;-48.87472;Aviação;MEDIO;CEP generico de cidade, nao de rua (2,4x mais falha)
2673;Amaral Gás Abaetetuba;;endereco;Travessa José Gonçalves Chaves, 1639, Aviação, Abaetetuba - PA, 68440-000, Brasil;Travessa Jose Goncalves Chaves 1639 Abaetetuba PA 68440000 Brazil;Abaetetuba;PA;68440000;-1.72054;-48.87496;-1.72054;-48.87496;Aviação;MEDIO;CEP generico de cidade, nao de rua (2,4x mais falha)
2674;Distribuidora MS Água & Gás;;endereco;Travessa Professor Armando Costa Baía, 1963, Cristo Redentor, Abaetetuba - PA, 68440-000, Brasil;Travessa Professor Armando Costa Baia 1963 Abaetetuba PA 68440000 Brazil;Abaetetuba;PA;68440000;-1.72525;-48.87148;-1.72525;-48.87148;Cristo Redentor;MEDIO;CEP generico de cidade, nao de rua (2,4x mais falha)
2675;Dohara Gás;;endereco;Rua Barão do Rio Branco, 1119, Centro, Abaetetuba - PA, 68440-000, Brasil;Rua Barao do Rio Branco 1119 Abaetetuba PA 68440000 Brazil;Abaetetuba;PA;68440000;-1.72731;-48.88969;-1.72731;-48.88969;Centro;MEDIO;CEP generico de cidade, nao de rua (2,4x mais falha)
2676;Dohara Gás Abatetuba;;endereco;Rua Ubiratan Dias, Santa Rosa, Abaetetuba - PA, 68440-000, Brasil;Rua Ubiratan Dias Abaetetuba PA 68440000 Brazil;Abaetetuba;PA;68440000;-1.72691;-48.87719;-1.72691;-48.87719;Santa Rosa;ALTO;"sem numero de porta; CEP generico de cidade, nao de rua (2,4x mais falha)"
2677;Gás Abaetetuba - Denis Gás - Ultragaz;;endereco;Rua Lauro Sodré, 1621, Centro, Abaetetuba - PA, 68440-000, Brasil;Rua Lauro Sodre 1621 Abaetetuba PA 68440000 Brazil;Abaetetuba;PA;68440000;-1.72331;-48.88618;-1.72331;-48.88618;Centro;MEDIO;CEP generico de cidade, nao de rua (2,4x mais falha)
2678;Lulugas;;endereco;Rodovia Dr. João Miranda, 1656, Santa Rosa, Abaetetuba - PA, 68440-000, Brasil;Rodovia Dr Joao Miranda 1656 Abaetetuba PA 68440000 Brazil;Abaetetuba;PA;68440000;-1.72756;-48.87624;-1.72756;-48.87624;Santa Rosa;ALTO;"endereco de rodovia (57-67% falharam); CEP generico de cidade, nao de rua (2,4x mais falha)"
2679;MACEDO GÁS;;endereco;Avenida Espírito Santo, 3541, Francilândia, Abaetetuba - PA, 68440-000, Brasil;Avenida Espirito Santo 3541 Abaetetuba PA 68440000 Brazil;Abaetetuba;PA;68440000;-1.70917;-48.8755;-1.70917;-48.8755;Francilândia;MEDIO;CEP generico de cidade, nao de rua (2,4x mais falha)
2680;Norte Gás Abaetetuba - PARAGÁS;;endereco;Rua Nomindo de Carvalho, 10, Algodoal, Abaetetuba - PA, 68440-000, Brasil;Rua Nomindo de Carvalho 10 Abaetetuba PA 68440000 Brazil;Abaetetuba;PA;68440000;-1.72804;-48.89291;-1.72804;-48.89291;Algodoal;MEDIO;CEP generico de cidade, nao de rua (2,4x mais falha)
2681;Regas Abaetetuba;;endereco;Travessa Santos Dumont, 1001, São Lourenço, Abaetetuba - PA, 68440-000, Brasil;Travessa Santos Dumont 1001 Abaetetuba PA 68440000 Brazil;Abaetetuba;PA;68440000;-1.72228;-48.88134;-1.72228;-48.88134;São Lourenço;MEDIO;CEP generico de cidade, nao de rua (2,4x mais falha)
2682;ATS Telegás - Ananindeua;;endereco;Rua A, 118, Ananindeua - PA, 67146-263, Brasil;Rua A 118 Ananindeua PA 67145260 Brazil;Ananindeua;PA;67145260;-1.3455;-48.38002;-1.3455;-48.38002;;;
2683;Bom Gás Curuçamba;;endereco;Avenida Rio Baraúna, 16, Ananindeua - PA, 67146-394, Brasil;Avenida Rio Barauna 16 Ananindeua PA 67145260 Brazil;Ananindeua;PA;67145260;-1.33144;-48.3735;-1.33144;-48.3735;;;
2684;Bénção Gás;;endereco;Estrada do Guajará, 1928, Ananindeua - PA, 67125-250, Brasil;Estrada do Guajara 1928 Ananindeua PA 67125000 Brazil;Ananindeua;PA;67125000;-1.33405;-48.39926;-1.33405;-48.39926;;ALTO;"endereco de rodovia (57-67% falharam); CEP generico de cidade, nao de rua (2,4x mais falha)"
2685;CABRAL ENTREGA DE GÁS;;endereco;Travessa Santarém, 65, Ananindeua - PA, 67145-760, Brasil;Travessa Santarem 65 Ananindeua PA 67145760 Brazil;Ananindeua;PA;67145760;-1.34815;-48.3897;-1.34815;-48.3897;;;
2686;CHAMAS GÁS AGUAS LINDAS;;endereco;Rua Osvaldo Cruz, 615, Ananindeua - PA, 67118-270, Brasil;Rua Osvaldo Cruz 615 Ananindeua PA 67118270 Brazil;Ananindeua;PA;67118270;-1.38996;-48.39811;-1.38996;-48.39811;;;
2687;CHAMAS GÁS ANANINDEUA;;endereco;Travessa Sn 16, 301, Ananindeua - PA, 67010-130, Brasil;Travessa 16 301 Ananindeua PA 67140530 Brazil;Ananindeua;PA;67140530;-1.35052;-48.40738;-1.35052;-48.40738;;;
2688;chamas gás guajará;;endereco;Passagem Belo Horizonte, 70, Ananindeua - PA, 67118-400, Brasil;Passagem Belo Horizonte 70 Ananindeua PA 67140530 Brazil;Ananindeua;PA;67140530;-1.37739;-48.40308;-1.37739;-48.40308;;;
2689;Chame Gás e cia - Revenda Liquigás;;endereco;Rua Quatro, 1, Ananindeua - PA, 67105-004, Brasil;Rua Quatro 1 Ananindeua PA 67020410 Brazil;Ananindeua;PA;67020410;-1.38661;-48.38762;-1.38661;-48.38762;;;
2690;DANY GÁS DISTRITO;;endereco;Avenida Zacarias de Assunção, 460, Ananindeua - PA, 67030-180, Brasil;Avenida Zacarias de Assuncao 460 Ananindeua PA 67030180 Brazil;Ananindeua;PA;67030180;-1.36261;-48.37117;-1.36261;-48.37117;;;
2691;DELIVERY GÁS E ÁGUA;;endereco;Rua Sessenta e Um, 981, Ananindeua - PA, 67140-620, Brasil;Rua Sessenta e Um 981 Ananindeua PA 67140030 Brazil;Ananindeua;PA;67140030;-1.35599;-48.39556;-1.35599;-48.39556;;;
2692;Depósito de Gás - Bom Gás;;endereco;Rua We Quinze B, 651, Ananindeua - PA, 67030-770, Brasil;Rua We Quinze B 651 Ananindeua PA 67130430 Brazil;Ananindeua;PA;67130430;-1.3691;-48.41222;-1.3691;-48.41222;;;
2693;Depósito Águas Brancas - GÁS e Água Mineral;;endereco;Rua Dois de Junho, 111, Ananindeua - PA, 67010-050, Brasil;Rua Dois de Junho 111 Ananindeua PA 67033215 Brazil;Ananindeua;PA;67033215;-1.38644;-48.37411;-1.38644;-48.37411;;;
2694;Disk Água e Gás;;endereco;Rua Vinte e Dois de Abril, 12, Ananindeua - PA, 67125-520, Brasil;Rua Vinte e Dois de Abril 12 Ananindeua PA 67125520 Brazil;Ananindeua;PA;67125520;-1.33468;-48.40938;-1.33468;-48.40938;;;
2695;Ewerton Gás - Revenda de Gás Ananindeua;;endereco;Rua do Fio, 179, Ananindeua - PA, 67010-550, Brasil;Rua do Fio 179 Ananindeua PA 67010550 Brazil;Ananindeua;PA;67010550;-1.39581;-48.41841;-1.39581;-48.41841;;;
2696;Expresso Gás Ananindeua;;endereco;Rodovia Mário Covas, 6000, Ananindeua - PA, 66652-000, Brasil;Rodovia Mario Covas 6000 Ananindeua PA 67115000 Brazil;Ananindeua;PA;67115000;-1.35539;-48.42985;-1.35539;-48.42985;;ALTO;"endereco de rodovia (57-67% falharam); CEP generico de cidade, nao de rua (2,4x mais falha)"
2697;FAB GÁS - Depósito de Gás e Água Mineral;;endereco;Rua We Oitenta e Nove, 1162, Ananindeua - PA, 67140-300, Brasil;Rua We Oitenta e Nove 1162 Ananindeua PA 67140300 Brazil;Ananindeua;PA;67140300;-1.34307;-48.39398;-1.34307;-48.39398;;;
2698;Gas pai e filho;;endereco;Rua Sessenta, 1332, Ananindeua - PA, 67113-105, Brasil;Rua Sessenta 1332 Ananindeua PA 67140080 Brazil;Ananindeua;PA;67140080;-1.35602;-48.39203;-1.35602;-48.39203;;;
2699;Geovane Gás;;endereco;Rua Rural, 566, Ananindeua - PA, 67035-560, Brasil;Rua Rural 566 Ananindeua PA 67035560 Brazil;Ananindeua;PA;67035560;-1.34535;-48.36331;-1.34535;-48.36331;;;
2700;Gilvan gás;;endereco;Travessa São Paulo I, 2910, Ananindeua - PA, Brasil;Travessa Sao Paulo I 2910 Ananindeua PA 67035235 Brazil;Ananindeua;PA;67035235;-1.34467;-48.35914;-1.34467;-48.35914;;;
2701;Golden Gás;;endereco;Avenida Brasil, 18, Ananindeua - PA, 67035-300, Brasil;Avenida Brasil 18 Ananindeua PA 67035360 Brazil;Ananindeua;PA;67035360;-1.34204;-48.35754;-1.34204;-48.35754;;;
2702;Gás & cia.;;endereco;Estrada Curucamba Leste, 136, Ananindeua - PA, Brasil;Estrada Curucamba Leste 136 Ananindeua PA 67145260 Brazil;Ananindeua;PA;67145260;-1.32938;-48.37566;-1.32938;-48.37566;;ALTO;endereco de rodovia (57-67% falharam)
2703;Gás Amigo Ananindeua;;endereco;Rua do Fio, Ananindeua - PA, 67015-700, Brasil;Rua do Fio Ananindeua PA 67015700 Brazil;Ananindeua;PA;67015700;-1.37106;-48.40322;-1.37106;-48.40322;;ALTO;sem numero de porta
2704;Gás de Cozinha 13 kg | Entrega Rápida | Bom Gás;;endereco;Avenida Central, Ananindeua - PA, 67120-395, Brasil;Avenida Central Ananindeua PA 67120395 Brazil;Ananindeua;PA;67120395;-1.34531;-48.41438;-1.34531;-48.41438;;ALTO;sem numero de porta
2705;Gás de Cozinha | Gás Butano | Entrega Rápida | Distrito Industrial Ananindeua;;endereco;Rua Rural, 566, Ananindeua - PA, 67035-560, Brasil;Rua Rural 566 Ananindeua PA 67035560 Brazil;Ananindeua;PA;67035560;-1.34535;-48.36331;-1.34535;-48.36331;;;
2706;Gás e Água Vital Gás - Entrega de Gás em Ananindeua;;endereco;Rua das Orquideas, 12, Ananindeua - PA, 67033-025, Brasil;Rua das Orquideas 12 Ananindeua PA 67033025 Brazil;Ananindeua;PA;67033025;-1.39384;-48.36817;-1.39384;-48.36817;;;
2707;Gás em Ananindeua-MARANATAGAS;;endereco;Rua Carlos Henrique, 50, Ananindeua - PA, 67120-600, Brasil;Rua Carlos Henrique 50 Ananindeua PA 67120686 Brazil;Ananindeua;PA;67120686;-1.34085;-48.42753;-1.34085;-48.42753;;;
2708;Gás Nobre Distribuidora | Entrega de Gás e Água;;endereco;Passagem Abaeté, 56, Ananindeua - PA, 67033-076, Brasil;Passagem Abaete 56 Ananindeua PA 67030000 Brazil;Ananindeua;PA;67030000;-1.36974;-48.37505;-1.36974;-48.37505;;MEDIO;CEP generico de cidade, nao de rua (2,4x mais falha)
2709;Gás Pai d'égua;;endereco;Conjunto Jardim Belcore, 1, Ananindeua - PA, 67033-220, Brasil;Conjunto Jardim Belcore 1 Ananindeua PA 67033680 Brazil;Ananindeua;PA;67033680;-1.37242;-48.37877;-1.37242;-48.37877;;;
2710;Gás Sobrinho;;endereco;Rua Dois de Junho, 2500, Ananindeua - PA, 67033-215, Brasil;Rua Dois de Junho 2500 Ananindeua PA 67000215 Brazil;Ananindeua;PA;67000215;-1.37512;-48.37552;-1.37512;-48.37552;;;
2711;JC gás;;endereco;Rua Dois de Junho, 45, Ananindeua - PA, 67033-215, Brasil;Rua Dois de Junho 45 Ananindeua PA 67033215 Brazil;Ananindeua;PA;67033215;-1.38085;-48.37471;-1.38085;-48.37471;;;
2712;JJ Gás - Distribuidora de Gás em Ananindeua;;endereco;Rua Osvaldo Cruz, 623, Águas Lindas, Belém - PA, 67118-270, Brasil;Rua Osvaldo Cruz 623 Belem PA 66690395 Brazil;Belém;PA;66690395;-1.39538;-48.39778;-1.39538;-48.39778;Águas Lindas;;
2713;Leo Gas;;endereco;Rua Sn Vinte e Um, Ananindeua - PA, 67013-240, Brasil;Rua Vinte e Um Ananindeua PA 68143810 Brazil;Ananindeua;PA;68143810;-1.3579;-48.39265;-1.3579;-48.39265;;ALTO;sem numero de porta
2714;Ligue Gás;;endereco;Rua da Cohaspa, 64, Ananindeua - PA, 67020-370, Brasil;Rua da Cohaspa 64 Ananindeua PA 67020370 Brazil;Ananindeua;PA;67020370;-1.38223;-48.38853;-1.38223;-48.38853;;;
2715;marysiato gás ananindeua;;endereco;Alameda Alenquer, 24, Ananindeua - PA, Brasil;Alameda Alenquer 24 Ananindeua PA 67145745 Brazil;Ananindeua;PA;67145745;-1.3351;-48.38445;-1.3351;-48.38445;;;
2716;MULTIGÁS Ananindeua - Revenda Ultragaz;;endereco;Passagem Santo Antônio, 18, Ananindeua - PA, 67120-040, Brasil;Passagem Santo Antonio 18 Ananindeua PA 67120240 Brazil;Ananindeua;PA;67120240;-1.3692;-48.41729;-1.3692;-48.41729;;;
2717;Nort Gás;;endereco;Rua We Setenta, 982, Ananindeua - PA, 67010-130, Brasil;Rua We Setenta 982 Ananindeua PA 67140120 Brazil;Ananindeua;PA;67140120;-1.35179;-48.3956;-1.35179;-48.3956;;;
2718;Para Gás;;endereco;Rodovia Quarenta Horas, 4218, Ananindeua - PA, 67120-868, Brasil;Rodovia Quarenta Horas 4218 Ananindeua PA 67120531 Brazil;Ananindeua;PA;67120531;-1.35039;-48.41917;-1.35039;-48.41917;;ALTO;endereco de rodovia (57-67% falharam)
2719;Para Gás;;endereco;Passagem Salomão, 30, Ananindeua - PA, 67113-750, Brasil;Passagem Salomao 30 Ananindeua PA 67113370 Brazil;Ananindeua;PA;67113370;-1.37371;-48.42106;-1.37371;-48.42106;;;
2720;Paragas Deni Gás;;endereco;Rua Sexta, 15, Ananindeua - PA, 67033-004, Brasil;Rua Sexta 15 Ananindeua PA 67033006 Brazil;Ananindeua;PA;67033006;-1.38201;-48.3665;-1.38201;-48.3665;;;
2721;Paragás;;endereco;Travessa C, 12, Ananindeua - PA, 67035-090, Brasil;Travessa C 12 Ananindeua PA 67035050 Brazil;Ananindeua;PA;67035050;-1.35089;-48.36163;-1.35089;-48.36163;;;
2722;R. Cabral - Revenda Liquigás;;endereco;Rua Cláudio Sanderes, 1110, Ananindeua - PA, 67030-445, Brasil;Rua Claudio Sanderes 1110 Ananindeua PA 67030160 Brazil;Ananindeua;PA;67030160;-1.35704;-48.37526;-1.35704;-48.37526;;;
2723;Raulhe Gás;;endereco;Rua Rural, 452, Ananindeua - PA, 67035-490, Brasil;Rua Rural 452 Ananindeua PA 67035490 Brazil;Ananindeua;PA;67035490;-1.34446;-48.36638;-1.34446;-48.36638;;;
2724;Revenda paragás Ligeirinho Gás;;endereco;Rua We Oitenta e Um, 1021, Ananindeua - PA, 67140-220, Brasil;Rua We Oitenta e Um 1021 Ananindeua PA 67140220 Brazil;Ananindeua;PA;67140220;-1.34682;-48.39548;-1.34682;-48.39548;;;
2725;Rocha Gás | SUPERGASBRAS;;endereco;Rua da Providência, 248, Ananindeua - PA, 67140-860, Brasil;Rua da Providencia 248 Ananindeua PA 67130065 Brazil;Ananindeua;PA;67130065;-1.34939;-48.41035;-1.34939;-48.41035;;;
2726;Rápido gás - Depósito de gás;;endereco;Rua We Sessenta e Oito, 46, Ananindeua - PA, 67113-105, Brasil;Rua We Sessenta e Oito 46 Ananindeua PA 67143440 Brazil;Ananindeua;PA;67143440;-1.35244;-48.38748;-1.35244;-48.38748;;;
2727;Supergas Ananindeua/ CLIVIA GAS;;endereco;Passagem Salomão, 30, Ananindeua - PA, 67113-750, Brasil;Passagem Salomao 30 Ananindeua PA 67113750 Brazil;Ananindeua;PA;67113750;-1.37371;-48.42106;-1.37371;-48.42106;;;
2728;Supergás Distribuidora Gás e Água na Cidade Nova;;endereco;Rua We Vinte e Cinco, 471, Ananindeua - PA, 67013-240, Brasil;Rua We Vinte e Cinco 471 Ananindeua PA 67133068 Brazil;Ananindeua;PA;67133068;-1.36416;-48.401;-1.36416;-48.401;;;
2729;Ultragaz gás cidade nova;;endereco;Passarela 1, Ananindeua - PA, 67125-175, Brasil;Passarela 1 Ananindeua PA 67133180 Brazil;Ananindeua;PA;67133180;-1.35911;-48.40286;-1.35911;-48.40286;;ALTO;logradouro sem nome
2730;Veloxgas;;endereco;Alameda Alenquer, 24, Ananindeua - PA, Brasil;Alameda Alenquer 24 Ananindeua PA 67145645 Brazil;Ananindeua;PA;67145645;-1.3351;-48.38445;-1.3351;-48.38445;;;
2731;Veloz Gás - Ultragaz Revendedor Autorizado;;endereco;Rua da Quada 23 e 27, 15, Ananindeua - PA, 67010-520, Brasil;Rua da Quada 23 e 27 Ananindeua PA 67040240 Brazil;Ananindeua;PA;67040240;-1.35399;-48.36566;-1.35399;-48.36566;15;;
2732;VIPGÁS - REVENDA ULTRAGAZ;;endereco;Travessa Sn Três, 1670, Ananindeua - PA, 67133-744, Brasil;Travessa Tres 1670 Ananindeua PA 67130640 Brazil;Ananindeua;PA;67130640;-1.35515;-48.4057;-1.35515;-48.4057;;;
2733;Vital Gás e Água I Entrega rápida de Gás em Ananindeua;;endereco;Rua Quatorze, 62, Ananindeua - PA, 67010-070, Brasil;Rua Quatorze 62 Ananindeua PA 67020520 Brazil;Ananindeua;PA;67020520;-1.394;-48.38181;-1.394;-48.38181;;;
2734;VIVI GÁS;;endereco;Rua Margarida Alves, 16, Ananindeua - PA, 67125-000, Brasil;Rua Margarida Alves 16 Ananindeua PA 67120595 Brazil;Ananindeua;PA;67120595;-1.33206;-48.41119;-1.33206;-48.41119;;;
2735;Yana Gás - Supergás Brás;;endereco;Quadra 4, 14, Ananindeua - PA, Brasil;Quadra 4 14 Ananindeua PA 67000000 Brazil;Ananindeua;PA;67000000;-1.37432;-48.41777;-1.37432;-48.41777;;MEDIO;CEP generico de cidade, nao de rua (2,4x mais falha)
2736;Lulugas Vila - Representante Autorizado Supergasbras;;endereco;Travessa Silvério Sapateiro, 297, Barcarena - PA, 68445-000, Brasil;Travessa Silverio Sapateiro 297 Barcarena PA 68445000 Brazil;Barcarena;PA;68445000;-1.51536;-48.69411;-1.51536;-48.69411;;MEDIO;CEP generico de cidade, nao de rua (2,4x mais falha)
2737;AmaralGás;;endereco;Rua José de Alencar, 321, Marambaia, Belém - PA, 66620-620, Brasil;Rua Jose de Alencar 321 Belem PA 66620620 Brazil;Belém;PA;66620620;-1.40099;-48.44954;-1.40099;-48.44954;Marambaia;;
2738;Arsenal gas ltda;;endereco;Rua do Arsenal, 27, Cidade Velha, Belém - PA, 66020-060, Brasil;Rua do Arsenal 27 Belem PA 66020060 Brazil;Belém;PA;66020060;-1.46372;-48.5032;-1.46372;-48.5032;Cidade Velha;;
2739;BelemGÁS | Deposito de Gás | Disk Gás | Gás de Cozinha;;endereco;Passagem Marinho, 8, Sacramenta, Belém - PA, 66083-495, Brasil;Passagem Marinho 8 Belem PA 66083495 Brazil;Belém;PA;66083495;-1.42284;-48.47862;-1.42284;-48.47862;Sacramenta;;
2740;Bella Gás;;endereco;Rua Lauro Sodré, 306, Montese (Terra Firme), Belém - PA, 66077-291, Brasil;Rua Lauro Sodre 306 Belem PA 66077291 Brazil;Belém;PA;66077291;-1.4604;-48.4557;-1.4604;-48.4557;Montese (Terra Firme);;
2741;BELÉM GÁS;;endereco;Avenida dos Tucanos, 122, Maracangalha, Belém - PA, 66123-190, Brasil;Avenida dos Tucanos 122 Belem PA 66110155 Brazil;Belém;PA;66110155;-1.40635;-48.48134;-1.40635;-48.48134;Maracangalha;;
2742;Belém Gás;;endereco;Passagem São Silvestre, 998, Condor, Belém - PA, 66045-460, Brasil;Passagem Sao Silvestre 998 Belem PA 66065710 Brazil;Belém;PA;66065710;-1.46656;-48.48228;-1.46656;-48.48228;Condor;;
2743;Belém Água e Gás;;endereco;Passagem São Silvestre, 30, Batista Campos, Belém - PA, 66033-035, Brasil;Passagem Sao Silvestre 30 Belem PA 66045360 Brazil;Belém;PA;66045360;-1.46664;-48.48341;-1.46664;-48.48341;Batista Campos;;
2744;BENÉ GÁS;;endereco;Passagem Nova II, 116, Guamá, Belém - PA, 66073-700, Brasil;Passagem Nova II 116 Belem PA 66073310 Brazil;Belém;PA;66073310;-1.46673;-48.45577;-1.46673;-48.45577;Guamá;;
2745;Bob Gás Belém - Entrega Rápida - Parcelamos 2x Cartão;;endereco;Travessa Liberato de Castro, 125, Guamá, Belém - PA, 66075-420, Brasil;Travessa Liberato de Castro 125 Belem PA 66075420 Brazil;Belém;PA;66075420;-1.46415;-48.46294;-1.46415;-48.46294;Guamá;;
2746;Brasil Gás;;endereco;Rua São Silvestre, 190, Jurunas, Belém - PA, 66030-575, Brasil;Rua Sao Silvestre 190 Belem PA 66030345 Brazil;Belém;PA;66030345;-1.47202;-48.48767;-1.47202;-48.48767;Jurunas;;
2747;Bruna Gás;;endereco;Rodovia Arthur Bernardes, 674, Telégrafo, Belém - PA, 66115-000, Brasil;Rodovia Arthur Bernardes 674 Belem PA 66115000 Brazil;Belém;PA;66115000;-1.42194;-48.48933;-1.42194;-48.48933;Telégrafo;ALTO;"endereco de rodovia (57-67% falharam); CEP generico de cidade, nao de rua (2,4x mais falha)"
2748;Center gás;;endereco;Vila São Martinho, 617, Cidade Velha, Belém - PA, 66020-670, Brasil;Vila Sao Martinho 617 Belem PA 66020710 Brazil;Belém;PA;66020710;-1.4615;-48.49884;-1.4615;-48.49884;Cidade Velha;;
2749;Corrêa Gás;;endereco;Rua dos Timbiras, 231, Jurunas, Belém - PA, 66025-669, Brasil;Rua dos Timbiras 231 Belem PA 66045520 Brazil;Belém;PA;66045520;-1.47334;-48.49482;-1.47334;-48.49482;Jurunas;;
2750;CÉLIO GÁS PARAGÁS / GÁS COM BRINDE E QUALIDADE;;endereco;Passagem 2 de Junho, 529, Montese (Terra Firme), Belém - PA, 66645-105, Brasil;Passagem 2 de Junho 529 Belem PA 66077150 Brazil;Belém;PA;66077150;-1.45457;-48.45163;-1.45457;-48.45163;Montese (Terra Firme);;
2751;DANY GÁS SAYÃO;;endereco;Avenida Bernardo Sayão, 3979, Condor, Belém - PA, 66023-130, Brasil;Avenida Bernardo Sayao 3979 Belem PA 66065122 Brazil;Belém;PA;66065122;-1.47465;-48.47306;-1.47465;-48.47306;Condor;;
2752;David Gás | Gás de Cozinha em Belém;;endereco;Rua Bragança, 110, Parque Verde, Belém - PA, 66633-520, Brasil;Rua Braganca 110 Belem PA 66633520 Brazil;Belém;PA;66633520;-1.3695;-48.44056;-1.3695;-48.44056;Parque Verde;;
2753;Depósito De Gás e Água Chico Gás;;endereco;Rua dos Timbiras, 669, Jurunas, Belém - PA, 66033-800, Brasil;Rua dos Timbiras 669 Belem PA 66033800 Brazil;Belém;PA;66033800;-1.46947;-48.49116;-1.46947;-48.49116;Jurunas;;
2754;Depósito de água mineral em Belém Márcio Gás e água;;endereco;Travessa Rui Barbosa, 1971, Batista Campos, Belém - PA, 66035-444, Brasil;Travessa Rui Barbosa 1971 Belem PA 66025160 Brazil;Belém;PA;66025160;-1.4589;-48.48598;-1.4589;-48.48598;Batista Campos;;
2755;Espaço gas comércio varejista ltda;;endereco;Travessa Tupinambás, 1618, Condor, Belém - PA, 66025-686, Brasil;Travessa Tupinambas 1618 Belem PA 66033850 Brazil;Belém;PA;66033850;-1.4709;-48.48236;-1.4709;-48.48236;Condor;;
2756;Ewerton Gás - Revenda de Gás;;endereco;Travessa da Estrella, 3535, Marco, Belém - PA, 66095-750, Brasil;Travessa da Estrella 3535 Belem PA 66080472 Brazil;Belém;PA;66080472;-1.44156;-48.45418;-1.44156;-48.45418;Marco;;
2757;Flash Gás;;endereco;Rua dos Tambés, 343, Condor, Belém - PA, 66033-845, Brasil;Rua dos Tambes 343 Belem PA 66033845 Brazil;Belém;PA;66033845;-1.47223;-48.48058;-1.47223;-48.48058;Condor;;
2758;Gasnorte;;endereco;Travessa José Pio, 557, Telégrafo, Belém - PA, 66050-240, Brasil;Travessa Jose Pio 557 Belem PA 66050240 Brazil;Belém;PA;66050240;-1.43293;-48.48661;-1.43293;-48.48661;Telégrafo;;
2759;Gás & Cia;;endereco;Rua Mateus Paulo, 12, Tapanã, Belém - PA, 66830-260, Brasil;Rua Mateus Paulo 12 Belem PA 66830320 Brazil;Belém;PA;66830320;-1.35233;-48.46171;-1.35233;-48.46171;Tapanã;;
2760;Gás Amigo;;endereco;Rua Presidente Costa e Silva, 300, Tapanã, Belém - PA, 66825-080, Brasil;Rua Presidente Costa e Silva 300 Belem PA 66825030 Brazil;Belém;PA;66825030;-1.34142;-48.47149;-1.34142;-48.47149;Tapanã;;
2761;Gás Amigo Ultragaz Centenário;;endereco;Avenida Centenário, 4, Mangueirão, Belém - PA, 66640-480, Brasil;Avenida Centenario 4 Belem PA 66640460 Brazil;Belém;PA;66640460;-1.3803;-48.45484;-1.3803;-48.45484;Mangueirão;;
2762;Gás Butano;;endereco;Passagem Acatauassu Nunes, 60, Umarizal, Belém - PA, 66055-010, Brasil;Passagem Acatauassu Nunes 60 Belem PA 66055010 Brazil;Belém;PA;66055010;-1.44457;-48.48601;-1.44457;-48.48601;Umarizal;;
2763;J & M Gás;;endereco;Passagem Lauro Malcher, 2268, Condor, Belém - PA, 66033-400, Brasil;Passagem Lauro Malcher 2268 Belem PA 66033410 Brazil;Belém;PA;66033410;-1.4733;-48.47913;-1.4733;-48.47913;Condor;;
2764;Lar do Gás | Gás de Cozinha em Canudos Belém;;endereco;Avenida Celso Malcher, 122, Canudos, Belém - PA, 66070-790, Brasil;Avenida Celso Malcher 122 Belem PA 66070710 Brazil;Belém;PA;66070710;-1.45136;-48.45702;-1.45136;-48.45702;Canudos;;
2765;Lib Gás- Revendedor Autorizado SUPERGASBRAS;;endereco;Passagem Liberal Ramo, 74, Marco, Belém - PA, 66010-150, Brasil;Passagem Liberal Ramo 74 Belem PA 66085250 Brazil;Belém;PA;66085250;-1.43653;-48.46875;-1.43653;-48.46875;Marco;;
2766;Lig Gás;;endereco;Avenida Bernardo Sayão, 1781, Jurunas, Belém - PA, 66025-214, Brasil;Avenida Bernardo Sayao 1781 Belem PA 66030120 Brazil;Belém;PA;66030120;-1.47643;-48.49227;-1.47643;-48.49227;Jurunas;;
2767;Liquigás;;endereco;Rua dos Caripunas, 3036, Cremação, Belém - PA, 66045-143, Brasil;Rua dos Caripunas 3036 Belem PA 66033230 Brazil;Belém;PA;66033230;-1.4605;-48.4757;-1.4605;-48.4757;Cremação;;
2768;Marcelo Gás;;endereco;Passagem Stélio Marojá, 782, Barreiro, Belém - PA, 66117-410, Brasil;Passagem Stelio Maroja 782 Belem PA 66113016 Brazil;Belém;PA;66113016;-1.41685;-48.48775;-1.41685;-48.48775;Barreiro;;
2769;MARCOS GÁS;;endereco;Passagem Ivan Leão, 45, Agulha, Belém - PA, 66811-120, Brasil;Passagem Ivan Leao 45 Belem PA 66811120 Brazil;Belém;PA;66811120;-1.30631;-48.47362;-1.30631;-48.47362;Agulha;;
2770;Miriçá Gás;;endereco;Travessa Coronel Luíz Bentes, 432, Telégrafo, Belém - PA, 66113-080, Brasil;Travessa Coronel Luiz Bentes 432 Belem PA 66113080 Brazil;Belém;PA;66113080;-1.42959;-48.48386;-1.42959;-48.48386;Telégrafo;;
2771;Nazaré Gás;;endereco;Avenida Governador José Malcher, 2109, São Brás, Belém - PA, 66060-232, Brasil;Avenida Governador Jose Malcher 2109 Belem PA 66060230 Brazil;Belém;PA;66060230;-1.44816;-48.47506;-1.44816;-48.47506;São Brás;;
2772;NM COMERCIO DE GAS;;endereco;Rua Senador Manoel Barata, 1292, Reduto, Belém - PA, 66053-320, Brasil;Rua Senador Manoel Barata 1292 Belem PA 66053320 Brazil;Belém;PA;66053320;-1.4478;-48.49338;-1.4478;-48.49338;Reduto;;
2773;Paragás;;endereco;Avenida Almirante Tamandaré, 148, Cidade Velha, Belém - PA, 66020-000, Brasil;Avenida Almirante Tamandare 148 Belem PA 66020000 Brazil;Belém;PA;66020000;-1.46202;-48.50299;-1.46202;-48.50299;Cidade Velha;MEDIO;CEP generico de cidade, nao de rua (2,4x mais falha)
2774;Pedreira Gás Revenda 2;;endereco;Avenida Visconde de Souza Franco, 153, Umarizal, Belém - PA, 66053-000, Brasil;Avenida Visconde de Souza Franco 153 Belem PA 66053000 Brazil;Belém;PA;66053000;-1.44089;-48.49308;-1.44089;-48.49308;Umarizal;MEDIO;CEP generico de cidade, nao de rua (2,4x mais falha)
2775;Pedreira Gás Revenda 3;;endereco;Avenida Governador José Malcher, 2110, São Brás, Belém - PA, 66060-232, Brasil;Avenida Governador Jose Malcher 2110 Belem PA 66060230 Brazil;Belém;PA;66060230;-1.44867;-48.47481;-1.44867;-48.47481;São Brás;;
2776;Pedreira Gás Revenda Prime;;endereco;Travessa Angustura, 1389, Pedreira, Belém - PA, 66080-180, Brasil;Travessa Angustura 1389 Belem PA 66080180 Brazil;Belém;PA;66080180;-1.42384;-48.47271;-1.42384;-48.47271;Pedreira;;
2777;Posto De Gás;;endereco;Passagem Nossa Senhora das Graças, 567, Montese (Terra Firme), Belém - PA, 66077-420, Brasil;Passagem Nossa Senhora das Gracas 567 Belem PA 66077420 Brazil;Belém;PA;66077420;-1.45689;-48.45289;-1.45689;-48.45289;Montese (Terra Firme);;
2778;Rapi Gás;;endereco;Rua Nova, 413, Telégrafo, Belém - PA, 66083-441, Brasil;Rua Nova 413 Belem PA 66083441 Brazil;Belém;PA;66083441;-1.42766;-48.4793;-1.42766;-48.4793;Telégrafo;;
2779;Rebelo Vianna Gás;;endereco;Rodovia Arthur Bernardes, 520, Telégrafo, Belém - PA, 66115-000, Brasil;Rodovia Arthur Bernardes 520 Belem PA 66115000 Brazil;Belém;PA;66115000;-1.42337;-48.48919;-1.42337;-48.48919;Telégrafo;ALTO;"endereco de rodovia (57-67% falharam); CEP generico de cidade, nao de rua (2,4x mais falha)"
2780;REI DO GAS VILA LTDA;;endereco;Passagem Acatauassu Nunes, 81, Umarizal, Belém - PA, 66055-010, Brasil;Passagem Acatauassu Nunes 81 Belem PA 66055010 Brazil;Belém;PA;66055010;-1.445;-48.48553;-1.445;-48.48553;Umarizal;;
2781;REVENDA DE GÁS G & J;;endereco;Rua dos Tambés, 179, Condor, Belém - PA, 66033-845, Brasil;Rua dos Tambes 179 Belem PA 66033780 Brazil;Belém;PA;66033780;-1.47101;-48.47972;-1.47101;-48.47972;Condor;;
2782;Revenda de Gás SSZ;;endereco;Rua Curuçá, 360, Umarizal, Belém - PA, 66050-080, Brasil;Rua Curuca 360 Belem PA 66050520 Brazil;Belém;PA;66050520;-1.43595;-48.48473;-1.43595;-48.48473;Umarizal;;
2783;Sag gás;;endereco;Rua Canal São Joaquim, 41, Barreiro, Belém - PA, 66640-126, Brasil;Rua Canal Sao Joaquim 41 Belem PA 66117310 Brazil;Belém;PA;66117310;-1.40998;-48.47771;-1.40998;-48.47771;Barreiro;;
2784;SOS GÁS E ÁGUA NORAT;;endereco;Avenida 16 de Novembro, 374, Cidade Velha, Belém - PA, 66913-430, Brasil;Avenida 16 de Novembro 374 Belem PA 66020660 Brazil;Belém;PA;66020660;-1.45927;-48.49922;-1.45927;-48.49922;Cidade Velha;;
2785;Super Gas Bras;;endereco;Avenida Governador José Malcher, 2109, São Brás, Belém - PA, 66060-232, Brasil;Avenida Governador Jose Malcher 2109 Belem PA 66060230 Brazil;Belém;PA;66060230;-1.44816;-48.47506;-1.44816;-48.47506;São Brás;;
2786;Supergasbras;;endereco;Avenida Marquês de Herval, 2532, Pedreira, Belém - PA, 66087-320, Brasil;Avenida Marques de Herval 2532 Belem PA 66087320 Brazil;Belém;PA;66087320;-1.41975;-48.46249;-1.41975;-48.46249;Pedreira;;
2787;Transgás sua venda de gás de cozinha em Belém.;;endereco;Rua Roso Danin, 975, Montese (Terra Firme), Belém - PA, 66070-706, Brasil;Rua Roso Danin 975 Belem PA 66070602 Brazil;Belém;PA;66070602;-1.44981;-48.45547;-1.44981;-48.45547;Montese (Terra Firme);;
2788;Vitória Gás REVENDA;;endereco;Travessa Carlos de Carvalho, 963, Jurunas, Belém - PA, 66030-000, Brasil;Travessa Carlos de Carvalho 963 Belem PA 66025130 Brazil;Belém;PA;66025130;-1.46665;-48.49463;-1.46665;-48.49463;Jurunas;;
2789;WP Distribuidora de água Mineral e Gás de cozinha;;endereco;Rua Oliveira Belo, 885, Umarizal, Belém - PA, 66050-380, Brasil;Rua Oliveira Belo 885 Belem PA 66050380 Brazil;Belém;PA;66050380;-1.43989;-48.47634;-1.43989;-48.47634;Umarizal;;
2790;A.R gás castanhal;;endereco;Travessa Primavera, 85, Castanhal - PA, 68742-245, Brasil;Travessa Primavera 85 Castanhal PA 68743703 Brazil;Castanhal;PA;68743703;-1.27159;-47.94025;-1.27159;-47.94025;;;
2791;Anngás;;endereco;Rua Benevides, 75, Castanhal - PA, 68742-100, Brasil;Rua Benevides 75 Castanhal PA 68742620 Brazil;Castanhal;PA;68742620;-1.28709;-47.94933;-1.28709;-47.94933;;;
2792;ANNIE GÁS;;endereco;Rua I, 7, Castanhal - PA, 68742-872, Brasil;Rua I 7 Castanhal PA 68742850 Brazil;Castanhal;PA;68742850;-1.28174;-47.94804;-1.28174;-47.94804;;;
2793;Armando Gás;;endereco;Rua do Bonito, 248, Castanhal - PA, 68742-620, Brasil;Rua do Bonito 248 Castanhal PA 68742620 Brazil;Castanhal;PA;68742620;-1.28691;-47.95078;-1.28691;-47.95078;;;
2794;Baratão Gás;;endereco;Rua Dr. Adaílson da Silva Rodrigues, 466, Castanhal - PA, 68746-010, Brasil;Rua Dr Adailson da Silva Rodrigues 466 Castanhal PA 68746020 Brazil;Castanhal;PA;68746020;-1.30765;-47.89658;-1.30765;-47.89658;;;
2795;Chamasgás Paragás Castanhal!;;endereco;Avenida Perimetral Papa João Paulo II, 493, Castanhal - PA, 68744-290, Brasil;Avenida Perimetral Papa Joao Paulo II 493 Castanhal PA 68744290 Brazil;Castanhal;PA;68744290;-1.27975;-47.91033;-1.27975;-47.91033;;;
2796;Deo água e gás;;endereco;Travessa Honório Bandeira, 645, Castanhal - PA, 68745-012, Brasil;Travessa Honorio Bandeira 645 Castanhal PA 68744230 Brazil;Castanhal;PA;68744230;-1.27919;-47.91407;-1.27919;-47.91407;;;
2797;Distribuidora Tropigas;;endereco;Mikasa, Rua Comandante Francisco de Assis, Castanhal - PA, 68742-425, Brasil;Rua Comandante Francisco de Assis Castanhal PA 68742430 Brazil;Castanhal;PA;68742430;-1.28893;-47.92335;-1.28893;-47.92335;;ALTO;sem numero de porta
2798;Distribuição de Gás e Água;;endereco;Rua do Bonito, 248, Castanhal - PA, 68742-620, Brasil;Rua do Bonito 248 Castanhal PA 68742620 Brazil;Castanhal;PA;68742620;-1.28691;-47.95078;-1.28691;-47.95078;;;
2799;Estrela gás;;endereco;Travessa Primeiro de Maio, 2238, Castanhal - PA, 68743-040, Brasil;Travessa Primeiro de Maio 2238 Castanhal PA 68743175 Brazil;Castanhal;PA;68743175;-1.28845;-47.93021;-1.28845;-47.93021;;;
2800;FIEL GÁS Castanhal;;endereco;Rua Paulo Fonteles, 147, Castanhal - PA, 68743-412, Brasil;Rua Paulo Fonteles 147 Castanhal PA 68743412 Brazil;Castanhal;PA;68743412;-1.2723;-47.92273;-1.2723;-47.92273;;;
2801;Fort Gás;;endereco;Avenida 4, Castanhal - PA, 68743-050, Brasil;Avenida 4 Castanhal PA 68741805 Brazil;Castanhal;PA;68741805;-1.29064;-47.96367;-1.29064;-47.96367;;ALTO;logradouro sem nome
2802;Fort Gás (Unidade Salles Jardins);;endereco;Avenida 4, Castanhal - PA, 68743-050, Brasil;Avenida 4 Castanhal PA 68741515 Brazil;Castanhal;PA;68741515;-1.29143;-47.96376;-1.29143;-47.96376;;ALTO;logradouro sem nome
2803;Ivan Gás;;endereco;Rua Comandante Francisco de Assis, 3744, Castanhal - PA, 68743-100, Brasil;Rua Comandante Francisco de Assis 3744 Castanhal PA 68740001 Brazil;Castanhal;PA;68740001;-1.28864;-47.91769;-1.28864;-47.91769;;;
2804;Japa Gás;;endereco;Rua Doutor Adaílson da Silva Rodrigues, 107, Castanhal - PA, 68746-025, Brasil;Rua Doutor Adailson da Silva Rodrigues 107 Castanhal PA 68741416 Brazil;Castanhal;PA;68741416;-1.29755;-47.89708;-1.29755;-47.89708;;;
2805;JR Gás;;endereco;Rua K, 1209, Castanhal - PA, 68742-874, Brasil;Rua K 1209 Castanhal PA 68742874 Brazil;Castanhal;PA;68742874;-1.27988;-47.95235;-1.27988;-47.95235;;;
2806;Junior Gás;;endereco;Rua Doutor Adaílson da Silva Rodrigues, 131, Castanhal - PA, 68746-025, Brasil;Rua Doutor Adailson da Silva Rodrigues 131 Castanhal PA 68741416 Brazil;Castanhal;PA;68741416;-1.29815;-47.89713;-1.29815;-47.89713;;;
2807;Léo Gás Altamira;;endereco;Cfc Cristo Redentor, Avenida Barão do Rio Branco, Castanhal - PA, 68742-015, Brasil;Avenida Barao do Rio Branco Castanhal PA 68742310 Brazil;Castanhal;PA;68742310;-1.29304;-47.9365;-1.29304;-47.9365;;ALTO;sem numero de porta
2808;Léo Gás Castanhal;;endereco;Rua Doutor Lauro Sodré, 514, Castanhal - PA, 68745-000, Brasil;Rua Doutor Lauro Sodre 514 Castanhal PA 68740030 Brazil;Castanhal;PA;68740030;-1.30513;-47.91732;-1.30513;-47.91732;;;
2809;Mavam Gás Castanhal - Depósito de gás de cozinha em Castanhal;;endereco;Rua Tiradentes, 3340, Castanhal - PA, 68744-100, Brasil;Rua Tiradentes 3340 Castanhal PA 68744100 Brazil;Castanhal;PA;68744100;-1.28487;-47.92137;-1.28487;-47.92137;;;
2810;Mayco GÁS Castanhal;;endereco;Rua A, Castanhal - PA, 68742-374, Brasil;Rua A Castanhal PA 68742374 Brazil;Castanhal;PA;68742374;-1.27361;-47.95058;-1.27361;-47.95058;;ALTO;sem numero de porta
2811;NIPPON GÁS;;endereco;Travessa Cônego Luiz Leitão, 2679, Castanhal - PA, 68743-645, Brasil;Travessa Conego Luiz Leitao 2679 Castanhal PA 68742755 Brazil;Castanhal;PA;68742755;-1.28071;-47.92786;-1.28071;-47.92786;;;
2812;Ouro Gás Castanhal;;endereco;Rua João Coelho da Mota, 453, Castanhal - PA, 68741-370, Brasil;Rua Joao Coelho da Mota 453 Castanhal PA 68741370 Brazil;Castanhal;PA;68741370;-1.30963;-47.93892;-1.30963;-47.93892;;;
2813;PARAGÁS;;endereco;Alameda Padre Cícero, 380, Castanhal - PA, 68743-470, Brasil;Alameda Padre Cicero 380 Castanhal PA 68743580 Brazil;Castanhal;PA;68743580;-1.27721;-47.92074;-1.27721;-47.92074;;;
2814;Planeta Gás;;endereco;Travessa do Acre, 559, Castanhal - PA, 68744-452, Brasil;Travessa do Acre 559 Castanhal PA 68744490 Brazil;Castanhal;PA;68744490;-1.26605;-47.90307;-1.26605;-47.90307;;;
2815;Primos gás (castanhal);;endereco;Alameda Coronel Martins Linhares, 498, Castanhal - PA, 68745-510, Brasil;Alameda Coronel Martins Linhares 498 Castanhal PA 68745541 Brazil;Castanhal;PA;68745541;-1.30801;-47.9129;-1.30801;-47.9129;;;
2816;Rainha Do Gás;;endereco;Rua Tiradentes, 3330, Castanhal - PA, 68744-100, Brasil;Rua Tiradentes 3330 Castanhal PA 68744100 Brazil;Castanhal;PA;68744100;-1.28489;-47.92169;-1.28489;-47.92169;;;
2817;Rainha do Gás Milagre;;endereco;Rua Doutor Lauro Sodré, 1171, Castanhal - PA, 68745-220, Brasil;Rua Doutor Lauro Sodre 1171 Castanhal PA 68740030 Brazil;Castanhal;PA;68740030;-1.29793;-47.9188;-1.29793;-47.9188;;;
2818;Samuel Gás;;endereco;Alameda Dayse Domingos de Almeida, 140, Castanhal - PA, 68742-780, Brasil;Alameda Dayse Domingos de Almeida 140 Castanhal PA 68742780 Brazil;Castanhal;PA;68742780;-1.29471;-47.94522;-1.29471;-47.94522;;;
2819;SERGIO GAS;;endereco;Avenida Hélio Leite, 355, Castanhal - PA, 68743-820, Brasil;Avenida Helio Leite 355 Castanhal PA 68743820 Brazil;Castanhal;PA;68743820;-1.27395;-47.89773;-1.27395;-47.89773;;;
2820;Servi Gas;;endereco;Travessa Irmã Adelaíde, 156, Castanhal - PA, 68740-560, Brasil;Travessa Irma Adelaide 156 Castanhal PA 68740560 Brazil;Castanhal;PA;68740560;-1.3074;-47.92068;-1.3074;-47.92068;;;
2821;Super Gás Castanhal;;endereco;Passagem Têxtil, 899, Castanhal - PA, 68744-590, Brasil;Passagem Textil 899 Castanhal PA 68745310 Brazil;Castanhal;PA;68745310;-1.29047;-47.91204;-1.29047;-47.91204;;;
2822;Sérgio Gás;;endereco;Avenida Barão do Rio Branco, Castanhal - PA, 68743-050, Brasil;Avenida Barao do Rio Branco Castanhal PA 68743050 Brazil;Castanhal;PA;68743050;-1.29908;-47.98835;-1.29908;-47.98835;;ALTO;sem numero de porta
2823;Ultragaz Paulista Gás Castanhal;;endereco;Rua IV, 226, Castanhal - PA, 68742-853, Brasil;Rua IV 226 Castanhal PA 68742875 Brazil;Castanhal;PA;68742875;-1.27947;-47.94809;-1.27947;-47.94809;;;
2824;Ultragás Comercial;;endereco;Rua Francisco Magalhães, 2616, Castanhal - PA, 68740-222, Brasil;Rua Francisco Magalhaes 2616 Castanhal PA 68740135 Brazil;Castanhal;PA;68740135;-1.29919;-47.92092;-1.29919;-47.92092;;;
2825;Vitória Gás Castanhal;;endereco;Rua Cornendina Gonçalves Rocha, Castanhal - PA, 68742-125, Brasil;Rua Cornendina Goncalves Rocha Castanhal PA 68742600 Brazil;Castanhal;PA;68742600;-1.28607;-47.94749;-1.28607;-47.94749;;ALTO;sem numero de porta
2826;AGUA E GAS CIDADE NOVA;;endereco;Rua Rui Barbosa, 15, Marabá - PA, 68501-000, Brasil;Rua Rui Barbosa 15 Maraba PA 68500000 Brazil;Marabá;PA;68500000;-5.37624;-49.12355;-5.37624;-49.12355;;MEDIO;CEP generico de cidade, nao de rua (2,4x mais falha)
2827;AM GAS EXPRESS;;endereco;Avenida Amazonas, Marabá - PA, 68503-570, Brasil;Avenida Amazonas Maraba PA 68503570 Brazil;Marabá;PA;68503570;-5.36661;-49.10929;-5.36661;-49.10929;;ALTO;sem numero de porta
2828;Chama Gás;;endereco;Avenida Castelo Branco, 1713, Marabá - PA, 68502-430, Brasil;Avenida Castelo Branco 1713 Maraba PA 68502430 Brazil;Marabá;PA;68502430;-5.36839;-49.12421;-5.36839;-49.12421;;;
2829;CL GAS NOVA MARABA;;endereco;Rua E, 473, Marabá - PA, 68504-040, Brasil;Rua E 473 Maraba PA 68504148 Brazil;Marabá;PA;68504148;-5.34511;-49.07815;-5.34511;-49.07815;;;
2830;DEPOSITO EL SHADAY AGUA E GÁS 2 IRMÃOS;;endereco;Rua das Roseiras, 6, Marabá - PA, 68506-670, Brasil;Rua das Roseiras 6 Maraba PA 68500001 Brazil;Marabá;PA;68500001;-5.28569;-49.08601;-5.28569;-49.08601;;;
2831;GAS NOBRE DO BRASIL;;endereco;Avenida Getúlio Vargas, 113, Marabá - PA, Brasil;Avenida Getulio Vargas 113 Maraba PA 68513687 Brazil;Marabá;PA;68513687;-5.29272;-49.06593;-5.29272;-49.06593;;;
2832;GRUPO FERNANDO GÁS;;endereco;Rua V Cento e Dez, Marabá - PA, Brasil;Rua V Cento e Dez Maraba PA 68513290 Brazil;Marabá;PA;68513290;-5.33008;-49.09637;-5.33008;-49.09637;;ALTO;sem numero de porta
2833;GS Gás;;endereco;Avenida Tocantins, 583, Marabá - PA, 68503-660, Brasil;Avenida Tocantins 583 Maraba PA 68501460 Brazil;Marabá;PA;68501460;-5.36926;-49.12052;-5.36926;-49.12052;;;
2834;GS GÁS - CIDADE JARDIM;;endereco;Avenida dos Buritis, Marabá - PA, Brasil;Avenida dos Buritis Maraba PA 68507765 Brazil;Marabá;PA;68507765;-5.36533;-49.03482;-5.36533;-49.03482;;ALTO;sem numero de porta
2835;GS Gás Ultragaz;;endereco;Rua V Duzentos e Sessenta e Dois, 590, Marabá - PA, Brasil;Rua V Duzentos e Sessenta e Dois 590 Maraba PA 68506030 Brazil;Marabá;PA;68506030;-5.33762;-49.09961;-5.33762;-49.09961;;;
2836;GÁS SARANDI;;endereco;Rua Aracaju, 472, Marabá - PA, 68503-190, Brasil;Rua Aracaju 472 Maraba PA 68503190 Brazil;Marabá;PA;68503190;-5.36682;-49.11444;-5.36682;-49.11444;;;
2837;Gás Tavares Guerra;;endereco;Rua Marechal Deodoro da Fonceca, Marabá - PA, Brasil;Rua Marechal Deodoro da Fonceca Maraba PA 68509130 Brazil;Marabá;PA;68509130;-5.34613;-49.07435;-5.34613;-49.07435;;ALTO;sem numero de porta
2838;Iara Gás;;endereco;Avenida Gaiapo, 467, Marabá - PA, 68501-140, Brasil;Avenida Gaiapo 467 Maraba PA 68501482 Brazil;Marabá;PA;68501482;-5.3834;-49.13363;-5.3834;-49.13363;;;
2839;Iara Gás;;endereco;Rua José Cursino, 399, Marabá - PA, 68501-470, Brasil;Rua Jose Cursino 399 Maraba PA 68501160 Brazil;Marabá;PA;68501160;-5.37741;-49.1316;-5.37741;-49.1316;;;
2840;IMPÉRIO ÁGUA E GÁS Maraba -PA;;endereco;Banco 24horas, Avenida São Francisco, Marabá - PA, 68501-690, Brasil;Avenida Sao Francisco Maraba PA 68501530 Brazil;Marabá;PA;68501530;-5.37319;-49.13066;-5.37319;-49.13066;;ALTO;sem numero de porta
2841;JK gás;;endereco;Avenida Braga, Marabá - PA, Brasil;Avenida Braga Maraba PA 68504130 Brazil;Marabá;PA;68504130;-5.34202;-49.07372;-5.34202;-49.07372;;ALTO;sem numero de porta
2842;Joca Distribuira De Gás;;endereco;Quadra Dois Folha 6, Marabá - PA, Brasil;Quadra Dois Folha 6 Maraba PA 68512050 Brazil;Marabá;PA;68512050;-5.32799;-49.09508;-5.32799;-49.09508;;;
2843;Josimar Gás;;endereco;Rua Cruzeiro do Sul, 20, Marabá - PA, 68501-612, Brasil;Rua Cruzeiro do Sul 20 Maraba PA 68500000 Brazil;Marabá;PA;68500000;-5.39246;-49.12533;-5.39246;-49.12533;;MEDIO;CEP generico de cidade, nao de rua (2,4x mais falha)
2844;MB Gás - Distribuidor PARAGÁS;;endereco;Avenida Tiradentes, 44, Marabá - PA, 68501-220, Brasil;Avenida Tiradentes 44 Maraba PA 68501220 Brazil;Marabá;PA;68501220;-5.39291;-49.13862;-5.39291;-49.13862;;;
2845;Nanda Gas Paragas;;endereco;Avenida Dois Mil, 4, Marabá - PA, 68503-240, Brasil;Avenida Dois Mil 4 Maraba PA 68503240 Brazil;Marabá;PA;68503240;-5.37627;-49.12174;-5.37627;-49.12174;;;
2846;Papaleguas do Gás - Cozinha;;endereco;Avenida Brasil, 462, Marabá - PA, 68501-120, Brasil;Avenida Brasil 462 Maraba PA 68501130 Brazil;Marabá;PA;68501130;-5.3883;-49.13563;-5.3883;-49.13563;;;
2847;Paragas Distribuidora;;endereco;Rua Coronel Pinto de Areia, 4, Marabá - PA, 68501-536, Brasil;Rua Coronel Pinto de Areia 4 Maraba PA 68501660 Brazil;Marabá;PA;68501660;-5.3778;-49.14174;-5.3778;-49.14174;;;
2848;Paragás;;endereco;Avenida Manaus, 505, Marabá - PA, 68503-700, Brasil;Avenida Manaus 505 Maraba PA 68503700 Brazil;Marabá;PA;68503700;-5.37443;-49.12119;-5.37443;-49.12119;;;
2849;Paragás;;endereco;Rua Plínio Pinheiro, 1142, Marabá - PA, 68503-180, Brasil;Rua Plinio Pinheiro 1142 Maraba PA 68503180 Brazil;Marabá;PA;68503180;-5.36925;-49.11763;-5.36925;-49.11763;;;
2850;Paragás Estrela;;endereco;Avenida Manaus, 218, Marabá - PA, 68503-700, Brasil;Avenida Manaus 218 Maraba PA 68503700 Brazil;Marabá;PA;68503700;-5.37384;-49.12205;-5.37384;-49.12205;;;
2851;Paraiba Gás;;endereco;Rua Barão do Rio Branco, 996, Marabá - PA, 68500-330, Brasil;Rua Barao do Rio Branco 996 Maraba PA 68500330 Brazil;Marabá;PA;68500330;-5.35266;-49.13567;-5.35266;-49.13567;;;
2852;REGÁS MARABÁ;;endereco;Avenida Armando Brito, 126, Marabá - PA, 68503-315, Brasil;Avenida Armando Brito 126 Maraba PA 68503315 Brazil;Marabá;PA;68503315;-5.36324;-49.10396;-5.36324;-49.10396;;;
2853;Rhema Distribuidora PARAGÁS - Gás e Água;;endereco;Rua V Duzentos e Oitenta e Um, 1, Marabá - PA, Brasil;Rua V Duzentos e Oitenta e Um 1 Maraba PA 68506000 Brazil;Marabá;PA;68506000;-5.34866;-49.09258;-5.34866;-49.09258;;MEDIO;CEP generico de cidade, nao de rua (2,4x mais falha)
2854;Rodrigo Gás e Água;;endereco;Rua Alfredo Monção, Marabá - PA, 68501-530, Brasil;Rua Alfredo Moncao Maraba PA 68501530 Brazil;Marabá;PA;68501530;-5.3786;-49.12555;-5.3786;-49.12555;;ALTO;sem numero de porta
2855;Top Gás (Loja 1);;endereco;Rua Espírito Santo, 58, Marabá - PA, 68501-440, Brasil;Rua Espirito Santo 58 Maraba PA 68501440 Brazil;Marabá;PA;68501440;-5.37923;-49.13655;-5.37923;-49.13655;;;
2856;Top Gás (Loja 2);;endereco;Avenida Dois Mil, 20, Marabá - PA, 68503-240, Brasil;Avenida Dois Mil 20 Maraba PA 68503230 Brazil;Marabá;PA;68503230;-5.36594;-49.11097;-5.36594;-49.11097;;;
2857;Bico Gás;;endereco;Avenida Bom Jardim, 374, Parauapebas - PA, 68515-000, Brasil;Avenida Bom Jardim 374 Parauapebas PA 68515000 Brazil;Parauapebas;PA;68515000;-6.0919;-49.88708;-6.0919;-49.88708;;MEDIO;CEP generico de cidade, nao de rua (2,4x mais falha)
2858;BR gás paragás;;endereco;Avenida Princesa Isabel, 268, Parauapebas - PA, 68515-000, Brasil;Avenida Princesa Isabel 268 Parauapebas PA 68515000 Brazil;Parauapebas;PA;68515000;-6.07924;-49.91029;-6.07924;-49.91029;;MEDIO;CEP generico de cidade, nao de rua (2,4x mais falha)
2859;BR-GÁS;;endereco;Rua U13, 14, Parauapebas - PA, 68515-000, Brasil;Rua U13 14 Parauapebas PA 68515000 Brazil;Parauapebas;PA;68515000;-6.06054;-49.85865;-6.06054;-49.85865;;MEDIO;CEP generico de cidade, nao de rua (2,4x mais falha)
2860;Chama Viva Gás Água E Bebidas Em Geral;;endereco;Rua A Dezenove, Parauapebas - PA, 68515-000, Brasil;Rua A Dezenove Parauapebas PA 68515000 Brazil;Parauapebas;PA;68515000;-6.1019;-49.86631;-6.1019;-49.86631;;ALTO;"sem numero de porta; CEP generico de cidade, nao de rua (2,4x mais falha)"
2861;Chamas Gás Parauapebas;;endereco;Rua E6, 23, Parauapebas - PA, 68515-000, Brasil;Rua E6 23 Parauapebas PA 68515000 Brazil;Parauapebas;PA;68515000;-6.07239;-49.86529;-6.07239;-49.86529;;MEDIO;CEP generico de cidade, nao de rua (2,4x mais falha)
2862;Chapolin Gás;;endereco;Rua Padre Cícero, 121, Parauapebas - PA, 68515-000, Brasil;Rua Padre Cicero 121 Parauapebas PA 68515000 Brazil;Parauapebas;PA;68515000;-6.08475;-49.89214;-6.08475;-49.89214;;MEDIO;CEP generico de cidade, nao de rua (2,4x mais falha)
2863;DL Gás - Venda de Gás e Água em Parauapebas, Pará;;endereco;Avenida Evaristo Flauzino, Parauapebas - PA, 68515-000, Brasil;Avenida Evaristo Flauzino Parauapebas PA 68515000 Brazil;Parauapebas;PA;68515000;-6.10206;-49.8655;-6.10206;-49.8655;;ALTO;"sem numero de porta; CEP generico de cidade, nao de rua (2,4x mais falha)"
2864;DN GÁS;;endereco;Rua A 21, Parauapebas - PA, 68515-000, Brasil;Rua A 21 Parauapebas PA 68515000 Brazil;Parauapebas;PA;68515000;-6.02872;-49.89019;-6.02872;-49.89019;;MEDIO;CEP generico de cidade, nao de rua (2,4x mais falha)
2865;Forte Gás;;endereco;Rua N4, 1, Parauapebas - PA, 68515-000, Brasil;Rua N4 1 Parauapebas PA 68515000 Brazil;Parauapebas;PA;68515000;-6.06411;-49.85617;-6.06411;-49.85617;;MEDIO;CEP generico de cidade, nao de rua (2,4x mais falha)
2866;FR Gás - Distribuidora de Gás;;endereco;Rua Jari, 4, Parauapebas - PA, 68515-000, Brasil;Rua Jari 4 Parauapebas PA 68515000 Brazil;Parauapebas;PA;68515000;-6.10155;-49.88764;-6.10155;-49.88764;;MEDIO;CEP generico de cidade, nao de rua (2,4x mais falha)
2867;fv gas;;endereco;Avenida C5, 3, Parauapebas - PA, 68515-000, Brasil;Avenida C5 3 Parauapebas PA 68515000 Brazil;Parauapebas;PA;68515000;-6.07738;-49.86197;-6.07738;-49.86197;;MEDIO;CEP generico de cidade, nao de rua (2,4x mais falha)
2868;Gas Parauapebas;;endereco;Rua Sol Poente, 94, Parauapebas - PA, 68515-000, Brasil;Rua Sol Poente 94 Parauapebas PA 68515000 Brazil;Parauapebas;PA;68515000;-6.07969;-49.88971;-6.07969;-49.88971;;MEDIO;CEP generico de cidade, nao de rua (2,4x mais falha)
2869;GC3 GÁS E ÁGUA;;endereco;Avenida G, 5, Parauapebas - PA, 68515-000, Brasil;Avenida G 5 Parauapebas PA 68515000 Brazil;Parauapebas;PA;68515000;-6.07826;-49.86104;-6.07826;-49.86104;;MEDIO;CEP generico de cidade, nao de rua (2,4x mais falha)
2870;Grupo GS Gás;;endereco;Avenida Buritis, 16, Parauapebas - PA, 68515-000, Brasil;Avenida Buritis 16 Parauapebas PA 68515000 Brazil;Parauapebas;PA;68515000;-6.0573;-49.86202;-6.0573;-49.86202;;MEDIO;CEP generico de cidade, nao de rua (2,4x mais falha)
2871;GS GÁS;;endereco;Rua Marabá, 370, Parauapebas - PA, 68515-000, Brasil;Rua Maraba 370 Parauapebas PA 68515000 Brazil;Parauapebas;PA;68515000;-6.0877;-49.88289;-6.0877;-49.88289;;MEDIO;CEP generico de cidade, nao de rua (2,4x mais falha)
2872;Gás Parauapebas;;endereco;Avenida Cristo Rei, 79, Parauapebas - PA, 68515-000, Brasil;Avenida Cristo Rei 79 Parauapebas PA 68515000 Brazil;Parauapebas;PA;68515000;-6.07889;-49.89809;-6.07889;-49.89809;;MEDIO;CEP generico de cidade, nao de rua (2,4x mais falha)
2873;Gás Parauapebas | H7 Distribuidora de Gás;;endereco (logradouro de coluna alternativa);Nova Carajás, Parauapebas - PA, 68515-000, Brasil;Avenida Nova Carajas Parauapebas PA 68515000 Brazil;Parauapebas;PA;68515000;-6.11038;-49.83463;-6.11038;-49.83463;;ALTO;"sem numero de porta; CEP generico de cidade, nao de rua (2,4x mais falha)"
2874;Hipergás;;endereco;Rua Estocolmo, 1081, Parauapebas - PA, 68515-000, Brasil;Rua Estocolmo 1081 Parauapebas PA 68515000 Brazil;Parauapebas;PA;68515000;-6.04951;-49.8935;-6.04951;-49.8935;;MEDIO;CEP generico de cidade, nao de rua (2,4x mais falha)
2875;JK GAS;;endereco;Avenida Santa Rita, 12, Parauapebas - PA, 68515-000, Brasil;Avenida Santa Rita 12 Parauapebas PA 68515000 Brazil;Parauapebas;PA;68515000;-6.07712;-49.8891;-6.07712;-49.8891;;MEDIO;CEP generico de cidade, nao de rua (2,4x mais falha)
2876;Lc gás;;endereco;Avenida São Jorge, 82, Parauapebas - PA, 68515-000, Brasil;Avenida Sao Jorge 82 Parauapebas PA 68515000 Brazil;Parauapebas;PA;68515000;-6.08746;-49.881;-6.08746;-49.881;;MEDIO;CEP generico de cidade, nao de rua (2,4x mais falha)
2877;Lider gás Comercio e distribuição LTDA;;endereco;Avenida I, 147, Parauapebas - PA, 68515-000, Brasil;Avenida I 147 Parauapebas PA 68515000 Brazil;Parauapebas;PA;68515000;-6.08095;-49.87894;-6.08095;-49.87894;;MEDIO;CEP generico de cidade, nao de rua (2,4x mais falha)
2878;Lima Gás e Água mineral;;endereco;Avenida B, Parauapebas - PA, 68515-000, Brasil;Avenida B Parauapebas PA 68515000 Brazil;Parauapebas;PA;68515000;-6.08082;-49.86379;-6.08082;-49.86379;;ALTO;"sem numero de porta; CEP generico de cidade, nao de rua (2,4x mais falha)"
2879;Liquigás Araújo;;endereco;Rua F18, Parauapebas - PA, 68515-000, Brasil;Rua F18 Parauapebas PA 68515000 Brazil;Parauapebas;PA;68515000;-6.06311;-49.8648;-6.06311;-49.8648;;ALTO;"sem numero de porta; CEP generico de cidade, nao de rua (2,4x mais falha)"
2880;Master Gás Parauapebas;;endereco;Rua Paulo Maranhão, 8, Parauapebas - PA, 68515-000, Brasil;Rua Paulo Maranhao 8 Parauapebas PA 68515000 Brazil;Parauapebas;PA;68515000;-6.10032;-49.89008;-6.10032;-49.89008;;MEDIO;CEP generico de cidade, nao de rua (2,4x mais falha)
2881;Mix Gás Parauapebas;;endereco;Rua Cento e Vinte, 3, Parauapebas - PA, 68515-000, Brasil;Rua Cento e Vinte 3 Parauapebas PA 68515000 Brazil;Parauapebas;PA;68515000;-6.07332;-49.88121;-6.07332;-49.88121;;MEDIO;CEP generico de cidade, nao de rua (2,4x mais falha)
2882;NANDO GÁS;;endereco;Rua A, 780, Parauapebas - PA, 68515-000, Brasil;Rua A 780 Parauapebas PA 68515000 Brazil;Parauapebas;PA;68515000;-6.0666;-49.90149;-6.0666;-49.90149;;MEDIO;CEP generico de cidade, nao de rua (2,4x mais falha)
2883;Norte Gás;;endereco;PA-160, Parauapebas - PA, 68515-000, Brasil;PA 160 Parauapebas PA 68515000 Brazil;Parauapebas;PA;68515000;-6.07716;-49.86701;-6.07716;-49.86701;;ALTO;"sem numero de porta; logradouro sem nome; CEP generico de cidade, nao de rua (2,4x mais falha)"
2884;Pacheco Gás Parauapebas;;endereco;Rua W13, 1, Parauapebas - PA, 68515-000, Brasil;Rua W13 1 Parauapebas PA 68515000 Brazil;Parauapebas;PA;68515000;-6.05132;-49.85917;-6.05132;-49.85917;;MEDIO;CEP generico de cidade, nao de rua (2,4x mais falha)
2885;Paraiso Água e Gás;;endereco;Rua Ernesto Geisel, 851, Parauapebas - PA, 68515-000, Brasil;Rua Ernesto Geisel 851 Parauapebas PA 68515000 Brazil;Parauapebas;PA;68515000;-6.08963;-49.87592;-6.08963;-49.87592;;MEDIO;CEP generico de cidade, nao de rua (2,4x mais falha)
2886;Patinho Gás | Gás em Parauapebas;;endereco;Estrada Vs-10, 7, Parauapebas - PA, 68515-000, Brasil;Estrada Vs 10 7 Parauapebas PA 68515000 Brazil;Parauapebas;PA;68515000;-6.08842;-49.89765;-6.08842;-49.89765;;ALTO;"endereco de rodovia (57-67% falharam); CEP generico de cidade, nao de rua (2,4x mais falha)"
2887;PBS GÁS;;endereco;Rua Dezesseis, Parauapebas - PA, 68515-000, Brasil;Rua Dezesseis Parauapebas PA 68515000 Brazil;Parauapebas;PA;68515000;-6.06525;-49.89977;-6.06525;-49.89977;;ALTO;"sem numero de porta; CEP generico de cidade, nao de rua (2,4x mais falha)"
2888;Quero Gás;;endereco;Rua Gibraltar, 1077, Parauapebas - PA, 68515-000, Brasil;Rua Gibraltar 1077 Parauapebas PA 68515000 Brazil;Parauapebas;PA;68515000;-6.04879;-49.89228;-6.04879;-49.89228;;MEDIO;CEP generico de cidade, nao de rua (2,4x mais falha)
2889;REAL GAS;;endereco;Avenida Princesa Isabel, 22, Parauapebas - PA, 68515-000, Brasil;Avenida Princesa Isabel 22 Parauapebas PA 68515000 Brazil;Parauapebas;PA;68515000;-6.07841;-49.91223;-6.07841;-49.91223;;MEDIO;CEP generico de cidade, nao de rua (2,4x mais falha)
2890;Regás;;endereco;Avenida Guanabara, 88, Parauapebas - PA, 68515-000, Brasil;Avenida Guanabara 88 Parauapebas PA 68515000 Brazil;Parauapebas;PA;68515000;-6.07717;-49.90031;-6.07717;-49.90031;;MEDIO;CEP generico de cidade, nao de rua (2,4x mais falha)
2891;Roberto Gás;;endereco;Rua Santo Antônio, 1120, Parauapebas - PA, 68515-000, Brasil;Rua Santo Antonio 1120 Parauapebas PA 68515000 Brazil;Parauapebas;PA;68515000;-6.05054;-49.89013;-6.05054;-49.89013;;MEDIO;CEP generico de cidade, nao de rua (2,4x mais falha)
2892;Ronaldo Gás /Gas Parauapebas;;endereco;Avenida Aracajú, 401, Parauapebas - PA, 68515-000, Brasil;Avenida Aracaju 401 Parauapebas PA 68515000 Brazil;Parauapebas;PA;68515000;-6.09428;-49.88502;-6.09428;-49.88502;;MEDIO;CEP generico de cidade, nao de rua (2,4x mais falha)
2893;SEDEX GAS;;endereco;Rua Rui Barbosa, 217, Parauapebas - PA, 68515-000, Brasil;Rua Rui Barbosa 217 Parauapebas PA 68515000 Brazil;Parauapebas;PA;68515000;-6.09072;-49.89033;-6.09072;-49.89033;;MEDIO;CEP generico de cidade, nao de rua (2,4x mais falha)
2894;Serve Mais Gás | Paraupebas;;endereco;Farmácia Artesanal, Rua Treze, Parauapebas - PA, 68515-000, Brasil;Rua Treze Parauapebas PA 68515000 Brazil;Parauapebas;PA;68515000;-6.06737;-49.90315;-6.06737;-49.90315;;ALTO;"sem numero de porta; CEP generico de cidade, nao de rua (2,4x mais falha)"
2895;Tocantins Gás;;endereco;Rua 15, Parauapebas - PA, 68515-000, Brasil;Rua 15 Parauapebas PA 68515000 Brazil;Parauapebas;PA;68515000;-6.06698;-49.90242;-6.06698;-49.90242;;ALTO;"logradouro sem nome; CEP generico de cidade, nao de rua (2,4x mais falha)"
2896;União gás e água;;endereco;Rua Macedônia, 501, Parauapebas - PA, 68515-000, Brasil;Rua Macedonia 501 Parauapebas PA 68515000 Brazil;Parauapebas;PA;68515000;-6.06064;-49.88979;-6.06064;-49.88979;;MEDIO;CEP generico de cidade, nao de rua (2,4x mais falha)
2897;VALE GÁS;;endereco;Rua Antônio Bandeira, 14, Parauapebas - PA, 68515-000, Brasil;Rua Antonio Bandeira 14 Parauapebas PA 68515000 Brazil;Parauapebas;PA;68515000;-6.08376;-49.91286;-6.08376;-49.91286;;MEDIO;CEP generico de cidade, nao de rua (2,4x mais falha)
2898;VOVO GAS;;endereco;Rua Aroeira, Parauapebas - PA, 68515-000, Brasil;Rua Aroeira Parauapebas PA 68515000 Brazil;Parauapebas;PA;68515000;-6.11912;-49.90388;-6.11912;-49.90388;;ALTO;"sem numero de porta; CEP generico de cidade, nao de rua (2,4x mais falha)"
2899;️ Capixaba Gás Parauapebas | Gás & Água | Ligou Chegou | Entrega Rápida | Aqui seu dinheiro rende mais!;;endereco;Rua Nova Conquista, 395, Parauapebas - PA, 68515-000, Brasil;Rua Nova Conquista 395 Parauapebas PA 68515000 Brazil;Parauapebas;PA;68515000;-6.05772;-49.89016;-6.05772;-49.89016;;MEDIO;CEP generico de cidade, nao de rua (2,4x mais falha)
2900;Acari Gás;;endereco;Travessa Vinte e Dois de Agosto, 2, Pérola do Maicá, Santarém - PA, 68046-090, Brasil;Travessa Vinte e Dois de Agosto 2 Santarem PA 68045250 Brazil;Santarém;PA;68045250;-2.46121;-54.6748;-2.46121;-54.6748;Pérola do Maicá;;
2901;Alcides Gás;;endereco;Travessa Rouxinol, 339, Floresta, Santarém - PA, 68025-060, Brasil;Travessa Rouxinol 339 Santarem PA 68025060 Brazil;Santarém;PA;68025060;-2.45727;-54.71972;-2.45727;-54.71972;Floresta;;
2902;AR Gás Filial;;endereco;Avenida Rui Barbosa, 3578, Liberdade, Santarém - PA, 68040-030, Brasil;Avenida Rui Barbosa 3578 Santarem PA 68040270 Brazil;Santarém;PA;68040270;-2.42513;-54.73881;-2.42513;-54.73881;Liberdade;;
2903;Azul Gás;;endereco;Travessa Geraldo Pastana, 528, Alvorada, Santarém - PA, 68042-030, Brasil;Travessa Geraldo Pastana 528 Santarem PA 68042030 Brazil;Santarém;PA;68042030;-2.45408;-54.75434;-2.45408;-54.75434;Alvorada;;
2904;BIG GAS;;endereco;Beco Beija-Flor, 195, Jardim Santarém, Santarém - PA, 68025-165, Brasil;Beco Beija Flor 195 Santarem PA 68030770 Brazil;Santarém;PA;68030770;-2.43791;-54.72154;-2.43791;-54.72154;Jardim Santarém;;
2905;Brasil Gás;;endereco;Travessa Vinte e Oito, 22, Nova República, Santarém - PA, 68025-520, Brasil;Travessa Vinte e Oito 22 Santarem PA 68025530 Brazil;Santarém;PA;68025530;-2.47018;-54.72052;-2.47018;-54.72052;Nova República;;
2906;Centro de Distribuição Fogás - Santarém;;endereco;Rua do Sale, Salé, Santarém - PA, 68040-390, Brasil;Rua do Sale Santarem PA 68040400 Brazil;Santarém;PA;68040400;-2.41542;-54.73915;-2.41542;-54.73915;Salé;ALTO;sem numero de porta
2907;Davi Gás;;endereco;Rua Ituqui, 816, Santana, Santarém - PA, 68035-670, Brasil;Rua Ituqui 816 Santarem PA 68015280 Brazil;Santarém;PA;68015280;-2.4342;-54.69242;-2.4342;-54.69242;Santana;;
2908;Digás - Distribuidora de Água e Gás em Santarém;;endereco;Alameda A, 5, Interventoria, Santarém - PA, 68010-242, Brasil;Alameda A 5 Santarem PA 68015680 Brazil;Santarém;PA;68015680;-2.4429;-54.70448;-2.4429;-54.70448;Interventoria;;
2909;Disk Gabriel Gás Santarém | ParaGás.;;endereco;Rua Jader Barbalho, 91, Ipanema, Santarém - PA, 68025-873, Brasil;Rua Jader Barbalho 91 Santarem PA 68025490 Brazil;Santarém;PA;68025490;-2.473;-54.72443;-2.473;-54.72443;Ipanema;;
2910;Disk Liquigás;;endereco;Travessa Tomé de Souza, 85, Santarenzinho, Santarém - PA, 68035-310, Brasil;Travessa Tome de Souza 85 Santarem PA 68035310 Brazil;Santarém;PA;68035310;-2.44568;-54.74166;-2.44568;-54.74166;Santarenzinho;;
2911;DISK ÁGUA E GÁS SEADE;;endereco;Travessa Moraes Sarmento, 894, Santa Clara, Santarém - PA, 68005-360, Brasil;Travessa Moraes Sarmento 894 Santarem PA 68005330 Brazil;Santarém;PA;68005330;-2.42669;-54.71545;-2.42669;-54.71545;Santa Clara;;
2912;Diva Gás;;endereco;Rua IP, 141, Matinha, Santarém - PA, 68030-140, Brasil;Rua IP 141 Santarem PA 68030140 Brazil;Santarém;PA;68030140;-2.46321;-54.73052;-2.46321;-54.73052;Matinha;;
2913;Edgas;;endereco;Avenida Presidente Vargas, 2599, Aparecida, Santarém - PA, 68040-060, Brasil;Avenida Presidente Vargas 2599 Santarem PA 68040060 Brazil;Santarém;PA;68040060;-2.4268;-54.72421;-2.4268;-54.72421;Aparecida;;
2914;EGUA DO GAS PARAGÁS;;endereco;Rua Angelim, 570, Nova Vitória, Santarém - PA, 68035-250, Brasil;Rua Angelim 570 Santarem PA 68035790 Brazil;Santarém;PA;68035790;-2.43896;-54.75033;-2.43896;-54.75033;Nova Vitória;;
2915;Esperança Gás III;;endereco;Beco Santo Antônio, 56, Esperança, Santarém - PA, 68015-660, Brasil;Beco Santo Antonio 56 Santarem PA 68030190 Brazil;Santarém;PA;68030190;-2.44988;-54.72606;-2.44988;-54.72606;Esperança;;
2916;Extra Gás Santarém;;endereco;Travessa C, 1330, Maracanã I, Santarém - PA, Brasil;Travessa C 1330 Santarem PA Brazil;Santarém;PA;;-2.43817;-54.75492;-2.43817;-54.75492;Maracanã I;;
2917;G&C COMÉRCIO E GÁS;;endereco;Rua da Amizade, 3171, Caranazal, Santarém - PA, 68040-640, Brasil;Rua da Amizade 3171 Santarem PA 68040640 Brazil;Santarém;PA;68040640;-2.42995;-54.72849;-2.42995;-54.72849;Caranazal;;
2918;Gago Gás e Água;;endereco;Travessa Bom Jardim, 873, Santo André, Santarém - PA, Brasil;Travessa Bom Jardim 873 Santarem PA 68022060 Brazil;Santarém;PA;68022060;-2.46148;-54.7063;-2.46148;-54.7063;Santo André;;
2919;J E S Correa - PARAGÁS;;endereco;Avenida Curua-una, 87, São José Operário, Santarém - PA, 68020-650, Brasil;Avenida Curua una 87 Santarem PA 68040000 Brazil;Santarém;PA;68040000;-2.45588;-54.69883;-2.45588;-54.69883;São José Operário;MEDIO;CEP generico de cidade, nao de rua (2,4x mais falha)
2920;JB Gás;;endereco;Travessa Jasmim, 2665, Aeroporto Velho, Santarém - PA, 68020-210, Brasil;Travessa Jasmim 2665 Santarem PA 68020210 Brazil;Santarém;PA;68020210;-2.44508;-54.71913;-2.44508;-54.71913;Aeroporto Velho;;
2921;JB Gás - Distribuidora de Gás em Santarém;;endereco;Travessa Resistência, 528, São Cristóvão, Santarém - PA, 68047-010, Brasil;Travessa Resistencia 528 Santarem PA 68035150 Brazil;Santarém;PA;68035150;-2.45262;-54.75238;-2.45262;-54.75238;São Cristóvão;;
2922;Júnior Gás;;endereco;Rua Sofia Imbiriba, 522, Liberdade, Santarém - PA, 68040-270, Brasil;Rua Sofia Imbiriba 522 Santarem PA 68040270 Brazil;Santarém;PA;68040270;-2.42623;-54.7417;-2.42623;-54.7417;Liberdade;;
2923;K-GAS;;endereco;Travessa Sete de Setembro, 469, Aldeia, Santarém - PA, 68005-590, Brasil;Travessa Sete de Setembro 469 Santarem PA 68040610 Brazil;Santarém;PA;68040610;-2.42305;-54.71973;-2.42305;-54.71973;Aldeia;;
2924;Mamãe Gás;;endereco;Rua Afonso Pena, 30, Santíssimo, Santarém - PA, 68010-140, Brasil;Rua Afonso Pena 30 Santarem PA 68010140 Brazil;Santarém;PA;68010140;-2.4335;-54.70933;-2.4335;-54.70933;Santíssimo;;
2925;MB Gás;;endereco;Avenida Irura, 340, Caranazal, Santarém - PA, 68040-110, Brasil;Avenida Irura 340 Santarem PA 68030650 Brazil;Santarém;PA;68030650;-2.43662;-54.73078;-2.43662;-54.73078;Caranazal;;
2926;Mc Gas;;endereco;Avenida Gonçalves Dias, 106, Santana, Santarém - PA, 68015-130, Brasil;Avenida Goncalves Dias 106 Santarem PA 68010330 Brazil;Santarém;PA;68010330;-2.43168;-54.69992;-2.43168;-54.69992;Santana;;
2927;MENINO DO GÁS;;endereco;Avenida Hortência, 1821, Jardim Santarém, Santarém - PA, 68030-310, Brasil;Avenida Hortencia 1821 Santarem PA 68005480 Brazil;Santarém;PA;68005480;-2.44248;-54.7226;-2.44248;-54.7226;Jardim Santarém;;
2928;Nacional Gás;;endereco;Beco do Sacrifício, 93, Caranazal, Santarém - PA, 68040-300, Brasil;Beco do Sacrificio 93 Santarem PA 68040300 Brazil;Santarém;PA;68040300;-2.43126;-54.73759;-2.43126;-54.73759;Caranazal;;
2929;Negão gás;;endereco;Rua Juá, 35, Maracanã, Santarém - PA, 68035-740, Brasil;Rua Jua 35 Santarem PA 68035740 Brazil;Santarém;PA;68035740;-2.44471;-54.7467;-2.44471;-54.7467;Maracanã;;
2930;Neto Gás;;endereco;Rua Paraná, 214, Santarenzinho, Santarém - PA, Brasil;Rua Parana 214 Santarem PA 68035335 Brazil;Santarém;PA;68035335;-2.44553;-54.73852;-2.44553;-54.73852;Santarenzinho;;
2931;Nosso gás;;endereco;Avenida São Sebastião, 1349, Aldeia, Santarém - PA, 68005-445, Brasil;Avenida Sao Sebastiao 1349 Santarem PA 68005590 Brazil;Santarém;PA;68005590;-2.4227;-54.72008;-2.4227;-54.72008;Aldeia;;
2932;Papai Gás Distribuidora De Gás;;endereco;Avenida Mangabeira, 809, Diamantino, Santarém - PA, 68020-450, Brasil;Avenida Mangabeira 809 Santarem PA 68010050 Brazil;Santarém;PA;68010050;-2.45311;-54.70609;-2.45311;-54.70609;Diamantino;;
2933;Paragas Distribuidora;;endereco;Rua Vinte e Quatro de Outubro, 3477, Salé, Santarém - PA, 68005-040, Brasil;Rua Vinte e Quatro de Outubro 3477 Santarem PA 68040010 Brazil;Santarém;PA;68040010;-2.42356;-54.74185;-2.42356;-54.74185;Salé;;
2934;Parati gás aeroporto-velho;;endereco;Alameda Vinte e Um, 13, Aeroporto Velho, Santarém - PA, 68020-310, Brasil;Alameda Vinte e Um 13 Santarem PA 68020310 Brazil;Santarém;PA;68020310;-2.4462;-54.71966;-2.4462;-54.71966;Aeroporto Velho;;
2935;RD Gás e Àgua;;endereco;Travessa Natal, 320, Aeroporto Velho, Santarém - PA, 68020-050, Brasil;Travessa Natal 320 Santarem PA 68020050 Brazil;Santarém;PA;68020050;-2.44821;-54.71814;-2.44821;-54.71814;Aeroporto Velho;;
2936;Re Gás;;endereco;Avenida Plácido de Castro, 1773, Aparecida, Santarém - PA, 68040-090, Brasil;Avenida Placido de Castro 1773 Santarem PA 68040090 Brazil;Santarém;PA;68040090;-2.43097;-54.71882;-2.43097;-54.71882;Aparecida;;
2937;Regional Gás Liquigás;;endereco;Travessa Barjonas de Miranda, 90, Aldeia, Santarém - PA, 68040-520, Brasil;Travessa Barjonas de Miranda 90 Santarem PA 68040520 Brazil;Santarém;PA;68040520;-2.4204;-54.72343;-2.4204;-54.72343;Aldeia;;
2938;REVENDA DE GAS;;endereco;Avenida Santos Dumont, 318, Interventoria, Santarém - PA, 68015-180, Brasil;Avenida Santos Dumont 318 Santarem PA 68015180 Brazil;Santarém;PA;68015180;-2.43696;-54.70713;-2.43696;-54.70713;Interventoria;;
2939;REVENDA DE GAS = ARTHUR GÁS;;endereco;Avenida Álvaro Adolfo, 666, Santíssimo, Santarém - PA, 68005-150, Brasil;Avenida Alvaro Adolfo 666 Santarem PA 68005150 Brazil;Santarém;PA;68005150;-2.42722;-54.70548;-2.42722;-54.70548;Santíssimo;;
2940;Revenda de Gás Santarém, Mega Gás - Jaderlandia;;endereco;Avenida Dom Frederico Costa, Jaderlândia, Santarém - PA, 68045-060, Brasil;Avenida Dom Frederico Costa Santarem PA 68045060 Brazil;Santarém;PA;68045060;-2.47307;-54.68281;-2.47307;-54.68281;Jaderlândia;ALTO;sem numero de porta
2941;Rs Gás;;endereco;Avenida Muiraquitã, 2010, Livramento, Santarém - PA, 68010-680, Brasil;Avenida Muiraquita 2010 Santarem PA 68010130 Brazil;Santarém;PA;68010130;-2.44241;-54.70088;-2.44241;-54.70088;Livramento;;
2942;Ruiva Gás - Fernando Guilhon;;endereco;Avenida Engenheiro Fernando Guilhon, 119, Santarenzinho, Santarém - PA, 68035-000, Brasil;Avenida Engenheiro Fernando Guilhon 119 Santarem PA 68035000 Brazil;Santarém;PA;68035000;-2.44517;-54.74451;-2.44517;-54.74451;Santarenzinho;MEDIO;CEP generico de cidade, nao de rua (2,4x mais falha)
2943;RUIVA GÁS - SANTARÉM;;endereco;Rua Xingu, 570, Interventoria, Santarém - PA, 68020-140, Brasil;Rua Xingu 570 Santarem PA 68020290 Brazil;Santarém;PA;68020290;-2.44514;-54.71144;-2.44514;-54.71144;Interventoria;;
2944;Rápido Gás;;endereco;Rua Vinte e Quatro de Outubro, 995, Aldeia, Santarém - PA, 68005-040, Brasil;Rua Vinte e Quatro de Outubro 995 Santarem PA 68005040 Brazil;Santarém;PA;68005040;-2.41935;-54.7197;-2.41935;-54.7197;Aldeia;;
2945;Santa Gás- Supergasbras;;endereco;Rua Juá, 89, Maracanã, Santarém - PA, 68035-740, Brasil;Rua Jua 89 Santarem PA 68035740 Brazil;Santarém;PA;68035740;-2.44395;-54.74502;-2.44395;-54.74502;Maracanã;;
2946;Santarém Gás;;endereco;Travessa Moraes Sarmento, 633, Santa Clara, Santarém - PA, 68005-360, Brasil;Travessa Moraes Sarmento 633 Santarem PA 68005360 Brazil;Santarém;PA;68005360;-2.42459;-54.71755;-2.42459;-54.71755;Santa Clara;;
2947;Super Gás;;endereco;Travessa Vinte e Oito, 4, Nova República, Santarém - PA, 68025-520, Brasil;Travessa Vinte e Oito 4 Santarem PA 68025760 Brazil;Santarém;PA;68025760;-2.47035;-54.72057;-2.47035;-54.72057;Nova República;;
2948;TodoGás - Anísio Cháves;;endereco;Avenida Doutor Anysio Chaves, Jardim Santarém, Santarém - PA, 68030-535, Brasil;Avenida Doutor Anysio Chaves Santarem PA 68030535 Brazil;Santarém;PA;68030535;-2.44409;-54.72257;-2.44409;-54.72257;Jardim Santarém;ALTO;sem numero de porta
2949;União Gás Vitória;;endereco;Travessa Rocha Negra, 148, Nova Vitória, Santarém - PA, 68035-190, Brasil;Travessa Rocha Negra 148 Santarem PA 68035190 Brazil;Santarém;PA;68035190;-2.44305;-54.75019;-2.44305;-54.75019;Nova Vitória;;
2950;Veloz Gás;;endereco;Avenida Curua-una, 765, Santíssimo, Santarém - PA, 68010-000, Brasil;Avenida Curua una 765 Santarem PA 68010000 Brazil;Santarém;PA;68010000;-2.42904;-54.70743;-2.42904;-54.70743;Santíssimo;MEDIO;CEP generico de cidade, nao de rua (2,4x mais falha)
2951;Vera Gás;;endereco;Rua Andre Teixeira, 13, Matinha, Santarém - PA, 68025-770, Brasil;Rua Andre Teixeira 13 Santarem PA 68030045 Brazil;Santarém;PA;68030045;-2.46995;-54.72546;-2.46995;-54.72546;Matinha;;
2952;Vieira Gás e Água;;endereco;Avenida Muiraquitã, 1, Aeroporto Velho, Santarém - PA, 68020-530, Brasil;Avenida Muiraquita 1 Santarem PA 68015680 Brazil;Santarém;PA;68015680;-2.44571;-54.71912;-2.44571;-54.71912;Aeroporto Velho;;
2953;Rainha do Gás Vigia;;endereco;Travessa Generalíssimo Deodoro, 165, Vigia - PA, 68780-000, Brasil;Travessa Generalissimo Deodoro 165 Vigia PA 68780000 Brazil;Vigia;PA;68780000;-0.85493;-48.14479;-0.85493;-48.14479;;MEDIO;CEP generico de cidade, nao de rua (2,4x mais falha)
2954;Disk Gás e Água Intermares;;endereco;Rua Mar das Antilhas, 188, Intermares, Cabedelo - PB, 58102-212, Brasil;Rua Mar das Antilhas 188 Cabedelo PB 58102019 Brazil;Cabedelo;PB;58102019;-7.03612;-34.84131;-7.03612;-34.84131;Intermares;;
2955;Portal Gás e Água;;endereco;Quadra Oito, Portal do Poço, Cabedelo - PB, 58310-000, Brasil;Quadra Oito Cabedelo PB 58106063 Brazil;Cabedelo;PB;58106063;-7.0277;-34.84433;-7.0277;-34.84433;Portal do Poço;ALTO;sem numero de porta
2956;Poço gás;;endereco;Rua Carolina Cardoso, 573, Poço, Cabedelo - PB, 58101-502, Brasil;Rua Carolina Cardoso 573 Cabedelo PB 58310000 Brazil;Cabedelo;PB;58310000;-7.02077;-34.83288;-7.02077;-34.83288;Poço;MEDIO;CEP generico de cidade, nao de rua (2,4x mais falha)
2957;Socorro Gás;;endereco;Rua João Castor de Sena, 22, Jardim Brasília, Cabedelo - PB, 58103-382, Brasil;Rua Joao Castor de Sena 22 Cabedelo PB 58310000 Brazil;Cabedelo;PB;58310000;-6.98679;-34.832;-6.98679;-34.832;Jardim Brasília;MEDIO;CEP generico de cidade, nao de rua (2,4x mais falha)
2958;AC Água Mineral e gás;;endereco;Rua Sinhazinha Oliveira, 336, Palmeira, Campina Grande - PB, 58400-672, Brasil;Rua Sinhazinha Oliveira 336 Campina Grande PB 58401105 Brazil;Campina Grande;PB;58401105;-7.21012;-35.89614;-7.21012;-35.89614;Palmeira;;
2959;Alex Gás;;endereco;Rua Senador Epitácio Pessoa Cavalcante, 603, Pedregal, Campina Grande - PB, 58428-710, Brasil;Rua Senador Epitacio Pessoa Cavalcante 603 Campina Grande PB 58428605 Brazil;Campina Grande;PB;58428605;-7.22256;-35.90491;-7.22256;-35.90491;Pedregal;;
2960;Alexandre Gás;;endereco;Rua Fernandes Vieira, 501, José Pinheiro, Campina Grande - PB, 58407-573, Brasil;Rua Fernandes Vieira 501 Campina Grande PB 58407450 Brazil;Campina Grande;PB;58407450;-7.2262;-35.87295;-7.2262;-35.87295;José Pinheiro;;
2961;Alisson gás e bebidas;;endereco;Rua Assembléia de Deus, 3026, Universitário, Campina Grande - PB, Brasil;Rua Assembleia de Deus 3026 Campina Grande PB 58429220 Brazil;Campina Grande;PB;58429220;-7.2071;-35.90554;-7.2071;-35.90554;Universitário;;
2962;Alô Gás;;endereco;Rua Antônio Luiz da Silva, 5, Bodocongó, Campina Grande - PB, 58406-813, Brasil;Rua Antonio Luiz da Silva 5 Campina Grande PB 58430015 Brazil;Campina Grande;PB;58430015;-7.22951;-35.91345;-7.22951;-35.91345;Bodocongó;;
2963;anderson gas;;endereco;Rua Henrique Dias, 587, Louzeiro, Campina Grande - PB, 58403-020, Brasil;Rua Henrique Dias 587 Campina Grande PB 58401236 Brazil;Campina Grande;PB;58401236;-7.20755;-35.88908;-7.20755;-35.88908;Louzeiro;;
2964;Anderson Gás;;endereco;Avenida Quinze de Novembro, 891, Palmeira, Campina Grande - PB, 58401-063, Brasil;Avenida Quinze de Novembro 891 Campina Grande PB 58401075 Brazil;Campina Grande;PB;58401075;-7.20694;-35.89368;-7.20694;-35.89368;Palmeira;;
2965;Barreto Gás;;endereco;Rua Olga Azevedo de Oliveira, 619, Rua Olga de Azevedo de Oliveira, Nova Brasília, Campina Grande - PB, 58406-850, Brasil;Rua Olga Azevedo de Oliveira 619 Campina Grande PB 58406850 Brazil;Campina Grande;PB;58406850;-7.21624;-35.8636;-7.21624;-35.8636;Rua Olga de Azevedo de Oliveira Nova Brasília;;
2966;Bira Gás;;endereco;Rua Santa Catarina, 1025A, Liberdade, Campina Grande - PB, 58414-035, Brasil;Rua Santa Catarina 1025A Campina Grande PB 58414035 Brazil;Campina Grande;PB;58414035;-7.2395;-35.89091;-7.2395;-35.89091;Liberdade;;
2967;Brasil Gás;;endereco;Rua Sinhazinha Oliveira, 288, Monte Santo, Campina Grande - PB, 58400-672, Brasil;Rua Sinhazinha Oliveira 288 Campina Grande PB 58400690 Brazil;Campina Grande;PB;58400690;-7.2126;-35.89738;-7.2126;-35.89738;Monte Santo;;
2968;BrasilGás;;endereco;Rua São Rafael, 28A, Jeremias, Campina Grande - PB, 58404-072, Brasil;Rua Sao Rafael 28A Campina Grande PB 58404222 Brazil;Campina Grande;PB;58404222;-7.20482;-35.89791;-7.20482;-35.89791;Jeremias;;
2969;CAMPINA GÁS;;endereco;Rua José Aroldo Faustino, 340, Três Irmãs, Campina Grande - PB, 58423-528, Brasil;Rua Jose Aroldo Faustino 340 Campina Grande PB 58423528 Brazil;Campina Grande;PB;58423528;-7.25533;-35.92603;-7.25533;-35.92603;Três Irmãs;;
2970;CampinaGás;;endereco;Rua Agro. João Maurício de Medeiros, 326, Monte Santo, Campina Grande - PB, 58400-690, Brasil;Rua Agro Joao Mauricio de Medeiros 326 Campina Grande PB 58400690 Brazil;Campina Grande;PB;58400690;-7.21253;-35.89775;-7.21253;-35.89775;Monte Santo;;
2971;CATOLÉ GÁS E ÁGUA MINERAL;;endereco;Avenida Antônio Villarim, 404, Sandra Cavalcante, Campina Grande - PB, 58410-685, Brasil;Avenida Antonio Villarim 404 Campina Grande PB 58410685 Brazil;Campina Grande;PB;58410685;-7.24129;-35.87168;-7.24129;-35.87168;Sandra Cavalcante;;
2972;Central Gás - Revenda Liquigás;;endereco;Rua Fernandes Vieira, 501, José Pinheiro, Campina Grande - PB, 58407-573, Brasil;Rua Fernandes Vieira 501 Campina Grande PB 58407490 Brazil;Campina Grande;PB;58407490;-7.2262;-35.87295;-7.2262;-35.87295;José Pinheiro;;
2973;CORINGA GÁS E ÁGUA;;endereco;Rua Senador Nereu Ramos, 251, Catolé, Campina Grande - PB, 58410-122, Brasil;Rua Senador Nereu Ramos 251 Campina Grande PB 58410215 Brazil;Campina Grande;PB;58410215;-7.2289;-35.87609;-7.2289;-35.87609;Catolé;;
2974;DAVI ÁGUA E GÁS;;endereco;Rua Manoel Porto, 80, Santa Rosa, Campina Grande - PB, 58416-518, Brasil;Rua Manoel Porto 80 Campina Grande PB 58416518 Brazil;Campina Grande;PB;58416518;-7.23702;-35.90922;-7.23702;-35.90922;Santa Rosa;;
2975;Depósito De Gás;;endereco;Rua Sinhazinha Oliveira, 288, Monte Santo, Campina Grande - PB, 58400-672, Brasil;Rua Sinhazinha Oliveira 288 Campina Grande PB 58400745 Brazil;Campina Grande;PB;58400745;-7.2126;-35.89738;-7.2126;-35.89738;Monte Santo;;
2976;Disk Gás (Empresa de Gás);;endereco;Rua Malaquias Souza do Ó, 129A, Mirante, Campina Grande - PB, 58407-563, Brasil;Rua Malaquias Souza do O 129A Campina Grande PB 58400000 Brazil;Campina Grande;PB;58400000;-7.23175;-35.86806;-7.23175;-35.86806;Mirante;MEDIO;CEP generico de cidade, nao de rua (2,4x mais falha)
2977;disk água e gás/mecinho;;endereco;Rua Curemas, 300A, Catolé, Campina Grande - PB, 58410-308, Brasil;Rua Curemas 300A Campina Grande PB 58410308 Brazil;Campina Grande;PB;58410308;-7.23278;-35.87849;-7.23278;-35.87849;Catolé;;
2978;Estação do Gás - Liquigás;;endereco;Rua Professora Severina Ramos da Silva, 271, Sandra Cavalcante, Campina Grande - PB, 58410-820, Brasil;Rua Professora Severina Ramos da Silva 271 Campina Grande PB 58410820 Brazil;Campina Grande;PB;58410820;-7.24481;-35.87615;-7.24481;-35.87615;Sandra Cavalcante;;
2979;Giro Gás;;endereco;Avenida Dinamérica Alves Correia, 1039, Santa Cruz, Campina Grande - PB, 58416-682, Brasil;Avenida Dinamerica Alves Correia 1039 Campina Grande PB 58417160 Brazil;Campina Grande;PB;58417160;-7.24298;-35.91095;-7.24298;-35.91095;Santa Cruz;;
2980;GS GÁS ULTRAGAZ;;endereco;Rua Senador Argemiro de Figueiredo, 280, Sandra Cavalcante, Campina Grande - PB, Brasil;Rua Senador Argemiro de Figueiredo 280 Campina Grande PB 58410666 Brazil;Campina Grande;PB;58410666;-7.24753;-35.87207;-7.24753;-35.87207;Sandra Cavalcante;;
2981;Gás Mais | Gás em Campina Grande;;endereco;Rua Olga de Azevedo de Oliveira, 138, Nova Brasília, Campina Grande - PB, 58406-850, Brasil;Rua Olga de Azevedo de Oliveira 138 Campina Grande PB 58406850 Brazil;Campina Grande;PB;58406850;-7.22029;-35.86211;-7.22029;-35.86211;Nova Brasília;;
2982;JD Água e Gás;;endereco;Rua Afonso Agra Filho, 4, Castelo Branco, Campina Grande - PB, 58406-135, Brasil;Rua Afonso Agra Filho 4 Campina Grande PB 58406135 Brazil;Campina Grande;PB;58406135;-7.21334;-35.8701;-7.21334;-35.8701;Castelo Branco;;
2983;KUKA GÁS;;endereco;Rua Fernandes Vieira, 509, José Pinheiro, Campina Grande - PB, 58407-573, Brasil;Rua Fernandes Vieira 509 Campina Grande PB 58407240 Brazil;Campina Grande;PB;58407240;-7.22625;-35.87267;-7.22625;-35.87267;José Pinheiro;;
2984;Ligeirinho Gás e Água;;endereco;Rua Querubina Pereira dos Santos, 6, Malvinas, Campina Grande - PB, 58432-667, Brasil;Rua Querubina Pereira dos Santos 6 Campina Grande PB 58432667 Brazil;Campina Grande;PB;58432667;-7.24768;-35.92514;-7.24768;-35.92514;Malvinas;;
2985;Mano's Gás;;endereco;Rua Chile, 135, Monte Castelo, Campina Grande - PB, 58407-055, Brasil;Rua Chile 135 Campina Grande PB 58407055 Brazil;Campina Grande;PB;58407055;-7.21973;-35.86765;-7.21973;-35.86765;Monte Castelo;;
2986;Melhor Gás;;endereco;Rua Rodrigues de Farias, 158, Santa Rosa, Campina Grande - PB, 58416-595, Brasil;Rua Rodrigues de Farias 158 Campina Grande PB 58416595 Brazil;Campina Grande;PB;58416595;-7.23579;-35.90417;-7.23579;-35.90417;Santa Rosa;;
2987;Novinho Gás;;endereco;Rua Francisco Afonso de Albuquerque, 132A, Conceição, Campina Grande - PB, 58401-225, Brasil;Rua Francisco Afonso de Albuquerque 132A Campina Grande PB 58401222 Brazil;Campina Grande;PB;58401222;-7.20863;-35.88732;-7.20863;-35.88732;Conceição;;
2988;Novinho Gás;;endereco;Avenida Marechal Floriano Peixoto, 43, Prata, Campina Grande - PB, 58402-000, Brasil;Avenida Marechal Floriano Peixoto 43 Campina Grande PB 58400464 Brazil;Campina Grande;PB;58400464;-7.22416;-35.89435;-7.22416;-35.89435;Prata;;
2989;PL Distribuidora de Água e Gás;;endereco;Rua João Francisco da Mota, 268, Catolé, Campina Grande - PB, 58410-253, Brasil;Rua Joao Francisco da Mota 268 Campina Grande PB 58410253 Brazil;Campina Grande;PB;58410253;-7.23585;-35.88096;-7.23585;-35.88096;Catolé;;
2990;Posto Unigás - Gás de Cozinha 24h;;endereco;Avenida Joaquim Caroca, 517, Universitário, Campina Grande - PB, 58429-120, Brasil;Avenida Joaquim Caroca 517 Campina Grande PB 58429120 Brazil;Campina Grande;PB;58429120;-7.21736;-35.91304;-7.21736;-35.91304;Universitário;;
2991;Programa Compre Seu Gás;;endereco;Malha Mania, Rua Peregrino de Carvalho, Centro de Campina Grande, Campina Grande - PB, 58400-143, Brasil;Rua Peregrino de Carvalho Campina Grande PB 58400143 Brazil;Campina Grande;PB;58400143;-7.21739;-35.88201;-7.21739;-35.88201;Centro de Campina Grande;ALTO;sem numero de porta
2992;Queiroz Gás - Brasil Gás;;endereco;Avenida Elpídio de Almeida, 601, Catolé, Campina Grande - PB, 58410-215, Brasil;Avenida Elpidio de Almeida 601 Campina Grande PB 58410124 Brazil;Campina Grande;PB;58410124;-7.23116;-35.87726;-7.23116;-35.87726;Catolé;;
2993;RGB Brasil Gás;;endereco;Avenida Assis Chateaubriand, 1795, Tambor, Campina Grande - PB, 58414-500, Brasil;Avenida Assis Chateaubriand 1795 Campina Grande PB 58414500 Brazil;Campina Grande;PB;58414500;-7.24427;-35.88763;-7.24427;-35.88763;Tambor;;
2994;Rgb Brasilgas;;endereco;Men's Fashion Moda Masculina, Rua Campos Sales, 292a, José Pinheiro, Campina Grande - PB, 58407-450, Brasil;Rua Campos Sales 292a Campina Grande PB 58105683 Brazil;Campina Grande;PB;58105683;-7.22286;-35.87303;-7.22286;-35.87303;José Pinheiro;;
2995;Sergio Gás;;endereco;Rua Manoel do Canal, 111A, Pedregal, Campina Grande - PB, 58429-166, Brasil;Rua Manoel do Canal 111A Campina Grande PB 58428545 Brazil;Campina Grande;PB;58428545;-7.22288;-35.90889;-7.22288;-35.90889;Pedregal;;
2996;Shoppinng do Gás;;endereco;Rua Joselita Reis Brasileiro, 382, Catolé, Campina Grande - PB, 58410-357, Brasil;Rua Joselita Reis Brasileiro 382 Campina Grande PB 58410357 Brazil;Campina Grande;PB;58410357;-7.23339;-35.88017;-7.23339;-35.88017;Catolé;;
2997;Super Gás Com de Gás;;endereco;Avenida Dinamérica Alves Correia, 920, Dinamérica, Campina Grande - PB, 58416-682, Brasil;Avenida Dinamerica Alves Correia 920 Campina Grande PB 58417095 Brazil;Campina Grande;PB;58417095;-7.23717;-35.91101;-7.23717;-35.91101;Dinamérica;;
2998;Super Gás santo Antônio;;endereco;Rua Santo Antônio, 727, Castelo Branco, Campina Grande - PB, 58407-038, Brasil;Rua Santo Antonio 727 Campina Grande PB 58407038 Brazil;Campina Grande;PB;58407038;-7.21705;-35.86904;-7.21705;-35.86904;Castelo Branco;;
2999;Água e Gás Delivery;;endereco;Rua Agamenon Magalhães, 805, Lauritzen, Campina Grande - PB, 58401-378, Brasil;Rua Agamenon Magalhaes 805 Campina Grande PB 58401454 Brazil;Campina Grande;PB;58401454;-7.20951;-35.88081;-7.20951;-35.88081;Lauritzen;;
3000;Aderval Gas;;endereco;Rua José da Silva Bezerra, 27, Mangabeira, João Pessoa - PB, 58057-313, Brasil;Rua Jose da Silva Bezerra 27 Joao Pessoa PB 58057313 Brazil;João Pessoa;PB;58057313;-7.18613;-34.84841;-7.18613;-34.84841;Mangabeira;;
3001;Arlete Gás e Água;;endereco;Avenida Pombal, 896, Manaíra, João Pessoa - PB, 58038-241, Brasil;Avenida Pombal 896 Joao Pessoa PB 58038241 Brazil;João Pessoa;PB;58038241;-7.10487;-34.83353;-7.10487;-34.83353;Manaíra;;
3002;Augusto Gás e Água;;endereco;Rua Conselheiro Júlio da Silva Coutinho, 409, Mandacarú, João Pessoa - PB, 58027-100, Brasil;Rua Conselheiro Julio da Silva Coutinho 409 Joao Pessoa PB 58027490 Brazil;João Pessoa;PB;58027490;-7.10375;-34.86073;-7.10375;-34.86073;Mandacarú;;
3003;B.D.I Gás e água (Revenda de Gás);;endereco;Rua Escócia, 331, Mumbaba, João Pessoa - PB, 58083-626, Brasil;Rua Escocia 331 Joao Pessoa PB 58083626 Brazil;João Pessoa;PB;58083626;-7.1803;-34.93237;-7.1803;-34.93237;Mumbaba;;
3004;Bancários Gás e água mineral distribuidora;;endereco;Rua Abelardo Pereira dos Santos, 118, Bancários, João Pessoa - PB, 58051-810, Brasil;Rua Abelardo Pereira dos Santos 118 Joao Pessoa PB 58051810 Brazil;João Pessoa;PB;58051810;-7.14606;-34.83078;-7.14606;-34.83078;Bancários;;
3005;Branco Gas E Agua Mineral;;endereco;Rua Peryllo de Oliveira, 207, Roger, João Pessoa - PB, 58020-360, Brasil;Rua Peryllo de Oliveira 207 Joao Pessoa PB 58020210 Brazil;João Pessoa;PB;58020210;-7.1087;-34.87693;-7.1087;-34.87693;Roger;;
3006;Brasil Gás;;endereco;Rua Eutiquiano Barreto, 264, Manaíra, João Pessoa - PB, 58038-311, Brasil;Rua Eutiquiano Barreto 264 Joao Pessoa PB 58038311 Brazil;João Pessoa;PB;58038311;-7.10716;-34.83954;-7.10716;-34.83954;Manaíra;;
3007;Brasil Gás;;endereco;Rua Doutor San Juan, 249, Ipês, João Pessoa - PB, 58030-226, Brasil;Rua Doutor San Juan 249 Joao Pessoa PB 58030227 Brazil;João Pessoa;PB;58030227;-7.10887;-34.85689;-7.10887;-34.85689;Ipês;;
3008;Britos Gás e Água Mineral;;endereco;Avenida Juarez Távora, 1838, Torre, João Pessoa - PB, 58040-021, Brasil;Avenida Juarez Tavora 1838 Joao Pessoa PB 58040021 Brazil;João Pessoa;PB;58040021;-7.12802;-34.85664;-7.12802;-34.85664;Torre;;
3009;Calixto Gas;;endereco;Avenida Marta Pacheco, 879, Oitizeiro, João Pessoa - PB, 58088-520, Brasil;Avenida Marta Pacheco 879 Joao Pessoa PB 58088520 Brazil;João Pessoa;PB;58088520;-7.15755;-34.90341;-7.15755;-34.90341;Oitizeiro;;
3010;Casa do Gás ltda;;endereco;Rua Inácio Serrano de Andrade, 74, Treze de Maio, João Pessoa - PB, 58025-130, Brasil;Rua Inacio Serrano de Andrade 74 Joao Pessoa PB 58025130 Brazil;João Pessoa;PB;58025130;-7.11261;-34.86734;-7.11261;-34.86734;Treze de Maio;;
3011;Deposito de gas;;endereco;Rua Ernestine Horne, 36, Alto do Mateus, João Pessoa - PB, 58090-223, Brasil;Rua Ernestine Horne 36 Joao Pessoa PB 58090223 Brazil;João Pessoa;PB;58090223;-7.1466;-34.90908;-7.1466;-34.90908;Alto do Mateus;;
3012;Disk Gás Tambaú;;endereco;Avenida Nego, 406, Tambaú, João Pessoa - PB, 58039-100, Brasil;Avenida Nego 406 Joao Pessoa PB 58039100 Brazil;João Pessoa;PB;58039100;-7.11392;-34.8262;-7.11392;-34.8262;Tambaú;;
3013;Disk Água e Gás;;endereco;Rua Juvenal Mário da Silva, 990, Manaíra, João Pessoa - PB, 58038-511, Brasil;Rua Juvenal Mario da Silva 990 Joao Pessoa PB 58038511 Brazil;João Pessoa;PB;58038511;-7.09916;-34.84166;-7.09916;-34.84166;Manaíra;;
3014;Ferreira Gás;;endereco;Avenida da Fraternidade, 77, Cristo Redentor, João Pessoa - PB, 58070-310, Brasil;Avenida da Fraternidade 77 Joao Pessoa PB 58070310 Brazil;João Pessoa;PB;58070310;-7.14981;-34.87918;-7.14981;-34.87918;Cristo Redentor;;
3015;Gigante Gás | Atendimento 24 horas;;endereco;Rua José Soares, 763, Varjão, João Pessoa - PB, 58070-080, Brasil;Rua Jose Soares 763 Joao Pessoa PB 58070080 Brazil;João Pessoa;PB;58070080;-7.15141;-34.87023;-7.15141;-34.87023;Varjão;;
3016;Gás de Cozinha João Pessoa Bem Gás Disk Gás;;endereco;Avenida Capitão João Freire, 644, Expedicionários, João Pessoa - PB, 58041-060, Brasil;Avenida Capitao Joao Freire 644 Joao Pessoa PB 58041060 Brazil;João Pessoa;PB;58041060;-7.12403;-34.8529;-7.12403;-34.8529;Expedicionários;;
3017;Gás De Cozinha Rejane Gás e Água;;endereco;Praça Abdon Milanez, 10, Castelo Branco, João Pessoa - PB, 58050-370, Brasil;Praca Abdon Milanez 10 Joao Pessoa PB 58050220 Brazil;João Pessoa;PB;58050220;-7.13022;-34.84447;-7.13022;-34.84447;Castelo Branco;;
3018;Gás no Centro;;endereco;Rua Professora Alice Azevedo, Trincheiras, João Pessoa - PB, 58013-480, Brasil;Rua Professora Alice Azevedo Joao Pessoa PB 58011040 Brazil;João Pessoa;PB;58011040;-7.12416;-34.88538;-7.12416;-34.88538;Trincheiras;ALTO;sem numero de porta
3019;i-gás;;endereco;Dra. Maria Goreth Medeiros - Royal Trade Center, Avenida Presidente Epitácio Pessoa, Estados, João Pessoa - PB, 58040-000, Brasil;Avenida Presidente Epitacio Pessoa Joao Pessoa PB 58030906 Brazil;João Pessoa;PB;58030906;-7.11953;-34.8662;-7.11953;-34.8662;Estados;ALTO;sem numero de porta
3020;Isaquiel Gás;;endereco;Brasilgás, Avenida Ministro José Américo de Almeida, Miramar, João Pessoa - PB, 58043-360, Brasil;Avenida Ministro Jose Americo de Almeida Joao Pessoa PB 58040300 Brazil;João Pessoa;PB;58040300;-7.12561;-34.83887;-7.12561;-34.83887;Miramar;ALTO;sem numero de porta
3021;JONAS GÁS e Água - CRISTO / CENTRO - Gás do Povo;;endereco;Ipiranga, Rua Deputado Barreto Sobrinho, 9, Tambiá, João Pessoa - PB, 58020-670, Brasil;Rua Deputado Barreto Sobrinho 9 Joao Pessoa PB 58020670 Brazil;João Pessoa;PB;58020670;-7.11527;-34.8737;-7.11527;-34.8737;Tambiá;;
3022;Luciano Gás e Água;;endereco;Rua Quintino Bocaiúva, 751, Torre, João Pessoa - PB, 58040-320, Brasil;Rua Quintino Bocaiuva 751 Joao Pessoa PB 58013340 Brazil;João Pessoa;PB;58013340;-7.12569;-34.86772;-7.12569;-34.86772;Torre;;
3023;naldo gas.jp;;endereco;Rua José Gomes Sobrinho, 52, Cuiá, João Pessoa - PB, 58077-060, Brasil;Rua Jose Gomes Sobrinho 52 Joao Pessoa PB 58075675 Brazil;João Pessoa;PB;58075675;-7.18405;-34.86076;-7.18405;-34.86076;Cuiá;;
3024;Naldo gas.pb;;endereco;Rua Fortaleza, 37, Grotão, João Pessoa - PB, 58079-782, Brasil;Rua Fortaleza 37 Joao Pessoa PB 58079784 Brazil;João Pessoa;PB;58079784;-7.1874;-34.8845;-7.1874;-34.8845;Grotão;;
3025;Neto Gás & Água;;endereco;Rua Doutor Silvino Nóbrega, 324, Jaguaribe, João Pessoa - PB, 58015-120, Brasil;Rua Doutor Silvino Nobrega 324 Joao Pessoa PB 58015120 Brazil;João Pessoa;PB;58015120;-7.13694;-34.88031;-7.13694;-34.88031;Jaguaribe;;
3026;NEW TIME GÁS E ÁGUA;;endereco;Rua Afonso Campos, 41, Centro, João Pessoa - PB, 58013-380, Brasil;Rua Afonso Campos 41 Joao Pessoa PB 58013380 Brazil;João Pessoa;PB;58013380;-7.12255;-34.87701;-7.12255;-34.87701;Centro;;
3027;Nilda Gás;;endereco;Avenida Presidente Castelo Branco, 175, Castelo Branco, João Pessoa - PB, 58050-000, Brasil;Avenida Presidente Castelo Branco 175 Joao Pessoa PB 58050000 Brazil;João Pessoa;PB;58050000;-7.12928;-34.84323;-7.12928;-34.84323;Castelo Branco;MEDIO;CEP generico de cidade, nao de rua (2,4x mais falha)
3028;Nilson Gás;;endereco;Rua Targino Virgolino da Silva, 202, Mangabeira, João Pessoa - PB, 58055-130, Brasil;Rua Targino Virgolino da Silva 202 Joao Pessoa PB 58055560 Brazil;João Pessoa;PB;58055560;-7.16321;-34.84274;-7.16321;-34.84274;Mangabeira;;
3029;Nivaldo Gás;;endereco;Rua Embaixador Sérgio Vieira de Melo, 101, Gramame, João Pessoa - PB, 58068-050, Brasil;Rua Embaixador Sergio Vieira de Melo 101 Joao Pessoa PB 58068050 Brazil;João Pessoa;PB;58068050;-7.20502;-34.85828;-7.20502;-34.85828;Gramame;;
3030;Paraíba gás e Água mineral;;endereco;Rua dos Industriários, 212, Indústrias, João Pessoa - PB, 58083-040, Brasil;Rua dos Industriarios 212 Joao Pessoa PB 58083003 Brazil;João Pessoa;PB;58083003;-7.1776;-34.91483;-7.1776;-34.91483;Indústrias;;
3031;Paulo Gás;;endereco;Rua Rita Xavier de Oliveira, 150, Mangabeira, João Pessoa - PB, 58055-020, Brasil;Rua Rita Xavier de Oliveira 150 Joao Pessoa PB 58052754 Brazil;João Pessoa;PB;58052754;-7.17079;-34.83688;-7.17079;-34.83688;Mangabeira;;
3032;Paulo Gás;;endereco;Loureiro Serv de Diagn, Avenida Ministro José Américo de Almeida, Torre, João Pessoa - PB, 58040-300, Brasil;Avenida Ministro Jose Americo de Almeida Joao Pessoa PB 58884000 Brazil;João Pessoa;PB;58884000;-7.12373;-34.86905;-7.12373;-34.86905;Torre;ALTO;"sem numero de porta; CEP generico de cidade, nao de rua (2,4x mais falha)"
3033;PB gás e água;;endereco;Avenida Cote Alfredo F. da Rocha, 1168, Mangabeira, João Pessoa - PB, 58055-541, Brasil;Avenida Cote Alfredo F da Rocha 1168 Joao Pessoa PB 58056172 Brazil;João Pessoa;PB;58056172;-7.17281;-34.84371;-7.17281;-34.84371;Mangabeira;;
3034;Pinheiro Gás Instalação e Fornecedor de P45;;endereco;Rua Jorge Lucena de Moura, 35, Costa do Sol, João Pessoa - PB, 58059-736, Brasil;Rua Jorge Lucena de Moura 35 Joao Pessoa PB 58059720 Brazil;João Pessoa;PB;58059720;-7.18348;-34.81569;-7.18348;-34.81569;Costa do Sol;;
3035;Rei do Gás;;endereco;Rua Ivan de Oliveira Brito, Gramame, João Pessoa - PB, 58068-347, Brasil;Rua Ivan de Oliveira Brito Joao Pessoa PB 58068347 Brazil;João Pessoa;PB;58068347;-7.19948;-34.87421;-7.19948;-34.87421;Gramame;ALTO;sem numero de porta
3036;Rei do gás PB;;endereco;Rua São Benedito, 113, Cruz das Armas, João Pessoa - PB, 58086-230, Brasil;Rua Sao Benedito 113 Joao Pessoa PB 58086230 Brazil;João Pessoa;PB;58086230;-7.15426;-34.89422;-7.15426;-34.89422;Cruz das Armas;;
3037;Sampaio Gás;;endereco;Rua Severino Barbosa de Souza, 328, Ernani Sátiro, João Pessoa - PB, 58080-820, Brasil;Rua Severino Barbosa de Souza 328 Joao Pessoa PB 58080820 Brazil;João Pessoa;PB;58080820;-7.17279;-34.89217;-7.17279;-34.89217;Ernani Sátiro;;
3038;Sampaio Gás e Água;;endereco;Rua Aline Bernardo da Silva, 67, Roger, João Pessoa - PB, 58020-348, Brasil;Rua Aline Bernardo da Silva 67 Joao Pessoa PB 58020348 Brazil;João Pessoa;PB;58020348;-7.10566;-34.87658;-7.10566;-34.87658;Roger;;
3039;Sos Gás;;endereco;Avenida General Bento da Gama, 300, Centro, João Pessoa - PB, 58040-090, Brasil;Avenida General Bento da Gama 300 Joao Pessoa PB 58040090 Brazil;João Pessoa;PB;58040090;-7.12225;-34.86864;-7.12225;-34.86864;Centro;;
3040;STANDARD - Individualização de Água/Gás João Pessoa;;endereco;Pizza Hut, Avenida Governador Flávio Ribeiro Coutinho, Manaíra, João Pessoa - PB, 58037-000, Brasil;Avenida Governador Flavio Ribeiro Coutinho Joao Pessoa PB 58037000 Brazil;João Pessoa;PB;58037000;-7.09757;-34.83405;-7.09757;-34.83405;Manaíra;ALTO;"sem numero de porta; CEP generico de cidade, nao de rua (2,4x mais falha)"
3041;SuperGasBras - Ourogas - B e M Comércio Varejista de Gás e Água;;endereco;Avenida Carneiro da Cunha, 126, Torre, João Pessoa - PB, 58040-240, Brasil;Avenida Carneiro da Cunha 126 Joao Pessoa PB 58040240 Brazil;João Pessoa;PB;58040240;-7.1237;-34.86748;-7.1237;-34.86748;Torre;;
3042;Vitoria Gas e água;;endereco;Rua João Gabinio de Carvalho, 316, Treze de Maio, João Pessoa - PB, 58025-690, Brasil;Rua Joao Gabinio de Carvalho 316 Joao Pessoa PB 58025690 Brazil;João Pessoa;PB;58025690;-7.10744;-34.86586;-7.10744;-34.86586;Treze de Maio;;
3043;ZONA SUL GÁS E AGUA;;endereco;Rua Aniceto Gomes de Araújo, 92, João Paulo II, João Pessoa - PB, 58076-660, Brasil;Rua Aniceto Gomes de Araujo 92 Joao Pessoa PB 58078000 Brazil;João Pessoa;PB;58078000;-7.17482;-34.88474;-7.17482;-34.88474;João Paulo II;MEDIO;CEP generico de cidade, nao de rua (2,4x mais falha)
3044;angel gás;;endereco;Rua Plínio Bastos, 546, Alto das Populares, Santa Rita - PB, 58301-465, Brasil;Rua Plinio Bastos 546 Santa Rita PB 58303040 Brazil;Santa Rita;PB;58303040;-7.14102;-34.9807;-7.14102;-34.9807;Alto das Populares;;
3045;ARRUDA GÁS SANTA RITA;;endereco;Rua Hermenegilda Dias de Souza, 155, Tibiri, Santa Rita - PB, 58919-000, Brasil;Rua Hermenegilda Dias de Souza 155 Santa Rita PB 58302510 Brazil;Santa Rita;PB;58302510;-7.16136;-34.97182;-7.16136;-34.97182;Tibiri;;
3046;Beto Gás e Água;;endereco;Rua Sebastião Mendes, 301, Tibiri, Santa Rita - PB, 58302-000, Brasil;Rua Sebastiao Mendes 301 Santa Rita PB 58300970 Brazil;Santa Rita;PB;58300970;-7.16171;-34.96989;-7.16171;-34.96989;Tibiri;;
3047;Canaã Gás e Água;;endereco;Rua Doutor Otávio Amorim, 65, Santa Rita - PB, 58300-300, Brasil;Rua Doutor Otavio Amorim 65 Santa Rita PB 58300300 Brazil;Santa Rita;PB;58300300;-7.13416;-34.98862;-7.13416;-34.98862;;;
3048;CLEITON GÁS TIBIRI GÁS DO POVO;;endereco;Rua Afrísio Barros, 45, Tibiri, Santa Rita - PB, 58919-000, Brasil;Rua Afrisio Barros 45 Santa Rita PB 58300970 Brazil;Santa Rita;PB;58300970;-7.15701;-34.96757;-7.15701;-34.96757;Tibiri;;
3049;DANÚBIO GÁS E ÁGUA;;endereco;Rua Doutor Francisco Retumba, 97, Marcos Moura, Santa Rita - PB, 58302-485, Brasil;Rua Doutor Francisco Retumba 97 Santa Rita PB 58302485 Brazil;Santa Rita;PB;58302485;-7.15955;-34.98035;-7.15955;-34.98035;Marcos Moura;;
3050;David Gás;;endereco;Rua Venâncio Correia, 179, Alto das Populares, Santa Rita - PB, 58301-575, Brasil;Rua Venancio Correia 179 Santa Rita PB 58301600 Brazil;Santa Rita;PB;58301600;-7.13749;-34.98443;-7.13749;-34.98443;Alto das Populares;;
3051;Doda Gás;;endereco;Rua São Pedro, 215, Alto das Populares, Santa Rita - PB, 58301-250, Brasil;Rua Sao Pedro 215 Santa Rita PB 58301250 Brazil;Santa Rita;PB;58301250;-7.13328;-34.98199;-7.13328;-34.98199;Alto das Populares;;
3052;Edvaldo Gás;;endereco;Rua Boa Vista, 152, Várzea Nova, Santa Rita - PB, 58300-520, Brasil;Rua Boa Vista 152 Santa Rita PB 58304500 Brazil;Santa Rita;PB;58304500;-7.12516;-34.95551;-7.12516;-34.95551;Várzea Nova;;
3053;EVANDRO GÁS E ÁGUA MINERAL;;endereco;Rua Francisco Leocádio, 220, Alto das Populares, Santa Rita - PB, 58919-000, Brasil;Rua Francisco Leocadio 220 Santa Rita PB 58919000 Brazil;Santa Rita;PB;58919000;-7.13825;-34.98758;-7.13825;-34.98758;Alto das Populares;MEDIO;CEP generico de cidade, nao de rua (2,4x mais falha)
3054;Flávio gás;;endereco;Rua Cerca do Aeroporto, Jardim Aeroporto, Bayeux - PB, Brasil;Rua Cerca do Aeroporto Bayeux PB 58300000 Brazil;Bayeux;PB;58300000;-7.15319;-34.94944;-7.15319;-34.94944;Jardim Aeroporto;ALTO;"sem numero de porta; CEP generico de cidade, nao de rua (2,4x mais falha)"
3055;Joelma Gás;;endereco;Avenida Assis Chateaubriand, 659, Tibiri, Santa Rita - PB, 58303-000, Brasil;Avenida Assis Chateaubriand 659 Santa Rita PB 58385000 Brazil;Santa Rita;PB;58385000;-7.15714;-34.97514;-7.15714;-34.97514;Tibiri;MEDIO;CEP generico de cidade, nao de rua (2,4x mais falha)
3056;JONAS GÁS Bayeux;;endereco;Rua Projetada 8, Santa Rita - PB, Brasil;Rua Projetada 8 Santa Rita PB 58300970 Brazil;Santa Rita;PB;58300970;-7.11825;-34.93843;-7.11825;-34.93843;;;
3057;João do gás de 6h as 22h horas pediu chamou chegou;;endereco;Rua Nilton Veloso, Tibiri, Santa Rita - PB, 58919-000, Brasil;Rua Nilton Veloso Santa Rita PB 58302510 Brazil;Santa Rita;PB;58302510;-7.15939;-34.96497;-7.15939;-34.96497;Tibiri;ALTO;sem numero de porta
3058;Lima Gás;;endereco;Rua Etelvino Eugênio de Souza, 24, Tibiri, Santa Rita - PB, Brasil;Rua Etelvino Eugenio de Souza 24 Santa Rita PB 58300970 Brazil;Santa Rita;PB;58300970;-7.15828;-34.96581;-7.15828;-34.96581;Tibiri;;
3059;LS gás;;endereco;Rua Dionísio Alves de Oliveira, 90, Tibiri, Santa Rita - PB, 58302-000, Brasil;Rua Dionisio Alves de Oliveira 90 Santa Rita PB 58303385 Brazil;Santa Rita;PB;58303385;-7.15612;-34.97233;-7.15612;-34.97233;Tibiri;;
3060;M.a Comercial de Gás Ltd;;endereco;Correios, Rua São José, 124, Alto das Populares, Santa Rita - PB, 58301-125, Brasil;Rua Sao Jose 124 Santa Rita PB 58301125 Brazil;Santa Rita;PB;58301125;-7.12922;-34.98073;-7.12922;-34.98073;Alto das Populares;;
3061;Marcos Gás;;endereco;Rua Marluce Arruda de Lira, 38, Santa Rita - PB, 58300-300, Brasil;Rua Marluce Arruda de Lira 38 Santa Rita PB 58301230 Brazil;Santa Rita;PB;58301230;-7.13353;-34.98861;-7.13353;-34.98861;;;
3062;Nana Gás;;endereco;Rua Jornalista Hélio Fernandes, 172, Tibiri, Santa Rita - PB, 58303-315, Brasil;Rua Jornalista Helio Fernandes 172 Santa Rita PB 58304400 Brazil;Santa Rita;PB;58304400;-7.14389;-34.97055;-7.14389;-34.97055;Tibiri;;
3063;Nilton Gás;;endereco;Rua Cubati, 140, Tibiri, Santa Rita - PB, 58302-125, Brasil;Rua Cubati 140 Santa Rita PB 58302125 Brazil;Santa Rita;PB;58302125;-7.14902;-34.96459;-7.14902;-34.96459;Tibiri;;
3064;PSR GÁS;;endereco;Rua Evilásio Cavalcante, 41, Tibiri, Santa Rita - PB, Brasil;Rua Evilasio Cavalcante 41 Santa Rita PB 58919000 Brazil;Santa Rita;PB;58919000;-7.13788;-34.96649;-7.13788;-34.96649;Tibiri;MEDIO;CEP generico de cidade, nao de rua (2,4x mais falha)
3065;ROGÉRIO GÁS;;endereco;Rua Santa Júlia, 106, Várzea Nova, Santa Rita - PB, 58302-050, Brasil;Rua Santa Julia 106 Santa Rita PB 58304500 Brazil;Santa Rita;PB;58304500;-7.1255;-34.9545;-7.1255;-34.9545;Várzea Nova;;
3066;SM Gás;;endereco;Rua Dep. Flaviano R. Coutinho Filho, Alto das Populares, Santa Rita - PB, 58301-630, Brasil;Rua Dep Flaviano R Coutinho Filho Santa Rita PB 58300970 Brazil;Santa Rita;PB;58300970;-7.13578;-34.98697;-7.13578;-34.98697;Alto das Populares;ALTO;sem numero de porta
3067;t'gas conveniências;;endereco;Rua Pedro Balbino Ribeiro, 231, Várzea Nova, Santa Rita - PB, 58919-000, Brasil;Rua Pedro Balbino Ribeiro 231 Santa Rita PB 58300000 Brazil;Santa Rita;PB;58300000;-7.12817;-34.9528;-7.12817;-34.9528;Várzea Nova;MEDIO;CEP generico de cidade, nao de rua (2,4x mais falha)
3068;Tibiri Adonai Gás;;endereco;Rua Lucena, 221, Tibiri, Santa Rita - PB, 58302-400, Brasil;Rua Lucena 221 Santa Rita PB 58059172 Brazil;Santa Rita;PB;58059172;-7.1547;-34.96966;-7.1547;-34.96966;Tibiri;;
3069;Tibiri Gás;;endereco;Avenida Assis Chateaubriand, 828, Tibiri, Santa Rita - PB, 58303-000, Brasil;Avenida Assis Chateaubriand 828 Santa Rita PB 58302480 Brazil;Santa Rita;PB;58302480;-7.15238;-34.97395;-7.15238;-34.97395;Tibiri;;
3070;VBCGAS Comercio e Transporte de GLP;;endereco;Avenida Guarabira, Tibiri, Santa Rita - PB, 58302-000, Brasil;Avenida Guarabira Santa Rita PB 58302155 Brazil;Santa Rita;PB;58302155;-7.15008;-34.96192;-7.15008;-34.96192;Tibiri;ALTO;sem numero de porta
3071;VBCGÁS | Santa Rita - PB - Revenda e Distribuidora de gás de cozinha;;endereco;Rua Rodolfo Bastos da Silva, 212B, Heitel Santiago, Santa Rita - PB, Brasil;Rua Rodolfo Bastos da Silva 212B Santa Rita PB 58300970 Brazil;Santa Rita;PB;58300970;-7.15718;-34.95398;-7.15718;-34.95398;Heitel Santiago;;
3072;Wm gás e água;;endereco;Rua João Luiz Batista Nascimento, Várzea Nova, Santa Rita - PB, 58302-050, Brasil;Rua Joao Luiz Batista Nascimento Santa Rita PB 58300000 Brazil;Santa Rita;PB;58300000;-7.12363;-34.95801;-7.12363;-34.95801;Várzea Nova;ALTO;"sem numero de porta; CEP generico de cidade, nao de rua (2,4x mais falha)"
3073;CDML Gás;;endereco;Rua José Pessoa da Costa, 133, Solânea - PB, 58225-000, Brasil;Rua Jose Pessoa da Costa 133 Solanea PB 58225000 Brazil;Solânea;PB;58225000;-6.75629;-35.65675;-6.75629;-35.65675;;MEDIO;CEP generico de cidade, nao de rua (2,4x mais falha)
3074;Revenda Ultragaz;;endereco;Travessa Leônico Costa, Solânea - PB, 58225-000, Brasil;Travessa Leonico Costa Solanea PB 58225000 Brazil;Solânea;PB;58225000;-6.75823;-35.66689;-6.75823;-35.66689;;ALTO;"sem numero de porta; CEP generico de cidade, nao de rua (2,4x mais falha)"
3075;Sousa Gás;;endereco;Avenida João Bosco Marques de Souza, 1957, Sousa - PB, 58802-340, Brasil;Avenida Joao Bosco Marques de Souza 1957 Sousa PB 58802400 Brazil;Sousa;PB;58802400;-6.76665;-38.2173;-6.76665;-38.2173;;;
3076;Expresso gás - BRASILGÁS Garanhuns-Pe;;endereco;Rua Túlio Brasileiro, 100, Boa Vista, Garanhuns - PE, 55297-670, Brasil;Rua Tulio Brasileiro 100 Garanhuns PE 55292030 Brazil;Garanhuns;PE;55292030;-8.89729;-36.49997;-8.89729;-36.49997;Boa Vista;;
3077;FERNANDA O.F.S ÁGUA GÁS BEBIDAS LTDA;;endereco;Rua Estado do Amapá, 50, Muribeca, Jaboatão dos Guararapes - PE, 54355-155, Brasil;Rua Estado do Amapa 50 Jaboatao dos Guararapes PE 54355140 Brazil;Jaboatão dos Guararapes;PE;54355140;-8.14054;-34.95019;-8.14054;-34.95019;Muribeca;;
3078;ULTRAGAZ;;endereco;Travessa Luís Morais, Macaparana - PE, 55865-000, Brasil;Travessa Luis Morais Macaparana PE 55865000 Brazil;Macaparana;PE;55865000;-7.55303;-35.45043;-7.55303;-35.45043;;ALTO;"sem numero de porta; CEP generico de cidade, nao de rua (2,4x mais falha)"
3079;Gás-PE Distribuidora Ultragaz;;endereco;Rua Professor Dionísio Monteiro, 486, Peixinhos, Olinda - PE, 53290-010, Brasil;Rua Professor Dionisio Monteiro 486 Olinda PE 53290010 Brazil;Olinda;PE;53290010;-8.01145;-34.87066;-8.01145;-34.87066;Peixinhos;;
3080;Campo Alegre Gás;;endereco;Avenida Pernambuco, Cidade Universitária, Petrolina - PE, 56332-710, Brasil;Avenida Pernambuco Petrolina PE 56332710 Brazil;Petrolina;PE;56332710;-9.38821;-40.47638;-9.38821;-40.47638;Cidade Universitária;ALTO;sem numero de porta
3081;BrasilGás;;endereco;Rua Córrego da Areia, 243, Nova Descoberta, Recife - PE, 52191-040, Brasil;Rua Corrego da Areia 243 Recife PE 52191040 Brazil;Recife;PE;52191040;-8.00102;-34.92571;-8.00102;-34.92571;Nova Descoberta;;
3082;Disk Gás;;endereco;Rua Córrego da Loira, 270, Córrego do Jenipapo, Recife - PE, 52291-500, Brasil;Rua Corrego da Loira 270 Recife PE 52291500 Brazil;Recife;PE;52291500;-7.99486;-34.93747;-7.99486;-34.93747;Córrego do Jenipapo;;
3083;Duda Gás Recife;;endereco;Rua Uriel de Holanda, 585, Linha do Tiro, Recife - PE, 52131-150, Brasil;Rua Uriel de Holanda 585 Recife PE 52131150 Brazil;Recife;PE;52131150;-8.00653;-34.90166;-8.00653;-34.90166;Linha do Tiro;;
3084;RECIFE GAS E AGUA;;endereco;Rua Barão de São Borja, 180, Boa Vista, Recife - PE, 50070-325, Brasil;Rua Barao de Sao Borja 180 Recife PE 50070310 Brazil;Recife;PE;50070310;-8.06093;-34.88921;-8.06093;-34.88921;Boa Vista;;
3085;Recife Gás;;endereco;Rua Imperial, 1418, São José, Recife - PE, 50090-000, Brasil;Rua Imperial 1418 Recife PE 50090000 Brazil;Recife;PE;50090000;-8.07552;-34.89339;-8.07552;-34.89339;São José;MEDIO;CEP generico de cidade, nao de rua (2,4x mais falha)
3086;VICTOR GÁS RECIFE;;endereco;Rua Prudente de Moraes, 158, Campo Grande, Recife - PE, 52041-730, Brasil;Rua Prudente de Moraes 158 Recife PE 52041735 Brazil;Recife;PE;52041735;-8.0318;-34.88523;-8.0318;-34.88523;Campo Grande;;
3087;Beto gas Liquigás gás de cozinha Ribeirão Pernambuco;;endereco;Rua José Frazão, 1685, Ribeirão - PE, 55520-000, Brasil;Rua Jose Frazao 1685 Ribeirao PE 55520000 Brazil;Ribeirão;PE;55520000;-8.50793;-35.3834;-8.50793;-35.3834;;MEDIO;CEP generico de cidade, nao de rua (2,4x mais falha)
3088;Brasil Gás;;endereco;Rua Maestro Alexandre, 284, Santa Cruz do Capibaribe - PE, 55194-321, Brasil;Rua Maestro Alexandre 284 Santa Cruz do Capibaribe PE 55190000 Brazil;Santa Cruz do Capibaribe;PE;55190000;-7.94741;-36.20745;-7.94741;-36.20745;;MEDIO;CEP generico de cidade, nao de rua (2,4x mais falha)
3089;Santa Cruz Gás;;endereco;Rua Maria Eularia Barbosa Lira, 403, Santa Cruz do Capibaribe - PE, 55190-000, Brasil;Rua Maria Eularia Barbosa Lira 403 Santa Cruz do Capibaribe PE 55190000 Brazil;Santa Cruz do Capibaribe;PE;55190000;-7.94836;-36.20076;-7.94836;-36.20076;;MEDIO;CEP generico de cidade, nao de rua (2,4x mais falha)
3090;Copagaz - Duque Comércio de Gás e Oxigênio Ltda;;endereco;Bandeira Branca, Avenida João Gomes de Lucena, Serra Talhada - PE, 56912-000, Brasil;Avenida Joao Gomes de Lucena Serra Talhada PE 56909000 Brazil;Serra Talhada;PE;56909000;-7.98194;-38.29114;-7.98194;-38.29114;;ALTO;"sem numero de porta; CEP generico de cidade, nao de rua (2,4x mais falha)"
3091;Nacional Gás Butano Distribuidora LTDA;;endereco;Avenida Deputado Pinheiro Machado, Dirceu Arcoverde, Parnaíba - PI, 64208-335, Brasil;Avenida Deputado Pinheiro Machado Parnaiba PI 64208345 Brazil;Parnaíba;PI;64208345;-2.92587;-41.75347;-2.92587;-41.75347;Dirceu Arcoverde;ALTO;sem numero de porta
3092;Gás Brasil;;endereco;Rua Cinquenta, 17, Itararé, Teresina - PI, Brasil;Rua Cinquenta 17 Teresina PI 64078225 Brazil;Teresina;PI;64078225;-5.10683;-42.753;-5.10683;-42.753;Itararé;;
3093;Gás Teresina;;endereco;Avenida Chanceler Edson Queiroz, Itararé, Teresina - PI, 64077-750, Brasil;Avenida Chanceler Edson Queiroz Teresina PI 64077750 Brazil;Teresina;PI;64077750;-5.09463;-42.75942;-5.09463;-42.75942;Itararé;ALTO;sem numero de porta
3094;Liquigas Teresina;;endereco;Rua Ary Barroso, 791, Monte Castelo, Teresina - PI, 64016-220, Brasil;Rua Ary Barroso 791 Teresina PI 64016220 Brazil;Teresina;PI;64016220;-5.1032;-42.79723;-5.1032;-42.79723;Monte Castelo;;
3095;Liquigás - Comercial de gás;;endereco;Avenida Noé Mendes, Itararé, Teresina - PI, 64078-205, Brasil;Avenida Noe Mendes Teresina PI 64078205 Brazil;Teresina;PI;64078205;-5.11226;-42.76251;-5.11226;-42.76251;Itararé;ALTO;sem numero de porta
3096;Liquigás Dirceu;;endereco;Rua Professor Alcobaca, 1840, Itararé, Teresina - PI, 64078-277, Brasil;Rua Professor Alcobaca 1840 Teresina PI 64077355 Brazil;Teresina;PI;64077355;-5.09583;-42.75889;-5.09583;-42.75889;Itararé;;
3097;Nordeste Gás - Ultragaz;;endereco;Rua Vinte e Três, 1199, Vale do Galvão, Teresina - PI, Brasil;Rua Vinte e Tres 1199 Teresina PI 64069100 Brazil;Teresina;PI;64069100;-5.02522;-42.73678;-5.02522;-42.73678;Vale do Galvão;;
3098;Portal Gás;;endereco;Rua José da Costa Araújo, 21, Porto da Alegria, Teresina - PI, 64037-302, Brasil;Rua Jose da Costa Araujo 21 Teresina PI 64037410 Brazil;Teresina;PI;64037410;-5.19609;-42.73803;-5.19609;-42.73803;Porto da Alegria;;
3099;Poty Gás | Gas Teresina | Gas de Cozinha | Gas Zona Norte | Nacional Gás;;endereco;Rua Desembargador Vaz da Costa, 1105, Poti Velho, Teresina - PI, 64005-810, Brasil;Rua Desembargador Vaz da Costa 1105 Teresina PI 64005810 Brazil;Teresina;PI;64005810;-5.03822;-42.83108;-5.03822;-42.83108;Poti Velho;;
3100;GAS MARANHÃO;;endereco;Rua Manoel Ribas, 2249, Costeira, Araucária - PR, 83708-695, Brasil;Rua Manoel Ribas 2249 Araucaria PR 83708695 Brazil;Araucária;PR;83708695;-25.59387;-49.38012;-25.59387;-49.38012;Costeira;;
3101;Ueda Distribuidora De Gás E Água;;endereco;Avenida Edelina Meneguel Rando, 1712, Bandeirantes - PR, 86360-000, Brasil;Avenida Edelina Meneguel Rando 1712 Bandeirantes PR 86360000 Brazil;Bandeirantes;PR;86360000;-23.10912;-50.36754;-23.10912;-50.36754;;MEDIO;CEP generico de cidade, nao de rua (2,4x mais falha)
3102;FLORAIS COMERCIO DE GAS E AGUA;;endereco;Rua Luiza Levis, 1383, Floresta, Cascavel - PR, 85814-528, Brasil;Rua Luiza Levis 1383 Cascavel PR 85814526 Brazil;Cascavel;PR;85814526;-24.91709;-53.40974;-24.91709;-53.40974;Floresta;;
3103;Agilgás | Jardim Social | Distribuidora de Gás P13, P20 e P45 | Filial | Supergasbras;;endereco;Rua Fagundes Varela, 886, Jardim Social, Curitiba - PR, 82520-040, Brasil;Rua Fagundes Varela 886 Curitiba PR 82520040 Brazil;Curitiba;PR;82520040;-25.41487;-49.23256;-25.41487;-49.23256;Jardim Social;;
3104;Gás 24 horas novo mundo;;endereco;Rua João Stenzowski, 326, Novo Mundo, Curitiba - PR, 81020-120, Brasil;Rua Joao Stenzowski 326 Curitiba PR 81020120 Brazil;Curitiba;PR;81020120;-25.48544;-49.28888;-25.48544;-49.28888;Novo Mundo;;
3105;Gás Center;;endereco;Rua André de Barros, 209, Centro, Curitiba - PR, 80010-080, Brasil;Rua Andre de Barros 209 Curitiba PR 80010080 Brazil;Curitiba;PR;80010080;-25.43536;-49.27045;-25.43536;-49.27045;Centro;;
3106;Gás em Curitiba;;endereco;Rua Miguel Feliz, 114, Capão Raso, Curitiba - PR, 81130-250, Brasil;Rua Miguel Feliz 114 Curitiba PR 81130250 Brazil;Curitiba;PR;81130250;-25.499;-49.30021;-25.499;-49.30021;Capão Raso;;
3107;Gás P45 Curitiba;;endereco;Rua Conselheiro Dantas, 697, Rebouças, Curitiba - PR, 80220-191, Brasil;Rua Conselheiro Dantas 697 Curitiba PR 80250190 Brazil;Curitiba;PR;80250190;-25.45196;-49.26444;-25.45196;-49.26444;Rebouças;;
3108;Paraná Gás;;endereco;Rua Monteiro Lobato, 79, Vila Portes, Foz do Iguaçu - PR, 85865-180, Brasil;Rua Monteiro Lobato 79 Foz do Iguacu PR 85865180 Brazil;Foz do Iguaçu;PR;85865180;-25.5083;-54.58838;-25.5083;-54.58838;Vila Portes;;
3109;Paraná Gás e Água;;endereco;Rua Rio Grande do Sul, 372, Vila Casoni, Londrina - PR, 86026-080, Brasil;Rua Rio Grande do Sul 372 Londrina PR 86026480 Brazil;Londrina;PR;86026480;-23.30524;-51.15367;-23.30524;-51.15367;Vila Casoni;;
3110;Paraná Gás Leste;;endereco;Avenida Robert Koch, 945, H.U., Londrina - PR, 86038-350, Brasil;Avenida Robert Koch 945 Londrina PR 86038350 Brazil;Londrina;PR;86038350;-23.32736;-51.12156;-23.32736;-51.12156;H.U.;;
3111;Gás Lar | Revenda Ultragaz em Maringá;;endereco;Avenida Colombo, 7040, Zona 7, Maringá - PR, 87020-001, Brasil;Avenida Colombo 7040 Maringa PR 87020000 Brazil;Maringá;PR;87020000;-23.41404;-51.94942;-23.41404;-51.94942;Zona 7;MEDIO;CEP generico de cidade, nao de rua (2,4x mais falha)
3112;LIG-GÁS Supergasbras;;endereco;Rua Lafayete Tourinho, 170, Zona 6, Maringá - PR, 87015-550, Brasil;Rua Lafayete Tourinho 170 Maringa PR 87015550 Brazil;Maringá;PR;87015550;-23.42247;-51.9583;-23.42247;-51.9583;Zona 6;;
3113;LIG-GÁS Supergasbras;;endereco;Avenida Campos Elíseos, 712, Paiçandu - PR, 87140-000, Brasil;Avenida Campos Eliseos 712 Paicandu PR 87140000 Brazil;Paiçandu;PR;87140000;-23.45358;-52.02762;-23.45358;-52.02762;;MEDIO;CEP generico de cidade, nao de rua (2,4x mais falha)
3114;LIG-GÁS Supergasbras;;endereco;Rua Salvador Jordano, 328, Sarandi - PR, 87111-150, Brasil;Rua Salvador Jordano 328 Sarandi PR 87112710 Brazil;Sarandi;PR;87112710;-23.44338;-51.87759;-23.44338;-51.87759;;;
3115;ULTRAGAZ;;endereco;Estrada Vitória, 220, Ubiratã - PR, 85440-000, Brasil;Estrada Vitoria 220 Ubirata PR 85440000 Brazil;Ubiratã;PR;85440000;-24.53943;-52.97913;-24.53943;-52.97913;;ALTO;"endereco de rodovia (57-67% falharam); CEP generico de cidade, nao de rua (2,4x mais falha)"
3116;Comércio de Gás Dois de Fevereiro / Revenda Autorizada Supergasbras;;endereco;Rua Ana Leonídia, 342, Engenho de Dentro, Rio de Janeiro - RJ, 20730-390, Brasil;Rua Ana Leonidia 342 Rio de Janeiro RJ 20730390 Brazil;Rio de Janeiro;RJ;20730390;-22.89933;-43.30148;-22.89933;-43.30148;Engenho de Dentro;;
3117;Deposito De Gas;;endereco;Estrada dos Bandeirantes, 2678, Jacarepaguá, Rio de Janeiro - RJ, 22775-110, Brasil;Estrada dos Bandeirantes 2678 Rio de Janeiro RJ 22775110 Brazil;Rio de Janeiro;RJ;22775110;-22.94826;-43.37262;-22.94826;-43.37262;Jacarepaguá;ALTO;endereco de rodovia (57-67% falharam)
3118;Distribuidora de Gás Campinho;;endereco;Estrada do Campinho, 2596, Campo Grande, Rio de Janeiro - RJ, 23070-220, Brasil;Estrada do Campinho 2596 Rio de Janeiro RJ 23070220 Brazil;Rio de Janeiro;RJ;23070220;-22.89166;-43.58804;-22.89166;-43.58804;Campo Grande;ALTO;endereco de rodovia (57-67% falharam)
3119;Dp do Gás Supergasbras;;endereco;Rua Ana Neri, 1678, Rocha, Rio de Janeiro - RJ, 20960-005, Brasil;Rua Ana Neri 1678 Rio de Janeiro RJ 20960005 Brazil;Rio de Janeiro;RJ;20960005;-22.9009;-43.25199;-22.9009;-43.25199;Rocha;;
3120;FL Gás;;endereco;Rua Valzinho Teixeira, Campo Grande, Rio de Janeiro - RJ, 23042-125, Brasil;Rua Valzinho Teixeira Rio de Janeiro RJ 23047160 Brazil;Rio de Janeiro;RJ;23047160;-22.92549;-43.55801;-22.92549;-43.55801;Campo Grande;ALTO;sem numero de porta
3121;Fluzao Gás;;endereco;Rua Peroba, 224, Gardênia Azul, Rio de Janeiro - RJ, 22765-580, Brasil;Rua Peroba 224 Rio de Janeiro RJ 22765580 Brazil;Rio de Janeiro;RJ;22765580;-22.95953;-43.35102;-22.95953;-43.35102;Gardênia Azul;;
3122;GAS VANZANIR (GÁS DO POVO E VALE GÁS);;endereco;Rua Cerqueira Daltro, 862, Cascadura, Rio de Janeiro - RJ, 21380-320, Brasil;Rua Cerqueira Daltro 862 Rio de Janeiro RJ 21380320 Brazil;Rio de Janeiro;RJ;21380320;-22.87697;-43.31879;-22.87697;-43.31879;Cascadura;;
3123;JOAO DO GAS;;endereco;Rua Araticum, 690A, Jacarepaguá, Rio de Janeiro - RJ, 22753-500, Brasil;Rua Araticum 690A Rio de Janeiro RJ 22753500 Brazil;Rio de Janeiro;RJ;22753500;-22.95839;-43.32996;-22.95839;-43.32996;Jacarepaguá;;
3124;Neves Revendedora de Gás;;endereco;Rua Saturno, 567, Vigário Geral, Rio de Janeiro - RJ, 21241-150, Brasil;Rua Saturno 567 Rio de Janeiro RJ 21241150 Brazil;Rio de Janeiro;RJ;21241150;-22.81373;-43.31162;-22.81373;-43.31162;Vigário Geral;;
3125;Real Gás - Rio De janeiro;;endereco;Rua Sete de Setembro, 71, Centro, Rio de Janeiro - RJ, 20050-009, Brasil;Rua Sete de Setembro 71 Rio de Janeiro RJ 20050005 Brazil;Rio de Janeiro;RJ;20050005;-22.90467;-43.17704;-22.90467;-43.17704;Centro;;
3126;Sobral Gas;;endereco;Rua Belarmina, 353, Vila Militar, Rio de Janeiro - RJ, 21745-110, Brasil;Rua Belarmina 353 Rio de Janeiro RJ 21745110 Brazil;Rio de Janeiro;RJ;21745110;-22.87992;-43.40611;-22.87992;-43.40611;Vila Militar;;
3127;Supergasbras;;endereco;Fluzao Revendedora de Gás e Distr de Bebidas, Rua André Rocha, 4026, Jacarepaguá, Rio de Janeiro - RJ, 22780-194, Brasil;Rua Andre Rocha 4026 Rio de Janeiro RJ 22710560 Brazil;Rio de Janeiro;RJ;22710560;-22.94564;-43.38914;-22.94564;-43.38914;Jacarepaguá;;
3128;Ururai gás 24 horas;;endereco;Rua Tacaratu, 35, Rocha Miranda, Rio de Janeiro - RJ, 21555-025, Brasil;Rua Tacaratu 35 Rio de Janeiro RJ 21511185 Brazil;Rio de Janeiro;RJ;21511185;-22.85574;-43.35338;-22.85574;-43.35338;Rocha Miranda;;
3129;Delta Gás - Mossoró RN;;endereco;Avenida Alberto Maranhão, 318, Belo Horizonte, Mossoró - RN, 59600-005, Brasil;Avenida Alberto Maranhao 318 Mossoro RN 59600480 Brazil;Mossoró;RN;59600480;-5.20822;-37.35492;-5.20822;-37.35492;Belo Horizonte;;
3130;Brasil Gás;;endereco;Rua José Torres, 143, Nossa Senhora da Apresentação, Natal - RN, 59115-555, Brasil;Rua Jose Torres 143 Natal RN 59115555 Brazil;Natal;RN;59115555;-5.75169;-35.28123;-5.75169;-35.28123;Nossa Senhora da Apresentação;;
3131;Brito Gás;;endereco;Rua Abadias dos Dourados, 5044, Neópolis, Natal - RN, 59084-060, Brasil;Rua Abadias dos Dourados 5044 Natal RN 59084060 Brazil;Natal;RN;59084060;-5.8684;-35.19817;-5.8684;-35.19817;Neópolis;;
3132;Carlos Gás;;endereco;Rua Estrela do Mar, 11, Felipe Camarão, Natal - RN, 59074-110, Brasil;Rua Estrela do Mar 11 Natal RN 59074110 Brazil;Natal;RN;59074110;-5.8212;-35.25879;-5.8212;-35.25879;Felipe Camarão;;
3133;Disk Gás;;endereco;Rua Lauro Bezerra, 176, Pajuçara, Natal - RN, 59123-210, Brasil;Rua Lauro Bezerra 176 Natal RN 59123210 Brazil;Natal;RN;59123210;-5.74642;-35.23978;-5.74642;-35.23978;Pajuçara;;
3134;Estabelecimento Brasil Gás;;endereco;Avenida dos Caiapós, 1118, Pitimbú, Natal - RN, 59067-400, Brasil;Avenida dos Caiapos 1118 Natal RN 59065120 Brazil;Natal;RN;59065120;-5.86173;-35.24274;-5.86173;-35.24274;Pitimbú;;
3135;Foguetinho Gás;;endereco;Avenida Santarém, 1120, Nossa Senhora da Apresentação, Natal - RN, 59114-200, Brasil;Avenida Santarem 1120 Natal RN 59115555 Brazil;Natal;RN;59115555;-5.75157;-35.27351;-5.75157;-35.27351;Nossa Senhora da Apresentação;;
3136;Iran Gás Água e Carvão;;endereco;Rua do Xaxado, 1141A, Lagoa Azul, Natal - RN, 59138-250, Brasil;Rua do Xaxado 1141A Natal RN 59138250 Brazil;Natal;RN;59138250;-5.73598;-35.26295;-5.73598;-35.26295;Lagoa Azul;;
3137;Lagoa Azul gás;;endereco;Avenida Bumba Meu Boi, 1200, Lagoa Azul, Natal - RN, 59135-000, Brasil;Avenida Bumba Meu Boi 1200 Natal RN 59000000 Brazil;Natal;RN;59000000;-5.73867;-35.26226;-5.73867;-35.26226;Lagoa Azul;MEDIO;CEP generico de cidade, nao de rua (2,4x mais falha)
3138;Lenildo Gás e Água;;endereco;Rua dos Corais, 306, Ponta Negra, Natal - RN, 59090-528, Brasil;Rua dos Corais 306 Natal RN 59090528 Brazil;Natal;RN;59090528;-5.89294;-35.17259;-5.89294;-35.17259;Ponta Negra;;
3139;Liquigás - C.O;;endereco;Rua Sampaio Correia, Nossa Senhora da Apresentação, Natal - RN, 59114-113, Brasil;Rua Sampaio Correia Natal RN 59114268 Brazil;Natal;RN;59114268;-5.72477;-35.28092;-5.72477;-35.28092;Nossa Senhora da Apresentação;ALTO;sem numero de porta
3140;Litoral Gás;;endereco;Avenida Xavier da Silveira, 638, Lagoa Nova, Natal - RN, 59056-700, Brasil;Avenida Xavier da Silveira 638 Natal RN 59056700 Brazil;Natal;RN;59056700;-5.82461;-35.20307;-5.82461;-35.20307;Lagoa Nova;;
3141;Narciso Gás e Água;;endereco;Rua Alto da Boa Vista, 566, Ponta Negra, Natal - RN, 59090-310, Brasil;Rua Alto da Boa Vista 566 Natal RN 59090310 Brazil;Natal;RN;59090310;-5.89133;-35.17099;-5.89133;-35.17099;Ponta Negra;;
3142;Natal Gás;;endereco;Rua Miramar, 170, Rocas, Natal - RN, 59010-470, Brasil;Rua Miramar 170 Natal RN 59010470 Brazil;Natal;RN;59010470;-5.77641;-35.19702;-5.77641;-35.19702;Rocas;;
3143;Paulo Gás;;endereco;Rua Aristides Lobo, 704, Lagoa Seca, Natal - RN, 59022-210, Brasil;Rua Aristides Lobo 704 Natal RN 59072630 Brazil;Natal;RN;59072630;-5.80669;-35.20667;-5.80669;-35.20667;Lagoa Seca;;
3144;Top Gás Liquigás;;endereco;Rua Henrique Dias, 132, Bom Pastor, Natal - RN, 59060-170, Brasil;Rua Henrique Dias 132 Natal RN 59062170 Brazil;Natal;RN;59062170;-5.81365;-35.23862;-5.81365;-35.23862;Bom Pastor;;
3145;Trampolim Gás;;endereco;Rua São Martinho, 1, Lagoa Azul, Natal - RN, 59129-800, Brasil;Rua Sao Martinho 1 Natal RN 59129810 Brazil;Natal;RN;59129810;-5.7416;-35.26278;-5.7416;-35.26278;Lagoa Azul;;
3146;Zona Norte Gás;;endereco;Rua Bela Vista, 1167C, Igapó, Natal - RN, 59104-230, Brasil;Rua Bela Vista 1167C Natal RN 59129000 Brazil;Natal;RN;59129000;-5.76981;-35.264;-5.76981;-35.264;Igapó;MEDIO;CEP generico de cidade, nao de rua (2,4x mais falha)
3147;Brasil Gás;;endereco;Rua Cedro, 4, Nova Parnamirim, Parnamirim - RN, 59152-090, Brasil;Rua Cedro 4 Parnamirim RN 59152040 Brazil;Parnamirim;RN;59152040;-5.89136;-35.19383;-5.89136;-35.19383;Nova Parnamirim;;
3148;Olimpio Gás e Água;;endereco;Avenida das Flores Silvestres, 351, São Gonçalo do Amarante - RN, 59290-000, Brasil;Avenida das Flores Silvestres 351 Sao Goncalo do Amarante RN 59293507 Brazil;São Gonçalo do Amarante;RN;59293507;-5.75313;-35.3014;-5.75313;-35.3014;;;
3149;Jaru Gás;;endereco;Linha Seiscentos e Cinco, 1100, Jaru - RO, 76890-000, Brasil;Linha Seiscentos e Cinco 1100 Jaru RO 76890000 Brazil;Jaru;RO;76890000;-10.42232;-62.48068;-10.42232;-62.48068;;MEDIO;CEP generico de cidade, nao de rua (2,4x mais falha)
3150;Lider Distribuidora de Água e Gás;;endereco;Rua Santos Dumont, 3314, Jaru - RO, 76890-000, Brasil;Rua Santos Dumont 3314 Jaru RO 76890000 Brazil;Jaru;RO;76890000;-10.41835;-62.47942;-10.41835;-62.47942;;MEDIO;CEP generico de cidade, nao de rua (2,4x mais falha)
3151;RM Gás e Água;;endereco;Rua Santos Dumont, 3314, Jaru - RO, 76890-000, Brasil;Rua Santos Dumont 3314 Jaru RO 76890000 Brazil;Jaru;RO;76890000;-10.41835;-62.47942;-10.41835;-62.47942;;MEDIO;CEP generico de cidade, nao de rua (2,4x mais falha)
3152;TOP GAS;;endereco;Rua Ana Nery, 1986, Ouro Preto do Oeste - RO, 76920-000, Brasil;Rua Ana Nery 1986 Ouro Preto do Oeste RO 76920000 Brazil;Ouro Preto do Oeste;RO;76920000;-10.7076;-62.25928;-10.7076;-62.25928;;MEDIO;CEP generico de cidade, nao de rua (2,4x mais falha)
3153;AmazonGás - Porto Velho;;endereco;Rua Rui Barbosa, Panair, Porto Velho - RO, Brasil;Rua Rui Barbosa Porto Velho RO 76801350 Brazil;Porto Velho;RO;76801350;-8.74992;-63.91284;-8.74992;-63.91284;Panair;ALTO;sem numero de porta
3154;BRITO GÁS - Antigo Mercadinho Brito;;endereco;Rua Joaquim da Rocha, 4197, Caladinho, Porto Velho - RO, 76808-182, Brasil;Rua Joaquim da Rocha 4197 Porto Velho RO 76808182 Brazil;Porto Velho;RO;76808182;-8.80341;-63.87708;-8.80341;-63.87708;Caladinho;;
3155;Distribuidora AmazonGás - Água e gás- Legalizada.;;endereco;Rua Buenos Aires, 2100, Embratel, Porto Velho - RO, 76820-821, Brasil;Rua Buenos Aires 2100 Porto Velho RO 76820137 Brazil;Porto Velho;RO;76820137;-8.75455;-63.88268;-8.75455;-63.88268;Embratel;;
3156;Dugás- Distribuidora de água e gás.;;endereco;Rua Raimundo Pinheiro, 2844, São João Bosco, Porto Velho - RO, 76803-846, Brasil;Rua Raimundo Pinheiro 2844 Porto Velho RO 76803830 Brazil;Porto Velho;RO;76803830;-8.74301;-63.89475;-8.74301;-63.89475;São João Bosco;;
3157;IGUAÇU DISTRIBUIDORA DE GÁS;;endereco;Rua Iguaçu, 4288, Jardim Santana, Porto Velho - RO, 76828-644, Brasil;Rua Iguacu 4288 Porto Velho RO 76828644 Brazil;Porto Velho;RO;76828644;-8.75218;-63.82515;-8.75218;-63.82515;Jardim Santana;;
3158;MARIANO GÁS;;endereco;Rua Aruba, 9062, Socialista, Porto Velho - RO, 76829-180, Brasil;Rua Aruba 9062 Porto Velho RO 78900970 Brazil;Porto Velho;RO;78900970;-8.7617;-63.8291;-8.7617;-63.8291;Socialista;;
3159;Rei do gás;;endereco;Rua Ananias Ferreira de Andrade, 5940, Aponiã, Porto Velho - RO, 76824-229, Brasil;Rua Ananias Ferreira de Andrade 5940 Porto Velho RO 76824198 Brazil;Porto Velho;RO;76824198;-8.74218;-63.86256;-8.74218;-63.86256;Aponiã;;
3160;Top Gás;;endereco;Alexayres, Avenida Jatuarana, 5212, Cohab, Porto Velho - RO, 76808-086, Brasil;Avenida Jatuarana 5212 Porto Velho RO 76807525 Brazil;Porto Velho;RO;76807525;-8.79028;-63.87906;-8.79028;-63.87906;Cohab;;
3161;Zona Sul Gas e Distribuidora;;endereco;Rua Peroba, 5360, Eldorado, Porto Velho - RO, 76811-770, Brasil;Rua Peroba 5360 Porto Velho RO 76811770 Brazil;Porto Velho;RO;76811770;-8.77925;-63.87251;-8.77925;-63.87251;Eldorado;;
3162;🥇MEGA GÁS - DISK GÁS E ÁGUA MINERAL;;endereco;Avenida Melvin Jones, 1691, Vilhena - RO, 76983-407, Brasil;Avenida Melvin Jones 1691 Vilhena RO 76983390 Brazil;Vilhena;RO;76983390;-12.72123;-60.14538;-12.72123;-60.14538;;;
3163;Boaventura Disk Gás;;endereco;Travessa dos Macuxis, 3848, Jardim Equatorial, Boa Vista - RR, 69317-332, Brasil;Travessa dos Macuxis 3848 Boa Vista RR 69317318 Brazil;Boa Vista;RR;69317318;2.81979;-60.76946;2.81979;-60.76946;Jardim Equatorial;;
3164;Boaventura Disk Gás;;endereco;Rua das Orquídeas, 454, Pricumã, Boa Vista - RR, 69309-590, Brasil;Rua das Orquideas 454 Boa Vista RR 69309590 Brazil;Boa Vista;RR;69309590;2.80847;-60.69762;2.80847;-60.69762;Pricumã;;
3165;Boaventura Disk Gás;;endereco;Rua Lobo D'Almada, 395, São Francisco, Boa Vista - RR, 69305-050, Brasil;Rua Lobo D Almada 395 Boa Vista RR 69305050 Brazil;Boa Vista;RR;69305050;2.83353;-60.67352;2.83353;-60.67352;São Francisco;;
3166;Central do Gás e Agua.;;endereco;Rua Armando Nogueira, 13, Buritis, Boa Vista - RR, 69309-160, Brasil;Rua Armando Nogueira 13 Boa Vista RR 69309160 Brazil;Boa Vista;RR;69309160;2.81437;-60.70484;2.81437;-60.70484;Buritis;;
3167;Centro de Distribuição Fogás - Boa Vista;;endereco;Travessa Rio Mucajaí, Governador Aquilino Mota Duarte, Boa Vista - RR, 69316-172, Brasil;Travessa Rio Mucajai Boa Vista RR 69315305 Brazil;Boa Vista;RR;69315305;2.75755;-60.72977;2.75755;-60.72977;Governador Aquilino Mota Duarte;ALTO;sem numero de porta
3168;Disk gás Duda;;endereco;Avenida Brigadeiro, São Bento, Boa Vista - RR, Brasil;Avenida Brigadeiro Boa Vista RR 69315666 Brazil;Boa Vista;RR;69315666;2.78207;-60.71576;2.78207;-60.71576;São Bento;ALTO;sem numero de porta
3169;DISK GÁS E ÁGUA;;endereco;Gracie Barra - Roraima, Rua Lobo D'Almada, 181, São Francisco, Boa Vista - RR, 69305-050, Brasil;Rua Lobo D Almada 181 Boa Vista RR 69306040 Brazil;Boa Vista;RR;69306040;2.83328;-60.67714;2.83328;-60.67714;São Francisco;;
3170;DISK GÁS E ÁGUA NORBERTO;;endereco;Avenida Getúlio Vargas, 7500, São Vicente, Boa Vista - RR, 69307-700, Brasil;Avenida Getulio Vargas 7500 Boa Vista RR 69303472 Brazil;Boa Vista;RR;69303472;2.8075;-60.6798;2.8075;-60.6798;São Vicente;;
3171;DISK GÁS e ÁGUA SÃO VICENTE;;endereco;Rua Araraquara, 163, São Vicente, Boa Vista - RR, 69303-452, Brasil;Rua Araraquara 163 Boa Vista RR 69303452 Brazil;Boa Vista;RR;69303452;2.80331;-60.68172;2.80331;-60.68172;São Vicente;;
3172;Disk Gás é Cooking gás e água mineral;;endereco;Rua Cezar Nogueira Júnior, 436, Nova Canaã, Boa Vista - RR, 69316-700, Brasil;Rua Cezar Nogueira Junior 436 Boa Vista RR 69316700 Brazil;Boa Vista;RR;69316700;2.8095;-60.74178;2.8095;-60.74178;Nova Canaã;;
3173;Disk Loh Gás e Água - Fogás;;endereco;Rua Roberto Costa, 14, Aparecida, Boa Vista - RR, 69306-440, Brasil;Rua Roberto Costa 14 Boa Vista RR 69306350 Brazil;Boa Vista;RR;69306350;2.83694;-60.6651;2.83694;-60.6651;Aparecida;;
3174;Gás ABC;;endereco;Rua das Campainhas, 402, Pricumã, Boa Vista - RR, 69309-470, Brasil;Rua das Campainhas 402 Boa Vista RR 69309470 Brazil;Boa Vista;RR;69309470;2.80855;-60.70314;2.80855;-60.70314;Pricumã;;
3175;Lucas Gás Cidade Satélite;;endereco;Rua da Lua, 224, Cidade Satélite, Boa Vista - RR, 69317-456, Brasil;Rua da Lua 224 Boa Vista RR 69317456 Brazil;Boa Vista;RR;69317456;2.83907;-60.74714;2.83907;-60.74714;Cidade Satélite;;
3176;Rebeca Gás 1 - Gás e Água;;endereco;Rua CC 10, 37, Laura Moreira, Boa Vista - RR, Brasil;Rua CC 10 Boa Vista RR 69318045 Brazil;Boa Vista;RR;69318045;2.79372;-60.76865;2.79372;-60.76865;37 Laura Moreira;;
3177;RR GAS;;endereco;Avenida Nazaré Filgueiras, Pintolândia, Boa Vista - RR, 69316-715, Brasil;Avenida Nazare Filgueiras Boa Vista RR 69314550 Brazil;Boa Vista;RR;69314550;2.8056;-60.74525;2.8056;-60.74525;Pintolândia;ALTO;sem numero de porta
3178;S.O.S Gás;;endereco;Rua Laura Pinheiro Maia, 1235, Pintolândia, Boa Vista - RR, Brasil;Rua Laura Pinheiro Maia 1235 Boa Vista RR 69316738 Brazil;Boa Vista;RR;69316738;2.80474;-60.74798;2.80474;-60.74798;Pintolândia;;
3179;Universo gás e água - Fogás;;endereco;Avenida Glaycon de Paiva, 1461, São Vicente, Boa Vista - RR, 69303-340, Brasil;Avenida Glaycon de Paiva 1461 Boa Vista RR 69303340 Brazil;Boa Vista;RR;69303340;2.81571;-60.68565;2.81571;-60.68565;São Vicente;;
3180;zap gas;;endereco;Avenida Nazaré Filgueiras, 843, Pintolândia, Boa Vista - RR, 69316-716, Brasil;Avenida Nazare Filgueiras 843 Boa Vista RR 69316715 Brazil;Boa Vista;RR;69316715;2.79597;-60.74477;2.79597;-60.74477;Pintolândia;;
3181;BRAZ GÁS;;endereco;Rua Olegário Vítor de Andrade, 547, Vila Prado, Alegrete - RS, 97543-420, Brasil;Rua Olegario Vitor de Andrade 547 Alegrete RS 97543420 Brazil;Alegrete;RS;97543420;-29.80028;-55.81716;-29.80028;-55.81716;Vila Prado;;
3182;ECOGÁS_ALEGRETE;;endereco;Rua Maximino Marinho, 1023, Liberdade, Alegrete - RS, 97543-410, Brasil;Rua Maximino Marinho 1023 Alegrete RS 97543410 Brazil;Alegrete;RS;97543410;-29.79918;-55.81147;-29.79918;-55.81147;Liberdade;;
3183;ULTRAGAZ;;endereco;Avenida Tiarajú, 2190, Capão do Angico, Alegrete - RS, 97546-550, Brasil;Avenida Tiaraju 2190 Alegrete RS 97546550 Brazil;Alegrete;RS;97546550;-29.79777;-55.75782;-29.79777;-55.75782;Capão do Angico;;
3184;GÁS EM ALVORADA POSTO SANTOS;;endereco;Avenida Presidente Getúlio Vargas, 5486, Piratini, Alvorada - RS, 94836-000, Brasil;Avenida Presidente Getulio Vargas 5486 Alvorada RS 94836000 Brazil;Alvorada;RS;94836000;-30.00518;-51.0476;-30.00518;-51.0476;Piratini;MEDIO;CEP generico de cidade, nao de rua (2,4x mais falha)
3185;NACIONAL GAS;;endereco;Avenida Presidente Getúlio Vargas, 3392, Formosa/Maria Regina, Alvorada - RS, 94818-000, Brasil;Avenida Presidente Getulio Vargas 3392 Alvorada RS 94818000 Brazil;Alvorada;RS;94818000;-29.99584;-51.06646;-29.99584;-51.06646;Formosa/Maria Regina;MEDIO;CEP generico de cidade, nao de rua (2,4x mais falha)
3186;PALMEIRAS GÁS;;endereco;Avenida Zero Hora, 1464, Algarve, Alvorada - RS, 94858-000, Brasil;Avenida Zero Hora 1464 Alvorada RS 94858000 Brazil;Alvorada;RS;94858000;-30.0343;-51.07226;-30.0343;-51.07226;Algarve;MEDIO;CEP generico de cidade, nao de rua (2,4x mais falha)
3187;REVENDA DE GÁS ALGARVE LTDA;;endereco;Avenida Gaviões, 519, Algarve, Alvorada - RS, 94859-420, Brasil;Avenida Gavioes 519 Alvorada RS 94859420 Brazil;Alvorada;RS;94859420;-30.0337;-51.08456;-30.0337;-51.08456;Algarve;;
3188;TELE GÁS GASREIS NACIONAL;;endereco;Rua Vista Alegre, 965, Umbu, Alvorada - RS, 94834-228, Brasil;Rua Vista Alegre 965 Alvorada RS 94834228 Brazil;Alvorada;RS;94834228;-29.99135;-51.04563;-29.99135;-51.04563;Umbu;;
3189;🔥TELE GÁS ALVORADA🔥;;endereco;Rua Cedro, 700, Formosa/Maria Regina, Alvorada - RS, 94828-140, Brasil;Rua Cedro 700 Alvorada RS 95828140 Brazil;Alvorada;RS;95828140;-29.99318;-51.06202;-29.99318;-51.06202;Formosa/Maria Regina;;
3190;ARROIO GÁS - REVENDA LIQUIGÁS;;endereco;Rua Sergipe, 571, Arroio do Meio - RS, 95940-000, Brasil;Rua Sergipe 571 Arroio do Meio RS 95940000 Brazil;Arroio do Meio;RS;95940000;-29.38952;-51.92741;-29.38952;-51.92741;;MEDIO;CEP generico de cidade, nao de rua (2,4x mais falha)
3191;NACIONAL GÁS;;endereco;Estrada Linha Umbu a Forqueta Baixa, 682, Arroio do Meio - RS, 95940-000, Brasil;Estrada Linha Umbu a Forqueta Baixa 682 Arroio do Meio RS 95940000 Brazil;Arroio do Meio;RS;95940000;-29.41415;-51.96895;-29.41415;-51.96895;;ALTO;"endereco de rodovia (57-67% falharam); CEP generico de cidade, nao de rua (2,4x mais falha)"
3192;ADRIANA GÁS;;endereco;Rua Edegar Pereira Pinto, 1436, Bagé - RS, 96402-160, Brasil;Rua Edegar Pereira Pinto 1436 Bage RS 96402160 Brazil;Bagé;RS;96402160;-31.32636;-54.12515;-31.32636;-54.12515;;;
3193;CAMACHO GÁS;;endereco;Rua Antônio Jacinto Romero, 53, Bagé - RS, 96415-040, Brasil;Rua Antonio Jacinto Romero 53 Bage RS 96415040 Brazil;Bagé;RS;96415040;-31.34096;-54.08991;-31.34096;-54.08991;;;
3194;CREMONA GÁS;;endereco;Rua Barão do Itaqui, 1191, Bagé - RS, 96412-600, Brasil;Rua Barao do Itaqui 1191 Bage RS 96412600 Brazil;Bagé;RS;96412600;-31.30843;-54.09316;-31.30843;-54.09316;;;
3195;ESPANHA GAS;;endereco;Avenida Espanha, 1663, Bagé - RS, 96410-000, Brasil;Avenida Espanha 1663 Bage RS 96410000 Brazil;Bagé;RS;96410000;-31.30153;-54.12266;-31.30153;-54.12266;;MEDIO;CEP generico de cidade, nao de rua (2,4x mais falha)
3196;ARALDI COMÉRCIO DE GÁS;;endereco (logradouro de coluna alternativa);Capela São Miguel, Bento Gonçalves - RS, 95700-000, Brasil;Estrada LINHA PALMEIRO Bento Goncalves RS 95714991 Brazil;Bento Gonçalves;RS;95714991;-29.18686;-51.46182;-29.18686;-51.46182;;ALTO;"endereco de rodovia (57-67% falharam); sem numero de porta"
3197;BENTO GÁS;;endereco;Rua Joana Guindani Tonello, 797, Industrial, Bento Gonçalves - RS, 95705-666, Brasil;Rua Joana Guindani Tonello 797 Bento Goncalves RS 95700000 Brazil;Bento Gonçalves;RS;95700000;-29.14604;-51.4967;-29.14604;-51.4967;Industrial;MEDIO;CEP generico de cidade, nao de rua (2,4x mais falha)
3198;JP CONSIGAZ;;endereco;ERS-431, Bento Gonçalves - RS, 95708-830, Brasil;ERS 431 Bento Goncalves RS 95713000 Brazil;Bento Gonçalves;RS;95713000;-29.1141;-51.58996;-29.1141;-51.58996;;ALTO;"sem numero de porta; logradouro sem nome; CEP generico de cidade, nao de rua (2,4x mais falha)"
3199;SUPER GASBRAS;;endereco;Rua Rita Carolina Chies Acosta, 47, Licorsul, Bento Gonçalves - RS, 95705-848, Brasil;Rua Rita Carolina Chies Acosta 47 Bento Goncalves RS 95700000 Brazil;Bento Gonçalves;RS;95700000;-29.16379;-51.50246;-29.16379;-51.50246;Licorsul;MEDIO;CEP generico de cidade, nao de rua (2,4x mais falha)
3200;CACHOEIRA GÁS;;endereco;Rua Dona Odenira, 33, Cachoeira do Sul - RS, 96505-292, Brasil;Rua Dona Odenira 33 Cachoeira do Sul RS 96505292 Brazil;Cachoeira do Sul;RS;96505292;-30.01291;-52.89915;-30.01291;-52.89915;;;
3201;CENTRAL DE GÁS;;endereco;Motel Tropical, Avenida Marcelo Gama, 1631, Cachoeira do Sul - RS, 96501-071, Brasil;Avenida Marcelo Gama 1631 Cachoeira do Sul RS 96503260 Brazil;Cachoeira do Sul;RS;96503260;-30.03084;-52.91588;-30.03084;-52.91588;;;
3202;DIONATAS GÁS - REPRESENTANTE ULTRAGÁZ;;endereco;Petshop au Ki Mia, Avenida Brasil, Cachoeira do Sul - RS, 96505-442, Brasil;Avenida Brasil Cachoeira do Sul RS 96505475 Brazil;Cachoeira do Sul;RS;96505475;-30.01058;-52.91152;-30.01058;-52.91152;;ALTO;sem numero de porta
3203;GETÚLIO DA SILVA VARGAS;;endereco;Motel Tropical, Avenida Marcelo Gama, 1631, Cachoeira do Sul - RS, 96501-071, Brasil;Avenida Marcelo Gama 1631 Cachoeira do Sul RS 96503260 Brazil;Cachoeira do Sul;RS;96503260;-30.03084;-52.91588;-30.03084;-52.91588;;;
3204;GÁS SILVA - DISTRIBUIDORA DE GÁS SILVA;;endereco;Rua Farroupilha, 1107, Cachoeira do Sul - RS, 96503-182, Brasil;Rua Farroupilha 1107 Cachoeira do Sul RS 96503182 Brazil;Cachoeira do Sul;RS;96503182;-30.01914;-52.91761;-30.01914;-52.91761;;;
3205;LC CÓMERCIO DE GÁS E ÁGUA LTDA;;endereco;Avenida Brasil, 2710, Cachoeira do Sul - RS, 96505-442, Brasil;Avenida Brasil 2710 Cachoeira do Sul RS 96505442 Brazil;Cachoeira do Sul;RS;96505442;-30.0126;-52.91089;-30.0126;-52.91089;;;
3206;SANTANA GÁS (NACIONAL GÁS);;endereco;Avenida dos Imigrantes, 1137, Cachoeira do Sul - RS, 96505-142, Brasil;Avenida dos Imigrantes 1137 Cachoeira do Sul RS 96505141 Brazil;Cachoeira do Sul;RS;96505141;-30.00539;-52.90748;-30.00539;-52.90748;;;
3207;ALEMÃO GÁS LIQUIGAS CACHOEIRINHA RS;;endereco;Rua das Oliveiras, 511, Cachoeirinha - RS, 94070-440, Brasil;Rua das Oliveiras 511 Cachoeirinha RS 94070440 Brazil;Cachoeirinha;RS;94070440;-29.93672;-51.07572;-29.93672;-51.07572;;;
3208;DAVILA - ULTRAGAZ;;endereco;Avenida José Brambila, 851, Cachoeirinha - RS, 94945-000, Brasil;Avenida Jose Brambila 851 Cachoeirinha RS 94945000 Brazil;Cachoeirinha;RS;94945000;-29.92435;-51.08107;-29.92435;-51.08107;;MEDIO;CEP generico de cidade, nao de rua (2,4x mais falha)
3209;GÁS AVENIDA;;endereco;Avenida Estados Unidos, 554, Cachoeirinha - RS, 94965-150, Brasil;Avenida Estados Unidos 554 Cachoeirinha RS 94965150 Brazil;Cachoeirinha;RS;94965150;-29.90166;-51.07155;-29.90166;-51.07155;;;
3210;GÁS LÍDER;;endereco;Rua Capitão Garibaldi Pinto dos Santos, 378, Cachoeirinha - RS, 85514-500, Brasil;Rua Capitao Garibaldi Pinto dos Santos 378 Cachoeirinha RS 94960502 Brazil;Cachoeirinha;RS;94960502;-29.92636;-51.09114;-29.92636;-51.09114;;;
3211;GÁS REY | DISTRIBUIDORA DE ÁGUA E GÁS;;endereco;Rua dos Capistranos, 665, Cachoeirinha - RS, 94970-460, Brasil;Rua dos Capistranos 665 Cachoeirinha RS 94967430 Brazil;Cachoeirinha;RS;94967430;-29.89151;-51.08432;-29.89151;-51.08432;;;
3212;MUNDIAL GÁS;;endereco;Avenida Fernando Ferrari, 307, Cachoeirinha - RS, 94930-075, Brasil;Avenida Fernando Ferrari 307 Cachoeirinha RS 94930075 Brazil;Cachoeirinha;RS;94930075;-29.95158;-51.10436;-29.95158;-51.10436;;;
3213;SERGOUT;;endereco;Pwn Comércio de Produtos Alimenticios, Avenida Francisco Brochado da Rocha, 192, Cachoeirinha - RS, 94935-200, Brasil;Avenida Francisco Brochado da Rocha 192 Cachoeirinha RS 94960570 Brazil;Cachoeirinha;RS;94960570;-29.94801;-51.09772;-29.94801;-51.09772;;;
3214;CANAÃ GÁS E ÁGUA;;endereco;Rua João Ventura Centeno, 780, Vila Nova, Camaquã - RS, 96783-072, Brasil;Rua Joao Ventura Centeno 780 Camaqua RS 96783072 Brazil;Camaquã;RS;96783072;-30.84492;-51.80074;-30.84492;-51.80074;Vila Nova;;
3215;DISTRIBUIDORA CAMAQUENSE DE GÁS;;endereco;Avenida Ernani Oliveira Silveira, 294, Olaria, Camaquã - RS, 96785-202, Brasil;Avenida Ernani Oliveira Silveira 294 Camaqua RS 96180000 Brazil;Camaquã;RS;96180000;-30.85786;-51.80401;-30.85786;-51.80401;Olaria;MEDIO;CEP generico de cidade, nao de rua (2,4x mais falha)
3216;ELISEU GÁS;;endereco;Rua Francisco Emílio Scherer, 91, Santa Bárbara, Camaquã - RS, 96180-000, Brasil;Rua Francisco Emilio Scherer 91 Camaqua RS 96180000 Brazil;Camaquã;RS;96180000;-30.85031;-51.79016;-30.85031;-51.79016;Santa Bárbara;MEDIO;CEP generico de cidade, nao de rua (2,4x mais falha)
3217;MACLA DISTRIBUIDORA DE GÁS - REVENDA LIQUIGÁS;;endereco;Rua Doutor João Ferreira, 370, Maria da Graça, Camaquã - RS, 96789-230, Brasil;Rua Doutor Joao Ferreira 370 Camaqua RS 96180000 Brazil;Camaquã;RS;96180000;-30.85854;-51.82023;-30.85854;-51.82023;Maria da Graça;MEDIO;CEP generico de cidade, nao de rua (2,4x mais falha)
3218;SULGÁS CAMAQUÃ - REVENDA LIQUIGÁS;;endereco;Rua Apolinário Pavão, 137, Centenário, Camaquã - RS, 96180-000, Brasil;Rua Apolinario Pavao 137 Camaqua RS 96781154 Brazil;Camaquã;RS;96781154;-30.846;-51.8177;-30.846;-51.8177;Centenário;;
3219;BUENO GÁS;;endereco;Rua Lions Internacional, 534, Campo Bom - RS, 93700-000, Brasil;Rua Lions Internacional 534 Campo Bom RS 93700000 Brazil;Campo Bom;RS;93700000;-29.67587;-51.04922;-29.67587;-51.04922;;MEDIO;CEP generico de cidade, nao de rua (2,4x mais falha)
3220;COMERCIAL DE GÁS BILÚ LTDA;;endereco;Rua Vinte e Cinco de Julho, 212, Campo Bom - RS, 93700-000, Brasil;Rua Vinte e Cinco de Julho 212 Campo Bom RS 93700000 Brazil;Campo Bom;RS;93700000;-29.68589;-51.05022;-29.68589;-51.05022;;MEDIO;CEP generico de cidade, nao de rua (2,4x mais falha)
3221;GÁS 25 DE JULHO;;endereco;Rua Cirino Berghann, 554, Campo Bom - RS, 93700-000, Brasil;Rua Cirino Berghann 554 Campo Bom RS 93700000 Brazil;Campo Bom;RS;93700000;-29.6848;-51.04381;-29.6848;-51.04381;;MEDIO;CEP generico de cidade, nao de rua (2,4x mais falha)
3222;GÁS OURO BRANCO | COMÉRCIO DE GÁS | CAMPO BOM;;endereco;Rua Pedro Saenger, 255, Campo Bom - RS, 93700-000, Brasil;Rua Pedro Saenger 255 Campo Bom RS 93700000 Brazil;Campo Bom;RS;93700000;-29.6636;-51.04208;-29.6636;-51.04208;;MEDIO;CEP generico de cidade, nao de rua (2,4x mais falha)
3223;KAYSER GÁS;;endereco;Rua Marechal Floriano, 301, Campo Bom - RS, 93700-000, Brasil;Rua Marechal Floriano 301 Campo Bom RS 93700000 Brazil;Campo Bom;RS;93700000;-29.69388;-51.05491;-29.69388;-51.05491;;MEDIO;CEP generico de cidade, nao de rua (2,4x mais falha)
3224;JARBAS GAS;;endereco;Rua Bento Gonçalves, 472, Centro, Candelária - RS, 96930-000, Brasil;Rua Bento Goncalves 472 Candelaria RS 96930000 Brazil;Candelária;RS;96930000;-29.66813;-52.78981;-29.66813;-52.78981;Centro;MEDIO;CEP generico de cidade, nao de rua (2,4x mais falha)
3225;CAMINHO DO GAS LTDA;;endereco;Rua Presidente João Goulart, 505, Canelinha, Canela - RS, 95686-486, Brasil;Rua Presidente Joao Goulart 505 Canela RS 95680000 Brazil;Canela;RS;95680000;-29.34989;-50.79903;-29.34989;-50.79903;Canelinha;MEDIO;CEP generico de cidade, nao de rua (2,4x mais falha)
3226;CANELINHA GÁS;;endereco;Rua Patrício Zini Sobrinho, 300, Bosque da Serra, Canela - RS, 95686-232, Brasil;Rua Patricio Zini Sobrinho 300 Canela RS 95680000 Brazil;Canela;RS;95680000;-29.34969;-50.81803;-29.34969;-50.81803;Bosque da Serra;MEDIO;CEP generico de cidade, nao de rua (2,4x mais falha)
3227;NACIONAL GÁS;;endereco;Rua Vinte e Oito, 1671, São José, Canela - RS, 95683-511, Brasil;Rua Vinte e Oito 1671 Canela RS 95683511 Brazil;Canela;RS;95683511;-29.36973;-50.82973;-29.36973;-50.82973;São José;;
3228;SM GÁS CANELA;;endereco;Rua Tio Elias, 355, Eugênio Ferreira, Canela - RS, 95680-572, Brasil;Rua Tio Elias 355 Canela RS 95680000 Brazil;Canela;RS;95680000;-29.3688;-50.79898;-29.3688;-50.79898;Eugênio Ferreira;MEDIO;CEP generico de cidade, nao de rua (2,4x mais falha)
3229;ULTRAGAZ;;endereco;Rua Batista Luzardo, 278, Centro, Canela - RS, 95680-272, Brasil;Rua Batista Luzardo 278 Canela RS 95680000 Brazil;Canela;RS;95680000;-29.35838;-50.80862;-29.35838;-50.80862;Centro;MEDIO;CEP generico de cidade, nao de rua (2,4x mais falha)
3230;VIP COML DE GÁS LTDA;;endereco;Rua Pedro Oscar Selbach, 173, Eugênio Ferreira, Canela - RS, 95680-256, Brasil;Rua Pedro Oscar Selbach 173 Canela RS 95680000 Brazil;Canela;RS;95680000;-29.36349;-50.80415;-29.36349;-50.80415;Eugênio Ferreira;MEDIO;CEP generico de cidade, nao de rua (2,4x mais falha)
3231;ALMEIDA GÁS , ÁGUA E CONVENIÊNCIA;;endereco;Rua Juscelino Kubitschek, 267, Canguçu - RS, 96600-000, Brasil;Rua Juscelino Kubitschek 267 Cangucu RS 96600000 Brazil;Canguçu;RS;96600000;-31.40663;-52.67897;-31.40663;-52.67897;;MEDIO;CEP generico de cidade, nao de rua (2,4x mais falha)
3232;CENTRAL DE GÁS E ÁGUA;;endereco;Avenida Vinte de Setembro, 643, Canguçu - RS, 96600-000, Brasil;Avenida Vinte de Setembro 643 Cangucu RS 96600000 Brazil;Canguçu;RS;96600000;-31.38865;-52.68062;-31.38865;-52.68062;;MEDIO;CEP generico de cidade, nao de rua (2,4x mais falha)
3233;GÁS;;endereco;Rua Madre Manoela Simões, 108, Canguçu - RS, 96600-000, Brasil;Rua Madre Manoela Simoes 108 Cangucu RS 96600000 Brazil;Canguçu;RS;96600000;-31.38763;-52.68615;-31.38763;-52.68615;;MEDIO;CEP generico de cidade, nao de rua (2,4x mais falha)
3234;JD GÁS E ÁGUA;;endereco;Rua Cinco de Outubro, 3, Canguçu - RS, 96600-000, Brasil;Rua Cinco de Outubro 3 Cangucu RS 96600000 Brazil;Canguçu;RS;96600000;-31.39684;-52.66544;-31.39684;-52.66544;;MEDIO;CEP generico de cidade, nao de rua (2,4x mais falha)
3235;SUPER TIMM GÁS;;endereco;Rua Osvaldo Müller Barlen, 68, Canguçu - RS, 96600-000, Brasil;Rua Osvaldo Muller Barlen 68 Cangucu RS 96600000 Brazil;Canguçu;RS;96600000;-31.39073;-52.67408;-31.39073;-52.67408;;MEDIO;CEP generico de cidade, nao de rua (2,4x mais falha)
3236;BABALUGÁS;;endereco;Rua Santa Terezinha, 529, Nossa Senhora das Graças, Canoas - RS, 92025-620, Brasil;Rua Santa Terezinha 529 Canoas RS 92025620 Brazil;Canoas;RS;92025620;-29.93096;-51.16603;-29.93096;-51.16603;Nossa Senhora das Graças;;
3237;BITTENCOURT CARDOSO GÁS - REVENDA LIQUIGÁS;;endereco;Rua Canudos, 80, Estância Velha, Canoas - RS, 92030-050, Brasil;Rua Canudos 80 Canoas RS 92030050 Brazil;Canoas;RS;92030050;-29.92467;-51.14836;-29.92467;-51.14836;Estância Velha;;
3238;CANOAS GÁS;;endereco;Avenida Rio Grande do Sul, 3491, Mathias Velho, Canoas - RS, 92330-001, Brasil;Avenida Rio Grande do Sul 3491 Canoas RS 92330220 Brazil;Canoas;RS;92330220;-29.90072;-51.21913;-29.90072;-51.21913;Mathias Velho;;
3239;CENTRAL GÁS;;endereco;Rua Coronel Vicente, 1121, Harmonia, Canoas - RS, 92310-430, Brasil;Rua Coronel Vicente 1121 Canoas RS 92310430 Brazil;Canoas;RS;92310430;-29.91817;-51.19357;-29.91817;-51.19357;Harmonia;;
3240;COMERCIAL DE GÁS CANOENSE;;endereco;Avenida Rio Grande do Sul, 1040, Mathias Velho, Canoas - RS, 92330-000, Brasil;Avenida Rio Grande do Sul 1040 Canoas RS 92330000 Brazil;Canoas;RS;92330000;-29.90292;-51.19015;-29.90292;-51.19015;Mathias Velho;MEDIO;CEP generico de cidade, nao de rua (2,4x mais falha)
3241;ELIAS GAS;;endereco;Rua Libertação, 360, Mathias Velho, Canoas - RS, 92325-150, Brasil;Rua Libertacao 360 Canoas RS 92325150 Brazil;Canoas;RS;92325150;-29.90408;-51.22477;-29.90408;-51.22477;Mathias Velho;;
3242;FLÁVIO GÁS;;endereco;Rua Paraná, 313, Niterói, Canoas - RS, 92130-210, Brasil;Rua Parana 313 Canoas RS 92130210 Brazil;Canoas;RS;92130210;-29.95936;-51.16318;-29.95936;-51.16318;Niterói;;
3243;GANSO GÁS;;endereco;Rua Iguaçu, 129, Rio Branco, Canoas - RS, 92200-170, Brasil;Rua Iguacu 129 Canoas RS 92200170 Brazil;Canoas;RS;92200170;-29.96592;-51.19435;-29.96592;-51.19435;Rio Branco;;
3244;GÁS SUL;;endereco;Rua Itália, 681, Nossa Senhora das Graças, Canoas - RS, 92110-316, Brasil;Rua Italia 681 Canoas RS 92110310 Brazil;Canoas;RS;92110310;-29.93541;-51.16332;-29.93541;-51.16332;Nossa Senhora das Graças;;
3245;LUIZ GÁS;;endereco;Rua Ana Nery, 850, Rio Branco, Canoas - RS, 92200-250, Brasil;Rua Ana Nery 850 Canoas RS 92200250 Brazil;Canoas;RS;92200250;-29.96091;-51.18501;-29.96091;-51.18501;Rio Branco;;
3246;PAINEIRA COMÉRCIO DE GÁS NOSSA SRA. DAS GRACAS;;endereco;Rua Porto Seguro, 618, Nossa Senhora das Graças, Canoas - RS, 92025-590, Brasil;Rua Porto Seguro 618 Canoas RS 92025590 Brazil;Canoas;RS;92025590;-29.93258;-51.15461;-29.93258;-51.15461;Nossa Senhora das Graças;;
3247;PRESTADORA DE SERVIÇOS GÁS CENTRAL PARK;;endereco;Rua República, 1094, Mato Grande, Canoas - RS, 92310-530, Brasil;Rua Republica 1094 Canoas RS 92320000 Brazil;Canoas;RS;92320000;-29.9239;-51.19506;-29.9239;-51.19506;Mato Grande;MEDIO;CEP generico de cidade, nao de rua (2,4x mais falha)
3248;SUL GÁS;;endereco;Travessa Esperança, 125, Estância Velha, Canoas - RS, 92440-758, Brasil;Travessa Esperanca 125 Canoas RS 92030790 Brazil;Canoas;RS;92030790;-29.91579;-51.14029;-29.91579;-51.14029;Estância Velha;;
3249;SUPERGASBRÁS DISTRIBUIDORA DE GÁS;;endereco;Rua Primavera, 2710, Rio Branco, Canoas - RS, Brasil;Rua Primavera 2710 Canoas RS 92200300 Brazil;Canoas;RS;92200300;-29.9673;-51.20244;-29.9673;-51.20244;Rio Branco;;
3250;T S VIEIRA GAS E AGUA;;endereco;Rua Jabuticabas, 1344, Estância Velha, Canoas - RS, 92032-635, Brasil;Rua Jabuticabas 1344 Canoas RS 92032440 Brazil;Canoas;RS;92032440;-29.91439;-51.13577;-29.91439;-51.13577;Estância Velha;;
3251;TELE GÁS;;endereco;Prime Lavanderia, Avenida Guilherme Schell, 2914, Rio Branco, Canoas - RS, 92200-630, Brasil;Avenida Guilherme Schell 2914 Canoas RS 92415000 Brazil;Canoas;RS;92415000;-29.95352;-51.17702;-29.95352;-51.17702;Rio Branco;MEDIO;CEP generico de cidade, nao de rua (2,4x mais falha)
3252;COMERCIAL DE GÁS SANTANA;;endereco;Rua Paulina Valim Dariva, 525, Capão da Canoa - RS, 95555-000, Brasil;Rua Paulina Valim Dariva 525 Capao da Canoa RS 95555000 Brazil;Capão da Canoa;RS;95555000;-29.76306;-50.03127;-29.76306;-50.03127;;MEDIO;CEP generico de cidade, nao de rua (2,4x mais falha)
3253;JM COMERCIAL DE GÁS;;endereco;Rua General Osório, 645, Capão da Canoa - RS, 95555-000, Brasil;Rua General Osorio 645 Capao da Canoa RS 95555000 Brazil;Capão da Canoa;RS;95555000;-29.75878;-50.02927;-29.75878;-50.02927;;MEDIO;CEP generico de cidade, nao de rua (2,4x mais falha)
3254;LIMA GÁS CAPÃO DA CANOA;;endereco;Rua Peixe Rei, Capão da Canoa - RS, Brasil;Rua Peixe Rei Capao da Canoa RS Brazil;Capão da Canoa;RS;;-29.71656;-49.99881;-29.71656;-49.99881;;ALTO;sem numero de porta
3255;LITORAL NORTE GÁS - REVENDA LIQUIGÁS;;endereco;Rua Nove, Capão da Canoa - RS, 95555-000, Brasil;Rua Nove Capao da Canoa RS 95555000 Brazil;Capão da Canoa;RS;95555000;-29.72892;-50.00157;-29.72892;-50.00157;;ALTO;"sem numero de porta; CEP generico de cidade, nao de rua (2,4x mais falha)"
3256;FRAMIGÁS;;endereco;Avenida Narciso Silva, 968, Centro, Capão do Leão - RS, 96160-000, Brasil;Avenida Narciso Silva 968 Capao do Leao RS 96160000 Brazil;Capão do Leão;RS;96160000;-31.76029;-52.49372;-31.76029;-52.49372;Centro;MEDIO;CEP generico de cidade, nao de rua (2,4x mais falha)
3257;MULLER GÁS;;endereco;Rua Castro Alves, 974, Jardim América, Capão do Leão - RS, 96160-000, Brasil;Rua Castro Alves 974 Capao do Leao RS 96160000 Brazil;Capão do Leão;RS;96160000;-31.76323;-52.4439;-31.76323;-52.4439;Jardim América;MEDIO;CEP generico de cidade, nao de rua (2,4x mais falha)
3258;BICKELKOHL COMÉRCIO E SERVIÇOS LTDA - FILIAL CARAZINHO;;endereco;Rua Monte Alegre, 830, Carazinho - RS, 99500-000, Brasil;Rua Monte Alegre 830 Carazinho RS 99500000 Brazil;Carazinho;RS;99500000;-28.28894;-52.81014;-28.28894;-52.81014;;MEDIO;CEP generico de cidade, nao de rua (2,4x mais falha)
3259;GAS MAIS CARAZINHO;;endereco;Rua Monte Alegre, 454, Carazinho - RS, 99500-000, Brasil;Rua Monte Alegre 454 Carazinho RS 99500000 Brazil;Carazinho;RS;99500000;-28.28617;-52.81041;-28.28617;-52.81041;;MEDIO;CEP generico de cidade, nao de rua (2,4x mais falha)
3260;MAXGÁS - ULTRAGAZ;;endereco;Rua Monte Alegre, 459, Carazinho - RS, 99500-000, Brasil;Rua Monte Alegre 459 Carazinho RS 99500000 Brazil;Carazinho;RS;99500000;-28.28607;-52.8107;-28.28607;-52.8107;;MEDIO;CEP generico de cidade, nao de rua (2,4x mais falha)
3261;RODRIGÁS;;endereco;Avenida Antônio José Barlette, 233, Carazinho - RS, 99500-000, Brasil;Avenida Antonio Jose Barlette 233 Carazinho RS 99500000 Brazil;Carazinho;RS;99500000;-28.28297;-52.7823;-28.28297;-52.7823;;MEDIO;CEP generico de cidade, nao de rua (2,4x mais falha)
3262;YAGORAGAS;;endereco;Rua João Edmundo Kraemer, 91, Carazinho - RS, 99500-000, Brasil;Rua Joao Edmundo Kraemer 91 Carazinho RS 99500000 Brazil;Carazinho;RS;99500000;-28.28196;-52.79961;-28.28196;-52.79961;;MEDIO;CEP generico de cidade, nao de rua (2,4x mais falha)
3263;BALBINOT GÁS;;endereco;Rua João XXIII, 20, Carlos Barbosa - RS, 95185-000, Brasil;Rua Joao XXIII 20 Carlos Barbosa RS 95185000 Brazil;Carlos Barbosa;RS;95185000;-29.29275;-51.50119;-29.29275;-51.50119;;MEDIO;CEP generico de cidade, nao de rua (2,4x mais falha)
3264;COMPARSI COMERCIO DE GÁS;;endereco;Travessa do Morro Calvário, 155, Carlos Barbosa - RS, 95185-000, Brasil;Travessa do Morro Calvario 155 Carlos Barbosa RS 95185000 Brazil;Carlos Barbosa;RS;95185000;-29.31683;-51.49663;-29.31683;-51.49663;;MEDIO;CEP generico de cidade, nao de rua (2,4x mais falha)
3265;A.L GÁS;;endereco;Rua Capão do Vento, 536, Esplanada, Caxias do Sul - RS, 95095-460, Brasil;Rua Capao do Vento 536 Caxias do Sul RS 95080230 Brazil;Caxias do Sul;RS;95080230;-29.19345;-51.20639;-29.19345;-51.20639;Esplanada;;
3266;CASA DO GÁS;;endereco;Rua dos Ourives, 143, Santa Fé, Caxias do Sul - RS, 95047-420, Brasil;Rua dos Ourives 143 Caxias do Sul RS 95047420 Brazil;Caxias do Sul;RS;95047420;-29.122;-51.17711;-29.122;-51.17711;Santa Fé;;
3267;CENTER GÁS;;endereco;Rua Pedro Guzatto, 278, Pioneiro, Caxias do Sul - RS, 95042-490, Brasil;Rua Pedro Guzatto 278 Caxias do Sul RS 95042150 Brazil;Caxias do Sul;RS;95042150;-29.13647;-51.19102;-29.13647;-51.19102;Pioneiro;;
3268;CIA DO GÁS 24 HORAS;;endereco;Rua José Casanova, 130, Cristo Redentor, Caxias do Sul - RS, 95084-350, Brasil;Rua Jose Casanova 130 Caxias do Sul RS 95084100 Brazil;Caxias do Sul;RS;95084100;-29.17294;-51.16632;-29.17294;-51.16632;Cristo Redentor;;
3269;DISTRIBUIDORA DE GAS PIRANMIDE TRÊS LTDA;;endereco;Rua Olímpio Rosa, 856, Kaiser, Caxias do Sul - RS, 95098-370, Brasil;Rua Olimpio Rosa 856 Caxias do Sul RS 95098370 Brazil;Caxias do Sul;RS;95098370;-29.18824;-51.19208;-29.18824;-51.19208;Kaiser;;
3270;ESTRELA GÁS TELE-ENTREGA E COMÉRCIO DE GÁS;;endereco;Rua Remo Antônio Tomazzoni, 163, Planalto, Caxias do Sul - RS, 95080-061, Brasil;Rua Remo Antonio Tomazzoni 163 Caxias do Sul RS 95080061 Brazil;Caxias do Sul;RS;95080061;-29.18674;-51.17084;-29.18674;-51.17084;Planalto;;
3271;GÁS CAXIAS;;endereco;Rua Cometa, 24, São Luiz, Caxias do Sul - RS, 95074-840, Brasil;Rua Cometa 24 Caxias do Sul RS 95074840 Brazil;Caxias do Sul;RS;95074840;-29.16867;-51.12064;-29.16867;-51.12064;São Luiz;;
3272;GÁS DA BR;;endereco;BR-116, Planalto, Caxias do Sul - RS, Brasil;BR 116 Planalto Caxias do Sul RS 95080050 Brazil;Caxias do Sul;RS;95080050;-29.18576;-51.17526;-29.18576;-51.17526;;ALTO;sem numero de porta
3273;GÁS VANDERLEI;;endereco;Rua Maria Luisa Alves da Silveira, 326, Cidade Nova, Caxias do Sul - RS, 95112-665, Brasil;Rua Maria Luisa Alves da Silveira 326 Caxias do Sul RS 95112470 Brazil;Caxias do Sul;RS;95112470;-29.16776;-51.22332;-29.16776;-51.22332;Cidade Nova;;
3274;JLT GÁS;;endereco;Avenida Serrano Santo Antônio, 1546, Jardim Eldorado, Caxias do Sul - RS, 95059-260, Brasil;Avenida Serrano Santo Antonio 1546 Caxias do Sul RS 95059260 Brazil;Caxias do Sul;RS;95059260;-29.1169;-51.12551;-29.1169;-51.12551;Jardim Eldorado;;
3275;LIBERGÁS COMÉRCIO DE GÁS LTDA;;endereco;Rua Cristiano Ramos de Oliveira, 4837, Charqueadas, Caxias do Sul - RS, 95110-372, Brasil;Rua Cristiano Ramos de Oliveira 4837 Caxias do Sul RS 95110200 Brazil;Caxias do Sul;RS;95110200;-29.18481;-51.22786;-29.18481;-51.22786;Charqueadas;;
3276;PIONEIRO GÁS - REVENDA LIQUIGÁS;;endereco;Rua Giácomo Salvador, 278, Pioneiro, Caxias do Sul - RS, 95042-310, Brasil;Rua Giacomo Salvador 278 Caxias do Sul RS 95042010 Brazil;Caxias do Sul;RS;95042010;-29.13762;-51.19247;-29.13762;-51.19247;Pioneiro;;
3277;PW GÁS;;endereco;Moldar Matrizes, Rua Barão do Amazonas, 1924, Presidente Vargas, Caxias do Sul - RS, 95055-170, Brasil;Rua Barao do Amazonas 1924 Caxias do Sul RS 95055170 Brazil;Caxias do Sul;RS;95055170;-29.15172;-51.14355;-29.15172;-51.14355;Presidente Vargas;;
3278;SERVIGAZ;;endereco;Rua Antônio Olivo Frigeri, 457, Serrano, Caxias do Sul - RS, 95059-620, Brasil;Rua Antonio Olivo Frigeri 457 Caxias do Sul RS 95059730 Brazil;Caxias do Sul;RS;95059730;-29.1139;-51.12996;-29.1139;-51.12996;Serrano;;
3279;SIM GÁS CAXIAS DO SUL;;endereco;Rua Mozart Antônio da Silva, 1176, Charqueadas, Caxias do Sul - RS, 95096-730, Brasil;Rua Mozart Antonio da Silva 1176 Caxias do Sul RS 95000000 Brazil;Caxias do Sul;RS;95000000;-29.18185;-51.21286;-29.18185;-51.21286;Charqueadas;MEDIO;CEP generico de cidade, nao de rua (2,4x mais falha)
3280;VS COMÉRCIO DE GÁS LTDA;;endereco;Rua Valeriano Gomes de Almeida, 63, Serrano, Caxias do Sul - RS, 95059-190, Brasil;Rua Valeriano Gomes de Almeida 63 Caxias do Sul RS 95059600 Brazil;Caxias do Sul;RS;95059600;-29.11983;-51.13086;-29.11983;-51.13086;Serrano;;
3281;COMÉRCIAL DE GÁS FARROUPILHA - REVENDA LIQUIGÁS;;endereco;Avenida Pinheiro Machado, 957, Caçapava do Sul - RS, 96570-000, Brasil;Avenida Pinheiro Machado 957 Cacapava do Sul RS 96570000 Brazil;Caçapava do Sul;RS;96570000;-30.51098;-53.48334;-30.51098;-53.48334;;MEDIO;CEP generico de cidade, nao de rua (2,4x mais falha)
3282;LIQUIGÁS- CAÇAPAVA DO SUL;;endereco;Avenida Santos Dumont, 830, Caçapava do Sul - RS, 96570-000, Brasil;Avenida Santos Dumont 830 Cacapava do Sul RS 96570000 Brazil;Caçapava do Sul;RS;96570000;-30.51868;-53.4828;-30.51868;-53.4828;;MEDIO;CEP generico de cidade, nao de rua (2,4x mais falha)
3283;RODA GÁS;;endereco;Rua Coronel Coriolano de Castro, 315, Caçapava do Sul - RS, 96570-000, Brasil;Rua Coronel Coriolano de Castro 315 Cacapava do Sul RS 96570000 Brazil;Caçapava do Sul;RS;96570000;-30.51632;-53.49106;-30.51632;-53.49106;;MEDIO;CEP generico de cidade, nao de rua (2,4x mais falha)
3284;NACIONAL GÁS CHARQUEADAS;;endereco;Rua Bahia, 39, Cruz de Malta, Charqueadas - RS, 96745-000, Brasil;Rua Bahia 39 Charqueadas RS 96745000 Brazil;Charqueadas;RS;96745000;-29.96595;-51.63173;-29.96595;-51.63173;Cruz de Malta;MEDIO;CEP generico de cidade, nao de rua (2,4x mais falha)
3285;NENE GÁS NACIONAL GÁS;;endereco;Avenida Sapiranga, 807, Industrial, Dois Irmãos - RS, 93950-000, Brasil;Avenida Sapiranga 807 Dois Irmaos RS 93950000 Brazil;Dois Irmãos;RS;93950000;-29.58938;-51.0786;-29.58938;-51.0786;Industrial;MEDIO;CEP generico de cidade, nao de rua (2,4x mais falha)
3286;BRINHOL GÁS;;endereco;Rua Major Alencastro da Fontoura, 1817, Dom Pedrito - RS, 96450-000, Brasil;Rua Major Alencastro da Fontoura 1817 Dom Pedrito RS 96450000 Brazil;Dom Pedrito;RS;96450000;-30.97603;-54.66329;-30.97603;-54.66329;;MEDIO;CEP generico de cidade, nao de rua (2,4x mais falha)
3287;GÁS DO SAUL;;endereco;Rua Vinte e Um de Abril, 2441, Dom Pedrito - RS, 96450-000, Brasil;Rua Vinte e Um de Abril 2441 Dom Pedrito RS 96450000 Brazil;Dom Pedrito;RS;96450000;-30.97236;-54.66429;-30.97236;-54.66429;;MEDIO;CEP generico de cidade, nao de rua (2,4x mais falha)
3288;MACA GÁS E AGUA;;endereco;Rua Duque de Caxias, 420, Dom Pedrito - RS, 96450-000, Brasil;Rua Duque de Caxias 420 Dom Pedrito RS 96450000 Brazil;Dom Pedrito;RS;96450000;-30.99027;-54.6726;-30.99027;-54.6726;;MEDIO;CEP generico de cidade, nao de rua (2,4x mais falha)
3289;MARTINS GAS E AGUA;;endereco;Rua Borges de Medeiros, 927, Dom Pedrito - RS, 96450-000, Brasil;Rua Borges de Medeiros 927 Dom Pedrito RS 96450000 Brazil;Dom Pedrito;RS;96450000;-30.98418;-54.67418;-30.98418;-54.67418;;MEDIO;CEP generico de cidade, nao de rua (2,4x mais falha)
3290;RENAN GÁS, ÁGUA E CHOPP;;endereco;Avenida Rui Barbosa, 1706, Dom Pedrito - RS, 96450-000, Brasil;Avenida Rui Barbosa 1706 Dom Pedrito RS 96450000 Brazil;Dom Pedrito;RS;96450000;-30.98692;-54.66758;-30.98692;-54.66758;;MEDIO;CEP generico de cidade, nao de rua (2,4x mais falha)
3291;CELSO LUIZ GIOVANELLA;;endereco;Rua João Sana, 145, Encantado - RS, 95960-000, Brasil;Rua Joao Sana 145 Encantado RS 95960000 Brazil;Encantado;RS;95960000;-29.23548;-51.87699;-29.23548;-51.87699;;MEDIO;CEP generico de cidade, nao de rua (2,4x mais falha)
3292;J. I. GÁS LTDA;;endereco;Rua Veneza, 70, Encantado - RS, 95960-000, Brasil;Rua Veneza 70 Encantado RS 95960000 Brazil;Encantado;RS;95960000;-29.23557;-51.88168;-29.23557;-51.88168;;MEDIO;CEP generico de cidade, nao de rua (2,4x mais falha)
3293;NACIONAL GÁS;;endereco;Rua R. Bertozzi, Encantado - RS, 95960-000, Brasil;Rua R Bertozzi Encantado RS 95960000 Brazil;Encantado;RS;95960000;-29.23622;-51.87571;-29.23622;-51.87571;;ALTO;"sem numero de porta; CEP generico de cidade, nao de rua (2,4x mais falha)"
3294;ULTRAGAZ;;endereco;Rua Alegrete, 62, Encantado - RS, 95960-000, Brasil;Rua Alegrete 62 Encantado RS 95960000 Brazil;Encantado;RS;95960000;-29.22382;-51.8822;-29.22382;-51.8822;;MEDIO;CEP generico de cidade, nao de rua (2,4x mais falha)
3295;BAIXINHO DO GÁS;;endereco;Ulinoski Comercio e Construções, Avenida Olegário Moreira, 380, Encruzilhada do Sul - RS, 96610-000, Brasil;Avenida Olegario Moreira 380 Encruzilhada do Sul RS 96610000 Brazil;Encruzilhada do Sul;RS;96610000;-30.55194;-52.52221;-30.55194;-52.52221;;MEDIO;CEP generico de cidade, nao de rua (2,4x mais falha)
3296;G;;endereco;Rua Pompílio Xavier, 2, Encruzilhada do Sul - RS, 96610-000, Brasil;Rua Pompilio Xavier 2 Encruzilhada do Sul RS 96610000 Brazil;Encruzilhada do Sul;RS;96610000;-30.54005;-52.52742;-30.54005;-52.52742;;MEDIO;CEP generico de cidade, nao de rua (2,4x mais falha)
3297;JV DOS SANTOS GÁS;;endereco;Avenida Arnildo Genz, 109, Encruzilhada do Sul - RS, 96610-000, Brasil;Avenida Arnildo Genz 109 Encruzilhada do Sul RS 96610000 Brazil;Encruzilhada do Sul;RS;96610000;-30.5494;-52.53233;-30.5494;-52.53233;;MEDIO;CEP generico de cidade, nao de rua (2,4x mais falha)
3298;BEL GÁS;;endereco;Rua José Allamano, 18, Santa Catarina, Erechim - RS, 99711-344, Brasil;Rua Jose Allamano 18 Erechim RS 99711406 Brazil;Erechim;RS;99711406;-27.63527;-52.28918;-27.63527;-52.28918;Santa Catarina;;
3299;COLTRO GÁS E ÁGUA;;endereco;Rua Marechal Floriano, 337, Centro, Erechim - RS, 99700-236, Brasil;Rua Marechal Floriano 337 Erechim RS 99700000 Brazil;Erechim;RS;99700000;-27.64132;-52.27447;-27.64132;-52.27447;Centro;MEDIO;CEP generico de cidade, nao de rua (2,4x mais falha)
3300;COMPANHIA DO GÁS E ÁGUA;;endereco;Rua Espírito Santo, 349, Fátima, Erechim - RS, 99709-296, Brasil;Rua Espirito Santo 349 Erechim RS 99700000 Brazil;Erechim;RS;99700000;-27.64285;-52.26606;-27.64285;-52.26606;Fátima;MEDIO;CEP generico de cidade, nao de rua (2,4x mais falha)
3301;DISTRITO GÁS ERECHIM;;endereco;Rua Oswaldo Muller, 17, Maria Clara, Erechim - RS, 99705-729, Brasil;Rua Oswaldo Muller 17 Erechim RS 99705729 Brazil;Erechim;RS;99705729;-27.639;-52.23472;-27.639;-52.23472;Maria Clara;;
3302;A CASA DO GÁS RS;;endereco;Rua Rio Pardo, 88, Tamandaré, Esteio - RS, 93260-480, Brasil;Rua Rio Pardo 88 Esteio RS 93260480 Brazil;Esteio;RS;93260480;-29.83863;-51.16983;-29.83863;-51.16983;Tamandaré;;
3303;CHAMA GÁS;;endereco;Rua Fernando Ferrari, 165, Centro, Esteio - RS, 93260-030, Brasil;Rua Fernando Ferrari 165 Esteio RS 93260030 Brazil;Esteio;RS;93260030;-29.84177;-51.16739;-29.84177;-51.16739;Centro;;
3304;DISK GÁS;;endereco;Rua Rio Grande, 349, Centro, Esteio - RS, 93265-000, Brasil;Rua Rio Grande 349 Esteio RS 93265000 Brazil;Esteio;RS;93265000;-29.84493;-51.16018;-29.84493;-51.16018;Centro;MEDIO;CEP generico de cidade, nao de rua (2,4x mais falha)
3305;GÁS & GÁS ESTEIO;;endereco;Rua Vinte e Quatro de Agosto, 3058, Parque Amador, Esteio - RS, 93280-135, Brasil;Rua Vinte e Quatro de Agosto 3058 Esteio RS 93265169 Brazil;Esteio;RS;93265169;-29.85378;-51.14785;-29.85378;-51.14785;Parque Amador;;
3306;Mega Gás e Água Novo Esteio;;endereco;Avenida Celina Chaves Kroeff, 20, Novo Esteio, Esteio - RS, 93270-230, Brasil;Avenida Celina Chaves Kroeff 20 Esteio RS 93270530 Brazil;Esteio;RS;93270530;-29.85022;-51.18076;-29.85022;-51.18076;Novo Esteio;;
3307;SERVILAR GÁS & ÁGUA;;endereco;Rua Soledade, 557, Tamandaré, Esteio - RS, 93260-150, Brasil;Rua Soledade 557 Esteio RS 93265020 Brazil;Esteio;RS;93265020;-29.84096;-51.16603;-29.84096;-51.16603;Tamandaré;;
3308;TATÁ GÁS;;endereco;Rua Rio Grande, 2080, Liberdade, Esteio - RS, 93265-001, Brasil;Rua Rio Grande 2080 Esteio RS 93265001 Brazil;Esteio;RS;93265001;-29.85801;-51.16969;-29.85801;-51.16969;Liberdade;;
3309;ULTRAGAZ;;endereco;Rua Fernando Ferrari, 165, Centro, Esteio - RS, 93260-030, Brasil;Rua Fernando Ferrari 165 Esteio RS 93260030 Brazil;Esteio;RS;93260030;-29.84177;-51.16739;-29.84177;-51.16739;Centro;;
3310;FRIGÁS - REVENDA LIQUIGÁS;;endereco;Rua Claudino Augusto Horn, 25, Estrela - RS, 95880-000, Brasil;Rua Claudino Augusto Horn 25 Estrela RS 95880000 Brazil;Estrela;RS;95880000;-29.49654;-51.96045;-29.49654;-51.96045;;MEDIO;CEP generico de cidade, nao de rua (2,4x mais falha)
3311;LUNIGÁS DISTRIBUIDORA DE GÁS;;endereco;Rua Pedro Drebes, 47, Bom Retiro do Sul - RS, 95870-000, Brasil;Rua Pedro Drebes 47 Estrela RS 95870000 Brazil;Estrela;RS;95870000;-29.5886;-51.92605;-29.5886;-51.92605;;MEDIO;"CEP generico de cidade, nao de rua (2,4x mais falha); cidade divergente: coluna diz 'Estrela' e o endereco diz 'Bom Retiro do Sul'; mantida a da coluna"
3312;RODOGÁS;;endereco;Avenida Guilherme Siepmann, 280, Estrela - RS, 95880-000, Brasil;Avenida Guilherme Siepmann 280 Estrela RS 95880000 Brazil;Estrela;RS;95880000;-29.49154;-51.94425;-29.49154;-51.94425;;MEDIO;CEP generico de cidade, nao de rua (2,4x mais falha)
3313;TEUTÔNIA DISTRIBUIDORA DE GÁS LTDA.;;endereco;Rodovia Rota do Sol, Estrela - RS, 65690-000, Brasil;Rodovia Rota do Sol Estrela RS 95880000 Brazil;Estrela;RS;95880000;-29.45384;-51.85209;-29.45384;-51.85209;;ALTO;"endereco de rodovia (57-67% falharam); sem numero de porta; CEP generico de cidade, nao de rua (2,4x mais falha)"
3314;VEM GÁS SUPERGASBRAS ESTRELA;;endereco;Rua João Lino Braun, 193, Estrela - RS, 95880-000, Brasil;Rua Joao Lino Braun 193 Estrela RS 95890000 Brazil;Estrela;RS;95890000;-29.48764;-51.9511;-29.48764;-51.9511;;MEDIO;CEP generico de cidade, nao de rua (2,4x mais falha)
3315;ANDRE GÁS;;endereco;Rua Wilson Tartarotti, 295, Primeiro de Maio, Farroupilha - RS, 95181-182, Brasil;Rua Wilson Tartarotti 295 Farroupilha RS 95181240 Brazil;Farroupilha;RS;95181240;-29.24329;-51.34713;-29.24329;-51.34713;Primeiro de Maio;;
3316;HENRIGÁS COMÉRCIO DE GÁS LTDA;;endereco;Rodovia Rota do Sol, Centenário, Farroupilha - RS, 95180-000, Brasil;Rodovia Rota do Sol Farroupilha RS 95180000 Brazil;Farroupilha;RS;95180000;-29.21754;-51.32247;-29.21754;-51.32247;Centenário;ALTO;"endereco de rodovia (57-67% falharam); sem numero de porta; CEP generico de cidade, nao de rua (2,4x mais falha)"
3317;LIQUIGÁS BONALUME;;endereco;Rua Beluno, 840, Santa Catarina, Farroupilha - RS, 95177-036, Brasil;Rua Beluno 840 Farroupilha RS 95180000 Brazil;Farroupilha;RS;95180000;-29.21843;-51.33627;-29.21843;-51.33627;Santa Catarina;MEDIO;CEP generico de cidade, nao de rua (2,4x mais falha)
3318;VONZI GÁS;;endereco;Rua Paulo Tartarotti, 1873, Belvedere, Farroupilha - RS, 95173-148, Brasil;Rua Paulo Tartarotti 1873 Farroupilha RS 95173148 Brazil;Farroupilha;RS;95173148;-29.20756;-51.36578;-29.20756;-51.36578;Belvedere;;
3319;VALGÁS FLORES DA CUNHA;;endereco;Estrada para Antônio Prado, 186, Flores da Cunha - RS, 95270-000, Brasil;Estrada para Antonio Prado 186 Flores da Cunha RS 95270000 Brazil;Flores da Cunha;RS;95270000;-29.02006;-51.18127;-29.02006;-51.18127;;ALTO;"endereco de rodovia (57-67% falharam); CEP generico de cidade, nao de rua (2,4x mais falha)"
3320;COMPLEXO 34 - ENTREGA DE GÁS;;endereco;Rua Ângelo Michelon, 14, Jardim Primavera, Frederico Westphalen - RS, 98400-000, Brasil;Rua Angelo Michelon 14 Frederico Westphalen RS 98400000 Brazil;Frederico Westphalen;RS;98400000;-27.3652;-53.39208;-27.3652;-53.39208;Jardim Primavera;MEDIO;CEP generico de cidade, nao de rua (2,4x mais falha)
3321;FREDIGÁS;;endereco;Rua Leoveraldo Fortes, 360, Santo Inácio, Frederico Westphalen - RS, 98400-000, Brasil;Rua Leoveraldo Fortes 360 Frederico Westphalen RS 98400000 Brazil;Frederico Westphalen;RS;98400000;-27.35432;-53.39167;-27.35432;-53.39167;Santo Inácio;MEDIO;CEP generico de cidade, nao de rua (2,4x mais falha)
3322;GÁS CHAMA DA AMIZADE;;endereco (logradouro de coluna alternativa);BR-158, Frederico Westphalen - RS, 98400-000, Brasil;LINHA TRESSI INTERIOR Frederico Westphalen RS 98400000 Brazil;Frederico Westphalen;RS;98400000;-27.32231;-53.37558;-27.32231;-53.37558;;ALTO;"sem numero de porta; CEP generico de cidade, nao de rua (2,4x mais falha)"
3323;ALIATTI COMÉRCIO DE GÁS;;endereco;Rua General Osório, 420, Centro, Garibaldi - RS, 95720-000, Brasil;Rua General Osorio 420 Garibaldi RS 95720000 Brazil;Garibaldi;RS;95720000;-29.25554;-51.52655;-29.25554;-51.52655;Centro;MEDIO;CEP generico de cidade, nao de rua (2,4x mais falha)
3324;CENTRAL GÁS;;endereco;Avenida Primeiro de Maio, Várzea Grande 1o de Maio, Gramado - RS, 95670-000, Brasil;Avenida Primeiro de Maio Varzea Grande 1o de Maio Gramado RS 95670000 Brazil;Gramado;RS;95670000;-29.4191;-50.86975;-29.4191;-50.86975;;ALTO;"sem numero de porta; CEP generico de cidade, nao de rua (2,4x mais falha)"
3325;GRAMADO GÁS SUPERGASBRAS;;endereco;Rua Castelo Branco, 117, Vila Jardim, Gramado - RS, 95670-000, Brasil;Rua Castelo Branco 117 Gramado RS 95670000 Brazil;Gramado;RS;95670000;-29.39535;-50.86917;-29.39535;-50.86917;Vila Jardim;MEDIO;CEP generico de cidade, nao de rua (2,4x mais falha)
3326;GÁS DAS HORTÊNSIAS;;endereco;Avenida Borges de Medeiros, 3721, Centro, Gramado - RS, 95670-092, Brasil;Avenida Borges de Medeiros 3721 Gramado RS 95670000 Brazil;Gramado;RS;95670000;-29.3704;-50.87737;-29.3704;-50.87737;Centro;MEDIO;CEP generico de cidade, nao de rua (2,4x mais falha)
3327;R. BAZEI;;endereco;Avenida Borges de Medeiros, 3774, Centro, Gramado - RS, 95670-092, Brasil;Avenida Borges de Medeiros 3774 Gramado RS 95670000 Brazil;Gramado;RS;95670000;-29.36984;-50.87704;-29.36984;-50.87704;Centro;MEDIO;CEP generico de cidade, nao de rua (2,4x mais falha)
3328;COMERCIAL GÁS GRAVATAÍ;;endereco;Comercial Gás Gravataí, Avenida Itacolomi, 1655, Barnabé, Gravataí - RS, 94150-163, Brasil;Avenida Itacolomi 1655 Gravatai RS 94150163 Brazil;Gravataí;RS;94150163;-29.92768;-51.02864;-29.92768;-51.02864;Barnabé;;
3329;COMERCIAL JET GÁS E ÁGUA MINERAL;;endereco;Avenida Presidente Kenedy, 898, Marrocos, Gravataí - RS, 94045-160, Brasil;Avenida Presidente Kenedy 898 Gravatai RS 94045160 Brazil;Gravataí;RS;94045160;-29.94463;-51.02232;-29.94463;-51.02232;Marrocos;;
3330;COMÉRCIO DE GÁS SEVERO;;endereco;Rua Augusto Pestana, 232, Morada do Vale I, Gravataí - RS, 94110-180, Brasil;Rua Augusto Pestana 232 Gravatai RS 94110180 Brazil;Gravataí;RS;94110180;-29.91327;-51.06511;-29.91327;-51.06511;Morada do Vale I;;
3331;IMPÉRIO DO GÁS RS;;endereco;Rua Guilherme Schmitz, 435, Parque Olinda, Gravataí - RS, 94065-200, Brasil;Rua Guilherme Schmitz 435 Gravatai RS 94065200 Brazil;Gravataí;RS;94065200;-29.93844;-51.04723;-29.93844;-51.04723;Parque Olinda;;
3332;LIQUIGÁS;;endereco;Avenida Brasil, 1645, São Geraldo, Gravataí - RS, 94150-000, Brasil;Avenida Brasil 1645 Gravatai RS 94150000 Brazil;Gravataí;RS;94150000;-29.93218;-51.01463;-29.93218;-51.01463;São Geraldo;MEDIO;CEP generico de cidade, nao de rua (2,4x mais falha)
3333;LÉO GÁS;;endereco;Rua Unistalda Barroso Guimarães, 184, Gravataí - RS, Brasil;Rua Unistalda Barroso Guimaraes 184 Gravatai RS Brazil;Gravataí;RS;;-29.91328;-50.91273;-29.91328;-50.91273;;;
3334;RG COMERCIO DE GÁS EIRELI;;endereco;Avenida Plínio Gilberto Kroeff, 1527, Distrito Industrial, Gravataí - RS, 94045-390, Brasil;Avenida Plinio Gilberto Kroeff 1527 Gravatai RS 94045390 Brazil;Gravataí;RS;94045390;-29.95019;-51.02164;-29.95019;-51.02164;Distrito Industrial;;
3335;SULGÁS GÁS EM GRAVATAÍ - REVENDA LIQUIGÁS;;endereco;Rua São Pedro, 301, São Judas Tadeu, Gravataí - RS, 94070-425, Brasil;Rua Sao Pedro 301 Gravatai RS 94070425 Brazil;Gravataí;RS;94070425;-29.94052;-51.06707;-29.94052;-51.06707;São Judas Tadeu;;
3336;GUAÍBA GÁS - LIQUIGÁS;;endereco;Rua Faustino Gomes, 181, Alvorada, Guaíba - RS, 92703-710, Brasil;Rua Faustino Gomes 181 Guaiba RS 92500000 Brazil;Guaíba;RS;92500000;-30.12555;-51.31842;-30.12555;-51.31842;Alvorada;MEDIO;CEP generico de cidade, nao de rua (2,4x mais falha)
3337;GÁS DOIS IRMÃOS;;endereco;Avenida Doutor Urias Lugon, 433, Columbia City, Guaíba - RS, 92500-000, Brasil;Avenida Doutor Urias Lugon 433 Guaiba RS 92500000 Brazil;Guaíba;RS;92500000;-30.12972;-51.3545;-30.12972;-51.3545;Columbia City;MEDIO;CEP generico de cidade, nao de rua (2,4x mais falha)
3338;LUCAS GÁS;;endereco;Rua Recife, 589, Santa Rita, Guaíba - RS, 92708-115, Brasil;Rua Recife 589 Guaiba RS 92500000 Brazil;Guaíba;RS;92500000;-30.08874;-51.32275;-30.08874;-51.32275;Santa Rita;MEDIO;CEP generico de cidade, nao de rua (2,4x mais falha)
3339;NACIONAL GÁS SHOW;;endereco;Rua Mauá, 1554, Ibirubá - RS, 98200-000, Brasil;Rua Maua 1554 Ibiruba RS 98200000 Brazil;Ibirubá;RS;98200000;-28.63521;-53.0954;-28.63521;-53.0954;;MEDIO;CEP generico de cidade, nao de rua (2,4x mais falha)
3340;DIAS GÁS;;endereco;Rua Benno Sohne, 81, Figueira, Igrejinha - RS, 95650-000, Brasil;Rua Benno Sohne 81 Igrejinha RS 95650000 Brazil;Igrejinha;RS;95650000;-29.55936;-50.7945;-29.55936;-50.7945;Figueira;MEDIO;CEP generico de cidade, nao de rua (2,4x mais falha)
3341;HÉLIO GÁS;;endereco;Avenida Prefeito Hugo Sperb, 509, Industrial, Igrejinha - RS, 95650-000, Brasil;Avenida Prefeito Hugo Sperb 509 Igrejinha RS 95650000 Brazil;Igrejinha;RS;95650000;-29.60566;-50.79874;-29.60566;-50.79874;Industrial;MEDIO;CEP generico de cidade, nao de rua (2,4x mais falha)
3342;LIQUIGÁS IGREJINHA;;endereco;Rua Doutor Edmundo Lauffer, 927, Bom Pastor, Igrejinha - RS, 95650-000, Brasil;Rua Doutor Edmundo Lauffer 927 Igrejinha RS 95650000 Brazil;Igrejinha;RS;95650000;-29.57117;-50.80676;-29.57117;-50.80676;Bom Pastor;MEDIO;CEP generico de cidade, nao de rua (2,4x mais falha)
3343;NACIONAL GÁS;;endereco;Rua Dona Lídia, 38, Figueira, Igrejinha - RS, 95650-000, Brasil;Rua Dona Lidia 38 Igrejinha RS 95650000 Brazil;Igrejinha;RS;95650000;-29.56391;-50.79981;-29.56391;-50.79981;Figueira;MEDIO;CEP generico de cidade, nao de rua (2,4x mais falha)
3344;ULTRAGAZ;;endereco;Rua Nações Unidas, 529, Vila Nova, Igrejinha - RS, 95650-000, Brasil;Rua Nacoes Unidas 529 Igrejinha RS 95650000 Brazil;Igrejinha;RS;95650000;-29.57591;-50.80531;-29.57591;-50.80531;Vila Nova;MEDIO;CEP generico de cidade, nao de rua (2,4x mais falha)
3345;CLAUDIO A. CARNIELUTTI - LIQUIGÁS;;endereco;Rua Dezenove de Outubro, 775, Centro, Ijuí - RS, 98700-000, Brasil;Rua Dezenove de Outubro 775 Ijui RS 98700000 Brazil;Ijuí;RS;98700000;-28.38511;-53.92224;-28.38511;-53.92224;Centro;MEDIO;CEP generico de cidade, nao de rua (2,4x mais falha)
3346;EXTRAGAS COMERCIAL LTDA;;endereco;Rua Coronel Roberto Müller, 1, Lambari, Ijuí - RS, 98700-000, Brasil;Rua Coronel Roberto Muller 1 Ijui RS 98700000 Brazil;Ijuí;RS;98700000;-28.38277;-53.88489;-28.38277;-53.88489;Lambari;MEDIO;CEP generico de cidade, nao de rua (2,4x mais falha)
3347;LUBGÁS IJUÍ;;endereco;Avenida Vinte e Um de Abril, 1231, Lulu Ilgenfritz, Ijuí - RS, 98700-000, Brasil;Avenida Vinte e Um de Abril 1231 Ijui RS 98700000 Brazil;Ijuí;RS;98700000;-28.39397;-53.92853;-28.39397;-53.92853;Lulu Ilgenfritz;MEDIO;CEP generico de cidade, nao de rua (2,4x mais falha)
3348;MARLO GÁS;;endereco;Rua Alfredo Krampe, 36, Hammarstron, Ijuí - RS, 98700-000, Brasil;Rua Alfredo Krampe 36 Ijui RS 98700000 Brazil;Ijuí;RS;98700000;-28.39358;-53.89864;-28.39358;-53.89864;Hammarstron;MEDIO;CEP generico de cidade, nao de rua (2,4x mais falha)
3349;COMERCIAL DE GÁS GALIMBERTI - REVENDEDOR AUTORIZADO LIQUIGÁS;;endereco;Avenida Paraguassu, 2236, Imbé - RS, 95625-000, Brasil;Avenida Paraguassu 2236 Imbe RS 95625000 Brazil;Imbé;RS;95625000;-29.96159;-50.13319;-29.96159;-50.13319;;MEDIO;CEP generico de cidade, nao de rua (2,4x mais falha)
3350;GIOVANI GÁS E ÁGUA;;endereco;Avenida R, 1312, Nova Nordeste, Imbé - RS, 95625-000, Brasil;Avenida R 1312 Imbe RS 95625000 Brazil;Imbé;RS;95625000;-29.93251;-50.11399;-29.93251;-50.11399;Nova Nordeste;MEDIO;CEP generico de cidade, nao de rua (2,4x mais falha)
3351;GÁS DO PARQUE. REVENDEDOR AUTORIZADO LIQUIGÁS. IMBÉ, RIO GRANDE DO SUL.;;endereco;Rua Z 4, 721, Imbé - RS, 95625-000, Brasil;Rua Z 4 Imbe RS 95625000 Brazil;Imbé;RS;95625000;-29.90226;-50.10737;-29.90226;-50.10737;721;MEDIO;CEP generico de cidade, nao de rua (2,4x mais falha)
3352;LS GÁS E CONVENIÊNCIA - REVENDA ULTRAGAZ EM IMBÉ;;endereco;Rodovia RS-786, 105, Nova Nordeste, Imbé - RS, 95625-000, Brasil;Rodovia RS 786 105 Imbe RS 95625000 Brazil;Imbé;RS;95625000;-29.93447;-50.11586;-29.93447;-50.11586;Nova Nordeste;ALTO;"endereco de rodovia (57-67% falharam); CEP generico de cidade, nao de rua (2,4x mais falha)"
3353;MIRAGEM GÁS;;endereco;Avenida Brasil, Presidente, Imbé - RS, 95625-000, Brasil;Avenida Brasil Imbe RS 95625000 Brazil;Imbé;RS;95625000;-29.94248;-50.11984;-29.94248;-50.11984;Presidente;ALTO;"sem numero de porta; CEP generico de cidade, nao de rua (2,4x mais falha)"
3354;CHAMA AZUL;;endereco;Rua Tito Correia Lopes, 180, Itaqui - RS, 97650-000, Brasil;Rua Tito Correia Lopes 180 Itaqui RS 97650000 Brazil;Itaqui;RS;97650000;-29.14216;-56.54715;-29.14216;-56.54715;;MEDIO;CEP generico de cidade, nao de rua (2,4x mais falha)
3355;LICO GÁS;;endereco;Rua Visconde de Mauá, 1777, Itaqui - RS, 97650-000, Brasil;Rua Visconde de Maua 1777 Itaqui RS 97650000 Brazil;Itaqui;RS;97650000;-29.13625;-56.55108;-29.13625;-56.55108;;MEDIO;CEP generico de cidade, nao de rua (2,4x mais falha)
3356;LM GÁS - ITAQUI/RS;;endereco;Avenida América, 1016, Itaqui - RS, 97650-000, Brasil;Avenida America 1016 Itaqui RS 97650000 Brazil;Itaqui;RS;97650000;-29.15263;-56.54853;-29.15263;-56.54853;;MEDIO;CEP generico de cidade, nao de rua (2,4x mais falha)
3357;H ELISA;;endereco;Avenida Capivara, 1550, Morada do Sol, Ivoti - RS, 93900-000, Brasil;Avenida Capivara 1550 Ivoti RS 93900000 Brazil;Ivoti;RS;93900000;-29.60745;-51.1784;-29.60745;-51.1784;Morada do Sol;MEDIO;CEP generico de cidade, nao de rua (2,4x mais falha)
3358;LIQUIGÁS - ÉDER GÁS E ÁGUA LIQUIGÁS;;endereco;Avenida Capivara, 1866, Morada do Sol, Ivoti - RS, 93900-000, Brasil;Avenida Capivara 1866 Ivoti RS 93900000 Brazil;Ivoti;RS;93900000;-29.60706;-51.18159;-29.60706;-51.18159;Morada do Sol;MEDIO;CEP generico de cidade, nao de rua (2,4x mais falha)
3359;MÁRIO PEDRA GÁS - REVENDA LIQUIGÁS;;endereco;Rua Vinte e Quatro de Maio, 393, Jaguarão - RS, 96300-000, Brasil;Rua Vinte e Quatro de Maio 393 Jaguarao RS 96300000 Brazil;Jaguarão;RS;96300000;-32.56332;-53.38564;-32.56332;-53.38564;;MEDIO;CEP generico de cidade, nao de rua (2,4x mais falha)
3360;GÁS ZIMMER - ULTRAGAZ;;endereco;Rua Pedro Theobaldo Breidenbach, 2782, Conventos, Lajeado - RS, 84198-700, Brasil;Rua Pedro Theobaldo Breidenbach 2782 Lajeado RS 95906760 Brazil;Lajeado;RS;95906760;-29.43076;-52.03597;-29.43076;-52.03597;Conventos;;
3361;LAJEADO GÁS;;endereco;Avenida Benjamin Constant, Moinhos d'Água, Lajeado - RS, 84198-700, Brasil;Avenida Benjamin Constant Lajeado RS 84198700 Brazil;Lajeado;RS;84198700;-29.4497;-51.99547;-29.4497;-51.99547;Moinhos d'Água;ALTO;sem numero de porta
3362;SEU GÁS;;endereco;M M Lavacar, Rua Pedro Theobaldo Breidenbach, Conventos, Lajeado - RS, 95905-866, Brasil;Rua Pedro Theobaldo Breidenbach Lajeado RS 95906380 Brazil;Lajeado;RS;95906380;-29.43221;-52.02101;-29.43221;-52.02101;Conventos;ALTO;sem numero de porta
3363;ALFA GÁS E ÁGUA;;endereco;Rua João Posser, 1640, Marau - RS, 99150-000, Brasil;Rua Joao Posser 1640 Marau RS 99150000 Brazil;Marau;RS;99150000;-28.43453;-52.2118;-28.43453;-52.2118;;MEDIO;CEP generico de cidade, nao de rua (2,4x mais falha)
3364;EVERGÁS LIQUIGÁS;;endereco;Rua João Posser, 1076, Marau - RS, 99150-000, Brasil;Rua Joao Posser 1076 Marau RS 99150000 Brazil;Marau;RS;99150000;-28.43899;-52.20812;-28.43899;-52.20812;;MEDIO;CEP generico de cidade, nao de rua (2,4x mais falha)
3365;JB GÁS E ÁGUA;;endereco;Avenida Júlio Borella, 2660, Marau - RS, 99150-000, Brasil;Avenida Julio Borella 2660 Marau RS 99150000 Brazil;Marau;RS;99150000;-28.46438;-52.20267;-28.46438;-52.20267;;MEDIO;CEP generico de cidade, nao de rua (2,4x mais falha)
3366;CARECA GÁS;;endereco;Rua Georgia Neves de Campos Neto, 46, Cinco de Maio, Montenegro - RS, 95780-000, Brasil;Rua Georgia Neves de Campos Neto 46 Montenegro RS 95780000 Brazil;Montenegro;RS;95780000;-29.6874;-51.47841;-29.6874;-51.47841;Cinco de Maio;MEDIO;CEP generico de cidade, nao de rua (2,4x mais falha)
3367;GASDOBRITO;;endereco;Rua da Olaria, 25, Olaria, Montenegro - RS, 92512-515, Brasil;Rua da Olaria 25 Montenegro RS 95780000 Brazil;Montenegro;RS;95780000;-29.67925;-51.44806;-29.67925;-51.44806;Olaria;MEDIO;CEP generico de cidade, nao de rua (2,4x mais falha)
3368;GS GÁS LÍQUIGAS;;endereco;Rua Ernandes Azevedo Fernandes, 20, Aeroclube, Montenegro - RS, 92527-004, Brasil;Rua Ernandes Azevedo Fernandes 20 Montenegro RS 95780000 Brazil;Montenegro;RS;95780000;-29.71184;-51.48636;-29.71184;-51.48636;Aeroclube;MEDIO;CEP generico de cidade, nao de rua (2,4x mais falha)
3369;NACIONAL GÁS;;endereco;Rua dos Imigrantes, 735, SENAI, Montenegro - RS, 92518-632, Brasil;Rua dos Imigrantes 735 Montenegro RS 95780000 Brazil;Montenegro;RS;95780000;-29.69087;-51.49063;-29.69087;-51.49063;SENAI;MEDIO;CEP generico de cidade, nao de rua (2,4x mais falha)
3370;REIS DO GAS COMÉRCIO E DISTRIBUIDORA DE GÁS E ÁGUA;;endereco;Rua Coronel Apolinário de Moraes, 2076, Centro, Montenegro - RS, 95780-000, Brasil;Rua Coronel Apolinario de Moraes 2076 Montenegro RS 95780000 Brazil;Montenegro;RS;95780000;-29.6839;-51.4665;-29.6839;-51.4665;Centro;MEDIO;CEP generico de cidade, nao de rua (2,4x mais falha)
3371;JOÃO DO GÁS;;endereco;Rua Minas Novas, 470, Bela Vista, Nova Hartz - RS, 93890-000, Brasil;Rua Minas Novas 470 Nova Hartz RS 93890000 Brazil;Nova Hartz;RS;93890000;-29.58889;-50.90231;-29.58889;-50.90231;Bela Vista;MEDIO;CEP generico de cidade, nao de rua (2,4x mais falha)
3372;GÁS DA SERRA - DEPÓSITO DE GÁS;;endereco;Rua Frederico C. A. Ludke, 118, Pousada da Neve, Nova Petrópolis - RS, 95150-000, Brasil;Rua Frederico C A Ludke 118 Nova Petropolis RS 95150000 Brazil;Nova Petrópolis;RS;95150000;-29.36796;-51.09671;-29.36796;-51.09671;Pousada da Neve;MEDIO;CEP generico de cidade, nao de rua (2,4x mais falha)
3373;JORGE DUGÁZ;;endereco;Rua Três Marias, Bavária, Nova Petrópolis - RS, Brasil;Rua Tres Marias Nova Petropolis RS 95150000 Brazil;Nova Petrópolis;RS;95150000;-29.3808;-51.1275;-29.3808;-51.1275;Bavária;ALTO;"sem numero de porta; CEP generico de cidade, nao de rua (2,4x mais falha)"
3374;LIGUIGÁS DEUTSCH GÁS;;endereco;Avenida Quinze de Novembro, 2235, Vila Juriti, Nova Petrópolis - RS, 95150-000, Brasil;Avenida Quinze de Novembro 2235 Nova Petropolis RS 95150000 Brazil;Nova Petrópolis;RS;95150000;-29.37095;-51.10568;-29.37095;-51.10568;Vila Juriti;MEDIO;CEP generico de cidade, nao de rua (2,4x mais falha)
3375;LIQUIGÁS DA FAZENDA;;endereco;Rua Rosalina Haas Lamberty, Vila Germânica, Nova Petrópolis - RS, 95150-000, Brasil;Rua Rosalina Haas Lamberty Nova Petropolis RS 95150000 Brazil;Nova Petrópolis;RS;95150000;-29.37869;-51.13754;-29.37869;-51.13754;Vila Germânica;ALTO;"sem numero de porta; CEP generico de cidade, nao de rua (2,4x mais falha)"
3376;SUPER GÁS BRAS - NOVA PETRÓPOLIS;;endereco;Avenida Quinze de Novembro, 2560, Pousada da Neve, Nova Petrópolis - RS, 95150-000, Brasil;Avenida Quinze de Novembro 2560 Nova Petropolis RS 95150000 Brazil;Nova Petrópolis;RS;95150000;-29.36848;-51.10359;-29.36848;-51.10359;Pousada da Neve;MEDIO;CEP generico de cidade, nao de rua (2,4x mais falha)
3377;PEPE GÁS;;endereco;Rua Brasil, 71, Nova Prata - RS, 95320-000, Brasil;Rua Brasil 71 Nova Prata RS 95320000 Brazil;Nova Prata;RS;95320000;-28.77129;-51.61697;-28.77129;-51.61697;;MEDIO;CEP generico de cidade, nao de rua (2,4x mais falha)
3378;WE GÁS E ÁGUA DISTRIBUIDORA;;endereco;Avenida Luiz Marafom, 1584, Nova Prata - RS, 95320-000, Brasil;Avenida Luiz Marafom 1584 Nova Prata RS 95320000 Brazil;Nova Prata;RS;95320000;-28.78169;-51.59681;-28.78169;-51.59681;;MEDIO;CEP generico de cidade, nao de rua (2,4x mais falha)
3379;GÁS PURO NOVA SANTA RITA;;endereco;Rua Tangerina, 145, Nova Santa Rita - RS, 92480-000, Brasil;Rua Tangerina 145 Nova Santa Rita RS 91215290 Brazil;Nova Santa Rita;RS;91215290;-29.85079;-51.27466;-29.85079;-51.27466;;;
3380;GÁSPURO COMÉRCIO DE GÁS - REVENDA LIQUIGÁS;;endereco;Rua Hélio S. Fraga, 228, Nova Santa Rita - RS, 92480-000, Brasil;Rua Helio S Fraga 228 Nova Santa Rita RS 92480000 Brazil;Nova Santa Rita;RS;92480000;-29.85526;-51.27478;-29.85526;-51.27478;;MEDIO;CEP generico de cidade, nao de rua (2,4x mais falha)
3381;FERNANDUDUGAS;;endereco;Rua Onze de Junho, 500, Operário, Novo Hamburgo - RS, 93315-130, Brasil;Rua Onze de Junho 500 Novo Hamburgo RS 93315130 Brazil;Novo Hamburgo;RS;93315130;-29.67735;-51.13434;-29.67735;-51.13434;Operário;;
3382;GÁS DO WILLIAM;;endereco;Estrada Vereador Oscar Horm, 1491, Canudos, Novo Hamburgo - RS, 93544-000, Brasil;Estrada Vereador Oscar Horm 1491 Novo Hamburgo RS 93544000 Brazil;Novo Hamburgo;RS;93544000;-29.69298;-51.08747;-29.69298;-51.08747;Canudos;ALTO;"endereco de rodovia (57-67% falharam); CEP generico de cidade, nao de rua (2,4x mais falha)"
3383;NÓIA GÁS;;endereco;Rua Bartolomeu de Gusmão, 2120, Canudos, Novo Hamburgo - RS, 93546-000, Brasil;Rua Bartolomeu de Gusmao 2120 Novo Hamburgo RS 93546000 Brazil;Novo Hamburgo;RS;93546000;-29.69512;-51.09952;-29.69512;-51.09952;Canudos;MEDIO;CEP generico de cidade, nao de rua (2,4x mais falha)
3384;GÁS DOIS IRMÃOS - OSÓRIO RS | TELE-ENTREGA, DEPÓSITO, DISTRIBUIDOR, REVENDA E ENTREGA LIQUIGAS;;endereco;Avenida Ângelo Gabriel Boff Guasselli, 1015, Parque do Sol, Osório - RS, 95520-000, Brasil;Avenida Angelo Gabriel Boff Guasselli 1015 Osorio RS 95520000 Brazil;Osório;RS;95520000;-29.89566;-50.27499;-29.89566;-50.27499;Parque do Sol;MEDIO;CEP generico de cidade, nao de rua (2,4x mais falha)
3385;GÁS OSÓRIO;;endereco;ERS-030, Laranjeiras, Osório - RS, 95520-000, Brasil;ERS 030 Laranjeiras Osorio RS 95520000 Brazil;Osório;RS;95520000;-29.89252;-50.28571;-29.89252;-50.28571;;ALTO;"sem numero de porta; CEP generico de cidade, nao de rua (2,4x mais falha)"
3386;LIQUIGÁS;;endereco;Avenida Ildefonso Simões Lopes, 1186, Sulbrasileiro, Osório - RS, 95520-000, Brasil;Avenida Ildefonso Simoes Lopes 1186 Osorio RS 95520000 Brazil;Osório;RS;95520000;-29.89803;-50.2599;-29.89803;-50.2599;Sulbrasileiro;MEDIO;CEP generico de cidade, nao de rua (2,4x mais falha)
3387;TERRITÓRIO DO GÁS;;endereco;Rua José Vieira de Souza, 733, Farroupilha, Osório - RS, 95520-000, Brasil;Rua Jose Vieira de Souza 733 Osorio RS 95520000 Brazil;Osório;RS;95520000;-29.89623;-50.24417;-29.89623;-50.24417;Farroupilha;MEDIO;CEP generico de cidade, nao de rua (2,4x mais falha)
3388;UTI GÁS PALMEIRA DAS MISSÕES;;endereco;Rua Antônio B. Gonçalves, 96, Palmeira das Missões - RS, 98300-000, Brasil;Rua Antonio B Goncalves 96 Palmeira das Missoes RS 98300000 Brazil;Palmeira das Missões;RS;98300000;-27.88571;-53.30565;-27.88571;-53.30565;;MEDIO;CEP generico de cidade, nao de rua (2,4x mais falha)
3389;BRITO GÁS;;endereco;Rua do Rincão, 1220, Panambi - RS, 98280-000, Brasil;Rua do Rincao 1220 Panambi RS 98280000 Brazil;Panambi;RS;98280000;-28.27763;-53.51249;-28.27763;-53.51249;;MEDIO;CEP generico de cidade, nao de rua (2,4x mais falha)
3390;CHARLAU GÁS LIQUIGÁS;;endereco;Rua Gaspar Martins, 428, Panambi - RS, 98280-000, Brasil;Rua Gaspar Martins 428 Panambi RS 98280000 Brazil;Panambi;RS;98280000;-28.28585;-53.49788;-28.28585;-53.49788;;MEDIO;CEP generico de cidade, nao de rua (2,4x mais falha)
3391;EXTRAGAS COMERCIAL LTDA;;endereco;Avenida Konrad Adenauer, 1250, Panambi - RS, 98280-000, Brasil;Avenida Konrad Adenauer 1250 Panambi RS 98280000 Brazil;Panambi;RS;98280000;-28.30113;-53.50789;-28.30113;-53.50789;;MEDIO;CEP generico de cidade, nao de rua (2,4x mais falha)
3392;GÁS DO VALE;;endereco;Rua Djalmo Haack, 830, Parobé - RS, 95630-000, Brasil;Rua Djalmo Haack 830 Parobe RS 95630000 Brazil;Parobé;RS;95630000;-29.64524;-50.84283;-29.64524;-50.84283;;MEDIO;CEP generico de cidade, nao de rua (2,4x mais falha)
3393;GÁS STEŸER - PAROBÉ;;endereco;Rua Washington Luís, 88, Parobé - RS, 95630-000, Brasil;Rua Washington Luis 88 Parobe RS 95630000 Brazil;Parobé;RS;95630000;-29.62884;-50.81629;-29.62884;-50.81629;;MEDIO;CEP generico de cidade, nao de rua (2,4x mais falha)
3394;TELE ENTREGA E DISTRIBUIÇÃO NACIONAL GÁS BUTANO;;endereco;Rua José Montaury, 223, Parobé - RS, 95630-000, Brasil;Rua Jose Montaury 223 Parobe RS 97017970 Brazil;Parobé;RS;97017970;-29.64359;-50.81059;-29.64359;-50.81059;;;
3395;VILMAR GÁS;;endereco;Rua Pedro Rodrigues da Silveira, 381, Parobé - RS, 95630-000, Brasil;Rua Pedro Rodrigues da Silveira 381 Parobe RS 95630000 Brazil;Parobé;RS;95630000;-29.6372;-50.84708;-29.6372;-50.84708;;MEDIO;CEP generico de cidade, nao de rua (2,4x mais falha)
3396;BRUNO GÁS;;endereco;Cia da Agua e Gas, Avenida São Judas Tadeu, 439, São Luiz Gonzaga, Passo Fundo - RS, 99051-010, Brasil;Avenida Sao Judas Tadeu 439 Passo Fundo RS 99051010 Brazil;Passo Fundo;RS;99051010;-28.24012;-52.37148;-28.24012;-52.37148;São Luiz Gonzaga;;
3397;CENTRAL DE ÁGUA E GÁS (ULTRAGAZ);;endereco;Rua Castro Alves, 662, Petrópolis, Passo Fundo - RS, 99050-090, Brasil;Rua Castro Alves 662 Passo Fundo RS 99050090 Brazil;Passo Fundo;RS;99050090;-28.24813;-52.3831;-28.24813;-52.3831;Petrópolis;;
3398;IMPÉRIO GÁS;;endereco;Rua Visconde de Taunay, 69, São José, Passo Fundo - RS, 99052-249, Brasil;Rua Visconde de Taunay 69 Passo Fundo RS 99052249 Brazil;Passo Fundo;RS;99052249;-28.23753;-52.36129;-28.23753;-52.36129;São José;;
3399;PASSO GAS;;endereco;Rua Coronel Pelegrini, 557, Vila Rodrigues, Passo Fundo - RS, 99070-010, Brasil;Rua Coronel Pelegrini 557 Passo Fundo RS 99070010 Brazil;Passo Fundo;RS;99070010;-28.26405;-52.39476;-28.26405;-52.39476;Vila Rodrigues;;
3400;PW GÁS;;endereco;Rua Rodrigues Alves, 346, Petrópolis, Passo Fundo - RS, 99050-060, Brasil;Rua Rodrigues Alves 346 Passo Fundo RS 99040050 Brazil;Passo Fundo;RS;99040050;-28.24714;-52.39132;-28.24714;-52.39132;Petrópolis;;
3401;ROBSON GÁS;;endereco;Avenida Diamantina, 200, São Luiz Gonzaga, Passo Fundo - RS, 99054-060, Brasil;Avenida Diamantina 200 Passo Fundo RS 99054060 Brazil;Passo Fundo;RS;99054060;-28.25471;-52.37235;-28.25471;-52.37235;São Luiz Gonzaga;;
3402;SUL GÁS COMPANHIA DE GÁS EM PASSO FUNDO;;endereco;Rua Ludovico della Mea, 346, Vera Cruz, Passo Fundo - RS, 99040-170, Brasil;Rua Ludovico della Mea 346 Passo Fundo RS 99040170 Brazil;Passo Fundo;RS;99040170;-28.25382;-52.43066;-28.25382;-52.43066;Vera Cruz;;
3403;COMÉRCIO TRANSPORTE GÁS BROD - REVENDA LIQUIGÁS;;endereco;Gás Brod, Avenida Doutor Félix Antônio Caputo, 863, Três Vendas, Pelotas - RS, 96070-060, Brasil;Avenida Doutor Felix Antonio Caputo 863 Pelotas RS 96070060 Brazil;Pelotas;RS;96070060;-31.70483;-52.34934;-31.70483;-52.34934;Três Vendas;;
3404;DISTIBUIDORA DE GÁS E ÁGUA PRINCESA;;endereco;Avenida Cidade de Lisboa, 1478, Fragata, Pelotas - RS, 96050-510, Brasil;Avenida Cidade de Lisboa 1478 Pelotas RS 96045010 Brazil;Pelotas;RS;96045010;-31.73911;-52.39941;-31.73911;-52.39941;Fragata;;
3405;GÁS LIQUIGÁS;;endereco;Rua Leopoldo Brod, 3935, Três Vendas, Pelotas - RS, 96070-370, Brasil;Rua Leopoldo Brod 3935 Pelotas RS 96070370 Brazil;Pelotas;RS;96070370;-31.70347;-52.31677;-31.70347;-52.31677;Três Vendas;;
3406;GÁS MARRINHAS;;endereco;Rua Professora Magda Costa, 292, Areal, Pelotas - RS, 96085-288, Brasil;Rua Professora Magda Costa 292 Pelotas RS 96085288 Brazil;Pelotas;RS;96085288;-31.74207;-52.29768;-31.74207;-52.29768;Areal;;
3407;GÁS NANDAGÁS;;endereco;Rua Presidente Epitácio da Silva Pessoa, 624, Fragata, Pelotas - RS, 96045-550, Brasil;Rua Presidente Epitacio da Silva Pessoa 624 Pelotas RS 96045550 Brazil;Pelotas;RS;96045550;-31.7492;-52.393;-31.7492;-52.393;Fragata;;
3408;GÁS PELOTAS;;endereco;Rua Andrade Neves, 1098, Centro, Pelotas - RS, 96020-080, Brasil;Rua Andrade Neves 1098 Pelotas RS 96020080 Brazil;Pelotas;RS;96020080;-31.77369;-52.34453;-31.77369;-52.34453;Centro;;
3409;GÁS PELOTENSE;;endereco;Rua Marcílio Dias, 2758, Centro, Pelotas - RS, 96020-480, Brasil;Rua Marcilio Dias 2758 Pelotas RS 96020480 Brazil;Pelotas;RS;96020480;-31.74912;-52.34338;-31.74912;-52.34338;Centro;;
3410;GÁS UNIÃO;;endereco;Rua Professor Paulo Zanotta da Cruz, 738, Fragata, Pelotas - RS, 96050-000, Brasil;Rua Professor Paulo Zanotta da Cruz 738 Pelotas RS 96050000 Brazil;Pelotas;RS;96050000;-31.73961;-52.38962;-31.73961;-52.38962;Fragata;MEDIO;CEP generico de cidade, nao de rua (2,4x mais falha)
3411;FORTE GÁS COMERCIO DE GÁS;;endereco;Rua Tenente Ary Tarrago, 1010, Passo das Pedras, Porto Alegre - RS, 91215-001, Brasil;Rua Tenente Ary Tarrago 1010 Porto Alegre RS 91225001 Brazil;Porto Alegre;RS;91225001;-30.02132;-51.13127;-30.02132;-51.13127;Passo das Pedras;;
3412;Gás Santa Rita;;endereco;Zamprogna Empreendimentos, Estrada da Serraria, 1844, Guarujá, Porto Alegre - RS, Brasil;Estrada da Serraria 1844 Porto Alegre RS 91770010 Brazil;Porto Alegre;RS;91770010;-30.15955;-51.21998;-30.15955;-51.21998;Guarujá;ALTO;endereco de rodovia (57-67% falharam)
3413;Gás zona sul -hipica;;endereco;Avenida Eduardo Prado, 60, Ipanema, Porto Alegre - RS, 91751-000, Brasil;Avenida Eduardo Prado 60 Porto Alegre RS 91751000 Brazil;Porto Alegre;RS;91751000;-30.13849;-51.22016;-30.13849;-51.22016;Ipanema;MEDIO;CEP generico de cidade, nao de rua (2,4x mais falha)
3414;NILO GÁS;;endereco;Rua Vereador Antônio Rodrigues da Rosa, 733, Portão Velho, Portão - RS, 93180-000, Brasil;Rua Vereador Antonio Rodrigues da Rosa 733 Portao RS 93180000 Brazil;Portão;RS;93180000;-29.71127;-51.2269;-29.71127;-51.2269;Portão Velho;MEDIO;CEP generico de cidade, nao de rua (2,4x mais falha)
3415;ADRIANO GÁS;;endereco;Avenida Raul Pilla, 873, Quaraí - RS, 97560-000, Brasil;Avenida Raul Pilla 873 Quarai RS 97560000 Brazil;Quaraí;RS;97560000;-30.36888;-56.45362;-30.36888;-56.45362;;MEDIO;CEP generico de cidade, nao de rua (2,4x mais falha)
3416;Binho Du Gas;;endereco;Avenida A, Rio Grande - RS, Brasil;Avenida A Rio Grande RS 96216000 Brazil;Rio Grande;RS;96216000;-32.10099;-52.17692;-32.10099;-52.17692;;ALTO;"sem numero de porta; CEP generico de cidade, nao de rua (2,4x mais falha)"
3417;Brazil gás Querencia-cassino;;endereco;Rua da Praia, 382, Rio Grande - RS, 96210-062, Brasil;Rua da Praia 382 Rio Grande RS 96210052 Brazil;Rio Grande;RS;96210052;-32.20959;-52.18777;-32.20959;-52.18777;;;
3418;Com Todo Gás - Supergasbras - Revenda de gas e agua.;;endereco;Rua Dom Bosco, Rio Grande - RS, 96211-644, Brasil;Rua Dom Bosco Rio Grande RS 96211694 Brazil;Rio Grande;RS;96211694;-32.0454;-52.12266;-32.0454;-52.12266;;ALTO;sem numero de porta
3419;Gás & Água;;endereco;Rua Pedro Carneiro Pereira, 100, Rio Grande - RS, 96203-410, Brasil;Rua Pedro Carneiro Pereira 100 Rio Grande RS 96203402 Brazil;Rio Grande;RS;96203402;-32.0662;-52.15378;-32.0662;-52.15378;;;
3420;GÁS COSTA;;endereco;Rua Roberto Socoowski, 1510, Rio Grande - RS, Brasil;Rua Roberto Socoowski 1510 Rio Grande RS 96213394 Brazil;Rio Grande;RS;96213394;-32.06983;-52.17849;-32.06983;-52.17849;;;
3421;Gás e água Mauá;;endereco;Rua Visconde de Mauá, 686, Rio Grande - RS, 96211-031, Brasil;Rua Visconde de Maua 686 Rio Grande RS 96211030 Brazil;Rio Grande;RS;96211030;-32.04021;-52.12265;-32.04021;-52.12265;;;
3422;GÁS EM PELOTAS;;endereco;Cris Flores, Rua Paulo Guilayn, 53, Porto-Várzea, Pelotas - RS, 96075-720, Brasil;Rua Paulo Guilayn 53 Rio Grande RS 96075720 Brazil;Rio Grande;RS;96075720;-31.78097;-52.32064;-31.78097;-52.32064;Porto-Várzea;MEDIO;"cidade divergente: coluna diz 'Rio Grande' e o endereco diz 'Pelotas'; mantida a da coluna"
3423;GÁS PILAR;;endereco;Rua Visconde de Mauá, 1177, Rio Grande - RS, 96211-031, Brasil;Rua Visconde de Maua 1177 RIO GRANDE RS 96212180 Brazil;RIO GRANDE;RS;96212180;-32.04541;-52.13401;-32.04541;-52.13401;;;
3424;Mais Barato Gás Rio Grande RS;;endereco;Rua Ilha de Itaparica, 164, Rio Grande - RS, 96215-270, Brasil;Rua Ilha de Itaparica 164 Rio Grande RS 96215270 Brazil;Rio Grande;RS;96215270;-32.09848;-52.18466;-32.09848;-52.18466;;;
3425;Mano Gás;;endereco;Rua Cristóvão Pereira, 170, Rio Grande - RS, 96212-710, Brasil;Rua Cristovao Pereira 170 Rio Grande RS 96212710 Brazil;Rio Grande;RS;96212710;-32.05323;-52.15472;-32.05323;-52.15472;;;
3426;Silonei Gás E Água Cassino;;endereco;Rua São Leopoldo, 351, Rio Grande - RS, 96205-180, Brasil;Rua Sao Leopoldo 351 Rio Grande RS 96205180 Brazil;Rio Grande;RS;96205180;-32.17572;-52.16713;-32.17572;-52.16713;;;
3427;Sul Gás e Água;;endereco;Tesla Diagnostic Medicine, Avenida Presidente Vargas, Rio Grande - RS, 96202-188, Brasil;Avenida Presidente Vargas Rio Grande RS 96202100 Brazil;Rio Grande;RS;96202100;-32.04907;-52.11457;-32.04907;-52.11457;;ALTO;sem numero de porta
3428;Supergasbras;;endereco;Rua Dom Bosco, 391, Rio Grande - RS, 96211-090, Brasil;Rua Dom Bosco 391 Rio Grande RS 96211090 Brazil;Rio Grande;RS;96211090;-32.04163;-52.11358;-32.04163;-52.11358;;;
3429;Tradição gás e agua cassino;;endereco;Rua Darcy Cunha Mattos, 1060, Rio Grande - RS, 96209-190, Brasil;Rua Darcy Cunha Mattos 1060 Rio Grande RS 96209110 Brazil;Rio Grande;RS;96209110;-32.18825;-52.18222;-32.18825;-52.18222;;;
3430;GAS DO FRED;;endereco;Avenida dos Amarães, 655, Boa Vista, Rio Pardo - RS, 96640-000, Brasil;Avenida dos Amaraes 655 Rio Pardo RS 96640000 Brazil;Rio Pardo;RS;96640000;-29.9772;-52.3666;-29.9772;-52.3666;Boa Vista;MEDIO;CEP generico de cidade, nao de rua (2,4x mais falha)
3431;GÁS DO CAU;;endereco;Rua Antônio Olinto Meurer, 115, São João, Rio Pardo - RS, 96640-000, Brasil;Rua Antonio Olinto Meurer 115 Rio Pardo RS 96640000 Brazil;Rio Pardo;RS;96640000;-29.98043;-52.38132;-29.98043;-52.38132;São João;MEDIO;CEP generico de cidade, nao de rua (2,4x mais falha)
3432;GÁS DO GERALDO;;endereco;Rua Mansueto Marcola, 98, São João, Rio Pardo - RS, 96640-000, Brasil;Rua Mansueto Marcola 98 Rio Pardo RS 96640000 Brazil;Rio Pardo;RS;96640000;-29.98034;-52.37909;-29.98034;-52.37909;São João;MEDIO;CEP generico de cidade, nao de rua (2,4x mais falha)
3433;GÁS DO ZÉ;;endereco;Rua do Faxinal, Jardim Boa Vista, Rio Pardo - RS, 96640-000, Brasil;Rua do Faxinal Rio Pardo RS 96640000 Brazil;Rio Pardo;RS;96640000;-29.9781;-52.36568;-29.9781;-52.36568;Jardim Boa Vista;ALTO;"sem numero de porta; CEP generico de cidade, nao de rua (2,4x mais falha)"
3434;REI DO GÁS;;endereco;Avenida dos Amarães, 1123, Boa Vista, Rio Pardo - RS, 96640-000, Brasil;Avenida dos Amaraes 1123 Rio Pardo RS 96640000 Brazil;Rio Pardo;RS;96640000;-29.97319;-52.36756;-29.97319;-52.36756;Boa Vista;MEDIO;CEP generico de cidade, nao de rua (2,4x mais falha)
3435;VEM GAS RIO PARDO;;endereco;Avenida dos Amarães, 655, Boa Vista, Rio Pardo - RS, 96640-000, Brasil;Avenida dos Amaraes 655 Rio Pardo RS 96640000 Brazil;Rio Pardo;RS;96640000;-29.9772;-52.3666;-29.9772;-52.3666;Boa Vista;MEDIO;CEP generico de cidade, nao de rua (2,4x mais falha)
3436;DELGÁS COMÉRCIO DE GÁS;;endereco;Avenida Bento Gonçalves, 1046, Rolante - RS, 95690-000, Brasil;Avenida Bento Goncalves 1046 Rolante RS 95690000 Brazil;Rolante;RS;95690000;-29.64083;-50.55557;-29.64083;-50.55557;;MEDIO;CEP generico de cidade, nao de rua (2,4x mais falha)
3437;LÚCIO GÁS;;endereco;Rua Conceição, 521, Rolante - RS, 95690-000, Brasil;Rua Conceicao 521 Rolante RS 95690000 Brazil;Rolante;RS;95690000;-29.65401;-50.57973;-29.65401;-50.57973;;MEDIO;CEP generico de cidade, nao de rua (2,4x mais falha)
3438;GÁS DO SUL - LIQUIGÁS;;endereco;Rua João Brasil, 2082, Rosário do Sul - RS, 97590-000, Brasil;Rua Joao Brasil 2082 Rosario do Sul RS 97590000 Brazil;Rosário do Sul;RS;97590000;-30.24554;-54.91857;-30.24554;-54.91857;;MEDIO;CEP generico de cidade, nao de rua (2,4x mais falha)
3439;PEPGAS ULTRAGAZ;;endereco;Rua General Canabarro, 1951, Rosário do Sul - RS, 97590-000, Brasil;Rua General Canabarro 1951 Rosario do Sul RS 97590000 Brazil;Rosário do Sul;RS;97590000;-30.24696;-54.91994;-30.24696;-54.91994;;MEDIO;CEP generico de cidade, nao de rua (2,4x mais falha)
3440;SEVERO GÁS E ÁGUA;;endereco;Avenida Prefeito Rafael Gonçalves, 944, Rosário do Sul - RS, 97590-000, Brasil;Avenida Prefeito Rafael Goncalves 944 Rosario do Sul RS 97590000 Brazil;Rosário do Sul;RS;97590000;-30.25621;-54.93573;-30.25621;-54.93573;;MEDIO;CEP generico de cidade, nao de rua (2,4x mais falha)
3441;ALEMÃO GÁS;;endereco;Avenida Dom Pedro II, 2745, Wilson, Sant'Ana do Livramento - RS, 97577-474, Brasil;Avenida Dom Pedro II 2745 Sant Ana do Livramento RS 97577011 Brazil;Sant'Ana do Livramento;RS;97577011;-30.86541;-55.5005;-30.86541;-55.5005;Wilson;;
3442;COMERCIO DE GLP CARAFINI LTDA;;endereco;Avenida Francisco Reverbel de Araújo Góes, 3195, Morada da Colina, Sant'Ana do Livramento - RS, 97575-000, Brasil;Avenida Francisco Reverbel de Araujo Goes 3195 Sant Ana do Livramento RS 97575410 Brazil;Sant'Ana do Livramento;RS;97575410;-30.89228;-55.49544;-30.89228;-55.49544;Morada da Colina;;
3443;REDE LUMAX - LIQUIGÁS;;endereco;Avenida Francisco Reverbel de Araújo Góes, 3195, Morada da Colina, Sant'Ana do Livramento - RS, 97575-000, Brasil;Avenida Francisco Reverbel de Araujo Goes 3195 Sant Ana do Livramento RS 97575000 Brazil;Sant'Ana do Livramento;RS;97575000;-30.89228;-55.49544;-30.89228;-55.49544;Morada da Colina;MEDIO;CEP generico de cidade, nao de rua (2,4x mais falha)
3444;SILVIO GÁS;;endereco;Rua Duque de Caxias, 431, Divisa, Sant'Ana do Livramento - RS, 97574-280, Brasil;Rua Duque de Caxias 431 Sant Ana do Livramento RS 97573461 Brazil;Sant'Ana do Livramento;RS;97573461;-30.88221;-55.54321;-30.88221;-55.54321;Divisa;;
3445;FHW GAS DISTRIBUTOR;;endereco;Rua Coronel Oscar Rafael Jost, 591, Santo Inácio, Santa Cruz do Sul - RS, 96815-010, Brasil;Rua Coronel Oscar Rafael Jost 591 Santa Cruz do Sul RS 96820616 Brazil;Santa Cruz do Sul;RS;96820616;-29.7043;-52.42291;-29.7043;-52.42291;Santo Inácio;;
3446;GÁS AVENIDA;;endereco;Rua Conselheiro Augusto Mergener, 130, Avenida, Santa Cruz do Sul - RS, 96815-300, Brasil;Rua Conselheiro Augusto Mergener 130 Santa Cruz do Sul RS 96815248 Brazil;Santa Cruz do Sul;RS;96815248;-29.70587;-52.43987;-29.70587;-52.43987;Avenida;;
3447;GÁS PAULI;;endereco;Avenida Deputado Euclydes Nicolau Kliemann, 2024, Santo Antônio, Santa Cruz do Sul - RS, 96840-010, Brasil;Avenida Deputado Euclydes Nicolau Kliemann 2024 Santa Cruz do Sul RS 96800000 Brazil;Santa Cruz do Sul;RS;96800000;-29.74432;-52.42203;-29.74432;-52.42203;Santo Antônio;MEDIO;CEP generico de cidade, nao de rua (2,4x mais falha)
3448;VEM GÁS - SUPERGASBRAS;;endereco;Rua Alfredo J. Kliemann, 185, Castelo Branco, Santa Cruz do Sul - RS, 96835-150, Brasil;Rua Alfredo J Kliemann 185 Santa Cruz do Sul RS 96835160 Brazil;Santa Cruz do Sul;RS;96835160;-29.74333;-52.42509;-29.74333;-52.42509;Castelo Branco;;
3449;DALMIRO & THALLES - GÁS E ÁGUA;;endereco;Rua Rádio Guarathan, 36, Boi Morto, Santa Maria - RS, 97030-118, Brasil;Rua Radio Guarathan 36 Santa Maria RS 97030118 Brazil;Santa Maria;RS;97030118;-29.71202;-53.85161;-29.71202;-53.85161;Boi Morto;;
3450;ROBAERT E CIA LTDA;;endereco;Rua Professor Fontoura Ilha, 167, Presidente João Goulart, Santa Maria - RS, 97090-590, Brasil;Rua Professor Fontoura Ilha 167 Santa Maria RS 97090590 Brazil;Santa Maria;RS;97090590;-29.68367;-53.7879;-29.68367;-53.7879;Presidente João Goulart;;
3451;TRIÂNGULO GÁS;;endereco;Rua Euclides da Cunha, 256, Itararé, Santa Maria - RS, 97090-575, Brasil;Rua Euclides da Cunha 256 Santa Maria RS 97090575 Brazil;Santa Maria;RS;97090575;-29.6725;-53.7958;-29.6725;-53.7958;Itararé;;
3452;CENTRAL DO GÁS;;endereco;Rua Doutor Accioli, 523, Central, Santa Rosa - RS, 98787-396, Brasil;Rua Doutor Accioli 523 Santa Rosa RS 98787396 Brazil;Santa Rosa;RS;98787396;-27.85673;-54.45743;-27.85673;-54.45743;Central;;
3453;CHICO TIMM GÁS;;endereco;ERS-307, Auxiliadora, Santa Rosa - RS, 98796-610, Brasil;ERS 307 Auxiliadora Santa Rosa RS 98796610 Brazil;Santa Rosa;RS;98796610;-27.88297;-54.49933;-27.88297;-54.49933;;ALTO;sem numero de porta
3454;GAS - NOSSO GÁS SANTA ROSA - ULTRAGAZ;;endereco;Rua Caminho Oeste, 267, Sulina, Santa Rosa - RS, 98796-284, Brasil;Rua Caminho Oeste 267 Santa Rosa RS 98900000 Brazil;Santa Rosa;RS;98900000;-27.87413;-54.49955;-27.87413;-54.49955;Sulina;MEDIO;CEP generico de cidade, nao de rua (2,4x mais falha)
3455;GOLDENGÁS COMÉRCIO DISTRIBUIDORA DE GÁS;;endereco;Rua Edvino Fenner, 700, Sulina, Santa Rosa - RS, 98781-080, Brasil;Rua Edvino Fenner 700 Santa Rosa RS 98900000 Brazil;Santa Rosa;RS;98900000;-27.86582;-54.49384;-27.86582;-54.49384;Sulina;MEDIO;CEP generico de cidade, nao de rua (2,4x mais falha)
3456;GÁS - NOROESTE GAS - CRUZEIRO - SANTA ROSA - ULTRAGAZ;;endereco;Avenida Flores da Cunha, 189, Cruzeiro, Santa Rosa - RS, 98789-112, Brasil;Avenida Flores da Cunha 189 Santa Rosa RS 98789112 Brazil;Santa Rosa;RS;98789112;-27.8592;-54.43774;-27.8592;-54.43774;Cruzeiro;;
3457;LIQUIGÁS;;endereco;Rua Edvino Fenner, 700, Sulina, Santa Rosa - RS, 98781-080, Brasil;Rua Edvino Fenner 700 Santa Rosa RS 98900000 Brazil;Santa Rosa;RS;98900000;-27.86582;-54.49384;-27.86582;-54.49384;Sulina;MEDIO;CEP generico de cidade, nao de rua (2,4x mais falha)
3458;BRIÃO DISTRIBUIDORA GÁS E ÁGUA;;endereco;Avenida Bento Gonçalves, 1439, Cardeal, Santa Vitória do Palmar - RS, 96230-000, Brasil;Avenida Bento Goncalves 1439 Santa Vitoria do Palmar RS 96230000 Brazil;Santa Vitória do Palmar;RS;96230000;-33.52495;-53.36093;-33.52495;-53.36093;Cardeal;MEDIO;CEP generico de cidade, nao de rua (2,4x mais falha)
3459;TREVO GÁS LIQUIGÁS E ÁGUA MINERAL - SANTA VITÓRIA DO PALMAR;;endereco;Rua Justino Amonte Anacker, 1211, Brasiliano, Santa Vitória do Palmar - RS, 96230-000, Brasil;Rua Justino Amonte Anacker 1211 Santa Vitoria do Palmar RS 96230000 Brazil;Santa Vitória do Palmar;RS;96230000;-33.52929;-53.34896;-33.52929;-53.34896;Brasiliano;MEDIO;CEP generico de cidade, nao de rua (2,4x mais falha)
3460;CELSO M REINHEIMER E CIA LTDA ME;;endereco;Rua Bento Gonçalves, 608, São Jorge, Santiago - RS, 97705-015, Brasil;Rua Bento Goncalves 608 Santiago RS 97700000 Brazil;Santiago;RS;97700000;-29.18453;-54.85689;-29.18453;-54.85689;São Jorge;MEDIO;CEP generico de cidade, nao de rua (2,4x mais falha)
3461;JOSIMAR S. DE SOUZA GÁS - REVENDA LIQUIGÁS;;endereco;Rua Carovi, 1428, Vila Itú, Santiago - RS, 97712-039, Brasil;Rua Carovi 1428 Santiago RS 97700000 Brazil;Santiago;RS;97700000;-29.18889;-54.87473;-29.18889;-54.87473;Vila Itú;MEDIO;CEP generico de cidade, nao de rua (2,4x mais falha)
3462;TELEX GÁS - REVENDA COPAGAZ;;endereco;Rua Pinheiro Machado, 325, São Jorge, Santiago - RS, 97700-000, Brasil;Rua Pinheiro Machado 325 Santiago RS 97700000 Brazil;Santiago;RS;97700000;-29.18062;-54.85433;-29.18062;-54.85433;São Jorge;MEDIO;CEP generico de cidade, nao de rua (2,4x mais falha)
3463;SAMAMBAIA GÁS;;endereco;Rua Capitão José Machado da Silva, 234, Menino Deus, Santo Antônio da Patrulha - RS, 95500-000, Brasil;Rua Capitao Jose Machado da Silva 234 Santo Antonio da Patrulha RS 95500000 Brazil;Santo Antônio da Patrulha;RS;95500000;-29.83831;-50.53098;-29.83831;-50.53098;Menino Deus;MEDIO;CEP generico de cidade, nao de rua (2,4x mais falha)
3464;TOP GÁS;;endereco;Rua João Pedroso da Luz, 690, Várzea, Santo Antônio da Patrulha - RS, 95500-000, Brasil;Rua Joao Pedroso da Luz 690 Santo Antonio da Patrulha RS 95500000 Brazil;Santo Antônio da Patrulha;RS;95500000;-29.83108;-50.51448;-29.83108;-50.51448;Várzea;MEDIO;CEP generico de cidade, nao de rua (2,4x mais falha)
3465;LIQUIGÁS - ÁGUA E GÁS;;endereco;Rua José Bonifácio, 953, Santo Ângelo - RS, 98801-322, Brasil;Rua Jose Bonifacio 953 Santo Angelo RS 98801430 Brazil;Santo Ângelo;RS;98801430;-28.30233;-54.2781;-28.30233;-54.2781;;;
3466;MISSIONEIRA COMÉRCIO DE GÁS;;endereco;Rua Marquês de Tamandaré, 1181, Santo Ângelo - RS, 98802-573, Brasil;Rua Marques de Tamandare 1181 Santo Angelo RS 98803000 Brazil;Santo Ângelo;RS;98803000;-28.29498;-54.25887;-28.29498;-54.25887;;MEDIO;CEP generico de cidade, nao de rua (2,4x mais falha)
3467;NACIONAL GÁS - ÁGUA E GÁS;;endereco;Avenida Sagrada Família, 2006, Santo Ângelo - RS, 98805-384, Brasil;Avenida Sagrada Familia 2006 Santo Angelo RS 98805384 Brazil;Santo Ângelo;RS;98805384;-28.29231;-54.23996;-28.29231;-54.23996;;;
3468;GÁS STEŸER - REVENDA LIQUIGÁS;;endereco;Rua Novo Hamburgo, 250, Sapiranga - RS, 93804-556, Brasil;Rua Novo Hamburgo 250 Sapiranga RS 93804556 Brazil;Sapiranga;RS;93804556;-29.64435;-51.02508;-29.64435;-51.02508;;;
3469;ANISIO DO GÁS;;endereco;Rua Alfredinho, 69, Lomba da Palmeira, Sapucaia do Sul - RS, 93225-110, Brasil;Rua Alfredinho 69 Sapucaia do Sul RS 93224000 Brazil;Sapucaia do Sul;RS;93224000;-29.82931;-51.13083;-29.82931;-51.13083;Lomba da Palmeira;MEDIO;CEP generico de cidade, nao de rua (2,4x mais falha)
3470;CENTRAL DO GÁS SAPUCAIA/ ESTEIO;;endereco;Rua Neli Alves da Silva, 190, Lomba da Palmeira, Sapucaia do Sul - RS, 93225-105, Brasil;Rua Neli Alves da Silva 190 Sapucaia do Sul RS 93224661 Brazil;Sapucaia do Sul;RS;93224661;-29.83048;-51.13161;-29.83048;-51.13161;Lomba da Palmeira;;
3471;DM GÁS;;endereco;Rua G, Lomba da Palmeira, Sapucaia do Sul - RS, 93225-400, Brasil;Rua G Sapucaia do Sul RS 93225400 Brazil;Sapucaia do Sul;RS;93225400;-29.82362;-51.12178;-29.82362;-51.12178;Lomba da Palmeira;ALTO;sem numero de porta
3472;FERREIRA GÁS E ÁGUA;;endereco;Avenida Justino Camboim, 300, Camboim, Sapucaia do Sul - RS, 93224-000, Brasil;Avenida Justino Camboim 300 Sapucaia do Sul RS 93224000 Brazil;Sapucaia do Sul;RS;93224000;-29.82913;-51.14213;-29.82913;-51.14213;Camboim;MEDIO;CEP generico de cidade, nao de rua (2,4x mais falha)
3473;LÍDER SUL GÁS;;endereco;Rua Fernado Ferrari, 15, Piratini, Sapucaia do Sul - RS, 93216-210, Brasil;Rua Fernado Ferrari 15 Sapucaia do Sul RS 93216000 Brazil;Sapucaia do Sul;RS;93216000;-29.81808;-51.15811;-29.81808;-51.15811;Piratini;MEDIO;CEP generico de cidade, nao de rua (2,4x mais falha)
3474;MANU GÁS;;endereco;Avenida Luiz Pasteur, 5269, Santo Inácio, Esteio - RS, 93228-180, Brasil;Avenida Luiz Pasteur 5269 Sapucaia do Sul RS 93290010 Brazil;Sapucaia do Sul;RS;93290010;-29.84982;-51.13852;-29.84982;-51.13852;Santo Inácio;MEDIO;"cidade divergente: coluna diz 'Sapucaia do Sul' e o endereco diz 'Esteio'; mantida a da coluna"
3475;NACIONAL GÁS;;endereco;Rua Rubens Braum, 203, Pasqualini, Sapucaia do Sul - RS, 93224-610, Brasil;Rua Rubens Braum 203 Sapucaia do Sul RS 93230868 Brazil;Sapucaia do Sul;RS;93230868;-29.83864;-51.13345;-29.83864;-51.13345;Pasqualini;;
3476;REI DO GÁS (SAPUCAIA);;endereco;Dioninha Drive Thru Gás e Agua, Rua Tropeiros, 1400, Pasqualini, Sapucaia do Sul - RS, 93224-660, Brasil;Rua Tropeiros 1400 Sapucaia do Sul RS 93224660 Brazil;Sapucaia do Sul;RS;93224660;-29.84031;-51.13581;-29.84031;-51.13581;Pasqualini;;
3477;PIUCO GÁS;;endereco;Rua Barão do Rio Branco, 1833, Sarandi - RS, 99560-000, Brasil;Rua Barao do Rio Branco 1833 Sarandi RS 99560000 Brazil;Sarandi;RS;99560000;-27.93208;-52.92192;-27.93208;-52.92192;;MEDIO;CEP generico de cidade, nao de rua (2,4x mais falha)
3478;LIQUIGÁS BRESCIANI (54) 3381-2271 / WATTS (54) 9 8118-2802;;endereco;Rua Aldino Loureiro, 102, Soledade - RS, 99300-000, Brasil;Rua Aldino Loureiro 102 Soledade RS 99300000 Brazil;Soledade;RS;99300000;-28.81934;-52.5129;-28.81934;-52.5129;;MEDIO;CEP generico de cidade, nao de rua (2,4x mais falha)
3479;SERVGÁS REVENDA COPAGAZ;;endereco;Rua Sete de Setembro, 1208, Soledade - RS, 99300-000, Brasil;Rua Sete de Setembro 1208 Soledade RS 99300000 Brazil;Soledade;RS;99300000;-28.82763;-52.50766;-28.82763;-52.50766;;MEDIO;CEP generico de cidade, nao de rua (2,4x mais falha)
3480;BRUTTI LIQUIGÁS;;endereco;Avenida Presidente João Goulart, 1331, São Borja - RS, 97670-000, Brasil;Avenida Presidente Joao Goulart 1331 Sao Borja RS 97670000 Brazil;São Borja;RS;97670000;-28.68413;-55.99481;-28.68413;-55.99481;;MEDIO;CEP generico de cidade, nao de rua (2,4x mais falha)
3481;NACIONAL GÁS PC FENNER DISTRIBUIDORA;;endereco;Avenida Leonel Brizola, 2458, Pirahy, São Borja - RS, 97670-000, Brasil;Avenida Leonel Brizola 2458 Sao Borja RS 97670000 Brazil;São Borja;RS;97670000;-28.66444;-55.98751;-28.66444;-55.98751;Pirahy;MEDIO;CEP generico de cidade, nao de rua (2,4x mais falha)
3482;LIQUIGÁS - SÃO FRANCISCO DE PAULA;;endereco;Rua Curupaiti, 1010, São Francisco de Paula - RS, 95400-000, Brasil;Rua Curupaiti 1010 Sao Francisco de Paula RS 95400000 Brazil;São Francisco de Paula;RS;95400000;-29.44214;-50.56793;-29.44214;-50.56793;;MEDIO;CEP generico de cidade, nao de rua (2,4x mais falha)
3483;SERRA GÁS REVENDA ULTRAGAZ;;endereco;Avenida Getúlio Vargas, 1006, São Francisco de Paula - RS, 95400-000, Brasil;Avenida Getulio Vargas 1006 Sao Francisco de Paula RS 95400000 Brazil;São Francisco de Paula;RS;95400000;-29.4493;-50.59333;-29.4493;-50.59333;;MEDIO;CEP generico de cidade, nao de rua (2,4x mais falha)
3484;CENTRALGAZ;;endereco;Rua Sebastião Menna Barreto, 1551, Vargas, São Gabriel - RS, 97310-368, Brasil;Rua Sebastiao Menna Barreto 1551 Sao Gabriel RS 97300000 Brazil;São Gabriel;RS;97300000;-30.33718;-54.33258;-30.33718;-54.33258;Vargas;MEDIO;CEP generico de cidade, nao de rua (2,4x mais falha)
3485;GÁS QUERÊNCIA;;endereco;Avenida Francisco Gonçalves Chagas, 1289, Santo Antônio, São Gabriel - RS, 97313-460, Brasil;Avenida Francisco Goncalves Chagas 1289 Sao Gabriel RS 97310082 Brazil;São Gabriel;RS;97310082;-30.34479;-54.33438;-30.34479;-54.33438;Santo Antônio;;
3486;SEVERO GÁS;;endereco;Rua Paraná, 677, Independência, São Gabriel - RS, 97313-392, Brasil;Rua Parana 677 Sao Gabriel RS 97313392 Brazil;São Gabriel;RS;97313392;-30.32128;-54.32298;-30.32128;-54.32298;Independência;;
3487;TREVO COMERCIAL E DISTRIBUIDORA DE GÁS - REVENDA LIQUIGÁS;;endereco;Avenida Antônio Trilha, 1467, Santo Antônio, São Gabriel - RS, 97304-000, Brasil;Avenida Antonio Trilha 1467 Sao Gabriel RS 97300000 Brazil;São Gabriel;RS;97300000;-30.34681;-54.3292;-30.34681;-54.3292;Santo Antônio;MEDIO;CEP generico de cidade, nao de rua (2,4x mais falha)
3488;LIQUIGÁS;;endereco;Rua Ivo José de Barcellos, 810, São Thomas, São Jerônimo - RS, 96700-000, Brasil;Rua Ivo Jose de Barcellos 810 Sao Jeronimo RS 96700000 Brazil;São Jerônimo;RS;96700000;-29.969;-51.72075;-29.969;-51.72075;São Thomas;MEDIO;CEP generico de cidade, nao de rua (2,4x mais falha)
3489;TETÊ GÁS E FRANGO;;endereco;Rua Dr. José Anastácio da S. Guimarães, 168, São Francisco, São Jerônimo - RS, 96700-000, Brasil;Rua Dr Jose Anastacio da S Guimaraes 168 Sao Jeronimo RS 96700000 Brazil;São Jerônimo;RS;96700000;-29.9617;-51.70653;-29.9617;-51.70653;São Francisco;MEDIO;CEP generico de cidade, nao de rua (2,4x mais falha)
3490;CIA DO GÁS - ULTRAGAZ;;endereco;Rua Francisco Cezar Nascimento, 845, Vicentina, São Leopoldo - RS, 93025-460, Brasil;Rua Francisco Cezar Nascimento 845 Sao Leopoldo RS 93025410 Brazil;São Leopoldo;RS;93025410;-29.77251;-51.16321;-29.77251;-51.16321;Vicentina;;
3491;CLAUDINHO GÁS;;endereco;Rua Domingos de Brito Peixoto, 84, Santos Dumont, São Leopoldo - RS, 93113-112, Brasil;Rua Domingos de Brito Peixoto 84 Sao Leopoldo RS 93113112 Brazil;São Leopoldo;RS;93113112;-29.74583;-51.13691;-29.74583;-51.13691;Santos Dumont;;
3492;FOGUINHO GÁS;;endereco;Rua Andrade Neves, 80, São João Batista, São Leopoldo - RS, 93022-400, Brasil;Rua Andrade Neves 80 Sao Leopoldo RS 93022400 Brazil;São Leopoldo;RS;93022400;-29.79464;-51.16371;-29.79464;-51.16371;São João Batista;;
3493;G C DA SILVEIRA;;endereco;Rua Otto Roth, 196, Rio Branco, São Leopoldo - RS, 93040-590, Brasil;Rua Otto Roth 196 Sao Leopoldo RS 93040590 Brazil;São Leopoldo;RS;93040590;-29.77452;-51.12746;-29.77452;-51.12746;Rio Branco;;
3494;GÁS ULTRAGAZ-JG TOP-GÁS;;endereco;Rua Leopoldo Wasun, 512, Santos Dumont, São Leopoldo - RS, 93115-380, Brasil;Rua Leopoldo Wasun 512 Sao Leopoldo RS 93115380 Brazil;São Leopoldo;RS;93115380;-29.73747;-51.13891;-29.73747;-51.13891;Santos Dumont;;
3495;NACIONAL GÁS;;endereco;Rua Jacy Porto, 414, Vicentina, São Leopoldo - RS, 93025-120, Brasil;Rua Jacy Porto 414 Sao Leopoldo RS 93020190 Brazil;São Leopoldo;RS;93020190;-29.7728;-51.15578;-29.7728;-51.15578;Vicentina;;
3496;SL GÁS;;endereco;Avenida Campina, 560, Campina, São Leopoldo - RS, 93135-120, Brasil;Avenida Campina 560 Sao Leopoldo RS 93130360 Brazil;São Leopoldo;RS;93130360;-29.74635;-51.15712;-29.74635;-51.15712;Campina;;
3497;SUPER GAS BRAS;;endereco;Rua Otto Roth, 179, Rio Branco, São Leopoldo - RS, 93040-590, Brasil;Rua Otto Roth 179 Sao Leopoldo RS 93040610 Brazil;São Leopoldo;RS;93040610;-29.77465;-51.1273;-29.77465;-51.1273;Rio Branco;;
3498;TATSCH GÁS;;endereco;Rua da Praia, 55, Rio dos Sinos, São Leopoldo - RS, 93110-010, Brasil;Rua da Praia 55 Sao Leopoldo RS 93110010 Brazil;São Leopoldo;RS;93110010;-29.7588;-51.14899;-29.7588;-51.14899;Rio dos Sinos;;
3499;NANDO GÁS;;endereco;Rua Almirante Tamandaré, 1136, São Lourenço do Sul - RS, 96170-000, Brasil;Rua Almirante Tamandare 1136 Sao Lourenco do Sul RS 96170000 Brazil;São Lourenço do Sul;RS;96170000;-31.36724;-51.97316;-31.36724;-51.97316;;MEDIO;CEP generico de cidade, nao de rua (2,4x mais falha)
3500;TELE GÁS MORALES MULTIMARCAS;;endereco;Rua Bento Gonçalves, 718, São Lourenço do Sul - RS, 96170-000, Brasil;Rua Bento Goncalves 718 Sao Lourenco do Sul RS 96170000 Brazil;São Lourenço do Sul;RS;96170000;-31.36441;-51.98486;-31.36441;-51.98486;;MEDIO;CEP generico de cidade, nao de rua (2,4x mais falha)
3501;ZANCHI GÁS & ÁGUA;;endereco;Meta Agrícola, São Luiz Gonzaga - RS, 97800-000, Brasil;Meta Agricola Sao Luiz Gonzaga RS 97800000 Brazil;São Luiz Gonzaga;RS;97800000;-28.41638;-54.94049;-28.41638;-54.94049;;ALTO;"sem numero de porta; CEP generico de cidade, nao de rua (2,4x mais falha)"
3502;FRATELLI GÁS - REVENDA LIQUIGÁS;;endereco;Rua Ivaí, 40, São Marcos - RS, 95190-000, Brasil;Rua Ivai 40 Sao Marcos RS 95190000 Brazil;São Marcos;RS;95190000;-28.97404;-51.07281;-28.97404;-51.07281;;MEDIO;CEP generico de cidade, nao de rua (2,4x mais falha)
3503;PREBIGÁS EXPRESS;;endereco;Rua Luiz Miotto, 5, São Marcos - RS, 95190-000, Brasil;Rua Luiz Miotto 5 Sao Marcos RS 95190000 Brazil;São Marcos;RS;95190000;-28.97305;-51.07354;-28.97305;-51.07354;;MEDIO;CEP generico de cidade, nao de rua (2,4x mais falha)
3504;COMERCIAL CAÍGÁS LTDA;;endereco;Rua do Angico, 3000, São Sebastião do Caí - RS, 95760-000, Brasil;Rua do Angico 3000 Sao Sebastiao do Cai RS 95760000 Brazil;São Sebastião do Caí;RS;95760000;-29.59785;-51.36769;-29.59785;-51.36769;;MEDIO;CEP generico de cidade, nao de rua (2,4x mais falha)
3505;GÁS DA VILA RICA - LIQUIGÁS;;endereco;Terres Soluções Ambientais, Avenida Osvaldo Aranha, 520, São Sebastião do Caí - RS, 95760-000, Brasil;Avenida Osvaldo Aranha 520 Sao Sebastiao do Cai RS 95760000 Brazil;São Sebastião do Caí;RS;95760000;-29.58167;-51.36999;-29.58167;-51.36999;;MEDIO;CEP generico de cidade, nao de rua (2,4x mais falha)
3506;JEFERSON OTTES FRAGA;;endereco;Avenida Eugênio Simões Pires, 591, São Sepé - RS, 97340-000, Brasil;Avenida Eugenio Simoes Pires 591 Sao Sepe RS 97340000 Brazil;São Sepé;RS;97340000;-30.16012;-53.56261;-30.16012;-53.56261;;MEDIO;CEP generico de cidade, nao de rua (2,4x mais falha)
3507;SOSSELLA GÁS;;endereco;Rua Visconde de Mauá, 83, Tapejara - RS, 99950-000, Brasil;Rua Visconde de Maua 83 Tapejara RS 99950000 Brazil;Tapejara;RS;99950000;-28.0693;-52.01825;-28.0693;-52.01825;;MEDIO;CEP generico de cidade, nao de rua (2,4x mais falha)
3508;CHAMA GÁS TAQUARA;;endereco;Rua Pinheiro Machado, 12, Petrópolis, Taquara - RS, 95600-026, Brasil;Rua Pinheiro Machado 12 Taquara RS 95607148 Brazil;Taquara;RS;95607148;-29.65296;-50.76768;-29.65296;-50.76768;Petrópolis;;
3509;COMERCIAL DE GÁS ANDRIOLA LTDA;;endereco;Rua João Bayer, 400, Petrópolis, Taquara - RS, 95600-128, Brasil;Rua Joao Bayer 400 Taquara RS 95600000 Brazil;Taquara;RS;95600000;-29.65333;-50.77182;-29.65333;-50.77182;Petrópolis;MEDIO;CEP generico de cidade, nao de rua (2,4x mais falha)
3510;DW LIQUIGÁS;;endereco;Rua Picada Gravatá, 1393, Santa Terezinha, Taquara - RS, 84193-000, Brasil;Rua Picada Gravata 1393 Taquara RS 95600000 Brazil;Taquara;RS;95600000;-29.66008;-50.7686;-29.66008;-50.7686;Santa Terezinha;MEDIO;CEP generico de cidade, nao de rua (2,4x mais falha)
3511;SALVADOR GÁS;;endereco;Rua Sarandi, 1118, Empresa, Taquara - RS, 95603-656, Brasil;Rua Sarandi 1118 Taquara RS 95603656 Brazil;Taquara;RS;95603656;-29.66647;-50.77214;-29.66647;-50.77214;Empresa;;
3512;SUPERGASBRAS TAQUARA (ZANGALLIGAZ);;endereco;Rodovia Teixeirinha, Morro da Cruz, Taquara - RS, 84193-000, Brasil;Rodovia Teixeirinha Taquara RS 95600000 Brazil;Taquara;RS;95600000;-29.6328;-50.77574;-29.6328;-50.77574;Morro da Cruz;ALTO;"endereco de rodovia (57-67% falharam); sem numero de porta; CEP generico de cidade, nao de rua (2,4x mais falha)"
3513;GAMALHO GÁS;;endereco;Rua José Antero Siqueira, 686, Centro, Taquari - RS, 95860-000, Brasil;Rua Jose Antero Siqueira 686 Taquari RS 95860000 Brazil;Taquari;RS;95860000;-29.79595;-51.8609;-29.79595;-51.8609;Centro;MEDIO;CEP generico de cidade, nao de rua (2,4x mais falha)
3514;MACHADO GÁS;;endereco;Rua Bertholdo Kern, 616, Boa Vista II, Taquari - RS, 95860-000, Brasil;Rua Bertholdo Kern 616 Taquari RS 95860000 Brazil;Taquari;RS;95860000;-29.77752;-51.85991;-29.77752;-51.85991;Boa Vista II;MEDIO;CEP generico de cidade, nao de rua (2,4x mais falha)
3515;TAQUARI GÁS E ÁGUA;;endereco;Rua Othelo Rosa, 511, Centro, Taquari - RS, 95860-000, Brasil;Rua Othelo Rosa 511 Taquari RS 95860000 Brazil;Taquari;RS;95860000;-29.7997;-51.86617;-29.7997;-51.86617;Centro;MEDIO;CEP generico de cidade, nao de rua (2,4x mais falha)
3516;GÁS (TEUTOGÁS) DISTRIBUIDORA;;endereco;Rua Dom Pedro II, 2253, Teutônia - RS, 95890-000, Brasil;Rua Dom Pedro II 2253 Teutonia RS 95890000 Brazil;Teutônia;RS;95890000;-29.49836;-51.80729;-29.49836;-51.80729;;MEDIO;CEP generico de cidade, nao de rua (2,4x mais falha)
3517;GÁS DA DANI;;endereco;Rua Seis Sul, 158, Teutônia - RS, 95890-000, Brasil;Rua Seis Sul 158 Teutonia RS 95890000 Brazil;Teutônia;RS;95890000;-29.48768;-51.81593;-29.48768;-51.81593;;MEDIO;CEP generico de cidade, nao de rua (2,4x mais falha)
3518;QUEIRÓZ - REVENDA LIQUIGÁS;;endereco;Rua Dom Pedro II, 1053, Teutônia - RS, 95890-000, Brasil;Rua Dom Pedro II 1053 Teutonia RS 95890000 Brazil;Teutônia;RS;95890000;-29.50885;-51.80735;-29.50885;-51.80735;;MEDIO;CEP generico de cidade, nao de rua (2,4x mais falha)
3519;QUEIRÓZ LIQUIGÁS LTDA;;endereco;Avenida Um Leste, 2600, Teutônia - RS, 95890-000, Brasil;Avenida Um Leste 2600 Teutonia RS 95890000 Brazil;Teutônia;RS;95890000;-29.49478;-51.81494;-29.49478;-51.81494;;MEDIO;CEP generico de cidade, nao de rua (2,4x mais falha)
3520;VEM GÁS SUPERGASBRAS TEUTÔNIA;;endereco;Rua Dois Norte, 202, Teutônia - RS, 95890-000, Brasil;Rua Dois Norte 202 Teutonia RS 95890000 Brazil;Teutônia;RS;95890000;-29.48071;-51.81593;-29.48071;-51.81593;;MEDIO;CEP generico de cidade, nao de rua (2,4x mais falha)
3521;COSTA GÁS;;endereco;Rua General Flores da Cunha, 153, Torres - RS, 95560-000, Brasil;Rua General Flores da Cunha 153 Torres RS 95560000 Brazil;Torres;RS;95560000;-29.38873;-49.77802;-29.38873;-49.77802;;MEDIO;CEP generico de cidade, nao de rua (2,4x mais falha)
3522;GÁS MÜLLER;;endereco;Avenida Castelo Branco, 4002, Torres - RS, 95560-000, Brasil;Avenida Castelo Branco 4002 Torres RS 95560000 Brazil;Torres;RS;95560000;-29.32173;-49.76666;-29.32173;-49.76666;;MEDIO;CEP generico de cidade, nao de rua (2,4x mais falha)
3523;SUL GÁS;;endereco;Estrada do Jacaré, 155, Torres - RS, 95560-000, Brasil;Estrada do Jacare 155 Torres RS 95560000 Brazil;Torres;RS;95560000;-29.32472;-49.78156;-29.32472;-49.78156;;ALTO;"endereco de rodovia (57-67% falharam); CEP generico de cidade, nao de rua (2,4x mais falha)"
3524;LIQUIGAS DISTRIBUIDORA;;endereco;Avenida Fernandes Bastos, 2468, Tramandaí - RS, 95590-000, Brasil;Avenida Fernandes Bastos 2468 Tramandai RS 95590000 Brazil;Tramandaí;RS;95590000;-29.99916;-50.15208;-29.99916;-50.15208;;MEDIO;CEP generico de cidade, nao de rua (2,4x mais falha)
3525;LITOGÁS TRAMANDAÍ - REVENDEDOR AUTORIZADO LIQUIGÁS;;endereco;Avenida Senador Alberto Pasqualine, 245, Tramandaí - RS, 95590-000, Brasil;Avenida Senador Alberto Pasqualine 245 Tramandai RS 95590000 Brazil;Tramandaí;RS;95590000;-30.00804;-50.15287;-30.00804;-50.15287;;MEDIO;CEP generico de cidade, nao de rua (2,4x mais falha)
3526;CHAMAGAS TRIUNFO;;endereco;RSC-470, Triunfo - RS, 95840-000, Brasil;RSC 470 Triunfo RS 95840000 Brazil;Triunfo;RS;95840000;-29.9324;-51.71738;-29.9324;-51.71738;;ALTO;"sem numero de porta; logradouro sem nome; CEP generico de cidade, nao de rua (2,4x mais falha)"
3527;GÁS PURO TRIUNFO;;endereco;Rua Iracema de Alencar, 514, Triunfo - RS, 95840-000, Brasil;Rua Iracema de Alencar 514 Triunfo RS 95780000 Brazil;Triunfo;RS;95780000;-29.93645;-51.71439;-29.93645;-51.71439;;MEDIO;CEP generico de cidade, nao de rua (2,4x mais falha)
3528;GÁS TRÊS COROAS ULTRAGAZ;;endereco;Rua Alfredo Wilbert, 415, Três Coroas - RS, 95660-000, Brasil;Rua Alfredo Wilbert 415 Tres Coroas RS 95660000 Brazil;Três Coroas;RS;95660000;-29.48893;-50.78366;-29.48893;-50.78366;;MEDIO;CEP generico de cidade, nao de rua (2,4x mais falha)
3529;TRESCOGÁS;;endereco;Rua São Leopoldo, 250, Moreira, Três Coroas - RS, 95660-000, Brasil;Rua Sao Leopoldo 250 Tres Coroas RS 95660000 Brazil;Três Coroas;RS;95660000;-29.53017;-50.77824;-29.53017;-50.77824;Moreira;MEDIO;CEP generico de cidade, nao de rua (2,4x mais falha)
3530;JUCA GÁS;;endereco;Rua Leopoldo Vontobel, 61, Três de Maio - RS, 98910-000, Brasil;Rua Leopoldo Vontobel 61 Tres de Maio RS 98910000 Brazil;Três de Maio;RS;98910000;-27.77843;-54.24085;-27.77843;-54.24085;;MEDIO;CEP generico de cidade, nao de rua (2,4x mais falha)
3531;LIQUIGÁS / EXTRAGÁS TRÊS DE MAIO;;endereco;ERS-342, Três de Maio - RS, 98910-000, Brasil;ERS 342 Tres de Maio RS 98910000 Brazil;Três de Maio;RS;98910000;-27.76796;-54.22967;-27.76796;-54.22967;;ALTO;"sem numero de porta; logradouro sem nome; CEP generico de cidade, nao de rua (2,4x mais falha)"
3532;️DI GÁS TELE-ENTREGÁ LIQUIGÁS TUPANCIRETÃ RS;;endereco;Rua Coronel Lucas Colome, 561, Tupanciretã - RS, 98170-000, Brasil;Rua Coronel Lucas Colome 561 Tupancireta RS 98170000 Brazil;Tupanciretã;RS;98170000;-29.08307;-53.82448;-29.08307;-53.82448;;MEDIO;CEP generico de cidade, nao de rua (2,4x mais falha)
3533;ELVIS GÁS;;endereco;Rua Pinheiro Machado, 1238, Cabo Luiz Quevedo, Uruguaiana - RS, 97510-410, Brasil;Rua Pinheiro Machado 1238 Uruguaiana RS 97503850 Brazil;Uruguaiana;RS;97503850;-29.77824;-57.10118;-29.77824;-57.10118;Cabo Luiz Quevedo;;
3534;MANO GÁS;;endereco;Rua Touro Passo, 422, União das Vilas, Uruguaiana - RS, 97509-568, Brasil;Rua Touro Passo 422 Uruguaiana RS 97509576 Brazil;Uruguaiana;RS;97509576;-29.78563;-57.06053;-29.78563;-57.06053;União das Vilas;;
3535;PILLON ULTRAGAZ;;endereco;Rua Marechal Setembrino de Carvalho, 2642, Ipiranga, Uruguaiana - RS, 97502-860, Brasil;Rua Marechal Setembrino de Carvalho 2642 Uruguaiana RS 97507380 Brazil;Uruguaiana;RS;97507380;-29.77912;-57.06921;-29.77912;-57.06921;Ipiranga;;
3536;COMÉRCIO DE GÁS E ÁGUA HG LTDA - FILIAL;;endereco;Rua Dom Pedro II, Vacaria - RS, 95201-224, Brasil;Rua Dom Pedro II Vacaria RS 95200000 Brazil;Vacaria;RS;95200000;-28.49871;-50.92334;-28.49871;-50.92334;;ALTO;"sem numero de porta; CEP generico de cidade, nao de rua (2,4x mais falha)"
3537;NACIONAL GÁS;;endereco;Rua Salgado Filho, 99, Vacaria - RS, 95200-000, Brasil;Rua Salgado Filho 99 Vacaria RS 95200000 Brazil;Vacaria;RS;95200000;-28.50782;-50.94462;-28.50782;-50.94462;;MEDIO;CEP generico de cidade, nao de rua (2,4x mais falha)
3538;BETO GÁS;;endereco;Rua Giustavo Bullow, 2753, Coronel Brito, Venâncio Aires - RS, 95800-000, Brasil;Rua Giustavo Bullow 2753 Venancio Aires RS 95800000 Brazil;Venâncio Aires;RS;95800000;-29.61411;-52.17808;-29.61411;-52.17808;Coronel Brito;MEDIO;CEP generico de cidade, nao de rua (2,4x mais falha)
3539;BUTANO GAS;;endereco;Rua General Osório, 1138, Centro, Venâncio Aires - RS, 95800-000, Brasil;Rua General Osorio 1138 Venancio Aires RS 95800000 Brazil;Venâncio Aires;RS;95800000;-29.60578;-52.19319;-29.60578;-52.19319;Centro;MEDIO;CEP generico de cidade, nao de rua (2,4x mais falha)
3540;GERSON HENN;;endereco;Rua Camilinho Pereira, 1301, Leopoldina, Venâncio Aires - RS, 95800-000, Brasil;Rua Camilinho Pereira 1301 Venancio Aires RS 95800000 Brazil;Venâncio Aires;RS;95800000;-29.63358;-52.19737;-29.63358;-52.19737;Leopoldina;MEDIO;CEP generico de cidade, nao de rua (2,4x mais falha)
3541;DISTRIBUIDORA DE GÁS GIEHL;;endereco;Avenida Nestor Frederico Henn, 3236, Vera Cruz - RS, 96880-000, Brasil;Avenida Nestor Frederico Henn 3236 Vera Cruz RS 96880000 Brazil;Vera Cruz;RS;96880000;-29.71551;-52.51811;-29.71551;-52.51811;;MEDIO;CEP generico de cidade, nao de rua (2,4x mais falha)
3542;GÁS TEREZA;;endereco;Rua Adolfo Werner, 483, Vera Cruz - RS, 96880-000, Brasil;Rua Adolfo Werner 483 Vera Cruz RS 96880000 Brazil;Vera Cruz;RS;96880000;-29.71298;-52.49733;-29.71298;-52.49733;;MEDIO;CEP generico de cidade, nao de rua (2,4x mais falha)
3543;SCHMITT COM DE GÁS LTDA;;endereco;Rua Int. Koelzer, 77, Vera Cruz - RS, 96880-000, Brasil;Rua Int Koelzer 77 Vera Cruz RS 96880000 Brazil;Vera Cruz;RS;96880000;-29.71752;-52.50926;-29.71752;-52.50926;;MEDIO;CEP generico de cidade, nao de rua (2,4x mais falha)
3544;COMÉRCIO DE GÁS FAVERO - REVENDA LIQUIGÁS;;endereco;Rua Júlio de Oliveira, 134, Veranópolis - RS, 95330-000, Brasil;Rua Julio de Oliveira 134 Veranopolis RS 95330000 Brazil;Veranópolis;RS;95330000;-28.93367;-51.54726;-28.93367;-51.54726;;MEDIO;CEP generico de cidade, nao de rua (2,4x mais falha)
3545;CASTILLEJO GÁS;;endereco;Rua Vinte e Oito de Outubro, 548, Santa Cecília, Viamão - RS, 94475-050, Brasil;Rua Vinte e Oito de Outubro 548 Viamao RS 94475050 Brazil;Viamão;RS;94475050;-30.07774;-51.09068;-30.07774;-51.09068;Santa Cecília;;
3546;DARCI GÁS;;endereco;Rua Telmo Godoy Pinto, 1500, Tarumã, Viamão - RS, 94410-350, Brasil;Rua Telmo Godoy Pinto 1500 Viamao RS 94415300 Brazil;Viamão;RS;94415300;-30.07059;-51.03143;-30.07059;-51.03143;Tarumã;;
3547;DISTRIBUIDORA DE GÁS ARCO ÍRIS;;endereco;Rua Medianeira, 343, Santa Isabel, Viamão - RS, 94480-600, Brasil;Rua Medianeira 343 Viamao RS 94480600 Brazil;Viamão;RS;94480600;-30.07262;-51.10621;-30.07262;-51.10621;Santa Isabel;;
3548;DISTRIBUIDORA DE GÁS BOM PREÇO;;endereco;Rua Catulino Antunes Morem, 1, Elza, Viamão - RS, 94420-210, Brasil;Rua Catulino Antunes Morem 1 Viamao RS 94420000 Brazil;Viamão;RS;94420000;-30.01959;-51.0283;-30.01959;-51.0283;Elza;MEDIO;CEP generico de cidade, nao de rua (2,4x mais falha)
3549;GÁS DO ALEMÃO-CENTRO DE VIAMÃO;;endereco (logradouro de coluna alternativa);ERS-118, Centro, Viamão - RS, 94425-500, Brasil;Rua CEL MARIO ANTUNES DA VEIGA Viamao RS 97440030 Brazil;Viamão;RS;97440030;-30.08752;-51.02298;-30.08752;-51.02298;;ALTO;sem numero de porta
3550;LIQUIGÁS LIPIGÁS;;endereco;Avenida Senador Salgado Filho, Esmeralda, Viamão - RS, 94450-000, Brasil;Avenida Senador Salgado Filho Viamao RS 94400000 Brazil;Viamão;RS;94400000;-30.08666;-51.09297;-30.08666;-51.09297;Esmeralda;ALTO;"sem numero de porta; CEP generico de cidade, nao de rua (2,4x mais falha)"
3551;RAFINHA GÁS;;endereco;Rua Oriente, 186, Santo Onofre, Viamão - RS, 94455-290, Brasil;Rua Oriente 186 Viamao RS 94455290 Brazil;Viamão;RS;94455290;-30.10008;-51.07143;-30.10008;-51.07143;Santo Onofre;;
3552;ZONATTO GÁS;;endereco;Zonatto Gás Ltda - Me., Rua Condor, Santa Cecília, Viamão - RS, 94495-180, Brasil;Rua Condor Viamao RS 94495245 Brazil;Viamão;RS;94495245;-30.05739;-51.08753;-30.05739;-51.08753;Santa Cecília;ALTO;sem numero de porta
3553;Ciso Gás;;endereco;Rua José Francisco Alves, 154, Nova Divinéia, Araranguá - SC, 88900-000, Brasil;Rua Jose Francisco Alves 154 Ararangua SC 88905228 Brazil;Araranguá;SC;88905228;-28.94996;-49.48993;-28.94996;-49.48993;Nova Divinéia;;
3554;BaseGás Blumenau - SuperGasBras;;endereco;Rua Frederico Jensen, 1618, Itoupavazinha, Blumenau - SC, 89066-300, Brasil;Rua Frederico Jensen 1618 Blumenau SC 89066301 Brazil;Blumenau;SC;89066301;-26.8602;-49.10214;-26.8602;-49.10214;Itoupavazinha;;
3555;ROTAGAS GARCIA;;endereco;Rua Amazonas, 2855, Garcia, Blumenau - SC, 89022-000, Brasil;Rua Amazonas 2855 Blumenau SC 89022003 Brazil;Blumenau;SC;89022003;-26.94345;-49.07128;-26.94345;-49.07128;Garcia;;
3556;Gás São Cristóvão;;endereco;Avenida Coronel Licínio de Córdova, 461, São Cristóvão, Chapecó - SC, 89803-210, Brasil;Avenida Coronel Licinio de Cordova 461 Chapeco SC 89803210 Brazil;Chapecó;SC;89803210;-27.09316;-52.62709;-27.09316;-52.62709;São Cristóvão;;
3557;BaseGás Concórdia - SuperGasBras;;endereco;Contorno Viário Norte, Concórdia - SC, 89700-000, Brasil;Contorno Viario Norte Concordia SC 89715899 Brazil;Concórdia;SC;89715899;-27.21403;-51.98208;-27.21403;-51.98208;;ALTO;sem numero de porta
3558;Gas rápido;;endereco;Rua João Meirelles, 1765, Abraão, Florianópolis - SC, 88085-201, Brasil;Rua Joao Meirelles 1765 Florianopolis SC 88090192 Brazil;Florianópolis;SC;88090192;-27.60257;-48.59756;-27.60257;-48.59756;Abraão;;
3559;Fabrício Gás Belchior;;endereco;Rua Heldo Florentino Wan-Dall, 57, Belchior Central, Gaspar - SC, 89117-710, Brasil;Rua Heldo Florentino Wan Dall 57 Gaspar SC 89117710 Brazil;Gaspar;SC;89117710;-26.85466;-49.03634;-26.85466;-49.03634;Belchior Central;;
3560;Indagas Comércio e Transporte de Gás;;endereco;Rua Melvin Jones, 1300, Carijós, Indaial - SC, 89084-000, Brasil;Rua Melvin Jones 1300 Indaial SC 89130000 Brazil;Indaial;SC;89130000;-26.88628;-49.22494;-26.88628;-49.22494;Carijós;MEDIO;CEP generico de cidade, nao de rua (2,4x mais falha)
3561;Gás Vale;;endereco;Rua Quatrocentos e Dezoito A, 250, Morretes, Itapema - SC, 88220-000, Brasil;Rua Quatrocentos e Dezoito A 250 Itapema SC 88220000 Brazil;Itapema;SC;88220000;-27.12468;-48.61316;-27.12468;-48.61316;Morretes;MEDIO;CEP generico de cidade, nao de rua (2,4x mais falha)
3562;June Gás Comércio e Serviços;;endereco;Avenida Brasília, 402, Pinhalzinho - SC, 89870-000, Brasil;Avenida Brasilia 402 Pinhalzinho SC 89870000 Brazil;Pinhalzinho;SC;89870000;-26.83953;-52.98732;-26.83953;-52.98732;;MEDIO;CEP generico de cidade, nao de rua (2,4x mais falha)
3563;Dolsan Gas;;endereco;Rua Dom Bosco, 1117, Jardim América, Rio do Sul - SC, 89160-234, Brasil;Rua Dom Bosco 1117 Rio do Sul SC 99543644 Brazil;Rio do Sul;SC;99543644;-27.21004;-49.63413;-27.21004;-49.63413;Jardim América;;
3564;Gás Barato;;endereco;Rua Doralice Ramos Pinho, 678, Cidade Jardim de Florianópolis, São José - SC, 88111-310, Brasil;Rua Doralice Ramos Pinho 678 Sao Jose SC 88111310 Brazil;São José;SC;88111310;-27.5662;-48.62028;-27.5662;-48.62028;Cidade Jardim de Florianópolis;;
3565;Gás Barato em São José;;endereco;Rua Francisco Ignácio do Nascimento, 1284, Forquilhas, São José - SC, 88107-500, Brasil;Rua Francisco Ignacio do Nascimento 1284 Sao Jose SC 88107500 Brazil;São José;SC;88107500;-27.56895;-48.67173;-27.56895;-48.67173;Forquilhas;;
3566;Gás do Povo;;endereco;Rua Hidalgo Araújo, 904, Cidade Jardim de Florianópolis, São José - SC, 88111-130, Brasil;Rua Hidalgo Araujo 904 Sao Jose SC 88111130 Brazil;São José;SC;88111130;-27.56834;-48.62124;-27.56834;-48.62124;Cidade Jardim de Florianópolis;;
3567;Liquigas;;endereco;Rua Egídio Manoel Schimitz, 23, Bela Vista, São José - SC, 86905-000, Brasil;Rua Egidio Manoel Schimitz 23 Sao Jose SC 88110794 Brazil;São José;SC;88110794;-27.5746;-48.62557;-27.5746;-48.62557;Bela Vista;;
3568;Revenda Gás Rápido;;endereco;Rua Frederico Afonso, 5443, Fazenda Santo Antônio, São José - SC, 88104-000, Brasil;Rua Frederico Afonso 5443 Sao Jose SC 88104205 Brazil;São José;SC;88104205;-27.62942;-48.6377;-27.62942;-48.6377;Fazenda Santo Antônio;;
3569;NiloSUL Gás;;endereco;Rua Trinta e Um de Março, 1226, Centro, São Miguel do Oeste - SC, 89900-000, Brasil;Rua Trinta e Um de Marco 1226 Sao Miguel do Oeste SC 89900000 Brazil;São Miguel do Oeste;SC;89900000;-26.73521;-53.51911;-26.73521;-53.51911;Centro;MEDIO;CEP generico de cidade, nao de rua (2,4x mais falha)
3570;Disk SOS Gás;;endereco;Fretta Giassi Engenheiras Associadas, Rua Santos Dumont, 584, Santo Antônio de Pádua, Tubarão - SC, 88701-611, Brasil;Rua Santos Dumont 584 Tubarao SC 88701730 Brazil;Tubarão;SC;88701730;-28.49141;-49.01056;-28.49141;-49.01056;Santo Antônio de Pádua;;
3571;Bio Gás E Água;;endereco;Travessa Monte Castelo, 75, Santo Antônio, Aracaju - SE, 49072-480, Brasil;Travessa Monte Castelo 75 Aracaju SE 49072480 Brazil;Aracaju;SE;49072480;-10.9014;-37.06213;-10.9014;-37.06213;Santo Antônio;;
3572;Distribuidora de gás;;endereco;Rua Hildete Falcão Baptista, Atalaia, Aracaju - SE, 49095-470, Brasil;Rua Hildete Falcao Baptista Aracaju SE 49037830 Brazil;Aracaju;SE;49037830;-10.98616;-37.05864;-10.98616;-37.05864;Atalaia;ALTO;sem numero de porta
3573;Lila Gás;;endereco;Avenida Minas Gerais, 1284, Dezoito do Forte, Aracaju - SE, 49072-470, Brasil;Avenida Minas Gerais 1284 Aracaju SE 49072210 Brazil;Aracaju;SE;49072210;-10.90205;-37.07077;-10.90205;-37.07077;Dezoito do Forte;;
3574;Mariane Gas;;endereco;Rua Manoel Dantas, 377, José Conrado de Araújo, Aracaju - SE, 49085-210, Brasil;Rua Manoel Dantas 377 Aracaju SE 49085210 Brazil;Aracaju;SE;49085210;-10.90706;-37.07805;-10.90706;-37.07805;José Conrado de Araújo;;
3575;MELHOR GÁS - Entrega de Gás em Aracaju;;endereco;Rodovia dos Náufragos, 6799, Aracaju - SE, 49004-000, Brasil;Rodovia dos Naufragos 6799 Aracaju SE 49000013 Brazil;Aracaju;SE;49000013;-11.03127;-37.09237;-11.03127;-37.09237;;ALTO;endereco de rodovia (57-67% falharam)
3576;Nacional Gás Aracaju - Ouro Gás Brasil;;endereco;Rua Pernambuco, 295, Dezoito do Forte, Aracaju - SE, 49075-460, Brasil;Rua Pernambuco 295 Aracaju SE 49075460 Brazil;Aracaju;SE;49075460;-10.90705;-37.06821;-10.90705;-37.06821;Dezoito do Forte;;
3577;O Barateiro Gás;;endereco;Rua Jane Bonfim, 1251, Soledade, Aracaju - SE, 49087-320, Brasil;Rua Jane Bonfim 1251 Aracaju SE 49087320 Brazil;Aracaju;SE;49087320;-10.89146;-37.08707;-10.89146;-37.08707;Soledade;;
3578;OLINO GÁS;;endereco;Avenida Alberto Azevedo, 484, Suíça, Aracaju - SE, 49020-248, Brasil;Avenida Alberto Azevedo 484 Aracaju SE 49050020 Brazil;Aracaju;SE;49050020;-10.92522;-37.06402;-10.92522;-37.06402;Suíça;;
3579;Rc Gás;;endereco;Rua Manoel Dantas, 110, Santos Dumont, Aracaju - SE, 49085-210, Brasil;Rua Manoel Dantas 110 Aracaju SE 49085000 Brazil;Aracaju;SE;49085000;-10.90537;-37.0782;-10.90537;-37.0782;Santos Dumont;MEDIO;CEP generico de cidade, nao de rua (2,4x mais falha)
3580;Nacional Gás São Cristóvão - Ouro Gás Brasil;;endereco;Avenida José Conrado, 77, São Cristóvão - SE, 49100-000, Brasil;Avenida Jose Conrado 77 Sao Cristovao SE 49100000 Brazil;São Cristóvão;SE;49100000;-10.92933;-37.10999;-10.92933;-37.10999;;MEDIO;CEP generico de cidade, nao de rua (2,4x mais falha)
3581;Olino Gás;;endereco;Rodovia João Bebe Água, 836, São Cristóvão - SE, 49100-000, Brasil;Rodovia Joao Bebe Agua 836 Sao Cristovao SE 49100000 Brazil;São Cristóvão;SE;49100000;-10.93089;-37.11188;-10.93089;-37.11188;;ALTO;"endereco de rodovia (57-67% falharam); CEP generico de cidade, nao de rua (2,4x mais falha)"
3582;REVENDA DE GAS AMPARO;;endereco;Avenida José Giuseppe, 16, Residencial Santa Maria Amparo, Amparo - SP, 13905-775, Brasil;Avenida Jose Giuseppe 16 Amparo SP 13905775 Brazil;Amparo;SP;13905775;-22.70426;-46.80887;-22.70426;-46.80887;Residencial Santa Maria Amparo;;
3583;Nacional Gás e Água (Piauí Gás);;endereco;Rua Tupi, 419, Engenho Novo, Barueri - SP, 06417-110, Brasil;Rua Tupi 419 Barueri SP 06417030 Brazil;Barueri;SP;06417030;-23.48607;-46.88345;-23.48607;-46.88345;Engenho Novo;;
3584;CLÁSSICO GÁS   GRILL | ULTRAGAZ/ CHURRASQUEIRAS BAURU;;endereco;Avenida Nossa Senhora de Fátima, 14-8, Parque Jardim Europa, Bauru - SP, 17017-360, Brasil;Avenida Nossa Senhora de Fatima 14 8 Parque Jardim Europa Bauru SP 17017337 Brazil;Bauru;SP;17017337;-22.35005;-49.05686;-22.35005;-49.05686;;ALTO;sem numero de porta
3585;MÁRCIO GÁS E ÁGUA ULTRAGAZ;;endereco;Avenida Pinheiro Machado, 17-38, Fund. Casas Pop. Salvador Filardi, Bauru - SP, 17065-123, Brasil;Avenida Pinheiro Machado 17 38 Fund Casas Pop Salvador Filardi Bauru SP 17065123 Brazil;Bauru;SP;17065123;-22.31738;-49.10946;-22.31738;-49.10946;;ALTO;sem numero de porta
3586;RIGO GÁS BELA VISTA;;endereco;Rua Hildebrando de Carvalho, 9-16, Jardim Bela Vista, Bauru - SP, 17060-480, Brasil;Rua Hildebrando de Carvalho 9 16 Jardim Bela Vista Bauru SP 17060230 Brazil;Bauru;SP;17060230;-22.31429;-49.08929;-22.31429;-49.08929;;ALTO;sem numero de porta
3587;ULTRAGAZ AGUASSAI LOJA II;;endereco;Estrada Pixiu, 77, Caucaia do Alto, Cotia - SP, 06727-350, Brasil;Estrada Pixiu 77 Cotia SP 06727350 Brazil;Cotia;SP;06727350;-23.6567;-47.02618;-23.6567;-47.02618;Caucaia do Alto;ALTO;endereco de rodovia (57-67% falharam)
3588;Alemão do Gás;;endereco;Rua Fama, 172, São João, Guarulhos - SP, 07150-180, Brasil;Rua Fama 172 Guarulhos SP 07151370 Brazil;Guarulhos;SP;07151370;-23.41439;-46.46249;-23.41439;-46.46249;São João;;
3589;Fernandes Gás Residencial Jundiaí;;endereco;Avenida Eunice Cavalcante de Souza Queiros, 1598, Novo Horizonte, Jundiaí - SP, 13212-463, Brasil;Avenida Eunice Cavalcante de Souza Queiros 1598 Jundiai SP 13212463 Brazil;Jundiaí;SP;13212463;-23.14614;-47.0014;-23.14614;-47.0014;Novo Horizonte;;
3590;Totalgás Liquigás Jundiaí;;endereco;Rua Clélia, 95, Vila Progresso, Jundiaí - SP, 13216-100, Brasil;Rua Clelia 95 Jundiai SP 13202280 Brazil;Jundiaí;SP;13202280;-23.20659;-46.87594;-23.20659;-46.87594;Vila Progresso;;
3591;Gás Santa Luzia;;endereco;Avenida Antonieta Altenfelder, 2615, Marília - SP, 17512-130, Brasil;Avenida Antonieta Altenfelder 2615 Marilia SP 17512130 Brazil;Marília;SP;17512130;-22.15551;-49.95824;-22.15551;-49.95824;;;
3592;Liquigas;;endereco;Rua Doutor Edmundo Amaral, 270, Veloso, Osasco - SP, 06150-030, Brasil;Rua Doutor Edmundo Amaral 270 Osasco SP 06150030 Brazil;Osasco;SP;06150030;-23.56969;-46.80726;-23.56969;-46.80726;Veloso;;
3593;Liquigás - Gás do povo e Água - Osasco;;endereco;Avenida José Teruel Lopes, 527, Vila Yolanda, Osasco - SP, 06124-330, Brasil;Avenida Jose Teruel Lopes 527 Osasco SP 06124330 Brazil;Osasco;SP;06124330;-23.54549;-46.7937;-23.54549;-46.7937;Vila Yolanda;;
3594;Liquigás - Osasco - Gás de cozinha - Botijão de Gás - Gás do povo;;endereco;Avenida Analice Sakatauskas, 440, Bela Vista, Osasco - SP, 06060-000, Brasil;Avenida Analice Sakatauskas 440 Osasco SP 06060000 Brazil;Osasco;SP;06060000;-23.55002;-46.77802;-23.55002;-46.77802;Bela Vista;MEDIO;CEP generico de cidade, nao de rua (2,4x mais falha)
3595;Maciel Gás Peruíbe | SuperGasBras;;endereco;Rua Miguel Veiga, 275, Peruíbe - SP, 11750-000, Brasil;Rua Miguel Veiga 275 Peruibe SP 11750000 Brazil;Peruíbe;SP;11750000;-24.30705;-47.00439;-24.30705;-47.00439;;MEDIO;CEP generico de cidade, nao de rua (2,4x mais falha)
3596;Piauí Gás Pirapozinho;;endereco;Rua Penha Barbosa de Castro, 648, Pirapozinho - SP, 19200-000, Brasil;Rua Penha Barbosa de Castro 648 Pirapozinho SP 19200000 Brazil;Pirapozinho;SP;19200000;-22.27587;-51.49998;-22.27587;-51.49998;;MEDIO;CEP generico de cidade, nao de rua (2,4x mais falha)
3597;PIG GÁS & RAÇÕES;;endereco;Rua Belém 30, 21, Presidente Epitácio - SP, 19470-000, Brasil;Rua Belem 30 Presidente Epitacio SP 19470000 Brazil;Presidente Epitácio;SP;19470000;-21.78617;-52.12127;-21.78617;-52.12127;21;MEDIO;CEP generico de cidade, nao de rua (2,4x mais falha)
3598;ULTRAGAZ BRUNO GÁS;;endereco;Avenida João Domingos, 665, COHAB Jardim Humberto Salvador, Presidente Prudente - SP, 19100-010, Brasil;Avenida Joao Domingos 665 Presidente Prudente SP 19100010 Brazil;Presidente Prudente;SP;19100010;-22.08652;-51.39814;-22.08652;-51.39814;COHAB Jardim Humberto Salvador;;
3599;Ultragaz Fabrigás Gás Água Lindoya Verão Revenda de Gás GLP Entrega em Ribeirão Preto;;endereco;Rua Pio XII, 679, Subsetor Oeste-3, Ribeirão Preto - SP, 14030-250, Brasil;Rua Pio XII 679 Ribeirao Preto SP 14030250 Brazil;Ribeirão Preto;SP;14030250;-21.18901;-47.82874;-21.18901;-47.82874;Subsetor Oeste-3;;
3600;IRMÃO JOEL GÁS;;endereco;Avenida Prefeito Nicolau Marino, 287, Rio das Pedras - SP, 13392-150, Brasil;Avenida Prefeito Nicolau Marino 287 Rio das Pedras SP 13392150 Brazil;Rio das Pedras;SP;13392150;-22.84911;-47.61034;-22.84911;-47.61034;;;
3601;LIQUIGÁS;;endereco;Rua Evangelista de Souza, 1796, Capuava, Santo André - SP, 09260-411, Brasil;Rua Evangelista de Souza 1796 Santo Andre SP 09260410 Brazil;Santo André;SP;09260410;-23.64016;-46.49047;-23.64016;-46.49047;Capuava;;
3602;Disk Gás - Toca D'água - Gás em Santos - Entrega de Gás - Liquigás - Ultragaz - Consigaz;;endereco;Rua Doutor Napoleão Laureano, 160, Marapé, Santos - SP, 11070-141, Brasil;Rua Doutor Napoleao Laureano 160 Santos SP 11070141 Brazil;Santos;SP;11070141;-23.95296;-46.35061;-23.95296;-46.35061;Marapé;;
3603;Alemão Do Gás;;endereco;Rua Domingos Escórcio, 32B, Guaianases, São Paulo - SP, 08461-370, Brasil;Rua Domingos Escorcio 32B Sao Paulo SP 08461370 Brazil;São Paulo;SP;08461370;-23.56066;-46.40945;-23.56066;-46.40945;Guaianases;;
3604;Supergasbras - Gás do Povo;;endereco;Rua Comendador Feiz Zarzur, 1121, Pirituba, São Paulo - SP, 02942-000, Brasil;Rua Comendador Feiz Zarzur 1121 Sao Paulo SP 02942000 Brazil;São Paulo;SP;02942000;-23.47513;-46.72475;-23.47513;-46.72475;Pirituba;MEDIO;CEP generico de cidade, nao de rua (2,4x mais falha)
3605;Supergasbras - Palanque Gás - Gás do Povo;;endereco;Rua José Eduardo de Almeida, 314, Iguatemi, São Paulo - SP, 08371-710, Brasil;Rua Jose Eduardo de Almeida 314 Sao Paulo SP 08473370 Brazil;São Paulo;SP;08473370;-23.59613;-46.41773;-23.59613;-46.41773;Iguatemi;;
3606;SUPERGASBRAS JRGÁS;;endereco;Av. Afonso de Sampaio e Sousa, 920, Avenida Afonso de Sampaio e Sousa, Parque do Carmo, São Paulo - SP, 08270-000, Brasil;Avenida Afonso de Sampaio e Sousa 920 Sao Paulo SP 08270000 Brazil;São Paulo;SP;08270000;-23.57004;-46.46917;-23.57004;-46.46917;Avenida Afonso de Sampaio e Sousa Parque do Carmo;MEDIO;CEP generico de cidade, nao de rua (2,4x mais falha)
3607;Ultragaz 24 horas - Gás do Povo;;endereco;Avenida Inconfidência Mineira, 1262, Aricanduva, São Paulo - SP, 03476-010, Brasil;Avenida Inconfidencia Mineira 1262 Sao Paulo SP 03476010 Brazil;São Paulo;SP;03476010;-23.57538;-46.51459;-23.57538;-46.51459;Aricanduva;;
3608;Piauí Gás;;endereco;Alameda Francisco Troiani, Teodoro Sampaio - SP, 19280-000, Brasil;Alameda Francisco Troiani Teodoro Sampaio SP 19280000 Brazil;Teodoro Sampaio;SP;19280000;-22.53284;-52.1765;-22.53284;-52.1765;;ALTO;"sem numero de porta; CEP generico de cidade, nao de rua (2,4x mais falha)"
3609;Gás Lar - Gás em Gurupi do Tocantins, Água Mineral e ENTREGA IMEDIATA;;endereco;Rua Delfino Aguiar, 1085, Gurupi - TO, 77405-040, Brasil;Rua Delfino Aguiar 1085 Gurupi TO 77405040 Brazil;Gurupi;TO;77405040;-11.72608;-49.06002;-11.72608;-49.06002;;;
3610;Adalberto Gás;;endereco;Quadra 409 Norte Avenida Lo 12, 21, 409 N, Palmas - TO, 77001-582, Brasil;Quadra 409 Norte Avenida Lo 12 Palmas TO 77001582 Brazil;Palmas;TO;77001582;-10.15513;-48.34216;-10.15513;-48.34216;21 409 N;;
3611;Alô Gás Palmas;;endereco;ASR-SE 115 Avenida NS 10, 3, 1112 S, Palmas - TO, 77024-142, Brasil;ASR SE 115 Avenida NS 10 Palmas TO 77024142 Brazil;Palmas;TO;77024142;-10.25241;-48.31763;-10.25241;-48.31763;3 1112 S;ALTO;endereco de rodovia (57-67% falharam)
3612;Gás Palmas - Filial Bela Vista 24 Horas;;endereco;Rua 09 de Julho, QI21A-LT07, Taquaralto - Bela Vista, Palmas - TO, 77064-690, Brasil;Rua 09 de Julho QI21A LT07 Taquaralto Bela Vista Palmas TO 77064690 Brazil;Palmas;TO;77064690;-10.3478;-48.29427;-10.3478;-48.29427;;ALTO;sem numero de porta
3613;Tupy Gás - Palmas;;endereco;ASR-SE 15 Rua SR 1, CONJ1-LT27, 112 S, Palmas - TO, 77020-170, Brasil;ASR SE 15 Rua SR 1 Palmas TO 77020170 Brazil;Palmas;TO;77020170;-10.18499;-48.30689;-10.18499;-48.30689;CONJ1-LT27 112 S;;
3614;Tupy Gás - Taquaralto;;endereco;Avenida Tocantins, QI34-LT24B, Jardim Aureny II, Palmas - TO, 77064-580, Brasil;Avenida Tocantins QI34 LT24B Jardim Aureny II Palmas TO 77064580 Brazil;Palmas;TO;77064580;-10.32681;-48.29726;-10.32681;-48.29726;;ALTO;sem numero de porta
3615;Ênio Gás;;endereco;ARSO 42 Avenida LO 11, 405 S, Palmas - TO, 77015-613, Brasil;ARSO 42 Avenida LO 11 Palmas TO 77015613 Brazil;Palmas;TO;77015613;-10.21091;-48.34829;-10.21091;-48.34829;405 S;;
3616;CENTRAL GÁS e ÁGUA MINERAL;;endereco;Rua Bahia, 956, Paraíso do Tocantins - TO, 77600-000, Brasil;Rua Bahia 956 Paraiso do Tocantins TO 77600000 Brazil;Paraíso do Tocantins;TO;77600000;-10.17761;-48.89064;-10.17761;-48.89064;;MEDIO;CEP generico de cidade, nao de rua (2,4x mais falha)
3617;gas CENTRAL Gás;;endereco;Avenida Paraíso, 934, Paraíso do Tocantins - TO, 77600-000, Brasil;Avenida Paraiso 934 Paraiso do Tocantins TO 77600000 Brazil;Paraíso do Tocantins;TO;77600000;-10.19409;-48.8899;-10.19409;-48.8899;;MEDIO;CEP generico de cidade, nao de rua (2,4x mais falha)
3618;GAS TOCANTINS;;endereco;Rua Tapajós, 461, Paraíso do Tocantins - TO, 77600-000, Brasil;Rua Tapajos 461 Paraiso do Tocantins TO 77600000 Brazil;Paraíso do Tocantins;TO;77600000;-10.17636;-48.8842;-10.17636;-48.8842;;MEDIO;CEP generico de cidade, nao de rua (2,4x mais falha)
3619;Gás Lar - Gás em Paraíso do Tocantins, Água Mineral e ENTREGA IMEDIATA;;endereco;Gás Lar, Rua Bernardo Maciel, Paraíso do Tocantins - TO, 77600-000, Brasil;Rua Bernardo Maciel Paraiso do Tocantins TO 77600000 Brazil;Paraíso do Tocantins;TO;77600000;-10.1707;-48.88277;-10.1707;-48.88277;;ALTO;"sem numero de porta; CEP generico de cidade, nao de rua (2,4x mais falha)"
3620;GÁS TOCANTINS-em paraísoTocantins-entrega de gas;;endereco;Avenida Paraíso, 1161, Paraíso do Tocantins - TO, 77600-000, Brasil;Avenida Paraiso 1161 Paraiso do Tocantins TO 77600000 Brazil;Paraíso do Tocantins;TO;77600000;-10.19547;-48.88868;-10.19547;-48.88868;;MEDIO;CEP generico de cidade, nao de rua (2,4x mais falha)
3621;Q gás é Ultragaz o melhor do Brasil - água mineral em Paraíso - Entrega gás e compra de gás em Paraíso do Tocantins;;endereco;Terravista Bioagronegocio, Avenida Bernardo Sayão, 700m, Paraíso do Tocantins - TO, 77600-000, Brasil;Avenida Bernardo Sayao 700m Paraiso do Tocantins TO 77600000 Brazil;Paraíso do Tocantins;TO;77600000;-10.17598;-48.88347;-10.17598;-48.88347;;MEDIO;CEP generico de cidade, nao de rua (2,4x mais falha)
3622;Gás Lar - Gás em Luzimangues Tocantins, Água Mineral e ENTREGA IMEDIATA;;endereco;Avenida A, 34, Porto Nacional - TO, 77500-000, Brasil;Avenida A 34 Porto Nacional TO 77500000 Brazil;Porto Nacional;TO;77500000;-10.19433;-48.46234;-10.19433;-48.46234;;MEDIO;CEP generico de cidade, nao de rua (2,4x mais falha)
3623;Gás Lar - Gás em Porto Nacional, Água Mineral e ENTREGA IMEDIATA;;endereco;Avenida Joaquim Aires, 2625, Porto Nacional - TO, 77500-000, Brasil;Avenida Joaquim Aires 2625 Porto Nacional TO 77500000 Brazil;Porto Nacional;TO;77500000;-10.70123;-48.41221;-10.70123;-48.41221;;MEDIO;CEP generico de cidade, nao de rua (2,4x mais falha)
