severidade;linha;nome;endereco_dsp;risco
ALTO;27;MANICURE   PEDICURE 'NELY';Avenida SAO PAULO CIDADE INTERCAP Sao Paulo SP 05576100 Brazil;sem numero de porta
ALTO;31;ESMALTERIA DIVA DAS UNHAS;PASSAGEM FE EM DEUS BARREIRO Belem PA 66117170 Brazil;sem numero de porta
ALTO;34;SALÃO HARMONIA;155 BAIRRO RUA BARTIRA SAO FRANCISCO Sao Paulo SP Brazil;sem numero de porta
ALTO;38;MARILIA MOURA SOBRANCELHAS/MICROPIGMENTAÇÃO/DEPILAÇÃO;RUA SANTA EFIGENIA MESSEJANA Fortaleza CE 60871020 Brazil;sem numero de porta
ALTO;67;JF CABELEIREIRO;JARDIM TRES CORACOES Sao Paulo SP 04855230 Brazil;sem numero de porta
ALTO;159;FÊ HAIR & BEAUTY.;Estrada TEN JOSE MARIA DA CUNHA 370 TABOAO DA SERRA SP 06783230 Brazil;endereco de rodovia (57-67% falharam)
ALTO;167;ESTHER CABELEIREIRA;Avenida A TRES BARRAS Cuiaba MT 78058513 Brazil;sem numero de porta
ALTO;181;@BSOLUTA HAIR ESPAÇO DE BELEZA;Estrada KIZAEMON TAKEUTI 1898 TABOAO DA SERRA SP 06775002 Brazil;endereco de rodovia (57-67% falharam)
ALTO;202;BYE BYE PELLO - FOTO DEPILAÇÃO;Avenida TENENTE CORONEL DUARTE BOX DOM AQUINO Cuiaba MT 78015000 Brazil;"sem numero de porta; CEP generico de cidade, nao de rua (2,4x mais falha)"
ALTO;207;FREIRE'S COIFFEUR;SANTO N PRACA ANTONIO BORGES DE ALMEIDA Sao Paulo SP 28994782 Brazil;sem numero de porta
ALTO;216;STUDIO ARANTES;RUA HENRIQUE MAZZAUTI JARDIM TIETE Sao Paulo SP 03944170 Brazil;sem numero de porta
ALTO;219;STUDIO 7 CENTRO ESTÉTICO;Estrada SAO FRANCISCO 2008 TABOAO DA SERRA SP 06765001 Brazil;endereco de rodovia (57-67% falharam)
ALTO;229;BARBEARIA GALLO MAN SHOPPING PANTANAL;Avenida HISTORIADOR RUBENS DE MENDONCA SHOPPING PANTANAL JARDIM ACLIMACAO Cuiaba MT 78050250 Brazil;sem numero de porta
ALTO;232;AMANDA BARBOSA STUDIO LASH BROW DESIGNER;Avenida IMIRIM JARDIM SAO MIGUEL Sao Paulo SP 02464600 Brazil;sem numero de porta
ALTO;253;GRACE HAIR STUDIO;ESTRADA DO BANDEIRANTE 1642 FERRAZ DE VASCONCELOS SP 08537010 Brazil;endereco de rodovia (57-67% falharam)
ALTO;270;ESMALLERIA CANTINHO DAS UNHAS;JARDIM DAS CAMELIAS Sao Paulo SP 08050700 Brazil;sem numero de porta
ALTO;274;LETICIA SALLO ESTÉTICA MASSAGEM MODELADORA;Rua SANTO ANTONIO DE OSSELA PARQUE COCAIA Sao Paulo SP 04850160 Brazil;sem numero de porta
ALTO;303;BARBEARIA PERTO DE MIM | BARBEIROS | BARBEARIA DOM PEDRO - BELÉM  PARÁ;AVENIDA INDEPENDENCIA COM RODOVIA MARIO COVAS COQUEIRO Belem PA 66650000 Brazil;"endereco de rodovia (57-67% falharam); sem numero de porta; CEP generico de cidade, nao de rua (2,4x mais falha)"
ALTO;311;DE LA CASTRO BARBEARIA;PASSAGEM JARBAS PASSARINHO ATALAIA ANANINDEUA PA 67013000 Brazil;"sem numero de porta; CEP generico de cidade, nao de rua (2,4x mais falha)"
ALTO;317;BOUTIQUE & STUDIO DI FRANCE;Estrada SAO FRANCISCO 1667 TABOAO DA SERRA SP 06765000 Brazil;"endereco de rodovia (57-67% falharam); CEP generico de cidade, nao de rua (2,4x mais falha)"
ALTO;349;STUDIO EDUARDA SEGOVIA;Rua POLINESIA PARQUE BOLOGNE Sao Paulo SP 04149070 Brazil;sem numero de porta
ALTO;360;QUADRA DE FUTSAL - RUVE;VILA ESPERANCA Sao Paulo SP Brazil;sem numero de porta
ALTO;363;MAQUIAGEM PARA PELE NEGRA - ATELIÊ PRISCILA RAMOS MAKEUP @PRISCILARAMOSMAKEUP;Rua SERRA DE BRAGANCA TATUAPE Sao Paulo SP 03318000 Brazil;"sem numero de porta; CEP generico de cidade, nao de rua (2,4x mais falha)"
ALTO;386;CÍLIOS ANGELICA MACHADO - LASH DESIGNER;Estrada SAO FRANCISCO 2008 TABOAO DA SERRA SP 06765904 Brazil;endereco de rodovia (57-67% falharam)
ALTO;427;LEONCIO CABELEIREIRO;JARDIM FORTALEZA Cuiaba MT Brazil;sem numero de porta
ALTO;444;LARISSA PRADO DESIGNER;Rua ANTONIO MARIA COELHO CENTRO Cuiaba MT 78000000 Brazil;"sem numero de porta; CEP generico de cidade, nao de rua (2,4x mais falha)"
ALTO;461;ANA LACERDA STUDIO HAIR;ESTRADA DAS CANJARANAS 176 ITAPECERICA DA SERRA SP 06857860 Brazil;endereco de rodovia (57-67% falharam)
ALTO;502;JO E JOYCE CABELEIREIRO;Avenida DONA BELMIRA MARIN PARQUE GRAJAU Sao Paulo SP 04846000 Brazil;"sem numero de porta; CEP generico de cidade, nao de rua (2,4x mais falha)"
ALTO;507;BELO ARTE CABELEIREIROS;Estrada BENEDITO CESARIO DE OLIVEIRA 1743 TABOAO DA SERRA SP 06767281 Brazil;endereco de rodovia (57-67% falharam)
ALTO;510;ESTÚDIO MARI BASILIA;Estrada SAO FRANCISCO 2008 TABOAO DA SERRA SP 06765904 Brazil;endereco de rodovia (57-67% falharam)
ALTO;516;STUDIO VITÓRIA;Rua VITORIA DO ESPIRITO SANTO JARDIM LUCIANA Sao Paulo SP 08141004 Brazil;sem numero de porta
ALTO;520;DENISE FASHION HAIR;RUA GLYCERIO ALMEIDA MACIEL JARDIM ITAPURA Sao Paulo SP 04433020 Brazil;sem numero de porta
ALTO;534;TODA BONITTA ESPAÇO;Rua CARDOSO MOREIRA JARDIM OLINDA Sao Paulo SP 05766280 Brazil;sem numero de porta
ALTO;538;EXTENSÃO DE CÍLIOS;Rua FERNAO LOPES DE CAMARGO SAO LUCAS Sao Paulo SP 03261090 Brazil;sem numero de porta
ALTO;551;STUDIO BURGUESINHA;ESTRADA DOM JOAO NERY 4548 Sao Paulo SP 08452340 Brazil;endereco de rodovia (57-67% falharam)
ALTO;559;STUDIO VITÓRIA PRADO BEAUTY;RUA APURU 3GN VILA LIBANESA Sao Paulo SP 03193050 Brazil;sem numero de porta
ALTO;591;ISA JUBAS - ESPECIALISTA EM CABELOS CACHEADOS;Estrada SAO FRANCISCO 1608 TABOAO DA SERRA SP 06764290 Brazil;endereco de rodovia (57-67% falharam)
ALTO;606;TON MASTER;Rua FERNANDO DE ALBUQUERQUE CONSOLACAO Sao Paulo SP 01309030 Brazil;sem numero de porta
ALTO;609;BARBEARIA L.C;Estrada DO ALVARENGA 2047 Sao Paulo SP 04467000 Brazil;"endereco de rodovia (57-67% falharam); CEP generico de cidade, nao de rua (2,4x mais falha)"
ALTO;638;STUDIO M;Estrada BENEDITO CESARIO DE OLIVEIRA 1322 TABOAO DA SERRA SP 06767280 Brazil;endereco de rodovia (57-67% falharam)
ALTO;644;INVENT STUDIO DE BELEZA;Rua VOLUNTARIOS DA PATRIA 3634 A SANTANA Sao Paulo SP 02402400 Brazil;sem numero de porta
ALTO;655;VALENTES CABELOS E CIA;Estrada BENEDITO CESARIO DE OLIVEIRA 1200 TABOAO DA SERRA SP 06767281 Brazil;endereco de rodovia (57-67% falharam)
ALTO;659;CABELEIREIRA ALINE;Estrada DE BAIXO 436 Sao Paulo SP 04476640 Brazil;endereco de rodovia (57-67% falharam)
ALTO;676;NILTON CABELEIREIROS;Estrada DO ALVARENGA 1803 Sao Paulo SP 04474340 Brazil;endereco de rodovia (57-67% falharam)
ALTO;696;CÍLIOS KEFRA;Estrada DO ALVARENGA 1999 Sao Paulo SP 04667000 Brazil;"endereco de rodovia (57-67% falharam); CEP generico de cidade, nao de rua (2,4x mais falha)"
ALTO;709;DEPIL FOR MEN DEPILAÇÃO COM CERA E A LASER  CLÍNICA DE ESTÉTICA FACIAL E CORPORAL;Rua SOLIMOES JARDIM AQUARIUS Cuiaba MT 78085255 Brazil;sem numero de porta
ALTO;724;BARBEARIA DIGAO CORTES;Rua BARRA DO CAETE JARDIM TIETE Sao Paulo SP 03943040 Brazil;sem numero de porta
ALTO;735;BEATRIZ OLIVEIRA HAIR E DESIGN;Rua PRESCILIANA DE ALMEIDA JARDIM MACEDONIA Sao Paulo SP 05894410 Brazil;sem numero de porta
ALTO;745;PAULA MARQUES NAIL DESIGNER;Estrada BENEDITO CESARIO DE OLIVEIRA 1399 TABOAO DA SERRA SP 06767280 Brazil;endereco de rodovia (57-67% falharam)
ALTO;771;TERRAL;Rua FRANCISCO IASI PINHEIROS Sao Paulo SP 05439010 Brazil;sem numero de porta
ALTO;820;MILTON BARBEARIA;Rua GEN RENATO VARANDAS DE AZEVEDO JARDIM TRES CORACOES Sao Paulo SP 04855280 Brazil;sem numero de porta
ALTO;849;GAIA NAIL STUDIO;Estrada SAO FRANCISCO 1900 TABOAO DA SERRA SP 06764290 Brazil;endereco de rodovia (57-67% falharam)
ALTO;867;ANA CABELEIREIRAS;VILA LOURDES Sao Paulo SP 08452380 Brazil;sem numero de porta
ALTO;874;ESTÚDIO AINÁ NATACHA;ESTRADA DOM JOAO NERY 4244 Sao Paulo SP 08452340 Brazil;endereco de rodovia (57-67% falharam)
ALTO;880;ESMALTERIA LUCIANA FÁVARO;Rua ANDRE PERNET JARDIM ROSCHEL Sao Paulo SP 04890020 Brazil;sem numero de porta
ALTO;888;BEAUTY HOUSE;Rua DR AUGUSTO DE MIRANDA N475 POMPEIA Sao Paulo SP 05026000 Brazil;"sem numero de porta; CEP generico de cidade, nao de rua (2,4x mais falha)"
ALTO;898;G HAIR STUDIO;Rua BARRA DA ROCHA 55 83 JARDIM FELICIDADE ZONA NORTE 02326 142 Sao Paulo SP 02326142 Brazil;sem numero de porta
ALTO;901;NOVO STILOS;Estrada BENEDITO CESARIO DE OLIVEIRA 787 TABOAO DA SERRA SP 06767280 Brazil;endereco de rodovia (57-67% falharam)
ALTO;908;STÚDIO VANESSA QUEIROZ;VIA DE PEDESTRE ATIVIDADE 21 Sao Paulo SP 02543001 Brazil;endereco de rodovia (57-67% falharam)
ALTO;915;BELEZA POPULAR - LOJA DE COSMÉTICOS ONLINE;Estrada DE ITAPECERICA 1470 Sao Paulo SP 05835002 Brazil;endereco de rodovia (57-67% falharam)
ALTO;954;STUDIO VITÓRIA CAVALCANTE;Rua MONSENHOR LOURENCO GIORDANO JARDIM HELENA Sao Paulo SP 08080330 Brazil;sem numero de porta
ALTO;1007;STUDIO CAROLINE OGATA BEAUTY;Rua BENEDITO AMERICO DE OLIVEIRA 325 331 VILA YARA OSASCO SP 06028080 Brazil;sem numero de porta
ALTO;1019;STUDIO GIO PADOVAN;Rua ELZA FERES VILA SONIA DO TABOAO TABOAO DA SERRA SP 06765450 Brazil;sem numero de porta
ALTO;1021;NAZA CABELEIREIRA;PASSAGEM DOIS DE JUNHO CASTANHEIRA Belem PA 66645105 Brazil;sem numero de porta
ALTO;1046;ESPAÇO JAQUELINE MEIRA;Rua MENDONCA UCHOA 108 A ITABERABA Sao Paulo SP 02758030 Brazil;sem numero de porta
ALTO;1052;OF NAIL ART NAILS STATION;GALERIA COMMERCE R GEN NEVES 1 33 DUQUE DE CAXIAS I Cuiaba MT 78043259 Brazil;sem numero de porta
ALTO;1063;STUDIO THAIS AMARAL;Travessa CAFERANA VILA LOURDES Sao Paulo SP 08452400 Brazil;sem numero de porta
ALTO;1139;CABELEIREIRO EDUARDO MÃOS DE TESOURA;512 R HORTENCIA Cuiaba MT Brazil;sem numero de porta
ALTO;1143;JOCÉLIO CABELEIREIRO;Avenida MINISTRO ALBUQUERQUE LIMA CONJ CEARA I Fortaleza CE 60533605 Brazil;sem numero de porta
ALTO;1147;SOLANGE QUEIROZ MAQUIADORA;ATENDIMENTO A DOMINIO Sao Paulo SP 08285320 Brazil;sem numero de porta
ALTO;1218;ANA CAROLINNE BEAUTY;Avenida MIGUEL YUNES USINA PIRATININGA Sao Paulo SP 04444000 Brazil;"sem numero de porta; CEP generico de cidade, nao de rua (2,4x mais falha)"
ALTO;1233;BARBEARIA BRINDEIRO;RUA BOAVENTURA N808 DIAS MACEDO Fortaleza CE 60860440 Brazil;sem numero de porta
ALTO;1234;STUDIO ROZI SALES DESIGNER E MICROPIGMENTADORA;Travessa JASMIN DA BEIRADA CONJ HAB INSTITUTO ADVENTISTA Sao Paulo SP 05868580 Brazil;sem numero de porta
ALTO;1245;BARBEARIA BARBALHO;Estrada DE ITAPECERICA 1422 Sao Paulo SP 05835002 Brazil;endereco de rodovia (57-67% falharam)
ALTO;1260;GISELE LIMA BEAUTY;Estrada DO ALVARENGA 5577 Sao Paulo SP 04476050 Brazil;endereco de rodovia (57-67% falharam)
ALTO;1266;SOBRANCELHAS FERNANDA FRANCO;Estrada SAO FRANCISCO 1820 TABOAO DA SERRA SP 06764290 Brazil;endereco de rodovia (57-67% falharam)
ALTO;1270;CUSTODINI CABELEIREIROS;Estrada ECOTURISTICA DE PARELHEIROS 6795 Sao Paulo SP 04890320 Brazil;endereco de rodovia (57-67% falharam)
ALTO;1271;PAKITAHAIR;Rua ALBERGATI CAPACELLI 555 533 CHACARA DA ENSEADA Sao Paulo SP Brazil;sem numero de porta
ALTO;1277;DANNY'STAR - HAIR;Avenida PRIMAVERA 705 865 JARDIM SANTA TEREZINHA PARELHEIROS 04896 120 Sao Paulo SP 04896120 Brazil;sem numero de porta
ALTO;1287;ESMALTERIA BAH ARAGÃO;Rua TAMON TREMEMBE Sao Paulo SP 02365170 Brazil;sem numero de porta
ALTO;1298;POWER ESMALTERIA;Rua HEITOR PENTEADO PERDIZES Sao Paulo SP 05438300 Brazil;sem numero de porta
ALTO;1314;KI GRÃO;Rua PROF EURIPEDES SIMOES DE PAULA BRAS Sao Paulo SP 03006015 Brazil;sem numero de porta
ALTO;1316;ESPAÇO SANTAELO NAIL;Rua EVANS VILA ESPERANCA Sao Paulo SP 03648020 Brazil;sem numero de porta
ALTO;1330;EIJI HAIR;Estrada DO CAMPO LIMPO 4135 Sao Paulo SP 05787000 Brazil;"endereco de rodovia (57-67% falharam); CEP generico de cidade, nao de rua (2,4x mais falha)"
ALTO;1351;ESPAÇO GÊ;Estrada DO ALVARENGA 1799 Sao Paulo SP 04467000 Brazil;"endereco de rodovia (57-67% falharam); CEP generico de cidade, nao de rua (2,4x mais falha)"
ALTO;1355;SOBRANCELHAS THAMARA SANTOS;Avenida CIDADE JUDAIDET MARJAYOUN ELDORADO Sao Paulo SP 04476260 Brazil;sem numero de porta
ALTO;1358;SALÃO ALVARENGA;RUA EUCLIDES CASTRO CARVALHO CIDADE ADEMAR Sao Paulo SP 04467090 Brazil;sem numero de porta
ALTO;1423;M.S BEAUTY STYLE;Rua JOAO RUBIO N 30 CASA VERDE ALTA Sao Paulo SP 02564020 Brazil;sem numero de porta
ALTO;1425;GURIZADA SALÃO KIDS;Estrada SAO FRANCISCO 1287 TABOAO DA SERRA SP 06765000 Brazil;"endereco de rodovia (57-67% falharam); CEP generico de cidade, nao de rua (2,4x mais falha)"
ALTO;1427;ATELIÊ KETY LAZARO;Estrada AGUA SANTA 84 Sao Paulo SP 04476490 Brazil;endereco de rodovia (57-67% falharam)
ALTO;1434;RAQUEL CABELEIREIRA;Rua SEBASTIAO MARCHESONI JARDIM DAS ROSAS ZONA LESTE I Sao Paulo SP 03909070 Brazil;sem numero de porta
ALTO;1444;BAYER;Rua ALEXANDRE DE GUSMAO VILA SOCORRO Sao Paulo SP 04760020 Brazil;sem numero de porta
ALTO;1450;STUDIO JH CABELEIREIROS;RUA LUIS GOIS 207 01 MIRANDOPOLIS Sao Paulo SP 04043250 Brazil;sem numero de porta
ALTO;1451;STUDIO SILVIA FERNANDES;Estrada BENEDITO CESARIO DE OLIVEIRA VILA IASI TABOAO DA SERRA SP 06767280 Brazil;"endereco de rodovia (57-67% falharam); sem numero de porta"
ALTO;1455;STUDIO VIVIAN ALVES BEAUTY;RUA JOSEFA MARIA DE LIMA JARDIM TIETE Sao Paulo SP 03944090 Brazil;sem numero de porta
ALTO;1468;KAORI COSMÉTICOS;Rua PADRE JOAO DA CUNHA 504 510 JARDIM JOAO XXIII Sao Paulo SP 05569050 Brazil;sem numero de porta
ALTO;1472;CABELEIREIRO O IRMÃO;Estrada DO JATOBA 3525 Fortaleza CE 60540618 Brazil;endereco de rodovia (57-67% falharam)
ALTO;1491;AGÊNCIA 1TO1 - PUBLICIDADE E MARKETING DIGITAL - BELÉM;Conjunto ALACID NUNES SAO BRAS Belem PA 66073260 Brazil;sem numero de porta
ALTO;1504;SALAO FORMAS E FIO;Rua KARLA CRISTINA PELEGRINA DE SOUZA PARQUE PINHEIROS TABOAO DA SERRA SP 06775004 Brazil;sem numero de porta
ALTO;1514;STUDIO MARI NASTRI BELEZA E ESTÉTICA;Rua DR MIRANDA DE AZEVEDO VILA ANGLO BRASILEIRA Sao Paulo SP Brazil;sem numero de porta
ALTO;1526;VERA PERFIL;Rua ARQUITETO SERAFIM TRAPE 79 95 VILA NOVA MAZZEI Sao Paulo SP 02306020 Brazil;sem numero de porta
ALTO;1531;BIANCA BARBOSA;Travessa BANDEIRA BRANCA JARDIM DA CONQUISTA Sao Paulo SP 08344110 Brazil;sem numero de porta
ALTO;1532;ESTÉTICA STYLE;Rua ECA DE QUEIROS N 219 CAMPANARIO DIADEMA SP 09931030 Brazil;sem numero de porta
ALTO;1533;LAILA TAVARES MAKEUP;Rua NOSSA SRA DO BOM CONSELHO CAMPO LIMPO Sao Paulo SP 05763420 Brazil;sem numero de porta
ALTO;1565;KARLA CABELEIREIRA;Avenida CIDADE DE MAUA JARDIM ZAIRA Sao Paulo SP 09321590 Brazil;sem numero de porta
ALTO;1567;FANTASY E BEAUTY;LOJA ONLINE PONTE RASA Sao Paulo SP 04025010 Brazil;sem numero de porta
ALTO;1578;CABELEIREIRO RETRÔMAN;Estrada COXIPO DO OURO PARA O RES COXIPO Cuiaba MT 78090862 Brazil;"endereco de rodovia (57-67% falharam); sem numero de porta"
ALTO;1615;SEMHORA UNHA MAIS SHOPPING - MANICURE;Rua AMADOR BUENO SANTO AMARO Sao Paulo SP 04752005 Brazil;sem numero de porta
ALTO;1627;DENNY S NAILS;Rua LUCAS PINTO CARLITO PAMPLONA Fortaleza CE 60312280 Brazil;sem numero de porta
ALTO;1638;WAL CABELEIREIRA & ESTÉTICA;Rua JERONIMO PEDROSO BARROS JARDIM LOURDES ITAIM Sao Paulo SP 08452420 Brazil;sem numero de porta
ALTO;1642;VITTA BELLE SPACO INTEGRADO;Rua BERNARDO BIANCARDINI JD PRIMAVERA CIDADE ALTA Cuiaba MT 78030055 Brazil;sem numero de porta
ALTO;1652;NEIDE UNHAS;Rua NOVA DO NILO JARDIM MODELO Sao Paulo SP 02237057 Brazil;sem numero de porta
ALTO;1664;JACI SOUZA CABELEIREIRA;JARDIM NOVO JAU Sao Paulo SP 04852110 Brazil;sem numero de porta
ALTO;1746;BEAUTY NYBC;Rua CAMPOS VERGUEIRO VILA ANASTACIO Sao Paulo SP 05095020 Brazil;sem numero de porta
ALTO;1771;ÉRIKA CRIS BEAUTY HAIR SUN BRONZE;Estrada DE ITAPECERICA 1978 Sao Paulo SP 05835004 Brazil;endereco de rodovia (57-67% falharam)
ALTO;1779;MONIQUE MEGA HAIR;Estrada BENEDITO CESARIO DE OLIVEIRA 1329 TABOAO DA SERRA SP 06767281 Brazil;endereco de rodovia (57-67% falharam)
ALTO;1787;CABELEIREIRO BELO ESTILO;Rua ANTOLIN GARCIA N 48 JARDIM CASTRO ALVES Sao Paulo SP 04842490 Brazil;sem numero de porta
ALTO;1808;ESPAÇO NAIARA CUNHA;RUA CACHOEIRA DO ARARI VILA LEONOR Sao Paulo SP 02078001 Brazil;sem numero de porta
ALTO;1817;TATI REIS DESIGN DE SOBRANCELHAS;Estrada JOAO RODRIGUES DE MORAES 5642 ITAPECERICA DA SERRA SP 06863240 Brazil;endereco de rodovia (57-67% falharam)
ALTO;1820;BARBEARIA DON PEPA;Estrada DO CAMPO LIMPO 4855 Sao Paulo SP 05787000 Brazil;"endereco de rodovia (57-67% falharam); CEP generico de cidade, nao de rua (2,4x mais falha)"
ALTO;1866;STUDIO K CABELEIREIROS;Rua PEDRO ANTONIO DE AZEVEDO JARDIM ONDINA Sao Paulo SP 02871170 Brazil;sem numero de porta
ALTO;1878;SCISSORS WHOLESALER IN SAO PAULO;VILA MARIANA Sao Paulo SP Brazil;sem numero de porta
ALTO;1903;SÊMIA&CRIS (SUPLEMENTO NAÄRA HIDROLISADO, ZEN, VIDACEL);Estrada KIZAEMON TAKEUTI 1100 TABOAO DA SERRA SP 06775001 Brazil;endereco de rodovia (57-67% falharam)
ALTO;1911;SALÃO DA GRAÇA;Estrada BENEDITO CESARIO DE OLIVEIRA 1185 TABOAO DA SERRA SP 06767281 Brazil;endereco de rodovia (57-67% falharam)
ALTO;1931;NAIL DESIGNER - ANA FERNANDES;RUA DELMIRA AGUSTINI VILA FACHINI Sao Paulo SP 04327050 Brazil;sem numero de porta
ALTO;1946;STUDIO MARY CARDOSO;Rua JOSE SOARES DE MACEDO 25 11 VILA CONCEICAO Sao Paulo SP 08151010 Brazil;sem numero de porta
ALTO;1947;MARCOS CABELEIREIRA;RUA OSCAR ROMERO PLANALTO AYRTON SENNA Fortaleza CE 60873834 Brazil;sem numero de porta
ALTO;1952;STUDIO RODRIGO CABELEIREIRO;Rua ANDRADINA JARDIM RECORD TABOAO DA SERRA SP 06784100 Brazil;sem numero de porta
ALTO;1961;GOTHAM BARBEARIA;Avenida PRINCIPAL CONJ MAGUARI 256 320 COQUEIRO Belem PA 66823072 Brazil;sem numero de porta
ALTO;1988;DANY ESTÉTICA E MICROPIGMENTAÇÃO - MOEMA - PLANALTO PAULISTA;Avenida MOACI PLANALTO PAULISTA Sao Paulo SP 04083004 Brazil;sem numero de porta
ALTO;2005;ROSE FASHION HAIR;Rua MANUEL DA SILVEIRA JARDIM VILA CARRAO Sao Paulo SP 08340270 Brazil;sem numero de porta
ALTO;2017;ASTRO CABELEIREIRO.;ALAMEDA 06 872 962 CPA III Cuiaba MT 78058543 Brazil;sem numero de porta
ALTO;2021;STUDIO SELENE COSTA;Estrada SAO FRANCISCO 2008 TABOAO DA SERRA SP 06765001 Brazil;endereco de rodovia (57-67% falharam)
ALTO;2042;SALÃO ALEX CABELEIREIRO;Rua MAL HERMES DA FONSECA SANTANA Sao Paulo SP 02020001 Brazil;sem numero de porta
ALTO;2066;RAINHA DO ALONGAMENTO;CONJUNTO JARDIM SEVILHA Belem PA 66635210 Brazil;sem numero de porta
ALTO;2071;STUDIO TALLITA CRISTINA;RUA LUIZ ANTONIO DE OLIVEIRA ALVES VILA NOVA MAZZEI Sao Paulo SP 02314050 Brazil;sem numero de porta
ALTO;2093;THAIS RIBEIRO;Rua JORGE DE MENDONCA LAJEADO Sao Paulo SP 08430490 Brazil;sem numero de porta
ALTO;2095;GE HAIR PROFESSIONAL;Estrada DA CUMBICA 2400 Sao Paulo SP 04947000 Brazil;"endereco de rodovia (57-67% falharam); CEP generico de cidade, nao de rua (2,4x mais falha)"
ALTO;2099;ELIAS BARBEARIA E CABELEIREIRO;Rua 29 TRES BARRAS Cuiaba MT 78090838 Brazil;sem numero de porta
ALTO;2107;TW CABELEIREIRO E ESTÉTICA;Estrada DE MOGI DAS CRUZES 1095 Sao Paulo SP 03890000 Brazil;"endereco de rodovia (57-67% falharam); CEP generico de cidade, nao de rua (2,4x mais falha)"
ALTO;2143;BARBEARIA LA BARBEIRO;Avenida GOV MAGALHAES BARATA SAO BRAS Belem PA 66040170 Brazil;sem numero de porta
ALTO;2147;LU PIRES MANICURE E PEDICURE;JARDIM CATARINA Sao Paulo SP 03910020 Brazil;sem numero de porta
ALTO;2148;PATRICIA ALMEIDA ESTÉTICA;RUA MARIA BAUMANN MENDONCA ITAQUERA Sao Paulo SP 08210500 Brazil;sem numero de porta
ALTO;2152;NATAL CABELEIREIROS;Estrada DE ITAPECERICA 4830 Sao Paulo SP 05858000 Brazil;"endereco de rodovia (57-67% falharam); CEP generico de cidade, nao de rua (2,4x mais falha)"
ALTO;2161;LETÍCIA VILAS BOAS ESPAÇO BELEZA;Rua TRES ESTR ECOTURISTICA DE PARELHEIROS RECANTO CAMPO BELO Sao Paulo SP 04880620 Brazil;sem numero de porta
ALTO;2177;RENATA MENDONÇA PENTEADOS;Avenida LUIZ GUSHIKEN JARDIM VERGUEIRO Sao Paulo SP 05818360 Brazil;sem numero de porta
ALTO;2179;STUDIOM SALÃO E BARBEARIA;Estrada DO BENJAMIN 302 Belem PA 66625410 Brazil;endereco de rodovia (57-67% falharam)
ALTO;2186;STUDIO LAURA BRASILIS;Estrada SAO FRANCISCO 1182 TABOAO DA SERRA SP 06765000 Brazil;"endereco de rodovia (57-67% falharam); CEP generico de cidade, nao de rua (2,4x mais falha)"
ALTO;2220;ROUTE 06 BARBEARIA;AVENIDA 30 JARDIM INDUSTRIARIO II Cuiaba MT 78098740 Brazil;sem numero de porta
ALTO;2255;XANDY CABELEIREIRO;Rua DR NUNO GUERNER DE ALMEIDA PARQUE COCAIA Sao Paulo SP 04850230 Brazil;sem numero de porta
ALTO;2297;MANICURE E PEDICURE DANIELLA SOUZA NAILS;Rua ACALANTO DE BARTIRA VILA NOVA ALBA Sao Paulo SP 05358160 Brazil;sem numero de porta
ALTO;2298;STUDIO NELMA HAIR;Estrada DO ALVARENGA 2910 Sao Paulo SP 04474340 Brazil;endereco de rodovia (57-67% falharam)
ALTO;2313;SALON GABRIELA QUEIROZ;RUA COSTA AGUIAR IPIRANGA Sao Paulo SP 04204000 Brazil;"sem numero de porta; CEP generico de cidade, nao de rua (2,4x mais falha)"
ALTO;2319;SALÃO DE BELEZA SCHWARZ HAIR;Rua TRES MIL E TREZENTOS JARDIM IMPERIAL Cuiaba MT 78075750 Brazil;sem numero de porta
ALTO;2330;ISABEL - MANICURE;RUA PEDRO DE MELO SOUSA VILA ARCADIA Sao Paulo SP 02911100 Brazil;sem numero de porta
ALTO;2334;ESPAÇO INDAIÁ EDIENES;RUA PAINEIRAS CONCEICAO DIADEMA SP 09990110 Brazil;sem numero de porta
ALTO;2335;MICROPIGMENTAÇÃO REI DAS AGULHAS;Estrada DO ALVARENGA 1034 Sao Paulo SP 04462000 Brazil;"endereco de rodovia (57-67% falharam); CEP generico de cidade, nao de rua (2,4x mais falha)"
ALTO;2357;ROBERTA HAIR;Avenida DE PINEDO SOCORRO Sao Paulo SP 04764000 Brazil;"sem numero de porta; CEP generico de cidade, nao de rua (2,4x mais falha)"
ALTO;2365;QUEIROZ BARBEARIA;Rua PRINCIPAL VILA BELA Sao Paulo SP 08340500 Brazil;sem numero de porta
ALTO;2371;NAYRA SANTANA BEAUTY ACADEMY;Rua CINCO JARDIM IMPERIAL Cuiaba MT 78075290 Brazil;sem numero de porta
ALTO;2384;KLAUDIA MELO;Rua BARAO DE TATUI 482 B VILA BUARQUE Sao Paulo SP 01226030 Brazil;sem numero de porta
ALTO;2390;PRIME BEAUTY HAIR & CO;Rua BOA ESPERANCA TERREO CHACARA SANTO ANTONIO ZONA LESTE Sao Paulo SP 03320003 Brazil;sem numero de porta
ALTO;2419;THAIS UNHAS;Rua BOCAINA DE MINAS JARDIM COPACABANA Sao Paulo SP 04941175 Brazil;sem numero de porta
ALTO;2436;BIG JOY CABELEIREIROS;Estrada KIZAEMON TAKEUTI 665 TABOAO DA SERRA SP 06775000 Brazil;"endereco de rodovia (57-67% falharam); CEP generico de cidade, nao de rua (2,4x mais falha)"
ALTO;2457;STUDIO MAMA MIA LOJA 1;Estrada KIZAEMON TAKEUTI 860 TABOAO DA SERRA SP 06775000 Brazil;"endereco de rodovia (57-67% falharam); CEP generico de cidade, nao de rua (2,4x mais falha)"
ALTO;2480;STUDIO GHANA BRAIDS;Rua SAO GONCALO DO ABAETE PARQUE TIETE Sao Paulo SP 02870000 Brazil;"sem numero de porta; CEP generico de cidade, nao de rua (2,4x mais falha)"
ALTO;2487;ESPAÇO ELLEGANCE;Estrada BENEDITO CESARIO DE OLIVEIRA 1335 TABOAO DA SERRA SP 06767280 Brazil;endereco de rodovia (57-67% falharam)
ALTO;2495;STUDIO TAY SANTOS;Rua LEANDRO DE CARVALHO VILA MONUMENTO Sao Paulo SP 01551010 Brazil;sem numero de porta
ALTO;2525;FÁTIMA CAVALCANTE INSTITUTO DE BELEZA;LOEFGREEN 1496 VILA CLEMENTINO Sao Paulo SP 04040002 Brazil;sem numero de porta
ALTO;2529;LUCAS CABELEIREIRO;Rua CAFEZINHO MORADA DA SERRA Cuiaba MT Brazil;sem numero de porta
ALTO;2566;ROSE CABELEIREIRA;Avenida TUIUIU CPA IV Cuiaba MT 78058134 Brazil;sem numero de porta
ALTO;2570;ARRAZUS BEAUTY STUDIO;Estrada KIZAEMON TAKEUTI 860 TABOAO DA SERRA SP 06775000 Brazil;"endereco de rodovia (57-67% falharam); CEP generico de cidade, nao de rua (2,4x mais falha)"
ALTO;2608;DINHA CABELEIREIRA;Rua SAO MIGUEL JARDIM LOURDES Sao Paulo SP 08452498 Brazil;sem numero de porta
ALTO;2609;NICKEE NAILS;PROFESSOR CARDOZO MELLO NETO PEDREIRA Sao Paulo SP 04474180 Brazil;sem numero de porta
ALTO;2610;ESTÉTICA FACIAL, CORPORAL;Rua ANTONIO SIQUEIRA DE MENDONCA JARDIM CATANDUVA Sao Paulo SP 05767320 Brazil;sem numero de porta
ALTO;2615;UNHAS E SOBRANCELHAS;Rua TUIUTI TATUAPE Sao Paulo SP 03307005 Brazil;sem numero de porta
ALTO;2641;STUDIO DOS SONHOS;Rua AMANDIO DO NASCIMENTO PARQUE MARABA TABOAO DA SERRA SP 06766220 Brazil;sem numero de porta
ALTO;2652;BARBEARIA W7;Avenida JOAO PAULO II CURIO UTINGA Belem PA 66095470 Brazil;sem numero de porta
ALTO;2670;ESTÉTICA AVANÇADA - PATRICIA BUSSADORI;Estrada SAO FRANCISCO 2008 TABOAO DA SERRA SP 06765001 Brazil;endereco de rodovia (57-67% falharam)
ALTO;2690;DIAS DE BELEZA;PARQUE PAULISTANO Sao Paulo SP 08081320 Brazil;sem numero de porta
ALTO;2698;STUDIO ANDRESSA BARBOSA;RUA JOAO CAPELLATTO CHACARA CRUZEIRO DO SUL Sao Paulo SP 03732030 Brazil;sem numero de porta
ALTO;2705;DESATIVADA;Estrada DO ALVARENGA 1264 Sao Paulo SP 04462000 Brazil;"endereco de rodovia (57-67% falharam); CEP generico de cidade, nao de rua (2,4x mais falha)"
ALTO;2725;LIVINHA MANICURE;RUA NATAL DE QUEIROZ VILA ZILDA Sao Paulo SP 02366150 Brazil;sem numero de porta
ALTO;2728;NOELY ESPAÇO HAIR;Rua ALBERTO LUZ Sao Paulo SP 04767060 Brazil;sem numero de porta
ALTO;2738;IRON CABELEREIEROS UNISEX;Avenida CARLOS ADOR DE SOUZA OSMAR CABRAL Cuiaba MT 78093715 Brazil;sem numero de porta
ALTO;2752;STUDIO PAULA AGUIAR;Estrada AGUA SANTA 1003 Sao Paulo SP 04476490 Brazil;endereco de rodovia (57-67% falharam)
ALTO;2761;ODARA BY STUDIO SOUL PRETTAS;Estrada DAS TAIPAS 135 Sao Paulo SP 02993000 Brazil;"endereco de rodovia (57-67% falharam); CEP generico de cidade, nao de rua (2,4x mais falha)"
ALTO;2780;DAYSE MANICURE - EMBELEZADORA - UNHAS - PEDICURE - UNHA DE PRINCESA - DOMICÍLIO - FORTALEZA/CE;Rua PRUDENTE ANTONIO BEZERRA Fortaleza CE 60352330 Brazil;sem numero de porta
ALTO;2816;LIA'S HAIR CABELEIREIROS;Rua RODOLFO PEREIRA LIMA VILA TERESINHA Sao Paulo SP 02854000 Brazil;"sem numero de porta; CEP generico de cidade, nao de rua (2,4x mais falha)"
ALTO;2830;FLEXÍBLE HAIR EXTENSION;Estrada SAO FRANCISCO 2008 TABOAO DA SERRA SP 06765904 Brazil;endereco de rodovia (57-67% falharam)
ALTO;2837;NÃO+PELO BATISTA CAMPOS;Rua GAMA ABREU BATISTA CAMPOS Belem PA 66025230 Brazil;sem numero de porta
ALTO;2851;ROSE CABELEIREIRA UNISSEX;Estrada DA COLONIA MARINHO REMBERG CHRISTLE 644 Sao Paulo SP 04892000 Brazil;"endereco de rodovia (57-67% falharam); CEP generico de cidade, nao de rua (2,4x mais falha)"
ALTO;2860;SUSY ESTÉTICA E CABELEIREIRO;Rua PROF JACINTO BOTELHO GUARARAPES Fortaleza CE 60810050 Brazil;sem numero de porta
ALTO;2861;ESTÉTICA & COMPANY;Estrada DE ITAPECERICA 7201 Sao Paulo SP 05858003 Brazil;endereco de rodovia (57-67% falharam)
ALTO;2874;LOJA NATURA;Estrada DO CAMPO LIMPO 459 Sao Paulo SP 05777001 Brazil;endereco de rodovia (57-67% falharam)
ALTO;2879;RESILIÊNCIA HAIR;Rua BENEDITO HENRIQUE PEDREIRA PARQUE MARABA TABOAO DA SERRA SP 06766040 Brazil;sem numero de porta
ALTO;2888;ANNA LUISA HAIRSTYLIST;Rua GRUMARIM POMPEIA Sao Paulo SP 05027080 Brazil;sem numero de porta
ALTO;2893;CHANEL PARFUMS & BEAUTÉ - PÁTIO HIGIENÓPOLIS;698 AVENIDA HIGIENOPOLIS SHOPPING PATIO HIGIENOPOLIS PISO PACAEMBU HIGIENOPOLIS Sao Paulo SP 01238000 Brazil;"sem numero de porta; CEP generico de cidade, nao de rua (2,4x mais falha)"
ALTO;2905;ESPAÇO DA MULHER;Avenida LINS DE VASCONCELOS CAMBUCI Sao Paulo SP 01515000 Brazil;"sem numero de porta; CEP generico de cidade, nao de rua (2,4x mais falha)"
ALTO;2915;STUDIO DARK'S;Estrada SAO FRANCISCO 1820 TABOAO DA SERRA SP 06765000 Brazil;"endereco de rodovia (57-67% falharam); CEP generico de cidade, nao de rua (2,4x mais falha)"
ALTO;2941;BARBEARIA MATIAS - PADRE ANDRADE;VIA FERREA FORTALEZA SOBRAL PADRE ANDRADE Fortaleza CE Brazil;"endereco de rodovia (57-67% falharam); sem numero de porta"
ALTO;2953;BELEZA RARA - SALÃO DE BELEZA;Estrada DAS TAIPAS 528 Sao Paulo SP 02991000 Brazil;"endereco de rodovia (57-67% falharam); CEP generico de cidade, nao de rua (2,4x mais falha)"
ALTO;2988;GLAMBAR STUDIO;Estrada SAO FRANCISCO 1608 TABOAO DA SERRA SP 06764290 Brazil;endereco de rodovia (57-67% falharam)
ALTO;3037;ESPAÇO SHOW DA BELEZA;Rua JASMIM DA ITALIA JARDIM LOURDES Sao Paulo SP 08452380 Brazil;sem numero de porta
ALTO;3054;MORAES BARBEARIA SHAVING;Rodovia BL 13 Belem PA 66920030 Brazil;endereco de rodovia (57-67% falharam)
ALTO;3091;FOR GIRLS;Avenida MARIA LUIZA AMERICANO CIDADE LIDER Sao Paulo SP 08280190 Brazil;sem numero de porta
ALTO;3130;SALÃO NIL'CE CABELEIREIRA;Rua 66 PREF JOSE WALTER Fortaleza CE 60750130 Brazil;sem numero de porta
ALTO;3132;J&C AFRO CABELOS E PERUCAS;Rua EMB CAMARGO NEVES CANGAIBA Sao Paulo SP 03720060 Brazil;sem numero de porta
ALTO;3134;SALÃO HUMANOS;Rua ITAMARATI ALTOS DA SERRA I Cuiaba MT 78058340 Brazil;sem numero de porta
ALTO;3137;SALÃO DE CABELEIREIRO MORIÁ;RUA JOSEPHINA GIANINNI ELIAS DONA BIMBA ELDORADO Sao Paulo SP 04476000 Brazil;"sem numero de porta; CEP generico de cidade, nao de rua (2,4x mais falha)"
ALTO;3159;JUH_NAILS;RUA FRANCISCO FERNANDES MOTTA FILHO PARQUE AMERICA Sao Paulo SP 04841090 Brazil;sem numero de porta
ALTO;3201;NAIL ESTETICA AND PODOLOGIA- NEP;ALAMEDA COSTA E SILVA 10 CARANANDUBA MOSQUEIRO BELEM PA 66923 24 CARANANDUBA MOSQUEIRO Belem PA 66923240 Brazil;sem numero de porta
ALTO;3202;SALAO DE BELEZA DAMARIS HAIR;Estrada DO GUAVIRUTUBA 280 Sao Paulo SP 04937000 Brazil;"endereco de rodovia (57-67% falharam); CEP generico de cidade, nao de rua (2,4x mais falha)"
ALTO;3251;NICE CABELEIREIRA;Estrada DO ALVARENGA BALNEARIO MAR PAULISTA Sao Paulo SP 04474340 Brazil;"endereco de rodovia (57-67% falharam); sem numero de porta"
ALTO;3259;LOJA NATURA - LALU COSMÉTICOS;Rodovia AUGUSTO MONTENEGRO SALA EUC 15 Belem PA 66635110 Brazil;endereco de rodovia (57-67% falharam)
ALTO;3271;CRIS MANICURE E PEDICURE;Rua ACAIACA CIDADE LIDER Sao Paulo SP 08285020 Brazil;sem numero de porta
ALTO;3298;MARÍLIA CARVALHO STUDIO;RUA PAULO LEMORE RUA NOVA TUPARUQUERA JARDIM SAO LUIZ Sao Paulo SP 05844190 Brazil;sem numero de porta
ALTO;3299;STUDIO R ESPAÇO DE BELEZA;Estrada DE ITAPECERICA 2745 Sao Paulo SP 05835005 Brazil;endereco de rodovia (57-67% falharam)
ALTO;3323;APÊ SALON;Avenida BRIGADEIRO LUIS ANTONIO JARDIM PAULISTA Sao Paulo SP 01402000 Brazil;"sem numero de porta; CEP generico de cidade, nao de rua (2,4x mais falha)"
ALTO;3332;ESMALTERIA DANY BARBOSA MANICURE   PEDICURE;Rodovia JADER BARBALHO 2 Belem PA 66843650 Brazil;endereco de rodovia (57-67% falharam)
ALTO;3335;MIIH PORTO - MANICURE/PEDICURE E NAIL DESIGNER;Rua JOAO DOMINGOS VEIGA CONJ RES PRESTES MAIA Sao Paulo SP 08490350 Brazil;sem numero de porta
ALTO;3374;SALÃO DE CABELEREIRO DO DARIO;31 R PAPA JOAO PAULO I Sao Paulo SP Brazil;sem numero de porta
ALTO;3377;ESTETICA PERSONALIZADA & AVANÇADA;Estrada SAO FRANCISCO 2008 TABOAO DA SERRA SP 06764290 Brazil;endereco de rodovia (57-67% falharam)
ALTO;3383;CONSULTORA MULTIMARCAS: NATURA   BOTICÁRIO  EUDORA  JEQUITI E AVON;Rua SEIS RES COXIPO Cuiaba MT 78090330 Brazil;sem numero de porta
ALTO;3405;LEILA ROSA CESTARI;LARGO DO SOCORRO SANTO AMARO Sao Paulo SP 04760000 Brazil;"sem numero de porta; CEP generico de cidade, nao de rua (2,4x mais falha)"
ALTO;3407;BARBEARIA CABELEIREIRA;Estrada DO GUAVIRUTUBA 709 Sao Paulo SP 04937000 Brazil;"endereco de rodovia (57-67% falharam); CEP generico de cidade, nao de rua (2,4x mais falha)"
ALTO;3424;THINNA CABELEIREIRA;Rua CAMPO LIMPO 102 150 TANCREDO NEVES Cuiaba MT 78053590 Brazil;sem numero de porta
ALTO;3443;PAMELA CARDOSO;Rua FAENZA JARDIM FRATERNIDADE Sao Paulo SP 05870130 Brazil;sem numero de porta
ALTO;3454;FERNANDO CABELEIREIRO;Estrada DO CAMPO LIMPO 6315 Sao Paulo SP 05787000 Brazil;"endereco de rodovia (57-67% falharam); CEP generico de cidade, nao de rua (2,4x mais falha)"
ALTO;3477;CIDA DEPILAÇÃO FEMININA;Rua SEVERIANO CARDOSO JARDIM MACEDONIA Sao Paulo SP 05894430 Brazil;sem numero de porta
ALTO;3566;TODA BONITA OFICIAL;Rua AUGUSTA CERQUEIRA CESAR 01413 100 Sao Paulo SP 01413100 Brazil;sem numero de porta
ALTO;3578;ATELIÊ SUZANA YURIKO;Estrada DO ALVARENGA 1653 Sao Paulo SP 04474340 Brazil;endereco de rodovia (57-67% falharam)
ALTO;3588;LU CABELELEIRO;Rua RITA MATHILDE COSTA 289 241 JARDIM ITAPURA Sao Paulo SP 04466050 Brazil;sem numero de porta
ALTO;3589;DORINHA CABELEIREIRA;Rua BARBA ALARDO SERRINHA Fortaleza CE 60741040 Brazil;sem numero de porta
ALTO;3600;DEMA CABELEIREIRO;Rua 23 DE JUNHO 1467 1515 GRANJA PORTUGAL Fortaleza CE 60541015 Brazil;sem numero de porta
ALTO;3614;ESPAÇO JULIANA FRANÇA;Estrada SAO FRANCISCO 2008 TABOAO DA SERRA SP 06765904 Brazil;endereco de rodovia (57-67% falharam)
ALTO;3640;STUDIO MENOS PELLO;Rua CHICO BELO CPA I Cuiaba MT 78055055 Brazil;sem numero de porta
ALTO;3649;STUDIO GI BORGES;Rua HENRIQUE DE MEISEN VILA SANTA LUCIA Sao Paulo SP 04940000 Brazil;"sem numero de porta; CEP generico de cidade, nao de rua (2,4x mais falha)"
ALTO;3650;ESPAÇO ZAYA;Avenida DAS PALMEIRAS VARGEM GRANDE ZONA SUL Sao Paulo SP 04895340 Brazil;sem numero de porta
ALTO;3671;GILDO CABELEIREIRO;Rua PARAGUACU 1129 A SERRINHA Fortaleza CE 60742750 Brazil;sem numero de porta
ALTO;3692;STUDIO MULHER MARAVILHA;Estrada SAO FRANCISCO 1820 TABOAO DA SERRA SP 06765000 Brazil;"endereco de rodovia (57-67% falharam); CEP generico de cidade, nao de rua (2,4x mais falha)"
ALTO;3705;MALLET CABELEIREIROS;RESIDENCIAL SAO CARLOS Cuiaba MT 78051020 Brazil;sem numero de porta
ALTO;3710;DS BLACK CABELEIREIROS;RUA ETTORE ANDREAZZA JARDIM TIETE Sao Paulo SP 03944000 Brazil;"sem numero de porta; CEP generico de cidade, nao de rua (2,4x mais falha)"
ALTO;3724;IRMÃO CABELEIREIRO;ANCURI Fortaleza CE 60874060 Brazil;"sem numero de porta; logradouro sem nome"
ALTO;3728;ESPAÇO CRISTAL - BELEZA E BEM ESTAR.;SP 008 1583 VILA NOVA MAZZEI Sao Paulo SP 02306002 Brazil;sem numero de porta
ALTO;3742;SALAO NOVO ESTILO;Avenida TANCREDO NEVES 1 179 NOVO MATO GROSSO Cuiaba MT 78058731 Brazil;sem numero de porta
ALTO;3745;JUSTACAUSA SALÃO DE BELEZA E MODA;Rua CARLOS SAMPAIO 148 D BELA VISTA Sao Paulo SP 01333020 Brazil;sem numero de porta
ALTO;3759;NATURA;Rodovia REGIS BITTENCOURT 2643 TABOAO DA SERRA SP 06768200 Brazil;endereco de rodovia (57-67% falharam)
ALTO;3779;LE LUXE INSTITUTO DE BELEZA;RUA CAYOWAA PERDIZES Sao Paulo SP 05018001 Brazil;sem numero de porta
ALTO;3786;CÉLIA CABELEIREIRA;Estrada TEN JOSE MARIA DA CUNHA 320 TABOAO DA SERRA SP 06783230 Brazil;endereco de rodovia (57-67% falharam)
ALTO;3787;ES CABELELEIRO;Rua JOSE BOTELHO CARVALHO DE JARDIM MACEDONIA Sao Paulo SP 05894340 Brazil;sem numero de porta
ALTO;3796;GATA PINTADA;Travessa PADRE EUTIQUIO 1078 SUBSOLO SALA SS18 BATISTA CAMPOS Belem PA 66023710 Brazil;sem numero de porta
ALTO;3812;DEPYL ACTION SHOPPING CASTANHEIRA;BR 316 SUBSOLO SHOPPING CASTANHEIRA Belem PA 66645000 Brazil;"sem numero de porta; CEP generico de cidade, nao de rua (2,4x mais falha)"
ALTO;3829;BARBEARIA BRASIL;RUA OITO DE MAIO N18 Belem PA 66813110 Brazil;sem numero de porta
ALTO;3835;VITORIAN HAIR;RUA GUERINO GIOVANI LEARDINI VILA BARRETO Sao Paulo SP 02937040 Brazil;sem numero de porta
ALTO;3874;MANICURE E PEDICURE;Rua GASPAR JOSE RAPOSO JARDIM MARIA RITA Sao Paulo SP 04814100 Brazil;sem numero de porta
ALTO;3885;ALPHA BEAUTY;Avenida DA GERALDO CAMPOS FREIRE ELDORADO Sao Paulo SP 04476540 Brazil;sem numero de porta
ALTO;3896;UILMA SALÃO UNISSEX;Rua RUST ELDORADO Sao Paulo SP 04476120 Brazil;sem numero de porta
ALTO;3932;SALÃO ESPAÇO LIRA;Estrada DE ITAPECERICA 11500 Sao Paulo SP 06856000 Brazil;"endereco de rodovia (57-67% falharam); CEP generico de cidade, nao de rua (2,4x mais falha)"
ALTO;3963;SALÃO PAIXÃO DAS UNHAS;Belem PA 66645300 Brazil;"sem numero de porta; logradouro sem nome"
ALTO;3972;STEPHANIE ALVES MAKE HAIR;Avenida NOVA CANTAREIRA TREMEMBE Sao Paulo SP 02341002 Brazil;sem numero de porta
ALTO;3985;MAYBELLINE NY SHOPPING TABOÃO;RODOVIA REGIS BITTENCOURT 2643 TABOAO DA SERRA SP 06768200 Brazil;endereco de rodovia (57-67% falharam)
ALTO;3991;DISTRITO ANHEMBI;Rua PROF MILTON RODRIGUES SANTANA Sao Paulo SP 02012021 Brazil;sem numero de porta
ALTO;4013;DOLORES E LUIZ CABELEIREIROS;AVENIDA TUIUIU RUA MARTIM PESCADOR CPA IV Cuiaba MT 78058078 Brazil;sem numero de porta
ALTO;4034;NILDA CABELEIREIRA;Estrada BENEDITO CESARIO DE OLIVEIRA 1469 TABOAO DA SERRA SP 06767281 Brazil;endereco de rodovia (57-67% falharam)
ALTO;4040;SEI ART HAIR;ESTRADA DO M BOI MIRIM 4606 Sao Paulo SP 04948030 Brazil;endereco de rodovia (57-67% falharam)
ALTO;4043;VAL CABELEREIROS;Avenida PARAGUASSU PAULISTA SANTA TEREZA Sao Paulo SP 03564000 Brazil;"sem numero de porta; CEP generico de cidade, nao de rua (2,4x mais falha)"
ALTO;4048;DEPIL DANNY MOTA;Travessa NOVE DE JANEIRO R DOS CARIPUNAS CREMACAO Belem PA 66060585 Brazil;sem numero de porta
ALTO;4055;OIIIIII;Estrada DA CACHOEIRA 517 Sao Paulo SP 02365000 Brazil;"endereco de rodovia (57-67% falharam); CEP generico de cidade, nao de rua (2,4x mais falha)"
ALTO;4076;DAY OF HAIR;Rua RITA MATHILDE COSTA JARDIM ITAPURA Sao Paulo SP 04466050 Brazil;sem numero de porta
ALTO;4110;BRASIL 3D MAQUIAGEM DISTRIBUIDORA;GALERIA PAJE RUA COMENDADOR AFONSO KHERLAKIAN 118 120 PONTO DE REFERENCIA R DOS ANDRADAS CENTRO HISTORICO DE SAO PAULO Sao Paulo SP 01023040 Brazil;sem numero de porta
ALTO;4131;HARMONIA CABELOS & CIA;Estrada BENEDITO CESARIO DE OLIVEIRA 471 TABOAO DA SERRA SP 06767280 Brazil;endereco de rodovia (57-67% falharam)
ALTO;4147;ESMALTERIA DOM DOCA;Estrada SAO FRANCISCO 1638 TABOAO DA SERRA SP 06764290 Brazil;endereco de rodovia (57-67% falharam)
ALTO;4181;HIALUCAPS SKIN - O MELHOR ÁCIDO HIALURÔNICO DO BRASIL;Avenida PAULISTA BELA VISTA Sao Paulo SP 01310200 Brazil;sem numero de porta
ALTO;4182;ELI BELEZA FASHION;ESTRADA MAUA E R ADUTORA DO RIO CLARO 500A Sao Paulo SP 09333510 Brazil;endereco de rodovia (57-67% falharam)
ALTO;4185;ULI BEAUTY BELEZA E BEM ESTAR;Avenida BRIGADEIRO LUIS ANTONIO JARDINS Sao Paulo SP 01402000 Brazil;"sem numero de porta; CEP generico de cidade, nao de rua (2,4x mais falha)"
ALTO;4188;DANNY COIFFEUR;Avenida GOV JAIME CAMPOS PARAISO Cuiaba MT 78055714 Brazil;sem numero de porta
ALTO;4193;ESTÚDIO DA BELEZA FABIANA OLIVEIRA;Rua ANTONIO FRANCISCO DE AZEVEDO FILHO CIDADE INTERCAP TABOAO DA SERRA SP 06757220 Brazil;sem numero de porta
ALTO;4208;UNHAS CARIOCAS - TIETE PLAZA SHOPPING;JARDIM IRIS Sao Paulo SP 02675031 Brazil;sem numero de porta
ALTO;4212;INSTITUTO NEGRAS;Rua BOIARUCA VILA CISPER Sao Paulo SP 03818025 Brazil;sem numero de porta
ALTO;4215;JACQUES JANINE - VITALLIS ECO CLUBE;SP 270 15713 Sao Paulo SP 05503040 Brazil;logradouro sem nome
ALTO;4231;SERTAO COSMETICOS LTDA;VILA MARIANA Sao Paulo SP 04107022 Brazil;sem numero de porta
ALTO;4235;STUDIO SARARÁ AFRO STYLE;Estrada DE ITAPECERICA 4380 Sao Paulo SP 05858001 Brazil;endereco de rodovia (57-67% falharam)
ALTO;4237;LOREDANE DO CARMO ESTHETIC;Rua COTOXO PERDIZES Sao Paulo SP 05021000 Brazil;"sem numero de porta; CEP generico de cidade, nao de rua (2,4x mais falha)"
ALTO;4240;STUDIO F;Estrada DO ALVARENGA 1965 Sao Paulo SP 04467000 Brazil;"endereco de rodovia (57-67% falharam); CEP generico de cidade, nao de rua (2,4x mais falha)"
ALTO;4242;SERAPHINE BEAUTY IN A BOX;RUA CAYOWAA SUMARE Sao Paulo SP 01258011 Brazil;sem numero de porta
ALTO;4243;STUDIO ELAINE TUPINÁ;RUA ADAO MANOEL DA SILVA VILA LOURDES Sao Paulo SP 08452431 Brazil;sem numero de porta
ALTO;4249;ONE BEAUTY ESMALTERIA;Estrada CANELEIRAS A DEFINIR ITAPECERICA DA SERRA SP 06856870 Brazil;"endereco de rodovia (57-67% falharam); sem numero de porta"
ALTO;4265;SÃO PAULO;SAO PAULO Sao Paulo SP Brazil;sem numero de porta
ALTO;4266;TAMIRIS CARVALHO DESIGNER DE UNHAS;RUA OLGA MORETTI FERRARI N229 JA SANTA LUCIA Sao Paulo SP 04940020 Brazil;sem numero de porta
ALTO;4280;M & A CABELEIREIRO UNISSEX;Rua APARECIDA DO TABOADO JARDIM PAULISTANO ZONA NORTE Sao Paulo SP 02814000 Brazil;"sem numero de porta; CEP generico de cidade, nao de rua (2,4x mais falha)"
ALTO;4315;J & L COSMÉTICOS E CIA;Rua EUSEBIO FRANCISCO PARELHEIROS Sao Paulo SP 04894430 Brazil;sem numero de porta
ALTO;4318;MAIZA BATISTA - MARY KAY  NATURA  BOTICÁRIO;Rua GUARANTA DO NORTE JARDIM RENASCER Cuiaba MT 78068600 Brazil;sem numero de porta
ALTO;4324;DANIELLY BATISTA - ESTÉTICA;Rua ZACARIAS DIAS CORTES PARQUE REGINA Sao Paulo SP 05775260 Brazil;sem numero de porta
ALTO;4335;CUT FOR YOOU;Avenida DR GUILHERME DUMONT VILARES VILA ANDRADE Sao Paulo SP Brazil;sem numero de porta
ALTO;4338;VIVIANE CARVALHO NAILS;Rua ALFONSO SANTI PARQUE LIGIA Sao Paulo SP 05857480 Brazil;sem numero de porta
ALTO;4343;DANNY LONHAIR INSTITUTE;BOSQUE DA SAUDE Cuiaba MT 78050030 Brazil;sem numero de porta
ALTO;4344;BEAUTY ESTÉTICA E TECNOLOGIA;Rua AMOIPIRA VILA ISA Sao Paulo SP 04689070 Brazil;sem numero de porta
ALTO;4345;STUDIO B HAIR;RUA DR ZACARIAS COLACO FILHO JARDIM SANTO ANTONIO Sao Paulo SP 08032250 Brazil;sem numero de porta
ALTO;4350;STUDIO STEPHANI RAMOS;RUA PEDRO DE SAO MARTINHO JARDIM ONDINA Sao Paulo SP 02871160 Brazil;sem numero de porta
ALTO;4359;TABOAO;Rua ELPIDIO JOSE DE OLIVEIRA JARDIM MARIA ROSA TABOAO DA SERRA SP 06763160 Brazil;sem numero de porta
ALTO;4360;R&CSTUDIO;Estrada SAO FRANCISCO JARDIM WANDA Sao Paulo SP 05576100 Brazil;"endereco de rodovia (57-67% falharam); sem numero de porta"
ALTO;4366;DANNY UNHA CABELOS;Rua BATTISTA LOCATELLO JARDIM VARGINHA Sao Paulo SP 04857580 Brazil;sem numero de porta
ALTO;4369;CW BEAUTY STUDIO & SPA;Estrada SAO FRANCISCO 2008 TABOAO DA SERRA SP 06765904 Brazil;endereco de rodovia (57-67% falharam)
ALTO;4374;ANDRÉA CABELEIREIRA UNISSEX;Rua GUATEQUE JARDIM AVENIDA Sao Paulo SP 05798140 Brazil;sem numero de porta
ALTO;4389;PARAÍSO;SAO PAULO Sao Paulo SP Brazil;sem numero de porta
ALTO;4400;ESTUDIO DA SUH;Rua SAO JOSE DA VARGINHA BRASILANDIA Sao Paulo SP 02874100 Brazil;sem numero de porta
ALTO;4404;PHARMACANN;Rua CEL JOSE EUSEBIO HIGIENOPOLIS Sao Paulo SP 01239030 Brazil;sem numero de porta
ALTO;4406;G CABELEIREIRO;RUA MELCHIOR GIOLA VILA ANDRADE Sao Paulo SP 05664000 Brazil;"sem numero de porta; CEP generico de cidade, nao de rua (2,4x mais falha)"
ALTO;4413;ESPAÇO TOP;GRAJAU 04841 190 Sao Paulo SP 04841190 Brazil;sem numero de porta
ALTO;4414;PRISCILA CABELEIREIRA;Rua SAO GONCALO DO RIO BAIXO JARDIM ONDINA Sao Paulo SP 02870080 Brazil;sem numero de porta
ALTO;4427;ELIS ESMALTERIA CABELEIREIRA;Rua MIGUEL MASI NETO JARDIM DAS PALMAS Sao Paulo SP 05749330 Brazil;sem numero de porta
ALTO;4435;SURGIDRY MEMBRANA DE COLÁGENO;Avenida JABAQUARA VILA DA SAUDE Sao Paulo SP 04055041 Brazil;sem numero de porta
ALTO;4453;FACE`S BEAUTY;RUA CANHEMBORA TUCURUVI Sao Paulo SP 02253010 Brazil;sem numero de porta
ALTO;4473;LÚ CABELEIREIRA UNISSEX;JARDIM SANTA MONICA Sao Paulo SP 05171240 Brazil;sem numero de porta
ALTO;4477;ANA PAULA CABELO E CIA;Rua JOAO ANTONIO DOS SANTOS MARABA TABOAO DA SERRA SP 06766073 Brazil;sem numero de porta
ALTO;4478;KR BEAUTY;RUA TEJUPA JABAQUARA Sao Paulo SP 04350020 Brazil;sem numero de porta
ALTO;4481;NATURA;Rua FERNANDO FALCAO VILA CLAUDIA Sao Paulo SP 03180003 Brazil;sem numero de porta
ALTO;4485;STUDIO PRISCILA BARBOSA;Rua CELESTINA MOREIRA FREGUESIA DO O Sao Paulo SP 02808010 Brazil;sem numero de porta
ALTO;4493;PRODUTOS NATURA - CONSULTORA CELINA;Rua ARCIPRESTE ANDRADE IPIRANGA Sao Paulo SP 04268020 Brazil;sem numero de porta
ALTO;4499;FERNANDO NUNES;Rua LAUDELINO ANTONIO DE BRITO JARDIM DOS FRANCOS Sao Paulo SP 02874040 Brazil;sem numero de porta
ALTO;4503;STERLA PHANIE;SAO PAULO DIADEMA SP 09931290 Brazil;sem numero de porta
ALTO;4504;ESTÚDIO VITÓRIA CARVALHO;Rua DA GAVIA CHACARA SONHO AZUL Sao Paulo SP Brazil;sem numero de porta
ALTO;4519;NATURA;Avenida 16 DE NOVEMBRO 16749 16649 SAO JOAO DO OUTEIRO OUTEIRO Belem PA 16749166 Brazil;sem numero de porta
ALTO;4520;KATHELEN NAILS;Rua SEBASTIAO FALCONI SUPER QUADRA MORUMBI Sao Paulo SP 05750370 Brazil;sem numero de porta
ALTO;4522;S.J NERY;ESTRADA DOM JOAO NERY 265A Sao Paulo SP 08110000 Brazil;"endereco de rodovia (57-67% falharam); CEP generico de cidade, nao de rua (2,4x mais falha)"
ALTO;4526;STUDIO DE BELEZA DANNY RODRIGUES.;Estrada DO BENJAMIN CABANAGEM Belem PA 66625223 Brazil;"endereco de rodovia (57-67% falharam); sem numero de porta"
ALTO;4528;BELEZA & ESTILO SALÃO DE CABELEIREIROS;Estrada AGUA SANTA ELDORADO Sao Paulo SP 04476490 Brazil;"endereco de rodovia (57-67% falharam); sem numero de porta"
ALTO;4554;TITANIUM HAIR;Avenida MANDAQUI LIMAO Sao Paulo SP 02550000 Brazil;"sem numero de porta; CEP generico de cidade, nao de rua (2,4x mais falha)"
ALTO;4560;CLINICA SUELLEN SOUZA - ESTÉTICA AVANÇADA;Rua PALESTINA VILA MASCOTE Sao Paulo SP 04362030 Brazil;sem numero de porta
ALTO;4563;ESMALTERIA DE'BORA;Avenida BENTO GUELFI JARDIM ALTO ALEGRE SAO RAFAEL Sao Paulo SP 08381001 Brazil;sem numero de porta
ALTO;4564;BEAUTY BUSINESS;RUA VEREADOR PEDRO BRASIL BANDECCHI VILA AMELIA Sao Paulo SP 02615040 Brazil;sem numero de porta
ALTO;4574;KS PRODUTOS;SAO PAULO Sao Paulo SP 08051570 Brazil;sem numero de porta
ALTO;4576;DUJÔ COSMÉTICOS;Rua PIAUI HIGIENOPOLIS Sao Paulo SP 01241000 Brazil;"sem numero de porta; CEP generico de cidade, nao de rua (2,4x mais falha)"
ALTO;4577;NANNY 💅 NAILS;Estrada AGUA SANTA 2029 Sao Paulo SP 04476490 Brazil;endereco de rodovia (57-67% falharam)
ALTO;4583;ESPAÇO BELLADONNA;Estrada DE POA 1122 Sao Paulo SP 08460300 Brazil;endereco de rodovia (57-67% falharam)
ALTO;4584;LEKE DISTRIBUIDORA DE COSMETICOS;Avenida INCONFIDENCIA MINEIRA VILA ANTONIETA Sao Paulo SP 03476010 Brazil;sem numero de porta
ALTO;4596;MARTINÓPOLIS;BELA VISTA Sao Paulo SP 01325050 Brazil;sem numero de porta
ALTO;4604;MAIS BELA;Estrada DO EMBU GUACU 2 Sao Paulo SP 04960010 Brazil;endereco de rodovia (57-67% falharam)
ALTO;4629;SALON DE TRESSES;Rua BARBATIMAO DO NORDESTE VILA LOURDES Sao Paulo SP 08452350 Brazil;sem numero de porta
ALTO;4637;DANI ESMALTERIA;Rua BEATRIZ EUGENIA JARDIM HELENA TABOAO DA SERRA SP 06765040 Brazil;sem numero de porta
ALTO;4638;Nath Cosméticos - NATURA, AVON, O BOTICÁRIO, EUDORA, QUEM DISSE, BERENICE, O.U.I. e AUSTRALIAN GOLD;Rodovia Augusto Montenegro Parque Verde Belem PA 66635110 Brazil;"endereco de rodovia (57-67% falharam); sem numero de porta"
ALTO;4640;LOJA DE MAQUIAGEM BARATA;Avenida BRASIL JARDIM AMERICA Sao Paulo SP 01430000 Brazil;"sem numero de porta; CEP generico de cidade, nao de rua (2,4x mais falha)"
ALTO;4645;LABELLE BEAUTY STORE;Estrada DO LAGEADO VELHO GUAIANASES Sao Paulo SP 08451100 Brazil;"endereco de rodovia (57-67% falharam); sem numero de porta"
ALTO;4652;CONSULTORA DE BELEZA MARY KAY ILKA;RUA DAVID CANABARRO ALTO DA LAPA Sao Paulo SP 05059060 Brazil;sem numero de porta
ALTO;4657;ELIENE MAKEUP;Rua JOAO BOEMER BRAS Sao Paulo SP 03018000 Brazil;"sem numero de porta; CEP generico de cidade, nao de rua (2,4x mais falha)"
ALTO;4662;MUITA BELEZA SHOP;BELA VISTA Sao Paulo SP 04080922 Brazil;sem numero de porta
ALTO;4670;Be Lola Sex Shop Mooca - Loja Online Receba no mesmo Dia;Rua Timbo Mooca Sao Paulo SP 03162150 Brazil;sem numero de porta
ALTO;4672;DULLCEZZA;Rua DR FAUSTO DE ALMEIDA PRADO PENTEADO MORUMBI Sao Paulo SP 05678040 Brazil;sem numero de porta
ALTO;4673;DUDANANI HAIR COSMETICOS;RUA ROIZ BARROS VILA PAULISTANIA Sao Paulo SP 03720090 Brazil;sem numero de porta
ALTO;4674;LITAH ALBUQUERQUE LASH DESIGN;RUA GRAVI 221SALA Sao Paulo SP 04143050 Brazil;sem numero de porta
ALTO;4679;PODOLOGA;PACAEMBU Sao Paulo SP 01236050 Brazil;"sem numero de porta; logradouro sem nome"
ALTO;4683;TATIANA CABELEIREIRA;Rua BARBATIMAO DO NORDESTE VILA LOURDES Sao Paulo SP 08452350 Brazil;sem numero de porta
ALTO;4691;STUDIO ANDRESSA GOMES;Travessa MANTO DE CRISTO VILA LOURDES Sao Paulo SP 08452641 Brazil;sem numero de porta
ALTO;4694;LÉIA DE MELLO;Rua CRUZALIA JARDIM RECORD Sao Paulo SP 03462140 Brazil;sem numero de porta
ALTO;4695;CONSULTORA NATURA - CAROL MIRANDA (PRESENCIAL E DIGITAL);Avenida ALFREDO EGIDIO DE SOUZA ARANHA VILA CRUZEIRO Sao Paulo SP 04726170 Brazil;sem numero de porta
ALTO;4703;Natura: Perfumes;Rua Sao Paulo Centro Fortaleza CE 60310330 Brazil;sem numero de porta
ALTO;4708;LOURDES CABELO E ESTÉTICA;Rua VICENTE DA COSTA ABREU PARQUE SONIA Sao Paulo SP 05856510 Brazil;sem numero de porta
ALTO;4716;LOURDES CABELEIREIRA;JARDIM ANGELA Sao Paulo SP 05887360 Brazil;sem numero de porta
ALTO;4719;JUBAS SALÃO UNISSEX;Estrada KIZAEMON TAKEUTI 791 TABOAO DA SERRA SP 06775000 Brazil;"endereco de rodovia (57-67% falharam); CEP generico de cidade, nao de rua (2,4x mais falha)"
ALTO;4722;IGOR & CARLA HAIR SALON;RUA MINISTRO APOLONIO SALLES JARDIM TIETE Sao Paulo SP 03944040 Brazil;sem numero de porta
ALTO;4724;VALIM BEAUTY;Estrada SAO FRANCISCO 1293 TABOAO DA SERRA SP 06764290 Brazil;endereco de rodovia (57-67% falharam)
ALTO;4731;ESMALTERIA CLEIA MARQUES;Avenida GUALTAR JARDIM SANTA TERESINHA Sao Paulo SP 03572010 Brazil;sem numero de porta
ALTO;4733;ESPAÇO BELÍSSIMO;RUA RODOVALHO DA FONSECA PARI Sao Paulo SP 03028030 Brazil;sem numero de porta
ALTO;4745;Daiane Dias consultora da Natura, Eudora, Avon e o Boticário cuidado diário e kits para presente.;Avenida Presidente Marques Bosque Cuiaba MT 78045175 Brazil;sem numero de porta
ALTO;4755;LARI PRADO DESIGNER;Rua ANTONIO MARIA COELHO CENTRO Cuiaba MT 78005420 Brazil;sem numero de porta
ALTO;4756;Natura;Avenida Washington Soares Edson Queiroz Fortaleza CE 60811341 Brazil;sem numero de porta
ALTO;4759;DIAMANTE DA BELEZA;Avenida TRONA CONSTANZO CAXINGUI Sao Paulo SP 05516020 Brazil;sem numero de porta
ALTO;4770;VITÓRIA HAIR UNISSEX;RUA CACIO DE MOURA JARDIM PIQUEROBY Sao Paulo SP 03463060 Brazil;sem numero de porta
ALTO;4778;GIU FALCONI NAILS- ALONGAMENTO DE FIBRA DE VIDRO;Rua PEDRO TREMEMBE Sao Paulo SP 02371000 Brazil;"sem numero de porta; CEP generico de cidade, nao de rua (2,4x mais falha)"
ALTO;4799;INSITTA;Rua DR HONORATO DE MOURA VILA SAO VICENTE Sao Paulo SP 02733050 Brazil;sem numero de porta
ALTO;4810;DANIELA BRITO BEAUTY;RUA CORONEL OSCAR PORTO PARAISO Sao Paulo SP 04003004 Brazil;sem numero de porta
ALTO;4818;KAH_VASCONCELOS NAIL DESIGNER;PASSAGEM CARANA PORTO ARTHUR Belem PA Brazil;sem numero de porta
ALTO;4821;Unhas Cariocas Morumbi Town Shopping;Vila Andrade Sao Paulo SP 05724002 Brazil;sem numero de porta
ALTO;4843;STUDIO THATA & CLAU;Rua PRINCIPAL JARDIM NOVO JAU Sao Paulo SP 04852506 Brazil;sem numero de porta
ALTO;4849;Revendedora L’Occitane au Brésil;Avenida Eugenio Bartolomai Jardim Santa Helena Sao Paulo SP 04785040 Brazil;sem numero de porta
ALTO;4866;ATÊLIE SEMPRE BELLA;JARDIM SANTO ANDRE Sao Paulo SP 08390230 Brazil;sem numero de porta
ALTO;4868;BEAUTY PROGRESS;Rua PEDRO GONCALVES JARDIM PEDRO GONCALVES TABOAO DA SERRA SP 06760000 Brazil;"sem numero de porta; CEP generico de cidade, nao de rua (2,4x mais falha)"
ALTO;4870;SALÃO DE BELEZA ESTETICA DAY DANTAS;Rua DARIO VILARES BARBOSA JARDIM PERI Sao Paulo SP 02676021 Brazil;sem numero de porta
ALTO;4874;ESTÉTICA NA MEDIDA;Estrada DO GUAVIRUTUBA 460 Sao Paulo SP 04937000 Brazil;"endereco de rodovia (57-67% falharam); CEP generico de cidade, nao de rua (2,4x mais falha)"
ALTO;4885;SALÃO DE BELEZA JEH SANTOS ESPAÇO DAS MULHERES;RUA MELANIA KURT RUA MELANIA KURT GUACURI ELDORADO Sao Paulo SP 04475590 Brazil;sem numero de porta
ALTO;4887;ESMALTERIA DA DRY;Rua TOME DE ALMEIDA E OLIVEIRA VILA ZAT Sao Paulo SP 02675031 Brazil;sem numero de porta
ALTO;4888;TATYBELLASUNHAS;Estrada DA ENCOSTA 52 Sao Paulo SP 04776550 Brazil;endereco de rodovia (57-67% falharam)
ALTO;4896;INSTITUTO DE BELEZA M;Estrada BENEDITO CESARIO DE OLIVEIRA 1395 TABOAO DA SERRA SP 06767281 Brazil;endereco de rodovia (57-67% falharam)
ALTO;4899;BARBEARIA TALENTOS;6HFH M5 CAITE CAMPO VERDE MT 78840000 Brazil;"sem numero de porta; CEP generico de cidade, nao de rua (2,4x mais falha)"
ALTO;4900;O REI DA SOBRANCELHA OFICIAL;Rua CELESTINO GONCALVES BUENO CHACARA CRUZEIRO DO SUL Sao Paulo SP 03732080 Brazil;sem numero de porta
ALTO;4907;ESQUINA PRANCESA BEAUTE SALON;Rua DOS BELGAS MORRO DOS INGLESES Sao Paulo SP 01329040 Brazil;sem numero de porta
ALTO;4928;AGATHA SENA MAKEUP;JARDIM SYDNEY Sao Paulo SP 02983000 Brazil;"sem numero de porta; CEP generico de cidade, nao de rua (2,4x mais falha)"
ALTO;4930;STUDIO BEAUTYANAB;Rua DR JOSE TALARITO VILA GUACA Sao Paulo SP 02434070 Brazil;sem numero de porta
ALTO;4936;LOURDES CABELEIREIROS;JARDIM DAS FLORES Sao Paulo SP 04902015 Brazil;sem numero de porta
ALTO;4938;QUADRA DA VINTÉM;JARDIM IPORANGA Sao Paulo SP 04827240 Brazil;sem numero de porta
ALTO;4939;MELBEMESTAR;Rua LOTUS VILA PAULO SILAS Sao Paulo SP 03265000 Brazil;"sem numero de porta; CEP generico de cidade, nao de rua (2,4x mais falha)"
ALTO;4943;ALTERNALLE COSMETICOS;Estrada SAO FRANCISCO 1041 TABOAO DA SERRA SP 06764290 Brazil;endereco de rodovia (57-67% falharam)
ALTO;4956;Natura Ervas;Rua Estado do Rio Parangaba Fortaleza CE 60440782 Brazil;sem numero de porta
ALTO;4958;BRUNA VITÓRIA NAILS DESIGNER;Rua MANUEL ESCUDEIRO GUAIANASES Sao Paulo SP 08431200 Brazil;sem numero de porta
ALTO;4961;KETELLY DIAS NAILS;Rua VINTE E UM ELDORADO Sao Paulo SP 04476565 Brazil;sem numero de porta
ALTO;4968;TATA FASHION HAIR CABELEIREIRA;Rua ERMELINO JOSE DE OLIVEIRA PARQUE PINHEIROS TABOAO DA SERRA SP 06767150 Brazil;sem numero de porta
ALTO;4971;BYOUNG COSMÉTICOS;Rua SAO PAULO LIBERDADE Sao Paulo SP 09530210 Brazil;sem numero de porta
ALTO;4982;TATI STUDIO BRAIDS;Rua GUADALUPE JARDIM RECORD TABOAO DA SERRA SP 06783205 Brazil;sem numero de porta
ALTO;4985;NATÁLIA SILVEIRA - ESTÉTICA E BELEZA;ESTRADA DOM JOAO NERY 3758 Sao Paulo SP 08151000 Brazil;"endereco de rodovia (57-67% falharam); CEP generico de cidade, nao de rua (2,4x mais falha)"
ALTO;4994;STUDIO BLACK POWER;Estrada KIZAEMON TAKEUTI 665 TABOAO DA SERRA SP 06775000 Brazil;"endereco de rodovia (57-67% falharam); CEP generico de cidade, nao de rua (2,4x mais falha)"
ALTO;5002;ATICA STORE BRAZIL;BRASIL INTERLAGOS Sao Paulo SP 04890610 Brazil;sem numero de porta
ALTO;5009;PENELOPE BEAUTY;VILA SAO GERALDO Sao Paulo SP 03608000 Brazil;"sem numero de porta; CEP generico de cidade, nao de rua (2,4x mais falha)"
ALTO;5012;STUDIO BÁRBARA VITÓRIA BEAUTY;Rua MARIO ASPA VILA NARCISO Sao Paulo SP 04851804 Brazil;sem numero de porta
ALTO;5014;ESPAÇO CARDOSO;Rua SAO PEDRO JARDIM RODOLFO PIRANI Sao Paulo SP 08320730 Brazil;sem numero de porta
ALTO;5029;DESIGNER DE UNHAS;Rua NABUCO DE ABREU VILA LOURDES Sao Paulo SP 08410190 Brazil;sem numero de porta
ALTO;5030;Natura Náutico Pão de Açúcar;Avenida Antonio Justa Meireles Fortaleza CE 60165090 Brazil;sem numero de porta
ALTO;5043;MANIA DE BELEZA;352 R CUBATAO Sao Paulo SP 04013001 Brazil;sem numero de porta
ALTO;5062;KETY PATRICINHA;Rua VALE DAS CANAS JARDIM DOS MANACAS Sao Paulo SP 04844710 Brazil;sem numero de porta
ALTO;5064;STUDIO LA BELLE ANDRADE;Estrada DAS TAIPAS 81 Sao Paulo SP 02990020 Brazil;endereco de rodovia (57-67% falharam)
ALTO;5080;PRODUCTS COSMÉTICOS;JK IGUATEMI Sao Paulo SP 01153000 Brazil;"sem numero de porta; CEP generico de cidade, nao de rua (2,4x mais falha)"
ALTO;5082;NATURA;Estrada DE ITAPECERICA VILA DAS BELEZAS Sao Paulo SP 05840070 Brazil;"endereco de rodovia (57-67% falharam); sem numero de porta"
ALTO;5097;CUPONS NATURA;Rua SAO JUDAS TADEU JARDIM KENNEDY Cuiaba MT 78065010 Brazil;sem numero de porta
ALTO;5098;DEPILA;COXIPO DA PONTE Cuiaba MT 78065700 Brazil;sem numero de porta
ALTO;5103;Consultora natura;Rua Dezenove Residencial Santa Terezinha I Coxipo da Ponte Cuiaba MT Brazil;sem numero de porta
ALTO;5110;PROFESSORA RENATA MAYTA;BELA VISTA Sao Paulo SP 01325050 Brazil;sem numero de porta
ALTO;5126;ESMALTERIA DANNY;BONSUCESSO Fortaleza CE 60720000 Brazil;"sem numero de porta; logradouro sem nome; CEP generico de cidade, nao de rua (2,4x mais falha)"
ALTO;5127;SPACE BEAUTY MS;Estrada KIZAEMON TAKEUTI 1946 TABOAO DA SERRA SP 06775002 Brazil;endereco de rodovia (57-67% falharam)
ALTO;5141;BEAUTY&CO COSMETICS;RUA PEDRO BADRA JARDIM ORIENTAL Sao Paulo SP 04348090 Brazil;sem numero de porta
ALTO;5146;CLAUDIAA_STUDIO SALÃO DE BELEZA;Estrada SAO FRANCISCO JARDIM WANDA TABOAO DA SERRA SP 06765904 Brazil;"endereco de rodovia (57-67% falharam); sem numero de porta"
ALTO;5149;DANNY_CARRMO;RUA ESTUDANTE JUCA SERRINHA Fortaleza CE 60741302 Brazil;sem numero de porta
ALTO;5151;COSMÉTICOS TOUR;LOJA ONLINE BELA VISTA Sao Paulo SP 01310000 Brazil;"sem numero de porta; CEP generico de cidade, nao de rua (2,4x mais falha)"
ALTO;5153;Consultora Boticário e Natura;Passagem Louzania Marco Belem PA 66095320 Brazil;sem numero de porta
ALTO;5163;CELMA CABELEIREIRA;PARQUE PINHEIROS TABOAO DA SERRA SP 06767120 Brazil;sem numero de porta
ALTO;5164;Loja Natura Parque Belém;Rodovia Augusto Montenegro 4300 Belem PA 66635110 Brazil;endereco de rodovia (57-67% falharam)
ALTO;5165;CABELEIREIRA UNISSEX;Rua DR PEDRO LUIS NAPOLEAO CHERNOVIZ PARQUE NACOES UNIDAS Sao Paulo SP 02995350 Brazil;sem numero de porta
ALTO;5170;ELISA MILITÃO NAILS;Estrada SAO FRANCISCO 1638 TABOAO DA SERRA SP 06764290 Brazil;endereco de rodovia (57-67% falharam)
ALTO;5175;Consultora Natura 982030671zap;Rua Abilio Martins Amadeu Furtado Fortaleza CE 60455472 Brazil;sem numero de porta
ALTO;5180;LALIOT;Avenida PAULISTA BELA VISTA Sao Paulo SP 01311922 Brazil;sem numero de porta
ALTO;5195;ESPAÇO DANI NOGUEIRA;Rua ANTONIO JOSE PARRA PRIMEIRO TREMEMBE Sao Paulo SP 02318310 Brazil;sem numero de porta
ALTO;5201;BAEUTYHAIR;RUA PROFESSOR ULYSSES LEMOS TORRES VILA NOVA YORK Sao Paulo SP 03479070 Brazil;sem numero de porta
ALTO;5206;VITÓRIA EVELYN • CONCEITO DE BELEZA;Rua MARIO FRUGIUELE AMERICANOPOLIS Sao Paulo SP 04409040 Brazil;sem numero de porta
ALTO;5208;Jardim Externo do Shopping Cidade São Paulo;Bela Vista Sao Paulo SP 01310200 Brazil;sem numero de porta
ALTO;5213;B-MAKE PRODUCTS;JARDIM MONTE KEMEL Sao Paulo SP 05634001 Brazil;sem numero de porta
ALTO;5214;INSTITUTO DE BELEZA MORIAH;Avenida DA GERALDO CAMPOS FREIRE ELDORADO Sao Paulo SP 04476540 Brazil;sem numero de porta
ALTO;5221;VICTORIA CABELEIREIROS BY SWEET;CHACARA INGLESA Sao Paulo SP 04141110 Brazil;sem numero de porta
ALTO;5227;MIRA BEAUTY;Rua MAESTRO CHIAFFARELLI JARDIM PAULISTA Sao Paulo SP 01432030 Brazil;sem numero de porta
ALTO;5237;VITOR GASPAR;Avenida IPIRANGA REPUBLICA Sao Paulo SP 01046010 Brazil;sem numero de porta
ALTO;5239;Instituto Fraga de Dermatologia;Rua Cubatao 1062 1064 Vila Mariana Sao Paulo SP 04013003 Brazil;sem numero de porta
ALTO;5260;BRUNÄ SILVA;RUA LEON CARVALHO JARDIM MARTINI Sao Paulo SP 04439030 Brazil;sem numero de porta
ALTO;5269;ESTUDIO DE PIRCIGN;Rua COIMBRA BRAS Sao Paulo SP 03052030 Brazil;sem numero de porta
ALTO;5272;STUDIO;RUA DOM PEDRO HENRIQUE DE ORLEANS E BRAGANCA VILA JAGUARA Sao Paulo SP 02675031 Brazil;sem numero de porta
ALTO;5273;ESPACO THALIA BARBOSA;Rua FRANCISCO DE GOES ARAUJO JARDIM LOURDES Sao Paulo SP 08452490 Brazil;sem numero de porta
ALTO;5279;C&G HAIR;Estrada DE POA 1673 Sao Paulo SP 08460000 Brazil;"endereco de rodovia (57-67% falharam); CEP generico de cidade, nao de rua (2,4x mais falha)"
ALTO;5280;Sacolão Campo Limpo;Estrada do Campo Limpo 5120 Sao Paulo SP 05787001 Brazil;endereco de rodovia (57-67% falharam)
ALTO;5281;PACKTUAL EMBALAGENS;SE Sao Paulo SP 01001010 Brazil;"sem numero de porta; logradouro sem nome"
ALTO;5287;ESMALTAÇÃO EM GEL;RUA MANUEL GAYA VILA MAZZEI Sao Paulo SP 02313000 Brazil;"sem numero de porta; CEP generico de cidade, nao de rua (2,4x mais falha)"
ALTO;5288;STUDIO DE DEPILAÇÃO DAYANA CARNEIRO;Rua AVAI VILA BERTIOGA Sao Paulo SP 03188020 Brazil;sem numero de porta
ALTO;5291;STUDIO VITÓRIA FÉLIX;Avenida IGUATEMI CONJ HAB SANTA ETELVINA II Sao Paulo SP 08473370 Brazil;sem numero de porta
ALTO;5305;Barba e Suplementos;Praca da Liberdade Liberdade Sao Paulo SP 01503010 Brazil;sem numero de porta
ALTO;5308;POMPEIA;PERDIZES Sao Paulo SP Brazil;"sem numero de porta; logradouro sem nome"
ALTO;5319;MR STUDIO BELEZA E ESTÉTICA;Estrada SAO FRANCISCO 1611 TABOAO DA SERRA SP 06765000 Brazil;"endereco de rodovia (57-67% falharam); CEP generico de cidade, nao de rua (2,4x mais falha)"
ALTO;5320;MOIZIKY SAÚDE E BELEZA;Avenida FRANCISCO MATARAZZO AGUA BRANCA Sao Paulo SP 05001200 Brazil;sem numero de porta
ALTO;5321;Stella - Perfumes e Cosméticos Natura e Avon;PASSARE Fortaleza CE 60744090 Brazil;"sem numero de porta; logradouro sem nome"
ALTO;5329;Studio 83 hair;Rodovia Raposo Tavares 3173 Sao Paulo SP 05577100 Brazil;endereco de rodovia (57-67% falharam)
ALTO;5335;STUDIO DE SOBRANCELHAS;LARGO TREZE DE MAIO 94 98 Sao Paulo SP 04751000 Brazil;"sem numero de porta; CEP generico de cidade, nao de rua (2,4x mais falha)"
ALTO;5341;BEAUTIFUL FOR YOU;Avenida PAULISTA BELA VISTA Sao Paulo SP 01310930 Brazil;sem numero de porta
ALTO;5342;ESPAÇO DA LÉO;ESTRADA DOM JOAO NERY 4610 Sao Paulo SP 08452340 Brazil;endereco de rodovia (57-67% falharam)
ALTO;5349;CAROL.STUDIOUNHAS;RUA OSCAR DE BARROS JARDIM ITAPURA Sao Paulo SP 04433050 Brazil;sem numero de porta
ALTO;5352;DAN RODRIGUES ADESIVOS ARTESANAIS;Estrada DA VARGEM GRANDE 03A Sao Paulo SP 04896200 Brazil;endereco de rodovia (57-67% falharam)
ALTO;5354;NG HAIR;Estrada SAO FRANCISCO 2008 TABOAO DA SERRA SP 06765904 Brazil;endereco de rodovia (57-67% falharam)
ALTO;5358;BELLE MAKE-UP;Rua PAULA SOUSA CENTRO HISTORICO DE SAO PAULO Sao Paulo SP 01027000 Brazil;"sem numero de porta; CEP generico de cidade, nao de rua (2,4x mais falha)"
ALTO;5363;DRA NATASHA MARTINS;RUA CATIGUA TATUAPE Sao Paulo SP 03065030 Brazil;sem numero de porta
ALTO;5369;MICHELE MANICURE;Avenida FERNANDO MENDES DE ALMEIDA PARQUE TAIPAS Sao Paulo SP 02987100 Brazil;sem numero de porta
ALTO;5377;POMPEIA;PERDIZES Sao Paulo SP Brazil;"sem numero de porta; logradouro sem nome"
ALTO;5400;FAST BEAUTY;RUA SERRA DO EVANGELISTA IGUATEMI Sao Paulo SP 08373220 Brazil;sem numero de porta
ALTO;5407;NATURA;Avenida JOSE PINHEIRO BORGES ITAQUERA Sao Paulo SP Brazil;sem numero de porta
ALTO;5415;SANDRO ANSELMO BARBEARIA;RODOVIA DOS TRABALHADORES PARQUE VERDE Belem PA Brazil;"endereco de rodovia (57-67% falharam); sem numero de porta"
ALTO;5431;HASEGAWA STUDIO DE BELEZA;Avenida JOSE PINHEIRO BORGES ITAQUERA Sao Paulo SP Brazil;sem numero de porta
ALTO;5435;FINO TRATO BARBEARIA;Rua BARAO DE LADARIO 566 670 BRAS Sao Paulo SP Brazil;sem numero de porta
ALTO;5451;BARBEARIA HASEGAWA;Avenida JOSE PINHEIRO BORGES ITAQUERA Sao Paulo SP Brazil;sem numero de porta
ALTO;5474;BARBEARIA DOM HÉLIO;RODOVIA DOS TRABALHADORES PARQUE VERDE Belem PA Brazil;"endereco de rodovia (57-67% falharam); sem numero de porta"
ALTO;5490;NATURA;RODOVIA REGIS BITTENCOURT 2643 Sao Paulo SP Brazil;endereco de rodovia (57-67% falharam)
ALTO;5497;NATURA;ESTRADA DO CAMPO LIMPO 459 Sao Paulo SP Brazil;endereco de rodovia (57-67% falharam)
ALTO;5507;MUNDO DO CABELEIREIRO;RODOVIA REGIS BITTENCOURT 2643 Sao Paulo SP Brazil;endereco de rodovia (57-67% falharam)
ALTO;5509;NATURA;Avenida FRANCISCO MATARAZZO S No AGUA BRANCA Sao Paulo SP Brazil;sem numero de porta
ALTO;5513;MÁXIMA HAIR SALÃO E BARBEARIA;RODOVIA RAPOSO TAVARES JD BOA VISTA Sao Paulo SP Brazil;"endereco de rodovia (57-67% falharam); sem numero de porta"
ALTO;5518;BARBEARIA BAR;Avenida FRANCISCO MATARAZZO S No AGUA BRANCA Sao Paulo SP Brazil;sem numero de porta
MEDIO;3;INOAR BRASIL;Rua IDA ROMUSSI GASPARINETI 90 TABOAO DA SERRA SP 06795000 Brazil;CEP generico de cidade, nao de rua (2,4x mais falha)
MEDIO;7;KRIZA CABELEIREIROS;Rua ITAPURA 516A Sao Paulo SP 03310000 Brazil;CEP generico de cidade, nao de rua (2,4x mais falha)
MEDIO;8;ESTETICA FACIAL E CORPORAL SANT'BEAUTY;Rua ITAPEVA 26 Sao Paulo SP 01332000 Brazil;CEP generico de cidade, nao de rua (2,4x mais falha)
MEDIO;24;NATURA CASSIS;Avenida EDU CHAVES 863 Sao Paulo SP 02229000 Brazil;CEP generico de cidade, nao de rua (2,4x mais falha)
MEDIO;26;ESPAÇO UP;Avenida MARIO PERNAMBUCO 70 Sao Paulo SP 02314000 Brazil;CEP generico de cidade, nao de rua (2,4x mais falha)
MEDIO;32;PAULO R CUNHA;Rua PROFA ERNESTINA LOUREIRO DE MIRANDA 649 Sao Paulo SP 03682000 Brazil;CEP generico de cidade, nao de rua (2,4x mais falha)
MEDIO;33;CELINE PERDIZES MANICURE PREMIUM   CUIDADOS;Rua CARAIBAS 675 Sao Paulo SP 05020000 Brazil;CEP generico de cidade, nao de rua (2,4x mais falha)
MEDIO;40;NÃO+PELO VILA SÃO FRANCISCO;Avenida DR CANDIDO MOTTA FILHO 206 Sao Paulo SP 05351000 Brazil;CEP generico de cidade, nao de rua (2,4x mais falha)
MEDIO;42;STUDIO VITÓRIA SENA;Avenida ALZIRO ZARUR 785 Sao Paulo SP 03570000 Brazil;CEP generico de cidade, nao de rua (2,4x mais falha)
MEDIO;45;VITO;Avenida ROUXINOL 60 Sao Paulo SP 04516000 Brazil;CEP generico de cidade, nao de rua (2,4x mais falha)
MEDIO;46;CRISTIANO CABELEIREIRO;Avenida GAMELEIRA BRANCA 444 Sao Paulo SP 03585000 Brazil;CEP generico de cidade, nao de rua (2,4x mais falha)
MEDIO;51;EDMILSON ARAÚJO HAIR STUDIO;Rua CARAIBAS 724 Sao Paulo SP 05020000 Brazil;CEP generico de cidade, nao de rua (2,4x mais falha)
MEDIO;52;STUDIO SUELLEN GOMES;AVENIDA R USHIKICHI KAMIYA 1224 Sao Paulo SP 02323000 Brazil;CEP generico de cidade, nao de rua (2,4x mais falha)
MEDIO;57;ESMALTERIA DONABELA UNHA E CABELO;Rua AUGUSTA 2212 Sao Paulo SP 01412000 Brazil;CEP generico de cidade, nao de rua (2,4x mais falha)
MEDIO;66;SIS COSMÉTICOS - SANKHA COSMÉTICOS COMERCIO LTDA ME;Rua GUARARAPES 401 Sao Paulo SP 04561000 Brazil;CEP generico de cidade, nao de rua (2,4x mais falha)
MEDIO;72;STUDIO TOPCURE NAIL LASHING DESIGNER;Rua DR MIRANDA DE AZEVEDO 161 Sao Paulo SP 05027000 Brazil;CEP generico de cidade, nao de rua (2,4x mais falha)
MEDIO;74;GAL  SALÃO BELEZA RARA;Rua CUNHA GAGO 258 Sao Paulo SP 05421000 Brazil;CEP generico de cidade, nao de rua (2,4x mais falha)
MEDIO;78;TENDENZA CABELEIREIROS;Avenida DEP EMILIO CARLOS 234 Sao Paulo SP 02720000 Brazil;CEP generico de cidade, nao de rua (2,4x mais falha)
MEDIO;81;FLÁVIA SOBRANCELHAS MICROPIGMENTAÇÃO;Avenida PADRE GREGORIO MAFRA 974 Sao Paulo SP 08230000 Brazil;CEP generico de cidade, nao de rua (2,4x mais falha)
MEDIO;90;IMPÉRIO DO OLHAR;RUA TIBURCIO DE SOUSA 1114 Sao Paulo SP 08140000 Brazil;CEP generico de cidade, nao de rua (2,4x mais falha)
MEDIO;102;BELEZA INDIANA;Avenida RANGEL PESTANA 2020 Sao Paulo SP 03002000 Brazil;CEP generico de cidade, nao de rua (2,4x mais falha)
MEDIO;106;NELIX HAIR;Rua DR NICOLAU DE SOUSA QUEIROS 81 Sao Paulo SP 04105000 Brazil;CEP generico de cidade, nao de rua (2,4x mais falha)
MEDIO;111;STUDIO YOU;Rua FILIPE CAMARAO 375 Sao Paulo SP 03065000 Brazil;CEP generico de cidade, nao de rua (2,4x mais falha)
MEDIO;115;BUDDHA SPA ACLIMAÇÃO;Rua PIRES DA MOTA 762 Sao Paulo SP 01529000 Brazil;CEP generico de cidade, nao de rua (2,4x mais falha)
MEDIO;118;PROMOLASER ESTÉTICA;Avenida BRIGADEIRO LUIS ANTONIO 2344 Sao Paulo SP 01402000 Brazil;CEP generico de cidade, nao de rua (2,4x mais falha)
MEDIO;123;CÍLIOS   PELE | VANESSA BRAGA - ESTÉTICA E LASH EM DOMICÍLIO E STÚDIO;RUA GILBERTO FREYRE 291 Sao Paulo SP 04849000 Brazil;CEP generico de cidade, nao de rua (2,4x mais falha)
MEDIO;127;BELEZA NA K2B;Rua RIBEIRO DE LIMA 493 Sao Paulo SP 01122000 Brazil;CEP generico de cidade, nao de rua (2,4x mais falha)
MEDIO;129;INSTITUTO BELLAKI;PRACA DA REPUBLICA 80 Sao Paulo SP 01045000 Brazil;CEP generico de cidade, nao de rua (2,4x mais falha)
MEDIO;131;ATELIÊ AMANDA BARBEITO;Rua SILVA BUENO 599 Sao Paulo SP 04208000 Brazil;CEP generico de cidade, nao de rua (2,4x mais falha)
MEDIO;135;BARBEARIA 15ZINHO;Avenida NORDESTINA 2237 Sao Paulo SP 08042000 Brazil;CEP generico de cidade, nao de rua (2,4x mais falha)
MEDIO;136;DEL CABELEIREIROS;Rua MARTINS FONTES 360 Sao Paulo SP 01306000 Brazil;CEP generico de cidade, nao de rua (2,4x mais falha)
MEDIO;142;GLAM HOUSE STUDIO;RUA MANUEL GAYA 1230 Sao Paulo SP 02313000 Brazil;CEP generico de cidade, nao de rua (2,4x mais falha)
MEDIO;145;MANICURE MARCINHA MANIMA COSMÉTICOS E ARMARINHOS;Avenida SANTA MONICA 941 Sao Paulo SP 05171000 Brazil;CEP generico de cidade, nao de rua (2,4x mais falha)
MEDIO;147;NÔ CABELEIREIROS;Rua DAVID EID 1007 Sao Paulo SP 04438000 Brazil;CEP generico de cidade, nao de rua (2,4x mais falha)
MEDIO;148;STUDIO CATARINE VIANI;Rua MARIA AMALIA LOPES AZEVEDO 516 Sao Paulo SP 02350000 Brazil;CEP generico de cidade, nao de rua (2,4x mais falha)
MEDIO;168;BENEFIT BROWBAR DESIGN DE SOBRANCELHAS - SEPHORA MORUMBI;Avenida ROQUE PETRONI JUNIOR 1089 Sao Paulo SP 04707000 Brazil;CEP generico de cidade, nao de rua (2,4x mais falha)
MEDIO;173;CENIRA CABELEIREIRA;Avenida DR ASSIS RIBEIRO 1920 Sao Paulo SP 03717000 Brazil;CEP generico de cidade, nao de rua (2,4x mais falha)
MEDIO;175;ARTISTE CAPILAR AFRO;Rua MORRO DO LIVRAMENTO 400 Sao Paulo SP 02281000 Brazil;CEP generico de cidade, nao de rua (2,4x mais falha)
MEDIO;178;SKINUP BEAUTY DEVICES;Avenida ANGELICA 321 Sao Paulo SP 01228000 Brazil;CEP generico de cidade, nao de rua (2,4x mais falha)
MEDIO;196;LOJA NATURA - BELEZARIA COSMÉTICOS;Avenida ELISIO CORDEIRO DE SIQUEIRA 773 Sao Paulo SP 05136000 Brazil;CEP generico de cidade, nao de rua (2,4x mais falha)
MEDIO;199;STUDIO INOVARE;Avenida CEL SEZEFREDO FAGUNDES 1811 Sao Paulo SP 02306000 Brazil;CEP generico de cidade, nao de rua (2,4x mais falha)
MEDIO;203;FERNANDA LIBERATI;Rua ITAPURA 829 Sao Paulo SP 03310000 Brazil;CEP generico de cidade, nao de rua (2,4x mais falha)
MEDIO;205;VERTA STUDIO;Avenida DO ANASTACIO 1475 Sao Paulo SP 05119000 Brazil;CEP generico de cidade, nao de rua (2,4x mais falha)
MEDIO;227;ONÌXI CABELEIREIROS;RUA APINAJES 470 Sao Paulo SP 01258000 Brazil;CEP generico de cidade, nao de rua (2,4x mais falha)
MEDIO;228;IVI ROCHA MICROPIGMENTAÇÃO;Rua ITAPURA 829 Sao Paulo SP 03310000 Brazil;CEP generico de cidade, nao de rua (2,4x mais falha)
MEDIO;234;SYN CONCEPT;Rua DR MIRANDA DE AZEVEDO 980 Sao Paulo SP 05027000 Brazil;CEP generico de cidade, nao de rua (2,4x mais falha)
MEDIO;236;ASSISTÊNCIA TÉCNICA PARA SALÕES;RUA JOAO DA CRUZ E SOUSA 694 Sao Paulo SP 05893000 Brazil;CEP generico de cidade, nao de rua (2,4x mais falha)
MEDIO;238;ESPAÇO JÉSSICA BORGES;Rua VERCINIO PEREIRA DE SOUZA 908 Sao Paulo SP 03945000 Brazil;CEP generico de cidade, nao de rua (2,4x mais falha)
MEDIO;239;ESTETICA SHIZEN - CARRÃO - TATUAPÉ -MICROAGULHAMENTO -CRIOLIPOLISE -BOTOX-PREENCHIMENTO-DRENAGEM LINFATICA- LIMPEZA DE PELE;Rua LUTECIA 429 Sao Paulo SP 03423000 Brazil;CEP generico de cidade, nao de rua (2,4x mais falha)
MEDIO;247;FAST ESCOVA TATUAPÉ;Rua ITAPURA 874 Sao Paulo SP 03310000 Brazil;CEP generico de cidade, nao de rua (2,4x mais falha)
MEDIO;267;LURDES CABELEIREIRA;Avenida JOAO XXIII 360 Sao Paulo SP 03361000 Brazil;CEP generico de cidade, nao de rua (2,4x mais falha)
MEDIO;279;GIOLASER LARGO DO SOCORRO;Avenida PASCOAL DA ROCHA FALCAO 367 Sao Paulo SP 04785000 Brazil;CEP generico de cidade, nao de rua (2,4x mais falha)
MEDIO;282;BENEFIT BROWBAR DESIGN DE SOBRANCELHAS - SEPHORA PÁTIO HIGIENÓPOLIS;Rua DR VEIGA FILHO 133 Sao Paulo SP 01238000 Brazil;CEP generico de cidade, nao de rua (2,4x mais falha)
MEDIO;289;JHAMES MENDES CABELEIREIRO;Rua SAO JORGE 28 Sao Paulo SP 03087000 Brazil;CEP generico de cidade, nao de rua (2,4x mais falha)
MEDIO;291;NÃO+PELO PARAÍSO;Rua DR TOMAS CARVALHAL 273 Sao Paulo SP 04006000 Brazil;CEP generico de cidade, nao de rua (2,4x mais falha)
MEDIO;298;HARMONIA SALÃO DE BELEZA E BARBEARIA;Avenida DR GUILHERME DUMONT VILARES 1481 Sao Paulo SP 05640000 Brazil;CEP generico de cidade, nao de rua (2,4x mais falha)
MEDIO;300;MANIA DE FROU FROU;Rua TITO 33 Sao Paulo SP 05051000 Brazil;CEP generico de cidade, nao de rua (2,4x mais falha)
MEDIO;315;STUDIO DAEMON - SALÃO DE BELEZA CERQUEIRA CÉSAR;Rua AUGUSTA 2403 Sao Paulo SP 01413000 Brazil;CEP generico de cidade, nao de rua (2,4x mais falha)
MEDIO;318;SALÃO DE BELEZA JÚNIOR CABELEIREIRO;Travessa MAURITI 613 Belem PA 66083000 Brazil;CEP generico de cidade, nao de rua (2,4x mais falha)
MEDIO;319;JÉSSICA FERRETI SPA;Avenida PADRE ARLINDO VIEIRA 772 Sao Paulo SP 04297000 Brazil;CEP generico de cidade, nao de rua (2,4x mais falha)
MEDIO;338;ESPAÇO SS VITÓRIA;Rua ALMERIA 340 Sao Paulo SP 03654000 Brazil;CEP generico de cidade, nao de rua (2,4x mais falha)
MEDIO;339;ESMALTERIA ALONGAMENTO DE UNHAS MB;Rua CRISTIANO VIANA 486 Sao Paulo SP 05411000 Brazil;CEP generico de cidade, nao de rua (2,4x mais falha)
MEDIO;343;D K MULHER VAIDOSA - SALÃO DE BELEZA JARAGUÁ;Rua FRIEDRICH VON VOITH 181 Sao Paulo SP 02995000 Brazil;CEP generico de cidade, nao de rua (2,4x mais falha)
MEDIO;347;KALLIVO'S HAIR;Rua LABATUT 422 Sao Paulo SP 04214000 Brazil;CEP generico de cidade, nao de rua (2,4x mais falha)
MEDIO;357;JACQUES JANINE SHOPPING CIDADE SÃO PAULO;Avenida PAULISTA 1230 Sao Paulo SP 01310000 Brazil;CEP generico de cidade, nao de rua (2,4x mais falha)
MEDIO;382;BOTOCLINIC JARDINS;Rua COLOMBIA 368 Sao Paulo SP 01438000 Brazil;CEP generico de cidade, nao de rua (2,4x mais falha)
MEDIO;387;BUDDHA SPA - MOOCA PLAZA SHOPPING;RUA CAPITAO PACHECO E CHAVES 313 Sao Paulo SP 03126000 Brazil;CEP generico de cidade, nao de rua (2,4x mais falha)
MEDIO;388;MARI BORGES BEAUTY;Rua DIANA 103 Sao Paulo SP 05019000 Brazil;CEP generico de cidade, nao de rua (2,4x mais falha)
MEDIO;395;ESPAÇO L;Rua DAS ROSAS 162 Sao Paulo SP 04048000 Brazil;CEP generico de cidade, nao de rua (2,4x mais falha)
MEDIO;399;LANAI BEAUTY;Avenida RAIMUNDO PEREIRA DE MAGALHAES 1600 Sao Paulo SP 05145000 Brazil;CEP generico de cidade, nao de rua (2,4x mais falha)
MEDIO;406;PALOMA MULLER STUDIO;Avenida POMPEIA 634 Sao Paulo SP 05022000 Brazil;CEP generico de cidade, nao de rua (2,4x mais falha)
MEDIO;410;ESPAÇO ANY ALCANTARA;Rua DO HORTO 35 Sao Paulo SP 02377000 Brazil;CEP generico de cidade, nao de rua (2,4x mais falha)
MEDIO;412;RAI TESOURAS;RUA SAO BENTO 290 Sao Paulo SP 01010000 Brazil;CEP generico de cidade, nao de rua (2,4x mais falha)
MEDIO;419;SALÃO HAVAÍ;Rua HAVAI 217 Sao Paulo SP 01259000 Brazil;CEP generico de cidade, nao de rua (2,4x mais falha)
MEDIO;428;STUDIO PRETTA;RUA BERNARDO DA R BERNARDO FONSECA LOBO 93 Sao Paulo SP 02358000 Brazil;CEP generico de cidade, nao de rua (2,4x mais falha)
MEDIO;430;LENINHA CABELEIREIRA;Rua ADELAIDE PAULINO 411 Fortaleza CE 61760000 Brazil;CEP generico de cidade, nao de rua (2,4x mais falha)
MEDIO;437;UNHAS SUELI BORGES;Rua BOA ESPERANCA 324 Sao Paulo SP 03408000 Brazil;CEP generico de cidade, nao de rua (2,4x mais falha)
MEDIO;455;GRAZIELLA YUMI / EXTENSIONISTA DE CÍLIOS E MICROPIGMENTADORA;Rua BENTO DE ANDRADE 496 Sao Paulo SP 01311000 Brazil;CEP generico de cidade, nao de rua (2,4x mais falha)
MEDIO;479;PRONTA ENTREGA;Rua MARIA AMALIA LOPES AZEVEDO 222 Sao Paulo SP 02350000 Brazil;CEP generico de cidade, nao de rua (2,4x mais falha)
MEDIO;485;CABELEIREIRO SALÃO DAS LOIRAS MARGARETE JANAINA;Avenida CUPECE 3516 Sao Paulo SP 04366000 Brazil;CEP generico de cidade, nao de rua (2,4x mais falha)
MEDIO;489;EDY CABELEIREIRO;RUA TENENTE JURANDIR ALENCAR 66 Fortaleza CE 60840000 Brazil;CEP generico de cidade, nao de rua (2,4x mais falha)
MEDIO;495;MARIA BONITA CABELEIREIROS;GALERIA NOVA BARAO R BARAO DE ITAPETININGA 37 Sao Paulo SP 01044000 Brazil;CEP generico de cidade, nao de rua (2,4x mais falha)
MEDIO;514;LUPATY CABELO E ESTÉTICA;Avenida DALILA 354 Sao Paulo SP 03520000 Brazil;CEP generico de cidade, nao de rua (2,4x mais falha)
MEDIO;523;TA BONITO SALÃO DE BELEZA E BARBEARIA;RUA PROFESSORA MARIA DE LOURDES S NOGUEIRA 138 Sao Paulo SP 04692000 Brazil;CEP generico de cidade, nao de rua (2,4x mais falha)
MEDIO;524;BUU EPILAÇÃO MASCULINA E FEMININA ESTÉTICA SÃO PAULO;RUA 7 DE ABRIL 154 Sao Paulo SP 01044000 Brazil;CEP generico de cidade, nao de rua (2,4x mais falha)
MEDIO;531;ANA BARCELOS - BEAUTY ARTIST;Rua ALMERIA 173 Sao Paulo SP 03654000 Brazil;CEP generico de cidade, nao de rua (2,4x mais falha)
MEDIO;542;TAMPOPO HAIR;Rua DA CONSOLACAO 3444 Sao Paulo SP 01416000 Brazil;CEP generico de cidade, nao de rua (2,4x mais falha)
MEDIO;549;ESPAÇO TATI CIRINO (TATI NOIVAS ) MAQUIADORA;RUA HUMBERTO BORTOLO 445 Sao Paulo SP 02352000 Brazil;CEP generico de cidade, nao de rua (2,4x mais falha)
MEDIO;555;ADILSON STUDIO HAIR;Avenida POMPEIA 563 Sao Paulo SP 05023000 Brazil;CEP generico de cidade, nao de rua (2,4x mais falha)
MEDIO;557;CELLY BEAUTY SALON;Rua FERNAO DIAS 40 Sao Paulo SP 05427000 Brazil;CEP generico de cidade, nao de rua (2,4x mais falha)
MEDIO;560;ANDREA DONATO STUDIO;Rua CARAIBAS 1089 Sao Paulo SP 05020000 Brazil;CEP generico de cidade, nao de rua (2,4x mais falha)
MEDIO;571;NEIDE MARVEILLUX CABELEIREIROS;Rua DR AUGUSTO DE MIRANDA 475 Sao Paulo SP 05026000 Brazil;CEP generico de cidade, nao de rua (2,4x mais falha)
MEDIO;574;STUDIO SEI BELLA - MAQUIAGEM PROFISSIONAL E MANICURE;RUA TUFIK MEREB 729 Sao Paulo SP 02985000 Brazil;CEP generico de cidade, nao de rua (2,4x mais falha)
MEDIO;577;SULLA ATELIÊ;Rua DR JACI BARBOSA 184 Sao Paulo SP 03447000 Brazil;CEP generico de cidade, nao de rua (2,4x mais falha)
MEDIO;583;LETICIA MARQUES BEAUTY;Rua COTOXO 303 Sao Paulo SP 05021000 Brazil;CEP generico de cidade, nao de rua (2,4x mais falha)
MEDIO;586;LIEGE - BELEZA E BEM-ESTAR;Rua DOS HELIOTROPIOS 136 Sao Paulo SP 04049000 Brazil;CEP generico de cidade, nao de rua (2,4x mais falha)
MEDIO;595;NEW CENTURY DEPILAÇÃO FEMININA;ALAMEDA SANTOS 336 Sao Paulo SP 01418000 Brazil;CEP generico de cidade, nao de rua (2,4x mais falha)
MEDIO;598;UNHAS EM GEL;PRACA DA ARVORE 109 Sao Paulo SP 04140000 Brazil;CEP generico de cidade, nao de rua (2,4x mais falha)
MEDIO;601;STUDIO LH;Rua SAO VICENTE DE PAULA 456 PIRAJU SP 18800000 Brazil;CEP generico de cidade, nao de rua (2,4x mais falha)
MEDIO;610;QUADRA DE ESPORTES;Rua ERNESTO BOTTONI 354 Sao Paulo SP 05223000 Brazil;CEP generico de cidade, nao de rua (2,4x mais falha)
MEDIO;616;CENTER CABELEIREIROS UNISSEX;Rua CATAO 72 Sao Paulo SP 05049000 Brazil;CEP generico de cidade, nao de rua (2,4x mais falha)
MEDIO;618;LAVANDARIO DAY SPA BY PAMELA DINIZ LTDA;RUA SERRA DA BOCAINA 562 Sao Paulo SP 03174000 Brazil;CEP generico de cidade, nao de rua (2,4x mais falha)
MEDIO;623;MEU CABELO NATURAL - SANTA CECÍLIA;ALAMEDA BARROS 44 Sao Paulo SP 01232000 Brazil;CEP generico de cidade, nao de rua (2,4x mais falha)
MEDIO;628;DE PONTA A PONTA HAIR;Rua ITAPURA 1207 Sao Paulo SP 03310000 Brazil;CEP generico de cidade, nao de rua (2,4x mais falha)
MEDIO;629;NÃO+PELO CANTAREIRA;Avenida NOVA CANTAREIRA 625 Sao Paulo SP 02331000 Brazil;CEP generico de cidade, nao de rua (2,4x mais falha)
MEDIO;633;CONTEMPORANEOS HAIR;Rua LUTECIA 891 Sao Paulo SP 03423000 Brazil;CEP generico de cidade, nao de rua (2,4x mais falha)
MEDIO;634;MAISLASER BROOKLIN;Avenida PADRE ANTONIO JOSE DOS SANTOS 1355 Sao Paulo SP 04563000 Brazil;CEP generico de cidade, nao de rua (2,4x mais falha)
MEDIO;639;KIARRO FASHION HAIR;ALAMEDA DOS GUAIOS 359 Sao Paulo SP 04070000 Brazil;CEP generico de cidade, nao de rua (2,4x mais falha)
MEDIO;647;MAISON JACQUES JANINE;Rua COLOMBIA 229 Sao Paulo SP 01438000 Brazil;CEP generico de cidade, nao de rua (2,4x mais falha)
MEDIO;650;STUDIO WE;RUA APINAJES 1057 Sao Paulo SP 05017000 Brazil;CEP generico de cidade, nao de rua (2,4x mais falha)
MEDIO;660;CIBELE MATOS HAIR;Rua DOZE DE OUTUBRO 200 Sao Paulo SP 05073000 Brazil;CEP generico de cidade, nao de rua (2,4x mais falha)
MEDIO;662;BARBEARIA DU BRONX;RUA GLICERIO 366 Sao Paulo SP 01514000 Brazil;CEP generico de cidade, nao de rua (2,4x mais falha)
MEDIO;663;EQUILIBRIO CABELO ESTÉTICA E BEM ESTAR;Rua ITAPEVA 32 Sao Paulo SP 01332000 Brazil;CEP generico de cidade, nao de rua (2,4x mais falha)
MEDIO;677;SPAÇO BELEZA STUDIO HAIR;Avenida DR CANDIDO MOTTA FILHO 108 Sao Paulo SP 05351000 Brazil;CEP generico de cidade, nao de rua (2,4x mais falha)
MEDIO;688;NÃO+PELO BUTANTÃ;RUA DR SILVIO DANTE BERTACCHI 69 Sao Paulo SP 05625000 Brazil;CEP generico de cidade, nao de rua (2,4x mais falha)
MEDIO;692;STUDIO ANGEL PERFECT | SALÃO DE BELEZA NA POMPÉIA;Rua COTOXO 423 Sao Paulo SP 05021000 Brazil;CEP generico de cidade, nao de rua (2,4x mais falha)
MEDIO;694;TUCURUVI;Rua PAULO DE FARIA 182 Sao Paulo SP 02267000 Brazil;CEP generico de cidade, nao de rua (2,4x mais falha)
MEDIO;706;LACES AND HAIR MOEMA;Avenida JURITI 192 Sao Paulo SP 04520000 Brazil;CEP generico de cidade, nao de rua (2,4x mais falha)
MEDIO;710;NATURA BELEZA VIVA;Rua COSTA BARROS 1022 Sao Paulo SP 03210000 Brazil;CEP generico de cidade, nao de rua (2,4x mais falha)
MEDIO;714;ZOEM ESTHETIC CENTER COMÉRCIO E SERVIÇOS;RUA HADDOCK LOBO 608 Sao Paulo SP 01414000 Brazil;CEP generico de cidade, nao de rua (2,4x mais falha)
MEDIO;733;CABELOS POR VIVIIH SANTANA;Rua APARECIDA DO TABOADO 1181 Sao Paulo SP 02814000 Brazil;CEP generico de cidade, nao de rua (2,4x mais falha)
MEDIO;734;LUZES;Rua DA MOOCA 1103 Sao Paulo SP 03104000 Brazil;CEP generico de cidade, nao de rua (2,4x mais falha)
MEDIO;737;VIDA HAIR BRASIL;Rua GIRASSOL 34 Sao Paulo SP 05433000 Brazil;CEP generico de cidade, nao de rua (2,4x mais falha)
MEDIO;741;SALÃO OS GUERREIROS ELE E ELA;Avenida NAGIB FARAH MALUF 407 Sao Paulo SP 08255000 Brazil;CEP generico de cidade, nao de rua (2,4x mais falha)
MEDIO;746;ROSA GARCIA CABELEIREIRO;Rua TOBIAS BARRETO 175 Sao Paulo SP 03176000 Brazil;CEP generico de cidade, nao de rua (2,4x mais falha)
MEDIO;748;ROCK BARBA - BARBEARIA;Rua CIPRIANO BARATA 622 Sao Paulo SP 04205000 Brazil;CEP generico de cidade, nao de rua (2,4x mais falha)
MEDIO;752;MEDICALVIS;Avenida QUEIROZ FILHO 1700 Sao Paulo SP 05319000 Brazil;CEP generico de cidade, nao de rua (2,4x mais falha)
MEDIO;756;CLEOPATRA ( JANET BEAUTY );Rua ITAPURA 1399 Sao Paulo SP 03310000 Brazil;CEP generico de cidade, nao de rua (2,4x mais falha)
MEDIO;757;EXTENSÃO DE CÍLIOS & DESIGN DE SOBRANCELHAS - CURSOS E ATENDIMENTOS - BROW LAMINATION, LASH LIFTING, VILA DOS REMÉDIOS;RUA ANTONIO AYROSA AV DOS REMEDIOS 900 Sao Paulo SP 05103000 Brazil;CEP generico de cidade, nao de rua (2,4x mais falha)
MEDIO;765;GIOLASER ITAIM PAULISTA - DEPILAÇÃO A LASER E ESTÉTICA;RUA TIBURCIO DE SOUSA 406 Sao Paulo SP 08140000 Brazil;CEP generico de cidade, nao de rua (2,4x mais falha)
MEDIO;767;ELIANA STUDIO LAPA - CABELEIREIRA  MANICURE UNISSEX;Rua DRONSFIELD 183 Sao Paulo SP 05074000 Brazil;CEP generico de cidade, nao de rua (2,4x mais falha)
MEDIO;768;MW MY WAY;Avenida NOSSA SRA DO SABARA 488 Sao Paulo SP 04686000 Brazil;CEP generico de cidade, nao de rua (2,4x mais falha)
MEDIO;769;MIRAGEM CABELEIREIRO UNISSEX;Rua EPAMINONDAS MELO DO AMARAL 58 Sao Paulo SP 02542000 Brazil;CEP generico de cidade, nao de rua (2,4x mais falha)
MEDIO;772;LEIDE SILVA MANICURE E DESIGNER DE SOBRANCELHAS;Rua ALZIRO PINHEIRO MAGALHAES 1200 Sao Paulo SP 04855000 Brazil;CEP generico de cidade, nao de rua (2,4x mais falha)
MEDIO;776;PEREIRA BEAUTY;Rua CATOLANDIA 463 Sao Paulo SP 02839000 Brazil;CEP generico de cidade, nao de rua (2,4x mais falha)
MEDIO;777;SALÃO DE BELEZA DIWAS;Rua ANTONIO DE MACEDO SOARES 1140 Sao Paulo SP 04607000 Brazil;CEP generico de cidade, nao de rua (2,4x mais falha)
MEDIO;790;SALAO CESAR MARTINS;Avenida LINS DE VASCONCELOS 1555 Sao Paulo SP 01537000 Brazil;CEP generico de cidade, nao de rua (2,4x mais falha)
MEDIO;796;LUCIANO BOY;Rua BALTHAZAR DA VEIGA 264 Sao Paulo SP 04510000 Brazil;CEP generico de cidade, nao de rua (2,4x mais falha)
MEDIO;802;STUDIO BRUNA OLLIVEIRA 01;Rua VAZ MUNIZ 148 Sao Paulo SP 02337000 Brazil;CEP generico de cidade, nao de rua (2,4x mais falha)
MEDIO;811;BUDDHA SPA ALTO DA LAPA;Rua PIO XI 765 Sao Paulo SP 05060000 Brazil;CEP generico de cidade, nao de rua (2,4x mais falha)
MEDIO;812;ESTUDIO RDL;Rua HORTENCIA ALBUQUERQUE ORLANDINO 508 TABOAO DA SERRA SP 06767000 Brazil;CEP generico de cidade, nao de rua (2,4x mais falha)
MEDIO;818;STUDIO BEATRIZ VIEIRA;RUA MANUEL GAYA 745 Sao Paulo SP 02313000 Brazil;CEP generico de cidade, nao de rua (2,4x mais falha)
MEDIO;829;STUDIO THE CABELO & ESTÉTICA;Rua CONSELHEIRO FURTADO 348 Sao Paulo SP 01511000 Brazil;CEP generico de cidade, nao de rua (2,4x mais falha)
MEDIO;831;LAS VEGAS CABELEIREIROS;Rua BOM JESUS DO MONTE 548 Sao Paulo SP 03579000 Brazil;CEP generico de cidade, nao de rua (2,4x mais falha)
MEDIO;839;BARBEARIA EDGAR CAVALCANTI;Rua MARIA AMALIA LOPES AZEVEDO 352 Sao Paulo SP 02350000 Brazil;CEP generico de cidade, nao de rua (2,4x mais falha)
MEDIO;843;CÉSAR CABELEIREIRO;Avenida BEIJAMIM CAPUSSO 491 Sao Paulo SP Brazil;"cidade divergente: coluna diz 'São Paulo' e o endereco diz 'EM FRENTE AO COLÉGIO DAS FLERAS'; mantida a da coluna"
MEDIO;857;GRAN OILS ÓLEOS NATURAIS;RUA MARCONI 23 Sao Paulo SP 01047000 Brazil;CEP generico de cidade, nao de rua (2,4x mais falha)
MEDIO;865;SANDRO CABELEIREIRO;Rua INACIO MONTEIRO 876 Sao Paulo SP 08490000 Brazil;CEP generico de cidade, nao de rua (2,4x mais falha)
MEDIO;869;CECIBEAUTY;Avenida ANGELICA 688 Sao Paulo SP 01228000 Brazil;CEP generico de cidade, nao de rua (2,4x mais falha)
MEDIO;883;BAZUH;ALAMEDA JAU 72 Sao Paulo SP 01420000 Brazil;CEP generico de cidade, nao de rua (2,4x mais falha)
MEDIO;884;ALÉM DO OLHAR PERDIZES;RUA IPEROIG 719 Sao Paulo SP 05016000 Brazil;CEP generico de cidade, nao de rua (2,4x mais falha)
MEDIO;899;CLÍNICA MARA ESTÉTICA;Rua DR ARTUR FAJARDO 176 Sao Paulo SP 02963000 Brazil;CEP generico de cidade, nao de rua (2,4x mais falha)
MEDIO;900;STUDIO RAQUEL MARTINS;Rua TACIBA 117B Sao Paulo SP 04350000 Brazil;CEP generico de cidade, nao de rua (2,4x mais falha)
MEDIO;906;BELEZA NATURAL - ESPECIALISTA EM MECHAS LOIRAS;Avenida PADRE ARLINDO VIEIRA 1225 Sao Paulo SP 04297000 Brazil;CEP generico de cidade, nao de rua (2,4x mais falha)
MEDIO;911;ESPAÇO PRANA SPA;Travessa CASALBUONO 120 Sao Paulo SP 02049000 Brazil;CEP generico de cidade, nao de rua (2,4x mais falha)
MEDIO;913;SONIA CABELEIREIROS;Rua MARIA AMALIA LOPES AZEVEDO 2689 Sao Paulo SP 02350000 Brazil;CEP generico de cidade, nao de rua (2,4x mais falha)
MEDIO;914;STUDIO NATASHA ANDRIELLI - MANICURE E PEDICURE;Rua SAO GONCALO DO ABAETE 432 Sao Paulo SP 02870000 Brazil;CEP generico de cidade, nao de rua (2,4x mais falha)
MEDIO;918;LOJA DE COSMÉTICOS NATURA;Avenida ANTONIO LOUZADA ANTUNES 267 Sao Paulo SP 08061000 Brazil;CEP generico de cidade, nao de rua (2,4x mais falha)
MEDIO;926;4U CO.;Rua PADRE RAPOSO 114 Sao Paulo SP 03118000 Brazil;CEP generico de cidade, nao de rua (2,4x mais falha)
MEDIO;931;D S MANICURE;Rua CATUABA 97 Sao Paulo SP 03208000 Brazil;CEP generico de cidade, nao de rua (2,4x mais falha)
MEDIO;932;STUDIO TEZ SPA DO CABELO;Rua DIOGO JACOME 337 Sao Paulo SP 04512000 Brazil;CEP generico de cidade, nao de rua (2,4x mais falha)
MEDIO;936;BARBEARIA HERA;Avenida CELSO GARCIA 3390 Sao Paulo SP 03064000 Brazil;CEP generico de cidade, nao de rua (2,4x mais falha)
MEDIO;942;PRO BEAUTY CARE;Avenida THOMAS EDISON 423 Sao Paulo SP 01140000 Brazil;CEP generico de cidade, nao de rua (2,4x mais falha)
MEDIO;948;BARBEARIA JONATHAN OFICIAL;Rua MAURO DE ARAUJO RIBEIRO 168 Sao Paulo SP 05182000 Brazil;CEP generico de cidade, nao de rua (2,4x mais falha)
MEDIO;956;SUELY CECILIA CABELO ESTETICA;Avenida BRIGADEIRO LUIS ANTONIO 2726 Sao Paulo SP 01402000 Brazil;CEP generico de cidade, nao de rua (2,4x mais falha)
MEDIO;957;LURDES CABELO E ESTÉTICA;Avenida VILA EMA 1484 Sao Paulo SP 03282000 Brazil;CEP generico de cidade, nao de rua (2,4x mais falha)
MEDIO;958;BARBEARIA EXPRESS - BELA CINTRA;Rua FERNANDO DE ALBUQUERQUE 187 Sao Paulo SP 01415000 Brazil;CEP generico de cidade, nao de rua (2,4x mais falha)
MEDIO;961;LESS;Rua MONTE ALEGRE 362 Sao Paulo SP 05014000 Brazil;CEP generico de cidade, nao de rua (2,4x mais falha)
MEDIO;967;MODELLUS CABELEIREIROS;Avenida CARLOS ADOR DE SOUZA 139 Cuiaba MT 07893000 Brazil;CEP generico de cidade, nao de rua (2,4x mais falha)
MEDIO;971;CABELEIREIRO JATOBÁ;RUA MELCHIOR GIOLA 707 Sao Paulo SP 05664000 Brazil;CEP generico de cidade, nao de rua (2,4x mais falha)
MEDIO;974;SALÃO DE BELEZA ROSA DE SARON & CIA;RUA MANUEL GAYA 819 Sao Paulo SP 02313000 Brazil;CEP generico de cidade, nao de rua (2,4x mais falha)
MEDIO;975;COLA NA VAN;Rua AUGUSTA 2072 Sao Paulo SP 01412000 Brazil;CEP generico de cidade, nao de rua (2,4x mais falha)
MEDIO;976;GALERIA FLÓRIDA LOJA 08;Rua AUGUSTA 2212 Sao Paulo SP Brazil;"cidade divergente: coluna diz 'São Paulo' e o endereco diz 'CEP'; mantida a da coluna"
MEDIO;979;CÉLIA MENEGHINI CABELO & ESTÉTICA;RUA ECA DE QUEIROZ 275 Sao Paulo SP 04011000 Brazil;CEP generico de cidade, nao de rua (2,4x mais falha)
MEDIO;980;POLI MEDICAL;RUA DAS HORTENSIAS 55 Sao Paulo SP 04051000 Brazil;CEP generico de cidade, nao de rua (2,4x mais falha)
MEDIO;981;EL MAKEUP;Rua COLOMBIA 84 Sao Paulo SP 01438000 Brazil;CEP generico de cidade, nao de rua (2,4x mais falha)
MEDIO;995;AKAI CABELOS E ESTÉTICA;Avenida EDU CHAVES 632 Sao Paulo SP 02229000 Brazil;CEP generico de cidade, nao de rua (2,4x mais falha)
MEDIO;997;STUDIO SOFIA PRADO NAILS;Avenida LINS DE VASCONCELOS 1051 Sao Paulo SP 01537000 Brazil;CEP generico de cidade, nao de rua (2,4x mais falha)
MEDIO;1000;JULIANA COSTA MICROBLADING;Rua FERNAO DIAS 40 Sao Paulo SP 05427000 Brazil;CEP generico de cidade, nao de rua (2,4x mais falha)
MEDIO;1005;BARBEARIA BLACK ZONE TATUAPÉ;Rua TIJUCO PRETO 135 Sao Paulo SP 03316000 Brazil;CEP generico de cidade, nao de rua (2,4x mais falha)
MEDIO;1012;MILK CABELEIREIROS UNISSEX;Avenida GENERAL PENHA BRASIL 1854 Sao Paulo SP 02673000 Brazil;CEP generico de cidade, nao de rua (2,4x mais falha)
MEDIO;1027;LINDA FLOR | MANICURE E SALÃO DE BELEZA EM VELEIROS;Avenida JUAN ESPER 191 Sao Paulo SP 04771000 Brazil;CEP generico de cidade, nao de rua (2,4x mais falha)
MEDIO;1032;L&M STUDIO STETIC HAIR;Avenida JOSINO VIEIRA DE GOES 134 Sao Paulo SP 02319000 Brazil;CEP generico de cidade, nao de rua (2,4x mais falha)
MEDIO;1033;LA BELLA STUDIO;Rua ANTONIO DO CAMPO 20 Sao Paulo SP 04459000 Brazil;CEP generico de cidade, nao de rua (2,4x mais falha)
MEDIO;1037;STUDIO E CABELEIREIROS;Rua ALTINOPOLIS 201 Sao Paulo SP 02334000 Brazil;CEP generico de cidade, nao de rua (2,4x mais falha)
MEDIO;1038;NOVO STILOS CABELEIREIRO;Avenida IMPERADOR 3350 Sao Paulo SP 08051000 Brazil;CEP generico de cidade, nao de rua (2,4x mais falha)
MEDIO;1040;JULIANA AGIS BEAUTY;Rua JOSE DE ALBUQUERQUE MEDEIROS 918 Sao Paulo SP 02336000 Brazil;CEP generico de cidade, nao de rua (2,4x mais falha)
MEDIO;1043;SALÃO DE BELEZA FLOR DE LIS MIRANDÓPOLIS SP;Avenida SENADOR CASEMIRO DA ROCHA 1021 Sao Paulo SP 04047000 Brazil;CEP generico de cidade, nao de rua (2,4x mais falha)
MEDIO;1044;ESPAÇO DA BELEZA RICK & LULY;Avenida LINS DE VASCONCELOS 105 Sao Paulo SP 01537000 Brazil;CEP generico de cidade, nao de rua (2,4x mais falha)
MEDIO;1047;J.B. CABELEIREIROS;Avenida AV DR LUIS ARROBAS MARTINS 52 Sao Paulo SP 04781000 Brazil;CEP generico de cidade, nao de rua (2,4x mais falha)
MEDIO;1048;SALA VIP;Rua SERRA DE BRAGANCA 60 Sao Paulo SP 03318000 Brazil;CEP generico de cidade, nao de rua (2,4x mais falha)
MEDIO;1059;SAM HAIR PERDIZES;Rua MONTE ALEGRE 453 Sao Paulo SP 05014000 Brazil;CEP generico de cidade, nao de rua (2,4x mais falha)
MEDIO;1072;STUDIO AFRODITE SP;Rua SAO GONCALO DO ABAETE 227 Sao Paulo SP 02870000 Brazil;CEP generico de cidade, nao de rua (2,4x mais falha)
MEDIO;1075;CAMARIM DAS SOBRANCELHAS;Avenida RAIMUNDO PEREIRA DE MAGALHAES 1089 Sao Paulo SP 05145000 Brazil;CEP generico de cidade, nao de rua (2,4x mais falha)
MEDIO;1078;BOTOPELE;Rua BARAO DE ITAPETININGA 124 Sao Paulo SP 01042000 Brazil;CEP generico de cidade, nao de rua (2,4x mais falha)
MEDIO;1088;BROTHERS BARBEARIA;Avenida DAS GAROUPAS 523 Sao Paulo SP 04473000 Brazil;CEP generico de cidade, nao de rua (2,4x mais falha)
MEDIO;1089;STUDIO SARAH RANDAZZO;Rua ITAPURA 1335 Sao Paulo SP 03310000 Brazil;CEP generico de cidade, nao de rua (2,4x mais falha)
MEDIO;1098;AMAZONIAN SPA;Avenida DAS NACOES UNIDAS 12901 Sao Paulo SP 04578000 Brazil;CEP generico de cidade, nao de rua (2,4x mais falha)
MEDIO;1100;SALÃO MIL E 500 - HIGIENÓPOLIS;Rua ALAGOAS 148 Sao Paulo SP 01242000 Brazil;CEP generico de cidade, nao de rua (2,4x mais falha)
MEDIO;1103;CLEA CABELEIREIROS;Rua AUGUSTA 2633 Sao Paulo SP 01412000 Brazil;CEP generico de cidade, nao de rua (2,4x mais falha)
MEDIO;1106;TANARA ERIKA CABELEIREIROS;Rua CLELIA 588 Sao Paulo SP 05042000 Brazil;CEP generico de cidade, nao de rua (2,4x mais falha)
MEDIO;1107;STUDIO 178;Avenida MAL JUAREZ TAVORA 178 Sao Paulo SP 05750000 Brazil;CEP generico de cidade, nao de rua (2,4x mais falha)
MEDIO;1119;LULI ESMALTARIA;Rua AUGUSTA 1492 Sao Paulo SP 01305000 Brazil;CEP generico de cidade, nao de rua (2,4x mais falha)
MEDIO;1122;CLÍNICA CORPO SPA | SPA DAY SÃO PAULO| DIA DA NOIVA | EMAGRECER | MANICURE E PEDICURE BOSQUE DA SAÚDE- SP;Avenida ITABORAI 192 Sao Paulo SP 04135000 Brazil;CEP generico de cidade, nao de rua (2,4x mais falha)
MEDIO;1127;SEMHORA UNHA IPIRANGA - MANICURE;RUA PADRE MARCHETTI 616 Sao Paulo SP 04266000 Brazil;CEP generico de cidade, nao de rua (2,4x mais falha)
MEDIO;1130;AMARYNTHE SPA;Rua HUNGRIA 514 Sao Paulo SP 01455000 Brazil;CEP generico de cidade, nao de rua (2,4x mais falha)
MEDIO;1132;JACQUES JANINE MORUMBI;Avenida GIOVANNI GRONCHI 1485 Sao Paulo SP 05618000 Brazil;CEP generico de cidade, nao de rua (2,4x mais falha)
MEDIO;1142;M2 HAIR & BEAUTY;Rua JOSE MARIA LISBOA 662 Sao Paulo SP 01423000 Brazil;CEP generico de cidade, nao de rua (2,4x mais falha)
MEDIO;1149;ESPAÇO ALBA;PRACA DA SE 82 Sao Paulo SP 01010000 Brazil;CEP generico de cidade, nao de rua (2,4x mais falha)
MEDIO;1150;PAKA STUDIO BELLA;Rua USHIKICHI KAMIYA 733 Sao Paulo SP 02323000 Brazil;CEP generico de cidade, nao de rua (2,4x mais falha)
MEDIO;1152;MANA COMÉRCIO DE COSMÉTICOS;Avenida PROF ALFONSO BOVERO 514 Sao Paulo SP 01254000 Brazil;CEP generico de cidade, nao de rua (2,4x mais falha)
MEDIO;1154;BARETTA VIP CABELEIREIROS UNISSEX;RUA 13 DE JUNHO 2006 Cuiaba MT 78025000 Brazil;CEP generico de cidade, nao de rua (2,4x mais falha)
MEDIO;1155;YOU HAIR CONCEPT;Avenida DR CANDIDO MOTTA FILHO 459 Sao Paulo SP 05351000 Brazil;CEP generico de cidade, nao de rua (2,4x mais falha)
MEDIO;1157;JÔ CABELEIREIROS;Avenida JABAQUARA 323 Sao Paulo SP 04045000 Brazil;CEP generico de cidade, nao de rua (2,4x mais falha)
MEDIO;1160;JUAREZ CABELEIREIRO;Avenida DO RIO PEQUENO 1824 Sao Paulo SP 05379000 Brazil;CEP generico de cidade, nao de rua (2,4x mais falha)
MEDIO;1164;AQUA ESTÉTICA E BELEZA;Rua BARAO DO BANANAL 1067 Sao Paulo SP 05024000 Brazil;CEP generico de cidade, nao de rua (2,4x mais falha)
MEDIO;1166;ANDREIA VIEIRA;Rua BANDEIRA DO SUL 146 Sao Paulo SP 03944000 Brazil;CEP generico de cidade, nao de rua (2,4x mais falha)
MEDIO;1167;BEAUTY SPACE CAMBUCI;Avenida LINS DE VASCONCELOS 932 Sao Paulo SP 01538000 Brazil;CEP generico de cidade, nao de rua (2,4x mais falha)
MEDIO;1172;CAAPUÃ SPA;RUA PEDRO POMPONAZZI 71 Sao Paulo SP 04115000 Brazil;CEP generico de cidade, nao de rua (2,4x mais falha)
MEDIO;1186;LOUNGE DARIO BECA;Avenida PACAEMBU 1492 Sao Paulo SP 01234000 Brazil;CEP generico de cidade, nao de rua (2,4x mais falha)
MEDIO;1189;MANICURE TATUAPÉ - SPA DOS PÉS - MEIRE FERNANDES ESMALTERIA;Rua SERRA DE BRAGANCA 1358 Sao Paulo SP 03618000 Brazil;CEP generico de cidade, nao de rua (2,4x mais falha)
MEDIO;1198;MARICOTINHA STUDIO DE BELEZA;Avenida PROF ALFONSO BOVERO 301 Sao Paulo SP 12540000 Brazil;CEP generico de cidade, nao de rua (2,4x mais falha)
MEDIO;1201;MAISLASER SAÚDE;RUA BORGES LAGOA 426 Sao Paulo SP 04038000 Brazil;CEP generico de cidade, nao de rua (2,4x mais falha)
MEDIO;1205;BARBEARIA JG;Rua TOBIAS BARRETO 1081 Sao Paulo SP 03176000 Brazil;CEP generico de cidade, nao de rua (2,4x mais falha)
MEDIO;1212;VILLE D'POMPEIE CABELEIREIROS;Rua CLELIA 295 Sao Paulo SP 05042000 Brazil;CEP generico de cidade, nao de rua (2,4x mais falha)
MEDIO;1221;M2 SALÃO DE BELEZA   CABELEIREIROS EM MOEMA - M2 HAIR STUDIO;ALAMEDA IRAE 361 Sao Paulo SP 04075000 Brazil;CEP generico de cidade, nao de rua (2,4x mais falha)
MEDIO;1223;STUDIO CAPITAL BEAUTY;Rua PIRATININGA 201 Sao Paulo SP 03042000 Brazil;CEP generico de cidade, nao de rua (2,4x mais falha)
MEDIO;1229;BEAUTY TOKYO;Rua APENINOS 664 Sao Paulo SP 01533000 Brazil;CEP generico de cidade, nao de rua (2,4x mais falha)
MEDIO;1230;PUREZA CLÍNICA ESTÉTICA AVANÇADA;Rua ITAPURA 726 Sao Paulo SP 03310000 Brazil;CEP generico de cidade, nao de rua (2,4x mais falha)
MEDIO;1239;STÚDIO A CABELEIREIRO E MANICURE;Rua TUIUTI 974 Sao Paulo SP 03081000 Brazil;CEP generico de cidade, nao de rua (2,4x mais falha)
MEDIO;1252;STUDIO RENATO GILBENES;Rua FRANCA PINTO 650 Sao Paulo SP 04016000 Brazil;CEP generico de cidade, nao de rua (2,4x mais falha)
MEDIO;1256;STUDIO LT;Rua DR ARTUR FAJARDO 56 Sao Paulo SP 02963000 Brazil;CEP generico de cidade, nao de rua (2,4x mais falha)
MEDIO;1289;SALÃO DO BEIÇO;Rua DR PAULO RIBEIRO COELHO 280 Sao Paulo SP 05374000 Brazil;CEP generico de cidade, nao de rua (2,4x mais falha)
MEDIO;1292;GILSON CABELEIREIRO;AV CASA GRANDE 999 Sao Paulo SP 03260000 Brazil;CEP generico de cidade, nao de rua (2,4x mais falha)
MEDIO;1293;STUDIO QUEIROZ;Rua BARAO DE TRAMANDAI 600 Sao Paulo SP 03207000 Brazil;CEP generico de cidade, nao de rua (2,4x mais falha)
MEDIO;1296;LOJA NATURA MAX;GALERIA ASSAI AV SEN TEOTONIO VILELA 2926 Sao Paulo SP 04801000 Brazil;CEP generico de cidade, nao de rua (2,4x mais falha)
MEDIO;1297;LUMAZIL INDÚSTRIA E COMÉRCIO LTDA;AVENIDA DAS CEREJEIRAS 744 Sao Paulo SP 02124000 Brazil;CEP generico de cidade, nao de rua (2,4x mais falha)
MEDIO;1299;GAL, SALÃO MÁRCIO E FRAN;Rua MIN GODOI 936 Sao Paulo SP 05015000 Brazil;CEP generico de cidade, nao de rua (2,4x mais falha)
MEDIO;1307;CAUDALIE;Avenida HIGIENOPOLIS 618 Sao Paulo SP 01238000 Brazil;CEP generico de cidade, nao de rua (2,4x mais falha)
MEDIO;1309;DEPYL ACTION DOCA;Avenida VISC DE SOUZA FRANCO 441 Belem PA 66000000 Brazil;CEP generico de cidade, nao de rua (2,4x mais falha)
MEDIO;1310;9 BOUTIQUE BEAUTY SPA SALON;Avenida NOVE DE JULHO 3624 Sao Paulo SP 01406000 Brazil;CEP generico de cidade, nao de rua (2,4x mais falha)
MEDIO;1320;STUDIO MARINA DIAS BEAUTY;RUA ELISA SILVEIRA 203 Sao Paulo SP 04152000 Brazil;CEP generico de cidade, nao de rua (2,4x mais falha)
MEDIO;1323;D'LOURDES CABELEIREIRA;RUA LUIS PITTA 433 Sao Paulo SP 03961000 Brazil;CEP generico de cidade, nao de rua (2,4x mais falha)
MEDIO;1325;VIVIANE BRANDHÃO;RUA ITAPURA 300 Sao Paulo SP 03310000 Brazil;CEP generico de cidade, nao de rua (2,4x mais falha)
MEDIO;1326;MEGAHAIRINVISÍVEL - STUDIO TATI CORDEIRO;ALAMEDA DOS MARACATINS 186 Sao Paulo SP 04089000 Brazil;CEP generico de cidade, nao de rua (2,4x mais falha)
MEDIO;1337;GLAMOUR SPAÇO HAIR;Rua ANTONIO DO CAMPO 779 Sao Paulo SP 04459000 Brazil;CEP generico de cidade, nao de rua (2,4x mais falha)
MEDIO;1344;MAISON LUIZZA SP;Rua GUARARA 84 Sao Paulo SP 01425000 Brazil;CEP generico de cidade, nao de rua (2,4x mais falha)
MEDIO;1350;ESPAÇO AMARANTO UNIDADE FREGUESIA DO Ó - ESTÉTICA, BELEZA E BEM ESTAR;Rua BONIFACIO CUBAS 645 Sao Paulo SP 02731000 Brazil;CEP generico de cidade, nao de rua (2,4x mais falha)
MEDIO;1356;CK HARMONIZACAO AVANCADA;RUA PAULISTANIA 242 Sao Paulo SP 05440000 Brazil;CEP generico de cidade, nao de rua (2,4x mais falha)
MEDIO;1357;STUDIO D;Rua TRAIPU 208 Sao Paulo SP 01235000 Brazil;CEP generico de cidade, nao de rua (2,4x mais falha)
MEDIO;1369;LOURENÇA CABELEIREIRA;Avenida NOVA INDEPENDENCIA 439 Sao Paulo SP 04570000 Brazil;CEP generico de cidade, nao de rua (2,4x mais falha)
MEDIO;1372;S.O.S UNHAS/ MARI BORGES BEAUTY;Rua DIANA 103 Sao Paulo SP 05019000 Brazil;CEP generico de cidade, nao de rua (2,4x mais falha)
MEDIO;1379;GABSBEAUTY;Rua DO ORATORIO 789 Sao Paulo SP 03116000 Brazil;CEP generico de cidade, nao de rua (2,4x mais falha)
MEDIO;1382;ESPAÇO ISA OLIVER;Rua AUGUSTA 2149 Sao Paulo SP 01413000 Brazil;CEP generico de cidade, nao de rua (2,4x mais falha)
MEDIO;1389;GABRIELLA HAIRSTYLE;RUA GLICERIO 66 Sao Paulo SP 01514000 Brazil;CEP generico de cidade, nao de rua (2,4x mais falha)
MEDIO;1391;STUDIO CAMILA COSTA;RUA PERO VIDAL 1018 Sao Paulo SP 02268000 Brazil;CEP generico de cidade, nao de rua (2,4x mais falha)
MEDIO;1395;SALÃO DE BELEZA TODA LINDA;RUA FRANCISCO REBELO 577 Sao Paulo SP 03212000 Brazil;CEP generico de cidade, nao de rua (2,4x mais falha)
MEDIO;1400;STUDIO LI SILVEIRA;Rua BRG XAVIER DE BRITO 274 Sao Paulo SP 02551000 Brazil;CEP generico de cidade, nao de rua (2,4x mais falha)
MEDIO;1410;ELO NAILS ART;Avenida MOACI 313 Sao Paulo SP 04083000 Brazil;CEP generico de cidade, nao de rua (2,4x mais falha)
MEDIO;1416;LAN TATTOO - ESTÚDIO DE TATUAGEM;Avenida SAO MIGUEL 580 Sao Paulo SP 03620000 Brazil;CEP generico de cidade, nao de rua (2,4x mais falha)
MEDIO;1418;DANY FASHION HAIR;Avenida IMPERADOR 5235 Sao Paulo SP 08050000 Brazil;CEP generico de cidade, nao de rua (2,4x mais falha)
MEDIO;1432;ORION CABELEIREIROS;ALAMEDA BARAO DE LIMEIRA 608 Sao Paulo SP 01202000 Brazil;CEP generico de cidade, nao de rua (2,4x mais falha)
MEDIO;1437;NÃO+PELO MOOCA;Avenida PAES DE BARROS 534 Sao Paulo SP 03114000 Brazil;CEP generico de cidade, nao de rua (2,4x mais falha)
MEDIO;1439;USE ORGÂNICO | AROMATERAPIA E COSMÉTICOS VEGANOS, NATURAIS E ORGÂNICOS;Avenida SAO LUIS 94 Sao Paulo SP 01046000 Brazil;CEP generico de cidade, nao de rua (2,4x mais falha)
MEDIO;1445;GIOLASER TUCURUVI;Avenida MAZZEI 33 Sao Paulo SP 02310000 Brazil;CEP generico de cidade, nao de rua (2,4x mais falha)
MEDIO;1446;DEPIL MIX - BODY & HAIR;RUA ALEXANDRE DUMAS 507 Sao Paulo SP 04717000 Brazil;CEP generico de cidade, nao de rua (2,4x mais falha)
MEDIO;1453;MUSA DA BELEZA;RUA WENCESLAU GUIMARAES 772B Sao Paulo SP 03823000 Brazil;CEP generico de cidade, nao de rua (2,4x mais falha)
MEDIO;1454;TRIBOS AFRO STYLE;Rua ULISSES PASCHOAL 373 Sao Paulo SP 04384000 Brazil;CEP generico de cidade, nao de rua (2,4x mais falha)
MEDIO;1457;MASSOTERAPIA | ACUPUNTURA | DRENAGEM LINFÁTICA | MASSAGEM | CLÍNICA ESTÉTICA PANACÉIA - PONTE RASA ERMELINO MATARAZZO SP;Rua CARNAUBA DOS DANTAS 422 Sao Paulo SP 03891000 Brazil;CEP generico de cidade, nao de rua (2,4x mais falha)
MEDIO;1459;INSTITUTO DEPILAÇÃO PINK'S;Rua GUARAU 106 Sao Paulo SP 04046000 Brazil;CEP generico de cidade, nao de rua (2,4x mais falha)
MEDIO;1465;STUDIO FABI NAILS;Rua MARIA AMALIA LOPES AZEVEDO 122 Sao Paulo SP 02350000 Brazil;CEP generico de cidade, nao de rua (2,4x mais falha)
MEDIO;1477;L'ESPACE CABELO & MODAS;Avenida CONSELHEIRO RODRIGUES ALVES 282 Sao Paulo SP 04014000 Brazil;CEP generico de cidade, nao de rua (2,4x mais falha)
MEDIO;1480;BESSAS CABELEIREIROS;Rua PASSO DA PATRIA 818 Sao Paulo SP 05060000 Brazil;CEP generico de cidade, nao de rua (2,4x mais falha)
MEDIO;1482;LA BEAUTY HAIR;PRACA ILO OTTANI 5C Sao Paulo SP 02063000 Brazil;CEP generico de cidade, nao de rua (2,4x mais falha)
MEDIO;1494;STUDIO AMANDA NOVAIS;Rua DES CARNEIRO RIBEIRO 755 Sao Paulo SP 03569000 Brazil;CEP generico de cidade, nao de rua (2,4x mais falha)
MEDIO;1498;LINS BARBER;Avenida LINS DE VASCONCELOS 235 Sao Paulo SP 01537000 Brazil;CEP generico de cidade, nao de rua (2,4x mais falha)
MEDIO;1499;STUDIO LORENA;Rua OSCAR FREIRE 439 Sao Paulo SP 01424000 Brazil;CEP generico de cidade, nao de rua (2,4x mais falha)
MEDIO;1512;MAISLASER - PERDIZES SP;Rua TURIASSU 390 Sao Paulo SP 05005000 Brazil;CEP generico de cidade, nao de rua (2,4x mais falha)
MEDIO;1520;TCHAN CABELEIREIRO;Rua ANDRE SARAIVA 189 Sao Paulo SP 05626000 Brazil;CEP generico de cidade, nao de rua (2,4x mais falha)
MEDIO;1521;VERO NASCIMENTO;Rua BARAO DO BANANAL 991 Sao Paulo SP 05024000 Brazil;CEP generico de cidade, nao de rua (2,4x mais falha)
MEDIO;1522;SALÃO VITORIA;Avenida JOAO XXIII 971 Sao Paulo SP 03361000 Brazil;CEP generico de cidade, nao de rua (2,4x mais falha)
MEDIO;1525;TATH STUDIO HAIR;Rua ARTUR DE AZEVEDO 301 Sao Paulo SP 05404000 Brazil;CEP generico de cidade, nao de rua (2,4x mais falha)
MEDIO;1527;KRYSTAL LIGHT PERFUMARIA LTDA;Avenida LINS DE VASCONCELOS 932 Sao Paulo SP 01538000 Brazil;CEP generico de cidade, nao de rua (2,4x mais falha)
MEDIO;1536;4 BEAUTY STUDIO;Avenida NOVA CANTAREIRA 1961 Sao Paulo SP 02331000 Brazil;CEP generico de cidade, nao de rua (2,4x mais falha)
MEDIO;1538;STUDIO N. RUIZ CABELEIREIRO / BARBEARIA;Avenida AMADOR BUENO DA VEIGA 4034 Sao Paulo SP 03653000 Brazil;CEP generico de cidade, nao de rua (2,4x mais falha)
MEDIO;1541;SALÃO PIER-A;Rua COTOXO 530 Sao Paulo SP 05021000 Brazil;CEP generico de cidade, nao de rua (2,4x mais falha)
MEDIO;1544;VIVAZ SPA;Rua BARAO DO SERRO LARGO 367 Sao Paulo SP 03335000 Brazil;CEP generico de cidade, nao de rua (2,4x mais falha)
MEDIO;1546;F.A. - FABINHO ARAÚJO BELEZA E ALGO MAIS;Rua DR MIRANDA DE AZEVEDO 964 Sao Paulo SP 05027000 Brazil;CEP generico de cidade, nao de rua (2,4x mais falha)
MEDIO;1547;STTUPENDO CABELO E ESTÉTICA;Rua APUCARANA 927 Sao Paulo SP 03311000 Brazil;CEP generico de cidade, nao de rua (2,4x mais falha)
MEDIO;1548;FLAVIO ALMEIDA CABELEIREIROS;Avenida DO RIO BONITO 742 Sao Paulo SP 04776000 Brazil;CEP generico de cidade, nao de rua (2,4x mais falha)
MEDIO;1556;ALL HAIR INSTITUTO;RUA MOTA PAIS 287 Sao Paulo SP 05054000 Brazil;CEP generico de cidade, nao de rua (2,4x mais falha)
MEDIO;1560;ENTRE UNHAS E OUTRAS NAIL'S CLUB;Avenida DO ANASTACIO 381 Sao Paulo SP 05119000 Brazil;CEP generico de cidade, nao de rua (2,4x mais falha)
MEDIO;1561;DENISE RODRIGUES BEAUTY ACADEMY;Rua AUGUSTA 1846 Sao Paulo SP 01412000 Brazil;CEP generico de cidade, nao de rua (2,4x mais falha)
MEDIO;1569;LOURDES MICROPIGMENTAÇÃO;RUA SAO BENEDITO 139 Sao Paulo SP 04734000 Brazil;CEP generico de cidade, nao de rua (2,4x mais falha)
MEDIO;1570;VICTÓRIA CABELO & ESTÉTICA;Rua CARLOS WEBER 1076 Sao Paulo SP 05303000 Brazil;CEP generico de cidade, nao de rua (2,4x mais falha)
MEDIO;1572;NÃO+PELO PERDIZES;Rua MONTE ALEGRE 374 Sao Paulo SP 05014000 Brazil;CEP generico de cidade, nao de rua (2,4x mais falha)
MEDIO;1580;LUIZA ALONGAMENTO;Rua TOLEDO BARBOSA 213 Sao Paulo SP 03061000 Brazil;CEP generico de cidade, nao de rua (2,4x mais falha)
MEDIO;1587;FLAVIA NAILS - MANICURE E PODOLOGIA  VILA MATILDE;Rua JOSE MASCARENHAS 1135 Sao Paulo SP 03515000 Brazil;CEP generico de cidade, nao de rua (2,4x mais falha)
MEDIO;1596;BARBEARIA BLACK ZONE CONSOLAÇÃO;Rua DA CONSOLACAO 327 Sao Paulo SP 01301000 Brazil;CEP generico de cidade, nao de rua (2,4x mais falha)
MEDIO;1601;CHERRY CABELEIREIRAS;RUA RIO HIPIAUGUI 238 Sao Paulo SP 03982000 Brazil;CEP generico de cidade, nao de rua (2,4x mais falha)
MEDIO;1602;MADAME SERENA;Avenida ANTONELO DA MESSINA 900 Sao Paulo SP 02318000 Brazil;CEP generico de cidade, nao de rua (2,4x mais falha)
MEDIO;1616;NETT IS BEAUTY;Rua APENINOS 677 Sao Paulo SP 01533000 Brazil;CEP generico de cidade, nao de rua (2,4x mais falha)
MEDIO;1619;RS BARBEARIA;RUA PEREIRA DO LAGO PRACA ELIS REGINA 48 Sao Paulo SP 05590000 Brazil;CEP generico de cidade, nao de rua (2,4x mais falha)
MEDIO;1620;BARBEARIA ROCKSTAR SP;Rua DONA MATILDE 861 Sao Paulo SP 03512000 Brazil;CEP generico de cidade, nao de rua (2,4x mais falha)
MEDIO;1624;J'OLIVER'S CABELEIREIRO;Rua CHICO PONTES 447 Sao Paulo SP 02067000 Brazil;CEP generico de cidade, nao de rua (2,4x mais falha)
MEDIO;1633;MANHATTAN - BEAUTY LOUNGE;Rua BELA CINTRA 1599 Sao Paulo SP 01415000 Brazil;CEP generico de cidade, nao de rua (2,4x mais falha)
MEDIO;1636;LUCIA MANICURE;Rua ARTUR PRADO 122 Sao Paulo SP 01322000 Brazil;CEP generico de cidade, nao de rua (2,4x mais falha)
MEDIO;1640;SPUTNIKA HAIR;Rua CARNEIRO DA CUNHA 167 Sao Paulo SP 04144000 Brazil;CEP generico de cidade, nao de rua (2,4x mais falha)
MEDIO;1659;SALÃO DE CABELEREIRO  MANICURE  UNHAS DE GEL  DEPILAÇÃO FEMININA E MASCULINA;Rua ELEONORA CINTRA 1307 Sao Paulo SP 03337000 Brazil;CEP generico de cidade, nao de rua (2,4x mais falha)
MEDIO;1669;DR. VICTOR MACCARI ESTÉTICA AVANÇADA;Rua AUGUSTA 1939 Sao Paulo SP 01413000 Brazil;CEP generico de cidade, nao de rua (2,4x mais falha)
MEDIO;1675;BARBEARIA COSTA NORTE;Avenida AGUA FRIA 587 Sao Paulo SP 02332000 Brazil;CEP generico de cidade, nao de rua (2,4x mais falha)
MEDIO;1686;COLUCCI BARBEARIA;Rua GUAIPA 406 Sao Paulo SP 05089000 Brazil;CEP generico de cidade, nao de rua (2,4x mais falha)
MEDIO;1687;RAMANA STUDIO DE BELEZA;Rua BARAO DO BANANAL 819 Sao Paulo SP 05024000 Brazil;CEP generico de cidade, nao de rua (2,4x mais falha)
MEDIO;1695;ESTÉTICA JAMILE NOVAIS;Avenida PROFESSOR JOSE MARIA ALKMIN 325 Sao Paulo SP 05366000 Brazil;CEP generico de cidade, nao de rua (2,4x mais falha)
MEDIO;1698;ESPAÇO MLASH;ALAMEDA MIN ROCHA AZEVEDO 846 Sao Paulo SP 01410000 Brazil;CEP generico de cidade, nao de rua (2,4x mais falha)
MEDIO;1702;STUDIO ELIS REGINA - BELEZA & ESTÉTICA AVANÇADA;Avenida SENADOR CASEMIRO DA ROCHA 468 Sao Paulo SP 04047000 Brazil;CEP generico de cidade, nao de rua (2,4x mais falha)
MEDIO;1708;JK HAIR STUDIO;Rua PAGEU 25 Sao Paulo SP 04139000 Brazil;CEP generico de cidade, nao de rua (2,4x mais falha)
MEDIO;1710;OLHAR DIVINO CÍLIOS   CIA/MANICURE;Rua ANTONIO DE BARROS 25 Sao Paulo SP 03089000 Brazil;CEP generico de cidade, nao de rua (2,4x mais falha)
MEDIO;1716;ESPAÇO VICTÓRIA ALMEIDA - SALÃO DE BELEZA;Rua SERRA DE BOTUCATU 772 Sao Paulo SP 03317000 Brazil;CEP generico de cidade, nao de rua (2,4x mais falha)
MEDIO;1718;EUCLIDES BARBEARIA;Rua SALVADOR SIMOES 133 Sao Paulo SP 04276000 Brazil;CEP generico de cidade, nao de rua (2,4x mais falha)
MEDIO;1725;STUDIO K QUEIROZ;Avenida AGUIA DE HAIA 723 Sao Paulo SP 03694000 Brazil;CEP generico de cidade, nao de rua (2,4x mais falha)
MEDIO;1727;RED NIRVANA SPA;Rua AZEVEDO SOARES 115 Sao Paulo SP 03322000 Brazil;CEP generico de cidade, nao de rua (2,4x mais falha)
MEDIO;1740;MIIH BEAUTY CLINIC;Avenida BRIGADEIRO LUIS ANTONIO 3097 Sao Paulo SP 03314000 Brazil;CEP generico de cidade, nao de rua (2,4x mais falha)
MEDIO;1743;SOHO HAIR BUTANTÃ SALÃO DE BELEZA;Avenida CORIFEU DE AZEVEDO MARQUES 795 Sao Paulo SP 05581000 Brazil;CEP generico de cidade, nao de rua (2,4x mais falha)
MEDIO;1745;STUDIO E (EDVAN & TONI);Avenida LINS DE VASCONCELOS 1659 Sao Paulo SP 01537000 Brazil;CEP generico de cidade, nao de rua (2,4x mais falha)
MEDIO;1753;STUDIO KAMALEOA;RUA MANUEL GAYA 880 Sao Paulo SP 02313000 Brazil;CEP generico de cidade, nao de rua (2,4x mais falha)
MEDIO;1756;INDÚSTRIA COMÉRCIO ZAMBON BERNARDI;Rua TOLEDO BARBOSA 690 Sao Paulo SP 03061000 Brazil;CEP generico de cidade, nao de rua (2,4x mais falha)
MEDIO;1758;BARBEARIA & CABELEIREIRO TISO;Rua CAIUBI 1279 Sao Paulo SP 05010000 Brazil;CEP generico de cidade, nao de rua (2,4x mais falha)
MEDIO;1768;BARBEARIA MURAD;Rua RIO BONITO 1586 Sao Paulo SP 03023000 Brazil;CEP generico de cidade, nao de rua (2,4x mais falha)
MEDIO;1769;CAMILA CARVALHO CABELO LIVRE;Rua HEITOR DOS PRAZERES 131 Sao Paulo SP 05522000 Brazil;CEP generico de cidade, nao de rua (2,4x mais falha)
MEDIO;1770;ALESSANDRO INTERNACIONAL;Rua ITAPEVA 240 Sao Paulo SP 01332000 Brazil;CEP generico de cidade, nao de rua (2,4x mais falha)
MEDIO;1776;FERNANDO SILVA CABELEIREIRO;Rua MIGUEL FERREIRA DE MELO 219 Sao Paulo SP 08390000 Brazil;CEP generico de cidade, nao de rua (2,4x mais falha)
MEDIO;1777;BARBEARIA INDUSTRIAL - BARBEARIA FREGUESIA DO Ó;Rua DA BICA 165 Sao Paulo SP 02925000 Brazil;CEP generico de cidade, nao de rua (2,4x mais falha)
MEDIO;1785;RENATA PAPALEO BEAUTY ARTIST;Rua AUGUSTA 2212 Sao Paulo SP 01412000 Brazil;CEP generico de cidade, nao de rua (2,4x mais falha)
MEDIO;1789;ZA-A REAL PARQUE;RUA R BARAO DE CAMPOS GERAIS 21 Sao Paulo SP 05684000 Brazil;CEP generico de cidade, nao de rua (2,4x mais falha)
MEDIO;1794;CASA DANTIGA;Rua TREZE DE MAIO 1100 Sao Paulo SP 01327000 Brazil;CEP generico de cidade, nao de rua (2,4x mais falha)
MEDIO;1795;ATELIÊ BADU BEAUTY;Rua RIACHUELO 326 Sao Paulo SP 01007000 Brazil;CEP generico de cidade, nao de rua (2,4x mais falha)
MEDIO;1809;STUDIO VEZZARO SOBRANCELHAS;Rua DR TOMAS CARVALHAL 347 Sao Paulo SP 04006000 Brazil;CEP generico de cidade, nao de rua (2,4x mais falha)
MEDIO;1812;CÉLIA CABELEIREIRO;RUA CARAMURU 392 Sao Paulo SP 04138000 Brazil;CEP generico de cidade, nao de rua (2,4x mais falha)
MEDIO;1825;LOJA NATURA - BELEZARIA COSMÉTICOS - PQ SÃO DOMINGOS;RUA BRIGADEIRO HENRIQUE FONTENELLE 774 Sao Paulo SP 05125000 Brazil;CEP generico de cidade, nao de rua (2,4x mais falha)
MEDIO;1826;VILA PAULISTÂNIA;Avenida ENG EUSEBIO STEVAUX 1407 Sao Paulo SP 04696000 Brazil;CEP generico de cidade, nao de rua (2,4x mais falha)
MEDIO;1838;ESPAÇO LUANNA GOMES;Rua RIO DO BRACO 26 Sao Paulo SP 03620000 Brazil;CEP generico de cidade, nao de rua (2,4x mais falha)
MEDIO;1839;STUDIO ART BY CR BEAUTY;Rua PANTOJO 548 Sao Paulo SP 03343000 Brazil;CEP generico de cidade, nao de rua (2,4x mais falha)
MEDIO;1840;LINDA MULHER STUDIO HAIR;Rua MONTE ALEGRE 449 Sao Paulo SP 05014000 Brazil;CEP generico de cidade, nao de rua (2,4x mais falha)
MEDIO;1844;L'ATELIER COIFFURE;ALAMEDA GABRIEL MONTEIRO DA SILVA 312 Sao Paulo SP 01442000 Brazil;CEP generico de cidade, nao de rua (2,4x mais falha)
MEDIO;1853;CIDA DEPILAÇÃO;RUA CAYOWAA 339 Sao Paulo SP 05018000 Brazil;CEP generico de cidade, nao de rua (2,4x mais falha)
MEDIO;1864;ESPAÇO DA BELEZA E BEM ESTAR;ALAMEDA JAU 504 Sao Paulo SP 01420000 Brazil;CEP generico de cidade, nao de rua (2,4x mais falha)
MEDIO;1872;MAISLASER VILA LEOPOLDINA;Rua CARLOS WEBER 320 Sao Paulo SP 05303000 Brazil;CEP generico de cidade, nao de rua (2,4x mais falha)
MEDIO;1888;TALITA MATOS MAKEUP;RUA ETTORE ANDREAZZA 516 Sao Paulo SP 03944000 Brazil;CEP generico de cidade, nao de rua (2,4x mais falha)
MEDIO;1892;RENATA AMARAL ESTÉTICA;Rua MARQUES MARICA 964 Sao Paulo SP 04252000 Brazil;CEP generico de cidade, nao de rua (2,4x mais falha)
MEDIO;1900;LB - LIBÓRIO BEAUTY;Rua PADRE CHICO 221 Sao Paulo SP 05007000 Brazil;CEP generico de cidade, nao de rua (2,4x mais falha)
MEDIO;1901;S.G.ESPAÇO DAS UNHAS;Rua LUTECIA 1561 Sao Paulo SP 03423000 Brazil;CEP generico de cidade, nao de rua (2,4x mais falha)
MEDIO;1902;MELL DEPILAÇÃO;RUA BARTIRA 1090 Sao Paulo SP 05009000 Brazil;CEP generico de cidade, nao de rua (2,4x mais falha)
MEDIO;1904;STUDIO FG - BELEZA   CUIDADO | CABELEIREIRO E MANICURE;Rua SALVADOR SIMOES 472 Sao Paulo SP 04276000 Brazil;CEP generico de cidade, nao de rua (2,4x mais falha)
MEDIO;1913;SALÃO LA BELLE COSMÉTICOS;RUA JOAO JOSE DE QUEIROZ 1037 Sao Paulo SP 03670000 Brazil;CEP generico de cidade, nao de rua (2,4x mais falha)
MEDIO;1915;A1 COSMÉTICOS;Rua RIO GRANDE 295B Sao Paulo SP 04018000 Brazil;CEP generico de cidade, nao de rua (2,4x mais falha)
MEDIO;1920;ESTÉTICA MARIANA KONST;Rua GUARARAPES 522B Sao Paulo SP 04561000 Brazil;CEP generico de cidade, nao de rua (2,4x mais falha)
MEDIO;1922;FELIX SALÃO DE BELEZA E ESMALTERIA - PENHA DE FRANÇA;Avenida AMADOR BUENO DA VEIGA 1108 Sao Paulo SP 03636000 Brazil;CEP generico de cidade, nao de rua (2,4x mais falha)
MEDIO;1924;MYLASH TATUAPE;Rua ITAPURA 1241 Sao Paulo SP 03310000 Brazil;CEP generico de cidade, nao de rua (2,4x mais falha)
MEDIO;1949;DAIANE BAZELLA NAIL DESIGNER E DEPILAÇÃO;Rua SAO GONCALO DO ABAETE 211 Sao Paulo SP 02870000 Brazil;CEP generico de cidade, nao de rua (2,4x mais falha)
MEDIO;1951;STUDIO GIRLS;Rua IWAJIRO TAKAHASHI 19 Sao Paulo SP 02315000 Brazil;CEP generico de cidade, nao de rua (2,4x mais falha)
MEDIO;1953;VINNICIUS FRANÇA PRÓTESE CAPILAR;Rua ITAPURA 300 Sao Paulo SP 03310000 Brazil;CEP generico de cidade, nao de rua (2,4x mais falha)
MEDIO;1954;BEBE CILIOS;Rua RIBEIRO DE LIMA 453 Sao Paulo SP 01122000 Brazil;CEP generico de cidade, nao de rua (2,4x mais falha)
MEDIO;1955;ESPACO LAVINIA ZANUNCIELI;Avenida SAO MIGUEL 3015 Sao Paulo SP 03871000 Brazil;CEP generico de cidade, nao de rua (2,4x mais falha)
MEDIO;1969;MICHELLE NICOLAU - TÉCNICA EM ALISAMENTOS;Avenida DO RIO PEQUENO 660 Sao Paulo SP 05379000 Brazil;CEP generico de cidade, nao de rua (2,4x mais falha)
MEDIO;1974;ESTÚDIO CÁ;RUA RIBEIRO DO VALE 400 Sao Paulo SP 04568000 Brazil;CEP generico de cidade, nao de rua (2,4x mais falha)
MEDIO;1981;PONTO CHICK CABELEIREIROS;Avenida BRIGADEIRO LUIS ANTONIO 2344 Sao Paulo SP 01402000 Brazil;CEP generico de cidade, nao de rua (2,4x mais falha)
MEDIO;1986;DRA. PATRÍCIA GARRAFA HARMONIZAÇÃO FACIAL E CORPORAL;Avenida QUEIROZ FILHO 1700 Sao Paulo SP 05319000 Brazil;CEP generico de cidade, nao de rua (2,4x mais falha)
MEDIO;1990;MAGDALENA CABELEIREIROS;Rua COSTA BARROS 709 Sao Paulo SP 03210000 Brazil;CEP generico de cidade, nao de rua (2,4x mais falha)
MEDIO;1991;STUDIO DANI LINS;Avenida ZUMKELLER 98 Sao Paulo SP 02420000 Brazil;CEP generico de cidade, nao de rua (2,4x mais falha)
MEDIO;1997;MANICURE SOL MARTINS;Rua MANUEL DE OLIVEIRA LIMA 30 Sao Paulo SP 05856000 Brazil;CEP generico de cidade, nao de rua (2,4x mais falha)
MEDIO;2013;ESPACO L;RUA JOAO JOSE DE QUEIROZ 720 Sao Paulo SP 03679000 Brazil;CEP generico de cidade, nao de rua (2,4x mais falha)
MEDIO;2014;VERONICA CARDOSO ESTUDIO;Avenida ELISIO CORDEIRO DE SIQUEIRA 643 Sao Paulo SP 05136000 Brazil;CEP generico de cidade, nao de rua (2,4x mais falha)
MEDIO;2024;ELEGÂNCIA PERFUMARIA - LOJA DE COSMÉTICOS ZONA SUL SP;Avenida DE PINEDO 132 Sao Paulo SP 04764000 Brazil;CEP generico de cidade, nao de rua (2,4x mais falha)
MEDIO;2027;EXACT PROFISSIONAL;Avenida JOSINO VIEIRA DE GOES 134 Sao Paulo SP 02319000 Brazil;CEP generico de cidade, nao de rua (2,4x mais falha)
MEDIO;2033;CLÍNICA DE ESTÉTICA - KIREI POMPEIA;Rua BARAO DO BANANAL 991 Sao Paulo SP 05024000 Brazil;CEP generico de cidade, nao de rua (2,4x mais falha)
MEDIO;2035;STUDIO MC CABELEIREIROS;Avenida AGOSTINHO RUBIN 305 Sao Paulo SP 05848000 Brazil;CEP generico de cidade, nao de rua (2,4x mais falha)
MEDIO;2054;JD SOBRANCELHAS;Rua APARECIDA DO TABOADO 1059 Sao Paulo SP 02814000 Brazil;CEP generico de cidade, nao de rua (2,4x mais falha)
MEDIO;2056;ESTÉTICA MAIS MULHER;Avenida SAPOPEMBA 7930 Sao Paulo SP 03988000 Brazil;CEP generico de cidade, nao de rua (2,4x mais falha)
MEDIO;2063;BARBEARIA PLANET BRUTUS ZONA NORTE SP;Avenida SEN JOSE ERMIRIO DE MORAES 847 Sao Paulo SP 02357000 Brazil;CEP generico de cidade, nao de rua (2,4x mais falha)
MEDIO;2068;EXTRA BRILHO INSTITUTO DE BELEZA;RUA PEIXOTO GOMIDE 434 Sao Paulo SP 01409000 Brazil;CEP generico de cidade, nao de rua (2,4x mais falha)
MEDIO;2081;THA SOUZA BEAUTY;Rua DO ORATORIO 1469 Sao Paulo SP 03117000 Brazil;CEP generico de cidade, nao de rua (2,4x mais falha)
MEDIO;2091;ROSE PEREIRA BEAUTY;Avenida MOFARREJ 348 Sao Paulo SP 05311000 Brazil;CEP generico de cidade, nao de rua (2,4x mais falha)
MEDIO;2092;LUMIÈRE STUDIO HAIR E TATTOO PACAEMBU;Rua JAMES HOLLAND 668 Sao Paulo SP 01138000 Brazil;CEP generico de cidade, nao de rua (2,4x mais falha)
MEDIO;2096;MAISLASER CHÁCARA SANTO ANTÔNIO;RUA ALEXANDRE DUMAS 524 Sao Paulo SP 04717000 Brazil;CEP generico de cidade, nao de rua (2,4x mais falha)
MEDIO;2097;UP BEAUTY STUDIO;Rua SERRA DE BOTUCATU 999 Sao Paulo SP 03317000 Brazil;CEP generico de cidade, nao de rua (2,4x mais falha)
MEDIO;2098;ZAHRA;Avenida COTOVIA 261 Sao Paulo SP 04517000 Brazil;CEP generico de cidade, nao de rua (2,4x mais falha)
MEDIO;2111;STUDIO BELLA MULHER;Avenida ESPIGAO 1435 Cuiaba MT 78088000 Brazil;CEP generico de cidade, nao de rua (2,4x mais falha)
MEDIO;2113;LUKA CABELEIREIRA;Rua DIANA 23 Sao Paulo SP 05019000 Brazil;CEP generico de cidade, nao de rua (2,4x mais falha)
MEDIO;2117;BELLA | LASH & BROWS;Avenida POMPEIA 634 Sao Paulo SP 05022000 Brazil;CEP generico de cidade, nao de rua (2,4x mais falha)
MEDIO;2122;KATIA FERRARI - SALÃO DE BELEZA E DIA DA NOIVA;RUA SAO SERAPIAO 161 Sao Paulo SP 03664000 Brazil;CEP generico de cidade, nao de rua (2,4x mais falha)
MEDIO;2123;SALÃO DE BELEZA | SOCORRO CABELEIREIRA;Rua FIRMINOPOLIS 1406 Sao Paulo SP 02878000 Brazil;CEP generico de cidade, nao de rua (2,4x mais falha)
MEDIO;2124;CISSA NAILS DESIGN MANICURE E PEDICURE DEPILAÇÃO;Rua LISBOA 355 Sao Paulo SP 05413000 Brazil;CEP generico de cidade, nao de rua (2,4x mais falha)
MEDIO;2126;PALOMA COSMÉTICOS;Rua DR PAULO RIBEIRO COELHO 543 Sao Paulo SP 05374000 Brazil;CEP generico de cidade, nao de rua (2,4x mais falha)
MEDIO;2128;BEAUTY CLINIC;Avenida SANTA INES 446 Sao Paulo SP 02415000 Brazil;CEP generico de cidade, nao de rua (2,4x mais falha)
MEDIO;2131;💈JP BARBEARIA | CORTE DE CABELO E BARBA | ALDEOTA;Rua PINTO MADEIRA 1243 Fortaleza CE 60150000 Brazil;CEP generico de cidade, nao de rua (2,4x mais falha)
MEDIO;2134;PAULO CABELEIREIROS UNISSEX;Avenida SAPOPEMBA 11950A Sao Paulo SP 03989000 Brazil;CEP generico de cidade, nao de rua (2,4x mais falha)
MEDIO;2136;MARIE CABELEIREIRO E ESTÉTICA LTDA;RUA APINAJES 435 Sao Paulo SP 05017000 Brazil;CEP generico de cidade, nao de rua (2,4x mais falha)
MEDIO;2138;SALÃO FLOR DE LIS;Rua HORTENCIA ALBUQUERQUE ORLANDINO 485 TABOAO DA SERRA SP 06767000 Brazil;CEP generico de cidade, nao de rua (2,4x mais falha)
MEDIO;2140;ELLIS MAAS CABELEIREIROS;Avenida ELLIS MAAS 917 Sao Paulo SP 05859000 Brazil;CEP generico de cidade, nao de rua (2,4x mais falha)
MEDIO;2149;FERNANDO RONEI CABELEREIROS;Rua ZIKE TUMA 1513 Sao Paulo SP 04434000 Brazil;CEP generico de cidade, nao de rua (2,4x mais falha)
MEDIO;2156;ESPAÇO ANDREA;Rua PROF PEDRO PEDRESCHI 41 Sao Paulo SP 02372000 Brazil;CEP generico de cidade, nao de rua (2,4x mais falha)
MEDIO;2164;AGENOR STUDIO HAIR;Rua DAS ROSAS 446 Sao Paulo SP 04048000 Brazil;CEP generico de cidade, nao de rua (2,4x mais falha)
MEDIO;2167;ESPAÇO JANNA;Rua DR AUGUSTO DE MIRANDA 90 Sao Paulo SP 05026000 Brazil;CEP generico de cidade, nao de rua (2,4x mais falha)
MEDIO;2178;ARMANDO BESSA BEAUTY LOUNGE;Avenida QUEIROZ FILHO 63 Sao Paulo SP 05319000 Brazil;CEP generico de cidade, nao de rua (2,4x mais falha)
MEDIO;2188;BELEZA PURA CABELEIREIROS;Rua HORTENCIA ALBUQUERQUE ORLANDINO 413 TABOAO DA SERRA SP 06767000 Brazil;CEP generico de cidade, nao de rua (2,4x mais falha)
MEDIO;2190;DIVINE CARE LASER | SÃO PAULO;Rua DR VEIGA FILHO 100 Sao Paulo SP 01229000 Brazil;CEP generico de cidade, nao de rua (2,4x mais falha)
MEDIO;2191;MAGNIFICA BEAUTY;RUA CHAMANTA 881 Sao Paulo SP 03127000 Brazil;CEP generico de cidade, nao de rua (2,4x mais falha)
MEDIO;2192;STUDIO L.A CABELEIREIRO;Rua MIN BARBOSA LIMA 343 Sao Paulo SP 02764000 Brazil;CEP generico de cidade, nao de rua (2,4x mais falha)
MEDIO;2197;BEIJO DA NOITE;Avenida MUTINGA 1822 Sao Paulo SP 05110000 Brazil;CEP generico de cidade, nao de rua (2,4x mais falha)
MEDIO;2204;MAISLASER PENHA - SP - DEPILAÇÃO;Avenida AMADOR BUENO DA VEIGA 2915 Sao Paulo SP 03653000 Brazil;CEP generico de cidade, nao de rua (2,4x mais falha)
MEDIO;2207;SCHERING DO BRASIL QUÍMICA E FARMACÊUTICA;Rua DOMINGOS JORGE 1100 Sao Paulo SP 04761000 Brazil;CEP generico de cidade, nao de rua (2,4x mais falha)
MEDIO;2208;INSTITUTO FRANCINY;ALAMEDA DOS MARACATINS 88 Sao Paulo SP 04089000 Brazil;CEP generico de cidade, nao de rua (2,4x mais falha)
MEDIO;2213;ESPAÇO BRUNA BARBOSA;Rua DES ROCHA PORTELA 1105 Sao Paulo SP 03567000 Brazil;CEP generico de cidade, nao de rua (2,4x mais falha)
MEDIO;2223;KITTEN'S HAIR;GALERIA ARTHUR GUIMARAES EDIFICIO BARAO DE OURO BRANCO R MANUEL DA NOBREGA 76 Sao Paulo SP 04001000 Brazil;CEP generico de cidade, nao de rua (2,4x mais falha)
MEDIO;2236;CABELEIREIRO UNISSEX;Rua VINTE E OITO DE SETEMBRO 555 Sao Paulo SP 04267000 Brazil;CEP generico de cidade, nao de rua (2,4x mais falha)
MEDIO;2241;STUDIO MICHELLE SENA;Avenida JOAO PEIXOTO VIEGAS 535 Sao Paulo SP 04437000 Brazil;CEP generico de cidade, nao de rua (2,4x mais falha)
MEDIO;2246;BARBEARIA SPARTA BARBA;PRACA JOAQUIM JOSE DA NOVA 41 Sao Paulo SP 02126000 Brazil;CEP generico de cidade, nao de rua (2,4x mais falha)
MEDIO;2256;ESPAÇO VALÉRIA BARBOSA;Rua CLOVIS SALGADO 132 Sao Paulo SP 02367000 Brazil;CEP generico de cidade, nao de rua (2,4x mais falha)
MEDIO;2272;MATTOS CABELEIREIRO;Rua EURICO SODRE 666A Sao Paulo SP 02208000 Brazil;CEP generico de cidade, nao de rua (2,4x mais falha)
MEDIO;2283;BUDDHA SPA VILA LEOPOLDINA;Rua CARLOS WEBER 1521 Sao Paulo SP 05303000 Brazil;CEP generico de cidade, nao de rua (2,4x mais falha)
MEDIO;2288;BARBEARIA CELEBRITE;Rua CAICARA DO RIO DO VENTO 706 Sao Paulo SP 03817000 Brazil;CEP generico de cidade, nao de rua (2,4x mais falha)
MEDIO;2289;PEPE SHOP;RUA GLICERIO 220 Sao Paulo SP 01514000 Brazil;CEP generico de cidade, nao de rua (2,4x mais falha)
MEDIO;2293;BEAUTY FAIR - FEIRA INTERNACIONAL DE BELEZA PROFISSIONAL;RUA JOSE BERNARDO PINTO 333 Sao Paulo SP 02055000 Brazil;CEP generico de cidade, nao de rua (2,4x mais falha)
MEDIO;2294;BARBEARIA CABRA MACHO;Avenida JOAO PAULO II 100 Belem PA 68447000 Brazil;CEP generico de cidade, nao de rua (2,4x mais falha)
MEDIO;2295;DIVAS HAIR;Rua DR CESAR CASTIGLIONI JUNIOR 451 Sao Paulo SP 02515000 Brazil;CEP generico de cidade, nao de rua (2,4x mais falha)
MEDIO;2305;STUDIO GRAZI CARDOSO;Rua PARAPUA 95A Sao Paulo SP 02751000 Brazil;CEP generico de cidade, nao de rua (2,4x mais falha)
MEDIO;2308;LE GRIFFE HAIR STUDIO;Avenida PRESTES MAIA 702 Sao Paulo SP 01031000 Brazil;CEP generico de cidade, nao de rua (2,4x mais falha)
MEDIO;2310;SILVA CABELEIREIROS;Avenida DANFER 130 Sao Paulo SP 03758000 Brazil;CEP generico de cidade, nao de rua (2,4x mais falha)
MEDIO;2318;NATURAL DO BARBOSA;Rua LISBOA 493 Sao Paulo SP 05412000 Brazil;CEP generico de cidade, nao de rua (2,4x mais falha)
MEDIO;2322;ANGELINAH ESMALTERIA;Rua ITAPURA 748 Sao Paulo SP 03310000 Brazil;CEP generico de cidade, nao de rua (2,4x mais falha)
MEDIO;2324;G VERT BEAUTY SALON SPA;Rua CARDOSO DE ALMEIDA 695 Sao Paulo SP 05013000 Brazil;CEP generico de cidade, nao de rua (2,4x mais falha)
MEDIO;2338;ISTUDIO.ISCONDIDO;Rua LISBOA 449 Sao Paulo SP 05412000 Brazil;CEP generico de cidade, nao de rua (2,4x mais falha)
MEDIO;2351;SENSITIVE DISTRIBUIDORA;Rua DAVID BEN GURION 72 Sao Paulo SP 05634000 Brazil;CEP generico de cidade, nao de rua (2,4x mais falha)
MEDIO;2356;BARBEARIA MAKTUB;Avenida PAULA FERREIRA 1449 Sao Paulo SP 02916000 Brazil;CEP generico de cidade, nao de rua (2,4x mais falha)
MEDIO;2363;BE NATURAL CLINIC;Rua BARAO DO TRIUNFO 73 Sao Paulo SP 04602000 Brazil;CEP generico de cidade, nao de rua (2,4x mais falha)
MEDIO;2372;ART'S CABELEIREIROS;Rua LUTECIA 110 Sao Paulo SP 03423000 Brazil;CEP generico de cidade, nao de rua (2,4x mais falha)
MEDIO;2374;BARBEARIA METRÓPOLIS;Avenida PREFEITO FABIO PRADO 256 Sao Paulo SP 04116000 Brazil;CEP generico de cidade, nao de rua (2,4x mais falha)
MEDIO;2378;SALÃO NABAHIA;Rua BAHIA 778 Sao Paulo SP 01244000 Brazil;CEP generico de cidade, nao de rua (2,4x mais falha)
MEDIO;2379;BARBEARIA TARANTINO - BARBA E CABELO - TATUAGEM E PIERCING - CHOPP E CERVEJA;Rua BELA VISTA 360 Sao Paulo SP 04709000 Brazil;CEP generico de cidade, nao de rua (2,4x mais falha)
MEDIO;2380;STATUS CABELEIREIROS;Rua DR TOMAS CARVALHAL 253 Sao Paulo SP 04006000 Brazil;CEP generico de cidade, nao de rua (2,4x mais falha)
MEDIO;2382;GRINGA LIMA PRÓTESE CAPILAR;ALAMEDA IRAE 396 Sao Paulo SP 04075000 Brazil;CEP generico de cidade, nao de rua (2,4x mais falha)
MEDIO;2383;LOURDES CABELEIREIROS;Rua CAPOTE VALENTE 266 Sao Paulo SP 05409000 Brazil;CEP generico de cidade, nao de rua (2,4x mais falha)
MEDIO;2385;LUSS MODA BELEZA E BEM ESTAR;Avenida MASCOTE 299 Sao Paulo SP 04363000 Brazil;CEP generico de cidade, nao de rua (2,4x mais falha)
MEDIO;2393;KAIRÓS INSTITUTO DE BELEZA;Rua SAO GONCALO DO ABAETE 432 Sao Paulo SP 02875000 Brazil;CEP generico de cidade, nao de rua (2,4x mais falha)
MEDIO;2400;BRUNA MARILIA BEAUTY;RUA OSCAR DE MOURA LACERDA 286 Sao Paulo SP 02541000 Brazil;CEP generico de cidade, nao de rua (2,4x mais falha)
MEDIO;2401;ERIKA NUNES;Rua SANTO ANTONIO DO CARANGOLA 252 Sao Paulo SP 02870000 Brazil;CEP generico de cidade, nao de rua (2,4x mais falha)
MEDIO;2405;BEAUTY.CO.LAB;Rua BALTHAZAR DA VEIGA 264 Sao Paulo SP 04510000 Brazil;CEP generico de cidade, nao de rua (2,4x mais falha)
MEDIO;2406;TIEMI CABELEIREIROS;Avenida IRERE 1941 Sao Paulo SP 04064000 Brazil;CEP generico de cidade, nao de rua (2,4x mais falha)
MEDIO;2411;ESPAÇO BELLA DONNA;Rua MORRO DA ITAOCA 270 Sao Paulo SP 05272000 Brazil;CEP generico de cidade, nao de rua (2,4x mais falha)
MEDIO;2414;JOHNNY'S CABELEIREIROS;Rua BENTO FREITAS 111 Sao Paulo SP 01220000 Brazil;CEP generico de cidade, nao de rua (2,4x mais falha)
MEDIO;2415;SALÃO REPAGINADA;Avenida ANTONIO BARBOSA DA SILVA SANDOVAL 269 Sao Paulo SP 04783000 Brazil;CEP generico de cidade, nao de rua (2,4x mais falha)
MEDIO;2416;LUANASOARES CABELEIREIROS UNISSEX DELIVERY;Rua VITORIA 678 Sao Paulo SP 01210000 Brazil;CEP generico de cidade, nao de rua (2,4x mais falha)
MEDIO;2417;ESPAÇO MISS | CABELEIREIRO ESPECIALIZADO EM PROGRESSIVA E LOIRO;RUA ALEXANDRE DUMAS 439 Sao Paulo SP 04717000 Brazil;CEP generico de cidade, nao de rua (2,4x mais falha)
MEDIO;2420;BARBEARIA JEFF LION BARBEARIA;Rua XAVIER DE ALMEIDA 427 Sao Paulo SP 04211000 Brazil;CEP generico de cidade, nao de rua (2,4x mais falha)
MEDIO;2421;W7 CONCEPT;Rua DO ORATORIO 1465 Sao Paulo SP 03117000 Brazil;CEP generico de cidade, nao de rua (2,4x mais falha)
MEDIO;2428;BLACK AND WHITE;Avenida MAZZEI 634 Sao Paulo SP 02310000 Brazil;CEP generico de cidade, nao de rua (2,4x mais falha)
MEDIO;2431;BARBEARIA CANTO DA ARTE;Avenida PRES JOAO GOULART 720 Sao Paulo SP 04821000 Brazil;CEP generico de cidade, nao de rua (2,4x mais falha)
MEDIO;2448;MENEUZES STUDIOS;ALAMEDA FRANCA 629 Sao Paulo SP 01422000 Brazil;CEP generico de cidade, nao de rua (2,4x mais falha)
MEDIO;2452;LEILA CABELEIREIRAS UNISSEX;RUA RIO HIPIAUGUI 240 Sao Paulo SP 03982000 Brazil;CEP generico de cidade, nao de rua (2,4x mais falha)
MEDIO;2462;STUDIO NOMA;RUA VERGUEIRO 1884 Sao Paulo SP 04102000 Brazil;CEP generico de cidade, nao de rua (2,4x mais falha)
MEDIO;2469;STUDIO SEVEN BEAUTY;Rua DOMINGOS DE MORAIS 301 Sao Paulo SP 04009000 Brazil;CEP generico de cidade, nao de rua (2,4x mais falha)
MEDIO;2471;KEBASE PROFESSIONAL SP;Avenida ANTONIO LOUZADA ANTUNES 112 Sao Paulo SP 08061000 Brazil;CEP generico de cidade, nao de rua (2,4x mais falha)
MEDIO;2475;MÁRIO CABELEIREIRO;Rua ANTONIO DO CAMPO 515 Sao Paulo SP 04459000 Brazil;CEP generico de cidade, nao de rua (2,4x mais falha)
MEDIO;2478;BARBEARIA SUPER DO BLACK;Avenida FERNANDO CORREA DA COSTA 4108 Cuiaba MT 78085000 Brazil;CEP generico de cidade, nao de rua (2,4x mais falha)
MEDIO;2479;KA ESPAÇO BELEZA;Rua SAMPAIO VIANA 253 Sao Paulo SP 04004000 Brazil;CEP generico de cidade, nao de rua (2,4x mais falha)
MEDIO;2482;OFFICINA CABELEIREIROS;Rua FRANCISCA MIQUELINA 116 Sao Paulo SP 01316000 Brazil;CEP generico de cidade, nao de rua (2,4x mais falha)
MEDIO;2483;MANICURE E PEDICURE CABELEIREIRA;Rua ESTADO DO AMAZONAS 369 Sao Paulo SP 03935000 Brazil;CEP generico de cidade, nao de rua (2,4x mais falha)
MEDIO;2509;MIRRA DNG DISTRIBUIDORA;Rua CARNEIRO DA CUNHA 167 Sao Paulo SP 04144000 Brazil;CEP generico de cidade, nao de rua (2,4x mais falha)
MEDIO;2512;VALENTIN'S BEAUTY;RUA CONDE PRATES 197 Sao Paulo SP 03122000 Brazil;CEP generico de cidade, nao de rua (2,4x mais falha)
MEDIO;2518;ESPAÇO SIMONE PENA;Rua SAO SEBASTIAO 65 Sao Paulo SP 08390000 Brazil;CEP generico de cidade, nao de rua (2,4x mais falha)
MEDIO;2521;BE FACTORY - ESCRITÓRIO;Rua EMILIO MALLET 100 Sao Paulo SP 03320000 Brazil;CEP generico de cidade, nao de rua (2,4x mais falha)
MEDIO;2531;AFFONSO CABELEIREIROS;Avenida PIRES DO RIO 1775 Sao Paulo SP 08041000 Brazil;CEP generico de cidade, nao de rua (2,4x mais falha)
MEDIO;2536;STUDIO HAIR MELO & PROENÇA;Rua CAIO GRACO 823 Sao Paulo SP 05044000 Brazil;CEP generico de cidade, nao de rua (2,4x mais falha)
MEDIO;2537;BARBEARIA DOM ROSSATTO;Rua CUNHA GAGO 397 Sao Paulo SP 05421000 Brazil;CEP generico de cidade, nao de rua (2,4x mais falha)
MEDIO;2541;ATREVIDA.COM;RUA PAULISTANIA 334 Sao Paulo SP 05440000 Brazil;CEP generico de cidade, nao de rua (2,4x mais falha)
MEDIO;2546;ALLUMI HAIR;ALAMEDA JOAQUIM EUGENIO DE LIMA 598 Sao Paulo SP 01403000 Brazil;CEP generico de cidade, nao de rua (2,4x mais falha)
MEDIO;2555;ESPAÇO BENDITA BELEZA SAÚDE;Rua CEL DIOGO 1168 Sao Paulo SP 01545000 Brazil;CEP generico de cidade, nao de rua (2,4x mais falha)
MEDIO;2560;SPAZIO JK CABELO E ESTÉTICA;Rua EMILIA MARENGO 831 Sao Paulo SP 03336000 Brazil;CEP generico de cidade, nao de rua (2,4x mais falha)
MEDIO;2562;STILO'S CABELEIREIROS;RUA DR LUIZ MIGLIANO 158 Sao Paulo SP 05711000 Brazil;CEP generico de cidade, nao de rua (2,4x mais falha)
MEDIO;2564;MANDALAZUL SPA;Avenida BRG FARIA LIMA 2369 Sao Paulo SP 01452000 Brazil;CEP generico de cidade, nao de rua (2,4x mais falha)
MEDIO;2579;MANICURE E PEDICURE LU NAILS;Rua CONEGO VICENTE 74 Sao Paulo SP 02212000 Brazil;CEP generico de cidade, nao de rua (2,4x mais falha)
MEDIO;2580;DIVINAS MÃOS - BELEZA E BEM-ESTAR;RUA APINAJES 897 Sao Paulo SP 05017000 Brazil;CEP generico de cidade, nao de rua (2,4x mais falha)
MEDIO;2581;STATUS CABELEIREIROS;Avenida BRIGADEIRO LUIS ANTONIO 2696 Sao Paulo SP 01402000 Brazil;CEP generico de cidade, nao de rua (2,4x mais falha)
MEDIO;2596;BEAUTY K;Rua ALVARO RODRIGUES 153 Sao Paulo SP 04582000 Brazil;CEP generico de cidade, nao de rua (2,4x mais falha)
MEDIO;2597;SEMHORA UNHA SHOPPING METRÔ TUCURUVI - MANICURE;Avenida DR ANTONIO MARIA LAET 566 Sao Paulo SP 02240000 Brazil;CEP generico de cidade, nao de rua (2,4x mais falha)
MEDIO;2598;STUDIO FERNANDO MANSO;Rua COSTA BARROS 446 Sao Paulo SP 03210000 Brazil;CEP generico de cidade, nao de rua (2,4x mais falha)
MEDIO;2607;VB BELEZA E BEM-ESTAR;Rua PASSO DA PATRIA 779 Sao Paulo SP 05085000 Brazil;CEP generico de cidade, nao de rua (2,4x mais falha)
MEDIO;2612;MR CABELEIREIROS;Rua CARAIBAS 1138 Sao Paulo SP 05020000 Brazil;CEP generico de cidade, nao de rua (2,4x mais falha)
MEDIO;2614;BIO ENCANTO ESTÉTICA E SAÚDE;Avenida DR ANTONIO MARIA LAET 235 Sao Paulo SP 02240000 Brazil;CEP generico de cidade, nao de rua (2,4x mais falha)
MEDIO;2617;JUNIOR CAPELLI SALÃO;Avenida FRANCISCO MATARAZZO 1752 Sao Paulo SP 02739000 Brazil;CEP generico de cidade, nao de rua (2,4x mais falha)
MEDIO;2619;NIL HAIR BEAUTY;Avenida SEN LEMOS 1015 Belem PA 66050000 Brazil;CEP generico de cidade, nao de rua (2,4x mais falha)
MEDIO;2621;FRANCISCO CABELEIREIRO;Rua NAPOLEAO DE BARROS 17 Sao Paulo SP 04024000 Brazil;CEP generico de cidade, nao de rua (2,4x mais falha)
MEDIO;2624;SOHO HAIR JARDIM PAULISTA SALÃO DE BELEZA;Rua GUARARA 180 Sao Paulo SP 01425000 Brazil;CEP generico de cidade, nao de rua (2,4x mais falha)
MEDIO;2627;DHASLÊ ESTÉTICA;Avenida LUIS CARLOS GENTILE DE LAET 296 Sao Paulo SP 02378000 Brazil;CEP generico de cidade, nao de rua (2,4x mais falha)
MEDIO;2630;WALTER LEAL;Rua COLOMBIA 100 Sao Paulo SP 01438000 Brazil;CEP generico de cidade, nao de rua (2,4x mais falha)
MEDIO;2643;RITUAALI BELEZA E BEM ESTAR;Rua TITO 834 Sao Paulo SP 05051000 Brazil;CEP generico de cidade, nao de rua (2,4x mais falha)
MEDIO;2650;GIOLASER DEPILAÇÃO ESTÉTICA BELEZA - TATUAPÉ SILVIO ROMERO;PRACA SILVIO ROMERO 192 Sao Paulo SP 03323000 Brazil;CEP generico de cidade, nao de rua (2,4x mais falha)
MEDIO;2657;JURA'S CABELEIREIROS;Rua AURELIA 619 Sao Paulo SP 05046000 Brazil;CEP generico de cidade, nao de rua (2,4x mais falha)
MEDIO;2662;FORMA HAIR;Rua DR MIRANDA DE AZEVEDO 980 Sao Paulo SP 05027000 Brazil;CEP generico de cidade, nao de rua (2,4x mais falha)
MEDIO;2665;STUDIO KARINNA CIRILLO - AV PAULISTA;Avenida PAULISTA 575 Sao Paulo SP 04001000 Brazil;CEP generico de cidade, nao de rua (2,4x mais falha)
MEDIO;2673;DOROTHY BEAUTY;Avenida MARCONDES DE BRITO 1577 Sao Paulo SP 03509000 Brazil;CEP generico de cidade, nao de rua (2,4x mais falha)
MEDIO;2675;CLÍNICA DR. GABRIEL NOVAIS;Rua DR LUIS AIRES 1972 Sao Paulo SP 03568000 Brazil;CEP generico de cidade, nao de rua (2,4x mais falha)
MEDIO;2676;STUDIO MASCULINO;Rua DO PARAISO 712 Sao Paulo SP 04103000 Brazil;CEP generico de cidade, nao de rua (2,4x mais falha)
MEDIO;2683;MV BEAUTY;Avenida BRG FARIA LIMA 1912 Sao Paulo SP 01451000 Brazil;CEP generico de cidade, nao de rua (2,4x mais falha)
MEDIO;2684;ROMARIN CABELO E ESTÉTICA;Rua SAO JORGE 242 Sao Paulo SP 03087000 Brazil;CEP generico de cidade, nao de rua (2,4x mais falha)
MEDIO;2688;STUDIO I DESIREE;Rua BOM JESUS DO MONTE 38 Sao Paulo SP 03579000 Brazil;CEP generico de cidade, nao de rua (2,4x mais falha)
MEDIO;2693;STUDIO REGINA BARBOSA;ALAMEDA SANTOS 484 Sao Paulo SP 01418000 Brazil;CEP generico de cidade, nao de rua (2,4x mais falha)
MEDIO;2701;ESPAÇO LUCIANO BRITO;Rua PELOTAS 83 Sao Paulo SP 04012000 Brazil;CEP generico de cidade, nao de rua (2,4x mais falha)
MEDIO;2710;SOCORRO CABELEIREIROS;Rua BUENO DE ANDRADE 545 Sao Paulo SP 01526000 Brazil;CEP generico de cidade, nao de rua (2,4x mais falha)
MEDIO;2711;HIKARU;Rua LUTECIA 584 Sao Paulo SP 03423000 Brazil;CEP generico de cidade, nao de rua (2,4x mais falha)
MEDIO;2713;YANNI'S CABELO ESTÉTICA;Rua PROF PEDRO PEDRESCHI 59 Sao Paulo SP 02372000 Brazil;CEP generico de cidade, nao de rua (2,4x mais falha)
MEDIO;2718;ESPACO OLIVE;Rua SAO GONCALO DO ABAETE 211 Sao Paulo SP 02870000 Brazil;CEP generico de cidade, nao de rua (2,4x mais falha)
MEDIO;2723;EVELIN CABELEIREIROS CORTE;Rua COSME DA SILVEIRA 124 Sao Paulo SP 04911000 Brazil;CEP generico de cidade, nao de rua (2,4x mais falha)
MEDIO;2727;BELOS & BELAS;Rua DR CANDIDO ESPINHEIRA 644 Sao Paulo SP 05004000 Brazil;CEP generico de cidade, nao de rua (2,4x mais falha)
MEDIO;2732;GAL, SALÃO STUDIOVÂNIA;Avenida LINS DE VASCONCELOS 1021 Sao Paulo SP 01537000 Brazil;CEP generico de cidade, nao de rua (2,4x mais falha)
MEDIO;2734;STUDIO AD BRONZE;Rua GEN PORFIRIO DA PAZ 2107 Sao Paulo SP 03918000 Brazil;CEP generico de cidade, nao de rua (2,4x mais falha)
MEDIO;2735;CONSULTORA MARY KAY AVENIDA PAULISTA;ALAMEDA JOAQUIM EUGENIO DE LIMA 108 Sao Paulo SP 01403000 Brazil;CEP generico de cidade, nao de rua (2,4x mais falha)
MEDIO;2739;UNHAS POR MAURA;Rua JOAQUIM NABUCO 47 Sao Paulo SP 04621000 Brazil;CEP generico de cidade, nao de rua (2,4x mais falha)
MEDIO;2742;PENAVERDE;Avenida EDU CHAVES 423 Sao Paulo SP 02229000 Brazil;CEP generico de cidade, nao de rua (2,4x mais falha)
MEDIO;2749;JULIANA VIEIRA - BEAUTY;Avenida QUEIROZ FILHO 1700 Sao Paulo SP 05319000 Brazil;CEP generico de cidade, nao de rua (2,4x mais falha)
MEDIO;2756;MAISLASER JD. SÃO PAULO;Avenida LEONCIO DE MAGALHAES 886 Sao Paulo SP 02042000 Brazil;CEP generico de cidade, nao de rua (2,4x mais falha)
MEDIO;2763;STAGE HAIR;Rua DR TOMAS CARVALHAL 604 Sao Paulo SP 04006000 Brazil;CEP generico de cidade, nao de rua (2,4x mais falha)
MEDIO;2765;STUDIO E ACADEMIA THAYNA TAVARES - ESPECIALISTA EM NANOBLADING NO TATUAPÉ;Rua AGUAPEI 620 Sao Paulo SP 03325000 Brazil;CEP generico de cidade, nao de rua (2,4x mais falha)
MEDIO;2768;ANTENOR CABELEIREIROS UNISEX;ALAMEDA DOS GUAIOS 539 Sao Paulo SP 04070000 Brazil;CEP generico de cidade, nao de rua (2,4x mais falha)
MEDIO;2772;JACQUES JANINE VILA LEOPOLDINA;Rua CARLOS WEBER 1048 Sao Paulo SP 05303000 Brazil;CEP generico de cidade, nao de rua (2,4x mais falha)
MEDIO;2773;WOW BRASIL BEAUTY CENTER;Rua ITAPURA 1613 Sao Paulo SP 03310000 Brazil;CEP generico de cidade, nao de rua (2,4x mais falha)
MEDIO;2775;MIMO CENTRO DE BELEZA;Rua HEITOR PENTEADO 626 Sao Paulo SP 05438000 Brazil;CEP generico de cidade, nao de rua (2,4x mais falha)
MEDIO;2778;ACTIVE ANTI OX;Rua MARINA CIUFULI ZANFELICE 280 Sao Paulo SP 05040000 Brazil;CEP generico de cidade, nao de rua (2,4x mais falha)
MEDIO;2785;CARINA MATIAS - SAÚDE ESTÉTICA;Rua ITAPURA 1182 Sao Paulo SP 03310000 Brazil;CEP generico de cidade, nao de rua (2,4x mais falha)
MEDIO;2793;BEAUTIFUL YOUTH - ESTÉTICA AVANÇADA;AVENIDA NOSSA SENHORA DO O 865 Sao Paulo SP 02715000 Brazil;CEP generico de cidade, nao de rua (2,4x mais falha)
MEDIO;2800;T-BEAUTY ESTÉTICA AVANÇADA;Rua NHATUMANI 319 Sao Paulo SP 03663000 Brazil;CEP generico de cidade, nao de rua (2,4x mais falha)
MEDIO;2805;ESTÉTICA KIREI - BROOKLIN;Rua GUARARAPES 760 Sao Paulo SP 04561000 Brazil;CEP generico de cidade, nao de rua (2,4x mais falha)
MEDIO;2811;STUDIO 10 CORTE E COR INAUGURAÇÃO 10.01.2020;Rua AUGUSTA 2299 Sao Paulo SP 01305000 Brazil;CEP generico de cidade, nao de rua (2,4x mais falha)
MEDIO;2813;I LOVE ME SALÃO DE BELEZA E BARBEARIA;Rua LUIS COELHO 229 Sao Paulo SP 01309000 Brazil;CEP generico de cidade, nao de rua (2,4x mais falha)
MEDIO;2819;BEAUTY FERRARESI;Rua OSCAR ROSAS RIBEIRO 42 Sao Paulo SP 02863000 Brazil;CEP generico de cidade, nao de rua (2,4x mais falha)
MEDIO;2821;ILMA CASTRO CABELEIREIROS  MANICURE  DEPILACAO  PODOLOGIA  EXTENSÃO DE CÍLIOS  DESIGN DE SOBRANCELHAS  LASH LIFTING;Rua CEL DIOGO 637 Sao Paulo SP 01545000 Brazil;CEP generico de cidade, nao de rua (2,4x mais falha)
MEDIO;2832;LASER DREAM TATUAPÉ: DEPILAÇÃO A LASER, ESTÉTICA EM SÃO PAULO SP;Rua ITAPURA 1215 Sao Paulo SP 03310000 Brazil;CEP generico de cidade, nao de rua (2,4x mais falha)
MEDIO;2834;DEPILAÇÃO EGÍPCIA NATURAL DESCARTÁVEL;Rua CRISTIANO VIANA 53 Sao Paulo SP 05411000 Brazil;CEP generico de cidade, nao de rua (2,4x mais falha)
MEDIO;2843;STUDIO RAY;RUA JOAO JOSE DE QUEIROZ 72 Sao Paulo SP 03679000 Brazil;CEP generico de cidade, nao de rua (2,4x mais falha)
MEDIO;2846;CECILIA CUNHA CABELEIREIROS;Avenida DOS METALURGICOS 1511 Sao Paulo SP 08471000 Brazil;CEP generico de cidade, nao de rua (2,4x mais falha)
MEDIO;2849;D'LOUVER CABELEIREIROS;Rua AUGUSTA 1976 Sao Paulo SP 01412000 Brazil;CEP generico de cidade, nao de rua (2,4x mais falha)
MEDIO;2867;GIOLASER CHÁCARA SANTO ANTÔNIO;Rua VERBO DIVINO 124 Sao Paulo SP 04719000 Brazil;CEP generico de cidade, nao de rua (2,4x mais falha)
MEDIO;2875;SPASSO OM ZEN;Rua LISBOA 355 Sao Paulo SP 05413000 Brazil;CEP generico de cidade, nao de rua (2,4x mais falha)
MEDIO;2883;BEATRIZ AFONÇO BEAUTY ACADEMY;Rua HERVAL 439 Sao Paulo SP 03062000 Brazil;CEP generico de cidade, nao de rua (2,4x mais falha)
MEDIO;2887;BARBEARIA EL PATRON IPIRANGA;Rua SILVA BUENO 1190 Sao Paulo SP 04208000 Brazil;CEP generico de cidade, nao de rua (2,4x mais falha)
MEDIO;2889;ELIANE SANTOS MICROPIGMENTAÇÃO;Rua ITAPICURU 930 Sao Paulo SP 05006000 Brazil;CEP generico de cidade, nao de rua (2,4x mais falha)
MEDIO;2896;MONSTER BARBEARIA;Rua ITAMONTE 2461 Sao Paulo SP 02220000 Brazil;CEP generico de cidade, nao de rua (2,4x mais falha)
MEDIO;2899;CÍLIOS DUDA AYALA;Rua MARIA AMALIA LOPES AZEVEDO 250 Sao Paulo SP 02350000 Brazil;CEP generico de cidade, nao de rua (2,4x mais falha)
MEDIO;2900;EXTENSÃO DE CÍLIOS BY VITÓRIA CAMPOS;Rua SERRA DE BRAGANCA 1396 Sao Paulo SP 03318000 Brazil;CEP generico de cidade, nao de rua (2,4x mais falha)
MEDIO;2903;SALÃO MARILIA;Rua CARDOSO DE ALMEIDA 284 Sao Paulo SP 05013000 Brazil;CEP generico de cidade, nao de rua (2,4x mais falha)
MEDIO;2908;UNHAS DA PAULINHA;Rua CARAIBAS 176 Sao Paulo SP 05020000 Brazil;CEP generico de cidade, nao de rua (2,4x mais falha)
MEDIO;2918;STUDIO N4;Rua FERNAO MENDES PINTO 28 Sao Paulo SP 03803000 Brazil;CEP generico de cidade, nao de rua (2,4x mais falha)
MEDIO;2927;STUDIO COSTUME;RUA AUGUSTA 2212 Sao Paulo SP 01412000 Brazil;CEP generico de cidade, nao de rua (2,4x mais falha)
MEDIO;2931;BELLAS STUDIO;Avenida JERIMANDUBA 617 Sao Paulo SP 05181000 Brazil;CEP generico de cidade, nao de rua (2,4x mais falha)
MEDIO;2936;BEYOUTY CO.;Avenida ANGELICA 1653 Sao Paulo SP 01227000 Brazil;CEP generico de cidade, nao de rua (2,4x mais falha)
MEDIO;2939;VIMATOM ESTÉTICA AVANÇADA;Rua ITAPURA 239 Sao Paulo SP 03310000 Brazil;CEP generico de cidade, nao de rua (2,4x mais falha)
MEDIO;2950;SALÃO BELEZA URBANA;Rua ITAPURA 829 Sao Paulo SP 03310000 Brazil;CEP generico de cidade, nao de rua (2,4x mais falha)
MEDIO;2951;SAMANTHA DELLAPE ESTUDIO;PRACA DR JOAO MENDES 52 Sao Paulo SP 01501000 Brazil;CEP generico de cidade, nao de rua (2,4x mais falha)
MEDIO;2955;DRA MARÍLIA LUZ - ESTETICA AVANÇADA;Avenida MASCOTE 486 Sao Paulo SP 04363000 Brazil;CEP generico de cidade, nao de rua (2,4x mais falha)
MEDIO;2961;BARBEARIA DA MOOCA - UNIDADE 1;Rua DO ORATORIO 308A Sao Paulo SP 03116000 Brazil;CEP generico de cidade, nao de rua (2,4x mais falha)
MEDIO;2963;JM STUDIO CABELEIREIRO EM TIETÊ PLAZA SHOPPING;Avenida RAIMUNDO PEREIRA DE MAGALHAES 1465 Sao Paulo SP 05145000 Brazil;CEP generico de cidade, nao de rua (2,4x mais falha)
MEDIO;2964;NEWJERSEY BARBEARIA E TATTOO;Rua SENA MADUREIRA 226 Sao Paulo SP 04020000 Brazil;CEP generico de cidade, nao de rua (2,4x mais falha)
MEDIO;2969;DRA BARBARA GATTI;Rua ITAPURA 1613 Sao Paulo SP 03310000 Brazil;CEP generico de cidade, nao de rua (2,4x mais falha)
MEDIO;2975;STELLA CABELEIREIRA;Rua HEITOR PENTEADO 220 Sao Paulo SP 05438000 Brazil;CEP generico de cidade, nao de rua (2,4x mais falha)
MEDIO;2978;EURICO CABELEIREIRO;Rua VICENTE BRAGA 388 Fortaleza CE 60720000 Brazil;CEP generico de cidade, nao de rua (2,4x mais falha)
MEDIO;2984;TOQUE FINNAL CABELEIREIROS;Avenida SEN TEOTONIO VILELA 4094 Sao Paulo SP 04833000 Brazil;CEP generico de cidade, nao de rua (2,4x mais falha)
MEDIO;2986;BARBEARIABARBR;Avenida PROFA IDA KOLB 126 Sao Paulo SP 02518000 Brazil;CEP generico de cidade, nao de rua (2,4x mais falha)
MEDIO;3002;GANESHA SALOON ESPAÇO DE BELEZA E ESTÉTICA;Rua GUAIPA 1440 Sao Paulo SP 05089000 Brazil;CEP generico de cidade, nao de rua (2,4x mais falha)
MEDIO;3015;ESMALTERIA MARIBELLASUNHAS;Rua SAO SERAPIAO 159 Sao Paulo SP 03664000 Brazil;CEP generico de cidade, nao de rua (2,4x mais falha)
MEDIO;3016;TREZENTOS BARBER SHOP - TIETE PRAZA SHOPPING;Avenida RAIMUNDO PEREIRA DE MAGALHAES 1465 Sao Paulo SP 05145000 Brazil;CEP generico de cidade, nao de rua (2,4x mais falha)
MEDIO;3027;INFINITY BEAUTY STUDIO;Rua DR CANDIDO ESPINHEIRA 720 Sao Paulo SP 05004000 Brazil;CEP generico de cidade, nao de rua (2,4x mais falha)
MEDIO;3031;STUDIO ISADORA QUEIROZ;AV RODRIGUES MONTEMOR 279 Sao Paulo SP 04387000 Brazil;CEP generico de cidade, nao de rua (2,4x mais falha)
MEDIO;3032;SETE CINCO BARBEARIA;Avenida SANTA INES 668 Sao Paulo SP 02415000 Brazil;CEP generico de cidade, nao de rua (2,4x mais falha)
MEDIO;3038;NEW VITALE CABELEIREIROS - SALÃO DE BELEZA;Rua JULIO DE CASTILHOS 1068 Sao Paulo SP 03059000 Brazil;CEP generico de cidade, nao de rua (2,4x mais falha)
MEDIO;3039;STUDIO HAIR MOOCA;Rua ME DE DEUS 134 Sao Paulo SP 03119000 Brazil;CEP generico de cidade, nao de rua (2,4x mais falha)
MEDIO;3040;SALA VIP CABELOS;Rua ALMERIA 173 Sao Paulo SP 03654000 Brazil;CEP generico de cidade, nao de rua (2,4x mais falha)
MEDIO;3045;SPA BEAUTY WELLNESS -MASSOTERAPIA FISIOTERAPIA ACUPUNTURA ESTÉTICA;Rua JACIRENDI 376 Sao Paulo SP 03080000 Brazil;CEP generico de cidade, nao de rua (2,4x mais falha)
MEDIO;3047;AK’BELEIREIROS STUDIO DE BELEZA;Rua JOAO HENRIQUE DA SILVA 31 Sao Paulo SP 05163000 Brazil;CEP generico de cidade, nao de rua (2,4x mais falha)
MEDIO;3050;LYLLA ESPAÇO DE BELEZA;Rua LISBOA 548 Sao Paulo SP 05413000 Brazil;CEP generico de cidade, nao de rua (2,4x mais falha)
MEDIO;3056;MADRINHA DA BELEZA;Rua FERNAO ALBERNAZ 69 Sao Paulo SP 03532000 Brazil;CEP generico de cidade, nao de rua (2,4x mais falha)
MEDIO;3064;LEIDY CABELEIREIRA & ESMALTERIA;Avenida SAPOPEMBA 7780 Sao Paulo SP 03988000 Brazil;CEP generico de cidade, nao de rua (2,4x mais falha)
MEDIO;3073;GIOLASER COMENDADOR SANTANA| DEPILAÇÃO A LASER  CRIOLIPÓLISE  BOTOX  PREENCHIMENTO  SECAGEM DE VASINHOS  LIMPEZA DE PELE;Avenida ELLIS MAAS 825 Sao Paulo SP 05866000 Brazil;CEP generico de cidade, nao de rua (2,4x mais falha)
MEDIO;3077;MAY CARDOSO DESIGN DE SOBRANCELHAS;Rua CRISTIANO VIANA 441 Sao Paulo SP 05411000 Brazil;CEP generico de cidade, nao de rua (2,4x mais falha)
MEDIO;3081;BEAUTY SALON;Rua JEQUIRITUBA 1515 Sao Paulo SP 04822000 Brazil;CEP generico de cidade, nao de rua (2,4x mais falha)
MEDIO;3090;STUDIO VIP THREE;RUA MANUEL GAYA 1212 Sao Paulo SP 02313000 Brazil;CEP generico de cidade, nao de rua (2,4x mais falha)
MEDIO;3103;BARBEARIA SR. NOBRE;Avenida PASTEUR 1151 Fortaleza CE 60335000 Brazil;CEP generico de cidade, nao de rua (2,4x mais falha)
MEDIO;3104;RARUS;Rua DAS ROSAS 282 Sao Paulo SP 04048000 Brazil;CEP generico de cidade, nao de rua (2,4x mais falha)
MEDIO;3107;COSMÉTICOS CONSULTORA MARA;Avenida REBOUCAS 1006 Sao Paulo SP 05402000 Brazil;CEP generico de cidade, nao de rua (2,4x mais falha)
MEDIO;3109;SALÃO MARIAS;OSCAR FREIRE 562 Sao Paulo SP 01426000 Brazil;CEP generico de cidade, nao de rua (2,4x mais falha)
MEDIO;3128;QUEEN LOOK;Rua ITAPURA 1182 Sao Paulo SP 03310000 Brazil;CEP generico de cidade, nao de rua (2,4x mais falha)
MEDIO;3133;DOMME NAILS;ALAMEDA JAU 1565 Sao Paulo SP 01412000 Brazil;CEP generico de cidade, nao de rua (2,4x mais falha)
MEDIO;3140;CREATIVE HAIR BY AMANDA DUARTE;Rua DR AUGUSTO DE MIRANDA 918 Sao Paulo SP 05026000 Brazil;CEP generico de cidade, nao de rua (2,4x mais falha)
MEDIO;3153;SPAÇO DAS UNHAS  DEPILL E HAIR.;Rua DR LUIS BARRETO 115 Sao Paulo SP 01328000 Brazil;CEP generico de cidade, nao de rua (2,4x mais falha)
MEDIO;3154;RAQUEL BEAUTY CLINIC;Avenida NOSSA SRA DO LORETO 700 Sao Paulo SP 02219000 Brazil;CEP generico de cidade, nao de rua (2,4x mais falha)
MEDIO;3158;ESPAÇO CHARM & BEAUTY ESTÉTICA;Avenida ENG CAETANO ALVARES 3415 Sao Paulo SP 02546000 Brazil;CEP generico de cidade, nao de rua (2,4x mais falha)
MEDIO;3160;STUDIO HAIR JR CABELEIREIRO- ESTÉTICA;Avenida ANTONELO DA MESSINA 1115 Sao Paulo SP 02318000 Brazil;CEP generico de cidade, nao de rua (2,4x mais falha)
MEDIO;3162;ALEEH PASSOS PODOLOGIA & ESTÉTICA;Rua PROF PEDRO PEDRESCHI 88 Sao Paulo SP 02372000 Brazil;CEP generico de cidade, nao de rua (2,4x mais falha)
MEDIO;3168;SALÃO DA LÚCIA;RUA LUIS GOIS 158B Sao Paulo SP 04043000 Brazil;CEP generico de cidade, nao de rua (2,4x mais falha)
MEDIO;3172;ARIELDO BRITO CABELEIREIRO;Rua SANTA VERIDIANA 219 Sao Paulo SP 02128000 Brazil;CEP generico de cidade, nao de rua (2,4x mais falha)
MEDIO;3173;CESAR CABELEIREIRO;RUA TENENTE JURANDIR ALENCAR 03 Fortaleza CE 60840000 Brazil;CEP generico de cidade, nao de rua (2,4x mais falha)
MEDIO;3175;DEISE CABELEIREIRA;Avenida DR ASSIS RIBEIRO 1932 Sao Paulo SP 03717000 Brazil;CEP generico de cidade, nao de rua (2,4x mais falha)
MEDIO;3184;FBL HAIR STUDIO;Rua SERRA DE BOTUCATU 373 Sao Paulo SP 03317000 Brazil;CEP generico de cidade, nao de rua (2,4x mais falha)
MEDIO;3188;LE DUE SALONE;Rua PADRE JOAO MANUEL 740 Sao Paulo SP 01411000 Brazil;CEP generico de cidade, nao de rua (2,4x mais falha)
MEDIO;3189;NÃO+PELO BROOKLIN;Rua GUARARAPES 564 Sao Paulo SP 04561000 Brazil;CEP generico de cidade, nao de rua (2,4x mais falha)
MEDIO;3190;INOVE BELEZA;Avenida LINS DE VASCONCELOS 888 Sao Paulo SP 01538000 Brazil;CEP generico de cidade, nao de rua (2,4x mais falha)
MEDIO;3196;INDIANA HAIR;Rua INDIANA 23 Sao Paulo SP 04562000 Brazil;CEP generico de cidade, nao de rua (2,4x mais falha)
MEDIO;3198;BARBEARIA BARBER JITSU - VILA PERY;Rua CONEGO DE CASTRO 1596 Fortaleza CE 60730000 Brazil;CEP generico de cidade, nao de rua (2,4x mais falha)
MEDIO;3204;BELEZA SEMPRE COMÉRCIO DE COSMÉTICOS;Rua SEN POMPEU 834 Fortaleza CE 60025000 Brazil;CEP generico de cidade, nao de rua (2,4x mais falha)
MEDIO;3210;LA BELLE CABELO • ESTETICA;Avenida POMPEIA 1041 Sao Paulo SP 05023000 Brazil;CEP generico de cidade, nao de rua (2,4x mais falha)
MEDIO;3221;INSTITUT BELLE MAISON PERDIZES;PRACA IRMAOS KARMAM 169 Sao Paulo SP 01252000 Brazil;CEP generico de cidade, nao de rua (2,4x mais falha)
MEDIO;3225;SALLUS ESTÉTICA;Rua ITAPURA 239 Sao Paulo SP 03310000 Brazil;CEP generico de cidade, nao de rua (2,4x mais falha)
MEDIO;3230;ZIHAIR;Rua PROFA MARIA DE LOURDES SOUZA NOGUEIRA 221 Sao Paulo SP 04692000 Brazil;CEP generico de cidade, nao de rua (2,4x mais falha)
MEDIO;3231;ESTÉTICA AVANÇADA DRA. FERNANDA SOUZA;Rua DA CONSOLACAO 2538 Sao Paulo SP 01416000 Brazil;CEP generico de cidade, nao de rua (2,4x mais falha)
MEDIO;3235;WITTY BY MEGA E CRIS;Rua GALVAO BUENO 412 Sao Paulo SP 01506000 Brazil;CEP generico de cidade, nao de rua (2,4x mais falha)
MEDIO;3237;JACQUES JANINE CHÁCARA FLORA;Avenida WASHINGTON LUIS 1855 Sao Paulo SP 04663000 Brazil;CEP generico de cidade, nao de rua (2,4x mais falha)
MEDIO;3238;BELEZA PURA;Rua CABO JOAO TERUEL FREGONI 417 GUARULHOS SP 07032000 Brazil;CEP generico de cidade, nao de rua (2,4x mais falha)
MEDIO;3242;ESPAÇO DA MULHER;Rua DR MIRANDA DE AZEVEDO 1106 Sao Paulo SP 05027000 Brazil;CEP generico de cidade, nao de rua (2,4x mais falha)
MEDIO;3243;SALÃO SUELE;Rua USHIKICHI KAMIYA 2425 Sao Paulo SP 02323000 Brazil;CEP generico de cidade, nao de rua (2,4x mais falha)
MEDIO;3246;MAISLASER - VILA MADALENA;Rua WISARD 566 Sao Paulo SP 05434000 Brazil;CEP generico de cidade, nao de rua (2,4x mais falha)
MEDIO;3250;JP ESTETICA E BELEZA;RUA MANUEL GAYA 817 Sao Paulo SP 02313000 Brazil;CEP generico de cidade, nao de rua (2,4x mais falha)
MEDIO;3252;PARAISO ESTHETIC CENTER;Rua SAMPAIO VIANA 202 Sao Paulo SP 04004000 Brazil;CEP generico de cidade, nao de rua (2,4x mais falha)
MEDIO;3256;TONEDERM MEDIC;Rua FAGUNDES DIAS 135 Sao Paulo SP 04055000 Brazil;CEP generico de cidade, nao de rua (2,4x mais falha)
MEDIO;3261;JARDIM'S HAUTE COIFFURE;Avenida POMPEIA 745 Sao Paulo SP 05023000 Brazil;CEP generico de cidade, nao de rua (2,4x mais falha)
MEDIO;3262;STUDIO A CABELEIREIROS;Avenida LINS DE VASCONCELOS 934 Sao Paulo SP 01538000 Brazil;CEP generico de cidade, nao de rua (2,4x mais falha)
MEDIO;3263;THE WAR BARBEARIA;ALAMEDA DOS MARACATINS 268 Sao Paulo SP 04089000 Brazil;CEP generico de cidade, nao de rua (2,4x mais falha)
MEDIO;3267;NÃO+PELO VILA CLEMENTINO;Avenida ONZE DE JUNHO 292 Sao Paulo SP 04041000 Brazil;CEP generico de cidade, nao de rua (2,4x mais falha)
MEDIO;3268;VISS CABELEIREIROS VISAGISTAS;Avenida ROUXINOL 115 Sao Paulo SP 04516000 Brazil;CEP generico de cidade, nao de rua (2,4x mais falha)
MEDIO;3290;MENDES CABELEIREIROS UNISSEX;Avenida DR SYLVIO DE CAMPOS 466 Sao Paulo SP 05204000 Brazil;CEP generico de cidade, nao de rua (2,4x mais falha)
MEDIO;3295;JÔ CABEL;Rua JOAO FERNANDES CAMISA NOVA JUNIOR 916 Sao Paulo SP 05844000 Brazil;CEP generico de cidade, nao de rua (2,4x mais falha)
MEDIO;3308;STUDIO 4HAIR;Avenida PROF ALFONSO BOVERO 506 Sao Paulo SP 01254000 Brazil;CEP generico de cidade, nao de rua (2,4x mais falha)
MEDIO;3317;ARI CABELEIREIRO;Rua INACIO MONTEIRO 910 Sao Paulo SP 08490000 Brazil;CEP generico de cidade, nao de rua (2,4x mais falha)
MEDIO;3319;CASA PHYTOCA;Avenida JOSE MARIA WHITAKER 1470 Sao Paulo SP 04057000 Brazil;CEP generico de cidade, nao de rua (2,4x mais falha)
MEDIO;3326;FRANQUIA NATURA EMPÓRIO AROMÁTICO;Avenida SAO MIGUEL 962 Sao Paulo SP 03620000 Brazil;CEP generico de cidade, nao de rua (2,4x mais falha)
MEDIO;3327;SALÃO DE BELEZA BS;RUA CARAMURU 235 Sao Paulo SP 04138000 Brazil;CEP generico de cidade, nao de rua (2,4x mais falha)
MEDIO;3328;DESIGN SOBRANCELHAS D.M;RUA MANUEL GAYA 880 Sao Paulo SP 02316000 Brazil;CEP generico de cidade, nao de rua (2,4x mais falha)
MEDIO;3338;CÍCERO DE CASTRO CABELEREIROS;Avenida JOSINO VIEIRA DE GOES 358 Sao Paulo SP 02319000 Brazil;CEP generico de cidade, nao de rua (2,4x mais falha)
MEDIO;3342;WAGNER CABELEIREIROS;Rua DR ALBUQUERQUE LINS 312 Sao Paulo SP 01230000 Brazil;CEP generico de cidade, nao de rua (2,4x mais falha)
MEDIO;3343;HS COSMETICS;Rua ITAPURA 887 Sao Paulo SP 03310000 Brazil;CEP generico de cidade, nao de rua (2,4x mais falha)
MEDIO;3354;NUN HAIR | SALÃO DE CABELEIREIRO;RUA AUGUSTA 2072 Sao Paulo SP 01412000 Brazil;CEP generico de cidade, nao de rua (2,4x mais falha)
MEDIO;3363;FERNANDO SILVA CABELO;Rua PAULO BREGARO 132 Sao Paulo SP 04261000 Brazil;CEP generico de cidade, nao de rua (2,4x mais falha)
MEDIO;3365;NÃO+PELO REPÚBLICA;Rua DO AROUCHE 178 Sao Paulo SP 01219000 Brazil;CEP generico de cidade, nao de rua (2,4x mais falha)
MEDIO;3370;PIAZITO CABELEREIROS;ESTACAO VILA MADALENA DO METRO RUA LUMINARIAS 238 Sao Paulo SP 05439000 Brazil;CEP generico de cidade, nao de rua (2,4x mais falha)
MEDIO;3382;ROMARIO CABELEIREIRO  MASCULINO;Avenida SEN METELO 660 Cuiaba MT 78000000 Brazil;CEP generico de cidade, nao de rua (2,4x mais falha)
MEDIO;3384;CREATIVE SALON;Rua ANTONIO DE MACEDO SOARES 1704 Sao Paulo SP 04607000 Brazil;CEP generico de cidade, nao de rua (2,4x mais falha)
MEDIO;3389;ROYAL FACE SALVADOR - ONDINA | HARMONIZAÇÃO, PREENCHIMENTO LABIAL, BOTOX, LIPO DE PAPADA, FIOS DE PDO, ENZIMAS;Rua AUGUSTA 2400 Sao Paulo SP 01412000 Brazil;CEP generico de cidade, nao de rua (2,4x mais falha)
MEDIO;3390;MABRASIL COSMETICOS;Rua FREI DURAO 512 Sao Paulo SP 04274000 Brazil;CEP generico de cidade, nao de rua (2,4x mais falha)
MEDIO;3395;ESPAÇO FREI CANECA BY FABIANE FREITAS;Rua FREI CANECA 186 Sao Paulo SP 01307000 Brazil;CEP generico de cidade, nao de rua (2,4x mais falha)
MEDIO;3401;UNA BEAUTY;Rua MAESTRO CARDIM 560 Sao Paulo SP 01323000 Brazil;CEP generico de cidade, nao de rua (2,4x mais falha)
MEDIO;3421;STUDIO SPA SHIZUKA;RUA CARAMURU 190 Sao Paulo SP 04138000 Brazil;CEP generico de cidade, nao de rua (2,4x mais falha)
MEDIO;3425;SWEET NAIL CLUB;Rua SANTA CRUZ 226 Sao Paulo SP 04122000 Brazil;CEP generico de cidade, nao de rua (2,4x mais falha)
MEDIO;3426;CREUZA E VITÓRIA CABELEIREIROS;Avenida SANTA MARINA 2713 Sao Paulo SP 02734000 Brazil;CEP generico de cidade, nao de rua (2,4x mais falha)
MEDIO;3435;BELLA ESTETICA;Avenida BRIGADEIRO LUIS ANTONIO 2344 Sao Paulo SP 01402000 Brazil;CEP generico de cidade, nao de rua (2,4x mais falha)
MEDIO;3436;JULLIANO SOUSA BARBEARIA;Rua DENTISTA BARRETO 1046 Sao Paulo SP 03420000 Brazil;CEP generico de cidade, nao de rua (2,4x mais falha)
MEDIO;3441;AIGAI SPA;Rua DOS MACUNIS 397 Sao Paulo SP 05444000 Brazil;CEP generico de cidade, nao de rua (2,4x mais falha)
MEDIO;3444;STUDIO 7 BY CINTIA FERREIRA;Rua DIANA 103 Sao Paulo SP 05019000 Brazil;CEP generico de cidade, nao de rua (2,4x mais falha)
MEDIO;3449;CABELARIA;Rua JOAQUIM ANTUNES 70 Sao Paulo SP 05415000 Brazil;CEP generico de cidade, nao de rua (2,4x mais falha)
MEDIO;3451;VAL CABELEIREIRO;Avenida GEN ATALIBA LEONEL 2993 Sao Paulo SP 02242000 Brazil;CEP generico de cidade, nao de rua (2,4x mais falha)
MEDIO;3453;MEDICATRIZ DERMOCOSMÉTICOS;Rua DAS ROSAS 289 Sao Paulo SP 04048000 Brazil;CEP generico de cidade, nao de rua (2,4x mais falha)
MEDIO;3459;BARBEARIA DON GORDON;Avenida AUGUSTO MONTENEGRO 743 Belem PA 66813000 Brazil;CEP generico de cidade, nao de rua (2,4x mais falha)
MEDIO;3461;ESPAÇO BEAUTY;Rua PASSO DA PATRIA 1181 Sao Paulo SP 05085000 Brazil;CEP generico de cidade, nao de rua (2,4x mais falha)
MEDIO;3469;FILIPE TREVISAN;Avenida PACAEMBU 1492 Sao Paulo SP 01234000 Brazil;CEP generico de cidade, nao de rua (2,4x mais falha)
MEDIO;3473;BRASILEIRA COSMETIC;Rua EMILIA MARENGO 260 Sao Paulo SP 03336000 Brazil;CEP generico de cidade, nao de rua (2,4x mais falha)
MEDIO;3482;ESTÚDIO HAIR;Rua DOS HELIOTROPIOS 77 Sao Paulo SP 04049000 Brazil;CEP generico de cidade, nao de rua (2,4x mais falha)
MEDIO;3487;BEAUTY FACTORY;Rua MONTE ALEGRE 291 Sao Paulo SP 05014000 Brazil;CEP generico de cidade, nao de rua (2,4x mais falha)
MEDIO;3489;NSTAR CABELO E ESTETICA;Rua PROFA MARIA DE LOURDES SOUZA NOGUEIRA 154 Sao Paulo SP 04685000 Brazil;CEP generico de cidade, nao de rua (2,4x mais falha)
MEDIO;3491;ESPAÇO FERNANDO MAGALHÃES;Rua TIJUCO PRETO 278 Sao Paulo SP 03316000 Brazil;CEP generico de cidade, nao de rua (2,4x mais falha)
MEDIO;3492;JACQUES JANINE JARDINS;Rua ESTADOS UNIDOS 384 Sao Paulo SP 01427000 Brazil;CEP generico de cidade, nao de rua (2,4x mais falha)
MEDIO;3496;SALÃO 1838 JARDIM AMERICA;Rua COLOMBIA 100 Sao Paulo SP 01438000 Brazil;CEP generico de cidade, nao de rua (2,4x mais falha)
MEDIO;3498;LA VICTORIA HAIR;Rua ASSUNGUI 57C Sao Paulo SP 04131000 Brazil;CEP generico de cidade, nao de rua (2,4x mais falha)
MEDIO;3499;LC ESMALTERIA CABELO E ESTETICA;Avenida DR ARNALDO 254 Sao Paulo SP 12460000 Brazil;CEP generico de cidade, nao de rua (2,4x mais falha)
MEDIO;3509;BELEZA MÁXIMA;RUA MAJOR DANTAS CORTEZ 913 Sao Paulo SP 02206000 Brazil;CEP generico de cidade, nao de rua (2,4x mais falha)
MEDIO;3515;STUDIO ALINE NOVAES;Rua ALM LUIS PENIDO BURNIER 287 Sao Paulo SP 05860000 Brazil;CEP generico de cidade, nao de rua (2,4x mais falha)
MEDIO;3533;ALBRUMINA SUPLEMENTOS;Avenida FELICIO BARUTI 316 TABOAO DA SERRA SP 06757000 Brazil;CEP generico de cidade, nao de rua (2,4x mais falha)
MEDIO;3539;BARBEARIA BELOS CORTES;Avenida ZAKI NARCHI 629 Sao Paulo SP 02029000 Brazil;CEP generico de cidade, nao de rua (2,4x mais falha)
MEDIO;3541;STUDIO SHINKI CABELEIREIRO - VILLA LOBOS OFFICE PARK;Avenida QUEIROZ FILHO 1700 Sao Paulo SP 05319000 Brazil;CEP generico de cidade, nao de rua (2,4x mais falha)
MEDIO;3547;DUNIA ZAYED CABELEIREIROS;Avenida REBOUCAS 1384 Sao Paulo SP 05411000 Brazil;CEP generico de cidade, nao de rua (2,4x mais falha)
MEDIO;3552;GLOE RG PROD E SERV DE BELEZA;Rua INDIANA 934 Sao Paulo SP 04562000 Brazil;CEP generico de cidade, nao de rua (2,4x mais falha)
MEDIO;3555;STUDIO PAULA BARBOSA;RUA JOAO JOSE DE QUEIROZ 773 Sao Paulo SP 03679000 Brazil;CEP generico de cidade, nao de rua (2,4x mais falha)
MEDIO;3556;BEAUTY GARAGE;Rua CAETANO PINTO 243 Sao Paulo SP 03041000 Brazil;CEP generico de cidade, nao de rua (2,4x mais falha)
MEDIO;3558;MARÍLIA RIBEIRO MAQUIAGEM E PENTEADO;Rua FERNANDO PESSOA 587 Sao Paulo SP 02670000 Brazil;CEP generico de cidade, nao de rua (2,4x mais falha)
MEDIO;3564;STUDIO HELLEN VITÓRIA;Rua MIGUEL FERREIRA DE MELO 189 Sao Paulo SP 08390000 Brazil;CEP generico de cidade, nao de rua (2,4x mais falha)
MEDIO;3571;ELY NAIL DESIGNER;Rua CRISTIANO VIANA 441 Sao Paulo SP 05411000 Brazil;CEP generico de cidade, nao de rua (2,4x mais falha)
MEDIO;3574;FACE HAIR - BELEZA E ESTÉTICA PARA TODA A FAMÍLIA;Avenida GIOVANNI GRONCHI 2999 Sao Paulo SP 05651000 Brazil;CEP generico de cidade, nao de rua (2,4x mais falha)
MEDIO;3575;ESPAÇO BEAUTY FADA DA BELEZA FABIOLA GARCIA;RUA JOSEPHINA GIANINNI ELIAS DONA BIMBA 1120 Sao Paulo SP 04476000 Brazil;CEP generico de cidade, nao de rua (2,4x mais falha)
MEDIO;3579;RESPEITE A CABELEIRA!;Rua CLELIA 197 Sao Paulo SP 05042000 Brazil;CEP generico de cidade, nao de rua (2,4x mais falha)
MEDIO;3580;STUDIO MAURA CABELEIREIROS;Rua AUGUSTA 2212 Sao Paulo SP 01412000 Brazil;CEP generico de cidade, nao de rua (2,4x mais falha)
MEDIO;3581;MEU SPA;ALAMEDA DOS GUAIOS 345A Sao Paulo SP 04070000 Brazil;CEP generico de cidade, nao de rua (2,4x mais falha)
MEDIO;3584;MIO - MARCELA IVANOSKI DE OLIVEIRA - ATENDIMENTO EM DOMICÍLIO - MAQUIAGEM DELIVERY;Rua DIANA 898 Sao Paulo SP 05019000 Brazil;CEP generico de cidade, nao de rua (2,4x mais falha)
MEDIO;3587;WE;Avenida LINS DE VASCONCELOS 505 Sao Paulo SP 01537000 Brazil;CEP generico de cidade, nao de rua (2,4x mais falha)
MEDIO;3591;HEADMASTERS ACLIMAÇÃO;Avenida DA ACLIMACAO 744 Sao Paulo SP 01531000 Brazil;CEP generico de cidade, nao de rua (2,4x mais falha)
MEDIO;3596;SOL CABELEIREIROS;RUA APINAJES 847 Sao Paulo SP 05017000 Brazil;CEP generico de cidade, nao de rua (2,4x mais falha)
MEDIO;3598;ESTÉTICA PRISCILA ROCHA;Rua COTOXO 303 Sao Paulo SP 05021000 Brazil;CEP generico de cidade, nao de rua (2,4x mais falha)
MEDIO;3605;VANINHA HAIR STUDIO;Avenida LINS DE VASCONCELOS 842 Sao Paulo SP 01538000 Brazil;CEP generico de cidade, nao de rua (2,4x mais falha)
MEDIO;3613;FABIANA SALEMA;Rua ANTONIO DE COUROS 341 Sao Paulo SP 02726000 Brazil;CEP generico de cidade, nao de rua (2,4x mais falha)
MEDIO;3621;ESPACIO SECRETO;ALAMEDA FRANCA 240 Sao Paulo SP 01422000 Brazil;CEP generico de cidade, nao de rua (2,4x mais falha)
MEDIO;3625;JÔ & EQUIPE CABELEIREIRAS;Rua VERCINIO PEREIRA DE SOUZA 1261 Sao Paulo SP 03945000 Brazil;CEP generico de cidade, nao de rua (2,4x mais falha)
MEDIO;3626;2001 HAIR STUDIO MARINA;Rua PADRE JOAO MANUEL 55 Sao Paulo SP 01411000 Brazil;CEP generico de cidade, nao de rua (2,4x mais falha)
MEDIO;3630;JOSÉ FILHO CABELEIREIRO;Rua ANTONIO POMPEU 616 Fortaleza CE 60040000 Brazil;CEP generico de cidade, nao de rua (2,4x mais falha)
MEDIO;3643;GT STUDIO CABELEIREIROS;Rua SAO GONCALO DO ABAETE 326 Sao Paulo SP 02870000 Brazil;CEP generico de cidade, nao de rua (2,4x mais falha)
MEDIO;3648;THE BLINDERS BARBEARIA;Avenida ANTONIO MANOGRASSO 583 Sao Paulo SP 03379000 Brazil;CEP generico de cidade, nao de rua (2,4x mais falha)
MEDIO;3655;BELL RODRIGUES TREAT HAIR;Rua ITAPURA 462 Sao Paulo SP 03310000 Brazil;CEP generico de cidade, nao de rua (2,4x mais falha)
MEDIO;3659;ART MEDSPA;Avenida PACAEMBU 1962 Sao Paulo SP 01234000 Brazil;CEP generico de cidade, nao de rua (2,4x mais falha)
MEDIO;3669;ESPAÇO ASSANCHEYDS;RUA TUPI 156 Sao Paulo SP 01233000 Brazil;CEP generico de cidade, nao de rua (2,4x mais falha)
MEDIO;3673;FEMINA ESTETICA;Avenida JABAQUARA 494 Sao Paulo SP 04046000 Brazil;CEP generico de cidade, nao de rua (2,4x mais falha)
MEDIO;3689;SOL STUDIO HAIR;Avenida LINS DE VASCONCELOS 325 Sao Paulo SP 01537000 Brazil;CEP generico de cidade, nao de rua (2,4x mais falha)
MEDIO;3691;MOURA CABELEIREIROS TIETÊ PLAZA SHOPPING;AVENIDA RAIMUNDO PEREIRA DE MAGALHAES E 3027 Sao Paulo SP 05145000 Brazil;CEP generico de cidade, nao de rua (2,4x mais falha)
MEDIO;3694;R E COMÉRCIO DE ARTIGOS PARA CABELEIREIROS LTDA;Rua DA MOOCA 2112 Sao Paulo SP 03103000 Brazil;CEP generico de cidade, nao de rua (2,4x mais falha)
MEDIO;3698;DONA AROMA COSMÉTICOS;Rua ORIENTE 500 Sao Paulo SP 03016000 Brazil;CEP generico de cidade, nao de rua (2,4x mais falha)
MEDIO;3712;SPA L' OCCITANE AU BRESIL - VILA MADALENA;RUA HARMONIA 343 Sao Paulo SP 05435000 Brazil;CEP generico de cidade, nao de rua (2,4x mais falha)
MEDIO;3713;LAS RUBIAS CABELEIREIROS;Rua RIBEIRO LACERDA 940 Sao Paulo SP 04150000 Brazil;CEP generico de cidade, nao de rua (2,4x mais falha)
MEDIO;3721;RAYZES SALÃO DE BELEZA;Rua MOINHO VELHO 294 Sao Paulo SP 02929000 Brazil;CEP generico de cidade, nao de rua (2,4x mais falha)
MEDIO;3733;ORIENTAL;Avenida SEN JOSE ERMIRIO DE MORAES 380 Sao Paulo SP 02357000 Brazil;CEP generico de cidade, nao de rua (2,4x mais falha)
MEDIO;3734;CLÍNICA DE ESTÉTICA FACIAL E CORPORAL - LIMPEZA DE PELE - GORDURA LOCALIZADA - ENZIMAS - HIDROLIPOCLASIA - BOTOX - PREENCHIMENTO - ESTRIAS - FLACIDEZ - BIOMEDICINA ESTÉTA - ZONA LESTE - SÃO PAULO - DRA RENATA OLIVEIRA;Avenida DR PEREIRA VERGUEIRO 364 Sao Paulo SP 03563000 Brazil;CEP generico de cidade, nao de rua (2,4x mais falha)
MEDIO;3750;LISDMARIA BEAUTY | ESMALTERIA | CABELO | ESTÉTICA | CURSOS;Avenida MIGUEL YUNES 540 Sao Paulo SP 04444000 Brazil;CEP generico de cidade, nao de rua (2,4x mais falha)
MEDIO;3752;ESMALTARIA MD;Rua SAO GONCALO DO ABAETE 227 Sao Paulo SP 02870000 Brazil;CEP generico de cidade, nao de rua (2,4x mais falha)
MEDIO;3753;WAKANDA BABER SHOP;RUA GLICERIO 26 Sao Paulo SP 01514000 Brazil;CEP generico de cidade, nao de rua (2,4x mais falha)
MEDIO;3758;ANITA HAIR - SALÃO DE BELEZA  CABELO  CORTE  MANICURE  COLORAÇÃO  ESCOVA;Rua MIN ADAUTO LUCIO CARDOSO 245 Sao Paulo SP 05589000 Brazil;CEP generico de cidade, nao de rua (2,4x mais falha)
MEDIO;3760;WINS BRASIL CABELOS;Rua SAO BENTO 279 Sao Paulo SP 01011000 Brazil;CEP generico de cidade, nao de rua (2,4x mais falha)
MEDIO;3765;CAT'S CABELEIREIROS;Rua OLIMPIADAS 360 Sao Paulo SP 04551000 Brazil;CEP generico de cidade, nao de rua (2,4x mais falha)
MEDIO;3766;ESPAÇO PRANA SPA;Rua OLIMPIADAS 360 Sao Paulo SP 04551000 Brazil;CEP generico de cidade, nao de rua (2,4x mais falha)
MEDIO;3770;ESTAÇÃO - SP;Rua SANTA VIRGINIA 628 Sao Paulo SP 03084000 Brazil;CEP generico de cidade, nao de rua (2,4x mais falha)
MEDIO;3777;CLASSE A CABELEIREIRO | SALÃO DE BELEZA;Rua DOMINGOS DE MORAIS 371 Sao Paulo SP 04009000 Brazil;CEP generico de cidade, nao de rua (2,4x mais falha)
MEDIO;3780;IMPLANTE CAPILAR;Avenida PACAEMBU 1882 Sao Paulo SP 12340000 Brazil;CEP generico de cidade, nao de rua (2,4x mais falha)
MEDIO;3782;ESPAÇO WANESSA LIMA;Avenida MAL JUAREZ TAVORA 88A Sao Paulo SP 05750000 Brazil;CEP generico de cidade, nao de rua (2,4x mais falha)
MEDIO;3788;SALÃO DO JAIRO;RUA PEIXOTO GOMIDE 62 Sao Paulo SP 01409000 Brazil;CEP generico de cidade, nao de rua (2,4x mais falha)
MEDIO;3789;MICROPIGMENTAÇÃO BETE SANTOS;RUA HADDOCK LOBO 846 Sao Paulo SP 01420000 Brazil;CEP generico de cidade, nao de rua (2,4x mais falha)
MEDIO;3790;NEGROS & BRANCOS CABELEIREIROS UNISEX;Rua SAO GONCALO DO ABAETE 225 Sao Paulo SP 02870000 Brazil;CEP generico de cidade, nao de rua (2,4x mais falha)
MEDIO;3791;DECO CABELEIREIRO;Rua MARIA AMALIA LOPES AZEVEDO 2787 Sao Paulo SP 02350000 Brazil;CEP generico de cidade, nao de rua (2,4x mais falha)
MEDIO;3794;MOURA CABELEIREIROS;Avenida MUTINGA 1650 Sao Paulo SP 05110000 Brazil;CEP generico de cidade, nao de rua (2,4x mais falha)
MEDIO;3797;SAIKÔ BEAUTY CABELO & ESTÉTICA - UNIDADE VILA MADALENA;RUA HARMONIA 293 Sao Paulo SP 05435000 Brazil;CEP generico de cidade, nao de rua (2,4x mais falha)
MEDIO;3799;SALÃO VITÓRIA;Rua MONTEIRO DE MELO 645 Sao Paulo SP 05050000 Brazil;CEP generico de cidade, nao de rua (2,4x mais falha)
MEDIO;3807;CIDA CABELEIREIROS UNISSEX;Rua SAO SEBASTIAO 476 Sao Paulo SP 04708000 Brazil;CEP generico de cidade, nao de rua (2,4x mais falha)
MEDIO;3809;ESTILO CABELEIREIROS;Avenida GEN OLIMPIO DA SILVEIRA 546 Sao Paulo SP 01150000 Brazil;CEP generico de cidade, nao de rua (2,4x mais falha)
MEDIO;3815;BIOLOOK ESTETICA;PRACA SILVIO ROMERO 140 Sao Paulo SP 03323000 Brazil;CEP generico de cidade, nao de rua (2,4x mais falha)
MEDIO;3818;FAST ESCOVA VILA FORMOSA;Avenida JOAO XXIII 1130 Sao Paulo SP 03361000 Brazil;CEP generico de cidade, nao de rua (2,4x mais falha)
MEDIO;3819;FERNANDO ALVES HAIR ACADEMY E SALÃO;Rua FAGUNDES DIAS 127 Sao Paulo SP 04055000 Brazil;CEP generico de cidade, nao de rua (2,4x mais falha)
MEDIO;3826;BENEFIT COSMETICS BOUTIQUE & BROWBAR;SHOPPING PATIO HIGIENOPOLIS AV HIGIENOPOLIS 618 Sao Paulo SP 01238000 Brazil;CEP generico de cidade, nao de rua (2,4x mais falha)
MEDIO;3831;ESPAÇO MADÁ;Rua ITAPURA 1077 Sao Paulo SP 03310000 Brazil;CEP generico de cidade, nao de rua (2,4x mais falha)
MEDIO;3833;GARDEN BALL;Avenida CMTE ANTONIO PAIVA SAMPAIO 300 Sao Paulo SP 02269000 Brazil;CEP generico de cidade, nao de rua (2,4x mais falha)
MEDIO;3836;ESPAÇO PIMENTA MALAGUETA;Rua HEITOR PENTEADO 220 Sao Paulo SP 05401000 Brazil;CEP generico de cidade, nao de rua (2,4x mais falha)
MEDIO;3838;ESPAÇO CLÉLIA;Rua CLELIA 220 Sao Paulo SP 05042000 Brazil;CEP generico de cidade, nao de rua (2,4x mais falha)
MEDIO;3839;TOSTES CABELELEIROS;Rua AUGUSTA 1932 Sao Paulo SP 01412000 Brazil;CEP generico de cidade, nao de rua (2,4x mais falha)
MEDIO;3841;SOHO ACADEMY;Rua DA GLORIA 615 Sao Paulo SP 01510000 Brazil;CEP generico de cidade, nao de rua (2,4x mais falha)
MEDIO;3849;CABELO E ESTÉTICA;Rua TOBIAS BARRETO 172 Sao Paulo SP 03176000 Brazil;CEP generico de cidade, nao de rua (2,4x mais falha)
MEDIO;3851;STUDIO SENA - CABELEIREIRO E ESTÉTICA;Avenida PACAEMBU 1492 Sao Paulo SP 01234000 Brazil;CEP generico de cidade, nao de rua (2,4x mais falha)
MEDIO;3852;BLACK STORM;Rua SETE DE ABRIL 412 Sao Paulo SP 01044000 Brazil;CEP generico de cidade, nao de rua (2,4x mais falha)
MEDIO;3857;SR   SRA ALMEIDA - CABELEIREIRO - MANICURE - DEPILAÇÃO - PODOLOGIA;Avenida JAGUARE 287 Sao Paulo SP 05346000 Brazil;CEP generico de cidade, nao de rua (2,4x mais falha)
MEDIO;3860;VISUAL HAIR;RUA MARIA FILOMENA FAZIO PERRI 25B Sao Paulo SP Brazil;"cidade divergente: coluna diz 'São Paulo' e o endereco diz 'TABOÃO DA SERRA'; mantida a da coluna"
MEDIO;3879;KATIA ANDRADE CABELEIREIRA;RUA VERGUEIRO 2000 Sao Paulo SP 04102000 Brazil;CEP generico de cidade, nao de rua (2,4x mais falha)
MEDIO;3884;ESPAÇO PRANA SPA;Avenida DAS NACOES UNIDAS 14401 Sao Paulo SP 04794000 Brazil;CEP generico de cidade, nao de rua (2,4x mais falha)
MEDIO;3887;VANITY ESTÉTICA & CABELO;Rua DA GLORIA 58 Sao Paulo SP 01510000 Brazil;CEP generico de cidade, nao de rua (2,4x mais falha)
MEDIO;3899;JACQUES JANINE;Avenida DAS NACOES UNIDAS 4777 Sao Paulo SP 05477000 Brazil;CEP generico de cidade, nao de rua (2,4x mais falha)
MEDIO;3902;BLUE EIGHT;Rua ORIENTE 500 Sao Paulo SP 03016000 Brazil;CEP generico de cidade, nao de rua (2,4x mais falha)
MEDIO;3911;UNHAS CARIOCAS SHOPPING LIGHT;RUA CEL XAVIER DE TOLEDO 23 Sao Paulo SP 01048000 Brazil;CEP generico de cidade, nao de rua (2,4x mais falha)
MEDIO;3915;SPAÇO HAIR;Rua TABATINGUERA 528 Sao Paulo SP 01020000 Brazil;CEP generico de cidade, nao de rua (2,4x mais falha)
MEDIO;3918;B&F IND COM DE POLYMEROS E DIST D COSMÉTICOS;RUA CHARQUEADA 467 CAJAMAR SP 07750000 Brazil;CEP generico de cidade, nao de rua (2,4x mais falha)
MEDIO;3919;LILI BEAUTY;Avenida PEDROSO DE MORAIS 514 Sao Paulo SP 05420000 Brazil;CEP generico de cidade, nao de rua (2,4x mais falha)
MEDIO;3924;SPAÇO & BELEZA SERVIÇOS DE BELEZA;Avenida CASPER LIBERO 390 Sao Paulo SP 01033000 Brazil;CEP generico de cidade, nao de rua (2,4x mais falha)
MEDIO;3929;JACQUES JANINE MOOCA PLAZA SHOPPING;Rua CAP PACHECO E CHAVES 313 Sao Paulo SP 03126000 Brazil;CEP generico de cidade, nao de rua (2,4x mais falha)
MEDIO;3931;VON BEAUTY VILA MARIANA;Rua MARCELINO CHAMPAGNAT 600 Sao Paulo SP 04114000 Brazil;CEP generico de cidade, nao de rua (2,4x mais falha)
MEDIO;3933;VITORIA ESTÉTICA E CABELEIREIROS;Rua BERNARDO DOS SANTOS 149 Sao Paulo SP 05542000 Brazil;CEP generico de cidade, nao de rua (2,4x mais falha)
MEDIO;3940;POLY COMERCIAL;Rua SILVEIRA MARTINS 48 Sao Paulo SP 01019000 Brazil;CEP generico de cidade, nao de rua (2,4x mais falha)
MEDIO;3942;PATO HAIR CONCEPT - SALÃO DE BELEZA;Avenida AMADOR BUENO DA VEIGA 4389 Sao Paulo SP 03653000 Brazil;CEP generico de cidade, nao de rua (2,4x mais falha)
MEDIO;3946;MICRO INSTITUTO;Avenida JABAQUARA 396 Sao Paulo SP 04046000 Brazil;CEP generico de cidade, nao de rua (2,4x mais falha)
MEDIO;3947;NATURA;Avenida DAS NACOES UNIDAS 4777 Sao Paulo SP 05310000 Brazil;CEP generico de cidade, nao de rua (2,4x mais falha)
MEDIO;3952;ESMALTERIA FRIDA;Avenida LINS DE VASCONCELOS 890 Sao Paulo SP 01538000 Brazil;CEP generico de cidade, nao de rua (2,4x mais falha)
MEDIO;3953;SAINT BEAUTY COWORKING DE BELEZA E SAÚDE;ALAMEDA RIBEIRAO PRETO 243 Sao Paulo SP 01331000 Brazil;CEP generico de cidade, nao de rua (2,4x mais falha)
MEDIO;3954;JG BEAUTY STUDIO;Rua DR CESAR CASTIGLIONI JUNIOR 333 Sao Paulo SP 02515000 Brazil;CEP generico de cidade, nao de rua (2,4x mais falha)
MEDIO;3956;MIRACOLLI TREMEMBÉ;Rua MARIA AMALIA LOPES AZEVEDO 842 Sao Paulo SP 02350000 Brazil;CEP generico de cidade, nao de rua (2,4x mais falha)
MEDIO;3959;DESTAKK HAIR DESIGN;ALAMEDA JAU 496 Sao Paulo SP 01420000 Brazil;CEP generico de cidade, nao de rua (2,4x mais falha)
MEDIO;3961;GRACE HAIR BOUTIQUE;RUA TUPI 764 Sao Paulo SP 01233000 Brazil;CEP generico de cidade, nao de rua (2,4x mais falha)
MEDIO;3965;JOSY FRANÇA HAIR;Rua CARNEIRO DA CUNHA 462 Sao Paulo SP 04144000 Brazil;CEP generico de cidade, nao de rua (2,4x mais falha)
MEDIO;3976;PRÓ-CORPO ESTÉTICA AVANÇADA - TATUAPÉ;Rua ITAPURA 1590 Sao Paulo SP 03310000 Brazil;CEP generico de cidade, nao de rua (2,4x mais falha)
MEDIO;3982;REI LEÃO BARBEARIA - BOULEVARD SHOPPING;Avenida VISC DE SOUZA FRANCO 776 Belem PA 66053000 Brazil;CEP generico de cidade, nao de rua (2,4x mais falha)
MEDIO;3992;O REI DOS CABELOS;Rua RIACHUELO 60 Sao Paulo SP 01007000 Brazil;CEP generico de cidade, nao de rua (2,4x mais falha)
MEDIO;3996;RENÓV SPA E ESTÉTICA;Avenida DA BARREIRA GRANDE 132 Sao Paulo SP 03386000 Brazil;CEP generico de cidade, nao de rua (2,4x mais falha)
MEDIO;4002;SY CABELEIREIRO UNISSEX;Rua DA GLORIA 338 Sao Paulo SP 01510000 Brazil;CEP generico de cidade, nao de rua (2,4x mais falha)
MEDIO;4003;JACQUES JANINE HOTEL HILTON;Avenida DAS NACOES UNIDAS 12901 Sao Paulo SP 04578000 Brazil;CEP generico de cidade, nao de rua (2,4x mais falha)
MEDIO;4008;STUDIO ITÁLIA;Avenida IPIRANGA 344 Sao Paulo SP 01046000 Brazil;CEP generico de cidade, nao de rua (2,4x mais falha)
MEDIO;4024;STUDIO CABELEIREIROS;Avenida LUIS STAMATIS 431 Sao Paulo SP 02229000 Brazil;CEP generico de cidade, nao de rua (2,4x mais falha)
MEDIO;4028;SALÃO DE BELEZA ESTELA;Rua ESTELA 41 Sao Paulo SP 04011000 Brazil;CEP generico de cidade, nao de rua (2,4x mais falha)
MEDIO;4029;DENI ARTE & BELEZA;Rua CAETANO PINTO 489 Sao Paulo SP 03041000 Brazil;CEP generico de cidade, nao de rua (2,4x mais falha)
MEDIO;4031;MF NAILS DESIGNERS MANICURE E PEDICURE;Rua OTELO AUGUSTO RIBEIRO 866 Sao Paulo SP 08412000 Brazil;CEP generico de cidade, nao de rua (2,4x mais falha)
MEDIO;4035;IKESAKI COSMÉTICOS - SHOPPING METRÔ TUCURUVI;AVENIDA DOUTOR ANTONIO MARIA LAET NBSP 566 Sao Paulo SP 02240000 Brazil;CEP generico de cidade, nao de rua (2,4x mais falha)
MEDIO;4044;SARAH CABELO E ESTÉTICA;Rua DR VEIGA FILHO 61 Sao Paulo SP 01231000 Brazil;CEP generico de cidade, nao de rua (2,4x mais falha)
MEDIO;4047;STUDIO GIGI;PRACA SILVIO ROMERO 55 Sao Paulo SP 03323000 Brazil;CEP generico de cidade, nao de rua (2,4x mais falha)
MEDIO;4049;JACQUES JANINE BOURBON SHOPPING;RUA PALESTRA ITALIA 500 Sao Paulo SP 05005000 Brazil;CEP generico de cidade, nao de rua (2,4x mais falha)
MEDIO;4054;GIOLASER RIO PEQUENO SP|DEPILAÇÃO A LASER  CRIOLIPÓLISE  CARBOXITERAPIA  FLACIDEZ  CELULITE  ENZIMAS  PREENCHIMENTO FACIAL;Avenida DO RIO PEQUENO 1406 Sao Paulo SP 05379000 Brazil;CEP generico de cidade, nao de rua (2,4x mais falha)
MEDIO;4057;EDMAIS - ALONGAMENTOS DE CABELOS;Rua AUGUSTA 1967 Sao Paulo SP 01413000 Brazil;CEP generico de cidade, nao de rua (2,4x mais falha)
MEDIO;4060;SH TÉCNICA & ESTILO EM CABELO;Rua JAMES HOLLAND 668 Sao Paulo SP 01138000 Brazil;CEP generico de cidade, nao de rua (2,4x mais falha)
MEDIO;4061;VITÓRIA CABELEIREIROS;Rua MARANHAO 738 Sao Paulo SP 01240000 Brazil;CEP generico de cidade, nao de rua (2,4x mais falha)
MEDIO;4062;AMADÍ SPA;ALAMEDA DOS ARAPANES 113 Sao Paulo SP 04524000 Brazil;CEP generico de cidade, nao de rua (2,4x mais falha)
MEDIO;4064;SALÃO KARINNA CABELEIREIROS;Avenida HISTORIADOR RUBENS DE MENDONCA 1213 Cuiaba MT 78050000 Brazil;CEP generico de cidade, nao de rua (2,4x mais falha)
MEDIO;4066;ESPAÇO DRINA VIEIRA;Rua GUARARAPES 270 Sao Paulo SP 04561000 Brazil;CEP generico de cidade, nao de rua (2,4x mais falha)
MEDIO;4069;NATURA COSMÉTICOS;Rua BENTO BRANCO DE ANDRADE FILHO 621 Sao Paulo SP 04757000 Brazil;CEP generico de cidade, nao de rua (2,4x mais falha)
MEDIO;4072;FABIANO RODRIGO - CABELEIREIRO;Avenida PIRES DO RIO 605 Sao Paulo SP 08020000 Brazil;CEP generico de cidade, nao de rua (2,4x mais falha)
MEDIO;4074;DHY UNHAS - A CASA DA MANICURE - PRODUTOS PARA ALONGAMENTO;RUA FLORENCIO DE ABREU 65 Sao Paulo SP 01029000 Brazil;CEP generico de cidade, nao de rua (2,4x mais falha)
MEDIO;4079;ESPAÇO E BELEZA;Rua COTOXO 387 Sao Paulo SP 05021000 Brazil;CEP generico de cidade, nao de rua (2,4x mais falha)
MEDIO;4086;STUDIO DA BELEZA CORTES;Avenida SENADOR CASEMIRO DA ROCHA 468 Sao Paulo SP 04047000 Brazil;CEP generico de cidade, nao de rua (2,4x mais falha)
MEDIO;4092;INSTITUTO DE BELEZA TATY;Avenida SENADOR CASEMIRO DA ROCHA 444 Sao Paulo SP 04047000 Brazil;CEP generico de cidade, nao de rua (2,4x mais falha)
MEDIO;4093;NATURA;Avenida REG FEIJO 1739 Sao Paulo SP 03342000 Brazil;CEP generico de cidade, nao de rua (2,4x mais falha)
MEDIO;4096;SALÃO GLAMOUR;Avenida SEN LEMOS 3153 Belem PA 66120000 Brazil;CEP generico de cidade, nao de rua (2,4x mais falha)
MEDIO;4098;VON BEAUTY NAIL CLUB;ALAMEDA LORENA 800 Sao Paulo SP 01424000 Brazil;CEP generico de cidade, nao de rua (2,4x mais falha)
MEDIO;4100;NATURA E AVON BEM ESTAR;Avenida DO CURSINO 69 Sao Paulo SP 04133000 Brazil;CEP generico de cidade, nao de rua (2,4x mais falha)
MEDIO;4101;IKESAKI COSMÉTICOS - GALVÃO BUENO;Rua GALVAO BUENO 37 Sao Paulo SP 01506000 Brazil;CEP generico de cidade, nao de rua (2,4x mais falha)
MEDIO;4102;INDIA EYEBROW THREADING;Avenida PAULISTA 486 Sao Paulo SP 01310000 Brazil;CEP generico de cidade, nao de rua (2,4x mais falha)
MEDIO;4103;MAGIA BELEZA & ESTÉTICA;Rua BARAO DO BANANAL 684 Sao Paulo SP 05024000 Brazil;CEP generico de cidade, nao de rua (2,4x mais falha)
MEDIO;4107;SB BEAUTY HAIR;Rua JAMES HOLLAND 668 Sao Paulo SP 01138000 Brazil;CEP generico de cidade, nao de rua (2,4x mais falha)
MEDIO;4109;OLIMPIA SPA - UNIDADE JARDINS;ALAMEDA SANTOS 484 Sao Paulo SP 04001000 Brazil;CEP generico de cidade, nao de rua (2,4x mais falha)
MEDIO;4113;SM BELEZA INTENSA;Rua CARAIBAS 624 Sao Paulo SP 05020000 Brazil;CEP generico de cidade, nao de rua (2,4x mais falha)
MEDIO;4115;BEAUTY K CLÍNICA CAPILAR;Rua ALTINOPOLIS 216 Sao Paulo SP 02334000 Brazil;CEP generico de cidade, nao de rua (2,4x mais falha)
MEDIO;4119;SALÃO VITÓRIA;Rua FRANCISCO PEREIRA PASSOS 184 Sao Paulo SP 02991000 Brazil;CEP generico de cidade, nao de rua (2,4x mais falha)
MEDIO;4130;JAZZ CONCEPT HAIR;RUA HADDOCK LOBO 684 Sao Paulo SP 01414000 Brazil;CEP generico de cidade, nao de rua (2,4x mais falha)
MEDIO;4132;BAYER;Rua DOMINGOS JORGE 1100 Sao Paulo SP 04761000 Brazil;CEP generico de cidade, nao de rua (2,4x mais falha)
MEDIO;4145;BEAUTY BRASIL CLÍNICA;Avenida BRIGADEIRO LUIS ANTONIO 2729 Sao Paulo SP 01401000 Brazil;CEP generico de cidade, nao de rua (2,4x mais falha)
MEDIO;4146;ESTEK;Rua TEN CEL SOARES NEIVA 412 Sao Paulo SP 03503000 Brazil;CEP generico de cidade, nao de rua (2,4x mais falha)
MEDIO;4150;ESMALTERIA DOMDACOR / ESPAÇO HR;Rua GUARAU 104 Sao Paulo SP 04052000 Brazil;CEP generico de cidade, nao de rua (2,4x mais falha)
MEDIO;4151;MAISLASER;Rua PIO XI 743 Sao Paulo SP 05060000 Brazil;CEP generico de cidade, nao de rua (2,4x mais falha)
MEDIO;4152;YAMAUE CABELEIREIROS;RUA APINAJES 1594 Sao Paulo SP 01258000 Brazil;CEP generico de cidade, nao de rua (2,4x mais falha)
MEDIO;4154;MUNDIAL;Rua DO PARAISO 148 Sao Paulo SP 04103000 Brazil;CEP generico de cidade, nao de rua (2,4x mais falha)
MEDIO;4156;SPA DAS SOBRANCELHAS;RUA VERGUEIRO 1353 Sao Paulo SP 04101000 Brazil;CEP generico de cidade, nao de rua (2,4x mais falha)
MEDIO;4163;ESPAÇO BELEZA APCD;Rua VOLUNTARIOS DA PATRIA 547 Sao Paulo SP 02011000 Brazil;CEP generico de cidade, nao de rua (2,4x mais falha)
MEDIO;4167;B.PASS;Avenida PAULISTA 171 Sao Paulo SP 01311000 Brazil;CEP generico de cidade, nao de rua (2,4x mais falha)
MEDIO;4168;LASER FAST BELÉM - IT CENTER;Avenida SEN LEMOS 3153 Belem PA 66120000 Brazil;CEP generico de cidade, nao de rua (2,4x mais falha)
MEDIO;4175;DIAS & SANTOS;Rua CORIOLANO 176 Sao Paulo SP 05047000 Brazil;CEP generico de cidade, nao de rua (2,4x mais falha)
MEDIO;4189;SÍ ADORE- CABELO&CIA;Rua SAO GONCALO DO ABAETE 64 Sao Paulo SP 02870000 Brazil;CEP generico de cidade, nao de rua (2,4x mais falha)
MEDIO;4190;MURAI CABELEIREIROS;Rua TUTOIA 942 Sao Paulo SP 04007000 Brazil;CEP generico de cidade, nao de rua (2,4x mais falha)
MEDIO;4191;DIVINA HAIR CABELOS E FRONT LACE;Rua FLORENCIO DE ABREU 90 Sao Paulo SP 01030000 Brazil;CEP generico de cidade, nao de rua (2,4x mais falha)
MEDIO;4195;B.BEAUTY;Rua SANTA CRUZ 117 Sao Paulo SP 04121000 Brazil;CEP generico de cidade, nao de rua (2,4x mais falha)
MEDIO;4196;STUDIO 3 HAIR DESIGN;Rua BARAO DO BANANAL 1225 Sao Paulo SP 05024000 Brazil;CEP generico de cidade, nao de rua (2,4x mais falha)
MEDIO;4202;JACQUES JANINE VILA OLÍMPIA;Rua OLIMPIADAS 360 Sao Paulo SP 04551000 Brazil;CEP generico de cidade, nao de rua (2,4x mais falha)
MEDIO;4210;MISS NAIL - UNIDADE SP;RUA HADDOCK LOBO 131 Sao Paulo SP 01414000 Brazil;CEP generico de cidade, nao de rua (2,4x mais falha)
MEDIO;4211;LASER FAST CUIABÁ - COMPER;Avenida HISTORIADOR RUBENS DE MENDONCA 3000 Cuiaba MT 78058000 Brazil;CEP generico de cidade, nao de rua (2,4x mais falha)
MEDIO;4217;LOJA NATURA;Rua CAP PACHECO E CHAVES 313 Sao Paulo SP 03126000 Brazil;CEP generico de cidade, nao de rua (2,4x mais falha)
MEDIO;4219;SARAIVA BEAUTY;Avenida DA BARREIRA GRANDE 1339 Sao Paulo SP 03916000 Brazil;CEP generico de cidade, nao de rua (2,4x mais falha)
MEDIO;4220;ANGELA CABELEIREIROS;Avenida BRIGADEIRO LUIS ANTONIO 2463 Sao Paulo SP 01401000 Brazil;CEP generico de cidade, nao de rua (2,4x mais falha)
MEDIO;4222;MAKE BEAUTY GROUP;Rua OLIMPIADAS 205 Sao Paulo SP 04551000 Brazil;CEP generico de cidade, nao de rua (2,4x mais falha)
MEDIO;4224;AYA BEAUTY PRODUTOS ESTÉTICOS;Avenida BRG FARIA LIMA 2369 Sao Paulo SP 01452000 Brazil;CEP generico de cidade, nao de rua (2,4x mais falha)
MEDIO;4227;LASER FAST SP - EXTRA MORUMBI;Avenida MAJOR SYLVIO DE MAGALHAES PADILHA 16741 Sao Paulo SP 05693000 Brazil;CEP generico de cidade, nao de rua (2,4x mais falha)
MEDIO;4228;BEAUTE ESTETICA;Avenida WASHINGTON LUIS 1855 Sao Paulo SP 04626000 Brazil;CEP generico de cidade, nao de rua (2,4x mais falha)
MEDIO;4238;STUDIO FERNANDO;RUA JABOTICABAL 428 Sao Paulo SP 03188000 Brazil;CEP generico de cidade, nao de rua (2,4x mais falha)
MEDIO;4245;Alice Salazar Store Tatuapé;Rua Apucarana 587 Sao Paulo SP 03311000 Brazil;CEP generico de cidade, nao de rua (2,4x mais falha)
MEDIO;4246;STUDIO MI LIMA;Avenida JOSINO VIEIRA DE GOES 376 Sao Paulo SP 02319000 Brazil;CEP generico de cidade, nao de rua (2,4x mais falha)
MEDIO;4250;STUDIO J.CA;RUA CARAIBAS 424 Sao Paulo SP 05020000 Brazil;CEP generico de cidade, nao de rua (2,4x mais falha)
MEDIO;4251;HINODE COSMÉTICOS JAÇANÃ /TUCURUVI - CONSULTOR (RICARDO);Avenida CMTE ANTONIO PAIVA SAMPAIO 1008 Sao Paulo SP 02269000 Brazil;CEP generico de cidade, nao de rua (2,4x mais falha)
MEDIO;4257;PRETTY LASH STÚDIO;Rua ABILIO SOARES 233 Sao Paulo SP 04005000 Brazil;CEP generico de cidade, nao de rua (2,4x mais falha)
MEDIO;4260;FOTODEPILAÇÃO NO PARAÍSO;Rua DR TOMAS CARVALHAL 73 Sao Paulo SP 04006000 Brazil;CEP generico de cidade, nao de rua (2,4x mais falha)
MEDIO;4274;AR CABELEIREIROS;RUA JOAO JOSE DE QUEIROZ 1032 Sao Paulo SP 36790000 Brazil;CEP generico de cidade, nao de rua (2,4x mais falha)
MEDIO;4283;O Boticário;Avenida Mascote 490 Sao Paulo SP 04363000 Brazil;CEP generico de cidade, nao de rua (2,4x mais falha)
MEDIO;4285;Farma & Cia Tatuapé;Rua Tuiuti 1310 Sao Paulo SP 03081000 Brazil;CEP generico de cidade, nao de rua (2,4x mais falha)
MEDIO;4289;Buddha Spa Vila Madalena;Rua Harmonia 420 Sao Paulo SP 05435000 Brazil;CEP generico de cidade, nao de rua (2,4x mais falha)
MEDIO;4290;STUDIODESIGN;ALAMEDA JAU 1606 Sao Paulo SP 01412000 Brazil;CEP generico de cidade, nao de rua (2,4x mais falha)
MEDIO;4294;ESPAÇO MATSUO;Avenida REBOUCAS 353 Sao Paulo SP 05401000 Brazil;CEP generico de cidade, nao de rua (2,4x mais falha)
MEDIO;4297;BEAUTY COSMETICS;Avenida NOVA CANTAREIRA 291 Sao Paulo SP 02331000 Brazil;CEP generico de cidade, nao de rua (2,4x mais falha)
MEDIO;4298;SIMPLES NACIONAL;RUA M M D C 450 Sao Paulo SP 05510000 Brazil;CEP generico de cidade, nao de rua (2,4x mais falha)
MEDIO;4299;FERNANDO MASSA HAIR;ALAMEDA AFONSO SCHMIDT 119 Sao Paulo SP 02450000 Brazil;CEP generico de cidade, nao de rua (2,4x mais falha)
MEDIO;4309;JEUNESSE GERAÇÃO FORÇA JOVEM;RUA IPEROIG 871 Sao Paulo SP 05016000 Brazil;CEP generico de cidade, nao de rua (2,4x mais falha)
MEDIO;4311;Fragrance Anália Franco;Avenida Reg Feijo 1739 Sao Paulo SP 03342000 Brazil;CEP generico de cidade, nao de rua (2,4x mais falha)
MEDIO;4312;Spazio Di Bagno;Rua Barao do Triunfo 234 Sao Paulo SP 04602000 Brazil;CEP generico de cidade, nao de rua (2,4x mais falha)
MEDIO;4317;GIO LASER PQ SÃO DOMINGOS;Avenida DO ANASTACIO 1795 Sao Paulo SP 05119000 Brazil;CEP generico de cidade, nao de rua (2,4x mais falha)
MEDIO;4322;VITORIA;Rua FRIBURGO 108 Sao Paulo SP 02540000 Brazil;CEP generico de cidade, nao de rua (2,4x mais falha)
MEDIO;4323;MAG CABELEIREIROS;Rua DR MIRANDA DE AZEVEDO 998 Sao Paulo SP 05027000 Brazil;CEP generico de cidade, nao de rua (2,4x mais falha)
MEDIO;4328;Opaque Perfumes e Cosméticos - Shopping Pátio Higienópolis;Avenida Higienopolis 618 Sao Paulo SP 01238000 Brazil;CEP generico de cidade, nao de rua (2,4x mais falha)
MEDIO;4339;MAC Shopping Anália Franco;Avenida Reg Feijo 1739 Sao Paulo SP 03342000 Brazil;CEP generico de cidade, nao de rua (2,4x mais falha)
MEDIO;4341;Azen Corpo e Saude;Rua Me de Deus 561 Sao Paulo SP 03119000 Brazil;CEP generico de cidade, nao de rua (2,4x mais falha)
MEDIO;4346;Jo Malone London;Avenida Higienopolis 618 Sao Paulo SP 01238000 Brazil;CEP generico de cidade, nao de rua (2,4x mais falha)
MEDIO;4349;BELLAS SOBRANCELHAS;Rua GUARAU 75 Sao Paulo SP 04052000 Brazil;CEP generico de cidade, nao de rua (2,4x mais falha)
MEDIO;4354;Dra. Larissa Alvarenga | Dermatologia e Estética | Santana | SP;Rua Voluntarios da Patria 654 Sao Paulo SP 02010000 Brazil;CEP generico de cidade, nao de rua (2,4x mais falha)
MEDIO;4361;CALIFORNIANAS, OMBRÉ HAIR OU MECHAS INVERTIDAS?;RUA SERRA DA BOCAINA 121 Sao Paulo SP 03174000 Brazil;CEP generico de cidade, nao de rua (2,4x mais falha)
MEDIO;4362;TB BEAUTY;Rua ANTONIO DE COUROS 458 Sao Paulo SP 02726000 Brazil;CEP generico de cidade, nao de rua (2,4x mais falha)
MEDIO;4371;Dra. Juliana Mossini Nicoliello | Dermatologista | Esteticista | Clínica de Dermatologia | Clínica Geral;Avenida Rubem Berta 850 Sao Paulo SP 04074000 Brazil;CEP generico de cidade, nao de rua (2,4x mais falha)
MEDIO;4372;SAMIRIS M LOPES;PRACA DA SE 21 Sao Paulo SP 01001000 Brazil;CEP generico de cidade, nao de rua (2,4x mais falha)
MEDIO;4375;EVELYN SOUSA DESIGNER;Rua IWAJIRO TAKAHASHI 19 Sao Paulo SP 02315000 Brazil;CEP generico de cidade, nao de rua (2,4x mais falha)
MEDIO;4376;CAMILA ESTEVAM BEAUTY;Rua DR PAULO VIEIRA 566 Sao Paulo SP 01257000 Brazil;CEP generico de cidade, nao de rua (2,4x mais falha)
MEDIO;4384;ESPAÇO MARIA FLOR;Avenida NOVE DE JULHO 1113 Sao Paulo SP 01313000 Brazil;CEP generico de cidade, nao de rua (2,4x mais falha)
MEDIO;4385;MS HAIR COSMETICS;Rua ERNESTO FOGO 122 Sao Paulo SP 03387000 Brazil;CEP generico de cidade, nao de rua (2,4x mais falha)
MEDIO;4416;MAKELAB SOLUTIONS;Avenida ANGELICA 321 Sao Paulo SP 01227000 Brazil;CEP generico de cidade, nao de rua (2,4x mais falha)
MEDIO;4430;CABELEIREIRA;Rua ANTONIO DO CAMPO 390 Sao Paulo SP 04459000 Brazil;CEP generico de cidade, nao de rua (2,4x mais falha)
MEDIO;4433;Loja Natura - Vila Nova Curuçá;Avenida Nordestina 5010 Sao Paulo SP 08032000 Brazil;CEP generico de cidade, nao de rua (2,4x mais falha)
MEDIO;4445;SOBRANCELHA NATURAL;Rua VOLUNTARIOS DA PATRIA 654 Sao Paulo SP 02010000 Brazil;CEP generico de cidade, nao de rua (2,4x mais falha)
MEDIO;4450;BRIDE SPA AT HOME;Rua OSCAR FREIRE 708 Sao Paulo SP 01426000 Brazil;CEP generico de cidade, nao de rua (2,4x mais falha)
MEDIO;4452;SPA DOS CÍLIOS;Rua HISSOPO 148 Sao Paulo SP 03585000 Brazil;CEP generico de cidade, nao de rua (2,4x mais falha)
MEDIO;4458;VITÓRIA BEL;Rua NHATUMANI 320 Sao Paulo SP 03663000 Brazil;CEP generico de cidade, nao de rua (2,4x mais falha)
MEDIO;4468;MANICURE A DOMICÍLIO ITAPEVI $25 UNHA DE FIBRA $80;Rua DA CONSOLACAO 93 Sao Paulo SP 01301000 Brazil;CEP generico de cidade, nao de rua (2,4x mais falha)
MEDIO;4471;ESPAÇO JEANE;Avenida DO RIO BONITO 742 Sao Paulo SP 04776000 Brazil;CEP generico de cidade, nao de rua (2,4x mais falha)
MEDIO;4479;Clínica Dermatologia Dra Jackeline Mota;Rua Tijuco Preto 393 Sao Paulo SP 03316000 Brazil;CEP generico de cidade, nao de rua (2,4x mais falha)
MEDIO;4483;DONATELLA ESTETICA E BELEZA;Rua MARIA AMALIA LOPES AZEVEDO 516 Sao Paulo SP 02350000 Brazil;CEP generico de cidade, nao de rua (2,4x mais falha)
MEDIO;4489;Barbearia Black Zone Barra Funda Anhanguera;Rua Anhanguera 374 Sao Paulo SP 01135000 Brazil;CEP generico de cidade, nao de rua (2,4x mais falha)
MEDIO;4494;Instituto OA - Clínica Odontológica e Estética Avançada;Avenida Ver Abel Ferreira 1844 Sao Paulo SP 03340000 Brazil;CEP generico de cidade, nao de rua (2,4x mais falha)
MEDIO;4495;ALQ BEAUTY;Avenida DAS NACOES UNIDAS 22540 Sao Paulo SP 04795000 Brazil;CEP generico de cidade, nao de rua (2,4x mais falha)
MEDIO;4497;Fast Escova Terminal Vila Sônia - Salão de Beleza sem hora marcada;Rua Heitor dos Prazeres 318 Sao Paulo SP 05522000 Brazil;CEP generico de cidade, nao de rua (2,4x mais falha)
MEDIO;4509;THIFANNY BEAUTY IMPORT'S;Rua RIACHUELO 44 Sao Paulo SP 01007000 Brazil;CEP generico de cidade, nao de rua (2,4x mais falha)
MEDIO;4511;CÁNTINHO;Avenida DR GUILHERME DUMONT VILARES 1158 Sao Paulo SP 05641000 Brazil;CEP generico de cidade, nao de rua (2,4x mais falha)
MEDIO;4513;STUDIO ANA ROCHA (UNIDADE PARAÍSO);Rua DOMINGOS DE MORAIS 38 Sao Paulo SP 04010000 Brazil;CEP generico de cidade, nao de rua (2,4x mais falha)
MEDIO;4514;SALONMH;RUA GROENLANDIA 786 Sao Paulo SP 01434000 Brazil;CEP generico de cidade, nao de rua (2,4x mais falha)
MEDIO;4518;ELLO DISTRIBUIÇÃO SÃO PAULO;Avenida QUEIROZ FILHO 1700 Sao Paulo SP 05319000 Brazil;CEP generico de cidade, nao de rua (2,4x mais falha)
MEDIO;4529;KAIQUE LOPES TATTOO;Rua JOSE BONIFACIO 380 DESCALVADO SP 13690000 Brazil;CEP generico de cidade, nao de rua (2,4x mais falha)
MEDIO;4540;BEAUTY BRASIL SHOP;Avenida BRIGADEIRO LUIS ANTONIO 2729 Sao Paulo SP 01401000 Brazil;CEP generico de cidade, nao de rua (2,4x mais falha)
MEDIO;4547;Aline Iglesias Dermatologia;Rua Voluntarios da Patria 2468 Sao Paulo SP 02402000 Brazil;CEP generico de cidade, nao de rua (2,4x mais falha)
MEDIO;4548;STILU'S PALÁCIO;Rua DR MIRANDA DE AZEVEDO 470 Sao Paulo SP 05027000 Brazil;CEP generico de cidade, nao de rua (2,4x mais falha)
MEDIO;4549;NATY RIBEIRO ESPAÇO DA BELEZA;Rua FRANCISCA MARINHO 298C Sao Paulo SP 03984000 Brazil;CEP generico de cidade, nao de rua (2,4x mais falha)
MEDIO;4551;MARY & JULY CABELEIREIRAS FASHION;RUA JOSEPHINA GIANINNI ELIAS DONA BIMBA 11 Sao Paulo SP 04476000 Brazil;CEP generico de cidade, nao de rua (2,4x mais falha)
MEDIO;4556;LINDA WEB;Avenida IPIRANGA 1097 Sao Paulo SP 01039000 Brazil;CEP generico de cidade, nao de rua (2,4x mais falha)
MEDIO;4578;NAILSALENCARR;Avenida ANTONELO DA MESSINA 70 Sao Paulo SP 02318000 Brazil;CEP generico de cidade, nao de rua (2,4x mais falha)
MEDIO;4582;VITTORIA MICROPIGMENTAÇÃO;Rua VOLUNTARIOS DA PATRIA 654 Sao Paulo SP 02010000 Brazil;CEP generico de cidade, nao de rua (2,4x mais falha)
MEDIO;4587;NOVELLUS SKIN;Avenida PAULISTA 500 Sao Paulo SP 01310000 Brazil;CEP generico de cidade, nao de rua (2,4x mais falha)
MEDIO;4588;LUSIA COSMETICOS;Rua AUGUSTA 1976 Sao Paulo SP 01412000 Brazil;CEP generico de cidade, nao de rua (2,4x mais falha)
MEDIO;4594;SALÃO LAYNE E HAIR GIRLS;Avenida GENERAL PENHA BRASIL 1903 Sao Paulo SP 02673000 Brazil;CEP generico de cidade, nao de rua (2,4x mais falha)
MEDIO;4598;MARILENE AMPARO CABELO SOBRANCELNA;Rua MANUEL BUENO DA FONSECA 601 Sao Paulo SP 08121000 Brazil;CEP generico de cidade, nao de rua (2,4x mais falha)
MEDIO;4603;APOEMA THE BRAZILIAN DIFFERENCE IN NATURAL COSMETICS;Avenida PEDRO BUENO 584 Sao Paulo SP 04342000 Brazil;CEP generico de cidade, nao de rua (2,4x mais falha)
MEDIO;4611;BEAUTY SHOP COSMÉTICOS;Rua SANTO ANTONIO 316 Sao Paulo SP 01314000 Brazil;CEP generico de cidade, nao de rua (2,4x mais falha)
MEDIO;4615;STELLE;Avenida PACAEMBU 1632 Sao Paulo SP 01234000 Brazil;CEP generico de cidade, nao de rua (2,4x mais falha)
MEDIO;4620;HBEAUTY COSMETICOS;Avenida CELSO GARCIA 4638 Sao Paulo SP 03064000 Brazil;CEP generico de cidade, nao de rua (2,4x mais falha)
MEDIO;4621;Espaço Revendedor Grupo Boticário;Avenida Godofredo Maciel 88 Fortaleza CE 60710000 Brazil;CEP generico de cidade, nao de rua (2,4x mais falha)
MEDIO;4622;MAISPRETTY SERVIÇOS DIGITAIS DO BRASIL LTD;Avenida CIDADE JARDIM 400 Sao Paulo SP 01454000 Brazil;CEP generico de cidade, nao de rua (2,4x mais falha)
MEDIO;4623;THE PLACE CABELEIREIRO MARILIA;Rua BORGES 653 Sao Paulo SP 02247000 Brazil;CEP generico de cidade, nao de rua (2,4x mais falha)
MEDIO;4631;ATENDEMOS PRAIA GRANDE ATÉ PEDRO DE TOLEDO;Avenida SANTOS DUMONT 44 Sao Paulo SP 01102000 Brazil;CEP generico de cidade, nao de rua (2,4x mais falha)
MEDIO;4644;NU.ATELIE;Rua AUGUSTA 2676 Sao Paulo SP 01305000 Brazil;CEP generico de cidade, nao de rua (2,4x mais falha)
MEDIO;4646;Auto Elétrico Cavanha;Avenida Mutinga 2225 Sao Paulo SP 05110000 Brazil;CEP generico de cidade, nao de rua (2,4x mais falha)
MEDIO;4650;PABLO MENDONÇA HAIRDRESSER AND MAKEUP ARTIST;Rua PELOTAS 83 Sao Paulo SP 04012000 Brazil;CEP generico de cidade, nao de rua (2,4x mais falha)
MEDIO;4654;KoiFit Academia;Avenida Raimundo Pereira de Magalhaes 3630 Sao Paulo SP 05145000 Brazil;CEP generico de cidade, nao de rua (2,4x mais falha)
MEDIO;4656;GL BEAUTY;Rua HAVAI 597 Sao Paulo SP 01259000 Brazil;CEP generico de cidade, nao de rua (2,4x mais falha)
MEDIO;4660;BEL FIORE BEAUTY COMPANY BRAZIL;Avenida PAULISTA 302 Sao Paulo SP 01310000 Brazil;CEP generico de cidade, nao de rua (2,4x mais falha)
MEDIO;4667;PRÓ CILIOS;ALAMEDA SANTOS 32 Sao Paulo SP 01418000 Brazil;CEP generico de cidade, nao de rua (2,4x mais falha)
MEDIO;4675;BOSSA NOVE;Avenida QUEIROZ FILHO 1700 Sao Paulo SP 05319000 Brazil;CEP generico de cidade, nao de rua (2,4x mais falha)
MEDIO;4677;LOUNGEHAIR BY NALDO GOMES;Rua ITAPURA 239 Sao Paulo SP 03310000 Brazil;CEP generico de cidade, nao de rua (2,4x mais falha)
MEDIO;4689;República Cosméticos;Rua Sete de Abril 368 Sao Paulo SP 01044000 Brazil;CEP generico de cidade, nao de rua (2,4x mais falha)
MEDIO;4696;SALÃO ELOHIM;Rua LUCIO CARDIM FILHO 450 Sao Paulo SP 03929000 Brazil;CEP generico de cidade, nao de rua (2,4x mais falha)
MEDIO;4699;HIDEAKI IIJIMA & CIA;Rua TUTOIA 1066 Sao Paulo SP 04007000 Brazil;CEP generico de cidade, nao de rua (2,4x mais falha)
MEDIO;4704;Dra. Paula Sanchez;Rua Cristiano Viana 401 Sao Paulo SP 05411000 Brazil;CEP generico de cidade, nao de rua (2,4x mais falha)
MEDIO;4710;Audrey Makeup;Rua Galvao Bueno 69 Sao Paulo SP 01506000 Brazil;CEP generico de cidade, nao de rua (2,4x mais falha)
MEDIO;4729;Padron Perfumaria;Rua 24 de Maio 242 Sao Paulo SP 01041000 Brazil;CEP generico de cidade, nao de rua (2,4x mais falha)
MEDIO;4735;SALÃO DE CABELEIREIRO PACHECO S/C LTDA;Avenida NACOES UNIDAS 1401 Sao Paulo SP 04794000 Brazil;CEP generico de cidade, nao de rua (2,4x mais falha)
MEDIO;4736;Soneda Tucuruvi;Avenida Tucuruvi 289 Sao Paulo SP 02305000 Brazil;CEP generico de cidade, nao de rua (2,4x mais falha)
MEDIO;4739;STUDIO LE COSTA;Rua MARIA AMALIA LOPES AZEVEDO 535 Sao Paulo SP 02350000 Brazil;CEP generico de cidade, nao de rua (2,4x mais falha)
MEDIO;4741;KAKÁ CABELEIREIRA;Rua FERNAO MENDES PINTO 1919 Sao Paulo SP 03803000 Brazil;CEP generico de cidade, nao de rua (2,4x mais falha)
MEDIO;4752;Natura Beauty Cosméticos;Praca Vinte e Cinco de Novembro 392 Sao Paulo SP 02977000 Brazil;CEP generico de cidade, nao de rua (2,4x mais falha)
MEDIO;4753;STYLLU’S JARDINS;Rua LISBOA 281 Sao Paulo SP 05413000 Brazil;CEP generico de cidade, nao de rua (2,4x mais falha)
MEDIO;4763;O Boticário;Rua Quinze de Novembro 282 Santa Adelia SP 15950000 Brazil;CEP generico de cidade, nao de rua (2,4x mais falha)
MEDIO;4783;ESPAÇO ANDRÉIA SANTOS;Rua NOVA JERUSALEM 666 Sao Paulo SP 03410000 Brazil;CEP generico de cidade, nao de rua (2,4x mais falha)
MEDIO;4785;JO CABELEIREIRA;RUA JOAO JOSE DE QUEIROZ 928 Sao Paulo SP 03679000 Brazil;CEP generico de cidade, nao de rua (2,4x mais falha)
MEDIO;4788;ROSA CASTELLO STUDIO DE BELEZA;Avenida JABAQUARA 760 Sao Paulo SP 04052000 Brazil;CEP generico de cidade, nao de rua (2,4x mais falha)
MEDIO;4791;SALÃO DE BELEZA IBE LOURDES;Avenida MARIA CURSI 393 Sao Paulo SP 03962000 Brazil;CEP generico de cidade, nao de rua (2,4x mais falha)
MEDIO;4804;JEUNESSE GLOBAL PACAEMBU;Rua DR MANOEL MARIA TOURINHO 918 Sao Paulo SP 01236000 Brazil;CEP generico de cidade, nao de rua (2,4x mais falha)
MEDIO;4812;BEAUTY IN COMPANY;Rua DR CANDIDO ESPINHEIRA 59 Sao Paulo SP 05004000 Brazil;CEP generico de cidade, nao de rua (2,4x mais falha)
MEDIO;4822;Princesa Supermercado de Cosméticos São Bento 259;Rua Sao Bento 259 Sao Paulo SP 01011000 Brazil;CEP generico de cidade, nao de rua (2,4x mais falha)
MEDIO;4826;BELÍSSIMA EXTENÇÃO DE CÍLIOS;Rua BOM JESUS DO MONTE 706 Sao Paulo SP 03579000 Brazil;CEP generico de cidade, nao de rua (2,4x mais falha)
MEDIO;4829;MAX PROTECTOR;Avenida PAULISTA 2073 Sao Paulo SP 01311000 Brazil;CEP generico de cidade, nao de rua (2,4x mais falha)
MEDIO;4840;ESPAÇO R&G TRANSFORMAÇÃO;Rua GUARAU 106 Sao Paulo SP 04052000 Brazil;CEP generico de cidade, nao de rua (2,4x mais falha)
MEDIO;4845;JACKE CABELEIREIROS;Rua BOM JESUS DO MONTE 330 Sao Paulo SP 03579000 Brazil;CEP generico de cidade, nao de rua (2,4x mais falha)
MEDIO;4846;Princesa - Supermercado de Cosméticos;Rua Sao Bento 51 Sao Paulo SP 01011000 Brazil;CEP generico de cidade, nao de rua (2,4x mais falha)
MEDIO;4863;Samsara Perdizes - Yoga Massagem Ayurvédica;Rua Turiassu 446 Sao Paulo SP 05005000 Brazil;CEP generico de cidade, nao de rua (2,4x mais falha)
MEDIO;4869;INNER BEAUTY BRASIL - COMÉRCIO DE COSMÉTICOS E SERVIÇOS;Rua VOTUPORANGA 406 Sao Paulo SP 01256000 Brazil;CEP generico de cidade, nao de rua (2,4x mais falha)
MEDIO;4882;TJ NAILS;Rua OSCAR FREIRE 530 Sao Paulo SP 01426000 Brazil;CEP generico de cidade, nao de rua (2,4x mais falha)
MEDIO;4889;GIOLASER;Avenida MONTEMAGNO 239 Sao Paulo SP 03371000 Brazil;CEP generico de cidade, nao de rua (2,4x mais falha)
MEDIO;4895;BRUNA BUENO | NAIL'S DESIGNER;Avenida JOSINO VIEIRA DE GOES 774 Sao Paulo SP 02319000 Brazil;CEP generico de cidade, nao de rua (2,4x mais falha)
MEDIO;4901;VANNY ESPAÇO BELEZA;Rua MARIQUITA ARTACHO 273 Sao Paulo SP 03716000 Brazil;CEP generico de cidade, nao de rua (2,4x mais falha)
MEDIO;4902;CONSULTORIA E VENDAS PRODUTOS PARA SAÚDE E BELEZA;Avenida IMIRIM 642 Sao Paulo SP 02464000 Brazil;CEP generico de cidade, nao de rua (2,4x mais falha)
MEDIO;4903;Revenda de Cosméticos;Rua dos Italianos 981 Sao Paulo SP 01131000 Brazil;CEP generico de cidade, nao de rua (2,4x mais falha)
MEDIO;4906;IVAMARA CENTRAL BELEZA;Rua ITAPURA 1535 Sao Paulo SP 03310000 Brazil;CEP generico de cidade, nao de rua (2,4x mais falha)
MEDIO;4908;ZIRIGHAIR;Rua BENTO LEITE DA SILVA 170 Sao Paulo SP 04911000 Brazil;CEP generico de cidade, nao de rua (2,4x mais falha)
MEDIO;4911;POLIDERM DISTRIBUIDORA;Rua CARDOSO DE ALMEIDA 167 Sao Paulo SP 05013000 Brazil;CEP generico de cidade, nao de rua (2,4x mais falha)
MEDIO;4914;JM Cosméticos;Rua Vinte e Cinco de Marco 1072 Sao Paulo SP 01021000 Brazil;CEP generico de cidade, nao de rua (2,4x mais falha)
MEDIO;4915;PHITOFARMA;Avenida POMPEIA 1195 Sao Paulo SP 05023000 Brazil;CEP generico de cidade, nao de rua (2,4x mais falha)
MEDIO;4916;SMM BRASIL;Avenida PAULISTA 37 Sao Paulo SP 01311000 Brazil;CEP generico de cidade, nao de rua (2,4x mais falha)
MEDIO;4917;DOENÇAS DA HIPÓFISE;Rua HEITOR PENTEADO 477 Sao Paulo SP 05437000 Brazil;CEP generico de cidade, nao de rua (2,4x mais falha)
MEDIO;4920;CASA MODA NOIVA;ALAMEDA MIN ROCHA AZEVEDO 846 Sao Paulo SP 01410000 Brazil;CEP generico de cidade, nao de rua (2,4x mais falha)
MEDIO;4926;STUDIO MARIA FIFI;RUA DIANA R PALESTRA ITALIA 23 Sao Paulo SP 05019000 Brazil;CEP generico de cidade, nao de rua (2,4x mais falha)
MEDIO;4927;STUDIO LA VICTOIRE;Rua COTOXO 296 Sao Paulo SP 05021000 Brazil;CEP generico de cidade, nao de rua (2,4x mais falha)
MEDIO;4934;VIA LASER TIETE EM BREVE;Avenida RAIMUNDO PEREIRA DE MAGALHAES 1465 Sao Paulo SP 05145000 Brazil;CEP generico de cidade, nao de rua (2,4x mais falha)
MEDIO;4942;ONLY ESMALTERIA;Rua SAO GONCALO DO ABAETE 381 Sao Paulo SP 02870000 Brazil;CEP generico de cidade, nao de rua (2,4x mais falha)
MEDIO;4945;DOLCEPRI COSMÉTICOS;Rua APUCARANA 512 Sao Paulo SP 03311000 Brazil;CEP generico de cidade, nao de rua (2,4x mais falha)
MEDIO;4949;ALAMEDA1046;ALAMEDA GABRIEL MONTEIRO DA SILVA 1046 Sao Paulo SP 01442000 Brazil;CEP generico de cidade, nao de rua (2,4x mais falha)
MEDIO;4950;Cosméticos Family;Rua Condessa de Sao Joaquim 322 Sao Paulo SP 01320000 Brazil;CEP generico de cidade, nao de rua (2,4x mais falha)
MEDIO;4952;Buddha Spa Reebok Vila Olímpia;Academia Reebok Piso M1 R Olimpiadas 205 Sao Paulo SP 04551000 Brazil;CEP generico de cidade, nao de rua (2,4x mais falha)
MEDIO;4957;Beleza na WEB ROM;Avenida Brasil 108 Sao Paulo SP 01430000 Brazil;CEP generico de cidade, nao de rua (2,4x mais falha)
MEDIO;4959;I LOVE ME;Rua LISBOA 548 Sao Paulo SP 05412000 Brazil;CEP generico de cidade, nao de rua (2,4x mais falha)
MEDIO;4962;Care Club Perdizes: Medicina, Fisioterapia, Nutrição, Esporte, São Paulo/SP;Avenida Pompeia 571 Sao Paulo SP 05023000 Brazil;CEP generico de cidade, nao de rua (2,4x mais falha)
MEDIO;4977;MMC BEAUTY;Rua SAO GONCALO DO ABAETE 381 Sao Paulo SP 02870000 Brazil;CEP generico de cidade, nao de rua (2,4x mais falha)
MEDIO;4981;STUDIO CISSA LOREN;Rua SILVEIRA MARTINS 112 Sao Paulo SP 01019000 Brazil;CEP generico de cidade, nao de rua (2,4x mais falha)
MEDIO;4984;STUDIO SIL GARCIA;Rua SAO GONCALO DO ABAETE 436 Sao Paulo SP 02870000 Brazil;CEP generico de cidade, nao de rua (2,4x mais falha)
MEDIO;4986;Loja Natura (Dentro do Roldão Pirituba);Avenida Benedito Andrade 81 Sao Paulo SP 02936000 Brazil;CEP generico de cidade, nao de rua (2,4x mais falha)
MEDIO;4997;SALAO BELEZA PURA;Rua BOM JESUS DO MONTE 350 Sao Paulo SP 03579000 Brazil;CEP generico de cidade, nao de rua (2,4x mais falha)
MEDIO;5000;DAYSLIM;Avenida PADRE ARLINDO VIEIRA 610 Sao Paulo SP 04297000 Brazil;CEP generico de cidade, nao de rua (2,4x mais falha)
MEDIO;5018;Guih Cosméticos;Rua Carlos Sampaio 331 Sao Paulo SP 01333000 Brazil;CEP generico de cidade, nao de rua (2,4x mais falha)
MEDIO;5032;Santo Corpo;Rua Groenlandia 406 Sao Paulo SP 01434000 Brazil;CEP generico de cidade, nao de rua (2,4x mais falha)
MEDIO;5037;VALÉRIA MUNHOZ - ESTÉTICA AVANÇADA;Avenida GEN MAC ARTHUR 222 Sao Paulo SP 05338000 Brazil;CEP generico de cidade, nao de rua (2,4x mais falha)
MEDIO;5038;SALÃO DE BELEZA NEVES QUEIROZ;Rua CLAUDIA 624 Sao Paulo SP 03617000 Brazil;CEP generico de cidade, nao de rua (2,4x mais falha)
MEDIO;5047;PhytoSPA - SPA Phytoterápica;Avenida Nova Cantareira 3095 Sao Paulo SP 02341000 Brazil;CEP generico de cidade, nao de rua (2,4x mais falha)
MEDIO;5051;CLINICA VM;RUA HADDOCK LOBO 746 Sao Paulo SP 01414000 Brazil;CEP generico de cidade, nao de rua (2,4x mais falha)
MEDIO;5052;CINTIA OLIVEIRA;Rua DR MIRANDA DE AZEVEDO 1363 Sao Paulo SP 05027000 Brazil;CEP generico de cidade, nao de rua (2,4x mais falha)
MEDIO;5066;ERICA BARBOSA BEAUTY STYLE;Avenida ELISIO TEIXEIRA LEITE 4803 Sao Paulo SP 02810000 Brazil;CEP generico de cidade, nao de rua (2,4x mais falha)
MEDIO;5074;Dra. Paula Sian | Pele com Alma;Rua Sampaio Viana 75 Sao Paulo SP 04004000 Brazil;CEP generico de cidade, nao de rua (2,4x mais falha)
MEDIO;5075;Loja Natura Cassis | Tucuruvi;Avenida Tucuruvi 351 Sao Paulo SP 02305000 Brazil;CEP generico de cidade, nao de rua (2,4x mais falha)
MEDIO;5076;RESHAPE PACAEMBU;Avenida PACAEMBU 1492 Sao Paulo SP 01234000 Brazil;CEP generico de cidade, nao de rua (2,4x mais falha)
MEDIO;5086;BEAUTY IN WEB;Rua FRANCISCO MARENGO 281 Sao Paulo SP 03313000 Brazil;CEP generico de cidade, nao de rua (2,4x mais falha)
MEDIO;5091;MONA LOJA;Rua CONSELHEIRO BROTERO 382 Sao Paulo SP 01154000 Brazil;CEP generico de cidade, nao de rua (2,4x mais falha)
MEDIO;5092;LIPOCENTER;RUA APINAJES 1063 Sao Paulo SP 05017000 Brazil;CEP generico de cidade, nao de rua (2,4x mais falha)
MEDIO;5095;EMBELEZAMENTO DO OLHAR BY ANDREA PIRES;Rua TRAIPU 208 Sao Paulo SP 01235000 Brazil;CEP generico de cidade, nao de rua (2,4x mais falha)
MEDIO;5114;Loja Avatim Santana - São Paulo, SP;Rua Pedro Doll 48 Sao Paulo SP 02404000 Brazil;CEP generico de cidade, nao de rua (2,4x mais falha)
MEDIO;5123;HEDA STUDIO PILATES E FISIOTERAPIA;Rua Jose Manuel da Fonseca Junior 223 Sao Paulo SP 03511000 Brazil;CEP generico de cidade, nao de rua (2,4x mais falha)
MEDIO;5129;GIIH VIANA NAILS;Rua SAO GONCALO DO ABAETE 211 Sao Paulo SP 02870000 Brazil;CEP generico de cidade, nao de rua (2,4x mais falha)
MEDIO;5131;Paraíso da República Outlet;Rua Br de Itapetininga 132 Sao Paulo SP 01042000 Brazil;CEP generico de cidade, nao de rua (2,4x mais falha)
MEDIO;5134;SIMONE MELO CABELEIREIRA UNISSEX E MANICURE;Rua DIANA 23 Sao Paulo SP 05019000 Brazil;CEP generico de cidade, nao de rua (2,4x mais falha)
MEDIO;5140;O Boticário;Avenida Cruzeiro do Sul 1800 Sao Paulo SP 02030000 Brazil;CEP generico de cidade, nao de rua (2,4x mais falha)
MEDIO;5144;STUDIO VITÓRIA CARDOSO;Avenida ROLAND GARROS 841 Sao Paulo SP 02235000 Brazil;CEP generico de cidade, nao de rua (2,4x mais falha)
MEDIO;5155;Drs da Beleza Estética & Spa;Rua Eleonora Cintra 468 Sao Paulo SP 03337000 Brazil;CEP generico de cidade, nao de rua (2,4x mais falha)
MEDIO;5156;JM GRIFE PERFUMARIA E COMESTICO E MODA FEMININA;E 20179 R MONSENHOR ANDRADE 811 Sao Paulo SP 03008000 Brazil;CEP generico de cidade, nao de rua (2,4x mais falha)
MEDIO;5158;Loretta Farma & Beauty;Rua Galvao Bueno 22 Sao Paulo SP 01506000 Brazil;CEP generico de cidade, nao de rua (2,4x mais falha)
MEDIO;5169;MIVOA COSMÉTICOS;Avenida PAULISTA 171 Sao Paulo SP 01311000 Brazil;CEP generico de cidade, nao de rua (2,4x mais falha)
MEDIO;5171;STUDIO ALMEIDA LIMA;Rua MARIA AMALIA LOPES AZEVEDO 85 Sao Paulo SP 02350000 Brazil;CEP generico de cidade, nao de rua (2,4x mais falha)
MEDIO;5182;VANUBIA DESIGNER;AV NOSSA SRA DO LORETO 634 Sao Paulo SP 02219000 Brazil;CEP generico de cidade, nao de rua (2,4x mais falha)
MEDIO;5184;ESTÚDIO CÍLIOS ARCO IRIS;ALAMEDA JOAQUIM EUGENIO DE LIMA 598 Sao Paulo SP 01403000 Brazil;CEP generico de cidade, nao de rua (2,4x mais falha)
MEDIO;5186;Dra. Luciane Botelho;Rua Borges Lagoa 564 Sao Paulo SP 04038000 Brazil;CEP generico de cidade, nao de rua (2,4x mais falha)
MEDIO;5190;O Boticário;Avenida Pres Kennedy 635 Diadema SP 09913000 Brazil;CEP generico de cidade, nao de rua (2,4x mais falha)
MEDIO;5198;ESPAÇO AMANDA NASCIMENTO;RUA ETTORE ANDREAZZA 380 Sao Paulo SP 03944000 Brazil;CEP generico de cidade, nao de rua (2,4x mais falha)
MEDIO;5205;Dudu Mix;Avenida Claudio Franchi 263 Sao Paulo SP 05633000 Brazil;CEP generico de cidade, nao de rua (2,4x mais falha)
MEDIO;5210;Mundo do Cabeleireiro;Avenida Reg Feijo 1739 Sao Paulo SP 03342000 Brazil;CEP generico de cidade, nao de rua (2,4x mais falha)
MEDIO;5212;Espaço Cris Pilates e Fisioterapia;Rua Manuel Jacinto 173 Sao Paulo SP 05624000 Brazil;CEP generico de cidade, nao de rua (2,4x mais falha)
MEDIO;5222;ESTHETIC COMPANY ACADEMY;Avenida JOSE MARIA WHITAKER 1470 Sao Paulo SP 04057000 Brazil;CEP generico de cidade, nao de rua (2,4x mais falha)
MEDIO;5225;BELEZA VEG;RUA APINAJES 897 Sao Paulo SP 05017000 Brazil;CEP generico de cidade, nao de rua (2,4x mais falha)
MEDIO;5228;F & J CABELEIREIRO;Avenida YERVANT KISSAJIKIAN 642 Sao Paulo SP 04651000 Brazil;CEP generico de cidade, nao de rua (2,4x mais falha)
MEDIO;5229;VIVI ÁVILA BARBOSA;Avenida MENDES DA ROCHA 519 Sao Paulo SP 02227000 Brazil;CEP generico de cidade, nao de rua (2,4x mais falha)
MEDIO;5241;STILUS HAIR AROEIRA;Rua MANOEL FERNANDES LEAO 711 Sao Paulo SP 02859000 Brazil;CEP generico de cidade, nao de rua (2,4x mais falha)
MEDIO;5256;SALÃO DE BELEZA SECRET HAIR COIFFURE - SÃO PAULO;Avenida DOS REMEDIOS 496 Sao Paulo SP 05107000 Brazil;CEP generico de cidade, nao de rua (2,4x mais falha)
MEDIO;5257;Fragrance Pátio Higienópolis;Avenida Higienopolis 618 Sao Paulo SP 01238000 Brazil;CEP generico de cidade, nao de rua (2,4x mais falha)
MEDIO;5265;CECI - Centro de Estética e Clínica Integrada;Rua Jorge Augusto 221 Sao Paulo SP 03645000 Brazil;CEP generico de cidade, nao de rua (2,4x mais falha)
MEDIO;5271;TH BEAUTY;Rua JOAQUIM AFONSO DE SOUZA 163B Sao Paulo SP 02543000 Brazil;CEP generico de cidade, nao de rua (2,4x mais falha)
MEDIO;5295;Natura Lumina Salão Conceito;Rua Itapeva 342 Sao Paulo SP 01332000 Brazil;CEP generico de cidade, nao de rua (2,4x mais falha)
MEDIO;5296;RAI TRADING;Rua SAO BENTO 290 Sao Paulo SP 01010000 Brazil;CEP generico de cidade, nao de rua (2,4x mais falha)
MEDIO;5304;DONNA STUDIO;Avenida MAL FIUZA DE CASTRO 108 Sao Paulo SP 05596000 Brazil;CEP generico de cidade, nao de rua (2,4x mais falha)
MEDIO;5313;Mundo do Cabeleireiro Shopping Vila Olímpia: Cabelo, Esmaltes, Maquiagem, São Paulo SP;Rua Olimpiadas 360 Sao Paulo SP 04551000 Brazil;CEP generico de cidade, nao de rua (2,4x mais falha)
MEDIO;5323;Emagrecentro Vila Mariana – Emagrecimento e Estética;Rua Dr Diogo de Faria 116 Sao Paulo SP 04037000 Brazil;CEP generico de cidade, nao de rua (2,4x mais falha)
MEDIO;5325;EQUIPE A CABELEIREIROS;Rua LUIS COELHO 340 Sao Paulo SP 01309000 Brazil;CEP generico de cidade, nao de rua (2,4x mais falha)
MEDIO;5327;NOOK HAIR STUDIO BEAUTY;ALAMEDA LORENA 280 Sao Paulo SP 01424000 Brazil;CEP generico de cidade, nao de rua (2,4x mais falha)
MEDIO;5339;BELLE'STHER COIFFEUR;Avenida MAL JUAREZ TAVORA 178 Sao Paulo SP 05750000 Brazil;CEP generico de cidade, nao de rua (2,4x mais falha)
MEDIO;5347;CABELEREIRO;Rua COLOMBIA 84 Sao Paulo SP 01438000 Brazil;CEP generico de cidade, nao de rua (2,4x mais falha)
MEDIO;5361;LOUNGE STUDIO;Rua DR MIRANDA DE AZEVEDO 639 Sao Paulo SP 05027000 Brazil;CEP generico de cidade, nao de rua (2,4x mais falha)
MEDIO;5366;Spa Al Noor;Rua Domingos Rodrigues 671 Sao Paulo SP 05075000 Brazil;CEP generico de cidade, nao de rua (2,4x mais falha)
MEDIO;5367;Espaco Tarana;Rua Ocapeguara 84 Sao Paulo SP 05787000 Brazil;CEP generico de cidade, nao de rua (2,4x mais falha)
MEDIO;5370;PRODUTOS HINODE;Rua PANTOJO 1353 Sao Paulo SP 03343000 Brazil;CEP generico de cidade, nao de rua (2,4x mais falha)
MEDIO;5375;STUDIO VITÓRIA FEITOSA;Rua JOAO VIEIRA PRIOSTE 544 Sao Paulo SP 03429000 Brazil;CEP generico de cidade, nao de rua (2,4x mais falha)
MEDIO;5381;Rodoviaria tiete;Rua Julio Conceicao 92 Sao Paulo SP 01126000 Brazil;CEP generico de cidade, nao de rua (2,4x mais falha)
MEDIO;5386;MAGDALENA HERRERA PERUCAS, CABELEIREIROS E AFINS;Rua AUGUSTA 2212 Sao Paulo SP 01412000 Brazil;CEP generico de cidade, nao de rua (2,4x mais falha)
MEDIO;5393;Alma Zen Massagem Massagem e Yoga - Bela Vista - Consolação - Jardins Paulista;Rua Barata Ribeiro 380 Sao Paulo SP 01308000 Brazil;CEP generico de cidade, nao de rua (2,4x mais falha)
MEDIO;5397;STUDIO D;Rua BARAO DO BANANAL 1051 Sao Paulo SP 05024000 Brazil;CEP generico de cidade, nao de rua (2,4x mais falha)
