name,storechain,place_id,formatted_address,city,admin_area,uf,country,cep,lat,lng,categories,types,rating,source,metadata
ANTIQUA FARMÁCIA DE MANIPULAÇÃO,Antiqua Farmácia De Manipulação,ChIJ-4b93dhbzpQRtAf9uG2PFxs,R. MESQUITA  366 - VILA DEODORO  SÃO PAULO - SP  01544-010  BRASIL,São Paulo,,SP,BR,01544-010,-23.5772164,-46.6214374,"pharmacy,health,point_of_interest,store,establishment",,5,bigquery,
DROGASIL,Drogasil,ChIJ-Z8C4rpJxwcRB8tfz3Q6iak,R. VICENTE LINHARES  74 - ALDEOTA  FORTALEZA - CE  60135-270  BRASIL,Fortaleza,,CE,BR,60135-270,-3.7412692,-38.5033457,Health & Beauty,,5,bigquery,
DERMAGE FARMÁCIA DE MANIPULAÇÃO,Dermage Farmácia De Manipulação,ChIJ-Zn7LH5IxwcRix3yx30kVS0,FARMÁCIA - AV. FARIAS BRITO  160 - VARJOTA  FORTALEZA - CE  60120-240  BRASIL,Fortaleza,,CE,BR,60120-240,-3.7361986,-38.4877437,"pharmacy,health,store,point_of_interest,establishment",,5,bigquery,
DROGARIA TOTAL - SÃO JOSÉ,Drogaria Total,ChIJ0TyXcAhZzpQRE6tfr3wo2n8,R. SÃO PAULO  488 - CENTRO HISTÓRICO DE SÃO PAULO  SÃO PAULO - SP  16210-000  BRASIL,São Paulo,,SP,BR,16210-000,-23.5574679,-46.6282914,Health & Beauty,,5,bigquery,
FARMÁCIA DE MANIPULAÇÃO BONAVIE,Farmácia De Manipulação Bonavie,ChIJ0c_W7pdfzpQRzOS6RERe9JM,R. FERNANDO FALCÃO  773 - VILA CLAUDIA  SÃO PAULO - SP  03180-001  BRASIL,São Paulo,,SP,BR,03180-001,-23.5603906,-46.5870175,"pharmacy,health,store,point_of_interest,establishment",,5,bigquery,
DROGARIA MENDES,Drogaria Mendes,ChIJ0y-WOHFJxwcR74o-roDc90I,R. GUILHERME ROCHA  1380 - CENTRO  FORTALEZA - CE  60030-141  BRASIL,Fortaleza,,CE,BR,60030-141,-3.7235262,-38.5382455,Health & Beauty,,5,bigquery,
ANGELS CARE CLÍNICA VETERINÁRIA,Angels Care Clínica Veterinária,ChIJ1Z5fdwlhzpQRavxnPbM2yHU,R. GUILHERME DE OLIVEIRA SÁ  397 - ERMELINO MATARAZZO  SÃO PAULO - SP  03804-060  BRAZIL,São Paulo,,SP,BR,03804-060,-23.4991783,-46.482724,"pharmacy,veterinary_care,point_of_interest,store,doctor,health,establishment",,5,bigquery,
COSMÉTICOS AMARÍLIS,Cosméticos Amarílis,ChIJ2avq6oCxnZMR8SwgfzugnJo,"AV. IPIRANGA, 1600B - CIDADE ALTA, CUIABÁ - MT, 78068-600",Cuiabá,,MT,BR,78068-600,-15.606129,-56.113204,"pharmacy, wholesaler",,5,bigquery,
DROGA LAILA,Droga Laila,ChIJ2dF7gKdnzpQRxhMzCtw09EE,R. LUÍS NORBERTO FREIRE  604 - JARDIM BRASILIA  SÃO PAULO - SP  03585-150  BRASIL,São Paulo,,SP,BR,03585-150,-23.5714949,-46.4909297,"drugstore,pharmacy,health,store,point_of_interest,establishment",,5,bigquery,
AMAONCARE CENTRO VETERINÁRIO 24HRS,Amaoncare Centro Veterinário 24hrs,ChIJ30qraHtRzpQR1UHRsGNentY,R. JOSÉ DA MOTA  69 - VILA ANDRADE  SÃO PAULO - SP  05726-120  BRAZIL,São Paulo,,SP,BR,05726-120,-23.6257292,-46.7413461,"pharmacy,veterinary_care,health,store,point_of_interest,establishment",,5,bigquery,
EXTRAFARMA,Extrafarma,ChIJ3TWno2RIxwcRJzACLSeESJw,AV. DESEMBARGADOR MOREIRA  605 - MEIRELES  FORTALEZA - CE  60170-055  BRASIL,Fortaleza,,CE,BR,60170-055,-3.7314875,-38.4966475,Health & Beauty,,5,bigquery,
DROGARIAS MAXI POPULAR,Drogarias Maxi Popular,ChIJ3Xu6NCSxnZMRS1hWlhZi6_g,R. ENG. RICARDO FRANCO  220 - CENTRO NORTE  CUIABÁ - MT  78005-000  BRASIL,Cuiabá,,MT,BR,78005-000,-15.5962653,-56.0940922,"drugstore,health,point_of_interest,store,establishment",,5,bigquery,
DISTRIBUIDORA VIVA MELHOR,Distribuidora Viva Melhor,ChIJ3cCyjXNbzpQRe7tK_4F0AG0,"R. ATÍLIO PIOLI, 97 - VILA DAS MERCES, SÃO PAULO - SP, 04165-050",São Paulo,,SP,BR,04165-050,-23.6209781,-46.6092332,"pharmacy, wholesaler",,5,bigquery,
A MANIPULATIVA FARMÁCIA DE HOMEOPATIA E MANIPULAÇÃO,A Manipulativa Farmácia De Homeopatia E Manipulação,ChIJ5-BSHldXzpQR6fIOzFNkiW8,R. COMENDADOR MIGUEL CALFAT  137 - VILA NOVA CONCEIÇÃO  SÃO PAULO - SP  04537-081  BRASIL,São Paulo,,SP,BR,04537-081,-23.5926999,-46.6740005,"pharmacy,store,point_of_interest,health,establishment",,5,bigquery,
DROGASIL,Drogasil,ChIJ58Qgvc1hpJIRoCc80aZG-4U,AV. AUGUSTO MONTENEGRO  KM 9 - COQUEIRO  BELÉM - PA  66823-010  BRASIL,Belém,,PA,BR,66823-010,-1.332689,-48.449972,Health & Beauty,,5,bigquery,
ULTRAFARMA POPULAR HIGIENOPOLIS,Ultrafarma,ChIJ5eYFIN5ZzpQR2rkcx-LK0D8,RUA DONA VERIDIANA  87 - HIGIENÓPOLIS  SÃO PAULO - SP  01238-010  BRASIL,São Paulo,,SP,BR,01238-010,-23.5403874,-46.6503571,"health,point_of_interest,establishment",,5,bigquery,
FARMATOTAL 24H   FARMÁCIA   DROGARIA,Farmatotal 24h Farmácia Drogaria,ChIJ6WWh0uFbzpQRwfHMKQd2nVI,AV. DOS BANDEIRANTES  3245 - PLANALTO PAULISTA  SÃO PAULO - SP  04071-010  BRASIL,São Paulo,,SP,BR,04071-010,-23.6141722,-46.6683515,"pharmacy,drugstore,point_of_interest,health,store,establishment",,5,bigquery,
DROGARIAS ULTRA POPULAR,Drogarias Ultra Popular,ChIJ7wZM9Y1lpJIRrDQ_43pZj-k,R. MANOEL BARATA  433 - CRUZEIRO  ICORACI   BELÉM - PA  66810-100  BRASIL,Belém,,PA,BR,66810-100,-1.2982294,-48.4875457,Health & Beauty,,5,bigquery,
DROGASIL,Drogasil,ChIJ85Fcv4ZlzpQRqqcljiPHzJw,R. OTELO AUGUSTO RIBEIRO  164 - GUAIANAZES  SÃO PAULO - SP  08412-000  BRASIL,São Paulo,,SP,BR,08412-000,-23.5452852,-46.4098414,Health & Beauty,,5,bigquery,
VETERINÁRIA MTE. KEMEL,Veterinária Mte. Kemel,ChIJ87zAVJhWzpQRRlFSgh9m3t0,R. MIN. HEITOR BASTOS TIGRE  241 - JARDIM MONTE KEMEL  SÃO PAULO - SP  05634-060  BRAZIL,São Paulo,,SP,BR,05634-060,-23.601518,-46.7403219,"pharmacy,veterinary_care,pet_store,health,store,point_of_interest,establishment",,5,bigquery,
FARMACIA POPULAR,Farmacia Popular,ChIJ9-Dh7D5czpQRfNbiE_9ZbFk,AV. VILA EMA  582 - VILA PRUDENTE  SÃO PAULO - SP  03156-000  BRASIL,São Paulo,,SP,BR,03156-000,-23.5799037,-46.5708547,Health & Beauty,,5,bigquery,
DROGASIL,Drogasil,ChIJ935NB9GxnZMRBfmslUybJW4,AV. FERNANDO CORRÊA DA COSTA  2431 - QD136 LT01 - BOA ESPERANÇA  CUIABÁ - MT  78068-600  BRASIL,Cuiabá,,MT,BR,78068-600,-15.615922,-56.0711212,Health & Beauty,,5,bigquery,
DROGASIL,Drogasil,ChIJ97Xt5imMpJIRTsWJ4r6J5RE,AV. GENTIL BITENCOURT  1584 - NAZARÉ  BELÉM - PA  66040-172  BRASIL,Belém,,PA,BR,66040-172,-1.4550252,-48.4783052,Health & Beauty,,5,bigquery,
FRATERNIDADE FARMÁCIA DE MANIPULAÇÃO  HOMEOPATIA E PRODUTOS NATURAIS,Fraternidade Farmácia De Manipulação Homeopatia E Produtos Naturais,ChIJ9YFrq5WxnZMR4eOdkcP1D7Y,R. PEDRO CELESTINO  107 - CENTRO NORTE  CUIABÁ - MT  78005-010  BRASIL,Cuiabá,,MT,BR,78005-010,-15.5961068,-56.0949677,"pharmacy,drugstore,store,food,health,point_of_interest,establishment",,5,bigquery,
FARMÁCIAS PAGUE MENOS,Farmácia Pague Menos,ChIJ9ZkSWlOxnZMRKCwVsHYEpPA,AV. ACLIMAÇÃO  324 - BOSQUE DA SAUDE  CUIABÁ - MT  78050-040  BRASIL,Cuiabá,,MT,BR,78050-040,-15.5872477,-56.0779986,Health & Beauty,,5,bigquery,
DROGASIL,Drogasil,ChIJ9_OJ7tpRxwcRxQU_Qonmha0,ESTR. BARÃO DE AQUIRAZ  1062 - MESSEJANA  FORTALEZA - CE  60871-684  BRASIL,Fortaleza,,CE,BR,60871-684,-3.8379046,-38.4878155,Health & Beauty,,5,bigquery,
FARMACIA DO GERALDO,Farmacia Do Geraldo,ChIJA2DvvJf5zpQRvswzm09Pf9k,ESTR. DO SABÃO  905 - JARDIM MARISTELA  SÃO PAULO - SP  02806-000  BRASIL,São Paulo,,SP,BR,02806-000,-23.4744063,-46.6984749,Health & Beauty,,5,bigquery,
ERVA DA TERRA FARMÁCIA DE MANIPULAÇÃO,Erva Da Terra Farmácia De Manipulação,ChIJAf3Ua7P3zpQRm2ZJOtdOM1A,R. AUGUSTO TOLLE  973 - SANTANA  SÃO PAULO - SP  02405-001  BRASIL,São Paulo,,SP,BR,02405-001,-23.4849172,-46.6335277,"pharmacy,health,point_of_interest,store,establishment",,5,bigquery,
EXTRAFARMA,Extrafarma,ChIJBSVuO2yLpJIRkydiIbBpZQg,TV. SRG. FAVARRO  181 - MANGUEIRÃO  BELÉM - PA  66640-200  BRASIL,Belém,,PA,BR,66640-200,-1.3814696,-48.4574907,Health & Beauty,,5,bigquery,
Drogasil,Drogasil,ChIJCYYY9hL3zpQRiIvTr6mq_3A,"Av. Casa Verde, 2187 - Casa Verde, São Paulo - SP, 02519-200, Brazil",São Paulo,,SP,BR,02519200,-23.504062899999997,-46.661490099999995,"pharmacy,health,point_of_interest,store,establishment",,5,bigquery,"{""source"":""google_places_augment"",""types"":[""pharmacy"",""health"",""point_of_interest"",""store"",""establishment""],""rating"":5}"
DROGARIA MARCEL MEDICAMENTOS E PERFUMARIA,Drogaria Marcel Medicamentos E Perfumaria,ChIJCfY6XraxnZMRaayA2s4nL9s,AV. GOV. DANTE MARTINS DE OLIVEIRA  1421 - JARDIM LEBLON  CUIABÁ - MT  78060-003  BRASIL,Cuiabá,,MT,BR,78060-003,-15.5949344,-56.0766254,Health & Beauty,,5,bigquery,
DROGASIL,Drogasil,ChIJD4DT1BONpJIR2saTxy3IKpc,AV. DUQUE DE CAXIAS  622 - MARCO  BELÉM - PA  66093-026  BRASIL,Belém,,PA,BR,66093-026,-1.4379162,-48.466668,Health & Beauty,,5,bigquery,
FARMACIA ULTRABRAGA,Farmacia Ultrabraga,ChIJD4Db0xVRzpQRPsKyE-BG8o0,R. ITAPAIÚNA - VILA ANDRADE  SÃO PAULO - SP  BRASIL,São Paulo,,SP,BR,,-23.6387672,-46.7275312,Health & Beauty,,5,bigquery,
BICHO DO MATO,Bicho Do Mato,ChIJDURWNZNIxwcRtyXRWRDhjcw,R. TIBÚRCIO CAVALCANTE  2453 - DIONÍSIO TORRES  FORTALEZA - CE  60125-101  BRAZIL,Fortaleza,,CE,BR,60125-101,-3.7463861,-38.505809,"pharmacy,veterinary_care,health,point_of_interest,store,establishment",,5,bigquery,
DROGA RAIA,Droga Raia,ChIJDeh8zLdbzpQRWZrhOfae3Hc,RUA PEDRO DE TOLEDO  403 - VILA CLEMENTINO  SÃO PAULO - SP  04039-031  BRASIL,São Paulo,,SP,BR,04039-031,-23.5986883,-46.6407284,Health & Beauty,,5,bigquery,
DROGARIA ALVORADA,Drogaria Alvorada,ChIJDzUDK5-xnZMRC7CW6O1NClI,AV. MAL. DEODORO  455 - ARAES  CUIABÁ - MT  78005-505  BRASIL,Cuiabá,,MT,BR,78005-505,-15.5850029,-56.0945019,Health & Beauty,,5,bigquery,
DROGASIL,Drogasil,ChIJFQ0PjZKNpJIRCl_wdn-PAKI,AV. GOV. JOSÉ MALCHER  1764 - NAZARÉ  BELÉM - PA  66060-230  BRASIL,Belém,,PA,BR,66060-230,-1.4487782,-48.4781637,Health & Beauty,,5,bigquery,
DROGASIL,Drogasil,ChIJFXu0owxQzpQRrbCHCvWnBCU,R. JOSÉ NEVES  415 - VILA SAO PAULO  SÃO PAULO - SP  04650-141  BRASIL,São Paulo,,SP,BR,04650-141,-23.6587933,-46.6758907,Health & Beauty,,5,bigquery,
DROGA RAIA,Droga Raia,ChIJFYy4tuZbzpQR8I61OcvzLxc,CE TORRE CONCEIÇÃO PISO TERRAÇO  PRAÇA ALFREDO EGYDIO DE SOUZA ARANHA  100 - PARQUE JABAQUARA  SÃO PAULO - SP  04344-902  BRASIL,São Paulo,,SP,BR,04344-902,-23.6351725,-46.6420442,Health & Beauty,,5,bigquery,
ULTRAFARMA POPULAR PARQUE PINHEIROS,Ultrafarma,ChIJG6hgA0NVzpQR5aRFjsaAtKg,R. PEDRO PAREJO ROJAS  327 - PARQUE PINHEIROS  TABOÃO DA SERRA - SP  06767-050  BRASIL,São Paulo,,SP,BR,06767-050,-23.6220189,-46.7847029,"drugstore,health,store,point_of_interest,establishment",,5,bigquery,
FARMACIA,Farmacia,ChIJHwizowpazpQR9mlQUcz9zKI,R. OTÁVIO TARQUÍNIO DE SOUSA  1019 - CAMPO BELO  SÃO PAULO - SP  04607-003  BRASIL,São Paulo,,SP,BR,04607-003,-23.6167005,-46.6701629,Health & Beauty,,5,bigquery,
DROGA RAIA,Droga Raia,ChIJIe6CijT2zpQRSEVRwLkqXDo,PRAÇA DR. JOSÉ AUGUSTO CÉSAR  58 - 62  66 E 76 - SANTANA  SÃO PAULO - SP  02403-080  BRASIL,São Paulo,,SP,BR,02403-080,-23.493078,-46.6295277,Health & Beauty,,5,bigquery,
ETHICALL FARMÁCIA DE MANIPULAÇÃO  ALDEOTA,Ethicall Farmácia De Manipulação Aldeota,ChIJIf8CfFtIxwcRq9-sggexcFc,R. PEREIRA FILGUEIRAS  1255 - ALDEOTA  FORTALEZA - CE  60160-150  BRASIL,Fortaleza,,CE,BR,60160-150,-3.7286709,-38.5116236,"pharmacy,health,point_of_interest,store,establishment",,5,bigquery,
DROGASIL,Drogasil,ChIJIfuqPaZJxwcRblZozBhdSZ0,AV. SENADOR VIRGÍLIO TÁVORA  2201 - LJ 02 - D TORRES  FORTALEZA - CE  60170-251  BRASIL,Fortaleza,,CE,BR,60170-251,-3.745611,-38.495747,Health & Beauty,,5,bigquery,
REDE FARMÁCIA DO TRABALHADOR,Rede Farmácia Do Trabalhador,ChIJJ0wvdsWvnZMR_lcX8i2kSEc,AV. FERNANDO CORRÊA DA COSTA - CHÁCARA DOS PINHEIROS  CUIABÁ - MT  78085-000  BRASIL,Cuiabá,,MT,BR,78085-000,-15.6268572,-56.0574624,"pharmacy,drugstore,clothing_store,health,store,point_of_interest,establishment",,5,bigquery,
CATUS - CLÍNICA VETERINÁRIA 24H EXCLUSIVA PARA GATOS,Catus - Clínica Veterinária 24h Exclusiva Para Gatos,ChIJJQsUc2NJxwcRoSYUW1wyTHs,R. FIUZA DE PONTES  533 - ALDEOTA  FORTALEZA - CE  60130-140  BRAZIL,Fortaleza,,CE,BR,60130-140,-3.7344408,-38.5142223,"pharmacy,veterinary_care,point_of_interest,health,store,establishment",,5,bigquery,
MANIPULA FARMA - FARMÁCIA DE MANIPULAÇÃO,Manipula Farma - Farmácia De Manipulação,ChIJJddq_kJRzpQRqUVp-fx1f94,AV. MARIA COELHO AGUIAR  655 - JARDIM SÃO LUÍS  SÃO PAULO - SP  05805-000  BRASIL,São Paulo,,SP,BR,05805-000,-23.6515156,-46.7336271,"pharmacy,store,point_of_interest,health,establishment",,5,bigquery,
DROGASIL,Drogasil,ChIJK0P9EgSMpJIRfIfvKGnt_ks,TV. HUMAITÁ  1073 - PEDREIRA  BELÉM - PA  66083-340  BRASIL,Belém,,PA,BR,66083-340,-1.4344309,-48.4730233,Health & Beauty,,5,bigquery,
ULTRAFARMA PARAÍSO,Ultrafarma,ChIJK9vtW29ZzpQRruhTe3PI6OQ,R. ABÍLIO SOARES  850 - PARAÍSO  SÃO PAULO - SP  04005-003  BRASIL,São Paulo,,SP,BR,04005-003,-23.5762415,-46.6495351,"drugstore,clothing_store,store,health,point_of_interest,establishment",,5,bigquery,
BOTICA SANTA GEMMA - FARMÁCIA DE MANIPULAÇÃO,Botica Santa Gemma - Farmácia De Manipulação,ChIJKSrmyqxQzpQR-yrbt2mqXKI,R. GOMES DE CARVALHO  288 - ITAIM BIBI  SÃO PAULO - SP  04547-001  BRASIL,São Paulo,,SP,BR,04547-001,-23.6008194,-46.6766913,"pharmacy,veterinary_care,store,point_of_interest,health,establishment",,5,bigquery,
DROGASIL,Drogasil,ChIJKYQxopFfzpQR35XSL7a1sug,AV. CELSO GARCIA  4076 - TATUAPÉ  SÃO PAULO - SP  03064-000  BRASIL,São Paulo,,SP,BR,03064-000,-23.5359397,-46.5729408,Health & Beauty,,5,bigquery,
ULTRAFARMA POPULAR VILA CURUÇA,Ultrafarma,ChIJL9vmO41jzpQRJa_MV_EiUcs,PRAÇA FRANCISCO PEREIRA  45C - VILA CURUÇÁ VELHA  SÃO PAULO - SP  08030-040  BRASIL,São Paulo,,SP,BR,08030-040,-23.498607,-46.42258,"pharmacy,health,store,point_of_interest,establishment",,5,bigquery,
VITAL VET CLÍNICA E HOSPITAL VETERINÁRIO,Vital Vet Clínica E Hospital Veterinário,ChIJLS1W2AtVzpQR4gInGtPdRyM,ESTR. KIZAEMON TAKEUTI  193 - JARDIM CLEMENTINO  TABOÃO DA SERRA - SP  06775-000  BRAZIL,São Paulo,,SP,BR,06775-000,-23.6342167,-46.7794667,"pharmacy,veterinary_care,point_of_interest,store,health,establishment",,5,bigquery,
IMPORTEC - IMPORTADORA CEARENSE LTDA.,Importec - Importadora Cearense Ltda.,ChIJL_-C7fJIxwcRgArnjd1tRt8,"RUA SILVA PAULET, 1955 - DIONÍSIO TORRES, FORTALEZA - CE, 60120-385",Fortaleza,,CE,BR,60120-385,-3.7424314,-38.5078401,"pharmacy, wholesaler",,5,bigquery,
FARMÁCIAS PAGUE MENOS DOCA/BOAVENTURA BELÉM - PA,Farmácia Pague Menos,ChIJMyt_IiCPpJIRakCos1PnQ7Y,AV. VISC. DE SOUZA FRANCO  1185 - UMARIZAL  BELÉM - PA  66055-005  BRASIL,Belém,,PA,BR,66055-005,-1.4478373,-48.4866459,"pharmacy,health,store,point_of_interest,establishment",,5,bigquery,
DROGARIA FLORAIS,Drogaria Florais,ChIJNRTZPAqxnZMRhi318SyOQ8g,AV. REPÚBLICA DO LÍBANO  130 - ALVORADA  CUIABÁ - MT  78048-000  BRASIL,Cuiabá,,MT,BR,78048-000,-15.577541,-56.0870813,Health & Beauty,,5,bigquery,
BIOLÓGICA FARMÁCIA DE MANIPULAÇÃO - AV. GENERAL MELO,Biológica Farmácia De Manipulação - Av. General Melo,ChIJNfo4gL-xnZMRPOibUg_spzI,AV. GEN. MELLO  137 - DOM AQUINO  CUIABÁ - MT  78015-300  BRASIL,Cuiabá,,MT,BR,78015-300,-15.6036952,-56.0941344,"pharmacy,health,point_of_interest,store,establishment",,5,bigquery,
"DR. ODY CLAY MEU DR.PET"" - CLÍNICA VETERINÁRIA""","Dr. Ody Clay Meu Dr.pet"" - Clínica Veterinária""",ChIJP17iNMRFzpQRav1m5XIKEIQ,ESTRADA CANAL DO COCAIA  1327 PARQUE RESIDENCIAL COCAIA - PARQUE RES. COCAIA  SÃO PAULO - SP  04849-032  BRAZIL,São Paulo,,SP,BR,04849-032,-23.7448936,-46.6711217,"pharmacy,veterinary_care,pet_store,health,store,point_of_interest,establishment",,5,bigquery,
ULTRAFARMA POPULAR - SÃO MATEUS,Ultrafarma,ChIJPWBe97RpzpQRnXXitFxA6YQ,AV. CLÁUDIO AUGUSTO FERNANDES  746 - SÃO MATEUS  SÃO PAULO - SP  03962-120  BRASIL,São Paulo,,SP,BR,03962-120,-23.6115195,-46.4807976,Health & Beauty,,5,bigquery,
DROGARIAS ULTRA POPULAR,Drogarias Ultra Popular,ChIJQ2xZWmiwnZMRlm5ZPSBAQbA,R. CÓRDOVA  1500 - PLANALTO  CUIABÁ - MT  78058-753  BRASIL,Cuiabá,,MT,BR,78058-753,-15.5834029,-56.0450063,Health & Beauty,,5,bigquery,
ULTRAFARMA POPULAR JD COMERCIAL,Ultrafarma,ChIJQ9YkbPtTzpQRZE1AfxHrUDU,ESTR. DE ITAPECERICA  N° 7083 - JARDIM COMERCIAL  SÃO PAULO - SP  05858-003  BRASIL,São Paulo,,SP,BR,05858-003,-23.6744585,-46.7878109,"drugstore,health,store,point_of_interest,establishment",,5,bigquery,
FARMÁCIA DE MANIPULAÇÃO PRADEL,Farmácia De Manipulação Pradel,ChIJRzpSTXpWzpQRvgkMe3T6nAQ,PRAÇA ISAI LEIRNER  11 SOBRELOJA - JARDIM BONFIGLIOLI  SÃO PAULO - SP  05592-140  BRASIL,São Paulo,,SP,BR,05592-140,-23.5772753,-46.7415327,"pharmacy,veterinary_care,health,point_of_interest,store,establishment",,5,bigquery,
DROGARIA PAGUE MENOS,Farmácia Pague Menos,ChIJS-hJU8WNpJIRut3yGkvTyow,AV. JOSÉ BONIFÁCIO  2220 - GUAMÁ  BELÉM - PA  66063-075  BRASIL,Belém,,PA,BR,66063-075,-1.466871,-48.4687887,Health & Beauty,,5,bigquery,
DROGARIA FARMAZIL POPULAR,Drogaria Farmazil Popular,ChIJST0BqkOwnZMRWcm4TPUfXvU,AV. GOV.DANTE MARTINS DE OLIVEIRA 47 - RESIDENCIAL SÃO CARLOS  CUIABÁ - MT  78051-025  BRASIL,Cuiabá,,MT,BR,78051-025,-15.5849566,-56.0502873,Health & Beauty,,5,bigquery,
DROGASIL,Drogasil,ChIJSVunQzxJxwcR88oVonENA6E,AV. DA ABOLIÇÃO  2000 - MEIRELES  FORTALEZA - CE  60165-080  BRASIL,Fortaleza,,CE,BR,60165-080,-3.7257816,-38.5013119,Health & Beauty,,5,bigquery,
FARMÁCIAS PAGUE POUCO,Farmácias Pague Pouco,ChIJT-pYo7-xnZMR2qz9fe-2tQg,AV. CEL. ESCOLÁSTICO  466 - LIXEIRA  CUIABÁ - MT  78010-200  BRASIL,Cuiabá,,MT,BR,78010-200,-15.5984441,-56.0897189,"pharmacy,store,health,point_of_interest,establishment",,5,bigquery,
REDE FARMA POPULAR,Rede Farma Popular,ChIJUTgCILSxnZMRfg_0h2VTk9U,R. BARÃO DE MELGAÇO  Nº 3429 - CENTRO  CUIABÁ - MT  78005-300  BRASIL,Cuiabá,,MT,BR,78005-300,-15.597409,-56.0978784,"drugstore,point_of_interest,health,store,establishment",,5,bigquery,
MIYU FARMA FARMÁCIA DE MANIPULAÇÃO,Miyu Farma Farmácia De Manipulação,ChIJUXuoTY9RzpQRqu5ltgQDw4o,ESTRADA DO M'BOI MIRIM  1042 - JARDIM DAS FLORES  SÃO PAULO - SP  04905-001  BRASIL,São Paulo,,SP,BR,04905-001,-23.672194,-46.7428346,"pharmacy,health,store,point_of_interest,establishment",,5,bigquery,
FARMACIA,Farmacia,ChIJUZd6R3xVzpQR9yx6yviNbc8,RUA EUDORO LINCOLN BERLINCK  646 - JARDIM ARPOADOR  SÃO PAULO - SP  05565-200  BRASIL,São Paulo,,SP,BR,05565-200,-23.5969419,-46.7900888,Health & Beauty,,5,bigquery,
DROGARIA - GOYAZFARMA - DISK REMÉDIO,Drogaria - Goyazfarma - Disk Remédio,ChIJUe5sDCmxnZMR9CJ6eMVd93M,R. JOÃO DE BARRO  QD 28 - LOTE 24 SALA 1 - RECANTO DOS PÁSSAROS  CUIABÁ - MT  78075-290  BRASIL,Cuiabá,,MT,BR,78075-290,-15.6063187,-56.0327249,Health & Beauty,,5,bigquery,
DROGARIA BRENO´S,Drogaria Breno´s,ChIJUfN1Lk1YzpQRqJW2nFRdovg,R. MAJ. QUEDINHO  340 - BELA VISTA  SÃO PAULO - SP  01050-030  BRASIL,São Paulo,,SP,BR,01050-030,-23.5509564,-46.6436022,Health & Beauty,,5,bigquery,
V G M DISTRIBUIDORA DE MÁRMORES E GRANITOS,V G M Distribuidora De Mármores E Granitos,ChIJV3MQ3guxnZMRpaMFmcYYyxk,"AV. REPÚBLICA DO LÍBANO, 168 - JARDIM MONTE LIBANO, CUIABÁ - MT, 78053-448",Cuiabá,,MT,BR,78053-448,-15.5748851,-56.086632,"pharmacy, wholesaler",,5,bigquery,
DERMAFLORA | FARMÁCIA DE MANIPULAÇÃO SP MOEMA,Dermaflora | Farmácia De Manipulação Sp Moema,ChIJVVUWsRFazpQR9muQp5GdlcY,ALAMEDA DOS NHAMBIQUARAS  911 - MOEMA  SÃO PAULO - SP  04090-011  BRASIL,São Paulo,,SP,BR,04090-011,-23.6072102,-46.6592798,"pharmacy,health,store,point_of_interest,establishment",,5,bigquery,
CLINIFAR FARMACIA E PERFUMARIA LTDA,Clinifar Farmacia E Perfumaria Ltda,ChIJVVWJEcpezpQRu7fSOTHukpQ,R. TOBIAS BARRETO  803 - MOOCA  SÃO PAULO - SP  03176-000  BRASIL,São Paulo,,SP,BR,03176-000,-23.5509776,-46.5893493,"pharmacy,point_of_interest,health,store,establishment",,5,bigquery,
FARMA SÃO SEBASTIÃO,Farma São Sebastião,ChIJVYdEXpxdzpQRJLiNkOHC2RM,AV. DA BARREIRA GRANDE  655 - JARDIM COLORADO  SÃO PAULO - SP  03383-100  BRASIL,São Paulo,,SP,BR,03383-100,-23.5841732,-46.5284967,"pharmacy,store,health,point_of_interest,establishment",,5,bigquery,
DROGASIL,Drogasil,ChIJVZ3GYqz5zpQRgY6QGSpPVKg,AV. ELÍSIO TEIXEIRA LEITE  2160 - LOJA B - BRASILÂNDIA  SÃO PAULO - SP  02801-000  BRASIL,São Paulo,,SP,BR,02801-000,-23.4757458,-46.7041375,Health & Beauty,,5,bigquery,
DROGARIA SÃO PAULO,Drogaria São Paulo,ChIJWWDS-a-xnZMR7spKkKr4tUc,AV. BRASÍLIA  603 - JARDIM DAS AMÉRICAS  CUIABÁ - MT  78060-601  BRASIL,Cuiabá,,MT,BR,78060-601,-15.6090941,-56.0706923,Health & Beauty,,5,bigquery,
LEDAFARMA | FARMÁCIA ONLINE EM SÃO PAULO - SP,Ledafarma | Farmácia Online Em São Paulo - Sp,ChIJX9GX_pf7zpQRPtTCVNmAjik,ESTR. DAS TAIPAS  2569 - JARDIM RINCÃO  SÃO PAULO - SP  02991-000  BRASIL,São Paulo,,SP,BR,02991-000,-23.4378891,-46.7287498,"pharmacy,drugstore,health,clothing_store,store,point_of_interest,establishment",,5,bigquery,
ULTRAFARMA - VILA DIVA,Ultrafarma,ChIJXQynBrddzpQRJemF9ybIfng,AV. SAPOPEMBA  3880 - VILA DIVA  ZONA LESTE   SÃO PAULO - SP  03345-001  BRASIL,São Paulo,,SP,BR,03345-001,-23.5758014,-46.5520954,"drugstore,clothing_store,health,point_of_interest,store,establishment",,5,bigquery,
CLÍNICA VETERINÁRIA PREVENT VET,Clínica Veterinária Prevent Vet,ChIJXRC4f9RdzpQRoAHrZlgianc,R. ALEXANDRINA PEREIRA NOVAES  237 - VILA NOVA PAULICEIA  SÃO PAULO - SP  03267-050  BRAZIL,São Paulo,,SP,BR,03267-050,-23.6021404,-46.5284146,"pharmacy,veterinary_care,health,store,point_of_interest,establishment",,5,bigquery,
CLINICA VETERINÁRIA CASA DE PATINHAS,Clinica Veterinária Casa De Patinhas,ChIJY2sZWAtJxwcRMCUXbCz5Asc,R. OTÁVIO JUSTA  278 - PARQUE ARAXÁ  FORTALEZA - CE  60450-580  BRAZIL,Fortaleza,,CE,BR,60450-580,-3.7372905,-38.5474614,"pharmacy,veterinary_care,point_of_interest,health,store,establishment",,5,bigquery,
FARMÁCIA PAGUE MENOS,Farmácia Pague Menos,ChIJY7EnP5mxnZMR_vVr0BHUd8U,AV. MIGUEL SUTIL  4962 - JARDIM LEBLON  CUIABÁ - MT  78060-000  BRASIL,Cuiabá,,MT,BR,78060-000,-15.5962186,-56.0781064,Health & Beauty,,5,bigquery,
DROGARIA PREFERENCIAL,Drogaria Preferencial,ChIJY7ucprJJxwcRZ6GSxNGCj7s,R. SÃO PAULO  234 - CENTRO  FORTALEZA - CE  60310-330  BRASIL,Fortaleza,,CE,BR,60310-330,-3.7258784,-38.5278831,Health & Beauty,,5,bigquery,
DROGARIA ALECRIM,Drogaria Alecrim,ChIJY_coV5GxnZMRW2YkQ1Gw8oM,AV. PRES. GETÚLIO VARGAS  485 - CENTRO NORTE  CUIABÁ - MT  78005-370  BRASIL,Cuiabá,,MT,BR,78005-370,-15.5958305,-56.0980321,Health & Beauty,,5,bigquery,
ULTRAFARMA VIEIRA DE MORAES,Ultrafarma,ChIJZ25TgcdbzpQRmip1m87dD5I,R. VIEIRA DE MORAIS  1299 - CAMPO BELO  SÃO PAULO - SP  04617-014  BRASIL,São Paulo,,SP,BR,04617-014,-23.6234307,-46.669984,"drugstore,point_of_interest,health,store,establishment",,5,bigquery,
FARMÁCIA BIOESSENZA,Farmácia Bioessenza,ChIJZUS8c2dIxwcR99HyQ93a57s,AV. BARÃO DE STUDART  639 - MEIRELES  FORTALEZA - CE  60115-020  BRASIL,Fortaleza,,CE,BR,60115-020,-3.7297181,-38.5048762,"pharmacy,health,store,point_of_interest,establishment",,5,bigquery,
FÓRMULA PRIMA,Fórmula Prima,ChIJZabp_OhazpQRqTdcw1U4MF0,RUA FARJALLA KORAICHO  390 - PARQUE JABAQUARA  SÃO PAULO - SP  04321-130  BRASIL,São Paulo,,SP,BR,04321-130,-23.643924,-46.6438116,"pharmacy,health,point_of_interest,store,establishment",,5,bigquery,
CRISTO REI - FARMÁCIA E PERFUMARIA,Cristo Rei - Farmácia E Perfumaria,ChIJZyg8SkRnzpQRmYTpegiC_BI,R. PALMEIRA LACA  173 - CIDADE LÍDER  SÃO PAULO - SP  03577-090  BRASIL,São Paulo,,SP,BR,03577-090,-23.552931,-46.5032148,"drugstore,pharmacy,health,store,point_of_interest,establishment",,5,bigquery,
DROGASIL,Drogasil,ChIJ_3ZU811JxwcREZ5EBzmVab0,AV. PONTES VIEIRA  751 - JOAQUIM TÁVORA  FORTALEZA   FORTALEZA - CE  60130-235  BRASIL,Fortaleza,,CE,BR,60130-235,-3.7526617,-38.5141402,Health & Beauty,,5,bigquery,
DROGARIA PAMI,Drogaria Pami,ChIJ_WyhcflSzpQR_3cnUkr_fwE,RUA MÁRIO TOTTA  50 - JARDIM GUARUJA  SÃO PAULO - SP  05880-320  BRASIL,São Paulo,,SP,BR,05880-320,-23.6852317,-46.790663,Health & Beauty,,5,bigquery,
APISPHARMA PHARMACIA DE MANIPULAÇÃO,Apispharma Pharmacia De Manipulação,ChIJ_fU0r5qxnZMRVDFNQBbtx0o,AV. SÃO SEBASTIÃO  2623 - GOIABEIRAS  CUIABÁ - MT  78045-400  BRASIL,Cuiabá,,MT,BR,78045-400,-15.5927104,-56.1036229,"drugstore,pharmacy,health,point_of_interest,store,establishment",,5,bigquery,
DROGARIA PAULA,Drogaria Paula,ChIJa8jMce2xnZMRTZ001uxbUj8,R. JOAQUIM MURTINHO  1070 - CENTRO  CUIABÁ - MT  78020-290  BRASIL,Cuiabá,,MT,BR,78020-290,-15.6037183,-56.1023685,Health & Beauty,,5,bigquery,
DROGAPAN FARMÁCIA E DROGARIA CUIABÁ,Drogapan Farmácia E Drogaria Cuiabá,ChIJaQWN52WxnZMR--x3LJKqI88,AV. DOS FLORAIS  877 - CONDOMINIO FLORAIS CUIABA RES.  CUIABÁ - MT  78049-400  BRASIL,Cuiabá,,MT,BR,78049-400,-15.5423748,-56.0989777,"drugstore,clothing_store,store,health,point_of_interest,establishment",,5,bigquery,
FARMACIA POPULAR,Farmacia Popular,ChIJaWVjsR5QzpQRIe0C94zdjFI,AV. NOSSA SRA. DO SABARÁ  2432 - JARDIM CAMPO GRANDE  SÃO PAULO - SP  05833-290  BRASIL,São Paulo,,SP,BR,05833-290,-23.6759402,-46.6858767,Health & Beauty,,5,bigquery,
EXTRAFARMA,Extrafarma,ChIJb1WFOvKOpJIR_FBcx_MNbEE,R. CONSELHEIRO JOÃO ALFREDO  10 - COMERCIO  BELÉM - PA  66013-060  BRASIL,Belém,,PA,BR,66013-060,-1.4539389,-48.5028697,Health & Beauty,,5,bigquery,
DROGASIL,Drogasil,ChIJb49ZJbqxnZMRMcDI-CxIyrA,AV. MAL. DEODORO  330 - ARAES  CUIABÁ - MT  78005-100  BRASIL,Cuiabá,,MT,BR,78005-100,-15.5836529,-56.0938841,Health & Beauty,,5,bigquery,
DROGASIL,Drogasil,ChIJbeQ8r_OLpJIRqhtl9wHOD5I,BR-316  100 - KM 01 - CASTANHEIRA  BELÉM - PA  66645-000  BRASIL,Belém,,PA,BR,66645-000,-1.4042234,-48.4295481,Health & Beauty,,5,bigquery,
DROGASIL,Drogasil,ChIJcR0lN7SNpJIRqA1XX2Ks8HI,TV. PADRE EUTÍQUIO  3542 - CONDOR  BELÉM - PA  66045-225  BRASIL,Belém,,PA,BR,66045-225,-1.4715329,-48.4764021,Health & Beauty,,5,bigquery,
FARMACIA MIPHARMA,Farmacia Mipharma,ChIJcZQgm6ZTzpQRtU6oaD1BjDg,RUA MARIA CLARA DA SILVA SANT'ANNA  44 - JARDIM AURELIO  SÃO PAULO - SP  05857-380  BRASIL,São Paulo,,SP,BR,05857-380,-23.661143,-46.7802764,Health & Beauty,,5,bigquery,
DROGARIA VERBENA,Drogaria Verbena,ChIJd6Kr_RRMxwcRR1tpUk72hrs,R. VERBENA  261 - BONSUCESSO  FORTALEZA - CE  60545-350  BRASIL,Fortaleza,,CE,BR,60545-350,-3.7777336,-38.5877939,Health & Beauty,,5,bigquery,
ULTRAFARMA POPULAR BOM RETIRO 24HORAS  SÃO PAULO.,Ultrafarma,ChIJd90SUvFZzpQRzDrPce5q8Jg,RUA PRATES  531 - BOM RETIRO  SÃO PAULO - SP  01121-000  BRASIL,São Paulo,,SP,BR,01121-000,-23.5293775,-46.6360177,"drugstore,pharmacy,health,store,point_of_interest,establishment",,5,bigquery,
CONCEPT PET VETERINARY CENTER AND PETSHOP,Concept Pet Veterinary Center And Petshop,ChIJe8hSWm_2zpQR4RNiifJg6gg,AV. CEL. SEZEFREDO FAGUNDES  656 - TUCURUVI  SÃO PAULO - SP  02306-001  BRAZIL,São Paulo,,SP,BR,02306-001,-23.4724231,-46.6070512,"pharmacy,veterinary_care,health,point_of_interest,store,establishment",,5,bigquery,
DROGARIA LUIZA,Drogaria Luiza,ChIJeUbpXVpFzpQRqVFRYsjcjMI,RUA PEIXOTO DE MELO FILHO  429 - JARDIM NITEROI  SÃO PAULO - SP  04432-170  BRASIL,São Paulo,,SP,BR,04432-170,-23.6834576,-46.6636357,Health & Beauty,,5,bigquery,
ARTESANI MANIPULAÇÃO DE FÓRMULAS,Artesani Manipulação De Fórmulas,ChIJeVU0ypFIxwcR4PR4foey79o,R. BENI CARVALHO  239A - ALDEOTA  FORTALEZA - CE  60135-400  BRASIL,Fortaleza,,CE,BR,60135-400,-3.7447709,-38.4983659,"pharmacy,store,point_of_interest,health,establishment",,5,bigquery,
SÃO LUCAS FARMÁCIA DE MANIPULAÇÃO,São Lucas Farmácia De Manipulação,ChIJfTkUu5-OpJIRQFEbhQdM2L4,TV. 14 DE MARÇO  1181 - UMARIZAL  BELÉM - PA  66055-490  BRASIL,Belém,,PA,BR,66055-490,-1.446104,-48.4804399,"pharmacy,store,health,point_of_interest,establishment",,5,bigquery,
DROGA FARMA,Droga Farma,ChIJfWHlKpKxnZMR2PLi9W3nn28,AV. ISAAC PÓVOAS  451 - CENTRO SUL  CUIABÁ - MT  78005-320  BRASIL,Cuiabá,,MT,BR,78005-320,-15.5975149,-56.0996971,"drugstore,pharmacy,health,point_of_interest,store,establishment",,5,bigquery,
PANVEL FARMÁCIAS,Panvel,ChIJg2b7SjxbzpQR0dFlvUhH4YI,RUA VERGUEIRO  3950 - LOJA 02 - VILA MARIANA  SÃO PAULO - SP  04102-002  BRASIL,São Paulo,,SP,BR,04102-002,-23.5938265,-46.6293675,Health & Beauty,,5,bigquery,
ULTRAFARMA CASA VERDE,Ultrafarma,ChIJg_qCQjr3zpQRlVSXZSbGJWs,R. ZILDA  713 - CASA VERDE ALTA  SÃO PAULO - SP  02545-000  BRASIL,São Paulo,,SP,BR,02545-000,-23.4936914,-46.6620221,"pharmacy,health,point_of_interest,store,establishment",,5,bigquery,
DROGA MAIS VIDA,Droga Mais Vida,ChIJgz0wXFixnZMRb19ZuRZOvWo,ANEXO AO SUPERMERCADO BOM JESUS - AV. ARCHIMEDES PEREIRA LIMA - SANTA CRUZ  CUIABÁ - MT  78075-000  BRASIL,Cuiabá,,MT,BR,78075-000,-15.6120076,-56.0523955,"drugstore,point_of_interest,health,store,establishment",,5,bigquery,
FARMÁCIA DROGAVISTA - MANIPULAÇÃO E HOMEOPATIA,Farmácia Drogavista - Manipulação E Homeopatia,ChIJh9oqBvFQzpQRAumVp2SuSdE,AV. ADOLFO PINHEIRO  1753 - SANTO AMARO  SÃO PAULO - SP  04733-300  BRASIL,São Paulo,,SP,BR,04733-300,-23.6389081,-46.6965292,"drugstore,pharmacy,store,point_of_interest,health,establishment",,5,bigquery,
REDE DE FARMÁCIAS BETHEL,Rede De Farmácias Bethel,ChIJhcjmcGSvnZMR2Uq67S0z0N0,AV. D  QUADRA 03 - LOTE 07  SETOR B - RES. SANTA TEREZINHA II  CUIABÁ - MT  78089-788  BRASIL,Cuiabá,,MT,BR,78089-788,-15.6629448,-56.0315753,"pharmacy,clothing_store,health,store,point_of_interest,establishment",,5,bigquery,
ULTRAFARMA IMIRIM,Ultrafarma,ChIJhdtSoMD3zpQRRWDRLp8RUaQ,AV. IMIRIM  1138 - IMIRIM  SÃO PAULO - SP  02464-100  BRASIL,São Paulo,,SP,BR,02464-100,-23.4944382,-46.6454361,"drugstore,pharmacy,health,store,point_of_interest,establishment",,5,bigquery,
DROGASIL,Drogasil,ChIJiSu7b0dYzpQRf2isu5CZsrE,RUA DONA VERIDIANA  213 - HIGIENÓPOLIS  SÃO PAULO - SP  01238-010  BRASIL,São Paulo,,SP,BR,01238-010,-23.5415214,-46.6505884,Health & Beauty,,5,bigquery,
HYGIA FARMÁCIA DE MANIPULAÇÃO,Hygia Farmácia De Manipulação,ChIJi_qtZJOxnZMR9RhJwP3ifiA,FARMÁCIA DE MANIPULAÇÃO   MANIPULAÇÃO DE REMÉDIOS PRODUTOS NATURAIS   COLÁGENO EMAGRECIMENTO   HOMEOPATIA - R. JOAQUIM MURTINHO  379 - CENTRO NORTE  CUIABÁ - MT  78005-290  BRASIL,Cuiabá,,MT,BR,78005-290,-15.599168,-56.0978656,"drugstore,pharmacy,meal_delivery,food,health,point_of_interest,store,establishment",,5,bigquery,
MASTER DIAGNÓSTICA PRODUTOS LABORATORIAIS E HOSPITALARES,Master Diagnóstica Produtos Laboratoriais E Hospitalares,ChIJj4NZmJ9ezpQR0vnnxYaSZ1c,"R. PEREIRA JÁCOME, 26 - MOOCA, SÃO PAULO - SP, 03181-080",São Paulo,,SP,BR,03181-080,-23.5597947,-46.5850442,"pharmacy, wholesaler",,5,bigquery,
CLÍNICA VETERINÁRIA MATO GROSSO,Clínica Veterinária Mato Grosso,ChIJjadcGRmxnZMRAKBEulpxlk8,VETERINÁRIO 24HRS CUIABÁ CLÍNICA VETERINÁRIA 24 HORAS VACINAÇÃO   VETERINÁRIOS EM - CLÍNICAS VETERINÁRIAS EM CUIABÁ  R. PROF. JOÃO FÉLIX  396 - LIXEIRA  CUIABÁ - MT  78008-435  BRAZIL,Cuiabá,,MT,BR,78008-435,-15.5932225,-56.086717,"pharmacy,veterinary_care,doctor,health,store,point_of_interest,establishment",,5,bigquery,
DROGASIL,Drogasil,ChIJkVmtuw5dzpQRofRKeXphgEY,AV. DO ORATÓRIO  1814 - 1838 - VILA INDEPENDENCIA  SÃO PAULO - SP  03220-000  BRASIL,São Paulo,,SP,BR,03220-000,-23.5908981,-46.5514152,Health & Beauty,,5,bigquery,
PLANVET,Planvet,ChIJkY8Bk7uxnZMRW_HYv-AFuoc,AV. CEL. ESCOLÁSTICO  250 - BANDEIRANTES  CUIABÁ - MT  78008-500  BRAZIL,Cuiabá,,MT,BR,78008-500,-15.5962581,-56.0903237,"pharmacy,veterinary_care,pet_store,health,food,store,point_of_interest,establishment",,5,bigquery,
PHYTOS FÓRMULA | FARMÁCIA DE MANIPULAÇÃO | FÓRMULAS MANIPULADAS | SÃO PAULO | ZN,Phytos Fórmula | Farmácia De Manipulação | Fórmulas Manipuladas | São Paulo | Zn,ChIJlwkGOkX2zpQR7TlS9FfEUkc,AV. ÁGUA FRIA  1315 - TUCURUVI  SÃO PAULO - SP  02333-001  BRASIL,São Paulo,,SP,BR,02333-001,-23.477283,-46.6207362,"pharmacy,health,store,point_of_interest,establishment",,5,bigquery,
DROGASIL,Drogasil,ChIJm5bs2ApVzpQRXeUIKaudRWQ,ROD. RÉGIS BITTENCOURT  2643 - CIDADE INTERCAP  TABOÃO DA SERRA - SP  06768-200  BRASIL,São Paulo,,SP,BR,06768-200,-23.6141617,-46.7760983,Health & Beauty,,5,bigquery,
MANIPULAÇÃO,Manipulação,ChIJm9MvFzNnzpQRoIwasiF3lQ4,R. MACIEL MONTEIRO  238 - VILA NHOCUNÉ  SÃO PAULO - SP  03566-000  BRASIL,São Paulo,,SP,BR,03566-000,-23.5378259,-46.490536,"pharmacy,store,health,point_of_interest,establishment",,5,bigquery,
DROGARIA SUL AMÉRICA,Drogaria Sul América,ChIJmQEPIVSknZMR5hxuifi86F0,RUA MAGNO RODRIGUES  914 - JARDIM INDUSTRIARIO  CUIABÁ - MT  78098-192  BRASIL,Cuiabá,,MT,BR,78098-192,-15.6442194,-55.975058,Health & Beauty,,5,bigquery,
DROGASIL,Drogasil,ChIJmZeD-DFjzpQRWuKks5JOgDk,R. JOSÉ NUNES DOS SANTOS  365 - PARQUE PAULISTANO  SÃO PAULO - SP  08080-600  BRASIL,São Paulo,,SP,BR,08080-600,-23.4842608,-46.4280936,Health & Beauty,,5,bigquery,
EXTRAFARMA,Extrafarma,ChIJmwW_16uLpJIRzgEWNK3CefY,AV. DALVA  280 - MARAMBAIA  BELÉM - PA  66615-270  BRASIL,Belém,,PA,BR,66615-270,-1.403817,-48.4418529,Health & Beauty,,5,bigquery,
MIDAS DOG VETERINÁRIO E PET SHOP,Midas Dog Veterinário E Pet Shop,ChIJnczXIVlazpQRy1-4_Gboh8E,AV. INDIANÓPOLIS  3175 - PLANALTO PAULISTA  SÃO PAULO - SP  04063-006  BRAZIL,São Paulo,,SP,BR,04063-006,-23.6255768,-46.6451753,"pharmacy,veterinary_care,pet_store,health,food,store,point_of_interest,establishment",,5,bigquery,
DROGARIA ULTRA POPULAR,Drogarias Ultra Popular,ChIJnf-COKBopJIRZfkIMqQm1A8,AV. NOSSA SRA. DA CONCEIÇÃO - SÃO JOÃO DO OUTEIRO  OUTEIRO   BELÉM - PA  BRASIL,Belém,,PA,BR,,-1.2534976,-48.4600312,Health & Beauty,,5,bigquery,
ATUAL PHYTO FARMÁCIA DE MANIPULAÇÃO,Atual Phyto Farmácia De Manipulação,ChIJo2Cn205bzpQR33v0k4s39N0,R. OLIVEIRA ALVES  338 - IPIRANGA  SÃO PAULO - SP  04210-060  BRASIL,São Paulo,,SP,BR,04210-060,-23.5857654,-46.6051876,"pharmacy,health,store,point_of_interest,establishment",,5,bigquery,
FARMACIA POPULAR NOSSA SENHORA DE FÁTIMA,Farmacia Popular Nossa Senhora De Fátima,ChIJpYaRdolOxwcR4UgNuZI7zoU,R. BETEL  1900A - DENDÊ  FORTALEZA - CE  60714-612  BRASIL,Fortaleza,,CE,BR,60714-612,-3.7957403,-38.5541931,Health & Beauty,,5,bigquery,
LA SANTÉ - FARMÁCIA DE MANIPULAÇÃO,La Santé - Farmácia De Manipulação,ChIJq1UN94hPxwcR9-IbfsxGjQc,RUA NÚBIA BARROCAS  1300 - PARQUE MANIBURA  FORTALEZA - CE  60821-770  BRASIL,Fortaleza,,CE,BR,60821-770,-3.7906765,-38.4823319,"pharmacy,drugstore,health,point_of_interest,store,establishment",,5,bigquery,
FARMACIA TRASMONTANO,Farmacia Trasmontano,ChIJq6rqGQdZzpQR_vvUS848ABw,R. TABATINGUERA  294 - SÉ  SÃO PAULO - SP  01020-000  BRASIL,São Paulo,,SP,BR,01020-000,-23.5526097,-46.6300313,Health & Beauty,,5,bigquery,
MT PHARMACY DISTRIBUIDORA DE MEDICAMENTOS,Mt Pharmacy Distribuidora De Medicamentos,ChIJq_d9aZSznZMR2iGHwqKN51c,"AV. JOSÉ RODRIGUES DO PRADO, 940 - SANTA ROSA, CUIABÁ - MT, 78040-000",Cuiabá,,MT,BR,78040-000,-15.5817327,-56.1212171,"pharmacy, wholesaler",,5,bigquery,
LOJA DA GRANADO,Loja Da Granado,ChIJrwSMv65TzpQRaF334PBQ5rU,R. MANGUALDE - JARDIM SAO LUIZ  SÃO PAULO - SP  05851-260  BRASIL,São Paulo,,SP,BR,05851-260,-23.6642684,-46.7596293,"pharmacy,health,point_of_interest,store,establishment",,5,bigquery,
DROGARIAS ULTRA POPULAR,Drogarias Ultra Popular,ChIJsaseEvmNpJIRpp1bqL4cacY,AV. JOSÉ BONIFÁCIO  2313 - GUAMÁ  BELÉM - PA  66063-425  BRASIL,Belém,,PA,BR,66063-425,-1.4671719,-48.4683088,Health & Beauty,,5,bigquery,
DROGASIL,Drogasil,ChIJswbW4LaLpJIRyi1QZZyDfIs,AV. AUGUSTO MONTENEGRO  39 - MANGUEIRÃO  BELÉM - PA  66640-000  BRASIL,Belém,,PA,BR,66640-000,-1.384156,-48.4371581,Health & Beauty,,5,bigquery,
DROGASIL,Drogasil,ChIJt0TceOb5zpQRZit2dkIoDwo,R. PARAPUÃ  1567 - ITABERABA  SÃO PAULO - SP  02831-000  BRASIL,São Paulo,,SP,BR,02831-000,-23.471706,-46.6918566,Health & Beauty,,5,bigquery,
DROGASIL,Drogasil,ChIJtVAV9rtJxwcRZcCL6k_AeAY,AV. SANTOS DUMONT  3030 - ALDEOTA  FORTALEZA - CE  60150-162  BRASIL,Fortaleza,,CE,BR,60150-162,-3.7366237,-38.4977583,Health & Beauty,,5,bigquery,
DROGARIA REZENDE,Drogaria Rezende,ChIJv2lP-ryxnZMR3nrlcqWnBdE,R. CORUMBÁ  505 - BAÚ  CUIABÁ - MT  78008-100  BRASIL,Cuiabá,,MT,BR,78008-100,-15.5908817,-56.088379,Health & Beauty,,5,bigquery,
TOTALFARMA DROGARIA,Totalfarma Drogaria,ChIJvQOSOjBPzpQRxA1ZEIZ65J0,R. DR. JOSÉ AUGUSTO DE SOUZA E SILVA - JARDIM PARQUE MORUMBI  SÃO PAULO - SP  05712-040  BRASIL,São Paulo,,SP,BR,05712-040,-23.6201893,-46.7301378,"pharmacy,health,store,point_of_interest,establishment",,5,bigquery,
DROGARIA SÃO PAULO,Drogaria São Paulo,ChIJw-kvSqBTzpQRDHbI2XR6fho,ESTR. DE ITAPECERICA  3840 - VILA PREL  SÃO PAULO - SP  05835-004  BRASIL,São Paulo,,SP,BR,05835-004,-23.6586719,-46.7658719,Health & Beauty,,5,bigquery,
FARMÁCIA ULTRAFARMA JD SANTO ELIAS EM PIRITUBA,Ultrafarma,ChIJwZEH7HH5zpQR9goibcLFrrk,AV. MUTINGA  1253 - JARDIM SANTO ELIAS  SÃO PAULO - SP  05110-000  BRASIL,São Paulo,,SP,BR,05110-000,-23.4865896,-46.7389939,Health & Beauty,,5,bigquery,
ULTRA FARMA,Ultra Farma,ChIJx0iLd8ixnZMRIDuymVr0k2c,R. AMARAL MOREIRA  313 - AREÃO  CUIABÁ - MT  78010-310  BRASIL,Cuiabá,,MT,BR,78010-310,-15.5998726,-56.0806579,"pharmacy,health,store,point_of_interest,establishment",,5,bigquery,
STOP DOG PET SHOP E CLÍNICA VETERINÁRIA,Stop Dog Pet Shop E Clínica Veterinária,ChIJxSRP5U1MxwcRWzyICzrBib0,AV. OSCAR ARARIPE  1222 - BOM JARDIM  FORTALEZA - CE  60540-442  BRAZIL,Fortaleza,,CE,BR,60540-442,-3.7901997,-38.6021046,"pharmacy,veterinary_care,pet_store,point_of_interest,health,store,establishment",,5,bigquery,
DROGASIL,Drogasil,ChIJxXJEfGP3zpQRhbjMOMbkMeA,AV. PARADA PINTO  310 - VILA NOVA CACHOEIRINHA  SÃO PAULO - SP  02611-002  BRASIL,São Paulo,,SP,BR,02611-002,-23.4712787,-46.6658904,Health & Beauty,,5,bigquery,
Edificio Drogasil,Drogasil,ChIJy-P0x6BXzpQRNTJHMfNV5gU,"Condomínio Edifício Drogasil Pinheiros - R. dos Pinheiros - Pinheiros, São Paulo - SP, 08142-640, Brazil",São Paulo,,SP,BR,08142640,-23.567574699999998,-46.694009699999995,"drugstore,health,point_of_interest,store,establishment",,5,bigquery,"{""source"":""google_places_augment"",""types"":[""drugstore"",""health"",""point_of_interest"",""store"",""establishment""],""rating"":5}"
DROGARIA DROGACENA,Drogaria Drogacena,ChIJyZr-9emxnZMR8zGk7V4SsEA,AVENIDA GENERAL MELLO  AV. DOM AQUINO  408  CUIABÁ - MT  78015-300  BRASIL,Cuiabá,,MT,BR,78015-300,-15.6055555,-56.0928093,Health & Beauty,,5,bigquery,
DROGARIA SUZUMI,Drogaria Suzumi,ChIJz9HLk5CxnZMRqSiZm59CwOQ,AV. MAL. DEODORO  1422 - ARAES  CUIABÁ - MT  78005-515  BRASIL,Cuiabá,,MT,BR,78005-515,-15.5920798,-56.0993954,Health & Beauty,,5,bigquery,
ULTRAFARMA TUIUTI,Ultrafarma,ChIJzeSB5-1fzpQRQ3j8FpskEr0,R. TUIUTI  1433 - TATUAPÉ  SÃO PAULO - SP  03081-012  BRASIL,São Paulo,,SP,BR,03081-012,-23.5380799,-46.5753539,"drugstore,pharmacy,clothing_store,point_of_interest,health,store,establishment",,5,bigquery,
DROGASIL,Drogasil,ChIJzyxfOV5XzpQRugBZQqWSGUg,R. OSCAR FREIRE  1689 - PINHEIROS  SÃO PAULO - SP  05409-011  BRASIL,São Paulo,,SP,BR,05409-011,-23.5577077,-46.6743444,Health & Beauty,,5,bigquery,
Raia Drogasil Dose Certa,Drogasil,ChIJ6dsaZe9ZzpQRRwr4qHOr6G0,"R. Bueno de Andrade, 119 - Aclimação, São Paulo - SP, 01526-000, Brazil",São Paulo,,SP,BR,01526000,-23.561202599999998,-46.6314366,"drugstore,health,point_of_interest,store,establishment",,4.9,bigquery,"{""source"":""google_places_augment"",""types"":[""drugstore"",""health"",""point_of_interest"",""store"",""establishment""],""rating"":4.9}"
DROGASIL,Drogasil,ChIJnaQPBABZzpQRSFZadHg0lkw,"R. Treze de Maio, 1947 - 1947 - Bela Vista, São Paulo - SP, 01327-900, Brazil",São Paulo,,SP,BR,01327900,-23.558069999999997,-46.64649,"pharmacy,store,point_of_interest,health,establishment",,4.9,bigquery,"{""source"":""google_places_augment"",""types"":[""pharmacy"",""store"",""point_of_interest"",""health"",""establishment""],""rating"":4.9}"
Drugstores Ultra Popular,Drogarias Ultra Popular,ChIJp3vJS21ZzpQR0nTTYQumbho,"Largo do Cambuci, 78 - Cambuci, São Paulo - SP, 01523-010, Brazil",São Paulo,,SP,BR,01523010,-23.562943699999998,-46.621235999999996,"pharmacy,drugstore,health,store,point_of_interest,establishment",,4.9,bigquery,"{""source"":""google_places_augment"",""types"":[""pharmacy"",""drugstore"",""health"",""store"",""point_of_interest"",""establishment""],""rating"":4.9}"
Ultrafarma,Ultrafarma,ChIJn815kjdfzpQRbjrWbGIAQNc,"Pça. Sílvio Romero, 237 - Cidade Mãe do Céu, São Paulo - SP, 03323-000, Brazil",São Paulo,,SP,BR,03323000,-23.545356400000003,-46.572511600000006,"drugstore,store,health,point_of_interest,establishment",,4.8,bigquery,"{""source"":""google_places_augment"",""types"":[""drugstore"",""store"",""health"",""point_of_interest"",""establishment""],""rating"":4.8}"
Ultrafarma Popular,Ultrafarma,ChIJdVS2uDddzpQRsMLYW3Vsjh0,"R. Costa Barros, 705 - Vila Alpina, São Paulo - SP, 03210-000, Brazil",São Paulo,,SP,BR,03210000,-23.5966246,-46.5589807,"drugstore,health,store,point_of_interest,establishment",,4.7,bigquery,"{""source"":""google_places_augment"",""types"":[""drugstore"",""health"",""store"",""point_of_interest"",""establishment""],""rating"":4.7}"
Ultrafarma - Chácara Mafalda,Ultrafarma,ChIJifwJdDFczpQRswSS8zzujJs,"Av. Sapopemba, 2945 - Chácara Mafalda, São Paulo - SP, 03345-000, Brazil",São Paulo,,SP,BR,03345000,-23.572893699999998,-46.560560599999995,"drugstore,grocery_store,food_store,store,food,point_of_interest,health,establishment",,4.7,bigquery,"{""source"":""google_places_augment"",""types"":[""drugstore"",""grocery_store"",""food_store"",""store"",""food"",""point_of_interest"",""health"",""establishment""],""rating"":4.7}"
Drogasil,Drogasil,ChIJ62vQyDz3zpQREzcO7G3EN_M,"Av. Cel. Sezefredo Fagundes, 2442 - Tucuruvi, São Paulo - SP, 02306-002, Brazil",São Paulo,,SP,BR,02306002,-23.4748681,-46.6084967,"pharmacy,health,point_of_interest,store,establishment",,4.6,bigquery,"{""source"":""google_places_augment"",""types"":[""pharmacy"",""health"",""point_of_interest"",""store"",""establishment""],""rating"":4.6}"
ULTRAFARMA,Ultrafarma,ChIJAaVidjJRzpQR6wjNL1L_rLE,"R. Demóstenes, 919 - Campo Belo, São Paulo - SP, 04614-014, Brazil",São Paulo,,SP,BR,04614014,-23.6182601,-46.6712448,"pharmacy,health,store,point_of_interest,establishment",,4.6,bigquery,"{""source"":""google_places_augment"",""types"":[""pharmacy"",""health"",""store"",""point_of_interest"",""establishment""],""rating"":4.6}"
Drogasil,Drogasil,ChIJa8gVSwBVzpQRfIQJt7gTrtU,"R. Diogo Martins, 32 - Jardim Ana Maria, São Paulo - SP, 05757-120, Brazil",São Paulo,,SP,BR,05757120,-23.627065800000004,-46.7614087,"pharmacy,health,point_of_interest,store,establishment",,4.6,bigquery,"{""source"":""google_places_augment"",""types"":[""pharmacy"",""health"",""point_of_interest"",""store"",""establishment""],""rating"":4.6}"
Ultrafarma Express Vila Prudente,Ultrafarma,ChIJsS9gVa5dzpQRQiXhX-G7JPk,"Rua Orfanato, 890 - Vila Prudente, São Paulo - SP, 03131-010, Brazil",São Paulo,,SP,BR,03131010,-23.5779563,-46.5772039,"drugstore,pharmacy,clothing_store,store,point_of_interest,health,establishment",,4.6,bigquery,"{""source"":""google_places_augment"",""types"":[""drugstore"",""pharmacy"",""clothing_store"",""store"",""point_of_interest"",""health"",""establishment""],""rating"":4.6}"
Drogasil,Drogasil,ChIJ08zmQABbzpQRGrjFxKzqmVg,"R. Gonçalo da Cunha, 236 - Chácara Inglesa, São Paulo - SP, 04140-040, Brazil",São Paulo,,SP,BR,04140040,-23.607553199999998,-46.6293267,"pharmacy,store,point_of_interest,health,establishment",,4.5,bigquery,"{""source"":""google_places_augment"",""types"":[""pharmacy"",""store"",""point_of_interest"",""health"",""establishment""],""rating"":4.5}"
Drogasil,Drogasil,ChIJAbmRRepXzpQRWUP2yQJ_F5Q,"Av. Prof. Manuel José Chaves, 200 - Alto de Pinheiros, São Paulo - SP, 05463-070, Brazil",São Paulo,,SP,BR,05463070,-23.5547383,-46.7097713,"pharmacy,health,point_of_interest,store,establishment",,4.5,bigquery,"{""source"":""google_places_augment"",""types"":[""pharmacy"",""health"",""point_of_interest"",""store"",""establishment""],""rating"":4.5}"
Drogasil,Drogasil,ChIJ_1iRTQz5zpQRWefKF0cJuoE,"Av. Cabo Adão Pereira, 350 - Jardim Sao Jose, São Paulo - SP, 02936-010, Brazil",São Paulo,,SP,BR,02936010,-23.483971099999998,-46.716161299999996,"pharmacy,health,point_of_interest,store,establishment",,4.5,bigquery,"{""source"":""google_places_augment"",""types"":[""pharmacy"",""health"",""point_of_interest"",""store"",""establishment""],""rating"":4.5}"
Ultrafarma Popular,Ultrafarma,ChIJfZIUMQ35zpQR09jdu-dKpEY,"R. Cecília Calovini, 469 - Vila Zat, São Paulo - SP, 02976-000, Brazil",São Paulo,,SP,BR,02976000,-23.4802705,-46.713163099999996,"pharmacy,health,point_of_interest,store,establishment",,4.5,bigquery,"{""source"":""google_places_augment"",""types"":[""pharmacy"",""health"",""point_of_interest"",""store"",""establishment""],""rating"":4.5}"
Ultrafarma,Ultrafarma,ChIJ15EFs1hRzpQRqxGFkfhS6n8,"R. das Margaridas, 133 - Jardim das Acacias, São Paulo - SP, 04704-040, Brazil",São Paulo,,SP,BR,04704040,-23.623475499999998,-46.6879899,"pharmacy,store,point_of_interest,health,establishment",,4.4,bigquery,"{""source"":""google_places_augment"",""types"":[""pharmacy"",""store"",""point_of_interest"",""health"",""establishment""],""rating"":4.4}"
Drogasil,Drogasil,ChIJ43kvlxpbzpQRcUtHFMj4Ezc,"R. Gaivota, 460 - Indianópolis, São Paulo - SP, 04522-030, Brazil",São Paulo,,SP,BR,04522030,-23.6004974,-46.665157699999995,"pharmacy,store,health,point_of_interest,establishment",,4.4,bigquery,"{""source"":""google_places_augment"",""types"":[""pharmacy"",""store"",""health"",""point_of_interest"",""establishment""],""rating"":4.4}"
Drogasil,Drogasil,ChIJG-lUkrZQzpQR-1Jh4D0P4ac,"Av. Padre Antônio José dos Santos, 912 - Cidade Monções, São Paulo - SP, 04563-003, Brazil",São Paulo,,SP,BR,04563003,-23.6100729,-46.686587499999995,"pharmacy,health,point_of_interest,store,establishment",,4.4,bigquery,"{""source"":""google_places_augment"",""types"":[""pharmacy"",""health"",""point_of_interest"",""store"",""establishment""],""rating"":4.4}"
Drogasil,Drogasil,ChIJM75wehZXzpQR2WIUS1CLoiI,"Av. dos Tajurás, 245 - Cidade Jardim, São Paulo - SP, 05670-000, Brazil",São Paulo,,SP,BR,05670000,-23.5861926,-46.695310199999994,"pharmacy,health,point_of_interest,store,establishment",,4.4,bigquery,"{""source"":""google_places_augment"",""types"":[""pharmacy"",""health"",""point_of_interest"",""store"",""establishment""],""rating"":4.4}"
Drogasil,Drogasil,ChIJNW7aXSJVzpQRtO3z34OAaYU,"R. Jorge Ward, 28 - Rio Pequeno, São Paulo - SP, 05386-160, Brazil",São Paulo,,SP,BR,05386160,-23.5687344,-46.756579599999995,"pharmacy,store,point_of_interest,health,establishment",,4.4,bigquery,"{""source"":""google_places_augment"",""types"":[""pharmacy"",""store"",""point_of_interest"",""health"",""establishment""],""rating"":4.4}"
Drogasil,Drogasil,ChIJRZnWhFRdzpQRbwNsWeUDVxE,"Av. Sapopemba, 1097/1087 - Vila Reg. Feijó, São Paulo - SP, 03344-050, Brazil",São Paulo,,SP,BR,03344050,-23.564694,-46.570453500000006,"pharmacy,health,point_of_interest,store,establishment",,4.4,bigquery,"{""source"":""google_places_augment"",""types"":[""pharmacy"",""health"",""point_of_interest"",""store"",""establishment""],""rating"":4.4}"
Drogasil,Drogasil,ChIJR_JNOYpezpQRyHGljItEOSQ,"R. Antônio de Barros, 1568 - Vila Carrão, São Paulo - SP, 03401-001, Brazil",São Paulo,,SP,BR,03401001,-23.5439448,-46.5565158,"pharmacy,health,point_of_interest,store,establishment",,4.4,bigquery,"{""source"":""google_places_augment"",""types"":[""pharmacy"",""health"",""point_of_interest"",""store"",""establishment""],""rating"":4.4}"
Drogasil,Drogasil,ChIJiRV-b7xVzpQR8tncWf1e2Qk,"R. Frei Vital de Frescarolo, 543 - Jardim Joao XXIII, São Paulo - SP, 05569-030, Brazil",São Paulo,,SP,BR,05569030,-23.6025143,-46.7947759,"drugstore,pharmacy,health,store,point_of_interest,establishment",,4.4,bigquery,"{""source"":""google_places_augment"",""types"":[""drugstore"",""pharmacy"",""health"",""store"",""point_of_interest"",""establishment""],""rating"":4.4}"
Drogasil,Drogasil,ChIJkyz2gylbzpQRIUayOSFcheQ,"Alameda dos Arapanés, 1179 - Moema, São Paulo - SP, 04524-002, Brazil",São Paulo,,SP,BR,04524002,-23.607363199999998,-46.6674566,"pharmacy,health,store,point_of_interest,establishment",,4.4,bigquery,"{""source"":""google_places_augment"",""types"":[""pharmacy"",""health"",""store"",""point_of_interest"",""establishment""],""rating"":4.4}"
Ultrafarma- Jd.Ipanema,Ultrafarma,ChIJqeMn0CpOzpQRbbMhSNW7lCE,"Av. Inácio Cunha Leme, 401 - Jardim Ipanema, São Paulo - SP, 04784-145, Brazil",São Paulo,,SP,BR,04784145,-23.6904085,-46.70974330000001,"pharmacy,drugstore,health,manufacturer,point_of_interest,store,establishment",,4.4,bigquery,"{""source"":""google_places_augment"",""types"":[""pharmacy"",""drugstore"",""health"",""manufacturer"",""point_of_interest"",""store"",""establishment""],""rating"":4.4}"
Drogasil,Drogasil,ChIJw-Zu7yZbzpQRaePzvxpb8Gg,"R. Alencar Araripe, 715 - 725 - Sacomã, São Paulo - SP, 04253-000, Brazil",São Paulo,,SP,BR,04253000,-23.6136703,-46.5968954,"pharmacy,store,health,point_of_interest,establishment",,4.4,bigquery,"{""source"":""google_places_augment"",""types"":[""pharmacy"",""store"",""health"",""point_of_interest"",""establishment""],""rating"":4.4}"
Drogasil,Drogasil,ChIJ8em9iZxXzpQRM0_j4O55K90,"R. João Cachoeira, 1244 - 1246 - Vila Nova Conceição, São Paulo - SP, 04535-005, Brazil",São Paulo,,SP,BR,04535005,-23.5912455,-46.6759832,"pharmacy,store,health,point_of_interest,establishment",,4.3,bigquery,"{""source"":""google_places_augment"",""types"":[""pharmacy"",""store"",""health"",""point_of_interest"",""establishment""],""rating"":4.3}"
Drogasil Horto do Ype sp campo limpo 3,Drogasil,ChIJ9QgmcQBTzpQR2gcc-2egx6A,"Estr. do Campo Limpo, 930 - Vila Prel, São Paulo - SP, 05777-000, Brazil",São Paulo,,SP,BR,05777000,-23.6484274,-46.762461699999996,"drugstore,health,point_of_interest,store,establishment",,4.3,bigquery,"{""source"":""google_places_augment"",""types"":[""drugstore"",""health"",""point_of_interest"",""store"",""establishment""],""rating"":4.3}"
Drogasil,Drogasil,ChIJJUclV1RYzpQR-EIkC5Eeqew,"R. São Bento, 416 - 418 - Centro Histórico de São Paulo, São Paulo - SP, 01010-010, Brazil",São Paulo,,SP,BR,01010010,-23.5456343,-46.6348127,"pharmacy,health,point_of_interest,store,establishment",,4.3,bigquery,"{""source"":""google_places_augment"",""types"":[""pharmacy"",""health"",""point_of_interest"",""store"",""establishment""],""rating"":4.3}"
Drogasil,Drogasil,ChIJJ_bjI1lazpQRf4uXiowjU9I,"Av. Indianópolis, 3164 - Indianópolis, São Paulo - SP, 04062-003, Brazil",São Paulo,,SP,BR,04062003,-23.6256612,-46.6455378,"pharmacy,store,point_of_interest,health,establishment",,4.3,bigquery,"{""source"":""google_places_augment"",""types"":[""pharmacy"",""store"",""point_of_interest"",""health"",""establishment""],""rating"":4.3}"
Drogasil,Drogasil,ChIJUajQ8jf2zpQRsTK5fMbnni0,"Av. Nova Cantareira, 170 - 172 - Tucuruvi, São Paulo - SP, 02330-000, Brazil",São Paulo,,SP,BR,02330000,-23.488252,-46.6228584,"pharmacy,health,point_of_interest,store,establishment",,4.3,bigquery,"{""source"":""google_places_augment"",""types"":[""pharmacy"",""health"",""point_of_interest"",""store"",""establishment""],""rating"":4.3}"
Drogasil,Drogasil,ChIJXTUrQ9r3zpQRvEaGY6O6hLg,"Av. Braz Leme, 1700 - 1706 e 1710 - Casa Verde, São Paulo - SP, 02511-000, Brazil",São Paulo,,SP,BR,02511000,-23.5065355,-46.64289110000001,"pharmacy,health,point_of_interest,store,establishment",,4.3,bigquery,"{""source"":""google_places_augment"",""types"":[""pharmacy"",""health"",""point_of_interest"",""store"",""establishment""],""rating"":4.3}"
Drogasil,Drogasil,ChIJbT1-r8r5zpQRRVpTjtRlQBs,"R. Campos Vergueiro, 20 - Vila Anastácio, São Paulo - SP, 05095-020, Brazil",São Paulo,,SP,BR,05095020,-23.5113432,-46.714693,"pharmacy,health,point_of_interest,store,establishment",,4.3,bigquery,"{""source"":""google_places_augment"",""types"":[""pharmacy"",""health"",""point_of_interest"",""store"",""establishment""],""rating"":4.3}"
Drogasil,Drogasil,ChIJd2IPIoBfzpQRXS6QBQRl5Ro,"R. Emília Marengo, 537 - Tatuapé, São Paulo - SP, 03336-000, Brazil",São Paulo,,SP,BR,03336000,-23.5530623,-46.561989999999994,"pharmacy,health,point_of_interest,store,establishment",,4.3,bigquery,"{""source"":""google_places_augment"",""types"":[""pharmacy"",""health"",""point_of_interest"",""store"",""establishment""],""rating"":4.3}"
Drogasil,Drogasil,ChIJtfhzsWtXzpQRoEEc5t_fZzY,"R. Dr. Mário Ferraz, 247 - Jardim america, São Paulo - SP, 01453-010, Brazil",São Paulo,,SP,BR,01453010,-23.5827603,-46.6863445,"pharmacy,point_of_interest,health,store,establishment",,4.3,bigquery,"{""source"":""google_places_augment"",""types"":[""pharmacy"",""point_of_interest"",""health"",""store"",""establishment""],""rating"":4.3}"
Drogasil,Drogasil,ChIJwQyNYs9VzpQRj5Cn737GaX0,"R. José Filipe da Silva, 345 - Jardim Ester, São Paulo - SP, 05372-040, Brazil",São Paulo,,SP,BR,05372040,-23.5823768,-46.760461,"pharmacy,health,store,point_of_interest,establishment",,4.3,bigquery,"{""source"":""google_places_augment"",""types"":[""pharmacy"",""health"",""store"",""point_of_interest"",""establishment""],""rating"":4.3}"
Drogasil,Drogasil,ChIJ1zQwJo9ezpQRNnjN9NUlNS8,"Rua Monte Serrat, 1274 - 1288 - Tatuapé, São Paulo - SP, 03312-001, Brazil",São Paulo,,SP,BR,03312001,-23.5489118,-46.5603542,"pharmacy,health,point_of_interest,store,establishment",,4.2,bigquery,"{""source"":""google_places_augment"",""types"":[""pharmacy"",""health"",""point_of_interest"",""store"",""establishment""],""rating"":4.2}"
Ultrafarma unidade parque São Jorge,Ultrafarma,ChIJ5zNT1WRfzpQR8VCbobOPVf8,"Av. Celso Garcia, 5495 - Tatuapé, São Paulo - SP, 03063-000, Brazil",São Paulo,,SP,BR,03063000,-23.5315437,-46.5599369,"pharmacy,manufacturer,store,point_of_interest,health,establishment",,4.2,bigquery,"{""source"":""google_places_augment"",""types"":[""pharmacy"",""manufacturer"",""store"",""point_of_interest"",""health"",""establishment""],""rating"":4.2}"
Drogasil,Drogasil,ChIJ9w-kFnpWzpQR_1OFhDWpww8,"Praça Isai Leirner, 173 - 191 - Jardim Bonfiglioli, São Paulo - SP, 05592-140, Brazil",São Paulo,,SP,BR,05592140,-23.5769159,-46.742142,"pharmacy,health,store,point_of_interest,establishment",,4.2,bigquery,"{""source"":""google_places_augment"",""types"":[""pharmacy"",""health"",""store"",""point_of_interest"",""establishment""],""rating"":4.2}"
Drogasil,Drogasil,ChIJDYN8KABbzpQRsqbCOc_06qM,"R. Guian, 13 - Vila Campestre, São Paulo - SP, 04330-090, Brazil",São Paulo,,SP,BR,04330090,-23.6546166,-46.648001699999995,"pharmacy,store,point_of_interest,health,establishment",,4.2,bigquery,"{""source"":""google_places_augment"",""types"":[""pharmacy"",""store"",""point_of_interest"",""health"",""establishment""],""rating"":4.2}"
Drogasil,Drogasil,ChIJEVOicQD5zpQR-lx1DoJaAv0,"Rua Brigadeiro Henrique Fontenelle, 816 - Parque Sao Domingos, São Paulo - SP, 05125-001, Brazil",São Paulo,,SP,BR,05125001,-23.5003933,-46.7389181,"pharmacy,health,point_of_interest,store,establishment",,4.2,bigquery,"{""source"":""google_places_augment"",""types"":[""pharmacy"",""health"",""point_of_interest"",""store"",""establishment""],""rating"":4.2}"
Drogasil,Drogasil,ChIJH3uOJKpQzpQRtXITbDyR_7w,"Rua Tuim, 825 - 839 - Vila Uberabinha, São Paulo - SP, 04514-103, Brazil",São Paulo,,SP,BR,04514103,-23.603506499999998,-46.6718263,"pharmacy,store,point_of_interest,health,establishment",,4.2,bigquery,"{""source"":""google_places_augment"",""types"":[""pharmacy"",""store"",""point_of_interest"",""health"",""establishment""],""rating"":4.2}"
Drogasil,Drogasil,ChIJIRX3Er33zpQRTWl7fcgfoBo,"Alameda Afonso Schmidt, 494 - Santa Teresinha, São Paulo - SP, 02450-001, Brazil",São Paulo,,SP,BR,02450001,-23.4961651,-46.636550799999995,"pharmacy,point_of_interest,health,store,establishment",,4.2,bigquery,"{""source"":""google_places_augment"",""types"":[""pharmacy"",""point_of_interest"",""health"",""store"",""establishment""],""rating"":4.2}"
Ultrafarma Popular Ourives,Ultrafarma,ChIJR_ZAYSJFzpQR6DEFk2ANVDk,"Av. dos Ourives - Jardim Sao Saverio, São Paulo - SP, 04194-260, Brazil",São Paulo,,SP,BR,04194260,-23.653833799999997,-46.6106986,"pharmacy,store,point_of_interest,health,establishment",,4.2,bigquery,"{""source"":""google_places_augment"",""types"":[""pharmacy"",""store"",""point_of_interest"",""health"",""establishment""],""rating"":4.2}"
Óticas UltraFarma - Isaías Salomão,Ultrafarma,ChIJUcEESlBazpQRUeFWENvhjIc,"Rua Dr. Isaías Salomão, 32 - Vila da Saúde, São Paulo - SP, 04055-050, Brazil",São Paulo,,SP,BR,04055050,-23.6178995,-46.6394855,"service,store,health,point_of_interest,establishment",,4.2,bigquery,"{""source"":""google_places_augment"",""types"":[""service"",""store"",""health"",""point_of_interest"",""establishment""],""rating"":4.2}"
Óticas UltraFarma Jabaquara,Ultrafarma,ChIJ_-WtE-ZbzpQRK8VmHkCxtyc,"Av. Jabaquara, 1450 - Mirandópolis, São Paulo - SP, 04045-002, Brazil",São Paulo,,SP,BR,04045002,-23.616948600000004,-46.6390634,"service,store,health,point_of_interest,establishment",,4.2,bigquery,"{""source"":""google_places_augment"",""types"":[""service"",""store"",""health"",""point_of_interest"",""establishment""],""rating"":4.2}"
Grupo RD Raia Drogasil,Drogasil,ChIJg0E5u5FXzpQRAi5KSj_7fCI,"Av. Corifeu de Azevedo Marques, 3097 - Vila Butantã, São Paulo - SP, 05339-000, Brazil",São Paulo,,SP,BR,05339000,-23.5695393,-46.7417993,"corporate_office,pharmacy,health,point_of_interest,store,establishment",,4.2,bigquery,"{""source"":""google_places_augment"",""types"":[""corporate_office"",""pharmacy"",""health"",""point_of_interest"",""store"",""establishment""],""rating"":4.2}"
Drogasil,Drogasil,ChIJifA7Au5WzpQRGF1AKEknNx0,"Av. Jorge João Saad, 214 - Morumbi, São Paulo - SP, 05618-000, Brazil",São Paulo,,SP,BR,05618000,-23.588569099999997,-46.723448499999996,"pharmacy,health,point_of_interest,store,establishment",,4.2,bigquery,"{""source"":""google_places_augment"",""types"":[""pharmacy"",""health"",""point_of_interest"",""store"",""establishment""],""rating"":4.2}"
Drogasil,Drogasil,ChIJk5LrVvxZzpQRyfAllCJdQj8,"R. João Lourenço, 331 - 343 - Vila Nova Conceição, São Paulo - SP, 04508-030, Brazil",São Paulo,,SP,BR,04508030,-23.591014299999998,-46.667905499999996,"pharmacy,store,point_of_interest,health,establishment",,4.2,bigquery,"{""source"":""google_places_augment"",""types"":[""pharmacy"",""store"",""point_of_interest"",""health"",""establishment""],""rating"":4.2}"
Drogasil,Drogasil,ChIJo4lCQZFZzpQRfYNYqxCBCdI,"R. Pedra Azul, 674 - Aclimação, São Paulo - SP, 04109-000, Brazil",São Paulo,,SP,BR,04109000,-23.578599699999998,-46.6293393,"pharmacy,health,store,point_of_interest,establishment",,4.2,bigquery,"{""source"":""google_places_augment"",""types"":[""pharmacy"",""health"",""store"",""point_of_interest"",""establishment""],""rating"":4.2}"
Drogasil,Drogasil,ChIJzR5ItrJezpQRO180IRcSStc,"RUA DO ORATÓRIO, 982, 986, 990, 992, 996 e 998 - Esquina Com a - Rua Guaimbé, 22 - e 30 - Mooca, São Paulo - SP, 03116-000, Brazil",São Paulo,,SP,BR,03116000,-23.5613883,-46.5930144,"pharmacy,health,point_of_interest,store,establishment",,4.2,bigquery,"{""source"":""google_places_augment"",""types"":[""pharmacy"",""health"",""point_of_interest"",""store"",""establishment""],""rating"":4.2}"
DROGASIL,Drogasil,ChIJ5RMI3075zpQRyq4pbT8bsug,"R. Cordilheiras, 134 - Bela Aliança, São Paulo - SP, 05085-010, Brazil",São Paulo,,SP,BR,05085010,-23.528105999999998,-46.724868199999996,"pharmacy,drugstore,health,point_of_interest,store,establishment",,4.1,bigquery,"{""source"":""google_places_augment"",""types"":[""pharmacy"",""drugstore"",""health"",""point_of_interest"",""store"",""establishment""],""rating"":4.1}"
Drogasil,Drogasil,ChIJ92tg1aZbzpQRLv5cUdERuio,"Av. do Cursino, 1537 - Vila da Saúde, São Paulo - SP, 04133-100, Brazil",São Paulo,,SP,BR,04133100,-23.6161012,-46.617354899999995,"pharmacy,store,point_of_interest,health,establishment",,4.1,bigquery,"{""source"":""google_places_augment"",""types"":[""pharmacy"",""store"",""point_of_interest"",""health"",""establishment""],""rating"":4.1}"
Drogasil,Drogasil,ChIJBQLr1p5QzpQRiIZj3MGFuMk,"R. Antônio de Macedo Soares, 1081 - Campo Belo, São Paulo - SP, 04607-001, Brazil",São Paulo,,SP,BR,04607001,-23.621883699999998,-46.6751352,"pharmacy,health,point_of_interest,store,establishment",,4.1,bigquery,"{""source"":""google_places_augment"",""types"":[""pharmacy"",""health"",""point_of_interest"",""store"",""establishment""],""rating"":4.1}"
Drogasil,Drogasil,ChIJNbUKkFtXzpQRXrWklVF7ATE,"R. João Cachoeira, 834 - Vila Nova Conceição, São Paulo - SP, 04535-003, Brazil",São Paulo,,SP,BR,04535003,-23.5874418,-46.6771095,"pharmacy,health,point_of_interest,store,establishment",,4.1,bigquery,"{""source"":""google_places_augment"",""types"":[""pharmacy"",""health"",""point_of_interest"",""store"",""establishment""],""rating"":4.1}"
Drogasil,Drogasil,ChIJOT4ZRHVXzpQRUrZZIFtP0e0,"R. Teodoro Sampaio, 612 - Pinheiros, São Paulo - SP, 05406-000, Brazil",São Paulo,,SP,BR,05406000,-23.5568371,-46.6765511,"pharmacy,health,point_of_interest,store,establishment",,4.1,bigquery,"{""source"":""google_places_augment"",""types"":[""pharmacy"",""health"",""point_of_interest"",""store"",""establishment""],""rating"":4.1}"
Drogasil,Drogasil,ChIJOW597cRbzpQR9H9sf5GmLxc,"R. Aurélia, 380 - 390 - Lapa, São Paulo - SP, 05046-000, Brazil",São Paulo,,SP,BR,05046000,-23.5251555,-46.6981426,"pharmacy,health,point_of_interest,store,establishment",,4.1,bigquery,"{""source"":""google_places_augment"",""types"":[""pharmacy"",""health"",""point_of_interest"",""store"",""establishment""],""rating"":4.1}"
Drogasil,Drogasil,ChIJUfFaczhXzpQRLaQK_WoliOQ,"R. Funchal, 499 - Loja 3 e 4 - Vila Olímpia, São Paulo - SP, 04551-060, Brazil",São Paulo,,SP,BR,04551060,-23.5946434,-46.6897312,"pharmacy,health,point_of_interest,store,establishment",,4.1,bigquery,"{""source"":""google_places_augment"",""types"":[""pharmacy"",""health"",""point_of_interest"",""store"",""establishment""],""rating"":4.1}"
Drogasil,Drogasil,ChIJW7-0t7pbzpQRRfNadruiUNw,"Av. do Café, 538 - Vila Guarani, São Paulo - SP, 04311-001, Brazil",São Paulo,,SP,BR,04311001,-23.632988299999997,-46.637850799999995,"pharmacy,store,point_of_interest,health,establishment",,4.1,bigquery,"{""source"":""google_places_augment"",""types"":[""pharmacy"",""store"",""point_of_interest"",""health"",""establishment""],""rating"":4.1}"
Drogasil,Drogasil,ChIJX7kfgIBZzpQRc2FnvJhRf9w,"R. Baltazar Lisboa, 72 - Vila Mariana, São Paulo - SP, 04110-060, Brazil",São Paulo,,SP,BR,04110060,-23.5863469,-46.634268899999995,"pharmacy,store,point_of_interest,health,establishment",,4.1,bigquery,"{""source"":""google_places_augment"",""types"":[""pharmacy"",""store"",""point_of_interest"",""health"",""establishment""],""rating"":4.1}"
Drogasil,Drogasil,ChIJcwaJSvJWzpQRXENFFw3ati4,"Av. Prof. Francisco Morato, 2718 - EUC 224, 225 e 226 - Butantã, São Paulo - SP, 05512-300, Brazil",São Paulo,,SP,BR,05512300,-23.5863379,-46.7248665,"pharmacy,health,point_of_interest,store,establishment",,4.1,bigquery,"{""source"":""google_places_augment"",""types"":[""pharmacy"",""health"",""point_of_interest"",""store"",""establishment""],""rating"":4.1}"
Drogasil,Drogasil,ChIJdWubP3RWzpQRvg6vKUGTDEQ,"Av. Nossa Sra. da Assunção, 638 - Vila Butantã, São Paulo - SP, 05359-001, Brazil",São Paulo,,SP,BR,05359001,-23.5707476,-46.7441088,"pharmacy,store,point_of_interest,health,establishment",,4.1,bigquery,"{""source"":""google_places_augment"",""types"":[""pharmacy"",""store"",""point_of_interest"",""health"",""establishment""],""rating"":4.1}"
Drogasil,Drogasil,ChIJhYnkaL77zpQRQGQ2HPXK54k,"Av. Raimundo Pereira de Magalhães, 12217 - Jaraguá, São Paulo - SP, 02938, Brazil",São Paulo,,SP,BR,,-23.435903399999997,-46.7206024,"drugstore,pharmacy,health,point_of_interest,store,establishment",,4.1,bigquery,"{""source"":""google_places_augment"",""types"":[""drugstore"",""pharmacy"",""health"",""point_of_interest"",""store"",""establishment""],""rating"":4.1}"
Drogasil,Drogasil,ChIJo2LaC6NQzpQRyn9iKwooeDI,"RUA VIEIRA DE MORAIS - Esquina - R. Princesa Isabel, 240 - Campo Belo, São Paulo - SP, 04617-000, Brazil",São Paulo,,SP,BR,04617000,-23.6172596,-46.6783998,"pharmacy,health,point_of_interest,store,establishment",,4.1,bigquery,"{""source"":""google_places_augment"",""types"":[""pharmacy"",""health"",""point_of_interest"",""store"",""establishment""],""rating"":4.1}"
Drogasil,Drogasil,ChIJrzz4uFJXzpQR0-YaWwpmF6A,"Av. Dr. Cardoso de Melo, 510 - Vila Olímpia, São Paulo - SP, 04548-002, Brazil",São Paulo,,SP,BR,04548002,-23.6008234,-46.6790877,"pharmacy,store,point_of_interest,health,establishment",,4.1,bigquery,"{""source"":""google_places_augment"",""types"":[""pharmacy"",""store"",""point_of_interest"",""health"",""establishment""],""rating"":4.1}"
Drogasil,Drogasil,ChIJsYV8WgRazpQRsWKMOMl0xFQ,"Av. Lavandisca, 689 - Indianópolis, São Paulo - SP, 04515-011, Brazil",São Paulo,,SP,BR,04515011,-23.602923699999998,-46.6637573,"pharmacy,store,point_of_interest,health,establishment",,4.1,bigquery,"{""source"":""google_places_augment"",""types"":[""pharmacy"",""store"",""point_of_interest"",""health"",""establishment""],""rating"":4.1}"
Drogasil,Drogasil,ChIJw9fPJrtXzpQRnmarn13rKCw,"Av. Brig. Faria Lima, 2127 - Loja 1 - Jardim Paulistano, São Paulo - SP, 01451-001, Brazil",São Paulo,,SP,BR,01451001,-23.575537,-46.687633999999996,"pharmacy,health,point_of_interest,store,establishment",,4.1,bigquery,"{""source"":""google_places_augment"",""types"":[""pharmacy"",""health"",""point_of_interest"",""store"",""establishment""],""rating"":4.1}"
Drogasil,Drogasil,ChIJzQ0nVwBXzpQRyvWuhrzFldM,"R. Dr. Clóvis de Oliveira, 206 - Vila Progredior, São Paulo - SP, 05616-130, Brazil",São Paulo,,SP,BR,05616130,-23.586846599999998,-46.7199501,"drugstore,point_of_interest,health,store,establishment",,4.1,bigquery,"{""source"":""google_places_augment"",""types"":[""drugstore"",""point_of_interest"",""health"",""store"",""establishment""],""rating"":4.1}"
Drogasil,Drogasil,ChIJzQS8l5ZbzpQRPEzHqlQCZrc,"Av. Dr. Gentil de Moura, 607 - Ipiranga, São Paulo - SP, 04278-080, Brazil",São Paulo,,SP,BR,04278080,-23.601921599999997,-46.6089901,"pharmacy,store,health,point_of_interest,establishment",,4.1,bigquery,"{""source"":""google_places_augment"",""types"":[""pharmacy"",""store"",""health"",""point_of_interest"",""establishment""],""rating"":4.1}"
SUPERPHARMA,Superpharma,ChIJ-5R9oWFNxwcRn65RVGuQEC8,R. CÔNEGO DE CASTRO  5655 - VILA PERI  FORTALEZA - CE  60730-190  BRASIL,Fortaleza,,CE,BR,60730-190,-3.8130011,-38.5981346,"pharmacy,point_of_interest,health,store,establishment",,4,bigquery,
DROGA RAIA,Droga Raia,ChIJ-SJjjgNXzpQR525rm1JU5fg,PRAÇA GEN. GENTIL FALCÃO  180 - BROOKLIN  SÃO PAULO - SP  04571-150  BRASIL,São Paulo,,SP,BR,04571-150,-23.604771,-46.6944148,Health & Beauty,,4,bigquery,
FARMACIA,Farmacia,ChIJ-UEtnv5mzpQRKV-foD5di9w,AV. MARIA LUIZA AMERICANO  2072 - CIDADE LÍDER  SÃO PAULO - SP  08275-000  BRASIL,São Paulo,,SP,BR,08275-000,-23.5642406,-46.4743125,Health & Beauty,,4,bigquery,
DROGASIL,Drogasil,ChIJ-WahD5P1zpQR2pD0gu9TsIU,R. FRANCISCO ALVES BEZERRA  1127 - PARQUE EDU CHAVES  SÃO PAULO - SP  02228-001  BRASIL,São Paulo,,SP,BR,02228-001,-23.4760042,-46.5720781,Health & Beauty,,4,bigquery,
DROGA RAIA,Droga Raia,ChIJ-d6G_xVYzpQRJ0Fuae86Qjk,ALAMEDA BARROS  562 - SANTA CECILIA  SÃO PAULO - SP  01232-000  BRASIL,São Paulo,,SP,BR,01232-000,-23.5361936,-46.6565192,Health & Beauty,,4,bigquery,
FARMÁCIA PAGUE MENOS,Farmácia Pague Menos,ChIJ-ztPGYBZzpQRTKbAIUtp_Y8,R. DA MOOCA  2095 - MOOCA  SÃO PAULO - SP  03103-003  BRASIL,São Paulo,,SP,BR,03103-003,-23.5547961,-46.6047867,Health & Beauty,,4,bigquery,
Drogasil,Drogasil,ChIJ0-BY_jRXzpQRvesOJlC2228,"Av. Engenheiro Luís Carlos Berrini, 829 - Cidade Monções, São Paulo - SP, 04571-010, Brazil",São Paulo,,SP,BR,04571010,-23.6041818,-46.6921725,"pharmacy,health,point_of_interest,store,establishment",,4,bigquery,"{""source"":""google_places_augment"",""types"":[""pharmacy"",""health"",""point_of_interest"",""store"",""establishment""],""rating"":4}"
DROGASIL,Drogasil,ChIJ00kEtQWPpJIR7iBjf5mFHqs,AV. GOV. JOSÉ MALCHER  554 - 564 - NAZARÉ  BELÉM - PA  66040-282  BRASIL,Belém,,PA,BR,66040-282,-1.4518839,-48.4884393,Health & Beauty,,4,bigquery,
FÓRMULA ATIVA - FARMÁCIA DE MANIPULAÇÃO - SP,Fórmula Ativa - Farmácia De Manipulação - Sp,ChIJ03gonUdXzpQRJJtij7R5iPw,R. FUNCHAL  317 - VILA OLÍMPIA  SÃO PAULO - SP  04551-060  BRASIL,São Paulo,,SP,BR,04551-060,-23.5937461,-46.6891743,"pharmacy,store,point_of_interest,health,establishment",,4,bigquery,
FARMÁCIA PAGUE MENOS,Farmácia Pague Menos,ChIJ0RGpG41bzpQR3wpMfhGdq2I,R. SILVA BUENO  1906 - IPIRANGA  SÃO PAULO - SP  04208-001  BRASIL,São Paulo,,SP,BR,04208-001,-23.5953933,-46.6010496,Health & Beauty,,4,bigquery,
DROGASIL,Drogasil,ChIJ0TVf2QpnzpQRVjHTRbySo0A,R. DR. CAMPOS MOURA  251 - PARQUE ARTUR ALVIM  SÃO PAULO - SP  03568-010  BRASIL,São Paulo,,SP,BR,03568-010,-23.5414497,-46.4842943,Health & Beauty,,4,bigquery,
DROGASIL,Drogasil,ChIJ0UxojCeynZMRrjUVRyVGb20,AV. DAS FLORES  284 - JARDIM CUIABA  CUIABÁ - MT  78043-172  BRASIL,Cuiabá,,MT,BR,78043-172,-15.5951175,-56.1148326,Health & Beauty,,4,bigquery,
DROGASIL,Drogasil,ChIJ0cN4NGBIxwcRgxQ8xFv3oAA,AV. SANTOS DUMONT  2390 - ALDEOTA  FORTALEZA - CE  60150-161  BRASIL,Fortaleza,,CE,BR,60150-161,-3.7347514,-38.503545,Health & Beauty,,4,bigquery,
DROGA RAIA,Droga Raia,ChIJ0e0SSnhQzpQRaW-7Urxte48,R. DR. GENTIL LEITE MARTINS  128 - VILA NOVA CALEDONIA  SÃO PAULO - SP  04648-000  BRASIL,São Paulo,,SP,BR,04648-000,-23.6456903,-46.67293,Health & Beauty,,4,bigquery,
ULTRAFARMA POPULAR GUAPIRA,Ultrafarma,ChIJ0wmVAff1zpQR0NZgztI_AZg,AV. GUAPIRA  2158 - TUCURUVI  SÃO PAULO - SP  02265-002  BRASIL,São Paulo,,SP,BR,02265-002,-23.4708106,-46.585501,"pharmacy,health,store,point_of_interest,establishment",,4,bigquery,
EXTRAFARMA,Extrafarma,ChIJ0ycYiLuOpJIRgDP-lc6TBuA,AV. SEN. LEMOS  175 - UMARIZAL  BELÉM - PA  66050-000  BRASIL,Belém,,PA,BR,66050-000,-1.441486,-48.489856,Health & Beauty,,4,bigquery,
DROGASIL,Drogasil,ChIJ1505t0WNpJIRLU3ehXw6DQg,AV. GOV MAGALHÃES BARATA  521 - NAZARÉ  BELÉM - PA  66040-170  BRASIL,Belém,,PA,BR,66040-170,-1.4517262,-48.4758974,Health & Beauty,,4,bigquery,
QUALIDOC FARMÁCIA DIGITAL,Qualidoc Farmácia Digital,ChIJ18I83VhZzpQRfmWEDHWcV7U,ALAMEDA BARROS  136 - SANTA CECILIA  SÃO PAULO - SP  01232-001  BRASIL,São Paulo,,SP,BR,01232-001,-23.5377049,-46.6526653,"pharmacy,health,store,point_of_interest,establishment",,4,bigquery,
DROGASIL,Drogasil,ChIJ1VTz_xqNpJIRtjc-HDpI3Tg,AV. GENTIL BITENCOURT  2110 - SÃO BRÁS  BELÉM - PA  66063-018  BRASIL,Belém,,PA,BR,66063-018,-1.455047,-48.4734302,Health & Beauty,,4,bigquery,
DROGASIL,Drogasil,ChIJ1XP5wIJIxwcR-EonNHM38FE,AV. PADRE ANTÔNIO TOMÁS  3404 - 3416 - COCÓ  FORTALEZA - CE  60192-120  BRASIL,Fortaleza,,CE,BR,60192-120,-3.7462815,-38.481603,Health & Beauty,,4,bigquery,
Drogasil,Drogasil,ChIJ1YfqRapVzpQR7gm9qfYQTwM,"Estr. do Campo Limpo, 5900 - Vila Pirajussara, São Paulo - SP, 05787-000, Brazil",São Paulo,,SP,BR,05787000,-23.6170602,-46.757269699999995,"drugstore,health,store,point_of_interest,establishment",,4,bigquery,"{""source"":""google_places_augment"",""types"":[""drugstore"",""health"",""store"",""point_of_interest"",""establishment""],""rating"":4}"
DROGASIL,Drogasil,ChIJ1Zb4nOVlzpQRVSegjMcsFgc,AV. NORDESTINA  5229 - GUAIANAZES  SÃO PAULO - SP  08431-410  BRASIL,São Paulo,,SP,BR,08431-410,-23.523521,-46.4181435,Health & Beauty,,4,bigquery,
DROGARIA SÃO PAULO,Drogaria São Paulo,ChIJ1aYnQHtZzpQRBkv5b4wXShk,AV. LINS DE VASCONCELOS  1505 - CAMBUCI  SÃO PAULO - SP  01537-001  BRASIL,São Paulo,,SP,BR,01537-001,-23.5767098,-46.6234148,Health & Beauty,,4,bigquery,
DROGA RAIA,Droga Raia,ChIJ1w06TkRRzpQRTzko8zpQRlE,R. NELSON GAMA DE OLIVEIRA  249 - VILA ANDRADE  SÃO PAULO - SP  05734-150  BRASIL,São Paulo,,SP,BR,05734-150,-23.6335258,-46.7352094,Health & Beauty,,4,bigquery,
FARMÁCIA PAGUE MENOS,Farmácia Pague Menos,ChIJ2-iE7iqMpJIRLyQ2eGtpKz0,AV. ALCINDO CACELA  2426 - CREMAÇÃO  BELÉM - PA  66040-273  BRASIL,Belém,,PA,BR,66040-273,-1.458241,-48.4772888,Health & Beauty,,4,bigquery,
DROGASIL,Drogasil,ChIJ222F7BH5zpQRfzI07BSv-GE,AV. BENEDITO ANDRADE  80 - VILA PEREIRA BARRETO  SÃO PAULO - SP  02936-000  BRASIL,São Paulo,,SP,BR,02936-000,-23.4881605,-46.7198439,Health & Beauty,,4,bigquery,
ULTRAFARMA POPULAR,Ultrafarma,ChIJ22GlcyxPzpQR8QIrGtqymjI,AV. SEN. TEOTÔNIO VILELA  1479 - CIDADE DUTRA  SÃO PAULO - SP  04801-010  BRASIL,São Paulo,,SP,BR,04801-010,-23.7118724,-46.6987871,Health & Beauty,,4,bigquery,
DROGASIL,Drogasil,ChIJ22VaLcFHxwcRZr2kiKUUw4k,AV. SANTOS DUMONT  6385 - 6399 - PAPICU  FORTALEZA - CE  60175-053  BRASIL,Fortaleza,,CE,BR,60175-053,-3.7438834,-38.4753958,Health & Beauty,,4,bigquery,
DROGARIA ULTRAFARMA POPULAR JARDIM ROSANA,Ultrafarma,ChIJ22r8gJlTzpQRXN2utRLbe48,AV. CARLOS LACERDA  2184 - JARDIM ROSANA  SÃO PAULO - SP  05789-001  BRASIL,São Paulo,,SP,BR,05789-001,-23.6508788,-46.7791451,Health & Beauty,,4,bigquery,
ULTRAFARMA CIDADE JARDIM,Ultrafarma,ChIJ25HGxr1XzpQRGccoa_4Oc4s,AV. DOS TAJURÁS  289 - MORUMBI  SÃO PAULO - SP  05670-000  BRASIL,São Paulo,,SP,BR,05670-000,-23.5863334,-46.694804,"pharmacy,health,store,point_of_interest,establishment",,4,bigquery,
DROGASIL,Drogasil,ChIJ2Qw49OJnzpQR2j24TZe-jOk,AV. ARICANDUVA  5555 - 5555 - JARDIM SANTA TEREZA  SÃO PAULO - SP  03527-900  BRASIL,São Paulo,,SP,BR,03527-900,-23.5649269,-46.5037577,Health & Beauty,,4,bigquery,
DROGARIA SÃO PAULO,Drogaria São Paulo,ChIJ2R21b2VVzpQRVda3gmo8vI8,"R. JOSÉ ARISTÍDES JOFRE, 34 - ADALGISA, OSASCO - SP, 06030-130",São Paulo,,SP,BR,06030-130,-23.5587563,-46.7664186,Health & Beauty,,4,bigquery,
DROGASIL,Drogasil,ChIJ2RpYN15NxwcR6sRtf0LMlrs,AV. WALDIR DIOGO  1138 - MONDUBIM  FORTALEZA - CE  60720-096  BRASIL,Fortaleza,,CE,BR,60720-096,-3.8007521,-38.586926,Health & Beauty,,4,bigquery,
DROGARIA SÃO PAULO,Drogaria São Paulo,ChIJ2TZUmt35zpQR29Ajyv0kSIw,AV. DEP. CANTÍDIO SAMPAIO  1040 - VILA RICA  SÃO PAULO - SP  02880-070  BRASIL,São Paulo,,SP,BR,02880-070,-23.468341,-46.6771275,Health & Beauty,,4,bigquery,
DROGA RAIA,Droga Raia,ChIJ2_iTQqlezpQRZFmwRdTmUhQ,1775 - 1777 - 1781 - R. DO ORATÓRIO  1785 - 1787 - ALTO DA MOOCA  SÃO PAULO - SP  03117-000  BRASIL,São Paulo,,SP,BR,03117-000,-23.5665046,-46.5877215,Health & Beauty,,4,bigquery,
ULTRAFARMA MATEO BEI,Ultrafarma,ChIJ2aMWIMZnzpQRfqz3aVQI3ac,AV. MATEO BEI  1461 - CIDADE SÃO MATEUS  SÃO PAULO - SP  03949-011  BRASIL,São Paulo,,SP,BR,03949-011,-23.5958777,-46.4873461,"drugstore,pharmacy,health,point_of_interest,store,establishment",,4,bigquery,
DROGA RAIA,Droga Raia,ChIJ2aa_3INazpQRMboYBMxE8vw,RUA HÉLADE - VILA MASCOTE  SÃO PAULO - SP  05582-000  BRASIL,São Paulo,,SP,BR,05582-000,-23.6409565,-46.6670315,Health & Beauty,,4,bigquery,
DROGA RAIA,Droga Raia,ChIJ2du7mrD3zpQRfEWbYWAg1ik,AV. ENG. CAETANO ÁLVARES  4906 - IMIRIM  SÃO PAULO - SP  02413-000  BRASIL,São Paulo,,SP,BR,02413-000,-23.4869072,-46.6409983,Health & Beauty,,4,bigquery,
DROGARIA SÃO PAULO,Drogaria São Paulo,ChIJ2e9GoY5zVwERqux5wXFDDNE,AV. OLIVEIRA FREIRE  788 790 - PARQUE PAULISTANO  SÃO PAULO - SP  08080-570  BRASIL,São Paulo,,SP,BR,08080-570,-23.4847975,-46.4280084,Health & Beauty,,4,bigquery,
DROGARIA SÃO PAULO,Drogaria São Paulo,ChIJ2yvVFpFlzpQRUAOtNhH-CUs,AV. SOUZA RAMOS  104 - GUAIANASES  SÃO PAULO - SP  08490-490  BRASIL,São Paulo,,SP,BR,08490-490,-23.579609,-46.41143,Health & Beauty,,4,bigquery,
DROGA RAIA,Droga Raia,ChIJ30lEVY1ezpQRxJ_qZRF-x6Q,R. APUCARANA  522 - TERREO - TATUAPÉ  SÃO PAULO - SP  03311-000  BRASIL,São Paulo,,SP,BR,03311-000,-23.5429868,-46.5645278,Health & Beauty,,4,bigquery,
DROGA RAIA,Droga Raia,ChIJ31Vt4NpdzpQRXOxIGfF6_TY,AV. GUILHERME GIORGI  1909 - 1911  1917 E 1921 - VILA CARRAO  SÃO PAULO - SP  03422-001  BRASIL,São Paulo,,SP,BR,03422-001,-23.5626772,-46.5427362,Health & Beauty,,4,bigquery,
DROGA RAIA,Droga Raia,ChIJ3QWqKlJezpQRY7YltyolQ-Q,AV. PENHA DE FRANÇA  429 - 431 - 435 - PENHA DE FRANÇA  SÃO PAULO - SP  03606-010  BRASIL,São Paulo,,SP,BR,03606-010,-23.5227717,-46.5476915,Health & Beauty,,4,bigquery,
DROGASIL,Drogasil,ChIJ3R4sM8BIxwcRNvhsIUF7V0Q,AV. PONTES VIEIRA  1486 - LOJA 14 - SÃO JOÃO DO TAUAPE  FORTALEZA - CE  60130-240  BRASIL,Fortaleza,,CE,BR,60130-240,-3.7524294,-38.5087447,Health & Beauty,,4,bigquery,
DROGA RAIA,Droga Raia,ChIJ3V7l4qlezpQRR-lkwO82qvo,AV. PAES DE BARROS  2222 - PARQUE DA MOOCA  SÃO PAULO - SP  03115-001  BRASIL,São Paulo,,SP,BR,03115-001,-23.5700576,-46.5878309,Health & Beauty,,4,bigquery,
DROGA RAIA,Droga Raia,ChIJ3VlK7YhWzpQRrRGLCzQLwzE,AV. MIN. LAUDO FERREIRA DE CAMARGO  293 - 301 - 303 - JARDIM PERI PERI  SÃO PAULO - SP  05537-001  BRASIL,São Paulo,,SP,BR,05537-001,-23.5873318,-46.7370223,Health & Beauty,,4,bigquery,
DROGARIA E PERFUMARIA DO-FARMA,Drogaria E Perfumaria Do-Farma,ChIJ3XQjIqtozpQRAPfCEJ8FCL0,R. GONÇALVES DE MENDONÇA  288 - JARDIM ROSELI  SÃO PAULO - SP  08380-018  BRASIL,São Paulo,,SP,BR,08380-018,-23.5978182,-46.4405177,Health & Beauty,,4,bigquery,
FARMÁCIA PAGUE MENOS,Farmácia Pague Menos,ChIJ3ePrcQeNpJIReBPZnhuhgRo,AV. GOV MAGALHÃES BARATA  877/885 - BRÁS  BELÉM - PA  66060-281  BRASIL,Belém,,PA,BR,66060-281,-1.4514268,-48.4726262,Health & Beauty,,4,bigquery,
DROGASIL,Drogasil,ChIJ427rgzqPpJIRR6UOfzh9fX8,AV. VISC. DE SOUZA FRANCO  863 - REDUTO  BELÉM - PA  66053-000  BRASIL,Belém,,PA,BR,66053-000,-1.4458411,-48.4880839,Health & Beauty,,4,bigquery,
ULTRAFARMA FARMÁCIA DE MANIPULAÇÃO  ULTRAFÓRMULAS,Ultrafarma,ChIJ42RUWAhdzpQRxrIop0S2wTk,AV. JABAQUARA  1426 - MIRANDÓPOLIS  SÃO PAULO - SP  04046-200  BRASIL,São Paulo,,SP,BR,04046-200,-23.6167455,-46.6391581,"pharmacy,health,point_of_interest,store,establishment",,4,bigquery,
CITO FÓRMULA FARMÁCIA COM MANIPULAÇÃO,Cito Fórmula Farmácia Com Manipulação,ChIJ4TzWGTpJxwcRBXGluZqE5qM,AV. PROFESSOR GOMES DE MATOS  442 - BOM FUTURO  FORTALEZA - CE  60410-000  BRASIL,Fortaleza,,CE,BR,60410-000,-3.757695,-38.5427637,"pharmacy,health,store,point_of_interest,establishment",,4,bigquery,
DROGA RAIA,Droga Raia,ChIJ4VLYfRBazpQRzwn2lpxV6y8,AV. MOEMA  370 - MOEMA  SÃO PAULO - SP  04077-021  BRASIL,São Paulo,,SP,BR,04077-021,-23.6054585,-46.6576588,Health & Beauty,,4,bigquery,
ULTRAFARMA VILA MAZZEI,Ultrafarma,ChIJ4_WgI4X3zpQRRecz_XetT0I,RUA MANUEL GAYA  290 - VILA NOVA MAZZEI  SÃO PAULO - SP  02313-000  BRASIL,São Paulo,,SP,BR,02313-000,-23.4665113,-46.5956245,"drugstore,point_of_interest,health,store,establishment",,4,bigquery,
DROGA RAIA,Droga Raia,ChIJ4a5nOnH4zpQRC_bRuHfszD8,R. CORIOLANO  1114 - VILA ROMANA  SÃO PAULO - SP  05047-001  BRASIL,São Paulo,,SP,BR,05047-001,-23.5259143,-46.6963532,Health & Beauty,,4,bigquery,
DROGARIA SÃO PAULO,Drogaria São Paulo,ChIJ52YCr8JTzpQR7Ul8ES1ISVU,DROGARIA - ESTR. DO CAMPO LIMPO  434 - VILA PREL  SÃO PAULO - SP  05777-000  BRASIL,São Paulo,,SP,BR,05777-000,-23.6481991,-46.7579741,Health & Beauty,,4,bigquery,
DROGA RAIA,Droga Raia,ChIJ59gvVkJRzpQRy7WqRZLFHU8,AV. ROQUE PETRONI JÚNIOR  1089 - VILA GERTRUDES  SÃO PAULO - SP  04707-000  BRASIL,São Paulo,,SP,BR,04707-000,-23.6231169,-46.6986074,Health & Beauty,,4,bigquery,
DROGARIAS ULTRA POPULAR,Drogarias Ultra Popular,ChIJ5Q8YlDuxnZMRZg7gb95gcVs,PRAÇA 8 DE ABRIL  750 - CENTRO  CUIABÁ - MT  78045-480  BRASIL,Cuiabá,,MT,BR,78045-480,-15.5916618,-56.1068758,Health & Beauty,,4,bigquery,
FARMÁCIA PAGUE MENOS,Farmácia Pague Menos,ChIJ5RhEmqBXzpQRKnKvZSb3Bt8,AV. BRG. FARIA LIMA  1116 - PINHEIROS  SÃO PAULO - SP  01451-001  BRASIL,São Paulo,,SP,BR,01451-001,-23.5680367,-46.6930877,Health & Beauty,,4,bigquery,
PANVEL FARMÁCIAS,Panvel,ChIJ5SGcTtJbzpQRA8aa3qvZIBQ,AV. ROUXINOL  481 - ANEXOS 491 E 499 - INDIANÓPOLIS  SÃO PAULO - SP  04516-000  BRASIL,São Paulo,,SP,BR,04516-000,-23.6033927,-46.670201,Health & Beauty,,4,bigquery,
DROGARIA SÃO PAULO,Drogaria São Paulo,ChIJ5TJMELhTzpQRrSwQqQD4e8E,ESTR. DE ITAPECERICA  6080 - JARDIM VISTA LINDA  SÃO PAULO - SP  05858-000  BRASIL,São Paulo,,SP,BR,05858-000,-23.6662681,-46.7834574,Health & Beauty,,4,bigquery,
DROGARIA DROGADUCA,Drogaria Drogaduca,ChIJ5Tqx2alWzpQR9Taf4TNq1hQ,RUA JOSÉ MARIA PINTO ZILLI  395 - JARDIM DAS PALMAS  SÃO PAULO - SP  05749-300  BRASIL,São Paulo,,SP,BR,05749-300,-23.618946,-46.747684,Health & Beauty,,4,bigquery,
FARMANOVA DROGARIA E MANIPULAÇÃO LTDA,Farmanova Drogaria E Manipulação Ltda,ChIJ5xDVPMhezpQRcbWr2swMxe0,R. FERNANDO FALCÃO  Nº 1204 - VILA CLAUDIA  SÃO PAULO - SP  03180-002  BRASIL,São Paulo,,SP,BR,03180-002,-23.5637847,-46.5890834,"pharmacy,drugstore,store,health,point_of_interest,establishment",,4,bigquery,
DROGA RAIA,Droga Raia,ChIJ5xVDO_pVzpQROqKLLFanhw8,AV. DR. CÂNDIDO MOTTA FILHO  648 - VILA SAO FRANCISCO  SÃO PAULO - SP  05351-000  BRASIL,São Paulo,,SP,BR,05351-000,-23.5574683,-46.7560754,Health & Beauty,,4,bigquery,
DROGASIL,Drogasil,ChIJ5yzjs_dXzpQRDjq6C3yLnnY,FRENTE  R. DR. HOMEM DE MELO  786 - PERDIZES  SÃO PAULO - SP  05007-002  BRASIL,São Paulo,,SP,BR,05007-002,-23.5347351,-46.6717019,Health & Beauty,,4,bigquery,
DROGARIA SÃO PAULO,Drogaria São Paulo,ChIJ6-hmlFNSzpQR8jhzvkyzqYw,RUA HENRIQUE SAM MINDLIN  60 - JARDIM SÃO BENTO NOVO  SÃO PAULO - SP  05882-000  BRASIL,São Paulo,,SP,BR,05882-000,-23.6759469,-46.7746259,Health & Beauty,,4,bigquery,
DROGARIA MANILHA,Drogaria Manilha,ChIJ66C-leJdzpQRytL5ir4TIqM,VILA CARRAO  SÃO PAULO - SP  03445-060  BRASIL,São Paulo,,SP,BR,03445-060,-23.5500862,-46.5273153,Health & Beauty,,4,bigquery,
ULTRAFARMA SANTANA,Ultrafarma,ChIJ6WSb0Br3zpQRJCrdGtPDWYc,R. VOLUNTÁRIOS DA PÁTRIA  1876 - SANTANA  SÃO PAULO - SP  02010-600  BRASIL,São Paulo,,SP,BR,02010-600,-23.5038188,-46.6261356,"drugstore,health,point_of_interest,store,establishment",,4,bigquery,
DROGASIL,Drogasil,ChIJ6YJjTin2zpQRH6My9zDLqDI,R. VOLUNTÁRIOS DA PÁTRIA  1958 - SANTANA  SÃO PAULO - SP  02010-600  BRASIL,São Paulo,,SP,BR,02010-600,-23.5030652,-46.6262831,Health & Beauty,,4,bigquery,
DROGA RAIA,Droga Raia,ChIJ6xceWQhbzpQRlpsHNPfi-As,AV. DO CURSINO  2268 - VILA DA SAÚDE  SÃO PAULO - SP  04132-002  BRASIL,São Paulo,,SP,BR,04132-002,-23.621878,-46.6207584,Health & Beauty,,4,bigquery,
DROGARIA SÃO PAULO,Drogaria São Paulo,ChIJ6yKPZ4hRzpQRbCfSHxUWAYc,EST  ESTRADA DO M'BOI MIRIM  1293 - PIRAPORINHA  SÃO PAULO - SP  04905-021  BRASIL,São Paulo,,SP,BR,04905-021,-23.6738143,-46.7458972,Health & Beauty,,4,bigquery,
DROGASIL,Drogasil,ChIJ6zO1d_dPxwcRibfIRUHqFlQ,AV. FREI CIRILO  4080 - MESSEJANA  FORTALEZA - CE  60840-285  BRASIL,Fortaleza,,CE,BR,60840-285,-3.8198875,-38.4964154,Health & Beauty,,4,bigquery,
ETHICALL FARMÁCIA DE MANIPULAÇÃO,Ethicall Farmácia De Manipulação,ChIJ6zw_ONxIxwcR-aBt0sdXBNw,AV. TREZE DE MAIO  1096 - FÁTIMA  FORTALEZA - CE  60040-530  BRASIL,Fortaleza,,CE,BR,60040-530,-3.74943,-38.52887,"pharmacy,health,point_of_interest,store,establishment",,4,bigquery,
DROGA RAIA,Droga Raia,ChIJ7245KJNZzpQRRpZxUhSm3bM,R. TUTÓIA  1045 - PARAÍSO  SÃO PAULO - SP  04007-005  BRASIL,São Paulo,,SP,BR,04007-005,-23.579901,-46.6506362,Health & Beauty,,4,bigquery,
Drogasil,Drogasil,ChIJ75GJhfBZzpQRFz7-Ndc9AG4,"R. do Arouche, 220 - República, São Paulo - SP, 01219-000, Brazil",São Paulo,,SP,BR,01219000,-23.5418492,-46.645298000000004,"pharmacy,health,point_of_interest,store,establishment",,4,bigquery,"{""source"":""google_places_augment"",""types"":[""pharmacy"",""health"",""point_of_interest"",""store"",""establishment""],""rating"":4}"
EXTRAFARMA,Extrafarma,ChIJ79_BDTdJxwcRaVXRQqil_Bs,R. ALBERTO MAGNO  513 - MONTESE  FORTALEZA - CE  60425-000  BRASIL,Fortaleza,,CE,BR,60425-000,-3.760391,-38.5459337,Health & Beauty,,4,bigquery,
ULTRAFARMA POPULAR - UNIDADE MASCOTE,Ultrafarma,ChIJ7RCCW2xbzpQRBAmVQwX3uVM,AV. SANTA CATARINA  1242 - VILA MASCOTE  SÃO PAULO - SP  04378-000  BRASIL,São Paulo,,SP,BR,04378-000,-23.6460989,-46.6637433,Health & Beauty,,4,bigquery,
FARMACIA NOROFARMA,Farmacia Norofarma,ChIJ7TxWzjlezpQRgBvhgFU0k5s,AV. AMADOR BUENO DA VEIGA  1248 - PENHA DE FRANÇA  SÃO PAULO - SP  03636-100  BRASIL,São Paulo,,SP,BR,03636-100,-23.5231917,-46.5328698,Health & Beauty,,4,bigquery,
DROGA RAIA,Droga Raia,ChIJ7X4KqbBWzpQRtN7cIEEgDwM,RUA CORREGGIO  01 - VILA SUZANA  SÃO PAULO - SP  05630-020  BRASIL,São Paulo,,SP,BR,05630-020,-23.6115027,-46.7338859,Health & Beauty,,4,bigquery,
DROGA RAIA,Droga Raia,ChIJ7YoZra9WzpQRJ4L6eZpr6F0,RUA DESEMBARGADOR DALMO DO VALLE NOGUEIRA  79 - VILA SUZANA  SÃO PAULO - SP  05641-060  BRASIL,São Paulo,,SP,BR,05641-060,-23.6157202,-46.740171,Health & Beauty,,4,bigquery,
DROGARIA SÃO PAULO,Drogaria São Paulo,ChIJ7d2kf-VezpQRnGh0eIssZAk,AV. CELSO GARCIA  4748 - TATUAPÉ  SÃO PAULO - SP  03064-000  BRASIL,São Paulo,,SP,BR,03064-000,-23.5342006,-46.56673,Health & Beauty,,4,bigquery,
DROGASIL,Drogasil,ChIJ7dP9Z1lIxwcRNfrQUHG6X4k,AV. SANTOS DUMONT  1261 - ALDEOTA  FORTALEZA - CE  60150-161  BRASIL,Fortaleza,,CE,BR,60150-161,-3.7314073,-38.5124376,Health & Beauty,,4,bigquery,
DROGASIL,Drogasil,ChIJ7e5Tf5mxnZMRt79sA-MKPTU,AV. MAL. DEODORO  98 - ARAES  CUIABÁ - MT  78005-505  BRASIL,Cuiabá,,MT,BR,78005-505,-15.5876785,-56.0973631,Health & Beauty,,4,bigquery,
DROGASIL,Drogasil,ChIJ7wx6KUn5zpQRiJ1dEwBb2jU,AV. MUTINGA  2674A - JARDIM SANTO ELIAS  SÃO PAULO - SP  05110-000  BRASIL,São Paulo,,SP,BR,05110-000,-23.488455,-46.7491639,Health & Beauty,,4,bigquery,
DROGASIL,Drogasil,ChIJ7zJwJTT2zpQR5EXjy0uaQGE,R. PEDRO DOLL  161 - 171 - 179 - SANTANA  SÃO PAULO - SP  02404-000  BRASIL,São Paulo,,SP,BR,02404-000,-23.4917328,-46.6276809,Health & Beauty,,4,bigquery,
DROGA RAIA,Droga Raia,ChIJ8-ULu4H4zpQRSxUnftRGqdk,R. CERRO CORÁ  1917 - ALTO DA LAPA  SÃO PAULO - SP  05061-350  BRASIL,São Paulo,,SP,BR,05061-350,-23.5354909,-46.7130082,Health & Beauty,,4,bigquery,
FARMÁCIA PAGUE MENOS,Farmácia Pague Menos,ChIJ81yt0bpQzpQRtQkuFnhmgI8,AV. PORTUGAL  526 - BROOKLIN  SÃO PAULO - SP  04559-000  BRASIL,São Paulo,,SP,BR,04559-000,-23.6135451,-46.680611999999996,Health & Beauty,,4,bigquery,
ULTRAFARMA NOVA CANTAREIRA,Ultrafarma,ChIJ8Q9gMCz3zpQRVraD9rfKceI,AV. NOVA CANTAREIRA  296 - TUCURUVI  SÃO PAULO - SP  02330-000  BRASIL,São Paulo,,SP,BR,02330-000,-23.4878856,-46.6215001,"pharmacy,health,store,point_of_interest,establishment",,4,bigquery,
DROGARIA SÃO PAULO,Drogaria São Paulo,ChIJ8VReHXpWzpQRjuMaxZXzY3k,AV. ENG. HEITOR ANTÔNIO EIRAS GARCIA  691-695 - JARDIM ESMERALDA  SÃO PAULO - SP  05588-001  BRASIL,São Paulo,,SP,BR,05588-001,-23.5766525,-46.7426072,Health & Beauty,,4,bigquery,
DROGARIA SÃO PAULO,Drogaria São Paulo,ChIJ8WoU0gz3zpQRqWRta5vR1S0,AV. PARADA PINTO  60 - VILA NOVA CACHOEIRINHA  SÃO PAULO - SP  02611-002  BRASIL,São Paulo,,SP,BR,02611-002,-23.4733161,-46.6670974,Health & Beauty,,4,bigquery,
DROGARIA 7 DE SETEMBRO,Drogaria 7 De Setembro,ChIJ91Ijnp9ezpQR4niB7aiRu6M,AV. SAPOPEMBA  739 - VILA REG. FEIJÓ  SÃO PAULO - SP  03346-100  BRASIL,São Paulo,,SP,BR,03346-100,-23.5626713,-46.5730176,Health & Beauty,,4,bigquery,
PANVEL FARMÁCIAS,Panvel,ChIJ95km-2RXzpQRlD2GaZVpe0Y,AV. EUROPA  352 - JARDIM EUROPA  SÃO PAULO - SP  01449-000  BRASIL,São Paulo,,SP,BR,01449-000,-23.5742885,-46.6773179,Health & Beauty,,4,bigquery,
DROGASIL,Drogasil,ChIJ9SlJbxOPpJIRIle-htEnFxI,AV. CONSELHEIRO FURTADO  1267 - BATISTA CAMPOS  BELÉM - PA  66035-350  BRASIL,Belém,,PA,BR,66035-350,-1.4571306,-48.4875799,Health & Beauty,,4,bigquery,
DROGASIL,Drogasil,ChIJ9V3zWvf1zpQRkFPd8w939EQ,AV. NOSSA SRA. DO LORETO  990 - VILA MEDEIROS  SÃO PAULO - SP  02219-001  BRASIL,São Paulo,,SP,BR,02219-001,-23.4873915,-46.5823816,Health & Beauty,,4,bigquery,
DROGASIL,Drogasil,ChIJ9W5_z9NTzpQR04N7fC2VpX4,ESTR. DE ITAPECERICA  2801 - LOJA A - VILA MARACANA  SÃO PAULO - SP  05835-005  BRASIL,São Paulo,,SP,BR,05835-005,-23.6526943,-46.7582211,Health & Beauty,,4,bigquery,
DROGASIL,Drogasil,ChIJ9W_kYmdRzpQRRq6K6P5Caqg,ESTR. DE ITAPECERICA  498 - VILA DAS BELEZAS  SÃO PAULO - SP  05835-000  BRASIL,São Paulo,,SP,BR,05835-000,-23.642297,-46.7412721,Health & Beauty,,4,bigquery,
EXTRAFARMA,Extrafarma,ChIJ9bQarD-MpJIR6R7qcxAdOBU,PASSAGEM JOSÉ LEAL MARTINS  240 - MARCO  BELÉM - PA  66095-490  BRASIL,Belém,,PA,BR,66095-490,-1.4301657,-48.4493796,Health & Beauty,,4,bigquery,
ULTRAFARMA POPULAR - UNIDADE SÃO JOÃO CLÍMACO,Ultrafarma,ChIJ9fei1KNczpQRZrSJIv2ZnyU,R. TITO OLIANI  1020 - SÃO JOÃO CLIMACO  SÃO PAULO - SP  04256-000  BRASIL,São Paulo,,SP,BR,04256-000,-23.6300567,-46.5884962,Health & Beauty,,4,bigquery,
EXTRAFARMA,Extrafarma,ChIJ9zGTsa1JxwcRCmSoapCX-GE,R. LIBERATO BARROSO  120 - CENTRO  FORTALEZA - CE  60030-160  BRASIL,Fortaleza,,CE,BR,60030-160,-3.7282139,-38.528643,Health & Beauty,,4,bigquery,
DROGASIL,Drogasil,ChIJ9zlBZnOPpJIRpLjp-PJ-zbE,AV. SERZEDELO CORRÊA  1075 - BATISTA CAMPOS  BELÉM - PA  66033-770  BRASIL,Belém,,PA,BR,66033-770,-1.4618678,-48.4872042,Health & Beauty,,4,bigquery,
EXTRAFARMA,Extrafarma,ChIJA-D76PxPxwcR-rkKvSOB1vs,R. PADRE PEDRO DE ALENCAR  410 - MESSEJANA  FORTALEZA - CE  60840-120  BRASIL,Fortaleza,,CE,BR,60840-120,-3.8309923,-38.494038,Health & Beauty,,4,bigquery,
DROGASIL,Drogasil,ChIJA2CUk-FJxwcRwlJkoqtgC2E,AV. JOVITA FEITOSA  3194 - PARQUELÂNDIA  FORTALEZA - CE  60455-410  BRASIL,Fortaleza,,CE,BR,60455-410,-3.7417051,-38.5664282,Health & Beauty,,4,bigquery,
DROGASIL,Drogasil,ChIJA8EzC2P4zpQRpiGn9rCG0rA,R. DOZE DE OUTUBRO  558 - LAPA  SÃO PAULO - SP  05073-000  BRASIL,São Paulo,,SP,BR,05073-000,-23.5228288,-46.7056049,Health & Beauty,,4,bigquery,
DROGARIA SAO PAULO,Drogaria São Paulo,ChIJAQAAY0JjzpQRJrEJ-BEOlZQ,AVENIDA MARECHALAMEDA TITO  933SAO MIGUEL PAULISTA  SÃO PAULO - SP  08010-090  BRASIL,São Paulo,,SP,BR,08010-090,-23.4862024,-46.3809165,Health & Beauty,,4,bigquery,
DROGASIL,Drogasil,ChIJAQCkJgFezpQRRXfzK0PoVzA,TERREO  AV. WALDEMAR CARLOS PEREIRA  588 - VILA TALARICO  SÃO PAULO - SP  03533-000  BRASIL,São Paulo,,SP,BR,03533-000,-23.5441719,-46.5202138,Health & Beauty,,4,bigquery,
DROGASIL,Drogasil,ChIJAQDEEDBazpQRvCi97ilEu1o,"RUA PEDRO DE TOLEDO, 417 - VILA CLEMENTINO, SÃO PAULO - SP, 04039-031",São Paulo,,SP,BR,04039-031,-23.5987023,-46.6407229,Health & Beauty,,4,bigquery,
FARMÁCIA PAGUE MENOS,Farmácia Pague Menos,ChIJAQDUgnFJxwcRxcOThRkMO8c,AV. JOVITA FEITOSA  1110 - PARQUE ARAXÁ  FORTALEZA - CE  60455-410  BRASIL,Fortaleza,,CE,BR,60455-410,-3.7390687,-38.5531358,Health & Beauty,,4,bigquery,
DROGASIL,Drogasil,ChIJAdm6XZtXzpQRuuCp4g-qHfc,RUA HENRIQUE SCHAUMANN  630 - PINHEIROS  SÃO PAULO - SP  05413-011  BRASIL,São Paulo,,SP,BR,05413-011,-23.5595063,-46.6809006,Health & Beauty,,4,bigquery,
ULTRAFARMA CUPECÊ,Ultrafarma,ChIJAe4DRaFazpQRUS5DZi5zUzE,AV. CUPECÊ  1277 - JARDIM PRUDÊNCIA  SÃO PAULO - SP  04366-000  BRASIL,São Paulo,,SP,BR,04366-000,-23.6555441,-46.6687417,"pharmacy,drugstore,health,store,point_of_interest,establishment",,4,bigquery,
DROGARIA SÃO PAULO,Drogaria São Paulo,ChIJAfWJ7JxlzpQRMB0Wlhv7ey4,ESTR. DO LAGEADO VELHO  767 - VILA IOLANDA LAJEADO   SÃO PAULO - SP  08451-055  BRASIL,São Paulo,,SP,BR,08451-055,-23.5353695,-46.4021084,Health & Beauty,,4,bigquery,
DROGASIL,Drogasil,ChIJAyKC1B5hpJIRVyeOaLY7Ve4,AV. AUGUSTO MONTENEGRO  6955 - TAPANÃ  ICOARACI   BELÉM - PA  66833-000  BRASIL,Belém,,PA,BR,66833-000,-1.3483818,-48.4529106,Health & Beauty,,4,bigquery,
DROGA RAIA,Droga Raia,ChIJB-clTARZzpQR_fi_Qm6Mb7o,AV. PAES DE BARROS  174 - 178 - MOOCA  SÃO PAULO - SP  03114-000  BRASIL,São Paulo,,SP,BR,03114-000,-23.5570175,-46.6005001,Health & Beauty,,4,bigquery,
DROGASIL,Drogasil,ChIJB5ABImxdzpQR5ZiI8JNQ3CI,AV. DO ORATÓRIO  4453 - 57 - JARDIM GUAIRACA  SÃO PAULO - SP  03221-200  BRASIL,São Paulo,,SP,BR,03221-200,-23.6015663,-46.5310691,Health & Beauty,,4,bigquery,
UNIPHARMUS FARMÁCIA DE MANIPULAÇÃO,Unipharmus Farmácia De Manipulação,ChIJBQDBA-5QzpQROLYlvZ11y_g,AV. SANTO AMARO  6203 - CHÁCARA SANTO ANTÔNIO  ZONA SUL   SÃO PAULO - SP  04709-010  BRASIL,São Paulo,,SP,BR,04709-010,-23.6356747,-46.6949438,"pharmacy,store,point_of_interest,health,establishment",,4,bigquery,
DROGA RAIA,Droga Raia,ChIJBYUvFfJQzpQRs_SBfi9xN00,R. AMÉRICO BRASILIENSE  569 - ALTO DA BOA VISTA  SÃO PAULO - SP  04715-003  BRASIL,São Paulo,,SP,BR,04715-003,-23.6365778,-46.6935874,Health & Beauty,,4,bigquery,
DROGASIL,Drogasil,ChIJBZCSplz_zpQRmtr40Rzjzd4,AV. DOS AUTONOMISTAS  755 - VILA YARA  OSASCO - SP  06020-000  BRASIL,São Paulo,,SP,BR,06020-000,-23.5455145,-46.7626019,Health & Beauty,,4,bigquery,
DROGASIL,Drogasil,ChIJBc0A7AxnzpQRV_TwmNOWwPE,AV. MANUEL PÍMENTEL  272 - JARDIM PLANALTO  SÃO PAULO - SP  03983-020  BRASIL,São Paulo,,SP,BR,03983-020,-23.6099222,-46.5087763,Health & Beauty,,4,bigquery,
DROGARIA SÃO PAULO,Drogaria São Paulo,ChIJC2BAp9z1zpQRzr7SIx42MV4,AV. GUAPIRA  2386 - VILA GUSTAVO  SÃO PAULO - SP  02265-002  BRASIL,São Paulo,,SP,BR,02265-002,-23.4691936,-46.5842055,Health & Beauty,,4,bigquery,
DROGASIL,Drogasil,ChIJC7vqjD9QzpQR-jP9hbU0TYo,R. TEN. JOSÉ MARIA PINTO  284 - JARDIM ANHANGUERA  SÃO PAULO - SP  04675-090  BRASIL,São Paulo,,SP,BR,04675-090,-23.663201,-46.6913732,Health & Beauty,,4,bigquery,
DROGASIL,Drogasil,ChIJCQ4uySP7zpQRYnijfNE3kfw,R. FRIEDRICH VON VOITH  800 - JARAGUÁ  SÃO PAULO - SP  02995-000  BRASIL,São Paulo,,SP,BR,02995-000,-23.448676,-46.7349553,Health & Beauty,,4,bigquery,
DROGASIL,Drogasil,ChIJCRHn3apbzpQRwChpxDVO1PY,AVENIDA PEDRO BUENO  1641 - 1643 - 1645 - 1651 - PARQUE JABAQUARA  SÃO PAULO - SP  04342-011  BRASIL,São Paulo,,SP,BR,04342-011,-23.6389208,-46.6581437,Health & Beauty,,4,bigquery,
DROGA RAIA,Droga Raia,ChIJCU0VEpZQzpQRs3X28ADzd3w,R. JOAQUIM NABUCO  84 - 90 - BROOKLIN  SÃO PAULO - SP  04621-001  BRASIL,São Paulo,,SP,BR,04621-001,-23.6237207,-46.6844718,Health & Beauty,,4,bigquery,
Drogasil,Drogasil,ChIJCY1vBpVezpQRisXwntCYZYQ,"RUA COELHO LISBOA, 390 - 394 - 398 Resp - Loja 1, 2 e 3 - Cidade Mãe do Céu, São Paulo - SP, 03323-040, Brazil",São Paulo,,SP,BR,03323040,-23.5477329,-46.5723433,"pharmacy,health,point_of_interest,store,establishment",,4,bigquery,"{""source"":""google_places_augment"",""types"":[""pharmacy"",""health"",""point_of_interest"",""store"",""establishment""],""rating"":4}"
DROGA RAIA,Droga Raia,ChIJCa9U60pYzpQR8PMkeUfZ9yQ,RUA FREI CANECA  462 - 466 ESQUINA  R. DONA ANTÔNIA DE QUEIRÓS  38 - E 40 - CONSOLAÇÃO  SÃO PAULO - SP  01307-000  BRASIL,São Paulo,,SP,BR,01307-000,-23.5529703,-46.6519578,Health & Beauty,,4,bigquery,
DROGASIL,Drogasil,ChIJCbycjTdNxwcR81C1ivcV2s4,AV. AUGUSTO DOS ANJOS  352 - J CLUBE  FORTALEZA - CE  60520-022  BRASIL,Fortaleza,,CE,BR,60520-022,-3.7719648,-38.5718986,Health & Beauty,,4,bigquery,
DROGASIL,Drogasil,ChIJCfWlZb5JxwcR6kgadi1S2PA,AV. BEZERRA DE MENEZES  720 - SÃO GERARDO  FORTALEZA - CE  60325-001  BRASIL,Fortaleza,,CE,BR,60325-001,-3.7326631,-38.5513594,Health & Beauty,,4,bigquery,
DROGASIL,Drogasil,ChIJCx56LglXzpQRuv1aIw6gdF4,AV. REBOUÇAS  3970 - LOJA 207 - CERQUEIRA CÉSAR  SÃO PAULO - SP  05402-918  BRASIL,São Paulo,,SP,BR,05402-918,-23.5727218,-46.6961395,Health & Beauty,,4,bigquery,
ULTRAFARMA,Ultrafarma,ChIJD-Hzlgj1zpQR2lWCrT8IZAw,AV. EDU CHAVES  947 - PARQUE EDU CHAVES  SÃO PAULO - SP  02229-000  BRASIL,São Paulo,,SP,BR,02229-000,-23.4756061,-46.5696238,"pharmacy,health,store,point_of_interest,establishment",,4,bigquery,
DROGASIL,Drogasil,ChIJD1DDO75JxwcRb-uELeEBAww,AV. SENADOR VIRGÍLIO TÁVORA  538 - MEIRELES  FORTALEZA - CE  60170-250  BRASIL,Fortaleza,,CE,BR,60170-250,-3.7327615,-38.4920021,Health & Beauty,,4,bigquery,
DROGA RAIA,Droga Raia,ChIJD4u0bfBXzpQRA5yAszei6eo,R. CAIUBI  1240 - PERDIZES  SÃO PAULO - SP  05010-000  BRASIL,São Paulo,,SP,BR,05010-000,-23.5356594,-46.6786912,Health & Beauty,,4,bigquery,
DROGARIA SÃO PAULO,Drogaria São Paulo,ChIJDTAIvNRWzpQRF4duDjYPx30,AV. MORUMBI  6839 - LOJA 1 - MORUMBI  SÃO PAULO - SP  05650-002  BRASIL,São Paulo,,SP,BR,05650-002,-23.6173152,-46.7052544,Health & Beauty,,4,bigquery,
DROGA RAIA,Droga Raia,ChIJDTEtrdL3zpQRoCTRJsnuNp8,ALFREDO PUJOL  620 - 632 E 638 - SANTANA  SÃO PAULO - SP  02017-002  BRASIL,São Paulo,,SP,BR,02017-002,-23.5000608,-46.6320394,Health & Beauty,,4,bigquery,
DROGA RAIA,Droga Raia,ChIJDTce8JZZzpQRMpNB_nFQ9VE,R. CUBATÃO  184 - 196 - VILA MARIANA  SÃO PAULO - SP  04013-000  BRASIL,São Paulo,,SP,BR,04013-000,-23.5738967,-46.6448558,Health & Beauty,,4,bigquery,
DROGASIL,Drogasil,ChIJDUUyzPpJxwcRkN2901O3g9w,AV. BARÃO DE STUDART  1501 - ALDEOTA  FORTALEZA - CE  60120-001  BRASIL,Fortaleza,,CE,BR,60120-001,-3.7375764,-38.5072892,Health & Beauty,,4,bigquery,
DROGARIA SÃO PAULO,Drogaria São Paulo,ChIJDXuLM6FbzpQRWif-6NzN97k,AV. DO CURSINO  1469 - VILA DA SAÚDE  SÃO PAULO - SP  04133-100  BRASIL,São Paulo,,SP,BR,04133-100,-23.6156326,-46.6173302,Health & Beauty,,4,bigquery,
PETLOVE,Petlove,ChIJDZYQ1gP3zpQRrG5yt9S5ksE,AVENIDA BRAZ LEME  1200 LOJAS 16 E 17 - SANTANA  SÃO PAULO - SP  02525-050  BRAZIL,São Paulo,,SP,BR,02525-050,-23.507556,-46.6484638,"pharmacy,pet_store,veterinary_care,health,store,point_of_interest,establishment",,4,bigquery,
ULTRAFARMA,Ultrafarma,ChIJDb29q1FazpQRiCSEHUza4H4,AV. JABAQUARA  1524 - VILA DA SAÚDE  SÃO PAULO - SP  04046-300  BRASIL,São Paulo,,SP,BR,04046-300,-23.6175542,-46.6393662,"pharmacy,point_of_interest,health,store,establishment",,4,bigquery,
DROGA RAIA,Droga Raia,ChIJDeI-1GtczpQRZka09PSBxp0,AV. ZELINA  752 - VILA ZELINA  SÃO PAULO - SP  03143-000  BRASIL,São Paulo,,SP,BR,03143-000,-23.5899625,-46.576731,Health & Beauty,,4,bigquery,
DROGASIL,Drogasil,ChIJDxoBc_tnzpQR48Ek0tiH0Q4,AV. RIO DAS PEDRAS  1768 - 1770 - JARDIM ARICANDUVA  SÃO PAULO - SP  03452-100  BRASIL,São Paulo,,SP,BR,03452-100,-23.5694423,-46.50867,Health & Beauty,,4,bigquery,
DROGA RAIA,Droga Raia,ChIJE0RToWllVwERuhGhI8Wk1JY,R. NOVA CIDADE  344 - 350 - VILA OLÍMPIA  SÃO PAULO - SP  04547-001  BRASIL,São Paulo,,SP,BR,04547-001,-23.5992606,-46.6808775,Health & Beauty,,4,bigquery,
FARMÁCIA PAGUE MENOS,Farmácia Pague Menos,ChIJE4stLKmxnZMRbMAwKJ0vP3I,AV. HISTORIADOR RUBENS DE MENDONÇA  881 - ALVORADA  CUIABÁ - MT  78050-700  BRASIL,Cuiabá,,MT,BR,78050-700,-15.5899443,-56.0875923,Health & Beauty,,4,bigquery,
DROGA RAIA,Droga Raia,ChIJEVoicFxRzpQRATK2-ym0mCU,AV. WASHINGTON LUÍS  S/N - 1 - VILA CONGONHAS  SÃO PAULO - SP  04626-911  BRASIL,São Paulo,,SP,BR,04626-911,-23.6254039,-46.6609431,Health & Beauty,,4,bigquery,
DROGA RAIA,Droga Raia,ChIJEc41j7b5zpQR2LjFUeOEItA,AV. ITABERABA  1813 - NOSSA SRA. DO O  SÃO PAULO - SP  02734-000  BRASIL,São Paulo,,SP,BR,02734-000,-23.4865509,-46.6927758,Health & Beauty,,4,bigquery,
FARMÁCIA PAGUE MENOS,Farmácia Pague Menos,ChIJEfCQAVOwnZMRLKbEGVgd7n0,RUA DAS DALLAS RUA L UM 352 QUADRA 46 - JARDIM CUIABA  CUIABÁ - MT  78043-152  BRASIL,Cuiabá,,MT,BR,78043-152,-15.5947049,-56.1175157,Health & Beauty,,4,bigquery,
DROGASIL,Drogasil,ChIJEfuJ6uVQzpQRgKU0MEmPong,RUA ALEXANDRE DUMAS  920 - CHÁCARA SANTO ANTÔNIO  ZONA SUL   SÃO PAULO - SP  04717-001  BRASIL,São Paulo,,SP,BR,04717-001,-23.6339932,-46.7004992,Health & Beauty,,4,bigquery,
DROGASIL,Drogasil,ChIJExr1C4ZIxwcRGtFPo_rBLfo,AV. SENADOR VIRGÍLIO TÁVORA  1550 - ALDEOTA  FORTALEZA - CE  60170-078  BRASIL,Fortaleza,,CE,BR,60170-078,-3.739974,-38.4943075,Health & Beauty,,4,bigquery,
DROGASIL,Drogasil,ChIJF6Q4vF5PxwcRqBo92w0qk2k,R. JOSÉ HIPÓLITO  157 - MESSEJANA  FORTALEZA - CE  60871-170  BRASIL,Fortaleza,,CE,BR,60871-170,-3.8326653,-38.4937765,Health & Beauty,,4,bigquery,
FARMÁCIA PAGUE MENOS,Farmácia Pague Menos,ChIJF8mSYDewnZMRLaFA_n16Dvo,AV. ÉRICO GONÇALVES PREZA FILHO 551 - JARDIM ITÁLIA  CUIABÁ - MT  78060-755  BRASIL,Cuiabá,,MT,BR,78060-755,-15.6027051,-56.0575131,Health & Beauty,,4,bigquery,
DROGASIL,Drogasil,ChIJFWM4mbVfzpQRKhIp7hWv1Qk,AV. CANGAÍBA  2720 - LOJA A - CANGAIBA  SÃO PAULO - SP  03712-008  BRASIL,São Paulo,,SP,BR,03712-008,-23.5061044,-46.5295213,Health & Beauty,,4,bigquery,
DROGASIL,Drogasil,ChIJFcBY4PuxnZMRnvAu9qzs2Xs,AV. ISAAC PÓVOAS  S/N - GOIABEIRAS  CUIABÁ - MT  78032-015  BRASIL,Cuiabá,,MT,BR,78032-015,-15.5947963,-56.1025181,Health & Beauty,,4,bigquery,
DROGASIL,Drogasil,ChIJFf5gubJWzpQRrrK_Ri-eGF8,AV. JOSÉ GALANTE  600 - LOJA 2 - VILA MORUMBI  SÃO PAULO - SP  05642-001  BRASIL,São Paulo,,SP,BR,05642-001,-23.6209545,-46.7381409,Health & Beauty,,4,bigquery,
DROGASIL,Drogasil,ChIJFflBW2T4zpQRisuRMyX6c7Q,R. N. SRA. DA LAPA  171 - LAPA  SÃO PAULO - SP  05072-000  BRASIL,São Paulo,,SP,BR,05072-000,-23.521472,-46.7028746,Health & Beauty,,4,bigquery,
DROGARIA TOTAL SAÚDE,Drogaria Total,ChIJFy6GCTtMxwcR_7rTtawiaB0,R. MUCUNÃ  83 - VILA PERI  FORTALEZA - CE  60730-122  BRASIL,Fortaleza,,CE,BR,60730-122,-3.7855029,-38.5828076,Health & Beauty,,4,bigquery,
DROGASIL,Drogasil,ChIJG0yx2m5bzpQRX5S8vUeV86I,R. NOSSA SRA. DAS MERCÊS  1214 - 1218 A E 1218 B - VILA DAS MERCES  SÃO PAULO - SP  04165-011  BRASIL,São Paulo,,SP,BR,04165-011,-23.6281746,-46.6060695,Health & Beauty,,4,bigquery,
DROGA RAIA,Droga Raia,ChIJG3g3mcBQzpQRNEQ8xtJRPko,AV. MORUMBI  8360 - SANTO AMARO  SÃO PAULO - SP  04703-002  BRASIL,São Paulo,,SP,BR,04703-002,-23.6214339,-46.6901983,Health & Beauty,,4,bigquery,
FARMÁCIA PAGUE MENOS,Farmácia Pague Menos,ChIJG8Yq9GpYzpQRvVu-8NW76Sc,ALAMEDA BARÃO DE LIMEIRA  1038 - CAMPOS ELÍSEOS  SÃO PAULO - SP  01202-002  BRASIL,São Paulo,,SP,BR,01202-002,-23.5326612,-46.648943,Health & Beauty,,4,bigquery,
PANVEL FARMÁCIAS,Panvel,ChIJGU3QRdP5zpQRc7C2o8WvcGI,R. INOCÊNCIO TOBIAS  131 - PARQUE INDUSTRIAL TOMAS EDSON  SÃO PAULO - SP  01144-900  BRASIL,São Paulo,,SP,BR,01144-900,-23.5227812,-46.6731603,Health & Beauty,,4,bigquery,
DROGASIL,Drogasil,ChIJGU_nTGBUzpQR794Urhz-pSw,AV. PAULO AYRES  626 - SALÕES 2 E 3 - PARQUE PINHEIROS  TABOÃO DA SERRA - SP  06767-220  BRASIL,São Paulo,,SP,BR,06767-220,-23.6215467,-46.7849771,Health & Beauty,,4,bigquery,
DROGARIA ULTRAFARMA,Ultrafarma,ChIJG_clx335zpQR4rq4Y-i4Soo,AV. INAJAR DE SOUZA  446 - LIMÃO  SÃO PAULO - SP  02716-000  BRASIL,São Paulo,,SP,BR,02716-000,-23.5013039,-46.6865643,Health & Beauty,,4,bigquery,
DROGA RAIA,Droga Raia,ChIJGc3Re1xXzpQRYcM3cG6iako,R. JOÃO CACHOEIRA  732 - ITAIM BIBI  SÃO PAULO - SP  04535-002  BRASIL,São Paulo,,SP,BR,04535-002,-23.5865517,-46.6773563,Health & Beauty,,4,bigquery,
DROGASIL,Drogasil,ChIJGytyz5ePpJIRKozSGMOFCUc,RUA DOS MUNDURUCUS  1619 - 1623 - 1631 - 1643 - BATISTA CAMPOS  BELÉM - PA  66033-716  BRASIL,Belém,,PA,BR,66033-716,-1.4613266,-48.4901326,Health & Beauty,,4,bigquery,
DROGASIL,Drogasil,ChIJH10-nhBezpQRY98ejm-PrVQ,R. DONA MATILDE  391 - VILA MATILDE  SÃO PAULO - SP  03512-000  BRASIL,São Paulo,,SP,BR,03512-000,-23.5360839,-46.5258945,Health & Beauty,,4,bigquery,
DROGASIL,Drogasil,ChIJH1tcmC5OzpQRhStOlDcyUN8,AV. ATLÂNTICA  3755 - LOJA 2 - JARDIM GUARAPIRANGA  SÃO PAULO - SP  04772-004  BRASIL,São Paulo,,SP,BR,04772-004,-23.6963641,-46.714578,Health & Beauty,,4,bigquery,
DROGASIL,Drogasil,ChIJH51BbyBhzpQRU6Tw0jRZC9s,AV. ÁGUIA DE HAIA  3611 - JARDIM SORAIA  SÃO PAULO - SP  03889-100  BRASIL,São Paulo,,SP,BR,03889-100,-23.5143838,-46.4768674,Health & Beauty,,4,bigquery,
ULTRAFARMA PAES DE BARROS,Ultrafarma,ChIJHSSarpJZzpQRlh8IXohaFJ8,AV. PAES DE BARROS  120 - MOOCA  SÃO PAULO - SP  03114-000  BRASIL,São Paulo,,SP,BR,03114-000,-23.5565608,-46.600518,"drugstore,store,health,point_of_interest,establishment",,4,bigquery,
ULTRAFARMA POPULAR MOENDA VELHA,Ultrafarma,ChIJHcozs49TzpQRKBaldpPGcuQ,AV. DA MOENDA VELHA  473 - PARQUE INDEPENDENCIA  SÃO PAULO - SP  05880-330  BRASIL,São Paulo,,SP,BR,05880-330,-23.6878216,-46.7901626,"drugstore,health,store,point_of_interest,establishment",,4,bigquery,
DROGASIL,Drogasil,ChIJHxSF2v9TzpQRUSvV7ffidYg,AV. CÂNDIDO JOSÉ XAVIER  7 - 11 - 13 - JARDIM SANTO ANTÔNIO  SÃO PAULO - SP  05822-020  BRASIL,São Paulo,,SP,BR,05822-020,-23.6613029,-46.7543291,Health & Beauty,,4,bigquery,
ULTRAFARMA POPULAR - UNIDADE MARAJOARA,Ultrafarma,ChIJISQUMl9RzpQRQLw2Au600e8,AV. SARGENTO GERALDO SANT'ANA  594 - JARDIM MARAJOARA  SÃO PAULO - SP  04674-225  BRASIL,São Paulo,,SP,BR,04674-225,-23.6635986,-46.6852316,Health & Beauty,,4,bigquery,
DROGASIL,Drogasil,ChIJIUSrko5WzpQRIQaazLuMEmc,AV. ELISEU DE ALMEIDA  2888 - JARDIM PERI PERI  SÃO PAULO - SP  05533-000  BRASIL,São Paulo,,SP,BR,05533-000,-23.5892807,-46.734552,Health & Beauty,,4,bigquery,
DROGASIL,Drogasil,ChIJIUUWjpVJxwcRdCJwoJ5WXws,R. DES. PRAXEDES  650 - MONTESE  FORTALEZA - CE  60410-225  BRASIL,Fortaleza,,CE,BR,60410-225,-3.7614172,-38.5470938,Health & Beauty,,4,bigquery,
DROGA RAIA,Droga Raia,ChIJIY2MvflQzpQRg32ycFdxE_k,R. NOVE DE JULHO  34 - SANTO AMARO  SÃO PAULO - SP  04739-010  BRASIL,São Paulo,,SP,BR,04739-010,-23.6440402,-46.7011087,Health & Beauty,,4,bigquery,
DROGASIL,Drogasil,ChIJI_-smcJdzpQRoHs0U_5UQyo,AVENIDA SAPOPEMBA  R. CARVALHO DOS SANTOS  6047 - VILA  SÃO PAULO - SP  03374-001  BRASIL,São Paulo,,SP,BR,03374-001,-23.5844832,-46.5337339,Health & Beauty,,4,bigquery,
DROGARIA SÃO PAULO,Drogaria São Paulo,ChIJJ--LzxH5zpQRtD5PJiGfKHM,AV. PAULA FERREIRA  2885 - VILA PIRITUBA  SÃO PAULO - SP  02915-100  BRASIL,São Paulo,,SP,BR,02915-100,-23.4889266,-46.7196476,Health & Beauty,,4,bigquery,
PANVEL FARMÁCIAS,Panvel,ChIJJ1d4-E9RzpQReMtcf4KGqMU,AV. GIOVANNI GRONCHI  5930 - LOJAS 5 E 6 - VILA ANDRADE  SÃO PAULO - SP  05724-002  BRASIL,São Paulo,,SP,BR,05724-002,-23.6277019,-46.7359191,Health & Beauty,,4,bigquery,
DROGA RAIA,Droga Raia,ChIJJWD_1DVazpQRcTkOoGdMHec,R. DOMINGOS DE MORAIS  3123 - VILA MARIANA  SÃO PAULO - SP  04035-001  BRASIL,São Paulo,,SP,BR,04035-001,-23.6038379,-46.6364969,Health & Beauty,,4,bigquery,
DROGARIA FIBERSAL,Drogaria Fibersal,ChIJJW_DYkhYzpQRg4MPJTVWN0Q,R. DR. CESÁRIO MOTA JÚNIOR  278 - VILA BUARQUE  SÃO PAULO - SP  01221-020  BRASIL,São Paulo,,SP,BR,01221-020,-23.5442671,-46.6490057,Health & Beauty,,4,bigquery,
DROGA RAIA,Droga Raia,ChIJJWbzmtpfzpQRLOyuaKfb7Ag,RUA EMILIA MARENGO  AV. REG. FEIJÓ  428  SÃO PAULO - SP  03336-000  BRASIL,São Paulo,,SP,BR,03336-000,-23.553332,-46.5632537,Health & Beauty,,4,bigquery,
DROGARIA SÃO PAULO,Drogaria São Paulo,ChIJK4sHN7j5zpQR3_D7q36QQ9s,R. PARAPUÃ  400 - ITABERABA  SÃO PAULO - SP  02831-000  BRASIL,São Paulo,,SP,BR,02831-000,-23.481075,-46.6917805,Health & Beauty,,4,bigquery,
DROGASIL,Drogasil,ChIJK6CVx_JTzpQR6WVRQPYquuw,ESTR. DO CAMPO LIMPO  459 - EUC 282 - 283 - CAMPO LIMPO  SÃO PAULO - SP  05777-001  BRASIL,São Paulo,,SP,BR,05777-001,-23.6495485,-46.7573709,Health & Beauty,,4,bigquery,
FARMÁCIA PAGUE MENOS,Farmácia Pague Menos,ChIJK8QGipiOpJIRvnn-4IldGpk,R. ANTÔNIO BARRETO  186 - UMARIZAL  BELÉM - PA  66055-050  BRASIL,Belém,,PA,BR,66055-050,-1.4458092,-48.4863988,Health & Beauty,,4,bigquery,
ULTRAFARMA 24 HORAS,Ultrafarma,ChIJKTaVOq5VzpQREuREaiZIHNM,ESTR. DO CAMPO LIMPO  4277 - VILA PIRAJUSSARA  SÃO PAULO - SP  BRASIL,São Paulo,,SP,BR,,-23.6259303,-46.7658948,"pharmacy,health,point_of_interest,store,establishment",,4,bigquery,
DROGA RAIA,Droga Raia,ChIJKVDrkLVQzpQRh_A5IMean6E,AV. PADRE ANTÔNIO JOSÉ DOS SANTOS  1230 - CIDADE MONÇÕES  SÃO PAULO - SP  04564-004  BRASIL,São Paulo,,SP,BR,04564-004,-23.6081662,-46.6889361,Health & Beauty,,4,bigquery,
DROGASIL,Drogasil,ChIJL-Klw6pZzpQR-mCTh14KOjY,R. DIREITA  64 - 66 - SÉ  SÃO PAULO - SP  01002-000  BRASIL,São Paulo,,SP,BR,01002-000,-23.5486545,-46.6343546,Health & Beauty,,4,bigquery,
ULTRAFARMA TRÊS MARIAS,Ultrafarma,ChIJL5MuPrFTzpQR8o57WqHJWQs,RUA DAS TRÊS MARIAS  815 - PARQUE NOVO SANTO AMARO  SÃO PAULO - SP  05874-180  BRASIL,São Paulo,,SP,BR,05874-180,-23.7008757,-46.789229,"drugstore,health,point_of_interest,store,establishment",,4,bigquery,
DROGASIL,Drogasil,ChIJL7IVdqhezpQRBiM3pgTdubI,R. TERESINA  253 - VILA BERTIOGA  SÃO PAULO - SP  03158-010  BRASIL,São Paulo,,SP,BR,03158-010,-23.5618316,-46.5829904,Health & Beauty,,4,bigquery,
DROGASIL,Drogasil,ChIJL9Nn4apXzpQRK6qe66gDaqo,R. PIRAJUSSARA  480 - 484 - BUTANTÃ  SÃO PAULO - SP  05501-020  BRASIL,São Paulo,,SP,BR,05501-020,-23.5712539,-46.7076715,Health & Beauty,,4,bigquery,
ULTRAFARMA,Ultrafarma,ChIJLRQinlVfzpQRDkCmUXumdxw,AV. GUILHERME COTCHING  1909 - VILA MARIA  SÃO PAULO - SP  02113-017  BRASIL,São Paulo,,SP,BR,02113-017,-23.5133839,-46.5860512,"drugstore,health,point_of_interest,store,establishment",,4,bigquery,
DROGASIL,Drogasil,ChIJLUsLI2FRzpQR7TPyVaVJKEE,AV. DAS NAÇÕES UNIDAS  16741 - VILA MORUMBI  SÃO PAULO - SP  04794-000  BRASIL,São Paulo,,SP,BR,04794-000,-23.6272751,-46.7167849,Health & Beauty,,4,bigquery,
DROGA RAIA,Droga Raia,ChIJLWqQQw75zpQRdxUJf8DpL2s,AV. BENEDITO ANDRADE  358 - JARDIM SAO JOSE  SÃO PAULO - SP  02936-000  BRASIL,São Paulo,,SP,BR,02936-000,-23.4877082,-46.7171887,Health & Beauty,,4,bigquery,
DROGARIA SÃO PAULO,Drogaria São Paulo,ChIJLYeikSVVzpQRFnhXW9GapH4,AV. CARLOS LACERDA  30 - VILA PIRAJUSSARA  SÃO PAULO - SP  05789-000  BRASIL,São Paulo,,SP,BR,05789-000,-23.6341405,-46.7750632,Health & Beauty,,4,bigquery,
DROGARIA LIDERANÇA,Drogaria Liderança,ChIJLcShL6exnZMR1mQWjk1Mffo,R. POXORÉO  570 - ALVORADA  CUIABÁ - MT  78048-600  BRASIL,Cuiabá,,MT,BR,78048-600,-15.5805307,-56.0856796,Health & Beauty,,4,bigquery,
DROGA RAIA,Droga Raia,ChIJLxkiFuhRzpQRiwJ7oOKC_7A,RUA CONDE DE ITU  697 - JARDIM SANTO AMARO  SÃO PAULO - SP  04741-001  BRASIL,São Paulo,,SP,BR,04741-001,-23.6491563,-46.6988728,Health & Beauty,,4,bigquery,
FARMÁCIA PAGUE MENOS,Farmácia Pague Menos,ChIJM3IZZa-xnZMRDgV_mHY5odw,AV. HISTORIADOR RUBENS DE MENDONÇA  1603 - ALVORADA  CUIABÁ - MT  78050-000  BRASIL,Cuiabá,,MT,BR,78050-000,-15.5844619,-56.0801786,Health & Beauty,,4,bigquery,
DROGA RAIA,Droga Raia,ChIJMSh0yvb3zpQRnLHZJ3UpyW0,PRAÇA DELEGADO AMOROSO NETO  9 - JARDIM DAS LARANJEIRAS  SÃO PAULO - SP  02518-050  BRASIL,São Paulo,,SP,BR,02518-050,-23.5085923,-46.6659819,Health & Beauty,,4,bigquery,
DROGASIL,Drogasil,ChIJMVixCC_4zpQRqFlKsTSjCt8,AV. GASPAR VAZ DA CUNHA  52 - VILA PRADO  SÃO PAULO - SP  02559-010  BRASIL,São Paulo,,SP,BR,02559-010,-23.4945557,-46.677438,Health & Beauty,,4,bigquery,
DROGASIL,Drogasil,ChIJMVoNS0RRzpQRK8LLI-albLg,AV. SANTO AMARO  6919 - 6921 - ALTO DA BOA VISTA  SÃO PAULO - SP  04701-200  BRASIL,São Paulo,,SP,BR,04701-200,-23.6411871,-46.6986261,Health & Beauty,,4,bigquery,
DROGASIL,Drogasil,ChIJMbE3j6KPpJIRccqwmOflBE0,AV. SEN. LEMOS  529 - UMARIZAL  BELÉM - PA  66050-000  BRASIL,Belém,,PA,BR,66050-000,-1.4385087,-48.4885864,Health & Beauty,,4,bigquery,
DROGA RAIA,Droga Raia,ChIJN3XU7HNZzpQRvxdsPvj7YC8,RUA MUNIZ DE SOUSA  565 - ACLIMAÇÃO  SÃO PAULO - SP  01534-000  BRASIL,São Paulo,,SP,BR,01534-000,-23.5680808,-46.6263001,Health & Beauty,,4,bigquery,
ULTRAFARMA - LAGEADO,Ultrafarma,ChIJN9A9IVdkzpQRifoc5BQ7FRA,ESTR. DO LAGEADO VELHO  434 - GUAIANASES  SÃO PAULO - SP  08451-000  BRASIL,São Paulo,,SP,BR,08451-000,-23.5371069,-46.4046873,"drugstore,pharmacy,health,store,point_of_interest,establishment",,4,bigquery,
ULTRAFARMA POPULAR - UNIDADE SÃO JUDAS,Ultrafarma,ChIJN9p4-VdazpQRW8Z06t4LmEY,AV. JABAQUARA  2504 - MIRANDÓPOLIS  SÃO PAULO - SP  04045-004  BRASIL,São Paulo,,SP,BR,04045-004,-23.6262383,-46.641352,Health & Beauty,,4,bigquery,
DROGARIA SÃO PAULO,Drogaria São Paulo,ChIJNQ-vrthjzpQR4-wcvLh9fAk,AVENIDA MARECHAL TITO  734 - SÃO MIGUEL PAULISTA  SÃO PAULO - SP  08010-090  BRASIL,São Paulo,,SP,BR,08010-090,-23.4943919,-46.4389973,Health & Beauty,,4,bigquery,
SBLOG,Sblog,ChIJNZonegGMpJIR_xz7bLPrBVo,"AV. PEDRO MIRANDA, 744 - PEDREIRA, BELÉM - PA, 66085-005",Belém,,PA,BR,66085-005,-1.4326358,-48.4749044,"pharmacy, wholesaler",,4,bigquery,
ULTRAFARMA POPULAR JARDIM CAPELA,Ultrafarma,ChIJNb6PQlFNzpQReFSNKJvjwzc,ESTRADA DO M'BOI MIRIM  9881 - JARDIM CAPELA  SÃO PAULO - SP  04960-010  BRASIL,São Paulo,,SP,BR,04960-010,-23.7283079,-46.7859569,"drugstore,health,store,point_of_interest,establishment",,4,bigquery,
DROGARIA SÃO PAULO,Drogaria São Paulo,ChIJO1utOzBazpQRGvvY7eXpK4I,"RUA PEDRO DE TOLEDO, 763 - VILA CLEMENTINO, SÃO PAULO - SP, 04039-000",São Paulo,,SP,BR,04039-000,-23.5988483,-46.6397555,Health & Beauty,,4,bigquery,
DROGASIL,Drogasil,ChIJO8Nn9uSNpJIRxDcBDqwBMrI,AV. CEARÁ  434 - CANUDOS  BELÉM - PA  66070-080  BRASIL,Belém,,PA,BR,66070-080,-1.4479044,-48.46174,Health & Beauty,,4,bigquery,
DROGASIL,Drogasil,ChIJO9OgSA5azpQRQ1GNsf5Gy6w,AV. JURUCÊ  332 - INDIANÓPOLIS  SÃO PAULO - SP  04080-011  BRASIL,São Paulo,,SP,BR,04080-011,-23.6085732,-46.6624897,Health & Beauty,,4,bigquery,
IMIFARMA,Imifarma,ChIJOV3mvL2OpJIRPJEW6y8TeG8,"R. GASPAR VIANA, 1196-1398 - CAMPINA, BELÉM - PA, 66010-060",Belém,,PA,BR,66010-060,-1.4440933,-48.4919391,"pharmacy, wholesaler",,4,bigquery,
ULTRAFARMA POPULAR PANAMERICANO,Ultrafarma,ChIJOXdR-vn7zpQRWEGBTPqm6OA,R. FRIEDRICH VON VOITH  27 - PARQUE NAÇÕES UNIDAS  SÃO PAULO - SP  02995-000  BRASIL,São Paulo,,SP,BR,02995-000,-23.4486385,-46.7350621,"pharmacy,health,store,point_of_interest,establishment",,4,bigquery,
DROGASIL,Drogasil,ChIJObBv15JTzpQR7I781p6-hyQ,ESTRADA DO M'BOI MIRIM  4780 - PARQUE DO LAGO  SÃO PAULO - SP  04905-010  BRASIL,São Paulo,,SP,BR,04905-010,-23.683881,-46.7702531,Health & Beauty,,4,bigquery,
ULTRAFARMA GRAJAÚ,Ultrafarma,ChIJOyAZgcpPzpQRa4Gc-dMFBYU,AV. DONA BELMIRA MARIN  1049 - GRAJAÚ  SÃO PAULO - SP  04846-010  BRASIL,São Paulo,,SP,BR,04846-010,-23.7392017,-46.6914328,"pharmacy,point_of_interest,health,store,establishment",,4,bigquery,
FARMÁCIA DE MANIPULAÇÃO NAVITAE,Farmácia De Manipulação Navitae,ChIJOyDftYlIxwcR-_BGyjDv6FU,AVENIDA SANTOS DUMONT  3000 LOJAS 14 E 15 - ALDEOTA  FORTALEZA - CE  60150-162  BRASIL,Fortaleza,,CE,BR,60150-162,-3.7368651,-38.4982721,"pharmacy,health,point_of_interest,store,establishment",,4,bigquery,
ULTRAFARMA POPULAR,Ultrafarma,ChIJOyR1H5lXzpQRAteFzHFpU3E,R. HEITOR PENTEADO  1244 - SUMARÉ  SÃO PAULO - SP  05438-100  BRASIL,São Paulo,,SP,BR,05438-100,-23.5465191,-46.6903707,Health & Beauty,,4,bigquery,
DROGASIL,Drogasil,ChIJP1Fo4oaxnZMRVOw4cP0hUYo,R. TEN. ALCÍDES DUARTE DE SOUZA  461 - DUQUE DE CAXIAS  CUIABÁ - MT  78043-300  BRASIL,Cuiabá,,MT,BR,78043-300,-15.5886376,-56.1106466,Health & Beauty,,4,bigquery,
Ultrafarma,Ultrafarma,ChIJPQt0teVXzpQRVqRvNoCmMKU,"R. Boturoca, 31 - Vila Indiana, São Paulo - SP, 05586-010, Brazil",São Paulo,,SP,BR,05586010,-23.5739859,-46.7275366,"drugstore,health,store,point_of_interest,establishment",,4,bigquery,"{""source"":""google_places_augment"",""types"":[""drugstore"",""health"",""store"",""point_of_interest"",""establishment""],""rating"":4}"
Drogasil,Drogasil,ChIJPTOJdMpezpQRFo05OEF-2KA,"R. Tobias Barreto, 735 - Loja 17 e Loja 18 - Mooca, São Paulo - SP, 03176-000, Brazil",São Paulo,,SP,BR,03176000,-23.5517432,-46.5904382,"pharmacy,health,point_of_interest,store,establishment",,4,bigquery,"{""source"":""google_places_augment"",""types"":[""pharmacy"",""health"",""point_of_interest"",""store"",""establishment""],""rating"":4}"
DROGARIA SÃO PAULO - SHOPPING VILLA LOBOS,Drogaria São Paulo - Shopping Villa Lobos,ChIJPZpaCDtWzpQRDegx_P_rTFg,AV. DAS NAÇÕES UNIDAS  4777 - PINHEIROS  SÃO PAULO - SP  05310-000  BRASIL,São Paulo,,SP,BR,05310-000,-23.550893,-46.721833,Health & Beauty,,4,bigquery,
DROGA RAIA,Droga Raia,ChIJP_XCqspXzpQR9lmJ2X__YKY,PRAÇA PANAMERICANA  57 - ALTO DE PINHEIROS  SÃO PAULO - SP  05461-000  BRASIL,São Paulo,,SP,BR,05461-000,-23.5548654,-46.7091386,Health & Beauty,,4,bigquery,
DROGASIL,Drogasil,ChIJP_f_lIpJxwcRwRwQ-7mpD_o,AV. TREZE DE MAIO  1948 - FÁTIMA  FORTALEZA - CE  60040-530  BRASIL,Fortaleza,,CE,BR,60040-530,-3.7444058,-38.5348383,Health & Beauty,,4,bigquery,
DROGASIL,Drogasil,ChIJQ-d0C0lazpQRz8P9TMvcsPE,"AV. JABAQUARA, 586 - 592 - MIRANDÓPOLIS, SÃO PAULO - SP, 04046-000",São Paulo,,SP,BR,04046-000,-23.6092916,-46.6383042,Health & Beauty,,4,bigquery,
ULTRAFARMA POPULAR - UNIDADE VILA NOVA CACHOEIRINHA,Ultrafarma,ChIJQ1IfFM33zpQRZCTmAAsxf3M,AV. INAJAR DE SOUZA  5680 - JARDIM CECY  SÃO PAULO - SP  02861-190  BRASIL,São Paulo,,SP,BR,02861-190,-23.4670682,-46.6700447,Health & Beauty,,4,bigquery,
DROGARIA BOA ESPERANÇA,Drogaria Boa Esperança,ChIJQ3TTkf6knZMRz09UYi1dOMk,AVENIDA BRASIL - S/N QD 68 LT 9  MT  78055-508  BRASIL,Cuiabá,,MT,BR,78055-508,-15.6366653,-55.9768832,Health & Beauty,,4,bigquery,
ULTRAFARMA POPULAR,Ultrafarma,ChIJQ6u9Edn5zpQRolZOesbLNuY,AV. MANDAQUI  008 - LIMÃO  SÃO PAULO - SP  02550-000  BRASIL,São Paulo,,SP,BR,02550-000,-23.5055924,-46.6727371,Health & Beauty,,4,bigquery,
DROGA RAIA,Droga Raia,ChIJQ8myLdRZzpQRZoLWCWrLgck,R. OSCAR FREIRE  733 - CERQUEIRA CÉSAR  SÃO PAULO - SP  01426-003  BRASIL,São Paulo,,SP,BR,01426-003,-23.5640946,-46.6679992,Health & Beauty,,4,bigquery,
DROGA RAIA,Droga Raia,ChIJQVL4dfBezpQRLRZXWm4YwZ4,AV. CELSO GARCIA  5100 - TATUAPÉ  SÃO PAULO - SP  03064-000  BRASIL,São Paulo,,SP,BR,03064-000,-23.5330247,-46.5628158,Health & Beauty,,4,bigquery,
DROGA RAIA,Droga Raia,ChIJQb1knxH_zpQRjZHhxPKE25g,AV. PRES. ALTINO  739 - JAGUARÉ  SÃO PAULO - SP  05323-001  BRASIL,São Paulo,,SP,BR,05323-001,-23.5514823,-46.74864,Health & Beauty,,4,bigquery,
DROGA RAIA,Droga Raia,ChIJQehIr7RWzpQRx9haPf0unR8,AV. GIOVANNI GRONCHI  5111 - VILA ANDRADE  SÃO PAULO - SP  05724-003  BRASIL,São Paulo,,SP,BR,05724-003,-23.6199248,-46.7329086,Health & Beauty,,4,bigquery,
FARMAFÓRMULA - FARMÁCIA DE MANIPULAÇÃO,Farmafórmula - Farmácia De Manipulação,ChIJQeoo8x9JxwcRLoeKft7tR60,AV. TREZE DE MAIO  1016 - FÁTIMA  FORTALEZA - CE  60040-530  BRASIL,Fortaleza,,CE,BR,60040-530,-3.7499559,-38.5282411,"pharmacy,health,store,point_of_interest,establishment",,4,bigquery,
IMPHÉRIO FARMA,Imphério Farma,ChIJR2SHAv6vnZMRFekdD68qsuc,DROGARIA   FARMÁCIA   MEDICAMENTOS REMÉDIO   SUPLEMENTOS   PRODUTOS NATURAIS INJEÇÃO   ASSISTÊNCIA FARMACÊUTICA - AV. DAS PALMEIRAS  40 - JARDIM IMPERIAL  CUIABÁ - MT  78075-850  BRASIL,Cuiabá,,MT,BR,78075-850,-15.6095494,-56.0299055,"drugstore,pharmacy,clothing_store,health,point_of_interest,store,establishment",,4,bigquery,
DROGARIA SAÚDE,Drogaria Saúde,ChIJR56YzFevnZMRn7ASCx-2i-4,PARQUE CUIABA  CUIABÁ - MT  78095-372  BRASIL,Cuiabá,,MT,BR,78095-372,-15.6617675,-56.0431143,Health & Beauty,,4,bigquery,
DROGARIA SÃO PAULO,Drogaria São Paulo,ChIJR8fKBDRfzpQR-fyRxVBYJw4,AV. GUILHERME COTCHING  1360 - VILA MARIA  SÃO PAULO - SP  02113-012  BRASIL,São Paulo,,SP,BR,02113-012,-23.517529,-46.58878,Health & Beauty,,4,bigquery,
FARMÁCIA PAGUE MENOS,Farmácia Pague Menos,ChIJR9Lac6GvnZMRCQdVis76AZY,AV. CARMINDO DE CAMPOS - JARDIM PETROPOLIS  CUIABÁ - MT  78070-000  BRASIL,Cuiabá,,MT,BR,78070-000,-15.6196019,-56.0678898,Health & Beauty,,4,bigquery,
DROGA RAIA,Droga Raia,ChIJRYcqYxVPzpQRQ_hN9ZLUD3Y,AV. DONA BELMIRA MARIN  1036 - 1040 - CAPELA DO SOCORRO  SÃO PAULO - SP  04846-000  BRASIL,São Paulo,,SP,BR,04846-000,-23.7394818,-46.6918,Health & Beauty,,4,bigquery,
DROGASIL,Drogasil,ChIJRaBB8exVzpQRfktqyM691nc,AV. ENG. HEITOR ANTÔNIO EIRAS GARCIA  4550 - JARDIM ESMERALDA  SÃO PAULO - SP  05564-100  BRASIL,São Paulo,,SP,BR,05564-100,-23.5894904,-46.7716112,Health & Beauty,,4,bigquery,
Drogasil,Drogasil,ChIJRaV_Sw__zpQRmdhWVmMNYXs,"Av. dos Remédios, 900 - Vila dos Remedios, São Paulo - SP, 05107-001, Brazil",São Paulo,,SP,BR,05107001,-23.5168173,-46.753344999999996,"pharmacy,health,store,point_of_interest,establishment",,4,bigquery,"{""source"":""google_places_augment"",""types"":[""pharmacy"",""health"",""store"",""point_of_interest"",""establishment""],""rating"":4}"
DROGASIL,Drogasil,ChIJRbmI0tthzpQRtmE62PYE_8c,AV. PIRES DO RIO  770 - ANEXO 772 - VILA AMERICANA  SÃO PAULO - SP  08020-000  BRASIL,São Paulo,,SP,BR,08020-000,-23.5031703,-46.4428808,Health & Beauty,,4,bigquery,
DROGASIL,Drogasil,ChIJRd1tAlVQzpQRwPz3xRvSV5k,PRAÇA FLORIANO PEIXOTO  18 - SANTO AMARO  SÃO PAULO - SP  04751-030  BRASIL,São Paulo,,SP,BR,04751-030,-23.6519441,-46.7070985,Health & Beauty,,4,bigquery,
DROGASIL,Drogasil,ChIJRwrNPUJRzpQRFRbLFHMZYDg,R. NOVA YORK  528 - 536 - BROOKLIN  SÃO PAULO - SP  04560-001  BRASIL,São Paulo,,SP,BR,04560-001,-23.613579,-46.6830335,Health & Beauty,,4,bigquery,
DROGASIL,Drogasil,ChIJRyI42QNnzpQRdlqeR_05v-c,AV. SAPOPEMBA  11180 - JARDIM PLANALTO  SÃO PAULO - SP  03988-000  BRASIL,São Paulo,,SP,BR,03988-000,-23.6149373,-46.5013692,Health & Beauty,,4,bigquery,
DROGA RAIA,Droga Raia,ChIJS3CU84NezpQR1Z-XGHopzyE,R. ELEONORA CINTRA  500 - JARDIM ANALIA FRANCO  SÃO PAULO - SP  03337-000  BRASIL,São Paulo,,SP,BR,03337-000,-23.556295,-46.5605628,Health & Beauty,,4,bigquery,
DROGA RAIA,Droga Raia,ChIJS3f_WcZRzpQRegzDTsbYVWw,R. DEMÓSTENES  755 - CAMPO BELO  SÃO PAULO - SP  04614-013  BRASIL,São Paulo,,SP,BR,04614-013,-23.6173377,-46.6723112,Health & Beauty,,4,bigquery,
DROGASIL,Drogasil,ChIJS3u2wlRgzpQRku_X2q1SO70,AV. PARANAGUÁ  1684 - 1690 LOJA A - SUBPREFEITURA DE ERMELINO MATARAZZO  SÃO PAULO - SP  03806-000  BRASIL,São Paulo,,SP,BR,03806-000,-23.4912851,-46.4787766,Health & Beauty,,4,bigquery,
DROGARIA SÃO PAULO,Drogaria São Paulo,ChIJSRBSAklZzpQR9-S_UW724Vs,AV. PAES DE BARROS  306 - MOOCA  SÃO PAULO - SP  03114-000  BRASIL,São Paulo,,SP,BR,03114-000,-23.5582297,-46.6005894,Health & Beauty,,4,bigquery,
DROGASIL,Drogasil,ChIJTaHk4mJhzpQRa3BrMOA4mJQ,RUA MIGUEL ÂNGELO LAPENA  17 - SÃO MIGUEL PAULISTA  SÃO PAULO - SP  08010-040  BRASIL,São Paulo,,SP,BR,08010-040,-23.493165,-46.4418465,Health & Beauty,,4,bigquery,
DROGA RAIA,Droga Raia,ChIJTcIU_zFazpQRqopgGkWqX8w,R. DOMINGOS DE MORAIS  2350 - VILA CLEMENTINO  SÃO PAULO - SP  04036-000  BRASIL,São Paulo,,SP,BR,04036-000,-23.5968881,-46.6369847,Health & Beauty,,4,bigquery,
ULTRAFARMA POPULAR JARDIM GUAIRACA,Ultrafarma,ChIJU1oU23RdzpQRPFFEhSi8s8I,AV. DO ORATÓRIO  4260 - JARDIM GUAIRACA  SÃO PAULO - SP  03220-200  BRASIL,São Paulo,,SP,BR,03220-200,-23.6015853,-46.5331165,"health,point_of_interest,establishment",,4,bigquery,
FARMÁCIAS REDEMED,Farmácias Redemed,ChIJUUM22BxJxwcRM5r7XujT-XY,R. BARÃO DE ARATANHA  1088 - FÁTIMA  FORTALEZA - CE  60050-071  BRASIL,Fortaleza,,CE,BR,60050-071,-3.7428783,-38.5298375,"drugstore,pharmacy,store,health,point_of_interest,establishment",,4,bigquery,
DROGARIA ATIVA,Drogaria Ativa,ChIJUWgnEZyxnZMR0eNNUMXd5G8,AV. SÃO SEBASTIÃO  3623 - DESPRAIADO  CUIABÁ - MT  78048-006  BRASIL,Cuiabá,,MT,BR,78048-006,-15.5848433,-56.0983652,Health & Beauty,,4,bigquery,
Droga Raia,Droga Raia,ChIJUaRusDhXzpQR2HiXA-_9ilE,"Av. Corifeu de Azevedo Marques, 950 - Loja A - Butantã, São Paulo - SP, 05582-000, Brazil",São Paulo,,SP,BR,05582000,-23.5723296,-46.7234111,"pharmacy,drugstore,health,point_of_interest,store,establishment",,4,bigquery,"{""source"":""google_places_augment"",""types"":[""pharmacy"",""drugstore"",""health"",""point_of_interest"",""store"",""establishment""],""rating"":4}"
FARMÁCIA PAGUE MENOS,Farmácia Pague Menos,ChIJUblOIpCxnZMRG-wtldYA0K8,AV. PRES. GETÚLIO VARGAS  1039 - GOIABEIRAS  CUIABÁ - MT  78032-000  BRASIL,Cuiabá,,MT,BR,78032-000,-15.5930221,-56.1026056,Health & Beauty,,4,bigquery,
DROGARIA SÃO PAULO,Drogaria São Paulo,ChIJUcmfTRRPzpQRfkgwmpBG82Y,AV. DONA BELMIRA MARIN  800 - 940 E 960 - PARQUE BRASIL  SÃO PAULO - SP  04846-000  BRASIL,São Paulo,,SP,BR,04846-000,-23.7376794,-46.6929983,Health & Beauty,,4,bigquery,
DROGASIL,Drogasil,ChIJUdtRzENJxwcRpTYn4m5XU7M,AV. FRANCISCO SÁ  2670 - JACARECANGA  FORTALEZA - CE  60310-000  BRASIL,Fortaleza,,CE,BR,60310-000,-3.7199952,-38.5491386,Health & Beauty,,4,bigquery,
DROGARIA SÃO PAULO,Drogaria São Paulo,ChIJV2EYLcddzpQRq0498AoiAB8,AV. RENATA  60 - CHÁCARA BELENZINHO  SÃO PAULO - SP  03377-000  BRASIL,São Paulo,,SP,BR,03377-000,-23.5708313,-46.5405225,Health & Beauty,,4,bigquery,
FARMÁCIAS DROGAFOR,Farmácias Drogafor,ChIJV5JSTbpJxwcRgq2av9UkUeA,R. GUILHERME ROCHA  1600 - JACARECANGA  FORTALEZA - CE  60010-270  BRASIL,Fortaleza,,CE,BR,60010-270,-3.7229016,-38.5401569,"pharmacy,store,health,point_of_interest,establishment",,4,bigquery,
ULTRAFARMA VILA GUILHERME,Ultrafarma,ChIJV6ffVLlYzpQRsoVhiVHOSLU,"Av. Joaquina Ramalho, 146 - Vila Guilherme, São Paulo - SP, 02065-000, Brazil",São Paulo,,SP,BR,02065000,-23.5153529,-46.6077332,"drugstore,pharmacy,store,point_of_interest,health,establishment",,4,bigquery,"{""source"":""google_places_augment"",""types"":[""drugstore"",""pharmacy"",""store"",""point_of_interest"",""health"",""establishment""],""rating"":4}"
DROGA RAIA,Droga Raia,ChIJV8otAjpezpQREZ49QXldcyA,AV. AMADOR BUENO DA VEIGA  1586 - LOJA A - PENHA DE FRANÇA  SÃO PAULO - SP  03636-100  BRASIL,São Paulo,,SP,BR,03636-100,-23.5220586,-46.5300754,Health & Beauty,,4,bigquery,
DROGA RAIA,Droga Raia,ChIJVVUa_ypXzpQRlC3jRxMKSW4,R. BARÃO DE MELGAÇO  214 - 220 - 226 - REAL PARQUE  SÃO PAULO - SP  05684-030  BRASIL,São Paulo,,SP,BR,05684-030,-23.6090573,-46.7070532,Health & Beauty,,4,bigquery,
FARMÁCIA PAGUE MENOS,Farmácia Pague Menos,ChIJVVVFn5mOpJIREeIPtm_HjVo,AV. VISC. DE SOUZA FRANCO  1185 - UMARIZAL  BELÉM - PA  66053-000  BRASIL,Belém,,PA,BR,66053-000,-1.4412586,-48.4937212,Health & Beauty,,4,bigquery,
DROGARAIA,Droga Raia,ChIJVVWRczRfzpQRK5Gx9HArOhE,AV. GUILHERME COTCHING  1251 - VILA MARIA  SÃO PAULO - SP  02113-013  BRASIL,São Paulo,,SP,BR,02113-013,-23.5182148,-46.5898054,"drugstore,health,store,point_of_interest,establishment",,4,bigquery,
DROGARIA SÃO PAULO,Drogaria São Paulo,ChIJVVX5IYb2zpQRtfJclmIL40w,AV. CEL. SEZEFREDO FAGUNDES  2483 - TUCURUVI  SÃO PAULO - SP  02306-003  BRASIL,São Paulo,,SP,BR,02306-003,-23.4571453,-46.6028231,Health & Beauty,,4,bigquery,
Drogasil,Drogasil,ChIJVXzlDaNQzpQRclGdWFlscec,"Av. Santo Amaro, 3744 - A 3784 Piso Terreo - Brooklin, São Paulo - SP, 04556-400, Brazil",São Paulo,,SP,BR,04556400,-23.616597799999997,-46.6808246,"pharmacy,health,point_of_interest,store,establishment",,4,bigquery,"{""source"":""google_places_augment"",""types"":[""pharmacy"",""health"",""point_of_interest"",""store"",""establishment""],""rating"":4}"
DROGA RAIA,Droga Raia,ChIJVbt-D0b4zpQRxV54d7iVjmg,R. BONIFÁCIO CUBAS  18 - VILA ALBERTINA  SÃO PAULO - SP  02731-000  BRASIL,São Paulo,,SP,BR,02731-000,-23.50269,-46.6942187,Health & Beauty,,4,bigquery,
ULTRAFARMA POPULAR UNIDADE FARIA LIMA,Ultrafarma,ChIJVd7aGqxXzpQR7BBLvsKvlpE,AV. BRG. FARIA LIMA  1572 - PINHEIROS  SÃO PAULO - SP  01451-001  BRASIL,São Paulo,,SP,BR,01451-001,-23.5715291,-46.6908115,"pharmacy,health,store,point_of_interest,establishment",,4,bigquery,
DROGASIL,Drogasil,ChIJW2PCOIlIxwcR9sz21N4wslU,AV. DESEMBARGADOR MOREIRA  695 - 707 - MEIRELES  FORTALEZA - CE  60170-055  BRASIL,Fortaleza,,CE,BR,60170-055,-3.7320642,-38.4968389,Health & Beauty,,4,bigquery,
DROGA RAIA,Droga Raia,ChIJW3d4EpxazpQRvLNZKzkuKHQ,AV. MASCOTE  427 - VILA MASCOTE  SÃO PAULO - SP  04363-000  BRASIL,São Paulo,,SP,BR,04363-000,-23.6487751,-46.6662914,Health & Beauty,,4,bigquery,
DROGA RAIA,Droga Raia,ChIJW7DAqHdazpQRTi3C_nakHHQ,R. CRISTÓVÃO PEREIRA  1533 - CAMPO BELO  SÃO PAULO - SP  04620-012  BRASIL,São Paulo,,SP,BR,04620-012,-23.6247579,-46.6681904,Health & Beauty,,4,bigquery,
DROGASIL,Drogasil,ChIJW7b_X9ZZzpQRihr_pntxQEo,R. AUGUSTA  2899 - CERQUEIRA CÉSAR  SÃO PAULO - SP  01413-100  BRASIL,São Paulo,,SP,BR,01413-100,-23.5658057,-46.6681202,Health & Beauty,,4,bigquery,
DROGA RAIA,Droga Raia,ChIJW82y9V9XzpQRAMH5SF9LC5s,AV. SÃO GABRIEL  281 - JARDIM PAULISTA  SÃO PAULO - SP  01435-001  BRASIL,São Paulo,,SP,BR,01435-001,-23.5808232,-46.6708558,Health & Beauty,,4,bigquery,
DROGA RAIA,Droga Raia,ChIJWQcN1-VbzpQRfTqKKC6GlSw,ESQUINA - RUA BOM PASTOR  R. LIMA E SILVA  28 - 2133 CONJUNTO - IPIRANGA  SÃO PAULO - SP  04203-052  BRASIL,São Paulo,,SP,BR,04203-052,-23.5953818,-46.6060886,Health & Beauty,,4,bigquery,
DROGASIL,Drogasil,ChIJWTRZNU1YzpQRmLrn0uDUbzI,R. SANTO ANTÔNIO  459 - LOJA 3 - BELA VISTA  SÃO PAULO - SP  01314-000  BRASIL,São Paulo,,SP,BR,01314-000,-23.5510142,-46.6427914,Health & Beauty,,4,bigquery,
DROGA RAIA,Droga Raia,ChIJW_ArIHdbzpQRemXOIESQ1Nw,RUA VERGUEIRO  8923 - VILA ELISIO  SÃO PAULO - SP  04273-200  BRASIL,São Paulo,,SP,BR,04273-200,-23.617651,-46.6054039,Health & Beauty,,4,bigquery,
DROGASIL,Drogasil,ChIJWadA6qBXzpQRMHBy6leLV6w,R. TEODORO SAMPAIO  2917 - PINHEIROS  SÃO PAULO - SP  05406-200  BRASIL,São Paulo,,SP,BR,05406-200,-23.5676971,-46.6954555,Health & Beauty,,4,bigquery,
ULTRAFARMA POPULAR MACIEL MONTEIRO,Ultrafarma,ChIJWxK4zdJnzpQRwM7R8ASSlh0,R. MACIEL MONTEIRO  417 - VILA NHOCUNÉ  SÃO PAULO - SP  03566-000  BRASIL,São Paulo,,SP,BR,03566-000,-23.5394573,-46.4906286,"pharmacy,health,store,point_of_interest,establishment",,4,bigquery,
DROGASIL,Drogasil,ChIJX3QhEeZXzpQRAxVJXBe3WzI,AV. PROF. ALFONSO BOVERO  1185 - PERDIZES  SÃO PAULO - SP  05019-011  BRASIL,São Paulo,,SP,BR,05019-011,-23.5366589,-46.6860219,Health & Beauty,,4,bigquery,
DROGA RAIA,Droga Raia,ChIJXUAXjYVQzpQRZPWoTkadROk,AV. PROFESSOR VICENTE RAO  1186 - JARDIM CORDEIRO  SÃO PAULO - SP  04636-001  BRASIL,São Paulo,,SP,BR,04636-001,-23.634158,-46.6798526,Health & Beauty,,4,bigquery,
DROGA RAIA,Droga Raia,ChIJXV8ogKJXzpQR6COOIATk8uE,R. INÁCIO PEREIRA DA ROCHA  296 - VILA MADALENA  SÃO PAULO - SP  05432-010  BRASIL,São Paulo,,SP,BR,05432-010,-23.5600417,-46.6898117,Health & Beauty,,4,bigquery,
DROGARIA SÃO PAULO,Drogaria São Paulo,ChIJXXPi8jNczpQRuanQqxLoGVo,AV. SAPOPEMBA  3154 - VILA SANTA CLARA  SÃO PAULO - SP  03345-000  BRASIL,São Paulo,,SP,BR,03345-000,-23.5737246,-46.5586258,Health & Beauty,,4,bigquery,
DROGASIL,Drogasil,ChIJX_k1N1BnzpQRj3208WSi_Vw,AV. ITAQUERA  1810 - 1820 - JARDIM SANTA MARIA  SÃO PAULO - SP  03526-000  BRASIL,São Paulo,,SP,BR,03526-000,-23.550066,-46.507463,Health & Beauty,,4,bigquery,
Drogasil,Drogasil,ChIJXaO2mctbzpQReGhh58hViqg,"Rua Loefgren, 373 - Vila Clementino, São Paulo - SP, 04040-030, Brazil",São Paulo,,SP,BR,04040030,-23.5998847,-46.629235099999995,"pharmacy,store,health,point_of_interest,establishment",,4,bigquery,"{""source"":""google_places_augment"",""types"":[""pharmacy"",""store"",""health"",""point_of_interest"",""establishment""],""rating"":4}"
DROGASIL,Drogasil,ChIJXewAc3BnzpQRnrehXlsuvCM,AVENIDA RIO DAS PEDRAS  Q. C  555 - BOX 1  2 E 3 - JARDIM ARICANDUVA  SÃO PAULO - SP  03453-000  BRASIL,São Paulo,,SP,BR,03453-000,-23.5602374,-46.5163447,Health & Beauty,,4,bigquery,
ULTRAFARMA CAMPO BELO,Ultrafarma,ChIJXyfofuxRzpQR_Z11eZ_4WRs,R. ANTÔNIO DE MACEDO SOARES  1150 - CAMPO BELO  SÃO PAULO - SP  04607-001  BRASIL,São Paulo,,SP,BR,04607-001,-23.621598,-46.6744146,"drugstore,point_of_interest,health,store,establishment",,4,bigquery,
A FÓRMULA - SÃO BRÁS,A Fórmula - São Brás,ChIJXzuMEiSMpJIR2Yqoo2obMi4,TV. QUATORZE DE ABRIL  1037 - SÃO BRÁS  BELÉM - PA  66060-460  BRASIL,Belém,,PA,BR,66060-460,-1.4490269,-48.4727049,"drugstore,pharmacy,health,point_of_interest,store,establishment",,4,bigquery,
DROGA RAIA,Droga Raia,ChIJY2uMMqBXzpQRLtTwqxROnUg,R. TEODORO SAMPAIO  2324 - PINHEIROS  SÃO PAULO - SP  05406-150  BRASIL,São Paulo,,SP,BR,05406-150,-23.5652718,-46.6905579,Health & Beauty,,4,bigquery,
DROGASIL,Drogasil,ChIJY2vR1qhbzpQRy0mTW-Aq8X0,AV. SANTA CATARINA  1225 - VILA MASCOTE  SÃO PAULO - SP  04378-300  BRASIL,São Paulo,,SP,BR,04378-300,-23.645729,-46.6634592,Health & Beauty,,4,bigquery,
DROGAVET BELÉM - FARMÁCIA DE MANIPULAÇÃO VETERINÁRIA,Drogavet Belém - Farmácia De Manipulação Veterinária,ChIJY3AE_vGPpJIRcyEhAqyJFEY,R. BOAVENTURA DA SILVA  246 - REDUTO  BELÉM - PA  66060-060  BRAZIL,Belém,,PA,BR,66060-060,-1.4495197,-48.4883682,"pharmacy,veterinary_care,health,point_of_interest,store,establishment",,4,bigquery,
DROGASIL,Drogasil,ChIJY48ub5xVzpQRYqTBXlqhZ9c,ESTR. DO CAMPO LIMPO  5083 - 5069 - PARQUE ESMERALDA  SÃO PAULO - SP  05787-000  BRASIL,São Paulo,,SP,BR,05787-000,-23.6219792,-46.7607115,Health & Beauty,,4,bigquery,
ULTRAFARMA JARDIM SÃO BERNARDO,Ultrafarma,ChIJY5Dan2pPzpQRhD9v206bSh4,R. SINFONIA ITALIANA  36 - LOJA 5 - JARDIM SÃO BERNARDO  SÃO PAULO - SP  04844-610  BRASIL,São Paulo,,SP,BR,04844-610,-23.7556958,-46.7083573,"drugstore,health,clothing_store,point_of_interest,store,establishment",,4,bigquery,
ULTRAFARMA POPULAR,Ultrafarma,ChIJYWC2E2FlzpQRrRUn-MhID6I,RUA ITAJUÍBE  1274 - JARDIM NÉLIA  SÃO PAULO - SP  08142-000  BRASIL,São Paulo,,SP,BR,08142-000,-23.5068571,-46.3881286,Health & Beauty,,4,bigquery,
FARMÁCIA PAGUE MENOS,Farmácia Pague Menos,ChIJYZKEUFJYzpQRMArlK3AuuEE,R. CEL. XAVIER DE TOLEDO  147 - REPÚBLICA  SÃO PAULO - SP  01048-100  BRASIL,São Paulo,,SP,BR,01048-100,-23.5473061,-46.6394696,Health & Beauty,,4,bigquery,
ULTRAFARMA - UNIDADE MORUMBI,Ultrafarma,ChIJYdw1K4BXzpQR_ptjNPnfJg8,AV. DR. GUILHERME DUMONT VILARES  1155 - JARDIM LONDRINA  SÃO PAULO - SP  05640-001  BRASIL,São Paulo,,SP,BR,05640-001,-23.6136695,-46.7412247,"drugstore,point_of_interest,health,store,establishment",,4,bigquery,
VETERINARY CANIS FELIS | SET CEARÁ,Veterinary Canis Felis | Set Ceará,ChIJYx1kycBNxwcRO6TqUJeyaAk,R. 107  11 - 1 ATAPA - CONJ. CEARÁ  FORTALEZA - CE  60530-030  BRAZIL,Fortaleza,,CE,BR,60530-030,-3.772024,-38.606961,"pharmacy,veterinary_care,pet_store,health,point_of_interest,store,establishment",,4,bigquery,
DROGASIL,Drogasil,ChIJZ-odPrFZzpQRV9owe11Ah5k,R. OSCAR FREIRE  278 - CERQUEIRA CÉSAR  SÃO PAULO - SP  01426-000  BRASIL,São Paulo,,SP,BR,01426-000,-23.5667857,-46.664679,Health & Beauty,,4,bigquery,
ULTRAFARMA POPULAR,Ultrafarma,ChIJZ0gcblZpzpQRYaulk48mW1s,R. MIGUEL FERREIRA DE MELO  255 - JARDIM SANTO ANDRE  SÃO PAULO - SP  08390-130  BRASIL,São Paulo,,SP,BR,08390-130,-23.6298029,-46.4435579,Health & Beauty,,4,bigquery,
EXTRAFARMA,Extrafarma,ChIJZ1LFKc6NpJIR_sE7NHlio4U,AV. JOSÉ BONIFÁCIO  2063 - GUAMÁ  BELÉM - PA  66065-108  BRASIL,Belém,,PA,BR,66065-108,-1.4649821,-48.4685817,Health & Beauty,,4,bigquery,
DROGAWALTER,Drogawalter,ChIJZ4Uz20ilnZMRSGlg1T77nL4,RUA DOMINGAS ALVES DA COSTA  316 - OSMAR CABRAL  CUIABÁ - MT  78088-840  BRASIL,Cuiabá,,MT,BR,78088-840,-15.613408,-55.9982614,"drugstore,pharmacy,health,point_of_interest,store,establishment",,4,bigquery,
DROGARIA SÃO PAULO,Drogaria São Paulo,ChIJZ8iXmKVmzpQROmf6xxss-6Q,R. AUGUSTO CARLOS BAUMAN  952 968 - ITAQUERA  SÃO PAULO - SP  08215-263  BRASIL,São Paulo,,SP,BR,08215-263,-23.5314978,-46.446022,Health & Beauty,,4,bigquery,
DROGASIL,Drogasil,ChIJZ9ilDbL5zpQRdLQ6M7yJmFs,AV. MIN. PETRÔNIO PORTELA  1072 - MOINHO VELHO  SÃO PAULO - SP  02959-000  BRASIL,São Paulo,,SP,BR,02959-000,-23.4904742,-46.6988527,Health & Beauty,,4,bigquery,
DROGARIA SÃO PAULO,Drogaria São Paulo,ChIJZQGs-5pTzpQRlSH1vjOQToU,AV. CARLOS LACERDA  1845 - VILA PIRAJUSSARA  SÃO PAULO - SP  05789-001  BRASIL,São Paulo,,SP,BR,05789-001,-23.647765,-46.7787067,Health & Beauty,,4,bigquery,
DROGASIL,Drogasil,ChIJZU3jiE9RzpQRnPRyrPYlOlM,AV. GIOVANNI GRONCHI  5819 - P T LOJAS 103 - 105 B - VILA ANDRADE  SÃO PAULO - SP  05724-002  BRASIL,São Paulo,,SP,BR,05724-002,-23.6311601,-46.735912,Health & Beauty,,4,bigquery,
DROGA RAIA,Droga Raia,ChIJZe99PJj3zpQRxUCFp2YyzKI,AV. IMIRIM  2280 - IMIRIM  SÃO PAULO - SP  02464-300  BRASIL,São Paulo,,SP,BR,02464-300,-23.4869838,-46.6525028,Health & Beauty,,4,bigquery,
ULTRAFARMA POPULAR JD. SÃO PAULO  ZONA LESTE,Ultrafarma,ChIJZwSLrZhlzpQRtSjQ4X5sFGM,R. QUARENTA E OITO  9 - JARDIM SÃO PAULO  ZONA LESTE   SÃO PAULO - SP  08465-310  BRASIL,São Paulo,,SP,BR,08465-310,-23.5646183,-46.4060651,"pharmacy,health,store,point_of_interest,establishment",,4,bigquery,
DROGA RAIA,Droga Raia,ChIJZyXrgFNWzpQRnUPHeza0uvo,R. ALVARENGA  1351 - BUTANTÃ  SÃO PAULO - SP  05509-002  BRASIL,São Paulo,,SP,BR,05509-002,-23.5700304,-46.7118383,Health & Beauty,,4,bigquery,
DROGASIL,Drogasil,ChIJZzQ-oLBPzpQR2Rzy7Dm_CLY,AV. SEN. TEOTÔNIO VILELA  988 - CIDADE DUTRA  SÃO PAULO - SP  04801-000  BRASIL,São Paulo,,SP,BR,04801-000,-23.7101971,-46.6997221,Health & Beauty,,4,bigquery,
NAMI - FARMÁCIA,Nami - Farmácia,ChIJ_6K3qlpFxwcR55JiwGv3Yy8,R. DES. FLORIANO BENEVIDES MAGALHÃES  221 - EDSON QUEIROZ  FORTALEZA - CE  60811-690  BRASIL,Fortaleza,,CE,BR,60811-690,-3.7724489,-38.4800283,"pharmacy,health,point_of_interest,store,establishment",,4,bigquery,
DROGASIL,Drogasil,ChIJ_6y7LEOznZMRWc4jartUs_E,AV. MIGUEL SUTIL  9300 - SANTA ROSA  CUIABÁ - MT  78040-365  BRASIL,Cuiabá,,MT,BR,78040-365,-15.5901447,-56.1206767,Health & Beauty,,4,bigquery,
DROGASIL,Drogasil,ChIJ_SCO-FBQzpQRHjmFRadblLU,R. BORBA GATO  59 - SANTO AMARO  SÃO PAULO - SP  04747-030  BRASIL,São Paulo,,SP,BR,04747-030,-23.65475,-46.7008765,Health & Beauty,,4,bigquery,
DROGARIAS ULTRA POPULAR,Drogarias Ultra Popular,ChIJ_TwxT2KlnZMRBPeK5mmdTBg,AV. DR. MEIRELLES  352 - TIJUCAL  CUIABÁ - MT  78088-010  BRASIL,Cuiabá,,MT,BR,78088-010,-15.6354781,-56.0228334,Health & Beauty,,4,bigquery,
DROGA RAIA,Droga Raia,ChIJ__-vgWT4zpQRLeCx09UGLos,R. AFONSO SARDINHA  13 - LAPA  SÃO PAULO - SP  05076-000  BRASIL,São Paulo,,SP,BR,05076-000,-23.5224594,-46.7041564,Health & Beauty,,4,bigquery,
DROGASIL,Drogasil,ChIJ_cow3VdkzpQRIica30tTNYs,ESTR. DO LAGEADO VELHO  760 - VILA IOLANDA LAJEADO   SÃO PAULO - SP  08451-056  BRASIL,São Paulo,,SP,BR,08451-056,-23.5356242,-46.4018425,Health & Beauty,,4,bigquery,
DROGASIL,Drogasil,ChIJ_cqPKH1IxwcR1Om6mptL-j4,AV. DOM LUÍS  1219 - MEIRELES  FORTALEZA - CE  60160-230  BRASIL,Fortaleza,,CE,BR,60160-230,-3.7351527,-38.4901664,Health & Beauty,,4,bigquery,
DROGA RAIA,Droga Raia,ChIJ_f8vxdZQzpQRDRg6S6zy23U,CEP: 05650002 - AV. MORUMBI  6839 - MORUMBI  SÃO PAULO - SP  05650-002  BRASIL,São Paulo,,SP,BR,05650-002,-23.6173288,-46.7050676,Health & Beauty,,4,bigquery,
DROGASIL,Drogasil,ChIJ_wBbgDyPpJIR5d5uEXfRB30,TV. ALM. WANDENKOLK  1003 - NAZARÉ  BELÉM - PA  66055-030  BRASIL,Belém,,PA,BR,66055-030,-1.4452114,-48.4861175,Health & Beauty,,4,bigquery,
DROGARIA ATIVA,Drogaria Ativa,ChIJa7mz06-xnZMRzS7ipTcbHjE,AV. ACLIMAÇÃO  243A - BOSQUE DA SAUDE  CUIABÁ - MT  78050-040  BRASIL,Cuiabá,,MT,BR,78050-040,-15.5868208,-56.0781034,Health & Beauty,,4,bigquery,
ULTRAFARMA POPULAR - JARDIM MIRIAM,Ultrafarma,ChIJaYSAdiJFzpQR19EpPt3aci0,AV. ÂNGELO CRISTIANINI  178 - JARDIM MIRIAM  SÃO PAULO - SP  04424-010  BRASIL,São Paulo,,SP,BR,04424-010,-23.6827724,-46.6382888,Health & Beauty,,4,bigquery,
DROGASIL,Drogasil,ChIJaZ5kMM5bzpQRB9x_JYPclFo,AV. PREFEITO FÁBIO PRADO  32 - 38 E 42 - VILA MARIANA  SÃO PAULO - SP  04116-000  BRASIL,São Paulo,,SP,BR,04116-000,-23.5903014,-46.6304848,Health & Beauty,,4,bigquery,
DROGA RAIA,Droga Raia,ChIJaaueNDdazpQR3AO5VI63usE,AV. DR. ALTINO ARANTES  340 - PISO TERREO - VILA CLEMENTINO  SÃO PAULO - SP  04042-002  BRASIL,São Paulo,,SP,BR,04042-002,-23.6025073,-46.6401223,Health & Beauty,,4,bigquery,
DROGASIL,Drogasil,ChIJabKc3JZFxwcRs-cBs72xMJI,AV. WASHINGTON SOARES  4330 - PARQUE MANIBURA  FORTALEZA - CE  60821-750  BRASIL,Fortaleza,,CE,BR,60821-750,-3.7946137,-38.4802864,Health & Beauty,,4,bigquery,
DROGARIAS ULTRA POPULAR,Drogarias Ultra Popular,ChIJb0XOo-evnZMRaKMpC8wbQ74,AV. FERNANDO CORRÊA DA COSTA  4822 - COXIPÓ  CUIABÁ - MT  78085-000  BRASIL,Cuiabá,,MT,BR,78085-000,-15.6298261,-56.0540932,Health & Beauty,,4,bigquery,
DROGASIL,Drogasil,ChIJbUV0y1pJxwcRR6f9iDrfDuQ,AV. RUI BARBOSA  783 - MEIRELES  FORTALEZA - CE  60115-220  BRASIL,Fortaleza,,CE,BR,60115-220,-3.7300291,-38.5072911,Health & Beauty,,4,bigquery,
Drogasil,Drogasil,ChIJbUgPsaNczpQR6xm9RZ31azs,"Av. Patente, 826 - 840 - Jardim Patente, São Paulo - SP, 04243-000, Brazil",São Paulo,,SP,BR,04243000,-23.629679799999998,-46.5869037,"pharmacy,health,point_of_interest,store,establishment",,4,bigquery,"{""source"":""google_places_augment"",""types"":[""pharmacy"",""health"",""point_of_interest"",""store"",""establishment""],""rating"":4}"
DROGASIL,Drogasil,ChIJbbQ-uFFFxwcRTHTqtL9-t20,AV. WASHINGTON SOARES  85 - EDSON QUEIROZ  FORTALEZA - CE  60811-900  BRASIL,Fortaleza,,CE,BR,60811-900,-3.7779221,-38.4810998,Health & Beauty,,4,bigquery,
DROGASIL,Drogasil,ChIJbcpTUcyNpJIRG8SAvWDT5pc,TV. MAURITI  3095 - MARCO  BELÉM - PA  66093-681  BRASIL,Belém,,PA,BR,66093-681,-1.4371359,-48.4582078,Health & Beauty,,4,bigquery,
DROGASIL,Drogasil,ChIJc5_3LnhPxwcR1kPuO9ZGSy8,AV. CEL. JOSÉ PHILOMENO GOMES  S/N - ENG L CAVALCANTE  FORTALEZA - CE  60813-820  BRASIL,Fortaleza,,CE,BR,60813-820,-3.780269,-38.4881487,Health & Beauty,,4,bigquery,
DROGARIA SÃO PAULO,Drogaria São Paulo,ChIJc9ojnslfzpQR408DcelMGLE,AV CANGAIBA 2316 TERREO MZNINO SUBSL - CANGAIBA  SÃO PAULO - SP  03634-000  BRASIL,São Paulo,,SP,BR,03634-000,-23.5074216,-46.5330171,Health & Beauty,,4,bigquery,
DROGASIL,Drogasil,ChIJcT9NuldRzpQReiIAhYSsKiI,AV. NOSSA SRA. DO SABARÁ  2226 - JARDIM CAMPO GRANDE  SÃO PAULO - SP  04686-002  BRASIL,São Paulo,,SP,BR,04686-002,-23.6741555,-46.6863047,Health & Beauty,,4,bigquery,
EXTRAFARMA,Extrafarma,ChIJcWLq2X1JxwcRTWXyIoDSxN4,AV. BEZERRA DE MENEZES  2204 - PRES. KENNEDY  FORTALEZA - CE  60325-005  BRASIL,Fortaleza,,CE,BR,60325-005,-3.7358445,-38.5643352,Health & Beauty,,4,bigquery,
ULTRAFARMA JARDIM LISBOA,Ultrafarma,ChIJc_d_AsBgzpQRU9xnu4yqHUs,R. DR. JOSÉ DO AMARAL  210 - JARDIM LISBOA  SÃO PAULO - SP  03675-010  BRASIL,São Paulo,,SP,BR,03675-010,-23.5193883,-46.4966666,"drugstore,health,store,point_of_interest,establishment",,4,bigquery,
DROGA RAIA,Droga Raia,ChIJc_mz9O9bzpQR1y1I22dKQm0,R. OLIVEIRA ALVES  450 - IPIRANGA  SÃO PAULO - SP  04210-061  BRASIL,São Paulo,,SP,BR,04210-061,-23.5856556,-46.6041093,Health & Beauty,,4,bigquery,
FARMÁCIA PAGUE MENOS,Farmácia Pague Menos,ChIJcwWj4lBXzpQRdlUDEBtxuv8,R. CLODOMIRO AMAZONAS  1102 - VILA NOVA CONCEIÇÃO  SÃO PAULO - SP  04537-002  BRASIL,São Paulo,,SP,BR,04537-002,-23.5939123,-46.6771907,Health & Beauty,,4,bigquery,
DROGASIL,Drogasil,ChIJd1n2bt1ezpQRAoC1QdeYdS4,AV. CELSO GARCIA  3876 - TATUAPÉ  SÃO PAULO - SP  03064-000  BRASIL,São Paulo,,SP,BR,03064-000,-23.5355791,-46.574853,Health & Beauty,,4,bigquery,
ULTRAFARMA UNID ALEXIOS JAFET,Ultrafarma,ChIJd3pDJ4j7zpQRJPMtCPURW50,AV. ALEXIOS JAFET  1202 - JARDIM IPANEMA  SÃO PAULO - SP  05187-010  BRASIL,São Paulo,,SP,BR,05187-010,-23.4455887,-46.7478587,"drugstore,pharmacy,health,store,point_of_interest,establishment",,4,bigquery,
DROGASIL,Drogasil,ChIJdSV4QoRgzpQRDWYXBqzEu3U,AV. SÃO MIGUEL  2158 - VILA MARIETA  SÃO PAULO - SP  03620-001  BRASIL,São Paulo,,SP,BR,03620-001,-23.5115931,-46.5098877,Health & Beauty,,4,bigquery,
DROGA RAIA,Droga Raia,ChIJdSxBC1X2zpQRzGjQ_1M9b5U,AV. SANTA INÊS  926 - 936 - 942 - MANDAQUI  SÃO PAULO - SP  02415-001  BRASIL,São Paulo,,SP,BR,02415-001,-23.4715994,-46.6296408,Health & Beauty,,4,bigquery,
BELFLORA FARMÁCIA DE MANIPULAÇÃO,Belflora Farmácia De Manipulação,ChIJdXnKyIaxnZMR9UTlUOzMI1Y,AV. JOSE MONTEIRO DE FIGUEIREDO  650 - DUQUE DE CAXIAS  CUIABÁ - MT  78043-300  BRASIL,Cuiabá,,MT,BR,78043-300,-15.5871778,-56.1119085,"pharmacy,health,store,point_of_interest,establishment",,4,bigquery,
DROGA RAIA,Droga Raia,ChIJdaxhuxlYzpQRNaaYo8jCGvw,AV. PACAEMBU  1047 - PACAEMBU  SÃO PAULO - SP  01234-001  BRASIL,São Paulo,,SP,BR,01234-001,-23.5356235,-46.6625193,Health & Beauty,,4,bigquery,
DROGA RAIA,Droga Raia,ChIJdzMjXcpbzpQRMbATITXAN3E,R. SILVA BUENO  2290 - IPIRANGA  SÃO PAULO - SP  04208-002  BRASIL,São Paulo,,SP,BR,04208-002,-23.5988471,-46.6007246,Health & Beauty,,4,bigquery,
DROGARIA SÃO PAULO,Drogaria São Paulo,ChIJe35DVU_4zpQRpbR-A2dMIBk,AV. SANTA MARINA  2589 - VILA ALBERTINA  SÃO PAULO - SP  02732-040  BRASIL,São Paulo,,SP,BR,02732-040,-23.5022493,-46.6948514,Health & Beauty,,4,bigquery,
DROGASIL,Drogasil,ChIJe6NQ-BNPzpQRKEo1aJ8WoIs,AV. PROF. PAPINI  317 - CIDADE DUTRA  SÃO PAULO - SP  04805-300  BRASIL,São Paulo,,SP,BR,04805-300,-23.7127818,-46.7050826,Health & Beauty,,4,bigquery,
DROGASIL,Drogasil,ChIJe9oY9GP4zpQRxDOTteyZS2I,R. DOZE DE OUTUBRO  316 - LAPA  SÃO PAULO - SP  05073-000  BRASIL,São Paulo,,SP,BR,05073-000,-23.5207772,-46.7045617,Health & Beauty,,4,bigquery,
FARMAFÓRMULA - FARMÁCIA DE MANIPULAÇÃO,Farmafórmula - Farmácia De Manipulação,ChIJeQTYPnlJxwcRFN_4OmVfvqU,AV. BEZERRA DE MENEZES  2015 - FARIAS BRITO  FORTALEZA - CE  60325-004  BRASIL,Fortaleza,,CE,BR,60325-004,-3.735556,-38.562426,"pharmacy,health,store,point_of_interest,establishment",,4,bigquery,
DROGA RAIA,Droga Raia,ChIJeRV7tSb5zpQRzJSuFiqAnYI,AV. DO ANASTÁCIO  655 - PARQUE SAO DOMINGOS  SÃO PAULO - SP  05119-000  BRASIL,São Paulo,,SP,BR,05119-000,-23.5024931,-46.7335752,Health & Beauty,,4,bigquery,
DROGA RAIA,Droga Raia,ChIJeRqBJoVRzpQRhMmJ-PE-Jbs,R. JOSÉ DA SILVA RIBEIRO  183 - VILA ANDRADE  SÃO PAULO - SP  05726-130  BRASIL,São Paulo,,SP,BR,05726-130,-23.623565,-46.7394904,Health & Beauty,,4,bigquery,
DROGASIL,Drogasil,ChIJe_kthqVWzpQRHK-Dmj0fcO4,AV. DR. GUILHERME DUMONT VILARES  1078 - LOJA 2 E - 1082 - LOJA 3 - JARDIM LONDRINA  SÃO PAULO - SP  05640-001  BRASIL,São Paulo,,SP,BR,05640-001,-23.6135203,-46.7412851,Health & Beauty,,4,bigquery,
DROGA RAIA,Droga Raia,ChIJedpWilv2zpQRCHYZVatTtcg,AV. NOVA CANTAREIRA  3245 - ÁGUA FRIA  SÃO PAULO - SP  02341-000  BRASIL,São Paulo,,SP,BR,02341-000,-23.4724117,-46.6175513,Health & Beauty,,4,bigquery,
DROGARIA SÃO PAULO,Drogaria São Paulo,ChIJf--wtXFezpQR6-5a_-rRFOE,AV. CONSELHEIRO CARRÃO  1913 - VILA CARRAO  SÃO PAULO - SP  03403-001  BRASIL,São Paulo,,SP,BR,03403-001,-23.5462073,-46.5425509,Health & Beauty,,4,bigquery,
FARMA POPULAR MORADA DO OURO,Farma Popular Morada Do Ouro,ChIJf92obvywnZMRVEB4yiy1OZQ,R. DEP MILTON DE FIGUEIREDO  110 - MORADA DO OURO  CUIABÁ - MT  78055-000  BRASIL,Cuiabá,,MT,BR,78055-000,-15.5683735,-56.0652775,"drugstore,pharmacy,store,health,point_of_interest,establishment",,4,bigquery,
ULTRAFARMA HELIÓPOLIS,Ultrafarma,ChIJfQMxKT1dzpQR5Htogzxp040,ESTR. DAS LÁGRIMAS  1930 - IPIRANGA  SÃO PAULO - SP  04232-000  BRASIL,São Paulo,,SP,BR,04232-000,-23.618729,-46.5927631,"drugstore,health,point_of_interest,store,establishment",,4,bigquery,
DROGASIL,Drogasil,ChIJfWPSnsZQzpQRBIRobgqldsc,AVENIDA MORUMBI  7920  7898  7906  7912  E 7920A - SANTO AMARO  SÃO PAULO - SP  04703-001  BRASIL,São Paulo,,SP,BR,04703-001,-23.6201128,-46.6942859,Health & Beauty,,4,bigquery,
ULTRAFARMA SAPOPEMBA,Ultrafarma,ChIJfXumGt9nzpQR5MI64i9jNPI,AV. JOÃO RODRIGUES RUIZ  105 - JARDIM SAPOPEMBA  SÃO PAULO - SP  03975-110  BRASIL,São Paulo,,SP,BR,03975-110,-23.6119369,-46.4939705,"drugstore,pharmacy,health,point_of_interest,store,establishment",,4,bigquery,
Drogasil,Drogasil,ChIJg60LxhFazpQR4ObndFlb488,"Av. Jurema, 262 - Indianópolis, São Paulo - SP, 04079-001, Brazil",São Paulo,,SP,BR,04079001,-23.607868999999997,-46.659915,"pharmacy,store,point_of_interest,health,establishment",,4,bigquery,"{""source"":""google_places_augment"",""types"":[""pharmacy"",""store"",""point_of_interest"",""health"",""establishment""],""rating"":4}"
DROGASIL,Drogasil,ChIJgQqlVNFZzpQRz1rXLVNuJf8,ALAMEDA LORENA  1488 - JARDIM PAULISTA  SÃO PAULO - SP  01424-004  BRASIL,São Paulo,,SP,BR,01424-004,-23.563972,-46.6655515,Health & Beauty,,4,bigquery,
PANVEL FARMÁCIAS,Panvel,ChIJgRZuOx1XzpQRM3OeeJinWyo,R. PALESTRA ITÁLIA  500 - SUC T019 - PERDIZES  SÃO PAULO - SP  05005-900  BRASIL,São Paulo,,SP,BR,05005-900,-23.5262803,-46.6810843,Health & Beauty,,4,bigquery,
EXTRAFARMA,Extrafarma,ChIJgfyIHCBJxwcRvanJ2lYZ8ig,AV. TREZE DE MAIO  927 - FÁTIMA  FORTALEZA - CE  60040-530  BRASIL,Fortaleza,,CE,BR,60040-530,-3.7508423,-38.5279252,Health & Beauty,,4,bigquery,
DROGASIL,Drogasil,ChIJgwFyQrmLpJIRDpu_b3wcYAg,AV. ALM. BARROSO  3204 - SOUZA  BELÉM - PA  66613-710  BRASIL,Belém,,PA,BR,66613-710,-1.4239917,-48.4501329,Health & Beauty,,4,bigquery,
ULTRAFARMA - UNIDADE PAULISTA,Ultrafarma,ChIJhRLeNmJZzpQRuip4lbm6N4A,AV. PAULISTA  2125 - BELA VISTA  SÃO PAULO - SP  01311-000  BRASIL,São Paulo,,SP,BR,01311-000,-23.5583733,-46.6602649,"pharmacy,health,point_of_interest,store,establishment",,4,bigquery,
DROGALINS,Drogalins,ChIJhW5B8wCxnZMRRECIUmm_wm0,AV. HISTORIADOR RUBENS DE MENDONÇA  3300 - SALA 1070 - JARDIM ACLIMACAO  CUIABÁ - MT  78050-250  BRASIL,Cuiabá,,MT,BR,78050-250,-15.5764394,-56.0720408,"store,drugstore,pharmacy,health,point_of_interest,establishment",,4,bigquery,
FARMÁCIA ULTRAFARMA JARAGUÁ,Ultrafarma,ChIJhXnAy_P7zpQRGigdcsMNpNA,RUA CAMOCIM DE SÃO FÉLIX  170 - JARAGUÁ  SÃO PAULO - SP  05181-220  BRASIL,São Paulo,,SP,BR,05181-220,-23.4549684,-46.7402878,Health & Beauty,,4,bigquery,
FARMÁCIA PAGUE MENOS,Farmácia Pague Menos,ChIJhcEOISpKxwcRQnl6B-UjYKE,AV. SGT. HERMÍNIO SAMPAIO  3100 - LOJA 2053 - PRES. KENNEDY  FORTALEZA - CE  60355-512  BRASIL,Fortaleza,,CE,BR,60355-512,-3.7265115,-38.5666582,Health & Beauty,,4,bigquery,
FARMÁCIA PAGUE MENOS,Farmácia Pague Menos,ChIJhfWBZb5bzpQR0LnfNZ-oUAw,AV. DR. GENTIL DE MOURA  45 - IPIRANGA  SÃO PAULO - SP  04278-080  BRASIL,São Paulo,,SP,BR,04278-080,-23.6022768,-46.6144545,Health & Beauty,,4,bigquery,
GRANADO PHARMÁCIAS,Granado Pharmácias,ChIJi3cqDglXzpQRfk94h_4Cn_4,SHOPPING ELDORADO - TÉRREO  AV. REBOUÇAS  3970 - PINHEIROS  SÃO PAULO - SP  05402-600  BRASIL,São Paulo,,SP,BR,05402-600,-23.5731481,-46.6956248,"pharmacy,health,point_of_interest,store,establishment",,4,bigquery,
FARMAFÓRMULA - FARMÁCIA DE MANIPULAÇÃO,Farmafórmula - Farmácia De Manipulação,ChIJi5JhsntPxwcR3vFyLsar4Pw,AV. OLIVEIRA PAIVA  1463 - CIDADE DOS FUNCIONÁRIOS  FORTALEZA - CE  60822-131  BRASIL,Fortaleza,,CE,BR,60822-131,-3.7954237,-38.4933162,"pharmacy,store,health,point_of_interest,establishment",,4,bigquery,
DROGASIL,Drogasil,ChIJi8yGv5BIxwcRTXSbrbipY5w,AV. ANTÔNIO SALES  1840 - DIONÍSIO TORRES  FORTALEZA - CE  60135-102  BRASIL,Fortaleza,,CE,BR,60135-102,-3.7440937,-38.5075442,Health & Beauty,,4,bigquery,
DROGA RAIA,Droga Raia,ChIJi96y9TRZzpQRHAGePFXGGQM,AV. CASSANDOCA  84 - MOOCA  SÃO PAULO - SP  03169-010  BRASIL,São Paulo,,SP,BR,03169-010,-23.5504178,-46.5956431,Health & Beauty,,4,bigquery,
DROGASIL,Drogasil,ChIJiW2rXvxWzpQRvpxtoWOwYgk,AV. PROF. FRANCISCO MORATO  1310 - BUTANTÃ  SÃO PAULO - SP  05512-100  BRASIL,São Paulo,,SP,BR,05512-100,-23.5816072,-46.7123102,Health & Beauty,,4,bigquery,
DROGASIL,Drogasil,ChIJiWY0q3RUzpQRkQE_fEc2cDc,ESTR. DO CAMPO LIMPO  4135 - CAMPO LIMPO  SÃO PAULO - SP  05787-000  BRASIL,São Paulo,,SP,BR,05787-000,-23.6276157,-46.767252,Health & Beauty,,4,bigquery,
ULTRAFARMA POPULAR CAMPANELLA,Ultrafarma,ChIJiYv32dxnzpQRM8Jzz6biVX8,AV. CAMPANELLA  115 - CIDADE ANTÔNIO ESTÊVÃO DE CARVALHO  SÃO PAULO - SP  08220-831  BRASIL,São Paulo,,SP,BR,08220-831,-23.5364267,-46.4733753,"pharmacy,drugstore,clothing_store,health,store,point_of_interest,establishment",,4,bigquery,
DROGASIL,Drogasil,ChIJj1PqwtZQzpQRUCPhIOuUO7o,AV. MORUMBI  6725 - 6729 - MORUMBI  SÃO PAULO - SP  05650-002  BRASIL,São Paulo,,SP,BR,05650-002,-23.6173036,-46.7054828,Health & Beauty,,4,bigquery,
DROGA RAIA,Droga Raia,ChIJj3Qhm7hZzpQR9qCubYldfLE,AV. PAULISTA  807 - BELA VISTA  SÃO PAULO - SP  01311-100  BRASIL,São Paulo,,SP,BR,01311-100,-23.5665641,-46.650928,Health & Beauty,,4,bigquery,
DROGASIL,Drogasil,ChIJj4s4NwZWzpQRTRWMSeJomHU,AV. JAGUARÉ  277 - 287 - JAGUARÉ  SÃO PAULO - SP  05346-000  BRASIL,São Paulo,,SP,BR,05346-000,-23.5569027,-46.7454125,Health & Beauty,,4,bigquery,
DROGASIL,Drogasil,ChIJj6ibsSVQzpQRWENUBRQSMP4,AVENIDA DAS NAÇÕES UNIDAS 22540  22540 UNIDADE A 279A 34R 42 - VILA ALMEIDA  SÃO PAULO - SP  04795-921  BRASIL,São Paulo,,SP,BR,04795-921,-23.6785695,-46.6985962,Health & Beauty,,4,bigquery,
ANIMACÃO PET SHOP - LOJA 2,Animacão Pet Shop - Loja 2,ChIJj7li0j_3zpQR8ViFsPttOP0,AV. SANTA INÊS  3879 - VILA PEDRA BRANCA  SÃO PAULO - SP  02631-000  BRASIL,São Paulo,,SP,BR,02631-000,-23.4572589,-46.6490046,"pharmacy,pet_store,veterinary_care,food,health,point_of_interest,store,establishment",,4,bigquery,
DROGASIL,Drogasil,ChIJj943x4tPxwcRgqMAm0qBZJ8,AV. PEDRO LAZAR  877 - CAMBEBA  FORTALEZA - CE  60822-240  BRASIL,Fortaleza,,CE,BR,60822-240,-3.803188,-38.4883634,Health & Beauty,,4,bigquery,
DROGA RAIA,Droga Raia,ChIJjUMknKFQzpQRdASpWyVHUuo,AV. VER. JOSÉ DINIZ  3540 - CAMPO BELO  SÃO PAULO - SP  04604-007  BRASIL,São Paulo,,SP,BR,04604-007,-23.6170242,-46.6745128,Health & Beauty,,4,bigquery,
DROGA RAIA,Droga Raia,ChIJjaeXzcpQzpQRsWU1KIIpbi8,AV. PADRE ANTÔNIO JOSÉ DOS SANTOS  281 - C - CIDADE MONÇÕES  MONÇÕES - SP  04563-010  BRASIL,São Paulo,,SP,BR,04563-010,-23.6062805,-46.6915969,Health & Beauty,,4,bigquery,
ULTRAFARMA JARDIM PRUDÊNCIA,Ultrafarma,ChIJjenx8N5bzpQRo1PcFQ1L1y4,AV. CUPECÊ  N° 3164 - JARDIM PRUDÊNCIA  SÃO PAULO - SP  04366-000  BRASIL,São Paulo,,SP,BR,04366-000,-23.6670493,-46.6549211,"drugstore,health,store,point_of_interest,establishment",,4,bigquery,
DROGA RAIA,Droga Raia,ChIJk281ZlhXzpQRcTJpdKuIv6s,AV. SANTO AMARO  407 - 417 E 421 - VILA NOVA CONCEIÇÃO  SÃO PAULO - SP  04505-000  BRASIL,São Paulo,,SP,BR,04505-000,-23.587722,-46.6715108,Health & Beauty,,4,bigquery,
DROGA RAIA,Droga Raia,ChIJk328QT_2zpQRto6iHFxynrA,AV. NOVA CANTAREIRA  978 - TUCURUVI  SÃO PAULO - SP  02330-001  BRASIL,São Paulo,,SP,BR,02330-001,-23.4857817,-46.6163408,Health & Beauty,,4,bigquery,
DROGASIL,Drogasil,ChIJk3IsrQGxnZMRvF5kFiR5Kkc,AV. HISTORIADOR RUBENS DE MENDONÇA  400 - 421 E 448 - BAÚ  CUIABÁ - MT  78008-000  BRASIL,Cuiabá,,MT,BR,78008-000,-15.591846,-56.089884,Health & Beauty,,4,bigquery,
ULTRAFARMA POPULAR SABARÁ,Ultrafarma,ChIJk82X_B1QzpQRlXX57WxXh8k,AV. NOSSA SRA. DO SABARÁ  2844 - VILA EMIR  SÃO PAULO - SP  04447-010  BRASIL,São Paulo,,SP,BR,04447-010,-23.6795689,-46.6847055,"drugstore,pharmacy,point_of_interest,health,store,establishment",,4,bigquery,
DROGASIL,Drogasil,ChIJk8nrK_BgzpQRCr3hju99zR8,AV. SÃO MIGUEL  4537 - 4541 - PARQUE BOTURUSSU  SÃO PAULO - SP  03871-100  BRASIL,São Paulo,,SP,BR,03871-100,-23.5073194,-46.4895359,Health & Beauty,,4,bigquery,
DROGASIL,Drogasil,ChIJkSSpUEJQzpQRpN4rZ52HFpY,R. SÓCRATES  240 - VILA SOFIA  SÃO PAULO - SP  04671-070  BRASIL,São Paulo,,SP,BR,04671-070,-23.6565916,-46.6916962,Health & Beauty,,4,bigquery,
DROGASIL,Drogasil,ChIJk_PJ_zRXzpQRVCEuFeMPyf4,AV. MAGALHÃES DE CASTRO  12000 - SALAO COML L 31 1 - BUTANTA  SÃO PAULO - SP  05502-001  BRASIL,São Paulo,,SP,BR,05502-001,-23.5988139,-46.6982423,Health & Beauty,,4,bigquery,
DROGA RAIA,Droga Raia,ChIJl1SZcOlQzpQR8Se4jteBOh0,R. SÃO SEBASTIÃO  866 - 868 E 880 - SANTO AMARO  SÃO PAULO - SP  04708-001  BRASIL,São Paulo,,SP,BR,04708-001,-23.6292196,-46.695195,Health & Beauty,,4,bigquery,
DROGA RAIA,Droga Raia,ChIJl3CVrMVZzpQRaFuPTJasIF8,R. JOSÉ MARIA LISBOA  645 - JARDIM PAULISTA  SÃO PAULO - SP  01423-001  BRASIL,São Paulo,,SP,BR,01423-001,-23.568077,-46.658127,Health & Beauty,,4,bigquery,
DROGARIA SÃO PAULO,Drogaria São Paulo,ChIJl5ejUuNfzpQR6psrrVcSdTM,R. DA MOOCA  3691 - ALTO DA MOOCA  SÃO PAULO - SP  03165-001  BRASIL,São Paulo,,SP,BR,03165-001,-23.558576,-46.5898322,Health & Beauty,,4,bigquery,
DROGASIL,Drogasil,ChIJl6gaIfCxnZMRvshXwzlU97U,R. DIOGO DOMINGOS FERREIRA  584 - 588 - BANDEIRANTES  CUIABÁ - MT  78010-090  BRASIL,Cuiabá,,MT,BR,78010-090,-15.5980602,-56.0898384,Health & Beauty,,4,bigquery,
Drogasil,Drogasil,ChIJlVyNrez4zpQRrfwqnWHJ5KU,"R. Guaipá, 36 - 42 - 44 - Vila Leopoldina, São Paulo - SP, 05089-000, Brazil",São Paulo,,SP,BR,05089000,-23.5214347,-46.7225803,"pharmacy,health,point_of_interest,store,establishment",,4,bigquery,"{""source"":""google_places_augment"",""types"":[""pharmacy"",""health"",""point_of_interest"",""store"",""establishment""],""rating"":4}"
DROGASIL,Drogasil,ChIJlWdZG9BJxwcRpk7XrXMHu5g,AV. DA ABOLIÇÃO  3038 A - MEIRELES  FORTALEZA - CE  60165-078  BRASIL,Fortaleza,,CE,BR,60165-078,-3.7270316,-38.4921648,Health & Beauty,,4,bigquery,
PANVEL FARMÁCIAS,Panvel,ChIJlXzM8FNXzpQR7R3nUVOKx_k,R. DR. HOMEM DE MELO  494 - PERDIZES  SÃO PAULO - SP  05007-001  BRASIL,São Paulo,,SP,BR,05007-001,-23.5362755,-46.669285,Health & Beauty,,4,bigquery,
PANVEL FARMÁCIAS,Panvel,ChIJlYB8g7hRzpQRcdgbz7cEAqM,AV. DAS NAÇÕES UNIDAS  13947 - LOJA T-129  TÉRREO - VILA GERTRUDES  SÃO PAULO - SP  04794-905  BRASIL,São Paulo,,SP,BR,04794-905,-23.6210905,-46.6992423,Health & Beauty,,4,bigquery,
FARMÁCIA PAGUE MENOS,Farmácia Pague Menos,ChIJlZGs1JRbzpQRbOotQ4xMhHs,AV. NAZARÉ  1452 - IPIRANGA  SÃO PAULO - SP  04262-200  BRASIL,São Paulo,,SP,BR,04262-200,-23.5969227,-46.6099914,Health & Beauty,,4,bigquery,
DROGASIL,Drogasil,ChIJl_RHkrRbzpQRilMgNsyQaUs,AV. DOS JEQUITIBÁS  79 - 87 - JABAQUARA  SÃO PAULO - SP  04321-090  BRASIL,São Paulo,,SP,BR,04321-090,-23.6467876,-46.6412848,Health & Beauty,,4,bigquery,
DROGARIA CIDADE,Drogaria Cidade,ChIJlabMWPKxnZMRR3XPnoPJ8iI,R. BARÃO DE MELGAÇO  2169 - CENTRO SUL  CUIABÁ - MT  78020-800  BRASIL,Cuiabá,,MT,BR,78020-800,-15.605555,-56.105722,Health & Beauty,,4,bigquery,
DROGA VIDA,Droga Vida,ChIJlceIB_6vnZMRFalW6m8RB74,AV. DAS PALMEIRAS  01 - JARDIM IMPERIAL  CUIABÁ - MT  78075-620  BRASIL,Cuiabá,,MT,BR,78075-620,-15.6101375,-56.030541,"drugstore,pharmacy,store,health,point_of_interest,establishment",,4,bigquery,
Drogasil,Drogasil,ChIJlz2pj1tXzpQRcrHXeTr54Qg,"Rua Tabapuã, 982 - Loja 4 - Itaim Bibi, São Paulo - SP, 04533-004, Brazil",São Paulo,,SP,BR,04533004,-23.5841116,-46.6801417,"pharmacy,health,point_of_interest,store,establishment",,4,bigquery,"{""source"":""google_places_augment"",""types"":[""pharmacy"",""health"",""point_of_interest"",""store"",""establishment""],""rating"":4}"
DROGA RAIA,Droga Raia,ChIJm8Wgdk9RzpQRVzSCnJXhrm8,AV. DR. GUILHERME DUMONT VILARES  2481 - VILA ANDRADE  SÃO PAULO - SP  05640-004  BRASIL,São Paulo,,SP,BR,05640-004,-23.6266437,-46.736331,Health & Beauty,,4,bigquery,
ULTRAFARMA - VILA MARIETA,Ultrafarma,ChIJm9W5bYRgzpQRsrCNIin8BJw,AV. SÃO MIGUEL  2123 - VILA MARIETA  SÃO PAULO - SP  03619-100  BRASIL,São Paulo,,SP,BR,03619-100,-23.5114168,-46.5107582,"drugstore,clothing_store,health,point_of_interest,store,establishment",,4,bigquery,
DROGA RAIA,Droga Raia,ChIJmZVgWDlYzpQRsR-i3fieQXo,AV. ANGÉLICA  1062 - HIGIENÓPOLIS  SÃO PAULO - SP  01228-100  BRASIL,São Paulo,,SP,BR,01228-100,-23.5420928,-46.6562663,Health & Beauty,,4,bigquery,
ULTRAFARMA UNIDADE ITAQUERA,Ultrafarma,ChIJmZoAqutnzpQRAZoOmAiixYw,AV. CAMPANELLA  2406 - JARDIM ITAPEMIRIM  SÃO PAULO - SP  08220-830  BRASIL,São Paulo,,SP,BR,08220-830,-23.5357862,-46.4563296,"pharmacy,health,store,point_of_interest,establishment",,4,bigquery,
DROGASIL,Drogasil,ChIJmbZ2xQxJxwcRifjp61CPYK8,R. TIBÚRCIO CAVALCANTE  801 - MEIRELES  FORTALEZA - CE  60125-100  BRASIL,Fortaleza,,CE,BR,60125-100,-3.7317022,-38.5011134,Health & Beauty,,4,bigquery,
DROGARIA RAPHA,Drogaria Rapha,ChIJmffdW7axnZMRVMO89MTLuFs,AV. GOV. DANTE MARTINS DE OLIVEIRA  1344 - LIXEIRA  CUIABÁ - MT  78008-800  BRASIL,Cuiabá,,MT,BR,78008-800,-15.5949993,-56.0769772,Health & Beauty,,4,bigquery,
DROGASIL,Drogasil,ChIJmy9okcRQzpQRSN1NRn0J3Nc,AV. ROQUE PETRONI JÚNIOR  1089 - LUC 119 - JARDIM DAS ACACIAS  SÃO PAULO - SP  04707-000  BRASIL,São Paulo,,SP,BR,04707-000,-23.6231169,-46.6986074,Health & Beauty,,4,bigquery,
ULTRAFARMA - VILA AMERICANA,Ultrafarma,ChIJmyJZYI5hzpQRXyecrnkdNJM,AV. PIRES DO RIO  742 - VILA AMERICANA  SÃO PAULO - SP  08020-000  BRASIL,São Paulo,,SP,BR,08020-000,-23.5028488,-46.4428364,"health,point_of_interest,establishment",,4,bigquery,
FARMACIA DO JULIO,Farmacia Do Julio,ChIJmya04GNUzpQRUVaW2ujB_Ig,R. DOS MIOSÓTIS  128 - PARQUE PINHEIROS  TABOÃO DA SERRA - SP  06767-030  BRASIL,São Paulo,,SP,BR,06767-030,-23.6235285,-46.7829391,Health & Beauty,,4,bigquery,
DROGARIA SÃO PAULO,Drogaria São Paulo,ChIJn3xjw7xdzpQRzNJ3Qpb79KU,AV. SAPOPEMBA  6436 - VILA PRIMAVERA  SÃO PAULO - SP  03374-001  BRASIL,São Paulo,,SP,BR,03374-001,-23.5878064,-46.5324523,Health & Beauty,,4,bigquery,
DROGARIA SÃO PAULO,Drogaria São Paulo,ChIJnUHoYb5bzpQRDtv0OGKNFNc,AV. DR. GENTIL DE MOURA  87 - ALTO DO IPIRANGA  SÃO PAULO - SP  04278-080  BRASIL,São Paulo,,SP,BR,04278-080,-23.6024586,-46.6141043,Health & Beauty,,4,bigquery,
DROGA RAIA,Droga Raia,ChIJnUWneONdzpQRq04IkpkTUh0,RUA ACURUÍ  352 - VILA FORMOSA  SÃO PAULO - SP  03355-000  BRASIL,São Paulo,,SP,BR,03355-000,-23.5590643,-46.5531902,Health & Beauty,,4,bigquery,
ULTRAFARMA POPULAR,Ultrafarma,ChIJnWWiowhhzpQRoL1aPFW87Eg,RUA JOÃO JOSÉ DE QUEIROZ  1125 - VILA SAO FRANCISCO  SÃO PAULO - SP  03679-000  BRASIL,São Paulo,,SP,BR,03679-000,-23.5230787,-46.4921079,Health & Beauty,,4,bigquery,
DROGA RAIA,Droga Raia,ChIJnaarU_JWzpQRDmrWSBDYa5k,AV. PROF. FRANCISCO MORATO  2830 - VILA SONIA  SÃO PAULO - SP  05512-300  BRASIL,São Paulo,,SP,BR,05512-300,-23.5869799,-46.7259732,Health & Beauty,,4,bigquery,
DROGA RAIA,Droga Raia,ChIJnatGCWhQzpQRrDuG6JI2x6I,AV. WASHINGTON LUÍS  1749 - SANTO AMARO  SÃO PAULO - SP  04662-002  BRASIL,São Paulo,,SP,BR,04662-002,-23.6531463,-46.6892632,Health & Beauty,,4,bigquery,
EXTRAFARMA,Extrafarma,ChIJnbbWjY5IxwcRxRNcuc-dSnc,AV. DESEMBARGADOR MOREIRA  1741 - ALDEOTA  FORTALEZA - CE  60170-001  BRASIL,Fortaleza,,CE,BR,60170-001,-3.7414767,-38.4998856,Health & Beauty,,4,bigquery,
DROGASIL,Drogasil,ChIJnem0pzNnzpQR08prvFzLQ9s,R. MACIEL MONTEIRO  357 - VILA SANTA TERESA  SÃO PAULO - SP  03566-000  BRASIL,São Paulo,,SP,BR,03566-000,-23.5388836,-46.4903873,Health & Beauty,,4,bigquery,
EXTRAFARMA,Extrafarma,ChIJnfkO43BFxwcRhYdnSH9lueU,AVENIDA MAESTRO LISBOA  S/N - JOSÉ DE ALENCAR  FORTALEZA - CE  60830-115  BRASIL,Fortaleza,,CE,BR,60830-115,-3.8079577,-38.4719666,Health & Beauty,,4,bigquery,
DROGARIA SÃO PAULO,Drogaria São Paulo,ChIJo1zSyg1VzpQRZ_fTs7d_KkM,LOJAS 1 E 2  ROD. RAPOSO TAVARES  8450 - JARDIM BOA VISTA  ZONA OESTE   SÃO PAULO - SP  05576-200  BRASIL,São Paulo,,SP,BR,05576-200,-23.5877998,-46.7938114,Health & Beauty,,4,bigquery,
EXTRAFARMA,Extrafarma,ChIJoQPU-u1PxwcRAr4TAR6xVMk,AV. FREI CIRILO  4290 - MESSEJANA  FORTALEZA - CE  60840-285  BRASIL,Fortaleza,,CE,BR,60840-285,-3.821383,-38.4961382,Health & Beauty,,4,bigquery,
DROGASIL,Drogasil,ChIJoTDcImX2zpQRL6psPgIhJRI,AV. CEL. SEZEFREDO FAGUNDES  1100 - TUCURUVI  SÃO PAULO - SP  02306-001  BRASIL,São Paulo,,SP,BR,02306-001,-23.4691751,-46.6038575,Health & Beauty,,4,bigquery,
FARMACIA BARATÃO DO BAIRRO,Farmacia Baratão Do Bairro,ChIJoTtoPptRxwcRq0SRYWMPTtA,AV. VAL PARAÍSO - CONJ. PALMEIRAS  FORTALEZA - CE  60870-025  BRASIL,Fortaleza,,CE,BR,60870-025,-3.8441619,-38.5256452,Health & Beauty,,4,bigquery,
DROGARIAS ULTRA POPULAR,Drogarias Ultra Popular,ChIJob2S-7ONpJIR1N4bwkrOoGs,AV. PEDRO MIRANDA  819 - PEDREIRA  BELÉM - PA  66085-022  BRASIL,Belém,,PA,BR,66085-022,-1.4314368,-48.4746623,Health & Beauty,,4,bigquery,
DROGASIL,Drogasil,ChIJod4cFlFezpQRMd1Rbluor-I,AV. PENHA DE FRANÇA  187 - PENHA DE FRANÇA  SÃO PAULO - SP  03606-010  BRASIL,São Paulo,,SP,BR,03606-010,-23.5247731,-46.5487857,Health & Beauty,,4,bigquery,
ÓTICA PACHECO,Drogaria Pacheco,ChIJoxdkhYuOpJIRFfsmmuUeh0M,TV. PADRE EUTÍQUIO  1055 - BATISTA CAMPOS  BELÉM - PA  66015-000  BRASIL,Belém,,PA,BR,66015-000,-1.4570579,-48.494893,"point_of_interest,store,health,establishment",,4,bigquery,
DROGASIL,Drogasil,ChIJoz_738NJxwcR-cIy_G0uE4U,AV. MONSENHOR TABOSA  1400 - MEIRELES  FORTALEZA - CE  60165-068  BRASIL,Fortaleza,,CE,BR,60165-068,-3.7245152,-38.506708,Health & Beauty,,4,bigquery,
DROGA RAIA,Droga Raia,ChIJp-yfTQ5czpQRNW85dF3ITL8,PRAÇA PADRE DAMIÃO  143 - VILA PRUDENTE  SÃO PAULO - SP  03126-050  BRASIL,São Paulo,,SP,BR,03126-050,-23.5814679,-46.5850119,Health & Beauty,,4,bigquery,
FARMAVITO,Farmavito,ChIJp2es9zRQxwcRjFrnOyn_HWE,R. CANGURU  42 - CONJ. PALMEIRAS  FORTALEZA - CE  60870-070  BRASIL,Fortaleza,,CE,BR,60870-070,-3.8455192,-38.5244951,"drugstore,pharmacy,health,point_of_interest,store,establishment",,4,bigquery,
DROGA RAIA,Droga Raia,ChIJpQ1Bx6VYzpQRhDBf05CUq40,AV. JOAQUINA RAMALHO  1239 - VILA GUILHERME  SÃO PAULO - SP  02065-010  BRASIL,São Paulo,,SP,BR,02065-010,-23.5056992,-46.6046753,Health & Beauty,,4,bigquery,
EXTRAFARMA,Extrafarma,ChIJpSBI45KOpJIR4ySXDXaqdrA,AV. PRES. VARGAS  404 - COMERCIO  BELÉM - PA  66015-020  BRASIL,Belém,,PA,BR,66015-020,-1.4510136,-48.497007,Health & Beauty,,4,bigquery,
DROGASIL,Drogasil,ChIJpU0dDjxazpQRLPJwpfc2DXo,R. LEANDRO DUPRET  1037 - VILA CLEMENTINO  SÃO PAULO - SP  04025-014  BRASIL,São Paulo,,SP,BR,04025-014,-23.604167,-46.6469172,Health & Beauty,,4,bigquery,
DROGA RAIA,Droga Raia,ChIJpVOSOBJQzpQRd0T4CKbx2Z0,AV. SARGENTO GERALDO SANT'ANA  998 - JARDIM TAQUARAL  SÃO PAULO - SP  04674-225  BRASIL,São Paulo,,SP,BR,04674-225,-23.6635778,-46.6818496,Health & Beauty,,4,bigquery,
DROGASIL,Drogasil,ChIJpVn4Zr9ZzpQRZukiwDOd-Kg,AV. BRIGADEIRO LUÍS ANTÔNIO  767 - BELA VISTA  SÃO PAULO - SP  01317-001  BRASIL,São Paulo,,SP,BR,01317-001,-23.556919,-46.640013,Health & Beauty,,4,bigquery,
DROGARIA SÃO PAULO,Drogaria São Paulo,ChIJpZRJL6pbzpQR0pq_PZW7GZA,AV. PROF. ABRAÃO DE MORAIS  2233 - LOJA 02 - VILA DA SAÚDE  SÃO PAULO - SP  04123-011  BRASIL,São Paulo,,SP,BR,04123-011,-23.6246136,-46.6283614,Health & Beauty,,4,bigquery,
FASFARMA,Fasfarma,ChIJpb2jzXRSxwcRGkFywAeiMnc,R. MIGUEL DE ARAGÃO  1229A - MONDUBIM  FORTALEZA - CE  60765-065  BRASIL,Fortaleza,,CE,BR,60765-065,-3.8311669,-38.5903155,"pharmacy,health,point_of_interest,store,establishment",,4,bigquery,
DROGA RAIA,Droga Raia,ChIJpbztqxj2zpQRikBrk_ZbSM0,AV. LUIZ DUMONT VILLARES  522 - VILA GUILHERME  SÃO PAULO - SP  02085-000  BRASIL,São Paulo,,SP,BR,02085-000,-23.4977135,-46.6121741,Health & Beauty,,4,bigquery,
DROGASIL,Drogasil,ChIJpckxIND5zpQRRFRvzvd5Phg,R. ROSÁLIO JOSÉ DA CONCEIÇÃO  29 - 27 - JARDIM FELICIDADE  ZONA NORTE   SÃO PAULO - SP  05143-060  BRASIL,São Paulo,,SP,BR,05143-060,-23.4970594,-46.7260742,Health & Beauty,,4,bigquery,
DROGASIL,Drogasil,ChIJpx7Y7tRVzpQRf6XJFrs8OXg,AVENIDA RAPOSO TAVARES  KM 14 5 SUC 2014 DO RAPOSO SHOPPING - JARDIM OLYMPIA  SÃO PAULO - SP  05577-200  BRASIL,São Paulo,,SP,BR,05577-200,-23.587953,-46.7510556,Health & Beauty,,4,bigquery,
DROGA RAIA,Droga Raia,ChIJpzMgLk5azpQRjeLwsNYrDlU,AV. JABAQUARA  1314 - 1320 - VILA DA SAÚDE  SÃO PAULO - SP  04046-200  BRASIL,São Paulo,,SP,BR,04046-200,-23.6157358,-46.6389137,Health & Beauty,,4,bigquery,
ULTRAFARMA POPULAR - PARQUE PAULISTANO,Ultrafarma,ChIJq-Io5sdjzpQRwE5zBXaq_80,AV. OLIVEIRA FREIRE  1.470 - JARDIM HELENA  SÃO PAULO - SP  08081-170  BRASIL,São Paulo,,SP,BR,08081-170,-23.4842991,-46.4210567,Health & Beauty,,4,bigquery,
DROGASIL,Drogasil,ChIJq4xYWLFTzpQRXKkQnswqBjU,AV. COMENDADOR SANT'ANNA  34/51 - CAPÃO REDONDO  SÃO PAULO - SP  05866-000  BRASIL,São Paulo,,SP,BR,05866-000,-23.667193,-46.7730506,Health & Beauty,,4,bigquery,
DROGASIL,Drogasil,ChIJq5HmQlpWzpQR9efecuUOx-E,AV. CORIFEU DE AZEVEDO MARQUES  3067 - VILA LAGEADO  SÃO PAULO - SP  05339-000  BRASIL,São Paulo,,SP,BR,05339-000,-23.569812,-46.7412487,Health & Beauty,,4,bigquery,
DROGA RAIA,Droga Raia,ChIJq6o_h6pezpQRqd-VevuWmYY,RUA JUVENTUS  422 - PARQUE DA MOOCA  SÃO PAULO - SP  03124-020  BRASIL,São Paulo,,SP,BR,03124-020,-23.5709313,-46.5908979,Health & Beauty,,4,bigquery,
DROGARIA SÃO PAULO,Drogaria São Paulo,ChIJq6ouJHVPzpQRnyKJTRu4UTg,FARMACIA - AV. PRES. JOÃO GOULART  1028 - JARDIM MALIA II  SÃO PAULO - SP  04821-000  BRASIL,São Paulo,,SP,BR,04821-000,-23.7219417,-46.6890058,Health & Beauty,,4,bigquery,
EXTRAFARMA,Extrafarma,ChIJq9igmCJkpJIRAtXVFEznk04,R. MANOEL BARATA  455 - CRUZEIRO  ICORACI   BELÉM - PA  66810-100  BRASIL,Belém,,PA,BR,66810-100,-1.2983673,-48.4875694,Health & Beauty,,4,bigquery,
DROGARIA SÃO PAULO,Drogaria São Paulo,ChIJqVnkscdTzpQRpRDv4ExNxBw,ESTR. DE ITAPECERICA  4079 - PARQUE MARIA HELENA  SÃO PAULO - SP  05835-005  BRASIL,São Paulo,,SP,BR,05835-005,-23.6604415,-46.7671845,Health & Beauty,,4,bigquery,
FARMÁCIA PAGUE MENOS,Farmácia Pague Menos,ChIJqWJiqj9MxwcRD_j70Av6azE,R. EMÍLIO DE MENEZES  663 - BONSUCESSO  FORTALEZA - CE  60541-664  BRASIL,Fortaleza,,CE,BR,60541-664,-3.7818499,-38.5876049,Health & Beauty,,4,bigquery,
ULTRAFARMA POPULAR,Ultrafarma,ChIJq_-wxaVdzpQRSqmL9Z14B6g,AV. DA BARREIRA GRANDE  Nº975 - JARDIM COLORADO  SÃO PAULO - SP  03385-100  BRASIL,São Paulo,,SP,BR,03385-100,-23.5848254,-46.5259503,Health & Beauty,,4,bigquery,
A PHARMACÊUTICA FARMÁCIA DE MANIPULAÇÃO,A Pharmacêutica Farmácia De Manipulação,ChIJqzXhUAaMpJIRWBLZHKu8-5o,ENTRE VISCONDE DE INHAÚMA E - TV HUMAITÁ  AV. MARQUÊS DE HERVAL  1181 - PEDREIRA  BELÉM - PA  66085-310  BRASIL,Belém,,PA,BR,66085-310,-1.4350856,-48.4720971,"pharmacy,store,health,point_of_interest,establishment",,4,bigquery,
DROGASIL,Drogasil,ChIJr2jhpw5nzpQRY4VkA1eoA30,PRAÇA ANA DAS DORES CARVALHO  25 - 29 - CIDADE ANTÔNIO ESTÊVÃO DE CARVALHO  SÃO PAULO - SP  08220-230  BRASIL,São Paulo,,SP,BR,08220-230,-23.535794,-46.4741083,Health & Beauty,,4,bigquery,
DROGARIA SÃO PAULO,Drogaria São Paulo,ChIJr5tf0Z9azpQRLbgyDCPWaw4,AV. CUPECÊ  1036 - JARDIM PRUDÊNCIA  SÃO PAULO - SP  04366-000  BRASIL,São Paulo,,SP,BR,04366-000,-23.653802,-46.6701981,Health & Beauty,,4,bigquery,
DROGASIL,Drogasil,ChIJr7NZ1C5GxwcReHAomy7-oYg,AV. SANTOS DUMONT  5916 - COCÓ  FORTALEZA - CE  60192-022  BRASIL,Fortaleza,,CE,BR,60192-022,-3.7426657,-38.479583,Health & Beauty,,4,bigquery,
DROGA RAIA,Droga Raia,ChIJr8Q-9fH2zpQRCx6lMbyRvFQ,R. MARIA AMÁLIA LOPES AZEVEDO  845 - VILA ALBERTINA  SÃO PAULO - SP  02350-012  BRASIL,São Paulo,,SP,BR,02350-012,-23.4576077,-46.617557,Health & Beauty,,4,bigquery,
DROGA RAIA,Droga Raia,ChIJrVhVTBxRzpQRK6Hdo9GQm74,AV. JOÃO CARLOS DA SILVA BORGES  747 - VILA CRUZEIRO  SÃO PAULO - SP  04726-001  BRASIL,São Paulo,,SP,BR,04726-001,-23.6386918,-46.7119511,Health & Beauty,,4,bigquery,
DROGASIL,Drogasil,ChIJrWAx01ZOxwcRFXyKUXn_Vr0,AV. HERÓIS DO ACRE  580 - QD01 PL 15 - PASSARÉ  FORTALEZA - CE  60743-760  BRASIL,Fortaleza,,CE,BR,60743-760,-3.8030279,-38.5344795,Health & Beauty,,4,bigquery,
DROGA RAIA,Droga Raia,ChIJrcVJi7dZzpQRwndJ9wY5yp4,R. AUGUSTA  2450 - CERQUEIRA CÉSAR  SÃO PAULO - SP  01412-100  BRASIL,São Paulo,,SP,BR,01412-100,-23.5627825,-46.6652093,Health & Beauty,,4,bigquery,
DROGASIL,Drogasil,ChIJreAOUjZfzpQRShgyRnh3-BM,AV. GUILHERME COTCHING  1798 - VILA MARIA  SÃO PAULO - SP  02113-014  BRASIL,São Paulo,,SP,BR,02113-014,-23.5143607,-46.5863684,Health & Beauty,,4,bigquery,
DROGAL FARMA,Drogal,ChIJreuiVg6ynZMRr-MmMnqmMqc,RUA JOÃO PAULO DOS SANTOS ESQ. COM FERNADO FERNANDES  QD 31 N1 SALA 04 - COOPHAMIL  CUIABÁ - MT  78028-095  BRASIL,Cuiabá,,MT,BR,78028-095,-15.6187809,-56.1285458,"drugstore,pharmacy,store,health,point_of_interest,establishment",,4,bigquery,
DROGARIA SÃO PAULO,Drogaria São Paulo,ChIJrevsTedQzpQR83J1e95aERg,AV. ROQUE PETRONI JÚNIOR  1089 - LOJA96 - VILA MORUMBI  SÃO PAULO - SP  04707-000  BRASIL,São Paulo,,SP,BR,04707-000,-23.6227284,-46.6981238,Health & Beauty,,4,bigquery,
DROGA MAIS SAÚDE,Droga Mais Saúde,ChIJs6Ikb89JzpQR6B-oopQN4xY,R. GUSTAVO BACARISAS  7 - JARDIM AZANO I  SÃO PAULO - SP  04856-382  BRASIL,São Paulo,,SP,BR,04856-382,-23.7760886,-46.6966599,"pharmacy,health,store,point_of_interest,establishment",,4,bigquery,
DROGA RAIA,Droga Raia,ChIJsbftfjv2zpQRYOFJQPMFDrU,AV. LEÔNCIO DE MAGALHÃES  1004 - JARDIM SÃO PAULO  SÃO PAULO - SP  02042-001  BRASIL,São Paulo,,SP,BR,02042-001,-23.4922763,-46.6175621,Health & Beauty,,4,bigquery,
ULTRAFARMA POPULAR - UNIDADE LIBERDADE,Ultrafarma,ChIJsyvcHF5ZzpQRxzrfA--GCL0,R. DA GLÓRIA  174 - LIBERDADE  SÃO PAULO - SP  01510-000  BRASIL,São Paulo,,SP,BR,01510-000,-23.554786,-46.6345429,Health & Beauty,,4,bigquery,
FARMÁCIAS PAGUE POUCO,Farmácias Pague Pouco,ChIJt3jHwbivnZMRGJ3j_sqWnX0,ROD. PALMIRO PAES DE BARROS  300 - JARDIM NOSSA SRA. APARECIDA  CUIABÁ - MT  78090-702  BRASIL,Cuiabá,,MT,BR,78090-702,-15.6382547,-56.0483607,"pharmacy,health,store,point_of_interest,establishment",,4,bigquery,
DROGA RAIA,Droga Raia,ChIJt4lXhp1ZzpQRHQXil_Kz8tI,AV. DA ACLIMAÇÃO  815 - 817 - ACLIMAÇÃO  SÃO PAULO - SP  01531-001  BRASIL,São Paulo,,SP,BR,01531-001,-23.5731603,-46.6320154,Health & Beauty,,4,bigquery,
DROGA RAIA,Droga Raia,ChIJt5PtHpn8zpQRUZWcUH7lAhU,R. GAIVOTA  1177 - MOEMA  SÃO PAULO - SP  04522-033  BRASIL,São Paulo,,SP,BR,04522-033,-23.6057192,-46.6694876,Health & Beauty,,4,bigquery,
DROGA RAIA,Droga Raia,ChIJt8jqPr_4zpQRvuJwBq-j8I0,R. CARLOS WEBER  550 - TÉRREO - VILA LEOPOLDINA  SÃO PAULO - SP  05303-000  BRASIL,São Paulo,,SP,BR,05303-000,-23.5261584,-46.7323427,Health & Beauty,,4,bigquery,
EXTRAFARMA,Extrafarma,ChIJtRjuJA9JxwcRqy74X_47to0,AV. SANTOS DUMONT  3181 - ALDEOTA  FORTALEZA - CE  60150-165  BRASIL,Fortaleza,,CE,BR,60150-165,-3.736792,-38.496205,Health & Beauty,,4,bigquery,
EXTRAFARMA,Extrafarma,ChIJtTIwftWNpJIRA0zQ-VhHOKA,AV. ALM. BARROSO  1811 - MARCO  BELÉM - PA  66093-020  BRASIL,Belém,,PA,BR,66093-020,-1.4343918,-48.45762,Health & Beauty,,4,bigquery,
DROGA RAIA,Droga Raia,ChIJtUlg81BXzpQRTY7Ikzk3Q3w,R. CLODOMIRO AMAZONAS  1009 - 1013 - VILA OLÍMPIA  SÃO PAULO - SP  04537-012  BRASIL,São Paulo,,SP,BR,04537-012,-23.5930755,-46.6771331,Health & Beauty,,4,bigquery,
DROGA RAIA,Droga Raia,ChIJtXbGcs1ZzpQROEEGqRnQkAI,AVENIDA PAULISTA  2073 LOJA 101AB  102AB  137  138 E 139A  CONJUNTO NACIONAL - CERQUEIRA CÉSAR  SÃO PAULO - SP  01311-300  BRASIL,São Paulo,,SP,BR,01311-300,-23.5587287,-46.6599616,Health & Beauty,,4,bigquery,
DROGASIL,Drogasil,ChIJtXbPKeZazpQREYvkA7xpO70,AV. ENG. ARMANDO DE ARRUDA PEREIRA  1750 - JABAQUARA  SÃO PAULO - SP  04308-001  BRASIL,São Paulo,,SP,BR,04308-001,-23.6432094,-46.6415292,Health & Beauty,,4,bigquery,
DROGASIL,Drogasil,ChIJt_EKPTZNxwcRHYPHSA5TKRI,R. PROF. MANOEL LOURENÇO  21  21 - J CLUBE  FORTALEZA - CE  60510-290  BRASIL,Fortaleza,,CE,BR,60510-290,-3.7643922,-38.5731021,Health & Beauty,,4,bigquery,
DROGA RAIA,Droga Raia,ChIJtbWfA8BezpQRgHOwl2jj08k,PRAÇA SÍLVIO ROMERO  80 - TATUAPÉ  SÃO PAULO - SP  03323-000  BRASIL,São Paulo,,SP,BR,03323-000,-23.5459778,-46.5743077,Health & Beauty,,4,bigquery,
DROGASIL,Drogasil,ChIJtcmLVLlmzpQRz7LzDwRDkUs,RUA AMÉRICO SALVADOR NOVELLI  466 - ITAQUERA  SÃO PAULO - SP  08210-090  BRASIL,São Paulo,,SP,BR,08210-090,-23.5381823,-46.4540142,Health & Beauty,,4,bigquery,
DROGARIA SÃO PAULO,Drogaria São Paulo,ChIJtxwQMblmzpQR6pUNvuSXct8,R. GREGÓRIO RAMALHO  279 - ITAQUERA  SÃO PAULO - SP  08210-430  BRASIL,São Paulo,,SP,BR,08210-430,-23.538046,-46.4552969,Health & Beauty,,4,bigquery,
DROGARIA SÃO PAULO,Drogaria São Paulo,ChIJu6rC2l9fzpQR15pj2XdMsGw,AV. MILTON DA ROCHA  51 - VILA MEDEIROS  SÃO PAULO - SP  02138-010  BRASIL,São Paulo,,SP,BR,02138-010,-23.4909803,-46.5746195,Health & Beauty,,4,bigquery,
DROGA RAIA,Droga Raia,ChIJu9Eiy9RZzpQRjp2oGtL2wQM,R. DA CONSOLAÇÃO  3064 - LOJA 3114 - CERQUEIRA CÉSAR  SÃO PAULO - SP  01416-000  BRASIL,São Paulo,,SP,BR,01416-000,-23.5595243,-46.6671663,Health & Beauty,,4,bigquery,
ULTRAFARMA POPULAR VILA DAS BELEZAS,Ultrafarma,ChIJuQL8ex5RzpQR8r5oGL9eePg,RUA INÁCIO PRETO DE MORAIS  20 - VILA PLANA  SÃO PAULO - SP  05731-340  BRASIL,São Paulo,,SP,BR,05731-340,-23.6403105,-46.7462167,"drugstore,health,store,point_of_interest,establishment",,4,bigquery,
DROGASIL,Drogasil,ChIJubE6rV5RxwcRx78qPOJKB-E,AV. I  LT 9 - QD 3 - PREF J WALTER  FORTALEZA - CE  60750-080  BRASIL,Fortaleza,,CE,BR,60750-080,-3.8326313,-38.5527738,Health & Beauty,,4,bigquery,
DROGASIL,Drogasil,ChIJuyyzuUxJxwcR1wFv-gp5FtA,AV. CORONEL MIGUEL DIAS  718 - GUARARAPES  FORTALEZA - CE  60810-160  BRASIL,Fortaleza,,CE,BR,60810-160,-3.76423,-38.4877743,Health & Beauty,,4,bigquery,
DROGA RAIA,Droga Raia,ChIJv0nrMEBdzpQRr1KifMGobi0,AV. RENATA  505 - VILA REG. FEIJÓ  SÃO PAULO - SP  03377-000  BRASIL,São Paulo,,SP,BR,03377-000,-23.5748612,-46.54133,Health & Beauty,,4,bigquery,
DROGASIL,Drogasil,ChIJv1fKSWFPxwcRQTwO_TiXK1w,R. CHICO LEMOS  1011 - CIDADE DOS FUNCIONÁRIOS  FORTALEZA - CE  60822-785  BRASIL,Fortaleza,,CE,BR,60822-785,-3.7959661,-38.4968409,Health & Beauty,,4,bigquery,
DROGASIL,Drogasil,ChIJv8lDo4JjzpQRcFpGND4-QUc,AVENIDA MARECHAL TITO  4436 - ITAIM PAULISTA  SÃO PAULO - SP  08115-000  BRASIL,São Paulo,,SP,BR,08115-000,-23.4967283,-46.4016493,Health & Beauty,,4,bigquery,
DROGA RAIA,Droga Raia,ChIJvYQyJFNYzpQR_dO6gsPo6jI,R. OLIMPÍADAS  360 - LUC 402 PAVMTO 3 - VILA OLÍMPIA  SÃO PAULO - SP  04551-000  BRASIL,São Paulo,,SP,BR,04551-000,-23.5952979,-46.6866818,Health & Beauty,,4,bigquery,
DROGA RAIA,Droga Raia,ChIJvZDGtthQzpQRYioMeKFleVE,R. DA PAZ  2160 - CHÁCARA SANTO ANTÔNIO  SÃO PAULO - SP  04713-002  BRASIL,São Paulo,,SP,BR,04713-002,-23.6256372,-46.7082017,Health & Beauty,,4,bigquery,
DROGA RAIA,Droga Raia,ChIJvZrjinv4zpQRNza8JPyIkVA,R. TITO  1275 - 1281 - VILA ROMANA  SÃO PAULO - SP  05051-001  BRASIL,São Paulo,,SP,BR,05051-001,-23.5281263,-46.7042476,Health & Beauty,,4,bigquery,
DROGA MAIS BRASIL - KELLEN,Droga Mais Brasil - Kellen,ChIJva1emnSvnZMRf0O3eKz0dnc,AV. CINCO  1 - PARQUE CUIABA  CUIABÁ - MT  78095-330  BRASIL,Cuiabá,,MT,BR,78095-330,-15.657406,-56.0453248,"drugstore,pharmacy,store,health,point_of_interest,establishment",,4,bigquery,
DROGARIA FARMENOS,Drogaria Farmenos,ChIJvdJIjnZPzpQRlF2p1ZSRIzc,RUA GIOVANNI BONONCINI  77 - PARQUE BRASIL  SÃO PAULO - SP  04843-020  BRASIL,São Paulo,,SP,BR,04843-020,-23.7365829,-46.6965983,Health & Beauty,,4,bigquery,
DROGASIL,Drogasil,ChIJvxf-G0NRzpQR75whb7J2YVk,R. JOSÉ RAMON URTIZA  815 - VILA ANDRADE  SÃO PAULO - SP  05717-270  BRASIL,São Paulo,,SP,BR,05717-270,-23.6333167,-46.730737,Health & Beauty,,4,bigquery,
DROGA RAIA,Droga Raia,ChIJw5xTQKVQzpQRXNONNKM7opo,R. NEBRASKA  105 - BROOKLIN  SÃO PAULO - SP  04560-010  BRASIL,São Paulo,,SP,BR,04560-010,-23.6124012,-46.6791797,Health & Beauty,,4,bigquery,
DROGA RAIA,Droga Raia,ChIJw6KQrI5ZzpQR9FUMR74Loes,AV. CONSELHEIRO RODRIGUES ALVES  853 - VILA MARIANA  SÃO PAULO - SP  04014-012  BRASIL,São Paulo,,SP,BR,04014-012,-23.5856033,-46.6460081,Health & Beauty,,4,bigquery,
FARMÁCIA PAGUE MENOS,Farmácia Pague Menos,ChIJwVbT4VBezpQRcuhKTMHWTmY,R. DR. JOÃO RIBEIRO  262 - PENHA DE FRANÇA  SÃO PAULO - SP  03634-000  BRASIL,São Paulo,,SP,BR,03634-000,-23.5246364,-46.5477632,Health & Beauty,,4,bigquery,
FARMÁCIA PAGUE MENOS,Farmácia Pague Menos,ChIJwYqRFQKLpJIRn88hxl3TMJQ,TV. MAURITI  1567 - PEDREIRA  BELÉM - PA  66080-650  BRASIL,Belém,,PA,BR,66080-650,-1.429327,-48.4697234,Health & Beauty,,4,bigquery,
DROGARIAS ULTRA POPULAR,Drogarias Ultra Popular,ChIJw_X7S0JPxwcRb-9aJtHlO9o,RUA CORONEL FRANCISCO PEREIRA  231 - MESSEJANA  FORTALEZA - CE  60840-290  BRASIL,Fortaleza,,CE,BR,60840-290,-3.8310231,-38.4926096,Health & Beauty,,4,bigquery,
DROGASIL,Drogasil,ChIJw__yPLlZzpQRuyZhwEypTOU,AV. BRIGADEIRO LUÍS ANTÔNIO  2064 - BELA VISTA  SÃO PAULO - SP  01318-002  BRASIL,São Paulo,,SP,BR,01318-002,-23.5660062,-46.6481557,Health & Beauty,,4,bigquery,
Drogasil,Drogasil,ChIJwfXEUQBfzpQROnjNky8Oeh0,"Av. Amador Bueno da Veiga, 816 - Penha de França, São Paulo - SP, 03636-000, Brazil",São Paulo,,SP,BR,03636000,-23.5225859,-46.537062999999996,"drugstore,point_of_interest,health,store,establishment",,4,bigquery,"{""source"":""google_places_augment"",""types"":[""drugstore"",""point_of_interest"",""health"",""store"",""establishment""],""rating"":4}"
Ultrafarma - Est.do Alvarenga,Ultrafarma,ChIJwwz9NwxFzpQR6MYz2m5JQ-Q,"Estr. do Alvarenga, 3043 - Balneário São Francisco, São Paulo - SP, 04474-340, Brazil",São Paulo,,SP,BR,04474340,-23.698693499999997,-46.6475878,"drugstore,health,point_of_interest,store,establishment",,4,bigquery,"{""source"":""google_places_augment"",""types"":[""drugstore"",""health"",""point_of_interest"",""store"",""establishment""],""rating"":4}"
DROGASIL,Drogasil,ChIJx-bVPR5ZzpQReAMb3zx4gUQ,AV. RANGEL PESTANA  1996 - BRÁS  SÃO PAULO - SP  03002-000  BRASIL,São Paulo,,SP,BR,03002-000,-23.5427957,-46.6159868,Health & Beauty,,4,bigquery,
EXFAR DISTRIBUIDORA DE MEDICAMENTOS,Exfar Distribuidora De Medicamentos,ChIJx4C7MK1JxwcRhl9HLHZElJs,"R. GONÇALVES LÊDO, 1424 - ANEXO A - CENTRO, FORTALEZA - CE, 60110-261",Fortaleza,,CE,BR,60110-261,-3.7362567,-38.5180175,"pharmacy, wholesaler",,4,bigquery,
DROGASIL,Drogasil,ChIJx5Um4txFxwcRIxkn15sUIXs,AV. EDILSON BRASIL SOARES  1060 - LAGOA SAPIRANGA  COITÉ   FORTALEZA - CE  60833-020  BRASIL,Fortaleza,,CE,BR,60833-020,-3.7892853,-38.4765132,Health & Beauty,,4,bigquery,
FARMÁCIA PAGUE MENOS,Farmácia Pague Menos,ChIJx63EhlCwnZMROh89_uq31Js,AV. VER. JULIANO DA COSTA MARQUES  1644 - BELA VISTA  CUIABÁ - MT  78050-560  BRASIL,Cuiabá,,MT,BR,78050-560,-15.5813487,-56.0587118,Health & Beauty,,4,bigquery,
ULTRAFARMA RAGUEB CHOHFI,Ultrafarma,ChIJx7A0895nzpQRa8qIaY1od88,AV. RAGUEB CHOHFI  3146 - PARQUE BOA ESPERANÇA  SÃO PAULO - SP  08341-410  BRASIL,São Paulo,,SP,BR,08341-410,-23.596497,-46.4551802,"pharmacy,point_of_interest,health,store,establishment",,4,bigquery,
GRANDPHARMA FARMÁCIA DE MANIPULAÇÃO EM SÃO PAULO,Grandpharma Farmácia De Manipulação Em São Paulo,ChIJxQxS7apezpQRPmpkjBLQ_KM,RUA JUVENTUS  340 - PARQUE DA MOOCA  SÃO PAULO - SP  03124-020  BRASIL,São Paulo,,SP,BR,03124-020,-23.5702925,-46.5916199,"pharmacy,health,store,point_of_interest,establishment",,4,bigquery,
DROGASIL,Drogasil,ChIJxRVhTY9RzpQROgtf9gZQQBw,ESTRADA DO M'BOI MIRIM  1044 - JARDIM DAS FLORES  SÃO PAULO - SP  04905-001  BRASIL,São Paulo,,SP,BR,04905-001,-23.6722086,-46.7428687,Health & Beauty,,4,bigquery,
DROGA RAIA,Droga Raia,ChIJxZDbRtD3zpQRmwgn4PJrZ8A,AV. BRAZ LEME  2097 - 2105 - SANTANA  SÃO PAULO - SP  02022-010  BRASIL,São Paulo,,SP,BR,02022-010,-23.5036967,-46.640192,Health & Beauty,,4,bigquery,
DROGARIA FARMAMERICA REDE HIPER POPULAR,Drogaria Farmamerica Rede Hiper Popular,ChIJxZFQyWOlnZMRD0filbEtToA,AV. DR. MEIRELLES  602-650 - TIJUCAL  CUIABÁ - MT  78088-010  BRASIL,Cuiabá,,MT,BR,78088-010,-15.6340795,-56.0219241,Health & Beauty,,4,bigquery,
DROGARIA SÃO PAULO,Drogaria São Paulo,ChIJxZHYlgxUzpQRiGWCparOZnA,ESTR. DO CAMPO LIMPO  4059 - VILA PIRAJUSSARA  SÃO PAULO - SP  05787-000  BRASIL,São Paulo,,SP,BR,05787-000,-23.6280907,-46.7676637,Health & Beauty,,4,bigquery,
DROGARIA DROGAMAIS,Drogaria Drogamais,ChIJx_57G_6vnZMRFSLsaNZmoGA,AV. DAS PALMEIRAS  40 - JARDIM IMPERIAL  CUIABÁ - MT  78075-850  BRASIL,Cuiabá,,MT,BR,78075-850,-15.6095494,-56.0299055,Health & Beauty,,4,bigquery,
DROGARIAS ULTRA POPULAR,Drogarias Ultra Popular,ChIJx_AKHI6wnZMR51Gy8LiVq90,AV. TUIUIÚ  276 - MORADA DA SERRA  CUIABÁ - MT  78058-000  BRASIL,Cuiabá,,MT,BR,78058-000,-15.560798,-56.0407428,Health & Beauty,,4,bigquery,
FARMÁCIA PAGUE MENOS,Farmácia Pague Menos,ChIJx_wHGHlJxwcRtYm0t9Ydyb0,AV. BEZERRA DE MENEZES  2381 - SÃO GERARDO  FORTALEZA - CE  60325-004  BRASIL,Fortaleza,,CE,BR,60325-004,-3.7362416,-38.5657535,Health & Beauty,,4,bigquery,
FARMÁCIAS IOLANDA,Farmácias Iolanda,ChIJxbJYjn9MxwcRswfEAj1Cw7c,SEGUNDA ETAPA - AV. F  54 - CONJ. CEARÁ  FORTALEZA - CE  60533-613  BRASIL,Fortaleza,,CE,BR,60533-613,-3.7629411,-38.6092905,"drugstore,pharmacy,store,health,point_of_interest,establishment",,4,bigquery,
DROGASIL,Drogasil,ChIJxbSNfnRezpQR-j0sxXssgdU,AV. CONSELHEIRO CARRÃO  2424 - VILA CARRAO  SÃO PAULO - SP  03403-001  BRASIL,São Paulo,,SP,BR,03403-001,-23.548514,-46.538146,Health & Beauty,,4,bigquery,
DROGASIL,Drogasil,ChIJxyCInrFazpQRs1zYdZ7Asr0,AV. CUPECÊ  2756 - 2768 - JARDIM PRUDÊNCIA  SÃO PAULO - SP  04366-000  BRASIL,São Paulo,,SP,BR,04366-000,-23.6654045,-46.6584832,Health & Beauty,,4,bigquery,
DROGASIL,Drogasil,ChIJy2t52V6PpJIRz_fKPTkzp1M,AV. VISC. DE SOUZA FRANCO  776 - REDUTO  BELÉM - PA  66053-000  BRASIL,Belém,,PA,BR,66053-000,-1.4461383,-48.4896874,Health & Beauty,,4,bigquery,
DROGARIA ROSÁRIO,Drogaria Rosário,ChIJy7WMGoivnZMRlkkAHSsweN4,AV. DR. MEIRELLES  26 - TIJUCAL  CUIABÁ - MT  78088-010  BRASIL,Cuiabá,,MT,BR,78088-010,-15.6351731,-56.0228958,Health & Beauty,,4,bigquery,
ULTRAFARMA POPULAR - ESTAÇÃO GUAIANASES,Ultrafarma,ChIJy9UgMFhlzpQRXYM4a6K7FG4,R. COPENHAGUE  153 - GUAIANASES  SÃO PAULO - SP  08441-420  BRASIL,São Paulo,,SP,BR,08441-420,-23.541489,-46.416926,Health & Beauty,,4,bigquery,
ULTRAFARMA POPULAR - JARDIM ARICANDUVA,Ultrafarma,ChIJyRUd1PBdzpQRKtlWJDE8pAQ,AV. RIO DAS PEDRAS  35 - LOJA 01 - JARDIM ARICANDUVA  SÃO PAULO - SP  03453-000  BRASIL,São Paulo,,SP,BR,03453-000,-23.5587463,-46.5209856,Health & Beauty,,4,bigquery,
DROGARIA FARMÁCIA FARMAERICA,Drogaria Farmácia Farmaerica,ChIJyfsZoaBgzpQRSe9846NMGaU,R. COSTA REGO  25 - VILA GUILHERMINA  SÃO PAULO - SP  03542-030  BRASIL,São Paulo,,SP,BR,03542-030,-23.5303747,-46.5162172,Health & Beauty,,4,bigquery,
DROGASIL,Drogasil,ChIJyzu-MgVJxwcRlv6IzWJDvXw,AV. ANTÔNIO SALES  666 - JOAQUIM TÁVORA  FORTALEZA   FORTALEZA - CE  60135-100  BRASIL,Fortaleza,,CE,BR,60135-100,-3.7414214,-38.5158893,Health & Beauty,,4,bigquery,
EXTRAFARMA,Extrafarma,ChIJyzuJ0ayOpJIRSnELe5bgLLw,AV. SEN. LEMOS  1475 - TELÉGRAFO  BELÉM - PA  66113-000  BRASIL,Belém,,PA,BR,66113-000,-1.4305186,-48.485621,Health & Beauty,,4,bigquery,
FARMACIA BOM VIZINHO,Farmacia Bom Vizinho,ChIJz37V0odQxwcROfmbQU8FtKM,R. SHIRLEY  286 - PAUPINA  FORTALEZA - CE  60873-820  BRASIL,Fortaleza,,CE,BR,60873-820,-3.8682551,-38.4950113,Health & Beauty,,4,bigquery,
DROGASIL MARAMBAIA,Drogasil,ChIJz3X_qRiLpJIRXufXgwIywEM,RUA TAVARES BASTOS N °1456  BELÉM - PA  66053-000  BRASIL,Belém,,PA,BR,66053-000,-1.4028284,-48.4514315,Health & Beauty,,4,bigquery,
DROGARIAS ULTRA POPULAR,Drogarias Ultra Popular,ChIJz4VAKlyPpJIRFeGBWmF-DVI,AV. PRES. VARGAS  620 - CAMPINA  BELÉM - PA  66017-000  BRASIL,Belém,,PA,BR,66017-000,-1.4524402,-48.4959937,Health & Beauty,,4,bigquery,
DROGARIA NOVA ESPERANÇA,Drogaria Nova Esperança,ChIJz9ZrNAz5zpQR9u29v5kr_Ww,AV. CABO ADÃO PEREIRA  82/88 - VILA PIRITUBA  SÃO PAULO - SP  02936-010  BRASIL,São Paulo,,SP,BR,02936-010,-23.4863725,-46.7149993,Health & Beauty,,4,bigquery,
DROGA RAIA,Droga Raia,ChIJzRQhmEv2zpQRW0ryGK2Hsyg,R. VOLUNTÁRIOS DA PÁTRIA  4037 - SANTANA  SÃO PAULO - SP  02401-400  BRASIL,São Paulo,,SP,BR,02401-400,-23.485548,-46.6289886,Health & Beauty,,4,bigquery,
DROGARIA SÃO PAULO,Drogaria São Paulo,ChIJzStZlKVZzpQRPSywGsfYeGQ,AV. DA LIBERDADE  840 - LIBERDADE  SÃO PAULO - SP  01502-001  BRASIL,São Paulo,,SP,BR,01502-001,-23.5599234,-46.6381645,Health & Beauty,,4,bigquery,
FARMÁCIA PAGUE MENOS,Farmácia Pague Menos,ChIJzXkuPgqMpJIRGNWRNTOS_oQ,TV. ANGUSTURA  2658 - MARCO  BELÉM - PA  66087-710  BRASIL,Belém,,PA,BR,66087-710,-1.4307787,-48.4628825,Health & Beauty,,4,bigquery,
DROGA RAIA,Droga Raia,ChIJzdNHnwNQzpQRAVkVugLXCt8,CEP: 04661903 - AV. INTERLAGOS  2255 - JARDIM UMUARAMA  SÃO PAULO - SP  04661-903  BRASIL,São Paulo,,SP,BR,04661-903,-23.6738582,-46.6775149,Health & Beauty,,4,bigquery,
DROGARIA LISBOA,Drogaria Lisboa,ChIJzeEfxsqxnZMR1jYhn32PX8Y,RUA MANAIRA  308 - PEDREGAL  CUIABÁ - MT  78060-450  BRASIL,Cuiabá,,MT,BR,78060-450,-15.597536,-56.0722044,Health & Beauty,,4,bigquery,
PERSONNALITÉ FARMÁCIA DE MANIPULAÇÃO,Personnalité Farmácia De Manipulação,ChIJzf3pHYFJxwcR8UdZC9M80GQ,AV. ANTÔNIO SALES  1031 - JOAQUIM TÁVORA  FORTALEZA   FORTALEZA - CE  60135-101  BRASIL,Fortaleza,,CE,BR,60135-101,-3.7421824,-38.5124634,"drugstore,store,health,point_of_interest,establishment",,4,bigquery,
DROGASIL,Drogasil,ChIJzymEXPv4zpQRphALyo3fWts,AV. RAIMUNDO PEREIRA DE MAGALHÃES  1465 - SUC 1035 PISO TERREO - IRIS  SÃO PAULO - SP  05145-000  BRASIL,São Paulo,,SP,BR,05145-000,-23.5065578,-46.7185534,Health & Beauty,,4,bigquery,
DROGA RAIA,Droga Raia,ChIJzywU6ABazpQRnChrwDqx2Fg,AV. LAVANDISCA  296 - INDIANÓPOLIS  SÃO PAULO - SP  04515-010  BRASIL,São Paulo,,SP,BR,04515-010,-23.6009173,-46.6668946,Health & Beauty,,4,bigquery,
Drogasil,Drogasil,ChIJaY0lI_9ZzpQRHcEi__maD-w,"R. Afonso Braz, 292 - 290 e 302 - Vila Nova Conceição, São Paulo - SP, 04511-000, Brazil",São Paulo,,SP,BR,04511000,-23.5955431,-46.6665864,"pharmacy,health,store,point_of_interest,establishment",,3.9,bigquery,"{""source"":""google_places_augment"",""types"":[""pharmacy"",""health"",""store"",""point_of_interest"",""establishment""],""rating"":3.9}"
Drogasil,Drogasil,ChIJcweC455XzpQRghMNe8F4pG8,"R. Teodoro Sampaio, 1914 - Pinheiros, São Paulo - SP, 05406-150, Brazil",São Paulo,,SP,BR,05406150,-23.563218199999998,-46.6871605,"pharmacy,point_of_interest,health,store,establishment",,3.9,bigquery,"{""source"":""google_places_augment"",""types"":[""pharmacy"",""point_of_interest"",""health"",""store"",""establishment""],""rating"":3.9}"
Drogasil,Drogasil,ChIJf69NSBVYzpQRCXTGinoPf8o,"Alameda Barão de Limeira, 1087 - Campos Elíseos, São Paulo - SP, 01202-002, Brazil",São Paulo,,SP,BR,01202002,-23.5324268,-46.6496098,"pharmacy,health,store,point_of_interest,establishment",,3.9,bigquery,"{""source"":""google_places_augment"",""types"":[""pharmacy"",""health"",""store"",""point_of_interest"",""establishment""],""rating"":3.9}"
Drogasil,Drogasil,ChIJlYjyBVNRzpQR0JkkkZzlW38,"R. José da Silva Ribeiro, 437 - Vila Andrade, São Paulo - SP, 05726-130, Brazil",São Paulo,,SP,BR,05726130,-23.6254335,-46.741302,"pharmacy,store,health,point_of_interest,establishment",,3.9,bigquery,"{""source"":""google_places_augment"",""types"":[""pharmacy"",""store"",""health"",""point_of_interest"",""establishment""],""rating"":3.9}"
Drogasil,Drogasil,ChIJm8LFDK1bzpQRFHeH89992Yw,"R. Napoleão de Barros, 1248 - Vila Clementino, São Paulo - SP, 04024-003, Brazil",São Paulo,,SP,BR,04024003,-23.602566600000003,-46.6446481,"pharmacy,store,point_of_interest,health,establishment",,3.9,bigquery,"{""source"":""google_places_augment"",""types"":[""pharmacy"",""store"",""point_of_interest"",""health"",""establishment""],""rating"":3.9}"
Drogasil,Drogasil,ChIJrXparj1YzpQRS8bYvSXf2h8,"R. Baronesa de Itu, 495 - Santa Cecilia, São Paulo - SP, 01231-001, Brazil",São Paulo,,SP,BR,01231001,-23.5394239,-46.657898599999996,"pharmacy,store,health,point_of_interest,establishment",,3.9,bigquery,"{""source"":""google_places_augment"",""types"":[""pharmacy"",""store"",""health"",""point_of_interest"",""establishment""],""rating"":3.9}"
Drogasil,Drogasil,ChIJtyEXyo1bzpQRF7GVHRZJV_E,"R. Silva Bueno, 2130 - Ipiranga, São Paulo - SP, 04208-002, Brazil",São Paulo,,SP,BR,04208002,-23.5973582,-46.6010084,"pharmacy,store,point_of_interest,health,establishment",,3.9,bigquery,"{""source"":""google_places_augment"",""types"":[""pharmacy"",""store"",""point_of_interest"",""health"",""establishment""],""rating"":3.9}"
DROGASIL,Drogasil,ChIJwX-BWOpZzpQRFCnAg3dg3cA,"Av. Marquês de S. Vicente, 349 - LOJA A - Barra Funda, São Paulo - SP, 01139-001, Brazil",São Paulo,,SP,BR,01139001,-23.5222561,-46.663314299999996,"pharmacy,health,point_of_interest,store,establishment",,3.9,bigquery,"{""source"":""google_places_augment"",""types"":[""pharmacy"",""health"",""point_of_interest"",""store"",""establishment""],""rating"":3.9}"
Drogasil,Drogasil,ChIJ31-wn6T3zpQRHn3aRKe-6fI,"R. Zilda, 637 - Casa Verde Alta, São Paulo - SP, 02545-000, Brazil",São Paulo,,SP,BR,02545000,-23.4940656,-46.6618335,"pharmacy,health,point_of_interest,store,establishment",,3.8,bigquery,"{""source"":""google_places_augment"",""types"":[""pharmacy"",""health"",""point_of_interest"",""store"",""establishment""],""rating"":3.8}"
Drogasil,Drogasil,ChIJC40wiXlXzpQRpN-uzwSVAMA,"Alameda Gabriel Monteiro da Silva, 892 - Jardim America, São Paulo - SP, 01442-000, Brazil",São Paulo,,SP,BR,01442000,-23.567753,-46.6788634,"pharmacy,store,health,point_of_interest,establishment",,3.8,bigquery,"{""source"":""google_places_augment"",""types"":[""pharmacy"",""store"",""health"",""point_of_interest"",""establishment""],""rating"":3.8}"
Drogasil,Drogasil,ChIJGZ3_6TpezpQRSi9o3I0JgpE,"Av. Amador Bueno da Veiga, 1950 - Penha de França, São Paulo - SP, 03636-100, Brazil",São Paulo,,SP,BR,03636100,-23.5220345,-46.527009199999995,"pharmacy,health,point_of_interest,store,establishment",,3.8,bigquery,"{""source"":""google_places_augment"",""types"":[""pharmacy"",""health"",""point_of_interest"",""store"",""establishment""],""rating"":3.8}"
Drogasil,Drogasil,ChIJWW7smzRYzpQR49ppHxP0xVs,"RUA AUGUSTA, 1065 - 1067 - 1071 - 1073 - 1077 - Jardins, São Paulo - SP, 01305-100, Brazil",São Paulo,,SP,BR,01305100,-23.5539833,-46.6555793,"pharmacy,health,point_of_interest,store,establishment",,3.8,bigquery,"{""source"":""google_places_augment"",""types"":[""pharmacy"",""health"",""point_of_interest"",""store"",""establishment""],""rating"":3.8}"
Drogasil,Drogasil,ChIJXccJBzFczpQRjWXJ6M9tRQM,"Av. Sapopemba, 2848 - 2850 - Vila Reg. Feijó, São Paulo - SP, 03345-000, Brazil",São Paulo,,SP,BR,03345000,-23.5732908,-46.5615411,"pharmacy,health,point_of_interest,store,establishment",,3.8,bigquery,"{""source"":""google_places_augment"",""types"":[""pharmacy"",""health"",""point_of_interest"",""store"",""establishment""],""rating"":3.8}"
Drogasil,Drogasil,ChIJZ3_T73xZzpQR8Mwnwd8lOQw,"Av. Lins de Vasconcelos, 1837 - Cambuci, São Paulo - SP, 01537-001, Brazil",São Paulo,,SP,BR,01537001,-23.5795663,-46.623956199999995,"pharmacy,store,point_of_interest,health,establishment",,3.8,bigquery,"{""source"":""google_places_augment"",""types"":[""pharmacy"",""store"",""point_of_interest"",""health"",""establishment""],""rating"":3.8}"
Drogasil,Drogasil,ChIJZ8zQV4hZzpQR8847YSEboHs,"R. Joaquim Távora, 1159 - Vila Mariana, São Paulo - SP, 04015-002, Brazil",São Paulo,,SP,BR,04015002,-23.5871678,-46.6434378,"pharmacy,store,point_of_interest,health,establishment",,3.8,bigquery,"{""source"":""google_places_augment"",""types"":[""pharmacy"",""store"",""point_of_interest"",""health"",""establishment""],""rating"":3.8}"
Drogasil,Drogasil,ChIJaz96eZBezpQRrVyfRdiwxQA,"R. Emília Marengo, 84 - Jardim Analia Franco, São Paulo - SP, 03336-010, Brazil",São Paulo,,SP,BR,03336010,-23.553158699999997,-46.5664137,"pharmacy,health,point_of_interest,store,establishment",,3.8,bigquery,"{""source"":""google_places_augment"",""types"":[""pharmacy"",""health"",""point_of_interest"",""store"",""establishment""],""rating"":3.8}"
Drogasil,Drogasil,ChIJbe7azilczpQRIwaelfldj2k,"nivel tulipa - Av. Reg. Feijó, 1759 - Loja TL 8 - Jardim Analia Franco, São Paulo - SP, 03342-000, Brazil",São Paulo,,SP,BR,03342000,-23.561365499999997,-46.5603552,"pharmacy,health,point_of_interest,store,establishment",,3.8,bigquery,"{""source"":""google_places_augment"",""types"":[""pharmacy"",""health"",""point_of_interest"",""store"",""establishment""],""rating"":3.8}"
Drogasil,Drogasil,ChIJh-2tQQRczpQR1YRYDvLDPsQ,"Av. Paes de Barros, 2885 - Mooca, São Paulo - SP, 03115-001, Brazil",São Paulo,,SP,BR,03115001,-23.574991400000002,-46.5870349,"pharmacy,health,point_of_interest,store,establishment",,3.8,bigquery,"{""source"":""google_places_augment"",""types"":[""pharmacy"",""health"",""point_of_interest"",""store"",""establishment""],""rating"":3.8}"
Drogasil,Drogasil,ChIJhwEzPjdYzpQRSpyOk0Mr77A,"R. Sabará, 442 - Higienópolis, São Paulo - SP, 01239-010, Brazil",São Paulo,,SP,BR,01239010,-23.5471135,-46.655348,"pharmacy,health,store,point_of_interest,establishment",,3.8,bigquery,"{""source"":""google_places_augment"",""types"":[""pharmacy"",""health"",""store"",""point_of_interest"",""establishment""],""rating"":3.8}"
Drogasil,Drogasil,ChIJk3NPkcdZzpQRC4zWR3GHfn8,"Av. Paulista, 995 - Loja 5 e 6 - Bela Vista, São Paulo - SP, 01311-100, Brazil",São Paulo,,SP,BR,01311100,-23.565479099999997,-46.6521936,"pharmacy,health,store,point_of_interest,establishment",,3.8,bigquery,"{""source"":""google_places_augment"",""types"":[""pharmacy"",""health"",""store"",""point_of_interest"",""establishment""],""rating"":3.8}"
Drogasil,Drogasil,ChIJnaYwUeRbzpQRlDtiDAb1bEM,"R. Cipriano Barata, 1534 - Ipiranga, São Paulo - SP, 04205-001, Brazil",São Paulo,,SP,BR,04205001,-23.583058599999998,-46.6059938,"pharmacy,store,point_of_interest,health,establishment",,3.8,bigquery,"{""source"":""google_places_augment"",""types"":[""pharmacy"",""store"",""point_of_interest"",""health"",""establishment""],""rating"":3.8}"
Drogasil,Drogasil,ChIJo-LfIm1ZzpQRm8Isq6WEbzQ,"Largo do Cambuci, 212 - Cambuci, São Paulo - SP, 01523-010, Brazil",São Paulo,,SP,BR,01523010,-23.563515,-46.6203024,"pharmacy,health,store,point_of_interest,establishment",,3.8,bigquery,"{""source"":""google_places_augment"",""types"":[""pharmacy"",""health"",""store"",""point_of_interest"",""establishment""],""rating"":3.8}"
Drogasil,Drogasil,ChIJu-lODZj4zpQRDA2nttdHuyw,"Rua Brentano, 597 - ES - AV IMP LEOPOLDINA, 1549 - Vila Hamburguesa, São Paulo - SP, 05302-041, Brazil",São Paulo,,SP,BR,05302041,-23.5340293,-46.7279011,"pharmacy,store,point_of_interest,health,establishment",,3.8,bigquery,"{""source"":""google_places_augment"",""types"":[""pharmacy"",""store"",""point_of_interest"",""health"",""establishment""],""rating"":3.8}"
Drogasil,Drogasil,ChIJ3Unwc8RZzpQROdloSj5g5ms,"R. Batataes, 444 - Jardim Paulista, São Paulo - SP, 01423-010, Brazil",São Paulo,,SP,BR,01423010,-23.570027399999997,-46.6574461,"pharmacy,store,health,point_of_interest,establishment",,3.7,bigquery,"{""source"":""google_places_augment"",""types"":[""pharmacy"",""store"",""health"",""point_of_interest"",""establishment""],""rating"":3.7}"
Drogasil,Drogasil,ChIJ64C0W5ZQzpQRqM2j9Jdsvos,"RUA JOAQUIM NABUCO, 237 - R. Barão do Triunfo, 456 - Brooklin, São Paulo - SP, 04621-002, Brazil",São Paulo,,SP,BR,04621002,-23.6243192,-46.683079299999996,"pharmacy,health,point_of_interest,store,establishment",,3.7,bigquery,"{""source"":""google_places_augment"",""types"":[""pharmacy"",""health"",""point_of_interest"",""store"",""establishment""],""rating"":3.7}"
Drogasil,Drogasil,ChIJ6xHHMpVXzpQRzxwWUhVdLXE,"R. Heitor Penteado, 1220 - 1220 - Sumarezinho, São Paulo - SP, 05438-300, Brazil",São Paulo,,SP,BR,05438300,-23.5467011,-46.6900215,"pharmacy,health,point_of_interest,store,establishment",,3.7,bigquery,"{""source"":""google_places_augment"",""types"":[""pharmacy"",""health"",""point_of_interest"",""store"",""establishment""],""rating"":3.7}"
Drogasil,Drogasil,ChIJBRB8-yhWzpQRz8c-2fcSzCM,"Av. Diógenes Ribeiro de Lima, 2066 - Alto de Pinheiros, São Paulo - SP, 05458-001, Brazil",São Paulo,,SP,BR,05458001,-23.5412918,-46.7165098,"pharmacy,health,point_of_interest,store,establishment",,3.7,bigquery,"{""source"":""google_places_augment"",""types"":[""pharmacy"",""health"",""point_of_interest"",""store"",""establishment""],""rating"":3.7}"
Drogasil,Drogasil,ChIJFZ8vXbpbzpQR2UL9X-U6XJM,"R. Vig. Albernaz, 784 - Vila Gumercindo, São Paulo - SP, 04134-021, Brazil",São Paulo,,SP,BR,04134021,-23.607324499999997,-46.6210008,"pharmacy,store,point_of_interest,health,establishment",,3.7,bigquery,"{""source"":""google_places_augment"",""types"":[""pharmacy"",""store"",""point_of_interest"",""health"",""establishment""],""rating"":3.7}"
Drogasil,Drogasil,ChIJHXpRt2dYzpQRtJA4cL835tk,"R. José Paulino, 577 - Bom Retiro, São Paulo - SP, 01120-001, Brazil",São Paulo,,SP,BR,01120001,-23.5293402,-46.6401946,"pharmacy,health,store,point_of_interest,establishment",,3.7,bigquery,"{""source"":""google_places_augment"",""types"":[""pharmacy"",""health"",""store"",""point_of_interest"",""establishment""],""rating"":3.7}"
Ultrafarma - Rua da Moóca,Ultrafarma,ChIJKVzX9DFZzpQRYelqKO-wBLs,"R. da Mooca, 2274 - Mooca, São Paulo - SP, 03104-002, Brazil",São Paulo,,SP,BR,03104002,-23.555300300000003,-46.6031013,"pharmacy,store,health,point_of_interest,establishment",,3.7,bigquery,"{""source"":""google_places_augment"",""types"":[""pharmacy"",""store"",""health"",""point_of_interest"",""establishment""],""rating"":3.7}"
Drogasil,Drogasil,ChIJQdWiE7lXzpQRRmN-Kgz7OOU,"R. Natingui, 818 - Vila Madalena, São Paulo - SP, 05443-001, Brazil",São Paulo,,SP,BR,05443001,-23.553818,-46.6963947,"pharmacy,health,point_of_interest,store,establishment",,3.7,bigquery,"{""source"":""google_places_augment"",""types"":[""pharmacy"",""health"",""point_of_interest"",""store"",""establishment""],""rating"":3.7}"
Drogasil,Drogasil,ChIJa8q-3JJezpQRpjVQWaqVNhE,"R. Serra de Bragança, 922 - loja 1 - Tatuapé, São Paulo - SP, 03318-000, Brazil",São Paulo,,SP,BR,03318000,-23.5446949,-46.566282099999995,"pharmacy,health,point_of_interest,store,establishment",,3.7,bigquery,"{""source"":""google_places_augment"",""types"":[""pharmacy"",""health"",""point_of_interest"",""store"",""establishment""],""rating"":3.7}"
Drogasil,Drogasil,ChIJi2wL6l5XzpQRcmD8IQz9Hl0,"R. Joaquim Floriano, 397 - 405 - Itaim Bibi, São Paulo - SP, 04534-011, Brazil",São Paulo,,SP,BR,04534011,-23.5846645,-46.6738737,"pharmacy,store,health,point_of_interest,establishment",,3.7,bigquery,"{""source"":""google_places_augment"",""types"":[""pharmacy"",""store"",""health"",""point_of_interest"",""establishment""],""rating"":3.7}"
Ultrafarma Popular Alto da Mooca,Ultrafarma,ChIJifagyGxfzpQR4kaYatFOYC0,"R. do Oratório, 1312 - Alto da Mooca, São Paulo - SP, 03116-000, Brazil",São Paulo,,SP,BR,03116000,-23.563622499999997,-46.590946599999995,"pharmacy,health,store,point_of_interest,establishment",,3.7,bigquery,"{""source"":""google_places_augment"",""types"":[""pharmacy"",""health"",""store"",""point_of_interest"",""establishment""],""rating"":3.7}"
Drogasil,Drogasil,ChIJlwR0g2z2zpQRD4_gzXHQG2I,"Av. Tucuruvi, 403 - Tucuruvi, São Paulo - SP, 02305-001, Brazil",São Paulo,,SP,BR,02305001,-23.479620999999998,-46.607596099999995,"pharmacy,health,point_of_interest,store,establishment",,3.7,bigquery,"{""source"":""google_places_augment"",""types"":[""pharmacy"",""health"",""point_of_interest"",""store"",""establishment""],""rating"":3.7}"
Drogasil,Drogasil,ChIJy5mrGMJezpQRuR-zjcsTZYI,"R. Tuiuti, 1839 - Tatuapé, São Paulo - SP, 03307-005, Brazil",São Paulo,,SP,BR,03307005,-23.541629099999998,-46.5750636,"pharmacy,health,point_of_interest,store,establishment",,3.7,bigquery,"{""source"":""google_places_augment"",""types"":[""pharmacy"",""health"",""point_of_interest"",""store"",""establishment""],""rating"":3.7}"
Drogasil,Drogasil,ChIJzwSRODpYzpQRMfYs5r7gULo,"Av. Angélica, 1397 - Consolação, São Paulo - SP, 01227-100, Brazil",São Paulo,,SP,BR,01227100,-23.544971999999998,-46.6570901,"pharmacy,health,point_of_interest,store,establishment",,3.7,bigquery,"{""source"":""google_places_augment"",""types"":[""pharmacy"",""health"",""point_of_interest"",""store"",""establishment""],""rating"":3.7}"
Drogasil,Drogasil,ChIJHcOS43hWzpQRFRuDgiVYc5M,"Rua Maraechal - Av. Mal. Fiuza de Castro, S/N - Box 11 - Jardim Pinheiros, São Paulo - SP, 05596-000, Brazil",São Paulo,,SP,BR,05596000,-23.584597,-46.746916,"pharmacy,health,store,point_of_interest,establishment",,3.6,bigquery,"{""source"":""google_places_augment"",""types"":[""pharmacy"",""health"",""store"",""point_of_interest"",""establishment""],""rating"":3.6}"
Droga Raia,Droga Raia,ChIJJTUKbMVbzpQR_oyZqlD5D5w,"Rua Vergueiro, 4999 - Loja 3 - Vila Mariana, São Paulo - SP, 04101-300, Brazil",São Paulo,,SP,BR,04101300,-23.5926498,-46.6212173,"pharmacy,health,store,point_of_interest,establishment",,3.6,bigquery,"{""source"":""google_places_augment"",""types"":[""pharmacy"",""health"",""store"",""point_of_interest"",""establishment""],""rating"":3.6}"
Drogasil,Drogasil,ChIJOymuZ05azpQRsntlrD1OawY,"R. Carneiro da Cunha, 337 - Vila da Saúde, São Paulo - SP, 04144-000, Brazil",São Paulo,,SP,BR,04144000,-23.6161681,-46.6365438,"pharmacy,health,point_of_interest,store,establishment",,3.6,bigquery,"{""source"":""google_places_augment"",""types"":[""pharmacy"",""health"",""point_of_interest"",""store"",""establishment""],""rating"":3.6}"
Drogasil,Drogasil,ChIJgTeMS5ZXzpQRL-JjDBPkSzc,"Rua Harmonia, 373 - Loja 1 - Sumarezinho, São Paulo - SP, 05435-000, Brazil",São Paulo,,SP,BR,05435000,-23.554852399999998,-46.6885092,"pharmacy,health,point_of_interest,store,establishment",,3.6,bigquery,"{""source"":""google_places_augment"",""types"":[""pharmacy"",""health"",""point_of_interest"",""store"",""establishment""],""rating"":3.6}"
Drogasil,Drogasil,ChIJiTffLmxczpQRMT3kxo4JtRw,"R. Ibitirama, 1235 - 1239 - Vila Prudente, São Paulo - SP, 03133-200, Brazil",São Paulo,,SP,BR,03133200,-23.591126799999998,-46.5807149,"pharmacy,health,point_of_interest,store,establishment",,3.6,bigquery,"{""source"":""google_places_augment"",""types"":[""pharmacy"",""health"",""point_of_interest"",""store"",""establishment""],""rating"":3.6}"
Drogasil,Drogasil,ChIJlWyxDRpazpQRG8SxgmLboiI,"Av. Açocê, 368 - Indianópolis, São Paulo - SP, 04075-022, Brazil",São Paulo,,SP,BR,04075022,-23.6034454,-46.6570896,"pharmacy,store,point_of_interest,health,establishment",,3.6,bigquery,"{""source"":""google_places_augment"",""types"":[""pharmacy"",""store"",""point_of_interest"",""health"",""establishment""],""rating"":3.6}"
Drogasil,Drogasil,ChIJweuOJAD5zpQR80mH4D3vTss,"Av. Santa Mônica, 550 - Jardim Santa Monica, São Paulo - SP, 05171-000, Brazil",São Paulo,,SP,BR,05171000,-23.4789912,-46.7475137,"pharmacy,health,point_of_interest,store,establishment",,3.6,bigquery,"{""source"":""google_places_augment"",""types"":[""pharmacy"",""health"",""point_of_interest"",""store"",""establishment""],""rating"":3.6}"
Drogasil,Drogasil,ChIJ-TRjcgBZzpQR26xu8FRpY18,"R. das Palmeiras, 303 - Vila Buarque, São Paulo - SP, 01226-011, Brazil",São Paulo,,SP,BR,01226011,-23.5371928,-46.6520896,"drugstore,health,point_of_interest,store,establishment",,3.5,bigquery,"{""source"":""google_places_augment"",""types"":[""drugstore"",""health"",""point_of_interest"",""store"",""establishment""],""rating"":3.5}"
Drogasil,Drogasil,ChIJE70RV9tZzpQRldMYYnDBVq0,"R. Pamplona, 1792 - Jardim Paulista, São Paulo - SP, 01405-002, Brazil",São Paulo,,SP,BR,01405002,-23.571424099999998,-46.661538,"pharmacy,store,point_of_interest,health,establishment",,3.5,bigquery,"{""source"":""google_places_augment"",""types"":[""pharmacy"",""store"",""point_of_interest"",""health"",""establishment""],""rating"":3.5}"
Drogasil,Drogasil,ChIJh8Fb1TdZzpQRIJI_Wj-NSO4,"R. da Mooca, 2526 - Mooca, São Paulo - SP, 03104-002, Brazil",São Paulo,,SP,BR,03104002,-23.5556649,-46.6006833,"pharmacy,health,point_of_interest,store,establishment",,3.5,bigquery,"{""source"":""google_places_augment"",""types"":[""pharmacy"",""health"",""point_of_interest"",""store"",""establishment""],""rating"":3.5}"
Drogasil,Drogasil,ChIJyc9zII9VzpQRop8ICSLkVmw,"Av. Raposo Tavares - Carrefour Carrefour Raposo - SP-270, KM 17 - Jardim Cambara, São Paulo - SP, 05576-200, Brazil",São Paulo,,SP,BR,05576200,-23.5852349,-46.7789151,"pharmacy,store,point_of_interest,health,establishment",,3.4,bigquery,"{""source"":""google_places_augment"",""types"":[""pharmacy"",""store"",""point_of_interest"",""health"",""establishment""],""rating"":3.4}"
Drogasil,Drogasil,ChIJ-2NyVHX3zpQRFRcY3I7m8GU,"Av. Dr. Antônio Maria Laet, 566 - 566 - Parada Inglesa, São Paulo - SP, 02240-000, Brazil",São Paulo,,SP,BR,02240000,-23.480009499999998,-46.6031865,"pharmacy,health,point_of_interest,store,establishment",,3.3,bigquery,"{""source"":""google_places_augment"",""types"":[""pharmacy"",""health"",""point_of_interest"",""store"",""establishment""],""rating"":3.3}"
ULTRA FARMA - IPIRANGA,Ipiranga,ChIJS621qY9bzpQR-pbA3_vT4vA,"R. Silva Bueno, 2533 - Loja - 11 - Ipiranga, São Paulo - SP, 04208-062, Brazil",São Paulo,,SP,BR,04208062,-23.601234599999998,-46.6004364,"pharmacy,manufacturer,store,health,point_of_interest,establishment",,3.3,bigquery,"{""source"":""google_places_augment"",""types"":[""pharmacy"",""manufacturer"",""store"",""health"",""point_of_interest"",""establishment""],""rating"":3.3}"
Drogasil,Drogasil,ChIJKbQEWy__zpQRbceIfuM1Rp8,"Av. Leão Machado, 100 - Loja P 8 - Piso 2 - Vila Lageado, São Paulo - SP, 05340-002, Brazil",São Paulo,,SP,BR,05340002,-23.5475535,-46.7570796,"pharmacy,store,point_of_interest,health,establishment",,3.1,bigquery,"{""source"":""google_places_augment"",""types"":[""pharmacy"",""store"",""point_of_interest"",""health"",""establishment""],""rating"":3.1}"
FARMÁCIA PAGUE MENOS,Farmácia Pague Menos,ChIJ-TwuB0b2zpQR4OMgQduS96c,AVENIDA ÁGUA FRIA  772 774   778 - ÁGUA FRIA  SÃO PAULO - SP  02332-000  BRASIL,São Paulo,,SP,BR,02332-000,-23.4818962,-46.6217262,Health & Beauty,,3,bigquery,
A FÓRMULA | DOCA,A Fórmula | Doca,ChIJ-bk395eOpJIRqjqdnOl2vWM,AV. VISC. DE SOUZA FRANCO  729 - UMARIZAL  BELÉM - PA  66053-000  BRASIL,Belém,,PA,BR,66053-000,-1.4444531,-48.4891379,"pharmacy,drugstore,health,point_of_interest,store,establishment",,3,bigquery,
FARMÁCIA PAGUE MENOS,Farmácia Pague Menos,ChIJ-c7ywJGxnZMR1wjBXjXqOJg,AV. ISAAC PÓVOAS  807 - CENTRO  CUIABÁ - MT  78005-000  BRASIL,Cuiabá,,MT,BR,78005-000,-15.5952011,-56.1019185,Health & Beauty,,3,bigquery,
FARMÁCIA PAGUE MENOS,Farmácia Pague Menos,ChIJ08EFgWdJxwcRnFa79bqOuDI,AV. HUMBERTO MONTE  1235 - BELA VISTA  FORTALEZA - CE  60442-611  BRASIL,Fortaleza,,CE,BR,60442-611,-3.7487683,-38.5611288,Health & Beauty,,3,bigquery,
DROGASIL,Drogasil,ChIJ09bWU5mxnZMRSWXG4vrzgNE,AV. GEN. MELLO  125 - DOM AQUINO  CUIABÁ - MT  78015-300  BRASIL,Cuiabá,,MT,BR,78015-300,-15.6036518,-56.0943382,Health & Beauty,,3,bigquery,
DROGARIA SÃO PAULO,Drogaria São Paulo,ChIJ0RzVUuVazpQRwvnTaKqCClk,AV. ENG. ARMANDO DE ARRUDA PEREIRA  1009 - VILA GUARANI  SÃO PAULO - SP  04311-001  BRASIL,São Paulo,,SP,BR,04311-001,-23.636288,-46.6410296,Health & Beauty,,3,bigquery,
DROGA RAIA,Droga Raia,ChIJ13mbddJZzpQRK0RC_rD25Es,R. PADRE JOÃO MANUEL  241 - CERQUEIRA CÉSAR  SÃO PAULO - SP  01411-001  BRASIL,São Paulo,,SP,BR,01411-001,-23.5608329,-46.6608252,Health & Beauty,,3,bigquery,
DROGA RAIA,Droga Raia,ChIJ16mYuMNZzpQRxTIvTjnv-co,ALAMEDA LORENA  276 - 270 - JARDIM PAULISTA  SÃO PAULO - SP  01424-000  BRASIL,São Paulo,,SP,BR,01424-000,-23.5718469,-46.6572708,Health & Beauty,,3,bigquery,
FARMÁCIA PAGUE MENOS,Farmácia Pague Menos,ChIJ24aL66NOxwcRm1eFV3noFDE,RUA GERMANO FRANCK  300 - LOJAS 176/177 - PARANGABA  FORTALEZA - CE  60740-020  BRASIL,Fortaleza,,CE,BR,60740-020,-3.7761113,-38.5623195,Health & Beauty,,3,bigquery,
FARMÁCIA PAGUE MENOS,Farmácia Pague Menos,ChIJ2Zj8ojWxnZMRBtcAvQkOEjQ,R. SAFIRA  1 - BOSQUE DA SAUDE  CUIABÁ - MT  78050-060  BRASIL,Cuiabá,,MT,BR,78050-060,-15.5919513,-56.0830736,Health & Beauty,,3,bigquery,
EXTRAFARMA,Extrafarma,ChIJ2dMCTfuNpJIRMbRxREqEGlA,AV. ALM. BARROSO  1892 - MARCO  BELÉM - PA  66093-033  BRASIL,Belém,,PA,BR,66093-033,-1.4340436,-48.4567329,Health & Beauty,,3,bigquery,
DROGARIAS ULTRA POPULAR,Drogarias Ultra Popular,ChIJ32iDAgFJxwcRRZsBe3qHPkI,AV. FRANCISCO SÁ  4428/4430 - ÁLVARO WEYNE  FORTALEZA - CE  60335-198  BRASIL,Fortaleza,,CE,BR,60335-198,-3.7149295,-38.564311,Health & Beauty,,3,bigquery,
DROGARIA SÃO PAULO,Drogaria São Paulo,ChIJ36bCqqxhzpQRgslddMXqLuU,AV. PIRES DO RIO  1856 - JARDIM SAO SEBASTIAO  SÃO PAULO - SP  08041-000  BRASIL,São Paulo,,SP,BR,08041-000,-23.5129433,-46.4438813,Health & Beauty,,3,bigquery,
ULTRAFARMA POPULAR JARDIM CASA GRANDE,Ultrafarma,ChIJ3btfbi1JzpQRKLI6Is0B3Eg,AV. SEN. TEOTÔNIO VILELA  8928 - JARDIM CASA GRANDE  SÃO PAULO - SP  04858-002  BRASIL,São Paulo,,SP,BR,04858-002,-23.7728885,-46.7204925,"drugstore,pharmacy,health,clothing_store,store,point_of_interest,establishment",,3,bigquery,
FARMÁCIA PAGUE MENOS,Farmácia Pague Menos,ChIJ413RV29OxwcRpRyKznJXwMI,AV. BERNARDO MANUEL  9978 - DENDÊ  FORTALEZA - CE  60761-282  BRASIL,Fortaleza,,CE,BR,60761-282,-3.8060473,-38.5538607,Health & Beauty,,3,bigquery,
FARMÁCIA PAGUE MENOS,Farmácia Pague Menos,ChIJ4fnlxtBZzpQRQAVa_NgBWGY,R. OSCAR FREIRE  299 - CERQUEIRA CÉSAR  SÃO PAULO - SP  01426-001  BRASIL,São Paulo,,SP,BR,01426-001,-23.5668636,-46.664882,Health & Beauty,,3,bigquery,
ULTRAFARMA AMERICANÓPOLIS,Ultrafarma,ChIJ53aGhC9FzpQRGP6q0dTTxgc,AV. YERVANT KISSAJIKIAN  2277 - AMERICANÓPOLIS  SÃO PAULO - SP  04428-010  BRASIL,São Paulo,,SP,BR,04428-010,-23.6766623,-46.6590354,"drugstore,point_of_interest,health,store,establishment",,3,bigquery,
FARMÁCIA PAGUE MENOS,Farmácia Pague Menos,ChIJ5fEDn3FezpQRTcd6sZoIVQE,AV. CONSELHEIRO CARRÃO  2041 - VILA CARRAO  SÃO PAULO - SP  03403-001  BRASIL,São Paulo,,SP,BR,03403-001,-23.5467343,-46.5414055,Health & Beauty,,3,bigquery,
DROGASIL,Drogasil,ChIJ6WWikGGxnZMRxnlPOWfZ7b8,AV. ÉRICO PREZA  700 - JARDIM ITÁLIA  CUIABÁ - MT  78060-758  BRASIL,Cuiabá,,MT,BR,78060-758,-15.6011586,-56.0570726,Health & Beauty,,3,bigquery,
DROGASIL,Drogasil,ChIJ6xvba-JmzpQRhfWmNjuEeJg,AV. LÍDER  1892 - 1926 - CIDADE LÍDER  SÃO PAULO - SP  08280-005  BRASIL,São Paulo,,SP,BR,08280-005,-23.5570426,-46.4765286,Health & Beauty,,3,bigquery,
FARMÁCIA PAGUE MENOS,Farmácia Pague Menos,ChIJ8zY4BYVZzpQR_9R8DJQhoRk,AV. VITAL BRASIL  602 - BUTANTÃ  SÃO PAULO - SP  05503-000  BRASIL,São Paulo,,SP,BR,05503-000,-23.5705827,-46.7099091,Health & Beauty,,3,bigquery,
DROGASIL,Drogasil,ChIJ9w-vHJ9gzpQRE9TcAYQSMZE,R. ITINGUÇU  165 - VILA RÉ  SÃO PAULO - SP  03658-010  BRASIL,São Paulo,,SP,BR,03658-010,-23.523118,-46.5132452,Health & Beauty,,3,bigquery,
FARMÁCIA PAGUE MENOS,Farmácia Pague Menos,ChIJA0uAFNCxnZMR8KggOfeZ8Oo,AV. FERNANDO CORRÊA DA COSTA  1226 - JARDIM KENNEDY  CUIABÁ - MT  78065-000  BRASIL,Cuiabá,,MT,BR,78065-000,-15.6091309,-56.0796977,Health & Beauty,,3,bigquery,
FARMÁCIA PAGUE MENOS,Farmácia Pague Menos,ChIJA_AaxFv_zpQRlgvU-awofgs,AV. DOS AUTONOMISTAS  429 - VILA YARA  OSASCO - SP  06020-000  BRASIL,São Paulo,,SP,BR,06020-000,-23.5482819,-46.7606997,Health & Beauty,,3,bigquery,
FARMÁCIA PAGUE MENOS,Farmácia Pague Menos,ChIJAc12uGRJxwcR2LocYmJc6ew,AV. JOVITA FEITOSA  2777 - PARQUELÂNDIA  FORTALEZA - CE  60455-473  BRASIL,Fortaleza,,CE,BR,60455-473,-3.7412298,-38.5624737,Health & Beauty,,3,bigquery,
ULTRAFARMA POPULAR PAULA FERREIRA,Ultrafarma,ChIJAeIf2nb5zpQRM9rLxtqihsE,AV. PAULA FERREIRA  1662 - VILA PIRITUBA  SÃO PAULO - SP  02915-100  BRASIL,São Paulo,,SP,BR,02915-100,-23.4967811,-46.7123235,"pharmacy,health,store,point_of_interest,establishment",,3,bigquery,
DROGASIL,Drogasil,ChIJB2p08oaNpJIR436bNNYvNHg,AV. PEDRO MIRANDA  712 - PEDREIRA  BELÉM - PA  66085-021  BRASIL,Belém,,PA,BR,66085-021,-1.433072,-48.4749385,Health & Beauty,,3,bigquery,
FARMÁCIA PAGUE MENOS,Farmácia Pague Menos,ChIJC6XdNwdMxwcR2Fs7DxS63g4,AV. LINEU MACHADO  419 - LOJA 1009 - JÓQUEI CLUBE  FORTALEZA - CE  60520-102  BRASIL,Fortaleza,,CE,BR,60520-102,-3.7653323,-38.574833,Health & Beauty,,3,bigquery,
PHARMAGIA FARMÁCIA DE MANIPULAÇÃO E HOMEOPATIA,Pharmagia Farmácia De Manipulação E Homeopatia,ChIJCVn1Fh5QzpQRpERjgp5Qi8g,AV. INTERLAGOS  3327 - JARDIM UMUARAMA  SÃO PAULO - SP  04660-002  BRASIL,São Paulo,,SP,BR,04660-002,-23.6796266,-46.686119,"pharmacy,health,store,point_of_interest,establishment",,3,bigquery,
FARMÁCIA PAGUE MENOS,Farmácia Pague Menos,ChIJCWyxreuxnZMR7esWyBEuLUU,AV. GEN. MELLO  88 - DOM AQUINO  CUIABÁ - MT  78015-300  BRASIL,Cuiabá,,MT,BR,78015-300,-15.6035005,-56.0949557,Health & Beauty,,3,bigquery,
DROGASIL,Drogasil,ChIJC_ts3hiynZMRK2rGKFnbXNo,AV. AGRÍCOLA PAES DE BARROS  1065 - CIDADE ALTA  CUIABÁ - MT  78030-210  BRASIL,Cuiabá,,MT,BR,78030-210,-15.6071726,-56.1209336,Health & Beauty,,3,bigquery,
DROGARIAS ULTRA POPULAR,Drogarias Ultra Popular,ChIJD5RvAR5JxwcRXa9MzdgbNAE,AV. PROFESSOR GOMES DE MATOS  1050 - MONTESE  FORTALEZA - CE  60416-392  BRASIL,Fortaleza,,CE,BR,60416-392,-3.7619433,-38.5464336,Health & Beauty,,3,bigquery,
FARMÁCIA PAGUE MENOS,Farmácia Pague Menos,ChIJETVVQXpWzpQRDldDQOU0nGk,PRAÇA ISAI LEIRNER  108 - BUTANTA  SÃO PAULO - SP  05592-140  BRASIL,São Paulo,,SP,BR,05592-140,-23.5770679,-46.741462,Health & Beauty,,3,bigquery,
DROGASIL,Drogasil,ChIJF1-XEdOxnZMRJ09HZ-JecPI,AV. BRASÍLIA  443 - JARDIM DAS AMÉRICAS  CUIABÁ - MT  78060-601  BRASIL,Cuiabá,,MT,BR,78060-601,-15.6100504,-56.0717711,Health & Beauty,,3,bigquery,
FARMÁCIA PAGUE MENOS,Farmácia Pague Menos,ChIJF4KjgTVJxwcRLAF1ZC2N0q8,AV. PROFESSOR GOMES DE MATOS  1017 - MONTESE  FORTALEZA - CE  60416-530  BRASIL,Fortaleza,,CE,BR,60416-530,-3.7618274,-38.5460584,Health & Beauty,,3,bigquery,
FARMÁCIA PAGUE MENOS,Farmácia Pague Menos,ChIJFQjBFf1PxwcRb_3OogCD_iQ,R. PADRE PEDRO DE ALENCAR  540 - MESSEJANA  FORTALEZA - CE  60840-280  BRASIL,Fortaleza,,CE,BR,60840-280,-3.8326221,-38.4941532,Health & Beauty,,3,bigquery,
FARMÁCIA PAGUE MENOS,Farmácia Pague Menos,ChIJG4z5avGwnZMRTfldmV4ujto,AV. BRASIL  323 - MORADA DA SERRA  CUIABÁ - MT  78055-448  BRASIL,Cuiabá,,MT,BR,78055-448,-15.5642018,-56.0521493,Health & Beauty,,3,bigquery,
DROGARIA SÃO PAULO,Drogaria São Paulo,ChIJG_D51b1ZzpQRSe3lesk9yws,AV. PAULISTA  266 - BELA VISTA  SÃO PAULO - SP  01310-000  BRASIL,São Paulo,,SP,BR,01310-000,-23.5693227,-46.6464391,Health & Beauty,,3,bigquery,
ULTRAFARMA POPULAR - JARDIM SÃO LUÍS,Ultrafarma,ChIJGwnGa3FRzpQRMm0OLOWgsMM,JARDIM SÃO LUÍS  SÃO PAULO - SP  05805-000  BRASIL,São Paulo,,SP,BR,05805-000,-23.6528652,-46.7343236,Health & Beauty,,3,bigquery,
DROGARIA SÃO PAULO,Drogaria São Paulo,ChIJH7ZtKDhazpQR2TrdTBrDzq4,"R. DAS ROSAS, N 515 - MIRANDÓPOLIS, SÃO PAULO - SP, 04029-000",São Paulo,,SP,BR,04029-000,-23.6061497,-46.641694,Health & Beauty,,3,bigquery,
FARMÁCIA PAGUE MENOS,Farmácia Pague Menos,ChIJHZZSpG6MpJIRnP8jTPKMoAY,AV. JOÃO PAULO II  354 - MARCO  BELÉM - PA  66095-491  BRASIL,Belém,,PA,BR,66095-491,-1.4451678,-48.4602585,Health & Beauty,,3,bigquery,
FARMÁCIA PAGUE MENOS,Farmácia Pague Menos,ChIJI16NwblLxwcRJV-cGmhN-dY,AV. MISTER HULL  5506 - ANTÔNIO BEZERRA  FORTALEZA - CE  60356-682  BRASIL,Fortaleza,,CE,BR,60356-682,-3.7395496,-38.5937265,Health & Beauty,,3,bigquery,
FARMÁCIA PAGUE MENOS,Farmácia Pague Menos,ChIJI5DdleBRxwcR8sqm_MqHdek,R. N  1150 - PREF. JOSÉ WALTER  FORTALEZA - CE  60750-130  BRASIL,Fortaleza,,CE,BR,60750-130,-3.8317721,-38.5606279,Health & Beauty,,3,bigquery,
FARMÁCIA PAGUE MENOS,Farmácia Pague Menos,ChIJIULZvCpMxwcRwERAj1YOXro,AV. GODOFREDO MACIEL  2371 - MARAPONGA  FORTALEZA - CE  60710-000  BRASIL,Fortaleza,,CE,BR,60710-000,-3.7961447,-38.5695461,Health & Beauty,,3,bigquery,
FARMÁCIA PAGUE MENOS,Farmácia Pague Menos,ChIJJ2CJ9AxUzpQRP2G6cb4OIvM,ESTR. DO CAMPO LIMPO  4460 - VILA PIRAJUSSARA  SÃO PAULO - SP  05787-000  BRASIL,São Paulo,,SP,BR,05787-000,-23.6254066,-46.7649984,Health & Beauty,,3,bigquery,
FARMÁCIA PAGUE MENOS,Farmácia Pague Menos,ChIJJa7LOSNMxwcRaV9X63ggvBw,AV. GEN. OSÓRIO DE PAIVA  1854 - PARANGABA  FORTALEZA - CE  60720-000  BRASIL,Fortaleza,,CE,BR,60720-000,-3.783282,-38.5790328,Health & Beauty,,3,bigquery,
FARMÁCIA PAGUE MENOS,Farmácia Pague Menos,ChIJK26pTuZVzpQRxdFdvdoRwbI,AV. DO RIO PEQUENO  1193 - RIO PEQUENO  SÃO PAULO - SP  05379-000  BRASIL,São Paulo,,SP,BR,05379-000,-23.5685937,-46.7558692,Health & Beauty,,3,bigquery,
EXTRAFARMA,Extrafarma,ChIJKceqb6lJxwcR4E4WJhXCBg0,AV. BEZERRA DE MENEZES  2513 - SÃO GERARDO  FORTALEZA - CE  60325-004  BRASIL,Fortaleza,,CE,BR,60325-004,-3.7365455,-38.5672096,Health & Beauty,,3,bigquery,
ULTRAFARMA POPULAR,Ultrafarma,ChIJKxnqS_L2zpQRAErLUmtMav0,R. MARIA AMÁLIA LOPES AZEVEDO  990 - VILA ALBERTINA  SÃO PAULO - SP  02350-001  BRASIL,São Paulo,,SP,BR,02350-001,-23.4582132,-46.616032,Health & Beauty,,3,bigquery,
DROGA RAIA,Droga Raia,ChIJL34UvodRzpQRHndMpbRKxek,RUA PROFESSOR MANOELITO DE ORNELLAS  56 - CHÁCARA SANTO ANTÔNIO  SÃO PAULO - SP  04719-040  BRASIL,São Paulo,,SP,BR,04719-040,-23.6314531,-46.7104792,Health & Beauty,,3,bigquery,
FARMAGORA,Farmagora,ChIJM0jaHN5QzpQRcqTv7GdRiTM,AV. SANTO ALBANO  490 - VILA VERA  SÃO PAULO - SP  04296-000  BRASIL,São Paulo,,SP,BR,04296-000,-23.6185752,-46.6055111,"drugstore,store,health,point_of_interest,establishment",,3,bigquery,
FARMÁCIA PAGUE MENOS,Farmácia Pague Menos,ChIJM2HnjUhVQQURpWlRgXzgBFs,AV. JOÃO PESSOA  4547 - DAMAS  FORTALEZA - CE  60425-813  BRASIL,Fortaleza,,CE,BR,60425-813,-3.7527971,-38.5494517,Health & Beauty,,3,bigquery,
DROGARIA SÃO PAULO,Drogaria São Paulo,ChIJM8K4IWFnzpQRGVxN8KUqA6I,AV. RIO DAS PEDRAS - VILA ANTONIETA  SÃO PAULO - SP  03453-100  BRASIL,São Paulo,,SP,BR,03453-100,-23.5656595,-46.5126033,Health & Beauty,,3,bigquery,
FARMÁCIA PAGUE MENOS,Farmácia Pague Menos,ChIJM_Y4oHT4zpQR1FwN8t4_axA,R. CLÉLIA  870 - ÁGUA BRANCA  SÃO PAULO - SP  05042-000  BRASIL,São Paulo,,SP,BR,05042-000,-23.5248232,-46.6909875,Health & Beauty,,3,bigquery,
DROGA RAIA,Droga Raia,ChIJMcw7WCtRzpQRwouhmBwz21k,AV. MORUMBI  3600 - MORUMBI  SÃO PAULO - SP  05606-300  BRASIL,São Paulo,,SP,BR,05606-300,-23.5978773,-46.7089983,Health & Beauty,,3,bigquery,
FARMÁCIA PAGUE MENOS,Farmácia Pague Menos,ChIJMwIv1A-MpJIRKXy2MW52Kqw,AV. DUQUE DE CAXIAS  672 - MARCO  BELÉM - PA  66093-026  BRASIL,Belém,,PA,BR,66093-026,-1.4369876,-48.4663011,Health & Beauty,,3,bigquery,
DROGARIAS ULTRA POPULAR,Drogarias Ultra Popular,ChIJMzFYZ9WPpJIRJmKFFnX1pOw,TV. PADRE EUTÍQUIO  1087 - BATISTA CAMPOS  BELÉM - PA  66023-710  BRASIL,Belém,,PA,BR,66023-710,-1.457429,-48.494582,Health & Beauty,,3,bigquery,
DROGARIA SÃO PAULO,Drogaria São Paulo,ChIJNdJfK0n5zpQRA1Opua02W78,AV. AGENOR COUTO DE MAGALHÃES  25 - VILA PEREIRA BARRETO  SÃO PAULO - SP  05174-000  BRASIL,São Paulo,,SP,BR,05174-000,-23.4847875,-46.7409495,Health & Beauty,,3,bigquery,
FARMÁCIA PAGUE MENOS,Farmácia Pague Menos,ChIJNxuZTX-KpJIRU2UneQsMjzY,AV. AUGUSTO MONTENEGRO  S/N - PARQUE VERDE  BELÉM - PA  66635-110  BRASIL,Belém,,PA,BR,66635-110,-1.3714784,-48.4435905,Health & Beauty,,3,bigquery,
FARMÁCIA PAGUE MENOS,Farmácia Pague Menos,ChIJO1HD915KxwcRGiMxIFFwMl4,AV. PRESIDENTE COSTA E SILVA  2721 - PARQUE DOIS IRMÃOS  FORTALEZA - CE  60761-191  BRASIL,Fortaleza,,CE,BR,60761-191,-3.8209688,-38.5572253,Health & Beauty,,3,bigquery,
FARMÁCIA PAGUE MENOS,Farmácia Pague Menos,ChIJP8tKYClQxwcRBSl4EYiN1LI,AV. CASTELO DE CASTRO  674 A - JANGURUSSU  FORTALEZA - CE  60866-681  BRASIL,Fortaleza,,CE,BR,60866-681,-3.8353411,-38.5217575,Health & Beauty,,3,bigquery,
ULTRAFARMA POPULAR - UNIDADE CAMPO LIMPO,Ultrafarma,ChIJPS-IlxdVzpQRz3NyIiVEOvg,ESTR. DO CAMPO LIMPO  4329 - VILA PIRAJUSSARA  SÃO PAULO - SP  05787-000  BRASIL,São Paulo,,SP,BR,05787-000,-23.6260689,-46.7660117,Health & Beauty,,3,bigquery,
FARMÁCIA PAGUE MENOS,Farmácia Pague Menos,ChIJPXKBVGlPxwcRnMyxyGfTw8s,R. CHICO LEMOS  40 - CIDADE DOS FUNCIONÁRIOS  FORTALEZA - CE  60822-780  BRASIL,Fortaleza,,CE,BR,60822-780,-3.7883835,-38.5002481,Health & Beauty,,3,bigquery,
LAVOISIER TATUAPÉ - EUCLIDES PACHECO,Drogaria Pacheco,ChIJPYk4kYlezpQRSyOS-pyjxKc,R. EUCLIDES PACHECO  424 - VILA GOMES CARDIM  SÃO PAULO - SP  03321-000  BRASIL,São Paulo,,SP,BR,03321-000,-23.5487651,-46.5705966,"health,point_of_interest,establishment",,3,bigquery,
DROGASIL,Drogasil,ChIJPdcnPqWxnZMR-p6oBquaVfc,AV. HISTORIADOR RUBENS DE MENDONÇA  1509 - ALVORADA  CUIABÁ - MT  78050-000  BRASIL,Cuiabá,,MT,BR,78050-000,-15.5868293,-56.0823683,Health & Beauty,,3,bigquery,
FARMÁCIA PAGUE MENOS,Farmácia Pague Menos,ChIJQ3JfJPxPxwcRE5cZ1oEzQ-o,RUA DR. PERGENTINO MAIA  491 - MESSEJANA  FORTALEZA - CE  60840-045  BRASIL,Fortaleza,,CE,BR,60840-045,-3.8309861,-38.4906743,Health & Beauty,,3,bigquery,
EXTRAFARMA,Extrafarma,ChIJQSA3tYxJxwcRMHMnj_Na8SM,AV. FRANCISCO SÁ  3964 - CARLITO PAMPLONA  FORTALEZA - CE  60310-052  BRASIL,Fortaleza,,CE,BR,60310-052,-3.7162704,-38.5603652,Health & Beauty,,3,bigquery,
DROGASIL,Drogasil,ChIJQ_XIZYWxnZMR5WvkTuP0XlY,AV. PRES. GETÚLIO VARGAS  1328 - QUILOMBO  CUIABÁ - MT  78043-415  BRASIL,Cuiabá,,MT,BR,78043-415,-15.5913544,-56.1047477,Health & Beauty,,3,bigquery,
FARMÁCIA PAGUE MENOS,Farmácia Pague Menos,ChIJRUXiR8FJxwcRk5m9PWwD1LE,AV. SGT. HERMÍNIO SAMPAIO  2743 - SÃO GERARDO  FORTALEZA - CE  60320-105  BRASIL,Fortaleza,,CE,BR,60320-105,-3.7275056,-38.5648186,Health & Beauty,,3,bigquery,
FARMÁCIA PAGUE MENOS,Farmácia Pague Menos,ChIJS173xP9VzpQR-E8sKD1brS8,AV. PRES. ALTINO  522 - 528  530  532 - JAGUARÉ  SÃO PAULO - SP  05323-001  BRASIL,São Paulo,,SP,BR,05323-001,-23.5510483,-46.7484901,Health & Beauty,,3,bigquery,
ULTRAFARMA POPULAR,Ultrafarma,ChIJSbyuPnZfzpQRSeKtYqFnuz4,RUA SERAFIM POLI  321 JARDIM ANDARAÍ - PARQUE NOVO MUNDO  SÃO PAULO - SP  02169-010  BRASIL,São Paulo,,SP,BR,02169-010,-23.5195494,-46.5770872,Health & Beauty,,3,bigquery,
FARMÁCIA PAGUE MENOS,Farmácia Pague Menos,ChIJSfrtrKJRzpQRBc8HB7ZnIFg,AV. ENGENHEIRO LUÍS CARLOS BERRINI  1185 - CIDADE MONÇÕES  SÃO PAULO - SP  04571-010  BRASIL,São Paulo,,SP,BR,04571-010,-23.6072016,-46.6933597,Health & Beauty,,3,bigquery,
FARMÁCIA PAGUE MENOS,Farmácia Pague Menos,ChIJT-vVYmhMxwcRQ6X97qWUY9g,R. VITAL BRASIL  2140 - BONSUCESSO  FORTALEZA - CE  60541-705  BRASIL,Fortaleza,,CE,BR,60541-705,-3.777291,-38.5997752,Health & Beauty,,3,bigquery,
FARMÁCIA PAGUE MENOS,Farmácia Pague Menos,ChIJTQtuUNJZzpQRIsJaVAo-7h8,ALAMEDA ITU  1048 - CERQUEIRA CÉSAR  SÃO PAULO - SP  01421-001  BRASIL,São Paulo,,SP,BR,01421-001,-23.5610453,-46.6624831,Health & Beauty,,3,bigquery,
FARMÁCIAS PAGUE MENOS,Farmácia Pague Menos,ChIJUQTuVA5JxwcRXJfUL_Q_eBY,R. CARAPINIMA  2200 - 102 - BENFICA  FORTALEZA - CE  60015-303  BRASIL,Fortaleza,,CE,BR,60015-303,-3.739037,-38.539875,Health & Beauty,,3,bigquery,
FARMÁCIA PAGUE MENOS,Farmácia Pague Menos,ChIJV2SSt2KOpJIRGrQHEWRl6EE,R. DOS MUNDURUCUS  1826 - BATISTA CAMPOS  BELÉM - PA  66025-660  BRASIL,Belém,,PA,BR,66025-660,-1.4600663,-48.4888184,Health & Beauty,,3,bigquery,
FARMÁCIA PAGUE MENOS,Farmácia Pague Menos,ChIJVamKagRazpQR8NCrsp2TwsA,AV. LAVANDISCA  607 - INDIANÓPOLIS  SÃO PAULO - SP  04515-011  BRASIL,São Paulo,,SP,BR,04515-011,-23.6025745,-46.6643466,Health & Beauty,,3,bigquery,
FARMÁCIA PAGUE MENOS,Farmácia Pague Menos,ChIJW4PmFJ9QzpQRREbLD_r4CQQ,R. VIEIRA DE MORAIS  777 - CAMPO BELO  SÃO PAULO - SP  04617-012  BRASIL,São Paulo,,SP,BR,04617-012,-23.6202054,-46.6738184,Health & Beauty,,3,bigquery,
FARMÁCIA PAGUE MENOS,Farmácia Pague Menos,ChIJW6hPxeZQzpQRDTaM1QGWMyM,RUA ALEXANDRE DUMAS  1447 - JARDIM HIPICO  SÃO PAULO - SP  04717-003  BRASIL,São Paulo,,SP,BR,04717-003,-23.6319364,-46.7050324,Health & Beauty,,3,bigquery,
DROGA RAIA,Droga Raia,ChIJY0xOnVb4zpQRHM-nboTqrhY,AV. GEN. EDGAR FACÓ  648 - VILA ARCADIA  SÃO PAULO - SP  02924-200  BRASIL,São Paulo,,SP,BR,02924-200,-23.5014703,-46.7059983,Health & Beauty,,3,bigquery,
DROGARIA LW,Drogaria Lw,ChIJYQoXrAdZzpQR1b_qP9LmI60,R. OSCAR CINTRA GORDINHO  24 - LIBERDADE  SÃO PAULO - SP  01512-010  BRASIL,São Paulo,,SP,BR,01512-010,-23.5541163,-46.6296912,Health & Beauty,,3,bigquery,
FARMÁCIA PAGUE MENOS,Farmácia Pague Menos,ChIJYU_ICclJxwcRzAtiqHFU1L0,AV. JOSÉ BASTOS  4160 - RODOLFO TEÓFILO  FORTALEZA - CE  60431-086  BRASIL,Fortaleza,,CE,BR,60431-086,-3.7541213,-38.5548857,Health & Beauty,,3,bigquery,
FARMÁCIA PAGUE MENOS,Farmácia Pague Menos,ChIJYUa0jWP4zpQRPQ09hG5QzSw,R. DOZE DE OUTUBRO  387 - LAPA  SÃO PAULO - SP  05073-001  BRASIL,São Paulo,,SP,BR,05073-001,-23.521466,-46.7047026,Health & Beauty,,3,bigquery,
DROGA RAIA,Droga Raia,ChIJYWz7_qpZzpQR8O-u_xVnLF0,PRAÇA DA SÉ  152 - SÉ  SÃO PAULO - SP  01001-001  BRASIL,São Paulo,,SP,BR,01001-001,-23.5502518,-46.6343245,Health & Beauty,,3,bigquery,
EXTRAFARMA,Extrafarma,ChIJYeQ6hQSLpJIRSWC32tDglJg,RODOVIA BR 316 - KM 01 - CASTANHEIRA SHOPPING  S/N - SHOPPING CASTANHEIRA - CASTANHEIRA  BELÉM - PA  66630-505  BRASIL,Belém,,PA,BR,66630-505,-1.4044421,-48.4299391,Health & Beauty,,3,bigquery,
ESPAÇO SIDNEY OLIVEIRA  ULTRAFARMA SAÚDE,Ultrafarma,ChIJZ-rKPlBazpQRR2gn0tUqDus,RUA DR. ISAÍAS SALOMÃO - VILA DA SAÚDE  SÃO PAULO - SP  04055-050  BRASIL,São Paulo,,SP,BR,04055-050,-23.6178366,-46.6392532,"pharmacy,health,point_of_interest,store,establishment",,3,bigquery,
"MEDICAL PRIME DISTRIBUIDORA E IMPORTADORA DE PRODUTOS HOSPITALARES, LABORATORIAIS E MEDICAMENTOS","Medical Prime Distribuidora E Importadora De Produtos Hospitalares, Laboratoriais E Medicamentos",ChIJZxZMK073zpQRsJhFnJVxIQk,"R. DO HORTO, 235 - ANDAR 1 - HORTO FLORESTAL, SÃO PAULO - SP, 02377-000",São Paulo,,SP,BR,02377-000,-23.4613039,-46.62828,"pharmacy, wholesaler",,3,bigquery,
ULTRAFARMA POPULAR,Ultrafarma,ChIJ_R-tFHFTzpQRt6UNNiB3z2I,ESTR. DE ITAPECERICA  1723 - VILA DAS BELEZAS  SÃO PAULO - SP  05835-005  BRASIL,São Paulo,,SP,BR,05835-005,-23.6490095,-46.7496915,Health & Beauty,,3,bigquery,
FARMÁCIA PAGUE MENOS,Farmácia Pague Menos,ChIJ_VZjO3dIxwcRrrm-86HC7P8,RUA FREI MANSUETO  303 - MEIRELES  FORTALEZA - CE  60175-070  BRASIL,Fortaleza,,CE,BR,60175-070,-3.7265781,-38.4891356,Health & Beauty,,3,bigquery,
FARMÁCIA PAGUE MENOS,Farmácia Pague Menos,ChIJ__UX9htYzpQRdhAuBY2zzEg,R. CARDOSO DE ALMEIDA  326 - PERDIZES  SÃO PAULO - SP  05013-000  BRASIL,São Paulo,,SP,BR,05013-000,-23.5342794,-46.6657589,Health & Beauty,,3,bigquery,
ULTRAFARMA POPULAR NOVO HORIZONTE,Ultrafarma,ChIJ_flsdMNIzpQRzLpbqyLIRv8,AV. PAULO GUILGUER REIMBERG  2300 - JARDIM NOVO HORIZONTE  SÃO PAULO - SP  04856-200  BRASIL,São Paulo,,SP,BR,04856-200,-23.7758026,-46.6976638,"drugstore,health,point_of_interest,store,establishment",,3,bigquery,
FARMACIA POPULAR,Farmacia Popular,ChIJa63s9HRTzpQR0u0XoUEQMuM,R. ARIOVALDO RODRIGUES RAMALHO  282 - VILA SANTA LUCIA  SÃO PAULO - SP  04940-090  BRASIL,São Paulo,,SP,BR,04940-090,-23.6885412,-46.766396,Health & Beauty,,3,bigquery,
FARMÁCIA PAGUE MENOS,Farmácia Pague Menos,ChIJa6cotJyOpJIRSarfqYQERWk,AV. Nª SRA. DE NAZARÉ  1034 - NAZARÉ  BELÉM - PA  66035-145  BRASIL,Belém,,PA,BR,66035-145,-1.4520572,-48.4825921,Health & Beauty,,3,bigquery,
FARMÁCIA PAGUE MENOS,Farmácia Pague Menos,ChIJaTqqkgVMxwcRaHMjjT4cJSg,AV. LINEU MACHADO  1110 - JÓQUEI CLUBE  FORTALEZA - CE  60520-101  BRASIL,Fortaleza,,CE,BR,60520-101,-3.7692573,-38.578856,Health & Beauty,,3,bigquery,
DROGASIL,Drogasil,ChIJaXOKP2GNpJIR7wP7Fyh5RNY,R. DOS MUNDURUCUS  3326 - CREMAÇÃO  BELÉM - PA  66040-033  BRASIL,Belém,,PA,BR,66040-033,-1.4581128,-48.4761793,Health & Beauty,,3,bigquery,
DROGARIA SÃO PAULO SHOPPING TABOÃO,Drogaria São Paulo Shopping Taboão,ChIJayW7PkNUzpQROaDYhf13lrc,ROD. RÉGIS BITTENCOURT  2643 - 198/200 - CIDADE INTERCAP  TABOÃO DA SERRA - SP  06768-200  BRASIL,São Paulo,,SP,BR,06768-200,-23.6158616,-46.7755244,Health & Beauty,,3,bigquery,
ULTRAFARMA POPULAR - UNIDADE BROOKLIN,Ultrafarma,ChIJb9hFx7pRzpQRTICQtTBlTIc,AV. PADRE ANTÔNIO JOSÉ DOS SANTOS  1130 - BROOKLIN  SÃO PAULO - SP  04563-003  BRASIL,São Paulo,,SP,BR,04563-003,-23.6088895,-46.6882859,Health & Beauty,,3,bigquery,
FARMÁCIA PAGUE MENOS,Farmácia Pague Menos,ChIJbV_Fm2z2zpQR7hpyYzM3NuE,AV. TUCURUVI  448 - TUCURUVI  SÃO PAULO - SP  02304-001  BRASIL,São Paulo,,SP,BR,02304-001,-23.4801045,-46.6074554,Health & Beauty,,3,bigquery,
DROGARIA SÃO PAULO,Drogaria São Paulo,ChIJbXMtgBtZzpQRmxnEqk-DcS4,AV. ANGÉLICA  1003 - SANTA CECILIA  SÃO PAULO - SP  01227-100  BRASIL,São Paulo,,SP,BR,01227-100,-23.5416664,-46.6555266,Health & Beauty,,3,bigquery,
FARMÁCIA PAGUE MENOS,Farmácia Pague Menos,ChIJbe0I_r9IxwcR3pJ_bG03MjE,AV. PONTES VIEIRA  1214 - SÃO JOÃO DO TAUAPE  FORTALEZA - CE  60130-240  BRASIL,Fortaleza,,CE,BR,60130-240,-3.7525761,-38.5108327,Health & Beauty,,3,bigquery,
FARMÁCIA PAGUE MENOS,Farmácia Pague Menos,ChIJd-zR1WRMxwcR4S-TshsRIvc,R. 723  958 - CONJ. CEARÁ  FORTALEZA - CE  60531-730  BRASIL,Fortaleza,,CE,BR,60531-730,-3.7709279,-38.6042904,Health & Beauty,,3,bigquery,
ULTRAFARMA POPULAR SAÚDE,Ultrafarma,ChIJd5DJsJdbzpQR-5eJMqxNN6Q,AV. JABAQUARA  1602 - VILA DA SAÚDE  SÃO PAULO - SP  04046-300  BRASIL,São Paulo,,SP,BR,04046-300,-23.6182892,-46.6393868,"pharmacy,health,store,point_of_interest,establishment",,3,bigquery,
EXTRAFARMA,Extrafarma,ChIJe243E7ROxwcRK3ZkcmNG-Ek,AV. PROFESSOR GOMES DE MATOS  1869 - MONTESE  FORTALEZA - CE  60420-431  BRASIL,Fortaleza,,CE,BR,60420-431,-3.7676258,-38.5509832,Health & Beauty,,3,bigquery,
DROGASIL,Drogasil,ChIJe6r4b4BozpQR0MFzXllAXA0,AV. MATEO BEI  3329 - SÃO MATEUS  SÃO PAULO - SP  03949-013  BRASIL,São Paulo,,SP,BR,03949-013,-23.6095978,-46.4769361,Health & Beauty,,3,bigquery,
FARMÁCIA PAGUE MENOS,Farmácia Pague Menos,ChIJeZAS0q9JxwcRW1hbHIN3p4U,AV. BEZERRA DE MENEZES  2000 - SÃO GERARDO  FORTALEZA - CE  60325-002  BRASIL,Fortaleza,,CE,BR,60325-002,-3.7348985,-38.5624856,Health & Beauty,,3,bigquery,
DROGARIA SÃO PAULO,Drogaria São Paulo,ChIJecp7SPL2zpQRokBnytEPeSM,DE AZEVEDO 975/977  R. MARIA AMÁLIA LOPES AZEVEDO - JARDIM TREMEMBE  SÃO PAULO - SP  02350-001  BRASIL,São Paulo,,SP,BR,02350-001,-23.4578977,-46.6161094,Health & Beauty,,3,bigquery,
FARMÁCIA PAGUE MENOS,Farmácia Pague Menos,ChIJeeheeR6ynZMRunDGx99obKk,AV. IPIRANGA  2054 - CIDADE ALTA  CUIABÁ - MT  78030-500  BRASIL,Cuiabá,,MT,BR,78030-500,-15.6090107,-56.1165918,Health & Beauty,,3,bigquery,
DROGASIL,Drogasil,ChIJf9NBOQZPzpQRXR1twMOV3mM,AV. SEN. TEOTÔNIO VILELA  2926 - CIDADE DUTRA  SÃO PAULO - SP  04801-000  BRASIL,São Paulo,,SP,BR,04801-000,-23.7262849,-46.7008721,Health & Beauty,,3,bigquery,
ULTRAFARMA POPULAR - UNIDADE CHÁCARA SANTO ANTÔNIO,Ultrafarma,ChIJfQ2mFtZRzpQRfce7hPy5sjU,R. DA PAZ  2160 - CHÁCARA SANTO ANTÔNIO  SÃO PAULO - SP  04713-002  BRASIL,São Paulo,,SP,BR,04713-002,-23.625571,-46.7081559,Health & Beauty,,3,bigquery,
FARMÁCIA PAGUE MENOS,Farmácia Pague Menos,ChIJfUFwY5dJxwcRmfB-AGrrnIg,AV. SGT. HERMÍNIO SAMPAIO  1178 - MONTE CASTELO  FORTALEZA - CE  60350-500  BRASIL,Fortaleza,,CE,BR,60350-500,-3.7245575,-38.5515032,Health & Beauty,,3,bigquery,
ULTRAFARMA POPULAR,Ultrafarma,ChIJgYxQnPdZzpQRV09Zkx7ddtA,AV. CELSO GARCIA  406 - BRÁS  SÃO PAULO - SP  03014-000  BRASIL,São Paulo,,SP,BR,03014-000,-23.5393853,-46.6084086,Health & Beauty,,3,bigquery,
DROGARIA UNIDROGAS,Drogaria Unidrogas,ChIJh0_WvvqxnZMRwyHnW9GLmhI,AV. XV DE NOVEMBRO  940 - CENTRO SUL  CUIABÁ - MT  78020-301  BRASIL,Cuiabá,,MT,BR,78020-301,-15.613432,-56.104484,Health & Beauty,,3,bigquery,
FARMÁCIA PAGUE MENOS,Farmácia Pague Menos,ChIJiaD9vJNFxwcRcc1GWkVubsQ,AV. EDILSON BRASIL SOARES  1720 - EDSON QUEIROZ  FORTALEZA - CE  60834-005  BRASIL,Fortaleza,,CE,BR,60834-005,-3.7888,-38.4705475,Health & Beauty,,3,bigquery,
ULTRAFARMA ERMELINO MATARAZZO,Ultrafarma,ChIJj7YIZT_0zpQRluOsIvsMSvE,AV. PARANAGUÁ  1814 - ERMELINO MATARAZZO  SÃO PAULO - SP  03806-000  BRASIL,São Paulo,,SP,BR,03806-000,-23.4900964,-46.4788265,"drugstore,pharmacy,health,point_of_interest,store,establishment",,3,bigquery,
FARMÁCIA PAGUE MENOS,Farmácia Pague Menos,ChIJjaXOHFZPxwcR2rAhBByeYhk,AV. OLIVEIRA PAIVA  1840 - CIDADE DOS FUNCIONÁRIOS  FORTALEZA - CE  60822-130  BRASIL,Fortaleza,,CE,BR,60822-130,-3.7954576,-38.4929016,Health & Beauty,,3,bigquery,
FARMÁCIA PAGUE MENOS,Farmácia Pague Menos,ChIJk-8muMtNxwcRWfBpn70EANE,R. CÔNEGO DE CASTRO  3686 - VILA PERI  FORTALEZA - CE  60730-000  BRASIL,Fortaleza,,CE,BR,60730-000,-3.7992352,-38.5867744,Health & Beauty,,3,bigquery,
FARMÁCIA PAGUE MENOS,Farmácia Pague Menos,ChIJk3znZTBYzpQRs7xW6gmdmtM,AV. ANGÉLICA  1774 - HIGIENÓPOLIS  SÃO PAULO - SP  01228-200  BRASIL,São Paulo,,SP,BR,01228-200,-23.5479333,-46.6591203,Health & Beauty,,3,bigquery,
FARMÁCIA PAGUE MENOS,Farmácia Pague Menos,ChIJk6OSXmJJxwcRjK4fTVfu09E,AV. FRANCISCO SÁ  3780 - LOJA 02-A - CARLITO PAMPLONA  FORTALEZA - CE  60310-052  BRASIL,Fortaleza,,CE,BR,60310-052,-3.7168922,-38.5583817,Health & Beauty,,3,bigquery,
FARMÁCIA PAGUE MENOS,Farmácia Pague Menos,ChIJk8s4uBxMxwcRfKqZkC4Uniw,AV. AUGUSTO DOS ANJOS  520 - JOÃO XXIII  FORTALEZA - CE  60720-605  BRASIL,Fortaleza,,CE,BR,60720-605,-3.7731469,-38.5731011,Health & Beauty,,3,bigquery,
FARMÁCIA PAGUE MENOS,Farmácia Pague Menos,ChIJl0Q4q1VOxwcRgxOualGL_r0,AV. DR. SILAS MUNGUBA  5571 - SERRINHA  FORTALEZA - CE  60861-063  BRASIL,Fortaleza,,CE,BR,60861-063,-3.8010472,-38.5298478,Health & Beauty,,3,bigquery,
DROGARIA SÃO PAULO,Drogaria São Paulo,ChIJl51M1JdZzpQRKNVIFXY6Xu4,R. TREZE DE MAIO  1947 - BELA VISTA  SÃO PAULO - SP  01327-001  BRASIL,São Paulo,,SP,BR,01327-001,-23.5705949,-46.6427278,Health & Beauty,,3,bigquery,
DROGASIL,Drogasil,ChIJlR8HUMZWzpQRLEqrktqzeYg,AV. GIOVANNI GRONCHI  2822 - MORUMBI  SÃO PAULO - SP  05651-002  BRASIL,São Paulo,,SP,BR,05651-002,-23.6064519,-46.7255249,Health & Beauty,,3,bigquery,
ULTRAFARMA POPULAR UNIDADE JARDIM DAS OLIVEIRAS,Ultrafarma,ChIJn47GFFhjzpQReLZodM9m4bw,R. MANUEL LEMES DA SILVA  363 - JARDIM DAS OLIVEIRAS  SÃO PAULO - SP  08122-140  BRASIL,São Paulo,,SP,BR,08122-140,-23.4949031,-46.3785939,"drugstore,health,store,point_of_interest,establishment",,3,bigquery,
FARMÁCIA PAGUE MENOS,Farmácia Pague Menos,ChIJn6k-jD2lnZMR5YZooJZtC3E,AV. DAS TORRES  190 - RECANTO DOS PÁSSAROS  CUIABÁ - MT  78075-990  BRASIL,Cuiabá,,MT,BR,78075-990,-15.6106326,-56.0351394,Health & Beauty,,3,bigquery,
FARMÁCIA PAGUE MENOS,Farmácia Pague Menos,ChIJnYYQ3viLpJIRO7tw24WDODQ,AV. PEDRO MIRANDA  1139 - PEDREIRA  BELÉM - PA  66085-022  BRASIL,Belém,,PA,BR,66085-022,-1.4290011,-48.4730357,Health & Beauty,,3,bigquery,
DROGARIA SÃO PAULO,Drogaria São Paulo,ChIJnZwhR6ZZzpQRxmru_00krwQ,396 398 E LOJA 01 E 02 EDIF PACIFIC  R. GALVÃO BUENO  412 - LIBERDADE  SÃO PAULO - SP  01506-000  BRASIL,São Paulo,,SP,BR,01506-000,-23.5592369,-46.6351439,Health & Beauty,,3,bigquery,
ULTRAFARMA POPULAR,Ultrafarma,ChIJoTtQMK_5zpQRa5zl5RB6iB8,AV. MIN. PETRÔNIO PORTELA  552 - FREGUESIA DO Ó  SÃO PAULO - SP  02960-000  BRASIL,São Paulo,,SP,BR,02960-000,-23.4946301,-46.7012233,Health & Beauty,,3,bigquery,
FARMACIA,Farmacia,ChIJow-HCD9KxwcRQfrV6RqMGfA,AV. CEL. CARVALHO - BARRA DO CEARÁ  FORTALEZA - CE  60330-780  BRASIL,Fortaleza,,CE,BR,60330-780,-3.7146333,-38.5869131,Health & Beauty,,3,bigquery,
DROGASIL,Drogasil,ChIJp3qTmDuxnZMRBh-5cGlNayM,AV. HISTORIADOR RUBENS DE MENDONÇA  3300 - 2099 - BOSQUE DA SAUDE  CUIABÁ - MT  78050-000  BRASIL,Cuiabá,,MT,BR,78050-000,-15.5821909,-56.076962,Health & Beauty,,3,bigquery,
FARMÁCIA PAGUE MENOS,Farmácia Pague Menos,ChIJp865y6tJxwcR9bYbGtKjEEs,R. SEN. POMPEU  1520 - CENTRO  FORTALEZA - CE  60025-001  BRASIL,Fortaleza,,CE,BR,60025-001,-3.731947,-38.5312348,Health & Beauty,,3,bigquery,
FARMÁCIA PAGUE MENOS,Farmácia Pague Menos,ChIJp9COYbROxwcRGQj8kHPozg4,R. ALBERTO MAGNO  1660 - MONTESE  FORTALEZA - CE  60425-000  BRASIL,Fortaleza,,CE,BR,60425-000,-3.7683692,-38.5526768,Health & Beauty,,3,bigquery,
FARMÁCIA PAGUE MENOS,Farmácia Pague Menos,ChIJpe4O3kNKxwcRWrb-1ZG5g8Y,AV. MOZART PINHEIRO DE LUCENA  1732 - VILA VELHA  FORTALEZA - CE  60347-452  BRASIL,Fortaleza,,CE,BR,60347-452,-3.7177211,-38.59571,Health & Beauty,,3,bigquery,
DROGA RAIA,Droga Raia,ChIJq4LkU5hezpQRl7fO6F-HBe8,AV. REG. FEIJÓ  639 - LOJA A - VILA REG. FEIJÓ  SÃO PAULO - SP  03342-000  BRASIL,São Paulo,,SP,BR,03342-000,-23.55751,-46.5720085,Health & Beauty,,3,bigquery,
DROGARIA ROSÁRIO,Drogaria Rosário,ChIJq4boEuywnZMRV6h1_novV6o,RUA R SOROCABA  22 - CPA I  CUIABÁ - MT  78055-105  BRASIL,Cuiabá,,MT,BR,78055-105,-15.5581159,-56.0515377,Health & Beauty,,3,bigquery,
PERSONALE - FARMÁCIA DE MANIPULAÇÃO,Personale - Farmácia De Manipulação,ChIJqQtNzoyLpJIRq3BV00NjCQQ,AV. DUQUE DE CAXIAS  1498 - MARCO  BELÉM - PA  68447-000  BRASIL,Belém,,PA,BR,68447-000,-1.4248349,-48.4582746,"pharmacy,point_of_interest,health,store,establishment",,3,bigquery,
FARMÁCIA PAGUE MENOS -,Farmácia Pague Menos,ChIJqRHAvLFNxwcRSYVzIKHdHEY,AV. GEN. OSÓRIO DE PAIVA  4800 - BOM JARDIM  FORTALEZA - CE  60731-534  BRASIL,Fortaleza,,CE,BR,60731-534,-3.8009435,-38.5988389,Health & Beauty,,3,bigquery,
EXTRAFARMA,Extrafarma,ChIJqU7cQHtMxwcRMjSn4As8Z10,AV. A  1028 - CONJ. CEARÁ  FORTALEZA - CE  60533-592  BRASIL,Fortaleza,,CE,BR,60533-592,-3.7701,-38.6046275,Health & Beauty,,3,bigquery,
FARMÁCIA PAGUE MENOS,Farmácia Pague Menos,ChIJrV7BzcWvnZMRBHvYSt09-DM,AV. FERNANDO CORRÊA DA COSTA  4440 - NOVO HORIZONTE  CUIABÁ - MT  78080-000  BRASIL,Cuiabá,,MT,BR,78080-000,-15.6285258,-56.055966,Health & Beauty,,3,bigquery,
DROGA RAIA,Droga Raia,ChIJreopYQD5zpQRh9WhXcVIyLY,AV. MARQUÊS DE SÃO VICENTE  2219 - BARRA FUNDA  SÃO PAULO - SP  01139-000  BRASIL,São Paulo,,SP,BR,01139-000,-23.5188388,-46.6798869,Health & Beauty,,3,bigquery,
DROGASIL,Drogasil,ChIJryrMM7qvnZMRKhaxf9S0k8Y,R. TREZENTOS JD IMPERIAL  1 - JARDIM IMPERIAL  CUIABÁ - MT  78075-658  BRASIL,Cuiabá,,MT,BR,78075-658,-15.6092852,-56.0292063,Health & Beauty,,3,bigquery,
FARMACIA,Farmacia,ChIJrzQarpZZzpQRe2svjmXEQec,BRÁS  SÃO PAULO - SP  03012-010  BRASIL,São Paulo,,SP,BR,03012-010,-23.54286,-46.6166049,Health & Beauty,,3,bigquery,
FARMÁCIA PAGUE MENOS,Farmácia Pague Menos,ChIJsXlH6p9JxwcR0uXaeH9bVvU,AV. BEZERRA DE MENEZES  480 - FARIAS BRITO  FORTALEZA - CE  60325-000  BRASIL,Fortaleza,,CE,BR,60325-000,-3.7322481,-38.5492438,Health & Beauty,,3,bigquery,
DROGASIL,Drogasil,ChIJsb9pI5pNxwcR6Qb5Wn9VKhM,AV. GODOFREDO MACIEL  3101 - JARDIM CEARENSE  FORTALEZA - CE  60712-023  BRASIL,Fortaleza,,CE,BR,60712-023,-3.8031726,-38.5716444,Health & Beauty,,3,bigquery,
ULTRAFARMA POPULAR,Ultrafarma,ChIJse_t5i9dzpQRvP7442IXP9c,PRAÇA DR. SAMPAIO VIDAL  35 - VILA FORMOSA  SÃO PAULO - SP  03356-060  BRASIL,São Paulo,,SP,BR,03356-060,-23.5672711,-46.5412972,Health & Beauty,,3,bigquery,
DROGASIL,Drogasil,ChIJt-j-iJFJxwcRTpVBv2NUvRY,AV. BEZERRA DE MENEZES  1409 - 1417 - PARQUELÂNDIA  FORTALEZA - CE  60325-003  BRASIL,Fortaleza,,CE,BR,60325-003,-3.7344522,-38.5572944,Health & Beauty,,3,bigquery,
FARMÁCIA PAGUE MENOS,Farmácia Pague Menos,ChIJu4SefZ5OxwcRgOnmyvzoCKY,AV. GODOFREDO MACIEL  918 - PARANGABA  FORTALEZA - CE  60710-000  BRASIL,Fortaleza,,CE,BR,60710-000,-3.784465,-38.5664217,Health & Beauty,,3,bigquery,
DROGA RAIA,Droga Raia,ChIJu9G4U3NXzpQRTvATBbkFPyc,AV. BRG. FARIA LIMA  1727 - 1733 - JARDIM AMERICA  SÃO PAULO - SP  01452-001  BRASIL,São Paulo,,SP,BR,01452-001,-23.5723556,-46.6894723,Health & Beauty,,3,bigquery,
DROGASIL,Drogasil,ChIJuQi206-xnZMR34J_qGGpOXo,AV. ACLIMAÇÃO  245 - BOSQUE DA SAUDE  CUIABÁ - MT  78050-040  BRASIL,Cuiabá,,MT,BR,78050-040,-15.5866824,-56.0782752,Health & Beauty,,3,bigquery,
ULTRAFARMA POPULAR PARQUE GUARANI,Ultrafarma,ChIJvRfy0l5hzpQRUVs8qpEK7pY,R. TREVO DE SANTA MARIA  677 - PARQUE GUARANI  SÃO PAULO - SP  08235-560  BRASIL,São Paulo,,SP,BR,08235-560,-23.5148896,-46.4626337,"drugstore,health,store,point_of_interest,establishment",,3,bigquery,
DROGASIL,Drogasil,ChIJw7xRStSxnZMREJH9Gu79YEw,AV. FERNANDO CORRÊA DA COSTA  2108 - JARDIM PETROPOLIS  CUIABÁ - MT  78070-000  BRASIL,Cuiabá,,MT,BR,78070-000,-15.6145398,-56.0737272,Health & Beauty,,3,bigquery,
FARMÁCIA PAGUE MENOS,Farmácia Pague Menos,ChIJwXPlerOLpJIReR0E4SD1px0,AV. RODOLFO CHERMONT  860 - MARAMBAIA  BELÉM - PA  66620-000  BRASIL,Belém,,PA,BR,66620-000,-1.4018367,-48.4532736,Health & Beauty,,3,bigquery,
FARMÁCIA PAGUE MENOS,Farmácia Pague Menos,ChIJwZDt5CVJxwcRSKuvHbSpOQE,AV. BORGES DE MELO  1581 - AEROPORTO  FORTALEZA - CE  60415-510  BRASIL,Fortaleza,,CE,BR,60415-510,-3.7579237,-38.5328168,Health & Beauty,,3,bigquery,
DROGASIL,Drogasil,ChIJw__ZlLtLxwcRLPQkWy4-9sM,AV. MOZART PINHEIRO DE LUCENA - VILA VELHA  FORTALEZA - CE  60352-642  BRASIL,Fortaleza,,CE,BR,60352-642,-3.7205772,-38.5962607,Health & Beauty,,3,bigquery,
FARMÁCIA PAGUE MENOS,Farmácia Pague Menos,ChIJx4X8I-5OxwcRjBWDZkkZfu8,AV. DR. SILAS MUNGUBA  3740 - SERRINHA  FORTALEZA - CE  60740-000  BRASIL,Fortaleza,,CE,BR,60740-000,-3.7902184,-38.5411882,Health & Beauty,,3,bigquery,
DROGASIL,Drogasil,ChIJx9iuJHBezpQRT_vKUVJrg8I,AV. CONSELHEIRO CARRÃO  3445 - VILA CARRAO  SÃO PAULO - SP  03403-003  BRASIL,São Paulo,,SP,BR,03403-003,-23.5521585,-46.5291012,Health & Beauty,,3,bigquery,
DROGARIA SÃO PAULO,Drogaria São Paulo,ChIJxX3oJzhazpQRRMJOOdHv0es,R. DOMINGOS DE MORAIS  418 - E 424 - VILA MARIANA  SÃO PAULO - SP  04010-000  BRASIL,São Paulo,,SP,BR,04010-000,-23.580696,-46.6397067,Health & Beauty,,3,bigquery,
DROGASIL,Drogasil,ChIJxdixUGhPxwcREKbObrkw2qs,AV. ROGACIANO LEITE  2080 - LOJA 7 - SALINAS  FORTALEZA - CE  60810-792  BRASIL,Fortaleza,,CE,BR,60810-792,-3.7728335,-38.4988894,Health & Beauty,,3,bigquery,
DROGASIL,Drogasil,ChIJxzXnFV5PxwcRxxYf2aiMbdg,AV. DR. SILAS MUNGUBA  2915 - SERRINHA  FORTALEZA - CE  60741-605  BRASIL,Fortaleza,,CE,BR,60741-605,-3.7876362,-38.5475991,Health & Beauty,,3,bigquery,
ULTRAFARMA SOCORRO,Ultrafarma,ChIJyaWwC9JRzpQRqArsVlu-IsE,AV. ATLÂNTICA  500 - SOCORRO  SÃO PAULO - SP  04768-000  BRASIL,São Paulo,,SP,BR,04768-000,-23.670954,-46.7124281,"drugstore,health,point_of_interest,store,establishment",,3,bigquery,
ULTRAFARMA POPULAR,Ultrafarma,ChIJye1KFvBgzpQRyp6TqEu86IM,AV. BOTURUSSU  120 - PARQUE BOTURUSSU  SÃO PAULO - SP  03802-010  BRASIL,São Paulo,,SP,BR,03802-010,-23.5064149,-46.4883831,Health & Beauty,,3,bigquery,
FARMÁCIA PAGUE MENOS,Farmácia Pague Menos,ChIJz-sibAxFxwcRBaveglY4KAI,AV. MAESTRO LISBOA  2068 - SABIAGUABA  FORTALEZA - CE  60835-475  BRASIL,Fortaleza,,CE,BR,60835-475,-3.8078544,-38.4610152,Health & Beauty,,3,bigquery,
DROGARIA SÃO PAULO,Drogaria São Paulo,ChIJz1A25gz3zpQR3fL8CEOD218,AV. PARADA PINTO  2258 - LAUZANE PAULISTA  SÃO PAULO - SP  02611-001  BRASIL,São Paulo,,SP,BR,02611-001,-23.4702977,-46.6490346,Health & Beauty,,3,bigquery,
FARMÁCIA PAGUE MENOS,Farmácia Pague Menos,ChIJz4Lo4tJezpQRkGMPcvkVfC0,R. JÚLIO DE CASTILHOS  978 - BELENZINHO  SÃO PAULO - SP  04208-001  BRASIL,São Paulo,,SP,BR,04208-001,-23.5406156,-46.5916174,Health & Beauty,,3,bigquery,
DROGARIA PAGUE MENOS,Farmácia Pague Menos,ChIJzUwGqBSOpJIRDsLluvwr3r8,R. ENG. FERNANDO GUILHON  87A - JURUNAS  BELÉM - PA  66030-250  BRASIL,Belém,,PA,BR,66030-250,-1.4750431,-48.4938951,Health & Beauty,,3,bigquery,
Mega Loja UltraFarma,Ultrafarma,ChIJeyEATwBbzpQRmI8yuooy_Uw,"Av. Jabaquara, 2440 - Mirandópolis, São Paulo - SP, 04046-400, Brazil",São Paulo,,SP,BR,04046400,-23.625805999999997,-46.641241,"pharmacy,health,store,point_of_interest,establishment",,2.9,bigquery,"{""source"":""google_places_augment"",""types"":[""pharmacy"",""health"",""store"",""point_of_interest"",""establishment""],""rating"":2.9}"
FARMÁCIA PAGUE MENOS,Farmácia Pague Menos,ChIJ2yH3vRlJxwcRfvQ6eE0kshs,AV. DOS EXPEDICIONÁRIOS  3254 - BENFICA  FORTALEZA - CE  60411-135  BRASIL,Fortaleza,,CE,BR,60411-135,-3.7470064,-38.5359757,Health & Beauty,,2,bigquery,
FARMÁCIA PAGUE MENOS,Farmácia Pague Menos,ChIJ3YzEtzlKxwcRMTznBT6q4kg,AV. CEL. CARVALHO  2120 - BARRA DO CEARÁ  FORTALEZA - CE  60341-630  BRASIL,Fortaleza,,CE,BR,60341-630,-3.7210113,-38.5871776,Health & Beauty,,2,bigquery,
FARMÁCIA PAGUE MENOS,Farmácia Pague Menos,ChIJAQA0rCqunZMRH_8TFWfr9yw,AV. FERNANDO CORRÊA DA COSTA  2635 - QD. 135 - BOA ESPERANÇA  CUIABÁ - MT  78068-600  BRASIL,Cuiabá,,MT,BR,78068-600,-15.6169639,-56.0699408,Health & Beauty,,2,bigquery,
FARMÁCIA PAGUE MENOS,Farmácia Pague Menos,ChIJAQBUiPNLxwcRoydYFDTMbpU,AV. SENADOR FERNANDES TÁVORA  1578 - HENRIQUE JORGE  FORTALEZA - CE  60510-290  BRASIL,Fortaleza,,CE,BR,60510-290,-3.7595457,-38.5866138,Health & Beauty,,2,bigquery,
FARMACIA,Farmacia,ChIJI-ndQPVTzpQRSy6Km4R1rdo,AV. SÍLVIO RIBEIRO ARAGÃO  85 - VILA FRANCA  SÃO PAULO - SP  05776-510  BRASIL,São Paulo,,SP,BR,05776-510,-23.6398343,-46.7487072,Health & Beauty,,2,bigquery,
FARMÁCIA PAGUE MENOS,Farmácia Pague Menos,ChIJO1zQMImxnZMR3z4G-f1noA4,R. PERNAMBUCO  241 - MORADA DA SERRA  CUIABÁ - MT  78055-428  BRASIL,Cuiabá,,MT,BR,78055-428,-15.558278,-56.0506676,Health & Beauty,,2,bigquery,
FARMÁCIA PAGUE MENOS,Farmácia Pague Menos,ChIJT0Xye35JxwcRwNlSJ4U46Fo,AV. BEZERRA DE MENEZES  2450 439 - 1º PISO - FARIAS BRITO  FORTALEZA - CE  60325-902  BRASIL,Fortaleza,,CE,BR,60325-902,-3.7350523,-38.5660332,Health & Beauty,,2,bigquery,
FARMÁCIA PAGUE MENOS,Farmácia Pague Menos,ChIJWWda-sdLxwcRvHSwBy_ictM,AV. MISTER HULL  5047 - ANTÔNIO BEZERRA  FORTALEZA - CE  60356-675  BRASIL,Fortaleza,,CE,BR,60356-675,-3.7397055,-38.5938122,Health & Beauty,,2,bigquery,
FARMACIA PAGUE MENOS,Farmácia Pague Menos,ChIJXVZRvXxZzpQRupfcR4Yp6Xw,R. CEL. DIOGO  460 - JARDIM DA GLORIA  SÃO PAULO - SP  01545-000  BRASIL,São Paulo,,SP,BR,01545-000,-23.5784997,-46.6234817,Health & Beauty,,2,bigquery,
DROGARIA TORRES,Drogaria Torres,ChIJ_bmVWQuvnZMRK-OI2L8XL4k,AV. PRES. JOÃO GOULART  Nº 36 - LIBERDADE  CUIABÁ - MT  78076-001  BRASIL,Cuiabá,,MT,BR,78076-001,-15.6111722,-55.9924962,Health & Beauty,,2,bigquery,
FARMÁCIA PAGUE MENOS,Farmácia Pague Menos,ChIJf3u8Y19JxwcRLZHh582ucWI,R. ALBERTO MAGNO  1390 - MONTESE  FORTALEZA - CE  60410-225  BRASIL,Fortaleza,,CE,BR,60410-225,-3.7652716,-38.5504807,Health & Beauty,,2,bigquery,
FARMÁCIA PAGUE MENOS,Farmácia Pague Menos,ChIJjQH7i_5LxwcRTmIESKPvjqg,AV. CARNEIRO DE MENDONÇA  1502 - JÓQUEI CLUBE  FORTALEZA - CE  60440-160  BRASIL,Fortaleza,,CE,BR,60440-160,-3.7612136,-38.5719577,Health & Beauty,,2,bigquery,
FARMÁCIA PAGUE MENOS,Farmácia Pague Menos,ChIJtbVSiX9PxwcRitz0F3nUjHU,AV. VIENA WEYNE  875 - CAMBEBA  FORTALEZA - CE  60822-180  BRASIL,Fortaleza,,CE,BR,60822-180,-3.8012694,-38.486681,Health & Beauty,,2,bigquery,
FARMÁCIA PAGUE MENOS,Farmácia Pague Menos,ChIJvUUUlvRJxwcRdUGu9P8dL7A,AV. FRANCISCO SÁ  4475 - CARLITO PAMPLONA  FORTALEZA - CE  60010-450  BRASIL,Fortaleza,,CE,BR,60010-450,-3.7150752,-38.5647061,Health & Beauty,,2,bigquery,
DROGASIL,Drogasil,ChIJwU2T72yxnZMR9dDg5O8UZg8,COND F C RESIDENCIAL - AV. DOS FLORAIS - CONDOMINIO FLORAIS CUIABA RES.  CUIABÁ - MT  78049-400  BRASIL,Cuiabá,,MT,BR,78049-400,-15.5428828,-56.0995738,Health & Beauty,,2,bigquery,
FARMÁCIA PAGUE MENOS,Farmácia Pague Menos,ChIJyyOF8b2vnZMRJiz0__sOK1w,AV. FERNANDO CORRÊA DA COSTA  43 - JARDIM PETRÓPOLIS  CUIABÁ - MT  78070-000  BRASIL,Cuiabá,,MT,BR,78070-000,-15.6261082,-56.0550003,Health & Beauty,,2,bigquery,
ULTRAFARMA POPULAR TUCURUVI,Ultrafarma,ChIJzW2wa4X3zpQR6h8Xukhci5g,AV. TUCURUVI  199 - TUCURUVI  SÃO PAULO - SP  02305-000  BRASIL,São Paulo,,SP,BR,02305-000,-23.4782425,-46.6090466,"pharmacy,health,store,point_of_interest,establishment",,2,bigquery,
DROGARIA AEROPORTO,Drogaria Aeroporto,ChIJ67hyuZOxnZMRvxXvKbHdKOo,AV. GENEROSO PONCE  14 - CENTRO NORTE  CUIABÁ - MT  78005-320  BRASIL,Cuiabá,,MT,BR,78005-320,-15.5982246,-56.0991801,Health & Beauty,,1,bigquery,
FARMACIA POPULAR DO BRASIL,Farmacia Popular Do Brasil,ChIJCUWhdmxczpQRldh-gTU2uaw,AV. ZELINA  501 - VILA PRUDENTE  SÃO PAULO - SP  03143-001  BRASIL,São Paulo,,SP,BR,03143-001,-23.5893502,-46.5790025,Health & Beauty,,1,bigquery,
DROGARIA ULTRA POPULAR,Drogarias Ultra Popular,ChIJG__ww2GxnZMR017vnVRyWK0,AV. ISAAC PÓVOAS - GOIABEIRAS  CUIABÁ - MT  BRASIL,Cuiabá,,MT,BR,,-15.5985412,-56.0989188,Health & Beauty,,1,bigquery,
ANTÔNIA MIRTES NOGUEIRA,Antônia Mirtes Nogueira,ChIJSyZZ1l9JxwcRKZMnGDSKYU8,R. ESPÍRITO SANTO  7 - BELA VISTA  FORTALEZA - CE  60440-775  BRASIL,Fortaleza,,CE,BR,60440-775,-3.7485596,-38.5669178,"pharmacy,health,store,point_of_interest,establishment",,1,bigquery,
DROGASIL,Drogasil,ChIJU25AbRhTzpQRB8DJ5ytguUo,ESTR. DE ITAPECERICA  2475 - JD STO EDUARDO  SÃO PAULO - SP  06823-475  BRASIL,São Paulo,,SP,BR,06823-475,-23.6505425,-46.7563738,Health & Beauty,,1,bigquery,
DROGASIL,Drogasil,ChIJdYpIvGtdzpQRZt6smAJCHkA,AV. DR. EDUARDO COTCHING  1885 - VILA FORMOSA  SÃO PAULO - SP  03356-001  BRASIL,São Paulo,,SP,BR,03356-001,-23.5661792,-46.5443394,Health & Beauty,,1,bigquery,
DROGARIA ULTRA POPULAR,Drogarias Ultra Popular,ChIJ-4VmK1BYzpQRZmMscypmUuQ,"AV. IPIRANGA, 276 - REPÚBLICA, SÃO PAULO - SP, 01045-000",São Paulo,,SP,BR,01045-000,-23.5433633,-46.6412498,Health & Beauty,,,bigquery,
FARMA CLAUDIA,Farma Claudia,ChIJ-5TdLiFUzpQRdXM_zcLsvbc,"AV. INTERCONTINENTAL, 212 - JARDIM JUSSARA, SÃO PAULO - SP, 05525-060",São Paulo,,SP,BR,05525-060,-23.6030866,-46.750642,Pharmacy,,,bigquery,
NEOFARMA MANIPULATION PHARMACY,Neofarma Manipulation Pharmacy,ChIJ-6B0F5FezpQR9IHPWBzuoL4,"R. ITAPURA, 1091 - VILA GOMES CARDIM, SÃO PAULO - SP, 03310-000",São Paulo,,SP,BR,03310-000,-23.5481957,-46.5654623,Pharmacy,,,bigquery,
FARMA ALDA,Farma Alda,ChIJ-8sl1VZEzpQRevqUM7-l0zU,"AV. ALDA, 2117 - CENTRO, DIADEMA - SP, 09910-170",São Paulo,,SP,BR,09910-170,-23.7020431,-46.6248215,Pharmacy,,,bigquery,
DROGARIAS BRASILEIRAS FORTALEZA,Drogarias Brasileiras Fortaleza,ChIJ-QiZu3dJxwcR-sYz1Xb0YRQ,"AV. DESEMBARGADOR MOREIRA, 2170 - DIONÍSIO TORRES, FORTALEZA - CE, 60170-172",Fortaleza,,CE,BR,60170-172,-3.7442909,-38.5011631,Pharmacy,,,bigquery,
Panvel Farmácias,Panvel,ChIJ-WEwDSVbzpQR5t5SpsX3x18,"Av. Moema, 428 - Moema, São Paulo - SP, 04077-021",São Paulo,,SP,BR,04077021,-23.6058389,-46.657177,"pharmacy,drugstore,manufacturer,store,health,point_of_interest,establishment",,,bigquery,"{""source"": ""supabase_places_cache_migration"", ""types"": [""pharmacy"", ""drugstore"", ""manufacturer"", ""store"", ""health"", ""point_of_interest"", ""establishment""], ""rating"": null, ""refreshed_at"": ""2026-06-11T00:16:57.197+00:00""}"
Drogasil,Drogasil,ChIJ-Z4qgan1zpQRpLEJrENqU7w,"Av. Guapira, 1984 - Tucuruvi, São Paulo - SP, 02265-002, Brazil",São Paulo,,SP,BR,02265002,-23.471787,-46.587157000000005,"pharmacy,health,store,point_of_interest,establishment",,,bigquery,"{""source"":""google_places_augment"",""types"":[""pharmacy"",""health"",""store"",""point_of_interest"",""establishment""],""rating"":null}"
FARMÁCIAS RED MED E ASSOCIADOS DO CEARÁ,Farmácias Red Med E Associados Do Ceará,ChIJ-bxJkTtJxwcRugtH6hxgCF0,"R. ALBERTO MAGNO, 120 - JARDIM AMÉRICA, FORTALEZA - CE, 60425-000",Fortaleza,,CE,BR,60425-000,-3.7564196,-38.5427816,Pharmacy,,,bigquery,
Farmácia Três Marias | Na Vila Ré,Farmácia Três Marias | Na Vila Ré,ChIJ-ymJAsBgzpQR05KGQJm4T4s,"R. Dr. José do Amaral, 263 - Jardim Lisboa, São Paulo - SP, 03675-010, Brazil",São Paulo,,SP,BR,03675010,-23.5198781,-46.496706,"pharmacy,health,point_of_interest,store,establishment",,,bigquery,"{""source"": ""supabase_places_cache_migration"", ""types"": [""pharmacy"", ""health"", ""point_of_interest"", ""store"", ""establishment""], ""rating"": null, ""refreshed_at"": ""2026-05-26T13:24:46.973+00:00""}"
PHARMACTIVA MANIPULATION PHARMACY,Pharmactiva Manipulation Pharmacy,ChIJ-yxQulZXzpQRMHzOlGlyfgU,"R. SANTA JUSTINA, 532 - VILA OLÍMPIA, SÃO PAULO - SP, 04545-042",São Paulo,,SP,BR,04545-042,-23.5956184,-46.6781445,Pharmacy,,,bigquery,
FARMACIA CASA DOS MEDICAMENTOS AVIAÇÃO,Farmacia Casa Dos Medicamentos Aviação,ChIJ-z5W0HJZzpQRy_q_J4XcMtY,AV SÃO PAULO ESQUINA COM A JOSÉ GONÇALVES,São Paulo,,SP,BR,,-23.5505199,-46.6333094,Health & Beauty,,,bigquery,
FARMÁCIA PAGUE MENOS,Farmácia Pague Menos,ChIJ01QXXV9IxwcRW3Ii3ylgKbU,"R. MONSENHOR BRUNO, 1437 - ALDEOTA, FORTALEZA - CE, 60115-191",Fortaleza,,CE,BR,60115-191,-3.7348314,-38.5100279,Health & Beauty,,,bigquery,
FARMA & CIA,Farma & Cia,ChIJ04eSFWlUzpQR9_Ity02CD4I,"ESTR. SÃO FRANCISCO, 1881 - JARDIM HENRIQUETA, TABOÃO DA SERRA - SP, 06764-290",São Paulo,,SP,BR,06764-290,-23.6189085,-46.7732843,Pharmacy,,,bigquery,
HabiPet Hospital Veterinário 24h,HabiPet Hospital Veterinário 24h,ChIJ07PyyOL3zpQRI6G-VV_yqgo,"R. Manuel de Soveral, 150 - Santana, São Paulo - SP, 02040-120",São Paulo,,SP,BR,02040120,-23.4894408,-46.624856799999996,"pharmacy,veterinary_care,health,pet_care,point_of_interest,store,establishment",,,bigquery,"{""source"":""google_places_augment"",""types"":[""pharmacy"",""veterinary_care"",""health"",""pet_care"",""point_of_interest"",""store"",""establishment""],""rating"":null}"
DRUGSTORE SAO PAULO,Drugstore Sao Paulo,ChIJ0Rc3NjtYzpQREKnL1FWblz0,"PRAÇA VILABOIM, 58 - 64 58-64 - HIGIENÓPOLIS, SÃO PAULO - SP, 01241-010",São Paulo,,SP,BR,01241-010,-23.5440096,-46.6603874,Pharmacy,,,bigquery,
Drogaria Nova Esperança,Drogaria Nova Esperança,ChIJ0TSoLv1ZzpQRIkQRqKUltio,"Av. Pacaembu, 1202 - Pacaembu, São Paulo - SP, 01234-000, Brazil",São Paulo,,SP,BR,01234000,-23.5366259,-46.6635995,"drugstore,manufacturer,health,store,point_of_interest,establishment",,,bigquery,"{""source"": ""supabase_places_cache_migration"", ""types"": [""drugstore"", ""manufacturer"", ""health"", ""store"", ""point_of_interest"", ""establishment""], ""rating"": null, ""refreshed_at"": ""2026-05-08T17:55:37.033+00:00""}"
Droga Raia,Droga Raia,ChIJ0YM6yIBXzpQRaFCND0QUbsc,"R. Ferreira de Araújo, 101 - Pinheiros, São Paulo - SP, 05428-000, Brazil",São Paulo,,SP,BR,05428000,-23.558632499999998,-46.6976392,"pharmacy,health,store,point_of_interest,establishment",,,bigquery,"{""source"":""google_places_augment"",""types"":[""pharmacy"",""health"",""store"",""point_of_interest"",""establishment""],""rating"":null}"
DROGARIA,Drogaria,ChIJ0Z4ACztZzpQRcqC9AJ8p6A4,"R. HELENA ZERRENER, 9 - LIBERDADE, SÃO PAULO - SP, 01512-020",São Paulo,,SP,BR,01512-020,-23.554369,-46.6292614,Health & Beauty,,,bigquery,
Drogaria São Paulo,Drogaria São Paulo,ChIJ0azNPEpZzpQRV6mR7rFdd-0,"AV PAULISTA, 1754 LJ B EDIFICIL GRANDE AV - Bela Vista, São Paulo - SP, 01310-200, Brazil",São Paulo,,SP,BR,01310200,-23.5604075,-46.6572637,"drugstore,manufacturer,health,store,point_of_interest,establishment",,,bigquery,"{""source"": ""supabase_places_cache_migration"", ""types"": [""drugstore"", ""manufacturer"", ""health"", ""store"", ""point_of_interest"", ""establishment""], ""rating"": null, ""refreshed_at"": ""2026-05-22T20:21:12.311+00:00""}"
DOSE POPULAR FARMÁCIA DE MANIPULAÇÃO,Dose Popular Farmácia De Manipulação,ChIJ0cfsavNRzpQRS2igtUXi2rU,"AV. IPANEMA, 467 - VELEIROS, SÃO PAULO - SP, 04773-120",São Paulo,,SP,BR,04773-120,-23.683199,-46.7091578,Homeopathic pharmacy,,,bigquery,
RODAN FARMA,Rodan Farma,ChIJ0wjQWRxFzpQRRHZ3SBH_0i8,"AV. SEN. VITORINO FREIRE - JARDIM LUSO, DIADEMA - SP, 04423-000",São Paulo,,SP,BR,04423-000,-23.6887539,-46.6349842,Pharmacy,,,bigquery,
QUALY FARMA,Qualy Farma,ChIJ111x2otlzpQRfinKyRiHbsE,"AV. RAGUEB CHOHFI, 5199 - JARDIM MARILU, SÃO PAULO - SP, 08371-440",São Paulo,,SP,BR,08371-440,-23.5958523,-46.435907,Pharmacy,,,bigquery,
Farmácia Pague Menos,Farmácia Pague Menos,ChIJ12WqXZFdzpQR8BS1Ak3NjVU,"Av. do Oratório, 2451 - Parque São Lucas, São Paulo - SP, 03221-100, Brazil",São Paulo,,SP,BR,03221100,-23.5927749,-46.5461526,"pharmacy,drugstore,health,store,point_of_interest,establishment",,,bigquery,"{""source"": ""supabase_places_cache_migration"", ""types"": [""pharmacy"", ""drugstore"", ""health"", ""store"", ""point_of_interest"", ""establishment""], ""rating"": null, ""refreshed_at"": ""2026-05-22T20:40:55.303+00:00""}"
Drugstore Sao Paulo,Drugstore Sao Paulo,ChIJ13kSYE5azpQR34NEEeeXYJg,"R. Carneiro da Cunha, 47 - Vila da Saúde, São Paulo - SP, 04144-000, Brazil",São Paulo,,SP,BR,04144000,-23.613777,-46.6378607,"drugstore,store,point_of_interest,health,establishment",,,bigquery,"{""source"": ""supabase_places_cache_migration"", ""types"": [""drugstore"", ""store"", ""point_of_interest"", ""health"", ""establishment""], ""rating"": null, ""refreshed_at"": ""2026-05-22T20:21:10.264+00:00""}"
Drogaria Poupa Mais,Drogaria Poupa Mais,ChIJ14ehF6hdzpQRUdLJN-9oYp8,"Av. do Oratório, 2420 - Parque São Lucas, São Paulo - SP, 03220-100, Brazil",São Paulo,,SP,BR,03220100,-23.5930891,-46.5463721,"drugstore,health,point_of_interest,store,establishment",,,bigquery,"{""source"": ""supabase_places_cache_migration"", ""types"": [""drugstore"", ""health"", ""point_of_interest"", ""store"", ""establishment""], ""rating"": null, ""refreshed_at"": ""2026-05-22T20:40:55.318+00:00""}"
HOMEOPHARMA,Homeopharma,ChIJ1QuPNY9ZzpQRmJkkv69Uuf0,"AV. CONSELHEIRO RODRIGUES ALVES, 501 - VILA MARIANA, SÃO PAULO - SP, 04014-011",São Paulo,,SP,BR,04014-011,-23.5844026,-46.6427422,Homeopathic pharmacy,,,bigquery,
HOMEOSANA FARMÁCIA DE MANIPULAÇÃO,Homeosana Farmácia De Manipulação,ChIJ1Tz0MMFbzpQRwoQ0FV0J23s,"RUA VERGUEIRO, 8717 - VILA MOINHO VELHO, SÃO PAULO - SP, 04273-200",São Paulo,,SP,BR,04273-200,-23.6162036,-46.6062232,Pharmacy,,,bigquery,
Drogasil,Drogasil,ChIJ1UBSJgBhzpQRXG75b8O6KNA,"R. Pastoril de Itapetinga, 585 - Jardim Danfer, São Paulo - SP, 03729-000, Brazil",São Paulo,,SP,BR,03729000,-23.5032203,-46.5035423,"pharmacy,store,health,point_of_interest,establishment",,,bigquery,"{""source"":""google_places_augment"",""types"":[""pharmacy"",""store"",""health"",""point_of_interest"",""establishment""],""rating"":null}"
LIGHTS PHARMACY HOMEOPATHIC,Lights Pharmacy Homeopathic,ChIJ1ws4bUhazpQR9fZbd3e9X-A,"R. CAPUTIRA, 108 - VILA DA SAÚDE, SÃO PAULO - SP, 04052-070",São Paulo,,SP,BR,04052-070,-23.6088462,-46.6409523,Pharmacy,,,bigquery,
Farmácia Pague Menos,Farmácia Pague Menos,ChIJ1yhiuJf1zpQRtFtKXw8NKo8,"Av. Guapira, 2697 - Jaçanã, São Paulo - SP, 02265-002, Brazil",São Paulo,,SP,BR,02265002,-23.4663109,-46.5840504,"pharmacy,drugstore,health,store,point_of_interest,establishment",,,bigquery,"{""source"": ""supabase_places_cache_migration"", ""types"": [""pharmacy"", ""drugstore"", ""health"", ""store"", ""point_of_interest"", ""establishment""], ""rating"": null, ""refreshed_at"": ""2026-05-22T20:40:57.321+00:00""}"
Carrefour Drugstore Raposo Tavares,Carrefour,ChIJ1yry56RVzpQROySbqsvff1o,"Rodovia Raposo Tavares, Km 17.5, s/n - Rod. Raposo Tavares, 7201 - km 17,5 - Jardim Cambara, São Paulo - SP, 05577-901, Brazil",São Paulo,,SP,BR,05577901,-23.5854558,-46.7787444,"pharmacy,store,health,point_of_interest,establishment",,,bigquery,"{""source"":""google_places_augment"",""types"":[""pharmacy"",""store"",""health"",""point_of_interest"",""establishment""],""rating"":null}"
AMAPOLA FARMÁCIA DE MANIP ALOP,Amapola Farmácia De Manip Alop,ChIJ21rhrJpZzpQRQIj1PVYLvKw,"R. JOSÉ ANTÔNIO COELHO, 32 - VILA MARIANA, SÃO PAULO - SP, 04011-060",São Paulo,,SP,BR,04011-060,-23.5788645,-46.6412323,Pharmacy,,,bigquery,
DROGARIA TUCUNA,Drogaria Tucuna,ChIJ22jad-NXzpQRqbymLblaBVQ,"RUA TUCUNA, 302 - POMPEIA, SÃO PAULO - SP, 05021-010",São Paulo,,SP,BR,05021-010,-23.5306282,-46.6826291,Health & Beauty,,,bigquery,
DROGARIA TAMANAKA LTDA,Drogaria Tamanaka Ltda,ChIJ26Ksj3xUzpQRiesuVkNRaSw,"AV. LAURITA ORTEGA MARI, 1987 - PARQUE PINHEIROS, TABOÃO DA SERRA - SP, 06766-361",São Paulo,,SP,BR,06766-361,-23.6299462,-46.7823044,Health & Beauty,,,bigquery,
PHARMACY NATRIUM BRANCH CENTER,Pharmacy Natrium Branch Center,ChIJ27cuL1JYzpQRIK7Fu3LnBUY,"R. NOVA BARÃO, 51 - CENTRO HISTÓRICO DE SÃO PAULO, SÃO PAULO - SP, 01042-001",São Paulo,,SP,BR,01042-001,-23.5457037,-46.6396467,Pharmacy,,,bigquery,
Drogaria São Paulo,Drogaria São Paulo,ChIJ2Q7i7BBazpQR3KcA7A5oyN4,"Av. Moema, 321 - Moema, São Paulo - SP, 04077-020",São Paulo,,SP,BR,04077020,-23.6049945,-46.6577254,"drugstore,store,health,point_of_interest,establishment",,,bigquery,"{""source"": ""supabase_places_cache_migration"", ""types"": [""drugstore"", ""store"", ""health"", ""point_of_interest"", ""establishment""], ""rating"": null, ""refreshed_at"": ""2026-06-11T00:16:57.197+00:00""}"
VIRTUS PHARMA,Virtus Pharma,ChIJ2SwwtiqNpJIROBRh5BN3w-I,"TV. QUATORZE DE ABRIL, 1549 - SÃO BRÁS, BELÉM - PA, 66063-005",Belém,,PA,BR,66063-005,-1.4536131,-48.4724301,"pharmacy, wholesaler",,,bigquery,
Panvel Farmácia,Panvel,ChIJ2VzeawBRzpQRyLy_mmsK0Bo,"R. Libório Glasser, 29 - Vila Sofia, São Paulo - SP, 04671-180, Brazil",São Paulo,,SP,BR,04671180,-23.6595669,-46.6920303,"pharmacy,drugstore,manufacturer,health,store,point_of_interest,establishment",,,bigquery,"{""source"": ""supabase_places_cache_migration"", ""types"": [""pharmacy"", ""drugstore"", ""manufacturer"", ""health"", ""store"", ""point_of_interest"", ""establishment""], ""rating"": null, ""refreshed_at"": ""2026-05-22T20:35:46.255+00:00""}"
DROGARIA NOVA ESTRELA,Drogaria Nova Estrela,ChIJ2YyetLD1zpQR9YJZe-4f77E,"R. MARIA AMÁLIA LOPES AZEVEDO, 3630 - VILA PAULISTANA, SÃO PAULO - SP, 02350-003",São Paulo,,SP,BR,02350-003,-23.4564259,-46.5921033,Health & Beauty,,,bigquery,
DROGASIL,Drogasil,ChIJ2aezQZL9zpQRYbTbmRqRWI4,"Av. Alexios Jafet, 1201 - Jardim Ipanema (Zona Oeste), São Paulo - SP, 05186-005, Brazil",São Paulo,,SP,BR,05186005,-23.4458028,-46.7484003,"pharmacy,drugstore,store,health,point_of_interest,establishment",,,bigquery,"{""source"":""google_places_augment"",""types"":[""pharmacy"",""drugstore"",""store"",""health"",""point_of_interest"",""establishment""],""rating"":null}"
DROGARIA CANGAIBA,Drogaria Cangaiba,ChIJ2ct56M5fzpQRp8PMl5wnZ1I,R. MIGUEL GARCIA  74 - CANGAIBA  SÃO PAULO - SP  03720-150  BRASIL,São Paulo,,SP,BR,03720-150,-23.5053012,-46.5293526,Health & Beauty,,,bigquery,
A Fórmula Farmácia de Manipulação - Tatuapé - São Paulo (SP),A Fórmula Farmácia de Manipulação - Tatuapé - São Paulo (SP),ChIJ2xAdXyxfzpQR5mGPqzKBbuw,"R. Emílio Mallet, 964 - Térreo, São Paulo - SP, 03320-000",São Paulo,,SP,BR,03320000,-23.546484500000002,-46.564389899999995,"pharmacy,food_store,food,point_of_interest,health,store,manufacturer,establishment",,,bigquery,"{""source"":""google_places_augment"",""types"":[""pharmacy"",""food_store"",""food"",""point_of_interest"",""health"",""store"",""manufacturer"",""establishment""],""rating"":null}"
Drugstore Sao Paulo,Drugstore Sao Paulo,ChIJ2yRNm3pbzpQRy4J1qYjOV2Q,"R. Descampado, 22 - Vila Vera, São Paulo - SP, 04296-090, Brazil",São Paulo,,SP,BR,04296090,-23.6209163,-46.602682,"drugstore,store,health,point_of_interest,establishment",,,bigquery,"{""source"": ""supabase_places_cache_migration"", ""types"": [""drugstore"", ""store"", ""health"", ""point_of_interest"", ""establishment""], ""rating"": null, ""refreshed_at"": ""2026-05-22T20:19:52.082+00:00""}"
LABORZAN DISTRIBUIDORA DE REMEDIO,Laborzan Distribuidora De Remedio,ChIJ3-4wXKpZzpQRK-wQ8CPYSW8,"SÉ, SÃO PAULO - STATE OF SÃO PAULO, 01001-010",São Paulo,,SP,BR,01001-010,-23.5505199,-46.6333094,Pharmacy,,,bigquery,
NOVA RODRIGUES ALVES,Nova Rodrigues Alves,ChIJ31cbq45ZzpQR8PD363RVlVA,"VILA MARIANA, SÃO PAULO - STATE OF SÃO PAULO, 04015-070",São Paulo,,SP,BR,04015-070,-23.5856069,-46.6462531,Pharmacy,,,bigquery,
Drogaria São Paulo Consil / Alvorada,Drogaria São Paulo Consil / Alvorada,ChIJ32jpP1axnZMR2SOMKf85i1U,"Av. Historiador Rubens de Mendonça, 1575 - Alvorada, Cuiabá - MT, 78050-000",Cuiabá,,MT,BR,78050000,-15.5863905,-56.082055499999996,"drugstore,store,point_of_interest,health,establishment",,,bigquery,"{""source"":""google_places_augment"",""types"":[""drugstore"",""store"",""point_of_interest"",""health"",""establishment""],""rating"":null}"
Drugstore Sao Paulo,Drugstore Sao Paulo,ChIJ337yXlFXzpQRfS_om1HPcaE,"R. Clodomiro Amazonas, 1249 - Vila Nova Conceição, São Paulo - SP, 04537-012, Brazil",São Paulo,,SP,BR,04537012,-23.5951103,-46.6765926,"drugstore,pharmacy,point_of_interest,health,store,establishment",,,bigquery,"{""source"": ""supabase_places_cache_migration"", ""types"": [""drugstore"", ""pharmacy"", ""point_of_interest"", ""health"", ""store"", ""establishment""], ""rating"": null, ""refreshed_at"": ""2026-05-26T13:24:44.702+00:00""}"
YA FARMA DROGARIA,Ya Farma Drogaria,ChIJ345ewpFUzpQRjD7sGVsIrgo,"ESTR. TEN. JOSÉ MARIA DA CUNHA, 1297 - JARDIM TRIANON, TABOÃO DA SERRA - SP, 06783-230",São Paulo,,SP,BR,06783-230,-23.6309174,-46.7971868,Pharmacy,,,bigquery,
Farmácia| Farmais Farmavan Jardim Peri I,Farmácia| Farmais Farmavan Jardim Peri I,ChIJ36SyGuX3zpQR5kZs-xYKHSo,"Av. Peri Ronchetti, 787 - PERI, São Paulo - SP, 02633-000, Brazil",São Paulo,,SP,BR,02633000,-23.4636228,-46.6532066,"drugstore,pharmacy,health,point_of_interest,store,establishment",,,bigquery,"{""source"": ""supabase_places_cache_migration"", ""types"": [""drugstore"", ""pharmacy"", ""health"", ""point_of_interest"", ""store"", ""establishment""], ""rating"": null, ""refreshed_at"": ""2026-05-26T13:24:44.485+00:00""}"
Farmácia Pague Menos,Farmácia Pague Menos,ChIJ38ut2XFfzpQR_61GgvsxTw4,"R. da Mooca, 3355 - Alto da Mooca, São Paulo - SP, 03176-000, Brazil",São Paulo,,SP,BR,03176000,-23.5572061,-46.5928618,"pharmacy,drugstore,store,point_of_interest,health,establishment",,,bigquery,"{""source"": ""supabase_places_cache_migration"", ""types"": [""pharmacy"", ""drugstore"", ""store"", ""point_of_interest"", ""health"", ""establishment""], ""rating"": null, ""refreshed_at"": ""2026-05-22T20:40:55.244+00:00""}"
Farmácia Pague Menos,Farmácia Pague Menos,ChIJ38xqkCNPzpQRt6iP2LkBFAo,"R. Sinfonia Italiana, 345 - Jardim São Bernardo, São Paulo - SP, 04844-610, Brazil",São Paulo,,SP,BR,04844610,-23.7568843,-46.7076746,"pharmacy,drugstore,store,point_of_interest,health,establishment",,,bigquery,"{""source"": ""supabase_places_cache_migration"", ""types"": [""pharmacy"", ""drugstore"", ""store"", ""point_of_interest"", ""health"", ""establishment""], ""rating"": null, ""refreshed_at"": ""2026-05-22T20:40:55.071+00:00""}"
Drogaria Nova Dracena Ltda.,Drogaria Nova Dracena Ltda.,ChIJ3UG6A4RmzpQRLawYEc2ozek,"R. Murmúrios da Tarde, 250 - Jardim Bonifacio, São Paulo - SP, 08253-580, Brazil",São Paulo,,SP,BR,08253580,-23.5533191,-46.442487,"drugstore,pharmacy,health,point_of_interest,store,establishment",,,bigquery,"{""source"": ""supabase_places_cache_migration"", ""types"": [""drugstore"", ""pharmacy"", ""health"", ""point_of_interest"", ""store"", ""establishment""], ""rating"": null, ""refreshed_at"": ""2026-05-22T20:20:22.498+00:00""}"
Drogasil,Drogasil,ChIJ3VJYt935zpQRUYVpKwDT_B4,"Av. Dep. Cantídio Sampaio, 936 - Vila Souza, São Paulo - SP, 02860-150, Brazil",São Paulo,,SP,BR,02860150,-23.4692793,-46.6768265,"pharmacy,store,health",,,bigquery,"{""source"": ""supabase_places_cache_migration"", ""types"": [""pharmacy"", ""store"", ""health""], ""rating"": null, ""refreshed_at"": ""2026-03-25T13:30:27.021718+00:00""}"
SINDIC DAS FARMÁCIAS DE MANIPULAÇÃO DO ESTADO DE SÃO PAULO,Sindic Das Farmácias De Manipulação Do Estado De São Paulo,ChIJ3VWZga5ZzpQRMAnTvz8dJXA,"AV. BRIGADEIRO LUÍS ANTÔNIO, 300 - BELA VISTA, SÃO PAULO - SP, 01319-001",São Paulo,,SP,BR,01319-001,-23.5529766,-46.6383483,Pharmacy,,,bigquery,
Drogaria São Paulo,Drogaria São Paulo,ChIJ3WYNWN5XzpQR8XqUjNMFak0,"Av. Prof. Francisco Morato, 1070 - Butantã, São Paulo - SP, 05512-100, Brazil",São Paulo,,SP,BR,05512100,-23.5796499,-46.7109261,"drugstore,store,point_of_interest,health,establishment",,,bigquery,"{""source"": ""supabase_places_cache_migration"", ""types"": [""drugstore"", ""store"", ""point_of_interest"", ""health"", ""establishment""], ""rating"": null, ""refreshed_at"": ""2026-05-22T20:20:13.858+00:00""}"
Farmácia Pague Menos,Farmácia Pague Menos,ChIJ3WzZgpBfzpQR_khUQSwi2jA,"R. Padre Antônio de Sá, 176 - Tatuapé, São Paulo - SP, 03066-010, Brazil",São Paulo,,SP,BR,03066010,-23.5370663,-46.5753479,"pharmacy,drugstore,health,point_of_interest,store,establishment",,,bigquery,"{""source"": ""supabase_places_cache_migration"", ""types"": [""pharmacy"", ""drugstore"", ""health"", ""point_of_interest"", ""store"", ""establishment""], ""rating"": null, ""refreshed_at"": ""2026-05-22T20:40:57.239+00:00""}"
FAMARCIA LARA,Famarcia Lara,ChIJ3_7y0VRIxwcRQbxtVhSmE8s,"FORTALEZA - ZONE 1, FORTALEZA - CE",Fortaleza,,CE,BR,,-3.7318616,-38.5266704,Pharmacy,,,bigquery,
PHARMACE FARMÁCIA DE MANIPULAÇÃO DO CEARÁ,Pharmace Farmácia De Manipulação Do Ceará,ChIJ3_7y0VRIxwcRpEGPiTDKxYk,"AVENIDA CORONEL OLIVEIRA PAIVA 16 - SL B, CE",Fortaleza,,CE,BR,,-3.7318616,-38.5266704,Pharmacy,,,bigquery,
Drogasil,Drogasil,ChIJ3d7MPQBlzpQRLfzD8IaZH2c,"Estr. Itaquera Guaianazes, 2150 - Jardim Helena, São Paulo - SP, 08420-000, Brazil",São Paulo,,SP,BR,08420000,-23.5391783,-46.4266983,"drugstore,pharmacy,store,health,point_of_interest,establishment",,,bigquery,"{""source"": ""supabase_places_cache_migration"", ""types"": [""drugstore"", ""pharmacy"", ""store"", ""health"", ""point_of_interest"", ""establishment""], ""rating"": null, ""refreshed_at"": ""2026-05-08T17:57:40.675+00:00""}"
Drugstore Sao Paulo,Drugstore Sao Paulo,ChIJ3weotSJUzpQRI_GAH-SjR1g,"R DO TESOURO - R. Santos Dumont, 368 - Parque Santos Dumont, Taboão da Serra - SP, 06754-190, Brazil",São Paulo,,SP,BR,06754190,-23.6085994,-46.7565786,"drugstore,health,point_of_interest,store,establishment",,,bigquery,"{""source"": ""supabase_places_cache_migration"", ""types"": [""drugstore"", ""health"", ""point_of_interest"", ""store"", ""establishment""], ""rating"": null, ""refreshed_at"": ""2026-05-22T20:19:49.914+00:00""}"
NARO-S COMÉRCIO MEDICAMENTOS L,Naro-S Comércio Medicamentos L,ChIJ3xLUtFNYzpQRSHymLR1rQfY,"R. CEL. XAVIER DE TOLEDO, 48 - REPÚBLICA, SÃO PAULO - SP, 01048-000",São Paulo,,SP,BR,01048-000,-23.54629,-46.6392531,Pharmacy,,,bigquery,
Drugstore Sao Paulo,Drugstore Sao Paulo,ChIJ3xSXnjz2zpQRUuWKNGbfWUs,"Av. Leôncio de Magalhães, 928 - Jardim São Paulo, São Paulo - SP, 02042-001, Brazil",São Paulo,,SP,BR,02042001,-23.4931172,-46.6172288,"drugstore,store,health,point_of_interest,establishment",,,bigquery,"{""source"": ""supabase_places_cache_migration"", ""types"": [""drugstore"", ""store"", ""health"", ""point_of_interest"", ""establishment""], ""rating"": null, ""refreshed_at"": ""2026-05-22T20:19:54.139+00:00""}"
Droga Raia,Droga Raia,ChIJ3zIqCw5azpQRreSDoxRKne4,"Av. Aratãs, 483 - Indianópolis, São Paulo - SP, 04081-002, Brazil",São Paulo,,SP,BR,04081002,-23.609987999999998,-46.6619151,"pharmacy,store,health,point_of_interest,establishment",,,bigquery,"{""source"":""google_places_augment"",""types"":[""pharmacy"",""store"",""health"",""point_of_interest"",""establishment""],""rating"":null}"
Pet & Vet Top,Pet & Vet Top,ChIJ3zRJko9ezpQRm9-jIoxNvYw,"R. Rosa das Neves, 12 - Vila Reg. Feijó, São Paulo - SP, 03336-040",São Paulo,,SP,BR,03336040,-23.5545044,-46.5609142,"pharmacy,doctor,veterinary_care,pet_store,health,pet_care,point_of_interest,service,store,establishment",,,bigquery,"{""source"":""google_places_augment"",""types"":[""pharmacy"",""doctor"",""veterinary_care"",""pet_store"",""health"",""pet_care"",""point_of_interest"",""service"",""store"",""establishment""],""rating"":null}"
Drogaria São Paulo,Drogaria São Paulo,ChIJ41d1OS1YzpQRvL7nEKP81Ls,"Av. Paulista, 2371 - LJ 1 E 2BELA - Bela Vista, VISTA - SP, 01310-300, Brazil",São Paulo,,SP,BR,01310300,-23.5570749,-46.6623134,"drugstore,health,store,point_of_interest,establishment",,,bigquery,"{""source"": ""supabase_places_cache_migration"", ""types"": [""drugstore"", ""health"", ""store"", ""point_of_interest"", ""establishment""], ""rating"": null, ""refreshed_at"": ""2026-05-22T20:21:12.311+00:00""}"
Drogasil,Drogasil,ChIJ42D5IqhXzpQRJQlHIcnVkrY,"Av. Rebouças, 3970 - Loja 113 .114. 115. 127 e 128 - Pinheiros, São Paulo - SP, 05402-600, Brazil",São Paulo,,SP,BR,05402600,-23.5645767,-46.678678999999995,"pharmacy,store,health,point_of_interest,establishment",,,bigquery,"{""source"":""google_places_augment"",""types"":[""pharmacy"",""store"",""health"",""point_of_interest"",""establishment""],""rating"":null}"
S4Pets Artur Alvim,S4Pets Artur Alvim,ChIJ44pNVSRnzpQR0HiOe34ULU8,"Av. Padre Francisco de Toledo, 455 - Lojas K e L - Artur Alvim, São Paulo - SP, 03590-120",São Paulo,,SP,BR,03590120,-23.5460958,-46.4850239,"pharmacy,meal_delivery,food_delivery,veterinary_care,pet_store,health,pet_care,point_of_interest,supplier,service,food,store,establishment",,,bigquery,"{""source"":""google_places_augment"",""types"":[""pharmacy"",""meal_delivery"",""food_delivery"",""veterinary_care"",""pet_store"",""health"",""pet_care"",""point_of_interest"",""supplier"",""service"",""food"",""store"",""establishment""],""rating"":null}"
DROGARIAS CAMPEÃ,Drogarias Campeã,ChIJ49kSknRUzpQR-90fIaizW4E,"ESTR. DO CAMPO LIMPO, 3891 - VILA PIRAJUSSARA, SÃO PAULO - SP, 05787-000",São Paulo,,SP,BR,05787-000,-23.6289294,-46.7689784,Pharmacy,,,bigquery,
Carrefour Drogaria Giovani Gronchi,Carrefour,ChIJ4S0ZpmlRzpQRIxjfg3-sdUw,"Av. Alberto Augusto Alves, 50 - Santo Amaro, São Paulo - SP, 05724-030, Brazil",São Paulo,,SP,BR,05724030,-23.6418666,-46.7350278,"pharmacy,store,point_of_interest,health,establishment",,,bigquery,"{""source"":""google_places_augment"",""types"":[""pharmacy"",""store"",""point_of_interest"",""health"",""establishment""],""rating"":null}"
DROGARIA POUPA MAIS PARAGUASSU,Drogaria Poupa Mais Paraguassu,ChIJ4SUBo5NnzpQRIVPtD--3-O8,"R. CACHOEIRA DO CAMPO, 316 - JARDIM PARAGUACU, SÃO PAULO - SP, 03938-130",São Paulo,,SP,BR,03938-130,-23.5951736,-46.5031701,Health & Beauty,,,bigquery,
Droga Raia,Droga Raia,ChIJ4UzmE4NZzpQR52v5-YZsi8o,"R. Topázio, 1000 - 1004 - Vila Mariana, São Paulo - SP, 04105-063, Brazil",São Paulo,,SP,BR,04105063,-23.5786072,-46.6355964,"pharmacy,health,store,point_of_interest,establishment",,,bigquery,"{""source"": ""supabase_places_cache_migration"", ""types"": [""pharmacy"", ""health"", ""store"", ""point_of_interest"", ""establishment""], ""rating"": null, ""refreshed_at"": ""2026-05-08T18:05:19.199+00:00""}"
UNIPHARMUS FARMÁCIA DE MANIPULAÇÃO,Unipharmus Farmácia De Manipulação,ChIJ4XYByzFYzpQRb4RvyZqcVaw,"AV. ANGÉLICA, 2000 - CONSOLAÇÃO, SÃO PAULO - SP, 01228-200",São Paulo,,SP,BR,01228-200,-23.5497449,-46.6599919,Pharmacy,,,bigquery,
DROGARIA GENTIL,Drogaria Gentil,ChIJ4YACp05YzpQRa3wxs48-sYw,"AV. IPIRANGA, 80 - REPÚBLICA, SÃO PAULO - SP, 01046-010",São Paulo,,SP,BR,01046-010,-23.5471317,-46.6456146,Health & Beauty,,,bigquery,
DROGARIA MAURIFARMA,Drogaria Maurifarma,ChIJ4Y_wW25JzpQRt-2SsrSpiE0,R. HENRIQUE HESSEL  122 - PARELHEIROS  SÃO PAULO - SP  04882-010  BRASIL,São Paulo,,SP,BR,04882-010,-23.8004331,-46.7348471,Health & Beauty,,,bigquery,
MR FARMA FARMACIA,Mr Farma Farmacia,ChIJ4ZQMBoZJxwcRoj96l2VUsqY,"RUA TEOFILO GURGEL, AV. JOSÉ JATAHY, 40 - LOJA 04 - MONTE CASTELO, FORTALEZA - CE, 60325-250",Fortaleza,,CE,BR,60325-250,-3.7250595,-38.5464157,Pharmacy,,,bigquery,
VICOFLORA MOEMA FARMÁCIA DE MANIPULAÇÃO,Vicoflora Moema Farmácia De Manipulação,ChIJ4bciPhJbzpQR9vSSX71SwwE,"R. INHAMBU, 366 - MOEMA, SÃO PAULO - SP, 04520-010",São Paulo,,SP,BR,04520-010,-23.5986907,-46.6661122,Pharmacy,,,bigquery,
DROGASIL,Drogasil,ChIJ4zeWznNWzpQRvmLSvlEgO-4,"RUA JOSÉ GETÚLIO, 284 290 LOJA 1 E 2, EDIFICIO ENEIDE - ACLIMAÇÃO, SÃO PAULO - SP, 01509-000",São Paulo,,SP,BR,01509-000,-23.568225,-46.6351363,Health & Beauty,,,bigquery,
CENTRÃO DOS MEDICAMENTOS,Centrão Dos Medicamentos,ChIJ51pJTlJIxwcRUeXOif5iWlE,"R. DO POCINHO, 238 - CENTRO, FORTALEZA - CE, 60055-120",Fortaleza,,CE,BR,60055-120,-3.7280631,-38.5236341,Pharmacy,,,bigquery,
DROGARIA SÃO PAULO,Drogaria São Paulo,ChIJ540XqitZzpQRPwyajMdrby4,"LOJAS 3 & 4, ALAMEDA SANTOS, 1112 - JARDIM PAULISTA, SÃO PAULO - SP, 01418-100",São Paulo,,SP,BR,01418-100,-23.56554,-46.6533001,Health & Beauty,,,bigquery,
Drogasil,Drogasil,ChIJ57CamtFfzpQRnGHXHpqPYH0,"Av. das Cerejeiras, 1185 - 1193 - 1197 - Jardim Japao, São Paulo - SP, 02124-000, Brazil",São Paulo,,SP,BR,02124000,-23.5067894,-46.5778889,"pharmacy,health,store",,,bigquery,"{""source"": ""supabase_places_cache_migration"", ""types"": [""pharmacy"", ""health"", ""store""], ""rating"": null, ""refreshed_at"": ""2026-03-25T13:30:27.021718+00:00""}"
DROGA LORENA,Droga Lorena,ChIJ59koV9RZzpQRGn895lpmxhg,"ALAMEDA LORENA, 1772 - JARDIM PAULISTA, SÃO PAULO - SP, 01424-006",São Paulo,,SP,BR,01424-006,-23.5622233,-46.6675736,Pharmacy,,,bigquery,
"ORTHOFARMA - MANIPULAÇÃO ESPECIALIZADA EM ORTOMOLECULAR, MEDICINA ESPORTIVA E TERAPIA CANABINOIDE (CANABIDIOL - CBD)","Orthofarma - Manipulação Especializada Em Ortomolecular, Medicina Esportiva E Terapia Canabinoide (Canabidiol - Cbd)",ChIJ5SchCl5ZzpQRSO8z3Maxsug,"R. JOSÉ MARIA LISBOA, 77 A - JARDIM PAULISTA, SÃO PAULO - SP, 01423-001",São Paulo,,SP,BR,01423-001,-23.5716682,-46.65425,Pharmacy,,,bigquery,
DROGARIA SAO PAULO,Drogaria São Paulo,ChIJ5U7FoR5YzpQRnAHSHck1Yp8,"R. CARDOSO DE ALMEIDA, 520 - PERDIZES, SÃO PAULO - SP, 05013-000",São Paulo,,SP,BR,05013-000,-23.5357034,-46.6669175,Health & Beauty,,,bigquery,
Drogasil,Drogasil,ChIJ5deeRhH2zpQRBNmYQLPvVIA,"Av. Gen. Ataliba Leonel, 3360 - 3372 - Parada Inglesa, São Paulo - SP, 02242-001, Brazil",São Paulo,,SP,BR,02242001,-23.4871204,-46.6066071,"pharmacy,health,store",,,bigquery,"{""source"": ""supabase_places_cache_migration"", ""types"": [""pharmacy"", ""health"", ""store""], ""rating"": null, ""refreshed_at"": ""2026-03-25T13:30:27.021718+00:00""}"
MED+TEC DISTRIBUIDORA,Med+tec Distribuidora,ChIJ5fq4ux6PpJIR2NKADWScIT0,"R. Ó DE ALMEIDA, 607 - CAMPINA, BELÉM - PA, 66017-050",Belém,,PA,BR,66017-050,-1.4500332,-48.4955826,"pharmacy, wholesaler",,,bigquery,
HOMEOPATHY ALMEIDA PRADO,Homeopathy Almeida Prado,ChIJ5wTAOJtXzpQRfahaYa6EL3k,"PRAÇA BENEDITO CALIXTO, 129 / 133 - JARDIM PAULISTA, SÃO PAULO - SP, 05406-040",São Paulo,,SP,BR,05406-040,-23.558355,-46.6812334,Homeopathic pharmacy,,,bigquery,
"OTMANPHARMA - FARMÁCIA DE MANIPULAÇÃO EM POMPÉIA SP, HOMEOPATIA, ÓLEOS ESSENCIAIS, REMÉDIO HOMEOPÁTICO, TERAPIA FLORAL","Otmanpharma - Farmácia De Manipulação Em Pompéia Sp, Homeopatia, Óleos Essenciais, Remédio Homeopático, Terapia Floral",ChIJ5zQ9vDz5zpQRgYBvvFzDpRE,"R. CLÉLIA, 222 - SALA 2 - POMPEIA, SÃO PAULO - SP, 05042-000",São Paulo,,SP,BR,05042-000,-23.5248639,-46.684599,Pharmacy,,,bigquery,
DROGARIA CUIABÁ,Drogaria Cuiabá,ChIJ61gD1YCxnZMR7bLczQPeZKA,RUA GENERAL RABELLO 500 - SL02 TRSHOPP  CUIABÁ - MT  78043-256  BRASIL,Cuiabá,,MT,BR,78043-256,-15.5881358,-56.112338,Health & Beauty,,,bigquery,
Drogaria São Paulo,Drogaria São Paulo,ChIJ62aVPrZbzpQRLmhsqefDdcs,"Av. Dr. Ricardo Jafet, 3294 - Vila Gumercindo, São Paulo - SP, 04123-020",São Paulo,,SP,BR,04123020,-23.6033506,-46.6261545,"drugstore,store,health,point_of_interest,establishment",,,bigquery,"{""source"":""google_places_augment"",""types"":[""drugstore"",""store"",""health"",""point_of_interest"",""establishment""],""rating"":null}"
Carrefour Drogaria Nossa Senhora Da Lapa,Carrefour,ChIJ64XyYGP4zpQR5p0uH0KNDtc,"R. Nossa Sra. da Lapa, 457 - Lapa, São Paulo - SP, 05072-000, Brazil",São Paulo,,SP,BR,05072000,-23.523521799999997,-46.704433400000006,"pharmacy,health,store,point_of_interest,establishment",,,bigquery,"{""source"":""google_places_augment"",""types"":[""pharmacy"",""health"",""store"",""point_of_interest"",""establishment""],""rating"":null}"
FAÇA FÓRMULA - FARMÁCIA DE MANIPULAÇÃO E PRODUTOS NATURAIS,Faça Fórmula - Farmácia De Manipulação E Produtos Naturais,ChIJ65HyO71ZzpQReYdmGYQdTFU,"R. JOÃO JULIÃO, 262 - PARAÍSO, SÃO PAULO - SP, 01323-020",São Paulo,,SP,BR,01323-020,-23.568449,-46.642491,Pharmacy,,,bigquery,
FARMACIA DE MANIPULAÇAO NACTIVE NATURALLY,Farmacia De Manipulaçao Nactive Naturally,ChIJ68lINTX2zpQRSJWuDPz47hQ,"R. AUGUSTO TOLLE, 213 - SANTANA, SÃO PAULO - SP, 02405-000",São Paulo,,SP,BR,02405-000,-23.4913658,-46.631927,Health & Beauty,,,bigquery,
DROGA RAIA,Droga Raia,ChIJ692K1e1XzpQRtemDoQzKSGE,"AV. PROF. ALFONSO BOVERO, 531 - LOJA 4 - SUMARÉ, SÃO PAULO - SP, 01254-000",São Paulo,,SP,BR,01254-000,-23.5411117,-46.6826107,Health & Beauty,,,bigquery,
Droga Raia,Droga Raia,ChIJ69sZZyRazpQRf8AgqNkq1y0,"R. dos Otonis, 640 - 650 - Vila Clementino, São Paulo - SP, 04025-001, Brazil",São Paulo,,SP,BR,04025001,-23.596744899999997,-46.645400599999995,"pharmacy,health,store,point_of_interest,establishment",,,bigquery,"{""source"":""google_places_augment"",""types"":[""pharmacy"",""health"",""store"",""point_of_interest"",""establishment""],""rating"":null}"
BIOFARMA CIÊNCIA - FARMÁCIA DE MANIPULAÇÃO,Biofarma Ciência - Farmácia De Manipulação,ChIJ6RDnGpBZzpQR5UvMrKh-2EE,"R. CUBATÃO, 980 - VILA MARIANA, SÃO PAULO - SP, 04013-003",São Paulo,,SP,BR,04013-003,-23.5804407,-46.6418235,Pharmacy,,,bigquery,
PRODOCTOR,Prodoctor,ChIJ6WTPJ1pIxwcRS7e2aZ8lDtw,"R. JOÃO CORDEIRO, 1155 - PRAIA DE IRACEMA, FORTALEZA - CE, 60110-300",Fortaleza,,CE,BR,60110-300,-3.7308095,-38.5146074,Pharmacy,,,bigquery,
Droga Raia,Droga Raia,ChIJ6YRzRbhbzpQRi7ZxFDy12Ik,"R. Santa Cruz, 1884 - 1890 - 1894 - Vila Gumercindo, São Paulo - SP, 04122-002, Brazil",São Paulo,,SP,BR,04122002,-23.6023575,-46.6205573,"pharmacy,health,store,point_of_interest,establishment",,,bigquery,"{""source"": ""supabase_places_cache_migration"", ""types"": [""pharmacy"", ""health"", ""store"", ""point_of_interest"", ""establishment""], ""rating"": null, ""refreshed_at"": ""2026-05-08T18:05:21.017+00:00""}"
DROGASIL,Drogasil,ChIJ6ZioPyVTzpQRWchuFUgxQx4,"ESTR. DE ITAPECERICA, 6822 - PARQUE FERNANDA, SÃO PAULO - SP, 05858-002",São Paulo,,SP,BR,05858-002,-23.6718534,-46.7873507,Health & Beauty,,,bigquery,
AMARANTHUS,Amaranthus,ChIJ6a2VSuxQzpQRKvQ1qlnrWlk,"R. DO ESTILO BARROCO, 332 - CHÁCARA SANTO ANTÔNIO (ZONA SUL), SÃO PAULO - SP, 04709-010",São Paulo,,SP,BR,04709-010,-23.6328635,-46.6933319,Homeopathic pharmacy,,,bigquery,
Droga Raia,Droga Raia,ChIJ6ahBJdJbzpQR4HUw-zQezfU,"Av. Prefeito Fábio Prado, 2201 - Lj A - Jardim Vila Mariana, São Paulo - SP, 04116-000, Brazil",São Paulo,,SP,BR,04116000,-23.5915164,-46.6278126,"pharmacy,store,health,point_of_interest,establishment",,,bigquery,"{""source"":""google_places_augment"",""types"":[""pharmacy"",""store"",""health"",""point_of_interest"",""establishment""],""rating"":null}"
ALECRIM FARMÁCIA DE MANIPULAÇÃO,Alecrim Farmácia De Manipulação,ChIJ6dhtqoJazpQRIq9nN8RiC-I,"AV. MASCOTE, 1021 - VILA MASCOTE, SÃO PAULO - SP, 04363-001",São Paulo,,SP,BR,04363-001,-23.6462432,-46.6706441,Pharmacy,,,bigquery,
FARMACIA,Farmacia,ChIJ6eLl2J1czpQRIX3M1gtUS3E,R. SÃO JOÃO CLÍMACO  656 - SACOMA  SÃO PAULO - SP  04255-000  BRASIL,São Paulo,,SP,BR,04255-000,-23.6238069,-46.5917197,Health & Beauty,,,bigquery,
Drogasil,Drogasil,ChIJ6wgzLwCxnZMReNxCxz2P99Q,"Av. Thomes de Arruda Fortes, S/N - Morada do Ouro, Cuiabá - MT, 78053-505, Brazil",Cuiabá,,MT,BR,78053505,-15.567027,-56.0591628,"drugstore,pharmacy,health,store,point_of_interest,establishment",,,bigquery,"{""source"": ""supabase_places_cache_migration"", ""types"": [""drugstore"", ""pharmacy"", ""health"", ""store"", ""point_of_interest"", ""establishment""], ""rating"": null, ""refreshed_at"": ""2026-05-08T17:54:03.994+00:00""}"
Drogasil,Drogasil,ChIJ6wkRz9hnzpQRtx7w7Q6s2_I,"Av. Ragueb Chohfi, 3226 - Parque Boa Esperança, São Paulo - SP, 08341-410, Brazil",São Paulo,,SP,BR,08341410,-23.5963921,-46.454438,"pharmacy,health,store,point_of_interest,establishment",,,bigquery,"{""source"": ""supabase_places_cache_migration"", ""types"": [""pharmacy"", ""health"", ""store"", ""point_of_interest"", ""establishment""], ""rating"": null, ""refreshed_at"": ""2026-05-08T17:54:46.624+00:00""}"
DROGASIL,Drogasil,ChIJ6z6gtwiPpJIROXsHPaiKM54,AV. GENERALÍSSIMO DEODORO  1585 - NAZARÉ  BELÉM - PA  66035-090  BRASIL,Belém,,PA,BR,66035-090,-1.4549244,-48.4827828,Health & Beauty,,,bigquery,
Drogaria São Paulo,Drogaria São Paulo,ChIJ6zBRJG1azpQRAT-NdAb1R2k,"Av. Moreira Guimarães, 979 - Moema, São Paulo - SP, 04074-020",São Paulo,,SP,BR,04074020,-23.6147957,-46.658710199999994,"drugstore,health,store,point_of_interest,establishment",,,bigquery,"{""source"":""google_places_augment"",""types"":[""drugstore"",""health"",""store"",""point_of_interest"",""establishment""],""rating"":null}"
DROGARIAS ULTRA POPULAR,Drogarias Ultra Popular,ChIJ6zV7lgBZzpQRKJlkHuM1Mqo,"R. DO AROUCHE, 175 - REPÚBLICA, SÃO PAULO - SP, 01219-000",São Paulo,,SP,BR,01219-000,-23.5422299,-46.6451911,Health & Beauty,,,bigquery,
Farmácia Pague Menos,Farmácia Pague Menos,ChIJ740_7ENRzpQRNkSvLrDzKtI,"R. José Ramon Urtiza, 470 - Vila Andrade, São Paulo - SP, 05717-270, Brazil",São Paulo,,SP,BR,05717270,-23.6352827,-46.7339332,"pharmacy,drugstore,health,store,point_of_interest,establishment",,,bigquery,"{""source"": ""supabase_places_cache_migration"", ""types"": [""pharmacy"", ""drugstore"", ""health"", ""store"", ""point_of_interest"", ""establishment""], ""rating"": null, ""refreshed_at"": ""2026-05-22T20:41:01.202+00:00""}"
SIMPLE PHARMA,Simple Pharma,ChIJ79Wwa9hRzpQRjuTkUIhBvA8,"R. AMÉRICO BRASILIENSE, 1256 - CHÁCARA SANTO ANTÔNIO (ZONA SUL), SÃO PAULO - SP, 04715-002",São Paulo,,SP,BR,04715-002,-23.6329191,-46.6990355,Pharmacy,,,bigquery,
FITOBRASILIS FARMÁCIA DE MANIPULAÇÃO,Fitobrasilis Farmácia De Manipulação,ChIJ7RRfYvFQzpQR6pX08wkIF7A,"RUA SÃO BENEDITO, 1937 - SANTO AMARO, SÃO PAULO - SP, 04735-060",São Paulo,,SP,BR,04735-060,-23.6382206,-46.6944868,Pharmacy,,,bigquery,
DROGARIA HERVEIRA,Drogaria Herveira,ChIJ7_8gq233zpQRZ9HeIkOApXY,"R. DOM CARLOS GOUVEIA, 85 - VILA CONTINENTAL, SÃO PAULO - SP, 02616-110",São Paulo,,SP,BR,02616-110,-23.4651106,-46.6545553,Health & Beauty,,,bigquery,
SMART FÓRMULAS,Smart Fórmulas,ChIJ7waH2wtdzpQRYKe8pp4nVlQ,"R. CARLOS CÉSAR, 291 - PARQUE SÃO LUCAS, SÃO PAULO - SP, 03265-020",São Paulo,,SP,BR,03265-020,-23.5948426,-46.5399219,Pharmacy,,,bigquery,
Droga Raia,Droga Raia,ChIJ7wd-NABXzpQRnFqGcwD59Lw,"Rua Tabapuã, 795 - Itaim Bibi, São Paulo - SP, 04533-013",São Paulo,,SP,BR,04533013,-23.583927799999998,-46.678303799999995,"pharmacy,store,health,point_of_interest,establishment",,,bigquery,"{""source"":""google_places_augment"",""types"":[""pharmacy"",""store"",""health"",""point_of_interest"",""establishment""],""rating"":null}"
MEGALABOR MANIPULATION PHARMACY,Megalabor Manipulation Pharmacy,ChIJ80nVmHz3zpQRRG4HVIxMZ14,"AV. IMIRIM, 4464 - VILA NOVA CACHOEIRINHA, SÃO PAULO - SP, 02464-700",São Paulo,,SP,BR,02464-700,-23.4745021,-46.6659563,Pharmacy,,,bigquery,
Drogasil,Drogasil,ChIJ80q9k-9jzpQR5CbkPNILQY8,"R. Cembira, 912 - VL CURUÇÁ - CEP:, São Paulo - SP, 08032-010, Brazil",São Paulo,,SP,BR,08032010,-23.5040474,-46.4288727,"drugstore,point_of_interest,store,health,establishment",,,bigquery,"{""source"": ""supabase_places_cache_migration"", ""types"": [""drugstore"", ""point_of_interest"", ""store"", ""health"", ""establishment""], ""rating"": null, ""refreshed_at"": ""2026-05-08T17:54:41.425+00:00""}"
ERA NOVA IND E COM DE PRODUTOS NATURAIS,Era Nova Ind E Com De Produtos Naturais,ChIJ85R2grBazpQRM0p-KBqwXuE,"RUA VIRGÍLIO DE LEMOS, 392 - JARDIM JABAQUARA, SÃO PAULO - SP, 04384-000",São Paulo,,SP,BR,04384-000,-23.6607069,-46.6569116,Homeopathic pharmacy,,,bigquery,
EXTRAFARMA,Extrafarma,ChIJ86wlBKBZzpQRcBETRPBIKq4,"R. PIRES DA MOTA, 353 - ACLIMAÇÃO, SÃO PAULO - SP, 01529-001",São Paulo,,SP,BR,01529-001,-23.5661418,-46.6322598,Health & Beauty,,,bigquery,
MANIFARMA SANTA CATARINA,Manifarma Santa Catarina,ChIJ8RQbU7lazpQRTm4C3Xul2Ac,"AV. SANTA CATARINA, 2534 - VILA MASCOTE, SÃO PAULO - SP, 04378-200",São Paulo,,SP,BR,04378-200,-23.6557123,-46.65563,Pharmacy,,,bigquery,
DRUGSTORE ST. JUDAS TADEU,Drugstore St. Judas Tadeu,ChIJ8T7lpLRZzpQREoTdFPY8vNo,"R. TREZE DE MAIO, 27 - BELA VISTA, SÃO PAULO - SP, 01327-000",São Paulo,,SP,BR,01327-000,-23.5532563,-46.6468146,Pharmacy,,,bigquery,
RECEITA CERTA,Receita Certa,ChIJ8VzANJ9ZzpQROwNUn8-ynuQ,"R. JOÃO JULIÃO, 346 - BELA VISTA, SÃO PAULO - SP, 01323-020",São Paulo,,SP,BR,01323-020,-23.5683952,-46.6434023,Pharmacy,,,bigquery,
Droga Alvim,Droga Alvim,ChIJ8_k9FzNnzpQRu6BJfRu6N5I,"R. Maciel Monteiro, 234 - Artur Alvim, São Paulo - SP, 03566-000, Brazil",São Paulo,,SP,BR,03566000,-23.5376253,-46.4905232,"pharmacy,health,point_of_interest,store,establishment",,,bigquery,"{""source"": ""supabase_places_cache_migration"", ""types"": [""pharmacy"", ""health"", ""point_of_interest"", ""store"", ""establishment""], ""rating"": null, ""refreshed_at"": ""2026-05-26T13:24:46.766+00:00""}"
DROGARIA PRINCÍPIO ATIVO,Drogaria Princípio Ativo,ChIJ8fMp7NtZzpQRnomWfvAGojo,"AV. NOVE DE JULHO, 1200 - JARDIM PAULISTA, SÃO PAULO - SP, 01406-100",São Paulo,,SP,BR,01406-100,-23.5722147,-46.6647968,Health & Beauty,,,bigquery,
Farmácia Pague Menos,Farmácia Pague Menos,ChIJ8xqgouRdzpQR-PUyAutR-lo,"Av. Francisco Falconi, 326 - Jardim Avelino, São Paulo - SP, 03227-000, Brazil",São Paulo,,SP,BR,03227000,-23.5859076,-46.5691228,"pharmacy,drugstore,store,point_of_interest,health,establishment",,,bigquery,"{""source"": ""supabase_places_cache_migration"", ""types"": [""pharmacy"", ""drugstore"", ""store"", ""point_of_interest"", ""health"", ""establishment""], ""rating"": null, ""refreshed_at"": ""2026-05-22T20:40:55.085+00:00""}"
ENERGIA E VIDA,Energia E Vida,ChIJ8zreoMpbzpQRy6yJBEqDKp8,"RUA LUÍS GÓIS, 356 - VILA MARIANA, SÃO PAULO - SP, 04043-000",São Paulo,,SP,BR,04043-000,-23.6039676,-46.6309585,Pharmacy,,,bigquery,
BIONEXT PRODUTOS BIOTECNOLÓGICOS LTDA.,Bionext Produtos Biotecnológicos Ltda.,ChIJ93Ki0yBYzpQRBTWuxPkH3RY,"AV. ARNOLFO AZEVEDO, 210 - PACAEMBU, SÃO PAULO - SP, 01236-030",São Paulo,,SP,BR,01236-030,-23.5453924,-46.6685114,Pharmacy,,,bigquery,
PHITOPHARMA - FARMACIA DE MANIPULAÇÃO,Phitopharma - Farmacia De Manipulação,ChIJ96w7DUFXzpQRITEQJ0rYG90,"AV. POMPÉIA, 1195 - POMPEIA, SÃO PAULO - SP, 03178-200",São Paulo,,SP,BR,03178-200,-23.532625,-46.695003,Pharmacy,,,bigquery,
DROGARIA SANDE,Drogaria Sande,ChIJ97njWtRZzpQRcrGYrrGMMPU,"ALAMEDA LORENA, 1772 - CERQUEIRA CÉSAR, SÃO PAULO - SP, 01424-000",São Paulo,,SP,BR,01424-000,-23.5622177,-46.6675657,Health & Beauty,,,bigquery,
Drogasil,Drogasil,ChIJ98JRNAD3zpQRdqQXHTY29iI,"R. Piracema, 157 - Santa Teresinha, São Paulo - SP, 02460-000, Brazil",São Paulo,,SP,BR,02460000,-23.490569999999998,-46.6370195,"pharmacy,store,health,point_of_interest,establishment",,,bigquery,"{""source"":""google_places_augment"",""types"":[""pharmacy"",""store"",""health"",""point_of_interest"",""establishment""],""rating"":null}"
INTERDROGA,Interdroga,ChIJ9R6csxJZzpQRruJWly9ApKQ,"LARGO DO CAMBUCI, 34 - CAMBUCI, SÃO PAULO - SP, 01523-010",São Paulo,,SP,BR,01523-010,-23.5626406,-46.6215176,Pharmacy,,,bigquery,
Centro De Distribuição Drogaria São Paulo,Centro De Distribuição Drogaria São Paulo,ChIJ9UwFIj5VzpQRyxGG-mAuVRY,"Viaduto Procurador Silvio de Ulhôa Cintra, 332 - Jardim Boa Vista (Zona Oeste), São Paulo - SP",São Paulo,,SP,BR,,-23.591940299999997,-46.8061941,"pharmacy,store,health,point_of_interest,establishment",,,bigquery,"{""source"":""google_places_augment"",""types"":[""pharmacy"",""store"",""health"",""point_of_interest"",""establishment""],""rating"":null}"
DOGARIA ULTRA FARMA POPULAR,Dogaria Ultra Farma Popular,ChIJ9e4IThtTzpQRCGtsaCMv2l4,"AV. AUGUSTO BARBOSA TAVARES, 510 - JARDIM IRACEMA, SÃO PAULO - SP, 05790-140",São Paulo,,SP,BR,05790-140,-23.6419449,-46.7856796,Pharmacy,,,bigquery,
Drogasil,Drogasil,ChIJ9e6_uYj5zpQRJP7YxwVuHqE,"Av. Elísio Teixeira Leite, 1118 - Vila Brasilandia, São Paulo - SP, 02801-000, Brazil",São Paulo,,SP,BR,02801000,-23.4841315,-46.7003511,"pharmacy,health,point_of_interest,store,establishment",,,bigquery,"{""source"":""google_places_augment"",""types"":[""pharmacy"",""health"",""point_of_interest"",""store"",""establishment""],""rating"":null}"
Drogasil,Drogasil,ChIJ9fFwh21fzpQRwAY3y3dUAfE,"Av. Conselheiro Carrão, 1797 - Vila Carrão, São Paulo - SP, 03402-000, Brazil",São Paulo,,SP,BR,03402000,-23.545621099999998,-46.5434395,"pharmacy,drugstore,health,store,point_of_interest,establishment",,,bigquery,"{""source"":""google_places_augment"",""types"":[""pharmacy"",""drugstore"",""health"",""store"",""point_of_interest"",""establishment""],""rating"":null}"
Drogaria São Paulo - Periperi,Drogaria São Paulo - Periperi,ChIJ9fwlEgD5zpQR83CeafQqpD4,"Praça Pascoal Martins, 138 - Barra Funda, São Paulo - SP, 01139-060",São Paulo,,SP,BR,01139060,-23.5189712,-46.6752262,"drugstore,store,health,point_of_interest,establishment",,,bigquery,"{""source"":""google_places_augment"",""types"":[""drugstore"",""store"",""health"",""point_of_interest"",""establishment""],""rating"":null}"
Drogaria Singular - Marginal Tiete,Drogaria Singular - Marginal Tiete,ChIJ9w-TUFjxzpQRDmcLCy68g8I,"Rua Paulo Andrighetti, 1476 - Alto do Pari, São Paulo - SP, 03022-000, Brazil",São Paulo,,SP,BR,03022000,-23.5246174,-46.6063795,"pharmacy,store,point_of_interest,health,establishment",,,bigquery,"{""source"": ""supabase_places_cache_migration"", ""types"": [""pharmacy"", ""store"", ""point_of_interest"", ""health"", ""establishment""], ""rating"": null, ""refreshed_at"": ""2026-05-22T20:20:25.408+00:00""}"
CONCEPT MANIPULAÇÃO - FARMÁCIA DE MANIPULAÇÃO E HOMEOPATIA,Concept Manipulação - Farmácia De Manipulação E Homeopatia,ChIJ9yysNN71zpQRTxq_iGEEWq4,"AV. GUAPIRA, 1460 - TUCURUVI, SÃO PAULO - SP, 02265-002",São Paulo,,SP,BR,02265-002,-23.4750625,-46.5908495,Homeopathic pharmacy,,,bigquery,
Drogaria São Paulo,Drogaria São Paulo,ChIJ9z4PKelXzpQRZBo8hJI0Zpg,"R. Fradique Coutinho, 1284 - Pinheiros, São Paulo - SP, 05416-001",São Paulo,,SP,BR,05416001,-23.556408599999997,-46.6910422,"drugstore,store,health,point_of_interest,establishment",,,bigquery,"{""source"":""google_places_augment"",""types"":[""drugstore"",""store"",""health"",""point_of_interest"",""establishment""],""rating"":null}"
BOTICA PET - VETERINARY PHARMACY MANIPULATION,Botica Pet - Veterinary Pharmacy Manipulation,ChIJA1HVY-xbzpQRvshNkTMSnpw,"R. BOM PASTOR, 1902 - IPIRANGA, SÃO PAULO - SP, 04203-002",São Paulo,,SP,BR,04203-002,-23.5934357,-46.6069678,Pharmacy,,,bigquery,
FARMARHAL,Farmarhal,ChIJA2xW4A1jzpQRCFwOVNJ0y68,"ESTR. DO ITAIM, 2210 - JARDIM JACY, GUARULHOS - SP, 07262-160",São Paulo,,SP,BR,07262-160,-23.4785646,-46.3923509,Pharmacy,,,bigquery,
VITALITAS FARMÁCIA E LABORATOR,Vitalitas Farmácia E Laborator,ChIJA3HKSKRbzpQRLSKtIqG_kts,"AV. BOSQUE DA SAÚDE, 2020 - VILA DA SAÚDE, SÃO PAULO - SP, 04142-082",São Paulo,,SP,BR,04142-082,-23.6130809,-46.6193057,Pharmacy,,,bigquery,
Droga Nossa | Delivery | Farmácia Unidade Metrô Vila Mariana,Droga Nossa | Delivery | Farmácia Unidade Metrô Vila Mariana,ChIJA569tCtazpQRVVjeSTIffUc,"R. Domingos de Morais, 1462 - Vila Mariana, São Paulo - SP, 04010-200",São Paulo,,SP,BR,04010200,-23.5891281,-46.635354299999996,"pharmacy,cosmetics_store,drugstore,shipping_service,health,store,service,point_of_interest,establishment",,,bigquery,"{""source"":""google_places_augment"",""types"":[""pharmacy"",""cosmetics_store"",""drugstore"",""shipping_service"",""health"",""store"",""service"",""point_of_interest"",""establishment""],""rating"":null}"
FARMACIA DE DEUS,Farmacia De Deus,ChIJA87c3Qz2zpQRBiFsy2saJ3Y,AV. GUAPIRA  281 - TUCURUVI  SÃO PAULO - SP  02265-000  BRASIL,São Paulo,,SP,BR,02265-000,-23.4803279,-46.6000004,Health & Beauty,,,bigquery,
Droga Raia,Droga Raia,ChIJAQAAF2BezpQR3ejaW7m19ac,"R. Serra de Botucatu, 1658 - Vila Gomes Cardim, São Paulo - SP, 03317-001, Brazil",São Paulo,,SP,BR,03317001,-23.5416462,-46.5557239,"pharmacy,store,health,point_of_interest,establishment",,,bigquery,"{""source"": ""supabase_places_cache_migration"", ""types"": [""pharmacy"", ""store"", ""health"", ""point_of_interest"", ""establishment""], ""rating"": null, ""refreshed_at"": ""2026-05-08T18:05:16.863+00:00""}"
LM HOMEOPATIA,Lm Homeopatia,ChIJAQBMm4ZezpQRqaFTCHJoP1A,"R. NESTOR DE BARROS, 212 - VILA SANTO ESTEVÃO, SÃO PAULO - SP, 03325-050",São Paulo,,SP,BR,03325-050,-23.5537085,-46.5592451,Homeopathic pharmacy,,,bigquery,
Drogasil,Drogasil,ChIJAQBwSO_1zpQRLnsclnA8lL8,"Av. Jd. Japão, 1420 - CEP: 02221001 - Jardim Brasil, São Paulo - SP, 02221-001, Brazil",São Paulo,,SP,BR,02221001,-23.4784075,-46.582605099999995,"drugstore,store,health,point_of_interest,establishment",,,bigquery,"{""source"":""google_places_augment"",""types"":[""drugstore"",""store"",""health"",""point_of_interest"",""establishment""],""rating"":null}"
Drogaria São Paulo,Drogaria São Paulo,ChIJAQCQ4UJUzpQRHE-IvloIGfA,"Rod. Régis Bittencourt, KM 271 - 5 LJS 198 A 200 PISO 1 - Cidade Intercap, Taboão da Serra - SP, 06768-200",São Paulo,,SP,BR,06768200,-23.613678099999998,-46.77539900000001,"drugstore,health,store,point_of_interest,establishment",,,bigquery,"{""source"":""google_places_augment"",""types"":[""drugstore"",""health"",""store"",""point_of_interest"",""establishment""],""rating"":null}"
LUCAS SILVA MAMEDE ROSÁRIO FARMÁCIA,Lucas Silva Mamede Rosário Farmácia,ChIJAQeLWY5UzpQRFTwYlcjLrU4,"ESTR. TEN. JOSÉ MARIA DA CUNHA, 878 - JARDIM RECORD, TABOÃO DA SERRA - SP, 06783-230",São Paulo,,SP,BR,06783-230,-23.6288455,-46.7941437,Pharmacy,,,bigquery,
DROGASIL,Drogasil,ChIJAT-b585XzpQRpXlVsdsrXAs,"R. Clodomiro Amazonas, 1299 - Vila Nova Conceição, São Paulo - SP, 04537-012, Brazil",São Paulo,,SP,BR,04537012,-23.5957106,-46.6763192,"pharmacy,drugstore,store,health,point_of_interest,establishment",,,bigquery,"{""source"":""google_places_augment"",""types"":[""pharmacy"",""drugstore"",""store"",""health"",""point_of_interest"",""establishment""],""rating"":null}"
DROGASIL,Drogasil,ChIJATTe27ldzpQR17e5bgBk3uw,VILA MARGARIDA  SÃO PAULO - SP  03376-090  BRASIL,São Paulo,,SP,BR,03376-090,-23.5774756,-46.54484,Health & Beauty,,,bigquery,
DROGARIA LAÉRCIO E LUCIMARA,Drogaria Laércio E Lucimara,ChIJAWFNis5EzpQRyVAiaY4Ju6g,"AV. BRASÍLIA, 968 - CAMPANÁRIO, DIADEMA - SP, 09931-400",São Paulo,,SP,BR,09931-400,-23.6633051,-46.6196751,Health & Beauty,,,bigquery,
Drogaria São Paulo,Drogaria São Paulo,ChIJAWcBL6j3zpQRIl8yOI7EEuQ,"Av. Luiz Dumont Villares, 1080 - Jardim São Paulo, São Paulo - SP, 02085-100, Brazil",São Paulo,,SP,BR,02085100,-23.4927129,-46.6111446,"drugstore,store,health,point_of_interest,establishment",,,bigquery,"{""source"": ""supabase_places_cache_migration"", ""types"": [""drugstore"", ""store"", ""health"", ""point_of_interest"", ""establishment""], ""rating"": null, ""refreshed_at"": ""2026-05-22T20:19:52.878+00:00""}"
Drogaria Nova,Drogaria Nova,ChIJAX9QMF1VzpQRRmxCq3sneBI,"Jardim Dracena - Rua Teresa Bertozzi Giannini, 320 - Jardim Alvorada (Zona Oeste), São Paulo - SP, 05528-190, Brazil",São Paulo,,SP,BR,05528190,-23.5942893,-46.7601694,"drugstore,health,store,point_of_interest,establishment",,,bigquery,"{""source"": ""supabase_places_cache_migration"", ""types"": [""drugstore"", ""health"", ""store"", ""point_of_interest"", ""establishment""], ""rating"": null, ""refreshed_at"": ""2026-05-22T20:20:22.558+00:00""}"
GOTA PROST,Gota Prost,ChIJAZ1TtZBZzpQRgwHuCOokw1Y,"BELA VISTA, SÃO PAULO - STATE OF SÃO PAULO, 01325-050",São Paulo,,SP,BR,01325-050,-23.5557714,-46.6395571,Pharmacy,,,bigquery,
FARMÁCIA PAGUE MENOS,Farmácia Pague Menos,ChIJA_XuQllIxwcRdXSeKYfK1V0,"AV. SANTOS DUMONT, 1256 - ALDEOTA, FORTALEZA - CE, 60150-160",Fortaleza,,CE,BR,60150-160,-3.7319111,-38.5126046,Health & Beauty,,,bigquery,
FARMACIA,Farmacia,ChIJAaWYr2L3zpQRwJ7S5Q7J13Q,AV. ITABERABA  66 - NOSSA SRA. DO O  SÃO PAULO - SP  02734-000  BRASIL,São Paulo,,SP,BR,02734-000,-23.5005217,-46.6973964,Health & Beauty,,,bigquery,
NATURAL FARMA,Natural Farma,ChIJAcDBMShmzpQRuJK00Vqta9o,"AV. RAGUEB CHOHFI, 960 - JARDIM TRÊS MARIAS, SÃO PAULO - SP",São Paulo,,SP,BR,,-23.6047508,-46.4701742,Pharmacy,,,bigquery,
DROGARIA SÃO PAULO,Drogaria São Paulo,ChIJAdVBLwD5zpQRmTAFI2_ZTxk,"R. Campos do Cajuru, 98 - Vila Palmeiras, São Paulo - SP, 02726-100, Brazil",São Paulo,,SP,BR,02726100,-23.501768,-46.6855987,"drugstore,health,store,point_of_interest,establishment",,,bigquery,"{""source"": ""supabase_places_cache_migration"", ""types"": [""drugstore"", ""health"", ""store"", ""point_of_interest"", ""establishment""], ""rating"": null, ""refreshed_at"": ""2026-05-22T20:21:31.349+00:00""}"
DROGARIA FATIMA,Drogaria Fatima,ChIJAx-n2YpUzpQR8EB8h9sBKQc,"ESTR. BENEDITO CESÁRIO DE OLIVEIRA, 554 - VILA IASI, TABOÃO DA SERRA - SP, 06767-280",São Paulo,,SP,BR,06767-280,-23.6211939,-46.7890114,Health & Beauty,,,bigquery,
Droga Raia,Droga Raia,ChIJAx5fbRZXzpQRA81PBGpCiQE,"R. Dr. Alberto da Silveira, 245 - CEP: 05671000 - Cidade Jardim, São Paulo - SP, 05671-000, Brazil",São Paulo,,SP,BR,05671000,-23.5870382,-46.6952955,"pharmacy,store,health,point_of_interest,establishment",,,bigquery,"{""source"":""google_places_augment"",""types"":[""pharmacy"",""store"",""health"",""point_of_interest"",""establishment""],""rating"":null}"
NATURAL ERVAS,Natural Ervas,ChIJAxenxVVjzpQRJ5CA8wAOQ4M,"R. ASCENSO FERNANDES, 1230 - PARQUE PAULISTANO, SÃO PAULO - SP, 08081-040",São Paulo,,SP,BR,08081-040,-23.4884261,-46.4232847,Pharmacy,,,bigquery,
Consulado da Ração Casa Verde - Pet Shop - Entrega de Ração e Medicamentos em até 4 Horas,Consulado da Ração Casa Verde - Pet Shop - Entrega de Ração e Medicamentos em até 4 Horas,ChIJB0Cw6On3zpQRgmQc9l7sLac,"Av. Casa Verde, 1075 - Casa Verde, São Paulo - SP, 02519-200",São Paulo,,SP,BR,02519200,-23.5028091,-46.6517114,"pharmacy,veterinary_care,pet_store,health,pet_care,point_of_interest,supplier,service,food,manufacturer,store,establishment",,,bigquery,"{""source"":""google_places_augment"",""types"":[""pharmacy"",""veterinary_care"",""pet_store"",""health"",""pet_care"",""point_of_interest"",""supplier"",""service"",""food"",""manufacturer"",""store"",""establishment""],""rating"":null}"
FARMÁCIA PAGUE MENOS,Farmácia Pague Menos,ChIJB1UF9FRYzpQRW7XrC4RAnFc,"R. SÃO BENTO, 308 - SÉ, SÃO PAULO - SP, 01010-000",São Paulo,,SP,BR,01010-000,-23.5464178,-46.6351948,Health & Beauty,,,bigquery,
Drugstore Sao Paulo,Drugstore Sao Paulo,ChIJB3GlimBezpQRVj1CyMoYjf4,"Av. Conselheiro Carrão, 652 - Chácara Califórnia, São Paulo - SP, 03402-000, Brazil",São Paulo,,SP,BR,03402000,-23.5401088,-46.5521884,"drugstore,store,point_of_interest,health,establishment",,,bigquery,"{""source"": ""supabase_places_cache_migration"", ""types"": [""drugstore"", ""store"", ""point_of_interest"", ""health"", ""establishment""], ""rating"": null, ""refreshed_at"": ""2026-05-22T20:19:54.221+00:00""}"
PHARMACY EARTH MANIPULATION,Pharmacy Earth Manipulation,ChIJB5Wy3fBIxwcR_kF94v71s3o,"RUA PADRE VALDEVINO, 1142 - ALDEOTA, FORTALEZA - CE, 60135-040",Fortaleza,,CE,BR,60135-040,-3.7400933,-38.5141269,Pharmacy,,,bigquery,
Drogasil,Drogasil,ChIJB6M-UwD3zpQR0Q3fwn5vHEs,"R. Padre Luciano, 14 - Jardim Franca, São Paulo - SP, 02337-080, Brazil",São Paulo,,SP,BR,02337080,-23.480785599999997,-46.6138195,"pharmacy,health,point_of_interest,store,establishment",,,bigquery,"{""source"":""google_places_augment"",""types"":[""pharmacy"",""health"",""point_of_interest"",""store"",""establishment""],""rating"":null}"
PHARMA-K MEDICAMENTOS,Pharma-K Medicamentos,ChIJBQUWthxYzpQRw_cJYebjFc0,"RUA LINCOLN ALBUQUERQUE, 92 - PERDIZES, SÃO PAULO - SP, 05004-010",São Paulo,,SP,BR,05004-010,-23.5310963,-46.666974,Pharmacy,,,bigquery,
DERMAFLORA,Dermaflora,ChIJBQtnK8NZzpQRglV9ttzw0q4,"R. MANUEL DA NÓBREGA, 1162 - PARAÍSO, SÃO PAULO - SP, 04001-003",São Paulo,,SP,BR,04001-003,-23.5759904,-46.655818,Pharmacy,,,bigquery,
POUPAFARMA,Poupafarma,ChIJBRWSMIRZzpQRiIJcka6Lw1k,"R. DOMINGOS DE MORAIS, 626 - VILA MARIANA, SÃO PAULO - SP, 04010-000",São Paulo,,SP,BR,04010-000,-23.5821991,-46.6386164,Pharmacy,,,bigquery,
MEX MEDICAMENTOS,Mex Medicamentos,ChIJBXJtCPhIxwcRzV51WwfrjTQ,"AV. BARÃO DE STUDART, 1501 - PICI, FORTALEZA - CE, 60120-001",Fortaleza,,CE,BR,60120-001,-3.7375961,-38.5067537,Pharmacy,,,bigquery,
HIBERNIA HOMEOPATIA E PRODUTOS NATURAIS LTDA EPP,Hibernia Homeopatia E Produtos Naturais Ltda Epp,ChIJBXwUyGdXzpQRYk5lsQRBJKM,"R. JOÃO CACHOEIRA, 112 - ITAIM BIBI, SÃO PAULO - SP, 04535-010",São Paulo,,SP,BR,04535-010,-23.5812379,-46.6791709,Homeopathic pharmacy,,,bigquery,
Drogaria São Paulo,Drogaria São Paulo,ChIJBZ-QMytZzpQRHaQn97VLlFs,"Av. Celso Garcia, 1948 - 1958 - Brás, São Paulo - SP, 03014-000, Brazil",São Paulo,,SP,BR,03014000,-23.5373327,-46.5935265,"drugstore,store,point_of_interest,health,establishment",,,bigquery,"{""source"": ""supabase_places_cache_migration"", ""types"": [""drugstore"", ""store"", ""point_of_interest"", ""health"", ""establishment""], ""rating"": null, ""refreshed_at"": ""2026-05-22T20:19:53.033+00:00""}"
PHITOFARMA POMPÉIA - FARMÁCIA DE MANIPULAÇÃO,Phitofarma Pompéia - Farmácia De Manipulação,ChIJBZGlWrlXzpQRdk6XLJRI9Lw,"AV. POMPÉIA, 1195 - POMPEIA, SÃO PAULO - SP, 05023-000",São Paulo,,SP,BR,05023-000,-23.5345872,-46.6878887,Pharmacy,,,bigquery,
DROGARIA AMP,Drogaria Amp,ChIJBZiWPdFZzpQR0MVRYrPbIzk,"ALAMEDA LORENA, 1338 - CERQUEIRA CÉSAR, SÃO PAULO - SP, 01424-000",São Paulo,,SP,BR,01424-000,-23.5649053,-46.6644196,Health & Beauty,,,bigquery,
FARMA NATURAL,Farma Natural,ChIJBa0a2WJhzpQRVdcKrU7V1D4,"R. CAP. FRANCISCO ISAÍAS DE CARVALHO, 188 - SÃO MIGUEL PAULISTA, SÃO PAULO - SP, 08010-030",São Paulo,,SP,BR,08010-030,-23.4917655,-46.4415591,Pharmacy,,,bigquery,
DROGASIL,Drogasil,ChIJBc8m4c33zpQRGDzInPz_3-U,"Av. Júlio Buono, 662 - Vila Gustavo, São Paulo - SP, 02201-000, Brazil",São Paulo,,SP,BR,02201000,-23.4927434,-46.5974583,"pharmacy,store,health",,,bigquery,"{""source"": ""supabase_places_cache_migration"", ""types"": [""pharmacy"", ""store"", ""health""], ""rating"": null, ""refreshed_at"": ""2026-03-25T13:30:27.021718+00:00""}"
MULTINATURAL DISTRIBUIDORA DE PRODUTOS NATURAIS LTDA,Multinatural Distribuidora De Produtos Naturais Ltda,ChIJBfy6OiKynZMRpmA6Q7K4_44,AV. AGRÍCOLA PAES DE BARROS  901 - CIDADE ALTA  CUIABÁ - MT  78030-210  BRASIL,Cuiabá,,MT,BR,78030-210,-15.6076301,-56.1192565,"pharmacy,drugstore,store,health,point_of_interest,establishment",,,bigquery,
Raia Drogasil S/A,Drogasil,ChIJBw0QFABNxwcRucZWb4RRcqw,"Av. A, 800 - Conjunto Ceará I, Fortaleza - CE, 60531-510, Brazil",Fortaleza,,CE,BR,60531510,-3.7694439,-38.6045471,"drugstore,pharmacy,store,health,point_of_interest,establishment",,,bigquery,"{""source"": ""supabase_places_cache_migration"", ""types"": [""drugstore"", ""pharmacy"", ""store"", ""health"", ""point_of_interest"", ""establishment""], ""rating"": null, ""refreshed_at"": ""2026-05-08T18:01:48.164+00:00""}"
EASY PHARMA MANIPULAÇÃO DE FÓRMULAS LTDA.,Easy Pharma Manipulação De Fórmulas Ltda.,ChIJBwQ6xzlazpQRprJsR7hWOpY,"R. DAS ROSAS, 665 - MIRANDÓPOLIS, SÃO PAULO - SP, 04048-001",São Paulo,,SP,BR,04048-001,-23.6051541,-46.6427842,Pharmacy,,,bigquery,
Drogasil,Drogasil,ChIJBwxcRwBfzpQRcGgcJk0t-gs,"R. Antônio Paganini, 361 - Chácara Cruzeiro do Sul, São Paulo - SP, 03732-140, Brazil",São Paulo,,SP,BR,03732140,-23.5126553,-46.5311184,"pharmacy,drugstore,store,health,point_of_interest,establishment",,,bigquery,"{""source"":""google_places_augment"",""types"":[""pharmacy"",""drugstore"",""store"",""health"",""point_of_interest"",""establishment""],""rating"":null}"
Drogasil,Drogasil,ChIJBzSt_SlKxwcRga2E39GojNk,"Av. Gov. Parsifal Barroso, S/N - Presidente Kennedy, Fortaleza - CE, 60357-250, Brazil",Fortaleza,,CE,BR,60357250,-3.7282412,-38.5690897,"drugstore,health,point_of_interest,store,establishment",,,bigquery,"{""source"": ""supabase_places_cache_migration"", ""types"": [""drugstore"", ""health"", ""point_of_interest"", ""store"", ""establishment""], ""rating"": null, ""refreshed_at"": ""2026-05-08T17:52:16.88+00:00""}"
S4Pets Aricanduva,S4Pets Aricanduva,ChIJC1Nn6UVnzpQR05UTw7p4S7A,"Av. dos Latinos, 470 - Jardim Santa Teresinha, São Paulo - SP, 03572-000",São Paulo,,SP,BR,03572000,-23.572476500000004,-46.50219560000001,"pharmacy,meal_delivery,food_delivery,veterinary_care,pet_store,health,pet_care,point_of_interest,supplier,service,food,store,establishment",,,bigquery,"{""source"":""google_places_augment"",""types"":[""pharmacy"",""meal_delivery"",""food_delivery"",""veterinary_care"",""pet_store"",""health"",""pet_care"",""point_of_interest"",""supplier"",""service"",""food"",""store"",""establishment""],""rating"":null}"
ROSIFARMA HOMEOPATIA,Rosifarma Homeopatia,ChIJC1hZGtNZzpQR4Qh0-yBmAUg,"RUA HADDOCK LOBO, 60 - CONSOLAÇÃO, SÃO PAULO - SP, 01414-000",São Paulo,,SP,BR,01414-000,-23.5544598,-46.6580464,Homeopathic pharmacy,,,bigquery,
DROGARIA HD ULTRA POPULAR,Drogarias Ultra Popular,ChIJC1hZGtNZzpQR_bRsVLSfHJY,"RUA HADDOCK LOBO, 1250 - CERQUEIRA CÉSAR, SÃO PAULO - SP, 01414-002",São Paulo,,SP,BR,01414-002,-23.5621945,-46.6663252,Health & Beauty,,,bigquery,
FARMA 1000,Farma 1000,ChIJC4ZMrAdZzpQRtyJA9hF_yhI,"R. OSCAR CINTRA GORDINHO, 20 - LIBERDADE, SÃO PAULO - SP, 01512-010",São Paulo,,SP,BR,01512-010,-23.5541333,-46.6297061,Pharmacy,,,bigquery,
PENSE FARMA,Pense Farma,ChIJC7xiW49RzpQR9XWf9oTqR1I,"ESTRADA DO M'BOI MIRIM, 954 - PIRAPORINHA, SÃO PAULO - SP, 04905-000",São Paulo,,SP,BR,04905-000,-23.6718314,-46.741982,Pharmacy,,,bigquery,
DERMA QUALITY - FARMÁCIA DE MANIPULAÇÃO,Derma Quality - Farmácia De Manipulação,ChIJC8HH1rVQzpQRrXNJ5EhMJ60,"AV. PADRE ANTÔNIO JOSÉ DOS SANTOS, 1062 - ITAIM BIBI, SÃO PAULO - SP, 04563-003",São Paulo,,SP,BR,04563-003,-23.6092617,-46.6877603,Pharmacy,,,bigquery,
DROGASIAN,Drogasian,ChIJC8UiSp9ZzpQR3aQiaHmVV2Q,"R. CASTRO ALVES, 422 - LIBERDADE, SÃO PAULO - SP, 01532-001",São Paulo,,SP,BR,01532-001,-23.5691067,-46.6367964,Pharmacy,,,bigquery,
PHITOFARMA FORTALEZA - FARMÁCIA DE MANIPULAÇÃO,Phitofarma Fortaleza - Farmácia De Manipulação,ChIJC8oaAfBOxwcRPkNh3f0J8IU,"R. GIRASSOL, 410 - SERRINHA, FORTALEZA - CE, 60743-465",Fortaleza,,CE,BR,60743-465,-3.7907854,-38.5377441,Pharmacy,,,bigquery,
BENTO MURE,Bento Mure,ChIJCXMqiyX2zpQRtFSx-DTCNSA,"RUA DR. OLAVO EGÍDIO, 379 - SANTANA, SÃO PAULO - SP, 02037-000",São Paulo,,SP,BR,02037-000,-23.4998097,-46.621988,Homeopathic pharmacy,,,bigquery,
MEDFAR,Medfar,ChIJCXcJWyRYzpQR0gynlNgLfnQ,"R. ITATIARA, 131 - CONSOLAÇÃO, SÃO PAULO - SP, 01242-020",São Paulo,,SP,BR,01242-020,-23.5455978,-46.6637573,Pharmacy,,,bigquery,
Drogaria São Paulo,Drogaria São Paulo,ChIJC_zcxzhnzpQR1wQL8_2_A_U,"Av. Itaquera, 2902 - Jardim Maringa, São Paulo - SP, 03526-000, Brazil",São Paulo,,SP,BR,03526000,-23.551865,-46.4954758,"drugstore,health,store,point_of_interest,establishment",,,bigquery,"{""source"": ""supabase_places_cache_migration"", ""types"": [""drugstore"", ""health"", ""store"", ""point_of_interest"", ""establishment""], ""rating"": null, ""refreshed_at"": ""2026-05-22T20:19:51.856+00:00""}"
MANIFARMA BRIGADEIRO,Manifarma Brigadeiro,ChIJCavvRa5ZzpQR3QPA1Xd0JnQ,"AV. BRIGADEIRO LUÍS ANTÔNIO, 755 - LOJA 2 - BELA VISTA, SÃO PAULO - SP, 01317-000",São Paulo,,SP,BR,01317-000,-23.5566732,-46.639922,Pharmacy,,,bigquery,
BIFÓRMULA PHARMA - FARMÁCIA DE MANIPULAÇÃO,Bifórmula Pharma - Farmácia De Manipulação,ChIJCdaRNxtazpQR_7ocfttE9JA,"AV. DOS EUCALIPTOS, 242 - TÉRREO - INDIANÓPOLIS, SÃO PAULO - SP, 04517-050",São Paulo,,SP,BR,04517-050,-23.6066603,-46.6736389,Pharmacy,,,bigquery,
Drogaria São Paulo,Drogaria São Paulo,ChIJCeyd782xnZMRaNjnKMuu6Lo,"Av. Mal. Deodoro, 1199 - Centro Norte, Cuiabá - MT, 78005-100",Cuiabá,,MT,BR,78005100,-15.5901169,-56.0980633,"drugstore,health,store,point_of_interest,establishment",,,bigquery,"{""source"":""google_places_augment"",""types"":[""drugstore"",""health"",""store"",""point_of_interest"",""establishment""],""rating"":null}"
INTERCAP FARMA,Intercap Farma,ChIJD2Hg01pUzpQRqUWviW9cYxM,"AV. SÃO PAULO, 261 - CIDADE INTERCAP, TABOÃO DA SERRA - SP, 06757-170",São Paulo,,SP,BR,06757-170,-23.6092903,-46.7769545,Pharmacy,,,bigquery,
Carrefour Drogaria Vila Maria,Carrefour,ChIJD2N-MM9YzpQR_JaYO7CpGRo,"Av. Morvan Dias de Figueiredo, 3177 - Vila Maria, São Paulo - SP, 02063-000, Brazil",São Paulo,,SP,BR,02063000,-23.5225404,-46.5990635,"pharmacy,health,point_of_interest",,,bigquery,"{""source"": ""supabase_places_cache_migration"", ""types"": [""pharmacy"", ""health"", ""point_of_interest""], ""rating"": null, ""refreshed_at"": ""2026-04-02T18:32:17.538537+00:00""}"
PHARMA FORT,Pharma Fort,ChIJD6cd2ltIxwcRjS22tpVC1Vs,"DENTRO DO PÃO DE AÇUCAR - AV. SANTOS DUMONT, 1169 - LOJA 7 - ALDEOTA, FORTALEZA - CE, 60150-160",Fortaleza,,CE,BR,60150-160,-3.7308796,-38.5133317,Pharmacy,,,bigquery,
MAIS SAÚDE SÃO PAULO,Mais Saúde São Paulo,ChIJD7c74etozpQRDQk5GdP5Vq0,"AV. RODOLFO PIRANI, 15 - JARDIM RODOLFO PIRANI, SÃO PAULO - SP, 08310-000",São Paulo,,SP,BR,08310-000,-23.6261306,-46.4622711,Pharmacy,,,bigquery,
Drugstore Sao Paulo,Drugstore Sao Paulo,ChIJD83C_ClOzpQR7-GhZUXU4lI,"Av. Atlântica, 2699 - Jardim Tres Marias, São Paulo - SP, 04772-003, Brazil",São Paulo,,SP,BR,04772003,-23.6905718,-46.7144094,"drugstore,store,point_of_interest,health,establishment",,,bigquery,"{""source"": ""supabase_places_cache_migration"", ""types"": [""drugstore"", ""store"", ""point_of_interest"", ""health"", ""establishment""], ""rating"": null, ""refreshed_at"": ""2026-05-22T20:19:49.98+00:00""}"
DSP COMERCIAL,Dsp Comercial,ChIJDRErYJRZzpQRb0GQdfkr5JY,"R. ABÍLIO SOARES, 782 - PARAÍSO, SÃO PAULO - SP, 04005-000",São Paulo,,SP,BR,04005-000,-23.5756902,-46.6490337,Pharmacy,,,bigquery,
DROGARIA SOPHIA,Drogaria Sophia,ChIJDVJYqqRkzpQRh1N4yjytTsw,"R. PADRE VIRGÍLIO CAMPELO, 40 - ITAIM PAULISTA, SÃO PAULO - SP, 08131-310",São Paulo,,SP,BR,08131-310,-23.5046519,-46.3786136,Health & Beauty,,,bigquery,
FARMÁCIA DROGARIA SOL MAIS,Farmácia Drogaria Sol Mais,ChIJDc1lqqNZzpQRE8OKYS7V2mY,"R. CASTRO ALVES, 111 - ACLIMAÇÃO, SÃO PAULO - SP, 01532-001",São Paulo,,SP,BR,01532-001,-23.5669116,-46.6387593,Health & Beauty,,,bigquery,
Drogaria São Paulo,Drogaria São Paulo,ChIJDwa6H7FmzpQR0T_vAGvJ7g0,"Av. Pires do Rio, 4227 - Vila Taquari, São Paulo - SP, 08230-023",São Paulo,,SP,BR,08230023,-23.530186,-46.4524335,"drugstore,health,store,point_of_interest,establishment",,,bigquery,"{""source"":""google_places_augment"",""types"":[""drugstore"",""health"",""store"",""point_of_interest"",""establishment""],""rating"":null}"
M.R PONZO DROGARIA,M.r Ponzo Drogaria,ChIJDx7Yulv_zpQRkbWr-KBGBSU,"AV. DOS AUTONOMISTAS, 500 - VILA YARA, OSASCO - SP, 04080-001",São Paulo,,SP,BR,04080-001,-23.5472637,-46.7610303,Pharmacy,,,bigquery,
Drogasil,Drogasil,ChIJE-mVUwBXzpQRFzJP-gTOAuc,"R. Heitor Penteado, 977 - Sumarezinho, São Paulo - SP, 05437-000, Brazil",São Paulo,,SP,BR,05437000,-23.547867099999998,-46.688164699999994,"pharmacy,store,health,point_of_interest,establishment",,,bigquery,"{""source"":""google_places_augment"",""types"":[""pharmacy"",""store"",""health"",""point_of_interest"",""establishment""],""rating"":null}"
Drogaria São Paulo,Drogaria São Paulo,ChIJE0BaIV9XzpQRVCTaAbO_1ZE,"R. Joaquim Floriano, 277 - Itaim Bibi, São Paulo - SP, 04534-010",São Paulo,,SP,BR,04534010,-23.5842843,-46.6727013,"drugstore,store,health,point_of_interest,establishment",,,bigquery,"{""source"":""google_places_augment"",""types"":[""drugstore"",""store"",""health"",""point_of_interest"",""establishment""],""rating"":null}"
Farmácia Pague Menos,Farmácia Pague Menos,ChIJE0jCroX5zpQRXckaKF3sOsg,"R. Carlos Weber, 600 - Vila Leopoldina, São Paulo - SP, 05303-000, Brazil",São Paulo,,SP,BR,05303000,-23.5264928,-46.7319898,"pharmacy,drugstore,store,health,point_of_interest,establishment",,,bigquery,"{""source"": ""supabase_places_cache_migration"", ""types"": [""pharmacy"", ""drugstore"", ""store"", ""health"", ""point_of_interest"", ""establishment""], ""rating"": null, ""refreshed_at"": ""2026-05-22T20:40:50.955+00:00""}"
DROGASIL,Drogasil,ChIJE2CEuB9YzpQRvZWLX7GZgG0,"RUA CARDOSO DE ALMEIDA, 1021, 1021 1049 LOJA 1, E 2 - PERDIZES, SÃO PAULO - SP, 05013-001",São Paulo,,SP,BR,05013-001,-23.5396256,-46.669301,Health & Beauty,,,bigquery,
CONVIVA,Conviva,ChIJE7iCL6FJxwcRnumAhkiY7eg,"FARIAS BRITO, FORTALEZA - STATE OF CEARÁ, 60325-105",Fortaleza,,CE,BR,60325-105,-3.7310317,-38.5434122,Pharmacy,,,bigquery,
Carrefour Drugstore Casa Verde,Carrefour,ChIJEV7LPeH3zpQROIRIMv-G1qA,"R. Marambaia, 200 - Casa Verde, São Paulo - SP, 02513-000, Brazil",São Paulo,,SP,BR,02513000,-23.5128834,-46.6554736,"pharmacy,store,health,point_of_interest,establishment",,,bigquery,"{""source"":""google_places_augment"",""types"":[""pharmacy"",""store"",""health"",""point_of_interest"",""establishment""],""rating"":null}"
DROGARIA CASA DE PEDRA,Drogaria Casa De Pedra,ChIJEV7qD4P2zpQRfiT5icTJdjk,"AV. JOSINO VIEIRA DE GOES, 338 - TREMEMBÉ, SÃO PAULO - SP, 02319-000",São Paulo,,SP,BR,02319-000,-23.4511642,-46.596387,Health & Beauty,,,bigquery,
Panvel Farmácias,Panvel,ChIJEWBWVhVbzpQRCS48UCxs5QQ,"Rua Machado Bitencourt, 278 - Vila Clementino, São Paulo - SP, 04044-000, Brazil",São Paulo,,SP,BR,04044000,-23.5997735,-46.6385401,"pharmacy,drugstore,manufacturer,store,point_of_interest,health,establishment",,,bigquery,"{""source"": ""supabase_places_cache_migration"", ""types"": [""pharmacy"", ""drugstore"", ""manufacturer"", ""store"", ""point_of_interest"", ""health"", ""establishment""], ""rating"": null, ""refreshed_at"": ""2026-05-22T20:35:46.095+00:00""}"
Drogasil,Drogasil,ChIJEYVBAgBfzpQRxYfvhehL0Ik,"R. Campo Largo, 360 - Vila Bertioga, São Paulo - SP, 03186-010, Brazil",São Paulo,,SP,BR,03186010,-23.5675034,-46.5821975,"pharmacy,store,health,point_of_interest,establishment",,,bigquery,"{""source"":""google_places_augment"",""types"":[""pharmacy"",""store"",""health"",""point_of_interest"",""establishment""],""rating"":null}"
META MANIPULATION PHARMACY,Meta Manipulation Pharmacy,ChIJEa1LMpZQzpQRmkGUk1x8-H4,"AV. BERNARDINO DE CAMPOS, 190 - PARAÍSO, SÃO PAULO - SP, 04004-040",São Paulo,,SP,BR,04004-040,-23.5731133,-46.6428876,Pharmacy,,,bigquery,
FARMÁCIA PAGUE MENOS,Farmácia Pague Menos,ChIJEaBpkfZIxwcRDPB6E38HM9g,"AV. HERÁCLITO GRAÇA, 1444 - ALDEOTA, FORTALEZA - CE, 60140-032",Fortaleza,,CE,BR,60140-032,-3.7378941,-38.5122165,Health & Beauty,,,bigquery,
JB FARMÁCLAS,Jb Farmáclas,ChIJEwKxNVFYzpQRTkuYCobt3UY,"R. CAP. SALOMÃO, 313 - CENTRO HISTÓRICO DE SÃO PAULO, SÃO PAULO - SP, 01034-020",São Paulo,,SP,BR,01034-020,-23.5428721,-46.636958,Pharmacy,,,bigquery,
Momento Pet Mooca - Clinica Veterinaria - Creche Canina,Momento Pet Mooca - Clinica Veterinaria - Creche Canina,ChIJEwm5fB1czpQR-jAAlI037oc,"Av. Dr. José Higino, 77 - Vila Oratorio, São Paulo - SP, 03189-040",São Paulo,,SP,BR,03189040,-23.568203999999998,-46.5818143,"pharmacy,pet_boarding_service,veterinary_care,pet_store,health,pet_care,point_of_interest,supplier,food,store,establishment",,,bigquery,"{""source"":""google_places_augment"",""types"":[""pharmacy"",""pet_boarding_service"",""veterinary_care"",""pet_store"",""health"",""pet_care"",""point_of_interest"",""supplier"",""food"",""store"",""establishment""],""rating"":null}"
FLORENA PHARMACHEMICALS,Florena Pharmachemicals,ChIJExDyp_FVzpQRtxiwaBIxM40,"R. CONDE LUIZ EDUARDO MATARAZZO, 03 - CIDADE SÃO FRANCISCO, SÃO PAULO - SP, 05356-000",São Paulo,,SP,BR,05356-000,-23.5608188,-46.7605679,"pharmacy, wholesaler",,,bigquery,
Drogaria São Paulo,Drogaria São Paulo,ChIJExuO7aFbzpQRp-8J-LbElSw,"Rua Luís Góis, 271 - Mirandópolis, São Paulo - SP, 04043-250, Brazil",São Paulo,,SP,BR,04043250,-23.6042343,-46.6299883,"drugstore,health,point_of_interest,store,establishment",,,bigquery,"{""source"": ""supabase_places_cache_migration"", ""types"": [""drugstore"", ""health"", ""point_of_interest"", ""store"", ""establishment""], ""rating"": null, ""refreshed_at"": ""2026-05-22T20:20:36.929+00:00""}"
Drogaria São Paulo,Drogaria São Paulo,ChIJF1JVo_VXzpQR7p835k22ky0,"Av. Prof. Alfonso Bovero, 1289 - Perdizes, São Paulo - SP, 05019-011, Brazil",São Paulo,,SP,BR,05019011,-23.5363223,-46.6868721,"drugstore,health,store,point_of_interest,establishment",,,bigquery,"{""source"": ""supabase_places_cache_migration"", ""types"": [""drugstore"", ""health"", ""store"", ""point_of_interest"", ""establishment""], ""rating"": null, ""refreshed_at"": ""2026-05-22T20:21:12.249+00:00""}"
Farmácia Pague Menos,Farmácia Pague Menos,ChIJF3049975zpQR00bU5XXnpQE,"R. Coriolano, 1094 - Vila Romana, São Paulo - SP, 05047-001, Brazil",São Paulo,,SP,BR,05047001,-23.5259118,-46.696109,"pharmacy,drugstore,health,point_of_interest,store,establishment",,,bigquery,"{""source"": ""supabase_places_cache_migration"", ""types"": [""pharmacy"", ""drugstore"", ""health"", ""point_of_interest"", ""store"", ""establishment""], ""rating"": null, ""refreshed_at"": ""2026-05-22T20:40:50.955+00:00""}"
Drogaria São Paulo,Drogaria São Paulo,ChIJF3gxnD5XzpQRJf4cVdHVjhU,"R. Teodoro Sampaio, 2014 - Pinheiros, São Paulo - SP, 05406-150, Brazil",São Paulo,,SP,BR,05406150,-23.5637433,-46.6880349,"drugstore,store,point_of_interest,health,establishment",,,bigquery,"{""source"": ""supabase_places_cache_migration"", ""types"": [""drugstore"", ""store"", ""point_of_interest"", ""health"", ""establishment""], ""rating"": null, ""refreshed_at"": ""2026-05-22T20:19:53.092+00:00""}"
TEJARDIANDO,Tejardiando,ChIJF7CSPsFZzpQRorFachru3eo,"R. SAINT HILAIRE, 202 - JARDIM PAULISTA, SÃO PAULO - SP, 01423-040",São Paulo,,SP,BR,01423-040,-23.5704464,-46.654613,Pharmacy,,,bigquery,
Drogaria São Paulo,Drogaria São Paulo,ChIJF7sDsa35zpQRm-DnFNmovj0,"R. Clélia, 1547 - Água Branca, São Paulo - SP, 05042-000, Brazil",São Paulo,,SP,BR,05042000,-23.5251978,-46.6976155,"drugstore,store,health,point_of_interest,establishment",,,bigquery,"{""source"": ""supabase_places_cache_migration"", ""types"": [""drugstore"", ""store"", ""health"", ""point_of_interest"", ""establishment""], ""rating"": null, ""refreshed_at"": ""2026-05-22T20:20:32.666+00:00""}"
DAL BEN PHARMA,Dal Ben Pharma,ChIJF8ptnshZzpQR7snyzx3twFQ,"ALAMEDA SANTOS, 211 - CERQUEIRA CÉSAR, SÃO PAULO - SP, 01419-000",São Paulo,,SP,BR,01419-000,-23.5710987,-46.647243,Pharmacy,,,bigquery,
FARMELHOR DROGARIA,Farmelhor Drogaria,ChIJF9bghuFfzpQRCXoSGHOQEJc,"R. TUIUTI, 702 - TATUAPÉ, SÃO PAULO - SP, 03081-015",São Paulo,,SP,BR,03081-015,-23.5314134,-46.5758463,Health & Beauty,,,bigquery,
LARISSA SOUSA,Larissa Sousa,ChIJF9iB_85LxwcRFDezo_3yw_E,"R. PROF. RAIMUNDA ADÉLIA - ANTÔNIO BEZERRA, FORTALEZA - CE, 60350-330",Fortaleza,,CE,BR,60350-330,-3.736842,-38.5933974,Pharmacy,,,bigquery,
CARAMANTI & CARAMANTI LTDA.,Caramanti & Caramanti Ltda.,ChIJFTXH5If2zpQRTqGB5BQQxWI,"AV. CEL. SEZEFREDO FAGUNDES, 2150 - TUCURUVI, SÃO PAULO - SP, 02306-002",São Paulo,,SP,BR,02306-002,-23.4604122,-46.6025289,Pharmacy,,,bigquery,
DROGARIA NOVA DANILOFARMA,Drogaria Nova Danilofarma,ChIJFTl0kzFUzpQR_dfVlMbVHKE,"R. NATAL PIGASSI, 1020 - JARDIM CELESTE, SÃO PAULO - SP, 05527-000",São Paulo,,SP,BR,05527-000,-23.5967681,-46.7588698,Health & Beauty,,,bigquery,
DRUGSTORE LIBERDADE DROGARIA E PERFUMARIA LTDA,Drugstore Liberdade Drogaria E Perfumaria Ltda,ChIJFVqf4ahZzpQRVrrSh-9Ayqg,"R. GALVÃO BUENO, 22 - LIBERDADE, SÃO PAULO - SP, 01506-030",São Paulo,,SP,BR,01506-030,-23.5557788,-46.6354009,Pharmacy,,,bigquery,
EMMGB,Emmgb,ChIJFWJuqKtZzpQRQVO78j_7XTk,"R. SEN. FEIJÓ, 41 - SÉ, SÃO PAULO - SP, 01006-001",São Paulo,,SP,BR,01006-001,-23.5508154,-46.6348899,Pharmacy,,,bigquery,
SELLENE - DISTRIBUIDORA HOSPITALAR - DESDE 1977,Sellene - Distribuidora Hospitalar - Desde 1977,ChIJFYLH2PVIxwcR7VaAZX7XKRg,"R. JOÃO CARVALHO, 205 - ALDEOTA, FORTALEZA - CE, 60140-140",Fortaleza,,CE,BR,60140-140,-3.7363223,-38.5111825,Pharmacy,,,bigquery,
Farmácia Pague Menos,Farmácia Pague Menos,ChIJFbDUbxr3zpQRCqS0VTmbUxI,"R. Altinópolis, 308 - Água Fria, São Paulo - SP, 02334-001, Brazil",São Paulo,,SP,BR,02334001,-23.4836485,-46.61847,"pharmacy,drugstore,health,point_of_interest,store,establishment",,,bigquery,"{""source"": ""supabase_places_cache_migration"", ""types"": [""pharmacy"", ""drugstore"", ""health"", ""point_of_interest"", ""store"", ""establishment""], ""rating"": null, ""refreshed_at"": ""2026-05-22T20:40:57.077+00:00""}"
O ALQUIMISTA FARMÁCIA HOMEOPÁTICA,O Alquimista Farmácia Homeopática,ChIJFbEteR1YzpQRAlEb2vfB8xg,"R. DONA GERMAINE BURCHARD, 617 - ÁGUA BRANCA, SÃO PAULO - SP, 05001-900",São Paulo,,SP,BR,05001-900,-23.5316385,-46.6733973,Homeopathic pharmacy,,,bigquery,
Drogaria São Paulo,Drogaria São Paulo,ChIJFdIvajpYzpQRY_kNRMG6UVw,"Av. Angélica, 1465 - Consolação, São Paulo - SP, 01227-100",São Paulo,,SP,BR,01227100,-23.5456441,-46.6572756,"drugstore,store,health,point_of_interest,establishment",,,bigquery,"{""source"":""google_places_augment"",""types"":[""drugstore"",""store"",""health"",""point_of_interest"",""establishment""],""rating"":null}"
People's Pharmacy Drogabay Garden Ipe,People's Pharmacy Drogabay Garden Ipe,ChIJFdM9wIljzpQRNjpIf911h0g,"Rua dos Igarapés, 1516 - Jardim dos Ipes, São Paulo - SP, 08161-380, Brazil",São Paulo,,SP,BR,08161380,-23.5086235,-46.4140261,"pharmacy,drugstore,health,point_of_interest,store,establishment",,,bigquery,"{""source"": ""supabase_places_cache_migration"", ""types"": [""pharmacy"", ""drugstore"", ""health"", ""point_of_interest"", ""store"", ""establishment""], ""rating"": null, ""refreshed_at"": ""2026-05-26T13:24:46.816+00:00""}"
DROGARIA,Drogaria,ChIJFeRCctX3zpQR_QLOBxtYDm8,R. ROÇA GRANDE - JARDIM SANTA CRUZ  SÃO PAULO - SP  02675-031  BRASIL,São Paulo,,SP,BR,02675-031,-23.4590509,-46.6689158,Health & Beauty,,,bigquery,
Panvel Farmácias,Panvel,ChIJFfDFUXBZzpQRTEQL9noX7c4,"Av. Paulista, 2023 - São Paulo - SP LOJA 100A 100B - 100D 100E - Consolação, São Paulo - SP, 01311-300, Brazil",São Paulo,,SP,BR,01311300,-23.55901,-46.659533,"pharmacy,drugstore,manufacturer,health,store,point_of_interest,establishment",,,bigquery,"{""source"": ""supabase_places_cache_migration"", ""types"": [""pharmacy"", ""drugstore"", ""manufacturer"", ""health"", ""store"", ""point_of_interest"", ""establishment""], ""rating"": null, ""refreshed_at"": ""2026-05-22T20:35:46.38+00:00""}"
EXTRAFARMA,Extrafarma,ChIJFw5fzcVJxwcRO6WcOeGFcss,"AV. TREZE DE MAIO, 2022 - FÁTIMA, FORTALEZA - CE, 60040-212",Fortaleza,,CE,BR,60040-212,-3.7441376,-38.5350628,Health & Beauty,,,bigquery,
Droga Raia,Droga Raia,ChIJG-Q0vqpXzpQR93FOBDHJGwg,"R. Olimpíadas, 360 - terceiro piso - Vila Olímpia, São Paulo - SP, 04551-000, Brazil",São Paulo,,SP,BR,04551000,-23.5952979,-46.686681799999995,"pharmacy,store,health,point_of_interest,establishment",,,bigquery,"{""source"":""google_places_augment"",""types"":[""pharmacy"",""store"",""health"",""point_of_interest"",""establishment""],""rating"":null}"
PROGRESSO,Progresso,ChIJG0M1BXlJxwcRCxSqUNa16Lw,"R. SEN. POMPEU, 834 - CENTRO, FORTALEZA - CE, 60025-000",Fortaleza,,CE,BR,60025-000,-3.7258909,-38.5299361,Pharmacy,,,bigquery,
DROGARIA ACLIFARMA - REDE ELLOMAIS,Drogaria Aclifarma - Rede Ellomais,ChIJG6Fea6JZzpQRQeAx33chC68,"RUA TAMANDARÉ, 556 - LIBERDADE, SÃO PAULO - SP, 01525-000",São Paulo,,SP,BR,01525-000,-23.563754,-46.634956,Health & Beauty,,,bigquery,
Drogaria São Paulo,Drogaria São Paulo,ChIJGQPalEFZzpQRhbj9TeoDs3s,"R. Alagoas, 12 - Higienópolis, São Paulo - SP, 01242-000",São Paulo,,SP,BR,01242000,-23.5477354,-46.654793299999994,"drugstore,health,store,point_of_interest,establishment",,,bigquery,"{""source"":""google_places_augment"",""types"":[""drugstore"",""health"",""store"",""point_of_interest"",""establishment""],""rating"":null}"
MEDIC FARMA POPULAR,Medic Farma Popular,ChIJGRUfvYFTzpQRh_ZGVuExWDw,"AV. AUGUSTO BARBOSA TAVARES, 431 - JARDIM MARIA SAMPAIO, SÃO PAULO - SP, 05790-140",São Paulo,,SP,BR,05790-140,-23.6417399,-46.7848174,Pharmacy,,,bigquery,
DROGARIA DOM BOSCO DA MOOCA,Drogaria Dom Bosco Da Mooca,ChIJGUXqABBZzpQR_Qb-lzvjCeI,"R. DA MOOCA, 333 - MOOCA, SÃO PAULO - SP, 03103-000",São Paulo,,SP,BR,03103-000,-23.5534837,-46.6220506,Health & Beauty,,,bigquery,
Drogaria São Paulo,Drogaria São Paulo,ChIJGVcAiZZVzpQRsXQpgZHHyIU,"Av. Anacé, 17 - Jardim Umarizal, São Paulo - SP, 05755-090",São Paulo,,SP,BR,05755090,-23.617148099999998,-46.7569757,"drugstore,health,store,point_of_interest,establishment",,,bigquery,"{""source"":""google_places_augment"",""types"":[""drugstore"",""health"",""store"",""point_of_interest"",""establishment""],""rating"":null}"
DROGARIA MAIS BRASIL - RIO BRANCO,Drogaria Mais Brasil - Rio Branco,ChIJGYdulFpYzpQREnfRWliPJII,"AV. RIO BRANCO, 373 - CAMPOS ELÍSEOS, SÃO PAULO - SP, 01205-000",São Paulo,,SP,BR,01205-000,-23.5397859,-46.6403022,Health & Beauty,,,bigquery,
DROGARIA BETO,Drogaria Beto,ChIJG_9t33dUzpQRFhLrdkbZqyA,"AV. CARLOS LACERDA, 185 - VILA PIRAJUSSARA, SÃO PAULO - SP, 05789-000",São Paulo,,SP,BR,05789-000,-23.6350501,-46.7754905,Health & Beauty,,,bigquery,
Drugstore Sao Paulo,Drugstore Sao Paulo,ChIJG_px_QBezpQRrO3WBFmUPgc,"Av. Waldemar Carlos Pereira, 673 - Vila Dalila, São Paulo - SP, 03533-001, Brazil",São Paulo,,SP,BR,03533001,-23.5439549,-46.5192235,"drugstore,store,point_of_interest,health,establishment",,,bigquery,"{""source"": ""supabase_places_cache_migration"", ""types"": [""drugstore"", ""store"", ""point_of_interest"", ""health"", ""establishment""], ""rating"": null, ""refreshed_at"": ""2026-05-22T20:19:53.992+00:00""}"
REFARMA,Refarma,ChIJGbl-5tBZzpQRh5lC4FZ50Vg,"CERQUEIRA CÉSAR, SÃO PAULO - STATE OF SÃO PAULO, 01410-002",São Paulo,,SP,BR,01410-002,-23.5661548,-46.6641434,Pharmacy,,,bigquery,
DERMOCOSMÉTICOS,Dermocosméticos,ChIJGdtypApZzpQRk-yBhTazwIo,"R. PIRES DA MOTA, 254 - LIBERDADE, SÃO PAULO - SP, 01526-040",São Paulo,,SP,BR,01526-040,-23.5653566,-46.6315614,Pharmacy,,,bigquery,
ROCHAFARMA FARMÁCIA DE MANIPULAÇÃO,Rochafarma Farmácia De Manipulação,ChIJGf8yv7VZzpQRIOtBoyPph0c,"R. ROCHA, 79 - BELA VISTA, SÃO PAULO - SP, 01330-000",São Paulo,,SP,BR,01330-000,-23.556917,-46.649731,Pharmacy,,,bigquery,
Drogasil,Drogasil,ChIJGwcBF6pYzpQRS969Gk83pQE,"Av. Conceição, 1874 - 1876 Loja A - Vila Paiva, São Paulo - SP, 02072-002, Brazil",São Paulo,,SP,BR,02072002,-23.4983114,-46.5966904,"pharmacy,health,store",,,bigquery,"{""source"": ""supabase_places_cache_migration"", ""types"": [""pharmacy"", ""health"", ""store""], ""rating"": null, ""refreshed_at"": ""2026-03-25T13:30:27.021718+00:00""}"
HOMEO ERVAS HOMEOPATIA & MANIPULAÇÃO,Homeo Ervas Homeopatia & Manipulação,ChIJGwcpmkNgzpQRWDGDsQNpQuQ,"R. ANTÔNIO MACEDO, 36 - TATUAPE, SÃO PAULO - SP, 03087-010",São Paulo,,SP,BR,03087-010,-23.5325401,-46.5632225,Homeopathic pharmacy,,,bigquery,
Droga Raia Shopping Iguatemi,Droga Raia,ChIJGyCLEABXzpQR674ifOpQAic,"Av. Brig. Faria Lima, 2232 - Jardim Paulistano, São Paulo - SP, 01451-000, Brazil",São Paulo,,SP,BR,01451000,-23.5771128,-46.688005499999996,"drugstore,store,health,point_of_interest,establishment",,,bigquery,"{""source"":""google_places_augment"",""types"":[""drugstore"",""store"",""health"",""point_of_interest"",""establishment""],""rating"":null}"
DROGA RAIA,Droga Raia,ChIJGzQy2pdZzpQRPf91siSnkac,"1947 SHOPPING PATIO PAULISTA - R. TREZE DE MAIO, 1947 - ARCOS E-2028/E-2029, PISO - BELA VISTA, SÃO PAULO - SP, 01327-900",São Paulo,,SP,BR,01327-900,-23.5705533,-46.6435249,Health & Beauty,,,bigquery,
DROGARIA MIL FARMA,Drogaria Mil Farma,ChIJH1B5njelnZMRsDN5wEVkIGo,AV. S4  ESQUINA COM A 238 - TIJUCAL  CUIABÁ - MT  78088-200  BRASIL,Cuiabá,,MT,BR,78088-200,-15.6305481,-56.0116056,Health & Beauty,,,bigquery,
DROGASIL,Drogasil,ChIJH3kiOj1UzpQRAQF47BxVNxQ,"R. DO TESOURO, 464 - LJ 1 - PARQUE SANTOS DUMONT, TABOÃO DA SERRA - SP, 06754-190",São Paulo,,SP,BR,06754-190,-23.6084631,-46.7575573,Health & Beauty,,,bigquery,
Drogaria São Paulo,Drogaria São Paulo,ChIJH3l0KDqznZMR-Uhf3jS-SQg,"Av. Agrícola Paes de Barros, 772 - Cidade Alta, Cuiabá - MT, 78030-670",Cuiabá,,MT,BR,78030670,-15.6070212,-56.121570299999995,"drugstore,health,store,point_of_interest,establishment",,,bigquery,"{""source"":""google_places_augment"",""types"":[""drugstore"",""health"",""store"",""point_of_interest"",""establishment""],""rating"":null}"
Drogaria São Paulo,Drogaria São Paulo,ChIJH7IQngNQzpQR5p3yZ4KvAqk,"Av. Interlagos, 2255 - INTERLAGOS, São Paulo - SP, 04661-200, Brazil",São Paulo,,SP,BR,04661200,-23.6769909,-46.6753074,"drugstore,health,point_of_interest,store,establishment",,,bigquery,"{""source"": ""supabase_places_cache_migration"", ""types"": [""drugstore"", ""health"", ""point_of_interest"", ""store"", ""establishment""], ""rating"": null, ""refreshed_at"": ""2026-05-22T20:19:49.845+00:00""}"
Drogaria São Paulo,Drogaria São Paulo,ChIJH90XD3ZXzpQRU9SyE-haP5Y,"R. dos Pinheiros, 688 - PINHEIRO, São Paulo - SP, 05422-001",São Paulo,,SP,BR,05422001,-23.5661968,-46.6846414,"drugstore,health,store,point_of_interest,establishment",,,bigquery,"{""source"": ""supabase_places_cache_migration"", ""types"": [""drugstore"", ""health"", ""store"", ""point_of_interest"", ""establishment""], ""rating"": null, ""refreshed_at"": ""2026-06-11T00:11:22.429+00:00""}"
Drogaria São Paulo,Drogaria São Paulo,ChIJHQ0ZMz73zpQRI3qhZcKRSQY,"Av. Santa Inês, 3902 - Vila Pedra Branca, São Paulo - SP, 02631-010, Brazil",São Paulo,,SP,BR,02631010,-23.4572301,-46.6485641,"drugstore,pharmacy,store,health,point_of_interest,establishment",,,bigquery,"{""source"": ""supabase_places_cache_migration"", ""types"": [""drugstore"", ""pharmacy"", ""store"", ""health"", ""point_of_interest"", ""establishment""], ""rating"": null, ""refreshed_at"": ""2026-05-22T20:19:51.019+00:00""}"
NECTAR PHARMACY HOMEOPATHIC,Nectar Pharmacy Homeopathic,ChIJHSDd3IhZzpQRl58H8InFOzs,"R. MORGADO DE MATEUS, 163 - VILA MARIANA, SÃO PAULO - SP, 04015-050",São Paulo,,SP,BR,04015-050,-23.5857779,-46.643475,Homeopathic pharmacy,,,bigquery,
Farmacia ANP,Farmacia ANP,ChIJHSbl8yxFzpQRT0GX7liEkyE,"Av. Eng. Armando de Arruda Pereira, 4678 - Americanópolis, São Paulo - SP, 04325-000, Brazil",São Paulo,,SP,BR,04325000,-23.6659164,-46.6382503,"drugstore,cosmetics_store,pharmacy,health,point_of_interest,food_store,food,store,establishment",,,bigquery,"{""source"": ""supabase_places_cache_migration"", ""types"": [""drugstore"", ""cosmetics_store"", ""pharmacy"", ""health"", ""point_of_interest"", ""food_store"", ""food"", ""store"", ""establishment""], ""rating"": null, ""refreshed_at"": ""2026-05-26T13:24:45.727+00:00""}"
Drogaria São Paulo,Drogaria São Paulo,ChIJHT3WMyddzpQRCsWQSGupmwg,"Praça Padre Damião, 9 - TERREO 13-19-23 - Vila Prudente, São Paulo - SP, 03126-050",São Paulo,,SP,BR,03126050,-23.5810173,-46.5859248,"drugstore,health,store,point_of_interest,establishment",,,bigquery,"{""source"":""google_places_augment"",""types"":[""drugstore"",""health"",""store"",""point_of_interest"",""establishment""],""rating"":null}"
Carrefour Drugstore Peach,Carrefour,ChIJHV-mmGphzpQRQMxoPC9gy3Q,"Estr. do Pêssego, 1200 - José Bonifácio, São Paulo - SP, 08260-000, Brazil",São Paulo,,SP,BR,08260000,-23.5695829,-46.4459255,"pharmacy,point_of_interest,health",,,bigquery,"{""source"": ""supabase_places_cache_migration"", ""types"": [""pharmacy"", ""point_of_interest"", ""health""], ""rating"": null, ""refreshed_at"": ""2026-04-02T18:32:17.538537+00:00""}"
FARMAASSIST MANIPULAÇÃO,Farmaassist Manipulação,ChIJHXAU-7VZzpQRhKirnbaiDzY,"R. ITAPEVA, 124 - BELA VISTA, SÃO PAULO - SP, 01332-000",São Paulo,,SP,BR,01332-000,-23.5581276,-46.6507787,Pharmacy,,,bigquery,
Josevaldo Bastos dos Santos Drogaria,Josevaldo Bastos dos Santos Drogaria,ChIJHYoc0jX0zpQRxkmbAij5-6A,"Rua Arley Gilberto de Araújo, 39 - Jardim Felicidade(Zona Norte), São Paulo - SP, 02326-000, Brazil",São Paulo,,SP,BR,02326000,-23.4475124,-46.5763775,"drugstore,pharmacy,store,point_of_interest,health,establishment",,,bigquery,"{""source"": ""supabase_places_cache_migration"", ""types"": [""drugstore"", ""pharmacy"", ""store"", ""point_of_interest"", ""health"", ""establishment""], ""rating"": null, ""refreshed_at"": ""2026-05-22T20:21:09.723+00:00""}"
Drogaria São Paulo,Drogaria São Paulo,ChIJHZvmeQBXzpQRkpZIgtkBWnE,"Rua Cayowaá, 802 - Perdizes, São Paulo - SP, 05018-001",São Paulo,,SP,BR,05018001,-23.5354682,-46.681768299999995,"pharmacy,store,health,point_of_interest,establishment",,,bigquery,"{""source"":""google_places_augment"",""types"":[""pharmacy"",""store"",""health"",""point_of_interest"",""establishment""],""rating"":null}"
COMERCIAL DROGARIA KOHATSU,Comercial Drogaria Kohatsu,ChIJHa0gRQdTzpQR_HwTOeVk1uY,"ESTR. DE ITAPECERICA, 6800 - VILA DAS BELEZAS, SÃO PAULO - SP, 05858-002",São Paulo,,SP,BR,05858-002,-23.6716107,-46.7871755,Pharmacy,,,bigquery,
VIP PHARMA,Vip Pharma,ChIJHcenjdr_zpQRMmQjnySRasw,"TERMINAL, AV. DOS AUTONOMISTAS, 500 - VILA YARA, OSASCO - SP, 06020-012",São Paulo,,SP,BR,06020-012,-23.5473536,-46.7609231,Pharmacy,,,bigquery,
COAF - COORDENADORIA DE ASSISTENCIA FARMACEUTICA,Coaf - Coordenadoria De Assistencia Farmaceutica,ChIJHwFSY5lPxwcR2MNNrGui-zM,"R. ENCONTROS, 1800 B - CAJAZEIRAS, FORTALEZA - CE, 60810-670",Fortaleza,,CE,BR,60810-670,-3.8104604,-38.5129851,Pharmacy,,,bigquery,
CENTRAL MED,Central Med,ChIJHzlmFWBUzpQRc4zERS9T6YY,"AV. PAULO AYRES, 470 - PARQUE PINHEIROS, TABOÃO DA SERRA - SP, 06767-220",São Paulo,,SP,BR,06767-220,-23.6200871,-46.785871,Pharmacy,,,bigquery,
Z8GAMES,Z8games,ChIJI-BhL7BbzpQReB4tREgTGXM,"BOSQUE DA SAÚDE, SÃO PAULO - STATE OF SÃO PAULO, 04137-110",São Paulo,,SP,BR,04137-110,-23.6110969,-46.6246096,Homeopathic pharmacy,,,bigquery,
ASSOCIAÇÃO BRASILEIRA DE FARMACÊUTICOS HOMEOPATAS,Associação Brasileira De Farmacêuticos Homeopatas,ChIJI0EPsJ5bzpQRfTG57W9hLtc,"RUA VERGUEIRO, 1855 - VILA MARIANA, SÃO PAULO - SP, 04101-100",São Paulo,,SP,BR,04101-100,-23.5784097,-46.6396839,Homeopathic pharmacy,,,bigquery,
Drogaria São Paulo,Drogaria São Paulo,ChIJI2MIzjlbzpQRyZV3orDtwNQ,"Av. Jandira, 1002 - Indianópolis, São Paulo - SP, 04080-005, Brazil",São Paulo,,SP,BR,04080005,-23.6117668,-46.6570784,"drugstore,health,point_of_interest,store,establishment",,,bigquery,"{""source"": ""supabase_places_cache_migration"", ""types"": [""drugstore"", ""health"", ""point_of_interest"", ""store"", ""establishment""], ""rating"": null, ""refreshed_at"": ""2026-05-22T20:19:52.878+00:00""}"
Panvel Farmácias,Panvel,ChIJI2eNjAJazpQRGIOOZpcjhO4,"Av. República do Líbano, 1882 - Ibirapuera, São Paulo - SP, 04502-100, Brazil",São Paulo,,SP,BR,04502100,-23.5972603,-46.6629376,"pharmacy,drugstore,manufacturer,store,point_of_interest,health,establishment",,,bigquery,"{""source"": ""supabase_places_cache_migration"", ""types"": [""pharmacy"", ""drugstore"", ""manufacturer"", ""store"", ""point_of_interest"", ""health"", ""establishment""], ""rating"": null, ""refreshed_at"": ""2026-05-22T20:35:46.294+00:00""}"
Drogaria São Paulo,Drogaria São Paulo,ChIJI73cSQBfzpQRutdelW998kg,"R. Nova Jerusalém, 590 - Chácara Santo Antônio (Zona Leste), São Paulo - SP, 03410-000, Brazil",São Paulo,,SP,BR,03410000,-23.547172,-46.549508,"drugstore,store,health,point_of_interest,establishment",,,bigquery,"{""source"": ""supabase_places_cache_migration"", ""types"": [""drugstore"", ""store"", ""health"", ""point_of_interest"", ""establishment""], ""rating"": null, ""refreshed_at"": ""2026-05-22T20:19:52.874+00:00""}"
Carrefour Drogaria,Carrefour,ChIJI7lZFn-1zZQRsH1y-BEhSdg,"Av. Interlagos, 5800 - Interlagos, São Paulo - SP, 04777-000, Brazil",São Paulo,,SP,BR,04777000,-23.6945105,-46.7003059,"pharmacy,store,point_of_interest,health,establishment",,,bigquery,"{""source"":""google_places_augment"",""types"":[""pharmacy"",""store"",""point_of_interest"",""health"",""establishment""],""rating"":null}"
DROGA VIVA MAIS,Droga Viva Mais,ChIJI8JUBitOzpQRWoxBSur6EJ4,AV. FRANCISCO DE CARVALHO  176 - JARDIM IPANEMA  ZONA SUL   SÃO PAULO - SP  04784-230  BRASIL,São Paulo,,SP,BR,04784-230,-23.6920464,-46.711574,"drugstore,pharmacy,health,store,point_of_interest,establishment",,,bigquery,
DROGADERMA,Drogaderma,ChIJIREpL1JYzpQR9pzxsNBZmro,"R. NOVA BARÃO, 71 - CENTRO HISTÓRICO DE SÃO PAULO, SÃO PAULO - SP, 01042-010",São Paulo,,SP,BR,01042-010,-23.5455981,-46.6399455,Pharmacy,,,bigquery,
Drugstore Sao Paulo,Drugstore Sao Paulo,ChIJIRGw4EJRzpQRMQ6VR6zmEX8,"Av. Giovanni Gronchi, 6700 - Vila Andrade, São Paulo - SP, 05724-002, Brazil",São Paulo,,SP,BR,05724002,-23.6387703,-46.7369085,"drugstore,store,health,point_of_interest,establishment",,,bigquery,"{""source"": ""supabase_places_cache_migration"", ""types"": [""drugstore"", ""store"", ""health"", ""point_of_interest"", ""establishment""], ""rating"": null, ""refreshed_at"": ""2026-05-22T20:19:49.845+00:00""}"
Drogaria São Paulo,Drogaria São Paulo,ChIJISyrsQBjzpQR8AIAwLEIPx8,"Avenida Marechal Tito, 933 - São Miguel Paulista, São Paulo - SP, 08010-090, Brazil",São Paulo,,SP,BR,08010090,-23.4949029,-46.4366793,"drugstore,health,point_of_interest,store,establishment",,,bigquery,"{""source"": ""supabase_places_cache_migration"", ""types"": [""drugstore"", ""health"", ""point_of_interest"", ""store"", ""establishment""], ""rating"": null, ""refreshed_at"": ""2026-05-22T20:20:29.179+00:00""}"
Droga Raia,Droga Raia,ChIJIVN56ydRzpQRHUr_nUkrhAg,"Av. Washington Luís, 1749 - 1749 - Santo Amaro, São Paulo - SP, 04662-002, Brazil",São Paulo,,SP,BR,04662002,-23.6400187,-46.6737635,"pharmacy,point_of_interest,store,health,establishment",,,bigquery,"{""source"": ""supabase_places_cache_migration"", ""types"": [""pharmacy"", ""point_of_interest"", ""store"", ""health"", ""establishment""], ""rating"": null, ""refreshed_at"": ""2026-05-08T18:05:16.872+00:00""}"
DROGARIA ANDRÉ LUÍS,Drogaria André Luís,ChIJIVsg5jNUzpQRhG61s4QOWA8,"AV. EMBAIX ASSIS CHATEAUBRIAND, 791 - JARDIM MONTE ALEGRE, TABOÃO DA SERRA - SP, 06755-120",São Paulo,,SP,BR,06755-120,-23.6043537,-46.7659873,Health & Beauty,,,bigquery,
BIOEQUILIBRIO FARMÁCIA DE MANIPULAÇÃO,Bioequilibrio Farmácia De Manipulação,ChIJIWQVtwRazpQRjam3X-xEgJg,"R. MIN. GABRIEL DE REZENDE PASSOS, 500 - MOEMA, SÃO PAULO - SP, 04521-022",São Paulo,,SP,BR,04521-022,-23.6013758,-46.6614001,Pharmacy,,,bigquery,
Carrefour Drogaria Interlagos,Carrefour,ChIJIZER4AJQzpQRIFclk_ark1U,"Av. Interlagos, 2501 - Campo Grande, São Paulo - SP, 04661-902, Brazil",São Paulo,,SP,BR,04661902,-23.676820799999998,-46.6755979,"pharmacy,health,store,point_of_interest,establishment",,,bigquery,"{""source"":""google_places_augment"",""types"":[""pharmacy"",""health"",""store"",""point_of_interest"",""establishment""],""rating"":null}"
Drogasil,Drogasil,ChIJIfyW4dJezpQR8SPwFkWJCYE,"R. Júlio de Castilhos, 936 - 950 - Belenzinho, São Paulo - SP, 03059-005, Brazil",São Paulo,,SP,BR,03059005,-23.5407777,-46.5918694,"pharmacy,point_of_interest,store,health,establishment",,,bigquery,"{""source"": ""supabase_places_cache_migration"", ""types"": [""pharmacy"", ""point_of_interest"", ""store"", ""health"", ""establishment""], ""rating"": null, ""refreshed_at"": ""2026-05-08T17:57:00.741+00:00""}"
Creche para Cães em Anália Franco | Anália Pet,Creche para Cães em Anália Franco | Anália Pet,ChIJIzHc7VxfzpQRy1-VrCTvYQI,"R. Nestor de Barros, 250 - Vila Santo Estevão, São Paulo - SP, 03325-050",São Paulo,,SP,BR,03325050,-23.55414,-46.5590884,"pharmacy,pet_boarding_service,veterinary_care,pet_store,health,pet_care,point_of_interest,supplier,service,food,store,establishment",,,bigquery,"{""source"":""google_places_augment"",""types"":[""pharmacy"",""pet_boarding_service"",""veterinary_care"",""pet_store"",""health"",""pet_care"",""point_of_interest"",""supplier"",""service"",""food"",""store"",""establishment""],""rating"":null}"
NATURALIS,Naturalis,ChIJJ2JEBFpIxwcR6OppsO3C5iw,"AV. SANTOS DUMONT, 840 - CENTRO, FORTALEZA - CE, 60150-160",Fortaleza,,CE,BR,60150-160,-3.7306632,-38.5162361,Homeopathic pharmacy,,,bigquery,
DR. ALESSANDRO POGGETTI HOMEOPATIA,Dr. Alessandro Poggetti Homeopatia,ChIJJ3eAvjxazpQRVDJcmViSaNs,"AV. ONZE DE JUNHO, 1070 - SALA 209 - VILA CLEMENTINO, SÃO PAULO - SP, 04041-004",São Paulo,,SP,BR,04041-004,-23.6010527,-46.6472623,Homeopathic pharmacy,,,bigquery,
Diversão Pet Shop | Banho e Tosa | Tatuapé,Diversão Pet Shop | Banho e Tosa | Tatuapé,ChIJJ7eMD3RfzpQRrrHxCloiJmw,"Av. Celso Garcia, 3553 - Tatuapé, São Paulo - SP, 03063-000",São Paulo,,SP,BR,03063000,-23.5349361,-46.5779335,"pharmacy,veterinary_care,pet_store,health,point_of_interest,supplier,food,store,establishment",,,bigquery,"{""source"":""google_places_augment"",""types"":[""pharmacy"",""veterinary_care"",""pet_store"",""health"",""point_of_interest"",""supplier"",""food"",""store"",""establishment""],""rating"":null}"
Farmácia Pague Menos,Farmácia Pague Menos,ChIJJ9LsRJ9XzpQRISV8FJ5MWnc,"R. Teodoro Sampaio, 1892 - Pinheiros, São Paulo - SP, 05406-150, Brazil",São Paulo,,SP,BR,05406150,-23.5631247,-46.6869251,"pharmacy,drugstore,store,point_of_interest,health,establishment",,,bigquery,"{""source"": ""supabase_places_cache_migration"", ""types"": [""pharmacy"", ""drugstore"", ""store"", ""point_of_interest"", ""health"", ""establishment""], ""rating"": null, ""refreshed_at"": ""2026-05-22T20:40:53.371+00:00""}"
D'AVÓ FARMA,D'avó Farma,ChIJJ9YB2IBUzpQRJEWLm79oJbY,"ESTR. KIZAEMON TAKEUTI, 1300 - JARDIM CLEMENTINO, TABOÃO DA SERRA - SP, 06775-001",São Paulo,,SP,BR,06775-001,-23.6359669,-46.7891212,Pharmacy,,,bigquery,
Drogasil,Drogasil,ChIJJRL1sA9dzpQRpCeH0xkJNgs,"R. Mário Augusto do Carmo, 562 - Jardim Avelino, São Paulo - SP, 03227-070, Brazil",São Paulo,,SP,BR,03227070,-23.587148499999998,-46.5689097,"pharmacy,store,health,point_of_interest,establishment",,,bigquery,"{""source"":""google_places_augment"",""types"":[""pharmacy"",""store"",""health"",""point_of_interest"",""establishment""],""rating"":null}"
PHARMÁCIA ARTESANAL,Pharmácia Artesanal,ChIJJS4miiNazpQR3fk700U5SuU,"R. BORGES LAGOA, 307 - VILA CLEMENTINO, SÃO PAULO - SP, 04038-030",São Paulo,,SP,BR,04038-030,-23.5974779,-46.6396938,Pharmacy,,,bigquery,
STIMUREX TESTOMASTER,Stimurex Testomaster,ChIJJToQqRthzpQRGr6yrAHaCng,"R. FITA DE MOÇA, 265 - VILA VERDE, SÃO PAULO - SP, 08235-030",São Paulo,,SP,BR,08235-030,-23.5153387,-46.4487237,Pharmacy,,,bigquery,
DROGA RAIA,Droga Raia,ChIJJUPrWQBZzpQRRgBMbQ2QQdU,"R. João Antônio de Oliveira, 1281 - Mooca, São Paulo - SP, 03111-001, Brazil",São Paulo,,SP,BR,03111001,-23.5637229,-46.6027395,"pharmacy,store,health,point_of_interest,establishment",,,bigquery,"{""source"":""google_places_augment"",""types"":[""pharmacy"",""store"",""health"",""point_of_interest"",""establishment""],""rating"":null}"
FARMADOCTOR SÃO MIGUEL - GUAIANASES,Farmadoctor São Miguel - Guaianases,ChIJJdUjgoNlzpQRfxMCTTbqIT8,"R. EDUARDO ALVES, 48 - GUAIANASES, SÃO PAULO - SP, 08410-120",São Paulo,,SP,BR,08410-120,-23.5464041,-46.4144692,Homeopathic pharmacy,,,bigquery,
PENSE FARMA,Pense Farma,ChIJJe0vozNUzpQR-q7Lc1MqPCI,"ESTR. DO JAGUARÉ, 1776 - JARDIM JUSSARA, SÃO PAULO - SP, 05525-080",São Paulo,,SP,BR,05525-080,-23.5947724,-46.760998,Pharmacy,,,bigquery,
EASY SOLUÇÕES DIAGNÓSTICAS LTDA,Easy Soluções Diagnósticas Ltda,ChIJJemzt8WxnZMRl6XYQbI0Q_0,"RUA OSVALDO CRUZ, 05 QD 24 L 05 E 06 - PICO DO AMOR, CUIABÁ - MT, 78065-125",Cuiabá,,MT,BR,78065-125,-15.6107531,-56.0828127,"pharmacy, wholesaler",,,bigquery,
DROGARIA SÃO PAULO,Drogaria São Paulo,ChIJJzoNNapZzpQRqdO9qCgCslg,"PRAÇA DA SÉ, 415 - SÉ, SÃO PAULO - SP, 01001-000",São Paulo,,SP,BR,01001-000,-23.5517675,-46.6341819,Health & Beauty,,,bigquery,
Drogaria São Paulo,Drogaria São Paulo,ChIJK-o4x8VZzpQRdtFpGNmVmRk,"R. Pamplona, 1130 - Cerqueira César, São Paulo - SP, 01405-001, Brazil",São Paulo,,SP,BR,01405001,-23.5670626,-46.6572121,"drugstore,health,store,point_of_interest,establishment",,,bigquery,"{""source"": ""supabase_places_cache_migration"", ""types"": [""drugstore"", ""health"", ""store"", ""point_of_interest"", ""establishment""], ""rating"": null, ""refreshed_at"": ""2026-05-22T20:21:10.928+00:00""}"
Drogasil,Drogasil,ChIJK-orCgBPzpQRdnm6PXzSO1o,"R. Sinfonia Italiana, s/n - Grajaú, São Paulo - SP, 04844-610, Brazil",São Paulo,,SP,BR,04844610,-23.7567745,-46.7078144,"pharmacy,health,store",,,bigquery,"{""source"": ""supabase_places_cache_migration"", ""types"": [""pharmacy"", ""health"", ""store""], ""rating"": null, ""refreshed_at"": ""2026-03-25T13:30:27.021718+00:00""}"
PHARMACY PRO MANIPULATION,Pharmacy Pro Manipulation,ChIJK1AXQ2z2zpQR78STkwVpisI,"AV. MAZZEI, 210 - TUCURUVI, SÃO PAULO - SP, 02310-000",São Paulo,,SP,BR,02310-000,-23.478239,-46.6064303,Pharmacy,,,bigquery,
DROGARIA SÃO PAULO,Drogaria São Paulo,ChIJK1f0SY9ZzpQRupw114PNKEY,"AV. CONSELHEIRO RODRIGUES ALVES, 484 - VILA MARIANA, SÃO PAULO - SP, 04014-001",São Paulo,,SP,BR,04014-001,-23.5840582,-46.6427861,Health & Beauty,,,bigquery,
DROGARIA VALO,Drogaria Valo,ChIJK4IyYOFSzpQRWoRgJjTbvFc,"ESTR. DE ITAPECERICA, 6391 - VALO VELHO, SÃO PAULO - SP, 05858-005",São Paulo,,SP,BR,05858-005,-23.6852745,-46.8010827,Health & Beauty,,,bigquery,
Drogasil,Drogasil,ChIJK60Yeab3zpQRXSb1TE4v46c,"Av. Dr. Francisco Ranieri, 476 - 500 - Lauzane Paulista, São Paulo - SP, 02435-061, Brazil",São Paulo,,SP,BR,02435061,-23.4799313,-46.6435847,"pharmacy,store,health,point_of_interest,establishment",,,bigquery,"{""source"":""google_places_augment"",""types"":[""pharmacy"",""store"",""health"",""point_of_interest"",""establishment""],""rating"":null}"
DROGASIL,Drogasil,ChIJK75fKBVUzpQRNiY_Mjpu6ao,"AV. DR. JOSÉ MACIEL, 41 - JARDIM MARIA ROSA, TABOÃO DA SERRA - SP, 06763-270",São Paulo,,SP,BR,06763-270,-23.60955,-46.7589689,Health & Beauty,,,bigquery,
DROGARIA ESSENZIALE,Drogaria Essenziale,ChIJK81Weev2zpQRljfUOyP5cqA,"AV. SEN. JOSÉ ERMÍRIO DE MORAES, 549 - TREMEMBÉ, SÃO PAULO - SP, 02357-001",São Paulo,,SP,BR,02357-001,-23.450676,-46.6149661,Health & Beauty,,,bigquery,
CHAVITA,Chavita,ChIJKXFZ5AxYzpQRQxOcl5VXUks,"AV. PAULISTA, 300 - BELA VISTA, SÃO PAULO - SP, 01310-000",São Paulo,,SP,BR,01310-000,-23.56905,-46.6465475,Pharmacy,,,bigquery,
DROGARIA GALVÃO,Drogaria Galvão,ChIJKXMO3KZZzpQRBhQ_Q6QvwMg,"R. GALVÃO BUENO, 675 - LIBERDADE, SÃO PAULO - SP, 01506-000",São Paulo,,SP,BR,01506-000,-23.5616376,-46.63469,Health & Beauty,,,bigquery,
Drogasil,Drogasil,ChIJKY59JL1VzpQRdH4fZiK_zuw,"Estr. Kizaemon Takeuti, 1349 - Jardim Clementino, Taboão da Serra - SP, 06775-001, Brazil",São Paulo,,SP,BR,06775001,-23.6366787,-46.7894536,"drugstore,pharmacy,store",,,bigquery,"{""source"": ""supabase_places_cache_migration"", ""types"": [""drugstore"", ""pharmacy"", ""store""], ""rating"": null, ""refreshed_at"": ""2026-03-25T13:30:27.021718+00:00""}"
Drogaria São Paulo,Drogaria São Paulo,ChIJKdAaSSdYzpQROOdfIV9hQ9w,"Praça Wendell Wilkie, 95 - Pacaembu, São Paulo - SP, 01236-050",São Paulo,,SP,BR,01236050,-23.546646,-46.669212400000006,"drugstore,store,health,point_of_interest,establishment",,,bigquery,"{""source"":""google_places_augment"",""types"":[""drugstore"",""store"",""health"",""point_of_interest"",""establishment""],""rating"":null}"
REDE SUPER PHARMA,Rede Super Pharma,ChIJKf1xQERIxwcRr9HKPWxtbMw,"R. JOÃO CORDEIRO, 374 - PRAIA DE IRACEMA, FORTALEZA - CE, 60110-300",Fortaleza,,CE,BR,60110-300,-3.7235525,-38.5125968,Pharmacy,,,bigquery,
ECONOMIA FARMA,Economia Farma,ChIJKxYO_GxJxwcRKafAxZ-odBE,"AV. SANTOS DUMONT, 1221 - ALDEOTA, FORTALEZA - CE, 60150-160",Fortaleza,,CE,BR,60150-160,-3.7313162,-38.5127381,Pharmacy,,,bigquery,
DROGADÉLIA,Drogadélia,ChIJL-ZuC2RUzpQRrL9leqNgpag,"AV. LAURITA ORTEGA MARI, 1359 - VILA DAS OLIVEIRAS, TABOÃO DA SERRA - SP, 06766-360",São Paulo,,SP,BR,06766-360,-23.6239253,-46.7814451,Pharmacy,,,bigquery,
Droga Raia,Droga Raia,ChIJL0f0M-RWzpQRb4MN84dy7AI,"Rua Regente León Kaniefsky, 610 - Morumbi, São Paulo - SP, 05617-030, Brazil",São Paulo,,SP,BR,05617030,-23.5898364,-46.7161918,"pharmacy,store,health,point_of_interest,establishment",,,bigquery,"{""source"": ""supabase_places_cache_migration"", ""types"": [""pharmacy"", ""store"", ""health"", ""point_of_interest"", ""establishment""], ""rating"": null, ""refreshed_at"": ""2026-05-08T18:05:14.94+00:00""}"
DROGASIL TREMEMBÉ,Drogasil,ChIJL1WUckP3zpQRPEf40e_fLmg,"R. MARIA AMÁLIA LOPES AZEVEDO, 1027 - VILA ALBERTINA, SÃO PAULO - SP, 02350-002",São Paulo,,SP,BR,02350-002,-23.4557487,-46.6188898,Health & Beauty,,,bigquery,
Farmácia| Farmais Farmavan Jaçanã,Farmácia| Farmais Farmavan Jaçanã,ChIJL1ryL4b2zpQRht63tn28jUo,"Av. Paulo Lincoln do Valle Pontin, 783 - Jaçanã, São Paulo - SP, 02306-002, Brazil",São Paulo,,SP,BR,02306002,-23.4580495,-46.585695,"drugstore,pharmacy,health,point_of_interest,store,establishment",,,bigquery,"{""source"": ""supabase_places_cache_migration"", ""types"": [""drugstore"", ""pharmacy"", ""health"", ""point_of_interest"", ""store"", ""establishment""], ""rating"": null, ""refreshed_at"": ""2026-05-26T13:24:46.766+00:00""}"
Drogaria São Paulo,Drogaria São Paulo,ChIJL3hwNACxnZMRvAjbBfuNM5I,"Av. Fernando Corrêa da Costa, 2510 - Jardim Petropolis, Cuiabá - MT, 78070-000",Cuiabá,,MT,BR,78070000,-15.6160963,-56.0717995,"drugstore,health,store,point_of_interest,establishment",,,bigquery,"{""source"":""google_places_augment"",""types"":[""drugstore"",""health"",""store"",""point_of_interest"",""establishment""],""rating"":null}"
REGIONAL COUNCIL OF THE STATE OF CEARÁ PHARMACY,Regional Council Of The State Of Ceará Pharmacy,ChIJL4mjJ-tIxwcR2QJUva_PMe4,"R. MARCONDES PEREIRA, 1160 - DIONÍSIO TORRES, FORTALEZA - CE, 60135-222",Fortaleza,,CE,BR,60135-222,-3.7497211,-38.5063455,Pharmacy,,,bigquery,
FARMÁCIA PAGUE MENOS,Farmácia Pague Menos,ChIJL9bpZPBIxwcRspNAmOdQ6Pk,"AV. ANTÔNIO SALES, 620 - JOAQUIM TÁVORA (FORTALEZA), FORTALEZA - CE, 60135-100",Fortaleza,,CE,BR,60135-100,-3.7413434,-38.5162156,Health & Beauty,,,bigquery,
DROGARIA POSTO VILLARES,Drogaria Posto Villares,ChIJLQfSNzhUzpQRosJskhgVtZg,"AV. JOSÉ ANDRÉ DE MORAES, 382 - JARDIM MONTE ALEGRE, TABOÃO DA SERRA - SP, 06755-260",São Paulo,,SP,BR,06755-260,-23.6039494,-46.7651666,Health & Beauty,,,bigquery,
Farmácia Pague Menos,Farmácia Pague Menos,ChIJLW55pS9jzpQRooBJtP5SmMY,"Avenida Marechal Tito, 2788 - São Miguel Paulista, São Paulo - SP, 08022-000, Brazil",São Paulo,,SP,BR,08022000,-23.4942641,-46.4191846,"pharmacy,health,store,point_of_interest,establishment",,,bigquery,"{""source"": ""supabase_places_cache_migration"", ""types"": [""pharmacy"", ""health"", ""store"", ""point_of_interest"", ""establishment""], ""rating"": null, ""refreshed_at"": ""2026-05-22T20:40:57.321+00:00""}"
ULTRAFARMA APENINOS,Ultrafarma,ChIJLZQ0EvVZzpQRrSt9laIoIvE,"R. APENINOS, 1025 - PARAÍSO, SÃO PAULO - SP, 04104-020",São Paulo,,SP,BR,04104-020,-23.5765283,-46.6393873,Pharmacy,,,bigquery,
DROGARIA S GERALDO,Drogaria S Geraldo,ChIJL_2FXuRXzpQRTGGwvEc7rgk,"R. CARAÍBAS, 600 - PERDIZES, SÃO PAULO - SP, 05020-000",São Paulo,,SP,BR,05020-000,-23.532925,-46.682898,Health & Beauty,,,bigquery,
FARMAFLORESTA,Farmafloresta,ChIJLb7dVIhJxwcRzTqv9I1SSIo,"R. OLAVO BILAC, 93 - SÃO GERARDO, FORTALEZA - CE, 60320-000",Fortaleza,,CE,BR,60320-000,-3.7221461,-38.5665773,Pharmacy,,,bigquery,
DRUGSTORE LOTUS,Drugstore Lotus,ChIJLwuWcvBXzpQRC4lMPhOndgY,"R. CAIUBI, 1284 - PERDIZES, SÃO PAULO - SP, 05010-000",São Paulo,,SP,BR,05010-000,-23.5354955,-46.678928,Pharmacy,,,bigquery,
Farmácia Drogasil,Drogasil,ChIJM-qPYAD5zpQRcLNaSLPZOqQ,"Av. Elísio Teixeira Leite, 1118 - Vila Cruz das Almas, São Paulo - SP, 02810-000, Brazil",São Paulo,,SP,BR,02810000,-23.4841464,-46.7003822,"pharmacy,store,health,point_of_interest,establishment",,,bigquery,"{""source"":""google_places_augment"",""types"":[""pharmacy"",""store"",""health"",""point_of_interest"",""establishment""],""rating"":null}"
PHARMERS,Pharmers,ChIJM15WhrhZzpQRO1PL2Os1d9M,"R. MACEIÓ, 67 - CONSOLAÇÃO, SÃO PAULO - SP, 01302-010",São Paulo,,SP,BR,01302-010,-23.5529519,-46.6606145,Pharmacy,,,bigquery,
LOJA SUSSUARANA,Loja Sussuarana,ChIJM1tlw4NUzpQRu8fubAsqfIc,"R. MARIA DA SOLEDADE SILVA, 85 - JARDIM ROBERTO, TABOÃO DA SERRA - SP, 06775-030",São Paulo,,SP,BR,06775-030,-23.6375178,-46.7921137,Pharmacy,,,bigquery,
Drogaria São Paulo,Drogaria São Paulo,ChIJM6_Be7SxnZMRWM1LJznxHNs,"R. Barão de Melgaço, 2108 - Centro Sul, Cuiabá - MT, 78020-800",Cuiabá,,MT,BR,78020800,-15.606100300000001,-56.1059791,"drugstore,health,store,point_of_interest,establishment",,,bigquery,"{""source"":""google_places_augment"",""types"":[""drugstore"",""health"",""store"",""point_of_interest"",""establishment""],""rating"":null}"
Clinica Veterinária Paiol Penha,Clinica Veterinária Paiol Penha,ChIJM6nH2VlfzpQRhLtxouTVl9M,"Av. Amador Bueno da Veiga, 886 - ANEXO 882 E 890 - Penha de França, São Paulo - SP, 03636-000",São Paulo,,SP,BR,03636000,-23.5229604,-46.536296899999996,"pharmacy,veterinary_care,pet_care,pet_store,store,health,point_of_interest,service,establishment",,,bigquery,"{""source"":""google_places_augment"",""types"":[""pharmacy"",""veterinary_care"",""pet_care"",""pet_store"",""store"",""health"",""point_of_interest"",""service"",""establishment""],""rating"":null}"
COSMEOPHARMA FARMÁCIA DE MANIPULAÇÃO,Cosmeopharma Farmácia De Manipulação,ChIJM75pbhRRzpQRt0TjasZpqfY,"R. ÁLVARO RODRIGUES, 1036 - VILA CORDEIRO, SÃO PAULO - SP, 04582-002",São Paulo,,SP,BR,04582-002,-23.6170742,-46.6938882,Homeopathic pharmacy,,,bigquery,
NATURAL FLOR,Natural Flor,ChIJM8u_WDxYzpQRxJ6w6COoQbc,"R. DR. ALBUQUERQUE LINS, 1089 - HIGIENÓPOLIS, SÃO PAULO - SP, 01230-001",São Paulo,,SP,BR,01230-001,-23.5396245,-46.6579899,Homeopathic pharmacy,,,bigquery,
Drogaria São Paulo,Drogaria São Paulo,ChIJMRRcbxdYzpQRv45Vai7lAVE,"R. Conselheiro Brotero, 978 - Santa Cecilia, São Paulo - SP, 01232-010, Brazil",São Paulo,,SP,BR,01232010,-23.5348651,-46.6603014,"drugstore,health,point_of_interest,store,establishment",,,bigquery,"{""source"": ""supabase_places_cache_migration"", ""types"": [""drugstore"", ""health"", ""point_of_interest"", ""store"", ""establishment""], ""rating"": null, ""refreshed_at"": ""2026-05-26T13:24:45.503+00:00""}"
FARMA SUPREMA,Farma Suprema,ChIJMXO8ijdUzpQReL1aDjd6i40,"AV. JOSÉ ANDRÉ DE MORAES, 482 - JARDIM MONTE ALEGRE, TABOÃO DA SERRA - SP, 06755-260",São Paulo,,SP,BR,06755-260,-23.6030893,-46.765929,Pharmacy,,,bigquery,
Farmacia,Farmacia,ChIJMZV5Ux5ZzpQR60SMEeW0wms,"Brás, São Paulo - State of São Paulo, 03050-020, Brazil",São Paulo,,SP,BR,03050020,-23.5435792,-46.6151702,"pharmacy,health,point_of_interest,store,establishment",,,bigquery,"{""source"": ""supabase_places_cache_migration"", ""types"": [""pharmacy"", ""health"", ""point_of_interest"", ""store"", ""establishment""], ""rating"": null, ""refreshed_at"": ""2026-05-26T13:24:46.612+00:00""}"
RITA ELIZABHETE DE CAMPOS FARMÁCIA,Rita Elizabhete De Campos Farmácia,ChIJMasL6oVZzpQRYYN_GlzSFYk,"AV. CONSELHEIRO RODRIGUES ALVES, 203 - VILA MARIANA, SÃO PAULO - SP, 04014-010",São Paulo,,SP,BR,04014-010,-23.5827331,-46.6403221,Pharmacy,,,bigquery,
DROGARIAS ULTRA POPULAR,Drogarias Ultra Popular,ChIJMau6ITBJxwcR-6oyDlxl6AA,"R. MAJOR FACUNDO, 645 - CENTRO, FORTALEZA - CE, 60025-100",Fortaleza,,CE,BR,60025-100,-3.7286989,-38.5281264,Health & Beauty,,,bigquery,
Drugstore Sao Paulo,Drugstore Sao Paulo,ChIJMbmxfu5XzpQRsSrV2lwjZ7M,"Av. Prof. Alfonso Bovero, 566 - Perdizes, São Paulo - SP, 01254-000, Brazil",São Paulo,,SP,BR,01254000,-23.5406651,-46.682292,"drugstore,store,point_of_interest,health,establishment",,,bigquery,"{""source"": ""supabase_places_cache_migration"", ""types"": [""drugstore"", ""store"", ""point_of_interest"", ""health"", ""establishment""], ""rating"": null, ""refreshed_at"": ""2026-05-22T20:21:12.849+00:00""}"
DROGASIL,Drogasil,ChIJMcZxsppZzpQR744Pk7tujt4,"R. DOMINGOS DE MORAIS, 173 - VILA MARIANA, SÃO PAULO - SP, 04009-000",São Paulo,,SP,BR,04009-000,-23.5788131,-46.6408464,Health & Beauty,,,bigquery,
Drogasil,Drogasil,ChIJN4XrUQCLpJIRaKfCuDRhAm8,"Drogasil - Av. Dr. Freitas, 1122 - Pedreira, Belém - PA, 66087-810, Brazil",Belém,,PA,BR,66087810,-1.4164834,-48.463928,"pharmacy,store,health,point_of_interest,establishment",,,bigquery,"{""source"": ""supabase_places_cache_migration"", ""types"": [""pharmacy"", ""store"", ""health"", ""point_of_interest"", ""establishment""], ""rating"": null, ""refreshed_at"": ""2026-05-08T17:54:28.71+00:00""}"
PHARMA FORT,Pharma Fort,ChIJN5f8-KtJxwcRTSm6C06kuw0,"R. PEDRO I - CENTRO, FORTALEZA - CE, 60035-100",Fortaleza,,CE,BR,60035-100,-3.7301294,-38.5318256,Pharmacy,,,bigquery,
Droga Raia,Droga Raia,ChIJN6Z2JgBXzpQR49HSiE1hFDQ,"Av. Dr. Guilherme Dumont Vilares, 1078 - Morumbi, São Paulo - SP, 05640-001, Brazil",São Paulo,,SP,BR,05640001,-23.613520599999998,-46.741284900000004,"pharmacy,store,health,point_of_interest,establishment",,,bigquery,"{""source"":""google_places_augment"",""types"":[""pharmacy"",""store"",""health"",""point_of_interest"",""establishment""],""rating"":null}"
Drogaria São Paulo,Drogaria São Paulo,ChIJNUIB2uZVzpQRh7c6OKhAV-8,"Rua João Santucci, 507 - Vila Santa Luzia, Taboão da Serra - SP, 06754-090, Brazil",São Paulo,,SP,BR,06754090,-23.6049894,-46.7501759,"drugstore,store,point_of_interest,health,establishment",,,bigquery,"{""source"": ""supabase_places_cache_migration"", ""types"": [""drugstore"", ""store"", ""point_of_interest"", ""health"", ""establishment""], ""rating"": null, ""refreshed_at"": ""2026-05-22T20:20:09.765+00:00""}"
Drogaria São Paulo,Drogaria São Paulo,ChIJNUKU3ClczpQR-dlLlJ80IMk,"Av. Reg. Feijó, 1739 - Vila Reg. Feijó, São Paulo - SP, 03342-000, Brazil",São Paulo,,SP,BR,03342000,-23.5608909,-46.5609688,"drugstore,pharmacy,store,point_of_interest,health,establishment",,,bigquery,"{""source"": ""supabase_places_cache_migration"", ""types"": [""drugstore"", ""pharmacy"", ""store"", ""point_of_interest"", ""health"", ""establishment""], ""rating"": null, ""refreshed_at"": ""2026-05-22T20:21:12.524+00:00""}"
BIONOVA FARMÁCIA DE MANIPULAÇÃO,Bionova Farmácia De Manipulação,ChIJNU_EVRdbzpQRJqSBevlNmGk,"R. BERTIOGA, 80 - CHÁCARA INGLESA, SÃO PAULO - SP, 04141-100",São Paulo,,SP,BR,04141-100,-23.6103977,-46.6361726,Pharmacy,,,bigquery,
Drogaria São Paulo,Drogaria São Paulo,ChIJNYlWPqhdzpQR7AQ6HCNzHZE,"Av. do Oratório, 2391 - Vila Prudente, São Paulo - SP, 03221-100",São Paulo,,SP,BR,03221100,-23.592852999999998,-46.546447699999995,"drugstore,store,health,point_of_interest,establishment",,,bigquery,"{""source"":""google_places_augment"",""types"":[""drugstore"",""store"",""health"",""point_of_interest"",""establishment""],""rating"":null}"
BIOTECH SAÚDE,Biotech Saúde,ChIJNZb92LCNpJIRoSZDQKyOOWE,"R. BERNAL DO COUTO, 1288 - UMARIZAL, BELÉM - PA, 66055-080",Belém,,PA,BR,66055-080,-1.4384959,-48.4792696,"pharmacy, wholesaler",,,bigquery,
Farmácia Pague Menos,Farmácia Pague Menos,ChIJNaZx-WxXzpQRNZ9F6uTofp0,"Av. Brig. Faria Lima, 2561 - Jardim Paulistano, São Paulo - SP, 01452-000, Brazil",São Paulo,,SP,BR,01452000,-23.5789164,-46.6855006,"pharmacy,drugstore,health,store,point_of_interest,establishment",,,bigquery,"{""source"": ""supabase_places_cache_migration"", ""types"": [""pharmacy"", ""drugstore"", ""health"", ""store"", ""point_of_interest"", ""establishment""], ""rating"": null, ""refreshed_at"": ""2026-05-22T20:41:09.47+00:00""}"
FARMACIA QUEIROZ,Farmacia Queiroz,ChIJNc_yZQBSxwcRCADRy8dWzd4,R. JOAQUIM DOS ANJOS  1091 - PLANALTO AYRTON SENNA  FORTALEZA - CE  60760-530  BRASIL,Fortaleza,,CE,BR,60760-530,-3.8302904,-38.5711236,Health & Beauty,,,bigquery,
7 HERVAS DISPENSING PHARMACIES,7 Hervas Dispensing Pharmacies,ChIJNdR7xfVXzpQRXJ6qK4INMEo,"R. DR. CÂNDIDO ESPINHEIRA, 882 - PERDIZES, SÃO PAULO - SP, 05004-000",São Paulo,,SP,BR,05004-000,-23.5309714,-46.667756,Pharmacy,,,bigquery,
EMPÓRIO MAGISTRAL DA FÓRMULA,Empório Magistral Da Fórmula,ChIJNfxbhLVZzpQRV2m252RKCgY,"R. JOSÉ ANTÔNIO COELHO, 854 - VILA MARIANA, SÃO PAULO - SP, 04011-062",São Paulo,,SP,BR,04011-062,-23.5810479,-46.6488578,Pharmacy,,,bigquery,
Panvel Farmácias,Panvel,ChIJNwiiUQ5XzpQR6UcSy1rqdsY,"R. Clodomiro Amazonas, n° 817 - Vila Nova Conceição, São Paulo - SP, 04537-011, Brazil",São Paulo,,SP,BR,04537011,-23.5913917,-46.6777301,"pharmacy,health,store,point_of_interest,establishment",,,bigquery,"{""source"": ""supabase_places_cache_migration"", ""types"": [""pharmacy"", ""health"", ""store"", ""point_of_interest"", ""establishment""], ""rating"": null, ""refreshed_at"": ""2026-05-22T20:35:46.095+00:00""}"
Drogaria São Paulo,Drogaria São Paulo,ChIJO-acMR5ZzpQRO8ihMoKHVVc,"Av. Rangel Pestana, 2078 - Brás, São Paulo - SP, 03002-000",São Paulo,,SP,BR,03002000,-23.5424421,-46.6152594,"drugstore,store,health,point_of_interest,establishment",,,bigquery,"{""source"":""google_places_augment"",""types"":[""drugstore"",""store"",""health"",""point_of_interest"",""establishment""],""rating"":null}"
Farmácia Pague Menos,Farmácia Pague Menos,ChIJO060djhYzpQRFXygFVw6WTg,"Rua Dona Veridiana, 390 - Higienópolis, São Paulo - SP, 01238-010, Brazil",São Paulo,,SP,BR,01238010,-23.5431314,-46.6515746,"pharmacy,store,point_of_interest,health,establishment",,,bigquery,"{""source"": ""supabase_places_cache_migration"", ""types"": [""pharmacy"", ""store"", ""point_of_interest"", ""health"", ""establishment""], ""rating"": null, ""refreshed_at"": ""2026-05-22T20:40:51.024+00:00""}"
Drogaria São Paulo,Drogaria São Paulo,ChIJO3hKZ-D2zpQRWgzAsSzY9X0,"Praça Monteiro dos Santos, 44 - Vila Mariana, São Paulo - SP, 04117-095",São Paulo,,SP,BR,04117095,-23.5892509,-46.6295461,"pharmacy,cosmetics_store,drugstore,health,store,point_of_interest,establishment",,,bigquery,"{""source"":""google_places_augment"",""types"":[""pharmacy"",""cosmetics_store"",""drugstore"",""health"",""store"",""point_of_interest"",""establishment""],""rating"":null}"
PHARMÁCIA E LABORATÓRIO DR ANTÔNIO PANGELLA,Pharmácia E Laboratório Dr Antônio Pangella,ChIJO4uz0Uv4zpQR0m8oFG5XHUQ,"AV. MIGUEL CONEJO, 886 - VILA ALBERTINA, SÃO PAULO - SP, 02731-060",São Paulo,,SP,BR,02731-060,-23.4960486,-46.6923789,Homeopathic pharmacy,,,bigquery,
DRUGSTORE SAO PAULO,Drugstore Sao Paulo,ChIJO7HlyVVYzpQRvSKGZo2_m2Q,"R. BOA VISTA, 10 - CENTRO HISTÓRICO DE SÃO PAULO, SÃO PAULO - SP, 01011-000",São Paulo,,SP,BR,01011-000,-23.544397,-46.6339492,Pharmacy,,,bigquery,
DROGARIA POPULAR,Drogaria Popular,ChIJO8nTiXxUzpQRIj-AMi0JyIM,"AV. LAURITA ORTEGA MARI, 2029 - PARQUE PINHEIROS, TABOÃO DA SERRA - SP, 06766-361",São Paulo,,SP,BR,06766-361,-23.6303035,-46.7824835,Health & Beauty,,,bigquery,
FARMÁCIA PAGUE MENOS,Farmácia Pague Menos,ChIJO9ccmPdJxwcRRR1-DFuol8o,"RUA SOLON PINHEIRO, 246 - CENTRO, FORTALEZA - CE, 60050-040",Fortaleza,,CE,BR,60050-040,-3.7325444,-38.5270985,Health & Beauty,,,bigquery,
CENTER FARMA,Center Farma,ChIJOUaT3cPuuZQRAa-I6EtzzHI,"RUA GENERAL CARNEIRO, 144 - CENTRO HISTÓRICO DE SÃO PAULO, SÃO PAULO - SP, 01015-000",São Paulo,,SP,BR,01015-000,-23.5472181,-46.6330307,Pharmacy,,,bigquery,
DELPHO,Delpho,ChIJOUrysvJZzpQRD6kAWdBgtE8,"VILA MARIANA, SÃO PAULO - STATE OF SÃO PAULO, 04012-060",São Paulo,,SP,BR,04012-060,-23.5835511,-46.6511988,Pharmacy,,,bigquery,
DROGA RAIA,Droga Raia,ChIJOW1VKEhYzpQRe94mHD4qubs,"R. MARIA ANTÔNIA, 283 - VILA BUARQUE, SÃO PAULO - SP, 01222-010",São Paulo,,SP,BR,01222-010,-23.546322,-46.6511172,Health & Beauty,,,bigquery,
UNIFAR - UNIÃO FARMACÊUTICA DE SÃO PAULO,Unifar - União Farmacêutica De São Paulo,ChIJOXAKX43_zpQRgcRZuRyM5Mk,"R. DA GLÓRIA, 104 - LIBERDADE, SÃO PAULO - SP, 01510-000",São Paulo,,SP,BR,01510-000,-23.5541007,-46.6345049,Pharmacy,,,bigquery,
Farmácia Farma Oferta São Paulo - Liberdade,Farmácia Farma Oferta São Paulo - Liberdade,ChIJOY9b2IFZzpQROAvxNKWChvk,"Av. da Liberdade, 622 - Liberdade, São Paulo - SP, 01502-001",São Paulo,,SP,BR,01502001,-23.558180999999998,-46.6372587,"pharmacy,store,health,point_of_interest,establishment",,,bigquery,"{""source"":""google_places_augment"",""types"":[""pharmacy"",""store"",""health"",""point_of_interest"",""establishment""],""rating"":null}"
DROGARIA NOVO MATO GROSSO,Drogaria Novo Mato Grosso,ChIJOYp-2RuynZMRz3L8TJaDnr0,AV. JORN. ALVES DE OLIVEIRA  249 - CIDADE ALTA  CUIABÁ - MT  78025-000  BRASIL,Cuiabá,,MT,BR,78025-000,-15.6104908,-56.1216921,Health & Beauty,,,bigquery,
FÓRMULA HOMEOPATIA,Fórmula Homeopatia,ChIJOaHPC5VdzpQRgDJM6WcQ1R8,"AV. JOÃO XXIII, 665 - VILA FORMOSA, SÃO PAULO - SP, 03367-001",São Paulo,,SP,BR,03367-001,-23.572587,-46.5341633,Pharmacy,,,bigquery,
EXTRAFARMA,Extrafarma,ChIJOaYEe29JxwcR0gbTBbVd82g,"RUA - AV. RUI BARBOSA, 1751 - ALDEOTA, FORTALEZA - CE, 60115-221",Fortaleza,,CE,BR,60115-221,-3.7380998,-38.5099008,Health & Beauty,,,bigquery,
Drugstore Sao Paulo,Drugstore Sao Paulo,ChIJObKWucRZzpQRfc08pOR9o8g,"R. Pamplona, 1613 - Jardim Paulista, São Paulo - SP, 01405-002, Brazil",São Paulo,,SP,BR,01405002,-23.5704779,-46.6601349,"drugstore,store,point_of_interest,health,establishment",,,bigquery,"{""source"": ""supabase_places_cache_migration"", ""types"": [""drugstore"", ""store"", ""point_of_interest"", ""health"", ""establishment""], ""rating"": null, ""refreshed_at"": ""2026-05-22T20:21:12.232+00:00""}"
BIONATUS SUL,Bionatus Sul,ChIJOdN-Xg5RzpQRzSH_IrVDzZI,"R. SÓCRATES, 464 - VILA SOFIA, SÃO PAULO - SP, 04671-071",São Paulo,,SP,BR,04671-071,-23.65862,-46.6916466,Homeopathic pharmacy,,,bigquery,
DROGUINHA,Droguinha,ChIJOemzAntlzpQR0H1cMocaRZw,"ESTR. STELLA MAZZUCCA, 112 - VILA SANTA MARGARIDA, FERRAZ DE VASCONCELOS - SP, 08542-000",São Paulo,,SP,BR,08542-000,-23.5164881,-46.3726651,Pharmacy,,,bigquery,
DROGARIA SÃO PAULO,Drogaria São Paulo,ChIJOfeopPtVzpQR7F1sU-XWz4g,"AV APRIGIO BEZERRA DA SIVA,2643 - Cidade Intercap, Taboão da Serra - SP, 06768-200, Brazil",São Paulo,,SP,BR,06768200,-23.6076127,-46.764715,"drugstore,health,point_of_interest,store,establishment",,,bigquery,"{""source"": ""supabase_places_cache_migration"", ""types"": [""drugstore"", ""health"", ""point_of_interest"", ""store"", ""establishment""], ""rating"": null, ""refreshed_at"": ""2026-05-22T20:20:09.828+00:00""}"
Drogaria São Paulo - Moema 4,Drogaria São Paulo - Moema 4,ChIJOwhiLgBbzpQRdTwN5-RPZZo,"Av. Lavandisca, 116 - Indianópolis, São Paulo - SP, 04515-010",São Paulo,,SP,BR,04515010,-23.5998221,-46.668294,"drugstore,store,health,point_of_interest,establishment",,,bigquery,"{""source"": ""supabase_places_cache_migration"", ""types"": [""drugstore"", ""store"", ""health"", ""point_of_interest"", ""establishment""], ""rating"": null, ""refreshed_at"": ""2026-06-11T00:16:57.197+00:00""}"
IDEAL PHARMA,Ideal Pharma,ChIJOwkZQk9IxwcR7iXZNjmpek8,"AV. MONSENHOR TABOSA, 207 - PRAIA DE IRACEMA, FORTALEZA - CE, 60165-011",Fortaleza,,CE,BR,60165-011,-3.7235812,-38.517458,Pharmacy,,,bigquery,
PHARMA PLUS,Pharma Plus,ChIJOysQaxBazpQRdgfY34XFz9c,"ALAMEDA DOS MARACATINS, 508 - INDIANÓPOLIS, SÃO PAULO - SP, 04089-011",São Paulo,,SP,BR,04089-011,-23.6055402,-46.6596834,Pharmacy,,,bigquery,
+NOTVIT PRODUTOS NATURAIS,+notvit Produtos Naturais,ChIJP-ENrrFZzpQRyTSnV7HwCeI,"AV. RUDGE, 346 - BOM RETIRO, SÃO PAULO - SP, 01134-000",São Paulo,,SP,BR,01134-000,-23.5248187,-46.6492464,Pharmacy,,,bigquery,
REDE FARMA MIL,Rede Farma Mil,ChIJP-vxD8ZZzpQR3lPeEN0MubQ,"R. PAMPLONA, 899 - JARDIM PAULISTA, SÃO PAULO - SP, 01405-200",São Paulo,,SP,BR,01405-200,-23.5657355,-46.6555409,Pharmacy,,,bigquery,
VITAL ESSENCE PHARMACY,Vital Essence Pharmacy,ChIJP0KEazL2zpQR5bWrOaMqzMw,"R. FREI VICENTE DO SALVADOR, 300 - SANTANA, SÃO PAULO - SP, 02018-020",São Paulo,,SP,BR,02018-020,-23.4975402,-46.6284765,Homeopathic pharmacy,,,bigquery,
Drogasil,Drogasil,ChIJP1VtL9j3zpQRXtkgrkbTmuE,"Av. Parada Pinto, 1940 - Vila Nova Cachoeirinha, São Paulo - SP, 02611-001, Brazil",São Paulo,,SP,BR,02611001,-23.471342699999997,-46.6520315,"pharmacy,store,health,point_of_interest,establishment",,,bigquery,"{""source"":""google_places_augment"",""types"":[""pharmacy"",""store"",""health"",""point_of_interest"",""establishment""],""rating"":null}"
PROLIFE MATERIAIS HOSPITALARES,Prolife Materiais Hospitalares,ChIJP1_QUTiPpJIRXso-dbE0t7k,"TV. BENJAMIN CONSTANT - NAZARÉ, BELÉM - PA, 66000-000",Belém,,PA,BR,66000-000,-1.4520264,-48.4895205,"pharmacy, wholesaler",,,bigquery,
DROGASIL,Drogasil,ChIJP4CJy_dVzpQRlndfNm2Qb9A,"R. DR. GETÚLIO VARGAS, 54 - VILA SANTA LUZIA, TABOÃO DA SERRA - SP, 06754-030",São Paulo,,SP,BR,06754-030,-23.6072568,-46.7525806,Health & Beauty,,,bigquery,
Carrefour Drogaria Tatuape Analia Franco,Carrefour,ChIJP5XPhClczpQRrzEV4fiX1dc,"Av. Reg. Feijó, 1759 - Vila Reg. Feijó, São Paulo - SP, 03342-000, Brazil",São Paulo,,SP,BR,03342000,-23.5609833,-46.5602726,"pharmacy,health,store,point_of_interest,establishment",,,bigquery,"{""source"": ""supabase_places_cache_migration"", ""types"": [""pharmacy"", ""health"", ""store"", ""point_of_interest"", ""establishment""], ""rating"": null, ""refreshed_at"": ""2026-05-28T17:27:49.793+00:00""}"
POPUFARMA,Popufarma,ChIJP5bT5qNTzpQRXfLl9UK_uNw,"ESTRADA PIRAJUSSARA-VALO VELHO, 1594 - JARDIM MITSUTANI, SÃO PAULO - SP, 05790-350",São Paulo,,SP,BR,05790-350,-23.6472949,-46.79055,Pharmacy,,,bigquery,
Farmácia Pague Menos,Farmácia Pague Menos,ChIJPR5k-5NezpQR2wr6YE34GME,"Largo Nossa Sra. do Bom Parto, 195 - Vila Gomes Cardim, São Paulo - SP, 03322-080, Brazil",São Paulo,,SP,BR,03322080,-23.5490824,-46.5679804,"pharmacy,drugstore,store,point_of_interest,health,establishment",,,bigquery,"{""source"": ""supabase_places_cache_migration"", ""types"": [""pharmacy"", ""drugstore"", ""store"", ""point_of_interest"", ""health"", ""establishment""], ""rating"": null, ""refreshed_at"": ""2026-05-22T20:40:50.86+00:00""}"
DROGA RAIA,Droga Raia,ChIJPT28M2BIxwcR_IuJ_YgwFRU,AV. SANTOS DUMONT  2390 - ALDEOTA  FORTALEZA - AL  60150-161  BRASIL,Fortaleza,,AL,BR,60150-161,-3.7347417,-38.5035734,Health & Beauty,,,bigquery,
Drogasil,Drogasil,ChIJPU1WX4FbzpQRnFxinC0Vod8,"Av. Marginal Direita Anchieta, 11 - KM 11 - 154 - Ipiranga, São Paulo - SP, 04246-900, Brazil",São Paulo,,SP,BR,04246900,-23.6306351,-46.5997023,"pharmacy,health,store",,,bigquery,"{""source"": ""supabase_places_cache_migration"", ""types"": [""pharmacy"", ""health"", ""store""], ""rating"": null, ""refreshed_at"": ""2026-03-25T13:30:27.021718+00:00""}"
Drogasil,Drogasil,ChIJPUc6IwBfzpQRxM1d3rDg1js,"Zona Le - R. Antônio de Barros, 2220 - Vila Gomes Cardim, São Paulo - SP, 03401-001, Brazil",São Paulo,,SP,BR,03401001,-23.5489936,-46.5550091,"pharmacy,store,health,point_of_interest,establishment",,,bigquery,"{""source"":""google_places_augment"",""types"":[""pharmacy"",""store"",""health"",""point_of_interest"",""establishment""],""rating"":null}"
Natural Farma Farmácia de Manipulação,Natural Farma Farmácia de Manipulação,ChIJPZvR152OpJIR7IAmHF73sBc,"Tv. 14 de Março, 1440 - Umarizal, Belém - PA, 66055-490",Belém,,PA,BR,66055490,-1.4483496,-48.4806599,"pharmacy,health,store,point_of_interest,establishment",,,bigquery,"{""source"":""google_places_augment"",""types"":[""pharmacy"",""health"",""store"",""point_of_interest"",""establishment""],""rating"":null}"
ARTESANI,Artesani,ChIJPb4C0eZXzpQRm4M88Tt3X8o,"AV. POMPÉIA, 1045 - POMPEIA, SÃO PAULO - SP, 05022-010",São Paulo,,SP,BR,05022-010,-23.5335118,-46.6869742,Homeopathic pharmacy,,,bigquery,
BOM VIZINHO,Bom Vizinho,ChIJPbQwDbFZzpQR20iTCYL-WtI,"BELA VISTA, SÃO PAULO - STATE OF SÃO PAULO, 01325-000",São Paulo,,SP,BR,01325-000,-23.5576018,-46.6444971,Pharmacy,,,bigquery,
Drugstore Sao Paulo,Drugstore Sao Paulo,ChIJPbT06ZxjzpQRqvfXDYDeKLs,"Avenida Marechal Tito, 4150 - Itaim Paulista, São Paulo - SP, 08115-000, Brazil",São Paulo,,SP,BR,08115000,-23.4956543,-46.4041079,"drugstore,health,store,point_of_interest,establishment",,,bigquery,"{""source"": ""supabase_places_cache_migration"", ""types"": [""drugstore"", ""health"", ""store"", ""point_of_interest"", ""establishment""], ""rating"": null, ""refreshed_at"": ""2026-05-22T20:19:53.992+00:00""}"
DROGARIAS ULTRA POPULAR,Drogarias Ultra Popular,ChIJPdDoQk5YzpQR-yaTaYpo7no,"AV. SÃO LUÍS, 51 - REPÚBLICA, SÃO PAULO - SP, 01046-001",São Paulo,,SP,BR,01046-001,-23.5452513,-46.6430019,Health & Beauty,,,bigquery,
Centerfórmula - Farmácia de Manipulação,Centerfórmula - Farmácia de Manipulação,ChIJPdR1GBBazpQRKiEAY4UAjm4,"Alameda dos Maracatins, 538 - Moema, São Paulo - SP, 04089-001",São Paulo,,SP,BR,04089001,-23.6057006,-46.6599825,"pharmacy,store,health,point_of_interest,establishment",,,bigquery,"{""source"": ""supabase_places_cache_migration"", ""types"": [""pharmacy"", ""store"", ""health"", ""point_of_interest"", ""establishment""], ""rating"": null, ""refreshed_at"": ""2026-06-11T00:16:57.197+00:00""}"
AIRFARMA,Airfarma,ChIJPejYlLdPxwcRwuaRJFB41AY,"EMBARQUE - DESEMBARQUE, 235 - AEROPORTO, FORTALEZA - CE, 60741-900",Fortaleza,,CE,BR,60741-900,-3.7789456,-38.5408565,Pharmacy,,,bigquery,
Farmácia De Alto Custo Ame Maria Zélia,Farmácia De Alto Custo Ame Maria Zélia,ChIJPzKYStFYzpQR83A7vJikSjM,"R. Jequitinhonha, 368 - Belenzinho, São Paulo - SP, 03021-040",São Paulo,,SP,BR,03021040,-23.5311874,-46.5995755,"pharmacy,store,health,point_of_interest,establishment",,,bigquery,"{""source"":""google_places_augment"",""types"":[""pharmacy"",""store"",""health"",""point_of_interest"",""establishment""],""rating"":null}"
Drugstore Sao Paulo,Drugstore Sao Paulo,ChIJQ1izhIVQzpQRAXJXOCllM0A,"R. Dr. Adhemar Queiroz de Moraes, 1001 - VILA CARMEN, São Paulo - SP, 04623-060, Brazil",São Paulo,,SP,BR,04623060,-23.6328561,-46.6800522,"drugstore,store,health,point_of_interest,establishment",,,bigquery,"{""source"": ""supabase_places_cache_migration"", ""types"": [""drugstore"", ""store"", ""health"", ""point_of_interest"", ""establishment""], ""rating"": null, ""refreshed_at"": ""2026-05-22T20:19:49.966+00:00""}"
A FÓRMULA,A Fórmula,ChIJQ44xsRtJxwcRPYpEngCSXtE,"AV. TREZE DE MAIO, 1922 - FÁTIMA, FORTALEZA - CE, 60040-531",Fortaleza,,CE,BR,60040-531,-3.744805,-38.5344434,Pharmacy,,,bigquery,
Amazzon Drogarias | Farmácia e Equipamentos Hospitalares - Vila Guarani,Amazzon Drogarias | Farmácia e Equipamentos Hospitalares - Vila Guarani,ChIJQ8TFBJFnzpQRdqc8bNhs54k,"Av. Sapopemba, 5754 - Vila Guarani(Zona Leste), São Paulo - SP, 03374-001, Brazil",São Paulo,,SP,BR,03374001,-23.5826361,-46.535869,"pharmacy,health,point_of_interest,store,establishment",,,bigquery,"{""source"": ""supabase_places_cache_migration"", ""types"": [""pharmacy"", ""health"", ""point_of_interest"", ""store"", ""establishment""], ""rating"": null, ""refreshed_at"": ""2026-05-26T13:24:45.655+00:00""}"
CLÍNICA,Clínica,ChIJQSXvTOhXzpQRuN1DXPy6MM4,"R. HAVAÍ - SUMARÉ, SÃO PAULO - SP, 01259-000",São Paulo,,SP,BR,01259-000,-23.5433278,-46.6837414,Pharmacy,,,bigquery,
Drogaria São Paulo,Drogaria São Paulo,ChIJQW2CHXddzpQRlAZvdRZHz2g,"Av. Vila Ema, 3680 - Vila Ema, São Paulo - SP, 03282-000, Brazil",São Paulo,,SP,BR,03282000,-23.5882751,-46.5438197,"pharmacy,cosmetics_store,drugstore,store,point_of_interest,health,establishment",,,bigquery,"{""source"": ""supabase_places_cache_migration"", ""types"": [""pharmacy"", ""cosmetics_store"", ""drugstore"", ""store"", ""point_of_interest"", ""health"", ""establishment""], ""rating"": null, ""refreshed_at"": ""2026-05-22T20:19:51.822+00:00""}"
VitaPetCare,VitaPetCare,ChIJQWmUnKZRzpQRtR6bL4WmovU,"R. Laplace, 147 - Brooklin Novo, São Paulo - SP, 04622-000",São Paulo,,SP,BR,04622000,-23.6255228,-46.6840048,"pharmacy,child_care_agency,pet_boarding_service,veterinary_care,pet_store,health,pet_care,point_of_interest,service,store,establishment",,,bigquery,"{""source"":""google_places_augment"",""types"":[""pharmacy"",""child_care_agency"",""pet_boarding_service"",""veterinary_care"",""pet_store"",""health"",""pet_care"",""point_of_interest"",""service"",""store"",""establishment""],""rating"":null}"
GUIA DE FARMÁCIAS.,Guia De Farmácias.,ChIJQYkyXwBZzpQR7ANR38WwWOc,"R. VINTE E CINCO DE MARÇO, Nº 25 - CENTRO HISTÓRICO DE SÃO PAULO, SÃO PAULO - SP, 01021-200",São Paulo,,SP,BR,01021-200,-23.5490646,-46.6304214,Pharmacy,,,bigquery,
FARMACIAS E DROGARIAS JOSÉ DE ALENCAR,Farmacias E Drogarias José De Alencar,ChIJQYvwNlNIxwcR_rFyaKvFlW4,"RUA GENERAL BEZERRIL, 792 - CENTRO, FORTALEZA - CE, 60055-100",Fortaleza,,CE,BR,60055-100,-3.7302921,-38.5263756,Pharmacy,,,bigquery,
Drogaria São Paulo,Drogaria São Paulo,ChIJQZiSy21czpQR3FT2OIWAF7w,"R. Ibitirama, 1212 - Vila Prudente, São Paulo - SP, 03134-001",São Paulo,,SP,BR,03134001,-23.590933099999997,-46.581684599999996,"drugstore,health,store,point_of_interest,establishment",,,bigquery,"{""source"":""google_places_augment"",""types"":[""drugstore"",""health"",""store"",""point_of_interest"",""establishment""],""rating"":null}"
LIVING LIFE PHARMACY,Living Life Pharmacy,ChIJQd1rOF1XzpQR4uCyKenifh0,"RUA TABAPUÃ, 930 - ITAIM BIBI, SÃO PAULO - SP, 04533-003",São Paulo,,SP,BR,04533-003,-23.5840339,-46.6796252,Pharmacy,,,bigquery,
FARMA PAGUE POPULAR,Farma Pague Popular,ChIJQe-Z-cZVzpQR3AWIK70ER1w,"ESTR. KIZAEMON TAKEUTI, 1475 - JARDIM CLEMENTINO, TABOÃO DA SERRA - SP, 06775-001",São Paulo,,SP,BR,06775-001,-23.6372414,-46.7906678,Pharmacy,,,bigquery,
Farmácia Pague Menos,Farmácia Pague Menos,ChIJQyHVTQ5czpQRAv7qNfYyXnc,"Praça Padre Damião, 116 - Vila Prudente, São Paulo - SP, 03126-050, Brazil",São Paulo,,SP,BR,03126050,-23.5818418,-46.5852562,"pharmacy,drugstore,store,health,point_of_interest,establishment",,,bigquery,"{""source"": ""supabase_places_cache_migration"", ""types"": [""pharmacy"", ""drugstore"", ""store"", ""health"", ""point_of_interest"", ""establishment""], ""rating"": null, ""refreshed_at"": ""2026-05-22T20:40:55.303+00:00""}"
VENÉCIA HOMEOPATIA E MANIPULAÇÃO,Venécia Homeopatia E Manipulação,ChIJQyphDutbzpQRxckb4byppW4,"R. ARCIPRESTE ANDRADE, 503 - LOJA 1 - IPIRANGA, SÃO PAULO - SP, 04268-020",São Paulo,,SP,BR,04268-020,-23.5947249,-46.6093656,Homeopathic pharmacy,,,bigquery,
DROGA RAIA,Droga Raia,ChIJQzoPf05QzpQR8w7X_OzVwmQ,AV. WASHINGTON LUÍS  1 - T2003 - VILA CONGONHAS  SÃO PAULO - SP  04662-000  BRASIL,São Paulo,,SP,BR,04662-000,-23.6603624,-46.7042384,Health & Beauty,,,bigquery,
Farmácia Pague Menos,Farmácia Pague Menos,ChIJR2uZsNP3zpQRRukGh8c2zso,"Av. Braz Leme, 2175 - Santana, São Paulo - SP, 02022-010, Brazil",São Paulo,,SP,BR,02022010,-23.5034323,-46.6394553,"pharmacy,drugstore,store,point_of_interest,health,establishment",,,bigquery,"{""source"": ""supabase_places_cache_migration"", ""types"": [""pharmacy"", ""drugstore"", ""store"", ""point_of_interest"", ""health"", ""establishment""], ""rating"": null, ""refreshed_at"": ""2026-05-22T20:40:57.385+00:00""}"
Drogaria São Paulo,Drogaria São Paulo,ChIJR3W-daNpzpQR7gnbU1BGW8E,"Av. das Nações Unidas, 826 - Parque Novo Oratório, São Paulo - SP, 09260-000, Brazil",São Paulo,,SP,BR,09260000,-23.5800319,-46.6934362,"drugstore,health,store,point_of_interest,establishment",,,bigquery,"{""source"": ""supabase_places_cache_migration"", ""types"": [""drugstore"", ""health"", ""store"", ""point_of_interest"", ""establishment""], ""rating"": null, ""refreshed_at"": ""2026-05-22T20:19:53.236+00:00""}"
S. E. COMÉRCIO DE MEDICAMENTOS E PERFUMARIA,S. E. Comércio De Medicamentos E Perfumaria,ChIJR4qergWynZMRgHWIVAPgsMs,RUA ACLIMACAO 243 - A  A  CUIABÁ - MT  78050-040  BRASIL,Cuiabá,,MT,BR,78050-040,-15.6184536,-56.1229328,"drugstore,pharmacy,store,health,point_of_interest,establishment",,,bigquery,
PRONTO FÓRMULA,Pronto Fórmula,ChIJR72bccdZzpQRExIIKcM0zH0,"ALAMEDA SANTOS, 880 - 2 - CERQUEIRA CÉSAR, SÃO PAULO - SP, 01418-100",São Paulo,,SP,BR,01418-100,-23.5667716,-46.6518159,Pharmacy,,,bigquery,
HIGINOR DISTRIBUIDORA LTDA EPP,Higinor Distribuidora Ltda Epp,ChIJR7kmbUmPpJIR3ucHAB-vjug,"R. SEN. MANOEL BARATA - REDUTO, BELÉM - PA, 66010-147",Belém,,PA,BR,66010-147,-1.4495488,-48.4960466,"pharmacy, wholesaler",,,bigquery,
Drogasil,Drogasil,ChIJRS6izCJZzpQRqdybiSOYBKo,"Ao lado das Casas Bahia - Av. Otto Baumgart, 245 - 1° Andar - Vila Guilherme, São Paulo - SP, 02049-000, Brazil",São Paulo,,SP,BR,02049000,-23.5156022,-46.6193545,"pharmacy,store,health,point_of_interest,establishment",,,bigquery,"{""source"":""google_places_augment"",""types"":[""pharmacy"",""store"",""health"",""point_of_interest"",""establishment""],""rating"":null}"
DROGASIL,Drogasil,ChIJRVK_5TtVzpQR6sOXxem5g9Q,"ESTR. SÃO FRANCISCO, 2131 - JARDIM WANDA, TABOÃO DA SERRA - SP, 06765-001",São Paulo,,SP,BR,06765-001,-23.617836,-46.776593,Health & Beauty,,,bigquery,
ANANDA - HOMEOPATHY AND MANIPULATION PHARMACY,Ananda - Homeopathy And Manipulation Pharmacy,ChIJRYYliltWzpQR2-DisHl-Ack,"AV. CORIFEU DE AZEVEDO MARQUES, 971 - BUTANTÃ, SÃO PAULO - SP, 05581-000",São Paulo,,SP,BR,05581-000,-23.5730847,-46.7238316,Pharmacy,,,bigquery,
MICAEL HOMEOPATIA E PRODUTOS NATURAIS LTDA.,Micael Homeopatia E Produtos Naturais Ltda.,ChIJR_9YZzdazpQR8uXOWTC8qo4,"R. PRIMEIRO DE JANEIRO, 449 - MIRANDÓPOLIS, SÃO PAULO - SP, 04044-060",São Paulo,,SP,BR,04044-060,-23.60367,-46.6398134,Pharmacy,,,bigquery,
Drogaria São Paulo,Drogaria São Paulo,ChIJRa4tGwdazpQRxmNXLkKla2E,"R. Gaivota, 1061 - Moema, São Paulo - SP, 04522-033",São Paulo,,SP,BR,04522033,-23.604953599999998,-46.6686966,"drugstore,store,health,point_of_interest,establishment",,,bigquery,"{""source"":""google_places_augment"",""types"":[""drugstore"",""store"",""health"",""point_of_interest"",""establishment""],""rating"":null}"
Drogaria São Paulo,Drogaria São Paulo,ChIJRc9mqyP5zpQR748_VgM1NZI,"Av. Benedito Andrade, 135 - Vila Pereira Barreto, São Paulo - SP, 02936-000, Brazil",São Paulo,,SP,BR,02936000,-23.4877017,-46.7194604,"drugstore,store,health,point_of_interest,establishment",,,bigquery,"{""source"": ""supabase_places_cache_migration"", ""types"": [""drugstore"", ""store"", ""health"", ""point_of_interest"", ""establishment""], ""rating"": null, ""refreshed_at"": ""2026-05-22T20:19:50.788+00:00""}"
FARMÁCIA PAGUE MENOS,Farmácia Pague Menos,ChIJRds-zSFZzpQR3BdWL_XxKAI,"AV. BRIGADEIRO LUÍS ANTÔNIO, 2154 - BELA VISTA, SÃO PAULO - SP, 01318-002",São Paulo,,SP,BR,01318-002,-23.5667634,-46.6486677,Health & Beauty,,,bigquery,
FLORALLYS FARMACIA - HOMEOPATIA E MEDICINA CHINESA,Florallys Farmacia - Homeopatia E Medicina Chinesa,ChIJRwU3SANazpQR-LcnQkOiV8c,"AV. AGAMI, 169 - MOEMA, SÃO PAULO - SP, 04522-000",São Paulo,,SP,BR,04522-000,-23.5993528,-46.6613966,Homeopathic pharmacy,,,bigquery,
EXTRAFARMA,Extrafarma,ChIJRwgMdxdZzpQRaginGq4jyD4,"AV. BRIGADEIRO LUÍS ANTÔNIO, 1343 - BELA VISTA, SÃO PAULO - SP, 01317-001",São Paulo,,SP,BR,01317-001,-23.5611845,-46.643261,Health & Beauty,,,bigquery,
DROGAMASTER,Drogamaster,ChIJRwqbH3RPxwcRNMctqP-sJs8,"RUA MONSENHOR SALAZAR, 445 - SÃO JOÃO DO TAUAPE, FORTALEZA - CE, 60130-370",Fortaleza,,CE,BR,60130-370,-3.7561946,-38.5157085,Pharmacy,,,bigquery,
BIODROGAS FARMÁCIA,Biodrogas Farmácia,ChIJRx21XDeynZMRjEVhmUT3Asw,R. VER. WILSOM ALVES DINIZ  812 - SANTA ISABEL  CUIABÁ - MT  78035-410  BRASIL,Cuiabá,,MT,BR,78035-410,-15.5961378,-56.1321918,"pharmacy,health,store,point_of_interest,establishment",,,bigquery,
EXTRAFARMA,Extrafarma,ChIJRxGxOOtZzpQRDF_jkxTaU5s,"R. ABÍLIO SOARES, 925 - VILA MARIANA, SÃO PAULO - SP, 04005-003",São Paulo,,SP,BR,04005-003,-23.5769504,-46.6498425,Health & Beauty,,,bigquery,
DROGARIA SENADOR QUEIRÓZ,Drogaria Senador Queiróz,ChIJRyu861dYzpQRFReuNxJcH3k,"AV. SEN. QUEIRÓS, 305 - LOJA 23/24 - CENTRO HISTÓRICO DE SÃO PAULO, SÃO PAULO - SP, 01026-001",São Paulo,,SP,BR,01026-001,-23.5390256,-46.6329923,Health & Beauty,,,bigquery,
ESTÃO BUTATA,Estão Butata,ChIJS-vN6-RVzpQRSRMja0NGm7o,"PARQUE MONTE ALEGRE, TABOÃO DA SERRA - STATE OF SÃO PAULO, 05576-100",São Paulo,,SP,BR,05576-100,-23.6019905,-46.7735098,Pharmacy,,,bigquery,
FARMACIA,Farmacia,ChIJS00L9uOLpJIR1Tph09XmPbU,R. NOVA  1454 - PEDREIRA  BELÉM - PA  66083-444  BRASIL,Belém,,PA,BR,66083-444,-1.4198311,-48.4737642,Health & Beauty,,,bigquery,
DROGASIL,Drogasil,ChIJS0HZQ5FZzpQR9y8MgcZ0ytM,"R. DR. TOMÁS CARVALHAL, 449 - PARAÍSO, SÃO PAULO - SP, 04006-001",São Paulo,,SP,BR,04006-001,-23.5769378,-46.6455518,Health & Beauty,,,bigquery,
Drogaria São Paulo,Drogaria São Paulo,ChIJS1Vl4Rn2zpQRUblaj5Xtwbo,"Av. Gen. Ataliba Leonel, 2764 - Parada Inglesa, São Paulo - SP, 02033-020, Brazil",São Paulo,,SP,BR,02033020,-23.4919506,-46.6086062,"drugstore,pharmacy,store,health,point_of_interest,establishment",,,bigquery,"{""source"": ""supabase_places_cache_migration"", ""types"": [""drugstore"", ""pharmacy"", ""store"", ""health"", ""point_of_interest"", ""establishment""], ""rating"": null, ""refreshed_at"": ""2026-05-22T20:19:54.197+00:00""}"
EVIDENCE SOLUÇÕES FARMACÊUTICAS LTDA,Evidence Soluções Farmacêuticas Ltda,ChIJS2Gu-_5IxwcRoz7iZW49Xkk,"RUA PADRE VALDEVINO, 18 - JOAQUIM TÁVORA (FORTALEZA), FORTALEZA - CE, 60110-001",Fortaleza,,CE,BR,60110-001,-3.7370714,-38.5236401,Pharmacy,,,bigquery,
Drogasil,Drogasil,ChIJS3h3AEb4zpQRdlPqnGcw5tE,"Av. Santa Marina, 2569 - Vila Albertina, São Paulo - SP, 02732-040, Brazil",São Paulo,,SP,BR,02732040,-23.502444399999998,-46.6947766,"pharmacy,store,health,point_of_interest,establishment",,,bigquery,"{""source"":""google_places_augment"",""types"":[""pharmacy"",""store"",""health"",""point_of_interest"",""establishment""],""rating"":null}"
Drogasil,Drogasil,ChIJS75tPhj2zpQR-RR1_mQr1_c,"R. Lucas de Freitas de Azevedo, 950 - ZONA NORTE - Jardim São Paulo, São Paulo - SP, 02046-060, Brazil",São Paulo,,SP,BR,02046060,-23.493445,-46.6112906,"pharmacy,point_of_interest,store",,,bigquery,"{""source"": ""supabase_places_cache_migration"", ""types"": [""pharmacy"", ""point_of_interest"", ""store""], ""rating"": null, ""refreshed_at"": ""2026-03-25T13:30:27.021718+00:00""}"
SAÚDE NO ESPORTE | PERFORMANCE E SEGURANÇA PARA ATLETAS SAÚDE NO ESPORTE | PERFORMANCE E SEGURANÇA PARA ATLETAS,Saúde No Esporte | Performance E Segurança Para Atletas Saúde No Esporte | Performance E Segurança Para Atletas,ChIJS9IpxzZYzpQR4B-mVumh2uk,"RUA SERGIPE, 120 - HIGIENÓPOLIS, SÃO PAULO - SP, 01302-000",São Paulo,,SP,BR,01302-000,-23.5492201,-46.6551319,Pharmacy,,,bigquery,
DROGA RAIA,Droga Raia,ChIJSQBZJfhZzpQRUwODlFdolMA,"R. DOS BELGAS, 67 - BELA VISTA, SÃO PAULO - SP, 01329-040",São Paulo,,SP,BR,01329-040,-23.5630153,-46.6472993,Health & Beauty,,,bigquery,
Consulado da Ração Tucuruvi - Pet Shop - Entrega de Ração e Medicamentos em até 4 Horas,Consulado da Ração Tucuruvi - Pet Shop - Entrega de Ração e Medicamentos em até 4 Horas,ChIJSWt4AFz2zpQRCMvgeK7ZEHg,"Av. Nova Cantareira, 3470 - Tucuruvi, São Paulo - SP, 02340-001",São Paulo,,SP,BR,02340001,-23.470479599999997,-46.6170586,"pharmacy,veterinary_care,pet_store,health,pet_care,point_of_interest,supplier,service,food,manufacturer,store,establishment",,,bigquery,"{""source"":""google_places_augment"",""types"":[""pharmacy"",""veterinary_care"",""pet_store"",""health"",""pet_care"",""point_of_interest"",""supplier"",""service"",""food"",""manufacturer"",""store"",""establishment""],""rating"":null}"
DROGARIAS ULTRA POPULAR,Drogarias Ultra Popular,ChIJSZQEzGqPpJIR_4akEheIwHU,AV. Nª SRA. DE NAZARÉ  1103 - NAZARÉ  BELÉM - PA  66035-145  BRASIL,Belém,,PA,BR,66035-145,-1.4520205,-48.4829236,Health & Beauty,,,bigquery,
SMART SHOT,Smart Shot,ChIJSaU1iQFazpQRBwctQCpf5fs,"R. INHAMBU, 385 - CONJUNTO 15 - MOEMA, SÃO PAULO - SP, 04520-010",São Paulo,,SP,BR,04520-010,-23.5989188,-46.6660762,Homeopathic pharmacy,,,bigquery,
PHARMA CLINIC - HOMEOPATHY MANIPULATION,Pharma Clinic - Homeopathy Manipulation,ChIJSdeeuqNczpQRLfQMb4giqN4,"ESTR. DAS LÁGRIMAS, 3620 - SÃO JOÃO CLIMACO, SÃO PAULO - SP, 04244-000",São Paulo,,SP,BR,04244-000,-23.629981,-46.5870456,Pharmacy,,,bigquery,
FARMA & CIA TABOÃO DA SERRA,Farma & Cia Taboão Da Serra,ChIJSeivkmtUzpQRITsWrGfvV1U,"ESTR. SÃO FRANCISCO, 1638 - VILA SONIA DO TABOAO, TABOÃO DA SERRA - SP, 06765-465",São Paulo,,SP,BR,06765-465,-23.6184351,-46.770796,Pharmacy,,,bigquery,
REMÉDIO FLIX,Remédio Flix,ChIJT0DYo1rvsU8ROdWrPmBsKlM,"AV. ALEXIOS JAFET, 1204 - JARDIM IPANEMA, SÃO PAULO - SP, 05187-010",São Paulo,,SP,BR,05187-010,-23.4457673,-46.7477548,Pharmacy,,,bigquery,
NUTRIFÓRMULAS,Nutrifórmulas,ChIJT1eS1FFazpQRtWguFBs2z6s,"AV. JABAQUARA, 1426 - VILA DA SAÚDE, SÃO PAULO - SP, 04046-200",São Paulo,,SP,BR,04046-200,-23.61673,-46.639053,Pharmacy,,,bigquery,
Drogaria São Paulo,Drogaria São Paulo,ChIJT1sYmC7_zpQRjtFLHMajbq4,"Av. dos Remédios, 649 - Vila dos Remedios, Osasco - SP, 06298-004, Brazil",São Paulo,,SP,BR,06298004,-23.5188915,-46.7533485,"drugstore,store,point_of_interest,health,establishment",,,bigquery,"{""source"": ""supabase_places_cache_migration"", ""types"": [""drugstore"", ""store"", ""point_of_interest"", ""health"", ""establishment""], ""rating"": null, ""refreshed_at"": ""2026-05-22T20:19:50.795+00:00""}"
ANTARES,Antares,ChIJT6AtUOZXzpQRagFJr4w59ho,"POMPEIA, SÃO PAULO - STATE OF SÃO PAULO, 05019-010",São Paulo,,SP,BR,05019-010,-23.5358463,-46.6869264,Pharmacy,,,bigquery,
JANSSEM CILAG FARMACÊUTICA,Janssem Cilag Farmacêutica,ChIJTQU5woBXzpQRsUGjnz5gDGs,"R. DR. OVÍDIO PIRES DE CAMPOS, 1 - PACAEMBU, SÃO PAULO - SP, 05403-010",São Paulo,,SP,BR,05403-010,-23.5550708,-46.6718166,Pharmacy,,,bigquery,
DROGARIA SÃO PAULO - ALTINO ARANTES,Drogaria São Paulo - Altino Arantes,ChIJTVggOXRbzpQRlpPnLEGmXwE,"AV. DR. ALTINO ARANTES, 307 - VILA CLEMENTINO, SÃO PAULO - SP, 04042-032",São Paulo,,SP,BR,04042-032,-23.6028678,-46.639735,Health & Beauty,,,bigquery,
EXTRAFARMA,Extrafarma,ChIJTY3lfe1IxwcRe2xbXLcoCM0,"AV. ANTÔNIO SALES, 1777 - DIONÍSIO TORRES, FORTALEZA - CE, 60135-101",Fortaleza,,CE,BR,60135-101,-3.7433227,-38.5085358,Health & Beauty,,,bigquery,
Farmácia Montessori,Farmácia Montessori,ChIJTY6fuVNfzpQRPCbvcmP-7fE,"Praça Maria Montessori, 112 - Vila Maria Alta, São Paulo - SP, 02127-030, Brazil",São Paulo,,SP,BR,02127030,-23.5008378,-46.5891461,"pharmacy,drugstore,health,point_of_interest,store,establishment",,,bigquery,"{""source"": ""supabase_places_cache_migration"", ""types"": [""pharmacy"", ""drugstore"", ""health"", ""point_of_interest"", ""store"", ""establishment""], ""rating"": null, ""refreshed_at"": ""2026-05-26T13:24:46.612+00:00""}"
Drogasil,Drogasil,ChIJTdBAMABdzpQRtOnTyUjJfuU,"R. Costa Barros, 795 - Vila Alpina, São Paulo - SP, 03210-000, Brazil",São Paulo,,SP,BR,03210000,-23.595854,-46.5587054,"pharmacy,health,point_of_interest,store,establishment",,,bigquery,"{""source"": ""supabase_places_cache_migration"", ""types"": [""pharmacy"", ""health"", ""point_of_interest"", ""store"", ""establishment""], ""rating"": null, ""refreshed_at"": ""2026-05-26T13:25:35.465+00:00""}"
DROGARIA SÃO PAULO,Drogaria São Paulo,ChIJTdm8wCj2zpQR36rb8oJuntU,"R. Ezequiel Freire, 424 - Santana, São Paulo - SP, 02034-001",São Paulo,,SP,BR,02034001,-23.5024956,-46.6233833,"drugstore,store,health,point_of_interest,establishment",,,bigquery,"{""source"":""google_places_augment"",""types"":[""drugstore"",""store"",""health"",""point_of_interest"",""establishment""],""rating"":null}"
PHARMACY MANIPULATION GALILEU GALILEI,Pharmacy Manipulation Galileu Galilei,ChIJTfvKpZP1zpQREAhOdrgbx9M,"AV. ROLAND GARROS, 1815 - VILA MEDEIROS, SÃO PAULO - SP, 02235-001",São Paulo,,SP,BR,02235-001,-23.4756491,-46.5712235,Homeopathic pharmacy,,,bigquery,
VENTURINI FARMÁCIA MANIPULAÇÃO,Venturini Farmácia Manipulação,ChIJTw-y1uZXzpQRytc50Bd_yX4,"AV. POMPÉIA, 1045 - POMPEIA, SÃO PAULO - SP, 05023-000",São Paulo,,SP,BR,05023-000,-23.5335211,-46.6869652,Pharmacy,,,bigquery,
HYPERMEMO,Hypermemo,ChIJTytf1olJxwcRIK1x9bpyy2M,"RUA SOLON PINHEIRO, 950-992 - CENTRO, FORTALEZA - CE, 60050-040",Fortaleza,,CE,BR,60050-040,-3.7388005,-38.5290258,Pharmacy,,,bigquery,
Drogaria São Paulo,Drogaria São Paulo,ChIJU-T1dABZzpQRtJWXXuM29-E,"Praça Quatorze Bis, 70 - Bela Vista, São Paulo - SP, 01312-010, Brazil",São Paulo,,SP,BR,01312010,-23.5552784,-46.6500798,"pharmacy,store,point_of_interest,health,establishment",,,bigquery,"{""source"": ""supabase_places_cache_migration"", ""types"": [""pharmacy"", ""store"", ""point_of_interest"", ""health"", ""establishment""], ""rating"": null, ""refreshed_at"": ""2026-05-22T20:19:53.033+00:00""}"
"ULTRAFARMA TABOÃO DA SERRA, JD RECORD.",Ultrafarma,ChIJU0TV3JFUzpQRTIu8dYQ0254,"ESTR. TEN. JOSÉ MARIA DA CUNHA, 1297 - JARDIM RECORD, TABOÃO DA SERRA - SP, 06783-230",São Paulo,,SP,BR,06783-230,-23.6295465,-46.7968564,Pharmacy,,,bigquery,
FARMADIA - EVERYTHING FOR DIABETES,Farmadia - Everything For Diabetes,ChIJU1svxzZazpQREziP8lFRXqw,"Nº, AV. DR. ALTINO ARANTES, 132 - VILA CLEMENTINO, SÃO PAULO - SP, 04042-001",São Paulo,,SP,BR,04042-001,-23.602623,-46.638124,Pharmacy,,,bigquery,
QSP FARMÁCIA DE MANIPULAÇÃO,Qsp Farmácia De Manipulação,ChIJU5Ne-7VZzpQR6IGUlQHpOzE,"R. ITAPEVA, 124 - BELA VISTA, SÃO PAULO - SP, 01332-000",São Paulo,,SP,BR,01332-000,-23.558146,-46.6507924,Pharmacy,,,bigquery,
Consulado da Ração Tatuapé - Pet shop com Banho e Tosa - Entrega de Ração e Medicamentos em até 4 Horas,Consulado da Ração Tatuapé - Pet shop com Banho e Tosa - Entrega de Ração e Medicamentos em até 4 Horas,ChIJU6vv_EtfzpQRDCP4pAePPvc,"R. Tuiuti, 2555 - Tatuapé, São Paulo - SP, 03307-005",São Paulo,,SP,BR,03307005,-23.547900199999997,-46.5736211,"pharmacy,veterinary_care,pet_store,health,pet_care,point_of_interest,supplier,service,food,manufacturer,store,establishment",,,bigquery,"{""source"":""google_places_augment"",""types"":[""pharmacy"",""veterinary_care"",""pet_store"",""health"",""pet_care"",""point_of_interest"",""supplier"",""service"",""food"",""manufacturer"",""store"",""establishment""],""rating"":null}"
Drogaria São Paulo,Drogaria São Paulo,ChIJU7vn3phnzpQRTMUf8YpYz3Y,"Rua Américo Salvador Novelli, 453 - Itaquera, São Paulo - SP, 03620-000, Brazil",São Paulo,,SP,BR,03620000,-23.5380781,-46.4543006,"drugstore,health,store,point_of_interest,establishment",,,bigquery,"{""source"": ""supabase_places_cache_migration"", ""types"": [""drugstore"", ""health"", ""store"", ""point_of_interest"", ""establishment""], ""rating"": null, ""refreshed_at"": ""2026-05-22T20:19:54.151+00:00""}"
SOS PET VET | Clínica Veterinária | Estética Animal | Pet Shop,SOS PET VET | Clínica Veterinária | Estética Animal | Pet Shop,ChIJU8SGVk9ezpQRWXZtANlseUY,"R. Padre Bernardino Bandeira, 15 - Penha de França, São Paulo - SP, 03639-050",São Paulo,,SP,BR,03639050,-23.525014199999998,-46.5406468,"pharmacy,veterinary_care,pet_store,pet_care,health,point_of_interest,store,establishment",,,bigquery,"{""source"":""google_places_augment"",""types"":[""pharmacy"",""veterinary_care"",""pet_store"",""pet_care"",""health"",""point_of_interest"",""store"",""establishment""],""rating"":null}"
Drogaria São Paulo,Drogaria São Paulo,ChIJUQH_6Mv3zpQRSPBZ0qh48fQ,"Alameda Afonso Schmidt, 619 - Santa Teresinha, São Paulo - SP, 02450-001",São Paulo,,SP,BR,02450001,-23.4951913,-46.635958699999996,"drugstore,health,store,point_of_interest,establishment",,,bigquery,"{""source"":""google_places_augment"",""types"":[""drugstore"",""health"",""store"",""point_of_interest"",""establishment""],""rating"":null}"
THE PHARMA,The Pharma,ChIJUQyJ5RxYzpQRXTEqL5w2PHA,"RUA LINCOLN ALBUQUERQUE, 259 - 43 E 44 - PERDIZES, SÃO PAULO - SP, 05004-010",São Paulo,,SP,BR,05004-010,-23.5326071,-46.6675274,Pharmacy,,,bigquery,
DROGARIA DROGA LUCY,Drogaria Droga Lucy,ChIJURQsT49RzpQRsVFIxVyvyyE,ESTRADA DO M'BOI MIRIM  1044 - JARDIM DAS FLORES  SÃO PAULO - SP  04905-000  BRASIL,São Paulo,,SP,BR,04905-000,-23.6761835,-46.7501166,Health & Beauty,,,bigquery,
FARMACIA DE MANIPULACAO COM FLORAIS,Farmacia De Manipulacao Com Florais,ChIJUUR8V7NbzpQRRFQyykz1BoU,"R. CAPUTIRA, 108 - VILA DA SAÚDE, SÃO PAULO - SP, 04052-070",São Paulo,,SP,BR,04052-070,-23.6088578,-46.6409967,Health & Beauty,,,bigquery,
NUON HEALTH,Nuon Health,ChIJUVKhouVXzpQRD1h0LRHIZ-c,"R. DIANA, 820 - PERDIZES, SÃO PAULO - SP, 05019-000",São Paulo,,SP,BR,05019-000,-23.5352052,-46.6831531,Pharmacy,,,bigquery,
DROGARIA CELENA,Drogaria Celena,ChIJUVy8-P1UzpQRi5vgsBzMHHM,"R. PADRE JUAN DE SOLORZANO, 95 - JARDIM PAULO VI, SÃO PAULO - SP, 05570-120",São Paulo,,SP,BR,05570-120,-23.6025898,-46.7918223,Health & Beauty,,,bigquery,
FARMÁCIA PAGUE MENOS,Farmácia Pague Menos,ChIJUWdB1CpJxwcRAAceUMg5maI,"AV. ANTÔNIO SALES, 1900 - DIONÍSIO TORRES, FORTALEZA - CE, 60135-102",Fortaleza,,CE,BR,60135-102,-3.7441238,-38.5071996,Health & Beauty,,,bigquery,
FARMA + LOPES,Farma + Lopes,ChIJUXO1N4ZMxwcRixudOy0VMeg,"CONJUNTO CEARÁ II, FORTALEZA - STATE OF CEARÁ, 60533-611",Fortaleza,,CE,BR,60533-611,-3.7694518,-38.6141472,Pharmacy,,,bigquery,
CONSULTORES(A) SIDNEY OLIVEIRA,Consultores(A) Sidney Oliveira,ChIJUZmvTVBazpQR-cgpmTAA7Jc,"AV. JABAQUARA, Nº 1598 - VILA DA SAÚDE, SÃO PAULO - SP, 04046-300",São Paulo,,SP,BR,04046-300,-23.618174,-46.638968,Pharmacy,,,bigquery,
Drogaria São Paulo,Drogaria São Paulo,ChIJU_Ovb3FRzpQRiUwwEkE_b7Q,"Av. Maria Coelho Aguiar, 920 - Jardim São Luís, São Paulo - SP, 05805-000, Brazil",São Paulo,,SP,BR,05805000,-23.652481,-46.734124,"drugstore,health,store,point_of_interest,establishment",,,bigquery,"{""source"": ""supabase_places_cache_migration"", ""types"": [""drugstore"", ""health"", ""store"", ""point_of_interest"", ""establishment""], ""rating"": null, ""refreshed_at"": ""2026-05-22T20:19:49.854+00:00""}"
Drogaria São Paulo,Drogaria São Paulo,ChIJUcQzN_WxnZMRLL3OUMGTDPY,"Av. das Palmeiras, 6 - Recanto dos Pássaros, Cuiabá - MT, 78075-240",Cuiabá,,MT,BR,78075240,-15.6108746,-56.032840799999995,"drugstore,store,point_of_interest,health,establishment",,,bigquery,"{""source"":""google_places_augment"",""types"":[""drugstore"",""store"",""point_of_interest"",""health"",""establishment""],""rating"":null}"
FARMÁCIA PHARMAFÁCIL DROGARIA,Farmácia Pharmafácil Drogaria,ChIJUxEc5mxPxwcR6QRxnixUHrs,"AV. DOLOR BARREIRA, 294 - VICENTE PINZON, FORTALEZA - CE, 60821-743",Fortaleza,,CE,BR,60821-743,-3.7273897,-38.4736065,Health & Beauty,,,bigquery,
Drogaria Carrefour Santana,Carrefour,ChIJV0hnaQD3zpQRKcEj0NhEhT0,"Av. Braz Leme, 1543 - Jardim Sao Bento, São Paulo - SP, 02525-050, Brazil",São Paulo,,SP,BR,02525050,-23.5062943,-46.6450021,"drugstore,health,store,point_of_interest,establishment",,,bigquery,"{""source"":""google_places_augment"",""types"":[""drugstore"",""health"",""store"",""point_of_interest"",""establishment""],""rating"":null}"
FARMAFÓRMULA - FARMÁCIA DE MANIPULAÇÃO,Farmafórmula - Farmácia De Manipulação,ChIJV7Sbxq5JxwcRiEO_xhanGoc,"AV. TRISTÃO GONÇALVES, 846 - CENTRO, FORTALEZA - CE, 60015-001",Fortaleza,,CE,BR,60015-001,-3.729152,-38.533959,Pharmacy,,,bigquery,
DROGARIA SÃO PAULO,Drogaria São Paulo,ChIJVQM82SRazpQRIQX8xH1DCGw,"RUA PEDRO DE TOLEDO, 763 - VILA CLEMENTINO, SÃO PAULO - SP, 04038-032",São Paulo,,SP,BR,04038-032,-23.5984735,-46.6442338,Health & Beauty,,,bigquery,
DROGARIA FAPE,Drogaria Fape,ChIJVV4FZtBZzpQRHdduMO5H9Ys,"RUA PEIXOTO GOMIDE, 1683 - JARDIM PAULISTA, SÃO PAULO - SP, 01409-003",São Paulo,,SP,BR,01409-003,-23.5665653,-46.6627009,Health & Beauty,,,bigquery,
"JASMIM FARMA Drogaria e Perfumaria (Farmácias,Drogarias,Perfumarias)","JASMIM FARMA Drogaria e Perfumaria (Farmácias,Drogarias,Perfumarias)",ChIJVVAAxg1SzpQRy3lr92I94Yg,"Av. Professor Mario Mazagão, 722 - Jardim Angela, São Paulo - SP, 04929-080, Brazil",São Paulo,,SP,BR,04929080,-23.6995366,-46.7631778,"pharmacy,health,point_of_interest,store,establishment",,,bigquery,"{""source"": ""supabase_places_cache_migration"", ""types"": [""pharmacy"", ""health"", ""point_of_interest"", ""store"", ""establishment""], ""rating"": null, ""refreshed_at"": ""2026-05-26T13:24:45.727+00:00""}"
HOMEOPATIA HN CRISTIANO,Homeopatia Hn Cristiano,ChIJVVV5uQdazpQRfZ9aoAlZ5nQ,"AV. PAVÃO, 742 - INDIANÓPOLIS, SÃO PAULO - SP, 04516-012",São Paulo,,SP,BR,04516-012,-23.606296,-46.6688931,Pharmacy,,,bigquery,
Drogaria São Paulo,Drogaria São Paulo,ChIJVVVVpC6ynZMRv6-EK-cOX20,"av miguel sutil, 9300 - loja 1074 - santa rosa cuiaba / MTCEP: - Santa Rosa, Cuiabá - MT, 78040-365",Cuiabá,,MT,BR,78040365,-15.590144700000002,-56.1206767,"drugstore,store,point_of_interest,health,establishment",,,bigquery,"{""source"":""google_places_augment"",""types"":[""drugstore"",""store"",""point_of_interest"",""health"",""establishment""],""rating"":null}"
Drogaria São Vito Bras,Drogaria São Vito Bras,ChIJVWYqUPxYzpQRjghf-2uTZHs,"R. do Lucas, 256 - Brás, São Paulo - SP, 03005-000, Brazil",São Paulo,,SP,BR,03005000,-23.5422962,-46.6251719,"pharmacy,drugstore,health,point_of_interest,store,establishment",,,bigquery,"{""source"": ""supabase_places_cache_migration"", ""types"": [""pharmacy"", ""drugstore"", ""health"", ""point_of_interest"", ""store"", ""establishment""], ""rating"": null, ""refreshed_at"": ""2026-05-26T13:24:46.612+00:00""}"
ULTRAFARMA,Ultrafarma,ChIJVXP_pg9TzpQRB6YMX6ZiKag,JARDIM ANGELA  SÃO PAULO - SP  04941-175  BRASIL,São Paulo,,SP,BR,04941-175,-23.703498,-46.7694134,"pharmacy,health,store,point_of_interest,establishment",,,bigquery,
DRUGSTORES ULTRA POPULAR,Drogarias Ultra Popular,ChIJV_PZPlFYzpQRssT7OwuJta4,"LG. DO PAISSANDÚ, 40 - CENTRO HISTÓRICO DE SÃO PAULO, SÃO PAULO - SP, 01034-010",São Paulo,,SP,BR,01034-010,-23.5434654,-46.6376782,Pharmacy,,,bigquery,
FITOSHOP,Fitoshop,ChIJVb3iMYVZzpQRrDTRKF_388A,"RUA VERGUEIRO, 1913 - VILA MARIANA, SÃO PAULO - SP, 04101-100",São Paulo,,SP,BR,04101-100,-23.5789382,-46.6397194,Pharmacy,,,bigquery,
DROGASIL,Drogasil,ChIJVcOhFM1ZzpQRNJt1s6ETCno,"AV. PAULISTA, 2064 - CONSOLAÇÃO, SÃO PAULO - SP, 01310-200",São Paulo,,SP,BR,01310-200,-23.5577887,-46.658842,Health & Beauty,,,bigquery,
Drugstore Sao Paulo,Drugstore Sao Paulo,ChIJVevCM5b4zpQReN3vOQfMipo,"R. Schilling, 321 - Vila Leopoldina, São Paulo - SP, 05302-001, Brazil",São Paulo,,SP,BR,05302001,-23.5301402,-46.727695,"drugstore,store,health,point_of_interest,establishment",,,bigquery,"{""source"": ""supabase_places_cache_migration"", ""types"": [""drugstore"", ""store"", ""health"", ""point_of_interest"", ""establishment""], ""rating"": null, ""refreshed_at"": ""2026-05-22T20:19:51.009+00:00""}"
LAKE DISTRIBUIDORA LTDA,Lake Distribuidora Ltda,ChIJVfhkNeutnZMRPMHrJ7IfvSo,"RUA E , QD 1, 02 - ACLIMAÇÃO, CUIABÁ - MT, 78050-255",Cuiabá,,MT,BR,78050-255,-15.5850646,-56.0802333,"pharmacy, wholesaler",,,bigquery,
DROGARIA NOVA DANILO FARMA,Drogaria Nova Danilo Farma,ChIJVfx7EzZUzpQR33Kx1qL5muY,"AV. FRANCISCO MONT'ALVERNE, 522 - JARDIM DAS ESMERALDAS, TABOÃO DA SERRA - SP, 05576-100",São Paulo,,SP,BR,05576-100,-23.599242,-46.7664344,Health & Beauty,,,bigquery,
Droga Raia,Droga Raia,ChIJW8oI2SVXzpQRoXh9paOL5Nw,"Av. Dra. Ruth Cardoso, 4777 - Alto de Pinheiros, São Paulo - SP, 05425-070, Brazil",São Paulo,,SP,BR,05425070,-23.551872,-46.7219858,"pharmacy,store,health,point_of_interest,establishment",,,bigquery,"{""source"":""google_places_augment"",""types"":[""pharmacy"",""store"",""health"",""point_of_interest"",""establishment""],""rating"":null}"
PHARMACIA,Pharmacia,ChIJWS_KDrT5zpQR65pxnuH7NgU,"R. DUÍLIO, 399 - LAPA, SÃO PAULO - SP, 05043-020",São Paulo,,SP,BR,05043-020,-23.5263864,-46.6930432,Pharmacy,,,bigquery,
DROGARIA ERIKA FARMA,Drogaria Erika Farma,ChIJWTmPTZNUzpQRL88DDxVxG5g,"AV. BALBINA RODRIGUES DE BORBA, 752 - JARDIM SALETE, TABOÃO DA SERRA - SP, 06787-290",São Paulo,,SP,BR,06787-290,-23.6248245,-46.8003629,Health & Beauty,,,bigquery,
CENTERFÓRMULA - FARMÁCIA DE MANIPULAÇÃO,Centerfórmula - Farmácia De Manipulação,ChIJWV9e_fdazpQRenaR9p6URfg,"AV. JABAQUARA, 2721 - MIRANDÓPOLIS, SÃO PAULO - SP, 04045-004",São Paulo,,SP,BR,04045-004,-23.6276321,-46.6427062,Pharmacy,,,bigquery,
DRUGSTORE SAO PAULO,Drugstore Sao Paulo,ChIJWVz8o89bzpQRyaGYFSonm60,"R. DAVI HUME, 10 - JARDIM VILA MARIANA, SÃO PAULO - SP, 04116-130",São Paulo,,SP,BR,04116-130,-23.594183,-46.6238042,Pharmacy,,,bigquery,
Drugstore Sao Paulo,Drugstore Sao Paulo,ChIJWW9xd7pPzpQRJHsvHlY3pdY,"Av. Sen. Teotônio Vilela, 1072 - JARDIM PRESIDENTE, São Paulo - SP, 04801-000, Brazil",São Paulo,,SP,BR,04801000,-23.7110246,-46.6995102,"drugstore,store,point_of_interest,health,establishment",,,bigquery,"{""source"": ""supabase_places_cache_migration"", ""types"": [""drugstore"", ""store"", ""point_of_interest"", ""health"", ""establishment""], ""rating"": null, ""refreshed_at"": ""2026-05-22T20:19:49.691+00:00""}"
PHARMACY MANIPULATION AMARILYS,Pharmacy Manipulation Amarilys,ChIJWeJaayz2zpQRmac5RhmUXtc,"R. DR. CÉSAR, 212 - SANTANA, SÃO PAULO - SP, 02013-002",São Paulo,,SP,BR,02013-002,-23.502183,-46.6283556,Homeopathic pharmacy,,,bigquery,
DRUGSTORE SAO PAULO,Drugstore Sao Paulo,ChIJWeKuLpP1zpQRAV7jxyo64mA,"AV. ROLAND GARROS, 1401/1411 - 1401/1411 - VILA MEDEIROS, SÃO PAULO - SP, 02235-001",São Paulo,,SP,BR,02235-001,-23.47679,-46.573729,Pharmacy,,,bigquery,
FITOSCIENCE,Fitoscience,ChIJWf8P-4RZzpQRxJhysiGKA8c,"RUA VERGUEIRO, 2087 - VILA MARIANA, SÃO PAULO - SP, 04101-100",São Paulo,,SP,BR,04101-100,-23.5801638,-46.6387423,Pharmacy,,,bigquery,
Drugstore Sao Paulo,Drugstore Sao Paulo,ChIJWwiqcpxezpQRQ57UxxneA00,"Av. Reg. Feijó, 1111 - Jardim Analia Franco, São Paulo - SP, 03342-000, Brazil",São Paulo,,SP,BR,03342000,-23.559099,-46.5678821,"drugstore,store,point_of_interest,health,establishment",,,bigquery,"{""source"": ""supabase_places_cache_migration"", ""types"": [""drugstore"", ""store"", ""point_of_interest"", ""health"", ""establishment""], ""rating"": null, ""refreshed_at"": ""2026-05-22T20:21:12.457+00:00""}"
DROGARIA PARAISO,Drogaria Paraiso,ChIJWyTWAqnizpQRqTdNH1mX5-I,"AV. BENTO DA SILVA BUENO, 707 - PARQUE PARAISO, CAJAMAR - SP, 07793-690",São Paulo,,SP,BR,07793-690,-23.4149812,-46.8222744,Health & Beauty,,,bigquery,
GUARDIAN ANGEL HANDLING AND HOMEOPATHY PHARMACY,Guardian Angel Handling And Homeopathy Pharmacy,ChIJWyl6PsFZzpQR4khpuzpx8CA,"R. SAINT HILAIRE, 202 - JARDIM PAULISTA, SÃO PAULO - SP, 01423-040",São Paulo,,SP,BR,01423-040,-23.5704464,-46.654613,Homeopathic pharmacy,,,bigquery,
Droga Raia,Droga Raia,ChIJWzI8UZ34zpQRyOXHppCFmoM,"Av. Diógenes Ribeiro de Lima, 2555 - Lj 2 - Alto de Pinheiros, São Paulo - SP, 05458-001, Brazil",São Paulo,,SP,BR,05458001,-23.5387526,-46.7193992,"pharmacy,health,store,point_of_interest,establishment",,,bigquery,"{""source"":""google_places_augment"",""types"":[""pharmacy"",""health"",""store"",""point_of_interest"",""establishment""],""rating"":null}"
Drogasil,Drogasil,ChIJWzsZ03xdzpQRy9wb4ynTkd8,"Praça Canárias, 322A - Vila Formosa, São Paulo - SP, 03359-120, Brazil",São Paulo,,SP,BR,03359120,-23.5662368,-46.5450057,"pharmacy,store,health,point_of_interest,establishment",,,bigquery,"{""source"":""google_places_augment"",""types"":[""pharmacy"",""store"",""health"",""point_of_interest"",""establishment""],""rating"":null}"
Farma Conde - Loja 358,Farma Conde - Loja 358,ChIJX1_0GrNZzpQR6D1rjGVXAoo,"Praça da República, 276 - República, São Paulo - SP, 01045-000",São Paulo,,SP,BR,01045000,-23.5434014,-46.6412863,"pharmacy,drugstore,store,health,point_of_interest,establishment",,,bigquery,"{""source"":""google_places_augment"",""types"":[""pharmacy"",""drugstore"",""store"",""health"",""point_of_interest"",""establishment""],""rating"":null}"
drogaria sao paulo,Drogaria São Paulo,ChIJX9As2b5ZzpQRewsgYoFmTH4,"AV BRIG. LUIZ ANTONIO, 2215 - Bela Vista, São Paulo - SP, 01317-002, Brazil",São Paulo,,SP,BR,01317002,-23.5673268,-46.6486375,"drugstore,health,point_of_interest,store,establishment",,,bigquery,"{""source"": ""supabase_places_cache_migration"", ""types"": [""drugstore"", ""health"", ""point_of_interest"", ""store"", ""establishment""], ""rating"": null, ""refreshed_at"": ""2026-05-26T13:24:44.547+00:00""}"
HOMEOPATIA HN CRISTIANO,Homeopatia Hn Cristiano,ChIJXVXBaiz2zpQRXF44bCUvgws,"R. DR. CÉSAR, 212 - SANTANA, SÃO PAULO - SP, 02013-001",São Paulo,,SP,BR,02013-001,-23.5020929,-46.6283596,Pharmacy,,,bigquery,
Drogaria São Paulo,Drogaria São Paulo,ChIJXWrDnTSxnZMRhq0nCC7g2Cc,"Av. Aclimação, 4 - Bosque da Saude, Cuiabá - MT, 78050-040",Cuiabá,,MT,BR,78050040,-15.586134399999997,-56.0788496,"drugstore,health,store,point_of_interest,establishment",,,bigquery,"{""source"":""google_places_augment"",""types"":[""drugstore"",""health"",""store"",""point_of_interest"",""establishment""],""rating"":null}"
DROGA CORDIS,Droga Cordis,ChIJXXpkdZlZzpQR4dZy-JkpdTU,"R. APENINOS, 339 - LIBERDADE, SÃO PAULO - SP, 01533-000",São Paulo,,SP,BR,01533-000,-23.5704696,-46.6387844,Pharmacy,,,bigquery,
UNIVITAL PHARMA - FARMÁCIA DE MANIPULAÇÃO | HUMANA E VETERINÁRIA,Univital Pharma - Farmácia De Manipulação | Humana E Veterinária,ChIJXZ4Jtw1bzpQRSW1zJobUxDE,"AV. DR. GUILHERME DUMONT VILARES, 323 - JARDIM LONDRINA, SÃO PAULO - SP, 05640-000",São Paulo,,SP,BR,05640-000,-23.607026,-46.745375,Homeopathic pharmacy,,,bigquery,
Drogasil,Drogasil,ChIJXZZ7ZgxFzpQR5cF6n7lgtEg,"Av. das Garoupas, 131 - Balneário São Francisco, São Paulo - SP, 04473-100, Brazil",São Paulo,,SP,BR,04473100,-23.6998205,-46.6483351,"drugstore,health,point_of_interest,store,establishment",,,bigquery,"{""source"": ""supabase_places_cache_migration"", ""types"": [""drugstore"", ""health"", ""point_of_interest"", ""store"", ""establishment""], ""rating"": null, ""refreshed_at"": ""2026-05-08T17:57:39.745+00:00""}"
NUTRIPELE,Nutripele,ChIJXZshxzZYzpQRPnpCdsCgiAs,"RUA SERGIPE, 120 - CONSOLAÇÃO, SÃO PAULO - SP, 01302-000",São Paulo,,SP,BR,01302-000,-23.5492201,-46.6551319,Pharmacy,,,bigquery,
Drogaria São Paulo,Drogaria São Paulo,ChIJX_1HotZZzpQRfQv7DFVib88,"R. Augusta, 2699 - Cerqueira César, São Paulo - SP, 01413-100, Brazil",São Paulo,,SP,BR,01413100,-23.5645286,-46.6667339,"drugstore,store,health,point_of_interest,establishment",,,bigquery,"{""source"": ""supabase_places_cache_migration"", ""types"": [""drugstore"", ""store"", ""health"", ""point_of_interest"", ""establishment""], ""rating"": null, ""refreshed_at"": ""2026-05-22T20:21:10.928+00:00""}"
Drogaria São Paulo,Drogaria São Paulo,ChIJX_BS-7qxnZMRepa1eJiUrcI,"AV. ÉRICO GONÇALVES PREZA FILHO, S/N - Alphaville, Cuiabá - MT, 78061-302",Cuiabá,,MT,BR,78061302,-15.5944068,-56.059900799999994,"drugstore,store,point_of_interest,health,establishment",,,bigquery,"{""source"":""google_places_augment"",""types"":[""drugstore"",""store"",""point_of_interest"",""health"",""establishment""],""rating"":null}"
Cimed Indústria Medicamentos,Cimed Indústria Medicamentos,ChIJXa-DxC1YzpQRQKE36O387vA,"Av. Angélica, 2220 - Higienópolis, São Paulo - SP, 01228-200",São Paulo,,SP,BR,01228200,-23.551591,-46.660821,"pharmacy,wholesaler,manufacturer,store,health,point_of_interest,establishment",,,bigquery,"{""source"":""google_places_augment"",""types"":[""pharmacy"",""wholesaler"",""manufacturer"",""store"",""health"",""point_of_interest"",""establishment""],""rating"":null}"
Drogaria São Paulo,Drogaria São Paulo,ChIJXcz7eVBXzpQR0YzIMygyJHM,"Av. Francisco Matarazzo, s/n - Água Branca, São Paulo - SP, 05003-100, Brazil",São Paulo,,SP,BR,05003100,-23.5263865,-46.674426,"drugstore,pharmacy,store,health,point_of_interest,establishment",,,bigquery,"{""source"": ""supabase_places_cache_migration"", ""types"": [""drugstore"", ""pharmacy"", ""store"", ""health"", ""point_of_interest"", ""establishment""], ""rating"": null, ""refreshed_at"": ""2026-05-22T20:20:29.755+00:00""}"
NAKAYAMA FARMÁCIA DE MANIPULAÇÃO,Nakayama Farmácia De Manipulação,ChIJXeeaxzlazpQR_Y7I3SZlk9g,"R. DAS ROSAS, 665 - MIRANDÓPOLIS, SÃO PAULO - SP, 04048-001",São Paulo,,SP,BR,04048-001,-23.6051638,-46.6427913,Pharmacy,,,bigquery,
DROGARIA NÁDIA CAMILA DO JULINHO,Drogaria Nádia Camila Do Julinho,ChIJXwnrvWtVzpQRyg13vZruEwc,"R. DOS MIOSÓTIS, 128 - PARQUE PINHEIROS, TABOÃO DA SERRA - SP, 06767-030",São Paulo,,SP,BR,06767-030,-23.623531,-46.7828275,Health & Beauty,,,bigquery,
Drogaria São Paulo,Drogaria São Paulo,ChIJY3UIYU5RzpQRhkr_PNRfBeY,"Av. Padre Antônio José dos Santos, 1083 - Cidade Monções, São Paulo - SP, 04563-013",São Paulo,,SP,BR,04563013,-23.6092956,-46.688076099999996,"drugstore,store,health,point_of_interest,establishment",,,bigquery,"{""source"":""google_places_augment"",""types"":[""drugstore"",""store"",""health"",""point_of_interest"",""establishment""],""rating"":null}"
DROGA ULTRA,Droga Ultra,ChIJY5zSut9EzpQRHEDXZ-w1Y3Q,"AV. ASSEMBLÉIA, 290 - CENTRO, DIADEMA - SP, 09913-130",São Paulo,,SP,BR,09913-130,-23.6784408,-46.6303174,Pharmacy,,,bigquery,
FARMADOCTOR SÃO MIGUEL,Farmadoctor São Miguel,ChIJY9lRJWJhzpQRwvMfjgC-O2I,"R. AMÉRICO GOMES DA COSTA, 142 - SÃO MIGUEL PAULISTA, SÃO PAULO - SP, 08010-120",São Paulo,,SP,BR,08010-120,-23.4948311,-46.4410713,Homeopathic pharmacy,,,bigquery,
DROGARIA MONTEIRO QUEIROZ,Drogaria Monteiro Queiroz,ChIJYRWkCIFNzpQRV3_HGl5kR48,"M'BOI - ESTRADA DO M'BOI MIRIM, 8700 - PARQUE DO LAGO, SÃO PAULO - SP, 04948-030",São Paulo,,SP,BR,04948-030,-23.7180668,-46.7845779,Health & Beauty,,,bigquery,
DROGARIA GOIÁS,Drogaria Goiás,ChIJYT3YX0KvnZMRXvZjSg-XUdU,R. BEM-TE-VI  16 - QD 5 - REAL PARQUE  CUIABÁ - MT  78070-230  BRASIL,Cuiabá,,MT,BR,78070-230,-15.6733343,-56.039134,Health & Beauty,,,bigquery,
Drogaria São Paulo,Drogaria São Paulo,ChIJYTLM7F5hzpQRxIJa6DQQ3oU,"Av. Pires do Rio, 856 - Vila Americana, São Paulo - SP, 08020-000, Brazil",São Paulo,,SP,BR,08020000,-23.504045,-46.4432007,"drugstore,store,point_of_interest,health,establishment",,,bigquery,"{""source"": ""supabase_places_cache_migration"", ""types"": [""drugstore"", ""store"", ""point_of_interest"", ""health"", ""establishment""], ""rating"": null, ""refreshed_at"": ""2026-05-22T20:19:54.008+00:00""}"
DROGASIL,Drogasil,ChIJYVY2Or1ZzpQRSDUxIi0zVB4,"R. MAESTRO CARDIM, 852 - LIBERDADE, SÃO PAULO - SP, 01323-001",São Paulo,,SP,BR,01323-001,-23.5683814,-46.6423737,Health & Beauty,,,bigquery,
Drogaria São Paulo Paulista,Drogaria São Paulo Paulista,ChIJYWn5cc1ZzpQRV1nriKZS258,"Av. Paulista, 2073 - LJ 107 - Cerqueira César, São Paulo - SP, 01311-300, Brazil",São Paulo,,SP,BR,01311300,-23.5587405,-46.6599357,"drugstore,store,point_of_interest,health,establishment",,,bigquery,"{""source"": ""supabase_places_cache_migration"", ""types"": [""drugstore"", ""store"", ""point_of_interest"", ""health"", ""establishment""], ""rating"": null, ""refreshed_at"": ""2026-05-22T20:21:10.928+00:00""}"
EXTRAFARMA,Extrafarma,ChIJYXd1J1pIxwcRz71Yp_Dmkis,"AV. SANTOS DUMONT, 990 - ALDEOTA, FORTALEZA - CE, 60150-160",Fortaleza,,CE,BR,60150-160,-3.7309877,-38.5146903,Health & Beauty,,,bigquery,
Farmácia Pague Menos,Farmácia Pague Menos,ChIJYaDuyYv4zpQRmAMRZyUwOg8,"Av. Mercedes, 83 - Alto da Lapa, São Paulo - SP, 05081-060, Brazil",São Paulo,,SP,BR,05081060,-23.5214006,-46.7119248,"pharmacy,drugstore,health,store,point_of_interest,establishment",,,bigquery,"{""source"": ""supabase_places_cache_migration"", ""types"": [""pharmacy"", ""drugstore"", ""health"", ""store"", ""point_of_interest"", ""establishment""], ""rating"": null, ""refreshed_at"": ""2026-05-22T20:40:50.736+00:00""}"
Carrefour Drugstore Itaquera,Carrefour,ChIJYacWqrdmzpQRLqU7U0t9BpI,"Estr. do Pêssego, 1200 - Colônia (Zona Leste), São Paulo - SP, 08260-000, Brazil",São Paulo,,SP,BR,08260000,-23.5693479,-46.4453639,"pharmacy,health,store",,,bigquery,"{""source"": ""supabase_places_cache_migration"", ""types"": [""pharmacy"", ""health"", ""store""], ""rating"": null, ""refreshed_at"": ""2026-04-02T18:32:17.538537+00:00""}"
PHARMAPENHA FARMÁCIA DE MANIPULAÇÃO,Pharmapenha Farmácia De Manipulação,ChIJYdNfUS_2zpQRHYEkYiGstos,"PRAÇA NOSSA SRA. DA PENHA, 95 - PENHA DE FRANÇA, SÃO PAULO - SP, 03632-010",São Paulo,,SP,BR,03632-010,-23.526496,-46.5501908,Pharmacy,,,bigquery,
Drogaria São Paulo,Drogaria São Paulo,ChIJYegTgyJUzpQR6OR5-X5_iwM,"Rod. Régis Bittencourt, 239 - Centro, Taboão da Serra - SP, 06768-000, Brazil",São Paulo,,SP,BR,06768000,-23.6092757,-46.7552926,"drugstore,health,store,point_of_interest,establishment",,,bigquery,"{""source"": ""supabase_places_cache_migration"", ""types"": [""drugstore"", ""health"", ""store"", ""point_of_interest"", ""establishment""], ""rating"": null, ""refreshed_at"": ""2026-05-22T20:20:09.692+00:00""}"
DROGARIA PLATINA,Drogaria Platina,ChIJYwySIhywnZMRvOP7BxDdPoI,AVENIDA DAS TORRES - S/N QD 2 LT 17  MT  78005-970  BRASIL,Cuiabá,,MT,BR,78005-970,-15.6076823,-56.0411539,Health & Beauty,,,bigquery,
DROGARIA FRANCEL,Drogaria Francel,ChIJZ-gqPQBZzpQRdpKuQbnekqE,"PARQUE DOM PEDRO II, 816 - CENTRO HISTÓRICO DE SÃO PAULO, SÃO PAULO - SP, 01015-070",São Paulo,,SP,BR,01015-070,-23.5474668,-46.6306021,Health & Beauty,,,bigquery,
EXTRAFARMA,Extrafarma,ChIJZ4SlHn1JxwcRuxaMUriZXAo,"R. SEN. POMPEU, 2057 - JOSÉ BONIFACIO, FORTALEZA - CE, 60025-002",Fortaleza,,CE,BR,60025-002,-3.7364981,-38.532442,Health & Beauty,,,bigquery,
ALBION HANDLING OF PHARMACY AND HOMEOPATHY,Albion Handling Of Pharmacy And Homeopathy,ChIJZ9plBWP4zpQRVSSk8_xF2CU,"R. ALBION, 183 - LAPA, SÃO PAULO - SP, 05077-130",São Paulo,,SP,BR,05077-130,-23.5235716,-46.7063732,Homeopathic pharmacy,,,bigquery,
VITALIS PHARMÁCIA HANDLING,Vitalis Pharmácia Handling,ChIJZ9uGyC5azpQRPaYwVRQRKAg,"R. NUPORANGA, 63 - VILA MARIANA, SÃO PAULO - SP, 04020-020",São Paulo,,SP,BR,04020-020,-23.592746,-46.637962,Pharmacy,,,bigquery,
Drogaria São Paulo,Drogaria São Paulo,ChIJZ9y-Jsv3zpQRL6_br51txL4,"R. Conselheiro Moreira de Barros, 901 - Santana, São Paulo - SP, 02018-012",São Paulo,,SP,BR,02018012,-23.4930546,-46.6326939,"drugstore,store,health,point_of_interest,establishment",,,bigquery,"{""source"":""google_places_augment"",""types"":[""drugstore"",""store"",""health"",""point_of_interest"",""establishment""],""rating"":null}"
DROGARIA E PERFUMARIA MARTINS FARMA LTDA.,Drogaria E Perfumaria Martins Farma Ltda.,ChIJZSHGmPP7zpQRwJFTGbBxliQ,"R. CONSELHEIRO BROTERO, 571 - BARRA FUNDA, SÃO PAULO - SP, 01154-001",São Paulo,,SP,BR,01154-001,-23.5316044,-46.6583709,Health & Beauty,,,bigquery,
DROGASIL,Drogasil,ChIJZSQp93D4zpQR3nwduX1VgdA,"RUA DESEMBARGADOR DO VALE, 1062 - 1072 - PERDIZES, SÃO PAULO - SP, 05010-040",São Paulo,,SP,BR,05010-040,-23.5284695,-46.690278,Health & Beauty,,,bigquery,
CADASTRO DE PACIENTES ONCOLOGICOS,Cadastro De Pacientes Oncologicos,ChIJZSzWfFFYzpQR7dney5Sktsc,"R. CONSELHEIRO CRISPINIANO, 20 - REPÚBLICA, SÃO PAULO - SP, 16016-090",São Paulo,,SP,BR,16016-090,-23.5467485,-46.6402727,Pharmacy,,,bigquery,
SPIROGYRA FARMÁCIA DE HOMEOPATIA,Spirogyra Farmácia De Homeopatia,ChIJZW89s8T1zpQR-oSkBq0AA_s,"AV. LUÍS STAMATIS, 162 - VILA CONSTANÇA, SÃO PAULO - SP, 02265-030",São Paulo,,SP,BR,02265-030,-23.4679937,-46.5836407,Pharmacy,,,bigquery,
DROGASIL,Drogasil,ChIJZXIiGVZfzpQR17WfoNv7dQE,"Praça Novo Mundo, 177 - Parque Novo Mundo, São Paulo - SP, 02185-000, Brazil",São Paulo,,SP,BR,02185000,-23.5169926,-46.5686751,"pharmacy,store,health,point_of_interest,establishment",,,bigquery,"{""source"":""google_places_augment"",""types"":[""pharmacy"",""store"",""health"",""point_of_interest"",""establishment""],""rating"":null}"
Panvel Farmácias,Panvel,ChIJZXkWfQpbzpQRHWoaVIlp4zQ,"Alameda dos Nhambiquaras, 986 - Moema, São Paulo - SP, 04090-001, Brazil",São Paulo,,SP,BR,04090001,-23.607455,-46.6599668,"pharmacy,health,store,point_of_interest,establishment",,,bigquery,"{""source"": ""supabase_places_cache_migration"", ""types"": [""pharmacy"", ""health"", ""store"", ""point_of_interest"", ""establishment""], ""rating"": null, ""refreshed_at"": ""2026-05-22T20:35:46.255+00:00""}"
FARMADOCTOR,Farmadoctor,ChIJZYdb5oj4zpQRb0wogidIj4E,"R. BRG. GAVIÃO PEIXOTO, 262 - LAPA, SÃO PAULO - SP, 05078-000",São Paulo,,SP,BR,05078-000,-23.525474,-46.712854,Pharmacy,,,bigquery,
Drogaria São Paulo,Drogaria São Paulo,ChIJZfWtZuVXzpQRY620jMKS2cI,"Rua Cayowaá, 802 - Perdizes, São Paulo - SP, 05018-001, Brazil",São Paulo,,SP,BR,05018001,-23.5355009,-46.6817389,"drugstore,store,point_of_interest,health,establishment",,,bigquery,"{""source"": ""supabase_places_cache_migration"", ""types"": [""drugstore"", ""store"", ""point_of_interest"", ""health"", ""establishment""], ""rating"": null, ""refreshed_at"": ""2026-05-22T20:21:12.249+00:00""}"
"BELEZA SAÚDE FARMÁCIA DE MANIPULAÇÃO, HOMEOPATIA E VETERINÁRIA - UNIDADE PRAÇA DA ÁRVORE","Beleza Saúde Farmácia De Manipulação, Homeopatia E Veterinária - Unidade Praça Da Árvore",ChIJZffY-lFazpQR0uDGWpmrz-U,"METRÔ PRAÇA DA ÁRVORE - R. DAS ROSAS, 248 - MIRANDÓPOLIS, SÃO PAULO - SP, 04048-000",São Paulo,,SP,BR,04048-000,-23.6076289,-46.6396768,Pharmacy,,,bigquery,
Droga Raia,Droga Raia,ChIJZyVg_1ZZzpQRl2h1icXxObI,"Av. Henry Ford, 644 - Parque da Mooca, São Paulo - SP, 03109-000, Brazil",São Paulo,,SP,BR,03109000,-23.572108900000003,-46.6003512,"drugstore,health,point_of_interest,store,establishment",,,bigquery,"{""source"":""google_places_augment"",""types"":[""drugstore"",""health"",""point_of_interest"",""store"",""establishment""],""rating"":null}"
ICESP - FARMÁCIA AMBULATORIAL,Icesp - Farmácia Ambulatorial,ChIJ_08hQDJYzpQROl0qeOZVl_s,"R. DA CONSOLAÇÃO, 2049 - CONSOLAÇÃO, SÃO PAULO - SP, 01301-100",São Paulo,,SP,BR,01301-100,-23.5533982,-46.6595982,Pharmacy,,,bigquery,
DROGA RAIA,Droga Raia,ChIJ_0fIxDFYzpQR9C20rkHOdMg,"AV. ANGÉLICA, 2091 - HIGIENÓPOLIS, SÃO PAULO - SP, 01227-200",São Paulo,,SP,BR,01227-200,-23.5507025,-46.6599805,Health & Beauty,,,bigquery,
Invitta Farma,Invitta Farma,ChIJ_1auWzhfzpQR7iNNOJ1S-NM,"R. Eleonora Cintra, 462 - Jardim Analia Franco, São Paulo - SP, 03337-000",São Paulo,,SP,BR,03337000,-23.5561036,-46.5607818,"pharmacy,store,health,point_of_interest,establishment",,,bigquery,"{""source"":""google_places_augment"",""types"":[""pharmacy"",""store"",""health"",""point_of_interest"",""establishment""],""rating"":null}"
THE HERVANARIO NATURAL PRODUCTS,The Hervanario Natural Products,ChIJ_2QW--FOzpQRcem_bJVy7Sc,"AV. CARLOS OBERHUBER, 438 - JARDIM FLORESTA, SÃO PAULO - SP, 04836-130",São Paulo,,SP,BR,04836-130,-23.7415239,-46.7096657,Pharmacy,,,bigquery,
Drogaria São Paulo,Drogaria São Paulo,ChIJ_4AoHe2wnZMRyC8YzObt8ws,"av pernambuco (nuc hab cpa ii) 14 - morada da serra cuiabá / MTCEP: - Morada da Serra, Cuiabá - MT, 78055-428",Cuiabá,,MT,BR,78055428,-15.559606,-56.0493448,"drugstore,store,point_of_interest,health,establishment",,,bigquery,"{""source"":""google_places_augment"",""types"":[""drugstore"",""store"",""point_of_interest"",""health"",""establishment""],""rating"":null}"
PHARMASOL - FARMÁCIA DE MANIPULAÇÃO,Pharmasol - Farmácia De Manipulação,ChIJ_7rXicFezpQRKtg1kO7Qgqw,"RUA DOMINGOS AGOSTIM, 140 - CIDADE MÃE DO CÉU, SÃO PAULO - SP, 03306-010",São Paulo,,SP,BR,03306-010,-23.5421682,-46.5756585,Pharmacy,,,bigquery,
ADEMIR CHAVES DE MORAIS - FARMÁCIA,Ademir Chaves De Morais - Farmácia,ChIJ_9Lev4lUzpQRKEJ8KY80sO8,"R. VIRGÍLIO BENTO DE QUEIRÓZ, 233 - JARDIM RECORD, TABOÃO DA SERRA - SP, 06783-200",São Paulo,,SP,BR,06783-200,-23.6262359,-46.7878232,Pharmacy,,,bigquery,
FARMACIA VOTTA,Farmacia Votta,ChIJ_QhZtCtazpQRqZPGFDOhFIM,R. DOMINGOS DE MORAIS  1462 - VILA MARIANA  SÃO PAULO - SP  04010-200  BRASIL,São Paulo,,SP,BR,04010-200,-23.5890984,-46.6353441,Health & Beauty,,,bigquery,
Farmácia Pague Menos,Farmácia Pague Menos,ChIJ_T38a7lmzpQRfEsq58Svam0,"R. Gregório Ramalho, 114 - Itaquera, São Paulo - SP, 08210-430, Brazil",São Paulo,,SP,BR,08210430,-23.5366609,-46.454738,"pharmacy,drugstore,store,health,point_of_interest,establishment",,,bigquery,"{""source"": ""supabase_places_cache_migration"", ""types"": [""pharmacy"", ""drugstore"", ""store"", ""health"", ""point_of_interest"", ""establishment""], ""rating"": null, ""refreshed_at"": ""2026-05-22T20:40:53.29+00:00""}"
DROGARIA SÃO PAULO,Drogaria São Paulo,ChIJ_UEdiDtYzpQRSmnA5ctqPk8,"AV. HIGIENÓPOLIS, 618 - LJ 3023 - HIGIENÓPOLIS, SÃO PAULO - SP, 01238-000",São Paulo,,SP,BR,01238-000,-23.5423696,-46.6574808,Health & Beauty,,,bigquery,
S. PAULO,S. Paulo,ChIJ_URfMjtazpQRq7obCFKDOlM,"CONDOMÍNIO EDIFÍCIO LOEFGREEN - R., R. JOEL JORGE DE MELO, 279 - V MARIANA, SÃO PAULO - SP, 04128-080",São Paulo,,SP,BR,04128-080,-23.5994157,-46.6334164,Pharmacy,,,bigquery,
Droga Raia,Droga Raia,ChIJ_UrfMsdXzpQRXfCgLll5uvc,"Florida Center Vila M - R. Francisco Isoldi, 411 - Loja 3 - Sumarezinho, São Paulo - SP, 05441-040, Brazil",São Paulo,,SP,BR,05441040,-23.5482291,-46.6946633,"pharmacy,health,store,point_of_interest,establishment",,,bigquery,"{""source"": ""supabase_places_cache_migration"", ""types"": [""pharmacy"", ""health"", ""store"", ""point_of_interest"", ""establishment""], ""rating"": null, ""refreshed_at"": ""2026-05-22T20:11:59.311+00:00""}"
DROGARIA SAÚDE ROSAS,Drogaria Saúde Rosas,ChIJ_Y0W3gpTzpQRDWgY4a1oXHY,"RUA JOÃO DA CRUZ E SOUSA, 241 - JARDIM DAS ROSAS, SÃO PAULO - SP, 05893-000",São Paulo,,SP,BR,05893-000,-23.6599467,-46.7887845,Health & Beauty,,,bigquery,
FARMÁCIA PAGUE MENOS,Farmácia Pague Menos,ChIJ__8bByBJxwcRvcshyScrE80,"AV. TREZE DE MAIO, 836 - FÁTIMA, FORTALEZA - CE, 60050-040",Fortaleza,,CE,BR,60050-040,-3.750994,-38.527244,Health & Beauty,,,bigquery,
Droga Raia,Droga Raia,ChIJ__97PmNZzpQRiIluKOzyfcc,"R. Cel. Diogo, 678 - CEP: 01545001 - Jardim da Gloria, São Paulo - SP, 01545-001, Brazil",São Paulo,,SP,BR,01545001,-23.578422999999997,-46.6211986,"pharmacy,drugstore,store,health,point_of_interest,establishment",,,bigquery,"{""source"":""google_places_augment"",""types"":[""pharmacy"",""drugstore"",""store"",""health"",""point_of_interest"",""establishment""],""rating"":null}"
DROGA RAIA,Droga Raia,ChIJ____fIFazpQRZeD2oHQoVCs,SANTA CATARINA  571  VILA MASCOTE - CEP:  SÃO PAULO - SP  04635-001  BRASIL,São Paulo,,SP,BR,04635-001,-23.6405145,-46.6676693,Health & Beauty,,,bigquery,
DROGARIA SANTA CRUZ PAULISTA,Drogaria Santa Cruz Paulista,ChIJ_aL3Mh1ZzpQRUgS_Vzw7BrM,"ALAMEDA JOAQUIM EUGÊNIO DE LIMA, 198 - JARDIM PAULISTA, SÃO PAULO - SP, 01403-000",São Paulo,,SP,BR,01403-000,-23.5640269,-46.6489803,Health & Beauty,,,bigquery,
Drogaria São Paulo,Drogaria São Paulo,ChIJ_akh3bNRzpQRBtir_M_O_fM,"Av. das Nações Unidas, 22540 - Vila Almeida, São Paulo - SP, 04795-921, Brazil",São Paulo,,SP,BR,04795921,-23.6785695,-46.6985962,"drugstore,health,point_of_interest,store,establishment",,,bigquery,"{""source"": ""supabase_places_cache_migration"", ""types"": [""drugstore"", ""health"", ""point_of_interest"", ""store"", ""establishment""], ""rating"": null, ""refreshed_at"": ""2026-05-26T13:24:45.503+00:00""}"
Drogaria Sao Paulo - Cond. Edificio São Luis,Drogaria São Paulo,ChIJ_ar6pzJYzpQRGlNWUmeiJBs,"Av. Paulista, 2300 - Bela Vista, São Paulo - SP, 01310-300, Brazil",São Paulo,,SP,BR,01310300,-23.5568726,-46.6612375,"pharmacy,store,health,point_of_interest,establishment",,,bigquery,"{""source"": ""supabase_places_cache_migration"", ""types"": [""pharmacy"", ""store"", ""health"", ""point_of_interest"", ""establishment""], ""rating"": null, ""refreshed_at"": ""2026-05-22T20:21:12.311+00:00""}"
DR. STEPHANIO GOMES,Dr. Stephanio Gomes,ChIJ_dTrFM1ZzpQRAhytLnVLHTU,"ANDARENIDA - AV. PAULISTA, 2064/2086 - 21º ANDAR - BELA VISTA, SÃO PAULO - SP, 01310-928",São Paulo,,SP,BR,01310-928,-23.5582739,-46.6595858,Pharmacy,,,bigquery,
DR LETICIA QUEICHADA,Dr Leticia Queichada,ChIJ_dTrFM1ZzpQRrK1C-uu9rys,"AVENIDA PAULISTA, 2064/2086 21ST FLOOR - BELA VISTA, SÃO PAULO - SP, 01310-928",São Paulo,,SP,BR,01310-928,-23.5582739,-46.6595858,Pharmacy,,,bigquery,
BIOGALENUS FARMÁCIA DE MANIPULAÇÃO,Biogalenus Farmácia De Manipulação,ChIJ_deBlHT4zpQRu07535yPCAk,"R. CORIOLANO, 634 - VILA ROMANA, SÃO PAULO - SP, 05047-000",São Paulo,,SP,BR,05047-000,-23.5258938,-46.6916092,Pharmacy,,,bigquery,
DROGARIA SÃO PAULO,Drogaria São Paulo,ChIJ_xOrxrNZzpQRTTpFhIKpWKw,"Av. Ipiranga, 855 - República, São Paulo - SP, 01039-000",São Paulo,,SP,BR,01039000,-23.542120099999998,-46.6403153,"drugstore,health,point_of_interest,store,establishment",,,bigquery,"{""source"":""google_places_augment"",""types"":[""drugstore"",""health"",""point_of_interest"",""store"",""establishment""],""rating"":null}"
Droga Raia,Droga Raia,ChIJa5-vgZ9bzpQRFk-kmtUpKP8,"R. Ibituruna, 400 - 410 - 414 - Parque Imperial, São Paulo - SP, 04302-052, Brazil",São Paulo,,SP,BR,04302052,-23.6230214,-46.636299,"pharmacy,health,point_of_interest,store,establishment",,,bigquery,"{""source"": ""supabase_places_cache_migration"", ""types"": [""pharmacy"", ""health"", ""point_of_interest"", ""store"", ""establishment""], ""rating"": null, ""refreshed_at"": ""2026-05-08T18:05:19.136+00:00""}"
EXTRAFARMA,Extrafarma,ChIJa7KC_I9ZzpQRDYuQZcrtAv4,"R. CUBATÃO, 896 - VILA MARIANA, SÃO PAULO - SP, 04013-003",São Paulo,,SP,BR,04013-003,-23.5797801,-46.6420953,Health & Beauty,,,bigquery,
FARMA TOTAL,Farma Total,ChIJa9nuZdBZzpQR92McVAokli0,"ALAMEDA LORENA, 1076 - JARDIM PAULISTA, SÃO PAULO - SP, 01424-001",São Paulo,,SP,BR,01424-001,-23.566638,-46.6626976,Pharmacy,,,bigquery,
DROGARIA E MANIPULAÇÃO SÃO JOÃO,Drogaria E Manipulação São João,ChIJaQII_X5ozpQR4-_eDJ-z8WA,"AV. CLÁUDIO AUGUSTO FERNANDES, 740 - SÃO MATEUS, SÃO PAULO - SP, 03962-120",São Paulo,,SP,BR,03962-120,-23.6113472,-46.4806427,Health & Beauty,,,bigquery,
BIO DERMA FARMÁCIA MANIPULAÇÃO,Bio Derma Farmácia Manipulação,ChIJaQXvyPr2zpQR9VP0q_P3ehk,"PC DA MARIQUINHA SCIASCIA, 17 - TREMEMBÉ, SÃO PAULO - SP, 02372-050",São Paulo,,SP,BR,02372-050,-23.4669657,-46.6298398,Pharmacy,,,bigquery,
DROGASIL,Drogasil,ChIJaRZY_VFYzpQRPBn1dTD3GWo,"R. SETE DE ABRIL, 268 - CENTRO HISTÓRICO DE SÃO PAULO, SÃO PAULO - SP, 01044-000",São Paulo,,SP,BR,01044-000,-23.5454873,-46.641464,Health & Beauty,,,bigquery,
DROGASIL,Drogasil,ChIJaUlH1ZdZzpQRdYBaluwgHcg,"R. TREZE DE MAIO, 1974 - LOJA 2 - BELA VISTA, SÃO PAULO - SP, 01327-002",São Paulo,,SP,BR,01327-002,-23.5706392,-46.6441198,Health & Beauty,,,bigquery,
DROGA RAIA,Droga Raia,ChIJaXfuG0NQzpQRoBZnCrikQwo,AV. WASHINGTON LUÍS  1330 - SANTO AMARO  SÃO PAULO - SP  04662-002  BRASIL,São Paulo,,SP,BR,04662-002,-23.65567,-46.6926134,Health & Beauty,,,bigquery,
Drogaria Carrefour Butanta,Carrefour,ChIJa_Kd169XzpQRyjEJEWp3bno,"Av. Prof. Francisco Morato, 2718 - Caxingui, São Paulo - SP, 05512-300, Brazil",São Paulo,,SP,BR,05512300,-23.584408399999997,-46.7247285,"pharmacy,store,health,point_of_interest,establishment",,,bigquery,"{""source"":""google_places_augment"",""types"":[""pharmacy"",""store"",""health"",""point_of_interest"",""establishment""],""rating"":null}"
Panvel Farmácias,Panvel,ChIJb-GxZJFXzpQRgQBzuqPub_g,"R. João Moura, 740 - SALA 02 - Pinheiros, São Paulo - SP, 05412-004, Brazil",São Paulo,,SP,BR,05412004,-23.558609099999998,-46.678607299999996,"pharmacy,store,health,point_of_interest,establishment",,,bigquery,"{""source"":""google_places_augment"",""types"":[""pharmacy"",""store"",""health"",""point_of_interest"",""establishment""],""rating"":null}"
SIRLENE,Sirlene,ChIJb-a8MAVJxwcR6HhfsTq1ZI8,"BENFICA, FORTALEZA - STATE OF CEARÁ, 60868-245",Fortaleza,,CE,BR,60868-245,-3.7415217,-38.5358248,Pharmacy,,,bigquery,
Droga Raia,Droga Raia,ChIJb1e2wvqlnZMR7u9tOin4MoM,"DT INDUSTRIAL - CEP: 78098325 - Rod. dos Imigrantes, S/N - Distrito Industrial, Cuiabá - MT, 78098-325, Brazil",Cuiabá,,MT,BR,78098325,-15.6799908,-56.0151672,"drugstore,store,health,point_of_interest,establishment",,,bigquery,"{""source"": ""supabase_places_cache_migration"", ""types"": [""drugstore"", ""store"", ""health"", ""point_of_interest"", ""establishment""], ""rating"": null, ""refreshed_at"": ""2026-05-08T18:03:13.062+00:00""}"
Drogaria São Paulo,Drogaria São Paulo,ChIJb3X5CJ5czpQR9dsU_8E8MJg,"R. São João Clímaco, 552 - São João Climaco, São Paulo - SP, 04255-000",São Paulo,,SP,BR,04255000,-23.6243689,-46.59261300000001,"drugstore,health,store,point_of_interest,establishment",,,bigquery,"{""source"":""google_places_augment"",""types"":[""drugstore"",""health"",""store"",""point_of_interest"",""establishment""],""rating"":null}"
Drogaria São Paulo,Drogaria São Paulo,ChIJb3kKFTr5zpQRv2PixjW0YDs,"Rua Willis Roberto Banks, 17 - Parque Maria Domitila, São Paulo - SP, 05128-000, Brazil",São Paulo,,SP,BR,05128000,-23.4940584,-46.737132,"drugstore,health,store,point_of_interest,establishment",,,bigquery,"{""source"": ""supabase_places_cache_migration"", ""types"": [""drugstore"", ""health"", ""store"", ""point_of_interest"", ""establishment""], ""rating"": null, ""refreshed_at"": ""2026-05-22T20:19:50.936+00:00""}"
MEDIC FARMA POPULAR,Medic Farma Popular,ChIJb5Ar4JxTzpQR-GBYIOpQq8c,"R. KOTO MITSUTANI, 600 - LJ. 1 - VILA PIRAJUSSARA, SÃO PAULO - SP, 05791-001",São Paulo,,SP,BR,05791-001,-23.6489308,-46.7841157,Pharmacy,,,bigquery,
DR COMERCIAL,Dr Comercial,ChIJb5DBKZdZzpQRx4Dvi0ao3Tw,"R. AFONSO DE FREITAS, 188 - PARAÍSO, SÃO PAULO - SP, 04006-050",São Paulo,,SP,BR,04006-050,-23.5747496,-46.643685,Pharmacy,,,bigquery,
Drogaria São Paulo,Drogaria São Paulo,ChIJb7Dh8i72zpQRKnidjVc4Kws,"R. Voluntários da Pátria, 2236 - Santana, São Paulo - SP, 02010-820",São Paulo,,SP,BR,02010820,-23.5006283,-46.6257413,"drugstore,store,health,point_of_interest,establishment",,,bigquery,"{""source"":""google_places_augment"",""types"":[""drugstore"",""store"",""health"",""point_of_interest"",""establishment""],""rating"":null}"
Droga Raia,Droga Raia,ChIJbRcxI4RXzpQRrI5MlZ9snJA,"R. Teodoro Sampaio, 548 - 550 - Pinheiros, São Paulo - SP, 05406-000, Brazil",São Paulo,,SP,BR,05406000,-23.5563939,-46.6760229,"pharmacy,store,health,point_of_interest,establishment",,,bigquery,"{""source"": ""supabase_places_cache_migration"", ""types"": [""pharmacy"", ""store"", ""health"", ""point_of_interest"", ""establishment""], ""rating"": null, ""refreshed_at"": ""2026-05-22T20:12:02.856+00:00""}"
Farmácia Pague Menos,Farmácia Pague Menos,ChIJbRkIElJZzpQRq2XZIYc_sDg,"R. Rodrigo Cláudio, 79 - Liberdade, São Paulo - SP, 01532-020, Brazil",São Paulo,,SP,BR,01532020,-23.5711154,-46.63453,"pharmacy,drugstore,store,point_of_interest,health,establishment",,,bigquery,"{""source"": ""supabase_places_cache_migration"", ""types"": [""pharmacy"", ""drugstore"", ""store"", ""point_of_interest"", ""health"", ""establishment""], ""rating"": null, ""refreshed_at"": ""2026-05-22T20:40:55.085+00:00""}"
DROGARIA SÃO PAULO,Drogaria São Paulo,ChIJbS1nGeX3zpQRdJI0X8NHwf8,"R. Dr. César Castiglioni Júnior, 225 - Casa Verde, São Paulo - SP, 02515-000, Brazil",São Paulo,,SP,BR,02515000,-23.5113123,-46.6594012,"drugstore,store,health,point_of_interest,establishment",,,bigquery,"{""source"": ""supabase_places_cache_migration"", ""types"": [""drugstore"", ""store"", ""health"", ""point_of_interest"", ""establishment""], ""rating"": null, ""refreshed_at"": ""2026-05-22T20:19:50.936+00:00""}"
FARMA & CIA,Farma & Cia,ChIJbUrMgh5YzpQRxDsf87mxWmk,"R. CARDOSO DE ALMEIDA, 764 - PERDIZES, SÃO PAULO - SP, 05013-001",São Paulo,,SP,BR,05013-001,-23.5374446,-46.6681501,Pharmacy,,,bigquery,
COMPANHIA DA FÓRMULA FARMÁCIA DE MANIPULAÇÃO,Companhia Da Fórmula Farmácia De Manipulação,ChIJbXEh8vFIxwcRHUdcYeDXI2A,"AV. ANTÔNIO SALES, 1357 - JOAQUIM TÁVORA (FORTALEZA), FORTALEZA - CE, 60135-100",Fortaleza,,CE,BR,60135-100,-3.7423815,-38.5117174,Pharmacy,,,bigquery,
Drogaria São Paulo,Drogaria São Paulo,ChIJbXKgQYhZzpQRiEQIGyjffHo,"R. França Pinto, 680 - Vila Mariana, São Paulo - SP, 04016-003",São Paulo,,SP,BR,04016003,-23.587794000000002,-46.6429471,"drugstore,store,health,point_of_interest,establishment",,,bigquery,"{""source"":""google_places_augment"",""types"":[""drugstore"",""store"",""health"",""point_of_interest"",""establishment""],""rating"":null}"
DROGA RÁPIDA,Droga Rápida,ChIJbXyYCbJJxwcRpdE0GuuhBm0,"R. GUILHERME ROCHA, 432 - CENTRO, FORTALEZA - CE, 60030-140",Fortaleza,,CE,BR,60030-140,-3.7262612,-38.530154,Pharmacy,,,bigquery,
PHARMAVIE | FARMÁCIA COM MANIPULAÇÃO EM FORTALEZA,Pharmavie | Farmácia Com Manipulação Em Fortaleza,ChIJb_5hY-1IxwcR1WdHENS86BY,"AV. ANTÔNIO SALES, 1811 - DIONÍSIO TORRES, FORTALEZA - CE, 60135-100",Fortaleza,,CE,BR,60135-100,-3.7436336,-38.5078839,Pharmacy,,,bigquery,
PHARMASOL - ARTE FÓRMULA FARMÁCIA DE MANIPULAÇÃO,Pharmasol - Arte Fórmula Farmácia De Manipulação,ChIJb_FZm-pezpQRYp-5RxqlxYA,"R. TIJUCO PRETO, 202 - TATUAPÉ, SÃO PAULO - SP, 03306-010",São Paulo,,SP,BR,03306-010,-23.5445186,-46.5737516,Pharmacy,,,bigquery,
Petcenter Express,Petcenter Express,ChIJb_I0XbdezpQRx2w-Lrj8hSM,"Rua Siqueira Bueno, 1973 - Mooca, São Paulo - SP, 03172-010",São Paulo,,SP,BR,03172010,-23.5535067,-46.5842162,"pharmacy,meal_delivery,food_delivery,veterinary_care,pet_store,health,point_of_interest,supplier,food,store,establishment",,,bigquery,"{""source"":""google_places_augment"",""types"":[""pharmacy"",""meal_delivery"",""food_delivery"",""veterinary_care"",""pet_store"",""health"",""point_of_interest"",""supplier"",""food"",""store"",""establishment""],""rating"":null}"
Drogaria São Paulo,Drogaria São Paulo,ChIJbcNply1YzpQRC_DDVxQdHZY,"R. da Consolação, 2294 - Consolação, São Paulo - SP, 01302-001, Brazil",São Paulo,,SP,BR,01302001,-23.5544912,-46.6617831,"drugstore,store,point_of_interest,health,establishment",,,bigquery,"{""source"": ""supabase_places_cache_migration"", ""types"": [""drugstore"", ""store"", ""point_of_interest"", ""health"", ""establishment""], ""rating"": null, ""refreshed_at"": ""2026-05-22T20:21:12.457+00:00""}"
Drogaria São Paulo,Drogaria São Paulo,ChIJbcvF7_ZZzpQR4Qz_z0kQZME,"Av. Antártica, 380 - Água Branca, São Paulo - SP, 05003-020, Brazil",São Paulo,,SP,BR,05003020,-23.5277518,-46.6749931,"drugstore,store,health,point_of_interest,establishment",,,bigquery,"{""source"": ""supabase_places_cache_migration"", ""types"": [""drugstore"", ""store"", ""health"", ""point_of_interest"", ""establishment""], ""rating"": null, ""refreshed_at"": ""2026-05-22T20:21:26.899+00:00""}"
DROGARIA DA CONSOLAÇÃO,Drogaria Da Consolação,ChIJbdWkM35XzpQRJGEj4zO0irc,"R. DA CONSOLAÇÃO, 3680 - CERQUEIRA CÉSAR, SÃO PAULO - SP, 01416-000",São Paulo,,SP,BR,01416-000,-23.5634889,-46.6713279,Health & Beauty,,,bigquery,
Drogaria São Paulo,Drogaria São Paulo,ChIJbeP0G-VbzpQRGSxvlfyf774,"R. Agostinho Gomes, 1492 - Ipiranga, São Paulo - SP, 04206-000",São Paulo,,SP,BR,04206000,-23.5834829,-46.6046851,"drugstore,health,store,point_of_interest,establishment",,,bigquery,"{""source"":""google_places_augment"",""types"":[""drugstore"",""health"",""store"",""point_of_interest"",""establishment""],""rating"":null}"
Farmácia Pague Menos,Farmácia Pague Menos,ChIJbw8a9YhZzpQRQ-Tnr_PC_EU,"R. Joaquim Távora, 1086 - Vila Mariana, São Paulo - SP, 04015-012, Brazil",São Paulo,,SP,BR,04015012,-23.5866982,-46.6429646,"pharmacy,drugstore,store,point_of_interest,health,establishment",,,bigquery,"{""source"": ""supabase_places_cache_migration"", ""types"": [""pharmacy"", ""drugstore"", ""store"", ""point_of_interest"", ""health"", ""establishment""], ""rating"": null, ""refreshed_at"": ""2026-05-22T20:40:50.955+00:00""}"
ESSENCYPHARMA SUP NUTRIC FARMÁCIA,Essencypharma Sup Nutric Farmácia,ChIJbzBMkY1ZzpQRjWBtY7UeiEg,"RUA IL SOGNO DI ANARELLO, 40 - VILA MARIANA, SÃO PAULO - SP, 04012-040",São Paulo,,SP,BR,04012-040,-23.5824274,-46.6481162,Pharmacy,,,bigquery,
DROGA MAIS BRASIL,Droga Mais Brasil,ChIJc-QDuxFlzpQRt4Syj1El2Kc,"RUA DOM JOÃO III, 3 - VILA JAMIL, FERRAZ DE VASCONCELOS - SP, 08525-400",São Paulo,,SP,BR,08525-400,-23.5565239,-46.3906677,Pharmacy,,,bigquery,
DROGARIA ESPERANÇA DE FERRAZ DE VASCONCELOS,Drogaria Esperança De Ferraz De Vasconcelos,ChIJc5cJ7i9lzpQRLKsXRAlnCvk,"R. IIJIMA, 1621 - JARDIM FANGANIELLO, FERRAZ DE VASCONCELOS - SP, 08535-340",São Paulo,,SP,BR,08535-340,-23.5489265,-46.3898618,Health & Beauty,,,bigquery,
EXTRAFARMA,Extrafarma,ChIJc5tJpuFIxwcRR4ZjoD6NhnA,"R. LAURO MAIA, 977 - JOSÉ BONIFACIO, FORTALEZA - CE, 60055-210",Fortaleza,,CE,BR,60055-210,-3.7481126,-38.5223976,Health & Beauty,,,bigquery,
Drogaria São Paulo,Drogaria São Paulo,ChIJc6zbIx5hzpQRYYJXzVODBpc,"Av. Águia de Haia, 4194 - Jardim Soraia, São Paulo - SP, 03889-000",São Paulo,,SP,BR,03889000,-23.5094009,-46.477265100000004,"drugstore,health,store,point_of_interest,establishment",,,bigquery,"{""source"":""google_places_augment"",""types"":[""drugstore"",""health"",""store"",""point_of_interest"",""establishment""],""rating"":null}"
Farmácia Pague Menos,Farmácia Pague Menos,ChIJc7aIn6lQzpQRAKWC700cc6k,"Av. Cotovia, 273 - Moema, São Paulo - SP, 04517-000",São Paulo,,SP,BR,04517000,-23.6055149,-46.6728064,"pharmacy,drugstore,store,health,point_of_interest,establishment",,,bigquery,"{""source"": ""supabase_places_cache_migration"", ""types"": [""pharmacy"", ""drugstore"", ""store"", ""health"", ""point_of_interest"", ""establishment""], ""rating"": null, ""refreshed_at"": ""2026-06-11T00:16:57.197+00:00""}"
MELLO POPULAR DROGARIA E PERFUMARIA,Mello Popular Drogaria E Perfumaria,ChIJcTN1vXxUzpQRYFc9FQv0raQ,"AV. LAURITA ORTEGA MARI, 1893 - PARQUE PINHEIROS, TABOÃO DA SERRA - SP, 06766-361",São Paulo,,SP,BR,06766-361,-23.6291452,-46.7823336,Pharmacy,,,bigquery,
BULARIUM FARMÁCIA MANIPULAÇÃO,Bularium Farmácia Manipulação,ChIJcVXqNjFazpQRXqmt0Pr2iQo,"AV. ONZE DE JUNHO, 307 - VILA CLEMENTINO, SÃO PAULO - SP, 04041-000",São Paulo,,SP,BR,04041-000,-23.601587,-46.639757,Pharmacy,,,bigquery,
DROGA RAIA,Droga Raia,ChIJcVdeEedXzpQRBn1XJlUIdiA,"AV. PROF. ALFONSO BOVERO, 1452 - 1446 - POMPEIA, SÃO PAULO - SP, 05019-010",São Paulo,,SP,BR,05019-010,-23.5350551,-46.6882155,Health & Beauty,,,bigquery,
DROGA RAIA,Droga Raia,ChIJcW-X5ExazpQRgkRoPEUabok,"AV. BOSQUE DA SAÚDE, 472 - VILA DA SAÚDE, SÃO PAULO - SP, 04142-081",São Paulo,,SP,BR,04142-081,-23.6119631,-46.6335339,Health & Beauty,,,bigquery,
FLÁVIO PRODUTOS NATURAIS SUA SAÚDE PELAS PLANTAS,Flávio Produtos Naturais Sua Saúde Pelas Plantas,ChIJcW4cDatJxwcRH-UyKWR-cZU,"R. MAJOR FACUNDO, 946 - LOJA 2 - CENTRO, FORTALEZA - CE, 60025-100",Fortaleza,,CE,BR,60025-100,-3.7312427,-38.5291595,Pharmacy,,,bigquery,
Drogaria Nova Esperança,Drogaria Nova Esperança,ChIJcbLkD2NRzpQRt42vq0UGWVE,"Av. Engenheiro Luís Carlos Berrini, 1405 - Cidade Monções, São Paulo - SP, 04571-010, Brazil",São Paulo,,SP,BR,04571010,-23.6090626,-46.6939293,"pharmacy,health,store,point_of_interest,establishment",,,bigquery,"{""source"": ""supabase_places_cache_migration"", ""types"": [""pharmacy"", ""health"", ""store"", ""point_of_interest"", ""establishment""], ""rating"": null, ""refreshed_at"": ""2026-05-08T17:55:38.902+00:00""}"
FARMÁCIA PAGUE MENOS,Farmácia Pague Menos,ChIJce72lENIxwcRyZHhMazt294,"AV. MONSENHOR TABOSA, 1085 - MEIRELES, FORTALEZA - CE, 60165-011",Fortaleza,,CE,BR,60165-011,-3.7240223,-38.5094547,Health & Beauty,,,bigquery,
BIODERMA,Bioderma,ChIJcf47g8dZzpQRRda4BaMSswo,"AV. PAULISTA, 925 - BELA VISTA, SÃO PAULO - SP, 01311-100",São Paulo,,SP,BR,01311-100,-23.5658807,-46.6517605,Pharmacy,,,bigquery,
DRUGSTORE SAO PAULO,Drugstore Sao Paulo,ChIJcfHISD9azpQRghJ0ZfnDOyE,"AV. JOSÉ MARIA WHITAKER, 908 - PLANALTO PAULISTA, SÃO PAULO - SP, 04057-000",São Paulo,,SP,BR,04057-000,-23.608802,-46.64701,Pharmacy,,,bigquery,
CASTILHO FARMA,Castilho Farma,ChIJczK4x8BkzpQRUpodxLRe0pM,"R. SÃO JOÃO, 46 - JARDIM SOEIRO, FERRAZ DE VASCONCELOS - SP, 08540-200",São Paulo,,SP,BR,08540-200,-23.5173611,-46.3775498,Pharmacy,,,bigquery,
LABORATÓRIOS BAGO,Laboratórios Bago,ChIJd1nUAMpZzpQRQ91Ex2oIKH4,"ALAMEDA CAMPINAS, 433 - JARDIM PAULISTA, SÃO PAULO - SP, 01404-100",São Paulo,,SP,BR,01404-100,-23.5656624,-46.6526278,Homeopathic pharmacy,,,bigquery,
Drogaria São Paulo,Drogaria São Paulo,ChIJd2T3dPtWzpQRZreCa4bxzmM,"Av. Prof. Francisco Morato, 1838 - Butantã, São Paulo - SP, 05512-200, Brazil",São Paulo,,SP,BR,05512200,-23.5836338,-46.7167719,"drugstore,store,point_of_interest,health,establishment",,,bigquery,"{""source"": ""supabase_places_cache_migration"", ""types"": [""drugstore"", ""store"", ""point_of_interest"", ""health"", ""establishment""], ""rating"": null, ""refreshed_at"": ""2026-05-22T20:20:12.988+00:00""}"
Carrefour Drogaria Limao,Carrefour,ChIJd3PmtFv4zpQRN03EuouKyXs,"Av. Otaviano Alves de Lima, 1824 - Limão, São Paulo - SP, 02701-000, Brazil",São Paulo,,SP,BR,02701000,-23.5130672,-46.6742273,"pharmacy,store,health,point_of_interest,establishment",,,bigquery,"{""source"":""google_places_augment"",""types"":[""pharmacy"",""store"",""health"",""point_of_interest"",""establishment""],""rating"":null}"
CARAPICUÍBA VILA SANTA TERESINHA,Carapicuíba Vila Santa Teresinha,ChIJd3brI1BTzpQRLFzW2GME_YQ,"RUA ANTÔNIO VIEGAS DE ATAÍDE, 206 - VILA PIRAJUSSARA, SÃO PAULO - SP, 05790-120",São Paulo,,SP,BR,05790-120,-23.6420697,-46.7830492,Pharmacy,,,bigquery,
DROGASIL,Drogasil,ChIJd4UQbilezpQRqMCuqLxiisM,VILA BUENOS AIRES  SÃO PAULO - SP  BRASIL,São Paulo,,SP,BR,,-23.5139233,-46.5193009,Health & Beauty,,,bigquery,
Drogasol,Drogasol,ChIJd4VkbOz3zpQRQiPZTMuh6qw,"Av. Casa Verde, 1628 - Casa Verde, São Paulo - SP, 02520-100",São Paulo,,SP,BR,02520100,-23.5019194,-46.656694699999996,"pharmacy,store,health,point_of_interest,establishment",,,bigquery,"{""source"":""google_places_augment"",""types"":[""pharmacy"",""store"",""health"",""point_of_interest"",""establishment""],""rating"":null}"
CENTER MEGA,Center Mega,ChIJd54qDHpTzpQRVTzpAcRww2k,"JARDIM FABIANA, EMBU - STATE OF SÃO PAULO, 06826-160",São Paulo,,SP,BR,06826-160,-23.6504379,-46.7932817,Pharmacy,,,bigquery,
Droga Raia,Droga Raia,ChIJd9yIO_5ZzpQRAy0YuQ0MYbU,"R. Afonso Braz, 610 - Vila Nova Conceição, São Paulo - SP, 04511-001",São Paulo,,SP,BR,04511001,-23.5951617,-46.6697111,"pharmacy,store,health,point_of_interest,establishment",,,bigquery,"{""source"": ""supabase_places_cache_migration"", ""types"": [""pharmacy"", ""store"", ""health"", ""point_of_interest"", ""establishment""], ""rating"": null, ""refreshed_at"": ""2026-06-11T00:16:57.197+00:00""}"
MULTIFÓRMULAS FARMÁCIA DE MANIPULAÇÃO,Multifórmulas Farmácia De Manipulação,ChIJdRJrUeZZzpQRskBt6OPhHW0,"AV. BRIGADEIRO LUÍS ANTÔNIO, 4251 - JARDIM PAULISTA, SÃO PAULO - SP, 01401-002",São Paulo,,SP,BR,01401-002,-23.5801468,-46.6628759,Pharmacy,,,bigquery,
Drogaria São Paulo,Drogaria São Paulo,ChIJdSjPhCRbzpQRz3Vl-ii0Y4k,"Av. Padre Arlindo Vieira, 2769 - Jardim Vergueiro (Sacoma), São Paulo - SP, 04166-003",São Paulo,,SP,BR,04166003,-23.6432993,-46.6053589,"drugstore,health,store,point_of_interest,establishment",,,bigquery,"{""source"":""google_places_augment"",""types"":[""drugstore"",""health"",""store"",""point_of_interest"",""establishment""],""rating"":null}"
INTERNATIONAL DRUGS FARMÁCIA,International Drugs Farmácia,ChIJdUimDZZezpQRsOYZrHgkIW4,"R. TUIUTI, 2920 - TATUAPÉ, SÃO PAULO - SP, 03307-000",São Paulo,,SP,BR,03307-000,-23.551313,-46.5732479,Pharmacy,,,bigquery,
FARMÁCIA PAGUE MENOS,Farmácia Pague Menos,ChIJdUroJ1pIxwcR14OpC9PSUIU,"R. JOÃO CORDEIRO, 1155 - LJ 11 - ALDEOTA, FORTALEZA - CE, 60110-300",Fortaleza,,CE,BR,60110-300,-3.7308095,-38.5146074,Health & Beauty,,,bigquery,
ORGÂNICA,Orgânica,ChIJdZ7sYulezpQRbBP0xp84Ou0,"PRAÇA SANTA TEREZINHA, 126 - VILA AZEVEDO, SÃO PAULO - SP, 03308-070",São Paulo,,SP,BR,03308-070,-23.5413969,-46.5715907,Pharmacy,,,bigquery,
Droga Raia,Droga Raia,ChIJd_JFM2FZzpQRmlE_SSe75ig,"R. Gaspar Fernandes, 416 - Loja 1 - Vila Monumento, São Paulo - SP, 01549-000, Brazil",São Paulo,,SP,BR,01549000,-23.5750702,-46.6163242,"pharmacy,health,store,point_of_interest,establishment",,,bigquery,"{""source"": ""supabase_places_cache_migration"", ""types"": [""pharmacy"", ""health"", ""store"", ""point_of_interest"", ""establishment""], ""rating"": null, ""refreshed_at"": ""2026-05-08T18:05:20.866+00:00""}"
BOTANICA PHARMACY NATURE,Botanica Pharmacy Nature,ChIJddA6AmX4zpQR2IMqd2RLFSw,"R. JOAQUIM MACHADO, 147 - LAPA, SÃO PAULO - SP, 05050-010",São Paulo,,SP,BR,05050-010,-23.5217634,-46.7018547,Pharmacy,,,bigquery,
FARMA HAND COMÉRCIO DE MEDICAMENTOS,Farma Hand Comércio De Medicamentos,ChIJdfI4-7VZzpQRTQVnWq-XfGk,"R. ITAPEVA, 124 - BELA VISTA, SÃO PAULO - SP, 01332-000",São Paulo,,SP,BR,01332-000,-23.558146,-46.6507924,Pharmacy,,,bigquery,
DAVI SILVA DE SOUSA,Davi Silva De Sousa,ChIJe-CNT4NZzpQRy7_JsKxGtCk,"RUA PEIXOTO GOMIDE - BELA VISTA, SÃO PAULO - SP, 01313-001",São Paulo,,SP,BR,01313-001,-23.5574972,-46.6553917,Pharmacy,,,bigquery,
AMY FARMÁCIA DE MANIPULAÇÃO,Amy Farmácia De Manipulação,ChIJe0bB1-xZzpQRwQjrADXrgEg,"R. AMBROSINA DE MACEDO, 226 - VILA MARIANA, SÃO PAULO - SP, 04013-030",São Paulo,,SP,BR,04013-030,-23.5828979,-46.6417485,Pharmacy,,,bigquery,
AMAPOLA FARMÁCIA MANIPULAÇÃO ALOPÁTICA,Amapola Farmácia Manipulação Alopática,ChIJe3VJfIVZzpQR31gAsbRRyMc,"R. CUBATÃO, 1072 - VILA MARIANA, SÃO PAULO - SP, 04013-004",São Paulo,,SP,BR,04013-004,-23.5811918,-46.6414387,Pharmacy,,,bigquery,
ULTRAFARMA - LOJA 4,Ultrafarma,ChIJe7PsJSxbzpQR--Y4LUoTn7E,"AV. JABAQUARA, 1625 - MIRANDÓPOLIS, SÃO PAULO - SP, 04045-003",São Paulo,,SP,BR,04045-003,-23.6186295,-46.6390673,Pharmacy,,,bigquery,
Drogaria São Paulo,Drogaria São Paulo,ChIJeR2-FapXzpQRXu7Xj108gQE,"R. Natingui, 1220 - Vila Madalena, São Paulo - SP, 05443-002",São Paulo,,SP,BR,05443002,-23.556956,-46.6980893,"drugstore,health,store,point_of_interest,establishment",,,bigquery,"{""source"":""google_places_augment"",""types"":[""drugstore"",""health"",""store"",""point_of_interest"",""establishment""],""rating"":null}"
Animalia Farma Vila Mariana - Farmácia de Manipulação Veterinária,Animalia Farma Vila Mariana - Farmácia de Manipulação Veterinária,ChIJeUapEU5ZzpQRg1H16yMy8zU,"R. França Pinto, 871 - Vila Mariana, São Paulo - SP, 04016-033",São Paulo,,SP,BR,04016033,-23.5886322,-46.6446045,"pharmacy,health,point_of_interest,store,establishment",,,bigquery,"{""source"":""google_places_augment"",""types"":[""pharmacy"",""health"",""point_of_interest"",""store"",""establishment""],""rating"":null}"
Companhia dos Pets Vila Matilde,Companhia dos Pets Vila Matilde,ChIJeWMhrgVezpQRo669SYD1oJ4,"Av. Waldemar Carlos Pereira, 95 - Vila Matilde, São Paulo - SP, 03533-001",São Paulo,,SP,BR,03533001,-23.5413107,-46.5237506,"aquarium,pharmacy,ranch,farm,veterinary_care,pet_store,health,point_of_interest,supplier,service,food,store,establishment",,,bigquery,"{""source"":""google_places_augment"",""types"":[""aquarium"",""pharmacy"",""ranch"",""farm"",""veterinary_care"",""pet_store"",""health"",""point_of_interest"",""supplier"",""service"",""food"",""store"",""establishment""],""rating"":null}"
Drogasil,Drogasil,ChIJeXOuyUVHxwcR1s5aDaRC5wQ,"Av. Engenheiro Alberto Sá, 1081 - Papicu, Fortaleza - CE, 60181-175, Brazil",Fortaleza,,CE,BR,60181175,-3.7350947,-38.4733183,"pharmacy,drugstore,health,point_of_interest,store,establishment",,,bigquery,"{""source"": ""supabase_places_cache_migration"", ""types"": [""pharmacy"", ""drugstore"", ""health"", ""point_of_interest"", ""store"", ""establishment""], ""rating"": null, ""refreshed_at"": ""2026-05-08T17:52:16.943+00:00""}"
Drugstore Sao Paulo,Drugstore Sao Paulo,ChIJe_Kxx2dXzpQRgJ-VDtILV2s,"R. João Cachoeira, 90 - Chácara Itaim, São Paulo - SP, 04535-000, Brazil",São Paulo,,SP,BR,04535000,-23.5810661,-46.6791401,"drugstore,store,point_of_interest,health,establishment",,,bigquery,"{""source"": ""supabase_places_cache_migration"", ""types"": [""drugstore"", ""store"", ""point_of_interest"", ""health"", ""establishment""], ""rating"": null, ""refreshed_at"": ""2026-05-22T20:19:53.018+00:00""}"
PHARMA CARE FARMÁCIA DE MANIPULAÇÃO,Pharma Care Farmácia De Manipulação,ChIJebuISEtZzpQRSMEu13X00Qk,"R. DA MOOCA, 3238 - ALTO DA MOOCA, SÃO PAULO - SP, 03165-000",São Paulo,,SP,BR,03165-000,-23.5569956,-46.5939512,Pharmacy,,,bigquery,
A FÓRMULA FARMÁCIA DE MANIPULAÇÃO PERDIZES - SP,A Fórmula Farmácia De Manipulação Perdizes - Sp,ChIJecus3_NZzpQRWE9gEU808qI,"R. ITAPICURU, 515 - PERDIZES, SÃO PAULO - SP, 05006-000",São Paulo,,SP,BR,05006-000,-23.5350755,-46.6690704,Pharmacy,,,bigquery,
BOLSA DE TELEFONES S/C LTDA,Bolsa De Telefones S/C Ltda,ChIJed0xZhNPzpQR_ZstgVLBOdU,"R. CORY GOMES AMORIM, 290 - PARQUE AMERICA, SÃO PAULO - SP, 04822-220",São Paulo,,SP,BR,04822-220,-23.7337174,-46.6916442,Homeopathic pharmacy,,,bigquery,
FARMACIAS CONVIVA,Farmacias Conviva,ChIJew4KF-1JxwcRtC55RbsKlMM,"LOJA A E B, AV. MONSENHOR TABOSA, 743 - CENTRO, FORTALEZA - CE",Fortaleza,,CE,BR,,-3.7238757,-38.5127206,Pharmacy,,,bigquery,
MANIFARMA VILA MARIANA - FARMÁCIA DE MANIPULAÇÃO,Manifarma Vila Mariana - Farmácia De Manipulação,ChIJey7PITRazpQRv8lTAbN47zs,"R. DOMINGOS DE MORAIS, 2977 - VILA MARIANA, SÃO PAULO - SP, 04035-001",São Paulo,,SP,BR,04035-001,-23.602573,-46.6365201,Pharmacy,,,bigquery,
Drogasil - Bom Jardim,Drogasil,ChIJf-wWeQBNxwcR6WZDdEBhw4c,"R. Maria Júlia, 980a - Bom Jardim, Fortaleza - CE, 60545-042, Brazil",Fortaleza,,CE,BR,60545042,-3.7943512,-38.6006133,"pharmacy,health,store,point_of_interest,establishment",,,bigquery,"{""source"": ""supabase_places_cache_migration"", ""types"": [""pharmacy"", ""health"", ""store"", ""point_of_interest"", ""establishment""], ""rating"": null, ""refreshed_at"": ""2026-05-08T17:52:31.17+00:00""}"
Drogaria São Paulo,Drogaria São Paulo,ChIJf0Srvr1nzpQR9XAujvjESug,"R. Sabbado D'Ângelo, 1980 - Itaquera, São Paulo - SP, 08215-655, Brazil",São Paulo,,SP,BR,08215655,-23.5509303,-46.4458116,"drugstore,health,store,point_of_interest,establishment",,,bigquery,"{""source"": ""supabase_places_cache_migration"", ""types"": [""drugstore"", ""health"", ""store"", ""point_of_interest"", ""establishment""], ""rating"": null, ""refreshed_at"": ""2026-05-22T20:19:53.236+00:00""}"
Drogaria São Paulo,Drogaria São Paulo,ChIJf2A8XleznZMRPQNeQGBsPuk,"Av. das Flores, 28 - Jardim Cuiaba, Cuiabá - MT, 78043-172",Cuiabá,,MT,BR,78043172,-15.5950682,-56.115462699999995,"drugstore,store,point_of_interest,health,establishment",,,bigquery,"{""source"":""google_places_augment"",""types"":[""drugstore"",""store"",""point_of_interest"",""health"",""establishment""],""rating"":null}"
DROGARIA PEIXOTO GOMIDE,Drogaria Peixoto Gomide,ChIJf3ROs035zpQR7VYeFCmRkLs,"RUA PEIXOTO GOMIDE, 383 - BELA VISTA, SÃO PAULO - SP, 01409-001",São Paulo,,SP,BR,01409-001,-23.5572787,-46.6553917,Health & Beauty,,,bigquery,
SINCOFARMA SÃO PAULO,Sincofarma São Paulo,ChIJf4OYHEZYzpQR3pIB39eSgnA,"CEP, R. SANTA ISABEL, 160 - 6° ANDAR - VILA BUARQUE, SÃO PAULO - SP, 01221-010",São Paulo,,SP,BR,01221-010,-23.542726,-46.6470561,Pharmacy,,,bigquery,
Farmácia Droga Aurea | Avenida Raimundo,Farmácia Droga Aurea | Avenida Raimundo,ChIJf5qmnyL5zpQRi5iw72rNhGk,"Av. Raimundo Pereira de Magalhães, 3480 - Jardim Felicidade (Zona Norte), São Paulo - SP, 05145-200, Brazil",São Paulo,,SP,BR,05145200,-23.4961201,-46.7286334,"drugstore,pharmacy,health,point_of_interest,store,establishment",,,bigquery,"{""source"": ""supabase_places_cache_migration"", ""types"": [""drugstore"", ""pharmacy"", ""health"", ""point_of_interest"", ""store"", ""establishment""], ""rating"": null, ""refreshed_at"": ""2026-05-26T13:24:44.485+00:00""}"
Drogasil,Drogasil,ChIJf67Qx56OpJIRSSu9Xk4Sh-4,"R. Boaventura da Silva, 869 - Umarizal, Belém - PA, 66055-090, Brazil",Belém,,PA,BR,66055090,-1.4475084,-48.4830529,"pharmacy,drugstore,health,store,point_of_interest,establishment",,,bigquery,"{""source"": ""supabase_places_cache_migration"", ""types"": [""pharmacy"", ""drugstore"", ""health"", ""store"", ""point_of_interest"", ""establishment""], ""rating"": null, ""refreshed_at"": ""2026-05-08T17:54:28.641+00:00""}"
Droga Raia,Droga Raia,ChIJf7aKKZb4zpQRb10LgRU-lrw,"R. Schilling, 390 - Vila Leopoldina, São Paulo - SP, 05302-001, Brazil",São Paulo,,SP,BR,05302001,-23.5302301,-46.7285565,"pharmacy,store,health,point_of_interest,establishment",,,bigquery,"{""source"": ""supabase_places_cache_migration"", ""types"": [""pharmacy"", ""store"", ""health"", ""point_of_interest"", ""establishment""], ""rating"": null, ""refreshed_at"": ""2026-05-08T18:03:01.423+00:00""}"
DROGA RAIA,Droga Raia,ChIJf9Ut7D5azpQRNjBiIKS4hZ8,"AV. JOSÉ MARIA WHITAKER, 669 - PLANALTO PAULISTA, SÃO PAULO - SP, 04057-000",São Paulo,,SP,BR,04057-000,-23.6067667,-46.6480225,Health & Beauty,,,bigquery,
DROGARIA SÃO PAULO,Drogaria São Paulo,ChIJfQBORF9XzpQRvnvm07B8qbM,"AV. SUMARÉ, 16 - PERDIZES, SÃO PAULO - SP, 05016-090",São Paulo,,SP,BR,05016-090,-23.5303237,-46.6777398,Health & Beauty,,,bigquery,
DROGA RÁPIDA,Droga Rápida,ChIJfQG7hK5JxwcR7n6as1yINC8,"R. PEDRO PEREIRA, 821 - CENTRO, FORTALEZA - CE, 60035-100",Fortaleza,,CE,BR,60035-100,-3.7284358,-38.5326322,Pharmacy,,,bigquery,
DROGASIL,Drogasil,ChIJfSKyKVJYzpQRoXZCKGaOZ6E,"R. BARÃO DE ITAPETININGA, 40 - CENTRO HISTÓRICO DE SÃO PAULO, SÃO PAULO - SP, 01042-000",São Paulo,,SP,BR,01042-000,-23.5450067,-46.639783,Health & Beauty,,,bigquery,
Droga Nossa | Delivery | Farmácia em Vila da Saúde,Droga Nossa | Delivery | Farmácia em Vila da Saúde,ChIJfTvDqBxbzpQRmJdf1NDGHJs,"Av. Miguel Estefno, 2141 - Vila da Saúde, São Paulo - SP, 04301-012, Brazil",São Paulo,,SP,BR,04301012,-23.6319226,-46.6272286,"pharmacy,drugstore,cosmetics_store,shipping_service,clothing_store,health,point_of_interest,service,store,establishment",,,bigquery,"{""source"": ""supabase_places_cache_migration"", ""types"": [""pharmacy"", ""drugstore"", ""cosmetics_store"", ""shipping_service"", ""clothing_store"", ""health"", ""point_of_interest"", ""service"", ""store"", ""establishment""], ""rating"": null, ""refreshed_at"": ""2026-05-26T13:24:45.727+00:00""}"
Drogaria São Paulo,Drogaria São Paulo,ChIJfUnLtLj3zpQRCXJt6pjQ-Ig,"Av. Imirim, 1232 - Imirim, São Paulo - SP, 02464-100, Brazil",São Paulo,,SP,BR,02464100,-23.4940283,-46.6462288,"drugstore,pharmacy,store,health,point_of_interest,establishment",,,bigquery,"{""source"": ""supabase_places_cache_migration"", ""types"": [""drugstore"", ""pharmacy"", ""store"", ""health"", ""point_of_interest"", ""establishment""], ""rating"": null, ""refreshed_at"": ""2026-05-22T20:19:51.009+00:00""}"
FARMALYS HANDLING AND HOMEOPATHY PHARMACY,Farmalys Handling And Homeopathy Pharmacy,ChIJfVF_W7JPzpQR8PfXCYpISv8,"AV. PROF. PAPINI, 94 - INTERLAGOS, SÃO PAULO - SP, 04805-300",São Paulo,,SP,BR,04805-300,-23.7146685,-46.7062527,Pharmacy,,,bigquery,
ABC PHARMUS FARMÁCIA DE MANIPULAÇÃO,Abc Pharmus Farmácia De Manipulação,ChIJfYwNO5dZzpQRc-jnFNrDCtg,"R. DES. ELISEU GUILHERME, 285 - PARAÍSO, SÃO PAULO - SP, 04004-030",São Paulo,,SP,BR,04004-030,-23.5742483,-46.6432118,Pharmacy,,,bigquery,
FARMACIA ESSENTIA,Farmacia Essentia,ChIJfZKBNHZZzpQRJQkdMcNn3yk,"R. TOPÁZIO, 131 - VILA MARIANA, SÃO PAULO - SP, 04105-060",São Paulo,,SP,BR,04105-060,-23.5730708,-46.6310112,Health & Beauty,,,bigquery,
Droga Raia,Droga Raia,ChIJfak-yf9VzpQRFMgvlrQeuvM,"Av. Pres. Altino, 472 - CEP: 05323001 - Jaguaré, São Paulo - SP, 05323-000, Brazil",São Paulo,,SP,BR,05323001,-23.5513829,-46.7487152,"pharmacy,drugstore,health,point_of_interest,store,establishment",,,bigquery,"{""source"":""google_places_augment"",""types"":[""pharmacy"",""drugstore"",""health"",""point_of_interest"",""store"",""establishment""],""rating"":null}"
COSTA & SOUZA,Costa & Souza,ChIJfxSszm1JxwcR1GVv2n8MT10,"R. PINTO MADEIRA, 563 - CENTRO, FORTALEZA - CE, 60150-000",Fortaleza,,CE,BR,60150-000,-3.7314587,-38.5199182,"pharmacy, wholesaler",,,bigquery,
FARMADOCTOR SÃO MIGUEL - PENHA,Farmadoctor São Miguel - Penha,ChIJfzHP5D1fzpQRxrD2Qh0fZGU,"R. MAJ. RUDGE, 38 - PENHA DE FRANÇA, SÃO PAULO - SP, 03607-010",São Paulo,,SP,BR,03607-010,-23.5226295,-46.5423202,Homeopathic pharmacy,,,bigquery,
BARATAO DOS COMPRIMIDOS,Baratao Dos Comprimidos,ChIJg-Ef-FJIxwcRW1pXVdpDOpw,"R. PEDRO BORGES, 227 - CENTRO, FORTALEZA - CE, 60055-110",Fortaleza,,CE,BR,60055-110,-3.7279431,-38.5243592,Pharmacy,,,bigquery,
Droga raia,Droga Raia,ChIJg1xiRgBbzpQRUfhOTyWxFJE,"R. Huet Bacelar, 407 - Ipiranga, São Paulo - SP, 04275-000, Brazil",São Paulo,,SP,BR,04275000,-23.593289499999997,-46.6143059,"pharmacy,store,health,point_of_interest,establishment",,,bigquery,"{""source"":""google_places_augment"",""types"":[""pharmacy"",""store"",""health"",""point_of_interest"",""establishment""],""rating"":null}"
Drogasil,Drogasil,ChIJg51yeoddzpQRsq1Fo78qeMI,"Av. dos Nacionalistas, 386 - Jardim Tango, São Paulo - SP, 03901-010, Brazil",São Paulo,,SP,BR,03901010,-23.5768788,-46.5162944,"pharmacy,drugstore,store,health,point_of_interest,establishment",,,bigquery,"{""source"":""google_places_augment"",""types"":[""pharmacy"",""drugstore"",""store"",""health"",""point_of_interest"",""establishment""],""rating"":null}"
Drugstore Sao Paulo,Drugstore Sao Paulo,ChIJg6-Z2e9gzpQR1QzPjk8hDMY,"Av. São Miguel, 4560 - Jardim Cotinha, São Paulo - SP, 03870-100, Brazil",São Paulo,,SP,BR,03870100,-23.507622,-46.4892895,"drugstore,store,health,point_of_interest,establishment",,,bigquery,"{""source"": ""supabase_places_cache_migration"", ""types"": [""drugstore"", ""store"", ""health"", ""point_of_interest"", ""establishment""], ""rating"": null, ""refreshed_at"": ""2026-05-22T20:19:53.092+00:00""}"
Droga Raia,Droga Raia,ChIJg81cuAlazpQR0BV-Sqd7xY0,"Av. Ibirapuera, 3103 - 3103 Suc 1 Piso - Ibirapuera, São Paulo - SP, 04029-902, Brazil",São Paulo,,SP,BR,04029902,-23.6090311,-46.6669698,"pharmacy,store,health,point_of_interest,establishment",,,bigquery,"{""source"":""google_places_augment"",""types"":[""pharmacy"",""store"",""health"",""point_of_interest"",""establishment""],""rating"":null}"
FARMÁCIA PAGUE MENOS,Farmácia Pague Menos,ChIJg8Eo1qtJxwcR3Xd-3xhUayQ,"R. GEN. SAMPAIO, 877 - CENTRO, FORTALEZA - CE, 60020-030",Fortaleza,,CE,BR,60020-030,-3.7262671,-38.5304554,Health & Beauty,,,bigquery,
DROGARIA SÃO PAULO,Drogaria São Paulo,ChIJgRKn3J_5zpQRkMZY2ZwEKvU,"R. Passo da Pátria, 1101 - Bela Aliança, São Paulo - SP, 05085-000",São Paulo,,SP,BR,05085000,-23.526717299999998,-46.7284356,"drugstore,health,store,point_of_interest,establishment",,,bigquery,"{""source"":""google_places_augment"",""types"":[""drugstore"",""health"",""store"",""point_of_interest"",""establishment""],""rating"":null}"
SIND BALC E EMPRE DE FARMÁCIA E DROG MT,Sind Balc E Empre De Farmácia E Drog Mt,ChIJgUkxKJOxnZMRaq1rQ161aak,R. ANTÔNIO MARIA COELHO  130 - CENTRO  CUIABÁ - MT  78020-310  BRASIL,Cuiabá,,MT,BR,78020-310,-15.6008999,-56.1001964,"pharmacy,point_of_interest,health,store,establishment",,,bigquery,
ESTACIONAMENTO ULTRAFARMA,Ultrafarma,ChIJgYR3EY5bzpQR557DIbcTR5c,"R. FAGUNDES DIAS, 95 - VILA DA SAÚDE, SÃO PAULO - SP, 04055-000",São Paulo,,SP,BR,04055-000,-23.6174507,-46.6398131,Mobility,,,bigquery,
PHARMACIES SANTA BRANCA,Pharmacies Santa Branca,ChIJg_l0lDVJxwcRLdo85n9aVrg,"AV. PROFESSOR GOMES DE MATOS, 1150 - MONTESE, FORTALEZA - CE, 60420-431",Fortaleza,,CE,BR,60420-431,-3.7624394,-38.5468597,Pharmacy,,,bigquery,
Farmácia Pague Menos,Farmácia Pague Menos,ChIJgdJ1mnxZzpQRS39SkPYXisY,"Av. Lins de Vasconcelos, 1711 - Cambuci, São Paulo - SP, 01537-001, Brazil",São Paulo,,SP,BR,01537001,-23.5785537,-46.6238407,"pharmacy,drugstore,store,health,point_of_interest,establishment",,,bigquery,"{""source"": ""supabase_places_cache_migration"", ""types"": [""pharmacy"", ""drugstore"", ""store"", ""health"", ""point_of_interest"", ""establishment""], ""rating"": null, ""refreshed_at"": ""2026-05-22T20:40:50.86+00:00""}"
Farmácia Pague Menos,Farmácia Pague Menos,ChIJgeWSfgJfzpQRyCs816Y8jzU,"Av. Alberto Byington, 1769 - Vila Maria, São Paulo - SP, 02127-001, Brazil",São Paulo,,SP,BR,02127001,-23.5004672,-46.5892845,"pharmacy,drugstore,store,health,point_of_interest,establishment",,,bigquery,"{""source"": ""supabase_places_cache_migration"", ""types"": [""pharmacy"", ""drugstore"", ""store"", ""health"", ""point_of_interest"", ""establishment""], ""rating"": null, ""refreshed_at"": ""2026-05-22T20:40:57.077+00:00""}"
CARH RaiaDrogasil S/A,CARH RaiaDrogasil S/A,ChIJgfVP6kpYzpQRpJFKbwrmPVE,"R. Frei Caneca, 466 - Consolação, São Paulo - SP, 01307-000, Brazil",São Paulo,,SP,BR,01307000,-23.552942599999998,-46.6520016,"pharmacy,store,health,point_of_interest,establishment",,,bigquery,"{""source"":""google_places_augment"",""types"":[""pharmacy"",""store"",""health"",""point_of_interest"",""establishment""],""rating"":null}"
DROGASIL,Drogasil,ChIJh-jbCfRXzpQRIa5IZ78aOAU,"AV. SUMARÉ, 1152 - PERDIZES, SÃO PAULO - SP, 05016-090",São Paulo,,SP,BR,05016-090,-23.5392104,-46.6753884,Health & Beauty,,,bigquery,
Drogaria São Paulo,Drogaria São Paulo,ChIJh1CSzNpZzpQRLbIeVUI2Hpk,"Alameda Lorena, 807 - Jardim Paulista, São Paulo - SP, 01424-005, Brazil",São Paulo,,SP,BR,01424005,-23.5685222,-46.6611301,"drugstore,health,store,point_of_interest,establishment",,,bigquery,"{""source"": ""supabase_places_cache_migration"", ""types"": [""drugstore"", ""health"", ""store"", ""point_of_interest"", ""establishment""], ""rating"": null, ""refreshed_at"": ""2026-05-22T20:21:12.232+00:00""}"
DROGARIA + ECONOMICA,Drogaria + Economica,ChIJh3MGPBRNzpQRa51naRxIh6c,"R. FRANCIS RUSSEL, 2 - JARDIM HORIZONTE AZUL, ITAPECERICA DA SERRA - SP, 06852-080",São Paulo,,SP,BR,06852-080,-23.7500952,-46.7824386,Health & Beauty,,,bigquery,
FARMACÊUTICO LTDA,Farmacêutico Ltda,ChIJh5MYu5dZzpQRH68EcS3ORQQ,"AV. BERNARDINO DE CAMPOS, 98 - PARAÍSO, SÃO PAULO - SP, 12345-678",São Paulo,,SP,BR,12345-678,-23.5721792,-46.6434495,Pharmacy,,,bigquery,
SETHFARMAS DROGARIA,Sethfarmas Drogaria,ChIJh5P57E9YzpQRlwiQzjkIS94,"PRAÇA DA REPÚBLICA, 276 - REPÚBLICA, SÃO PAULO - SP, 01045-000",São Paulo,,SP,BR,01045-000,-23.5433628,-46.6412497,Pharmacy,,,bigquery,
DROGARIA FARMALAR,Drogaria Farmalar,ChIJh70zKJtTzpQRtA2vnYycWYQ,"AV. CARLOS LACERDA, 1704 - VILA PIRAJUSSARA, SÃO PAULO - SP, 05789-030",São Paulo,,SP,BR,05789-030,-23.6464189,-46.7793782,Health & Beauty,,,bigquery,
4 patas e 1 focinho,4 patas e 1 focinho,ChIJh72Il2VfzpQRhaCq2uNUJZk,"Rua Dom Andrés Lamas, 243 - Tatuapé, São Paulo - SP, 03084-020",São Paulo,,SP,BR,03084020,-23.5335263,-46.5729599,"pharmacy,hotel,child_care_agency,veterinary_care,lodging,pet_store,health,pet_care,point_of_interest,service,store,establishment",,,bigquery,"{""source"":""google_places_augment"",""types"":[""pharmacy"",""hotel"",""child_care_agency"",""veterinary_care"",""lodging"",""pet_store"",""health"",""pet_care"",""point_of_interest"",""service"",""store"",""establishment""],""rating"":null}"
DROGARIA APARECIDA BENEDITA ME,Drogaria Aparecida Benedita Me,ChIJh8WUw6BTzpQRNKKQjlMtE8o,"AV. DOM RODRIGO SANCHES, 572 - JARDIM AMALIA, SÃO PAULO - SP, 05892-360",São Paulo,,SP,BR,05892-360,-23.661213,-46.784973,Health & Beauty,,,bigquery,
TAVE PHARMA,Tave Pharma,ChIJhQc2TNdZzpQRHy_315IiEmE,"ALAMEDA MIN. ROCHA AZEVEDO, 1337 - JARDINS, SÃO PAULO - SP, 01410-003",São Paulo,,SP,BR,01410-003,-23.5678542,-46.6659222,Pharmacy,,,bigquery,
Droga Rápida,Droga Rápida,ChIJhTivOgFMxwcR72Rv-4OwG3E,"Av. Santos Dumont, 1789 - Sala 711 - Aldeota, Fortaleza - CE, 60510-290, Brazil",Fortaleza,,CE,BR,60510290,-3.7667114,-38.5737436,"drugstore,pharmacy,store,health,point_of_interest,establishment",,,bigquery,"{""source"": ""supabase_places_cache_migration"", ""types"": [""drugstore"", ""pharmacy"", ""store"", ""health"", ""point_of_interest"", ""establishment""], ""rating"": null, ""refreshed_at"": ""2026-05-08T18:01:48.235+00:00""}"
FARMÁCIA PAGUE MENOS,Farmácia Pague Menos,ChIJhWAFeFxJxwcR06hktC7FPRw,"AV. SENADOR VIRGÍLIO TÁVORA, 1929A - ALDEOTA, FORTALEZA - CE, 60170-079",Fortaleza,,CE,BR,60170-079,-3.7436324,-38.4951765,Health & Beauty,,,bigquery,
DROGARIA SÃO PAULO,Drogaria São Paulo,ChIJhWjwntxZzpQREgmYykRGhzQ,"R. ESTADOS UNIDOS - JARDIM PAULISTA, SÃO PAULO - SP, 01427-000",São Paulo,,SP,BR,01427-000,-23.5721836,-46.6622818,Health & Beauty,,,bigquery,
DROGARIA SÃO CARLOS PALMAS,Drogaria São Carlos Palmas,ChIJhXQh-oX2zpQRR_y6H20PA0Y,"AV. CEL. SEZEFREDO FAGUNDES, 2703 - VILA CACHOEIRA, SÃO PAULO - SP, 02306-000",São Paulo,,SP,BR,02306-000,-23.4552802,-46.6026004,Health & Beauty,,,bigquery,
Farmácia Pague Menos,Farmácia Pague Menos,ChIJhXbK0odZzpQROKSo-Wdqix8,"R. Joaquim Távora, 887 - Vila Mariana, São Paulo - SP, 04015-001, Brazil",São Paulo,,SP,BR,04015001,-23.5862919,-46.6410726,"pharmacy,drugstore,health,point_of_interest,store,establishment",,,bigquery,"{""source"": ""supabase_places_cache_migration"", ""types"": [""pharmacy"", ""drugstore"", ""health"", ""point_of_interest"", ""store"", ""establishment""], ""rating"": null, ""refreshed_at"": ""2026-05-26T13:24:46.816+00:00""}"
SANTO AMARO PHARMACY WELEDA,Santo Amaro Pharmacy Weleda,ChIJhXbaL_dQzpQRi46DwvpPcNk,"R. DA FRATERNIDADE, 148 - SANTO AMARO, SÃO PAULO - SP, 04738-020",São Paulo,,SP,BR,04738-020,-23.6421328,-46.6977028,Homeopathic pharmacy,,,bigquery,
PHARMARAV,Pharmarav,ChIJhZNgUN9nzpQRlgycL8VK_a8,"AV. SAPOPEMBA, 11993 - A - JARDIM SAPOPEMBA, SÃO PAULO - SP, 03989-010",São Paulo,,SP,BR,03989-010,-23.6128248,-46.4927009,Pharmacy,,,bigquery,
BIO DERMA FARMÁCIA DE MANIPULAÇÃO,Bio Derma Farmácia De Manipulação,ChIJhblmeE72zpQRxSNgb9-Y_UI,"R. MARIQUINHA VIANA, 71 - MANDAQUI, SÃO PAULO - SP, 02408-140",São Paulo,,SP,BR,02408-140,-23.4808234,-46.6270365,Pharmacy,,,bigquery,
Farmelhor jd Amalia,Farmelhor jd Amalia,ChIJhcEwbLdTzpQRyqGL8DGlSsA,"Estr. de Itapecerica, 5860 - Jardim Amalia, São Paulo - SP, 05858-000",São Paulo,,SP,BR,05858000,-23.6667065,-46.7837354,"drugstore,clothing_store,store,health,point_of_interest,establishment",,,bigquery,"{""source"":""google_places_augment"",""types"":[""drugstore"",""clothing_store"",""store"",""health"",""point_of_interest"",""establishment""],""rating"":null}"
Scort Farma Farmacia,Scort Farma Farmacia,ChIJhd7g1oJdzpQRF4YwDruacdw,"R. Luís Marin dos Santos, 41 - Jardim Colorado, São Paulo - SP, 03385-100, Brazil",São Paulo,,SP,BR,03385100,-23.5844195,-46.5254534,"pharmacy,health,point_of_interest,store,establishment",,,bigquery,"{""source"": ""supabase_places_cache_migration"", ""types"": [""pharmacy"", ""health"", ""point_of_interest"", ""store"", ""establishment""], ""rating"": null, ""refreshed_at"": ""2026-05-26T13:24:45.506+00:00""}"
TAPAJÓS DISTRIBUIDORA DE PRODUTOS FARMACÊUTICOS,Tapajós Distribuidora De Produtos Farmacêuticos,ChIJhxFHjO2OpJIRoeOqPC9BMwE,"R. QUINZE DE NOVEMBRO, 179 - CAMPINA, BELÉM - PA, 66013-060",Belém,,PA,BR,66013-060,-1.4521252,-48.5023482,"pharmacy, wholesaler",,,bigquery,
DROGARIA EDUARDO PRADO,Drogaria Eduardo Prado,ChIJhzAx4hRYzpQRqfAZMOGc_BA,"ALAMEDA EDUARDO PRADO, 873 - BARRA FUNDA, SÃO PAULO - SP, 01218-010",São Paulo,,SP,BR,01218-010,-23.5330287,-46.6526473,Health & Beauty,,,bigquery,
DROGARIA JARDIM CUIABÁ,Drogaria Jardim Cuiabá,ChIJi4h6zCeynZMR-VhmVE1fOhA,AV. DAS FLORES  603 - JARDIM CUIABA  CUIABÁ - MT  78043-190  BRASIL,Cuiabá,,MT,BR,78043-190,-15.5951511,-56.1170483,Health & Beauty,,,bigquery,
DROGOPHARMA,Drogopharma,ChIJiTX-6yuxnZMRNU0j8JBzmrw,R. PEDRO CELESTINO  N°10 - CENTRO NORTE  CUIABÁ - MT  78005-010  BRASIL,Cuiabá,,MT,BR,78005-010,-15.5967917,-56.09515,"pharmacy,store,health,point_of_interest,establishment",,,bigquery,
DROGARIA TABAJARA,Drogaria Tabajara,ChIJiUHfPbpZzpQRY82PVS4dCBU,"AV. BRIGADEIRO LUÍS ANTÔNIO, 1628 - BELA VISTA, SÃO PAULO - SP, 01318-002",São Paulo,,SP,BR,01318-002,-23.5628157,-46.6455869,Health & Beauty,,,bigquery,
DROGASIL,Drogasil,ChIJiVAVqD5TzpQRXD6tuKSl034,"R. CABAXI, 30 - 40 - CAMPO LIMPO, SÃO PAULO - SP, 05792-000",São Paulo,,SP,BR,05792-000,-23.6386794,-46.7788909,Health & Beauty,,,bigquery,
NATUVITA - FARMÁCIA DE MANIPULAÇÃO E HOMEOPATIA,Natuvita - Farmácia De Manipulação E Homeopatia,ChIJiXXB1spQzpQRaHvM5cn74Do,"AV. NOVA INDEPENDÊNCIA, 172 - BROOKLIN, SÃO PAULO - SP, 04570-000",São Paulo,,SP,BR,04570-000,-23.6066879,-46.6920003,Pharmacy,,,bigquery,
Carrefour Drogaria Morumbi,Carrefour,ChIJiZmckKVWzpQRRDlX4v5qCXo,"Av. Dr. Guilherme Dumont Vilares, 1015 - Vila Suzana, São Paulo - SP, 05640-001, Brazil",São Paulo,,SP,BR,05640001,-23.6116495,-46.741155,"pharmacy,health,store,point_of_interest,establishment",,,bigquery,"{""source"":""google_places_augment"",""types"":[""pharmacy"",""health"",""store"",""point_of_interest"",""establishment""],""rating"":null}"
Drogasil,Drogasil,ChIJixbdfgBdzpQR_kCBdQGQvbs,"Av. João XXIII, 790 - Vila Formosa, São Paulo - SP, 03361-000, Brazil",São Paulo,,SP,BR,03361000,-23.573316,-46.53319630000001,"pharmacy,store,health,point_of_interest,establishment",,,bigquery,"{""source"":""google_places_augment"",""types"":[""pharmacy"",""store"",""health"",""point_of_interest"",""establishment""],""rating"":null}"
Droga Raia,Droga Raia,ChIJiyIv2dVbzpQR-ujQTd-Etsk,"R. Cap. Pacheco e Chaves, 313 - Vila Prudente, São Paulo - SP, 03126-000, Brazil",São Paulo,,SP,BR,03126000,-23.5813417,-46.5938531,"pharmacy,store,health,point_of_interest,establishment",,,bigquery,"{""source"":""google_places_augment"",""types"":[""pharmacy"",""store"",""health"",""point_of_interest"",""establishment""],""rating"":null}"
Drogaria São Paulo,Drogaria São Paulo,ChIJj-v6ZU9XzpQRuqYnFb-IT6E,"R. Ramos Batista, 421 - Vila Olímpia, São Paulo - SP, 04552-020",São Paulo,,SP,BR,04552020,-23.594328599999997,-46.6834876,"drugstore,store,health,point_of_interest,establishment",,,bigquery,"{""source"":""google_places_augment"",""types"":[""drugstore"",""store"",""health"",""point_of_interest"",""establishment""],""rating"":null}"
DROGARIA CENTRAL POPULAR,Drogaria Central Popular,ChIJj0JZBCJUzpQRH26F9MfKtJA,"Rod. Régis Bittencourt, 122 - Centro, Taboão da Serra - SP, 06768-000",São Paulo,,SP,BR,06768000,-23.607800899999997,-46.7530257,"drugstore,clothing_store,store,point_of_interest,health,establishment",,,bigquery,"{""source"":""google_places_augment"",""types"":[""drugstore"",""clothing_store"",""store"",""point_of_interest"",""health"",""establishment""],""rating"":null}"
VESPER,Vesper,ChIJj6r1wdNZzpQRK5J9hzLUCEM,"CERQUEIRA CÉSAR, SÃO PAULO - STATE OF SÃO PAULO, 01421-001",São Paulo,,SP,BR,01421-001,-23.5624169,-46.664433,Pharmacy,,,bigquery,
DROGARIA PREÇO FARMA,Drogaria Preço Farma,ChIJj7OQXn5jzpQR6eQit_dLeo0,"RUA TIBÚRCIO DE SOUSA, 209 - ITAIM PAULISTA, SÃO PAULO - SP, 08140-000",São Paulo,,SP,BR,08140-000,-23.5018827,-46.3974137,Health & Beauty,,,bigquery,
FARMACIA NACTIVE NATURALLY POMPEIA,Farmacia Nactive Naturally Pompeia,ChIJj8KGvcJXzpQRcITaOVZtvAA,"AV. POMPÉIA, 1919 - POMPEIA, SÃO PAULO - SP, 05023-001",São Paulo,,SP,BR,05023-001,-23.5400773,-46.6904743,Health & Beauty,,,bigquery,
WELEDA PHARMACY VILA MARIANA,Weleda Pharmacy Vila Mariana,ChIJj8vsXTdazpQRZ7Hj-0GhcU8,"R. PRIMEIRO DE JANEIRO, 449 - VILA CLEMENTINO, SÃO PAULO - SP, 04044-060",São Paulo,,SP,BR,04044-060,-23.6037102,-46.6398284,Homeopathic pharmacy,,,bigquery,
MANIFARMA TATUAPÉ - FARMÁCIA DE MANIPULAÇÃO,Manifarma Tatuapé - Farmácia De Manipulação,ChIJjT6xnOpezpQRxFTl-3iVuSo,"PRAÇA CEL. SANDOVAL DE FIGUEIREDO, 56 - VILA AZEVEDO, SÃO PAULO - SP, 03308-040",São Paulo,,SP,BR,03308-040,-23.5417925,-46.5739316,Pharmacy,,,bigquery,
DROGARIA ÉLIDA | FARMÁCIA DELIVERY EM DIADEMA,Drogaria Élida | Farmácia Delivery Em Diadema,ChIJjTTp_h9FzpQRZQLjNjkGFSY,"AV. ASSEMBLÉIA, 629 - CENTRO, DIADEMA - SP, 09913-130",São Paulo,,SP,BR,09913-130,-23.6810536,-46.6321436,Health & Beauty,,,bigquery,
Drugstore Sao Paulo,Drugstore Sao Paulo,ChIJjVTR0V1XzpQRYl_c1GJd6D4,"R. Bandeira Paulista, 467 - Itaim Bibi, São Paulo - SP, 04532-011, Brazil",São Paulo,,SP,BR,04532011,-23.5835265,-46.6758357,"drugstore,health,point_of_interest,store,establishment",,,bigquery,"{""source"": ""supabase_places_cache_migration"", ""types"": [""drugstore"", ""health"", ""point_of_interest"", ""store"", ""establishment""], ""rating"": null, ""refreshed_at"": ""2026-05-26T13:24:44.767+00:00""}"
Drogaria São Paulo,Drogaria São Paulo,ChIJjXjsa59fzpQR3mb4eA0C9iM,"Av. Guarulhos, 3810 - Pte. Grande, Guarulhos - SP, 07030-001, Brazil",São Paulo,,SP,BR,07030001,-23.4993134,-46.5514343,"drugstore,store,point_of_interest,health,establishment",,,bigquery,"{""source"": ""supabase_places_cache_migration"", ""types"": [""drugstore"", ""store"", ""point_of_interest"", ""health"", ""establishment""], ""rating"": null, ""refreshed_at"": ""2026-05-22T20:19:56.101+00:00""}"
Drogaria São Paulo Shopping Taboão,Drogaria São Paulo Shopping Taboão,ChIJjYUqAQBVzpQRdaFVbKoWbZs,"Rod. Régis Bittencourt, Lojas 198/199/200 - Cidade Intercap, Taboão da Serra - SP, 05576-100, Brazil",São Paulo,,SP,BR,05576100,-23.6156622,-46.7755366,"pharmacy,store,health,point_of_interest,establishment",,,bigquery,"{""source"": ""supabase_places_cache_migration"", ""types"": [""pharmacy"", ""store"", ""health"", ""point_of_interest"", ""establishment""], ""rating"": null, ""refreshed_at"": ""2026-05-22T20:20:09.828+00:00""}"
ULTRAFARMA,Ultrafarma,ChIJjZEZdjZPzpQRzTP4GjZHpZ8,AV. DONA BELMIRA MARIN  3.964 - PARQUE BRASIL  SÃO PAULO - SP  04846-000  BRASIL,São Paulo,,SP,BR,04846-000,-23.7373496,-46.693082,"pharmacy,health,point_of_interest,store,establishment",,,bigquery,
FARMACIA,Farmacia,ChIJjd8a9raonZMRgTR1OXp6ngM,COXIPÓ DA PONTE  CUIABÁ - MT  78134-250  BRASIL,Cuiabá,,MT,BR,78134-250,-15.7001533,-56.0444764,Health & Beauty,,,bigquery,
DROGARIA TOTAL - TOTAL POPULAR SÃO PAULO,Drogaria Total,ChIJjdPor95ZzpQROL92hUA2N68,"R. DA CANTAREIRA, 557 - CENTRO HISTÓRICO DE SÃO PAULO, SÃO PAULO - SP, 01024-100",São Paulo,,SP,BR,01024-100,-23.5393543,-46.6292479,Health & Beauty,,,bigquery,
Drogasil Granja Portugal,Drogasil,ChIJjwp0BgBNxwcRC43iZ0p9Zic,"R. Vital Brasil, 2109 - Bonsucesso, Fortaleza - CE, 60541-495, Brazil",Fortaleza,,CE,BR,60541495,-3.7778234,-38.5996309,"pharmacy,health,store,point_of_interest,establishment",,,bigquery,"{""source"": ""supabase_places_cache_migration"", ""types"": [""pharmacy"", ""health"", ""store"", ""point_of_interest"", ""establishment""], ""rating"": null, ""refreshed_at"": ""2026-05-08T17:52:23.02+00:00""}"
Drogaria São Paulo,Drogaria São Paulo,ChIJjwyv9JlazpQRQybml--l6c0,"Av. Santa Catarina, 1539 - Vila Santa Catarina, São Paulo - SP, 04378-300",São Paulo,,SP,BR,04378300,-23.6484704,-46.6619853,"drugstore,health,store,point_of_interest,establishment",,,bigquery,"{""source"":""google_places_augment"",""types"":[""drugstore"",""health"",""store"",""point_of_interest"",""establishment""],""rating"":null}"
BOTICA BIO | FARMÁCIA DE MANIPULAÇÃO | UNIDADE PIRITUBA,Botica Bio | Farmácia De Manipulação | Unidade Pirituba,ChIJjxVTXA75zpQRgNKjS5vcj18,"AV. BENEDITO ANDRADE, 400 - VILA PEREIRA BARRETO, SÃO PAULO - SP, 02936-000",São Paulo,,SP,BR,02936-000,-23.4875562,-46.716671,Pharmacy,,,bigquery,
TRATTA MANIPULAÇÃO,Tratta Manipulação,ChIJk-JvDZdZzpQRoPdcWPivx3E,"AV. BERNARDINO DE CAMPOS, 190 - PARAÍSO, SÃO PAULO - SP, 04004-040",São Paulo,,SP,BR,04004-040,-23.5731062,-46.6428909,Pharmacy,,,bigquery,
PHARMACY HIGH COST,Pharmacy High Cost,ChIJk45NIg9ZzpQRYFCROqwdgUY,"RUA LEOPOLDO MIGUEZ, 327 - CAMBUCI, SÃO PAULO - SP, 01518-020",São Paulo,,SP,BR,01518-020,-23.5564071,-46.6258679,Pharmacy,,,bigquery,
Droga Raia,Droga Raia,ChIJk59V8htYzpQRPqGVagvebtE,"R. Cardoso de Almeida, 275 - Perdizes, São Paulo - SP, 05013-000, Brazil",São Paulo,,SP,BR,05013000,-23.5340651,-46.6652177,"pharmacy,store,health,point_of_interest,establishment",,,bigquery,"{""source"":""google_places_augment"",""types"":[""pharmacy"",""store"",""health"",""point_of_interest"",""establishment""],""rating"":null}"
FARMÁCIA PAGUE MENOS,Farmácia Pague Menos,ChIJk7c52FJIxwcR2bK-hQU-L2M,"R. PEDRO BORGES, 209 - CENTRO, FORTALEZA - CE, 60055-110",Fortaleza,,CE,BR,60055-110,-3.7283326,-38.5266738,Health & Beauty,,,bigquery,
EXTRAFARMA,Extrafarma,ChIJk8mExZ9JxwcRS-j03YIJxNQ,"AV. BEZERRA DE MENEZES, 560 - SÃO GERARDO, FORTALEZA - CE, 60325-005",Fortaleza,,CE,BR,60325-005,-3.7324293,-38.5499176,Health & Beauty,,,bigquery,
Carrefour Drogaria Anchieta,Carrefour,ChIJkS4iS2FbzpQR0d1G5Q9_67M,"Rod. Anchieta, 3398 - Saúde, São Paulo - SP, 04246-900, Brazil",São Paulo,,SP,BR,04246900,-23.6309545,-46.5993592,"pharmacy,health,point_of_interest",,,bigquery,"{""source"": ""supabase_places_cache_migration"", ""types"": [""pharmacy"", ""health"", ""point_of_interest""], ""rating"": null, ""refreshed_at"": ""2026-04-02T18:32:17.538537+00:00""}"
MANILAB,Manilab,ChIJkSYPC59QzpQRDdbj5HZs28o,"R. ANTÔNIO DE MACEDO SOARES, 1322 - CAMPO BELO, SÃO PAULO - SP, 04617-002",São Paulo,,SP,BR,04617-002,-23.6204331,-46.6732762,Pharmacy,,,bigquery,
FARMACIA FARMOFLORA,Farmacia Farmoflora,ChIJkTCZmin2zpQRCvEcPsS9KaU,"R. VOLUNTÁRIOS DA PÁTRIA, 1697 - SANTANA, SÃO PAULO - SP, 02011-100",São Paulo,,SP,BR,02011-100,-23.505426,-46.6265313,Health & Beauty,,,bigquery,
Drogaria São Paulo,Drogaria São Paulo,ChIJkTtBpVJBlpQR7FRzfujIJjA,"R. Luisiania, 107 - Brooklin, São Paulo - SP, 04560-020",São Paulo,,SP,BR,04560020,-23.611454199999997,-46.6786105,"drugstore,store,health,point_of_interest,establishment",,,bigquery,"{""source"":""google_places_augment"",""types"":[""drugstore"",""store"",""health"",""point_of_interest"",""establishment""],""rating"":null}"
FORVETS - VETERINARY PHARMACY MANIPULATION,Forvets - Veterinary Pharmacy Manipulation,ChIJkUuS1FFazpQRchnkN9EZHpo,"AV. JABAQUARA, 1405 - VILA DA SAÚDE, SÃO PAULO - SP, 04045-002",São Paulo,,SP,BR,04045-002,-23.6165696,-46.6385182,Pharmacy,,,bigquery,
Farmácia Pague Menos,Farmácia Pague Menos,ChIJkV1K4MJezpQRcnd9XNg4Xpo,"R. Gonçalves Crespo, 78 - Tatuapé, São Paulo - SP, 03066-030, Brazil",São Paulo,,SP,BR,03066030,-23.5386721,-46.5757989,"pharmacy,drugstore,store,point_of_interest,health,establishment",,,bigquery,"{""source"": ""supabase_places_cache_migration"", ""types"": [""pharmacy"", ""drugstore"", ""store"", ""point_of_interest"", ""health"", ""establishment""], ""rating"": null, ""refreshed_at"": ""2026-05-22T20:40:57.321+00:00""}"
Drogaria São Paulo,Drogaria São Paulo,ChIJkVnuKPf3zpQROj04DzQgWmY,"Praça Delegado Amoroso Neto, 21 - Casa Verde, São Paulo - SP, 02518-050, Brazil",São Paulo,,SP,BR,02518050,-23.5093833,-46.6662576,"drugstore,store,point_of_interest,health,establishment",,,bigquery,"{""source"": ""supabase_places_cache_migration"", ""types"": [""drugstore"", ""store"", ""point_of_interest"", ""health"", ""establishment""], ""rating"": null, ""refreshed_at"": ""2026-05-22T20:19:51.08+00:00""}"
Drogaria São Paulo,Drogaria São Paulo,ChIJkY5E9VRXzpQRZxHkpOLuaP8,"Av. Santo Amaro, 1536 - Vila Nova Conceição, São Paulo - SP, 04505-002, Brazil",São Paulo,,SP,BR,04505002,-23.59761,-46.674108,"pharmacy,health,store,point_of_interest,establishment",,,bigquery,"{""source"": ""supabase_places_cache_migration"", ""types"": [""pharmacy"", ""health"", ""store"", ""point_of_interest"", ""establishment""], ""rating"": null, ""refreshed_at"": ""2026-05-22T20:19:53.018+00:00""}"
DROGA RAIA,Droga Raia,ChIJkd-SjglXzpQRwU00kViqZmc,"AV. SUMARÉ, 1177 - PERDIZES, SÃO PAULO - SP, 05016-110",São Paulo,,SP,BR,05016-110,-23.5396563,-46.6748306,Health & Beauty,,,bigquery,
IDEAL FÓRMULAS - FARMÁCIA DE MANIPULAÇÃO,Ideal Fórmulas - Farmácia De Manipulação,ChIJketqCVFezpQRimkC21p61mI,"R. DR. JOÃO RIBEIRO, 275 - PENHA DE FRANÇA, SÃO PAULO - SP, 03634-010",São Paulo,,SP,BR,03634-010,-23.5244278,-46.5478582,Pharmacy,,,bigquery,
FARMACIA SERVILUZ,Farmacia Serviluz,ChIJkffGHe1HxwcRCHEnsrydSgg,"AV. ZEZÉ DIOGO, 924 - CAIS DO PORTO, FORTALEZA - CE, 60180-012",Fortaleza,,CE,BR,60180-012,-3.7150336,-38.4657036,Health & Beauty,,,bigquery,
Drugstore Sao Paulo,Drugstore Sao Paulo,ChIJkyk5k21ZzpQRcMw23pRGMM8,"Av. Lins de Vasconcelos, 331 - Cambuci, São Paulo - SP, 01537-000, Brazil",São Paulo,,SP,BR,01537000,-23.5662772,-46.6212075,"drugstore,health,point_of_interest,store,establishment",,,bigquery,"{""source"": ""supabase_places_cache_migration"", ""types"": [""drugstore"", ""health"", ""point_of_interest"", ""store"", ""establishment""], ""rating"": null, ""refreshed_at"": ""2026-05-26T13:24:45.503+00:00""}"
H. O. MANIPULATION PHARMACY SP -,H. O. Manipulation Pharmacy Sp -,ChIJl-IFOKZXzpQRAmmNawLUGGc,"PRAÇA DA SÉ, 158 - 1º ANDAR - SÉ, SÃO PAULO - SP, 01001-001",São Paulo,,SP,BR,01001-001,-23.5503042,-46.6343448,Pharmacy,,,bigquery,
Drogasil,Drogasil,ChIJl7AtKABRzpQRAW3wUoNwjJ8,"Rua Édison, 1111 - Campo Belo, São Paulo - SP, 04618-035, Brazil",São Paulo,,SP,BR,04618035,-23.6240806,-46.6726205,"pharmacy,store,health,point_of_interest,establishment",,,bigquery,"{""source"":""google_places_augment"",""types"":[""pharmacy"",""store"",""health"",""point_of_interest"",""establishment""],""rating"":null}"
EVIDENCE SOLUÇÕES FARMACÊUTICAS,Evidence Soluções Farmacêuticas,ChIJl7cvMEFIxwcRSnsSKq3JuNE,"R. ANTÔNIO AUGUSTO, 12 - MEIRELES, FORTALEZA - CE, 60110-370",Fortaleza,,CE,BR,60110-370,-3.7214833,-38.5107423,Pharmacy,,,bigquery,
FARMACIA PALACIO DOS REMEDIOS,Farmacia Palacio Dos Remedios,ChIJl99R3lJIxwcRdXgS8H1wzjo,"CENTRO, FORTALEZA - STATE OF CEARÁ, 60055-250",Fortaleza,,CE,BR,60055-250,-3.7263892,-38.5240014,Health & Beauty,,,bigquery,
ORGANIZAÇÃO FARMACÊUTICA NAKANO,Organização Farmacêutica Nakano,ChIJl9nwBIb2zpQR_MOe38u032U,"AV. CEL. SEZEFREDO FAGUNDES, 2556 - TUCURUVI, SÃO PAULO - SP, 02306-004",São Paulo,,SP,BR,02306-004,-23.4566264,-46.6025261,Pharmacy,,,bigquery,
PHARMÁCIA ARTESANAL,Pharmácia Artesanal,ChIJlS83uzFazpQR_zWkNYg_04Q,"RUA MACHADO BITENCOURT, 190 - VILA CLEMENTINO, SÃO PAULO - SP, 04044-000",São Paulo,,SP,BR,04044-000,-23.5988185,-46.6386761,Pharmacy,,,bigquery,
AVARÉ,Avaré,ChIJlW2EmuNZzpQRBo8PSZuYtlE,"SÉ, SÃO PAULO - STATE OF SÃO PAULO, 01001-010",São Paulo,,SP,BR,01001-010,-23.5505199,-46.6333094,Pharmacy,,,bigquery,
Drogaria São Paulo,Drogaria São Paulo,ChIJlWmK9rhXzpQRBXKSmkj78sY,"R. Judith, 109 - Vila Madalena, São Paulo - SP, 05445-060",São Paulo,,SP,BR,05445060,-23.5523007,-46.6969043,"drugstore,pharmacy,store,health,point_of_interest,establishment",,,bigquery,"{""source"":""google_places_augment"",""types"":[""drugstore"",""pharmacy"",""store"",""health"",""point_of_interest"",""establishment""],""rating"":null}"
PAGUE MENOS 24H,Farmácia Pague Menos,ChIJl_Cdt9lJxwcRRlIMT8TQDM4,"R. SEN. POMPEU, 1554 - CENTRO, FORTALEZA - CE, 60025-001",Fortaleza,,CE,BR,60025-001,-3.7320615,-38.5312534,Pharmacy,,,bigquery,
Drogasil,Drogasil,ChIJldtuwjVjzpQRiMskFReVfsU,"Av. Nordestina, 2612 - São Miguel Paulista, São Paulo - SP, 08042-117, Brazil",São Paulo,,SP,BR,08042117,-23.5129229,-46.4333886,"drugstore,pharmacy,store,health,point_of_interest,establishment",,,bigquery,"{""source"":""google_places_augment"",""types"":[""drugstore"",""pharmacy"",""store"",""health"",""point_of_interest"",""establishment""],""rating"":null}"
Farmácia Pague Menos,Farmácia Pague Menos,ChIJle6BVKZnzpQRHMSgqGpSvN8,"Av. Sapopemba, 10920 - Jardim Adutora, São Paulo - SP, 03988-000, Brazil",São Paulo,,SP,BR,03988000,-23.6140097,-46.5036238,"pharmacy,drugstore,health,store,point_of_interest,establishment",,,bigquery,"{""source"": ""supabase_places_cache_migration"", ""types"": [""pharmacy"", ""drugstore"", ""health"", ""store"", ""point_of_interest"", ""establishment""], ""rating"": null, ""refreshed_at"": ""2026-05-22T20:40:53.29+00:00""}"
FARMAC - FARMACIA DE MANIPULACAO E HOMEOPATIA,Farmac - Farmacia De Manipulacao E Homeopatia,ChIJlwTAOZb4zpQRRWBQSC_uaWE,"R. SCHILLING, 260 - VILA LEOPOLDINA, SÃO PAULO - SP, 02675-031",São Paulo,,SP,BR,02675-031,-23.5295437,-46.7275389,Homeopathic pharmacy,,,bigquery,
Drogaria Mais Popular | Farmácia Delivery na Cidade Centenário,Drogaria Mais Popular | Farmácia Delivery na Cidade Centenário,ChIJm0RM5JNnzpQRiKn9K_wrp2Q,"Av. Luís Pires de Minas, 111 - Cidade Centenário, São Paulo - SP, 03933-070, Brazil",São Paulo,,SP,BR,03933070,-23.5933549,-46.5026258,"drugstore,pharmacy,courier_service,shipping_service,clothing_store,health,point_of_interest,service,store,establishment",,,bigquery,"{""source"": ""supabase_places_cache_migration"", ""types"": [""drugstore"", ""pharmacy"", ""courier_service"", ""shipping_service"", ""clothing_store"", ""health"", ""point_of_interest"", ""service"", ""store"", ""establishment""], ""rating"": null, ""refreshed_at"": ""2026-05-26T13:24:45.788+00:00""}"
DROGARIA FARMA SETE,Drogaria Farma Sete,ChIJm200JP9EzpQRF62_umKiPQY,"R. MANOEL DA NÓBREGA, 1632 - CENTRO, DIADEMA - SP, 09910-720",São Paulo,,SP,BR,09910-720,-23.696407,-46.627907,Health & Beauty,,,bigquery,
Drogaria Sol - Pedra Branca,Drogaria Sol - Pedra Branca,ChIJm73OHuj3zpQRjADoy0HJXW4,"Av. Santa Inês, 3881 - Vila Pedra Branca, São Paulo - SP, 02631-000, Brazil",São Paulo,,SP,BR,02631000,-23.4572663,-46.6489702,"drugstore,clothing_store,store,point_of_interest,health,establishment",,,bigquery,"{""source"": ""supabase_places_cache_migration"", ""types"": [""drugstore"", ""clothing_store"", ""store"", ""point_of_interest"", ""health"", ""establishment""], ""rating"": null, ""refreshed_at"": ""2026-05-22T20:21:26.899+00:00""}"
Droga Raia - Shopping Cidade São Paulo,Droga Raia,ChIJm9xSUABZzpQRNnEEw0qoxtU,"Av. Paulista, 1230 - Bela Vista, São Paulo - SP, 01310-100, Brazil",São Paulo,,SP,BR,01310100,-23.5636371,-46.6525056,"pharmacy,health,point_of_interest,store,establishment",,,bigquery,"{""source"": ""supabase_places_cache_migration"", ""types"": [""pharmacy"", ""health"", ""point_of_interest"", ""store"", ""establishment""], ""rating"": null, ""refreshed_at"": ""2026-05-08T18:05:12.987+00:00""}"
DROGA RAIA,Droga Raia,ChIJmUY0iMhZzpQRqPqd6tlXNIg,"AV. PAULISTA, 1230 - LOJA 122 - BELA VISTA, SÃO PAULO - SP, 01310-100",São Paulo,,SP,BR,01310-100,-23.5636601,-46.6529071,Health & Beauty,,,bigquery,
Drogaria São Paulo,Drogaria São Paulo,ChIJmV3-Kkn5zpQRh7Q3aw9T4zY,"Av. Mutinga, 2372 - Jardim Santo Elias, São Paulo - SP, 05110-000, Brazil",São Paulo,,SP,BR,05110000,-23.4864597,-46.7476604,"drugstore,store,point_of_interest,health,establishment",,,bigquery,"{""source"": ""supabase_places_cache_migration"", ""types"": [""drugstore"", ""store"", ""point_of_interest"", ""health"", ""establishment""], ""rating"": null, ""refreshed_at"": ""2026-05-22T20:19:50.795+00:00""}"
DROGARIA MELLIN,Drogaria Mellin,ChIJmVpIcBCynZMRvRiRpa1t02U,RUA 34 17 - QD 11  MT  78058-414  BRASIL,Cuiabá,,MT,BR,78058-414,-15.6135987,-56.1259726,Health & Beauty,,,bigquery,
Droga Raia,Droga Raia,ChIJmVpWSzpYzpQRE_Lf0phSNWI,"R. Maranhão, 812 - Higienópolis, São Paulo - SP, 01240-000",São Paulo,,SP,BR,01240000,-23.5425619,-46.659777899999995,"pharmacy,store,health,point_of_interest,establishment",,,bigquery,"{""source"":""google_places_augment"",""types"":[""pharmacy"",""store"",""health"",""point_of_interest"",""establishment""],""rating"":null}"
DROGAHERVAS,Drogahervas,ChIJmWt7oatZzpQRtP-VCOr_OoA,"R. QUINTINO BOCAIÚVA, 285 - SÉ, SÃO PAULO - SP, 01004-010",São Paulo,,SP,BR,01004-010,-23.551156,-46.635357,Pharmacy,,,bigquery,
Drogaria São Paulo,Drogaria São Paulo,ChIJmaAbFvpVzpQRIwiDJAvHJqs,"Av. Dr. Cândido Motta Filho, 670 - Cidade São Francisco, São Paulo - SP, 05351-000",São Paulo,,SP,BR,05351000,-23.557543799999998,-46.7564583,"drugstore,store,health,point_of_interest,establishment",,,bigquery,"{""source"":""google_places_augment"",""types"":[""drugstore"",""store"",""health"",""point_of_interest"",""establishment""],""rating"":null}"
Drogaria São Paulo,Drogaria São Paulo,ChIJmaPgx8tlzpQRghmajJCMobE,"Estr. Itaquera Guaianazes, 2542 - Jardim Helena, São Paulo - SP, 08420-000, Brazil",São Paulo,,SP,BR,08420000,-23.5424776,-46.4253508,"drugstore,store,health,point_of_interest,establishment",,,bigquery,"{""source"": ""supabase_places_cache_migration"", ""types"": [""drugstore"", ""store"", ""health"", ""point_of_interest"", ""establishment""], ""rating"": null, ""refreshed_at"": ""2026-05-22T20:19:52.874+00:00""}"
Drogasil,Drogasil,ChIJmbQZjin3zpQRg7aP0xzxfLk,"Av. Imirim, 1217 - Imirim, São Paulo - SP, 02465-100, Brazil",São Paulo,,SP,BR,02465100,-23.4944657,-46.6463787,"pharmacy,store,health,point_of_interest,establishment",,,bigquery,"{""source"":""google_places_augment"",""types"":[""pharmacy"",""store"",""health"",""point_of_interest"",""establishment""],""rating"":null}"
DROGA RAIA,Droga Raia,ChIJmcxMGkNQzpQRfTflQ2XSQDU,AV. WASHINGTON LUÍS  1304 - SANTO AMARO  SÃO PAULO - SP  04662-002  BRASIL,São Paulo,,SP,BR,04662-002,-23.655801,-46.6927274,Health & Beauty,,,bigquery,
FARMÁCIA PAGUE MENOS,Farmácia Pague Menos,ChIJmxCibK5JxwcRIDfyu71efh8,"AV. TRISTÃO GONÇALVES, 588 - CENTRO, FORTALEZA - CE, 60015-001",Fortaleza,,CE,BR,60015-001,-3.7269535,-38.5332863,Health & Beauty,,,bigquery,
CAPIS,Capis,ChIJn-ucQkxJxwcRtk91r_cGKTk,"R. BARÃO DO RIO BRANCO - CENTRO, FORTALEZA - CE, 60035-100",Fortaleza,,CE,BR,60035-100,-3.7307967,-38.5297026,Pharmacy,,,bigquery,
DROGASIL,Drogasil,ChIJn0NSLrxZzpQRdtW-N4PnGls,"EDIFICIO VILLA PAULISTA APATAMENTS - R. CINCINATO BRAGA, 306 - LOJA TERREO - BELA VISTA, SÃO PAULO - SP, 01333-010",São Paulo,,SP,BR,01333-010,-23.5681214,-46.6457935,Health & Beauty,,,bigquery,
UNIVERSAL DISTRIBUIDORA,Universal Distribuidora,ChIJn0g7Z_hIxwcRCthVLfvxxjY,"R. NOGUEIRA ACIOLI, 1385 - CENTRO, FORTALEZA - CE, 60110-141",Fortaleza,,CE,BR,60110-141,-3.735917,-38.5187483,"pharmacy, wholesaler",,,bigquery,
DROGARIA RENA,Drogaria Rena,ChIJn57G8bv5zpQRN-mpdaJml3E,RUA TENENTE-CORONEL JOSÉ JOAQUIM C ARRUDA 440 - TR  SP  BRASIL,São Paulo,,SP,BR,,-23.4791426,-46.6950772,Health & Beauty,,,bigquery,
Drogaria São Paulo,Drogaria São Paulo,ChIJnQYwjIxozpQRNP1F1umhIyQ,"Av. Baronesa de Muritiba, 60 - Parque Sao Rafael, São Paulo - SP, 08311-080, Brazil",São Paulo,,SP,BR,08311080,-23.6282731,-46.4705896,"drugstore,health,store,point_of_interest,establishment",,,bigquery,"{""source"": ""supabase_places_cache_migration"", ""types"": [""drugstore"", ""health"", ""store"", ""point_of_interest"", ""establishment""], ""rating"": null, ""refreshed_at"": ""2026-05-22T20:20:23.453+00:00""}"
Droga Raia,Droga Raia,ChIJnQiGcvhazpQRpJyl4iY1DAg,"AVENIDA FAGUNDES FILHO, 134 LJ 1 2 E 3 - Vila Monte Alegre, São Paulo - SP, 04304-000, Brazil",São Paulo,,SP,BR,04304000,-23.6271209,-46.639947,"pharmacy,health,store,point_of_interest,establishment",,,bigquery,"{""source"": ""supabase_places_cache_migration"", ""types"": [""pharmacy"", ""health"", ""store"", ""point_of_interest"", ""establishment""], ""rating"": null, ""refreshed_at"": ""2026-05-08T18:05:14.935+00:00""}"
PHARMATURAL,Pharmatural,ChIJnR5DEklazpQRCTspw_dFfYw,"METRÔ PRAÇA DA ÁRVORE - R. PITANGUEIRAS, 147 - PRAÇA DA ÁRVORE, SÃO PAULO - SP, 04052-020",São Paulo,,SP,BR,04052-020,-23.6104144,-46.6390192,Pharmacy,,,bigquery,
Unicpharma - Casa Verde,Unicpharma - Casa Verde,ChIJnZ0fbuX3zpQRsv7_vavwvJ8,"R. Dr. César Castiglioni Júnior, 389 - Casa Verde, São Paulo - SP, 02515-000",São Paulo,,SP,BR,02515000,-23.509847099999998,-46.65920200000001,"pharmacy,store,health,point_of_interest,establishment",,,bigquery,"{""source"":""google_places_augment"",""types"":[""pharmacy"",""store"",""health"",""point_of_interest"",""establishment""],""rating"":null}"
Drogaria sao paulo,Drogaria São Paulo,ChIJnaUuHgClnZMRwacNzipbzC8,"Avenida Professora Edna Maria de Albuquerque Affi - Av. das Torres, 29 - Q 22 L 01 - Recanto dos Pássaros, Cuiabá - MT, 78028-160",Cuiabá,,MT,BR,78028160,-15.6111072,-56.033748599999996,"pharmacy,store,point_of_interest,health,establishment",,,bigquery,"{""source"":""google_places_augment"",""types"":[""pharmacy"",""store"",""point_of_interest"",""health"",""establishment""],""rating"":null}"
Drogaria São Paulo,Drogaria São Paulo,ChIJnc5Duxj2zpQRVIFYg_p-4So,"Av. Luiz Dumont Villares, 829 - Jardim São Paulo, São Paulo - SP, 02085-100",São Paulo,,SP,BR,02085100,-23.4945222,-46.612187999999996,"drugstore,health,store,point_of_interest,establishment",,,bigquery,"{""source"":""google_places_augment"",""types"":[""drugstore"",""health"",""store"",""point_of_interest"",""establishment""],""rating"":null}"
DROGARIA NOVA ESPERANÇA,Drogaria Nova Esperança,ChIJnepyADtbzpQR00J0uXV2i4I,"AV. JOSÉ MARIA WHITAKER, 1366 - PLANALTO PAULISTA, SÃO PAULO - SP, 04057-000",São Paulo,,SP,BR,04057-000,-23.6122448,-46.644859,Health & Beauty,,,bigquery,
DROGASIL,Drogasil,ChIJnez7OZVZzpQRjjyXpmQMto4,"R. TUTÓIA, 372 - PARAÍSO, SÃO PAULO - SP, 04007-000",São Paulo,,SP,BR,04007-000,-23.5742054,-46.6508443,Health & Beauty,,,bigquery,
FARMÁCIA PAGUE MENOS,Farmácia Pague Menos,ChIJnyYNFatJxwcR0lga3Lv2Sz4,"R. FLORIANO PEIXOTO, 1021 - CENTRO, FORTALEZA - CE, 60025-130",Fortaleza,,CE,BR,60025-130,-3.7313505,-38.5284033,Health & Beauty,,,bigquery,
CNPJ.INFO › EXPRESSA-DISTRIBUI... EXPRESSA DISTRIBUIDORA E MEDICAMENTOSD,Cnpj.info › Expressa-Distribui... Expressa Distribuidora E Medicamentosd,ChIJo-xCtKxJxwcRwojRxiDdXsk,"R. JOÃO CORDEIRO, 1904 - ALDEOTA, FORTALEZA - CE, 60110-301",Fortaleza,,CE,BR,60110-301,-3.736908,-38.5170727,Pharmacy,,,bigquery,
Consulado da Ração Voluntários - Pet Shop - Entrega de Ração e Medicamentos em até 4 Horas,Consulado da Ração Voluntários - Pet Shop - Entrega de Ração e Medicamentos em até 4 Horas,ChIJo1eHLuj3zpQRzJt2VBtT6W8,"R. Voluntários da Pátria, 2885 - Santana, São Paulo - SP, 02401-100",São Paulo,,SP,BR,02401100,-23.4947981,-46.6259915,"pharmacy,veterinary_care,pet_store,health,pet_care,point_of_interest,supplier,service,food,manufacturer,store,establishment",,,bigquery,"{""source"":""google_places_augment"",""types"":[""pharmacy"",""veterinary_care"",""pet_store"",""health"",""pet_care"",""point_of_interest"",""supplier"",""service"",""food"",""manufacturer"",""store"",""establishment""],""rating"":null}"
NÚCLEO DE MANIPULAÇÃO,Núcleo De Manipulação,ChIJo4TlXy5azpQRar0M2E6z_JU,"R. MAIRINQUE, 168 - VILA MARIANA, SÃO PAULO - SP, 04037-020",São Paulo,,SP,BR,04037-020,-23.5947423,-46.638055,Pharmacy,,,bigquery,
Drogasil,Drogasil,ChIJo51BYgBbzpQRPdsMyNam9Ws,"R. Getúlio Vargas Filho, 333 - Cidade Vargas, São Paulo - SP, 04318-030, Brazil",São Paulo,,SP,BR,04318030,-23.6451879,-46.6359021,"pharmacy,point_of_interest,store,health,establishment",,,bigquery,"{""source"": ""supabase_places_cache_migration"", ""types"": [""pharmacy"", ""point_of_interest"", ""store"", ""health"", ""establishment""], ""rating"": null, ""refreshed_at"": ""2026-05-08T17:56:59.763+00:00""}"
Revendedora De O Boticario,O Boticário,ChIJo7wj-9VozpQRugAHg1hnC8k,"R. Duarte Teixeira Chaves - Jardim Santo Andre, São Paulo - SP, 08390-410, Brazil",São Paulo,,SP,BR,08390410,-23.6336916,-46.4436406,"pharmacy,health,point_of_interest,store,establishment",,,bigquery,"{""source"": ""supabase_places_cache_migration"", ""types"": [""pharmacy"", ""health"", ""point_of_interest"", ""store"", ""establishment""], ""rating"": null, ""refreshed_at"": ""2026-06-05T15:43:05.081+00:00""}"
CENTERFÓRMULA - FARMÁCIA DE MANIPULAÇÃO,Centerfórmula - Farmácia De Manipulação,ChIJo9fkDZZezpQRD1QVMJl_tZ8,"R. TUIUTI, 2920 - TATUAPE, SÃO PAULO - SP, 03307-000",São Paulo,,SP,BR,03307-000,-23.5512838,-46.5731415,Pharmacy,,,bigquery,
Drogasil,Drogasil,ChIJoRzq9rz3zpQRpvAblzclRv4,"Av. Eng. Caetano Álvares, 4112 - 4116 - Imirim, São Paulo - SP, 02413-000, Brazil",São Paulo,,SP,BR,02413000,-23.4884013,-46.6479198,"pharmacy,health,store",,,bigquery,"{""source"": ""supabase_places_cache_migration"", ""types"": [""pharmacy"", ""health"", ""store""], ""rating"": null, ""refreshed_at"": ""2026-03-25T13:30:27.021718+00:00""}"
GLOBAL PHARMA HUMAN,Global Pharma Human,ChIJoWMpGThbzpQRL9rIeoOIwzE,"R. DAS ROSAS, 665 - VILA MARIANA, SÃO PAULO - SP, 04048-001",São Paulo,,SP,BR,04048-001,-23.6051892,-46.6428343,Pharmacy,,,bigquery,
OPHTALMOS FÓRMULAS OFICINAIS,Ophtalmos Fórmulas Oficinais,ChIJoWWLX05YzpQR_O5t6n29JOk,"AV. IPIRANGA, 324 - REPÚBLICA, SÃO PAULO - SP, 01046-010",São Paulo,,SP,BR,01046-010,-23.5456571,-46.6439052,Pharmacy,,,bigquery,
DROGALISA,Drogalisa,ChIJoWlkHOb3zpQRH1NyoPh4BPU,CASA VERDE  SÃO PAULO - SP  02516-020  BRASIL,São Paulo,,SP,BR,02516-020,-23.5079567,-46.6551767,"pharmacy,health,point_of_interest,store,establishment",,,bigquery,
Drogaria São Paulo,Drogaria São Paulo,ChIJoZOhjQJXzpQRhsdVXbk4tIE,"Av. Prof. Francisco Morato, 2878 - Butantã, São Paulo - SP, 05512-300, Brazil",São Paulo,,SP,BR,05512300,-23.5872646,-46.726516,"drugstore,store,point_of_interest,health,establishment",,,bigquery,"{""source"": ""supabase_places_cache_migration"", ""types"": [""drugstore"", ""store"", ""point_of_interest"", ""health"", ""establishment""], ""rating"": null, ""refreshed_at"": ""2026-05-22T20:20:13.858+00:00""}"
MANIFARMA CENTRO - FARMÁCIA DE MANIPULAÇÃO,Manifarma Centro - Farmácia De Manipulação,ChIJodnIvmVZzpQR4t7TKRd7vfU,"R. CONSELHEIRO CRISPINIANO, 143 - CENTRO HISTÓRICO DE SÃO PAULO, SÃO PAULO - SP, 01037-001",São Paulo,,SP,BR,01037-001,-23.5458747,-46.6394667,Pharmacy,,,bigquery,
Drogaria São Paulo,Drogaria São Paulo,ChIJozVRpwtfzpQRloxDfYu96_U,"Av. São Miguel, 20 - Vila Marieta, São Paulo - SP, 03620-000",São Paulo,,SP,BR,03620000,-23.5221615,-46.5259079,"drugstore,health,point_of_interest,store,establishment",,,bigquery,"{""source"":""google_places_augment"",""types"":[""drugstore"",""health"",""point_of_interest"",""store"",""establishment""],""rating"":null}"
Drogaria São Paulo,Drogaria São Paulo,ChIJp-O_jTtYzpQRzECF2aIZDto,"Av. Higienópolis, 646 - Higienópolis, São Paulo - SP, 01238-000, Brazil",São Paulo,,SP,BR,01238000,-23.5418011,-46.658285199999995,"drugstore,store,health,point_of_interest,establishment",,,bigquery,"{""source"":""google_places_augment"",""types"":[""drugstore"",""store"",""health"",""point_of_interest"",""establishment""],""rating"":null}"
DROGARIA MOURA,Drogaria Moura,ChIJp3u4idGvnZMR034JLCpVg5M,VISTA ALEGRE  CUIABÁ - MT  BRASIL,Cuiabá,,MT,BR,,-15.6362634,-56.0498086,Health & Beauty,,,bigquery,
Drogaria São Paulo,Drogaria São Paulo,ChIJp3wudgpZzpQRUlTzwByNuBU,"R. Frei Caneca, 569 - Consolação, São Paulo - SP, 01307-001",São Paulo,,SP,BR,01307001,-23.5537637,-46.65281470000001,"drugstore,store,health,point_of_interest,establishment",,,bigquery,"{""source"":""google_places_augment"",""types"":[""drugstore"",""store"",""health"",""point_of_interest"",""establishment""],""rating"":null}"
RAIA & CIA,Raia & Cia,ChIJp4aejVFYzpQR4me4HFA-i2s,"R. BARÃO DE ITAPETININGA, 99 - REPÚBLICA, SÃO PAULO - SP, 01042-001",São Paulo,,SP,BR,01042-001,-23.5451899,-46.640271,Pharmacy,,,bigquery,
CRVet Centro Veterinário e Estética Animal,CRVet Centro Veterinário e Estética Animal,ChIJpS2AJMdfzpQRve9dpLP1SN0,"R. José Oscar Abreu Sampaio, 44 - Jardim Analia Franco, São Paulo - SP, 03337-020",São Paulo,,SP,BR,03337020,-23.5569813,-46.565293999999994,"pharmacy,veterinary_care,pet_store,health,pet_care,point_of_interest,service,store,establishment",,,bigquery,"{""source"":""google_places_augment"",""types"":[""pharmacy"",""veterinary_care"",""pet_store"",""health"",""pet_care"",""point_of_interest"",""service"",""store"",""establishment""],""rating"":null}"
DROGARAIA,Droga Raia,ChIJpSDCufBQzpQRO085mBbucew,AV. SANTO AMARO  6919 - ALTO DA BOA VISTA  SÃO PAULO - SP  04701-200  BRASIL,São Paulo,,SP,BR,04701-200,-23.6411825,-46.6986233,"drugstore,health,point_of_interest,store,establishment",,,bigquery,
DROGA VEGETAL (DV NATURAIS),Droga Vegetal (Dv Naturais),ChIJpXMSt6tZzpQRfXVteB8wnI4,"PRAÇA DR. JOÃO MENDES, 43 - SÉ, SÃO PAULO - SP, 01501-001",São Paulo,,SP,BR,01501-001,-23.551558,-46.634936,Pharmacy,,,bigquery,
Farmácia Pague Menos,Farmácia Pague Menos,ChIJpZiU-4ZZzpQRqhRLkwVlR4E,"Rua Carlos Petit, 36 - Vila Mariana, São Paulo - SP, 04110-000, Brazil",São Paulo,,SP,BR,04110000,-23.5850236,-46.6365176,"pharmacy,drugstore,store,point_of_interest,health,establishment",,,bigquery,"{""source"": ""supabase_places_cache_migration"", ""types"": [""pharmacy"", ""drugstore"", ""store"", ""point_of_interest"", ""health"", ""establishment""], ""rating"": null, ""refreshed_at"": ""2026-05-22T20:40:55.374+00:00""}"
FARMA VALO,Farma Valo,ChIJpf2hwh9TzpQREXET2Vwo-Pk,"ESTR. DE ITAPECERICA, 8680 - LOJA 2 - VALO VELHO, SÃO PAULO - SP, 05858-002",São Paulo,,SP,BR,05858-002,-23.6836163,-46.798205,Pharmacy,,,bigquery,
Animal Farma Manipulação Veterinária - Tatuapé SP,Animal Farma Manipulação Veterinária - Tatuapé SP,ChIJpxhAG_lfzpQRhQp2sowG7HM,"R. Tijuco Preto, 423 - Tatuapé, São Paulo - SP, 03316-000",São Paulo,,SP,BR,03316000,-23.543884600000002,-46.5716901,"pharmacy,veterinary_care,health,pet_care,point_of_interest,store,establishment",,,bigquery,"{""source"":""google_places_augment"",""types"":[""pharmacy"",""veterinary_care"",""health"",""pet_care"",""point_of_interest"",""store"",""establishment""],""rating"":null}"
OTOSPAN,Otospan,ChIJpzidh2pJxwcRowgZbn_4N0E,"CENTRO, FORTALEZA - STATE OF CEARÁ, 60025-130",Fortaleza,,CE,BR,60025-130,-3.7316812,-38.5286195,Pharmacy,,,bigquery,
Farmácia Pague Menos,Farmácia Pague Menos,ChIJpzsclJ5jzpQRlzBDbONPQ7Y,"Av. Oliveira Freire, 607 - Parque Paulistano, São Paulo - SP, 08080-570, Brazil",São Paulo,,SP,BR,08080570,-23.4845666,-46.4297745,"pharmacy,drugstore,store,health,point_of_interest,establishment",,,bigquery,"{""source"": ""supabase_places_cache_migration"", ""types"": [""pharmacy"", ""drugstore"", ""store"", ""health"", ""point_of_interest"", ""establishment""], ""rating"": null, ""refreshed_at"": ""2026-05-22T20:40:57.239+00:00""}"
DROGASIL,Drogasil,ChIJq-GA0fpXzpQR3SPiOz06tPo,"RUA CAYOWAÁ, 489 - 495 - 501 - 503 - PERDIZES, SÃO PAULO - SP, 05018-000",São Paulo,,SP,BR,05018-000,-23.5334293,-46.6797674,Health & Beauty,,,bigquery,
Droga Raia,Droga Raia,ChIJq4hrGJ1XzpQR_nMK2yEBV5s,"R. CÔNEGO EUGÊNIO LEITE, 720, 722, 730 e 732 - Pinheiros, São Paulo - SP, 05414-000, Brazil",São Paulo,,SP,BR,05414000,-23.562578,-46.6813615,"pharmacy,store,health,point_of_interest,establishment",,,bigquery,"{""source"":""google_places_augment"",""types"":[""pharmacy"",""store"",""health"",""point_of_interest"",""establishment""],""rating"":null}"
DROGARIA DROGA MAR DELIVERY,Drogaria Droga Mar Delivery,ChIJq6lGR0RIxwcRNFe8apxckfk,"AV. MONSENHOR TABOSA, 743 - CENTRO, FORTALEZA - CE, 60165-011",Fortaleza,,CE,BR,60165-011,-3.7238606,-38.5127796,Health & Beauty,,,bigquery,
HOMEOPATIA HN CRISTIANO,Homeopatia Hn Cristiano,ChIJq6oX9oFXzpQRYYcshjopKhY,"R. CRISTIANO VIANA, 96 - CERQUEIRA CÉSAR, SÃO PAULO - SP, 05411-000",São Paulo,,SP,BR,05411-000,-23.5614865,-46.675316,Pharmacy,,,bigquery,
XMATHAUS IN PARCERIA HUANDER,Xmathaus In Parceria Huander,ChIJq6qqkl9UzpQRDI5t8NueSDU,"PARQUE PINHEIROS, TABOÃO DA SERRA - STATE OF SÃO PAULO, 06767-220",São Paulo,,SP,BR,06767-220,-23.6177747,-46.7864074,Pharmacy,,,bigquery,
BOTICA ANIMAL INDÚSTRIA E COMÉRCIO DE PRODUTOS VETERINÁRIOS,Botica Animal Indústria E Comércio De Produtos Veterinários,ChIJq6qqqtdZzpQRyUlI-pIhaZY,"ALAMEDA SANTOS, 1470 - SALA 301 - CERQUEIRA CÉSAR, SÃO PAULO - SP, 01413-100",São Paulo,,SP,BR,01413-100,-23.5632618,-46.656033,Pharmacy,,,bigquery,
Drogaria São Paulo,Drogaria São Paulo,ChIJqSQ482hFzpQRa0YLpf3F8s4,"Estr. do Alvarenga, 1661 - Balneário Mar Paulista, São Paulo - SP, 04467-000, Brazil",São Paulo,,SP,BR,04467000,-23.6933017,-46.6594072,"drugstore,health,store,point_of_interest,establishment",,,bigquery,"{""source"": ""supabase_places_cache_migration"", ""types"": [""drugstore"", ""health"", ""store"", ""point_of_interest"", ""establishment""], ""rating"": null, ""refreshed_at"": ""2026-05-22T20:20:24.326+00:00""}"
HOMEOCLINICA CLIN MED HOMEOPATICA,Homeoclinica Clin Med Homeopatica,ChIJqUtGf4lZzpQRI2vP0fKLTVc,"R. JOAQUIM TÁVORA, 1415 - VILA MARIANA, SÃO PAULO - SP, 04015-003",São Paulo,,SP,BR,04015-003,-23.5881555,-46.64581,Pharmacy,,,bigquery,
FARMACIA MAIS BRASIL NEPOFARMA LOPES SUPERMERCADO ITAQUERA,Farmacia Mais Brasil Nepofarma Lopes Supermercado Itaquera,ChIJqX_YHuFnzpQR40r7cz5Pa7Y,"R. SABBADO D'ÂNGELO, 1980 - LOJA 9 - ITAQUERA, SÃO PAULO - SP, 08210-791",São Paulo,,SP,BR,08210-791,-23.5499615,-46.4457239,Health & Beauty,,,bigquery,
Drogaria São Paulo,Drogaria São Paulo,ChIJqZ1QkQxUzpQRmrEM4aNAWJc,"Estr. do Campo Limpo, 4350 - Campo Limpo, São Paulo - SP, 05787-000",São Paulo,,SP,BR,05787000,-23.626210999999998,-46.765673,"drugstore,health,store,point_of_interest,establishment",,,bigquery,"{""source"":""google_places_augment"",""types"":[""drugstore"",""health"",""store"",""point_of_interest"",""establishment""],""rating"":null}"
DROGARIA NOVA CLEMENTINO LTDA,Drogaria Nova Clementino Ltda,ChIJqZMJh35UzpQRBKS1KvO7y9s,"ESTR. KIZAEMON TAKEUTI, 676 - JARDIM CLEMENTINO, TABOÃO DA SERRA - SP, 06775-000",São Paulo,,SP,BR,06775-000,-23.6336849,-46.7840376,Health & Beauty,,,bigquery,
Droga Raia,Droga Raia,ChIJq__qJ_1bzpQRoCwZ6OCuTRM,"Alameda Iraé, 533 - Indianópolis, São Paulo - SP, 04075-000, Brazil",São Paulo,,SP,BR,04075000,-23.6038843,-46.6606282,"pharmacy,health,point_of_interest,store,establishment",,,bigquery,"{""source"":""google_places_augment"",""types"":[""pharmacy"",""health"",""point_of_interest"",""store"",""establishment""],""rating"":null}"
FARMALISÉ - CONSOLAÇÃO,Farmalisé - Consolação,ChIJqagqhElYzpQR0NFzkoeS80M,"R. DA CONSOLAÇÃO, 835 - CONSOLAÇÃO, SÃO PAULO - SP, 01302-000",São Paulo,,SP,BR,01302-000,-23.5482416,-46.6492608,Pharmacy,,,bigquery,
Condomínio Edifício Drogasil Pinheiros,Drogasil,ChIJqbWluaBXzpQRZVBa3M0FdqA,"Condomínio Edifício Drogasil Pinheiros - Pinheiros, São Paulo - SP, 05408-000, Brazil",São Paulo,,SP,BR,05408000,-23.567612699999998,-46.693945,"premise,street_address",,,bigquery,"{""source"":""google_places_augment"",""types"":[""premise"",""street_address""],""rating"":null}"
Carrefour Drogaria Penha,Carrefour,ChIJqw38BSRezpQR3ht7r4PvuUs,"Av. Amador Bueno da Veiga, 2521 - Penha de França, São Paulo - SP, 03653-000",São Paulo,,SP,BR,03653000,-23.522477499999997,-46.5213974,"pharmacy,store,health,point_of_interest,establishment",,,bigquery,"{""source"":""google_places_augment"",""types"":[""pharmacy"",""store"",""health"",""point_of_interest"",""establishment""],""rating"":null}"
Drogaria São Paulo,Drogaria São Paulo,ChIJqxmuKS1ZzpQRjbQ29Au_8tM,"R. Júlio de Castilhos, 744 - Belenzinho, São Paulo - SP, 03059-000",São Paulo,,SP,BR,03059000,-23.5413551,-46.593700899999995,"drugstore,health,store,point_of_interest,establishment",,,bigquery,"{""source"":""google_places_augment"",""types"":[""drugstore"",""health"",""store"",""point_of_interest"",""establishment""],""rating"":null}"
Droga Raia,Droga Raia,ChIJqz9QEBZYzpQR32tXII8IaOk,"Alameda Barros, 584 - CEP: 01232000 - Santa Cecilia, São Paulo - SP, 01232-000, Brazil",São Paulo,,SP,BR,01232000,-23.5361245,-46.6567714,"pharmacy,store,health,point_of_interest,establishment",,,bigquery,"{""source"":""google_places_augment"",""types"":[""pharmacy"",""store"",""health"",""point_of_interest"",""establishment""],""rating"":null}"
R S LOBATO DISTRIBUIDORA DE MEDICAMENTOS,R S Lobato Distribuidora De Medicamentos,ChIJr-sClB6PpJIR7uQiMfIb4N8,"R. DOS MUNDURUCUS, 2710 - CREMAÇÃO, BELÉM - PA, 66040-033",Belém,,PA,BR,66040-033,-1.4585037,-48.4815762,"pharmacy, wholesaler",,,bigquery,
Drogaria São Paulo,Drogaria São Paulo,ChIJr2WFzK6xnZMRiouGuzNdIZk,"avenida historiador rubens de mendonca, 3300 lj 2009 - jardim aclimação cuiaba / MTCEP: - Jardim Aclimacao, Cuiabá - MT, 78050-280",Cuiabá,,MT,BR,78050280,-15.582190899999999,-56.076961999999995,"drugstore,store,point_of_interest,health,establishment",,,bigquery,"{""source"":""google_places_augment"",""types"":[""drugstore"",""store"",""point_of_interest"",""health"",""establishment""],""rating"":null}"
ALQUIMIA COMERCIAL - PRODUTOS NATURAIS,Alquimia Comercial - Produtos Naturais,ChIJr2q0ihxYzpQRoz1zn-dzu6o,"R. MONTE ALEGRE, 341 - PERDIZES, SÃO PAULO - SP, 05014-000",São Paulo,,SP,BR,05014-000,-23.5336955,-46.667059,Pharmacy,,,bigquery,
DROGARIA VILA ELIDA,Drogaria Vila Elida,ChIJr3Oksd9EzpQR2IexFjqGjgQ,"R. MAL. JUAREZ TÁVORA, 11 - CENTRO, DIADEMA - SP, 09913-210",São Paulo,,SP,BR,09913-210,-23.678416,-46.62977,Health & Beauty,,,bigquery,
M & D DROGARIA E PERFUMARIA,M & D Drogaria E Perfumaria,ChIJr4UJR6VVzpQRQfosGVgO74Q,"ROD. RÉGIS BITTENCOURT, 4551 - KM 274 - JARDIM SALETE, TABOÃO DA SERRA - SP, 06780-190",São Paulo,,SP,BR,06780-190,-23.6181546,-46.7953487,Pharmacy,,,bigquery,
"FARMA ELO DROGARIA E PERFUMARIA, FAZEMOS ENTREGAS CAMPO LIMPO, TABOÃO DA SERRA, EMBU DAS ARTES","Farma Elo Drogaria E Perfumaria, Fazemos Entregas Campo Limpo, Taboão Da Serra, Embu Das Artes",ChIJr8sWcm5VzpQRDD4Bmu6sG_o,"RUA JOSÉ FELIX, 91 - JARDIM TABOAO, SÃO PAULO - SP, 05742-050",São Paulo,,SP,BR,05742-050,-23.6081445,-46.7512397,Diagnostic center,,,bigquery,
MED SHOP,Med Shop,ChIJrRVZEapJxwcRlhGpTjAxLzk,"CENTRO, FORTALEZA - STATE OF CEARÁ, 60025-001",Fortaleza,,CE,BR,60025-001,-3.7333732,-38.5313221,Pharmacy,,,bigquery,
ARTE TERAPÊUTICA,Arte Terapêutica,ChIJrRfoKdVbzpQRuj_iiz6kvx0,"R. DR. NETO DE ARAÚJO, 357 - VILA MARIANA, SÃO PAULO - SP, 04111-001",São Paulo,,SP,BR,04111-001,-23.5875975,-46.6315631,Pharmacy,,,bigquery,
Drogaria São Paulo,Drogaria São Paulo,ChIJrSZRD4mxnZMRSRlBnvxkRdw,"Av. Pres. Getúlio Vargas, 1245 - Centro Norte, Cuiabá - MT, 78005-370",Cuiabá,,MT,BR,78005370,-15.5919866,-56.1043398,"drugstore,health,store,point_of_interest,establishment",,,bigquery,"{""source"":""google_places_augment"",""types"":[""drugstore"",""health"",""store"",""point_of_interest"",""establishment""],""rating"":null}"
FARMABRUNA,Farmabruna,ChIJrTD-7ABTzpQRK4BfNeb7COk,"ESTR. DE ITAPECERICA, 7083 - PARQUE FERNANDA, SÃO PAULO - SP, 05858-003",São Paulo,,SP,BR,05858-003,-23.6744585,-46.7878109,Pharmacy,,,bigquery,
Drogaria São Paulo,Drogaria São Paulo,ChIJrbiAL1H5zpQRx6IUCoR_W0Q,"Av. Manuel Bandeira, 291 - Vila Leopoldina, São Paulo - SP, 05317-020, Brazil",São Paulo,,SP,BR,05317020,-23.5424111,-46.7347106,"pharmacy,health,point_of_interest,store,establishment",,,bigquery,"{""source"": ""supabase_places_cache_migration"", ""types"": [""pharmacy"", ""health"", ""point_of_interest"", ""store"", ""establishment""], ""rating"": null, ""refreshed_at"": ""2026-05-22T20:19:53.092+00:00""}"
DROGAFARMA YA-FARMA,Drogafarma Ya-Farma,ChIJreQEZHxUzpQR9gPBxj0AhcM,"AV. LAURITA ORTEGA MARI, 2073 - PARQUE PINHEIROS, TABOÃO DA SERRA - SP, 06766-361",São Paulo,,SP,BR,06766-361,-23.6306962,-46.7825925,Pharmacy,,,bigquery,
Drugstore Sao Paulo,Drugstore Sao Paulo,ChIJrevsTedQzpQRnR2_hcXAhTg,"R. Américo Brasiliense, 1842 - Chácara Santo Antônio (Zona Sul), São Paulo - SP, 04715-004, Brazil",São Paulo,,SP,BR,04715004,-23.6300437,-46.7040092,"drugstore,health,store,point_of_interest,establishment",,,bigquery,"{""source"": ""supabase_places_cache_migration"", ""types"": [""drugstore"", ""health"", ""store"", ""point_of_interest"", ""establishment""], ""rating"": null, ""refreshed_at"": ""2026-05-22T20:20:26.294+00:00""}"
PARK FARMA,Park Farma,ChIJrw5YMy_5zpQRlK3qSpNgbOA,"RUA BRIGADEIRO HENRIQUE FONTENELLE, 459 - PARQUE SAO DOMINGOS, SÃO PAULO - SP, 05125-000",São Paulo,,SP,BR,05125-000,-23.5034037,-46.7396786,Homeopathic pharmacy,,,bigquery,
Drogasil,Drogasil,ChIJs-k9jdqlnZMRDsrHL6pjnTQ,"Ao Lado do Condomínio Florais Esmeralda - Av. das Torres, 1607 - São Sebastião, Cuiabá - MT, 78092-090, Brazil",Cuiabá,,MT,BR,78092090,-15.6210849,-56.008128,"pharmacy,drugstore,point_of_interest,store,health,establishment",,,bigquery,"{""source"": ""supabase_places_cache_migration"", ""types"": [""pharmacy"", ""drugstore"", ""point_of_interest"", ""store"", ""health"", ""establishment""], ""rating"": null, ""refreshed_at"": ""2026-05-08T17:54:04.118+00:00""}"
DROGASIL,Drogasil,ChIJs-nEVPL2zpQRCtS1Gnpsl6Q,"R. MARIA AMÁLIA LOPES AZEVEDO, 1027 - 33 - VILA ALBERTINA, SÃO PAULO - SP, 02350-001",São Paulo,,SP,BR,02350-001,-23.4579738,-46.615696,Health & Beauty,,,bigquery,
ECONOMIA FARMA,Economia Farma,ChIJs195-yVJxwcRq8_EIyUIBTc,"AV. BORGES DE MELO, 1575 - FÁTIMA, FORTALEZA - CE, 60410-335",Fortaleza,,CE,BR,60410-335,-3.7580129,-38.5326368,Pharmacy,,,bigquery,
DROGARIA CENTRAL,Drogaria Central,ChIJs2LGvoFTzpQRciyRfefK3HQ,"AV. AUGUSTO BARBOSA TAVARES, 472 - JARDIM IRACEMA, SÃO PAULO - SP, 05790-140",São Paulo,,SP,BR,05790-140,-23.641597,-46.7852752,Health & Beauty,,,bigquery,
DROGASIL,Drogasil,ChIJs35CzuJXzpQRC2JYOciPtkM,"R. PALESTRA ITÁLIA, 500 - SUC T 2 - PERDIZES, SÃO PAULO - SP, 05005-030",São Paulo,,SP,BR,05005-030,-23.5262803,-46.6810843,Health & Beauty,,,bigquery,
VITA FARMA,Vita Farma,ChIJs8U93iJUzpQR06gHx7pU9Mc,"AV. ARMANDO DE ANDRADE, 397 - PARQUE SANTOS DUMONT, TABOÃO DA SERRA - SP, 06754-070",São Paulo,,SP,BR,06754-070,-23.6073042,-46.7563984,Pharmacy,,,bigquery,
Drogasil,Drogasil,ChIJs8qbds33zpQROfM4krXPev0,"Av. Zumkeller, 690/692 - Parque Mandaqui, São Paulo - SP, 02420-001, Brazil",São Paulo,,SP,BR,02420001,-23.4741485,-46.6365334,"pharmacy,store,health,point_of_interest,establishment",,,bigquery,"{""source"":""google_places_augment"",""types"":[""pharmacy"",""store"",""health"",""point_of_interest"",""establishment""],""rating"":null}"
DROGA MAIS BRASIL - NOVA VIDA,Droga Mais Brasil - Nova Vida,ChIJsRAWX4e6nZMRXa5mCnM4mNA,AV NILTON RABELO CASTRO - S/N LT 25  CUIABÁ - MT  78099-000  BRASIL,Cuiabá,,MT,BR,78099-000,-15.5668651,-56.0182894,"drugstore,pharmacy,health,store,point_of_interest,establishment",,,bigquery,
DROGASIL,Drogasil,ChIJsS6LYEhZzpQR-QGksZHoe20,"AV. ANGÉLICA, 1868 - CONSOLAÇÃO, SÃO PAULO - SP, 01228-200",São Paulo,,SP,BR,01228-200,-23.5487329,-46.659436,Health & Beauty,,,bigquery,
MAXX FARMA,Maxx Farma,ChIJsUlHkUBYzpQRe592Pm06p4g,"R. DAS PALMEIRAS, 118 - SANTA CECILIA, SÃO PAULO - SP, 01226-010",São Paulo,,SP,BR,01226-010,-23.5379327,-46.6503141,Pharmacy,,,bigquery,
SAVIO HELENO,Savio Heleno,ChIJsW47ZVlIxwcRG-My-VD874Y,"AV. SANTOS DUMONT, 1169 - LJ7 - ALDEOTA, FORTALEZA - CE, 60150-160",Fortaleza,,CE,BR,60150-160,-3.7313973,-38.5131817,Pharmacy,,,bigquery,
FARMA GRILLO,Farma Grillo,ChIJsYKew0BUzpQR3u91cTlZG5I,"AO LADO DO MINI EXTRA - AV. VIDA NOVA, 28 - JARDIM MARIA ROSA, TABOÃO DA SERRA - SP, 05576-100",São Paulo,,SP,BR,05576-100,-23.6096807,-46.7695401,Pharmacy,,,bigquery,
POUPA MAIS FARMA,Poupa Mais Farma,ChIJsauJ4RRYzpQRH5kqxEK0ESg,"ALAMEDA EDUARDO PRADO, 873 - CAMPOS ELÍSEOS, SÃO PAULO - SP, 01218-012",São Paulo,,SP,BR,01218-012,-23.5330563,-46.6526978,Pharmacy,,,bigquery,
Drogaria São Paulo,Drogaria São Paulo,ChIJse6FQlX_zpQRt_5F7mZoLis,"Av. Pres. Altino, 766 - Jaguaré, São Paulo - SP, 05323-001",São Paulo,,SP,BR,05323001,-23.548782199999998,-46.7489449,"drugstore,store,health,point_of_interest,establishment",,,bigquery,"{""source"":""google_places_augment"",""types"":[""drugstore"",""store"",""health"",""point_of_interest"",""establishment""],""rating"":null}"
Drugstore Sao Paulo,Drugstore Sao Paulo,ChIJsfYrz4hWzpQRAhDr_L5n-f4,"Av. Min. Laudo Ferreira de Camargo, 352 - Jardim Peri Peri, São Paulo - SP, 05537-000, Brazil",São Paulo,,SP,BR,05537000,-23.5867003,-46.7369043,"drugstore,store,point_of_interest,health,establishment",,,bigquery,"{""source"": ""supabase_places_cache_migration"", ""types"": [""drugstore"", ""store"", ""point_of_interest"", ""health"", ""establishment""], ""rating"": null, ""refreshed_at"": ""2026-05-22T20:19:49.966+00:00""}"
MANIPULACAO & HOMEOPATIA,Manipulacao & Homeopatia,ChIJsxzpcrxezpQR5YK17DUvvtY,"AV. ÁLVARO RAMOS, 2155 - ÁGUA RASA, SÃO PAULO - SP, 03331-001",São Paulo,,SP,BR,03331-001,-23.5538577,-46.5783482,Pharmacy,,,bigquery,
DROGARIA QUINTAFARMA,Drogaria Quintafarma,ChIJt-YEnblTzpQRwCpHNNzBpcw,ESTR. DE ITAPECERICA  4830 - CIDADE AUXILIADORA  SÃO PAULO - SP  05858-000  BRASIL,São Paulo,,SP,BR,05858-000,-23.6589353,-46.7743671,Health & Beauty,,,bigquery,
ÓRION FARMÁCIA DE MANIPULAÇÃO,Órion Farmácia De Manipulação,ChIJt5bD7EpYzpQRpe-3W2YVjQA,"R. FREI CANECA, 226 - CONSOLAÇÃO, SÃO PAULO - SP, 01307-000",São Paulo,,SP,BR,01307-000,-23.5519468,-46.6499179,Pharmacy,,,bigquery,
DROGASIL,Drogasil,ChIJt6IuOzVYzpQRxKknZP44dno,"RUA FREI CANECA, 569 LOJA 101 - PAVMTO TERREO SUPERIOR - CONSOLAÇÃO, SÃO PAULO - SP, 01307-001",São Paulo,,SP,BR,01307-001,-23.5538161,-46.6529963,Health & Beauty,,,bigquery,
FARMACIA ALMEIDA PRADO,Farmacia Almeida Prado,ChIJt6h20rtXzpQR1AtAl-RUQ-c,"PRAÇA BENEDITO CALIXTO, 121 - PINHEIROS, SÃO PAULO - SP, 05406-040",São Paulo,,SP,BR,05406-040,-23.5582845,-46.6811052,Health & Beauty,,,bigquery,
DROGARIA SAO PAULO,Drogaria São Paulo,ChIJt8u1eO1ZzpQRAr2f2GWd_eY,"R. MAESTRO CARDIM, 297 - BELA VISTA, SÃO PAULO - SP, 02313-000",São Paulo,,SP,BR,02313-000,-23.5635897,-46.6409257,Health & Beauty,,,bigquery,
NATURAL FARMA,Natural Farma,ChIJtRj_XslnzpQRuiBCLz7qJOM,"R. ANDRÉ DE ALMEIDA, 1240 - JARDIM CINCO DE JULHO, SÃO PAULO - SP, 03953-085",São Paulo,,SP,BR,03953-085,-23.5946634,-46.4827567,Pharmacy,,,bigquery,
SOLIS MAGISTRAL,Solis Magistral,ChIJtURt0LVQzpQR2aYpuw-yPEo,"AV. PADRE ANTÔNIO JOSÉ DOS SANTOS, 1096 - CIDADE MONÇÕES, SÃO PAULO - SP, 04563-000",São Paulo,,SP,BR,04563-000,-23.6090705,-46.6880068,Homeopathic pharmacy,,,bigquery,
Ótica Assis Pacheco Sumaré,Drogaria Pacheco,ChIJtXwOQO5XzpQRHU41qIjJFck,"R. Piracuama, 220 - Perdizes, São Paulo - SP, 05017-040",São Paulo,,SP,BR,05017040,-23.539368099999997,-46.6814318,"store,service,health,point_of_interest,establishment",,,bigquery,"{""source"":""google_places_augment"",""types"":[""store"",""service"",""health"",""point_of_interest"",""establishment""],""rating"":null}"
DROGASIL,Drogasil,ChIJtZmdlJ1ZzpQR1LeAbAdj0yg,"AV. DA ACLIMAÇÃO, 707 - ACLIMAÇÃO, SÃO PAULO - SP, 01531-001",São Paulo,,SP,BR,01531-001,-23.572419,-46.632704,Health & Beauty,,,bigquery,
ORGÂNICA FARMÁCIA MANIPULAÇÃO,Orgânica Farmácia Manipulação,ChIJtbgFGlFXzpQRVsgGKjSTldM,"R. CLODOMIRO AMAZONAS, 1158 - LOJA 02 - ITAIM BIBI, SÃO PAULO - SP, 04537-002",São Paulo,,SP,BR,04537-002,-23.5946912,-46.6769906,Pharmacy,,,bigquery,
PARÁ VISION,Pará Vision,ChIJte8x8rKPpJIRx_kHBdRhG8I,"R. SEN. MANOEL BARATA - CAMPINA, BELÉM - PA, 66010-000",Belém,,PA,BR,66010-000,-1.4503781,-48.4972445,"pharmacy, wholesaler",,,bigquery,
Carrefour Drogaria,Carrefour,ChIJteVqQGpZzpQRz2b3nZ1yMDo,"Praça Alberto Lion, 100 - Cambuci, São Paulo - SP, 01515-000, Brazil",São Paulo,,SP,BR,01515000,-23.5635186,-46.613720199999996,"pharmacy,store,health,point_of_interest,establishment",,,bigquery,"{""source"":""google_places_augment"",""types"":[""pharmacy"",""store"",""health"",""point_of_interest"",""establishment""],""rating"":null}"
ANANDA - HOMEOPATHY AND MANIPULATION PHARMACY,Ananda - Homeopathy And Manipulation Pharmacy,ChIJtf9PYuBVzpQRuanWJ9zaLJs,"AV. OTACÍLIO TOMANIK, 1314 - RIO PEQUENO, SÃO PAULO - SP, 05363-000",São Paulo,,SP,BR,05363-000,-23.5683542,-46.7501335,Pharmacy,,,bigquery,
DROGARIA,Drogaria,ChIJtx9mbmxUzpQRGkhfwLZNL0w,"R. GERALDO DE ARAÚJO SANTOS, 63 - JARDIM HELENA, TABOÃO DA SERRA - SP, 06765-020",São Paulo,,SP,BR,06765-020,-23.6197309,-46.7704619,Health & Beauty,,,bigquery,
DROGARIA LECO FARMA,Drogaria Leco Farma,ChIJtxIwshhJzpQRaduE4AMsJ2c,"AV. PROFESSOR HERMÓGENES DE FREITAS LEITÃO FILHO, 1764 - JARDIM HERPLIN, SÃO PAULO - SP, 04865-000",São Paulo,,SP,BR,04865-000,-23.7863473,-46.7142688,Health & Beauty,,,bigquery,
Drogasil,Drogasil,ChIJu0iAANFXzpQRiEOOZQymhvA,"R. Cerro Corá, 502 - Vila Romana, São Paulo - SP, 05061-100, Brazil",São Paulo,,SP,BR,05061100,-23.5405357,-46.7020625,"pharmacy,point_of_interest,store",,,bigquery,"{""source"": ""supabase_places_cache_migration"", ""types"": [""pharmacy"", ""point_of_interest"", ""store""], ""rating"": null, ""refreshed_at"": ""2026-03-25T13:30:27.021718+00:00""}"
FARMALIFE,Farmalife,ChIJu2YsPDVYzpQRRbPtzMoN-gE,"JARDIM PAULISTA, SÃO PAULO - STATE OF SÃO PAULO, 01307-001",São Paulo,,SP,BR,01307-001,-23.5538168,-46.6528262,Pharmacy,,,bigquery,
PHARMACIA,Pharmacia,ChIJu3crHuFXzpQRuHXVG1sq4nA,"R. BARÃO DO BANANAL, 843 - POMPEIA, SÃO PAULO - SP, 05024-000",São Paulo,,SP,BR,05024-000,-23.5317688,-46.6874205,Pharmacy,,,bigquery,
Extrafarma,Extrafarma,ChIJu81PkldfzpQRxG0N0lufcfc,"R. do Oratório, 1274 - Alto da Mooca, São Paulo - SP, 03195-100, Brazil",São Paulo,,SP,BR,03195100,-23.5634026,-46.5909798,"pharmacy,drugstore,health,store,point_of_interest,establishment",,,bigquery,"{""source"": ""supabase_places_cache_migration"", ""types"": [""pharmacy"", ""drugstore"", ""health"", ""store"", ""point_of_interest"", ""establishment""], ""rating"": null, ""refreshed_at"": ""2026-05-22T20:40:55.244+00:00""}"
EXTRAFARMA,Extrafarma,ChIJuQRzLOlJxwcRCjsirlraVy4,"AV. DUQUE DE CAXIAS, 808 - CENTRO, FORTALEZA - CE, 60035-110",Fortaleza,,CE,BR,60035-110,-3.7310639,-38.5317021,Health & Beauty,,,bigquery,
FARMÁCIA PAGUE MENOS,Farmácia Pague Menos,ChIJuSE5bqpJxwcRIpftqnJ23Xk,"R. BARÃO DO RIO BRANCO, 1109 - CENTRO, FORTALEZA - CE, 60025-060",Fortaleza,,CE,BR,60025-060,-3.7280702,-38.528601,Health & Beauty,,,bigquery,
Drogaria São Paulo,Drogaria São Paulo,ChIJuSkZJQJnzpQRsaBACWe1Yrc,"Av. Mateo Bei, 1938 - São Mateus, São Paulo - SP, 03949-100, Brazil",São Paulo,,SP,BR,03949100,-23.5997004,-46.4851512,"drugstore,store,point_of_interest,health,establishment",,,bigquery,"{""source"": ""supabase_places_cache_migration"", ""types"": [""drugstore"", ""store"", ""point_of_interest"", ""health"", ""establishment""], ""rating"": null, ""refreshed_at"": ""2026-05-22T20:19:52.038+00:00""}"
ARTE ORGÂNICA - FARMÁCIA DE MANIPULAÇÃO,Arte Orgânica - Farmácia De Manipulação,ChIJuU7EWGH4zpQRsWesUg3QDrQ,"R. PADRE JOSÉ DE ANCHIETA, 508 - SANTO AMARO, SÃO PAULO - SP, 04742-000",São Paulo,,SP,BR,04742-000,-23.6487774,-46.7041234,Pharmacy,,,bigquery,
Droga Raia,Droga Raia,ChIJuUEJZsxTzpQRRg19uqHsos8,"R. Américo Meinicke, 52 - Cordeiros, Itajaí - SC, 88311-250, Brazil",São Paulo,,SC,BR,88311250,-23.671871799999998,-46.7968937,"pharmacy,drugstore,health,store,point_of_interest,establishment",,,bigquery,"{""source"":""google_places_augment"",""types"":[""pharmacy"",""drugstore"",""health"",""store"",""point_of_interest"",""establishment""],""rating"":null}"
FARMADOCTOR SÃO MIGUEL - ITAIM PAULISTA,Farmadoctor São Miguel - Itaim Paulista,ChIJuVmZjQxjzpQRtSOJfmnFw7U,"AV. BARÃO DE ALAGOAS, 164 - ITAIM PAULISTA, SÃO PAULO - SP, 08120-000",São Paulo,,SP,BR,08120-000,-23.4982773,-46.3970364,Homeopathic pharmacy,,,bigquery,
Farmácia Farma Ponte,Farmácia Farma Ponte,ChIJuVrlY0JbzpQRPi9AbsxyhhY,"Av. Padre Arlindo Vieira, 1557 - Vila das Merces, São Paulo - SP, 04166-000, Brazil",São Paulo,,SP,BR,04166000,-23.6343757,-46.6054487,"drugstore,pharmacy,health,point_of_interest,store,establishment",,,bigquery,"{""source"": ""supabase_places_cache_migration"", ""types"": [""drugstore"", ""pharmacy"", ""health"", ""point_of_interest"", ""store"", ""establishment""], ""rating"": null, ""refreshed_at"": ""2026-05-26T13:24:45.655+00:00""}"
Drogasil,Drogasil,ChIJuW3P4Ib4zpQRsbEnd9MfBcY,"R. Pio XI, 308 - Alto da Lapa, São Paulo - SP, 05060-000, Brazil",São Paulo,,SP,BR,05060000,-23.5270712,-46.709465,"pharmacy,point_of_interest,store,health,establishment",,,bigquery,"{""source"": ""supabase_places_cache_migration"", ""types"": [""pharmacy"", ""point_of_interest"", ""store"", ""health"", ""establishment""], ""rating"": null, ""refreshed_at"": ""2026-05-08T17:53:54.635+00:00""}"
PRIMA ESSÊNCIA HOMEOPATIA PHARMÁCIA,Prima Essência Homeopatia Pharmácia,ChIJuWK2I5VezpQRWPuQ2DoB9-U,"R. CANTAGALO, 205 - VILA GOMES CARDIM, SÃO PAULO - SP, 03319-000",São Paulo,,SP,BR,03319-000,-23.5466296,-46.5720675,Homeopathic pharmacy,,,bigquery,
DYX ABERLE MANIPULAÇÃO E HOMEOPATIA,Dyx Aberle Manipulação E Homeopatia,ChIJuaMa9fNXzpQRwt50iomc0lc,"AV. SUMARÉ, 1212 - PERDIZES, SÃO PAULO - SP, 05016-110",São Paulo,,SP,BR,05016-110,-23.5395575,-46.6755706,Homeopathic pharmacy,,,bigquery,
DRUGSTORE AND PHARMACY OSWALDO CRUZ,Drugstore And Pharmacy Oswaldo Cruz,ChIJuanNIK1JxwcRqh7_tFgfCNs,"R. MAJOR FACUNDO, 576 - CENTRO, FORTALEZA - CE, 60025-100",Fortaleza,,CE,BR,60025-100,-3.7279916,-38.5280096,Pharmacy,,,bigquery,
PHARMAVIDA,Pharmavida,ChIJufTLYD9YzpQRdpsuJvkIgBw,"R. MARTIM FRANCISCO, 115 - HIGIENÓPOLIS, SÃO PAULO - SP, 01226-000",São Paulo,,SP,BR,01226-000,-23.5384729,-46.6514608,Homeopathic pharmacy,,,bigquery,
Farmácia Pague Menos,Farmácia Pague Menos,ChIJufflVRpRzpQRwyQl10LmQs0,"Av. Washington Luís, 699 - Santo Amaro, São Paulo - SP, 04662-001, Brazil",São Paulo,,SP,BR,04662001,-23.6583078,-46.698361,"pharmacy,drugstore,health,store,point_of_interest,establishment",,,bigquery,"{""source"": ""supabase_places_cache_migration"", ""types"": [""pharmacy"", ""drugstore"", ""health"", ""store"", ""point_of_interest"", ""establishment""], ""rating"": null, ""refreshed_at"": ""2026-05-22T20:40:53.22+00:00""}"
Drogaria Economica,Drogaria Economica,ChIJuwsesDNUzpQRmzCMERLIAJ8,"R. Bertoldo Di Giovane, 195 - Jardim Dracena, São Paulo - SP, 05528-230, Brazil",São Paulo,,SP,BR,05528230,-23.5947449,-46.7603606,"drugstore,pharmacy,store,point_of_interest,health,establishment",,,bigquery,"{""source"": ""supabase_places_cache_migration"", ""types"": [""drugstore"", ""pharmacy"", ""store"", ""point_of_interest"", ""health"", ""establishment""], ""rating"": null, ""refreshed_at"": ""2026-05-22T20:20:22.498+00:00""}"
DROGA RAIA,Droga Raia,ChIJv-0eak5YzpQR1o_0PeH-pZo,"AV. SÃO LUÍS, 35 - CONSOLAÇÃO, SÃO PAULO - SP, 01046-001",São Paulo,,SP,BR,01046-001,-23.5450711,-46.643092,Health & Beauty,,,bigquery,
ALMOFARIZ FARMÁCIA DE MANIPULAÇÃO UNIDADE PERDIZES,Almofariz Farmácia De Manipulação Unidade Perdizes,ChIJv0rBj_dXzpQRu7acuwKX0kc,"R. TURIASSU, 1418 - ÁGUA BRANCA, SÃO PAULO - SP, 05005-000",São Paulo,,SP,BR,05005-000,-23.5302276,-46.6761232,Pharmacy,,,bigquery,
Pet Shop Tatuape - Selfie Pet,Pet Shop Tatuape - Selfie Pet,ChIJv1MDYTdfzpQRqfJ1IEZKN1M,"R. Emílio Mallet, 956 - Tatuapé, São Paulo - SP, 03320-000",São Paulo,,SP,BR,03320000,-23.5465017,-46.564472699999996,"pharmacy,veterinary_care,pet_store,health,pet_care,point_of_interest,service,store,establishment",,,bigquery,"{""source"":""google_places_augment"",""types"":[""pharmacy"",""veterinary_care"",""pet_store"",""health"",""pet_care"",""point_of_interest"",""service"",""store"",""establishment""],""rating"":null}"
DROGARIA SÃO PAULO,Drogaria São Paulo,ChIJv1ZZk51ZzpQRAp7Hx-LVns8,"AV. DA ACLIMAÇÃO, 712 - ACLIMAÇÃO, SÃO PAULO - SP, 01531-000",São Paulo,,SP,BR,01531-000,-23.5728726,-46.6329648,Health & Beauty,,,bigquery,
DROGARIA NOVA DM,Drogaria Nova Dm,ChIJv2GYVUxYzpQR65E5IWu3qXg,"R. MARTINS FONTES, 166 - CENTRO HISTÓRICO DE SÃO PAULO, SÃO PAULO - SP, 01050-000",São Paulo,,SP,BR,01050-000,-23.5487232,-46.6439519,Health & Beauty,,,bigquery,
DROGASIL,Drogasil,ChIJv3eFRt1XzpQRFrK4SkL264U,"AV. POMPÉIA, 1682 - LOJA 1 - POMPEIA, SÃO PAULO - SP, 05022-001",São Paulo,,SP,BR,05022-001,-23.53865,-46.6909933,Health & Beauty,,,bigquery,
EXTRAFARMA,Extrafarma,ChIJv96dwJpZzpQR56IiI7ZgbkU,"RUA VERGUEIRO, 1759 - VILA MARIANA, SÃO PAULO - SP, 04101-000",São Paulo,,SP,BR,04101-000,-23.5778304,-46.6403233,Health & Beauty,,,bigquery,
Drogaria São Paulo,Drogaria São Paulo,ChIJv9_c7VJbzpQRIzoQBgQC5HE,"Av. Ibirapuera, 2036 - Indianópolis, São Paulo - SP, 04028-001",São Paulo,,SP,BR,04028001,-23.6021554,-46.6612913,"drugstore,store,health,point_of_interest,establishment",,,bigquery,"{""source"": ""supabase_places_cache_migration"", ""types"": [""drugstore"", ""store"", ""health"", ""point_of_interest"", ""establishment""], ""rating"": null, ""refreshed_at"": ""2026-06-11T00:16:57.197+00:00""}"
FARMAVERDE,Farmaverde,ChIJvWs13F9IxwcRsSAatmydtkk,"AV. BARÃO DE STUDART, 1151 - ALDEOTA, FORTALEZA - CE, 60120-001",Fortaleza,,CE,BR,60120-001,-3.7349864,-38.5065723,Pharmacy,,,bigquery,
DROGA CERTA MIRANDÓPOLIS,Droga Certa Mirandópolis,ChIJvX8zMDlazpQR-YWdB_bM8Cw,"R. JOAQUIM DE ALMEIDA, 278 - MIRANDÓPOLIS, SÃO PAULO - SP, 04050-011",São Paulo,,SP,BR,04050-011,-23.6062646,-46.645944,Pharmacy,,,bigquery,
FARMÁCIA PAGUE MENOS,Farmácia Pague Menos,ChIJvXEM1qxJxwcRE7S0NEBli9U,"R. PEDRO BORGES, 75 - CENTRO, FORTALEZA - CE, 60055-110",Fortaleza,,CE,BR,60055-110,-3.7282792,-38.5277421,Health & Beauty,,,bigquery,
IMPÉRIO DOS COMPRIMIDOS,Império Dos Comprimidos,ChIJvXIuUFJIxwcR2oEvTVWr5dc,"R. DO POCINHO, 218 - CENTRO, FORTALEZA - CE, 60055-120",Fortaleza,,CE,BR,60055-120,-3.7280106,-38.5238239,Pharmacy,,,bigquery,
DAPEC-FARMA,Dapec-Farma,ChIJvYQyJFNYzpQR9RQIYaONPyQ,"RUA PEDRO DE TOLEDO, 958 - VILA CLEMENTINO, SÃO PAULO - SP, 04039-002",São Paulo,,SP,BR,04039-002,-23.59796,-46.6460016,Pharmacy,,,bigquery,
FERTICARE MEDICAMENTOS ESPECIAIS,Ferticare Medicamentos Especiais,ChIJvYjdAb1ZzpQROlAaMwdzo_w,"PRAÇA AMADEU AMARAL, 47 - BELA VISTA, SÃO PAULO - SP, 01327-010",São Paulo,,SP,BR,01327-010,-23.5681085,-46.6437565,Pharmacy,,,bigquery,
DROGA RAIA,Droga Raia,ChIJvd8bicNXzpQRwtiP50xYzj8,"R. HEITOR PENTEADO, 1776 - SUMARÉ, SÃO PAULO - SP, 05438-300",São Paulo,,SP,BR,05438-300,-23.5434507,-46.694319,Health & Beauty,,,bigquery,
PHYTOCARE PANIZZA - FARMÁCIA DE MANIPULAÇÃO,Phytocare Panizza - Farmácia De Manipulação,ChIJvzgfHPJWzpQRqKvwoQCZ1iM,"RUA JOSÉ JANNARELLI, 336 - VILA PROGREDIOR, SÃO PAULO - SP, 05615-000",São Paulo,,SP,BR,05615-000,-23.5876871,-46.7182275,Homeopathic pharmacy,,,bigquery,
DROGARIA E MANIPULAÇÃO SINETE - VILA MATILDE,Drogaria E Manipulação Sinete - Vila Matilde,ChIJw53K4wBezpQRB2cY0aAw3ns,"AV. WALDEMAR CARLOS PEREIRA, 642 - VILA TALARICO, SÃO PAULO - SP, 03533-001",São Paulo,,SP,BR,03533-001,-23.5442628,-46.5195602,Health & Beauty,,,bigquery,
DROGARIA SÃO PAULO,Drogaria São Paulo,ChIJw6O2wgBazpQRW18kehrVSFk,"Av. Macuco, 115 - Indianópolis, São Paulo - SP, 04523-000",São Paulo,,SP,BR,04523000,-23.6017272,-46.6686782,"drugstore,store,health,point_of_interest,establishment",,,bigquery,"{""source"": ""supabase_places_cache_migration"", ""types"": [""drugstore"", ""store"", ""health"", ""point_of_interest"", ""establishment""], ""rating"": null, ""refreshed_at"": ""2026-06-11T00:16:57.197+00:00""}"
DROGA PAIM,Droga Paim,ChIJw6vzTLVZzpQR4FCmz_bMRT0,"R. PAIM, 306 - CERQUEIRA CÉSAR, SÃO PAULO - SP, 01306-010",São Paulo,,SP,BR,01306-010,-23.5537181,-46.6503844,Pharmacy,,,bigquery,
Drogaria São Paulo,Drogaria São Paulo,ChIJw7JitKVWzpQR-1pDiVve1e0,"Av. Dr. Guilherme Dumont Vilares, 1030 - Jardim Caboré, São Paulo - SP, 05640-001",São Paulo,,SP,BR,05640001,-23.6115975,-46.7416208,"drugstore,store,health,point_of_interest,establishment",,,bigquery,"{""source"":""google_places_augment"",""types"":[""drugstore"",""store"",""health"",""point_of_interest"",""establishment""],""rating"":null}"
Farmácia Sidney Oliveira Santo Amaro,Farmácia Sidney Oliveira Santo Amaro,ChIJwVxvIjBRzpQRkEynQ7UmZlg,"Al. Santo Amaro, 166 - Santo Amaro, São Paulo - SP, 04745-001, Brazil",São Paulo,,SP,BR,04745001,-23.6552116,-46.7068633,"pharmacy,health,point_of_interest,store,establishment",,,bigquery,"{""source"": ""supabase_places_cache_migration"", ""types"": [""pharmacy"", ""health"", ""point_of_interest"", ""store"", ""establishment""], ""rating"": null, ""refreshed_at"": ""2026-05-26T13:24:46.596+00:00""}"
Drogasil,Drogasil,ChIJwXeeEABlzpQRyOX5QW3un1s,"Rua Tibúrcio de Sousa, 1765 - Itaim Paulista, São Paulo - SP, 08140-000, Brazil",São Paulo,,SP,BR,08140000,-23.5122759,-46.3936973,"drugstore,pharmacy,store,health,point_of_interest,establishment",,,bigquery,"{""source"":""google_places_augment"",""types"":[""drugstore"",""pharmacy"",""store"",""health"",""point_of_interest"",""establishment""],""rating"":null}"
LILIUM MANIPULATION PHARMACY,Lilium Manipulation Pharmacy,ChIJwfTYiRhUzpQRqlvXuOwpwK4,"AV. CAETANO BARRELLA, 120 - JARDIM DA GLORIA, TABOÃO DA SERRA - SP, 06763-460",São Paulo,,SP,BR,06763-460,-23.6099694,-46.7552545,Pharmacy,,,bigquery,
Farmais Tiete,Farmais Tiete,ChIJx-ZW6YVYzpQRVCjxiqqXbDo,"Rua Marechal Odylio Denys, 98 - Santana, São Paulo - SP, 02010-000, Brazil",São Paulo,,SP,BR,02010000,-23.5163022,-46.6260349,"pharmacy,drugstore,manufacturer,store,point_of_interest,health,establishment",,,bigquery,"{""source"": ""supabase_places_cache_migration"", ""types"": [""pharmacy"", ""drugstore"", ""manufacturer"", ""store"", ""point_of_interest"", ""health"", ""establishment""], ""rating"": null, ""refreshed_at"": ""2026-05-22T20:20:25.341+00:00""}"
DROGARIA SÃO PAULO,Drogaria São Paulo,ChIJx-cQhdlZzpQRo2GvvXtEpDk,"ALAMEDA BARÃO DE LIMEIRA, 668 - CAMPOS ELÍSEOS, SÃO PAULO - SP, 01202-000",São Paulo,,SP,BR,01202-000,-23.5352622,-46.6467553,Health & Beauty,,,bigquery,
Drogasil,Drogasil,ChIJx4QaCQBjzpQRR2svByBOlGo,"Rua Tibúrcio de Sousa, 209 - Itaim Paulista, São Paulo - SP, 08140-000, Brazil",São Paulo,,SP,BR,08140000,-23.5018818,-46.3974654,"drugstore,health,point_of_interest,store,establishment",,,bigquery,"{""source"": ""supabase_places_cache_migration"", ""types"": [""drugstore"", ""health"", ""point_of_interest"", ""store"", ""establishment""], ""rating"": null, ""refreshed_at"": ""2026-05-26T13:25:35.413+00:00""}"
DROGARIA SÃO PAULO,Drogaria São Paulo,ChIJx7u9-x1QzpQRbXdIVBE066o,"AV. NOSSA SENHORA DO SABARA - JD - R. Afonso Araújo Almeida, 2888/2894 - Vila Arriete, São Paulo - SP, 04447-010",São Paulo,,SP,BR,04447010,-23.6799486,-46.6846819,"drugstore,store,point_of_interest,health,establishment",,,bigquery,"{""source"":""google_places_augment"",""types"":[""drugstore"",""store"",""point_of_interest"",""health"",""establishment""],""rating"":null}"
EDY FARMA COSMÉTICA.,Edy Farma Cosmética.,ChIJx8MxfJ1TzpQRgnqvsg4_JWo,"R. FRANCESCO MARTINI - JARDIM ELEDY, SÃO PAULO - SP, 05856-060",São Paulo,,SP,BR,05856-060,-23.6503898,-46.7863575,Pharmacy,,,bigquery,
DROGASIL,Drogasil,ChIJx8jILyJYzpQRLtwdQ7lYCMc,"AV. PACAEMBU, 1782 - PACAEMBU, SÃO PAULO - SP, 01234-000",São Paulo,,SP,BR,01234-000,-23.5415752,-46.6651404,Health & Beauty,,,bigquery,
PHARMÁCIA ITACOLOMI,Pharmácia Itacolomi,ChIJx9zssTBYzpQRSlBnrnA6tS4,"R. ITACOLOMI, 327 - HIGIENÓPOLIS, SÃO PAULO - SP, 01239-020",São Paulo,,SP,BR,01239-020,-23.5469102,-46.6563998,Pharmacy,,,bigquery,
Drogaria São Paulo,Drogaria São Paulo,ChIJxQxEnx1XzpQRskNRJb6F5bY,"Av. Sumaré, 658 - Perdizes, São Paulo - SP, 05016-090",São Paulo,,SP,BR,05016090,-23.5369541,-46.674633799999995,"drugstore,store,health,point_of_interest,establishment",,,bigquery,"{""source"":""google_places_augment"",""types"":[""drugstore"",""store"",""health"",""point_of_interest"",""establishment""],""rating"":null}"
CEBRAFAFAR FED BRAS REDES ASSOC DE FARMÁCIA,Cebrafafar Fed Bras Redes Assoc De Farmácia,ChIJxTCWsrhZzpQRsZx9sso0Zlw,"ALAMEDA SANTOS, 705 - JARDIM PAULISTA, SÃO PAULO - SP, 01419-001",São Paulo,,SP,BR,01419-001,-23.5683795,-46.6509599,Pharmacy,,,bigquery,
PHARMA SOL MANIPULAÇÃO,Pharma Sol Manipulação,ChIJxWjA3Pr2zpQRoUjKnNIwPUk,"PRAÇA DONA MARIQUINHA SCIASCIA, 17 - TREMEMBÉ, SÃO PAULO - SP, 02372-050",São Paulo,,SP,BR,02372-050,-23.4597475,-46.6242277,Drug store,,,bigquery,
Carrefour Drogaria Pinheiros,Carrefour,ChIJxXppWSBRzpQR4IE5bGNEe0U,"Av. das Nações Unidas, 15187 - Santo Amaro, São Paulo - SP, 01600-531, Brazil",São Paulo,,SP,BR,01600531,-23.6291604,-46.7108284,"pharmacy,health,point_of_interest",,,bigquery,"{""source"": ""supabase_places_cache_migration"", ""types"": [""pharmacy"", ""health"", ""point_of_interest""], ""rating"": null, ""refreshed_at"": ""2026-04-02T18:32:17.538537+00:00""}"
WELEDA MORUMBI - HOMEOPATIA,Weleda Morumbi - Homeopatia,ChIJxYX8TuRWzpQRZFbFlOHgaac,"RUA DOS TRÊS IRMÃOS, 531 - MORUMBI, SÃO PAULO - SP, 05615-140",São Paulo,,SP,BR,05615-140,-23.5890182,-46.7159412,Homeopathic pharmacy,,,bigquery,
DROGASIL,Drogasil,ChIJx_BcAABfzpQRLpybU-3xWvc,"R. Demétrio Ribeiro, 818 - Cidade Mãe do Céu, São Paulo - SP, 03332-000, Brazil",São Paulo,,SP,BR,03332000,-23.5524194,-46.571365300000004,"pharmacy,drugstore,store,health,point_of_interest,establishment",,,bigquery,"{""source"":""google_places_augment"",""types"":[""pharmacy"",""drugstore"",""store"",""health"",""point_of_interest"",""establishment""],""rating"":null}"
JR FARMA,Jr Farma,ChIJxbcNnqJLxwcRXGkEtBa2vRM,"R. JOSÉ BATISTA PESSOA, 620 - CONJ. SAO MIGUEL, CAUCAIA - CE, 61640-300",Fortaleza,,CE,BR,61640-300,-3.7466354,-38.6021755,Pharmacy,,,bigquery,
Drogaria São Paulo,Drogaria São Paulo,ChIJy72ZTQBazpQRTLi3itZDSA4,"Rua Tuim, 287 - Moema, São Paulo - SP, 04514-100",São Paulo,,SP,BR,04514100,-23.5997547,-46.6683023,"drugstore,store,health,point_of_interest,establishment",,,bigquery,"{""source"": ""supabase_places_cache_migration"", ""types"": [""drugstore"", ""store"", ""health"", ""point_of_interest"", ""establishment""], ""rating"": null, ""refreshed_at"": ""2026-06-11T00:16:57.197+00:00""}"
Drogaria São Paulo,Drogaria São Paulo,ChIJy7vwmmlZzpQRixEpZ84ut30,"R. Visc. de Inhomerim, 1055 - Mooca, São Paulo - SP, 03120-001",São Paulo,,SP,BR,03120001,-23.561016499999997,-46.5943099,"drugstore,store,health,point_of_interest,establishment",,,bigquery,"{""source"":""google_places_augment"",""types"":[""drugstore"",""store"",""health"",""point_of_interest"",""establishment""],""rating"":null}"
Drogaria Farto,Drogaria Farto,ChIJyQywhY9YzpQRQXQe15Jdy8I,"Terminal Rodoviário do Tietê - Vila Guilherme, São Paulo - SP, 02030-000, Brazil",São Paulo,,SP,BR,02030000,-23.5165091,-46.6242951,"drugstore,pharmacy,store,point_of_interest,health,establishment",,,bigquery,"{""source"": ""supabase_places_cache_migration"", ""types"": [""drugstore"", ""pharmacy"", ""store"", ""point_of_interest"", ""health"", ""establishment""], ""rating"": null, ""refreshed_at"": ""2026-05-22T20:20:25.341+00:00""}"
FARMACIA FITOHERBAL PANIZZA HOMEOPATIA LTDA,Farmacia Fitoherbal Panizza Homeopatia Ltda,ChIJyRIXLoVZzpQRp97oBuj8HXc,"RUA VERGUEIRO, 1913 - VILA MARIANA, SÃO PAULO - SP, 04101-000",São Paulo,,SP,BR,04101-000,-23.5789817,-46.6396474,Health & Beauty,,,bigquery,
Drogarias Nobre Popular,Drogarias Nobre Popular,ChIJyScyyh9SzpQR6Kum_BGgyUo,"Av. Guarapiranga, 5152 - Jardim Sao Joaquim, São Paulo - SP, 04909-025, Brazil",São Paulo,,SP,BR,04909025,-23.6852105,-46.7488238,"pharmacy,health,point_of_interest,store,establishment",,,bigquery,"{""source"": ""supabase_places_cache_migration"", ""types"": [""pharmacy"", ""health"", ""point_of_interest"", ""store"", ""establishment""], ""rating"": null, ""refreshed_at"": ""2026-05-26T13:24:46.595+00:00""}"
DISNAT - (METTA DISTRIBUIDORA DE MEDICAMENTOS E PERFUMARIA),Disnat - (Metta Distribuidora De Medicamentos E Perfumaria),ChIJyWV2P32xnZMRyTVP1QYF28Q,"RUA OSVALDO DA SILVA CORRÊA, 1249 - SANTA MARTA, CUIABÁ - MT, 78048-005",Cuiabá,,MT,BR,78048-005,-15.5781589,-56.0979244,"pharmacy, wholesaler",,,bigquery,
Drogaria São Paulo,Drogaria São Paulo,ChIJyXMB5DSlnZMRyaZhe3jYvtM,"avenida prof edna maria de alameda, 29, terreoquadra 22l 01 - santa cruz cuiaba / MTCEP: - Coxipó da Ponte, Cuiabá - MT, 78077-099",Cuiabá,,MT,BR,78077099,-15.605768399999999,-55.9995531,"drugstore,store,point_of_interest,health,establishment",,,bigquery,"{""source"":""google_places_augment"",""types"":[""drugstore"",""store"",""point_of_interest"",""health"",""establishment""],""rating"":null}"
Drogaleste,Drogaleste,ChIJyY5tbFL3zpQRU5UdnKj0eE4,"Av. Cel. Sezefredo Fagundes, 682 - Tucuruvi, São Paulo - SP, 02306-001",São Paulo,,SP,BR,02306001,-23.4722853,-46.6067906,"pharmacy,drugstore,clothing_store,health,point_of_interest,store,establishment",,,bigquery,"{""source"":""google_places_augment"",""types"":[""pharmacy"",""drugstore"",""clothing_store"",""health"",""point_of_interest"",""store"",""establishment""],""rating"":null}"
DROGASIL,Drogasil,ChIJyc5AkKBZzpQRjAcopuNLJNA,"R. CONSELHEIRO FURTADO, 1186 - LIBERDADE, SÃO PAULO - SP, 01511-001",São Paulo,,SP,BR,01511-001,-23.5635799,-46.6327204,Health & Beauty,,,bigquery,
RAIA & CIA,Raia & Cia,ChIJywm0zatZzpQRq481XiBEzEY,"PRAÇA DR. JOÃO MENDES, 68 - LIBERDADE, SÃO PAULO - SP, 01501-001",São Paulo,,SP,BR,01501-001,-23.5529084,-46.6349036,Pharmacy,,,bigquery,
JOTAKA MANIPULAÇÃO FÓRMULAS,Jotaka Manipulação Fórmulas,ChIJyxP3crxezpQRQWhlsiJAj5I,"AV. ÁLVARO RAMOS, 2155 - QUARTA PARADA, SÃO PAULO - SP, 03331-001",São Paulo,,SP,BR,03331-001,-23.553874,-46.578358,Pharmacy,,,bigquery,
Drogaria São Paulo,Drogaria São Paulo,ChIJyyTi6j9YzpQREmibFFq4W-w,"R. das Palmeiras, 241 - Vila Buarque, São Paulo - SP, 01226-011",São Paulo,,SP,BR,01226011,-23.537397,-46.6515178,"drugstore,store,health,point_of_interest,establishment",,,bigquery,"{""source"":""google_places_augment"",""types"":[""drugstore"",""store"",""health"",""point_of_interest"",""establishment""],""rating"":null}"
Viva drug Socrates,Viva drug Socrates,ChIJz5IiiEFQzpQR_2z-pZ-NN0s,"R. Sócrates, 464 - Vila Sofia, São Paulo - SP, 04671-071, Brazil",São Paulo,,SP,BR,04671071,-23.6585587,-46.6915773,"drugstore,pharmacy,health,point_of_interest,store,establishment",,,bigquery,"{""source"": ""supabase_places_cache_migration"", ""types"": [""drugstore"", ""pharmacy"", ""health"", ""point_of_interest"", ""store"", ""establishment""], ""rating"": null, ""refreshed_at"": ""2026-05-26T13:24:45.727+00:00""}"
DRUGSTORE SAO PAULO,Drugstore Sao Paulo,ChIJz7Z2QOJXzpQRhMGIluK2464,"AV. POMPÉIA, 390 - POMPEIA, SÃO PAULO - SP, 05022-000",São Paulo,,SP,BR,05022-000,-23.5282015,-46.6838837,Pharmacy,,,bigquery,
PRÓPHARMACOS FARMÁCIA E MANIPULAÇÃO - SÃO MATEUS,Própharmacos Farmácia E Manipulação - São Mateus,ChIJzS75WdVnzpQR37zCavDLQ9A,"AV. MATEO BEI, 3102 - CIDADE SÃO MATEUS, SÃO PAULO - SP, 03949-300",São Paulo,,SP,BR,03949-300,-23.6080818,-46.4784922,Pharmacy,,,bigquery,
Drogaria São Paulo CPA 1,Drogaria São Paulo CPA 1,ChIJzS81efSxnZMR0zt6l-IlZuM,"R. Sorocaba, 14 - Cpa I, Cuiabá - MT, 78005-105",Cuiabá,,MT,BR,78005105,-15.5578122,-56.051933899999995,"pharmacy,store,point_of_interest,health,establishment",,,bigquery,"{""source"":""google_places_augment"",""types"":[""pharmacy"",""store"",""point_of_interest"",""health"",""establishment""],""rating"":null}"
Bovitik Farm & Ranch Comercial Agropecuária - Moda country,Bovitik Farm & Ranch Comercial Agropecuária - Moda country,ChIJzWH4v_hXzpQRhzYPSzlICQ4,"R. Dona Germaine Burchard, 263 - Perdizes, São Paulo - SP, 05002-061",São Paulo,,SP,BR,05002061,-23.5289288,-46.6714954,"pharmacy,veterinary_care,clothing_store,store,health,point_of_interest,establishment",,,bigquery,"{""source"":""google_places_augment"",""types"":[""pharmacy"",""veterinary_care"",""clothing_store"",""store"",""health"",""point_of_interest"",""establishment""],""rating"":null}"
DROGA RAIA,Droga Raia,ChIJzWPTZZtXzpQRgKQehs0v4CY,"AV. POMPÉIA, 918 - 922 - 928 - POMPEIA, SÃO PAULO - SP, 05022-000",São Paulo,,SP,BR,05022-000,-23.5322575,-46.6868139,Health & Beauty,,,bigquery,
FARMÁCIA PAGUE MENOS,Farmácia Pague Menos,ChIJzXspx6tJxwcR0-ymjHorYMo,"AV. DUQUE DE CAXIAS, 738 - CENTRO, FORTALEZA - CE, 60035-110",Fortaleza,,CE,BR,60035-110,-3.7312616,-38.5311274,Health & Beauty,,,bigquery,
DROGASIL,Drogasil,ChIJzYPmN8hZzpQRYZBp8A4wXBI,"R. PAMPLONA, 386 - JARDIM PAULISTA, SÃO PAULO - SP, 01405-000",São Paulo,,SP,BR,01405-000,-23.5620002,-46.6525006,Health & Beauty,,,bigquery,
CEFACE - CENTRO DE FARMACOVIGILÂNCIA DO CEARÁ,Ceface - Centro De Farmacovigilância Do Ceará,ChIJzYQajGpJxwcRkpiIiokWoU0,"R. PASTOR SAMUEL MUNGUBA, 1210 - RODOLFO TEÓFILO, FORTALEZA - CE, 60430-372",Fortaleza,,CE,BR,60430-372,-3.7485563,-38.5503056,Pharmacy,,,bigquery,
Drogaria São Paulo,Drogaria São Paulo,ChIJzagKZwBZzpQRNKD6H9CduAM,"R. Conselheiro Brotero, 1469 - Santa Cecilia, São Paulo - SP, 01232-010, Brazil",São Paulo,,SP,BR,01232010,-23.539312,-46.6610957,"pharmacy,store,point_of_interest,health,establishment",,,bigquery,"{""source"": ""supabase_places_cache_migration"", ""types"": [""pharmacy"", ""store"", ""point_of_interest"", ""health"", ""establishment""], ""rating"": null, ""refreshed_at"": ""2026-05-22T20:19:52.878+00:00""}"
SUS - FARMACIA,Sus - Farmacia,ChIJzcrsG8lZzpQRTXmYYf78jfw,"R. ITAPEVA, 700 - CERQUEIRA CÉSAR, SÃO PAULO - SP, 01332-000",São Paulo,,SP,BR,01332-000,-23.5616555,-46.6543611,Pharmacy,,,bigquery,
Drugstore Sao Paulo,Drugstore Sao Paulo,ChIJzdHRzqJgzpQReLofjbEkvxU,"R. Itinguçu, 800 - Vila Ré, São Paulo - SP, 03658-000, Brazil",São Paulo,,SP,BR,03658000,-23.5245872,-46.5072271,"drugstore,health,store,point_of_interest,establishment",,,bigquery,"{""source"": ""supabase_places_cache_migration"", ""types"": [""drugstore"", ""health"", ""store"", ""point_of_interest"", ""establishment""], ""rating"": null, ""refreshed_at"": ""2026-05-22T20:19:54.008+00:00""}"
UP FARMA,Up Farma,ChIJzerziMtVzpQRnQw3LyPs0sc,"R. DR. CARLOS SIQUEIRA NETO, 175 - PARQUE PINHEIROS, TABOÃO DA SERRA - SP, 06766-200",São Paulo,,SP,BR,06766-200,-23.6259053,-46.7769045,Pharmacy,,,bigquery,
Condomínio Edifício Drogasil,Drogasil,ChIJzwURYN1ezpQRux_yP_9EIJ8,"Condomínio Edifício Drogasil - Av. Celso Garcia - Tatuapé, São Paulo - SP, 03081-031, Brazil",São Paulo,,SP,BR,03081031,-23.535492299999998,-46.574808499999996,"premise,street_address",,,bigquery,"{""source"":""google_places_augment"",""types"":[""premise"",""street_address""],""rating"":null}"
DROGA RAIA,Droga Raia,ChIJzxQmTNdZzpQRu1EWK_48yA8,"ALAMEDA MIN. ROCHA AZEVEDO, 1327 - CERQUEIRA CÉSAR, SÃO PAULO - SP, 01410-003",São Paulo,,SP,BR,01410-003,-23.567816,-46.6657454,Health & Beauty,,,bigquery,
ONCO EXPRESS,Onco Express,ChIJzySHFIVZzpQRYKNcI426VyQ,"R. DOMINGOS DE MORAIS, 348 - LOJA 40 - VILA MARIANA, SÃO PAULO - SP, 04010-000",São Paulo,,SP,BR,04010-000,-23.5801963,-46.6401434,Pharmacy,,,bigquery,
PANVEL,Panvel,HYPR1CD57FE5,AV. PRESIDENTE JUSCELINO KUBITSCHEK 2041 - VILA OLÍMPIA,São Paulo,,SP,BR,,-23.5913123,-46.68339,DROGARIAS,,,bigquery,
FARMÁCIA PAGUE MENOS,Farmácia Pague Menos,HYPR2B8640EF,AVENIDA LINEU MACHADO 419 - JÓQUEI CLUBE,Fortaleza,,CE,BR,,-3.7647341,-38.5744554,Health & Beauty,,,bigquery,
EXTRAFARMA,Extrafarma,HYPR3DB743A3,RUA CATÃO 72 - LAPA,São Paulo,,SP,BR,,-23.5211696,-46.7009476,Health & Beauty,,,bigquery,
DROGASIL,Drogasil,HYPR41202C20,AVENIDA WASHINGTON SOARES 909 - EDSON QUEIROZ,Fortaleza,,CE,BR,,-3.7621224,-38.482404,Health & Beauty,,,bigquery,
DROGASIL,Drogasil,HYPR47E243A8,AV. PAULISTA 854 - BELA VISTA,São Paulo,,SP,BR,,-23.5658322,-46.650825,Health & Beauty,,,bigquery,
EXTRAFARMA,Extrafarma,HYPR6DEA47FF,AV. RAIMUNDO PEREIRA DE MAGALHÃES 11001 - JARDIM PIRITUBA,São Paulo,,SP,BR,,-23.4388975,-46.7214144,Health & Beauty,,,bigquery,
PANVEL,Panvel,HYPR763046AA,RUA CAPITÃO PACHECO E CHAVES 313 - MOOCA,São Paulo,,SP,BR,,-23.5813417,-46.5938531,DROGARIAS,,,bigquery,
DROGA RAIA,Droga Raia,HYPR796AA878,AV. RUBENS DE MENDONÇA 3300 - JARDIM ACLIMAÇÃO,Cuiabá,,MT,BR,,-15.5764394,-56.0720408,Health & Beauty,,,bigquery,
DROGASIL,Drogasil,HYPR7AC42EC0,AV. VISCONDE DE SOUZA FRANCO 776 - REDUTO,Belém,,PA,BR,,-1.4461383,-48.4896874,Health & Beauty,,,bigquery,
FARMACIA SANTA BRANCA,Farmacia Santa Branca,HYPR828AC89A,RUA OLIMPÍADAS 360 - VILA OLÍMPIA,São Paulo,,SP,BR,,-23.5952979,-46.6866818,,,,bigquery,
DROGA RAIA,Droga Raia,HYPR888B4050,AV. LEÃO MACHADO 100 - PQ. CONTINENTAL,São Paulo,,SP,BR,,-23.5474428,-46.7570686,Health & Beauty,,,bigquery,
DROGASIL,Drogasil,HYPR94749968,R. BARÃO DE LADÁRIO 566/670 - BRÁS,São Paulo,,SP,BR,,-23.5368602,-46.6185042,Health & Beauty,,,bigquery,
DROGARIA SÃO PAULO,Drogaria São Paulo,HYPR96A17840,AV. ROQUE PETRONI JR 1089 - JARDIM DAS ACACIAS,São Paulo,,SP,BR,,-23.6221598,-46.6982031,Health & Beauty,,,bigquery,
EXTRAFARMA,Extrafarma,HYPRA0B8C851,AVENIDA WASHINGTON SOARES 85 - EDSON QUEIROZ,Fortaleza,,CE,BR,,-3.7549918,-38.4880049,Health & Beauty,,,bigquery,
DROGARIA SAO PAULO,Drogaria São Paulo,HYPRAF311748Y,RUA DOMINGOS DE MORAIS 2564 - VILA MARIANA,São Paulo,,SP,BR,,-23.5995524,-46.6368048,,,,bigquery,
DROGARIA SÃO PAULO,Drogaria São Paulo,HYPRB63A4E22,RUA 13 DE MAIO 1947 - BELA VISTA,São Paulo,,SP,BR,,-23.5707674,-46.6436023,Health & Beauty,,,bigquery,
DROGASIL,Drogasil,HYPRBEE1B1BC,AV. RAIMUNDO PEREIRA DE MAGALHÃES 11001 - JARDIM PIRITUBA,São Paulo,,SP,BR,,-23.4388975,-46.7214144,Health & Beauty,,,bigquery,
DROGASMIL,Drogasmil,HYPRC78C7549,RODOVIA DOS TRABALHADORES S/N - PARQUE VERDE,Belém,,PA,BR,,-1.3690683,-48.43882,DROGARIAS,,,bigquery,
DROGA RAIA,Droga Raia,HYPRCG656929M,AV. IBIRAPUERA 3103 - MOEMA,São Paulo,,SP,BR,,-23.6101775,-46.6673909,Health & Beauty,,,bigquery,
DROGARIA CEARÁ,Drogaria Ceará,HYPRDE873184,RUA HADDOCK LOBO 1626 - CERQUEIRA CÉSAR,São Paulo,,SP,BR,,-23.5647382,-46.6689385,,,,bigquery,
PANVEL,Panvel,HYPRE3A63AD3,RUA PALESTRA ITÁLIA 500 - PERDIZES,São Paulo,,SP,BR,,-23.5262803,-46.6810843,DROGARIAS,,,bigquery,
DROGASIL,Drogasil,HYPRE65EA73B,AV. ROQUE PETRONI JR 1089 - JARDIM DAS ACACIAS,São Paulo,,SP,BR,,-23.6221598,-46.6982031,Health & Beauty,,,bigquery,
FARMÁCIAS PAGUE MENOS,Farmácia Pague Menos,HYPREF337730W,RUA GERMANO FRANCK 300 - PARANGABA,Fortaleza,,CE,BR,,-3.7755437,-38.5619871,Health & Beauty,,,bigquery,
DROGA RAIA,Droga Raia,HYPRF0807B41,AV. ROQUE PETRONI JR 1089 - JARDIM DAS ACACIAS,São Paulo,,SP,BR,,-23.6221598,-46.6982031,Health & Beauty,,,bigquery,
PANVEL,Panvel,HYPRF35E4CE2,RUA PALESTRA ITÁLIA 500 - PERDIZES,São Paulo,,SP,BR,,-23.5262803,-46.6810843,DROGARIAS,,,bigquery,
DROGARIA SÃO PAULO,Drogaria São Paulo,HYPRFBE38750,RUA CATÃO 72 - LAPA,São Paulo,,SP,BR,,-23.5211696,-46.7009476,Health & Beauty,,,bigquery,
DROGASIL,Drogasil,HYPRFCD2B96A,RUA PALESTRA ITÁLIA 500 - PERDIZES,São Paulo,,SP,BR,,-23.5262803,-46.6810843,Health & Beauty,,,bigquery,
DROGASIL,Drogasil,HYPRFDF4E322,AVENIDA WASHINGTON SOARES 85 - EDSON QUEIROZ,Fortaleza,,CE,BR,,-3.7549918,-38.4880049,Health & Beauty,,,bigquery,
DROGARIA SÃO PAULO H,Drogaria São Paulo H,HYPRFS633765W,AV. HIGIENÓPOLIS 618 - HIGIENÓPOLIS,São Paulo,,SP,BR,,-23.5418067,-46.6582475,,,,bigquery,
DROGASIL,Drogasil,HYPRGN448170S,RUA ITACAIUNA 61 - VILA ANDRADE MORUMBI,São Paulo,,SP,BR,,-23.6307948,-46.7356966,Health & Beauty,,,bigquery,
DROGASIL,Drogasil,HYPRGN975057M,RODOVIA RAPOSO TAVARES S/N - JD. BOA VISTA,São Paulo,,SP,BR,,-23.5854617,-46.7884281,Health & Beauty,,,bigquery,
DROGARIA SÃO PAULO,Drogaria São Paulo,HYPRGY631607U,AV. ARICANDUVA 5555 - JD. ARICANDUVA,São Paulo,,SP,BR,,-23.5595991,-46.5124837,Health & Beauty,,,bigquery,
DROGARIA SÃO PAULO,Drogaria São Paulo,HYPRHC258134Y,PRAÇA LEONOR KAUPPA 100 - JD. DA SAÚDE,São Paulo,,SP,BR,,-23.619692,-46.6267952,Health & Beauty,,,bigquery,
DROGASIL,Drogasil,HYPRHW308471L,RUA FREI CANECA 569 - CONSOLAÇÃO,São Paulo,,SP,BR,,-23.5538161,-46.6529963,Health & Beauty,,,bigquery,
DROGARIA S√ÉO PAULO ‚ÄÌ EM REFORMA,Drogaria S√éo Paulo ‚äì Em Reforma,HYPRIG272278G,AV. IBIRAPUERA 3103 - MOEMA,São Paulo,,SP,BR,,-23.6101775,-46.6673909,,,,bigquery,
DROGARIA SÃO PAULO,Drogaria São Paulo,HYPRIR807581B,AV. DAS NAÇÕES UNIDAS 22540 - JURUBATUBA,São Paulo,,SP,BR,,-23.6753012,-46.6997646,Health & Beauty,,,bigquery,
EXTRAFARMA,Extrafarma,HYPRJE710997L,TV PADRE EUTIQUIO 1078 - BATISTA CAMPOS,Belém,,PA,BR,,-1.4579842,-48.4953617,Health & Beauty,,,bigquery,
DROGASIL -,Drogasil,HYPRJP588012G,AVENIDA REBOUÇAS 3970 - PINHEIROS,São Paulo,,SP,BR,,-23.5730917,-46.6959407,Health & Beauty,,,bigquery,
DROGARIA SÃO PAULO,Drogaria São Paulo,HYPRJZ108580F,RODOVIA RÉGIS BITTENCOURT 2643 - CIDADE INTERCAP,São Paulo,,SP,BR,,-23.6131152,-46.7763346,Health & Beauty,,,bigquery,
DROGASIL,Drogasil,HYPRKJ950041K,AV. DOUTOR ANTONIO MARIA LAET 566 - PARADA INGLESA,São Paulo,,SP,BR,,-23.4801021,-46.6027014,Health & Beauty,,,bigquery,
DROGASIL - 1º PISO,Drogasil,HYPRLM222357C,AVENIDA REBOUÇAS 3970 - PINHEIROS,São Paulo,,SP,BR,,-23.5730917,-46.6959407,Health & Beauty,,,bigquery,
DROGARIA SAO PAULO,Drogaria São Paulo,HYPRLW746708U,RUA AMADOR BUENO 229 - SANTO AMARO,São Paulo,,SP,BR,,-23.6530286,-46.7105358,,,,bigquery,
DROGA RAIA,Droga Raia,HYPRML745347M,AV BRIGADEIRO FARIA LIMA 2232 - JARDIM PAULISTANO,São Paulo,,SP,BR,,-23.5771128,-46.6880055,Health & Beauty,,,bigquery,
DROGARIA SÃO PAULO,Drogaria São Paulo,HYPRNF406933Q,RUA FREI CANECA 569 - CONSOLAÇÃO,São Paulo,,SP,BR,,-23.5538161,-46.6529963,Health & Beauty,,,bigquery,
DROGARIA SÃO PAULO,Drogaria São Paulo,HYPRNI551191K,RUA DOMINGOS AGOSTIN 91 - TATUAPÉ,São Paulo,,SP,BR,,-23.5421365,-46.5765874,Health & Beauty,,,bigquery,
DROGARIA SP,Drogaria Sp,HYPRNT460892F,AV. DOUTOR ANTONIO MARIA LAET 566 - PARADA INGLESA,São Paulo,,SP,BR,,-23.4801021,-46.6027014,,,,bigquery,
DROGASIL,Drogasil,HYPRNX966046J,AVENIDA PAULISTA 2064 - CERQUEIRA CESAR,São Paulo,,SP,BR,,-23.5577888,-46.6589923,Health & Beauty,,,bigquery,
DROGARIA SAO PAULO,Drogaria São Paulo,HYPROD320363K,AV MIGUEL SUTIL 9300,Cuiabá,,MT,BR,,-15.5901447,-56.1206767,,,,bigquery,
DROGASIL,Drogasil,HYPROD729129K,RUA BORBA GATO 59 - SANTO AMARO,São Paulo,,SP,BR,,-23.6549118,-46.7012601,Health & Beauty,,,bigquery,
DROGASIL,Drogasil,HYPROY890713D,AV. DAS NAÇÕES UNIDAS 22540 - JURUBATUBA,São Paulo,,SP,BR,,-23.6753012,-46.6997646,Health & Beauty,,,bigquery,
DROGARIA SÃO PAULO,Drogaria São Paulo,HYPROZ515464F,AVENIDA INTERLAGOS 2255 - JARDIM UMUARAMA,São Paulo,,SP,BR,,-23.6758989,-46.6770724,Health & Beauty,,,bigquery,
DROGARIA S√ÉO PAULO,Drogaria S√éo Paulo,HYPRPX494510S,AV. IBIRAPUERA 3103 - MOEMA,São Paulo,,SP,BR,,-23.6101775,-46.6673909,,,,bigquery,
DROGASIL,Drogasil,HYPRQH656736K,AVENIDA RAIMUNDO PEREIRA DE MAGALHÃES 1465 - PIRITUBA,São Paulo,,SP,BR,,-23.5065578,-46.7185534,Health & Beauty,,,bigquery,
DROGARIA SÃO PAULO,Drogaria São Paulo,HYPRQV300390X,ESTRADA DO CAMPO LIMPO 459 - VILA PREL,São Paulo,,SP,BR,,-23.6495485,-46.7573709,Health & Beauty,,,bigquery,
DROGASIL,Drogasil,HYPRRJ125313Q,RUA DESEMBARGADOR LAURO NOGUEIRA 1500 - PAPICU,Fortaleza,,CE,BR,,-3.741208,-38.4728087,Health & Beauty,,,bigquery,
EXTRAFARMA,Extrafarma,HYPRTE506451N,TV PADRE EUTIQUIO 1078 - BATISTA CAMPOS,Belém,,PA,BR,,-1.4579842,-48.4953617,Health & Beauty,,,bigquery,
EXTRAFARMA,Extrafarma,HYPRTI893527O,RUA GERMANO FRANCK 300 - PARANGABA,Fortaleza,,CE,BR,,-3.7755437,-38.5619871,Health & Beauty,,,bigquery,
DROGARIA SÃO PAULO,Drogaria São Paulo,HYPRTX189036Y,AV. FRANCISCO MATARAZZO S/Nº - ÁGUA BRANCA,São Paulo,,SP,BR,,-23.5268109,-46.6731386,Health & Beauty,,,bigquery,
DROGA RAIA,Droga Raia,HYPRTY618090V,AV. DAS NAÇÕES UNIDAS 4777 - ALTO DE PINHEIROS,São Paulo,,SP,BR,,-23.5497715,-46.7208607,Health & Beauty,,,bigquery,
DROGARIA SÃO PAULO,Drogaria São Paulo,HYPRUV333013L,AV. HIGIENÓPOLIS 618 - HIGIENÓPOLIS,São Paulo,,SP,BR,,-23.5418067,-46.6582475,Health & Beauty,,,bigquery,
DROGARIA SAO PAULO,Drogaria São Paulo,HYPRVD334369I,RUA ITACAIUNA 61 - VILA ANDRADE MORUMBI,São Paulo,,SP,BR,,-23.6307948,-46.7356966,,,,bigquery,
DROGASIL,Drogasil,HYPRWI147396O,AV MIGUEL SUTIL 9300,Cuiabá,,MT,BR,,-15.5901447,-56.1206767,Health & Beauty,,,bigquery,
DROGASIL,Drogasil,HYPRXH507617V,AVENIDA RAIMUNDO PEREIRA DE MAGALHÃES 1465 - PIRITUBA,São Paulo,,SP,BR,,-23.5065578,-46.7185534,Health & Beauty,,,bigquery,
DROGASIL,Drogasil,HYPRXZ708437L,AVENIDA NERO MACEDO 12000 - JD. PANORAMA,São Paulo,,SP,BR,,-23.6022989,-46.700316,Health & Beauty,,,bigquery,
DROGA RAIA,Droga Raia,HYPRYB858658D,AV PAULISTA 1230 - BELA VISTA,São Paulo,,SP,BR,,-23.5636226,-46.6531272,Health & Beauty,,,bigquery,
EXTRAFARMA,Extrafarma,HYPRYF696342Y,RUA DESEMBARGADOR LAURO NOGUEIRA 1500 - PAPICU,Fortaleza,,CE,BR,,-3.741208,-38.4728087,Health & Beauty,,,bigquery,
DROGARIA SAO PAULO,Drogaria São Paulo,HYPRZD608228L,AV. DAS NAÇÕES UNIDAS 4777 - ALTO DE PINHEIROS,São Paulo,,SP,BR,,-23.5497715,-46.7208607,,,,bigquery,
DROGARIA IGUATEMI,Drogaria Iguatemi,HYPRZS675880R,AV BRIGADEIRO FARIA LIMA 2232 - JARDIM PAULISTANO,São Paulo,,SP,BR,,-23.5771128,-46.6880055,,,,bigquery,
DROGASIL,Drogasil,HYPRZZ167301S,ESTRADA DO CAMPO LIMPO 459 - VILA PREL,São Paulo,,SP,BR,,-23.6495485,-46.7573709,Health & Beauty,,,bigquery,