linha;nome;categoria;origem;endereco_original;endereco_dsp;cidade;uf;cep;lat_original;lon_original;lat_corrigida;lon_corrigida;bairro_descartado;severidade;risco
2;;;endereco;Fagron Technologies, Avenida Nove de Julho, 3575, Bonfiglioli, Jundiaí - SP, 13207-480, Brasil;Avenida Nove de Julho 3575 Jundiai SP 13207480 Brazil;Jundiaí;SP;13207480;-23.20242;-46.89193;-23.20242;-46.89193;Bonfiglioli;;
3;;;endereco;Rua Aurélio Cibim, 109, Morada do Sol, Americana - SP, 13470-241, Brasil;Rua Aurelio Cibim 109 Americana SP 13470241 Brazil;Americana;SP;13470241;-22.7201;-47.34751;-22.7201;-47.34751;Morada do Sol;;
4;;;endereco;Rua da Independência, 165, Cambuci, São Paulo - SP, 01524-000, Brasil;Rua da Independencia 165 Sao Paulo SP 01524000 Brazil;São Paulo;SP;01524000;-23.56476;-46.61961;-23.56476;-46.61961;Cambuci;MEDIO;CEP generico de cidade, nao de rua (2,4x mais falha)
5;;;endereco;Rua Tiradentes, 313, Vila Itapura, Campinas - SP, 13023-190, Brasil;Rua Tiradentes 313 Campinas SP 13023190 Brazil;Campinas;SP;13023190;-22.89391;-47.06417;-22.89391;-47.06417;Vila Itapura;;
6;;;endereco;Avenida Invernada, 1963, Invernada, Valinhos - SP, 13271-450, Brasil;Avenida Invernada 1963 Valinhos SP 13271450 Brazil;Valinhos;SP;13271450;-22.96968;-47.01227;-22.96968;-47.01227;Invernada;;
7;;;endereco;Consultório Odontológico Leandra Roberta Gotti, Rua do Chumbo, 741, Jardim Mollon, Santa Bárbara d'Oeste - SP, 13468-600, Brasil;Rua do Chumbo 741 Santa Barbara d Oeste SP 13468600 Brazil;Santa Bárbara d'Oeste;SP;13468600;-22.75337;-47.36101;-22.75337;-47.36101;Jardim Mollon;;
8;;;endereco;Cronix Security, Anhangabaú, Jundiaí - SP, 13208-703, Brasil;Cronix Security Anhangabau Jundiai SP 13208703 Brazil;Jundiaí;SP;13208703;-23.19205;-46.90352;-23.19205;-46.90352;;ALTO;sem numero de porta
9;;;endereco;Renata Silva - Clinic & Academy, Avenida Capitão Cassiano Ricardo Toledo, 190, Centro, Jundiaí - SP, 13201-840, Brasil;Avenida Capitao Cassiano Ricardo Toledo 190 Jundiai SP 13201840 Brazil;Jundiaí;SP;13201840;-23.18325;-46.89278;-23.18325;-46.89278;Centro;;
10;;;endereco;Rua Helena Conci Gaspari, 85, Retiro, Jundiaí - SP, 13209-810, Brasil;Rua Helena Conci Gaspari 85 Jundiai SP 13209810 Brazil;Jundiaí;SP;13209810;-23.18898;-46.90204;-23.18898;-46.90204;Retiro;;
11;;;endereco;Petra Medicina do Trabalho, Rua Barão de Jaguara, 1481, Centro, Campinas - SP, 13015-002, Brasil;Rua Barao de Jaguara 1481 Campinas SP 13015002 Brazil;Campinas;SP;13015002;-22.90193;-47.06042;-22.90193;-47.06042;Centro;;
12;;;endereco;Avenida Thereza Ana Cecon Breda, 272, Parque Orestes Ongaro, Hortolândia - SP, 13183-255, Brasil;Avenida Thereza Ana Cecon Breda 272 Hortolandia SP 13183255 Brazil;Hortolândia;SP;13183255;-22.85363;-47.22803;-22.85363;-47.22803;Parque Orestes Ongaro;;
13;;;endereco;Avenida Nossa Senhora de Fátima, 79, Jardim Estoril IV, Bauru - SP, 17017-337, Brasil;Avenida Nossa Senhora de Fatima 79 Bauru SP 17017337 Brazil;Bauru;SP;17017337;-22.34243;-49.06801;-22.34243;-49.06801;Jardim Estoril IV;;
14;;;endereco;Avenida Antônio Gazzola, 1001, Jardim Corazza, Itu - SP, 13301-245, Brasil;Avenida Antonio Gazzola 1001 Itu SP 13301245 Brazil;Itu;SP;13301245;-23.25566;-47.29846;-23.25566;-47.29846;Jardim Corazza;;
15;;;endereco;Rua Carneiro Lobo, 536, Batel, Curitiba - PR, 80240-240, Brasil;Rua Carneiro Lobo 536 Curitiba PR 80240240 Brazil;Curitiba;PR;80240240;-25.44636;-49.29042;-25.44636;-49.29042;Batel;;
16;;;endereco;Rua Dom Alberto Gonçalves, 274, Mercês, Curitiba - PR, 80510-340, Brasil;Rua Dom Alberto Goncalves 274 Curitiba PR 80510340 Brazil;Curitiba;PR;80510340;-25.42007;-49.28265;-25.42007;-49.28265;Mercês;;
17;;;endereco;Avenida Higienópolis, 1601, Higienópolis, Londrina - PR, 86015-010, Brasil;Avenida Higienopolis 1601 Londrina PR 86015010 Brazil;Londrina;PR;86015010;-23.32415;-51.16728;-23.32415;-51.16728;Higienópolis;;
18;;;endereco;Dr. Sérgio Keinert, Praça São Paulo da Cruz, Juveve, Curitiba - PR, 80030-480, Brasil;Dr Sergio Keinert Praca Sao Paulo da Cruz Juveve Curitiba PR 80030480 Brazil;Curitiba;PR;80030480;-25.41101;-49.25551;-25.41101;-49.25551;;ALTO;sem numero de porta
19;;;endereco;Zletric, Avenida do Batel, 1550, Batel, Curitiba - PR, 80420-090, Brasil;Avenida do Batel 1550 Curitiba PR 80420090 Brazil;Curitiba;PR;80420090;-25.44214;-49.28802;-25.44214;-49.28802;Batel;;
20;;;endereco;Luvitae, Avenida Iguaçu, Água Verde, Curitiba - PR, 80240-031, Brasil;Avenida Iguacu Agua Verde Curitiba PR 80240031 Brazil;Curitiba;PR;80240031;-25.44903;-49.28851;-25.44903;-49.28851;;ALTO;sem numero de porta
21;;;endereco;Implaara, Avenida Rodrigo Fernando Grillo, Jardim dos Manacás, Araraquara - SP, 14801-534, Brasil;Avenida Rodrigo Fernando Grillo Jardim dos Manacas Araraquara SP 14801534 Brazil;Araraquara;SP;14801534;-21.78449;-48.19758;-21.78449;-48.19758;;ALTO;sem numero de porta
22;;;endereco;Rua Vasco da Gama, 40, Jabaquara, Santos - SP, 11013-590, Brasil;Rua Vasco da Gama 40 Santos SP 11013590 Brazil;Santos;SP;11013590;-23.94074;-46.33599;-23.94074;-46.33599;Jabaquara;;
23;;;endereco;Tmg Capital, Rua Joaquim Floriano, 72, Itaim Bibi, São Paulo - SP, 04534-000, Brasil;Rua Joaquim Floriano 72 Sao Paulo SP 04534000 Brazil;São Paulo;SP;04534000;-23.58329;-46.67114;-23.58329;-46.67114;Itaim Bibi;MEDIO;CEP generico de cidade, nao de rua (2,4x mais falha)
24;;;endereco;Alameda Vicente Pinzon, 144, Itaim Bibi, São Paulo - SP, 04547-130, Brasil;Alameda Vicente Pinzon 144 Sao Paulo SP 04547130 Brazil;São Paulo;SP;04547130;-23.59665;-46.68691;-23.59665;-46.68691;Itaim Bibi;;
25;;;endereco;Rua Boa Vista, 208, Sé, São Paulo - SP, 01014-001, Brasil;Rua Boa Vista 208 Sao Paulo SP 01014001 Brazil;São Paulo;SP;01014001;-23.54576;-46.6332;-23.54576;-46.6332;Sé;;
26;;;endereco;Avenida Brigadeiro Faria Lima, Pinheiros, São Paulo - SP, 01452-001, Brasil;Avenida Brigadeiro Faria Lima Pinheiros Sao Paulo SP 01452001 Brazil;São Paulo;SP;01452001;-23.57753;-46.68684;-23.57753;-46.68684;;ALTO;sem numero de porta
27;;;endereco;Condomínio Edificio Pedro Mariz - B.31, Avenida Brigadeiro Faria Lima, 3900, Itaim Bibi, São Paulo - SP, 04538-132, Brasil;Avenida Brigadeiro Faria Lima 3900 Sao Paulo SP 04538132 Brazil;São Paulo;SP;04538132;-23.59018;-46.68206;-23.59018;-46.68206;Itaim Bibi;;
28;;;endereco;Noronha, Avenida Brigadeiro Faria Lima, 1478, Pinheiros, São Paulo - SP, 01452-002, Brasil;Avenida Brigadeiro Faria Lima 1478 Sao Paulo SP 01452002 Brazil;São Paulo;SP;01452002;-23.56944;-46.69122;-23.56944;-46.69122;Pinheiros;;
29;;;endereco;Avenida Chedid Jafet, 75, Itaim Bibi, São Paulo - SP, 04551-065, Brasil;Avenida Chedid Jafet 75 Sao Paulo SP 04551065 Brazil;São Paulo;SP;04551065;-23.59219;-46.68904;-23.59219;-46.68904;Itaim Bibi;;
30;;;endereco;Rua Helena, 260, Itaim Bibi, São Paulo - SP, 04552-050, Brasil;Rua Helena 260 Sao Paulo SP 04552050 Brazil;São Paulo;SP;04552050;-23.59304;-46.68672;-23.59304;-46.68672;Itaim Bibi;;
31;;;endereco;Avenida Brigadeiro Faria Lima, 3600, Itaim Bibi, São Paulo - SP, 04538-132, Brasil;Avenida Brigadeiro Faria Lima 3600 Sao Paulo SP 04538132 Brazil;São Paulo;SP;04538132;-23.58841;-46.68221;-23.58841;-46.68221;Itaim Bibi;;
32;;;endereco;Rua Domingos de Morais, 336, Vila Mariana, São Paulo - SP, 04010-000, Brasil;Rua Domingos de Morais 336 Sao Paulo SP 04010000 Brazil;São Paulo;SP;04010000;-23.58012;-46.64018;-23.58012;-46.64018;Vila Mariana;MEDIO;CEP generico de cidade, nao de rua (2,4x mais falha)
33;;;endereco;Avenida das Nações Unidas, 14273, Santo Amaro, São Paulo - SP, 04795-100, Brasil;Avenida das Nacoes Unidas 14273 Sao Paulo SP 04795100 Brazil;São Paulo;SP;04795100;-23.6237;-46.70337;-23.6237;-46.70337;Santo Amaro;;
34;;;endereco;Avenida Doutor Moraes Salles, 688, Centro, Campinas - SP, 13010-000, Brasil;Avenida Doutor Moraes Salles 688 Campinas SP 13010000 Brazil;Campinas;SP;13010000;-22.90745;-47.05777;-22.90745;-47.05777;Centro;MEDIO;CEP generico de cidade, nao de rua (2,4x mais falha)
35;;;endereco;Avenida dos Trabalhadores, 292, Indaiatuba - SP, 13338-050, Brasil;Avenida dos Trabalhadores 292 Indaiatuba SP 13338050 Brazil;Indaiatuba;SP;13338050;-23.08715;-47.19926;-23.08715;-47.19926;;;
36;;;endereco;Rua Nove Cj, 410, Cidade Jardim, Rio Claro - SP, 13501-100, Brasil;Rua Nove Cj 410 Rio Claro SP 13501100 Brazil;Rio Claro;SP;13501100;-22.42438;-47.5599;-22.42438;-47.5599;Cidade Jardim;;
37;;;endereco;Rua Alayde Nascimento de Lemos, 803, Jardim Guarani, Campinas - SP, 13100-453, Brasil;Rua Alayde Nascimento de Lemos 803 Campinas SP 13100453 Brazil;Campinas;SP;13100453;-22.91185;-47.04221;-22.91185;-47.04221;Jardim Guarani;;
38;;;endereco;Rua Doutor Sampaio Ferraz, 618, Cambuí, Campinas - SP, 13024-431, Brasil;Rua Doutor Sampaio Ferraz 618 Campinas SP 13024431 Brazil;Campinas;SP;13024431;-22.89215;-47.04998;-22.89215;-47.04998;Cambuí;;
39;;;endereco;Rua Santo Antônio, 49, Cambuí, Campinas - SP, 13024-440, Brasil;Rua Santo Antonio 49 Campinas SP 13024440 Brazil;Campinas;SP;13024440;-22.89078;-47.05196;-22.89078;-47.05196;Cambuí;;
40;;;endereco;Rua Jerônimo Pattaro, 19, Barão Geraldo, Campinas - SP, 13084-110, Brasil;Rua Jeronimo Pattaro 19 Campinas SP 13084110 Brazil;Campinas;SP;13084110;-22.82268;-47.08546;-22.82268;-47.08546;Barão Geraldo;;
41;;;endereco;Rua Doutor Osvaldo Cruz, 405, Jardim Nossa Senhora Auxiliadora, Campinas - SP, 13076-260, Brasil;Rua Doutor Osvaldo Cruz 405 Campinas SP 13076260 Brazil;Campinas;SP;13076260;-22.88446;-47.06001;-22.88446;-47.06001;Jardim Nossa Senhora Auxiliadora;;
42;;;endereco;Rua Antônio José da Silva Martelinho, 426, Parque Industrial, Campinas - SP, 13031-650, Brasil;Rua Antonio Jose da Silva Martelinho 426 Campinas SP 13031650 Brazil;Campinas;SP;13031650;-22.92252;-47.08718;-22.92252;-47.08718;Parque Industrial;;
43;;;endereco;Rua José Guarnieri, 354, Jardim Silvania, Mogi Mirim - SP, 13806-674, Brasil;Rua Jose Guarnieri 354 Mogi Mirim SP 13806674 Brazil;Mogi Mirim;SP;13806674;-22.4059;-46.96773;-22.4059;-46.96773;Jardim Silvania;;
44;;;endereco;Rua Tiradentes, 1174, Centro, Piracicaba - SP, 13400-765, Brasil;Rua Tiradentes 1174 Piracicaba SP 13400765 Brazil;Piracicaba;SP;13400765;-22.72535;-47.65325;-22.72535;-47.65325;Centro;;
45;;;endereco;Avenida Doutor Jesuíno Marcondes Machado, 2400, Chácara da Barra, Campinas - SP, 13090-723, Brasil;Avenida Doutor Jesuino Marcondes Machado 2400 Campinas SP 13090723 Brazil;Campinas;SP;13090723;-22.89034;-47.03545;-22.89034;-47.03545;Chácara da Barra;;
46;;;endereco;Rua Júlio Frank de Arruda, 227, Botafogo, Campinas - SP, 13020-190, Brasil;Rua Julio Frank de Arruda 227 Campinas SP 13020190 Brazil;Campinas;SP;13020190;-22.90057;-47.06566;-22.90057;-47.06566;Botafogo;;
47;;;endereco;Rua Rio Branco, 92, Centro, Americana - SP, 13465-030, Brasil;Rua Rio Branco 92 Americana SP 13465030 Brazil;Americana;SP;13465030;-22.74129;-47.32872;-22.74129;-47.32872;Centro;;
48;;;endereco;Avenida dos Imigrantes, 415A, Vinhedo - SP, 13280-000, Brasil;Avenida dos Imigrantes 415A Vinhedo SP 13280000 Brazil;Vinhedo;SP;13280000;-23.03672;-46.98348;-23.03672;-46.98348;;MEDIO;CEP generico de cidade, nao de rua (2,4x mais falha)
49;;;endereco;Rua Maria Monteiro, 830, Cambuí, Campinas - SP, 13025-151, Brasil;Rua Maria Monteiro 830 Campinas SP 13025151 Brazil;Campinas;SP;13025151;-22.89697;-47.05166;-22.89697;-47.05166;Cambuí;;
50;;;endereco;Avenida Pedro Botesi, 2149, Jardim Silvania, Mogi Mirim - SP, 13806-019, Brasil;Avenida Pedro Botesi 2149 Mogi Mirim SP 13806019 Brazil;Mogi Mirim;SP;13806019;-22.40585;-46.96767;-22.40585;-46.96767;Jardim Silvania;;
51;;;endereco;Rua Tamekichi Takano, 595, Registro - SP, 11900-000, Brasil;Rua Tamekichi Takano 595 Registro SP 11900000 Brazil;Registro;SP;11900000;-24.49587;-47.84365;-24.49587;-47.84365;;MEDIO;CEP generico de cidade, nao de rua (2,4x mais falha)
52;;;endereco;Bb agência Especializada Mpe, Avenida Sete de Setembro, 40033001, Rebouças, Curitiba - PR, 80230-010, Brasil;Avenida Sete de Setembro Reboucas 80230 010 Curitiba PR 80230010 Brazil;Curitiba;PR;80230010;-25.43811;-49.26656;-25.43811;-49.26656;;ALTO;sem numero de porta
53;;;endereco;Rua Capitão Tobias Pereira da Cruz, 52, São Pedro, São José dos Pinhais - PR, 83005-050, Brasil;Rua Capitao Tobias Pereira da Cruz 52 Sao Jose dos Pinhais PR 83005050 Brazil;São José dos Pinhais;PR;83005050;-25.54449;-49.19894;-25.54449;-49.19894;São Pedro;;
54;;;endereco;Rua José Fernandes Maldonado, Bairro Alto, Curitiba - PR, 82840-020, Brasil;Rua Jose Fernandes Maldonado Bairro Alto Curitiba PR 82840020 Brazil;Curitiba;PR;82840020;-25.40847;-49.21599;-25.40847;-49.21599;;ALTO;sem numero de porta
55;;;endereco;Avenida Sete de Setembro, 4690, Batel, Curitiba - PR, 80240-000, Brasil;Avenida Sete de Setembro 4690 Curitiba PR 80240000 Brazil;Curitiba;PR;80240000;-25.44371;-49.28374;-25.44371;-49.28374;Batel;MEDIO;CEP generico de cidade, nao de rua (2,4x mais falha)
56;;;endereco;Rua Heitor Stockler de França, 356, Centro Cívico, Curitiba - PR, 80030-030, Brasil;Rua Heitor Stockler de Franca 356 Curitiba PR 80030030 Brazil;Curitiba;PR;80030030;-25.42078;-49.26806;-25.42078;-49.26806;Centro Cívico;;
57;;;endereco;Rua Assis Brasil, 415, Barreirinha, Curitiba - PR, 82220-150, Brasil;Rua Assis Brasil 415 Curitiba PR 82220150 Brazil;Curitiba;PR;82220150;-25.36856;-49.26384;-25.36856;-49.26384;Barreirinha;;
58;;;endereco;Rua Doutor Pedrosa, 151, Centro, Curitiba - PR, 80420-120, Brasil;Rua Doutor Pedrosa 151 Curitiba PR 80420120 Brazil;Curitiba;PR;80420120;-25.43814;-49.27541;-25.43814;-49.27541;Centro;;
59;;;endereco;Rua Padre Anchieta, 2050, Bigorrilho, Curitiba - PR, 80730-001, Brasil;Rua Padre Anchieta 2050 Curitiba PR 80730001 Brazil;Curitiba;PR;80730001;-25.43278;-49.29919;-25.43278;-49.29919;Bigorrilho;;
60;;;endereco;Avenida Sete de Setembro, 4484, Batel, Curitiba - PR, 80250-085, Brasil;Avenida Sete de Setembro 4484 Curitiba PR 80250085 Brazil;Curitiba;PR;80250085;-25.443;-49.28195;-25.443;-49.28195;Batel;;
61;;;endereco;Espaço Vida Saudável do Renan, Avenida Cândido de Abreu, 526, Centro Cívico, Curitiba - PR, 80030-030, Brasil;Avenida Candido de Abreu 526 Curitiba PR 80030030 Brazil;Curitiba;PR;80030030;-25.42017;-49.26855;-25.42017;-49.26855;Centro Cívico;;
62;;;endereco;Mix Eletrônicos, Rodovia Professor Alfredo Rolim de Moura, 1001, Mogi das Cruzes - SP, 08880-000, Brasil;Rodovia Professor Alfredo Rolim de Moura 1001 Mogi das Cruzes SP 08880000 Brazil;Mogi das Cruzes;SP;08880000;-23.51691;-46.17907;-23.51691;-46.17907;;ALTO;"endereco de rodovia (57-67% falharam); CEP generico de cidade, nao de rua (2,4x mais falha)"
63;;;endereco;Power2Go, Rua Alexandre Herculano, 197, Gonzaga, Santos - SP, 11050-031, Brasil;Rua Alexandre Herculano 197 Santos SP 11050031 Brazil;Santos;SP;11050031;-23.95937;-46.32986;-23.95937;-46.32986;Gonzaga;;
64;;;endereco;Rua Onze de Junho, 692, Centro, Santo André - SP, 09015-520, Brasil;Rua Onze de Junho 692 Santo Andre SP 09015520 Brazil;Santo André;SP;09015520;-23.66346;-46.5217;-23.66346;-46.5217;Centro;;
65;;;endereco;Rua Doutor Renato Paes de Barros, 717, Itaim Bibi, São Paulo - SP, 04530-001, Brasil;Rua Doutor Renato Paes de Barros 717 Sao Paulo SP 04530001 Brazil;São Paulo;SP;04530001;-23.58488;-46.6732;-23.58488;-46.6732;Itaim Bibi;;
66;;;endereco;Viaduto Boa Vista, 47, Sé, São Paulo - SP, 01014-030, Brasil;Viaduto Boa Vista 47 Sao Paulo SP 01014030 Brazil;São Paulo;SP;01014030;-23.54724;-46.63343;-23.54724;-46.63343;Sé;;
67;;;endereco;Rua Amazonas, 439, Santa Paula, São Caetano do Sul - SP, 09520-060, Brasil;Rua Amazonas 439 Sao Caetano do Sul SP 09520060 Brazil;São Caetano do Sul;SP;09520060;-23.6146;-46.56912;-23.6146;-46.56912;Santa Paula;;
68;;;endereco;C M Serviços Contabeis, Avenida Frei Pacífico Wagner, 163, Centro, Caraguatatuba - SP, 11660-280, Brasil;Avenida Frei Pacifico Wagner 163 Caraguatatuba SP 11660280 Brazil;Caraguatatuba;SP;11660280;-23.62175;-45.41447;-23.62175;-45.41447;Centro;;
69;;;endereco;Avenida Adolfo Pinheiro, 1029, Santo Amaro, São Paulo - SP, 04734-002, Brasil;Avenida Adolfo Pinheiro 1029 Sao Paulo SP 04734002 Brazil;São Paulo;SP;04734002;-23.64444;-46.7005;-23.64444;-46.7005;Santo Amaro;;
70;;;endereco;Máxima Automóveis, Rua Raimundo Corrêa, Vila Marina Dias, Sorocaba - SP, 18035-265, Brasil;Rua Raimundo Correa Vila Marina Dias Sorocaba SP 18035265 Brazil;Sorocaba;SP;18035265;-23.50616;-47.45842;-23.50616;-47.45842;;ALTO;sem numero de porta
71;;;endereco;10 Andar Torre Maggiore, Rua Nestor Guimarães, Estrela, Ponta Grossa - PR, 84040-130, Brasil;Torre Maggiore Rua Nestor Guimaraes Estrela Ponta Grossa PR 84040130 Brazil;Ponta Grossa;PR;84040130;-25.10325;-50.15891;-25.10325;-50.15891;;ALTO;sem numero de porta
72;;;endereco;Rua Claudionor Sandoval, 741, Jardim Paulista, Presidente Prudente - SP, 19023-200, Brasil;Rua Claudionor Sandoval 741 Presidente Prudente SP 19023200 Brazil;Presidente Prudente;SP;19023200;-22.11526;-51.40016;-22.11526;-51.40016;Jardim Paulista;;
73;;;endereco;Avenida Ayrton Senna da Silva, 600, Palhano, Londrina - PR, 86050-460, Brasil;Avenida Ayrton Senna da Silva 600 Londrina PR 86050460 Brazil;Londrina;PR;86050460;-23.33108;-51.1778;-23.33108;-51.1778;Palhano;;
74;;;endereco;Rua Leoberto Leal, 440, Papanduva - SC, 89370-000, Brasil;Rua Leoberto Leal 440 Papanduva SC 89370000 Brazil;Papanduva;SC;89370000;-26.40786;-50.13989;-26.40786;-50.13989;;MEDIO;CEP generico de cidade, nao de rua (2,4x mais falha)
75;;;endereco;Rua Professora Amazilia, 69, União da Vitória - PR, 84600-285, Brasil;Rua Professora Amazilia 69 Uniao da Vitoria PR 84600285 Brazil;União da Vitória;PR;84600285;-26.2285;-51.08983;-26.2285;-51.08983;;;
76;;;endereco;Rua David de Paula e Silva, 687, São Mateus do Sul - PR, 83900-126, Brasil;Rua David de Paula e Silva 687 Sao Mateus do Sul PR 83900126 Brazil;São Mateus do Sul;PR;83900126;-25.87483;-50.38517;-25.87483;-50.38517;;;
77;;;endereco;Rua Marechal Deodoro, 254, Centro, Curitiba - PR, 80020-320, Brasil;Rua Marechal Deodoro 254 Curitiba PR 80020320 Brazil;Curitiba;PR;80020320;-25.43186;-49.26971;-25.43186;-49.26971;Centro;;
78;;;endereco;Avenida Manoel Ribas, 2028, Alto da XV, Guarapuava - PR, 85010-180, Brasil;Avenida Manoel Ribas 2028 Guarapuava PR 85010180 Brazil;Guarapuava;PR;85010180;-25.38773;-51.46199;-25.38773;-51.46199;Alto da XV;;
79;;;endereco;Rua Pedroso Alvarenga, 1254, Itaim Bibi, São Paulo - SP, 04531-012, Brasil;Rua Pedroso Alvarenga 1254 Sao Paulo SP 04531012 Brazil;São Paulo;SP;04531012;-23.58265;-46.68237;-23.58265;-46.68237;Itaim Bibi;;
80;;;endereco;Chesse Cake, Rua Líbero Badaró, 398, Sé, São Paulo - SP, 01008-000, Brasil;Rua Libero Badaro 398 Sao Paulo SP 01008000 Brazil;São Paulo;SP;01008000;-23.54622;-46.63585;-23.54622;-46.63585;Sé;MEDIO;CEP generico de cidade, nao de rua (2,4x mais falha)
81;;;endereco;Rua Barão de Jundiaí, 397, Centro, Jundiaí - SP, 13201-010, Brasil;Rua Barao de Jundiai 397 Jundiai SP 13201010 Brazil;Jundiaí;SP;13201010;-23.19104;-46.88246;-23.19104;-46.88246;Centro;;
82;;;endereco;Rua Visconde do Rio Branco, 11A, Monte Mor - SP, 13190-000, Brasil;Rua Visconde do Rio Branco 11A Monte Mor SP 13190000 Brazil;Monte Mor;SP;13190000;-22.95062;-47.30681;-22.95062;-47.30681;;MEDIO;CEP generico de cidade, nao de rua (2,4x mais falha)
83;;;endereco;Rua Quinze de Novembro, 1803, Cidade Alta, Piracicaba - SP, 13417-100, Brasil;Rua Quinze de Novembro 1803 Piracicaba SP 13417100 Brazil;Piracicaba;SP;13417100;-22.73039;-47.64032;-22.73039;-47.64032;Cidade Alta;;
84;;;endereco;Rua Sebastião Monteiro dos Santos, 354, Jardim Nova Itália, Limeira - SP, 13484-329, Brasil;Rua Sebastiao Monteiro dos Santos 354 Limeira SP 13484329 Brazil;Limeira;SP;13484329;-22.56077;-47.41709;-22.56077;-47.41709;Jardim Nova Itália;;
85;;;endereco;Avenida Presidente Vargas, 3235, Indaiatuba - SP, 13338-705, Brasil;Avenida Presidente Vargas 3235 Indaiatuba SP 13338705 Brazil;Indaiatuba;SP;13338705;-23.08476;-47.18417;-23.08476;-47.18417;;;
86;;;endereco;Gênesis Informática, Rua Romano Anselmo Fontana, 839, Centro, Concórdia - SC, 89700-000, Brasil;Rua Romano Anselmo Fontana 839 Concordia SC 89700000 Brazil;Concórdia;SC;89700000;-27.22632;-52.02992;-27.22632;-52.02992;Centro;MEDIO;CEP generico de cidade, nao de rua (2,4x mais falha)
87;;;endereco;Rua Pedro Álvares Cabral, 574, Centro, Erechim - RS, 99700-248, Brasil;Rua Pedro Alvares Cabral 574 Erechim RS 99700248 Brazil;Erechim;RS;99700248;-27.63946;-52.26913;-27.63946;-52.26913;Centro;;
88;;;endereco;Rua Santa Catarina, 864, Nazaré, Concórdia - SC, 89707-024, Brasil;Rua Santa Catarina 864 Concordia SC 89707024 Brazil;Concórdia;SC;89707024;-27.23556;-52.03725;-27.23556;-52.03725;Nazaré;;
89;;;endereco;Rua Thomaz Gonzaga, 1, Vila Fátima, Passo Fundo - RS, 99020-170, Brasil;Rua Thomaz Gonzaga 1 Passo Fundo RS 99020170 Brazil;Passo Fundo;RS;99020170;-28.24775;-52.40644;-28.24775;-52.40644;Vila Fátima;;
90;;;endereco;Rua Teixeira Soares, 1117, Centro, Passo Fundo - RS, 99010-080, Brasil;Rua Teixeira Soares 1117 Passo Fundo RS 99010080 Brazil;Passo Fundo;RS;99010080;-28.26272;-52.41248;-28.26272;-52.41248;Centro;;
91;;;endereco;Rua Independência, 829, Centro, Passo Fundo - RS, 99010-041, Brasil;Rua Independencia 829 Passo Fundo RS 99010041 Brazil;Passo Fundo;RS;99010041;-28.26384;-52.40775;-28.26384;-52.40775;Centro;;
92;;;endereco;Rua Herculano Hércules Zanuzzo, 500, Seara - SC, 89770-000, Brasil;Rua Herculano Hercules Zanuzzo 500 Seara SC 89770000 Brazil;Seara;SC;89770000;-27.15885;-52.31592;-27.15885;-52.31592;;MEDIO;CEP generico de cidade, nao de rua (2,4x mais falha)
93;;;endereco;Avenida Brasil Oeste, 1261, Centro, Passo Fundo - RS, 99025-003, Brasil;Avenida Brasil Oeste 1261 Passo Fundo RS 99025003 Brazil;Passo Fundo;RS;99025003;-28.2645;-52.41589;-28.2645;-52.41589;Centro;;
94;;;endereco;Rua Antônio Araújo, 560, Centro, Passo Fundo - RS, 99010-220, Brasil;Rua Antonio Araujo 560 Passo Fundo RS 99010220 Brazil;Passo Fundo;RS;99010220;-28.25524;-52.39894;-28.25524;-52.39894;Centro;;
95;;;endereco;Rua Coronel Farrapo, 555, Centro, Campos Novos - SC, 89620-000, Brasil;Rua Coronel Farrapo 555 Campos Novos SC 89620000 Brazil;Campos Novos;SC;89620000;-27.40274;-51.22881;-27.40274;-51.22881;Centro;MEDIO;CEP generico de cidade, nao de rua (2,4x mais falha)
96;;;endereco;Servilar, Avenida Sete de Setembro, Centro, Passo Fundo - RS, 99010-121, Brasil;Avenida Sete de Setembro Centro Passo Fundo RS 99010121 Brazil;Passo Fundo;RS;99010121;-28.26566;-52.4053;-28.26566;-52.4053;;ALTO;sem numero de porta
97;;;endereco;Avenida Brasil Oeste, 1111, Centro, Passo Fundo - RS, 99025-003, Brasil;Avenida Brasil Oeste 1111 Passo Fundo RS 99025003 Brazil;Passo Fundo;RS;99025003;-28.26394;-52.41481;-28.26394;-52.41481;Centro;;
98;;;endereco;Avenida Sete de Setembro, 1055, Centro, Passo Fundo - RS, 83649-600, Brasil;Avenida Sete de Setembro 1055 Passo Fundo RS 83649600 Brazil;Passo Fundo;RS;83649600;-28.26539;-52.40343;-28.26539;-52.40343;Centro;;
99;;;endereco;Rua Barão do Rio Branco, 120, Casca - RS, 99260-000, Brasil;Rua Barao do Rio Branco 120 Casca RS 99260000 Brazil;Casca;RS;99260000;-28.56269;-51.97366;-28.56269;-51.97366;;MEDIO;CEP generico de cidade, nao de rua (2,4x mais falha)
100;;;endereco;Avenida Itália, 433, São Pelegrino, Caxias do Sul - RS, 95010-040, Brasil;Avenida Italia 433 Caxias do Sul RS 95010040 Brazil;Caxias do Sul;RS;95010040;-29.16874;-51.19336;-29.16874;-51.19336;São Pelegrino;;
101;;;endereco;Avenida Sete de Setembro, 185, Centro, Passo Fundo - RS, 99010-121, Brasil;Avenida Sete de Setembro 185 Passo Fundo RS 99010121 Brazil;Passo Fundo;RS;99010121;-28.26532;-52.40211;-28.26532;-52.40211;Centro;;
102;;;endereco;Rua Inácia Vieira, 403, Vacaria - RS, 95200-019, Brasil;Rua Inacia Vieira 403 Vacaria RS 95200019 Brazil;Vacaria;RS;95200019;-28.5071;-50.93701;-28.5071;-50.93701;;;
103;;;endereco;Rua Feijó Júnior, 583, São Pelegrino, Caxias do Sul - RS, 95034-160, Brasil;Rua Feijo Junior 583 Caxias do Sul RS 95034160 Brazil;Caxias do Sul;RS;95034160;-29.1668;-51.18869;-29.1668;-51.18869;São Pelegrino;;
104;;;endereco;Rua Marechal Deodoro, 630, Centro, Curitiba - PR, 80010-010, Brasil;Rua Marechal Deodoro 630 Curitiba PR 80010010 Brazil;Curitiba;PR;80010010;-25.4303;-49.26626;-25.4303;-49.26626;Centro;;
105;;;endereco;Rua Otávio Francisco Dias, 542, Água Verde, Curitiba - PR, 80620-310, Brasil;Rua Otavio Francisco Dias 542 Curitiba PR 80620310 Brazil;Curitiba;PR;80620310;-25.4581;-49.27747;-25.4581;-49.27747;Água Verde;;
106;;;endereco;Alameda Doutor Carlos de Carvalho, 555, Centro, Curitiba - PR, 80430-180, Brasil;Alameda Doutor Carlos de Carvalho 555 Curitiba PR 80430180 Brazil;Curitiba;PR;80430180;-25.43346;-49.28046;-25.43346;-49.28046;Centro;;
107;;;endereco;Rua Bom Jesus, 150, Juveve, Curitiba - PR, 80035-010, Brasil;Rua Bom Jesus 150 Curitiba PR 80035010 Brazil;Curitiba;PR;80035010;-25.4108;-49.25545;-25.4108;-49.25545;Juveve;;
108;;;endereco;Rua Orleans, 1005, América, Joinville - SC, 89204-580, Brasil;Rua Orleans 1005 Joinville SC 89204580 Brazil;Joinville;SC;89204580;-26.28475;-48.85658;-26.28475;-48.85658;América;;
109;;;endereco;Avenida Presidente Wenceslau Bráz, 1902, Guaíra, Curitiba - PR, 81010-000, Brasil;Avenida Presidente Wenceslau Braz 1902 Curitiba PR 81010000 Brazil;Curitiba;PR;81010000;-25.47432;-49.27336;-25.47432;-49.27336;Guaíra;MEDIO;CEP generico de cidade, nao de rua (2,4x mais falha)
110;;;endereco;Basesul Empreendimentos, Rua Grã Nicco, Mossungue, Curitiba - PR, 81200-200, Brasil;Rua Gra Nicco Mossungue Curitiba PR 81200200 Brazil;Curitiba;PR;81200200;-25.43711;-49.3291;-25.43711;-49.3291;;ALTO;sem numero de porta
111;;;endereco;Avenida Brigadeiro Faria Lima, Itaim Bibi, São Paulo - SP, 04538-133, Brasil;Avenida Brigadeiro Faria Lima Itaim Bibi Sao Paulo SP 04538133 Brazil;São Paulo;SP;04538133;-23.58598;-46.68299;-23.58598;-46.68299;;ALTO;sem numero de porta
112;;;endereco;Rua Américo Brasiliense, 1922, Santo Amaro, São Paulo - SP, 04715-004, Brasil;Rua Americo Brasiliense 1922 Sao Paulo SP 04715004 Brazil;São Paulo;SP;04715004;-23.62986;-46.70488;-23.62986;-46.70488;Santo Amaro;;
113;;;endereco;Avenida Ibirapuera, 2120, Moema, São Paulo - SP, 04028-001, Brasil;Avenida Ibirapuera 2120 Sao Paulo SP 04028001 Brazil;São Paulo;SP;04028001;-23.60268;-46.66187;-23.60268;-46.66187;Moema;;
114;;;endereco;Tupinambá, Rua Ministro Jesuíno Cardoso, 454, Itaim Bibi, São Paulo - SP, 04544-050, Brasil;Rua Ministro Jesuino Cardoso 454 Sao Paulo SP 04544050 Brazil;São Paulo;SP;04544050;-23.5923;-46.68218;-23.5923;-46.68218;Itaim Bibi;;
115;;;endereco;Alameda Raja Gabaglia, 62, Itaim Bibi, São Paulo - SP, 04551-090, Brasil;Alameda Raja Gabaglia 62 Sao Paulo SP 04551090 Brazil;São Paulo;SP;04551090;-23.5945;-46.68897;-23.5945;-46.68897;Itaim Bibi;;
116;;;endereco;Rua Brasílio Bacellar Filho, 59, Tinguí, Curitiba - PR, 82620-250, Brasil;Rua Brasilio Bacellar Filho 59 Curitiba PR 82620250 Brazil;Curitiba;PR;82620250;-25.38642;-49.22178;-25.38642;-49.22178;Tinguí;;
117;;;endereco;Rua Corupá, 100, Anita Garibaldi, Joinville - SC, 89203-620, Brasil;Rua Corupa 100 Joinville SC 89203620 Brazil;Joinville;SC;89203620;-26.31295;-48.85745;-26.31295;-48.85745;Anita Garibaldi;;
118;;;endereco;Rua Itaiópolis, 730, Saguaçu, Joinville - SC, 89221-155, Brasil;Rua Itaiopolis 730 Joinville SC 89221155 Brazil;Joinville;SC;89221155;-26.28767;-48.84139;-26.28767;-48.84139;Saguaçu;;
119;;;endereco;Rua Lourenço Pinto, 190, Centro, Curitiba - PR, 80010-160, Brasil;Rua Lourenco Pinto 190 Curitiba PR 80010160 Brazil;Curitiba;PR;80010160;-25.43538;-49.26882;-25.43538;-49.26882;Centro;;
120;;;endereco;Rua Marcílio Dias, 333, Santo Antônio, Joinville - SC, 89218-005, Brasil;Rua Marcilio Dias 333 Joinville SC 89218005 Brazil;Joinville;SC;89218005;-26.2758;-48.85325;-26.2758;-48.85325;Santo Antônio;;
121;;;endereco;Rua Ismael Carlos Correia, 93, Saguaçu, Joinville - SC, 89221-520, Brasil;Rua Ismael Carlos Correia 93 Joinville SC 89221520 Brazil;Joinville;SC;89221520;-26.2744;-48.84355;-26.2744;-48.84355;Saguaçu;;
122;;;endereco;Rua Visconde do Rio Branco, 1630, Centro, Curitiba - PR, 80420-210, Brasil;Rua Visconde do Rio Branco 1630 Curitiba PR 80420210 Brazil;Curitiba;PR;80420210;-25.43558;-49.27781;-25.43558;-49.27781;Centro;;
123;;;endereco;Rua General Andrade Neves, 435, Centro, Cruz Alta - RS, 98005-239, Brasil;Rua General Andrade Neves 435 Cruz Alta RS 98005239 Brazil;Cruz Alta;RS;98005239;-28.64095;-53.60602;-28.64095;-53.60602;Centro;;
124;;;endereco;Rua General Osório, 1032, Ibirubá - RS, 98200-000, Brasil;Rua General Osorio 1032 Ibiruba RS 98200000 Brazil;Ibirubá;RS;98200000;-28.62995;-53.09084;-28.62995;-53.09084;;MEDIO;CEP generico de cidade, nao de rua (2,4x mais falha)
125;;;endereco;Avenida Marechal Floriano Peixoto, 1256, Soledade - RS, 99300-000, Brasil;Avenida Marechal Floriano Peixoto 1256 Soledade RS 99300000 Brazil;Soledade;RS;99300000;-28.82677;-52.51179;-28.82677;-52.51179;;MEDIO;CEP generico de cidade, nao de rua (2,4x mais falha)
126;;;endereco;Projettos Fabrica de Pastas e Bolsas, Rua Marechal Floriano Peixoto, 467, Centro, Santa Maria - RS, 97015-372, Brasil;Rua Marechal Floriano Peixoto 467 Santa Maria RS 97015372 Brazil;Santa Maria;RS;97015372;-29.69263;-53.80763;-29.69263;-53.80763;Centro;;
127;;;endereco;Dr. Diego Chemello, Centro, Santa Maria - RS, Brasil;Dr Diego Chemello Centro Santa Maria RS Brazil;Santa Maria;RS;;-29.69161;-53.80632;-29.69161;-53.80632;;ALTO;sem numero de porta
128;;;endereco;Rua Marechal Deodoro, 582, Centro, Santa Cruz do Sul - RS, 96810-102, Brasil;Rua Marechal Deodoro 582 Santa Cruz do Sul RS 96810102 Brazil;Santa Cruz do Sul;RS;96810102;-29.71846;-52.42595;-29.71846;-52.42595;Centro;;
129;;;endereco;Avenida Carlos Gomes, 1408, Três Figueiras, Porto Alegre - RS, 90480-001, Brasil;Avenida Carlos Gomes 1408 Porto Alegre RS 90480001 Brazil;Porto Alegre;RS;90480001;-30.03352;-51.17811;-30.03352;-51.17811;Três Figueiras;;
130;;;endereco;Rua Hilário Ribeiro, 340, Moinhos de Vento, Porto Alegre - RS, 90510-040, Brasil;Rua Hilario Ribeiro 340 Porto Alegre RS 90510040 Brazil;Porto Alegre;RS;90510040;-30.02582;-51.20345;-30.02582;-51.20345;Moinhos de Vento;;
131;;;endereco;Rua Marechal Floriano Peixoto, 10, Centro Histórico, Porto Alegre - RS, 90020-060, Brasil;Rua Marechal Floriano Peixoto 10 Porto Alegre RS 90020060 Brazil;Porto Alegre;RS;90020060;-30.02879;-51.22683;-30.02879;-51.22683;Centro Histórico;;
132;;;endereco;Bergamaschi Advogados Associados, Avenida Benjamin Constant, 1010, Centro, Lajeado - RS, 95906-280, Brasil;Avenida Benjamin Constant 1010 Lajeado RS 95906280 Brazil;Lajeado;RS;95906280;-29.46261;-51.96728;-29.46261;-51.96728;Centro;;
133;;;endereco;Rua Doutor Barbosa Gonçalves, 368, Chácara das Pedras, Porto Alegre - RS, 91330-320, Brasil;Rua Doutor Barbosa Goncalves 368 Porto Alegre RS 91330320 Brazil;Porto Alegre;RS;91330320;-30.03193;-51.1628;-30.03193;-51.1628;Chácara das Pedras;;
134;;;endereco;Rua Ayrton Senna da Silva, 126, Nova Aliança, Rio das Ostras - RJ, 28890-407, Brasil;Rua Ayrton Senna da Silva 126 Rio das Ostras RJ 28890407 Brazil;Rio das Ostras;RJ;28890407;-22.53301;-41.96178;-22.53301;-41.96178;Nova Aliança;;
135;;;endereco;Rua Visconde do Rio Branco, 2156, Centro, São José dos Pinhais - PR, 83005-420, Brasil;Rua Visconde do Rio Branco 2156 Sao Jose dos Pinhais PR 83005420 Brazil;São José dos Pinhais;PR;83005420;-25.53835;-49.19732;-25.53835;-49.19732;Centro;;
136;;;endereco;Rua Hilário Fernandes Pacheco, 52, Vera Cruz, Criciúma - SC, 88810-040, Brasil;Rua Hilario Fernandes Pacheco 52 Criciuma SC 88810040 Brazil;Criciúma;SC;88810040;-28.67;-49.37693;-28.67;-49.37693;Vera Cruz;;
137;;;endereco;Santander, Rua Cristovão Nunes Pires, 98, Centro, Florianópolis - SC, 88010-120, Brasil;Rua Cristovao Nunes Pires 98 Florianopolis SC 88010120 Brazil;Florianópolis;SC;88010120;-27.59445;-48.55853;-27.59445;-48.55853;Centro;;
138;;;endereco;Ed. Donna Guiomar, Rua Sete de Setembro, Centro, Blumenau - SC, 89010-203, Brasil;Rua Sete de Setembro Centro Blumenau SC 89010203 Brazil;Blumenau;SC;89010203;-26.92179;-49.06635;-26.92179;-49.06635;;ALTO;sem numero de porta
139;;;endereco;Rua Marechal Deodoro, 950, Centro, Curitiba - PR, 80060-010, Brasil;Rua Marechal Deodoro 950 Curitiba PR 80060010 Brazil;Curitiba;PR;80060010;-25.4291;-49.26355;-25.4291;-49.26355;Centro;;
140;;;endereco;Rua Jerônimo Coelho, 240, Centro, Joinville - SC, 89201-050, Brasil;Rua Jeronimo Coelho 240 Joinville SC 89201050 Brazil;Joinville;SC;89201050;-26.30298;-48.84296;-26.30298;-48.84296;Centro;;
141;;;endereco;Rua José Maria Hannickel, 55, Parque Campolim, Sorocaba - SP, 18047-360, Brasil;Rua Jose Maria Hannickel 55 Sorocaba SP 18047360 Brazil;Sorocaba;SP;18047360;-23.52119;-47.46408;-23.52119;-47.46408;Parque Campolim;;
142;;;endereco;Avenida Gisele Constantino, 850, Votorantim - SP, 18110-650, Brasil;Avenida Gisele Constantino 850 Votorantim SP 18110650 Brazil;Votorantim;SP;18110650;-23.54522;-47.4668;-23.54522;-47.4668;;;
143;;;endereco;Rua Quinze de Novembro, 202, Centro, Sorocaba - SP, 18010-081, Brasil;Rua Quinze de Novembro 202 Sorocaba SP 18010081 Brazil;Sorocaba;SP;18010081;-23.50051;-47.45512;-23.50051;-47.45512;Centro;;
144;;;endereco;Rua Alberto Bolliger, 826, Juveve, Curitiba - PR, 80030-280, Brasil;Rua Alberto Bolliger 826 Curitiba PR 80030280 Brazil;Curitiba;PR;80030280;-25.41476;-49.25992;-25.41476;-49.25992;Juveve;;
145;;;endereco;Rua Benjamin Lins, 761, Batel, Curitiba - PR, 80420-100, Brasil;Rua Benjamin Lins 761 Curitiba PR 80420100 Brazil;Curitiba;PR;80420100;-25.44022;-49.28135;-25.44022;-49.28135;Batel;;
146;;;endereco;Avenida Prefeito Erasto Gaertner, 555, Bacacheri, Curitiba - PR, 82510-160, Brasil;Avenida Prefeito Erasto Gaertner 555 Curitiba PR 82510160 Brazil;Curitiba;PR;82510160;-25.40202;-49.24144;-25.40202;-49.24144;Bacacheri;;
147;;;endereco;Confidence Câmbio, Avenida do Batel, 1868, Batel, Curitiba - PR, 80420-090, Brasil;Avenida do Batel 1868 Curitiba PR 80420090 Brazil;Curitiba;PR;80420090;-25.44304;-49.29085;-25.44304;-49.29085;Batel;;
148;;;endereco;Rua Padre Anchieta, 2206, Bigorrilho, Curitiba - PR, 80730-001, Brasil;Rua Padre Anchieta 2206 Curitiba PR 80730001 Brazil;Curitiba;PR;80730001;-25.43377;-49.30034;-25.43377;-49.30034;Bigorrilho;;
149;;;endereco;Avenida Roque Petroni Júnior, 75, Santo Amaro, São Paulo - SP, 04707-000, Brasil;Avenida Roque Petroni Junior 75 Sao Paulo SP 04707000 Brazil;São Paulo;SP;04707000;-23.62623;-46.68819;-23.62623;-46.68819;Santo Amaro;MEDIO;CEP generico de cidade, nao de rua (2,4x mais falha)
150;;;endereco;Itaú, Avenida Anchieta, Jardim Nova América, São José dos Campos - SP, 12242-280, Brasil;Avenida Anchieta Jardim Nova America Sao Jose dos Campos SP 12242280 Brazil;São José dos Campos;SP;12242280;-23.19286;-45.89425;-23.19286;-45.89425;;ALTO;sem numero de porta
151;;;endereco;Igc, Avenida Cassiano Ricardo, Parque Residencial Aquarius, São José dos Campos - SP, 12240-540, Brasil;Avenida Cassiano Ricardo Parque Residencial Aquarius Sao Jose dos Campos SP 12240540 Brazil;São José dos Campos;SP;12240540;-23.21998;-45.91062;-23.21998;-45.91062;;ALTO;sem numero de porta
152;;;endereco;Avenida Merimar Barbosa, 852, Barranco, Taubaté - SP, 12040-810, Brasil;Avenida Merimar Barbosa 852 Taubate SP 12040810 Brazil;Taubaté;SP;12040810;-23.02635;-45.58046;-23.02635;-45.58046;Barranco;;
153;;;endereco;Alameda Rio Negro, 1439, Alphaville, Barueri - SP, 06454-000, Brasil;Alameda Rio Negro 1439 Barueri SP 06454000 Brazil;Barueri;SP;06454000;-23.49322;-46.84967;-23.49322;-46.84967;Alphaville;MEDIO;CEP generico de cidade, nao de rua (2,4x mais falha)
154;;;endereco;Avenida Capitão Manoel Rudge, 170, Mogi das Cruzes - SP, 08780-290, Brasil;Avenida Capitao Manoel Rudge 170 Mogi das Cruzes SP 08780290 Brazil;Mogi das Cruzes;SP;08780290;-23.52187;-46.18218;-23.52187;-46.18218;;;
155;;;endereco;Avenida Trompowsky, 432, Centro, Florianópolis - SC, 88015-300, Brasil;Avenida Trompowsky 432 Florianopolis SC 88015300 Brazil;Florianópolis;SC;88015300;-27.58681;-48.54864;-27.58681;-48.54864;Centro;;
156;;;endereco;Rua Jorge Reid, 15, Cavaleiros, Macaé - RJ, 27920-260, Brasil;Rua Jorge Reid 15 Macae RJ 27920260 Brazil;Macaé;RJ;27920260;-22.40298;-41.79572;-22.40298;-41.79572;Cavaleiros;;
157;;;endereco;Rua Bento Gonçalves, 2802, Centro, Novo Hamburgo - RS, 93510-138, Brasil;Rua Bento Goncalves 2802 Novo Hamburgo RS 93510138 Brazil;Novo Hamburgo;RS;93510138;-29.68189;-51.1291;-29.68189;-51.1291;Centro;;
158;;;endereco;Avenida Osvaldo Aranha, 720, Bom Fim, Porto Alegre - RS, 90035-191, Brasil;Avenida Osvaldo Aranha 720 Porto Alegre RS 90035191 Brazil;Porto Alegre;RS;90035191;-30.03329;-51.21497;-30.03329;-51.21497;Bom Fim;;
159;;;endereco;Rua Macaiá-Mirim, 1368, Santana, São Paulo - SP, 02013-080, Brasil;Rua Macaia Mirim 1368 Sao Paulo SP 02013080 Brazil;São Paulo;SP;02013080;-23.50084;-46.63744;-23.50084;-46.63744;Santana;;
160;;;endereco;Rua São João, 26, Picanço, Guarulhos - SP, 07134-280, Brasil;Rua Sao Joao 26 Guarulhos SP 07134280 Brazil;Guarulhos;SP;07134280;-23.45298;-46.54332;-23.45298;-46.54332;Picanço;;
161;;;endereco;Clínica Dra. Pâmela Costa, Avenida Prefeito Carlos Ferreira Lopes, 703, Mogi das Cruzes - SP, 08773-490, Brasil;Avenida Prefeito Carlos Ferreira Lopes 703 Mogi das Cruzes SP 08773490 Brazil;Mogi das Cruzes;SP;08773490;-23.51015;-46.19156;-23.51015;-46.19156;;;
162;;;endereco;Alameda Terracota, Cerâmica, São Caetano do Sul - SP, 09531-190, Brasil;Alameda Terracota Ceramica Sao Caetano do Sul SP 09531190 Brazil;São Caetano do Sul;SP;09531190;-23.62405;-46.58067;-23.62405;-46.58067;;ALTO;sem numero de porta
163;;;endereco;Rua Doutor Franco da Rocha, 551, Perdizes, São Paulo - SP, 05015-040, Brasil;Rua Doutor Franco da Rocha 551 Sao Paulo SP 05015040 Brazil;São Paulo;SP;05015040;-23.53714;-46.67318;-23.53714;-46.67318;Perdizes;;
164;;;endereco;Rua Maria Figueiredo, 595, Vila Mariana, São Paulo - SP, 04007-003, Brasil;Rua Maria Figueiredo 595 Sao Paulo SP 04007003 Brazil;São Paulo;SP;04007003;-23.57301;-46.65093;-23.57301;-46.65093;Vila Mariana;;
165;;;endereco;Fair, Rua Vergueiro, 1753, Vila Mariana, São Paulo - SP, 04101-000, Brasil;Rua Vergueiro 1753 Sao Paulo SP 04101000 Brazil;São Paulo;SP;04101000;-23.57779;-46.64031;-23.57779;-46.64031;Vila Mariana;MEDIO;CEP generico de cidade, nao de rua (2,4x mais falha)
166;;;endereco;Rua Sete de Setembro, 322, Centro, Ponta Grossa - PR, 84010-350, Brasil;Rua Sete de Setembro 322 Ponta Grossa PR 84010350 Brazil;Ponta Grossa;PR;84010350;-25.0995;-50.15758;-25.0995;-50.15758;Centro;;
167;;;endereco;Rua Floriano Peixoto, 300, Centro, Blumenau - SC, 89010-022, Brasil;Rua Floriano Peixoto 300 Blumenau SC 89010022 Brazil;Blumenau;SC;89010022;-26.9232;-49.06474;-26.9232;-49.06474;Centro;;
168;;;endereco;Rua João Januário Ayroso, 293, Jaraguá Esquerdo, Jaraguá do Sul - SC, 89253-100, Brasil;Rua Joao Januario Ayroso 293 Jaragua do Sul SC 89253100 Brazil;Jaraguá do Sul;SC;89253100;-26.49623;-49.0904;-26.49623;-49.0904;Jaraguá Esquerdo;;
169;;;endereco;Rua Martim Stahl, 507, Vila Nova, Jaraguá do Sul - SC, 89259-310, Brasil;Rua Martim Stahl 507 Jaragua do Sul SC 89259310 Brazil;Jaraguá do Sul;SC;89259310;-26.49914;-49.08312;-26.49914;-49.08312;Vila Nova;;
170;;;endereco;Rua Paulo Zimmermann, 142, Centro, Blumenau - SC, 89010-170, Brasil;Rua Paulo Zimmermann 142 Blumenau SC 89010170 Brazil;Blumenau;SC;89010170;-26.9152;-49.07126;-26.9152;-49.07126;Centro;;
171;;;endereco;Avenida Venâncio Aires, 758, Santo Ângelo - RS, 98801-660, Brasil;Avenida Venancio Aires 758 Santo Angelo RS 98801660 Brazil;Santo Ângelo;RS;98801660;-28.30763;-54.25796;-28.30763;-54.25796;;;
172;;;endereco;Avenida Santa Cruz, 654, Centro, Santa Rosa - RS, 98780-744, Brasil;Avenida Santa Cruz 654 Santa Rosa RS 98780744 Brazil;Santa Rosa;RS;98780744;-27.86775;-54.47992;-27.86775;-54.47992;Centro;;
173;;;endereco;Avenida Uruguai, 620, Três de Maio - RS, 98910-000, Brasil;Avenida Uruguai 620 Tres de Maio RS 98910000 Brazil;Três de Maio;RS;98910000;-27.77899;-54.23411;-27.77899;-54.23411;;MEDIO;CEP generico de cidade, nao de rua (2,4x mais falha)
174;;;endereco;Czech Fit Treinamento Personalizado, Rua Marechal Floriano, Três de Maio - RS, 98910-000, Brasil;Rua Marechal Floriano Tres de Maio RS 98910000 Brazil;Três de Maio;RS;98910000;-27.77524;-54.23215;-27.77524;-54.23215;;ALTO;"sem numero de porta; CEP generico de cidade, nao de rua (2,4x mais falha)"
175;;;endereco;Rua Dahne de Abreu, 729, Horizontina - RS, 98920-000, Brasil;Rua Dahne de Abreu 729 Horizontina RS 98920000 Brazil;Horizontina;RS;98920000;-27.63204;-54.30825;-27.63204;-54.30825;;MEDIO;CEP generico de cidade, nao de rua (2,4x mais falha)
176;;;endereco;Rua Marquês de Tamandaré, 561, Santo Ângelo - RS, 98802-573, Brasil;Rua Marques de Tamandare 561 Santo Angelo RS 98802573 Brazil;Santo Ângelo;RS;98802573;-28.29541;-54.26569;-28.29541;-54.26569;;;
177;;;endereco;Avenida Fernando Machado, 141, Centro, Chapecó - SC, 89802-110, Brasil;Avenida Fernando Machado 141 Chapeco SC 89802110 Brazil;Chapecó;SC;89802110;-27.10658;-52.61566;-27.10658;-52.61566;Centro;;
178;;;endereco;Rua Clodomiro Amazonas, 249, Itaim Bibi, São Paulo - SP, 04537-010, Brasil;Rua Clodomiro Amazonas 249 Sao Paulo SP 04537010 Brazil;São Paulo;SP;04537010;-23.58648;-46.67917;-23.58648;-46.67917;Itaim Bibi;;
179;;;endereco;Zletric, Rua Elvira Ferraz, 256, Itaim Bibi, São Paulo - SP, 04552-040, Brasil;Rua Elvira Ferraz 256 Sao Paulo SP 04552040 Brazil;São Paulo;SP;04552040;-23.59471;-46.68182;-23.59471;-46.68182;Itaim Bibi;;
180;;;endereco;Phix It, Santo Amaro, São Paulo - SP, 04719-002, Brasil;Phix It Santo Amaro Sao Paulo SP 04719002 Brazil;São Paulo;SP;04719002;-23.63089;-46.71329;-23.63089;-46.71329;;ALTO;sem numero de porta
181;;;endereco;Rua Augusta, 2898, Jardim Paulista, São Paulo - SP, 01412-100, Brasil;Rua Augusta 2898 Sao Paulo SP 01412100 Brazil;São Paulo;SP;01412100;-23.56566;-46.66826;-23.56566;-46.66826;Jardim Paulista;;
182;;;endereco;Zletric, Rua Leopoldo Couto Magalhães Júnior, 758, Itaim Bibi, São Paulo - SP, Brasil;Rua Leopoldo Couto Magalhaes Junior 758 Sao Paulo SP Brazil;São Paulo;SP;;-23.58786;-46.68038;-23.58786;-46.68038;Itaim Bibi;;
183;;;endereco;Rua Rio Preto, 38, Jardim Paulista, São Paulo - SP, 01426-010, Brasil;Rua Rio Preto 38 Sao Paulo SP 01426010 Brazil;São Paulo;SP;01426010;-23.56657;-46.66559;-23.56657;-46.66559;Jardim Paulista;;
184;;;endereco;Edifício Olímpia Trade Center, Rua Lourenço Marques, Itaim Bibi, São Paulo - SP, 04547-100, Brasil;Rua Lourenco Marques Itaim Bibi Sao Paulo SP 04547100 Brazil;São Paulo;SP;04547100;-23.5976;-46.68495;-23.5976;-46.68495;;ALTO;sem numero de porta
185;;;endereco;Avenida Brigadeiro Faria Lima, 1800, Pinheiros, São Paulo - SP, 05477-000, Brasil;Avenida Brigadeiro Faria Lima 1800 Sao Paulo SP 05477000 Brazil;São Paulo;SP;05477000;-23.57337;-46.68974;-23.57337;-46.68974;Pinheiros;MEDIO;CEP generico de cidade, nao de rua (2,4x mais falha)
186;;;endereco;Rua Barão do Triunfo, Campo Belo, São Paulo - SP, 04620-001, Brasil;Rua Barao do Triunfo Campo Belo Sao Paulo SP 04620001 Brazil;São Paulo;SP;04620001;-23.6232;-46.68183;-23.6232;-46.68183;;ALTO;sem numero de porta
187;;;endereco;Banco Western Union do Brasil, Pinheiros, São Paulo - SP, 05477-000, Brasil;Banco Western Union do Brasil Pinheiros Sao Paulo SP 05477000 Brazil;São Paulo;SP;05477000;-23.57525;-46.69598;-23.57525;-46.69598;;ALTO;"sem numero de porta; CEP generico de cidade, nao de rua (2,4x mais falha)"
188;;;endereco;Ironhack, Alameda Jaú, 1301, Jardim Paulista, São Paulo - SP, 01420-001, Brasil;Alameda Jau 1301 Sao Paulo SP 01420001 Brazil;São Paulo;SP;01420001;-23.5618;-46.66017;-23.5618;-46.66017;Jardim Paulista;;
189;;;endereco;Rua Leite, 1, Marcelino Ramos - RS, 99800-000, Brasil;Rua Leite 1 Marcelino Ramos RS 99800000 Brazil;Marcelino Ramos;RS;99800000;-27.46214;-51.90944;-27.46214;-51.90944;;MEDIO;CEP generico de cidade, nao de rua (2,4x mais falha)
190;;;endereco;Meia Maratona de Caxias do Sul, Rua Alfredo Chaves, Exposição, Caxias do Sul - RS, 95020-460, Brasil;Rua Alfredo Chaves Exposicao Caxias do Sul RS 95020460 Brazil;Caxias do Sul;RS;95020460;-29.17153;-51.17567;-29.17153;-51.17567;;ALTO;sem numero de porta
191;;;endereco;Rua Aurino Argemiro Zandonai, 1070, Santa Marta, Bento Gonçalves - RS, 95702-190, Brasil;Rua Aurino Argemiro Zandonai 1070 Bento Goncalves RS 95702190 Brazil;Bento Gonçalves;RS;95702190;-29.1777;-51.49526;-29.1777;-51.49526;Santa Marta;;
192;;;endereco;Avenida Castelo Branco, 1837, Paraí - RS, 95360-000, Brasil;Avenida Castelo Branco 1837 Parai RS 95360000 Brazil;Paraí;RS;95360000;-28.59436;-51.78377;-28.59436;-51.78377;;MEDIO;CEP generico de cidade, nao de rua (2,4x mais falha)
193;;;endereco;Avenida Carlos Gomes, 364, Boa Vista, Porto Alegre - RS, 90480-003, Brasil;Avenida Carlos Gomes 364 Porto Alegre RS 90480003 Brazil;Porto Alegre;RS;90480003;-30.02506;-51.18268;-30.02506;-51.18268;Boa Vista;;
194;;;endereco;Zletric, Avenida Carlos Gomes, 1672, Três Figueiras, Porto Alegre - RS, 90470-260, Brasil;Avenida Carlos Gomes 1672 Porto Alegre RS 90470260 Brazil;Porto Alegre;RS;90470260;-30.0353;-51.17657;-30.0353;-51.17657;Três Figueiras;;
195;;;endereco;Abin RS, Petrópolis, Porto Alegre - RS, Brasil;Abin RS Petropolis Porto Alegre RS Brazil;Porto Alegre;RS;;-30.04325;-51.17609;-30.04325;-51.17609;;ALTO;sem numero de porta
196;;;endereco;Abf Advogados Associados, Boa Vista, Porto Alegre - RS, 90470-130, Brasil;Abf Advogados Associados Boa Vista Porto Alegre RS 90470130 Brazil;Porto Alegre;RS;90470130;-30.02736;-51.18104;-30.02736;-51.18104;;ALTO;sem numero de porta
197;;;endereco;Hdi Seguros S/A., Rua Bento Gonçalves, 1737, Boa Vista, Novo Hamburgo - RS, 93410-395, Brasil;Rua Bento Goncalves 1737 Novo Hamburgo RS 93410395 Brazil;Novo Hamburgo;RS;93410395;-29.69097;-51.12662;-29.69097;-51.12662;Boa Vista;;
198;;;endereco;Avenida Brasil, 1345, Centro, Foz do Iguaçu - PR, 85851-000, Brasil;Avenida Brasil 1345 Foz do Iguacu PR 85851000 Brazil;Foz do Iguaçu;PR;85851000;-25.54619;-54.58635;-25.54619;-54.58635;Centro;MEDIO;CEP generico de cidade, nao de rua (2,4x mais falha)
199;;;endereco;Rua Pio XII, 3669, Claudete, Cascavel - PR, 85811-120, Brasil;Rua Pio XII 3669 Cascavel PR 85811120 Brazil;Cascavel;PR;85811120;-24.94518;-53.46896;-24.94518;-53.46896;Claudete;;
200;;;endereco;Rua Olavo Bilac, 1021, Centro, Cascavel - PR, 85812-260, Brasil;Rua Olavo Bilac 1021 Cascavel PR 85812260 Brazil;Cascavel;PR;85812260;-24.95153;-53.44692;-24.95153;-53.44692;Centro;;
201;;;endereco;Rua Prfa. Sílvia Gonçalves C. Ribas, 379, Santa Felicidade, Curitiba - PR, 82410-190, Brasil;Rua Prfa Silvia Goncalves C Ribas 379 Curitiba PR 82410190 Brazil;Curitiba;PR;82410190;-25.38442;-49.33417;-25.38442;-49.33417;Santa Felicidade;;
202;;;endereco;Rua Alcides Longhi, 137, Sanvitto, Caxias do Sul - RS, 95012-348, Brasil;Rua Alcides Longhi 137 Caxias do Sul RS 95012348 Brazil;Caxias do Sul;RS;95012348;-29.17772;-51.21615;-29.17772;-51.21615;Sanvitto;;
203;;;endereco;Avenida Paraná, 337, Cabral, Curitiba - PR, 80035-130, Brasil;Avenida Parana 337 Curitiba PR 80035130 Brazil;Curitiba;PR;80035130;-25.40758;-49.25407;-25.40758;-49.25407;Cabral;;
204;;;endereco;Rua Coronel Brasilino Moura, 447, São Lourenço, Curitiba - PR, 80540-340, Brasil;Rua Coronel Brasilino Moura 447 Curitiba PR 80540340 Brazil;Curitiba;PR;80540340;-25.40141;-49.26751;-25.40141;-49.26751;São Lourenço;;
205;;;endereco;Avenida Cristóvão Colombo, 2967, Auxiliadora, Porto Alegre - RS, 90560-002, Brasil;Avenida Cristovao Colombo 2967 Porto Alegre RS 90560002 Brazil;Porto Alegre;RS;90560002;-30.0179;-51.19092;-30.0179;-51.19092;Auxiliadora;;
206;;;endereco;Rua Sete de Setembro, 370, Centro Histórico, Porto Alegre - RS, 90010-190, Brasil;Rua Sete de Setembro 370 Porto Alegre RS 90010190 Brazil;Porto Alegre;RS;90010190;-30.03132;-51.23683;-30.03132;-51.23683;Centro Histórico;;
207;;;endereco;Rua Mura, 278, Espírito Santo, Porto Alegre - RS, 91770-570, Brasil;Rua Mura 278 Porto Alegre RS 91770570 Brazil;Porto Alegre;RS;91770570;-30.15205;-51.22105;-30.15205;-51.22105;Espírito Santo;;
208;;;endereco;Avenida Plínio Brasil Milano, 291, Auxiliadora, Porto Alegre - RS, 90520-002, Brasil;Avenida Plinio Brasil Milano 291 Porto Alegre RS 90520002 Brazil;Porto Alegre;RS;90520002;-30.02277;-51.18822;-30.02277;-51.18822;Auxiliadora;;
209;;;endereco;Rua Victorino de Andrade Pinto, 59, Morro Santana, Porto Alegre - RS, 91450-480, Brasil;Rua Victorino de Andrade Pinto 59 Porto Alegre RS 91450480 Brazil;Porto Alegre;RS;91450480;-30.04057;-51.12569;-30.04057;-51.12569;Morro Santana;;
210;;;endereco;Rua Anita Garibaldi, 1151, Mont'Serrat, Porto Alegre - RS, 90450-001, Brasil;Rua Anita Garibaldi 1151 Porto Alegre RS 90450001 Brazil;Porto Alegre;RS;90450001;-30.02646;-51.18406;-30.02646;-51.18406;Mont'Serrat;;
211;;;endereco;Avenida Doutor Nilo Peçanha, 2811, Chácara das Pedras, Porto Alegre - RS, 91330-001, Brasil;Avenida Doutor Nilo Pecanha 2811 Porto Alegre RS 91330001 Brazil;Porto Alegre;RS;91330001;-30.02831;-51.16293;-30.02831;-51.16293;Chácara das Pedras;;
212;;;endereco;Avenida Ipiranga, 40, Praia de Belas, Porto Alegre - RS, 90160-090, Brasil;Avenida Ipiranga 40 Porto Alegre RS 90160090 Brazil;Porto Alegre;RS;90160090;-30.04693;-51.23033;-30.04693;-51.23033;Praia de Belas;;
213;;;endereco;Avenida Doutor Nilo Peçanha, 1201, Três Figueiras, Porto Alegre - RS, 91330-000, Brasil;Avenida Doutor Nilo Pecanha 1201 Porto Alegre RS 91330000 Brazil;Porto Alegre;RS;91330000;-30.02938;-51.17983;-30.02938;-51.17983;Três Figueiras;MEDIO;CEP generico de cidade, nao de rua (2,4x mais falha)
214;;;endereco;Avenida Atlântica, 206, Centro, Balneário Camboriú - SC, 88330-018, Brasil;Avenida Atlantica 206 Balneario Camboriu SC 88330018 Brazil;Balneário Camboriú;SC;88330018;-26.99277;-48.6287;-26.99277;-48.6287;Centro;;
215;;;endereco;Rua João Picolli, 322, Centro, Jaraguá do Sul - SC, 89251-590, Brasil;Rua Joao Picolli 322 Jaragua do Sul SC 89251590 Brazil;Jaraguá do Sul;SC;89251590;-26.48955;-49.07977;-26.48955;-49.07977;Centro;;
216;;;endereco;Rua Rui Barbosa, 1401, Centro, Campo Largo - PR, 83601-140, Brasil;Rua Rui Barbosa 1401 Campo Largo PR 83601140 Brazil;Campo Largo;PR;83601140;-25.46079;-49.53045;-25.46079;-49.53045;Centro;;
217;;;endereco;Alameda Aristiliano Ramos, 1170, Santana, Rio do Sul - SC, 89160-113, Brasil;Alameda Aristiliano Ramos 1170 Rio do Sul SC 89160113 Brazil;Rio do Sul;SC;89160113;-27.21178;-49.6342;-27.21178;-49.6342;Santana;;
218;;;endereco;Priscila Finger Extensão de Cílios / Lash Terapeuta, Rua Santos Dumont, 480, Centro, Ponta Grossa - PR, 84010-360, Brasil;Rua Santos Dumont 480 Ponta Grossa PR 84010360 Brazil;Ponta Grossa;PR;84010360;-25.09729;-50.15689;-25.09729;-50.15689;Centro;;
219;;;endereco;Espaço Águia, Rua Doutor José Bonifácio Malburg, Centro, Itajaí - SC, 88301-350, Brasil;Rua Doutor Jose Bonifacio Malburg Centro Itajai SC 88301350 Brazil;Itajaí;SC;88301350;-26.90415;-48.65775;-26.90415;-48.65775;;ALTO;sem numero de porta
220;;;endereco;Rua Anita Garibaldi, 264, Anita Garibaldi, Joinville - SC, 89203-300, Brasil;Rua Anita Garibaldi 264 Joinville SC 89203300 Brazil;Joinville;SC;89203300;-26.31652;-48.84805;-26.31652;-48.84805;Anita Garibaldi;;
221;;;endereco;Rua Demétrio Ribeiro, 105, Centro, Florianópolis - SC, 88020-700, Brasil;Rua Demetrio Ribeiro 105 Florianopolis SC 88020700 Brazil;Florianópolis;SC;88020700;-27.58393;-48.54394;-27.58393;-48.54394;Centro;;
222;;;endereco;Leila e Gisele, Rua Max Colin, 1440, Centro, Joinville - SC, 89204-040, Brasil;Rua Max Colin 1440 Joinville SC 89204040 Brazil;Joinville;SC;89204040;-26.29495;-48.84927;-26.29495;-48.84927;Centro;;
223;;;endereco;Rua Sete de Setembro, 290, Baixada, Pato Branco - PR, 85506-040, Brasil;Rua Sete de Setembro 290 Pato Branco PR 85506040 Brazil;Pato Branco;PR;85506040;-26.23947;-52.67258;-26.23947;-52.67258;Baixada;;
224;;;endereco;Rua Joaquim Pedro Soares, 540, Centro, Novo Hamburgo - RS, 93510-320, Brasil;Rua Joaquim Pedro Soares 540 Novo Hamburgo RS 93510320 Brazil;Novo Hamburgo;RS;93510320;-29.68206;-51.12722;-29.68206;-51.12722;Centro;;
225;;;endereco;Avenida Sapiranga, 30, Centro, Dois Irmãos - RS, 93950-000, Brasil;Avenida Sapiranga 30 Dois Irmaos RS 93950000 Brazil;Dois Irmãos;RS;93950000;-29.58801;-51.08623;-29.58801;-51.08623;Centro;MEDIO;CEP generico de cidade, nao de rua (2,4x mais falha)
226;;;endereco;Praça Prefeito Dogelo Goss, Centro, Concórdia - SC, 89700-000, Brasil;Praca Prefeito Dogelo Goss Centro Concordia SC 89700000 Brazil;Concórdia;SC;89700000;-27.23135;-52.02383;-27.23135;-52.02383;;ALTO;"sem numero de porta; CEP generico de cidade, nao de rua (2,4x mais falha)"
227;;;endereco;Rua Luiz Augusto Puperi, 649, Centro, Guaporé - RS, 99200-000, Brasil;Rua Luiz Augusto Puperi 649 Guapore RS 99200000 Brazil;Guaporé;RS;99200000;-28.8462;-51.89263;-28.8462;-51.89263;Centro;MEDIO;CEP generico de cidade, nao de rua (2,4x mais falha)
228;;;endereco;Rua Independência, 799, Centro, Passo Fundo - RS, 99010-041, Brasil;Rua Independencia 799 Passo Fundo RS 99010041 Brazil;Passo Fundo;RS;99010041;-28.26373;-52.40766;-28.26373;-52.40766;Centro;;
229;;;endereco;Rua Antonina, 2781, Centro, Cascavel - PR, 85812-040, Brasil;Rua Antonina 2781 Cascavel PR 85812040 Brazil;Cascavel;PR;85812040;-24.95128;-53.45665;-24.95128;-53.45665;Centro;;
230;;;endereco;Rua Mostardeiro, 366, Moinhos de Vento, Porto Alegre - RS, 90430-001, Brasil;Rua Mostardeiro 366 Porto Alegre RS 90430001 Brazil;Porto Alegre;RS;90430001;-30.0282;-51.20373;-30.0282;-51.20373;Moinhos de Vento;;
231;;;endereco;R M Personal, Rua Os Dezoito do Forte, 1356, Exposição, Caxias do Sul - RS, 95020-472, Brasil;Rua Os Dezoito do Forte 1356 Caxias do Sul RS 95020472 Brazil;Caxias do Sul;RS;95020472;-29.16977;-51.17521;-29.16977;-51.17521;Exposição;;
232;;;endereco;Avenida Lageado, 1212, Petrópolis, Porto Alegre - RS, 90460-110, Brasil;Avenida Lageado 1212 Porto Alegre RS 90460110 Brazil;Porto Alegre;RS;90460110;-30.03514;-51.17997;-30.03514;-51.17997;Petrópolis;;
233;;;endereco;Avenida Cristóvão Colombo, 2939, Auxiliadora, Porto Alegre - RS, 90560-002, Brasil;Avenida Cristovao Colombo 2939 Porto Alegre RS 90560002 Brazil;Porto Alegre;RS;90560002;-30.01796;-51.19117;-30.01796;-51.19117;Auxiliadora;;
234;;;endereco;Talenter Consultoria, Rua Antônio Carlos Berta, Vila Ipiranga, Porto Alegre - RS, 91340-020, Brasil;Rua Antonio Carlos Berta Vila Ipiranga Porto Alegre RS 91340020 Brazil;Porto Alegre;RS;91340020;-30.02333;-51.16086;-30.02333;-51.16086;;ALTO;sem numero de porta
235;;;endereco;Avenida Carlos Gomes, 779, Bela Vista, Porto Alegre - RS, 90480-003, Brasil;Avenida Carlos Gomes 779 Porto Alegre RS 90480003 Brazil;Porto Alegre;RS;90480003;-30.02891;-51.18166;-30.02891;-51.18166;Bela Vista;;
236;;;endereco;Rua Manoel Ribas, 2222, Centro, Cascavel - PR, 85802-180, Brasil;Rua Manoel Ribas 2222 Cascavel PR 85802180 Brazil;Cascavel;PR;85802180;-24.95888;-53.47037;-24.95888;-53.47037;Centro;;
237;;;endereco;Rua Quinze de Novembro, 657, Centro, Pelotas - RS, 96015-000, Brasil;Rua Quinze de Novembro 657 Pelotas RS 96015000 Brazil;Pelotas;RS;96015000;-31.76675;-52.34077;-31.76675;-52.34077;Centro;MEDIO;CEP generico de cidade, nao de rua (2,4x mais falha)
238;;;endereco;Rua Paraná, 1450, Centro, Cascavel - PR, 85812-010, Brasil;Rua Parana 1450 Cascavel PR 85812010 Brazil;Cascavel;PR;85812010;-24.94861;-53.4458;-24.94861;-53.4458;Centro;;
239;;;endereco;Rua Clevelândia, 557, Jardim Itália, Chapecó - SC, 89802-405, Brasil;Rua Clevelandia 557 Chapeco SC 89802405 Brazil;Chapecó;SC;89802405;-27.10795;-52.61922;-27.10795;-52.61922;Jardim Itália;;
240;;;endereco;Rua Otacílio Vieira da Costa, 113, Centro, Lages - SC, 88501-050, Brasil;Rua Otacilio Vieira da Costa 113 Lages SC 88501050 Brazil;Lages;SC;88501050;-27.81326;-50.33005;-27.81326;-50.33005;Centro;;
241;;;endereco;Avenida Centenário, 3958, São Cristóvão, Criciúma - SC, 88801-000, Brasil;Avenida Centenario 3958 Criciuma SC 88801000 Brazil;Criciúma;SC;88801000;-28.6814;-49.36441;-28.6814;-49.36441;São Cristóvão;MEDIO;CEP generico de cidade, nao de rua (2,4x mais falha)
242;;;endereco;Rua Vereador Matias Ricardo Paz, 700, Jardim Maristela, Criciúma - SC, 88815-205, Brasil;Rua Vereador Matias Ricardo Paz 700 Criciuma SC 88815205 Brazil;Criciúma;SC;88815205;-28.69141;-49.34538;-28.69141;-49.34538;Jardim Maristela;;
243;;;endereco;Avenida Mauro Ramos, Agronômica, Florianópolis - SC, Brasil;Avenida Mauro Ramos Agronomica Florianopolis SC Brazil;Florianópolis;SC;;-27.58332;-48.54519;-27.58332;-48.54519;;ALTO;sem numero de porta
244;;;endereco;Avenida Professor Othon Gama d'Eca, 677, Centro, Florianópolis - SC, 88015-240, Brasil;Avenida Professor Othon Gama d Eca 677 Florianopolis SC 88015240 Brazil;Florianópolis;SC;88015240;-27.58968;-48.55214;-27.58968;-48.55214;Centro;;
245;;;endereco;Rua João José Guimarães, 345, Sombrio - SC, 88960-000, Brasil;Rua Joao Jose Guimaraes 345 Sombrio SC 88960000 Brazil;Sombrio;SC;88960000;-29.11401;-49.63836;-29.11401;-49.63836;;MEDIO;CEP generico de cidade, nao de rua (2,4x mais falha)
246;;;endereco;Rua José Luiz de Freitas, 46, Torres - RS, 95560-000, Brasil;Rua Jose Luiz de Freitas 46 Torres RS 95560000 Brazil;Torres;RS;95560000;-29.33977;-49.73004;-29.33977;-49.73004;;MEDIO;CEP generico de cidade, nao de rua (2,4x mais falha)
247;;;endereco;Rua Júlio de Castilhos, 266, Torres - RS, 95560-000, Brasil;Rua Julio de Castilhos 266 Torres RS 95560000 Brazil;Torres;RS;95560000;-29.3396;-49.72582;-29.3396;-49.72582;;MEDIO;CEP generico de cidade, nao de rua (2,4x mais falha)
248;;;endereco;Avenida Marcolino Martins Cabral, 1197, Centro, Tubarão - SC, 88701-001, Brasil;Avenida Marcolino Martins Cabral 1197 Tubarao SC 88701001 Brazil;Tubarão;SC;88701001;-28.48168;-49.00616;-28.48168;-49.00616;Centro;;
249;;;endereco;Avenida Getúlio Vargas, 219, Sombrio - SC, 88960-000, Brasil;Avenida Getulio Vargas 219 Sombrio SC 88960000 Brazil;Sombrio;SC;88960000;-29.1133;-49.63519;-29.1133;-49.63519;;MEDIO;CEP generico de cidade, nao de rua (2,4x mais falha)
250;;;endereco;Avenida Silva Jardim, 929, Torres - RS, 95560-000, Brasil;Avenida Silva Jardim 929 Torres RS 95560000 Brazil;Torres;RS;95560000;-29.33301;-49.72302;-29.33301;-49.72302;;MEDIO;CEP generico de cidade, nao de rua (2,4x mais falha)
251;;;endereco;Avenida Trompowsky, 366, Centro, Florianópolis - SC, 88015-300, Brasil;Avenida Trompowsky 366 Florianopolis SC 88015300 Brazil;Florianópolis;SC;88015300;-27.58744;-48.54786;-27.58744;-48.54786;Centro;;
252;;;endereco;Zoo Trindade, Centro, Florianópolis - SC, 88015-200, Brasil;Zoo Trindade Centro Florianopolis SC 88015200 Brazil;Florianópolis;SC;88015200;-27.59242;-48.55449;-27.59242;-48.55449;;ALTO;sem numero de porta
253;;;endereco;WeCharge, Rodovia José Carlos Daux, 4100, Saco Grande, Florianópolis - SC, 88032-005, Brasil;Rodovia Jose Carlos Daux 4100 Florianopolis SC 88032005 Brazil;Florianópolis;SC;88032005;-27.54529;-48.50133;-27.54529;-48.50133;Saco Grande;ALTO;endereco de rodovia (57-67% falharam)
254;;;endereco;Avenida Prefeito Osmar Cunha, 183, Centro, Florianópolis - SC, 88015-100, Brasil;Avenida Prefeito Osmar Cunha 183 Florianopolis SC 88015100 Brazil;Florianópolis;SC;88015100;-27.59394;-48.55121;-27.59394;-48.55121;Centro;;
255;;;endereco;Rua Esteves Júnior, Centro, Florianópolis - SC, 88015-130, Brasil;Rua Esteves Junior Centro Florianopolis SC 88015130 Brazil;Florianópolis;SC;88015130;-27.59083;-48.55302;-27.59083;-48.55302;;ALTO;sem numero de porta
256;;;endereco;Rua Rodésia, 432, Das Nações, Balneário Camboriú - SC, 88338-120, Brasil;Rua Rodesia 432 Balneario Camboriu SC 88338120 Brazil;Balneário Camboriú;SC;88338120;-26.97563;-48.64712;-26.97563;-48.64712;Das Nações;;
257;;;endereco;WeCharge, Rua Delfim Mário Pádua Peixoto, 522, Praia Brava, Itajaí - SC, 88306-700, Brasil;Rua Delfim Mario Padua Peixoto 522 Itajai SC 88306700 Brazil;Itajaí;SC;88306700;-26.94446;-48.63112;-26.94446;-48.63112;Praia Brava;;
258;;;endereco;Rua Presidente Nereu Ramos, 126, Centro, Florianópolis - SC, 88015-010, Brasil;Rua Presidente Nereu Ramos 126 Florianopolis SC 88015010 Brazil;Florianópolis;SC;88015010;-27.59439;-48.5506;-27.59439;-48.5506;Centro;;
259;;;endereco;Rua Quatrocentos e Seis, 460, Morretes, Itapema - SC, 88220-000, Brasil;Rua Quatrocentos e Seis 460 Itapema SC 88220000 Brazil;Itapema;SC;88220000;-27.12016;-48.61313;-27.12016;-48.61313;Morretes;MEDIO;CEP generico de cidade, nao de rua (2,4x mais falha)
260;;;endereco;Avenida Pavão, 681, Bombas, Bombinhas - SC, 88215-000, Brasil;Avenida Pavao 681 Bombinhas SC 88215000 Brazil;Bombinhas;SC;88215000;-27.14901;-48.50867;-27.14901;-48.50867;Bombas;MEDIO;CEP generico de cidade, nao de rua (2,4x mais falha)
261;;;endereco;Rua Mil e Quinhentos, 820, Centro, Balneário Camboriú - SC, 88330-526, Brasil;Rua Mil e Quinhentos 820 Balneario Camboriu SC 88330526 Brazil;Balneário Camboriú;SC;88330526;-26.99346;-48.63697;-26.99346;-48.63697;Centro;;
262;;;endereco;Rodovia Osvaldo Reis, 600, Fazenda, Itajaí - SC, 88306-000, Brasil;Rodovia Osvaldo Reis 600 Itajai SC 88306000 Brazil;Itajaí;SC;88306000;-26.92782;-48.64597;-26.92782;-48.64597;Fazenda;ALTO;"endereco de rodovia (57-67% falharam); CEP generico de cidade, nao de rua (2,4x mais falha)"
263;;;endereco;Café Cassol, Praia Brava, Itajaí - SC, 88306-002, Brasil;Praia Brava Itajai SC 88306002 Brazil;Itajaí;SC;88306002;-26.95232;-48.63975;-26.95232;-48.63975;;ALTO;sem numero de porta
264;;;endereco;Avenida Rio Branco, 847, Centro, Florianópolis - SC, 88015-205, Brasil;Avenida Rio Branco 847 Florianopolis SC 88015205 Brazil;Florianópolis;SC;88015205;-27.5914;-48.5498;-27.5914;-48.5498;Centro;;
265;;;endereco;WeCharge, Avenida Mauro Ramos, 1512, Centro, Florianópolis - SC, 88020-302, Brasil;Avenida Mauro Ramos 1512 Florianopolis SC 88020302 Brazil;Florianópolis;SC;88020302;-27.58796;-48.54289;-27.58796;-48.54289;Centro;;
266;;;endereco;Rodovia José Carlos Daux, 10416, Recanto dos Açores, Florianópolis - SC, 88050-001, Brasil;Rodovia Jose Carlos Daux 10416 Florianopolis SC 88050001 Brazil;Florianópolis;SC;88050001;-27.49445;-48.50547;-27.49445;-48.50547;Recanto dos Açores;ALTO;endereco de rodovia (57-67% falharam)
267;;;endereco;Avenida Almirante Fonseca Neves, 520, Porto Belo - SC, 88210-000, Brasil;Avenida Almirante Fonseca Neves 520 Porto Belo SC 88210000 Brazil;Porto Belo;SC;88210000;-27.14814;-48.58711;-27.14814;-48.58711;;MEDIO;CEP generico de cidade, nao de rua (2,4x mais falha)
268;;;endereco;Rua Fernando Bauther da Silva, 327, Capivari, Florianópolis - SC, 88058-408, Brasil;Rua Fernando Bauther da Silva 327 Florianopolis SC 88058408 Brazil;Florianópolis;SC;88058408;-27.45767;-48.40197;-27.45767;-48.40197;Capivari;;
269;;;endereco;Rua Intendente João Nunes Vieira, 718, Ingleses Centro, Florianópolis - SC, 88058-100, Brasil;Rua Intendente Joao Nunes Vieira 718 Florianopolis SC 88058100 Brazil;Florianópolis;SC;88058100;-27.43968;-48.40372;-27.43968;-48.40372;Ingleses Centro;;
270;;;endereco;Rua Duzentos e Quarenta e Oito, 338, Meia Praia, Itapema - SC, 88220-000, Brasil;Rua Duzentos e Quarenta e Oito 338 Itapema SC 88220000 Brazil;Itapema;SC;88220000;-27.12975;-48.60471;-27.12975;-48.60471;Meia Praia;MEDIO;CEP generico de cidade, nao de rua (2,4x mais falha)
271;;;endereco;Rua XV de Novembro, 287, Centro, Curitiba - PR, 80020-310, Brasil;Rua XV de Novembro 287 Curitiba PR 80020310 Brazil;Curitiba;PR;80020310;-25.43081;-49.27094;-25.43081;-49.27094;Centro;;
272;;;endereco;Artbolos Nádia, Avenida Cândido Hartmann, 540, Bigorrilho, Curitiba - PR, 80730-440, Brasil;Avenida Candido Hartmann 540 Curitiba PR 80730440 Brazil;Curitiba;PR;80730440;-25.43081;-49.29184;-25.43081;-49.29184;Bigorrilho;;
273;;;endereco;Avenida Atlântica, 1613, Centro, Balneário Camboriú - SC, 88330-012, Brasil;Avenida Atlantica 1613 Balneario Camboriu SC 88330012 Brazil;Balneário Camboriú;SC;88330012;-26.98408;-48.63409;-26.98408;-48.63409;Centro;;
274;;;endereco;Avenida Brasil, 590, Centro, Balneário Camboriú - SC, 88330-043, Brasil;Avenida Brasil 590 Balneario Camboriu SC 88330043 Brazil;Balneário Camboriú;SC;88330043;-26.97968;-48.63664;-26.97968;-48.63664;Centro;;
275;;;endereco;Avenida Brasil, 995, Centro, Balneário Camboriú - SC, 88330-045, Brasil;Avenida Brasil 995 Balneario Camboriu SC 88330045 Brazil;Balneário Camboriú;SC;88330045;-26.98297;-48.63557;-26.98297;-48.63557;Centro;;
276;;;endereco;Rua México, 80, Das Nações, Balneário Camboriú - SC, 88338-220, Brasil;Rua Mexico 80 Balneario Camboriu SC 88338220 Brazil;Balneário Camboriú;SC;88338220;-26.97934;-48.64103;-26.97934;-48.64103;Das Nações;;
277;;;endereco;Rua Ângelo la Porta, 59, Centro, Florianópolis - SC, 88020-600, Brasil;Rua Angelo la Porta 59 Florianopolis SC 88020600 Brazil;Florianópolis;SC;88020600;-27.58817;-48.54245;-27.58817;-48.54245;Centro;;
278;;;endereco;Reevia, Rua Doutor Léo de Carvalho, 1, Velha, Blumenau - SC, 89036-239, Brasil;Rua Doutor Leo de Carvalho 1 Blumenau SC 89036239 Brazil;Blumenau;SC;89036239;-26.9145;-49.08811;-26.9145;-49.08811;Velha;;
279;;;endereco;Tonia's House, Centro, Itajaí - SC, 88301-350, Brasil;Tonia s House Centro Itajai SC 88301350 Brazil;Itajaí;SC;88301350;-26.90554;-48.66133;-26.90554;-48.66133;;ALTO;sem numero de porta
280;;;endereco;Rua Três Mil e Setecentos, 160, Centro, Balneário Camboriú - SC, 88330-203, Brasil;Rua Tres Mil e Setecentos 160 Balneario Camboriu SC 88330203 Brazil;Balneário Camboriú;SC;88330203;-27.0027;-48.62087;-27.0027;-48.62087;Centro;;
281;;;endereco;Rua Mil Cento e Um, 88, Centro, Balneário Camboriú - SC, 88330-774, Brasil;Rua Mil Cento e Um 88 Balneario Camboriu SC 88330774 Brazil;Balneário Camboriú;SC;88330774;-26.9819;-48.63503;-26.9819;-48.63503;Centro;;
282;;;endereco;Rua Dois Mil e Trezentos, 1, Centro, Balneário Camboriú - SC, 88330-426, Brasil;Rua Dois Mil e Trezentos 1 Balneario Camboriu SC 88330426 Brazil;Balneário Camboriú;SC;88330426;-26.99253;-48.62914;-26.99253;-48.62914;Centro;;
283;;;endereco;Avenida Atlântica, 2700, Centro, Balneário Camboriú - SC, 88330-018, Brasil;Avenida Atlantica 2700 Balneario Camboriu SC 88330018 Brazil;Balneário Camboriú;SC;88330018;-26.9927;-48.62887;-26.9927;-48.62887;Centro;;
284;;;endereco;Espaço Águia, Rua Doutor José Bonifácio Malburg, Centro, Itajaí - SC, 88301-350, Brasil;Rua Doutor Jose Bonifacio Malburg Centro Itajai SC 88301350 Brazil;Itajaí;SC;88301350;-26.90423;-48.65765;-26.90423;-48.65765;;ALTO;sem numero de porta
285;;;endereco;Rua Ricardo Lustosa Ribas, 154, Estrela, Ponta Grossa - PR, 84040-140, Brasil;Rua Ricardo Lustosa Ribas 154 Ponta Grossa PR 84040140 Brazil;Ponta Grossa;PR;84040140;-25.10384;-50.15977;-25.10384;-50.15977;Estrela;;
286;;;endereco;Rua Espanha, 192, Santa Catarina, Joinville - SC, 89233-130, Brasil;Rua Espanha 192 Joinville SC 89233130 Brazil;Joinville;SC;89233130;-26.36808;-48.84844;-26.36808;-48.84844;Santa Catarina;;
287;;;endereco;Fisiomar Centro de Reabilitação e Fisioterapia, Avenida Ministro Victor Konder, 1010, Fazenda, Itajaí - SC, 88301-701, Brasil;Avenida Ministro Victor Konder 1010 Itajai SC 88301701 Brazil;Itajaí;SC;88301701;-26.91644;-48.65254;-26.91644;-48.65254;Fazenda;;
288;;;endereco;Associacao dos Despachantes de Transito da Região de Blumenau, Rua Sete de Setembro, 1714, Centro, Blumenau - SC, 89010-202, Brasil;Rua Sete de Setembro 1714 Blumenau SC 89010202 Brazil;Blumenau;SC;89010202;-26.91641;-49.07167;-26.91641;-49.07167;Centro;;
289;;;endereco;Rua Padre Anchieta, 2285, Bigorrilho, Curitiba - PR, 80730-001, Brasil;Rua Padre Anchieta 2285 Curitiba PR 80730001 Brazil;Curitiba;PR;80730001;-25.43394;-49.30111;-25.43394;-49.30111;Bigorrilho;;
290;;;endereco;Rua Visconde do Rio Branco, 1488, Centro, Curitiba - PR, 80420-210, Brasil;Rua Visconde do Rio Branco 1488 Curitiba PR 80420210 Brazil;Curitiba;PR;80420210;-25.43477;-49.27877;-25.43477;-49.27877;Centro;;
291;;;endereco;Vf Instalações Hidraulicas, Rua 2070, 1050, Centro, Balneário Camboriú - SC, 88330-454, Brasil;Rua 2070 1050 Balneario Camboriu SC 88330454 Brazil;Balneário Camboriú;SC;88330454;-26.99861;-48.63965;-26.99861;-48.63965;Centro;;
292;;;endereco;Drogaria Farmagnus, Rua Jorge Lacerda, Rio Fortuna - SC, 88760-000, Brasil;Rua Jorge Lacerda Rio Fortuna SC 88760000 Brazil;Rio Fortuna;SC;88760000;-28.13258;-49.10495;-28.13258;-49.10495;;ALTO;"sem numero de porta; CEP generico de cidade, nao de rua (2,4x mais falha)"
293;;;endereco;Rua Manoel Antônio de Souza, 390, Centro, Imbituba - SC, 88780-000, Brasil;Rua Manoel Antonio de Souza 390 Imbituba SC 88780000 Brazil;Imbituba;SC;88780000;-28.24432;-48.66364;-28.24432;-48.66364;Centro;MEDIO;CEP generico de cidade, nao de rua (2,4x mais falha)
294;;;endereco;Rua Dezenove de Dezembro, 530, Ibiporã - PR, 86200-000, Brasil;Rua Dezenove de Dezembro 530 Ibipora PR 86200000 Brazil;Ibiporã;PR;86200000;-23.26605;-51.04943;-23.26605;-51.04943;;MEDIO;CEP generico de cidade, nao de rua (2,4x mais falha)
295;;;endereco;Avenida Inglaterra, 930, Inglaterra, Londrina - PR, 86046-000, Brasil;Avenida Inglaterra 930 Londrina PR 86046000 Brazil;Londrina;PR;86046000;-23.34736;-51.14759;-23.34736;-51.14759;Inglaterra;MEDIO;CEP generico de cidade, nao de rua (2,4x mais falha)
296;;;endereco;Rua Cândido Xavier, 602, Água Verde, Curitiba - PR, 80240-280, Brasil;Rua Candido Xavier 602 Curitiba PR 80240280 Brazil;Curitiba;PR;80240280;-25.45181;-49.29149;-25.45181;-49.29149;Água Verde;;
297;;;endereco;Avenida República Argentina, 1237, Água Verde, Curitiba - PR, 80620-010, Brasil;Avenida Republica Argentina 1237 Curitiba PR 80620010 Brazil;Curitiba;PR;80620010;-25.45761;-49.28822;-25.45761;-49.28822;Água Verde;;
298;;;endereco;Zarp Studio, Avenida República Argentina, 1236, Vila Izabel, Curitiba - PR, 80620-010, Brasil;Avenida Republica Argentina 1236 Curitiba PR 80620010 Brazil;Curitiba;PR;80620010;-25.45736;-49.28893;-25.45736;-49.28893;Vila Izabel;;
299;;;endereco;Rua Luiz Tramontin, 1529, Campo Comprido, Curitiba - PR, 81230-161, Brasil;Rua Luiz Tramontin 1529 Curitiba PR 81230161 Brazil;Curitiba;PR;81230161;-25.45823;-49.33614;-25.45823;-49.33614;Campo Comprido;;
300;;;endereco;Jet Oil, Avenida Doutor Victor do Amaral, Centro, Araucária - PR, 83702-040, Brasil;Avenida Doutor Victor do Amaral Centro Araucaria PR 83702040 Brazil;Araucária;PR;83702040;-25.58688;-49.3999;-25.58688;-49.3999;;ALTO;sem numero de porta
301;;;endereco;Rua Francisco Timóteo de Simas, 588, Uberaba, Curitiba - PR, 81570-270, Brasil;Rua Francisco Timoteo de Simas 588 Curitiba PR 81570270 Brazil;Curitiba;PR;81570270;-25.4823;-49.23019;-25.4823;-49.23019;Uberaba;;
302;;;endereco;Astron Hotel Bauru, Rua Luso-Brasileira, 44, Jardim Estoril IV, Bauru - SP, 17016-190, Brasil;Rua Luso Brasileira 44 Bauru SP 17016190 Brazil;Bauru;SP;17016190;-22.33913;-49.06678;-22.33913;-49.06678;Jardim Estoril IV;;
303;;;endereco;Alameda Doutor Octávio Pinheiro Brisolla, Vila Cidade Universitária, Bauru - SP, 17012-424, Brasil;Alameda Doutor Octavio Pinheiro Brisolla Vila Cidade Universitaria Bauru SP 17012424 Brazil;Bauru;SP;17012424;-22.33859;-49.05869;-22.33859;-49.05869;;ALTO;sem numero de porta
304;;;endereco;Avenida Getúlio Vargas, 21-51, Vila Aviação, Bauru - SP, 17017-383, Brasil;Avenida Getulio Vargas 21 51 Vila Aviacao Bauru SP 17017383 Brazil;Bauru;SP;17017383;-22.35161;-49.05099;-22.35161;-49.05099;;ALTO;sem numero de porta
305;;;endereco;Avenida Carlos Consoni, 801, Subsetor Sul-4, Ribeirão Preto - SP, 14024-010, Brasil;Avenida Carlos Consoni 801 Ribeirao Preto SP 14024010 Brazil;Ribeirão Preto;SP;14024010;-21.21966;-47.80689;-21.21966;-47.80689;Subsetor Sul-4;;
306;;;endereco;Avenida Vereador Manoel dos Santos, 966, Centro, Bombinhas - SC, 88215-000, Brasil;Avenida Vereador Manoel dos Santos 966 Bombinhas SC 88215000 Brazil;Bombinhas;SC;88215000;-27.14837;-48.4933;-27.14837;-48.4933;Centro;MEDIO;CEP generico de cidade, nao de rua (2,4x mais falha)
307;;;endereco;Avenida Leopoldo Zarling, 2581, Bombas, Bombinhas - SC, 88215-000, Brasil;Avenida Leopoldo Zarling 2581 Bombinhas SC 88215000 Brazil;Bombinhas;SC;88215000;-27.1458;-48.50241;-27.1458;-48.50241;Bombas;MEDIO;CEP generico de cidade, nao de rua (2,4x mais falha)
308;;;endereco;Avenida Leopoldo Zarling, 2072, Bombas, Bombinhas - SC, 88215-000, Brasil;Avenida Leopoldo Zarling 2072 Bombinhas SC 88215000 Brazil;Bombinhas;SC;88215000;-27.14266;-48.50694;-27.14266;-48.50694;Bombas;MEDIO;CEP generico de cidade, nao de rua (2,4x mais falha)
309;;;endereco;Ibbca 2008 Corretora de Seguros, Centro, Florianópolis - SC, 88015-200, Brasil;Ibbca 2008 Corretora de Seguros Centro Florianopolis SC 88015200 Brazil;Florianópolis;SC;88015200;-27.59219;-48.55383;-27.59219;-48.55383;;ALTO;sem numero de porta
310;;;endereco;Rua 258, 17, Meia Praia, Itapema - SC, 88220-000, Brasil;Rua 258 17 Itapema SC 88220000 Brazil;Itapema;SC;88220000;-27.13052;-48.60046;-27.13052;-48.60046;Meia Praia;MEDIO;CEP generico de cidade, nao de rua (2,4x mais falha)
311;;;endereco;Rua Duzentos e Quatorze, 139, Meia Praia, Itapema - SC, 88220-000, Brasil;Rua Duzentos e Quatorze 139 Itapema SC 88220000 Brazil;Itapema;SC;88220000;-27.122;-48.60776;-27.122;-48.60776;Meia Praia;MEDIO;CEP generico de cidade, nao de rua (2,4x mais falha)
312;;;endereco;Avenida Atílio Pedro Pagani, 1625, Caminho Novo, Palhoça - SC, 88132-149, Brasil;Avenida Atilio Pedro Pagani 1625 Palhoca SC 88132149 Brazil;Palhoça;SC;88132149;-27.64103;-48.68556;-27.64103;-48.68556;Caminho Novo;;
313;;;endereco;Avenida Primeiro de Maio, 100, Centro 2, Brusque - SC, 88353-200, Brasil;Avenida Primeiro de Maio 100 Brusque SC 88353200 Brazil;Brusque;SC;88353200;-27.10662;-48.91515;-27.10662;-48.91515;Centro 2;;
314;;;endereco;Avenida Luiz Boiteux Piazza, 2326, Cachoeira do Bom Jesus, Florianópolis - SC, 88056-000, Brasil;Avenida Luiz Boiteux Piazza 2326 Florianopolis SC 88056000 Brazil;Florianópolis;SC;88056000;-27.42451;-48.43768;-27.42451;-48.43768;Cachoeira do Bom Jesus;MEDIO;CEP generico de cidade, nao de rua (2,4x mais falha)
315;;;endereco;Rua Hermann Huscher, 113, Vila Formosa, Blumenau - SC, 89023-000, Brasil;Rua Hermann Huscher 113 Blumenau SC 89023000 Brazil;Blumenau;SC;89023000;-26.93261;-49.06317;-26.93261;-49.06317;Vila Formosa;MEDIO;CEP generico de cidade, nao de rua (2,4x mais falha)
316;;;endereco;Avenida Brigadeiro da Silva Paes, 18, Campinas, São José - SC, 88101-201, Brasil;Avenida Brigadeiro da Silva Paes 18 Sao Jose SC 88101201 Brazil;São José;SC;88101201;-27.59898;-48.60575;-27.59898;-48.60575;Campinas;;
317;;;endereco;Rua Duzentos e Sessenta e Nove, 113, Meia Praia, Itapema - SC, 88220-000, Brasil;Rua Duzentos e Sessenta e Nove 113 Itapema SC 88220000 Brazil;Itapema;SC;88220000;-27.13413;-48.59671;-27.13413;-48.59671;Meia Praia;MEDIO;CEP generico de cidade, nao de rua (2,4x mais falha)
318;;;endereco;Rua Santos Dumont, 423, Centro, Ponta Grossa - PR, 84010-360, Brasil;Rua Santos Dumont 423 Ponta Grossa PR 84010360 Brazil;Ponta Grossa;PR;84010360;-25.0978;-50.15702;-25.0978;-50.15702;Centro;;
319;;;endereco;Pilates e Físioterapia Elvira Azevedo, Rua Padre Nóbrega, Oficinas, Ponta Grossa - PR, 84040-090, Brasil;Rua Padre Nobrega Oficinas Ponta Grossa PR 84040090 Brazil;Ponta Grossa;PR;84040090;-25.1146;-50.15537;-25.1146;-50.15537;;ALTO;sem numero de porta
320;;;endereco;Rua Três Mil Setecentos e Cem, 204, Centro, Balneário Camboriú - SC, 88330-215, Brasil;Rua Tres Mil Setecentos e Cem 204 Balneario Camboriu SC 88330215 Brazil;Balneário Camboriú;SC;88330215;-27.002;-48.62237;-27.002;-48.62237;Centro;;
321;;;endereco;Rua Armazém, 45, Vila Real, Balneário Camboriú - SC, 88337-500, Brasil;Rua Armazem 45 Balneario Camboriu SC 88337500 Brazil;Balneário Camboriú;SC;88337500;-27.00586;-48.6328;-27.00586;-48.6328;Vila Real;;
322;;;endereco;Rua Liberdade, 130, Centro Penha, Penha - SC, 88385-000, Brasil;Rua Liberdade 130 Penha SC 88385000 Brazil;Penha;SC;88385000;-26.77733;-48.6365;-26.77733;-48.6365;Centro Penha;MEDIO;CEP generico de cidade, nao de rua (2,4x mais falha)
323;;;endereco;Rua Dois Mil e Trezentos, 700, Centro, Balneário Camboriú - SC, 88330-430, Brasil;Rua Dois Mil e Trezentos 700 Balneario Camboriu SC 88330430 Brazil;Balneário Camboriú;SC;88330430;-26.99631;-48.63487;-26.99631;-48.63487;Centro;;
324;;;endereco;Rua José Francisco Bernardes, 83, Centro, Camboriú - SC, 88340-233, Brasil;Rua Jose Francisco Bernardes 83 Camboriu SC 88340233 Brazil;Camboriú;SC;88340233;-27.02439;-48.653;-27.02439;-48.653;Centro;;
325;;;endereco;Avenida Emanoel Pinto, 818, Balneário Piçarras - SC, 88380-000, Brasil;Avenida Emanoel Pinto 818 Balneario Picarras SC 88380000 Brazil;Balneário Piçarras;SC;88380000;-26.76607;-48.67176;-26.76607;-48.67176;;MEDIO;CEP generico de cidade, nao de rua (2,4x mais falha)
326;;;endereco;Rua 1000, 46, Centro, Balneário Camboriú - SC, 88330-564, Brasil;Rua 1000 46 Balneario Camboriu SC 88330564 Brazil;Balneário Camboriú;SC;88330564;-26.98916;-48.63364;-26.98916;-48.63364;Centro;;
327;;;endereco;Avenida da Lagoa, 14, Centro, Balneário Camboriú - SC, 88330-714, Brasil;Avenida da Lagoa 14 Balneario Camboriu SC 88330714 Brazil;Balneário Camboriú;SC;88330714;-26.98492;-48.63461;-26.98492;-48.63461;Centro;;
328;;;endereco;Avenida Nereu Ramos, 4770, Balneário Piçarras - SC, 88380-000, Brasil;Avenida Nereu Ramos 4770 Balneario Picarras SC 88380000 Brazil;Balneário Piçarras;SC;88380000;-26.73536;-48.68164;-26.73536;-48.68164;;MEDIO;CEP generico de cidade, nao de rua (2,4x mais falha)
329;;;endereco;D Daniel, 620-686, Rua Dom José, Vila Real, Balneário Camboriú - SC, 88337-130, Brasil;D Daniel 620 686 Rua Dom Jose Vila Real Balneario Camboriu SC 88337130 Brazil;Balneário Camboriú;SC;88337130;-27.00987;-48.62921;-27.00987;-48.62921;;ALTO;sem numero de porta
330;;;endereco;Rua Floriano Peixoto, 300, Centro, Blumenau - SC, 89010-022, Brasil;Rua Floriano Peixoto 300 Blumenau SC 89010022 Brazil;Blumenau;SC;89010022;-26.92315;-49.06482;-26.92315;-49.06482;Centro;;
331;;;endereco;Rua Afonso Orsi, 64, Fazenda, Itajaí - SC, 88306-030, Brasil;Rua Afonso Orsi 64 Itajai SC 88306030 Brazil;Itajaí;SC;88306030;-26.9301;-48.64397;-26.9301;-48.64397;Fazenda;;
332;;;endereco;Rua Antônio Zimmermann, 264, Centro, Guaramirim - SC, 89270-000, Brasil;Rua Antonio Zimmermann 264 Guaramirim SC 89270000 Brazil;Guaramirim;SC;89270000;-26.47607;-48.99822;-26.47607;-48.99822;Centro;MEDIO;CEP generico de cidade, nao de rua (2,4x mais falha)
333;;;endereco;Rua Visconde de Inhaúma, 1379, Jardim Paraíso, São Carlos - SP, 13560-190, Brasil;Rua Visconde de Inhauma 1379 Sao Carlos SP 13560190 Brazil;São Carlos;SP;13560190;-22.01172;-47.89701;-22.01172;-47.89701;Jardim Paraíso;;
334;;;endereco;Solucao Insumos Agrícolas, Avenida João Batista de Lima Figueiredo, 1847, Mocoquinha, Mococa - SP, 13733-045, Brasil;Avenida Joao Batista de Lima Figueiredo 1847 Mococa SP 13733045 Brazil;Mococa;SP;13733045;-21.46444;-46.99813;-21.46444;-46.99813;Mocoquinha;;
335;;;endereco;Avenida José Adolfo Bianco Molina, 2094, Subsetor Sul-4, Ribeirão Preto - SP, 14024-210, Brasil;Avenida Jose Adolfo Bianco Molina 2094 Ribeirao Preto SP 14024210 Brazil;Ribeirão Preto;SP;14024210;-21.21165;-47.80705;-21.21165;-47.80705;Subsetor Sul-4;;
336;;;endereco;Fisioterapeuta Isabella Beraldo, Rua Nagib Miguel, 080, Jardim Recanto do Bosque, São João da Boa Vista - SP, 13874-439, Brasil;Rua Nagib Miguel 080 Sao Joao da Boa Vista SP 13874439 Brazil;São João da Boa Vista;SP;13874439;-21.9681;-46.76065;-21.9681;-46.76065;Jardim Recanto do Bosque;;
337;;;endereco;Avenida Professor João Fiúsa, 2686, Subsetor Sul-4, Ribeirão Preto - SP, 14024-260, Brasil;Avenida Professor Joao Fiusa 2686 Ribeirao Preto SP 14024260 Brazil;Ribeirão Preto;SP;14024260;-21.21835;-47.80601;-21.21835;-47.80601;Subsetor Sul-4;;
338;;;endereco;Clínica Rivvé Viver Saúde, Rua Adolfo Serra, Subsetor Sul-4, Ribeirão Preto - SP, 14020-605, Brasil;Rua Adolfo Serra Subsetor Sul 4 Ribeirao Preto SP 14020605 Brazil;Ribeirão Preto;SP;14020605;-21.20642;-47.81061;-21.20642;-47.81061;;ALTO;sem numero de porta
339;;;endereco;Rua Goiás, 1265, Centro Histórico, Londrina - PR, 86020-410, Brasil;Rua Goias 1265 Londrina PR 86020410 Brazil;Londrina;PR;86020410;-23.31559;-51.16363;-23.31559;-51.16363;Centro Histórico;;
340;;;endereco;Sparksales, Avenida Bento Munhoz da Rocha Neto, 632, Zona 7, Maringá - PR, 87030-010, Brasil;Avenida Bento Munhoz da Rocha Neto 632 Maringa PR 87030010 Brazil;Maringá;PR;87030010;-23.41871;-51.92685;-23.41871;-51.92685;Zona 7;;
341;;;endereco;Avenida Cerro Azul, 123, Zona 2, Maringá - PR, 87010-000, Brasil;Avenida Cerro Azul 123 Maringa PR 87010000 Brazil;Maringá;PR;87010000;-23.42848;-51.9369;-23.42848;-51.9369;Zona 2;MEDIO;CEP generico de cidade, nao de rua (2,4x mais falha)
342;;;endereco;Avenida Doutor Luiz Teixeira Mendes, 3224, Zona 5, Maringá - PR, 87015-000, Brasil;Avenida Doutor Luiz Teixeira Mendes 3224 Maringa PR 87015000 Brazil;Maringá;PR;87015000;-23.43066;-51.97258;-23.43066;-51.97258;Zona 5;MEDIO;CEP generico de cidade, nao de rua (2,4x mais falha)
343;;;endereco;Rua Campos Sales, 954, Zona 7, Maringá - PR, 87020-080, Brasil;Rua Campos Sales 954 Maringa PR 87020080 Brazil;Maringá;PR;87020080;-23.41572;-51.94882;-23.41572;-51.94882;Zona 7;;
344;;;endereco;Avenida Tiradentes, 1008, Zona 1, Maringá - PR, 87013-260, Brasil;Avenida Tiradentes 1008 Maringa PR 87013260 Brazil;Maringá;PR;87013260;-23.42546;-51.94283;-23.42546;-51.94283;Zona 1;;
345;;;endereco;Alameda Doutor Carlos de Carvalho, 417, Centro, Curitiba - PR, 80410-180, Brasil;Alameda Doutor Carlos de Carvalho 417 Curitiba PR 80410180 Brazil;Curitiba;PR;80410180;-25.43293;-49.27888;-25.43293;-49.27888;Centro;;
346;;;endereco;Produttivo, Rua Alferes Ângelo Sampaio, Mercês, Curitiba - PR, 80730-460, Brasil;Rua Alferes Angelo Sampaio Merces Curitiba PR 80730460 Brazil;Curitiba;PR;80730460;-25.42942;-49.29094;-25.42942;-49.29094;;ALTO;sem numero de porta
347;;;endereco;Rua Silveira Peixoto, 86, Água Verde, Curitiba - PR, 80240-120, Brasil;Rua Silveira Peixoto 86 Curitiba PR 80240120 Brazil;Curitiba;PR;80240120;-25.45224;-49.28182;-25.45224;-49.28182;Água Verde;;
348;;;endereco;Rua Rossini, 235, Osasco, Colombo - PR, Brasil;Rua Rossini 235 Colombo PR Brazil;Colombo;PR;;-25.35571;-49.21051;-25.35571;-49.21051;Osasco;;
349;;;endereco;Rua Anne Frank, 3631, Boqueirão, Curitiba - PR, 81650-020, Brasil;Rua Anne Frank 3631 Curitiba PR 81650020 Brazil;Curitiba;PR;81650020;-25.49725;-49.23786;-25.49725;-49.23786;Boqueirão;;
350;;;endereco;Rua Paula Gomes, 394, São Francisco, Curitiba - PR, 80510-070, Brasil;Rua Paula Gomes 394 Curitiba PR 80510070 Brazil;Curitiba;PR;80510070;-25.4246;-49.27344;-25.4246;-49.27344;São Francisco;;
351;;;endereco;Avenida Brasília, 4671, Novo Mundo, Curitiba - PR, 81020-010, Brasil;Avenida Brasilia 4671 Curitiba PR 81020010 Brazil;Curitiba;PR;81020010;-25.48688;-49.29222;-25.48688;-49.29222;Novo Mundo;;
352;;;endereco;Rua Carmelo Rangel, 137, Batel, Curitiba - PR, 80440-050, Brasil;Rua Carmelo Rangel 137 Curitiba PR 80440050 Brazil;Curitiba;PR;80440050;-25.44145;-49.29137;-25.44145;-49.29137;Batel;;
353;;;endereco;Rua Santo Celestino Coleto, 808, Boa Vista, Curitiba - PR, 82540-250, Brasil;Rua Santo Celestino Coleto 808 Curitiba PR 82540250 Brazil;Curitiba;PR;82540250;-25.38774;-49.25357;-25.38774;-49.25357;Boa Vista;;
354;;;endereco;Farmácia Minerva, Avenida do Batel, 1566, Batel, Curitiba - PR, 80420-090, Brasil;Avenida do Batel 1566 Curitiba PR 80420090 Brazil;Curitiba;PR;80420090;-25.44218;-49.28791;-25.44218;-49.28791;Batel;;
355;;;endereco;Latitude-Agência de Viagens e Turismo, Avenida República Argentina, 1334, Vila Izabel, Curitiba - PR, 80620-010, Brasil;Avenida Republica Argentina 1334 Curitiba PR 80620010 Brazil;Curitiba;PR;80620010;-25.45821;-49.28907;-25.45821;-49.28907;Vila Izabel;;
356;;;endereco;Gsw Interior Paulista, Subsetor Sul-5, Ribeirão Preto - SP, Brasil;Gsw Interior Paulista Subsetor Sul 5 Ribeirao Preto SP Brazil;Ribeirão Preto;SP;;-21.21188;-47.81844;-21.21188;-47.81844;;ALTO;sem numero de porta
357;;;endereco;Ponto De Carregamento Para Veículos Elétricos, Rua Milton José Robusti, 75, Subsetor Sul-4, Ribeirão Preto - SP, 14020-670, Brasil;Rua Milton Jose Robusti 75 Ribeirao Preto SP 14020670 Brazil;Ribeirão Preto;SP;14020670;-21.20851;-47.79432;-21.20851;-47.79432;Subsetor Sul-4;;
358;;;endereco;Rua Cravinhos, 961, Subsetor Leste-2, Ribeirão Preto - SP, 14090-284, Brasil;Rua Cravinhos 961 Ribeirao Preto SP 14090284 Brazil;Ribeirão Preto;SP;14090284;-21.17679;-47.78678;-21.17679;-47.78678;Subsetor Leste-2;;
359;;;endereco;Rua Paschoal Bardaro, 1906, Subsetor Sul-4, Ribeirão Preto - SP, 14020-340, Brasil;Rua Paschoal Bardaro 1906 Ribeirao Preto SP 14020340 Brazil;Ribeirão Preto;SP;14020340;-21.21662;-47.79793;-21.21662;-47.79793;Subsetor Sul-4;;
360;;;endereco;Rua Carlos de Gaitani, L-13, Ribeirão Preto - SP, 14098-340, Brasil;Rua Carlos de Gaitani L 13 Ribeirao Preto SP 14098340 Brazil;Ribeirão Preto;SP;14098340;-21.21761;-47.76613;-21.21761;-47.76613;;ALTO;sem numero de porta
361;;;endereco;Rua Adolfo Lutz, 459, Subsetor Sul-2, Ribeirão Preto - SP, 14020-310, Brasil;Rua Adolfo Lutz 459 Ribeirao Preto SP 14020310 Brazil;Ribeirão Preto;SP;14020310;-21.19936;-47.80528;-21.19936;-47.80528;Subsetor Sul-2;;
362;;;endereco;Rua Eliseu Guilherme, 140, Subsetor Sul-1, Ribeirão Preto - SP, 14025-020, Brasil;Rua Eliseu Guilherme 140 Ribeirao Preto SP 14025020 Brazil;Ribeirão Preto;SP;14025020;-21.1853;-47.81436;-21.1853;-47.81436;Subsetor Sul-1;;
363;;;endereco;Rua Didimo Vieira da Silva, 385, Vila Ferroviária, Araraquara - SP, 14802-370, Brasil;Rua Didimo Vieira da Silva 385 Araraquara SP 14802370 Brazil;Araraquara;SP;14802370;-21.77727;-48.17279;-21.77727;-48.17279;Vila Ferroviária;;
364;;;endereco;Avenida Paulo VI, 410, Parque Francal, Franca - SP, 14403-143, Brasil;Avenida Paulo VI 410 Franca SP 14403143 Brazil;Franca;SP;14403143;-20.55644;-47.40682;-20.55644;-47.40682;Parque Francal;;
365;;;endereco;Rua Diogo Feijó, 1957, Estação, Franca - SP, 14405-212, Brasil;Rua Diogo Feijo 1957 Franca SP 14405212 Brazil;Franca;SP;14405212;-20.53406;-47.4122;-20.53406;-47.4122;Estação;;
366;;;endereco;Rua General Galvão, 269, Centro, Jaú - SP, 17201-030, Brasil;Rua General Galvao 269 Jau SP 17201030 Brazil;Jaú;SP;17201030;-22.2937;-48.55484;-22.2937;-48.55484;Centro;;
367;;;endereco;Sognare Consórcios - Hs Consórcios, Matão - SP, 15990-130, Brasil;Sognare Consorcios Hs Consorcios Matao SP 15990130 Brazil;Matão;SP;15990130;-21.6061;-48.37202;-21.6061;-48.37202;;ALTO;sem numero de porta
368;;;endereco;Rua José Fernandes, 601, Bady Bassitt - SP, 15115-000, Brasil;Rua Jose Fernandes 601 Bady Bassitt SP 15115000 Brazil;Bady Bassitt;SP;15115000;-20.90371;-49.45029;-20.90371;-49.45029;;MEDIO;CEP generico de cidade, nao de rua (2,4x mais falha)
369;;;endereco;Rua Coronel Solano, 227, Nova Rússia, Ponta Grossa - PR, 84010-420, Brasil;Rua Coronel Solano 227 Ponta Grossa PR 84010420 Brazil;Ponta Grossa;PR;84010420;-25.08749;-50.16844;-25.08749;-50.16844;Nova Rússia;;
370;;;endereco;Rua Treze de Maio, 279, Centro, Catanduva - SP, 15800-010, Brasil;Rua Treze de Maio 279 Catanduva SP 15800010 Brazil;Catanduva;SP;15800010;-21.13428;-48.97356;-21.13428;-48.97356;Centro;;
371;;;endereco;Rua Alagoas, 362, Centro, Catanduva - SP, 15800-010, Brasil;Rua Alagoas 362 Catanduva SP 15800010 Brazil;Catanduva;SP;15800010;-21.13433;-48.97359;-21.13433;-48.97359;Centro;;
372;;;endereco;7bens Consórcios, Rua Jair Martins Mil Homens, 400, Nova Redentora, São José do Rio Preto - SP, 15090-080, Brasil;Rua Jair Martins Mil Homens 400 Sao Jose do Rio Preto SP 15090080 Brazil;São José do Rio Preto;SP;15090080;-20.82697;-49.38932;-20.82697;-49.38932;Nova Redentora;;
373;;;endereco;Rua Joaquim Pinheiro Castro, 655, Vila Sinibaldi, São José do Rio Preto - SP, 15084-190, Brasil;Rua Joaquim Pinheiro Castro 655 Sao Jose do Rio Preto SP 15084190 Brazil;São José do Rio Preto;SP;15084190;-20.82808;-49.38232;-20.82808;-49.38232;Vila Sinibaldi;;
374;;;endereco;Rua Doutor Raul Silva, 770, Redentora, São José do Rio Preto - SP, 15015-020, Brasil;Rua Doutor Raul Silva 770 Sao Jose do Rio Preto SP 15015020 Brazil;São José do Rio Preto;SP;15015020;-20.82258;-49.38767;-20.82258;-49.38767;Redentora;;
375;;;endereco;Avenida Alberto Andaló, 3345, Bom Jesus, São José do Rio Preto - SP, 15015-000, Brasil;Avenida Alberto Andalo 3345 Sao Jose do Rio Preto SP 15015000 Brazil;São José do Rio Preto;SP;15015000;-20.81625;-49.38019;-20.81625;-49.38019;Bom Jesus;MEDIO;CEP generico de cidade, nao de rua (2,4x mais falha)
376;;;endereco;Rua Duque de Caxias, 409B, Casa Branca - SP, 13700-000, Brasil;Rua Duque de Caxias 409B Casa Branca SP 13700000 Brazil;Casa Branca;SP;13700000;-21.77577;-47.08292;-21.77577;-47.08292;;MEDIO;CEP generico de cidade, nao de rua (2,4x mais falha)
377;;;endereco;Avenida Doutor David Benedito Ottoni, 499, Região Urbana Homogênea XIV, Poços de Caldas - MG, 37701-069, Brasil;Avenida Doutor David Benedito Ottoni 499 Pocos de Caldas MG 37701069 Brazil;Poços de Caldas;MG;37701069;-21.78207;-46.56021;-21.78207;-46.56021;Região Urbana Homogênea XIV;;
378;;;endereco;Rua Argentina, 41, Águas de Lindóia - SP, 13940-000, Brasil;Rua Argentina 41 Aguas de Lindoia SP 13940000 Brazil;Águas de Lindóia;SP;13940000;-22.47456;-46.63296;-22.47456;-46.63296;;MEDIO;CEP generico de cidade, nao de rua (2,4x mais falha)
379;;;endereco;Rua Doutor Fernando Costa, 284, Centro, Leme - SP, 13610-160, Brasil;Rua Doutor Fernando Costa 284 Leme SP 13610160 Brazil;Leme;SP;13610160;-22.179;-47.38702;-22.179;-47.38702;Centro;;
380;;;endereco;Rua Veríssimo Prado, 813, São Pedro - SP, 13520-027, Brasil;Rua Verissimo Prado 813 Sao Pedro SP 13520027 Brazil;São Pedro;SP;13520027;-22.55085;-47.91447;-22.55085;-47.91447;;;
381;;;endereco;Rondon Empresarial, Avenida dos Municípios, Tabajaras, Uberlândia - MG, 38400-254, Brasil;Avenida dos Municipios Tabajaras Uberlandia MG 38400254 Brazil;Uberlândia;MG;38400254;-18.93055;-48.28992;-18.93055;-48.28992;;ALTO;sem numero de porta
382;;;endereco;Família Luccine, Vigilato Pereira, Uberlândia - MG, 38408-447, Brasil;Familia Luccine Vigilato Pereira Uberlandia MG 38408447 Brazil;Uberlândia;MG;38408447;-18.93278;-48.27537;-18.93278;-48.27537;;ALTO;sem numero de porta
383;;;endereco;Georgina Business Park, Avenida Anísio Haddad, Vivendas, São José do Rio Preto - SP, 15093-000, Brasil;Avenida Anisio Haddad Vivendas Sao Jose do Rio Preto SP 15093000 Brazil;São José do Rio Preto;SP;15093000;-20.84517;-49.40095;-20.84517;-49.40095;;ALTO;"sem numero de porta; CEP generico de cidade, nao de rua (2,4x mais falha)"
384;;;endereco;La Ville, Rua Itumbiara, 942, Nossa Senhora Aparecida, Uberlândia - MG, 38400-624, Brasil;Rua Itumbiara 942 Uberlandia MG 38400624 Brazil;Uberlândia;MG;38400624;-18.90784;-48.26943;-18.90784;-48.26943;Nossa Senhora Aparecida;;
385;;;endereco;Avenida Quinze de Novembro, 171, Zona 1, Maringá - PR, 87013-230, Brasil;Avenida Quinze de Novembro 171 Maringa PR 87013230 Brazil;Maringá;PR;87013230;-23.42396;-51.93434;-23.42396;-51.93434;Zona 1;;
386;;;endereco;Avenida Santos Dumont, 520, Aeroporto, Londrina - PR, 86039-090, Brasil;Avenida Santos Dumont 520 Londrina PR 86039090 Brazil;Londrina;PR;86039090;-23.31935;-51.14752;-23.31935;-51.14752;Aeroporto;;
387;;;endereco;Rua Ibiporã, 448, Quebec, Londrina - PR, 86060-510, Brasil;Rua Ibipora 448 Londrina PR 86060510 Brazil;Londrina;PR;86060510;-23.30649;-51.1763;-23.30649;-51.1763;Quebec;;
388;;;endereco;Rua João Wyclif, 111, Guanabara, Londrina - PR, 86050-450, Brasil;Rua Joao Wyclif 111 Londrina PR 86050450 Brazil;Londrina;PR;86050450;-23.3341;-51.17508;-23.3341;-51.17508;Guanabara;;
389;;;endereco;Elemento Sutil, Avenida Luiz Eduardo Toledo Prado, 900, Ribeirão Preto - SP, Brasil;Avenida Luiz Eduardo Toledo Prado 900 Ribeirao Preto SP Brazil;Ribeirão Preto;SP;;-21.22571;-47.8356;-21.22571;-47.8356;;;
390;;;endereco;Zletric, Avenida Wladimir Meirelles Ferreira, 1660, Subsetor Sul-4, Ribeirão Preto - SP, 14021-683, Brasil;Avenida Wladimir Meirelles Ferreira 1660 Ribeirao Preto SP 14021683 Brazil;Ribeirão Preto;SP;14021683;-21.21044;-47.80211;-21.21044;-47.80211;Subsetor Sul-4;;
391;;;endereco;McDonald's, Jardim Lima, Franca - SP, 14403-117, Brasil;Jardim Lima Franca SP 14403117 Brazil;Franca;SP;14403117;-20.55259;-47.40413;-20.55259;-47.40413;;ALTO;sem numero de porta
392;;;endereco;Rua dos Antunes, 873, São Sebastião do Paraíso - MG, 37950-000, Brasil;Rua dos Antunes 873 Sao Sebastiao do Paraiso MG 37950000 Brazil;São Sebastião do Paraíso;MG;37950000;-20.91706;-46.99549;-20.91706;-46.99549;;MEDIO;CEP generico de cidade, nao de rua (2,4x mais falha)
393;;;endereco;Rua José Saretta, 105, Subsetor Sul-5, Ribeirão Preto - SP, 14026-593, Brasil;Rua Jose Saretta 105 Ribeirao Preto SP 14026593 Brazil;Ribeirão Preto;SP;14026593;-21.21996;-47.81719;-21.21996;-47.81719;Subsetor Sul-5;;
394;;;endereco;Rua Alexandre Spereta, 1701, Residencial Itapuã, Franca - SP, 14406-307, Brasil;Rua Alexandre Spereta 1701 Franca SP 14406307 Brazil;Franca;SP;14406307;-20.54216;-47.43139;-20.54216;-47.43139;Residencial Itapuã;;
395;;;endereco;Avenida Santa Beatriz da Silva, 791, Uberaba - MG, 38050-096, Brasil;Avenida Santa Beatriz da Silva 791 Uberaba MG 38050096 Brazil;Uberaba;MG;38050096;-19.76141;-47.94965;-19.76141;-47.94965;;;
396;;;endereco;Avenida Santos Dumont, 130, Uberaba - MG, 38010-370, Brasil;Avenida Santos Dumont 130 Uberaba MG 38010370 Brazil;Uberaba;MG;38010370;-19.74686;-47.93911;-19.74686;-47.93911;;;
397;;;endereco;Rua Doutor Silvério José Bernardes, 583, Uberaba - MG, 38060-470, Brasil;Rua Doutor Silverio Jose Bernardes 583 Uberaba MG 38060470 Brazil;Uberaba;MG;38060470;-19.75238;-47.94998;-19.75238;-47.94998;;;
398;;;endereco;Rua Vinte e Quatro, 3011, Ortega, Barretos - SP, 14783-235, Brasil;Rua Vinte e Quatro 3011 Barretos SP 14783235 Brazil;Barretos;SP;14783235;-20.57271;-48.56165;-20.57271;-48.56165;Ortega;;
399;;;endereco;Rua Abel Pereira de Castro, 1073, Setor Central, Rio Verde - GO, 75901-060, Brasil;Rua Abel Pereira de Castro 1073 Rio Verde GO 75901060 Brazil;Rio Verde;GO;75901060;-17.79412;-50.92555;-17.79412;-50.92555;Setor Central;;
400;;;endereco;Rua Johen Carneiro, 395, Lídice, Uberlândia - MG, 38400-072, Brasil;Rua Johen Carneiro 395 Uberlandia MG 38400072 Brazil;Uberlândia;MG;38400072;-18.92708;-48.27925;-18.92708;-48.27925;Lídice;;
401;;;endereco;Rua Arthur Vergueiro, 142, Espírito Santo do Pinhal - SP, 13990-000, Brasil;Rua Arthur Vergueiro 142 Espirito Santo do Pinhal SP 13990000 Brazil;Espírito Santo do Pinhal;SP;13990000;-22.18877;-46.7467;-22.18877;-46.7467;;MEDIO;CEP generico de cidade, nao de rua (2,4x mais falha)
402;;;endereco;Rua Ministro Salgado Filho, 479, Vila Godoy, Alfenas - MG, 37135-026, Brasil;Rua Ministro Salgado Filho 479 Alfenas MG 37135026 Brazil;Alfenas;MG;37135026;-21.42691;-45.9538;-21.42691;-45.9538;Vila Godoy;;
403;;;endereco;Hep Imobiliária, Rua Rafael Pereira, 1605, Mirandópolis - SP, 16800-000, Brasil;Rua Rafael Pereira 1605 Mirandopolis SP 16800000 Brazil;Mirandópolis;SP;16800000;-21.1343;-51.10047;-21.1343;-51.10047;;MEDIO;CEP generico de cidade, nao de rua (2,4x mais falha)
404;;;endereco;Rua Eduardo de Oliveira, 501, Lídice, Uberlândia - MG, 38400-068, Brasil;Rua Eduardo de Oliveira 501 Uberlandia MG 38400068 Brazil;Uberlândia;MG;38400068;-18.91916;-48.27012;-18.91916;-48.27012;Lídice;;
405;;;endereco;FAST SHOP, Gávea, Uberlândia - MG, 38411-106, Brasil;FAST SHOP Gavea Uberlandia MG 38411106 Brazil;Uberlândia;MG;38411106;-18.95624;-48.27637;-18.95624;-48.27637;;ALTO;sem numero de porta
406;;;endereco;Zup It Innovation, Rua Niterói, Tibery, Uberlândia - MG, 38405-178, Brasil;Rua Niteroi Tibery Uberlandia MG 38405178 Brazil;Uberlândia;MG;38405178;-18.90819;-48.26132;-18.90819;-48.26132;;ALTO;sem numero de porta
407;;;endereco;Avenida Washington Luiz, 442, Bosque, Presidente Prudente - SP, 19010-090, Brasil;Avenida Washington Luiz 442 Presidente Prudente SP 19010090 Brazil;Presidente Prudente;SP;19010090;-22.12119;-51.38588;-22.12119;-51.38588;Bosque;;
408;;;endereco;Rua Duque de Caxias, 1105, Jardim Bandeirantes, Araçatuba - SP, 16015-520, Brasil;Rua Duque de Caxias 1105 Aracatuba SP 16015520 Brazil;Araçatuba;SP;16015520;-21.21559;-50.44066;-21.21559;-50.44066;Jardim Bandeirantes;;
409;;;endereco;Avenida Rondon Pacheco, 3380, Cazeca, Uberlândia - MG, 38408-404, Brasil;Avenida Rondon Pacheco 3380 Uberlandia MG 38408404 Brazil;Uberlândia;MG;38408404;-18.91833;-48.26574;-18.91833;-48.26574;Cazeca;;
410;;;endereco;Avenida Salomão Abrahão, 1737, Santa Mônica, Uberlândia - MG, 38408-261, Brasil;Avenida Salomao Abrahao 1737 Uberlandia MG 38408261 Brazil;Uberlândia;MG;38408261;-18.91569;-48.23846;-18.91569;-48.23846;Santa Mônica;;
411;;;endereco;Condomínio Empresarial Torre Sul, Avenida dos Vinhedos, 71, Jardim Karaíba, Uberlândia - MG, 38411-216, Brasil;Avenida dos Vinhedos 71 Uberlandia MG 38411216 Brazil;Uberlândia;MG;38411216;-18.95238;-48.27165;-18.95238;-48.27165;Jardim Karaíba;;
412;;;endereco;Maya Comunicacao, Avenida Sylvio della Rovere, 1048, Gaivota, São José do Rio Preto - SP, 15061-580, Brasil;Avenida Sylvio della Rovere 1048 Sao Jose do Rio Preto SP 15061580 Brazil;São José do Rio Preto;SP;15061580;-20.809;-49.35082;-20.809;-49.35082;Gaivota;;
413;;;endereco;Psicóloga - Bárbara Maíra da Costa, Avenida das Esmeraldas, 379, Marília - SP, 17516-000, Brasil;Avenida das Esmeraldas 379 Marilia SP 17516000 Brazil;Marília;SP;17516000;-22.2208;-49.93944;-22.2208;-49.93944;;MEDIO;CEP generico de cidade, nao de rua (2,4x mais falha)
414;;;endereco;Rua José Garcia de Carvalho, 220, Lins - SP, 16400-460, Brasil;Rua Jose Garcia de Carvalho 220 Lins SP 16400460 Brazil;Lins;SP;16400460;-21.67929;-49.76395;-21.67929;-49.76395;;;
415;;;endereco;Avenida Imbiara, 476, Centro, Araxá - MG, 38183-244, Brasil;Avenida Imbiara 476 Araxa MG 38183244 Brazil;Araxá;MG;38183244;-19.59779;-46.94073;-19.59779;-46.94073;Centro;;
416;;;endereco;Rua T-55, 741, Bueno, Goiânia - GO, 74215-170, Brasil;Rua T 55 741 Goiania GO 74215170 Brazil;Goiânia;GO;74215170;-16.70465;-49.2702;-16.70465;-49.2702;Bueno;;
417;;;endereco;Avenida Independência Quadra M, 8, Bairro Feliz, Goiânia - GO, 74633-355, Brasil;Avenida Independencia Quadra M 8 Goiania GO 74633355 Brazil;Goiânia;GO;74633355;-16.66972;-49.23287;-16.66972;-49.23287;Bairro Feliz;;
418;;;endereco;Andrade Canguçu - Negócios Imobiliários, Avenida Deputado Jamel Cecílio, 2690, Jardim Goiás, Goiânia - GO, 74810-030, Brasil;Avenida Deputado Jamel Cecilio 2690 Goiania GO 74810030 Brazil;Goiânia;GO;74810030;-16.70499;-49.24082;-16.70499;-49.24082;Jardim Goiás;;
419;;;endereco;Rua Nove, Qd 8-141, Parque dos Buritis II, Rio Verde - GO, 75907-300, Brasil;Rua Nove Qd 8 141 Parque dos Buritis II Rio Verde GO 75907300 Brazil;Rio Verde;GO;75907300;-17.81122;-50.93152;-17.81122;-50.93152;;ALTO;sem numero de porta
420;;;endereco;Avenida Euclides Miragaia, 1225, Centro, Birigui - SP, 16200-130, Brasil;Avenida Euclides Miragaia 1225 Birigui SP 16200130 Brazil;Birigui;SP;16200130;-21.3018;-50.3388;-21.3018;-50.3388;Centro;;
421;;;endereco;Avenida da Saudade, 3766, Santa Cruz, São José do Rio Preto - SP, 15014-020, Brasil;Avenida da Saudade 3766 Sao Jose do Rio Preto SP 15014020 Brazil;São José do Rio Preto;SP;15014020;-20.81514;-49.37428;-20.81514;-49.37428;Santa Cruz;;
422;;;endereco;Avenida 20 de Agosto, 5, Residencial Vale do Pirapitinga, Catalão - GO, 75701-100, Brasil;Avenida 20 de Agosto 5 Catalao GO 75701100 Brazil;Catalão;GO;75701100;-18.17891;-47.95561;-18.17891;-47.95561;Residencial Vale do Pirapitinga;;
423;;;endereco;Rua Maria S. Romeu, 18, São Domingos, São Paulo - SP, 05159-010, Brasil;Rua Maria S Romeu 18 Sao Paulo SP 05159010 Brazil;São Paulo;SP;05159010;-23.48715;-46.74802;-23.48715;-46.74802;São Domingos;;
424;;;endereco;Rua Francisco Pereira da Silva, 145, Pimentas, Guarulhos - SP, 07273-520, Brasil;Rua Francisco Pereira da Silva 145 Guarulhos SP 07273520 Brazil;Guarulhos;SP;07273520;-23.46272;-46.42027;-23.46272;-46.42027;Pimentas;;
425;;;endereco;Avenida Quatorze de Dezembro, 167, Centro, Caieiras - SP, 07700-175, Brasil;Avenida Quatorze de Dezembro 167 Caieiras SP 07700175 Brazil;Caieiras;SP;07700175;-23.36081;-46.74568;-23.36081;-46.74568;Centro;;
426;;;endereco;Kairós R H, Avenida Cauaxi, 293, Alphaville, Barueri - SP, 06454-010, Brasil;Avenida Cauaxi 293 Barueri SP 06454010 Brazil;Barueri;SP;06454010;-23.49449;-46.85155;-23.49449;-46.85155;Alphaville;;
427;;;endereco;Vlr Infra-Estrutura Urbana, Alameda Rio Negro, 585, Alphaville, Barueri - SP, 06454-000, Brasil;Alameda Rio Negro 585 Barueri SP 06454000 Brazil;Barueri;SP;06454000;-23.5014;-46.84872;-23.5014;-46.84872;Alphaville;MEDIO;CEP generico de cidade, nao de rua (2,4x mais falha)
428;;;endereco;Estrada Municipal Bela Vista, 2500, Ipanema, Santana de Parnaíba - SP, 06539-010, Brasil;Estrada Municipal Bela Vista 2500 Santana de Parnaiba SP 06539010 Brazil;Santana de Parnaíba;SP;06539010;-23.45312;-46.89724;-23.45312;-46.89724;Ipanema;ALTO;endereco de rodovia (57-67% falharam)
429;;;endereco;Correios, Avenida Yojiro Takaoka, Alphaville, Santana de Parnaíba - SP, 06541-038, Brasil;Avenida Yojiro Takaoka Alphaville Santana de Parnaiba SP 06541038 Brazil;Santana de Parnaíba;SP;06541038;-23.46416;-46.8712;-23.46416;-46.8712;;ALTO;sem numero de porta
430;;;endereco;Banco do Brasil, Rua Tenente Avelar Pires Azevedo, Centro, Osasco - SP, 06016-060, Brasil;Rua Tenente Avelar Pires Azevedo Centro Osasco SP 06016060 Brazil;Osasco;SP;06016060;-23.52907;-46.77912;-23.52907;-46.77912;;ALTO;sem numero de porta
431;;;endereco;Avenida Juruá, 376, Alphaville, Barueri - SP, 06455-010, Brasil;Avenida Jurua 376 Barueri SP 06455010 Brazil;Barueri;SP;06455010;-23.49966;-46.85495;-23.49966;-46.85495;Alphaville;;
432;;;endereco;Reachlocal Brasil Serviços Online de Marketing, Alameda Xingu, 350, Alphaville, Barueri - SP, 06455-030, Brasil;Alameda Xingu 350 Barueri SP 06455030 Brazil;Barueri;SP;06455030;-23.50487;-46.84926;-23.50487;-46.84926;Alphaville;;
433;;;endereco;Barcia Nunes Arquitetura e Interiores, Avenida Deputado Jamel Cecílio, Jardim Goiás, Goiânia - GO, 74810-100, Brasil;Avenida Deputado Jamel Cecilio Jardim Goias Goiania GO 74810100 Brazil;Goiânia;GO;74810100;-16.70499;-49.24105;-16.70499;-49.24105;;ALTO;sem numero de porta
434;;;endereco;Avenida Afonso Pena, 2240, Itumbiara - GO, 75516-010, Brasil;Avenida Afonso Pena 2240 Itumbiara GO 75516010 Brazil;Itumbiara;GO;75516010;-18.40122;-49.2042;-18.40122;-49.2042;;;
435;;;endereco;Rua Quatorze, 16-13, Jardim Goiás, Goiânia - GO, 74810-180, Brasil;Rua Quatorze 16 13 Jardim Goias Goiania GO 74810180 Brazil;Goiânia;GO;74810180;-16.70314;-49.23311;-16.70314;-49.23311;;ALTO;sem numero de porta
436;;;endereco;Avenida Comendador Luciano Guidotti, 1070, Verde, Piracicaba - SP, 13425-000, Brasil;Avenida Comendador Luciano Guidotti 1070 Piracicaba SP 13425000 Brazil;Piracicaba;SP;13425000;-22.74663;-47.63887;-22.74663;-47.63887;Verde;MEDIO;CEP generico de cidade, nao de rua (2,4x mais falha)
437;;;endereco;Rua Ernest Mahle, 281, Nova Piracicaba, Piracicaba - SP, 13405-342, Brasil;Rua Ernest Mahle 281 Piracicaba SP 13405342 Brazil;Piracicaba;SP;13405342;-22.7045;-47.67168;-22.7045;-47.67168;Nova Piracicaba;;
438;;;endereco;Rua Adalberto Ferraz, 299, Pouso Alegre - MG, 37550-104, Brasil;Rua Adalberto Ferraz 299 Pouso Alegre MG 37550104 Brazil;Pouso Alegre;MG;37550104;-22.23237;-45.93585;-22.23237;-45.93585;;;
439;;;endereco;Ceasa, Pouso Alegre - MG, 37550-000, Brasil;Ceasa Pouso Alegre MG 37550000 Brazil;Pouso Alegre;MG;37550000;-22.22464;-45.92293;-22.22464;-45.92293;;ALTO;"sem numero de porta; logradouro sem nome; CEP generico de cidade, nao de rua (2,4x mais falha)"
440;;;endereco;Rodovia Fernão Dias, Extrema - MG, 37640-000, Brasil;Rodovia Fernao Dias Extrema MG 37640000 Brazil;Extrema;MG;37640000;-22.80897;-46.28133;-22.80897;-46.28133;;ALTO;"endereco de rodovia (57-67% falharam); sem numero de porta; CEP generico de cidade, nao de rua (2,4x mais falha)"
441;;;endereco;Avenida Coronel José Vicente, 262A, Lorena - SP, 12608-000, Brasil;Avenida Coronel Jose Vicente 262A Lorena SP 12608000 Brazil;Lorena;SP;12608000;-22.73393;-45.12444;-22.73393;-45.12444;;MEDIO;CEP generico de cidade, nao de rua (2,4x mais falha)
442;;;endereco;Rua Doutor Mello Nogueira, 106, Casa Verde, São Paulo - SP, 02510-040, Brasil;Rua Doutor Mello Nogueira 106 Sao Paulo SP 02510040 Brazil;São Paulo;SP;02510040;-23.51371;-46.65252;-23.51371;-46.65252;Casa Verde;;
443;;;endereco;Iphone Dreams, Avenida Hilário Pereira de Souza, 406, Industrial Autonomistas, Osasco - SP, 06010-170, Brasil;Avenida Hilario Pereira de Souza 406 Osasco SP 06010170 Brazil;Osasco;SP;06010170;-23.53412;-46.77095;-23.53412;-46.77095;Industrial Autonomistas;;
444;;;endereco;Rua Coronel José Eusébio, 141, Consolação, São Paulo - SP, 01239-030, Brasil;Rua Coronel Jose Eusebio 141 Sao Paulo SP 01239030 Brazil;São Paulo;SP;01239030;-23.55145;-46.65962;-23.55145;-46.65962;Consolação;;
445;;;endereco;Rua Padre João Gonçalves, 137, Pinheiros, São Paulo - SP, 05432-040, Brasil;Rua Padre Joao Goncalves 137 Sao Paulo SP 05432040 Brazil;São Paulo;SP;05432040;-23.55972;-46.68803;-23.55972;-46.68803;Pinheiros;;
446;;;endereco;Avenida José César de Oliveira, 111, Vila Leopoldina, São Paulo - SP, 05317-000, Brasil;Avenida Jose Cesar de Oliveira 111 Sao Paulo SP 05317000 Brazil;São Paulo;SP;05317000;-23.54003;-46.73425;-23.54003;-46.73425;Vila Leopoldina;MEDIO;CEP generico de cidade, nao de rua (2,4x mais falha)
447;;;endereco;Ponto De Carregamento Para Veículos Elétricos, Avenida Angélica, 2529, Consolação, São Paulo - SP, 01228-100, Brasil;Avenida Angelica 2529 Sao Paulo SP 01228100 Brazil;São Paulo;SP;01228100;-23.55434;-46.6621;-23.55434;-46.6621;Consolação;;
448;;;endereco;Park Station Estacione, Barra Funda, São Paulo - SP, 01139-000, Brasil;Park Station Estacione Barra Funda Sao Paulo SP 01139000 Brazil;São Paulo;SP;01139000;-23.52145;-46.66039;-23.52145;-46.66039;;ALTO;"sem numero de porta; CEP generico de cidade, nao de rua (2,4x mais falha)"
449;;;endereco;Viela Ouro, Picanço, Guarulhos - SP, 07081-290, Brasil;Viela Ouro Picanco Guarulhos SP 07081290 Brazil;Guarulhos;SP;07081290;-23.44302;-46.5578;-23.44302;-46.5578;;ALTO;sem numero de porta
450;;;endereco;Kairós R H, Avenida Cauaxi, 293, Alphaville, Barueri - SP, 06454-010, Brasil;Avenida Cauaxi 293 Barueri SP 06454010 Brazil;Barueri;SP;06454010;-23.49451;-46.85146;-23.49451;-46.85146;Alphaville;;
451;;;endereco;Rua Walt Disney, 51, Bosque, Campinas - SP, 13026-005, Brasil;Rua Walt Disney 51 Campinas SP 13026005 Brazil;Campinas;SP;13026005;-22.91288;-47.05498;-22.91288;-47.05498;Bosque;;
452;;;endereco;Calçada das Hortências, 21, Alphaville, Barueri - SP, 06453-017, Brasil;Calcada das Hortencias 21 Barueri SP 06453017 Brazil;Barueri;SP;06453017;-23.49627;-46.85289;-23.49627;-46.85289;Alphaville;;
453;;;endereco;Monet Odontologia, Rua João Huss, 500, Palhano, Londrina - PR, 86050-490, Brasil;Rua Joao Huss 500 Londrina PR 86050490 Brazil;Londrina;PR;86050490;-23.32972;-51.17771;-23.32972;-51.17771;Palhano;;
454;;;endereco;Smilink, Estrada União e Indústria, 10395, Itaipava, Petrópolis - RJ, 25750-226, Brasil;Estrada Uniao e Industria 10395 Petropolis RJ 25750226 Brazil;Petrópolis;RJ;25750226;-22.39857;-43.13403;-22.39857;-43.13403;Itaipava;ALTO;endereco de rodovia (57-67% falharam)
455;;;endereco;Rua Coronel Veiga, 1801, Petrópolis - RJ, 25655-158, Brasil;Rua Coronel Veiga 1801 Petropolis RJ 25655158 Brazil;Petrópolis;RJ;25655158;-22.53245;-43.19995;-22.53245;-43.19995;;;
456;;;endereco;Terminal de Carregamento EV, Avenida Independência, 3800, São Mateus, Juiz de Fora - MG, 36025-320, Brasil;Avenida Independencia 3800 Juiz de Fora MG 36025320 Brazil;Juiz de Fora;MG;36025320;-21.78121;-43.36137;-21.78121;-43.36137;São Mateus;;
457;;;endereco;Rua Sampaio, 340, Centro, Juiz de Fora - MG, 36010-359, Brasil;Rua Sampaio 340 Juiz de Fora MG 36010359 Brazil;Juiz de Fora;MG;36010359;-21.76621;-43.34612;-21.76621;-43.34612;Centro;;
458;;;endereco;Espaço Luz de Maria, Rua Ataliba de Barros, São Mateus, Juiz de Fora - MG, 36025-275, Brasil;Rua Ataliba de Barros Sao Mateus Juiz de Fora MG 36025275 Brazil;Juiz de Fora;MG;36025275;-21.78139;-43.35918;-21.78139;-43.35918;;ALTO;sem numero de porta
459;;;endereco;Rua Candelária, 106, Centro, Rio de Janeiro - RJ, 20091-020, Brasil;Rua Candelaria 106 Rio de Janeiro RJ 20091020 Brazil;Rio de Janeiro;RJ;20091020;-22.89851;-43.17799;-22.89851;-43.17799;Centro;;
460;;;endereco;Rua Teófilo Otoni, 15, Centro, Rio de Janeiro - RJ, 20090-070, Brasil;Rua Teofilo Otoni 15 Rio de Janeiro RJ 20090070 Brazil;Rio de Janeiro;RJ;20090070;-22.8998;-43.17672;-22.8998;-43.17672;Centro;;
461;;;endereco;Midas Medicina e Estética, Avenida Nilo Peçanha, 50, Centro, Rio de Janeiro - RJ, 20020-100, Brasil;Avenida Nilo Pecanha 50 Rio de Janeiro RJ 20020100 Brazil;Rio de Janeiro;RJ;20020100;-22.90625;-43.17757;-22.90625;-43.17757;Centro;;
462;;;endereco;Bernardo Pl Gomes, Praia de Botafogo, 228, Botafogo, Rio de Janeiro - RJ, Brasil;Praia de Botafogo 228 Rio de Janeiro RJ Brazil;Rio de Janeiro;RJ;;-22.94231;-43.18158;-22.94231;-43.18158;Botafogo;;
463;;;endereco;Avenida Rio Branco, 108, Centro, Rio de Janeiro - RJ, 20040-005, Brasil;Avenida Rio Branco 108 Rio de Janeiro RJ 20040005 Brazil;Rio de Janeiro;RJ;20040005;-22.90413;-43.17821;-22.90413;-43.17821;Centro;;
464;;;endereco;Avenida Rui Barbosa, 29, São Francisco, Niterói - RJ, 24360-440, Brasil;Avenida Rui Barbosa 29 Niteroi RJ 24360440 Brazil;Niterói;RJ;24360440;-22.92038;-43.09313;-22.92038;-43.09313;São Francisco;;
465;;;endereco;Avenida Rio Branco, 123, Centro, Rio de Janeiro - RJ, 20040-001, Brasil;Avenida Rio Branco 123 Rio de Janeiro RJ 20040001 Brazil;Rio de Janeiro;RJ;20040001;-22.90375;-43.17789;-22.90375;-43.17789;Centro;;
466;;;endereco;Vet Staff, Rua Almirante Pereira Guimarães, 65, Leblon, Rio de Janeiro - RJ, 22440-005, Brasil;Rua Almirante Pereira Guimaraes 65 Rio de Janeiro RJ 22440005 Brazil;Rio de Janeiro;RJ;22440005;-22.98413;-43.21711;-22.98413;-43.21711;Leblon;;
467;;;endereco;Avenida Ataulfo de Paiva, 153, Leblon, Rio de Janeiro - RJ, 22440-033, Brasil;Avenida Ataulfo de Paiva 153 Rio de Janeiro RJ 22440033 Brazil;Rio de Janeiro;RJ;22440033;-22.984;-43.21745;-22.984;-43.21745;Leblon;;
468;;;endereco;Rua Sete de Setembro, 92, Centro, Rio de Janeiro - RJ, 20050-002, Brasil;Rua Sete de Setembro 92 Rio de Janeiro RJ 20050002 Brazil;Rio de Janeiro;RJ;20050002;-22.90514;-43.17829;-22.90514;-43.17829;Centro;;
469;;;endereco;Rua Garça, Barra da Tijuca, Rio de Janeiro - RJ, 23064-250, Brasil;Rua Garca Barra da Tijuca Rio de Janeiro RJ 23064250 Brazil;Rio de Janeiro;RJ;23064250;-22.99812;-43.33724;-22.99812;-43.33724;;ALTO;sem numero de porta
470;;;endereco;Rua Ulhôa Cintra, 88, Centro, Piracicaba - SP, 13400-430, Brasil;Rua Ulhoa Cintra 88 Piracicaba SP 13400430 Brazil;Piracicaba;SP;13400430;-22.72602;-47.6542;-22.72602;-47.6542;Centro;;
471;;;endereco;Rua das Azaléias, 100, Nova Piracicaba, Piracicaba - SP, 13405-083, Brasil;Rua das Azaleias 100 Piracicaba SP 13405083 Brazil;Piracicaba;SP;13405083;-22.71744;-47.67375;-22.71744;-47.67375;Nova Piracicaba;;
472;;;endereco;Rua Jarbas Guimarães, 246, Avenida, Itajubá - MG, 37504-022, Brasil;Rua Jarbas Guimaraes 246 Itajuba MG 37504022 Brazil;Itajubá;MG;37504022;-22.43177;-45.46426;-22.43177;-45.46426;Avenida;;
473;;;endereco;Maria Cristina Lourenço, Alameda Afonso Schmidt, 127, Santana, São Paulo - SP, 02450-001, Brasil;Alameda Afonso Schmidt 127 Sao Paulo SP 02450001 Brazil;São Paulo;SP;02450001;-23.49933;-46.63776;-23.49933;-46.63776;Santana;;
474;;;endereco;Avenida Santo Antônio, 1436, Vila Osasco, Osasco - SP, 06083-210, Brasil;Avenida Santo Antonio 1436 Osasco SP 06083210 Brazil;Osasco;SP;06083210;-23.53984;-46.77919;-23.53984;-46.77919;Vila Osasco;;
475;;;endereco;Rua José Francisco Alves, 379F, Vila Ema, São José dos Campos - SP, 12243-060, Brasil;Rua Jose Francisco Alves 379F Sao Jose dos Campos SP 12243060 Brazil;São José dos Campos;SP;12243060;-23.20524;-45.90306;-23.20524;-45.90306;Vila Ema;;
476;;;endereco;Rua São Justiniano, 124, Vila Leopoldina, São Paulo - SP, 05303-110, Brasil;Rua Sao Justiniano 124 Sao Paulo SP 05303110 Brazil;São Paulo;SP;05303110;-23.53536;-46.72459;-23.53536;-46.72459;Vila Leopoldina;;
477;;;endereco;Kpv Serviços de Apoio Administrativo, Avenida Paulista, 1842, Bela Vista, São Paulo - SP, 01410-000, Brasil;Avenida Paulista 1842 Sao Paulo SP 01410000 Brazil;São Paulo;SP;01410000;-23.5597;-46.65793;-23.5597;-46.65793;Bela Vista;MEDIO;CEP generico de cidade, nao de rua (2,4x mais falha)
478;;;endereco;Rua Platina, 886, Tatuapé, São Paulo - SP, 03308-010, Brasil;Rua Platina 886 Sao Paulo SP 03308010 Brazil;São Paulo;SP;03308010;-23.54028;-46.56662;-23.54028;-46.56662;Tatuapé;;
479;;;endereco;Avenida Paulista, 1159, Jardim Paulista, São Paulo - SP, 01311-200, Brasil;Avenida Paulista 1159 Sao Paulo SP 01311200 Brazil;São Paulo;SP;01311200;-23.56436;-46.65343;-23.56436;-46.65343;Jardim Paulista;;
480;;;endereco;Rua da Amizade, 30, Maria Joaquina, Cabo Frio - RJ, 28928-724, Brasil;Rua da Amizade 30 Cabo Frio RJ 28928724 Brazil;Cabo Frio;RJ;28928724;-22.72782;-41.98913;-22.72782;-41.98913;Maria Joaquina;;
481;;;endereco;Rua Barão do Rio Branco, 25, São Bento, Cabo Frio - RJ, 28906-170, Brasil;Rua Barao do Rio Branco 25 Cabo Frio RJ 28906170 Brazil;Cabo Frio;RJ;28906170;-22.8771;-42.01323;-22.8771;-42.01323;São Bento;;
482;;;endereco;Rua José Tessarollo Santos, 14, Nova Friburgo - RJ, 28625-140, Brasil;Rua Jose Tessarollo Santos 14 Nova Friburgo RJ 28625140 Brazil;Nova Friburgo;RJ;28625140;-22.28897;-42.53492;-22.28897;-42.53492;;;
483;;;endereco;Avenida Ézio Cardoso da Fonseca, 565, Jardim Esperança, Cabo Frio - RJ, 28920-000, Brasil;Avenida Ezio Cardoso da Fonseca 565 Cabo Frio RJ 28920000 Brazil;Cabo Frio;RJ;28920000;-22.83689;-42.02864;-22.83689;-42.02864;Jardim Esperança;MEDIO;CEP generico de cidade, nao de rua (2,4x mais falha)
484;;;endereco;Avenida Brasil, 141, Centro, Araruama - RJ, 28970-000, Brasil;Avenida Brasil 141 Araruama RJ 28970000 Brazil;Araruama;RJ;28970000;-22.87189;-42.3342;-22.87189;-42.3342;Centro;MEDIO;CEP generico de cidade, nao de rua (2,4x mais falha)
485;;;endereco;Avenida Victor Rocha, 580, Parque Burle, Cabo Frio - RJ, 28913-000, Brasil;Avenida Victor Rocha 580 Cabo Frio RJ 28913000 Brazil;Cabo Frio;RJ;28913000;-22.88698;-42.04371;-22.88698;-42.04371;Parque Burle;MEDIO;CEP generico de cidade, nao de rua (2,4x mais falha)
486;;;endereco;Empório Brew, Nova Friburgo - RJ, 28623-020, Brasil;Emporio Brew Nova Friburgo RJ 28623020 Brazil;Nova Friburgo;RJ;28623020;-22.29001;-42.53717;-22.29001;-42.53717;;ALTO;sem numero de porta
487;;;endereco;Rua Alfredo Backer, 353, Centro, Macaé - RJ, 27910-190, Brasil;Rua Alfredo Backer 353 Macae RJ 27910190 Brazil;Macaé;RJ;27910190;-22.37234;-41.78316;-22.37234;-41.78316;Centro;;
488;;;endereco;Rua Cinco de Julho, 226, Icaraí, Niterói - RJ, 24220-111, Brasil;Rua Cinco de Julho 226 Niteroi RJ 24220111 Brazil;Niterói;RJ;24220111;-22.90606;-43.10592;-22.90606;-43.10592;Icaraí;;
489;;;endereco;Avenida Ataulfo de Paiva, 1079, Leblon, Rio de Janeiro - RJ, 22440-034, Brasil;Avenida Ataulfo de Paiva 1079 Rio de Janeiro RJ 22440034 Brazil;Rio de Janeiro;RJ;22440034;-22.98548;-43.22606;-22.98548;-43.22606;Leblon;;
490;;;endereco;Banca Alpha Graciosa, Alphaville, Barueri - SP, 06473-000, Brasil;Banca Alpha Graciosa Alphaville Barueri SP 06473000 Brazil;Barueri;SP;06473000;-23.48676;-46.86124;-23.48676;-46.86124;;ALTO;"sem numero de porta; CEP generico de cidade, nao de rua (2,4x mais falha)"
491;;;endereco;EZvolt, Avenida Marquês de São Vicente, 230, Barra Funda, São Paulo - SP, 01139-001, Brasil;Avenida Marques de Sao Vicente 230 Sao Paulo SP 01139001 Brazil;São Paulo;SP;01139001;-23.52169;-46.66216;-23.52169;-46.66216;Barra Funda;;
492;;;endereco;Rua da Alfândega, 24, Centro, Rio de Janeiro - RJ, 20070-000, Brasil;Rua da Alfandega 24 Rio de Janeiro RJ 20070000 Brazil;Rio de Janeiro;RJ;20070000;-22.90136;-43.17723;-22.90136;-43.17723;Centro;MEDIO;CEP generico de cidade, nao de rua (2,4x mais falha)
493;;;endereco;Editora Cândido, Avenida Franklin Roosevelt, Centro, Rio de Janeiro - RJ, 20021-120, Brasil;Avenida Franklin Roosevelt Centro Rio de Janeiro RJ 20021120 Brazil;Rio de Janeiro;RJ;20021120;-22.9096;-43.16983;-22.9096;-43.16983;;ALTO;sem numero de porta
494;;;endereco;Rua Lopes Quintas, 187, Jardim Botânico, Rio de Janeiro - RJ, 22460-010, Brasil;Rua Lopes Quintas 187 Rio de Janeiro RJ 22460010 Brazil;Rio de Janeiro;RJ;22460010;-22.96479;-43.22035;-22.96479;-43.22035;Jardim Botânico;;
495;;;endereco;Rua Nascimento Silva, 448, Ipanema, Rio de Janeiro - RJ, 22421-026, Brasil;Rua Nascimento Silva 448 Rio de Janeiro RJ 22421026 Brazil;Rio de Janeiro;RJ;22421026;-22.98166;-43.21004;-22.98166;-43.21004;Ipanema;;
496;;;endereco;Thalita Galhardo Nutricionista, Avenida das Américas, 3500, Barra da Tijuca, Rio de Janeiro - RJ, 22640-102, Brasil;Avenida das Americas 3500 Rio de Janeiro RJ 22640102 Brazil;Rio de Janeiro;RJ;22640102;-22.99946;-43.34821;-22.99946;-43.34821;Barra da Tijuca;;
497;;;endereco;EZvolt, Rua Jardim Botânico, 657, Lagoa, Rio de Janeiro - RJ, 22461-000, Brasil;Rua Jardim Botanico 657 Rio de Janeiro RJ 22461000 Brazil;Rio de Janeiro;RJ;22461000;-22.9649;-43.21779;-22.9649;-43.21779;Lagoa;MEDIO;CEP generico de cidade, nao de rua (2,4x mais falha)
498;;;endereco;Rua Trinta e Três, 117, Vila Santa Cecília, Volta Redonda - RJ, 27259-350, Brasil;Rua Trinta e Tres 117 Volta Redonda RJ 27259350 Brazil;Volta Redonda;RJ;27259350;-22.52127;-44.10289;-22.52127;-44.10289;Vila Santa Cecília;;
499;;;endereco;Rua Rodolfo Albino, 39, Leblon, Rio de Janeiro - RJ, 22450-020, Brasil;Rua Rodolfo Albino 39 Rio de Janeiro RJ 22450020 Brazil;Rio de Janeiro;RJ;22450020;-22.98452;-43.22794;-22.98452;-43.22794;Leblon;;
500;;;endereco;Alpha Games, Avenida Rio Branco, 156, Centro, Rio de Janeiro - RJ, 20050-006, Brasil;Avenida Rio Branco 156 Rio de Janeiro RJ 20050006 Brazil;Rio de Janeiro;RJ;20050006;-22.90553;-43.17828;-22.90553;-43.17828;Centro;;
501;;;endereco;Downtown-Leste, Barra da Tijuca, Rio de Janeiro - RJ, Brasil;Downtown Leste Barra da Tijuca Rio de Janeiro RJ Brazil;Rio de Janeiro;RJ;;-23.00371;-43.31733;-23.00371;-43.31733;;ALTO;sem numero de porta
502;;;endereco;Avenida Pastor Martin Luther King Júnior, 10185, Coelho Neto, Rio de Janeiro - RJ, 21530-015, Brasil;Avenida Pastor Martin Luther King Junior 10185 Rio de Janeiro RJ 21530015 Brazil;Rio de Janeiro;RJ;21530015;-22.83185;-43.34393;-22.83185;-43.34393;Coelho Neto;;
503;;;endereco;Shopping Open Mall, Avenida das Américas, 7907, Barra da Tijuca, Rio de Janeiro - RJ, 22793-700, Brasil;Avenida das Americas 7907 Rio de Janeiro RJ 22793700 Brazil;Rio de Janeiro;RJ;22793700;-23.00151;-43.38809;-23.00151;-43.38809;Barra da Tijuca;;
504;;;endereco;Praia de Botafogo, 228, Botafogo, Rio de Janeiro - RJ, 22250-145, Brasil;Praia de Botafogo 228 Rio de Janeiro RJ 22250145 Brazil;Rio de Janeiro;RJ;22250145;-22.9425;-43.18137;-22.9425;-43.18137;Botafogo;;
505;;;endereco;Rua Um, 175, Inoã, Maricá - RJ, 24942-545, Brasil;Rua Um 175 Marica RJ 24942545 Brazil;Maricá;RJ;24942545;-22.91613;-42.93127;-22.91613;-42.93127;Inoã;;
506;;;endereco;Batata Bowl Sports Center, Rua Sargento Cunha, 55, Vale dos Bandeirantes, Juiz de Fora - MG, 36047-010, Brasil;Rua Sargento Cunha 55 Juiz de Fora MG 36047010 Brazil;Juiz de Fora;MG;36047010;-21.72703;-43.35648;-21.72703;-43.35648;Vale dos Bandeirantes;;
507;;;endereco;Rua Antônio Rufino, 232, São Pedro, Juiz de Fora - MG, 36037-130, Brasil;Rua Antonio Rufino 232 Juiz de Fora MG 36037130 Brazil;Juiz de Fora;MG;36037130;-21.77131;-43.3741;-21.77131;-43.3741;São Pedro;;
508;;;endereco;Praça Doutor Último Carvalho, 11, Rio Pomba - MG, 36180-000, Brasil;Praca Doutor Ultimo Carvalho 11 Rio Pomba MG 36180000 Brazil;Rio Pomba;MG;36180000;-21.27467;-43.18038;-21.27467;-43.18038;;MEDIO;CEP generico de cidade, nao de rua (2,4x mais falha)
509;;;endereco;Agência Corpo, Barra da Tijuca, Rio de Janeiro - RJ, 22775-057, Brasil;Agencia Corpo Barra da Tijuca Rio de Janeiro RJ 22775057 Brazil;Rio de Janeiro;RJ;22775057;-22.98497;-43.35872;-22.98497;-43.35872;;ALTO;sem numero de porta
510;;;endereco;Essendi Clínica, Barra da Tijuca, Rio de Janeiro - RJ, 22640-100, Brasil;Essendi Clinica Barra da Tijuca Rio de Janeiro RJ 22640100 Brazil;Rio de Janeiro;RJ;22640100;-22.998;-43.34631;-22.998;-43.34631;;ALTO;sem numero de porta
511;;;endereco;Bob's, Avenida Nilo Peçanha, Centro, Rio de Janeiro - RJ, 20020-100, Brasil;Avenida Nilo Pecanha Centro Rio de Janeiro RJ 20020100 Brazil;Rio de Janeiro;RJ;20020100;-22.90669;-43.17685;-22.90669;-43.17685;;ALTO;sem numero de porta
512;;;endereco;Avenida Ataulfo de Paiva, 204, Leblon, Rio de Janeiro - RJ, 22440-032, Brasil;Avenida Ataulfo de Paiva 204 Rio de Janeiro RJ 22440032 Brazil;Rio de Janeiro;RJ;22440032;-22.98337;-43.21803;-22.98337;-43.21803;Leblon;;
513;;;endereco;Avenida Almirante Barroso, 81, Centro, Rio de Janeiro - RJ, 20031-004, Brasil;Avenida Almirante Barroso 81 Rio de Janeiro RJ 20031004 Brazil;Rio de Janeiro;RJ;20031004;-22.90734;-43.17527;-22.90734;-43.17527;Centro;;
514;;;endereco;Pizza Hut, Rua Quinze de Novembro, Centro, Niterói - RJ, 24020-125, Brasil;Rua Quinze de Novembro Centro Niteroi RJ 24020125 Brazil;Niterói;RJ;24020125;-22.89686;-43.12368;-22.89686;-43.12368;;ALTO;sem numero de porta
515;;;endereco;Avenida Ataulfo de Paiva, 980, Leblon, Rio de Janeiro - RJ, 22440-033, Brasil;Avenida Ataulfo de Paiva 980 Rio de Janeiro RJ 22440033 Brazil;Rio de Janeiro;RJ;22440033;-22.98463;-43.22523;-22.98463;-43.22523;Leblon;;
516;;;endereco;Pet Harmony, Avenida das Américas, 8445, Barra da Tijuca, Rio de Janeiro - RJ, 22793-296, Brasil;Avenida das Americas 8445 Rio de Janeiro RJ 22793296 Brazil;Rio de Janeiro;RJ;22793296;-23.00105;-43.39431;-23.00105;-43.39431;Barra da Tijuca;;
517;;;endereco;Avenida Ataulfo de Paiva, 1098, Leblon, Rio de Janeiro - RJ, 22440-035, Brasil;Avenida Ataulfo de Paiva 1098 Rio de Janeiro RJ 22440035 Brazil;Rio de Janeiro;RJ;22440035;-22.98497;-43.22625;-22.98497;-43.22625;Leblon;;
518;;;endereco;Boulevard Vinte e Oito de Setembro, 271, Vila Isabel, Rio de Janeiro - RJ, 20551-030, Brasil;Boulevard Vinte e Oito de Setembro 271 Rio de Janeiro RJ 20551030 Brazil;Rio de Janeiro;RJ;20551030;-22.91563;-43.24435;-22.91563;-43.24435;Vila Isabel;;
519;;;endereco;Wolff Sociedade de Advogados, Avenida das Américas, Barra da Tijuca, Rio de Janeiro - RJ, 22640-102, Brasil;Avenida das Americas Barra da Tijuca Rio de Janeiro RJ 22640102 Brazil;Rio de Janeiro;RJ;22640102;-22.99945;-43.34773;-22.99945;-43.34773;;ALTO;sem numero de porta
520;;;endereco;Rua do Passeio, Centro, Rio de Janeiro - RJ, 20021-290, Brasil;Rua do Passeio Centro Rio de Janeiro RJ 20021290 Brazil;Rio de Janeiro;RJ;20021290;-22.91394;-43.17789;-22.91394;-43.17789;;ALTO;sem numero de porta
521;;;endereco;Centro Empresarial Mourisco, Praia de Botafogo, 501, Botafogo, Rio de Janeiro - RJ, 22250-150, Brasil;Praia de Botafogo 501 Rio de Janeiro RJ 22250150 Brazil;Rio de Janeiro;RJ;22250150;-22.95051;-43.18074;-22.95051;-43.18074;Botafogo;;
522;;;endereco;Rua Porto Vitória, 161, Curicica, Rio de Janeiro - RJ, 22710-033, Brasil;Rua Porto Vitoria 161 Rio de Janeiro RJ 22710033 Brazil;Rio de Janeiro;RJ;22710033;-22.93904;-43.38001;-22.93904;-43.38001;Curicica;;
523;;;endereco;Rua Araújo Lima, 124, Vila Isabel, Rio de Janeiro - RJ, 20541-050, Brasil;Rua Araujo Lima 124 Rio de Janeiro RJ 20541050 Brazil;Rio de Janeiro;RJ;20541050;-22.92166;-43.24184;-22.92166;-43.24184;Vila Isabel;;
524;;;endereco;Rua Quintino André Senos, 40, Jardim Olinda, Cabo Frio - RJ, 28911-037, Brasil;Rua Quintino Andre Senos 40 Cabo Frio RJ 28911037 Brazil;Cabo Frio;RJ;28911037;-22.88861;-42.04594;-22.88861;-42.04594;Jardim Olinda;;
525;;;endereco;Avenida dos Pescadores, 650, Peró, Cabo Frio - RJ, 28922-175, Brasil;Avenida dos Pescadores 650 Cabo Frio RJ 28922175 Brazil;Cabo Frio;RJ;28922175;-22.86377;-41.98818;-22.86377;-41.98818;Peró;;
526;;;endereco;Zletric, Praia de Botafogo, 300, Botafogo, Rio de Janeiro - RJ, 22251-040, Brasil;Praia de Botafogo 300 Rio de Janeiro RJ 22251040 Brazil;Rio de Janeiro;RJ;22251040;-22.94433;-43.18256;-22.94433;-43.18256;Botafogo;;
527;;;endereco;Oliveira Nunes Advocacia e Consultoria, Rua da Assembléia, 10, Centro, Rio de Janeiro - RJ, 20011-000, Brasil;Rua da Assembleia 10 Rio de Janeiro RJ 20011000 Brazil;Rio de Janeiro;RJ;20011000;-22.90423;-43.17525;-22.90423;-43.17525;Centro;MEDIO;CEP generico de cidade, nao de rua (2,4x mais falha)
528;;;endereco;MITSUBISHI Corporation of Brazil S. A., Praia de Botafogo, 228, Botafogo, Rio de Janeiro - RJ, 22250-145, Brasil;Praia de Botafogo 228 Rio de Janeiro RJ 22250145 Brazil;Rio de Janeiro;RJ;22250145;-22.94224;-43.18133;-22.94224;-43.18133;Botafogo;;
529;;;endereco;Rua Aldo Bussade, 14, Niterói, Itaperuna - RJ, 28300-000, Brasil;Rua Aldo Bussade 14 Itaperuna RJ 28300000 Brazil;Itaperuna;RJ;28300000;-21.21;-41.89501;-21.21;-41.89501;Niterói;MEDIO;CEP generico de cidade, nao de rua (2,4x mais falha)
530;;;endereco;Rua Presidente Artur Bernardes, 199, Muriaé - MG, 36880-000, Brasil;Rua Presidente Artur Bernardes 199 Muriae MG 36880000 Brazil;Muriaé;MG;36880000;-21.13034;-42.36915;-21.13034;-42.36915;;MEDIO;CEP generico de cidade, nao de rua (2,4x mais falha)
531;;;endereco;Rua Voluntários da Pátria, 502, Parque Avenida Pelinca, Campos dos Goytacazes - RJ, 28030-260, Brasil;Rua Voluntarios da Patria 502 Campos dos Goytacazes RJ 28030260 Brazil;Campos dos Goytacazes;RJ;28030260;-21.76156;-41.33276;-21.76156;-41.33276;Parque Avenida Pelinca;;
532;;;endereco;Rua Almirante Greenhalgh, 86, Parque Tamandaré, Campos dos Goytacazes - RJ, 28035-025, Brasil;Rua Almirante Greenhalgh 86 Campos dos Goytacazes RJ 28035025 Brazil;Campos dos Goytacazes;RJ;28035025;-21.75714;-41.33977;-21.75714;-41.33977;Parque Tamandaré;;
533;;;endereco;Rua Voluntários da Pátria, 514, Parque Avenida Pelinca, Campos dos Goytacazes - RJ, 28030-260, Brasil;Rua Voluntarios da Patria 514 Campos dos Goytacazes RJ 28030260 Brazil;Campos dos Goytacazes;RJ;28030260;-21.76194;-41.33283;-21.76194;-41.33283;Parque Avenida Pelinca;;
534;;;endereco;Avenida Vicentina de Barros, 674, Viçosa - MG, 36572-146, Brasil;Avenida Vicentina de Barros 674 Vicosa MG 36572146 Brazil;Viçosa;MG;36572146;-20.76336;-42.89059;-20.76336;-42.89059;;;
535;;;endereco;Avenida Cardoso Moreira, 897, Centro, Itaperuna - RJ, 28300-000, Brasil;Avenida Cardoso Moreira 897 Itaperuna RJ 28300000 Brazil;Itaperuna;RJ;28300000;-21.20328;-41.89223;-21.20328;-41.89223;Centro;MEDIO;CEP generico de cidade, nao de rua (2,4x mais falha)
536;;;endereco;Egídio da Silva Santana, Avenida Prefeito Telésforo Cândido Rezende, 480, Conselheiro Lafaiete - MG, 36400-076, Brasil;Avenida Prefeito Telesforo Candido Rezende 480 Conselheiro Lafaiete MG 36400076 Brazil;Conselheiro Lafaiete;MG;36400076;-20.65809;-43.78516;-20.65809;-43.78516;;;
537;;;endereco;Rua dos Aimorés, 2011, Lourdes, Belo Horizonte - MG, 30140-074, Brasil;Rua dos Aimores 2011 Belo Horizonte MG 30140074 Brazil;Belo Horizonte;MG;30140074;-19.92736;-43.94298;-19.92736;-43.94298;Lourdes;;
538;;;endereco;Rua Gonçalves Dias, 2122, Lourdes, Belo Horizonte - MG, 30140-092, Brasil;Rua Goncalves Dias 2122 Belo Horizonte MG 30140092 Brazil;Belo Horizonte;MG;30140092;-19.9292;-43.94454;-19.9292;-43.94454;Lourdes;;
539;;;endereco;Avenida Olegário Maciel, 1217, Lourdes, Belo Horizonte - MG, 30180-111, Brasil;Avenida Olegario Maciel 1217 Belo Horizonte MG 30180111 Brazil;Belo Horizonte;MG;30180111;-19.92485;-43.9455;-19.92485;-43.9455;Lourdes;;
540;;;endereco;Avenida Cristóvão Colombo, 485, Savassi, Belo Horizonte - MG, 30140-150, Brasil;Avenida Cristovao Colombo 485 Belo Horizonte MG 30140150 Brazil;Belo Horizonte;MG;30140150;-19.93616;-43.93718;-19.93616;-43.93718;Savassi;;
541;;;endereco;Rua Desembargador Jorge Fontana, 498, Belvedere, Belo Horizonte - MG, 30320-670, Brasil;Rua Desembargador Jorge Fontana 498 Belo Horizonte MG 30320670 Brazil;Belo Horizonte;MG;30320670;-19.97626;-43.94448;-19.97626;-43.94448;Belvedere;;
542;;;endereco;Rua Roma, 99, Das Mansões, Belo Horizonte - MG, 31550-470, Brasil;Rua Roma 99 Belo Horizonte MG 31550470 Brazil;Belo Horizonte;MG;31550470;-19.97014;-43.95552;-19.97014;-43.95552;Das Mansões;;
543;;;endereco;Rua Santa Catarina, 1541A, Lourdes, Belo Horizonte - MG, 30170-088, Brasil;Rua Santa Catarina 1541A Belo Horizonte MG 30170088 Brazil;Belo Horizonte;MG;30170088;-19.93424;-43.94673;-19.93424;-43.94673;Lourdes;;
544;;;endereco;Rua Antônio de Albuquerque, 344L, Savassi, Belo Horizonte - MG, 30112-010, Brasil;Rua Antonio de Albuquerque 344L Belo Horizonte MG 30112010 Brazil;Belo Horizonte;MG;30112010;-19.93831;-43.93364;-19.93831;-43.93364;Savassi;;
545;;;endereco;Avenida Nossa Senhora das Graças, 16, Ponte Nova - MG, 35430-214, Brasil;Avenida Nossa Senhora das Gracas 16 Ponte Nova MG 35430214 Brazil;Ponte Nova;MG;35430214;-20.40598;-42.891;-20.40598;-42.891;;;
546;;;endereco;Rua Professor Abeylard, 884, Sete Lagoas - MG, 35700-652, Brasil;Rua Professor Abeylard 884 Sete Lagoas MG 35700652 Brazil;Sete Lagoas;MG;35700652;-19.44868;-44.24531;-19.44868;-44.24531;;;
547;;;endereco;Avenida Divino Espírito Santo, 1161, Divinópolis - MG, 35500-021, Brasil;Avenida Divino Espirito Santo 1161 Divinopolis MG 35500021 Brazil;Divinópolis;MG;35500021;-20.13534;-44.89542;-20.13534;-44.89542;;;
548;;;endereco;Avenida Governador Valadares, 510, Centro, Betim - MG, 32600-135, Brasil;Avenida Governador Valadares 510 Betim MG 32600135 Brazil;Betim;MG;32600135;-19.96916;-44.19742;-19.96916;-44.19742;Centro;;
549;;;endereco;Rua Virgílio da Costa Correa, 90, Letícia, Belo Horizonte - MG, 31570-410, Brasil;Rua Virgilio da Costa Correa 90 Belo Horizonte MG 31570410 Brazil;Belo Horizonte;MG;31570410;-19.80475;-43.97559;-19.80475;-43.97559;Letícia;;
550;;;endereco;Avenida Bias Fortes, 359, Lourdes, Belo Horizonte - MG, 30170-011, Brasil;Avenida Bias Fortes 359 Belo Horizonte MG 30170011 Brazil;Belo Horizonte;MG;30170011;-19.93017;-43.94077;-19.93017;-43.94077;Lourdes;;
551;;;endereco;Rua Antônio de Albuquerque, 399, Savassi, Belo Horizonte - MG, 30112-010, Brasil;Rua Antonio de Albuquerque 399 Belo Horizonte MG 30112010 Brazil;Belo Horizonte;MG;30112010;-19.93863;-43.93447;-19.93863;-43.93447;Savassi;;
552;;;endereco;Rua da Bahia, 2696, Lourdes, Belo Horizonte - MG, 30160-019, Brasil;Rua da Bahia 2696 Belo Horizonte MG 30160019 Brazil;Belo Horizonte;MG;30160019;-19.93854;-43.94146;-19.93854;-43.94146;Lourdes;;
553;;;endereco;Avenida João Chaves, 546, São Norberto, Montes Claros - MG, 39401-048, Brasil;Avenida Joao Chaves 546 Montes Claros MG 39401048 Brazil;Montes Claros;MG;39401048;-16.72854;-43.88033;-16.72854;-43.88033;São Norberto;;
554;;;endereco;Rua Bernardo Guimarães, 178, Funcionários, Belo Horizonte - MG, 30140-080, Brasil;Rua Bernardo Guimaraes 178 Belo Horizonte MG 30140080 Brazil;Belo Horizonte;MG;30140080;-19.93244;-43.92621;-19.93244;-43.92621;Funcionários;;
555;;;endereco;Avenida Barbacena, 1205, Santo Agostinho, Belo Horizonte - MG, 30190-131, Brasil;Avenida Barbacena 1205 Belo Horizonte MG 30190131 Brazil;Belo Horizonte;MG;30190131;-19.9286;-43.94992;-19.9286;-43.94992;Santo Agostinho;;
556;;;endereco;Rua Antônio de Albuquerque, 263, Savassi, Belo Horizonte - MG, 30112-010, Brasil;Rua Antonio de Albuquerque 263 Belo Horizonte MG 30112010 Brazil;Belo Horizonte;MG;30112010;-19.93887;-43.93321;-19.93887;-43.93321;Savassi;;
557;;;endereco;Consulado Honorário Polônia, Avenida do Contorno, 6594, Savassi, Belo Horizonte - MG, 30110-044, Brasil;Avenida do Contorno 6594 Belo Horizonte MG 30110044 Brazil;Belo Horizonte;MG;30110044;-19.93916;-43.94069;-19.93916;-43.94069;Savassi;;
558;;;endereco;Rua Maranhão, 1970, Savassi, Belo Horizonte - MG, 30150-333, Brasil;Rua Maranhao 1970 Belo Horizonte MG 30150333 Brazil;Belo Horizonte;MG;30150333;-19.93898;-43.92766;-19.93898;-43.92766;Savassi;;
559;;;endereco;Rua Antônio de Albuquerque, 707C, Savassi, Belo Horizonte - MG, 30112-011, Brasil;Rua Antonio de Albuquerque 707C Belo Horizonte MG 30112011 Brazil;Belo Horizonte;MG;30112011;-19.93799;-43.93738;-19.93799;-43.93738;Savassi;;
560;;;endereco;Rua Espírito Santo, 1607, Lourdes, Belo Horizonte - MG, 30160-035, Brasil;Rua Espirito Santo 1607 Belo Horizonte MG 30160035 Brazil;Belo Horizonte;MG;30160035;-19.92864;-43.93969;-19.92864;-43.93969;Lourdes;;
561;;;endereco;Avenida Brasil, 1718, Funcionários, Belo Horizonte - MG, 30140-004, Brasil;Avenida Brasil 1718 Belo Horizonte MG 30140004 Brazil;Belo Horizonte;MG;30140004;-19.93114;-43.93482;-19.93114;-43.93482;Funcionários;;
562;;;endereco;Avenida Getúlio Vargas, 499B, Funcionários, Belo Horizonte - MG, 30112-020, Brasil;Avenida Getulio Vargas 499B Belo Horizonte MG 30112020 Brazil;Belo Horizonte;MG;30112020;-19.93449;-43.92837;-19.93449;-43.92837;Funcionários;;
563;;;endereco;Rua Sergipe, 1430, Savassi, Belo Horizonte - MG, 30130-174, Brasil;Rua Sergipe 1430 Belo Horizonte MG 30130174 Brazil;Belo Horizonte;MG;30130174;-19.93918;-43.93873;-19.93918;-43.93873;Savassi;;
564;;;endereco;Rua da Paisagem, Nova Lima - MG, 34006-059, Brasil;Rua da Paisagem Nova Lima MG 34006059 Brazil;Nova Lima;MG;34006059;-19.98338;-43.94605;-19.98338;-43.94605;;ALTO;sem numero de porta
565;;;endereco;Rua Palmeiras, 477A, Horto, Ipatinga - MG, 35160-311, Brasil;Rua Palmeiras 477A Ipatinga MG 35160311 Brazil;Ipatinga;MG;35160311;-19.50486;-42.57184;-19.50486;-42.57184;Horto;;
566;;;endereco;Rua Ipanema, 87, Vila do Sol, Governador Valadares - MG, 35041-340, Brasil;Rua Ipanema 87 Governador Valadares MG 35041340 Brazil;Governador Valadares;MG;35041340;-18.90638;-41.96235;-18.90638;-41.96235;Vila do Sol;;
567;;;endereco;Avenida Carlos Chagas, 269, Cidade Nobre, Ipatinga - MG, 35162-359, Brasil;Avenida Carlos Chagas 269 Ipatinga MG 35162359 Brazil;Ipatinga;MG;35162359;-19.46733;-42.55853;-19.46733;-42.55853;Cidade Nobre;;
568;;;endereco;Rua Exp. Paulo de Oliveira Santos, 333, Ouro Preto, Belo Horizonte - MG, 31310-080, Brasil;Rua Exp Paulo de Oliveira Santos 333 Belo Horizonte MG 31310080 Brazil;Belo Horizonte;MG;31310080;-19.86422;-43.98112;-19.86422;-43.98112;Ouro Preto;;
569;;;endereco;Avenida Afonso Pena, 2768, Savassi, Belo Horizonte - MG, 30130-012, Brasil;Avenida Afonso Pena 2768 Belo Horizonte MG 30130012 Brazil;Belo Horizonte;MG;30130012;-19.9357;-43.92867;-19.9357;-43.92867;Savassi;;
570;;;endereco;Avenida Rui Barbosa, 783, São Gotardo - MG, 38800-000, Brasil;Avenida Rui Barbosa 783 Sao Gotardo MG 38800000 Brazil;São Gotardo;MG;38800000;-19.31725;-46.05006;-19.31725;-46.05006;;MEDIO;CEP generico de cidade, nao de rua (2,4x mais falha)
571;;;endereco;Avenida Barão Homem de Melo, 4490A, Das Mansões, Belo Horizonte - MG, 30494-270, Brasil;Avenida Barao Homem de Melo 4490A Belo Horizonte MG 30494270 Brazil;Belo Horizonte;MG;30494270;-19.96758;-43.95506;-19.96758;-43.95506;Das Mansões;;
572;;;endereco;Rua Barão de Guaxupé, 727, Alto dos Pinheiros, Belo Horizonte - MG, 30530-160, Brasil;Rua Barao de Guaxupe 727 Belo Horizonte MG 30530160 Brazil;Belo Horizonte;MG;30530160;-19.9323;-44.00161;-19.9323;-44.00161;Alto dos Pinheiros;;
573;;;endereco;Avenida Afonso Pena, 582, Centro, Belo Horizonte - MG, 30130-001, Brasil;Avenida Afonso Pena 582 Belo Horizonte MG 30130001 Brazil;Belo Horizonte;MG;30130001;-19.9187;-43.93927;-19.9187;-43.93927;Centro;;
574;;;endereco;Rua Inconfidentes, 867, Savassi, Belo Horizonte - MG, 30140-128, Brasil;Rua Inconfidentes 867 Belo Horizonte MG 30140128 Brazil;Belo Horizonte;MG;30140128;-19.93605;-43.93407;-19.93605;-43.93407;Savassi;;
575;;;endereco;Rua Quaresmeira, 226, Colonial, Contagem - MG, 32010-470, Brasil;Rua Quaresmeira 226 Contagem MG 32010470 Brazil;Contagem;MG;32010470;-19.89943;-44.09524;-19.89943;-44.09524;Colonial;;
576;;;endereco;Qe 7, Guará - DF, 71020-115, Brasil;Qe 7 Guara DF 71020115 Brazil;Guará;DF;71020115;-15.82131;-47.98074;-15.82131;-47.98074;;ALTO;logradouro sem nome
577;;;endereco;Allegro Cafe, SIG Quadra 6, Sudoeste/Octogonal - DF, 70610-460, Brasil;Allegro Cafe SIG Quadra 6 Sudoeste Octogonal DF 70610460 Brazil;Sudoeste/Octogonal;DF;70610460;-15.7917;-47.91362;-15.7917;-47.91362;;;
578;;;endereco;Rua C-237, 540-13, Jardim América, Goiânia - GO, 74290-140, Brasil;Rua C 237 540 13 Jardim America Goiania GO 74290140 Brazil;Goiânia;GO;74290140;-16.70732;-49.2773;-16.70732;-49.2773;;ALTO;sem numero de porta
579;;;endereco;Dermatologia Orion, Oeste, Goiânia - GO, 74150-030, Brasil;Dermatologia Orion Oeste Goiania GO 74150030 Brazil;Goiânia;GO;74150030;-16.68624;-49.27073;-16.68624;-49.27073;;ALTO;sem numero de porta
580;;;endereco;Govesa Corretora de Seguros, Rua C-38, Jardim América, Goiânia - GO, 74265-280, Brasil;Rua C 38 Jardim America Goiania GO 74265280 Brazil;Goiânia;GO;74265280;-16.69558;-49.29189;-16.69558;-49.29189;;ALTO;sem numero de porta
581;;;endereco;Rua Maria Alice, 63-10, Jardim Atlântico, Goiânia - GO, 74345-290, Brasil;Rua Maria Alice 63 10 Jardim Atlantico Goiania GO 74345290 Brazil;Goiânia;GO;74345290;-16.74269;-49.29369;-16.74269;-49.29369;;ALTO;sem numero de porta
582;;;endereco;SIG Quadra 3, Sudoeste/Octogonal - DF, 70610-410, Brasil;SIG Quadra 3 Sudoeste Octogonal DF 70610410 Brazil;Sudoeste/Octogonal;DF;70610410;-15.79282;-47.90996;-15.79282;-47.90996;;;
583;;;endereco;SIG Quadra 2, Sudoeste/Octogonal - DF, 70610-440, Brasil;SIG Quadra 2 Sudoeste Octogonal DF 70610440 Brazil;Sudoeste/Octogonal;DF;70610440;-15.78745;-47.9144;-15.78745;-47.9144;;;
585;;;endereco;ATM, Asa Norte, Brasília - DF, 70716-900, Brasil;ATM Asa Norte Brasilia DF 70716900 Brazil;Brasília;DF;70716900;-15.78683;-47.88919;-15.78683;-47.88919;;ALTO;sem numero de porta
586;;;endereco;Rua 20, 405, Central, Goiânia - GO, 74020-170, Brasil;Rua 20 405 Goiania GO 74020170 Brazil;Goiânia;GO;74020170;-16.67559;-49.25299;-16.67559;-49.25299;Central;;
587;;;endereco;Rua Lazer, Urias Magalhães, Goiânia - GO, 74013-035, Brasil;Rua Lazer Urias Magalhaes Goiania GO 74013035 Brazil;Goiânia;GO;74013035;-16.63547;-49.27258;-16.63547;-49.27258;;ALTO;sem numero de porta
588;;;endereco;Emporium Mix Sapataria, Avenida T-15, Bueno, Goiânia - GO, 74230-010, Brasil;Avenida T 15 Bueno Goiania GO 74230010 Brazil;Goiânia;GO;74230010;-16.71386;-49.27077;-16.71386;-49.27077;;ALTO;sem numero de porta
589;;;endereco;Via Hi 4 Sul, Setor de Habitações Individuais Sul, Lago Sul - DF, 71615-110, Brasil;Via Hi 4 Lago Sul DF 71615110 Brazil;Lago Sul;DF;71615110;-15.8513;-47.90098;-15.8513;-47.90098;Sul Setor de Habitações Individuais Sul;ALTO;endereco de rodovia (57-67% falharam)
590;;;endereco;Rua Sete de Setembro, 376, Cristalina - GO, 73850-000, Brasil;Rua Sete de Setembro 376 Cristalina GO 73850000 Brazil;Cristalina;GO;73850000;-16.76619;-47.60813;-16.76619;-47.60813;;MEDIO;CEP generico de cidade, nao de rua (2,4x mais falha)
591;;;endereco;Avenida Presidente Costa e Silva, 16, Campo Alegre de Goiás - GO, 75795-000, Brasil;Avenida Presidente Costa e Silva 16 Campo Alegre de Goias GO 75795000 Brazil;Campo Alegre de Goiás;GO;75795000;-17.63427;-47.77733;-17.63427;-47.77733;;MEDIO;CEP generico de cidade, nao de rua (2,4x mais falha)
592;;;endereco;Sescoop - Ocb, Asa Sul, Brasília - DF, 70070-936, Brasil;Sescoop Ocb Asa Sul Brasilia DF 70070936 Brazil;Brasília;DF;70070936;-15.80346;-47.88074;-15.80346;-47.88074;;ALTO;sem numero de porta
593;;;endereco;Carlota's Zen, SQN 111, Asa Norte, Brasília - DF, 70754-020, Brasil;SQN 111 Asa Norte Brasilia DF 70754020 Brazil;Brasília;DF;70754020;-15.7537;-47.88958;-15.7537;-47.88958;;ALTO;sem numero de porta
594;;;endereco;SQN 210, Bloco D, Asa Norte, Brasília - DF, 70862-050, Brasil;SQN 210 Bloco D Asa Norte Brasilia DF 70862050 Brazil;Brasília;DF;70862050;-15.75702;-47.88363;-15.75702;-47.88363;;ALTO;sem numero de porta
595;;;endereco;Scn Quadra 1, QD N1, Asa Norte, Brasília - DF, 70711-000, Brasil;Scn Quadra 1 Brasilia DF 70711000 Brazil;Brasília;DF;70711000;-15.78772;-47.88236;-15.78772;-47.88236;QD N1 Asa Norte;MEDIO;CEP generico de cidade, nao de rua (2,4x mais falha)
596;;;endereco;Avenida Pau Brasil, 10, Águas Claras - DF, 71926-000, Brasil;Avenida Pau Brasil 10 Aguas Claras DF 71926000 Brazil;Águas Claras;DF;71926000;-15.84056;-48.02728;-15.84056;-48.02728;;MEDIO;CEP generico de cidade, nao de rua (2,4x mais falha)
597;;;endereco;WESTERN UNION, Avenida das Araucárias, Águas Claras - DF, 71927-000, Brasil;Avenida das Araucarias Aguas Claras DF 71927000 Brazil;Águas Claras;DF;71927000;-15.84178;-48.02953;-15.84178;-48.02953;;ALTO;"sem numero de porta; CEP generico de cidade, nao de rua (2,4x mais falha)"
598;;;endereco;Mrv Engenharia, Asa Sul, Brasília - DF, 70306-000, Brasil;Mrv Engenharia Asa Sul Brasilia DF 70306000 Brazil;Brasília;DF;70306000;-15.79687;-47.89074;-15.79687;-47.89074;;ALTO;"sem numero de porta; CEP generico de cidade, nao de rua (2,4x mais falha)"
599;;;endereco;Sbn Bloco B, Asa Norte, Brasília - DF, 70040-020, Brasil;Sbn Bloco B Asa Norte Brasilia DF 70040020 Brazil;Brasília;DF;70040020;-15.78805;-47.87976;-15.78805;-47.87976;;ALTO;sem numero de porta
600;;;endereco;Avenida João Neves Vieira, 1080, Loteamento Santa Cruz, Catalão - GO, 75704-390, Brasil;Avenida Joao Neves Vieira 1080 Catalao GO 75704390 Brazil;Catalão;GO;75704390;-18.1645;-47.93231;-18.1645;-47.93231;Loteamento Santa Cruz;;
601;;;endereco;Rodovia GO - 010, GO-010, Goiânia - GO, Brasil;Rodovia GO 010 Goiania GO Brazil;Goiânia;GO;;-16.6489;-49.15659;-16.6489;-49.15659;GO-010;ALTO;endereco de rodovia (57-67% falharam)
602;;;endereco;Saguão Brookfield Tower, Rua Cinquenta e Seis, Jardim Goiás, Goiânia - GO, 74810-240, Brasil;Rua Cinquenta e Seis Jardim Goias Goiania GO 74810240 Brazil;Goiânia;GO;74810240;-16.70439;-49.2403;-16.70439;-49.2403;;ALTO;sem numero de porta
603;;;endereco;Rodo Farma, Sia, Guará - DF, 71215-000, Brasil;Sia Guara DF 71215000 Brazil;Guará;DF;71215000;-15.8152;-47.96597;-15.8152;-47.96597;;ALTO;"sem numero de porta; logradouro sem nome; CEP generico de cidade, nao de rua (2,4x mais falha)"
604;;;endereco;Windsor Brasília Hotel, Shn, Asa Norte, Brasília - DF, 70701-030, Brasil;Windsor Brasilia Hotel Shn Asa Norte Brasilia DF 70701030 Brazil;Brasília;DF;70701030;-15.79087;-47.88505;-15.79087;-47.88505;;ALTO;sem numero de porta
605;;;endereco;Avenida Cento e Trinta e Seis Quadra F44, 761, Sul, Goiânia - GO, 74093-250, Brasil;Avenida Cento e Trinta e Seis Quadra F44 761 Goiania GO 74093250 Brazil;Goiânia;GO;74093250;-16.69714;-49.25571;-16.69714;-49.25571;Sul;;
606;;;endereco;Rua C-267, 614-17, Nova Suiça, Goiânia - GO, 74280-290, Brasil;Rua C 267 614 17 Nova Suica Goiania GO 74280290 Brazil;Goiânia;GO;74280290;-16.7212;-49.27305;-16.7212;-49.27305;;ALTO;sem numero de porta
607;;;endereco;Rua Augusto César, 427, Tabajaras, Uberlândia - MG, 38400-162, Brasil;Rua Augusto Cesar 427 Uberlandia MG 38400162 Brazil;Uberlândia;MG;38400162;-18.92818;-48.27991;-18.92818;-48.27991;Tabajaras;;
608;;;endereco;Rua João Guimarães Naves, 1250, Tibery, Uberlândia - MG, 38405-046, Brasil;Rua Joao Guimaraes Naves 1250 Uberlandia MG 38405046 Brazil;Uberlândia;MG;38405046;-18.89635;-48.25166;-18.89635;-48.25166;Tibery;;
609;;;endereco;Avenida Ana Godoy de Souza, 2979, Segismundo Pereira, Uberlândia - MG, 38408-271, Brasil;Avenida Ana Godoy de Souza 2979 Uberlandia MG 38408271 Brazil;Uberlândia;MG;38408271;-18.92567;-48.22779;-18.92567;-48.22779;Segismundo Pereira;;
610;;;endereco;Avenida Cel. Teodolino Pereira Araújo, 1895, Centro, Araguari - MG, 38440-062, Brasil;Avenida Cel Teodolino Pereira Araujo 1895 Araguari MG 38440062 Brazil;Araguari;MG;38440062;-18.65424;-48.19667;-18.65424;-48.19667;Centro;;
611;;;endereco;CLN 202 Bloco C, Bloco C, Asa Norte, Brasília - DF, 70832-535, Brasil;CLN 202 Bloco C Bloco C Asa Norte Brasilia DF 70832535 Brazil;Brasília;DF;70832535;-15.78351;-47.87805;-15.78351;-47.87805;;ALTO;sem numero de porta
612;;;endereco;Avenida T-63, 2-8, Jardim Europa, Goiânia - GO, 74335-030, Brasil;Avenida T 63 2 8 Jardim Europa Goiania GO 74335030 Brazil;Goiânia;GO;74335030;-16.72056;-49.30196;-16.72056;-49.30196;;ALTO;sem numero de porta
613;;;endereco;Rua C-139, 567-13, Jardim América, Goiânia - GO, 74268-165, Brasil;Rua C 139 567 13 Jardim America Goiania GO 74268165 Brazil;Goiânia;GO;74268165;-16.71305;-49.27716;-16.71305;-49.27716;;ALTO;sem numero de porta
614;;;endereco;Avenida T-4, 67, Bueno, Goiânia - GO, 74230-035, Brasil;Avenida T 4 67 Goiania GO 74230035 Brazil;Goiânia;GO;74230035;-16.71315;-49.26677;-16.71315;-49.26677;Bueno;;
615;;;endereco;Rua Quatro D, 128-17, Setor Garavelo, Aparecida de Goiânia - GO, 74930-090, Brasil;Rua Quatro D 128 17 Setor Garavelo Aparecida de Goiania GO 74930090 Brazil;Aparecida de Goiânia;GO;74930090;-16.76976;-49.33437;-16.76976;-49.33437;;ALTO;sem numero de porta
616;;;endereco;Rua José R. Maciel, 431, Aurilândia - GO, 76120-000, Brasil;Rua Jose R Maciel 431 Aurilandia GO 76120000 Brazil;Aurilândia;GO;76120000;-16.68222;-50.4641;-16.68222;-50.4641;;MEDIO;CEP generico de cidade, nao de rua (2,4x mais falha)
617;;;endereco;Avenida dos Eucaliptos, 627, Jardim Patrícia, Uberlândia - MG, 38414-006, Brasil;Avenida dos Eucaliptos 627 Uberlandia MG 38414006 Brazil;Uberlândia;MG;38414006;-18.91047;-48.32359;-18.91047;-48.32359;Jardim Patrícia;;
618;;;endereco;Rua Um, 89, Vila Santa Maria, Anápolis - GO, 75044-490, Brasil;Rua Um 89 Anapolis GO 75044490 Brazil;Anápolis;GO;75044490;-16.32418;-48.96637;-16.32418;-48.96637;Vila Santa Maria;;
619;;;endereco;Eliá Spa, Águas Claras - DF, 71931-720, Brasil;Elia Spa Aguas Claras DF 71931720 Brazil;Águas Claras;DF;71931720;-15.83165;-48.04113;-15.83165;-48.04113;;ALTO;sem numero de porta
620;;;endereco;Avenida T-4, 835, Bueno, Goiânia - GO, 74230-035, Brasil;Avenida T 4 835 Goiania GO 74230035 Brazil;Goiânia;GO;74230035;-16.715;-49.26688;-16.715;-49.26688;Bueno;;
621;;;endereco;Rua Serra do Caiapó Quadra 1, 1, Riviera, Goiânia - GO, 74730-520, Brasil;Rua Serra do Caiapo Quadra 1 Goiania GO 74730520 Brazil;Goiânia;GO;74730520;-16.68728;-49.2126;-16.68728;-49.2126;1 Riviera;;
622;;;endereco;Du'Cheff Pixzaria, Avenida Milão, Celina Park, Goiânia - GO, 74373-270, Brasil;Avenida Milao Celina Park Goiania GO 74373270 Brazil;Goiânia;GO;74373270;-16.7095;-49.32084;-16.7095;-49.32084;;ALTO;sem numero de porta
623;;;endereco;Espetinho do Gordinho, Avenida C Cento e Setenta e Um, Jardim América, Goiânia - GO, 74275-010, Brasil;Avenida C Cento e Setenta e Um Jardim America Goiania GO 74275010 Brazil;Goiânia;GO;74275010;-16.72053;-49.28535;-16.72053;-49.28535;;ALTO;sem numero de porta
624;;;endereco;Avenida do Pau Brasil, 66, Uberaba - MG, 38066-060, Brasil;Avenida do Pau Brasil 66 Uberaba MG 38066060 Brazil;Uberaba;MG;38066060;-19.73725;-47.94012;-19.73725;-47.94012;;;
625;;;endereco;Hospital e Maternidade Sagrada Família-PS, Rua Henrique Schwarz, 10, Centro, São Bento do Sul - SC, 89290-000, Brasil;Rua Henrique Schwarz 10 Sao Bento do Sul SC 89290000 Brazil;São Bento do Sul;SC;89290000;-26.24955;-49.38486;-26.24955;-49.38486;Centro;MEDIO;CEP generico de cidade, nao de rua (2,4x mais falha)
626;;;endereco;Avenida Higienópolis, 174, Centro Histórico, Londrina - PR, 86020-080, Brasil;Avenida Higienopolis 174 Londrina PR 86020080 Brazil;Londrina;PR;86020080;-23.31136;-51.16583;-23.31136;-51.16583;Centro Histórico;;
627;;;endereco;Avenida São João, 140, Brasília, Londrina - PR, 86039-290, Brasil;Avenida Sao Joao 140 Londrina PR 86039290 Brazil;Londrina;PR;86039290;-23.31757;-51.14609;-23.31757;-51.14609;Brasília;;
628;;;endereco;Rua Montreal, 123, Jardim Elton Ville, Sorocaba - SP, 18046-820, Brasil;Rua Montreal 123 Sorocaba SP 18046820 Brazil;Sorocaba;SP;18046820;-23.5217;-47.46883;-23.5217;-47.46883;Jardim Elton Ville;;
629;;;endereco;Mate Mix Sucos, Rua Quinze de Novembro, 219, Centro, Sorocaba - SP, 18010-081, Brasil;Rua Quinze de Novembro 219 Sorocaba SP 18010081 Brazil;Sorocaba;SP;18010081;-23.50012;-47.45469;-23.50012;-47.45469;Centro;;
630;;;endereco;Rua Dona Maria Josepha de Souza Manente, 448, Jardim Faculdade, Sorocaba - SP, 18030-243, Brasil;Rua Dona Maria Josepha de Souza Manente 448 Sorocaba SP 18030243 Brazil;Sorocaba;SP;18030243;-23.51479;-47.4619;-23.51479;-47.4619;Jardim Faculdade;;
631;;;endereco;Imobiliária Wolf, Sorocaba - SP, 18085-850, Brasil;Imobiliaria Wolf Sorocaba SP 18085850 Brazil;Sorocaba;SP;18085850;-23.47584;-47.42729;-23.47584;-47.42729;;ALTO;sem numero de porta
632;;;endereco;Rua Antônio Guitti, 333, Jardim Pires de Melo, Sorocaba - SP, 18046-688, Brasil;Rua Antonio Guitti 333 Sorocaba SP 18046688 Brazil;Sorocaba;SP;18046688;-23.52691;-47.47047;-23.52691;-47.47047;Jardim Pires de Melo;;
633;;;endereco;Rua Rio Grande do Sul, 382, Centro, Sorocaba - SP, 18035-500, Brasil;Rua Rio Grande do Sul 382 Sorocaba SP 18035500 Brazil;Sorocaba;SP;18035500;-23.49774;-47.4659;-23.49774;-47.4659;Centro;;
634;;;endereco;Avenida Washington Luiz, 685, Jardim Faculdade, Sorocaba - SP, Brasil;Avenida Washington Luiz 685 Sorocaba SP Brazil;Sorocaba;SP;;-23.5143;-47.46232;-23.5143;-47.46232;Jardim Faculdade;;
635;;;endereco;Rua Coronel José Pedro de Oliveira, 25, Jardim Faculdade, Sorocaba - SP, 18030-220, Brasil;Rua Coronel Jose Pedro de Oliveira 25 Sorocaba SP 18030220 Brazil;Sorocaba;SP;18030220;-23.51208;-47.45892;-23.51208;-47.45892;Jardim Faculdade;;
636;;;endereco;Rua Ipiranga, 40, Jardim do Colégio, Sorocaba - SP, 18040-345, Brasil;Rua Ipiranga 40 Sorocaba SP 18040345 Brazil;Sorocaba;SP;18040345;-23.50876;-47.47017;-23.50876;-47.47017;Jardim do Colégio;;
637;;;endereco;Avenida Tiradentes, 501, Quebec, Londrina - PR, 86070-545, Brasil;Avenida Tiradentes 501 Londrina PR 86070545 Brazil;Londrina;PR;86070545;-23.30174;-51.17839;-23.30174;-51.17839;Quebec;;
638;;;endereco;Avenida Coronel Nogueira Padilha, 2036, Vila Colorau, Sorocaba - SP, 18020-003, Brasil;Avenida Coronel Nogueira Padilha 2036 Sorocaba SP 18020003 Brazil;Sorocaba;SP;18020003;-23.5111;-47.43493;-23.5111;-47.43493;Vila Colorau;;
639;;;endereco;Rua Benjamin Constant, 1646, Centro Histórico, Londrina - PR, 86020-320, Brasil;Rua Benjamin Constant 1646 Londrina PR 86020320 Brazil;Londrina;PR;86020320;-23.30864;-51.16652;-23.30864;-51.16652;Centro Histórico;;
640;;;endereco;Rua Minas Gerais, 403, Alvorada, Francisco Beltrão - PR, 85601-060, Brasil;Rua Minas Gerais 403 Francisco Beltrao PR 85601060 Brazil;Francisco Beltrão;PR;85601060;-26.07762;-53.0623;-26.07762;-53.0623;Alvorada;;
641;;;endereco;Rua Sete de Setembro, 313, Dois Vizinhos - PR, 85660-000, Brasil;Rua Sete de Setembro 313 Dois Vizinhos PR 85660000 Brazil;Dois Vizinhos;PR;85660000;-25.74308;-53.05607;-25.74308;-53.05607;;MEDIO;CEP generico de cidade, nao de rua (2,4x mais falha)
642;;;endereco;Rua Duque de Caxias, 585, Maravilha - SC, 89874-000, Brasil;Rua Duque de Caxias 585 Maravilha SC 89874000 Brazil;Maravilha;SC;89874000;-26.76674;-53.17653;-26.76674;-53.17653;;MEDIO;CEP generico de cidade, nao de rua (2,4x mais falha)
643;;;endereco;Avenida Plínio Arlindo de Nes, 828, Xaxim - SC, 89825-000, Brasil;Avenida Plinio Arlindo de Nes 828 Xaxim SC 89825000 Brazil;Xaxim;SC;89825000;-26.95951;-52.53441;-26.95951;-52.53441;;MEDIO;CEP generico de cidade, nao de rua (2,4x mais falha)
644;;;endereco;Rua Rio Branco, 873, Centro, Salto - SP, 13320-270, Brasil;Rua Rio Branco 873 Salto SP 13320270 Brazil;Salto;SP;13320270;-23.20177;-47.29413;-23.20177;-47.29413;Centro;;
645;;;endereco;Praça Miguel Ortega, 392, Taboão da Serra - SP, 06754-160, Brasil;Praca Miguel Ortega 392 Taboao da Serra SP 06754160 Brazil;Taboão da Serra;SP;06754160;-23.60369;-46.7641;-23.60369;-46.7641;;;
646;;;endereco;Rua Tabapuã, 1160, Itaim Bibi, São Paulo - SP, 04533-014, Brasil;Rua Tabapua 1160 Sao Paulo SP 04533014 Brazil;São Paulo;SP;04533014;-23.58443;-46.68186;-23.58443;-46.68186;Itaim Bibi;;
647;;;endereco;Avenida Nove de Julho, 4927, Itaim Bibi, São Paulo - SP, 01407-200, Brasil;Avenida Nove de Julho 4927 Sao Paulo SP 01407200 Brazil;São Paulo;SP;01407200;-23.57762;-46.67307;-23.57762;-46.67307;Itaim Bibi;;
648;;;endereco;Rua Paraná, 3035, Centro, Cascavel - PR, 85810-010, Brasil;Rua Parana 3035 Cascavel PR 85810010 Brazil;Cascavel;PR;85810010;-24.95446;-53.4598;-24.95446;-53.4598;Centro;;
649;;;endereco;Rua Presidente Kennedy, 648, Centro, Cascavel - PR, 85810-040, Brasil;Rua Presidente Kennedy 648 Cascavel PR 85810040 Brazil;Cascavel;PR;85810040;-24.9506;-53.46375;-24.9506;-53.46375;Centro;;
650;;;endereco;Rua Barão do Rio Branco, 2305, Centro, Toledo - PR, 85900-005, Brasil;Rua Barao do Rio Branco 2305 Toledo PR 85900005 Brazil;Toledo;PR;85900005;-24.72291;-53.73859;-24.72291;-53.73859;Centro;;
651;;;endereco;Rua Visconde do Rio Branco, 2633, Centro, Cascavel - PR, 85810-180, Brasil;Rua Visconde do Rio Branco 2633 Cascavel PR 85810180 Brazil;Cascavel;PR;85810180;-24.95561;-53.47178;-24.95561;-53.47178;Centro;;
652;;;endereco;Avenida Rio Grande do Sul, 2355, Medianeira - PR, 85884-000, Brasil;Avenida Rio Grande do Sul 2355 Medianeira PR 85884000 Brazil;Medianeira;PR;85884000;-25.29693;-54.0967;-25.29693;-54.0967;;MEDIO;CEP generico de cidade, nao de rua (2,4x mais falha)
653;;;endereco;Rua Érico Veríssimo, 717, Alto Alegre, Cascavel - PR, 85805-050, Brasil;Rua Erico Verissimo 717 Cascavel PR 85805050 Brazil;Cascavel;PR;85805050;-24.96219;-53.48253;-24.96219;-53.48253;Alto Alegre;;
654;;;endereco;Rua Iguaçu, 808, Centro, Pato Branco - PR, 85501-266, Brasil;Rua Iguacu 808 Pato Branco PR 85501266 Brazil;Pato Branco;PR;85501266;-26.227;-52.66982;-26.227;-52.66982;Centro;;
655;;;endereco;Rua São Paulo, 1290, Centro, Francisco Beltrão - PR, 85601-010, Brasil;Rua Sao Paulo 1290 Francisco Beltrao PR 85601010 Brazil;Francisco Beltrão;PR;85601010;-26.08151;-53.0508;-26.08151;-53.0508;Centro;;
656;;;endereco;Avenida Salgado Filho, 854, Dois Vizinhos - PR, 85660-000, Brasil;Avenida Salgado Filho 854 Dois Vizinhos PR 85660000 Brazil;Dois Vizinhos;PR;85660000;-25.75856;-53.05688;-25.75856;-53.05688;;MEDIO;CEP generico de cidade, nao de rua (2,4x mais falha)
657;;;endereco;Rua Vinte e Um de Abril, 114, Palotina - PR, 85950-000, Brasil;Rua Vinte e Um de Abril 114 Palotina PR 85950000 Brazil;Palotina;PR;85950000;-24.2786;-53.84043;-24.2786;-53.84043;;MEDIO;CEP generico de cidade, nao de rua (2,4x mais falha)
658;;;endereco;Rua Floriano Peixoto, 1177, Ubiratã - PR, 85440-000, Brasil;Rua Floriano Peixoto 1177 Ubirata PR 85440000 Brazil;Ubiratã;PR;85440000;-24.53979;-52.99157;-24.53979;-52.99157;;MEDIO;CEP generico de cidade, nao de rua (2,4x mais falha)
659;;;endereco;Pólo Wear, Primavera, Guarapuava - PR, 85050-030, Brasil;Polo Wear Primavera Guarapuava PR 85050030 Brazil;Guarapuava;PR;85050030;-25.34879;-51.47395;-25.34879;-51.47395;;ALTO;sem numero de porta
660;;;endereco;Rua Marechal Floriano Peixoto, 2208, Centro, Guarapuava - PR, 85010-250, Brasil;Rua Marechal Floriano Peixoto 2208 Guarapuava PR 85010250 Brazil;Guarapuava;PR;85010250;-25.38918;-51.47092;-25.38918;-51.47092;Centro;;
661;;;endereco;Rua Lord Cockrane, 648, Ipiranga, São Paulo - SP, 04213-001, Brasil;Rua Lord Cockrane 648 Sao Paulo SP 04213001 Brazil;São Paulo;SP;04213001;-23.59301;-46.60179;-23.59301;-46.60179;Ipiranga;;
662;;;endereco;Sucopires Sucos e Lanches Ltda, Rua Doutor Felício Laurito, 54, Centro, Ribeirão Pires - SP, 09400-210, Brasil;Rua Doutor Felicio Laurito 54 Ribeirao Pires SP 09400210 Brazil;Ribeirão Pires;SP;09400210;-23.71137;-46.41152;-23.71137;-46.41152;Centro;;
663;;;endereco;Avenida Coronel Manoel Inocêncio, 1013, Vila São João, Caçapava - SP, 12281-020, Brasil;Avenida Coronel Manoel Inocencio 1013 Cacapava SP 12281020 Brazil;Caçapava;SP;12281020;-23.10868;-45.7035;-23.10868;-45.7035;Vila São João;;
664;;;endereco;Dra. Rozeny Anute, Avenida São João, 2405, Bosque Imperial, São José dos Campos - SP, 12242-000, Brasil;Avenida Sao Joao 2405 Sao Jose dos Campos SP 12242000 Brazil;São José dos Campos;SP;12242000;-23.2087;-45.90843;-23.2087;-45.90843;Bosque Imperial;MEDIO;CEP generico de cidade, nao de rua (2,4x mais falha)
665;;;endereco;Av. Cassandoca, 140, Móoca, São Paulo - SP, 03170-050, Brasil;Avenida Cassandoca 140 Sao Paulo SP 03170050 Brazil;São Paulo;SP;03170050;-23.55065;-46.59468;-23.55065;-46.59468;Móoca;;
666;;;endereco;Robert Half, Rua José Versolato, 101, Centro, São Bernardo do Campo - SP, 09750-730, Brasil;Rua Jose Versolato 101 Sao Bernardo do Campo SP 09750730 Brazil;São Bernardo do Campo;SP;09750730;-23.6914;-46.54922;-23.6914;-46.54922;Centro;;
667;;;endereco;Rua Dominiciano Ribeiro, 325, Parque do Carmo, São Paulo - SP, 08280-260, Brasil;Rua Dominiciano Ribeiro 325 Sao Paulo SP 08280260 Brazil;São Paulo;SP;08280260;-23.56323;-46.46936;-23.56323;-46.46936;Parque do Carmo;;
668;;;endereco;Avenida Cláudio Augusto Fernandes, 349, São Mateus, São Paulo - SP, 03962-120, Brasil;Avenida Claudio Augusto Fernandes 349 Sao Paulo SP 03962120 Brazil;São Paulo;SP;03962120;-23.60792;-46.48051;-23.60792;-46.48051;São Mateus;;
669;;;endereco;Grupo 3corações, Avenida Nazaré, 1139, Ipiranga, São Paulo - SP, 04263-100, Brasil;Avenida Nazare 1139 Sao Paulo SP 04263100 Brazil;São Paulo;SP;04263100;-23.59422;-46.6097;-23.59422;-46.6097;Ipiranga;;
670;;;endereco;Goldpam Locações, Avenida Vereador Abel Ferreira, 1800, Água Rasa, São Paulo - SP, 03348-025, Brasil;Avenida Vereador Abel Ferreira 1800 Sao Paulo SP 03348025 Brazil;São Paulo;SP;03348025;-23.56405;-46.56232;-23.56405;-46.56232;Água Rasa;;
671;;;endereco;Rua Roberto Simonsen, 120, Sé, São Paulo - SP, 01017-020, Brasil;Rua Roberto Simonsen 120 Sao Paulo SP 01017020 Brazil;São Paulo;SP;01017020;-23.54873;-46.63206;-23.54873;-46.63206;Sé;;
672;;;endereco;Rua Padre Raposo, 47, Móoca, São Paulo - SP, 03118-000, Brasil;Rua Padre Raposo 47 Sao Paulo SP 03118000 Brazil;São Paulo;SP;03118000;-23.5575;-46.59988;-23.5575;-46.59988;Móoca;MEDIO;CEP generico de cidade, nao de rua (2,4x mais falha)
673;;;endereco;Autoridade Municipal de Limpeza Urbana - AMLURB, Rua Líbero Badaró, 425, Sé, São Paulo - SP, 01009-000, Brasil;Rua Libero Badaro 425 Sao Paulo SP 01009000 Brazil;São Paulo;SP;01009000;-23.54567;-46.63611;-23.54567;-46.63611;Sé;MEDIO;CEP generico de cidade, nao de rua (2,4x mais falha)
674;;;endereco;Rua São Bento, 351, Sé, São Paulo - SP, 01010-001, Brasil;Rua Sao Bento 351 Sao Paulo SP 01010001 Brazil;São Paulo;SP;01010001;-23.54601;-46.63514;-23.54601;-46.63514;Sé;;
675;;;endereco;Rua Doutor Renato Granadeiro Guimarães, 11, Mogi das Cruzes - SP, 08773-100, Brasil;Rua Doutor Renato Granadeiro Guimaraes 11 Mogi das Cruzes SP 08773100 Brazil;Mogi das Cruzes;SP;08773100;-23.51425;-46.19811;-23.51425;-46.19811;;;
676;;;endereco;Avenida Francisco Ferreira Lopes, 600, Mogi das Cruzes - SP, 08735-200, Brasil;Avenida Francisco Ferreira Lopes 600 Mogi das Cruzes SP 08735200 Brazil;Mogi das Cruzes;SP;08735200;-23.53359;-46.21445;-23.53359;-46.21445;;;
677;;;endereco;Rua Stella Bruna Cechi Nardelli, 83, Centro, Ribeirão Pires - SP, 09400-150, Brasil;Rua Stella Bruna Cechi Nardelli 83 Ribeirao Pires SP 09400150 Brazil;Ribeirão Pires;SP;09400150;-23.71068;-46.41319;-23.71068;-46.41319;Centro;;
678;;;endereco;Rua Presidente Campos Salles, 950, Mogi das Cruzes - SP, 08730-490, Brasil;Rua Presidente Campos Salles 950 Mogi das Cruzes SP 08730490 Brazil;Mogi das Cruzes;SP;08730490;-23.52649;-46.2005;-23.52649;-46.2005;;;
679;;;endereco;Rua José Galdino de Castro, 78, Braz Cubas, Mogi das Cruzes - SP, 08745-340, Brasil;Rua Jose Galdino de Castro 78 Mogi das Cruzes SP 08745340 Brazil;Mogi das Cruzes;SP;08745340;-23.54269;-46.23769;-23.54269;-46.23769;Braz Cubas;;
680;;;endereco;Avenida Carmela Thomeu, 528, Bonsucesso, Guarulhos - SP, 07178-001, Brasil;Avenida Carmela Thomeu 528 Guarulhos SP 07178001 Brazil;Guarulhos;SP;07178001;-23.39982;-46.39408;-23.39982;-46.39408;Bonsucesso;;
681;;;endereco;Rua Alderico Alves de Freitas, 59A, Parque do Carmo, São Paulo - SP, 08270-210, Brasil;Rua Alderico Alves de Freitas 59A Sao Paulo SP 08270210 Brazil;São Paulo;SP;08270210;-23.56064;-46.46433;-23.56064;-46.46433;Parque do Carmo;;
682;;;endereco;Rua Ângelo Lavezzo, 111, Jardim Silvana, Amparo - SP, 13900-370, Brasil;Rua Angelo Lavezzo 111 Amparo SP 13900370 Brazil;Amparo;SP;13900370;-22.7056;-46.76344;-22.7056;-46.76344;Jardim Silvana;;
683;;;endereco;Rua Luís Leite, 161, Centro, Amparo - SP, 13900-240, Brasil;Rua Luis Leite 161 Amparo SP 13900240 Brazil;Amparo;SP;13900240;-22.70169;-46.75977;-22.70169;-46.75977;Centro;;
684;;;endereco;Rua Conde de Irajá, 337, Vila Mariana, São Paulo - SP, 04119-010, Brasil;Rua Conde de Iraja 337 Sao Paulo SP 04119010 Brazil;São Paulo;SP;04119010;-23.59139;-46.63206;-23.59139;-46.63206;Vila Mariana;;
685;;;endereco;Rua Vilela, 665, Tatuapé, São Paulo - SP, 03314-000, Brasil;Rua Vilela 665 Sao Paulo SP 03314000 Brazil;São Paulo;SP;03314000;-23.54028;-46.56584;-23.54028;-46.56584;Tatuapé;MEDIO;CEP generico de cidade, nao de rua (2,4x mais falha)
686;;;endereco;EZvolt, Rua Domingos de Morais, 2187, Vila Mariana, São Paulo - SP, 04035-000, Brasil;Rua Domingos de Morais 2187 Sao Paulo SP 04035000 Brazil;São Paulo;SP;04035000;-23.5955;-46.63627;-23.5955;-46.63627;Vila Mariana;MEDIO;CEP generico de cidade, nao de rua (2,4x mais falha)
687;;;endereco;Rua Francisco Marengo, 500, Tatuapé, São Paulo - SP, 03313-000, Brasil;Rua Francisco Marengo 500 Sao Paulo SP 03313000 Brazil;São Paulo;SP;03313000;-23.54175;-46.5593;-23.54175;-46.5593;Tatuapé;MEDIO;CEP generico de cidade, nao de rua (2,4x mais falha)
688;;;endereco;Rua Líbero Badaró, 283, Sé, São Paulo - SP, 01009-000, Brasil;Rua Libero Badaro 283 Sao Paulo SP 01009000 Brazil;São Paulo;SP;01009000;-23.54688;-46.63675;-23.54688;-46.63675;Sé;MEDIO;CEP generico de cidade, nao de rua (2,4x mais falha)
689;;;endereco;Rua Moreira Terra, 218, Parque do Carmo, São Paulo - SP, 08275-230, Brasil;Rua Moreira Terra 218 Sao Paulo SP 08275230 Brazil;São Paulo;SP;08275230;-23.57351;-46.47796;-23.57351;-46.47796;Parque do Carmo;;
690;;;endereco;Rua José Versolato, 101, Centro, São Bernardo do Campo - SP, 09750-730, Brasil;Rua Jose Versolato 101 Sao Bernardo do Campo SP 09750730 Brazil;São Bernardo do Campo;SP;09750730;-23.69148;-46.54955;-23.69148;-46.54955;Centro;;
691;;;endereco;Rua Pirapitingui, 80, Liberdade, São Paulo - SP, 01508-020, Brasil;Rua Pirapitingui 80 Sao Paulo SP 01508020 Brazil;São Paulo;SP;01508020;-23.56314;-46.63792;-23.56314;-46.63792;Liberdade;;
692;;;endereco;Avenida Paulo Becker, 210, Vila Adyana, São José dos Campos - SP, 12243-610, Brasil;Avenida Paulo Becker 210 Sao Jose dos Campos SP 12243610 Brazil;São José dos Campos;SP;12243610;-23.19524;-45.89292;-23.19524;-45.89292;Vila Adyana;;
693;;;endereco;Travessa Carlos Cordeiro, 12, Itaquera, São Paulo - SP, 08247-020, Brasil;Travessa Carlos Cordeiro 12 Sao Paulo SP 08247020 Brazil;São Paulo;SP;08247020;-23.53115;-46.43167;-23.53115;-46.43167;Itaquera;;
694;;;endereco;Rua Monsenhor Aníbal de Melo, 336, Vila Conselheiro Rodrigues Alves, Guaratinguetá - SP, 12511-050, Brasil;Rua Monsenhor Anibal de Melo 336 Guaratingueta SP 12511050 Brazil;Guaratinguetá;SP;12511050;-22.80616;-45.20441;-22.80616;-45.20441;Vila Conselheiro Rodrigues Alves;;
695;;;endereco;Rua Antônio Junqueira de Souza, 475, São Lourenço - MG, 37470-000, Brasil;Rua Antonio Junqueira de Souza 475 Sao Lourenco MG 37470000 Brazil;São Lourenço;MG;37470000;-22.11798;-45.05439;-22.11798;-45.05439;;MEDIO;CEP generico de cidade, nao de rua (2,4x mais falha)
696;;;endereco;Rua Vinte e Seis, 36, Vila Santa Cecília, Volta Redonda - RJ, 27259-280, Brasil;Rua Vinte e Seis 36 Volta Redonda RJ 27259280 Brazil;Volta Redonda;RJ;27259280;-22.52061;-44.10403;-22.52061;-44.10403;Vila Santa Cecília;;
697;;;endereco;Espaço Vida Saudável - Barra da Tijuca, Avenida José Silva de Azevedo Neto, 200, Barra da Tijuca, Rio de Janeiro - RJ, 22775-057, Brasil;Avenida Jose Silva de Azevedo Neto 200 Rio de Janeiro RJ 22775057 Brazil;Rio de Janeiro;RJ;22775057;-22.98892;-43.35957;-22.98892;-43.35957;Barra da Tijuca;;
698;;;endereco;Avenida Sete de Setembro, 300, Aterrado, Volta Redonda - RJ, 27213-310, Brasil;Avenida Sete de Setembro 300 Volta Redonda RJ 27213310 Brazil;Volta Redonda;RJ;27213310;-22.50608;-44.08997;-22.50608;-44.08997;Aterrado;;
699;;;endereco;Caituba, Estrada do Tindiba, Taquara, Rio de Janeiro - RJ, 22730-262, Brasil;Estrada do Tindiba Taquara Rio de Janeiro RJ 22730262 Brazil;Rio de Janeiro;RJ;22730262;-22.91808;-43.37681;-22.91808;-43.37681;;ALTO;"endereco de rodovia (57-67% falharam); sem numero de porta"
700;;;endereco;Estrada São Tarcísio, 144, Sepetiba, Rio de Janeiro - RJ, 23530-827, Brasil;Estrada Sao Tarcisio 144 Rio de Janeiro RJ 23530827 Brazil;Rio de Janeiro;RJ;23530827;-22.98428;-43.69355;-22.98428;-43.69355;Sepetiba;ALTO;endereco de rodovia (57-67% falharam)
701;;;endereco;Rua Rosalina Bravo, Barra da Tijuca, Rio de Janeiro - RJ, 22631-260, Brasil;Rua Rosalina Bravo Barra da Tijuca Rio de Janeiro RJ 22631260 Brazil;Rio de Janeiro;RJ;22631260;-23.00099;-43.34372;-23.00099;-43.34372;;ALTO;sem numero de porta
702;;;endereco;Avenida das Américas, 1155, Barra da Tijuca, Rio de Janeiro - RJ, 22631-000, Brasil;Avenida das Americas 1155 Rio de Janeiro RJ 22631000 Brazil;Rio de Janeiro;RJ;22631000;-23.00343;-43.32549;-23.00343;-43.32549;Barra da Tijuca;MEDIO;CEP generico de cidade, nao de rua (2,4x mais falha)
703;;;endereco;Avenida Antônio Abrahão Caran, 690, São José, Belo Horizonte - MG, 31275-000, Brasil;Avenida Antonio Abrahao Caran 690 Belo Horizonte MG 31275000 Brazil;Belo Horizonte;MG;31275000;-19.86187;-43.96774;-19.86187;-43.96774;São José;MEDIO;CEP generico de cidade, nao de rua (2,4x mais falha)
704;;;endereco;Rua José Salomão Filho, 455, Lagoa Santa - MG, 33230-103, Brasil;Rua Jose Salomao Filho 455 Lagoa Santa MG 33230103 Brazil;Lagoa Santa;MG;33230103;-19.62722;-43.89495;-19.62722;-43.89495;;;
705;;;endereco;Open Mind, Avenida das Américas, 1155, Barra da Tijuca, Rio de Janeiro - RJ, 22631-470, Brasil;Avenida das Americas 1155 Rio de Janeiro RJ 22631470 Brazil;Rio de Janeiro;RJ;22631470;-23.00373;-43.32631;-23.00373;-43.32631;Barra da Tijuca;;
706;;;endereco;Med Odonto, Avenida das Américas, 700, Barra da Tijuca, Rio de Janeiro - RJ, 22640-100, Brasil;Avenida das Americas 700 Rio de Janeiro RJ 22640100 Brazil;Rio de Janeiro;RJ;22640100;-23.00331;-43.32194;-23.00331;-43.32194;Barra da Tijuca;;
707;;;endereco;Avenida Ataulfo de Paiva, 1251, Leblon, Rio de Janeiro - RJ, 22440-034, Brasil;Avenida Ataulfo de Paiva 1251 Rio de Janeiro RJ 22440034 Brazil;Rio de Janeiro;RJ;22440034;-22.98602;-43.22763;-22.98602;-43.22763;Leblon;;
708;;;endereco;Rua Rainha Guilhermina, 116, Leblon, Rio de Janeiro - RJ, 22441-120, Brasil;Rua Rainha Guilhermina 116 Rio de Janeiro RJ 22441120 Brazil;Rio de Janeiro;RJ;22441120;-22.98509;-43.2265;-22.98509;-43.2265;Leblon;;
709;;;endereco;Rua Fernandes Tourinho, 669, Savassi, Belo Horizonte - MG, 30112-002, Brasil;Rua Fernandes Tourinho 669 Belo Horizonte MG 30112002 Brazil;Belo Horizonte;MG;30112002;-19.93843;-43.94088;-19.93843;-43.94088;Savassi;;
710;;;endereco;Rua Cláudio Manoel, 1125, Savassi, Belo Horizonte - MG, 30140-108, Brasil;Rua Claudio Manoel 1125 Belo Horizonte MG 30140108 Brazil;Belo Horizonte;MG;30140108;-19.93308;-43.93573;-19.93308;-43.93573;Savassi;;
711;;;endereco;Banco 24horas, Rua Gonçalves Dias, Santo Agostinho, Belo Horizonte - MG, 30140-094, Brasil;Banco 24horas Rua Goncalves Dias Santo Agostinho Belo Horizonte MG 30140094 Brazil;Belo Horizonte;MG;30140094;-19.92826;-43.95116;-19.92826;-43.95116;;ALTO;sem numero de porta
712;;;endereco;Rua Coronel Augusto de Moura, 233A, Sete Lagoas - MG, 35700-210, Brasil;Rua Coronel Augusto de Moura 233A Sete Lagoas MG 35700210 Brazil;Sete Lagoas;MG;35700210;-19.4684;-44.24926;-19.4684;-44.24926;;;
713;;;endereco;Rua Gonçalves Dias, 1197, Savassi, Belo Horizonte - MG, 30140-097, Brasil;Rua Goncalves Dias 1197 Belo Horizonte MG 30140097 Brazil;Belo Horizonte;MG;30140097;-19.93169;-43.93611;-19.93169;-43.93611;Savassi;;
714;;;endereco;Rua Rio Grande do Norte, 103A, Santa Efigênia, Belo Horizonte - MG, 30130-130, Brasil;Rua Rio Grande do Norte 103A Belo Horizonte MG 30130130 Brazil;Belo Horizonte;MG;30130130;-19.92646;-43.92961;-19.92646;-43.92961;Santa Efigênia;;
715;;;endereco;Rua da Terra, 146, Contagem - MG, 32183-612, Brasil;Rua da Terra 146 Contagem MG 32183612 Brazil;Contagem;MG;32183612;-19.91522;-44.08054;-19.91522;-44.08054;;;
716;;;endereco;Rua Rio de Janeiro, 2727A, Lourdes, Belo Horizonte - MG, 30160-048, Brasil;Rua Rio de Janeiro 2727A Belo Horizonte MG 30160048 Brazil;Belo Horizonte;MG;30160048;-19.93778;-43.94375;-19.93778;-43.94375;Lourdes;;
717;;;endereco;Rua Romualdo Lopes Cançado, 420, Castelo, Belo Horizonte - MG, 30840-460, Brasil;Rua Romualdo Lopes Cancado 420 Belo Horizonte MG 30840460 Brazil;Belo Horizonte;MG;30840460;-19.88841;-43.9969;-19.88841;-43.9969;Castelo;;
718;;;endereco;Rua Tenente Garro, 19, Santa Efigênia, Belo Horizonte - MG, 30240-360, Brasil;Rua Tenente Garro 19 Belo Horizonte MG 30240360 Brazil;Belo Horizonte;MG;30240360;-19.92554;-43.91927;-19.92554;-43.91927;Santa Efigênia;;
719;;;endereco;Rua Rio Grande do Norte, 1456, Savassi, Belo Horizonte - MG, 30130-138, Brasil;Rua Rio Grande do Norte 1456 Belo Horizonte MG 30130138 Brazil;Belo Horizonte;MG;30130138;-19.9382;-43.9331;-19.9382;-43.9331;Savassi;;
720;;;endereco;Rua Paraíba, 486, Savassi, Belo Horizonte - MG, 30130-141, Brasil;Rua Paraiba 486 Belo Horizonte MG 30130141 Brazil;Belo Horizonte;MG;30130141;-19.93085;-43.93236;-19.93085;-43.93236;Savassi;;
721;;;endereco;Rua Cascalho, 181, Alpes, Belo Horizonte - MG, 31610-090, Brasil;Rua Cascalho 181 Belo Horizonte MG 31610090 Brazil;Belo Horizonte;MG;31610090;-19.95427;-43.96006;-19.95427;-43.96006;Alpes;;
722;;;endereco;Avenida Portugal, 1080, Jardim Atlântico, Belo Horizonte - MG, 31555-000, Brasil;Avenida Portugal 1080 Belo Horizonte MG 31555000 Brazil;Belo Horizonte;MG;31555000;-19.84654;-43.98586;-19.84654;-43.98586;Jardim Atlântico;MEDIO;CEP generico de cidade, nao de rua (2,4x mais falha)
723;;;endereco;Rua Rio Grande do Norte, 1008, Savassi, Belo Horizonte - MG, 30130-135, Brasil;Rua Rio Grande do Norte 1008 Belo Horizonte MG 30130135 Brazil;Belo Horizonte;MG;30130135;-19.9344;-43.93192;-19.9344;-43.93192;Savassi;;
724;;;endereco;Rua dos Guajajaras, 577, Lourdes, Belo Horizonte - MG, 30180-101, Brasil;Rua dos Guajajaras 577 Belo Horizonte MG 30180101 Brazil;Belo Horizonte;MG;30180101;-19.92564;-43.93949;-19.92564;-43.93949;Lourdes;;
725;;;endereco;Rua Joaquim Nabuco, 1019, Centro, Novo Hamburgo - RS, 93310-002, Brasil;Rua Joaquim Nabuco 1019 Novo Hamburgo RS 93310002 Brazil;Novo Hamburgo;RS;93310002;-29.68321;-51.12711;-29.68321;-51.12711;Centro;;
726;;;endereco;Rua Siqueira Campos, 832, Centro Histórico, Porto Alegre - RS, 90010-000, Brasil;Rua Siqueira Campos 832 Porto Alegre RS 90010000 Brazil;Porto Alegre;RS;90010000;-30.02902;-51.23359;-30.02902;-51.23359;Centro Histórico;MEDIO;CEP generico de cidade, nao de rua (2,4x mais falha)
727;;;endereco;Avenida Praia de Belas, 1300, Menino Deus, Porto Alegre - RS, 90110-000, Brasil;Avenida Praia de Belas 1300 Porto Alegre RS 90110000 Brazil;Porto Alegre;RS;90110000;-30.05008;-51.2278;-30.05008;-51.2278;Menino Deus;MEDIO;CEP generico de cidade, nao de rua (2,4x mais falha)
728;;;endereco;Carlos Trein Filho AL 1325 Esq. Barao de Ubá, Rua Carlos Trein Filho, Bela Vista, Porto Alegre - RS, 90450-120, Brasil;Carlos Trein Filho AL 1325 Esq Barao de Uba Rua Carlos Trein Filho Bela Vista Porto Alegre RS 90450120 Brazil;Porto Alegre;RS;90450120;-30.03475;-51.18601;-30.03475;-51.18601;;ALTO;sem numero de porta
729;;;endereco;Avenida Doutor Nilo Peçanha, 2410, Passo da Areia, Porto Alegre - RS, 91330-000, Brasil;Avenida Doutor Nilo Pecanha 2410 Porto Alegre RS 91330000 Brazil;Porto Alegre;RS;91330000;-30.02791;-51.168;-30.02791;-51.168;Passo da Areia;MEDIO;CEP generico de cidade, nao de rua (2,4x mais falha)
730;;;endereco;Rua Marechal Floriano, 610, Centro, Caxias do Sul - RS, 95020-370, Brasil;Rua Marechal Floriano 610 Caxias do Sul RS 95020370 Brazil;Caxias do Sul;RS;95020370;-29.16813;-51.18399;-29.16813;-51.18399;Centro;;
731;;;endereco;Rua Voluntários da Pátria, 383, Parque Avenida Pelinca, Campos dos Goytacazes - RJ, 28035-260, Brasil;Rua Voluntarios da Patria 383 Campos dos Goytacazes RJ 28035260 Brazil;Campos dos Goytacazes;RJ;28035260;-21.76016;-41.33174;-21.76016;-41.33174;Parque Avenida Pelinca;;
732;;;endereco;Avenida Presidente Kennedy, 693, Estrela do Norte, São Gonçalo - RJ, 24445-795, Brasil;Avenida Presidente Kennedy 693 Sao Goncalo RJ 24445795 Brazil;São Gonçalo;RJ;24445795;-22.82024;-43.0396;-22.82024;-43.0396;Estrela do Norte;;
733;;;endereco;Rua Presidente Backer, 149, Icaraí, Niterói - RJ, 24220-045, Brasil;Rua Presidente Backer 149 Niteroi RJ 24220045 Brazil;Niterói;RJ;24220045;-22.90372;-43.11072;-22.90372;-43.11072;Icaraí;;
734;;;endereco;Rua Miguel de Frias, 99, Icaraí, Niterói - RJ, 24220-301, Brasil;Rua Miguel de Frias 99 Niteroi RJ 24220301 Brazil;Niterói;RJ;24220301;-22.90339;-43.11688;-22.90339;-43.11688;Icaraí;;
735;;;endereco;Lg Estacionamentos, Rua Jerônimo Coelho, 204, Centro, Florianópolis - SC, 88010-030, Brasil;Rua Jeronimo Coelho 204 Florianopolis SC 88010030 Brazil;Florianópolis;SC;88010030;-27.59597;-48.55203;-27.59597;-48.55203;Centro;;
736;;;endereco;Shn Bloco B, Asa Norte, Brasília - DF, 70704-020, Brasil;Shn Bloco B Asa Norte Brasilia DF 70704020 Brazil;Brasília;DF;70704020;-15.78939;-47.88989;-15.78939;-47.88989;;ALTO;sem numero de porta
737;;;endereco;Avenida Floriano Peixoto, 224, Centro, Uberlândia - MG, 38400-100, Brasil;Avenida Floriano Peixoto 224 Uberlandia MG 38400100 Brazil;Uberlândia;MG;38400100;-18.92084;-48.27764;-18.92084;-48.27764;Centro;;
738;;;endereco;E-Park Estacionamento, Avenida Barão do Rio Branco, 2356, Centro, Juiz de Fora - MG, 36010-010, Brasil;Avenida Barao do Rio Branco 2356 Juiz de Fora MG 36010010 Brazil;Juiz de Fora;MG;36010010;-21.7627;-43.34957;-21.7627;-43.34957;Centro;;
739;;;endereco;Avenida João Pinheiro, 141, Funcionários, Belo Horizonte - MG, 30130-183, Brasil;Avenida Joao Pinheiro 141 Belo Horizonte MG 30130183 Brazil;Belo Horizonte;MG;30130183;-19.92654;-43.93634;-19.92654;-43.93634;Funcionários;;
740;;;endereco;Avenida das Esmeraldas, 877, Marília - SP, 17516-000, Brasil;Avenida das Esmeraldas 877 Marilia SP 17516000 Brazil;Marília;SP;17516000;-22.22479;-49.9324;-22.22479;-49.9324;;MEDIO;CEP generico de cidade, nao de rua (2,4x mais falha)
741;;;endereco;Edifício Vila Real, Rua Rio Branco, 23-34, Vila Nova Santa Clara, Bauru - SP, 17014-037, Brasil;Rua Rio Branco 23 34 Vila Nova Santa Clara Bauru SP 17014037 Brazil;Bauru;SP;17014037;-22.33614;-49.06841;-22.33614;-49.06841;;ALTO;sem numero de porta
742;;;endereco;Avenida Carlos Botelho, 651, São Dimas, Piracicaba - SP, 13416-145, Brasil;Avenida Carlos Botelho 651 Piracicaba SP 13416145 Brazil;Piracicaba;SP;13416145;-22.71447;-47.6377;-22.71447;-47.6377;São Dimas;;
743;;;endereco;Itaú Personnalité, Rua Moraes Barros, 936, Centro, Piracicaba - SP, 13400-353, Brasil;Rua Moraes Barros 936 Piracicaba SP 13400353 Brazil;Piracicaba;SP;13400353;-22.72473;-47.64959;-22.72473;-47.64959;Centro;;
744;;;endereco;Catedral de Nossa Senhora das Dores, Praça Doutor Luciano Esteves, Centro, Limeira - SP, 13480-211, Brasil;Catedral de Nossa Senhora das Dores Praca Doutor Luciano Esteves Centro Limeira SP 13480211 Brazil;Limeira;SP;13480211;-22.56193;-47.40229;-22.56193;-47.40229;;ALTO;sem numero de porta
745;;;endereco;Rua Washington Luiz, 400, Centro, Americana - SP, 13465-520, Brasil;Rua Washington Luiz 400 Americana SP 13465520 Brazil;Americana;SP;13465520;-22.73955;-47.33209;-22.73955;-47.33209;Centro;;
746;;;endereco;Rua Piauí, 967, Centro Histórico, Londrina - PR, 86020-390, Brasil;Rua Piaui 967 Londrina PR 86020390 Brazil;Londrina;PR;86020390;-23.31357;-51.16585;-23.31357;-51.16585;Centro Histórico;;
747;;;endereco;Laboratório Mastellini Prudente, Avenida Washington Luiz, 1009, Centro, Presidente Prudente - SP, 19015-150, Brasil;Avenida Washington Luiz 1009 Presidente Prudente SP 19015150 Brazil;Presidente Prudente;SP;19015150;-22.11925;-51.39135;-22.11925;-51.39135;Centro;;
748;;;endereco;São Paulo Tribunal de Justiça, Rua Redentora, Imperial, São José do Rio Preto - SP, 15015-780, Brasil;Rua Redentora Imperial Sao Jose do Rio Preto SP 15015780 Brazil;São José do Rio Preto;SP;15015780;-20.81594;-49.39257;-20.81594;-49.39257;;ALTO;sem numero de porta
749;;;endereco;Avenida Alberto Andaló, 3251, Bom Jesus, São José do Rio Preto - SP, 15015-000, Brasil;Avenida Alberto Andalo 3251 Sao Jose do Rio Preto SP 15015000 Brazil;São José do Rio Preto;SP;15015000;-20.81579;-49.3797;-20.81579;-49.3797;Bom Jesus;MEDIO;CEP generico de cidade, nao de rua (2,4x mais falha)
750;;;endereco;Avenida República do Líbano, 1A-15, Aeroporto, Goiânia - GO, 74070-045, Brasil;Avenida Republica do Libano 1A 15 Aeroporto Goiania GO 74070045 Brazil;Goiânia;GO;74070045;-16.67716;-49.26778;-16.67716;-49.26778;;ALTO;sem numero de porta
751;;;endereco;Crs 506 Bloco A, 6, Asa Sul, Brasília - DF, 70350-580, Brasil;Crs 506 Bloco A 6 Brasilia DF 70350580 Brazil;Brasília;DF;70350580;-15.80986;-47.9024;-15.80986;-47.9024;Asa Sul;;
752;;;endereco;Handerson da S, Srtvs, 12, Asa Sul, Brasília - DF, 70340-901, Brasil;Srtvs 12 Asa Sul Brasilia DF 70340901 Brazil;Brasília;DF;70340901;-15.79723;-47.894;-15.79723;-47.894;;ALTO;sem numero de porta
753;;;endereco;Rua Marília de Dirceu, 108, Lourdes, Belo Horizonte - MG, 30170-090, Brasil;Rua Marilia de Dirceu 108 Belo Horizonte MG 30170090 Brazil;Belo Horizonte;MG;30170090;-19.93396;-43.94609;-19.93396;-43.94609;Lourdes;;
754;;;endereco;Rua Felipe dos Santos, 15, Lourdes, Belo Horizonte - MG, 30180-163, Brasil;Rua Felipe dos Santos 15 Belo Horizonte MG 30180163 Brazil;Belo Horizonte;MG;30180163;-19.93538;-43.94202;-19.93538;-43.94202;Lourdes;;
755;;;endereco;Rua Tomé de Souza, 866, Savassi, Belo Horizonte - MG, 30140-136, Brasil;Rua Tome de Souza 866 Belo Horizonte MG 30140136 Brazil;Belo Horizonte;MG;30140136;-19.93667;-43.93485;-19.93667;-43.93485;Savassi;;
756;;;endereco;Avenida Independência, 1239, Subsetor Sul-1, Ribeirão Preto - SP, 14025-390, Brasil;Avenida Independencia 1239 Ribeirao Preto SP 14025390 Brazil;Ribeirão Preto;SP;14025390;-21.18845;-47.80713;-21.18845;-47.80713;Subsetor Sul-1;;
757;;;endereco;Pizza Hut, Avenida Presidente Kennedy, Indaiatuba - SP, 13334-170, Brasil;Avenida Presidente Kennedy Indaiatuba SP 13334170 Brazil;Indaiatuba;SP;13334170;-23.08442;-47.20171;-23.08442;-47.20171;;ALTO;sem numero de porta
758;;;endereco;Avenida Barão do Amazonas, 72, Petrópolis - RJ, 25685-070, Brasil;Avenida Barao do Amazonas 72 Petropolis RJ 25685070 Brazil;Petrópolis;RJ;25685070;-22.51013;-43.18383;-22.51013;-43.18383;;;
759;;;endereco;Rua Engenheiro Portela, 97, Setor Central, Anápolis - GO, 75024-040, Brasil;Rua Engenheiro Portela 97 Anapolis GO 75024040 Brazil;Anápolis;GO;75024040;-16.32548;-48.95636;-16.32548;-48.95636;Setor Central;;
760;;;endereco;Avenida Barão de Itapura, 1252, Vila Itapura, Campinas - SP, 13020-432, Brasil;Avenida Barao de Itapura 1252 Campinas SP 13020432 Brazil;Campinas;SP;13020432;-22.89353;-47.06485;-22.89353;-47.06485;Vila Itapura;;
761;;;endereco;Avenida Francisco Glicério, 1249, Centro, Campinas - SP, 13012-000, Brasil;Avenida Francisco Glicerio 1249 Campinas SP 13012000 Brazil;Campinas;SP;13012000;-22.90385;-47.0606;-22.90385;-47.0606;Centro;MEDIO;CEP generico de cidade, nao de rua (2,4x mais falha)
762;;;endereco;Rua Paula Bueno, 811, Taquaral, Campinas - SP, 13076-061, Brasil;Rua Paula Bueno 811 Campinas SP 13076061 Brazil;Campinas;SP;13076061;-22.88414;-47.05347;-22.88414;-47.05347;Taquaral;;
763;;;endereco;Fernando César Buttignol, Avenida dos Esportes, 538, Centro, Valinhos - SP, 13270-210, Brasil;Avenida dos Esportes 538 Valinhos SP 13270210 Brazil;Valinhos;SP;13270210;-22.97495;-46.99932;-22.97495;-46.99932;Centro;;
764;;;endereco;Avenida Júlio de Mesquita, 606, Cambuí, Campinas - SP, 13025-061, Brasil;Avenida Julio de Mesquita 606 Campinas SP 13025061 Brazil;Campinas;SP;13025061;-22.89988;-47.05452;-22.89988;-47.05452;Cambuí;;
765;;;endereco;Rua Comendador Araújo, 652, Batel, Curitiba - PR, 80420-063, Brasil;Rua Comendador Araujo 652 Curitiba PR 80420063 Brazil;Curitiba;PR;80420063;-25.43769;-49.28134;-25.43769;-49.28134;Batel;;
766;;;endereco;Rua Marechal Deodoro, 230, Centro, Curitiba - PR, 80020-320, Brasil;Rua Marechal Deodoro 230 Curitiba PR 80020320 Brazil;Curitiba;PR;80020320;-25.43183;-49.26985;-25.43183;-49.26985;Centro;;
767;;;endereco;Rua Hermínio Baggio, 39, Estrela, Ponta Grossa - PR, 84050-460, Brasil;Rua Herminio Baggio 39 Ponta Grossa PR 84050460 Brazil;Ponta Grossa;PR;84050460;-25.11541;-50.17138;-25.11541;-50.17138;Estrela;;
768;;;endereco;Rua Sete de Setembro, 673, Centro, Blumenau - SC, 89010-201, Brasil;Rua Sete de Setembro 673 Blumenau SC 89010201 Brazil;Blumenau;SC;89010201;-26.92307;-49.0638;-26.92307;-49.0638;Centro;;
769;;;endereco;Avenida Higienópolis, 266, Centro Histórico, Londrina - PR, 86020-080, Brasil;Avenida Higienopolis 266 Londrina PR 86020080 Brazil;Londrina;PR;86020080;-23.31232;-51.16585;-23.31232;-51.16585;Centro Histórico;;
770;;;endereco;Avenida Getúlio Dorneles Vargas, 905N, Centro, Chapecó - SC, 89801-002, Brasil;Avenida Getulio Dorneles Vargas 905N Chapeco SC 89801002 Brazil;Chapecó;SC;89801002;-27.09681;-52.61681;-27.09681;-52.61681;Centro;;
771;;;endereco;Rua Barão do Cerro Azul, 1246, Centro, Cascavel - PR, 85801-080, Brasil;Rua Barao do Cerro Azul 1246 Cascavel PR 85801080 Brazil;Cascavel;PR;85801080;-24.9547;-53.45208;-24.9547;-53.45208;Centro;;
772;;;endereco;Rua Arcipreste Paiva, 187, Centro, Florianópolis - SC, 88010-530, Brasil;Rua Arcipreste Paiva 187 Florianopolis SC 88010530 Brazil;Florianópolis;SC;88010530;-27.59546;-48.54882;-27.59546;-48.54882;Centro;;
773;;;endereco;Integrabike Estaçao 02 - Pça Coronel Fernando Prestes, Rua São Bento, Centro, Sorocaba - SP, 18010-030, Brasil;Integrabike Estacao 02 Sorocaba SP 18010030 Brazil;Sorocaba;SP;18010030;-23.50081;-47.45765;-23.50081;-47.45765;- Pça Coronel Fernando Prestes Rua São Bento Centro;;
774;;;endereco;Rua Rio Branco, 24-65, Vila Samaritana, Bauru - SP, 17016-190, Brasil;Rua Rio Branco 24 65 Vila Samaritana Bauru SP 17016190 Brazil;Bauru;SP;17016190;-22.33794;-49.06736;-22.33794;-49.06736;;ALTO;sem numero de porta
775;;;endereco;Avenida Sampaio Vidal, 536, Marília - SP, 17500-020, Brasil;Avenida Sampaio Vidal 536 Marilia SP 17500020 Brazil;Marília;SP;17500020;-22.21821;-49.94829;-22.21821;-49.94829;;;
776;;;endereco;Empório Lanches, Rua Augusta, 1343, Consolação, São Paulo - SP, 01304-001, Brasil;Rua Augusta 1343 Sao Paulo SP 01304001 Brazil;São Paulo;SP;01304001;-23.55801;-46.65982;-23.55801;-46.65982;Consolação;;
777;;;endereco;Rua Saldanha da Gama, 3954, Comerciário, Criciúma - SC, 88802-475, Brasil;Rua Saldanha da Gama 3954 Criciuma SC 88802475 Brazil;Criciúma;SC;88802475;-28.68145;-49.36488;-28.68145;-49.36488;Comerciário;;
778;;;endereco;Avenida Santo Amaro, 7123, Santo Amaro, São Paulo - SP, 04505-001, Brasil;Avenida Santo Amaro 7123 Sao Paulo SP 04505001 Brazil;São Paulo;SP;04505001;-23.64296;-46.69962;-23.64296;-46.69962;Santo Amaro;;
779;;;endereco;Rua Júlio de Castilhos, 1500, Planalto, Farroupilha - RS, 95180-000, Brasil;Rua Julio de Castilhos 1500 Farroupilha RS 95180000 Brazil;Farroupilha;RS;95180000;-29.22369;-51.34533;-29.22369;-51.34533;Planalto;MEDIO;CEP generico de cidade, nao de rua (2,4x mais falha)
780;;;endereco;Rua Júlio de Castilhos, 400, Centro, Novo Hamburgo - RS, 93510-130, Brasil;Rua Julio de Castilhos 400 Novo Hamburgo RS 93510130 Brazil;Novo Hamburgo;RS;93510130;-29.68164;-51.1271;-29.68164;-51.1271;Centro;;
781;;;endereco;Rua Mariante, 86, Moinhos de Vento, Porto Alegre - RS, 90430-180, Brasil;Rua Mariante 86 Porto Alegre RS 90430180 Brazil;Porto Alegre;RS;90430180;-30.02833;-51.20425;-30.02833;-51.20425;Moinhos de Vento;;
782;;;endereco;Rua Conselheiro Saraiva, 207, Santana, São Paulo - SP, 02037-020, Brasil;Rua Conselheiro Saraiva 207 Sao Paulo SP 02037020 Brazil;São Paulo;SP;02037020;-23.49874;-46.62468;-23.49874;-46.62468;Santana;;
783;;;endereco;Ensino Einstein, Avenida Albert Einstein, 627, Morumbi, São Paulo - SP, 05652-090, Brasil;Avenida Albert Einstein 627 Sao Paulo SP 05652090 Brazil;São Paulo;SP;05652090;-23.59988;-46.71526;-23.59988;-46.71526;Morumbi;;
784;;;endereco;Rua Carneiro da Cunha, 53, Saúde, São Paulo - SP, 04144-000, Brasil;Rua Carneiro da Cunha 53 Sao Paulo SP 04144000 Brazil;São Paulo;SP;04144000;-23.61373;-46.63779;-23.61373;-46.63779;Saúde;MEDIO;CEP generico de cidade, nao de rua (2,4x mais falha)
785;;;endereco;Schutz, Rua Treze de Maio, Bela Vista, São Paulo - SP, 04849-529, Brasil;Rua Treze de Maio Bela Vista Sao Paulo SP 04849529 Brazil;São Paulo;SP;04849529;-23.57106;-46.64355;-23.57106;-46.64355;;ALTO;sem numero de porta
786;;;endereco;Rua Cantagalo, 74, Tatuapé, São Paulo - SP, 03319-000, Brasil;Rua Cantagalo 74 Sao Paulo SP 03319000 Brazil;São Paulo;SP;03319000;-23.54731;-46.57305;-23.54731;-46.57305;Tatuapé;MEDIO;CEP generico de cidade, nao de rua (2,4x mais falha)
787;;;endereco;Pierre Perrone Arquitetos, Avenida Brigadeiro Faria Lima, Pinheiros, São Paulo - SP, 05423-150, Brasil;Avenida Brigadeiro Faria Lima Pinheiros Sao Paulo SP 05423150 Brazil;São Paulo;SP;05423150;-23.57124;-46.6902;-23.57124;-46.6902;;ALTO;sem numero de porta
788;;;endereco;Travessa São Vicente de Paulo, 3, Centro, São Bernardo do Campo - SP, 09720-070, Brasil;Travessa Sao Vicente de Paulo 3 Sao Bernardo do Campo SP 09720070 Brazil;São Bernardo do Campo;SP;09720070;-23.70243;-46.55191;-23.70243;-46.55191;Centro;;
789;;;endereco;Dental Special, Alameda Rio Negro, 1030, Alphaville, Barueri - SP, 06454-000, Brasil;Alameda Rio Negro 1030 Barueri SP 06454000 Brazil;Barueri;SP;06454000;-23.49633;-46.84818;-23.49633;-46.84818;Alphaville;MEDIO;CEP generico de cidade, nao de rua (2,4x mais falha)
790;;;endereco;Avenida Paes de Barros, 242, Móoca, São Paulo - SP, 03114-000, Brasil;Avenida Paes de Barros 242 Sao Paulo SP 03114000 Brazil;São Paulo;SP;03114000;-23.55751;-46.60059;-23.55751;-46.60059;Móoca;MEDIO;CEP generico de cidade, nao de rua (2,4x mais falha)
791;;;endereco;Rua Frei Galvão, 121C, Pinheiros, São Paulo - SP, 01454-060, Brasil;Rua Frei Galvao 121C Sao Paulo SP 01454060 Brazil;São Paulo;SP;01454060;-23.58024;-46.68578;-23.58024;-46.68578;Pinheiros;;
792;;;endereco;Safra, Rua Roma, Lapa, São Paulo - SP, 05050-090, Brasil;Rua Roma Lapa Sao Paulo SP 05050090 Brazil;São Paulo;SP;05050090;-23.52285;-46.7035;-23.52285;-46.7035;;ALTO;sem numero de porta
793;;;endereco;Praça Charles Miller, 10, Perdizes, São Paulo - SP, 01236-030, Brasil;Praca Charles Miller 10 Sao Paulo SP 01236030 Brazil;São Paulo;SP;01236030;-23.54418;-46.66619;-23.54418;-46.66619;Perdizes;;
794;;;endereco;Rua Joaquim Floriano, 737, Itaim Bibi, São Paulo - SP, 04534-003, Brasil;Rua Joaquim Floriano 737 Sao Paulo SP 04534003 Brazil;São Paulo;SP;04534003;-23.58554;-46.67712;-23.58554;-46.67712;Itaim Bibi;;
795;;;endereco;Rua Rangel Pestana, 305, Centro, Jundiaí - SP, 13201-000, Brasil;Rua Rangel Pestana 305 Jundiai SP 13201000 Brazil;Jundiaí;SP;13201000;-23.18629;-46.88484;-23.18629;-46.88484;Centro;MEDIO;CEP generico de cidade, nao de rua (2,4x mais falha)
796;;;endereco;Rua Martim Afonso, 146, Centro, Santos - SP, 11010-060, Brasil;Rua Martim Afonso 146 Santos SP 11010060 Brazil;Santos;SP;11010060;-23.93693;-46.32692;-23.93693;-46.32692;Centro;;
797;;;endereco;Rua Manoel Coelho, 560, Centro, São Caetano do Sul - SP, 09510-101, Brasil;Rua Manoel Coelho 560 Sao Caetano do Sul SP 09510101 Brazil;São Caetano do Sul;SP;09510101;-23.61452;-46.57259;-23.61452;-46.57259;Centro;;
798;;;endereco;Rua Costa Aguiar, 700, Centro, Campinas - SP, 13010-061, Brasil;Rua Costa Aguiar 700 Campinas SP 13010061 Brazil;Campinas;SP;13010061;-22.90599;-47.05958;-22.90599;-47.05958;Centro;;
799;;;endereco;Avenida Ibirapuera, 2392, Moema, São Paulo - SP, 04028-002, Brasil;Avenida Ibirapuera 2392 Sao Paulo SP 04028002 Brazil;São Paulo;SP;04028002;-23.60414;-46.66314;-23.60414;-46.66314;Moema;;
800;;;endereco;Avenida Angélica, 1380, Consolação, São Paulo - SP, 01228-100, Brasil;Avenida Angelica 1380 Sao Paulo SP 01228100 Brazil;São Paulo;SP;01228100;-23.54472;-46.65766;-23.54472;-46.65766;Consolação;;
801;;;endereco;Rua Olavo Bilac, 267, Cambuí, Campinas - SP, 13024-110, Brasil;Rua Olavo Bilac 267 Campinas SP 13024110 Brazil;Campinas;SP;13024110;-22.89364;-47.05653;-22.89364;-47.05653;Cambuí;;
802;;;endereco;Café da Sinagoga, Pinheiros, São Paulo - SP, 01455-000, Brasil;Cafe da Sinagoga Pinheiros Sao Paulo SP 01455000 Brazil;São Paulo;SP;01455000;-23.57857;-46.69374;-23.57857;-46.69374;;ALTO;"sem numero de porta; CEP generico de cidade, nao de rua (2,4x mais falha)"
803;;;endereco;Avenida Voluntário Fernando Pinheiro Franco, 48, Mogi das Cruzes - SP, 08710-500, Brasil;Avenida Voluntario Fernando Pinheiro Franco 48 Mogi das Cruzes SP 08710500 Brazil;Mogi das Cruzes;SP;08710500;-23.52401;-46.19499;-23.52401;-46.19499;;;
804;;;endereco;Rua Senador Flaquer, 304, Centro, Santo André - SP, 09010-160, Brasil;Rua Senador Flaquer 304 Santo Andre SP 09010160 Brazil;Santo André;SP;09010160;-23.66139;-46.52493;-23.66139;-46.52493;Centro;;
805;;;endereco;Rua Felício Marcondes, 361, Centro, Guarulhos - SP, 07010-030, Brasil;Rua Felicio Marcondes 361 Guarulhos SP 07010030 Brazil;Guarulhos;SP;07010030;-23.46694;-46.53032;-23.46694;-46.53032;Centro;;
806;;;endereco;Rua Floriano Peixoto, 53, Centro, Araçatuba - SP, 16010-000, Brasil;Rua Floriano Peixoto 53 Aracatuba SP 16010000 Brazil;Araçatuba;SP;16010000;-21.20589;-50.43764;-21.20589;-50.43764;Centro;MEDIO;CEP generico de cidade, nao de rua (2,4x mais falha)
807;;;endereco;Rua Bernardino de Campos, 3390, Centro, São José do Rio Preto - SP, 15015-300, Brasil;Rua Bernardino de Campos 3390 Sao Jose do Rio Preto SP 15015300 Brazil;São José do Rio Preto;SP;15015300;-20.8137;-49.38352;-20.8137;-49.38352;Centro;;
808;;;endereco;Avenida Charles Schnneider, 1555, Barranco, Taubaté - SP, 12040-001, Brasil;Avenida Charles Schnneider 1555 Taubate SP 12040001 Brazil;Taubaté;SP;12040001;-23.02604;-45.58105;-23.02604;-45.58105;Barranco;;
809;;;endereco;Rua Carlos Dietzsch, 120, Portão, Curitiba - PR, 80330-000, Brasil;Rua Carlos Dietzsch 120 Curitiba PR 80330000 Brazil;Curitiba;PR;80330000;-25.4726;-49.29559;-25.4726;-49.29559;Portão;MEDIO;CEP generico de cidade, nao de rua (2,4x mais falha)
810;;;endereco;Rua Coriolano, 369, Lapa, São Paulo - SP, 05047-000, Brasil;Rua Coriolano 369 Sao Paulo SP 05047000 Brazil;São Paulo;SP;05047000;-23.52627;-46.68898;-23.52627;-46.68898;Lapa;MEDIO;CEP generico de cidade, nao de rua (2,4x mais falha)
811;;;endereco;Rua Soares de Barros, 93, Itaim Bibi, São Paulo - SP, 04543-000, Brasil;Rua Soares de Barros 93 Sao Paulo SP 04543000 Brazil;São Paulo;SP;04543000;-23.58987;-46.68024;-23.58987;-46.68024;Itaim Bibi;MEDIO;CEP generico de cidade, nao de rua (2,4x mais falha)
812;;;endereco;Avenida João Pinheiro, 215, Funcionários, Belo Horizonte - MG, 30130-183, Brasil;Avenida Joao Pinheiro 215 Belo Horizonte MG 30130183 Brazil;Belo Horizonte;MG;30130183;-19.92723;-43.93641;-19.92723;-43.93641;Funcionários;;
813;;;endereco;EZvolt, Praia de Botafogo, 440, Botafogo, Rio de Janeiro - RJ, 22250-040, Brasil;Praia de Botafogo 440 Rio de Janeiro RJ 22250040 Brazil;Rio de Janeiro;RJ;22250040;-22.94868;-43.1827;-22.94868;-43.1827;Botafogo;;
814;;;endereco;Rua Visconde de Pirajá, 254, Ipanema, Rio de Janeiro - RJ, 22410-000, Brasil;Rua Visconde de Piraja 254 Rio de Janeiro RJ 22410000 Brazil;Rio de Janeiro;RJ;22410000;-22.98426;-43.20228;-22.98426;-43.20228;Ipanema;MEDIO;CEP generico de cidade, nao de rua (2,4x mais falha)
815;;;endereco;Rua Candelária, Centro, Rio de Janeiro - RJ, 20091-020, Brasil;Rua Candelaria Centro Rio de Janeiro RJ 20091020 Brazil;Rio de Janeiro;RJ;20091020;-22.90122;-43.17702;-22.90122;-43.17702;;ALTO;sem numero de porta
816;;;endereco;Labormed, Rua Ator Paulo Gustavo, 70, Icaraí, Niterói - RJ, 24230-062, Brasil;Rua Ator Paulo Gustavo 70 Niteroi RJ 24230062 Brazil;Niterói;RJ;24230062;-22.90612;-43.11221;-22.90612;-43.11221;Icaraí;;
817;;;endereco;Rua Duque de Caxias, 521, Setor Central, Ribeirão Preto - SP, 14015-020, Brasil;Rua Duque de Caxias 521 Ribeirao Preto SP 14015020 Brazil;Ribeirão Preto;SP;14015020;-21.17423;-47.80903;-21.17423;-47.80903;Setor Central;;
818;;;endereco;Rua Américo Brasiliense, 296, Setor Central, Ribeirão Preto - SP, 14015-050, Brasil;Rua Americo Brasiliense 296 Ribeirao Preto SP 14015050 Brazil;Ribeirão Preto;SP;14015050;-21.17602;-47.81174;-21.17602;-47.81174;Setor Central;;
819;;;endereco;Avenida Afonso Pena, 778, Centro, Uberlândia - MG, 38400-130, Brasil;Avenida Afonso Pena 778 Uberlandia MG 38400130 Brazil;Uberlândia;MG;38400130;-18.91711;-48.27665;-18.91711;-48.27665;Centro;;
820;;;endereco;Netatur, Praça Estado da Palestina, Oeste, Goiânia - GO, 74115-071, Brasil;Netatur Praca Estado da Palestina Oeste Goiania GO 74115071 Brazil;Goiânia;GO;74115071;-16.68372;-49.2663;-16.68372;-49.2663;;ALTO;sem numero de porta
821;;;endereco;Rua T-27, 1072, Bueno, Goiânia - GO, 74210-030, Brasil;Rua T 27 1072 Goiania GO 74210030 Brazil;Goiânia;GO;74210030;-16.69588;-49.27242;-16.69588;-49.27242;Bueno;;
822;;;endereco;Rua José Ramon Urtiza, 807, Vila Andrade, São Paulo - SP, 05717-270, Brasil;Rua Jose Ramon Urtiza 807 Sao Paulo SP 05717270 Brazil;São Paulo;SP;05717270;-23.63328;-46.73114;-23.63328;-46.73114;Vila Andrade;;
823;;;endereco;Avenida Doutor Cardoso de Melo, 1368, Itaim Bibi, São Paulo - SP, 04548-004, Brasil;Avenida Doutor Cardoso de Melo 1368 Sao Paulo SP 04548004 Brazil;São Paulo;SP;04548004;-23.59739;-46.68658;-23.59739;-46.68658;Itaim Bibi;;
824;;;endereco;Avenida Ibirapuera, 2349, Moema, São Paulo - SP, 04029-200, Brasil;Avenida Ibirapuera 2349 Sao Paulo SP 04029200 Brazil;São Paulo;SP;04029200;-23.60475;-46.66291;-23.60475;-46.66291;Moema;;
825;;;endereco;Avenida Doutor Nilo Peçanha, 2320, Passo da Areia, Porto Alegre - RS, 91330-000, Brasil;Avenida Doutor Nilo Pecanha 2320 Porto Alegre RS 91330000 Brazil;Porto Alegre;RS;91330000;-30.02794;-51.16912;-30.02794;-51.16912;Passo da Areia;MEDIO;CEP generico de cidade, nao de rua (2,4x mais falha)
826;;;endereco;Rua Emília Marengo, 100, Vila Formosa, São Paulo - SP, 03336-000, Brasil;Rua Emilia Marengo 100 Sao Paulo SP 03336000 Brazil;São Paulo;SP;03336000;-23.55309;-46.56619;-23.55309;-46.56619;Vila Formosa;MEDIO;CEP generico de cidade, nao de rua (2,4x mais falha)
827;;;endereco;Banco Santander Select, Avenida Nove de Julho, 1088, Subsetor Sul-1, Ribeirão Preto - SP, 14025-000, Brasil;Avenida Nove de Julho 1088 Ribeirao Preto SP 14025000 Brazil;Ribeirão Preto;SP;14025000;-21.18738;-47.80859;-21.18738;-47.80859;Subsetor Sul-1;MEDIO;CEP generico de cidade, nao de rua (2,4x mais falha)
828;;;endereco;Avenida Angélica, 1951, Consolação, São Paulo - SP, 01228-100, Brasil;Avenida Angelica 1951 Sao Paulo SP 01228100 Brazil;São Paulo;SP;01228100;-23.54963;-46.65941;-23.54963;-46.65941;Consolação;;
829;;;endereco;Rua Boa Morte, 966, Centro, Piracicaba - SP, 13400-140, Brasil;Rua Boa Morte 966 Piracicaba SP 13400140 Brazil;Piracicaba;SP;13400140;-22.7251;-47.64963;-22.7251;-47.64963;Centro;;
830;;;endereco;Rua Augusta, 2901, Jardim Paulista, São Paulo - SP, 01412-100, Brasil;Rua Augusta 2901 Sao Paulo SP 01412100 Brazil;São Paulo;SP;01412100;-23.56583;-46.66816;-23.56583;-46.66816;Jardim Paulista;;
831;;;endereco;Avenida Graça Aranha, 57A, Centro, Rio de Janeiro - RJ, 20030-002, Brasil;Avenida Graca Aranha 57A Rio de Janeiro RJ 20030002 Brazil;Rio de Janeiro;RJ;20030002;-22.90928;-43.17436;-22.90928;-43.17436;Centro;;
832;;;endereco;Rua Lord Cockrane, 649, Ipiranga, São Paulo - SP, 04213-001, Brasil;Rua Lord Cockrane 649 Sao Paulo SP 04213001 Brazil;São Paulo;SP;04213001;-23.59251;-46.60144;-23.59251;-46.60144;Ipiranga;;
833;;;endereco;Rua Senador Flaquer, 391, Centro, Santo André - SP, 09010-160, Brasil;Rua Senador Flaquer 391 Santo Andre SP 09010160 Brazil;Santo André;SP;09010160;-23.66178;-46.52425;-23.66178;-46.52425;Centro;;
834;;;endereco;Hilton, Avenida das Nações Unidas, 12901, Itaim Bibi, São Paulo - SP, 04576-080, Brasil;Avenida das Nacoes Unidas 12901 Sao Paulo SP 04576080 Brazil;São Paulo;SP;04576080;-23.61118;-46.69609;-23.61118;-46.69609;Itaim Bibi;;
835;;;endereco;Rua Rio Branco, 24-25, Vila Samaritana, Bauru - SP, 17016-190, Brasil;Rua Rio Branco 24 25 Vila Samaritana Bauru SP 17016190 Brazil;Bauru;SP;17016190;-22.33739;-49.06759;-22.33739;-49.06759;;ALTO;sem numero de porta
836;;;endereco;Avenida Brasil, Manoel Honório, Juiz de Fora - MG, 36035-030, Brasil;Avenida Brasil Manoel Honorio Juiz de Fora MG 36035030 Brazil;Juiz de Fora;MG;36035030;-21.74507;-43.35296;-21.74507;-43.35296;;ALTO;sem numero de porta
837;;;endereco;Cléber Cabola Romano - Flores, Avenida Professor Fonseca Rodrigues, 301, Alto de Pinheiros, São Paulo - SP, 05461-010, Brasil;Avenida Professor Fonseca Rodrigues 301 Sao Paulo SP 05461010 Brazil;São Paulo;SP;05461010;-23.55326;-46.71005;-23.55326;-46.71005;Alto de Pinheiros;;
838;;;endereco;Caixa Eletrônico Banco Real Shop Pratavieira, Avenida Júlio de Castilhos, 2025, Centro, Caxias do Sul - RS, 95020-425, Brasil;Avenida Julio de Castilhos 2025 Caxias do Sul RS 95020425 Brazil;Caxias do Sul;RS;95020425;-29.16769;-51.18208;-29.16769;-51.18208;Centro;;
839;;;endereco;Avenida Adolfo Pinheiro, 2115, Santo Amaro, São Paulo - SP, 04734-003, Brasil;Avenida Adolfo Pinheiro 2115 Sao Paulo SP 04734003 Brazil;São Paulo;SP;04734003;-23.63603;-46.69461;-23.63603;-46.69461;Santo Amaro;;
840;;;endereco;Avenida Brigadeiro Faria Lima, 3935, Itaim Bibi, São Paulo - SP, 04538-133, Brasil;Avenida Brigadeiro Faria Lima 3935 Sao Paulo SP 04538133 Brazil;São Paulo;SP;04538133;-23.59071;-46.68098;-23.59071;-46.68098;Itaim Bibi;;
841;;;endereco;Praça Sílvio Romero, 133, Tatuapé, São Paulo - SP, 03323-000, Brasil;Praca Silvio Romero 133 Sao Paulo SP 03323000 Brazil;São Paulo;SP;03323000;-23.54471;-46.57314;-23.54471;-46.57314;Tatuapé;MEDIO;CEP generico de cidade, nao de rua (2,4x mais falha)
842;;;endereco;Avenida Água Verde, 766, Água Verde, Curitiba - PR, 80620-200, Brasil;Avenida Agua Verde 766 Curitiba PR 80620200 Brazil;Curitiba;PR;80620200;-25.45276;-49.27877;-25.45276;-49.27877;Água Verde;;
843;;;endereco;Passagem B, 731, Alphaville, Barueri - SP, 06455-000, Brasil;Passagem B 731 Barueri SP 06455000 Brazil;Barueri;SP;06455000;-23.49805;-46.85441;-23.49805;-46.85441;Alphaville;MEDIO;CEP generico de cidade, nao de rua (2,4x mais falha)
844;;;endereco;Avenida Goethe, 20, Rio Branco, Porto Alegre - RS, 90430-100, Brasil;Avenida Goethe 20 Porto Alegre RS 90430100 Brazil;Porto Alegre;RS;90430100;-30.02983;-51.20107;-30.02983;-51.20107;Rio Branco;;
845;;;endereco;Avenida Nazaré, 597, Ipiranga, São Paulo - SP, 04263-000, Brasil;Avenida Nazare 597 Sao Paulo SP 04263000 Brazil;São Paulo;SP;04263000;-23.58935;-46.61044;-23.58935;-46.61044;Ipiranga;MEDIO;CEP generico de cidade, nao de rua (2,4x mais falha)
846;;;endereco;Rua Galeão Carvalhal, 47, Gonzaga, Santos - SP, 11055-201, Brasil;Rua Galeao Carvalhal 47 Santos SP 11055201 Brazil;Santos;SP;11055201;-23.96769;-46.33202;-23.96769;-46.33202;Gonzaga;;
847;;;endereco;Rua Bernardino de Campos, 3918, Redentora, São José do Rio Preto - SP, 15015-300, Brasil;Rua Bernardino de Campos 3918 Sao Jose do Rio Preto SP 15015300 Brazil;São José do Rio Preto;SP;15015300;-20.81719;-49.38717;-20.81719;-49.38717;Redentora;;
848;;;endereco;Valens Serviços Financeiros, Avenida Brigadeiro Faria Lima, Pinheiros, São Paulo - SP, 01452-001, Brasil;Avenida Brigadeiro Faria Lima Pinheiros Sao Paulo SP 01452001 Brazil;São Paulo;SP;01452001;-23.57841;-46.6859;-23.57841;-46.6859;;ALTO;sem numero de porta
849;;;endereco;Avenida Paes de Barros, 1030, Móoca, São Paulo - SP, 03114-000, Brasil;Avenida Paes de Barros 1030 Sao Paulo SP 03114000 Brazil;São Paulo;SP;03114000;-23.56407;-46.59718;-23.56407;-46.59718;Móoca;MEDIO;CEP generico de cidade, nao de rua (2,4x mais falha)
850;;;endereco;Rua João Lourenço, 580, Moema, São Paulo - SP, 04508-030, Brasil;Rua Joao Lourenco 580 Sao Paulo SP 04508030 Brazil;São Paulo;SP;04508030;-23.58977;-46.66968;-23.58977;-46.66968;Moema;;
851;;;endereco;W P Persinato Comércio, Rua Tupi, Centro Histórico, Londrina - PR, 86020-350, Brasil;Rua Tupi Centro Historico Londrina PR 86020350 Brazil;Londrina;PR;86020350;-23.31071;-51.16583;-23.31071;-51.16583;;ALTO;sem numero de porta
852;;;endereco;Praça Charles Miller, 108, Perdizes, São Paulo - SP, 01236-060, Brasil;Praca Charles Miller 108 Sao Paulo SP 01236060 Brazil;São Paulo;SP;01236060;-23.54363;-46.66599;-23.54363;-46.66599;Perdizes;;
853;;;endereco;Avenida Nossa Senhora de Copacabana, 592, Copacabana, Rio de Janeiro - RJ, 22020-001, Brasil;Avenida Nossa Senhora de Copacabana 592 Rio de Janeiro RJ 22020001 Brazil;Rio de Janeiro;RJ;22020001;-22.96939;-43.18527;-22.96939;-43.18527;Copacabana;;
854;;;endereco;Rua Coronel Quirino, 925, Cambuí, Campinas - SP, 13025-001, Brasil;Rua Coronel Quirino 925 Campinas SP 13025001 Brazil;Campinas;SP;13025001;-22.89989;-47.05249;-22.89989;-47.05249;Cambuí;;
855;;;endereco;Avenida Washington Luís, 210, Encruzilhada, Santos - SP, 11050-200, Brasil;Avenida Washington Luis 210 Santos SP 11050200 Brazil;Santos;SP;11050200;-23.95538;-46.32646;-23.95538;-46.32646;Encruzilhada;;
856;;;endereco;Avenida Floriano Peixoto, 850, Centro, Uberlândia - MG, 38400-102, Brasil;Avenida Floriano Peixoto 850 Uberlandia MG 38400102 Brazil;Uberlândia;MG;38400102;-18.9165;-48.27422;-18.9165;-48.27422;Centro;;
857;;;endereco;Rua Rangel Pestana, 268, Centro, Jundiaí - SP, 13201-000, Brasil;Rua Rangel Pestana 268 Jundiai SP 13201000 Brazil;Jundiaí;SP;13201000;-23.18633;-46.88409;-23.18633;-46.88409;Centro;MEDIO;CEP generico de cidade, nao de rua (2,4x mais falha)
858;;;endereco;Rua Dom Marcos Barbosa, 2, Cidade Nova, Rio de Janeiro - RJ, 20211-178, Brasil;Rua Dom Marcos Barbosa 2 Rio de Janeiro RJ 20211178 Brazil;Rio de Janeiro;RJ;20211178;-22.91233;-43.20626;-22.91233;-43.20626;Cidade Nova;;
859;;;endereco;Avenida do Contorno, 6082, Savassi, Belo Horizonte - MG, 30110-042, Brasil;Avenida do Contorno 6082 Belo Horizonte MG 30110042 Brazil;Belo Horizonte;MG;30110042;-19.93985;-43.93581;-19.93985;-43.93581;Savassi;;
860;;;endereco;Rua Quinze de Novembro, 201, Sé, São Paulo - SP, 01013-001, Brasil;Rua Quinze de Novembro 201 Sao Paulo SP 01013001 Brazil;São Paulo;SP;01013001;-23.5472;-46.63432;-23.5472;-46.63432;Sé;;
861;;;endereco;Rua Comendador Araújo, 689, Batel, Curitiba - PR, 80420-063, Brasil;Rua Comendador Araujo 689 Curitiba PR 80420063 Brazil;Curitiba;PR;80420063;-25.43834;-49.28133;-25.43834;-49.28133;Batel;;
862;;;endereco;Avenida Escola Politécnica, 97A, Rio Pequeno, São Paulo - SP, 05350-000, Brasil;Avenida Escola Politecnica 97A Sao Paulo SP 05350000 Brazil;São Paulo;SP;05350000;-23.56394;-46.75315;-23.56394;-46.75315;Rio Pequeno;MEDIO;CEP generico de cidade, nao de rua (2,4x mais falha)
863;;;endereco;Rua Felício Marcondes, 237, Centro, Guarulhos - SP, 07010-000, Brasil;Rua Felicio Marcondes 237 Guarulhos SP 07010000 Brazil;Guarulhos;SP;07010000;-23.46809;-46.53014;-23.46809;-46.53014;Centro;MEDIO;CEP generico de cidade, nao de rua (2,4x mais falha)
864;;;endereco;Avenida Brigadeiro Faria Lima, 2726, Pinheiros, São Paulo - SP, 01452-001, Brasil;Avenida Brigadeiro Faria Lima 2726 Sao Paulo SP 01452001 Brazil;São Paulo;SP;01452001;-23.58051;-46.68539;-23.58051;-46.68539;Pinheiros;;
865;;;endereco;Rua Domingos de Morais, 817, Vila Mariana, São Paulo - SP, 04010-100, Brasil;Rua Domingos de Morais 817 Sao Paulo SP 04010100 Brazil;São Paulo;SP;04010100;-23.58371;-46.63744;-23.58371;-46.63744;Vila Mariana;;
866;;;endereco;Rua XV de Novembro, Telêmaco Borba - PR, 84265-400, Brasil;Rua XV de Novembro Telemaco Borba PR 84265400 Brazil;Telêmaco Borba;PR;84265400;-24.3318;-50.62653;-24.3318;-50.62653;;ALTO;sem numero de porta
867;;;endereco;Avenida Pelinca, 154, Parque Avenida Pelinca, Campos dos Goytacazes - RJ, 28035-053, Brasil;Avenida Pelinca 154 Campos dos Goytacazes RJ 28035053 Brazil;Campos dos Goytacazes;RJ;28035053;-21.75961;-41.33362;-21.75961;-41.33362;Parque Avenida Pelinca;;
868;;;endereco;Rua Roxo Moreira, 910, Barão Geraldo, Campinas - SP, 13083-830, Brasil;Rua Roxo Moreira 910 Campinas SP 13083830 Brazil;Campinas;SP;13083830;-22.81954;-47.07238;-22.81954;-47.07238;Barão Geraldo;;
869;;;endereco;Rua Botucatu, 653, Vila Mariana, São Paulo - SP, 04023-062, Brasil;Rua Botucatu 653 Sao Paulo SP 04023062 Brazil;São Paulo;SP;04023062;-23.59727;-46.64248;-23.59727;-46.64248;Vila Mariana;;
870;;;endereco;Rua Joaquim Nabuco, 169, Campo Belo, São Paulo - SP, 04621-001, Brasil;Rua Joaquim Nabuco 169 Sao Paulo SP 04621001 Brazil;São Paulo;SP;04621001;-23.62391;-46.68362;-23.62391;-46.68362;Campo Belo;;
871;;;endereco;Avenida Álvares Cabral, 1797, Santo Agostinho, Belo Horizonte - MG, 30170-008, Brasil;Avenida Alvares Cabral 1797 Belo Horizonte MG 30170008 Brazil;Belo Horizonte;MG;30170008;-19.93353;-43.95091;-19.93353;-43.95091;Santo Agostinho;;
872;;;endereco;Rua Conde de Bonfim, 149, Tijuca, Rio de Janeiro - RJ, 20520-050, Brasil;Rua Conde de Bonfim 149 Rio de Janeiro RJ 20520050 Brazil;Rio de Janeiro;RJ;20520050;-22.92526;-43.2263;-22.92526;-43.2263;Tijuca;;
873;;;endereco;Rua Uruguai, 244, Centro Histórico, Porto Alegre - RS, 90010-140, Brasil;Rua Uruguai 244 Porto Alegre RS 90010140 Brazil;Porto Alegre;RS;90010140;-30.02882;-51.22887;-30.02882;-51.22887;Centro Histórico;;
874;;;endereco;Avenida Jornalista Rubens de Arruda Ramos, 1254, Centro, Florianópolis - SC, 88015-700, Brasil;Avenida Jornalista Rubens de Arruda Ramos 1254 Florianopolis SC 88015700 Brazil;Florianópolis;SC;88015700;-27.58867;-48.55734;-27.58867;-48.55734;Centro;;
875;;;endereco;Rua Dolores Carvalho Vasconcelos, 332, Glória, Macaé - RJ, 27937-600, Brasil;Rua Dolores Carvalho Vasconcelos 332 Macae RJ 27937600 Brazil;Macaé;RJ;27937600;-22.40234;-41.7966;-22.40234;-41.7966;Glória;;
876;;;endereco;Rua Gavião Peixoto, 250, Icaraí, Niterói - RJ, 24230-092, Brasil;Rua Gaviao Peixoto 250 Niteroi RJ 24230092 Brazil;Niterói;RJ;24230092;-22.90562;-43.10832;-22.90562;-43.10832;Icaraí;;
877;;;endereco;Itaigara, Avenida Barão de Itapura, 390, Vila Itapura, Campinas - SP, 13020-431, Brasil;Avenida Barao de Itapura 390 Campinas SP 13020431 Brazil;Campinas;SP;13020431;-22.89643;-47.06724;-22.89643;-47.06724;Vila Itapura;;
878;;;endereco;Avenida Quinze de Novembro, 155, Centro, São José dos Campos - SP, 12210-070, Brasil;Avenida Quinze de Novembro 155 Sao Jose dos Campos SP 12210070 Brazil;São José dos Campos;SP;12210070;-23.18552;-45.88638;-23.18552;-45.88638;Centro;;
879;;;endereco;Rua Quinze de Novembro, 26, Sé, São Paulo - SP, 01013-001, Brasil;Rua Quinze de Novembro 26 Sao Paulo SP 01013001 Brazil;São Paulo;SP;01013001;-23.54876;-46.63369;-23.54876;-46.63369;Sé;;
880;;;endereco;Avenida Sampaio Vidal, 536, Marília - SP, 17500-020, Brasil;Avenida Sampaio Vidal 536 Marilia SP 17500020 Brazil;Marília;SP;17500020;-22.21807;-49.94844;-22.21807;-49.94844;;;
881;;;endereco;Avenida Leopoldino de Oliveira, 3265, Uberaba - MG, 38010-000, Brasil;Avenida Leopoldino de Oliveira 3265 Uberaba MG 38010000 Brazil;Uberaba;MG;38010000;-19.75034;-47.93325;-19.75034;-47.93325;;MEDIO;CEP generico de cidade, nao de rua (2,4x mais falha)
882;;;endereco;Rua Floriano Peixoto, 651, Abaeté - MG, 35620-000, Brasil;Rua Floriano Peixoto 651 Abaete MG 35620000 Brazil;Abaeté;MG;35620000;-19.15393;-45.4523;-19.15393;-45.4523;;MEDIO;CEP generico de cidade, nao de rua (2,4x mais falha)
883;;;endereco;Clínica Femina, Rua Doutor João Colin, Centro, Joinville - SC, 89201-299, Brasil;Rua Doutor Joao Colin Centro Joinville SC 89201299 Brazil;Joinville;SC;89201299;-26.29975;-48.84803;-26.29975;-48.84803;;ALTO;sem numero de porta
884;;;endereco;Avenida Paulista, 687, Jardim Paulista, São Paulo - SP, 01310-100, Brasil;Avenida Paulista 687 Sao Paulo SP 01310100 Brazil;São Paulo;SP;01310100;-23.56728;-46.65012;-23.56728;-46.65012;Jardim Paulista;;
885;;;endereco;Avenida Francisco Glicério, 826, Centro, Campinas - SP, 13012-100, Brasil;Avenida Francisco Glicerio 826 Campinas SP 13012100 Brazil;Campinas;SP;13012100;-22.90714;-47.0584;-22.90714;-47.0584;Centro;;
886;;;endereco;Avenida Rio Branco, 70, Centro, Rio de Janeiro - RJ, 20040-070, Brasil;Avenida Rio Branco 70 Rio de Janeiro RJ 20040070 Brazil;Rio de Janeiro;RJ;20040070;-22.90186;-43.1791;-22.90186;-43.1791;Centro;;
887;;;endereco;Rua Voluntários da Pátria, 198, Botafogo, Rio de Janeiro - RJ, 22270-000, Brasil;Rua Voluntarios da Patria 198 Rio de Janeiro RJ 22270000 Brazil;Rio de Janeiro;RJ;22270000;-22.9528;-43.1885;-22.9528;-43.1885;Botafogo;MEDIO;CEP generico de cidade, nao de rua (2,4x mais falha)
888;;;endereco;Avenida Sumaré, 1130, Perdizes, São Paulo - SP, 05016-110, Brasil;Avenida Sumare 1130 Sao Paulo SP 05016110 Brazil;São Paulo;SP;05016110;-23.53903;-46.67532;-23.53903;-46.67532;Perdizes;;
889;;;endereco;Centro Odontológico Agami, Rua Treze de Maio, Bela Vista, São Paulo - SP, 04849-529, Brasil;Rua Treze de Maio Bela Vista Sao Paulo SP 04849529 Brazil;São Paulo;SP;04849529;-23.57068;-46.6443;-23.57068;-46.6443;;ALTO;sem numero de porta
890;;;endereco;Rua Augusta, 1611, Consolação, São Paulo - SP, 01304-001, Brasil;Rua Augusta 1611 Sao Paulo SP 01304001 Brazil;São Paulo;SP;01304001;-23.55748;-46.6594;-23.55748;-46.6594;Consolação;;
891;;;endereco;Alameda Gabriel Monteiro da Silva, 1236, Pinheiros, São Paulo - SP, 05477-000, Brasil;Alameda Gabriel Monteiro da Silva 1236 Sao Paulo SP 05477000 Brazil;São Paulo;SP;05477000;-23.57019;-46.68053;-23.57019;-46.68053;Pinheiros;MEDIO;CEP generico de cidade, nao de rua (2,4x mais falha)
892;;;endereco;Rua Baraldi, 1070, Centro, São Caetano do Sul - SP, 09510-010, Brasil;Rua Baraldi 1070 Sao Caetano do Sul SP 09510010 Brazil;São Caetano do Sul;SP;09510010;-23.61405;-46.57055;-23.61405;-46.57055;Centro;;
893;;;endereco;Avenida Afonso Pena, 4123, Serra, Belo Horizonte - MG, 30130-009, Brasil;Avenida Afonso Pena 4123 Belo Horizonte MG 30130009 Brazil;Belo Horizonte;MG;30130009;-19.94626;-43.92153;-19.94626;-43.92153;Serra;;
894;;;endereco;Avenida das Américas, 3333, Barra da Tijuca, Rio de Janeiro - RJ, 22631-003, Brasil;Avenida das Americas 3333 Rio de Janeiro RJ 22631003 Brazil;Rio de Janeiro;RJ;22631003;-23.00092;-43.34783;-23.00092;-43.34783;Barra da Tijuca;;
895;;;endereco;Avenida República do Líbano, 1860, Oeste, Goiânia - GO, 74125-125, Brasil;Avenida Republica do Libano 1860 Goiania GO 74125125 Brazil;Goiânia;GO;74125125;-16.6823;-49.26653;-16.6823;-49.26653;Oeste;;
896;;;endereco;Avenida Antônio de Almeida Leite, 1064, Jardim Paulista, Ourinhos - SP, 19907-000, Brasil;Avenida Antonio de Almeida Leite 1064 Ourinhos SP 19907000 Brazil;Ourinhos;SP;19907000;-22.97866;-49.88087;-22.97866;-49.88087;Jardim Paulista;MEDIO;CEP generico de cidade, nao de rua (2,4x mais falha)
897;;;endereco;Avenida Professor Celso Ferreira da Silva, 190, Jardim Europa III, Avaré - SP, 18707-150, Brasil;Avenida Professor Celso Ferreira da Silva 190 Avare SP 18707150 Brazil;Avaré;SP;18707150;-23.08878;-48.92318;-23.08878;-48.92318;Jardim Europa III;;
898;;;endereco;Shell SELECT, Rua Gustavo Maciel, 25-85, Vila Samaritana, Bauru - SP, 17012-110, Brasil;Rua Gustavo Maciel 25 85 Vila Samaritana Bauru SP 17012110 Brazil;Bauru;SP;17012110;-22.33289;-49.06781;-22.33289;-49.06781;;ALTO;sem numero de porta
899;;;endereco;Rua Virgílio Malta, 22-16, Jardim Estoril, Bauru - SP, 17016-080, Brasil;Rua Virgilio Malta 22 16 Jardim Estoril Bauru SP 17016080 Brazil;Bauru;SP;17016080;-22.33824;-49.0709;-22.33824;-49.0709;;ALTO;sem numero de porta
900;;;endereco;Avenida Getúlio Vargas, 6, Vila Mariana, Bauru - SP, 17017-000, Brasil;Avenida Getulio Vargas 6 Bauru SP 17017000 Brazil;Bauru;SP;17017000;-22.34023;-49.06275;-22.34023;-49.06275;Vila Mariana;MEDIO;CEP generico de cidade, nao de rua (2,4x mais falha)
901;;;endereco;Rua José Vieira da Cunha e Silva, 260, Centro, Assis - SP, 19800-140, Brasil;Rua Jose Vieira da Cunha e Silva 260 Assis SP 19800140 Brazil;Assis;SP;19800140;-22.66205;-50.41642;-22.66205;-50.41642;Centro;;
902;;;endereco;Rua Lourenço Prado, 206, Centro, Jaú - SP, 17201-000, Brasil;Rua Lourenco Prado 206 Jau SP 17201000 Brazil;Jaú;SP;17201000;-22.29652;-48.55621;-22.29652;-48.55621;Centro;MEDIO;CEP generico de cidade, nao de rua (2,4x mais falha)
903;;;endereco;Rua José Benedito Nogueira, 9, Jardim Tropical, Botucatu - SP, 18607-289, Brasil;Rua Jose Benedito Nogueira 9 Botucatu SP 18607289 Brazil;Botucatu;SP;18607289;-22.88917;-48.46316;-22.88917;-48.46316;Jardim Tropical;;
904;;;endereco;Rua José Cimino, 42, Marília - SP, 17507-102, Brasil;Rua Jose Cimino 42 Marilia SP 17507102 Brazil;Marília;SP;17507102;-22.19452;-49.96251;-22.19452;-49.96251;;;
905;;;endereco;Rua Treze de Maio, 797, Centro, Piracicaba - SP, 13400-300, Brasil;Rua Treze de Maio 797 Piracicaba SP 13400300 Brazil;Piracicaba;SP;13400300;-22.72277;-47.64717;-22.72277;-47.64717;Centro;;
906;;;endereco;Rua Álvares Cabral, 421, Marília - SP, 17501-100, Brasil;Rua Alvares Cabral 421 Marilia SP 17501100 Brazil;Marília;SP;17501100;-22.22019;-49.94379;-22.22019;-49.94379;;;
907;;;endereco;Travessa Portugal, 164, Cidade Jardim, Piracicaba - SP, 13416-470, Brasil;Travessa Portugal 164 Piracicaba SP 13416470 Brazil;Piracicaba;SP;13416470;-22.71877;-47.64576;-22.71877;-47.64576;Cidade Jardim;;
908;;;endereco;Avenida Professora Izoraida M. Peres, 256, Parque Campolim, Sorocaba - SP, 18048-110, Brasil;Avenida Professora Izoraida M Peres 256 Sorocaba SP 18048110 Brazil;Sorocaba;SP;18048110;-23.53228;-47.46582;-23.53228;-47.46582;Parque Campolim;;
909;;;endereco;Avenida São Carlos, 1069, Centro, São Carlos - SP, 13560-010, Brasil;Avenida Sao Carlos 1069 Sao Carlos SP 13560010 Brazil;São Carlos;SP;13560010;-22.024;-47.89077;-22.024;-47.89077;Centro;;
910;;;endereco;Rua Visconde do Rio Branco, 1488, Centro, Curitiba - PR, 80420-210, Brasil;Rua Visconde do Rio Branco 1488 Curitiba PR 80420210 Brazil;Curitiba;PR;80420210;-25.43475;-49.27871;-25.43475;-49.27871;Centro;;
911;;;endereco;Avenida dos Estudantes, 361, Lençóis Paulista - SP, 18682-170, Brasil;Avenida dos Estudantes 361 Lencois Paulista SP 18682170 Brazil;Lençóis Paulista;SP;18682170;-22.60825;-48.80472;-22.60825;-48.80472;;;
912;;;endereco;Rua Fulvio Salvador Pagani, Campinas - SP, 13080-657, Brasil;Rua Fulvio Salvador Pagani Campinas SP 13080657 Brazil;Campinas;SP;13080657;-22.84961;-47.08349;-22.84961;-47.08349;;ALTO;sem numero de porta
913;;;endereco;Avenida Barão de Itapura, 3223, Jardim Nossa Senhora Auxiliadora, Campinas - SP, 13076-269, Brasil;Avenida Barao de Itapura 3223 Campinas SP 13076269 Brazil;Campinas;SP;13076269;-22.8789;-47.05399;-22.8789;-47.05399;Jardim Nossa Senhora Auxiliadora;;
914;;;endereco;Ruff Distribuidora de Combustíveis, Loteamento Residencial Vila Bella, Campinas - SP, 13087-725, Brasil;Ruff Distribuidora de Combustiveis Loteamento Residencial Vila Bella Campinas SP 13087725 Brazil;Campinas;SP;13087725;-22.8569;-47.05522;-22.8569;-47.05522;;ALTO;sem numero de porta
915;;;endereco;Avenida Francisco Glicério, 1101, Centro, Campinas - SP, 13012-000, Brasil;Avenida Francisco Glicerio 1101 Campinas SP 13012000 Brazil;Campinas;SP;13012000;-22.90501;-47.05978;-22.90501;-47.05978;Centro;MEDIO;CEP generico de cidade, nao de rua (2,4x mais falha)
916;;;endereco;Rua Francisco Leite, 290, Centro, Araras - SP, 13600-180, Brasil;Rua Francisco Leite 290 Araras SP 13600180 Brazil;Araras;SP;13600180;-22.35637;-47.38939;-22.35637;-47.38939;Centro;;
917;;;endereco;Rua Onze de Agosto, 139, Tietê - SP, 18530-000, Brasil;Rua Onze de Agosto 139 Tiete SP 18530000 Brazil;Tietê;SP;18530000;-23.10804;-47.71305;-23.10804;-47.71305;;MEDIO;CEP generico de cidade, nao de rua (2,4x mais falha)
918;;;endereco;Rua Visconde do Rio Branco, 550, Cidade Alta, Piracicaba - SP, 13419-115, Brasil;Rua Visconde do Rio Branco 550 Piracicaba SP 13419115 Brazil;Piracicaba;SP;13419115;-22.72604;-47.63842;-22.72604;-47.63842;Cidade Alta;;
919;;;endereco;Rua Doutor César Paranhos de Godoy, Jardim Chapadão, Campinas - SP, 13070-075, Brasil;Rua Doutor Cesar Paranhos de Godoy Jardim Chapadao Campinas SP 13070075 Brazil;Campinas;SP;13070075;-22.89334;-47.08845;-22.89334;-47.08845;;ALTO;sem numero de porta
920;;;endereco;Rua Engenheiro Carlos Stevenson, 421, Nova Campinas, Campinas - SP, 13092-170, Brasil;Rua Engenheiro Carlos Stevenson 421 Campinas SP 13092170 Brazil;Campinas;SP;13092170;-22.90162;-47.04517;-22.90162;-47.04517;Nova Campinas;;
921;;;endereco;Rua Visconde do Rio Branco, 380, Centro, Araras - SP, 13600-140, Brasil;Rua Visconde do Rio Branco 380 Araras SP 13600140 Brazil;Araras;SP;13600140;-22.35424;-47.38383;-22.35424;-47.38383;Centro;;
922;;;endereco;Rua Pres. Humberto de A. Castelo Branco, 382, Jardim Mercedes, Limeira - SP, 13480-230, Brasil;Rua Pres Humberto de A Castelo Branco 382 Limeira SP 13480230 Brazil;Limeira;SP;13480230;-22.56899;-47.40315;-22.56899;-47.40315;Jardim Mercedes;;
923;;;endereco;Avenida Mogi Mirim, 1249, Mogi Guaçu - SP, 13844-110, Brasil;Avenida Mogi Mirim 1249 Mogi Guacu SP 13844110 Brazil;Mogi Guaçu;SP;13844110;-22.38519;-46.94302;-22.38519;-46.94302;;;
924;;;endereco;Rua Chico Pinto, 712, Centro, Araras - SP, 13600-061, Brasil;Rua Chico Pinto 712 Araras SP 13600061 Brazil;Araras;SP;13600061;-22.35594;-47.38971;-22.35594;-47.38971;Centro;;
925;;;endereco;Praça Capital, Campinas - SP, Brasil;Praca Capital Campinas SP Brazil;Campinas;SP;;-22.84748;-47.08579;-22.84748;-47.08579;;ALTO;sem numero de porta
926;;;endereco;Khouri, Pereira Sociedade de Advogados, Avenida Cassiano Ricardo, 601, Parque Residencial Aquarius, São José dos Campos - SP, 12240-540, Brasil;Avenida Cassiano Ricardo 601 Sao Jose dos Campos SP 12240540 Brazil;São José dos Campos;SP;12240540;-23.21996;-45.9106;-23.21996;-45.9106;Parque Residencial Aquarius;;
927;;;endereco;Rua República do Iraque, 80, Jardim Oswaldo Cruz, São José dos Campos - SP, 12216-540, Brasil;Rua Republica do Iraque 80 Sao Jose dos Campos SP 12216540 Brazil;São José dos Campos;SP;12216540;-23.19991;-45.88345;-23.19991;-45.88345;Jardim Oswaldo Cruz;;
928;;;endereco;Avenida Perseu, 161, Jardim Satélite, São José dos Campos - SP, 12230-470, Brasil;Avenida Perseu 161 Sao Jose dos Campos SP 12230470 Brazil;São José dos Campos;SP;12230470;-23.22378;-45.88901;-23.22378;-45.88901;Jardim Satélite;;
929;;;endereco;RN Clínica, Rua Carlos Maria Auricchio, 70, Royal Park, São José dos Campos - SP, 12246-876, Brasil;Rua Carlos Maria Auricchio 70 Sao Jose dos Campos SP 12246876 Brazil;São José dos Campos;SP;12246876;-23.22466;-45.91019;-23.22466;-45.91019;Royal Park;;
930;;;endereco;Olivetti & Silva, Avenida Cassiano Ricardo, 319, Parque Residencial Aquarius, São José dos Campos - SP, 12240-540, Brasil;Avenida Cassiano Ricardo 319 Sao Jose dos Campos SP 12240540 Brazil;São José dos Campos;SP;12240540;-23.21385;-45.90937;-23.21385;-45.90937;Parque Residencial Aquarius;;
931;;;endereco;Avenida das Linhas, 306, Jacareí - SP, 12301-150, Brasil;Avenida das Linhas 306 Jacarei SP 12301150 Brazil;Jacareí;SP;12301150;-23.26566;-45.93834;-23.26566;-45.93834;;;
932;;;endereco;Avenida Cassiano Ricardo, 401, Parque Residencial Aquarius, São José dos Campos - SP, 12246-870, Brasil;Avenida Cassiano Ricardo 401 Sao Jose dos Campos SP 12246870 Brazil;São José dos Campos;SP;12246870;-23.21573;-45.90954;-23.21573;-45.90954;Parque Residencial Aquarius;;
933;;;endereco;Rua Princesa Isabel de Bragança, 235, Mogi das Cruzes - SP, 08710-460, Brasil;Rua Princesa Isabel de Braganca 235 Mogi das Cruzes SP 08710460 Brazil;Mogi das Cruzes;SP;08710460;-23.52351;-46.19638;-23.52351;-46.19638;;;
934;;;endereco;Espaço Engenheiro Riugi Kojima, Avenida Cassiano Ricardo, Jardim Cassiano Ricardo, São José dos Campos - SP, 12240-540, Brasil;Avenida Cassiano Ricardo Jardim Cassiano Ricardo Sao Jose dos Campos SP 12240540 Brazil;São José dos Campos;SP;12240540;-23.22135;-45.91071;-23.22135;-45.91071;;ALTO;sem numero de porta
935;;;endereco;Rua Guaiaó, 560, Aparecida, Santos - SP, 11035-260, Brasil;Rua Guaiao 560 Santos SP 11035260 Brazil;Santos;SP;11035260;-23.97872;-46.309;-23.97872;-46.309;Aparecida;;
936;;;endereco;Rua Vereador Henrique Soler, 73, Ponta da Praia, Santos - SP, 11030-010, Brasil;Rua Vereador Henrique Soler 73 Santos SP 11030010 Brazil;Santos;SP;11030010;-23.98093;-46.29886;-23.98093;-46.29886;Ponta da Praia;;
937;;;endereco;Rua Olímpia, 375, Vila Camilópolis, Santo André - SP, 09230-500, Brasil;Rua Olimpia 375 Santo Andre SP 09230500 Brazil;Santo André;SP;09230500;-23.62094;-46.52805;-23.62094;-46.52805;Vila Camilópolis;;
938;;;endereco;Avenida Paulista, 1450, Bela Vista, São Paulo - SP, 01311-200, Brasil;Avenida Paulista 1450 Sao Paulo SP 01311200 Brazil;São Paulo;SP;01311200;-23.56218;-46.65504;-23.56218;-46.65504;Bela Vista;;
939;;;endereco;Rua Azevedo Soares, 2046, Tatuapé, São Paulo - SP, 03322-002, Brasil;Rua Azevedo Soares 2046 Sao Paulo SP 03322002 Brazil;São Paulo;SP;03322002;-23.54727;-46.557;-23.54727;-46.557;Tatuapé;;
940;;;endereco;Denardi Advogados, Jardim Paulista, São Paulo - SP, 01419-001, Brasil;Jardim Paulista Sao Paulo SP 01419001 Brazil;São Paulo;SP;01419001;-23.56672;-46.65243;-23.56672;-46.65243;;ALTO;sem numero de porta
941;;;endereco;Alameda Santos, 466, Vila Mariana, São Paulo - SP, 01418-000, Brasil;Alameda Santos 466 Sao Paulo SP 01418000 Brazil;São Paulo;SP;01418000;-23.56924;-46.64861;-23.56924;-46.64861;Vila Mariana;MEDIO;CEP generico de cidade, nao de rua (2,4x mais falha)
942;;;endereco;Rua Aurora Sathler Rosa, 350, Palhano, Londrina - PR, 86050-430, Brasil;Rua Aurora Sathler Rosa 350 Londrina PR 86050430 Brazil;Londrina;PR;86050430;-23.33017;-51.17836;-23.33017;-51.17836;Palhano;;
943;;;endereco;Rua José Maria da Silva Paranhos, 446, Presidente, Londrina - PR, 86061-270, Brasil;Rua Jose Maria da Silva Paranhos 446 Londrina PR 86061270 Brazil;Londrina;PR;86061270;-23.31713;-51.17983;-23.31713;-51.17983;Presidente;;
