name,storechain,place_id,formatted_address,city,admin_area,uf,country,cep,lat,lng,categories,types,rating,source,metadata,POI,Estado,Latitude,Longitude,Radius Distance
,,,"Avenida Brasil, 1695, Jardim Paulista, São Paulo - SP, 01431-001, Brasil",São Paulo,,SP,,01431-001,-23.56806,-46.67363,,,,,,Concessionárias,SP,-23.5680833,-46.6735565,0.3
,,,"Rua Mateo Forte, 259, Lapa, São Paulo - SP, 05038-160, Brasil",São Paulo,,SP,,05038-160,-23.51309,-46.69952,,,,,,Concessionárias,SP,-23.5131592,-46.6995648,0.3
,,,"Rua Emílio Mallet, 717, Tatuapé, São Paulo - SP, 03320-000, Brasil",São Paulo,,SP,,03320-000,-23.54672,-46.56685,,,,,,Concessionárias,SP,-23.5466647,-46.5668599,0.3
,,,"Avenida das Nações Unidas, 16979, Santo Amaro, São Paulo - SP, 04794-000, Brasil",São Paulo,,SP,,04794-000,-23.6395,-46.72234,,,,,,Concessionárias,SP,-23.6394536,-46.72234770000001,0.3
,,,"Avenida Tamboré, 973, Alphaville, Barueri - SP, 06460-000, Brasil",Barueri,,SP,,06460-000,-23.49714,-46.84226,,,,,,Concessionárias,SP,-23.497236,-46.8419513,0.3
,,,"Rua Jubiabá, 150, Alto de Pinheiros, São Paulo - SP, 05444-030, Brasil",São Paulo,,SP,,05444-030,-23.55507,-46.69845,,,,,,Concessionárias,SP,-23.5550659,-46.698443,0.3
,,,"Rua Jerônimo da Veiga, 446, Itaim Bibi, São Paulo - SP, 04536-001, Brasil",São Paulo,,SP,,04536-001,-23.58192,-46.68325,,,,,,Concessionárias,SP,-23.5819293,-46.6832098,0.3
,,,"Rua Ibirá, 181, Vila Scarpelli, Santo André - SP, 09190-130, Brasil",Santo André,,SP,,09190-130,-23.67939,-46.54339,,,,,,Concessionárias,SP,-23.6793774,-46.5434449,0.3
,,,"Avenida Washington Luís, 7059, Campo Belo, São Paulo - SP, 04627-006, Brasil",São Paulo,,SP,,04627-006,-23.62199,-46.66199,,,,,,Concessionárias,SP,-23.6220078,-46.6621038,0.3
,,,"Churrascaria Ponteio Mogi das Cruzes, Avenida Francisco Ferreira Lopes, 460, Mogi das Cruzes - SP, 08735-200, Brasil",Mogi das Cruzes,,SP,,08735-200,-23.53356,-46.2129,,,,,,Concessionárias,SP,-23.5338035,-46.2128615,0.3
,,,"Grupo Toniello, Avenida Wladimir Meirelles Ferreira, 1566, Subsetor Sul-4, Ribeirão Preto - SP, 14021-630, Brasil",Ribeirão Preto,,SP,,14021-630,-21.21006,-47.80086,,,,,,Concessionárias,SP,-21.2101503,-47.80086190000001,0.3
,,,"Avenida Ministro Ivan Lins, Barra da Tijuca, Rio de Janeiro - RJ, 22620-160, Brasil",Rio de Janeiro,,RJ,,22620-160,-23.01204,-43.29933,,,,,,Concessionárias,Demais Praças,-23.0120306,-43.2993215,0.3
,,,"Rua Real Grandeza, 240, Botafogo, Rio de Janeiro - RJ, 22281-036, Brasil",Rio de Janeiro,,RJ,,22281-036,-22.95625,-43.19219,,,,,,Concessionárias,Demais Praças,-22.9562191,-43.1922401,0.3
,,,"Rua da Passagem, 175, Botafogo, Rio de Janeiro - RJ, 21760-750, Brasil",Rio de Janeiro,,RJ,,21760-750,-22.95541,-43.18041,,,,,,Concessionárias,Demais Praças,-22.9554479,-43.1804445,0.3
,,,"Trans Ferraz, Avenida Afonso Pena, 2259, Nossa Senhora Aparecida, Uberlândia - MG, 38400-708, Brasil",Uberlândia,,MG,,38400-708,-18.90221,-48.26605,,,,,,Concessionárias,Demais Praças,-18.9022946,-48.2660847,0.3
,,,"AUDI, Rua Padre Germano Mayer, 1629, Hugo Lange, Curitiba - PR, 80040-170, Brasil",Curitiba,,PR,,80040-170,-25.42092,-49.24851,,,,,,Concessionárias,Demais Praças,-25.4209479,-49.24845939999999,0.3
,,,"Audi Service Barra, Rua Celestino Basílio, 69, Recreio dos Bandeirantes, Rio de Janeiro - RJ, 22790-285, Brasil",Rio de Janeiro,,RJ,,22790-285,-23.01089,-43.44935,,,,,,Concessionárias,Demais Praças,-23.0108696,-43.4494103,0.3
,,,"Audi Service Cascavel, Avenida Brasil, 1869, Pacaembu, Cascavel - PR, 85816-302, Brasil",Cascavel,,PR,,85816-302,-24.95372,-53.42071,,,,,,Concessionárias,Demais Praças,-24.953611,-53.4208154,0.3
,,,"Avenida do Estado, 1155, Dos Pioneiros, Balneário Camboriú - SC, 88331-110, Brasil",Balneário Camboriú,,SC,,88331-110,-26.96669,-48.63931,,,,,,Concessionárias,Demais Praças,-26.9666072,-48.6392327,0.3
,,,"Rua Ten. Cel. Waldomiro V. Ferreira, 284, Barão Geraldo, Campinas - SP, 13082-730, Brasil",Campinas,,SP,,13082-730,-22.82612,-47.09672,,,,,,Concessionárias,SP,-22.826188,-47.0969274,0.3
,,,"Audi Center Vale, Avenida Jorge Zarur, 181, Vila Ema, São José dos Campos - SP, 12243-081, Brasil",São José dos Campos,,SP,,12243-081,-23.20622,-45.90469,,,,,,Concessionárias,SP,-23.2061861,-45.9046825,0.3
,,,"Rua Antônio Camardo, 141, Tatuapé, São Paulo - SP, 03309-060, Brasil",São Paulo,,SP,,03309-060,-23.54993,-46.56664,,,,,,Concessionárias,SP,-23.549699,-46.5666678,0.3
,,,"Avenida Deusdedith Salgado, 4052, Salvaterra, Juiz de Fora - MG, 36033-007, Brasil",Juiz de Fora,,MG,,36033-007,-21.80579,-43.37559,,,,,,Concessionárias,Demais Praças,-21.805755,-43.375651,0.3
,,,"Avenida Presidente Juscelino K. de Oliveira, 3600, Quinta do Golfe, São José do Rio Preto - SP, 15091-450, Brasil",São José do Rio Preto,,SP,,15091-450,-20.85358,-49.41331,,,,,,Concessionárias,SP,-20.8536411,-49.4132153,0.3
,,,"Rua Geraldo Vasconcelos, 405, Estoril, Belo Horizonte - MG, 30494-100, Brasil",Belo Horizonte,,MG,,30494-100,-19.95947,-43.96365,,,,,,Concessionárias,Demais Praças,-19.9595917,-43.9637062,0.3
,,,"Avenida Dr. Rudge Ramos, 837, Rudge Ramos, São Bernardo do Campo - SP, 09639-000, Brasil",São Bernardo do Campo,,SP,,09639-000,-23.6496,-46.57808,,,,,,Concessionárias,SP,-23.6499435,-46.578177,0.3
,,,"Zletric, Avenida Wladimir Meirelles Ferreira, 1660, Subsetor Sul-4, Ribeirão Preto - SP, 14021-683, Brasil",Ribeirão Preto,,SP,,14021-683,-21.21044,-47.80211,,,,,,Concessionárias,SP,-21.2104445,-47.8021102,0.3
,,,"Rua Coronel Marcos Rovaris, 281, Centro, Criciúma - SC, 88801-100, Brasil",Criciúma,,SC,,88801-100,-28.67809,-49.36575,,,,,,Concessionárias,Demais Praças,-28.6779593,-49.3656157,0.3
,,,"Rua José Szakall, 27, Barra Funda, São Paulo - SP, 01140-120, Brasil",São Paulo,,SP,,01140-120,-23.51825,-46.66755,,,,,,Concessionárias,SP,-23.5182331,-46.66753809999999,0.3
,,,"Avenida Claricinda Alves de Rezende, 197, Uberaba - MG, 38010-000, Brasil",Uberaba,,MG,,38010-000,-19.75353,-47.91496,,,,,,Concessionárias,Demais Praças,-19.7535164,-47.9151046,0.3
,,,"Internacional de Brasília-Terminal 2, Setor de Habitações Individuais Sul, Lago Sul - DF, 71608-900, Brasil",Lago Sul,,DF,,71608-900,-15.86966,-47.93106,,,,,,Concessionárias,Demais Praças,-15.8697514,-47.9309928,0.3
,,,"Avenida Waldemar Haddad, 801, Quinta do Golfe, São José do Rio Preto - SP, 15093-300, Brasil",São José do Rio Preto,,SP,,15093-300,-20.85383,-49.41507,,,,,,Concessionárias,SP,-20.8541831,-49.4151173,0.3
,,,"Avenida Tiradentes, Ciclo II, Londrina - PR, 86072-000, Brasil",Londrina,,PR,,86072-000,-23.29042,-51.21987,,,,,,Concessionárias,Demais Praças,-23.290551,-51.2199416,0.3
,,,"BMW, Avenida Deusdedith Salgado, 4900, Salvaterra, Juiz de Fora - MG, 36033-007, Brasil",Juiz de Fora,,MG,,36033-007,-21.80743,-43.3767,,,,,,Concessionárias,Demais Praças,-21.8073716,-43.3766662,0.3
,,,"Avenida Doutor Cássio Paschoal Padovani, 1314, Morumbi, Piracicaba - SP, 13420-360, Brasil",Piracicaba,,SP,,13420-360,-22.73028,-47.61467,,,,,,Concessionárias,SP,-22.7302405,-47.6146592,0.3
,,,"Avenida Brasil Oeste, 3592, Boqueirão, Passo Fundo - RS, 99025-002, Brasil",Passo Fundo,,RS,,99025-002,-28.26767,-52.43764,,,,,,Concessionárias,Demais Praças,-28.2677535,-52.4375915,0.3
,,,"Rua Colômbia, 810, Jardim Paulista, São Paulo - SP, 01438-001, Brasil",São Paulo,,SP,,01438-001,-23.57179,-46.67473,,,,,,Concessionárias,SP,-23.5717506,-46.6747154,0.3
,,,"Terminal Asa Sul, Asa Sul, Brasília - DF, 70610-200, Brasil",Brasília,,DF,,70610-200,-15.8361,-47.93314,,,,,,Concessionárias,Demais Praças,-15.8361178,-47.9331995,0.3
,,,"Feirão do Automóvel de Jundiaí, Avenida Prefeito Luiz Latorre, Chácara Urbana, Jundiaí - SP, 13209-430, Brasil",Jundiaí,,SP,,13209-430,-23.17662,-46.90528,,,,,,Concessionárias,SP,-23.1768573,-46.9052058,0.3
,,,"DIMAS (BALNEARIO CAMBURIU), Avenida do Estado, 4770, Ariribá, Balneário Camboriú - SC, 88338-630, Brasil",Balneário Camboriú,,SC,,88338-630,-26.96095,-48.64049,,,,,,Concessionárias,Demais Praças,-26.9609204,-48.6404647,0.3
,,,"Rua Gomes de Carvalho, 411, Itaim Bibi, São Paulo - SP, 04547-001, Brasil",São Paulo,,SP,,04547-001,-23.60057,-46.67804,,,,,,Concessionárias,SP,-23.6007017,-46.6781041,0.3
,,,"Avenida Pedro Henrique Cintra, 1800, Franca - SP, 14403-187, Brasil",Franca,,SP,,14403-187,-20.56721,-47.40771,,,,,,Concessionárias,SP,-20.567419,-47.4078469,0.3
,,,"Rua Hassib Mofarrej, 382, Vila Leopoldina, São Paulo - SP, 05312-000, Brasil",São Paulo,,SP,,05312-000,-23.52948,-46.7371,,,,,,Concessionárias,SP,-23.5292023,-46.7370931,0.3
,,,"Inova Móveis, Avenida Fernando Machado, 1029D, Centro, Chapecó - SC, 89802-112, Brasil",Chapecó,,SC,,89802-112,-27.0961,-52.61897,,,,,,Concessionárias,Demais Praças,-27.0961532,-52.61904879999999,0.3
,,,"BMW, Rua Rubens Sebastião Marin, 1626, Zona 36, Maringá - PR, 87045-020, Brasil",Maringá,,PR,,87045-020,-23.4243,-51.89921,,,,,,Concessionárias,Demais Praças,-23.4241867,-51.8992589,0.3
,,,"Sicredi, Avenida Ferreira Viana, 1526, Areal, Pelotas - RS, 96085-000, Brasil",Pelotas,,RS,,96085-000,-31.76142,-52.31866,,,,,,Concessionárias,Demais Praças,-31.7612748,-52.31851640000001,0.3
,,,"Rua Serra de Bragança, 606, Tatuapé, São Paulo - SP, 03318-000, Brasil",São Paulo,,SP,,03318-000,-23.54534,-46.56937,,,,,,Concessionárias,SP,-23.545266,-46.569399,0.3
,,,"Avenida Senador Tarso Dutra, 295, Petrópolis, Porto Alegre - RS, 90690-140, Brasil",Porto Alegre,,RS,,90690-140,-30.04137,-51.1736,,,,,,Concessionárias,Demais Praças,-30.0413102,-51.1736866,0.3
,,,"Rua Itapeti, 421, Tatuapé, São Paulo - SP, 03324-002, Brasil",São Paulo,,SP,,03324-002,-23.5509,-46.5673,,,,,,Concessionárias,SP,-23.5508612,-46.5674626,0.3
,,,"Ponto De Carregamento Para Veículos Elétricos, Rua Visconde de Cairú, 176, Estreito, Florianópolis - SC, 88075-020, Brasil",Florianópolis,,SC,,88075-020,-27.59511,-48.57277,,,,,,Concessionárias,Demais Praças,-27.595083,-48.5727371,0.3
,,,"Rua Buarque de Macedo, 209, Jardim Brasil, Campinas - SP, 13073-010, Brasil",Campinas,,SP,,13073-010,-22.88649,-47.06244,,,,,,Concessionárias,SP,-22.8861922,-47.0623702,0.3
,,,"Ponto De Carregamento Para Veículos Elétricos, Avenida Raja Gabaglia, 3055, São Bento, Belo Horizonte - MG, 30350-550, Brasil",Belo Horizonte,,MG,,30350-550,-19.96081,-43.95713,,,,,,Concessionárias,Demais Praças,-19.9607377,-43.9571141,0.3
,,,"Rua Dom Silvério, 65, Alto dos Passos, Juiz de Fora - MG, 36026-450, Brasil",Juiz de Fora,,MG,,36026-450,-21.77795,-43.34624,,,,,,Concessionárias,Demais Praças,-21.7779239,-43.3461209,0.3
,,,"In Pilates Barigui, Santo Inácio, Curitiba - PR, 82305-100, Brasil",Curitiba,,PR,,82305-100,-25.43029,-49.32323,,,,,,Concessionárias,Demais Praças,-25.4302851,-49.3234191,0.3
,,,"BMW, Rua Botuverá, 508, São Marcos, Joinville - SC, Brasil",Joinville,,SC,,,-26.32385,-48.86838,,,,,,Concessionárias,Demais Praças,-26.3239067,-48.868371,0.3
,,,"BYD, Rua Ignácio Treis, 495, Ideal, Novo Hamburgo - RS, 93334-365, Brasil",Novo Hamburgo,,RS,,93334-365,-29.71042,-51.14681,,,,,,Concessionárias,Demais Praças,-29.7104262,-51.14661479999999,0.3
,,,"Avenida Vinte e Três de Maio, 3095, Moema, São Paulo - SP, 04008-090, Brasil",São Paulo,,SP,,04008-090,-23.58265,-46.65136,,,,,,Concessionárias,SP,-23.5827086,-46.6512483,0.3
,,,"Alameda Amazonas, 838, Alphaville, Barueri - SP, 06454-070, Brasil",Barueri,,SP,,06454-070,-23.49258,-46.84274,,,,,,Concessionárias,SP,-23.4925521,-46.8426524,0.3
,,,"Avenida Doutor Carlos Barbosa, 1272, Medianeira, Porto Alegre - RS, 90880-001, Brasil",Porto Alegre,,RS,,90880-001,-30.06698,-51.21247,,,,,,Concessionárias,Demais Praças,-30.0669795,-51.2123826,0.3
,,,"Rua Minerva, 535, Perdizes, São Paulo - SP, 05007-032, Brasil",São Paulo,,SP,,05007-032,-23.53641,-46.67468,,,,,,Concessionárias,SP,-23.536457,-46.674658,0.3
,,,"BR-153, Autódromo, Goiânia - GO, Brasil",Goiânia,,GO,,,-16.69817,-49.23139,,,,,,Concessionárias,Demais Praças,-16.6981713,-49.2313845,0.3
,,,"Alameda Doutor Celso Leon Salles, 26, Vila Formosa, Blumenau - SC, 89015-440, Brasil",Blumenau,,SC,,89015-440,-26.93579,-49.06729,,,,,,Concessionárias,Demais Praças,-26.9359216,-49.06737589999999,0.3
,,,"Panvel, Avenida Ruben Bento Alves, 785, Sagrada Família, Caxias do Sul - RS, 95012-500, Brasil",Caxias do Sul,,RS,,95012-500,-29.15255,-51.1573,,,,,,Concessionárias,Demais Praças,-29.1527406,-51.157169,0.3
,,,"Rua Santa Joaquina de Vedruna, 2686, Zona 5, Maringá - PR, 87015-150, Brasil",Maringá,,PR,,87015-150,-23.42393,-51.95473,,,,,,Concessionárias,Demais Praças,-23.4240135,-51.9548093,0.3
,,,"Rua Santa Joaquina de Vedruna, 506, Zona 5, Maringá - PR, 87015-150, Brasil",Maringá,,PR,,87015-150,-23.42388,-51.95483,,,,,,Concessionárias,Demais Praças,-23.4238627,-51.9549482,0.3
,,,"BMW, Avenida das Américas, 1690, Barra da Tijuca, Rio de Janeiro - RJ, 22640-101, Brasil",Rio de Janeiro,,RJ,,22640-101,-23.00017,-43.33165,,,,,,Concessionárias,Demais Praças,-23.0001664,-43.3316538,0.3
,,,"Ponto De Carregamento Para Veículos Elétricos, Avenida João Naves de Ávila, 3370, Saraiva, Uberlândia - MG, 38408-144, Brasil",Uberlândia,,MG,,38408-144,-18.92654,-48.25911,,,,,,Concessionárias,Demais Praças,-18.9267256,-48.2591439,0.3
,,,"Rua Nicolau Cheuen, 3993, Centro, São João de Meriti - RJ, 25510-310, Brasil",São João de Meriti,,RJ,,25510-310,-22.79326,-43.36668,,,,,,Concessionárias,Demais Praças,-22.7932589,-43.3666157,0.3
,,,"Composit Filmes, Avenida José Correia Machado, Jardim Parque Morada do Sol, Montes Claros - MG, 39400-116, Brasil",Montes Claros,,MG,,39400-116,-16.72587,-43.88053,,,,,,Concessionárias,Demais Praças,-16.7258124,-43.880641,0.3
,,,"Rua José Justino de Azevedo, 1105, Conservatória, Valença - RJ, 27600-000, Brasil",Valença,,RJ,,27600-000,-22.28724,-43.91497,,,,,,Concessionárias,Demais Praças,-22.2874495,-43.91497589999999,0.3
,,,"Rua Mena Barreto, 161, Botafogo, Rio de Janeiro - RJ, 22271-100, Brasil",Rio de Janeiro,,RJ,,22271-100,-22.95646,-43.1911,,,,,,Concessionárias,Demais Praças,-22.9564684,-43.19107890000001,0.3
,,,"Alameda Santos, 880, Jardim Paulista, São Paulo - SP, 01418-002, Brasil",São Paulo,,SP,,01418-002,-23.56682,-46.6519,,,,,,Concessionárias,SP,-23.5667477,-46.6518414,0.3
,,,"BMW, Avenida Engenheiro Carlos Reinaldo Mendes, 1600, Sorocaba - SP, 18103-000, Brasil",Sorocaba,,SP,,18103-000,-23.47237,-47.42362,,,,,,Concessionárias,SP,-23.472368,-47.423595,0.3
,,,"Rua Adão Dionísio Neugebauer Bortowiski, Centro, Eldorado do Sul - RS, 92990-000, Brasil",Eldorado do Sul,,RS,,92990-000,-30.00099,-51.30812,,,,,,Concessionárias,Demais Praças,-30.0009864,-51.3080583,0.3
,,,"BR-470, Salto do Norte, Blumenau - SC, Brasil",Blumenau,,SC,,,-26.86758,-49.10311,,,,,,Concessionárias,Demais Praças,-26.8672576,-49.1033134,0.3
,,,"Avenida Barão Homem de Melo, 3382, Estoril, Belo Horizonte - MG, 30494-270, Brasil",Belo Horizonte,,MG,,30494-270,-19.96529,-43.9613,,,,,,Concessionárias,Demais Praças,-19.9656623,-43.9613969,0.3
,,,"Avenida Benno Mentz, 115, Vila Ipiranga, Porto Alegre - RS, 91370-010, Brasil",Porto Alegre,,RS,,91370-010,-30.01166,-51.14787,,,,,,Concessionárias,Demais Praças,-30.0116452,-51.14798889999999,0.3
,,,"Sia Trecho 2, 2010, SIA - DF, 71200-023, Brasil",SIA,,DF,,71200-023,-15.804,-47.97002,,,,,,Concessionárias,Demais Praças,-15.8044474,-47.9699199,0.3
,,,"Rua Henrique Boiteux, 558, Estreito, Florianópolis - SC, 88075-060, Brasil",Florianópolis,,SC,,88075-060,-27.59206,-48.57435,,,,,,Concessionárias,Demais Praças,-27.5920797,-48.5744726,0.3
,,,"Avenida Brasil Oeste, 3880, Boqueirão, Passo Fundo - RS, 99025-000, Brasil",Passo Fundo,,RS,,99025-000,-28.2696,-52.44037,,,,,,Concessionárias,Demais Praças,-28.2693243,-52.4405805,0.3
,,,"Rua Desembargador Westphalen, 2447, Parolin, Curitiba - PR, 80220-030, Brasil",Curitiba,,PR,,80220-030,-25.45329,-49.2629,,,,,,Concessionárias,Demais Praças,-25.4533569,-49.262832,0.3
,,,"Rua Olegário Mariano, 40A, Centro, São João de Meriti - RJ, 25510-350, Brasil",São João de Meriti,,RJ,,25510-350,-22.7946,-43.36644,,,,,,Concessionárias,Demais Praças,-22.794576,-43.366505,0.3
,,,"Condor Hipermercados, Avenida Carlos Schmidt, 205, Jardim Apucarana, Apucarana - PR, 86804-350, Brasil",Apucarana,,PR,,86804-350,-23.54789,-51.45053,,,,,,Concessionárias,Demais Praças,-23.5481686,-51.4502642,0.3
,,,"Ponto5, Rua Carolina Florence, Jardim Nossa Senhora Auxiliadora, Campinas - SP, 13073-225, Brasil",Campinas,,SP,,13073-225,-22.88555,-47.06191,,,,,,Concessionárias,SP,-22.8855311,-47.06203180000001,0.3
,,,"BMW, Avenida das Nações Unidas, 17771, Santo Amaro, São Paulo - SP, 04795-100, Brasil",São Paulo,,SP,,04795-100,-23.642,-46.72413,,,,,,Concessionárias,SP,-23.6418361,-46.7240794,0.3
,,,"Avenida das Nações Unidas, 6787, Alto de Pinheiros, São Paulo - SP, 05425-070, Brasil",São Paulo,,SP,,05425-070,-23.56095,-46.70531,,,,,,Concessionárias,SP,-23.5608932,-46.7052949,0.3
,,,"Avenida Júlio de Mesquita, 694, Cambuí, Campinas - SP, 13025-061, Brasil",Campinas,,SP,,13025-061,-22.89941,-47.05488,,,,,,Concessionárias,SP,-22.899431,-47.054878,0.3
,,,"Rua Faustolo, 846, Lapa, São Paulo - SP, 05041-000, Brasil",São Paulo,,SP,,05041-000,-23.52388,-46.69349,,,,,,Concessionárias,SP,-23.5236917,-46.6934864,0.3
,,,"Rua Itajaí, 1373, Vorstadt, Blumenau - SC, 89015-203, Brasil",Blumenau,,SC,,89015-203,-26.91269,-49.05194,,,,,,Concessionárias,Demais Praças,-26.9124506,-49.0519891,0.3
,,,"Avenida Rudolf Dafferner, 400, Sorocaba - SP, 18085-005, Brasil",Sorocaba,,SP,,18085-005,-23.47615,-47.42688,,,,,,Concessionárias,SP,-23.476178,-47.4270013,0.3
,,,"Avenida Tancredo Neves, 1559, Pioneiros Catarinenses, Cascavel - PR, 85805-000, Brasil",Cascavel,,PR,,85805-000,-24.96596,-53.48104,,,,,,Concessionárias,Demais Praças,-24.9660582,-53.4811048,0.3
,,,"Rua Santa Cruz, 876, Vila Mariana, São Paulo - SP, 04121-000, Brasil",São Paulo,,SP,,04121-000,-23.59753,-46.62787,,,,,,Concessionárias,SP,-23.5976231,-46.62785830000001,0.3
,,,"Rua da Constituição, 518, Vila Matias, Santos - SP, 11015-472, Brasil",Santos,,SP,,11015-472,-23.94752,-46.32381,,,,,,Concessionárias,SP,-23.9474569,-46.3238704,0.3
,,,"Sopi Conjunto a, 23, Núcleo Bandeirante - DF, 71705-521, Brasil",Núcleo Bandeirante,,DF,,71705-521,-15.87014,-47.96244,,,,,,Concessionárias,Demais Praças,-15.8700526,-47.9625306,0.3
,,,"Rua João Guerra, 404, Encruzilhada, Santos - SP, 11015-130, Brasil",Santos,,SP,,11015-130,-23.95162,-46.32248,,,,,,Concessionárias,SP,-23.9516518,-46.3225214,0.3
,,,"Rua Eugênio Rocha Filho, Subsetor Sul-3, Ribeirão Preto - SP, 14020-640, Brasil",Ribeirão Preto,,SP,,14020-640,-21.21007,-47.80147,,,,,,Concessionárias,SP,-21.2100291,-47.8015749,0.3
,,,"Alameda Amazonas, 938, Alphaville, Barueri - SP, 06454-070, Brasil",Barueri,,SP,,06454-070,-23.49182,-46.84235,,,,,,Concessionárias,SP,-23.4919768,-46.8426905,0.3
,,,"Avenida Doutor Cardoso de Melo, 1513, Itaim Bibi, São Paulo - SP, 04548-005, Brasil",São Paulo,,SP,,04548-005,-23.59711,-46.68805,,,,,,Concessionárias,SP,-23.5970482,-46.6880274,0.3
,,,"Avenida das Nações Unidas, 16565, Santo Amaro, São Paulo - SP, 04794-000, Brasil",São Paulo,,SP,,04794-000,-23.63543,-46.71852,,,,,,Concessionárias,SP,-23.6355375,-46.7185654,0.3
,,,"Porsche Center Campinas, Avenida Princesa d'Oeste, 1811, Nova Campinas, Campinas - SP, 13025-320, Brasil",Campinas,,SP,,13025-320,-22.90479,-47.04653,,,,,,Concessionárias,SP,-22.904732,-47.0465069,0.3
,,,"Porsche Smart Mobility, Avenida Wladimir Meirelles Ferreira, 1586a, Subsetor Sul-4, Ribeirão Preto - SP, 14021-630, Brasil",Ribeirão Preto,,SP,,14021-630,-21.21026,-47.80115,,,,,,Concessionárias,SP,-21.210241,-47.8011689,0.3
,,,"Avenida das Américas, 10500, Barra da Tijuca, Rio de Janeiro - RJ, 22790-703, Brasil",Rio de Janeiro,,RJ,,22790-703,-23.00098,-43.41576,,,,,,Concessionárias,Demais Praças,-23.0011249,-43.4157036,0.3
,,,"Porsche Center Curitiba, Rua Desembargador Westphalen, 1783, Rebouças, Curitiba - PR, 80230-100, Brasil",Curitiba,,PR,,80230-100,-25.44768,-49.26567,,,,,,Concessionárias,Demais Praças,-25.4477094,-49.26559109999999,0.3
,,,"Avenida Marinheiro Max Schramm, 3091, Jardim Atlântico, Florianópolis - SC, 88095-000, Brasil",Florianópolis,,SC,,88095-000,-27.57766,-48.59254,,,,,,Concessionárias,Demais Praças,-27.5776766,-48.59254079999999,0.3
,,,"Avenida Sertório, 1815, São João, Porto Alegre - RS, 91020-001, Brasil",Porto Alegre,,RS,,91020-001,-30.00316,-51.18624,,,,,,Concessionárias,Demais Praças,-30.0032169,-51.1862362,0.3
,,,"Rua Gaspar Ricardo, 285, Zona 10, Maringá - PR, 87040-365, Brasil",Maringá,,PR,,87040-365,-23.423,-51.91147,,,,,,Concessionárias,Demais Praças,-23.422974,-51.911478,0.3
,,,"Rua Floriano Peixoto, 55, Centro, Blumenau - SC, 89010-506, Brasil",Blumenau,,SC,,89010-506,-26.92195,-49.06327,,,,,,Concessionárias,Demais Praças,-26.9219758,-49.063246,0.3
,,,"Rua Clodomiro Amazonas, 1016, Itaim Bibi, São Paulo - SP, 04537-002, Brasil",São Paulo,,SP,,04537-002,-23.59316,-46.67745,,,,,,Concessionárias,SP,-23.5931567,-46.6774487,0.3
,,,"Rodovia Governador Leonel de Moura Brizola, Imigrante, Lajeado - RS, Brasil",Lajeado,,RS,,,-29.42919,-52.01604,,,,,,Concessionárias,Demais Praças,-29.42881179999999,-52.0157393,0.3
,,,"Avenida da Azenha, 1711, Azenha, Porto Alegre - RS, 90160-003, Brasil",Porto Alegre,,RS,,90160-003,-30.05855,-51.21654,,,,,,Concessionárias,Demais Praças,-30.0585407,-51.2167956,0.3
,,,"Ponto De Carregamento Para Veículos Elétricos, Avenida Ruben Bento Alves, 7539, Santa Catarina, Caxias do Sul - RS, 95112-467, Brasil",Caxias do Sul,,RS,,95112-467,-29.16875,-51.21408,,,,,,Concessionárias,Demais Praças,-29.1687465,-51.2140687,0.3
,,,"Rua Jacob Luchesi, 5038, Santa Catarina, Caxias do Sul - RS, 95032-000, Brasil",Caxias do Sul,,RS,,95032-000,-29.14398,-51.22699,,,,,,Concessionárias,Demais Praças,-29.1445132,-51.2271166,0.3
,,,"Avenida Presidente Vargas, 1829, São Cristóvão, Passo Fundo - RS, 99070-970, Brasil",Passo Fundo,,RS,,99070-970,-28.27145,-52.38638,,,,,,Concessionárias,Demais Praças,-28.2714918,-52.3864105,0.3
,,,"Gdm Seeds, Passo Fundo - RS, 99052-840, Brasil",Passo Fundo,,RS,,99052-840,-28.2136,-52.35763,,,,,,Concessionárias,Demais Praças,-28.214291,-52.3578681,0.3
,,,"BR-470, Navegantes, Rio do Sul - SC, 89160-000, Brasil",Rio do Sul,,SC,,89160-000,-27.17772,-49.59401,,,,,,Concessionárias,Demais Praças,-27.177809,-49.593926,0.3
,,,"Rua Professor Max Humpl, 601, Salto do Norte, Blumenau - SC, 89065-500, Brasil",Blumenau,,SC,,89065-500,-26.86838,-49.10569,,,,,,Concessionárias,Demais Praças,-26.8681668,-49.1055754,0.3
,,,"PR-364, Jardim das Américas, Guarapuava - PR, 85030-230, Brasil",Guarapuava,,PR,,85030-230,-25.38562,-51.51431,,,,,,Concessionárias,Demais Praças,-25.3856443,-51.5142874,0.3
,,,"Volvo, Rua Jerônimo Durski, 925, Campina do Siqueira, Curitiba - PR, 80730-270, Brasil",Curitiba,,PR,,80730-270,-25.43945,-49.30102,,,,,,Concessionárias,Demais Praças,-25.4394417,-49.3011287,0.3
,,,"Avenida Pinheiro Machado, 1495, Fragata, Pelotas - RS, 96040-500, Brasil",Pelotas,,RS,,96040-500,-31.74285,-52.38221,,,,,,Concessionárias,Demais Praças,-31.7428253,-52.3822142,0.3
,,,"Viaduto Fernando Osório, Três Vendas, Pelotas - RS, 96070-005, Brasil",Pelotas,,RS,,96070-005,-31.68243,-52.34416,,,,,,Concessionárias,Demais Praças,-31.68241029999999,-52.3441925,0.3
,,,"WeCharge, Avenida Marinheiro Max Schramm, 2648, Jardim Atlântico, Florianópolis - SC, 88095-001, Brasil",Florianópolis,,SC,,88095-001,-27.57934,-48.58859,,,,,,Concessionárias,Demais Praças,-27.5793199,-48.5885865,0.3
,,,"Saccaro Bal. Camboriú, Dos Estados, Balneário Camboriú - SC, Brasil",Balneário Camboriú,,SC,,,-26.99611,-48.64553,,,,,,Concessionárias,Demais Praças,-26.9960669,-48.6455576,0.3
,,,"Avenida Brasil, 2005, Pacaembu, Cascavel - PR, 85816-302, Brasil",Cascavel,,PR,,85816-302,-24.95355,-53.42102,,,,,,Concessionárias,Demais Praças,-24.953555,-53.4209615,0.3
,,,"PR-323, Cruzeiro do Oeste - PR, 87400-000, Brasil",Cruzeiro do Oeste,,PR,,87400-000,-23.77899,-53.09664,,,,,,Concessionárias,Demais Praças,-23.7789994,-53.0966527,0.3
,,,"Rua Ribeirão Claro, 194, Itaim Bibi, São Paulo - SP, 04549-060, Brasil",São Paulo,,SP,,04549-060,-23.59877,-46.67814,,,,,,Concessionárias,SP,-23.5987583,-46.6782143,0.3
,,,"Porcé Polimentos, Avenida Doutor Afonso Vergueiro, Sorocaba - SP, 18040-000, Brasil",Sorocaba,,SP,,18040-000,-23.50153,-47.4792,,,,,,Concessionárias,SP,-23.5014729,-47.47909310000001,0.3
,,,"Ponto De Carregamento Para Veículos Elétricos, Avenida José de Souza Campos, 2550, Chácara da Barra, Campinas - SP, 13090-615, Brasil",Campinas,,SP,,13090-615,-22.8843,-47.04157,,,,,,Concessionárias,SP,-22.884564,-47.0416581,0.3
,,,"Avenida Nicola Demarchi, 485, Demarchi, São Bernardo do Campo - SP, 09820-655, Brasil",São Bernardo do Campo,,SP,,09820-655,-23.74586,-46.5549,,,,,,Concessionárias,SP,-23.7458326,-46.55491809999999,0.3
,,,"Foto Benassi, Via Anchieta, Santos - SP, 11095-000, Brasil",Santos,,SP,,11095-000,-23.92794,-46.38728,,,,,,Concessionárias,SP,-23.9280205,-46.38714830000001,0.3
,,,"Avenida Ministro Ivan Lins, 240, Barra da Tijuca, Rio de Janeiro - RJ, 22620-110, Brasil",Rio de Janeiro,,RJ,,22620-110,-23.00958,-43.30305,,,,,,Concessionárias,Demais Praças,-23.0097059,-43.30319,0.3
,,,"Rua Bambina, 43, Botafogo, Rio de Janeiro - RJ, 22251-050, Brasil",Rio de Janeiro,,RJ,,22251-050,-22.94507,-43.18532,,,,,,Concessionárias,Demais Praças,-22.9450708,-43.1853139,0.3
,,,"Rua Armando Coelho de Freitas, 16, Barra da Tijuca, Rio de Janeiro - RJ, 22620-090, Brasil",Rio de Janeiro,,RJ,,22620-090,-23.00996,-43.30293,,,,,,Concessionárias,Demais Praças,-23.0099808,-43.3030292,0.3
,,,"Rodovia BR-101, Canhanduba, Itajaí - SC, 88307-710, Brasil",Itajaí,,SC,,88307-710,-26.94837,-48.68298,,,,,,Concessionárias,Demais Praças,-26.948422,-48.68300900000001,0.3
,,,"Rua Vivandeiro Santos do Valle, 43, Caroba, Lages - SC, 88516-000, Brasil",Lages,,SC,,88516-000,-27.81251,-50.36952,,,,,,Concessionárias,Demais Praças,-27.8129022,-50.3696585,0.3
,,,"Rodovia da Maçã, Rio das Pedras, Videira - SC, 89560-000, Brasil",Videira,,SC,,89560-000,-26.99939,-51.10205,,,,,,Concessionárias,Demais Praças,-26.999457,-51.1020969,0.3
,,,"Ponto De Carregamento Para Veículos Elétricos, BR-153, Panamá - GO, 75580-000, Brasil",Panamá,,GO,,75580-000,-18.18303,-49.29062,,,,,,Concessionárias,Demais Praças,-18.1830335,-49.2906189,0.3
,,,"Faixa de Domínio da Rodovia, 279, Trevo, Chapecó - SC, Brasil",Chapecó,,SC,,,-27.00115,-52.64982,,,,,,Concessionárias,Demais Praças,-27.0016017,-52.6497434,0.3
,,,"Estrada da Saudade, São Miguel, Curitiba - PR, Brasil",Curitiba,,PR,,,-25.5101,-49.34126,,,,,,Concessionárias,Demais Praças,-25.5103715,-49.3411864,0.3
,,,"Dimas - Blumenau, Via Expressa Paul Fritz Kuehnrich, 955, Itoupava Norte, Blumenau - SC, 89052-381, Brasil",Blumenau,,SC,,89052-381,-26.89202,-49.07156,,,,,,Concessionárias,Demais Praças,-26.8920888,-49.0716745,0.3
,,,"Rua Professor Max Humpl, 601, Salto do Norte, Blumenau - SC, 89065-500, Brasil",Blumenau,,SC,,89065-500,-26.86838,-49.10569,,,,,,Concessionárias,Demais Praças,-26.8681668,-49.1055754,0.3
,,,"Rua Cândido Xavier, 937, Vila Izabel, Curitiba - PR, 80320-220, Brasil",Curitiba,,PR,,80320-220,-25.45463,-49.29051,,,,,,Concessionárias,Demais Praças,-25.4546924,-49.290211,0.3
,,,"Avenida Tuiuti, 561, Zona 10, Maringá - PR, 87040-360, Brasil",Maringá,,PR,,87040-360,-23.42243,-51.90875,,,,,,Concessionárias,Demais Praças,-23.4223934,-51.9088624,0.3
,,,"Avenida Tiradentes, 1436, Shangri-Lá, Londrina - PR, 86070-545, Brasil",Londrina,,PR,,86070-545,-23.29954,-51.1885,,,,,,Concessionárias,Demais Praças,-23.2995063,-51.1884987,0.3
,,,"Avenida Dom Pedro II, 2276, Campestre, Santo André - SP, 09080-110, Brasil",Santo André,,SP,,09080-110,-23.63681,-46.54309,,,,,,Concessionárias,SP,-23.6366863,-46.5428913,0.3
,,,"Avenida Alcântara Machado, 3752, Belém, São Paulo - SP, 03302-000, Brasil",São Paulo,,SP,,03302-000,-23.54405,-46.59013,,,,,,Concessionárias,SP,-23.5440794,-46.5901173,0.3
,,,"Volvo, Avenida Doutor Ricardo Jafet, 3113, Cursino, São Paulo - SP, 04129-020, Brasil",São Paulo,,SP,,04129-020,-23.60338,-46.62503,,,,,,Concessionárias,SP,-23.6033539,-46.6251287,0.3
,,,"BR-153, Itumbiara - GO, Brasil",Itumbiara,,GO,,,-18.36609,-49.21401,,,,,,Concessionárias,Demais Praças,-18.3660764,-49.2139568,0.3
,,,"Patrícia Correa Sobrancelhas, Vila Esperança, Tubarão - SC, Brasil",Tubarão,,SC,,,-28.46649,-49.00672,,,,,,Concessionárias,Demais Praças,-28.4667826,-49.0069441,0.3
,,,"Avenida Brasil, 1860, Centro, Balneário Camboriú - SC, 88330-050, Brasil",Balneário Camboriú,,SC,,88330-050,-26.99023,-48.63222,,,,,,Concessionárias,Demais Praças,-26.9902444,-48.63229690000001,0.3
,,,"Rua Surubim, 577, Itaim Bibi, São Paulo - SP, 04571-050, Brasil",São Paulo,,SP,,04571-050,-23.60076,-46.69448,,,,,,Concessionárias,SP,-23.6008039,-46.6945839,0.3
,,,"Rua Miguel Simião, 15, Centro, Apucarana - PR, 86800-260, Brasil",Apucarana,,PR,,86800-260,-23.55055,-51.46439,,,,,,Concessionárias,Demais Praças,-23.5504421,-51.4640073,0.3
,,,"Rodovia Raposo Tavares, Chácaras Bom Retiro, Ourinhos - SP, 19915-022, Brasil",Ourinhos,,SP,,19915-022,-22.95057,-49.87756,,,,,,Concessionárias,SP,-22.950559,-49.8775461,0.3
,,,"Avenida Francisco Pagliato, 1135, São Manuel - SP, 18658-422, Brasil",São Manuel,,SP,,18658-422,-22.73856,-48.60823,,,,,,Concessionárias,SP,-22.7385375,-48.608203,0.3
,,,"Avenida Europa, 930, Pinheiros, São Paulo - SP, 01449-001, Brasil",São Paulo,,SP,,01449-001,-23.57802,-46.6811,,,,,,Concessionárias,SP,-23.5778772,-46.68126179999999,0.3
,,,"Volvo, Rua Luiz Seraphico Júnior, 1079, Santo Amaro, São Paulo - SP, 04729-080, Brasil",São Paulo,,SP,,04729-080,-23.63897,-46.72083,,,,,,Concessionárias,SP,-23.6389108,-46.7209633,0.3
,,,"Volvo, Alameda Araguaia, 260, Alphaville, Barueri - SP, 06455-000, Brasil",Barueri,,SP,,06455-000,-23.49892,-46.8588,,,,,,Concessionárias,SP,-23.498795,-46.8589365,0.3
,,,"Autostar - Pacaembú, Rua Norma Pieruccini Giannotti, 725, Santa Cecília, São Paulo - SP, 01138-000, Brasil",São Paulo,,SP,,01138-000,-23.52322,-46.65767,,,,,,Concessionárias,SP,-23.5232064,-46.6576357,0.3
,,,"Volvo, Avenida Antônio Frederico Ozanan, 3833, Ponte São João, Jundiaí - SP, 13201-125, Brasil",Jundiaí,,SP,,13201-125,-23.18236,-46.87849,,,,,,Concessionárias,SP,-23.1823263,-46.8784065,0.3
,,,"Sec Jet, Avenida Juruá, Alphaville, Barueri - SP, 06455-010, Brasil",Barueri,,SP,,06455-010,-23.5005,-46.85454,,,,,,Concessionárias,SP,-23.5005626,-46.8546921,0.3
,,,"Garrett Motion Indústria Automotiva Brasil, Avenida Júlia Gaiolli, 282, Água Chata, Guarulhos - SP, 07251-500, Brasil",Guarulhos,,SP,,07251-500,-23.42272,-46.39298,,,,,,Concessionárias,SP,-23.4238203,-46.392093,0.3
,,,"Rua Ipiranga, 1952, Mogi das Cruzes - SP, 08730-000, Brasil",Mogi das Cruzes,,SP,,08730-000,-23.52928,-46.20237,,,,,,Concessionárias,SP,-23.5292607,-46.2024334,0.3
,,,"Via Anhanguera, Limeira - SP, 13486-850, Brasil",Limeira,,SP,,13486-850,-22.62065,-47.34626,,,,,,Concessionárias,SP,-22.620711,-47.3463438,0.3
,,,"Exxpp Serviços de Apoio Administrativo, Avenida Doutor Eduardo Cury, 350, Jardim Esplanada, São José dos Campos - SP, 12242-001, Brasil",São José dos Campos,,SP,,12242-001,-23.20103,-45.90975,,,,,,Concessionárias,SP,-23.2009728,-45.9095951,0.3
,,,"Rua Orlando Modolo, 1365, Jardim Olga Veroni, Limeira - SP, 13487-162, Brasil",Limeira,,SP,,13487-162,-22.57855,-47.36731,,,,,,Concessionárias,SP,-22.5785855,-47.367335,0.3
,,,"Rua Doutor Rosalvo de Almeida Telles, 500, Parque Residencial Nova Caçapava, Caçapava - SP, 12283-020, Brasil",Caçapava,,SP,,12283-020,-23.1066,-45.69683,,,,,,Concessionárias,SP,-23.1067863,-45.6957989,0.3
,,,"Avenida Pres. Tancredo de Almeida Neves, 822, São Judas, Itajubá - MG, 37504-071, Brasil",Itajubá,,MG,,37504-071,-22.42272,-45.47003,,,,,,Concessionárias,Demais Praças,-22.4226043,-45.4702923,0.3
,,,"Avenida Presidente Castelo Branco, Subsetor Leste-6, Ribeirão Preto - SP, 14095-000, Brasil",Ribeirão Preto,,SP,,14095-000,-21.19412,-47.77586,,,,,,Concessionárias,SP,-21.1941041,-47.7758571,0.3
,,,"Rodovia Doutor Manoel Hyppólito Rego, 1224, Porto Grande, São Sebastião - SP, 11608-269, Brasil",São Sebastião,,SP,,11608-269,-23.79403,-45.39994,,,,,,Concessionárias,SP,-23.7939991,-45.39991879999999,0.3
,,,"Avenida Érico Veríssimo, 858, Barra da Tijuca, Rio de Janeiro - RJ, 22621-180, Brasil",Rio de Janeiro,,RJ,,22621-180,-23.00973,-43.30658,,,,,,Concessionárias,Demais Praças,-23.0097915,-43.3064938,0.3
,,,"Rua Francisco Glicério, Gramacho, Duque de Caxias - RJ, 25055-410, Brasil",Duque de Caxias,,RJ,,25055-410,-22.75194,-43.2869,,,,,,Concessionárias,Demais Praças,-22.7518424,-43.2869075,0.3
,,,"Rio Boat Club, Glória, Rio de Janeiro - RJ, 22210-030, Brasil",Rio de Janeiro,,RJ,,22210-030,-22.92016,-43.16993,,,,,,Concessionárias,Demais Praças,-22.9202671,-43.1700177,0.3
,,,"Ponto De Carregamento Para Veículos Elétricos, Avenida Raja Gabaglia, 2601, São Bento, Belo Horizonte - MG, 30350-563, Brasil",Belo Horizonte,,MG,,30350-563,-19.95887,-43.95692,,,,,,Concessionárias,Demais Praças,-19.959072,-43.956865,0.3
,,,"Rua Doutor Antônio Gravatá, 325, Betim Industrial, Betim - MG, 32670-436, Brasil",Betim,,MG,,32670-436,-19.96036,-44.16848,,,,,,Concessionárias,Demais Praças,-19.960202,-44.168467,0.3
,,,"Rua Lindolfo Fraga, 90, Parque Vera Cruz, Campos dos Goytacazes - RJ, 28060-040, Brasil",Campos dos Goytacazes,,RJ,,28060-040,-21.73851,-41.3294,,,,,,Concessionárias,Demais Praças,-21.7384854,-41.329365,0.3
,,,"Avenida João Naves de Ávila, 4955, Santa Mônica, Uberlândia - MG, 38408-288, Brasil",Uberlândia,,MG,,38408-288,-18.92905,-48.24399,,,,,,Concessionárias,Demais Praças,-18.9290636,-48.2438528,0.3
,,,"Zletric, BR-050, Minas Gerais, Uberlândia - MG, Brasil",Uberlândia,,MG,,,-18.86418,-48.25516,,,,,,Concessionárias,Demais Praças,-18.863346,-48.2553644,0.3
,,,"Exotico Prime Motel, L-13, Ribeirão Preto - SP, Brasil",Ribeirão Preto,,SP,,,-21.2143,-47.75948,,,,,,Concessionárias,SP,-21.2142667,-47.7594419,0.3
,,,"Rodovia BR-365, 349, Planalto, Patos de Minas - MG, 38706-328, Brasil",Patos de Minas,,MG,,38706-328,-18.63934,-46.49105,,,,,,Concessionárias,Demais Praças,-18.6396237,-46.49110580000001,0.3
,,,"Avenida dos Vinhedos, Morada da Colina, Uberlândia - MG, 38411-159, Brasil",Uberlândia,,MG,,38411-159,-18.95131,-48.2792,,,,,,Concessionárias,Demais Praças,-18.9514588,-48.2792618,0.3
,,,"Rodovia Washington Luís, Portal das Laranjeiras, Araraquara - SP, 14808-080, Brasil",Araraquara,,SP,,14808-080,-21.77024,-48.24106,,,,,,Concessionárias,SP,-21.7702899,-48.2411053,0.3
,,,"Volvo, Avenida Presidente Juscelino K. de Oliveira, Moyses Miguel Haddad, São José do Rio Preto - SP, 15091-450, Brasil",São José do Rio Preto,,SP,,15091-450,-20.85744,-49.41152,,,,,,Concessionárias,SP,-20.8575933,-49.4114607,0.3
,,,"Rodovia Transbrasiliana, São José do Rio Preto - SP, 15053-750, Brasil",São José do Rio Preto,,SP,,15053-750,-20.89096,-49.43096,,,,,,Concessionárias,SP,-20.890814,-49.431192,0.3
,,,"Volvo, Avenida Deputado Jamel Cecílio, 3235, Jardim Goiás, Goiânia - GO, 74810-190, Brasil",Goiânia,,GO,,74810-190,-16.7067,-49.23742,,,,,,Concessionárias,Demais Praças,-16.7066912,-49.2373961,0.3
,,,"BR-153, Jardim Belo Horizonte, Aparecida de Goiânia - GO, Brasil",Aparecida de Goiânia,,GO,,,-16.82752,-49.24233,,,,,,Concessionárias,Demais Praças,-16.8275187,-49.2423324,0.3
,,,"Alameda das Sibipirunas, Ceasa, Goiânia - GO, 74681-215, Brasil",Goiânia,,GO,,74681-215,-16.62925,-49.20514,,,,,,Concessionárias,Demais Praças,-16.6292512,-49.2051553,0.3
,,,"Rodovia Marechal Rondon, Alvorada, Araçatuba - SP, Brasil",Araçatuba,,SP,,,-21.25611,-50.41846,,,,,,Concessionárias,SP,-21.2567321,-50.4191083,0.3
,,,"Sia Trecho 2, SIA - DF, 71200-020, Brasil",SIA,,DF,,71200-020,-15.80332,-47.96803,,,,,,Concessionárias,Demais Praças,-15.8033237,-47.9680259,0.3
,,,"Rodovia Raposo Tavares, Regente Feijó - SP, 19570-000, Brasil",Regente Feijó,,SP,,19570-000,-22.26625,-51.30191,,,,,,Concessionárias,SP,-22.2662533,-51.3019148,0.3
,,,"Rodovia Celso Garcia Cid, Cambé - PR, Brasil",Cambé,,PR,,,-23.24697,-51.25124,,,,,,Concessionárias,Demais Praças,-23.2470134,-51.2518433,0.3
,,,"Anel Viário Aldo Casali, Campo Mourão - PR, Brasil",Campo Mourão,,PR,,,-24.08991,-52.38048,,,,,,Concessionárias,Demais Praças,-24.0898979,-52.3804855,0.3
,,,"PR-323, Umuarama - PR, 87507-000, Brasil",Umuarama,,PR,,87507-000,-23.7779,-53.28698,,,,,,Concessionárias,Demais Praças,-23.7785948,-53.2869387,0.3
,,,"Avenida Doutor Ezuel Portes, Presidente, Cascavel - PR, 62850-000, Brasil",Cascavel,,PR,,62850-000,-24.97188,-53.39479,,,,,,Concessionárias,Demais Praças,-24.9724675,-53.3948252,0.3
,,,"Avenida Doutor Ezuel Portes, Cascavel Velho, Cascavel - PR, 85810-000, Brasil",Cascavel,,PR,,85810-000,-24.96671,-53.42389,,,,,,Concessionárias,Demais Praças,-24.9668033,-53.4238344,0.3
,,,"Rua Aluízio Nunes Costa, 508, Zona 19, Maringá - PR, 87070-774, Brasil",Maringá,,PR,,87070-774,-23.41697,-51.98547,,,,,,Concessionárias,Demais Praças,-23.4166771,-51.9858332,0.3
,,,"Rua Joaquim Lopes, 253, Porto Rico - PR, 87950-000, Brasil",Porto Rico,,PR,,87950-000,-22.77116,-53.26835,,,,,,Concessionárias,Demais Praças,-22.7711416,-53.2683507,0.3
,,,"Dicave VOLVO - Santa Catarina, Canhanduba, Itajaí - SC, Brasil",Itajaí,,SC,,,-26.94804,-48.68435,,,,,,Concessionárias,Demais Praças,-26.9480905,-48.6840577,0.3
,,,"Rua Félix Walendowsky, 652, Porto Belo - SC, 88210-000, Brasil",Porto Belo,,SC,,88210-000,-27.15576,-48.57929,,,,,,Concessionárias,Demais Praças,-27.1557058,-48.5793427,0.3
,,,"Rodovia Tertuliano Brito Xavier, Jurere Leste, Florianópolis - SC, 88054-601, Brasil",Florianópolis,,SC,,88054-601,-27.43603,-48.48003,,,,,,Concessionárias,Demais Praças,-27.4350337,-48.4798594,0.3
,,,"Crossfit Atlántico, Vila Real, Balneário Camboriú - SC, 88337-080, Brasil",Balneário Camboriú,,SC,,88337-080,-27.00636,-48.62437,,,,,,Concessionárias,Demais Praças,-27.006318,-48.6245185,0.3
,,,"Marina Blue Fox, Rodovia Tertuliano Brito Xavier, 3000, Jurere Leste, Florianópolis - SC, 88054-601, Brasil",Florianópolis,,SC,,88054-601,-27.4343,-48.47879,,,,,,Concessionárias,Demais Praças,-27.4342747,-48.478638,0.3
,,,"DF Veículos Seminovos, Sia, SIA - DF, 71200-025, Brasil",SIA,,DF,,71200-025,-15.80582,-47.95093,,,,,,Concessionárias,Demais Praças,-15.8057269,-47.95080859999999,0.3
,,,"PINHEIROS VEICULOS LTDA, Av T-09 500 Qd.J-17, 02, Marista, Goiânia - GO, 74150-300, Brasil",Goiânia,,GO,,74150-300,-16.69947,-49.26885,,,,,,Concessionárias,Demais Praças,-16.699088,-49.2684625,0.3
,,,"Avenida Barão Homem de Melo, 3201, Estoril, Belo Horizonte - MG, 30494-085, Brasil",Belo Horizonte,,MG,,30494-085,-19.96368,-43.96293,,,,,,Concessionárias,Demais Praças,-19.9637,-43.96295,0.3
,,,"Arvoredo Foodstore, Avenida dos Vinhedos, 276, Morada da Colina, Uberlândia - MG, 38411-159, Brasil",Uberlândia,,MG,,38411-159,-18.9515,-48.27738,,,,,,Concessionárias,Demais Praças,-18.951453,-48.2772832,0.3
,,,"Rua Tobias de Macedo Júnior, 233, Santo Inácio, Curitiba - PR, 82010-340, Brasil",Curitiba,,PR,,82010-340,-25.4303,-49.32374,,,,,,Concessionárias,Demais Praças,-25.4303474,-49.324071,0.3
,,,"Avenida Ouro, 163, Ciclo II, Londrina - PR, 86067-230, Brasil",Londrina,,PR,,86067-230,-23.29141,-51.22151,,,,,,Concessionárias,Demais Praças,-23.2910805,-51.2212907,0.3
,,,"Rua Gaspar Ricardo, 285, Zona 10, Maringá - PR, 87040-365, Brasil",Maringá,,PR,,87040-365,-23.423,-51.91147,,,,,,Concessionárias,Demais Praças,-23.4230325,-51.91144449999999,0.3
,,,"Rua Pereira Franco, 776, São João, Porto Alegre - RS, 90240-520, Brasil",Porto Alegre,,RS,,90240-520,-30.00288,-51.19159,,,,,,Concessionárias,Demais Praças,-30.0027486,-51.19134469999999,0.3
,,,"GWM, Estrada Francisco da Cruz Nunes, Cafubá, Niterói - RJ, 24350-310, Brasil",Niterói,,RJ,,24350-310,-22.92793,-43.06404,,,,,,Concessionárias,Demais Praças,-22.9279453,-43.0640335,0.3
,,,"américas Avenue, Avenida das Américas, 12900, Recreio dos Bandeirantes, Rio de Janeiro - RJ, 22790-701, Brasil",Rio de Janeiro,,RJ,,22790-701,-23.00585,-43.43784,,,,,,Concessionárias,Demais Praças,-23.0056202,-43.4378306,0.3
,,,"Top Cell, Da Praia dos Amores, Balneário Camboriú - SC, 88331-440, Brasil",Balneário Camboriú,,SC,,88331-440,-26.95919,-48.63924,,,,,,Concessionárias,Demais Praças,-26.9593324,-48.6390049,0.3
,,,"Rua Itajaí, 682, Vorstadt, Blumenau - SC, 89015-205, Brasil",Blumenau,,SC,,89015-205,-26.91505,-49.05706,,,,,,Concessionárias,Demais Praças,-26.914982,-49.0571115,0.3
,,,"Avenida São Pedro, 96E, Centro, Chapecó - SC, 89802-245, Brasil",Chapecó,,SC,,89802-245,-27.09197,-52.61812,,,,,,Concessionárias,Demais Praças,-27.091936,-52.6181181,0.3
,,,"Top Car - Florianópolis, SC, Rua Professor Egídio Ferreira, 206, Capoeiras, Florianópolis - SC, 88090-699, Brasil",Florianópolis,,SC,,88090-699,-27.59617,-48.60198,,,,,,Concessionárias,Demais Praças,-27.5961912,-48.6020291,0.3
,,,"Estrada da Aldeinha, 120, Alphaville, Barueri - SP, 06465-100, Brasil",Barueri,,SP,,06465-100,-23.50703,-46.84764,,,,,,Concessionárias,SP,-23.5071007,-46.8481009,0.3
,,,"Avenida Wladimir Meirelles Ferreira, 1650, Subsetor Sul-4, Ribeirão Preto - SP, 14021-683, Brasil",Ribeirão Preto,,SP,,14021-683,-21.21059,-47.80254,,,,,,Concessionárias,SP,-21.2106804,-47.8024877,0.3
,,,"Rua Tiradentes, 3380, Centro, São José do Rio Preto - SP, 15010-030, Brasil",São José do Rio Preto,,SP,,15010-030,-20.81257,-49.37679,,,,,,Concessionárias,SP,-20.8126218,-49.3767619,0.3
,,,"Casco Branco, Pinheiros, São Paulo - SP, Brasil",São Paulo,,SP,,,-23.57036,-46.70062,,,,,,Concessionárias,SP,-23.5705417,-46.7005324,0.3
,,,"JLR Charging (alternative), Avenida Morumbi, 6989, Morumbi, São Paulo - SP, 05690-020, Brasil",São Paulo,,SP,,05690-020,-23.61716,-46.70288,,,,,,Concessionárias,SP,-23.617174,-46.7029161,0.3
,,,"JLR Charging (alternative), Avenida Regente Feijó, 1234, Água Rasa, São Paulo - SP, 03347-000, Brasil",São Paulo,,SP,,03347-000,-23.56012,-46.56717,,,,,,Concessionárias,SP,-23.5601445,-46.56713389999999,0.3
,,,"Avenida Doutor Gastão Vidigal, 1400, Vila Leopoldina, São Paulo - SP, 05314-000, Brasil",São Paulo,,SP,,05314-000,-23.53106,-46.73798,,,,,,Concessionárias,SP,-23.5310426,-46.7380272,0.3
,,,"Sinal France Indianópolis, Avenida Moreira Guimarães, 367, Saúde, São Paulo - SP, 04050-060, Brasil",São Paulo,,SP,,04050-060,-23.61082,-46.65501,,,,,,Concessionárias,SP,-23.6108454,-46.6548885,0.3
,,,"Prime Auditores Independentes, Rua Lavradio, 100, Barra Funda, São Paulo - SP, 01154-020, Brasil",São Paulo,,SP,,01154-020,-23.53125,-46.66133,,,,,,Concessionárias,SP,-23.5312434,-46.6613341,0.3
,,,"Rua Costa Rica, 286, Jardim Paulista, São Paulo - SP, 01437-010, Brasil",São Paulo,,SP,,01437-010,-23.57134,-46.67369,,,,,,Concessionárias,SP,-23.5712877,-46.6736745,0.3
,,,"Rua Doutor Armando Sales de Oliveira, 770, Jardim Bela Vista, Campinas - SP, 13076-015, Brasil",Campinas,,SP,,13076-015,-22.87586,-47.04729,,,,,,Concessionárias,SP,-22.8758006,-47.0472389,0.3
,,,"JLR Charging (alternative), Avenida Doutor Afonso Vergueiro, 3140, Sorocaba - SP, 18040-000, Brasil",Sorocaba,,SP,,18040-000,-23.50176,-47.47975,,,,,,Concessionárias,SP,-23.5017019,-47.4798371,0.3
,,,"Osten - São José dos Campos, SP, Avenida Doutor Eduardo Cury, 220, Jardim Esplanada, São José dos Campos - SP, 12242-001, Brasil",São José dos Campos,,SP,,12242-001,-23.20177,-45.9087,,,,,,Concessionárias,SP,-23.2017656,-45.908714,0.3
,,,"Rua Principado de Mônaco, Consolação, São Paulo - SP, 01247-040, Brasil",São Paulo,,SP,,01247-040,-23.54991,-46.66805,,,,,,Concessionárias,SP,-23.5496587,-46.66792539999999,0.3
,,,"Travessa Maria Domingas das Neves, Cangaíba, São Paulo - SP, 03717-010, Brasil",São Paulo,,SP,,03717-010,-23.50262,-46.53733,,,,,,Concessionárias,SP,-23.5025656,-46.538379,0.3
,,,"Rua Décio Reis, 353, Alto de Pinheiros, São Paulo - SP, 05446-010, Brasil",São Paulo,,SP,,05446-010,-23.55254,-46.70319,,,,,,Concessionárias,SP,-23.5526588,-46.7032308,0.3
,,,"Rua Clodomiro Amazonas, 1037, Itaim Bibi, São Paulo - SP, 04537-012, Brasil",São Paulo,,SP,,04537-012,-23.59322,-46.67715,,,,,,Concessionárias,SP,-23.5932344,-46.6771556,0.3
,,,"Rua Estados Unidos, 1971, Jardim Paulista, São Paulo - SP, 01427-002, Brasil",São Paulo,,SP,,01427-002,-23.56415,-46.6723,,,,,,Concessionárias,SP,-23.5641718,-46.6723015,0.3
,,,"Alameda Pinot, 18, Jubran, Barueri - SP, 06458-290, Brasil",Barueri,,SP,,06458-290,-23.48534,-46.8256,,,,,,Concessionárias,SP,-23.485281,-46.825665,0.3
,,,"Alameda Campinas, 1179, Jardim Paulista, São Paulo - SP, 01404-001, Brasil",São Paulo,,SP,,01404-001,-23.57051,-46.65756,,,,,,Concessionárias,SP,-23.5705479,-46.6575354,0.3
,,,"Rua Aspásia, Itaim Bibi, São Paulo - SP, 01451-011, Brasil",São Paulo,,SP,,01451-011,-23.58577,-46.6824,,,,,,Concessionárias,SP,-23.5857248,-46.6824158,0.3
,,,"Rua Zózimo do Amaral, 238, Jacarepaguá, Rio de Janeiro - RJ, 22775-800, Brasil",Rio de Janeiro,,RJ,,22775-800,-22.94847,-43.36985,,,,,,Concessionárias,Demais Praças,-22.9484628,-43.3698459,0.3
,,,"Rua Dona Alzira, Sarandi, Porto Alegre - RS, 91060-410, Brasil",Porto Alegre,,RS,,91060-410,-29.98853,-51.14025,,,,,,Concessionárias,Demais Praças,-29.9885256,-51.1402652,0.3
,,,"Rua Juvenal dos Santos, 328, Cascatinha, Curitiba - PR, 82025-030, Brasil",Curitiba,,PR,,82025-030,-25.40781,-49.30926,,,,,,Concessionárias,Demais Praças,-25.4078824,-49.3092264,0.3
,,,"Alameda dos Jacarandás, 120, Lagoa Santa - MG, 33400-000, Brasil",Lagoa Santa,,MG,,33400-000,-19.59917,-43.91317,,,,,,Concessionárias,Demais Praças,-19.599168,-43.913171,0.3
,,,"Brasília, DF, Brasil",Brasília,,DF,,72227-991,-15.77857,-47.92877,,,,,,Concessionárias,Demais Praças,-15.7061286,-47.9960511,0.3
,,,"Nova Nazaré, MT, Brasil",Nova Nazaré,,MT,,78638-000,-13.99072,-51.79052,,,,,,Concessionárias,Demais Praças,-14.235004,-51.92528,0.3
,,,"Rua 7, Tuiuti - SP, 12930-000, Brasil",Tuiuti,,SP,,12930-000,-22.81922,-46.69072,,,,,,Concessionárias,SP,-22.8235526,-46.6898516,0.3
,,,"Avenida das Maritacas, Lindóia, Londrina - PR, 86031-070, Brasil",Londrina,,PR,,86031-070,-23.27727,-51.10032,,,,,,Concessionárias,Demais Praças,-23.276999,-51.100126,0.3
,,,"Ponto De Carregamento Para Veículos Elétricos, Avenida Deputado Jamel Cecílio, Sul, Goiânia - GO, 74085-580, Brasil",Goiânia,,GO,,74085-580,-16.69792,-49.25167,,,,,,Concessionárias,Demais Praças,-16.6980763,-49.2515557,0.3
,,,"Botanique Hotel & Spa in Campos do Jordão, Rua Elípio Gonçalves da Silva, 4000, Campos do Jordão - SP, 12460-000, Brasil",Campos do Jordão,,SP,,12460-000,-22.78128,-45.6627,,,,,,Resorts,SP,-22.781439,-45.662843,0.3
,,,"Avenida Doutor Alberto Penteado, 35, Morumbi, São Paulo - SP, 05678-000, Brasil",São Paulo,,SP,,05678-000,-23.59746,-46.70081,,,,,,Resorts,SP,-23.597423,-46.700852,0.3
,,,"Zoe Films, Avenida Paulista, 1374, Jardim Paulista, São Paulo - SP, 01419-001, Brasil",São Paulo,,SP,,01419-001,-23.5637,-46.65604,,,,,,Resorts,SP,-23.563694,-46.656080,0.3
,,,"Estrada Ernesto Diedericksen, Campos do Jordão - SP, 12460-000, Brasil",Campos do Jordão,,SP,,12460-000,-22.77136,-45.59985,,,,,,Resorts,SP,-22.771366,-45.599871,0.3
,,,"Rua Harry Bertell, Jardim Martinelli, Itatiaia - RJ, 27580-000, Brasil",Itatiaia,,RJ,,27580-000,-22.4339,-44.51982,,,,,,Resorts,Demais Praças,-22.433902,-44.519794,0.3
,,,"Rua Deputado Laércio Corte, 1501, Vila Andrade, São Paulo - SP, 05706-290, Brasil",São Paulo,,SP,,05706-290,-23.6319,-46.72273,,,,,,Resorts,SP,-23.632001,-46.722677,0.3
,,,"Rua Francisco Vieira Mota, 10, Jacaúna, Aquiraz - CE, 61700-000, Brasil",Aquiraz,,CE,,61700-000,-3.94422,-38.27612,,,,,,Resorts,Demais Praças,-3.944276,-38.276277,0.3
,,,"Alameda das Siriemas, Porto Feliz - SP, 18540-000, Brasil",Porto Feliz,,SP,,18540-000,-23.37101,-47.56535,,,,,,Resorts,SP,-23.371699,-47.562569,0.3
,,,"Boa Vista Surf Lodge, Porto Feliz - SP, 18540-000, Brasil",Porto Feliz,,SP,,18540-000,-23.37323,-47.5531,,,,,,Resorts,SP,-23.370600,-47.550093,0.3
,,,"Residencial Fazenda da Grama, Rodovia Miguel Melhado Campos, Itupeva - SP, 13295-000, Brasil",Itupeva,,SP,,13295-000,-23.05282,-47.06894,,,,,,Resorts,SP,-23.054087,-47.070242,0.3
,,,"Rodovia Jorge Fortulino, Balneário Rincão - SC, 88828-000, Brasil",Balneário Rincão,,SC,,88828-000,-28.81761,-49.25157,,,,,,Marinas,Demais Praças,-28.817604,-49.251578,0.3
,,,"Rua Doutor Avelino Queiroz, 191, Capitólio - MG, 37930-000, Brasil",Capitólio,,MG,,37930-000,-20.61412,-46.04786,,,,,,Marinas,Demais Praças,-20.6141323,-46.0478758,0.3
,,,"Avenida Beira Mar, Perequê-Mirim, Ubatuba - SP, 11680-000, Brasil",Ubatuba,,SP,,11680-000,-23.50346,-45.12436,,,,,,Marinas,SP,-23.503465,-45.124357,0.3
,,,"Avenida São João, 298, Praia de Armação do Itaporocoy, Penha - SC, 88385-000, Brasil",Penha,,SC,,88385-000,-26.79,-48.60453,,,,,,Marinas,Demais Praças,-26.7899836,-48.6046012,0.3
,,,"Rua São Paulo, 780, Umuarama, Itanhaém - SP, 11740-000, Brasil",Itanhaém,,SP,,11740-000,-24.17475,-46.8173,,,,,,Marinas,SP,-24.174704,-46.817336,0.3
,,,"Rua Lateral BR 101, 243, Prado de Baixo, Biguaçu - SC, 88160-000, Brasil",Biguaçu,,SC,,88160-000,-27.48642,-48.6482,,,,,,Marinas,Demais Praças,-27.4863624,-48.6483316,0.3
,,,"Rua do Prefeito, 295, Torres - RS, 95560-000, Brasil",Torres,,RS,,95560-000,-29.32807,-49.73938,,,,,,Marinas,Demais Praças,-29.3281031,-49.7395509,0.3
,,,"Avenida João Carraro, 256, Porto Rico - PR, 87950-000, Brasil",Porto Rico,,PR,,87950-000,-22.77229,-53.26773,,,,,,Marinas,Demais Praças,-22.7721821,-53.2676175,0.3
,,,"Rua Osório Fernandes de Macedo, 62, Da Barra, Balneário Camboriú - SC, 88332-075, Brasil",Balneário Camboriú,,SC,,88332-075,-27.00964,-48.61296,,,,,,Marinas,Demais Praças,-27.0096164,-48.6130822,0.3
,,,"Rua Minas Gerais, 474, Paranagi, Sertaneja - PR, 86340-000, Brasil",Sertaneja,,PR,,86340-000,-22.84751,-50.87552,,,,,,Marinas,Demais Praças,-22.8463505,-50.8760925,0.3
,,,"Rodovia Ariovaldo de Almeida Viana, Guarujá - SP, Brasil",Guarujá,,SP,,,-23.92779,-46.20859,,,,,,Marinas,SP,-23.9276197,-46.2083466,0.3
,,,"Avenida Celso Romano de Oliveira, Porto Rico - PR, 87950-000, Brasil",Porto Rico,,PR,,87950-000,-22.77131,-53.26851,,,,,,Marinas,Demais Praças,-22.7713103,-53.2684885,0.3
,,,"Rua Brasil, Centro, Campo Mourão - PR, Brasil",Campo Mourão,,PR,,,-24.04375,-52.37807,,,,,,Marinas,Demais Praças,-24.0436553,-52.3781098,0.3
,,,"Avenida Manoel Silva, 51, Porto Novo, Caraguatatuba - SP, 11667-752, Brasil",Caraguatatuba,,SP,,11667-752,-23.69567,-45.43853,,,,,,Marinas,SP,-23.695678,-45.438575,0.3
,,,"Rua Jorge Salvador Chere, 197, Guarujá - SP, 11420-700, Brasil",Guarujá,,SP,,11420-700,-24.00226,-46.29492,,,,,,Marinas,SP,-24.0006234,-46.296787,0.3
,,,"Avenida Agenor Nogueira, 1115, Presidente Epitácio - SP, 19470-000, Brasil",Presidente Epitácio,,SP,,19470-000,-21.74221,-52.07961,,,,,,Marinas,SP,-21.74222,-52.079582,0.3
,,,"Marina Flat Píer 22, Perequê-Mirim, Caraguatatuba - SP, 11667-000, Brasil",Caraguatatuba,,SP,,11667-000,-23.70729,-45.43308,,,,,,Marinas,SP,-23.707265,-45.4325699,0.3
,,,"Rua Pedro Balbino de Souza, 17, Carlópolis - PR, 86420-000, Brasil",Carlópolis,,PR,,86420-000,-23.42758,-49.72407,,,,,,Marinas,SP,-23.4273793,-49.7239575,0.3
,,,"Avenida Antônio Sindeaux de Lima, 349, Santa Clara d'Oeste - SP, 15785-000, Brasil",Santa Clara d'Oeste,,SP,,15785-000,-20.0916,-50.92852,,,,,,Marinas,SP,-20.091674,-50.928504,0.3
,,,"Náutica Barramar, Rua Benedito Pereira, 280, Perequê-Mirim, Caraguatatuba - SP, 11668-620, Brasil",Caraguatatuba,,SP,,11668-620,-23.70999,-45.43031,,,,,,Marinas,SP,-23.7100362,-45.4301173,0.3
,,,"Rua Maria Francisca Pereira, 1676, Rosana - SP, 19273-000, Brasil",Rosana,,SP,,19273-000,-22.57712,-53.05814,,,,,,Marinas,Demais Praças,-22.577171,-53.058244,0.3
,,,"Rua dos Expedicionários, 41, Estradinha, Paranaguá - PR, 83206-450, Brasil",Paranaguá,,PR,,83206-450,-25.52753,-48.5095,,,,,,Marinas,Demais Praças,-25.5275684,-48.5095372,0.3
,,,"Magazine Luiza, Cássia - MG, 37980-000, Brasil",Cássia,,MG,,37980-000,-20.58504,-46.91915,,,,,,Marinas,Demais Praças,-20.5849457,-46.9191613,0.3
,,,"Avenida João José da Cruz, 777, Canto Grande, Bombinhas - SC, 88215-000, Brasil",Bombinhas,,SC,,88215-000,-27.18973,-48.5062,,,,,,Marinas,Demais Praças,-27.1895326,-48.506187,0.3
,,,"Rua Elisa Gomes, 6, Formiga - MG, 35574-372, Brasil",Formiga,,MG,,35574-372,-20.45943,-45.43602,,,,,,Marinas,Demais Praças,-20.459348,-45.435814,0.3
,,,"Rua Quatorze, 531, Cachoeira Dourada - MG, 38370-000, Brasil",Cachoeira Dourada,,MG,,38370-000,-18.51743,-49.49795,,,,,,Marinas,Demais Praças,-18.5174539,-49.497771,0.3
,,,"PR-412, Pontal do Paraná - PR, 83255-000, Brasil",Pontal do Paraná,,PR,,83255-000,-25.69724,-48.47591,,,,,,Marinas,Demais Praças,-25.6972404,-48.4759771,0.3
,,,"Rua A. S. da Silva, 113, Centro Penha, Penha - SC, 88385-000, Brasil",Penha,,SC,,88385-000,-26.77615,-48.64703,,,,,,Marinas,Demais Praças,-26.775917,-48.6470006,0.3
,,,"Rua Portugal, 67, Do Ubatuba, São Francisco do Sul - SC, 89240-000, Brasil",São Francisco do Sul,,SC,,89240-000,-26.1887,-48.57124,,,,,,Marinas,Demais Praças,-26.188547,-48.571242,0.3
,,,"Alameda Pintassilgo, 14, Carlópolis - PR, 86420-000, Brasil",Carlópolis,,PR,,86420-000,-23.38763,-49.64045,,,,,,Marinas,SP,-23.38735139,-49.64048158,0.3
,,,"Rua Otavio Carlos, 105A, Bom Sucesso - MG, 37220-000, Brasil",Bom Sucesso,,MG,,37220-000,-21.03516,-44.75928,,,,,,Marinas,Demais Praças,-21.0350635,-44.7593214,0.3
,,,"Rua Nossa Senhora da Boa Viagem, 1424, Arquipélago, Porto Alegre - RS, 90090-140, Brasil",Porto Alegre,,RS,,90090-140,-30.01877,-51.25655,,,,,,Marinas,Demais Praças,-30.0187489,-51.2565001,0.3
,,,"Rua Hespanhol, 522, Passo de Torres - SC, 88980-000, Brasil",Passo de Torres,,SC,,88980-000,-29.3207,-49.72406,,,,,,Marinas,Demais Praças,-29.3207869,-49.7239294,0.3
,,,"Rodovia Tertuliano Brito Xavier, 1800, Jurere Leste, Florianópolis - SC, 88054-601, Brasil",Florianópolis,,SC,,88054-601,-27.43104,-48.47749,,,,,,Marinas,Demais Praças,-27.4311146,-48.4774009,0.3
,,,"Evolution Language, Avenida Rio Branco, Indaiá, Caraguatatuba - SP, 11665-600, Brasil",Caraguatatuba,,SP,,11665-600,-23.63068,-45.42658,,,,,,Marinas,SP,-23.630561,-45.427032,0.3
,,,"Estrada Cubatão Grande, 2101, Vila Cubatão, Joinville - SC, 89226-833, Brasil",Joinville,,SC,,89226-833,-26.20245,-48.79225,,,,,,Marinas,Demais Praças,-26.202446,-48.792251,0.3
,,,"Rodovia Ariovaldo de Almeida Viana, Guarujá - SP, Brasil",Guarujá,,SP,,,-23.92779,-46.20859,,,,,,Marinas,SP,-23.9276197,-46.2083466,0.3
,,,"Praça Flórida, 333, Florida, Guaíba - RS, 92728-335, Brasil",Guaíba,,RS,,92728-335,-30.15222,-51.3224,,,,,,Marinas,Demais Praças,-30.152222,-51.32239,0.3
,,,"Avenida Nuta James, 65, Barra da Tijuca, Rio de Janeiro - RJ, 22640-030, Brasil",Rio de Janeiro,,RJ,,22640-030,-23.00545,-43.31282,,,,,,Marinas,Demais Praças,-23.005276,-43.312726,0.3
,,,"Rua Augusto de Lima, 889, Umuarama, Itanhaém - SP, 11740-000, Brasil",Itanhaém,,SP,,11740-000,-24.17357,-46.81899,,,,,,Marinas,SP,-24.17329962,-46.81860573,0.3
,,,"Avenida Beira Rio, 346, Porto Rico - PR, 87950-000, Brasil",Porto Rico,,PR,,87950-000,-22.76928,-53.26743,,,,,,Marinas,Demais Praças,-22.769185,-53.267565,0.3
,,,"Rua Fortaleza, 25, São João Batista do Glória - MG, 37920-000, Brasil",São João Batista do Glória,,MG,,37920-000,-20.6351,-46.50568,,,,,,Marinas,Demais Praças,-20.6350921,-46.5054775,0.3
,,,"Rodovia Arlindo Bettio, Rosana - SP, 19273-000, Brasil",Rosana,,SP,,19273-000,-22.57412,-53.05485,,,,,,Marinas,Demais Praças,-22.573603,-53.055507,0.3
,,,"Rua Floresta, 985, Chácara da Saudade, Paraty - RJ, 23970-000, Brasil",Paraty,,RJ,,23970-000,-23.22011,-44.72058,,,,,,Marinas,Demais Praças,-23.2200216,-44.7204284,0.3
,,,"Avenida Prefeito Cirino Cabral, 9515, De Gravatá, Navegantes - SC, 88375-000, Brasil",Navegantes,,SC,,88375-000,-26.82699,-48.62321,,,,,,Marinas,Demais Praças,-26.827036,-48.623176,0.3
,,,"Rua Arthur Bernardes, 66, Porto Mendes, Marechal Cândido Rondon - PR, 85960-000, Brasil",Marechal Cândido Rondon,,PR,,85960-000,-24.49199,-54.31241,,,,,,Marinas,Demais Praças,-24.492001,-54.312423,0.3
,,,"Rua Osório Fernandes de Macedo, 62, Da Barra, Balneário Camboriú - SC, 88332-075, Brasil",Balneário Camboriú,,SC,,88332-075,-27.00964,-48.61296,,,,,,Marinas,Demais Praças,-27.0096164,-48.6130822,0.3
,,,"Rua Aristides de Oliveira, 177, Bockmann, Paranaguá - PR, 83203-695, Brasil",Paranaguá,,PR,,83203-695,-25.51679,-48.52269,,,,,,Marinas,Demais Praças,-25.5165725,-48.5229975,0.3
,,,"Avenida Euginio José Gomes, 95, Santa Clara d'Oeste - SP, 15785-000, Brasil",Santa Clara d'Oeste,,SP,,15785-000,-20.09221,-50.93029,,,,,,Marinas,SP,-20.0923485,-50.9303341,0.3
,,,"Avenida Maringá, 11, Porto Maringá, Marilena - PR, 87960-000, Brasil",Marilena,,PR,,87960-000,-22.66777,-53.08001,,,,,,Marinas,Demais Praças,-22.66776778,-53.07973317,0.3
,,,"Avenida Benedito Valadares, 47, Sacramento - MG, 38190-000, Brasil",Sacramento,,MG,,38190-000,-19.86656,-47.44075,,,,,,Marinas,Demais Praças,-19.8664968,-47.4407846,0.3
,,,"Estrada Cubatão Grande, 2315, Vila Cubatão, Joinville - SC, 89226-833, Brasil",Joinville,,SC,,89226-833,-26.20079,-48.79063,,,,,,Marinas,Demais Praças,-26.20119225,-48.79053025,0.3
,,,"SC-410, Governador Celso Ramos - SC, 88190-000, Brasil",Governador Celso Ramos,,SC,,88190-000,-27.36628,-48.55699,,,,,,Marinas,Demais Praças,-27.36638845,-48.55692737,0.3
,,,"Avenida Beira Rio, 346, Porto Rico - PR, 87950-000, Brasil",Porto Rico,,PR,,87950-000,-22.76928,-53.26743,,,,,,Marinas,Demais Praças,-22.769185,-53.267565,0.3
,,,"Rua M. T. da Conceição, 23, Nazaré Paulista - SP, 12960-000, Brasil",Nazaré Paulista,,SP,,12960-000,-23.18159,-46.39787,,,,,,Marinas,SP,-23.1815565,-46.3978706,0.3
,,,"Rua do Feliciano, Nazaré Paulista - SP, 12960-000, Brasil",Nazaré Paulista,,SP,,12960-000,-23.16598,-46.4014,,,,,,Marinas,SP,-23.1659688,-46.4014012,0.3
,,,"Avenida Força Expedicionária Brasileira, 495, Ilhabela - SP, 11630-000, Brasil",Ilhabela,,SP,,11630-000,-23.77448,-45.35384,,,,,,Marinas,SP,-23.7744403,-45.3538938,0.3
,,,"Rua Izamira Pinto Santana, 499, Porto Novo, Caraguatatuba - SP, 11667-360, Brasil",Caraguatatuba,,SP,,11667-360,-23.69291,-45.43806,,,,,,Marinas,SP,-23.692914,-45.438074,0.3
,,,"Tim Celular S/A., Rua Artista Bittencourt, 30, Centro, Florianópolis - SC, 88020-060, Brasil",Florianópolis,,SC,,88020-060,-27.59553,-48.548,,,,,,Marinas,Demais Praças,-27.5953778,-48.5480499,0.3
,,,"Rua Maria Francisca Pereira, 1997, Rosana - SP, 19273-000, Brasil",Rosana,,SP,,19273-000,-22.57534,-53.05738,,,,,,Marinas,Demais Praças,-22.575348,-53.057368,0.3
,,,"Rodovia Prefeito Casimiro Teixeira, Iguape - SP, 11920-000, Brasil",Iguape,,SP,,11920-000,-24.69563,-47.57083,,,,,,Marinas,SP,-24.695629,-47.570842,0.3
,,,"Rua Joaquim Lopes, Porto Rico - PR, 87950-000, Brasil",Porto Rico,,PR,,87950-000,-22.77131,-53.26617,,,,,,Marinas,Demais Praças,-22.771298,-53.266168,0.3
,,,"Estrada da Cumbica, 422, Jardim Ângela, São Paulo - SP, 04947-000, Brasil",São Paulo,,SP,,04947-000,-23.72016,-46.75635,,,,,,Marinas,SP,-23.7200915,-46.756345,0.3
,,,"Avenida Eurico Gaspar Dutra, 40, Tabatinga, Caraguatatuba - SP, 11679-200, Brasil",Caraguatatuba,,SP,,11679-200,-23.57285,-45.27481,,,,,,Marinas,SP,-23.5727858,-45.2748091,0.3
,,,"Avenida Paraná, 556, São Pedro do Paraná - PR, 87955-000, Brasil",São Pedro do Paraná,,PR,,87955-000,-22.82417,-53.22473,,,,,,Marinas,Demais Praças,-22.8243512,-53.2246372,0.3
,,,"Rua dos Fernandes, 287, Natividade da Serra - SP, 12180-000, Brasil",Natividade da Serra,,SP,,12180-000,-23.37939,-45.44371,,,,,,Marinas,SP,-23.3793926,-45.4437621,0.3
,,,"Rua Aristides de Oliveira, 177, Bockmann, Paranaguá - PR, 83203-695, Brasil",Paranaguá,,PR,,83203-695,-25.51679,-48.52269,,,,,,Marinas,Demais Praças,-25.5165725,-48.5229975,0.3
,,,"Avenida Governador Celso Ramos, 1345, Porto Belo - SC, 88210-000, Brasil",Porto Belo,,SC,,88210-000,-27.16142,-48.5794,,,,,,Marinas,Demais Praças,-27.161408,-48.5793985,0.3
,,,"Colégio Aplacição ULBRA, Avenida Beira Rio, Itumbiara - GO, 75524-272, Brasil",Itumbiara,,GO,,75524-272,-18.41336,-49.20238,,,,,,Marinas,Demais Praças,-18.41309,-49.202349,0.3
,,,"Rua Joaquim Lopes, 876, Porto Rico - PR, 87950-000, Brasil",Porto Rico,,PR,,87950-000,-22.77132,-53.26402,,,,,,Marinas,Demais Praças,-22.7714959,-53.2639688,0.3
,,,"Rua Tijucas, 63, Balneário Piçarras - SC, 88380-000, Brasil",Balneário Piçarras,,SC,,88380-000,-26.776,-48.67272,,,,,,Marinas,Demais Praças,-26.7759715,-48.6728286,0.3
,,,"Rua Osório Fernandes de Macedo, 62, Da Barra, Balneário Camboriú - SC, 88332-075, Brasil",Balneário Camboriú,,SC,,88332-075,-27.00964,-48.61296,,,,,,Marinas,Demais Praças,-27.0096164,-48.6130822,0.3
,,,"Avenida Perimetral, 340, Fortaleza, Rio Pardo - RS, 96640-000, Brasil",Rio Pardo,,RS,,96640-000,-29.99423,-52.37889,,,,,,Marinas,Demais Praças,-29.994138,-52.379044,0.3
,,,"Rua Aurora, 22, Jardim Iate Clube, Balneário Camboriú - SC, 88337-225, Brasil",Balneário Camboriú,,SC,,88337-225,-27.01514,-48.63231,,,,,,Marinas,Demais Praças,-27.015383,-48.6322413,0.3
,,,"Rua Rodrigo, 245, Rifaina - SP, 14490-000, Brasil",Rifaina,,SP,,14490-000,-20.08097,-47.42935,,,,,,Marinas,SP,-20.0807296,-47.4295515,0.3
,,,"Gipsy Garden, Golfe, Armação dos Búzios - RJ, 28950-000, Brasil",Armação dos Búzios,,RJ,,28950-000,-22.78297,-41.96241,,,,,,Marinas,Demais Praças,-22.782332,-41.963238,0.3
,,,"Rua Vinte e Seis, 129, Itá - SC, 89760-000, Brasil",Itá,,SC,,89760-000,-27.27464,-52.33938,,,,,,Marinas,Demais Praças,-27.2747533,-52.3395474,0.3
,,,"Avenida Celso Romano de Oliveira, Porto Rico - PR, 87950-000, Brasil",Porto Rico,,PR,,87950-000,-22.77131,-53.26851,,,,,,Marinas,Demais Praças,-22.7713103,-53.2684885,0.3
,,,"Rua Amadeu Prianti Chaves, 40, Igaratá - SP, 12350-000, Brasil",Igaratá,,SP,,12350-000,-23.20527,-46.15614,,,,,,Marinas,SP,-23.2052269,-46.1562788,0.3
,,,"Rua Ilhota, 1521, Itapema do Norte, Itapoá - SC, 89249-000, Brasil",Itapoá,,SC,,89249-000,-26.07305,-48.60377,,,,,,Marinas,Demais Praças,-26.073244,-48.603667,0.3
,,,"Rua Tijuana, 2415, Ilha Comprida - SP, 11925-000, Brasil",Ilha Comprida,,SP,,11925-000,-24.72923,-47.56063,,,,,,Marinas,SP,-24.7290503,-47.5607692,0.3
,,,"Rua Hespanhol, 522, Passo de Torres - SC, 88980-000, Brasil",Passo de Torres,,SC,,88980-000,-29.3207,-49.72406,,,,,,Marinas,Demais Praças,-29.3207869,-49.7239294,0.3
,,,"Rua Coronel Carvalho, 9, Centro, Angra dos Reis - RJ, 23900-315, Brasil",Angra dos Reis,,RJ,,23900-315,-23.00582,-44.3157,,,,,,Marinas,Demais Praças,-23.0057347,-44.3157591,0.3
,,,"Rua Antônio Bento Peixoto, 744, Miguelópolis - SP, 14530-000, Brasil",Miguelópolis,,SP,,14530-000,-20.17986,-48.03109,,,,,,Marinas,SP,-20.179973,-48.0309631,0.3
,,,"Rua Pirapua, 443, Pontal do Norte, Itapoá - SC, 89249-000, Brasil",Itapoá,,SC,,89249-000,-26.17104,-48.60093,,,,,,Marinas,Demais Praças,-26.171181,-48.600218,0.3
,,,"Rua Peixe Vivo, 155, Socorro, São Paulo - SP, 04772-100, Brasil",São Paulo,,SP,,04772-100,-23.69269,-46.71563,,,,,,Marinas,SP,-23.692699,-46.715452,0.3
,,,"Avenida Governador Celso Ramos, 2825, Porto Belo - SC, 88210-000, Brasil",Porto Belo,,SC,,88210-000,-27.15307,-48.53966,,,,,,Marinas,Demais Praças,-27.15309,-48.5397115,0.3
,,,"Rua Urcezino Ferreira, 706, Baixio, Itanhaém - SP, 11740-000, Brasil",Itanhaém,,SP,,11740-000,-24.18759,-46.79652,,,,,,Marinas,SP,-24.187511,-46.796617,0.3
,,,"Rua Wilson Rodrigues de Oliveira, 522, Ribeirão Claro - PR, 86410-000, Brasil",Ribeirão Claro,,PR,,86410-000,-23.2008,-49.75575,,,,,,Marinas,SP,-23.200919,-49.755903,0.3
,,,"PR-412, Pontal do Paraná - PR, 83255-000, Brasil",Pontal do Paraná,,PR,,83255-000,-25.69724,-48.47591,,,,,,Marinas,Demais Praças,-25.6972404,-48.4759771,0.3
,,,"Avenida Dois, 18, Itirapina - SP, 13530-000, Brasil",Itirapina,,SP,,13530-000,-22.25673,-47.81728,,,,,,Marinas,SP,-22.2567218,-47.8170462,0.3
,,,"Rua Rio Claro, Porto São José, São Pedro do Paraná - PR, 87957-000, Brasil",São Pedro do Paraná,,PR,,87957-000,-22.71972,-53.17172,,,,,,Marinas,Demais Praças,-22.717719,-53.1718325,0.3
,,,"Rua Fortunato Campante, 1806, Paulicéia - SP, 17990-000, Brasil",Paulicéia,,SP,,17990-000,-21.31574,-51.83241,,,,,,Marinas,SP,-21.3157294,-51.8325787,0.3
,,,"Rua João Manoel de Oliveira, 250, Tabatinga, Caraguatatuba - SP, 11679-350, Brasil",Caraguatatuba,,SP,,11679-350,-23.57726,-45.27572,,,,,,Marinas,SP,-23.577265,-45.2756475,0.3
,,,"Rua Benedito Marcos de Souza, 134, Porto Novo, Caraguatatuba - SP, 11669-450, Brasil",Caraguatatuba,,SP,,11669-450,-23.69333,-45.44088,,,,,,Marinas,SP,-23.6934056,-45.440858,0.3
,,,"Rua Marquês de Barbacena, 129, Verolme, Angra dos Reis - RJ, 23914-370, Brasil",Angra dos Reis,,RJ,,23914-370,-23.00338,-44.23676,,,,,,Marinas,Demais Praças,-23.0035309,-44.2370119,0.3
,,,"Estrada Vereador Benedito Adelino, 21, Vila Velha, Angra dos Reis - RJ, 23909-400, Brasil",Angra dos Reis,,RJ,,23909-400,-23.02331,-44.35794,,,,,,Marinas,Demais Praças,-23.023335,-44.357925,0.3
,,,"Avenida Iguaçu, 809, Nova Prata do Iguaçu - PR, 85685-000, Brasil",Nova Prata do Iguaçu,,PR,,85685-000,-25.63443,-53.34557,,,,,,Marinas,Demais Praças,-25.6344713,-53.3455701,0.3
,,,"Rua Vereador Luiz Benedito, 120, Santa Isabel - SP, 07500-000, Brasil",Santa Isabel,,SP,,07500-000,-23.31775,-46.22413,,,,,,Marinas,SP,-23.3176861,-46.2241105,0.3
,,,"Avenida Iguaçu, 833, São Miguel do Iguaçu - PR, 85877-000, Brasil",São Miguel do Iguaçu,,PR,,85877-000,-25.34967,-54.2406,,,,,,Marinas,Demais Praças,-25.3496458,-54.2410116,0.3
,,,"Avenida Beira Rio, 346, Porto Rico - PR, 87950-000, Brasil",Porto Rico,,PR,,87950-000,-22.76928,-53.26743,,,,,,Marinas,Demais Praças,-22.769185,-53.267565,0.3
,,,"PR-412, Pontal do Paraná - PR, 83255-000, Brasil",Pontal do Paraná,,PR,,83255-000,-25.69724,-48.47591,,,,,,Marinas,Demais Praças,-25.6972404,-48.4759771,0.3
,,,"Rua Nunes Viveiros, 121, Centro, Bertioga - SP, 11250-045, Brasil",Bertioga,,SP,,11250-045,-23.85434,-46.14174,,,,,,Marinas,SP,-23.854507,-46.141614,0.3
,,,"Rua Marte, 473, Capitólio - MG, 37930-000, Brasil",Capitólio,,MG,,37930-000,-20.63424,-46.00118,,,,,,Marinas,Demais Praças,-20.6344447,-46.0012219,0.3
,,,"Rua do Barrigudinho, Bracuí, Angra dos Reis - RJ, 23943-120, Brasil",Angra dos Reis,,RJ,,23943-120,-22.953,-44.39367,,,,,,Marinas,Demais Praças,-22.95300243,-44.39366629,0.3
,,,"São Pedro do Paraná, PR, Brasil",São Pedro do Paraná,,PR,,87955-000,-22.82393,-53.22218,,,,,,Marinas,Demais Praças,-22.75521391,-53.19122861,0.3
,,,"Rua Tubarão, 308, Balneário Piçarras - SC, 88380-000, Brasil",Balneário Piçarras,,SC,,88380-000,-26.77492,-48.67114,,,,,,Marinas,Demais Praças,-26.7750707,-48.6711776,0.3
,,,"Rua João Lourenço, 250, Moema, São Paulo - SP, 04508-030, Brasil",São Paulo,,SP,,04508-030,-23.59104,-46.66692,,,,,,Marinas,SP,-23.591152,-46.66698,0.3
,,,"Chácara do Tiê, Joanópolis - SP, 12980-000, Brasil",Joanópolis,,SP,,12980-000,-22.95645,-46.39195,,,,,,Marinas,SP,-22.95547,-46.392926,0.3
,,,"Shell, Rodovia José Henrique Rupp, São Jorge d'Oeste - PR, 85575-000, Brasil",São Jorge d'Oeste,,PR,,85575-000,-25.71059,-52.91918,,,,,,Marinas,Demais Praças,-25.7105736,-52.9193013,0.3
,,,"Rodovia Ariovaldo de Almeida Viana, Guarujá - SP, Brasil",Guarujá,,SP,,,-23.92779,-46.20859,,,,,,Marinas,SP,-23.9276197,-46.2083466,0.3
,,,"Avenida Jair Leite, 781, Pimenta - MG, 35585-000, Brasil",Pimenta,,MG,,35585-000,-20.4832,-45.80524,,,,,,Marinas,Demais Praças,-20.4832016,-45.8053073,0.3
,,,"Rua da Paz, 1709, Santo Amaro, São Paulo - SP, 04713-002, Brasil",São Paulo,,SP,,04713-002,-23.62808,-46.70451,,,,,,Marinas,SP,-23.628023,-46.70444,0.3
,,,"Avenida Jaraguá do Sul, 251, Balneário Barra do Sul - SC, 89247-000, Brasil",Balneário Barra do Sul,,SC,,89247-000,-26.4553,-48.6138,,,,,,Marinas,Demais Praças,-26.45519,-48.6137043,0.3
,,,"Rua Catorze, 127, Mirante da Orla, Caraguatatuba - SP, 11666-080, Brasil",Caraguatatuba,,SP,,11666-080,-23.59431,-45.36513,,,,,,Marinas,SP,-23.594187,-45.364945,0.3
,,,"Avenida Coronel Gallotti, 749, Tijucas - SC, 88200-340, Brasil",Tijucas,,SC,,88200-340,-27.24241,-48.62334,,,,,,Marinas,Demais Praças,-27.24252,-48.623302,0.3
,,,"Rua Garça, 138, Folha Seca, Ubatuba - SP, 11680-000, Brasil",Ubatuba,,SP,,11680-000,-23.48618,-45.1564,,,,,,Marinas,SP,-23.484882,-45.156847,0.3
,,,"Avenida Principal, 1189, Indaiá, Bertioga - SP, 11250-000, Brasil",Bertioga,,SP,,11250-000,-23.80095,-46.04717,,,,,,Marinas,SP,-23.80138,-46.048418,0.3
,,,"Rua Pescador, 1150, Arquipélago, Porto Alegre - RS, Brasil",Porto Alegre,,RS,,,-29.98609,-51.2515,,,,,,Marinas,Demais Praças,-29.9860772,-51.2514215,0.3
,,,"Rua Josué de Paula, 1550, Rifaina - SP, 14490-000, Brasil",Rifaina,,SP,,14490-000,-20.08889,-47.4202,,,,,,Marinas,SP,-20.088833,-47.4201885,0.3
,,,"Rua Vinte e Quatro de Julho, 867, Buriti Alegre - GO, 75660-000, Brasil",Buriti Alegre,,GO,,75660-000,-18.13825,-49.04087,,,,,,Marinas,Demais Praças,-18.1382481,-49.0408911,0.3
,,,"Avenida José Herculano, 7311, Balneário Acapulco, Caraguatatuba - SP, 11667-000, Brasil",Caraguatatuba,,SP,,11667-000,-23.69788,-45.43951,,,,,,Marinas,SP,-23.697864,-45.439488,0.3
,,,"Avenida Pedro Ometto, Barra Bonita - SP, 17340-001, Brasil",Barra Bonita,,SP,,17340-001,-22.49809,-48.56068,,,,,,Marinas,SP,-22.4981391,-48.5606695,0.3
,,,"Evolution Language, Avenida Rio Branco, Indaiá, Caraguatatuba - SP, 11665-600, Brasil",Caraguatatuba,,SP,,11665-600,-23.63068,-45.42658,,,,,,Marinas,SP,-23.630561,-45.427032,0.3
,,,"Rua Santo Amaro, 1717, São Francisco de Assis, Camboriú - SC, 88340-680, Brasil",Camboriú,,SC,,88340-680,-27.01681,-48.63109,,,,,,Marinas,Demais Praças,-27.016816,-48.631105,0.3
,,,"Cantinho do Faninho, Avenida Vicente de Carvalho, Centro, Bertioga - SP, 11250-045, Brasil",Bertioga,,SP,,11250-045,-23.85459,-46.13696,,,,,,Marinas,SP,-23.854742,-46.136947,0.3
,,,"Rua Benjamin Constant, 763, Centro Histórico, Paranaguá - PR, 83203-190, Brasil",Paranaguá,,PR,,83203-190,-25.5176,-48.50254,,,,,,Marinas,Demais Praças,-25.517601,-48.5025844,0.3
,,,"PR-412, Pontal do Paraná - PR, 83255-000, Brasil",Pontal do Paraná,,PR,,83255-000,-25.69724,-48.47591,,,,,,Marinas,Demais Praças,-25.6972404,-48.4759771,0.3
,,,"Rua Alegrete, Imbé - RS, 95625-000, Brasil",Imbé,,RS,,95625-000,-29.97594,-50.12755,,,,,,Marinas,Demais Praças,-29.9759381,-50.1275202,0.3
,,,"Rua Coronel Luiz da Silva Batista, 880, Subsetor Sul-3, Ribeirão Preto - SP, 14020-570, Brasil",Ribeirão Preto,,SP,,14020-570,-21.20695,-47.80668,,,,,,Marinas,SP,-21.2069225,-47.806629,0.3
,,,"Rua Vinte e Quatro de Julho, 867, Buriti Alegre - GO, 75660-000, Brasil",Buriti Alegre,,GO,,75660-000,-18.13825,-49.04087,,,,,,Marinas,Demais Praças,-18.1382481,-49.0408911,0.3
,,,"Rua Dom Afonso, 203, Vila Real, Balneário Camboriú - SC, 88337-070, Brasil",Balneário Camboriú,,SC,,88337-070,-27.00773,-48.62386,,,,,,Marinas,Demais Praças,-27.007687,-48.623921,0.3
,,,"Rua Marechal Deodoro, 211, Mangueirinha - PR, 85540-000, Brasil",Mangueirinha,,PR,,85540-000,-25.9427,-52.1747,,,,,,Marinas,Demais Praças,-25.942586,-52.1747755,0.3
,,,"Rua Capitão Rufino, 251, Itumbiara - GO, 75522-220, Brasil",Itumbiara,,GO,,75522-220,-18.41316,-49.19841,,,,,,Marinas,Demais Praças,-18.413055,-49.198284,0.3
,,,"Rua Urcezino Ferreira, 706, Baixio, Itanhaém - SP, 11740-000, Brasil",Itanhaém,,SP,,11740-000,-24.18759,-46.79652,,,,,,Marinas,SP,-24.187511,-46.796617,0.3
,,,"Avenida Luiz Alberto Zanoni, 77, Guarujá - SP, 11420-720, Brasil",Guarujá,,SP,,11420-720,-24.00402,-46.29261,,,,,,Marinas,SP,-24.0039225,-46.2926205,0.3
,,,"PR-412, Pontal do Paraná - PR, 83255-000, Brasil",Pontal do Paraná,,PR,,83255-000,-25.69724,-48.47591,,,,,,Marinas,Demais Praças,-25.6972404,-48.4759771,0.3
,,,"Rua das Flores, 1935, Praia do Meio, Palhoça - SC, 88139-250, Brasil",Palhoça,,SC,,88139-250,-27.86703,-48.60412,,,,,,Marinas,Demais Praças,-27.867036,-48.6041794,0.3
,,,"Rua Floresta, 985, Chácara da Saudade, Paraty - RJ, 23970-000, Brasil",Paraty,,RJ,,23970-000,-23.22011,-44.72058,,,,,,Marinas,Demais Praças,-23.2200216,-44.7204284,0.3
,,,"Rua Calixto Jorge, 381, Rifaina - SP, 14490-000, Brasil",Rifaina,,SP,,14490-000,-20.08193,-47.42016,,,,,,Marinas,SP,-20.082015,-47.42007,0.3
,,,"Rua Blandina Steiner Beckhauser, 922, Do Ubatuba, São Francisco do Sul - SC, 89240-000, Brasil",São Francisco do Sul,,SC,,89240-000,-26.18605,-48.56915,,,,,,Marinas,Demais Praças,-26.1856949,-48.5695025,0.3
,,,"Avenida Damião Botelho de Souza, 1310, Guaratuba - PR, 83280-000, Brasil",Guaratuba,,PR,,83280-000,-25.87971,-48.62114,,,,,,Marinas,Demais Praças,-25.8795802,-48.6210868,0.3
,,,"Estrada Henrique Rosa, 445, Cinco, São Bernardo do Campo - SP, 09831-500, Brasil",São Bernardo do Campo,,SP,,09831-500,-23.79139,-46.54853,,,,,,Marinas,SP,-23.7913986,-46.5484768,0.3
,,,"Rua Dom Sebastião, 740, Vila Real, Balneário Camboriú - SC, 88337-110, Brasil",Balneário Camboriú,,SC,,88337-110,-27.01139,-48.62848,,,,,,Marinas,Demais Praças,-27.011298,-48.628303,0.3
,,,"Rua Portugal, 67, Do Ubatuba, São Francisco do Sul - SC, 89240-000, Brasil",São Francisco do Sul,,SC,,89240-000,-26.1887,-48.57124,,,,,,Marinas,Demais Praças,-26.188547,-48.571242,0.3
,,,"Rua Humberto Campos, 15, Parque Estrela Dalva I, Luziânia - GO, 72804-150, Brasil",Luziânia,,GO,,72804-150,-16.25273,-47.92598,,,,,,Marinas,Demais Praças,-16.2527168,-47.92581261,0.3
,,,"Rua dos Jambolões, 490, Parque Eldorado 2, Eldorado do Sul - RS, 92990-000, Brasil",Eldorado do Sul,,RS,,92990-000,-30.1115,-51.63078,,,,,,Marinas,Demais Praças,-30.1115332,-51.6307505,0.3
,,,"Avenida da Praia, 1003, Toninhas, Ubatuba - SP, 11687-190, Brasil",Ubatuba,,SP,,11687-190,-23.48964,-45.07467,,,,,,Marinas,SP,-23.489688,-45.074689,0.3
,,,"Rua M. T. da Conceição, 23, Nazaré Paulista - SP, 12960-000, Brasil",Nazaré Paulista,,SP,,12960-000,-23.18159,-46.39787,,,,,,Marinas,SP,-23.1815565,-46.3978706,0.3
,,,"Estrada Timbé, 10283, Joinville - SC, 89226-500, Brasil",Joinville,,SC,,89226-500,-26.20768,-48.80147,,,,,,Marinas,Demais Praças,-26.207764,-48.801364,0.3
,,,"Rua Dom Francisco, 110, Vila Real, Balneário Camboriú - SC, 88337-090, Brasil",Balneário Camboriú,,SC,,88337-090,-27.01209,-48.62728,,,,,,Marinas,Demais Praças,-27.012089,-48.627467,0.3
,,,"Marina da Conga, Rua dos Pescadores, 1650, Arquipélago, Porto Alegre - RS, 90090-170, Brasil",Porto Alegre,,RS,,90090-170,-30.0054,-51.2585,,,,,,Marinas,Demais Praças,-30.00551535,-51.25841464,0.3
,,,"Rua Luís Vaz de Camões, 655, Adolfo - SP, 15230-000, Brasil",Adolfo,,SP,,15230-000,-21.23295,-49.64563,,,,,,Marinas,SP,-21.2329671,-49.6455916,0.3
,,,"Rodovia Baldicero Filomeno, 12520, Caiacanga, Florianópolis - SC, 88064-002, Brasil",Florianópolis,,SC,,88064-002,-27.75914,-48.56945,,,,,,Marinas,Demais Praças,-27.7592083,-48.5694693,0.3
,,,"Sces Trecho 1, Asa Sul, Brasília - DF, 70200-001, Brasil",Brasília,,DF,,70200-001,-15.82087,-47.88125,,,,,,Marinas,Demais Praças,-15.8208752,-47.8812509,0.3
,,,"Rua Ernesto M. Simões, 360, Cananéia - SP, 11990-000, Brasil",Cananéia,,SP,,11990-000,-25.01888,-47.92626,,,,,,Marinas,SP,-25.018727,-47.926466,0.3
,,,"Rua José Mantuani, 514, Marilena - PR, 87960-000, Brasil",Marilena,,PR,,87960-000,-22.73399,-53.04068,,,,,,Marinas,Demais Praças,-22.7340214,-53.0407335,0.3
,,,"Rua Antônio Olaia, 180, Guapé - MG, 37177-000, Brasil",Guapé,,MG,,37177-000,-20.76163,-45.92187,,,,,,Marinas,Demais Praças,-20.7616599,-45.9219446,0.3
,,,"Avenida Marginal, 2380, Itirapina - SP, 13530-000, Brasil",Itirapina,,SP,,13530-000,-22.17974,-47.88924,,,,,,Marinas,SP,-22.1796642,-47.8888643,0.3
,,,"Avenida Benedito Valadares, 47, Sacramento - MG, 38190-000, Brasil",Sacramento,,MG,,38190-000,-19.86656,-47.44075,,,,,,Marinas,Demais Praças,-19.8664968,-47.4407846,0.3
,,,"Rua José Benardino Rodrigues, 450, Guapé - MG, 37177-000, Brasil",Guapé,,MG,,37177-000,-20.76359,-45.91554,,,,,,Marinas,Demais Praças,-20.7635597,-45.915665,0.3
,,,"Avenida Beira Rio, Porto Maringá, Marilena - PR, 87960-000, Brasil",Marilena,,PR,,87960-000,-22.66601,-53.09054,,,,,,Marinas,Demais Praças,-22.66616655,-53.09034482,0.3
,,,"Avenida Marcolino Antônio Rosa, Icém - SP, 15460-000, Brasil",Icém,,SP,,15460-000,-20.34034,-49.19375,,,,,,Marinas,SP,-20.3395373,-49.1920033,0.3
,,,"Rua Domingos Peneda, 1047, Vila Itiberê, Paranaguá - PR, 83209-340, Brasil",Paranaguá,,PR,,83209-340,-25.53156,-48.51856,,,,,,Marinas,Demais Praças,-25.531573,-48.51855,0.3
,,,"Rua Timbiras, 51, Vila Guarani, Paranaguá - PR, 83221-390, Brasil",Paranaguá,,PR,,83221-390,-25.518,-48.54572,,,,,,Marinas,Demais Praças,-25.51801,-48.545771,0.3
,,,"Rua Visconde de Cabo Frio, 251, Verolme, Angra dos Reis - RJ, 23914-355, Brasil",Angra dos Reis,,RJ,,23914-355,-23.00435,-44.23564,,,,,,Marinas,Demais Praças,-23.004335,-44.235554,0.3
,,,"Rua Calixto Jorge, 184, Rifaina - SP, 14490-000, Brasil",Rifaina,,SP,,14490-000,-20.08313,-47.42155,,,,,,Marinas,SP,-20.0830687,-47.4215714,0.3
,,,"Rua Valentim Ramos Delano, 151, Socorro, São Paulo - SP, 04772-040, Brasil",São Paulo,,SP,,04772-040,-23.68599,-46.71628,,,,,,Marinas,SP,-23.686036,-46.716341,0.3
,,,"Gipsy Garden, Golfe, Armação dos Búzios - RJ, 28950-000, Brasil",Armação dos Búzios,,RJ,,28950-000,-22.78297,-41.96241,,,,,,Marinas,Demais Praças,-22.782332,-41.963238,0.3
,,,"Sces Trecho 1, Asa Sul, Brasília - DF, 70200-001, Brasil",Brasília,,DF,,70200-001,-15.82124,-47.88142,,,,,,Marinas,Demais Praças,-15.8212522,-47.8814209,0.3
,,,"Rua Pocidônio Carvalho, 47, Balneário Piçarras - SC, 88380-000, Brasil",Balneário Piçarras,,SC,,88380-000,-26.77261,-48.67608,,,,,,Marinas,Demais Praças,-26.772591,-48.676117,0.3
,,,"Rua Bento Francisco, 415, São Miguel, Biguaçu - SC, 88168-096, Brasil",Biguaçu,,SC,,88168-096,-27.46972,-48.6404,,,,,,Marinas,Demais Praças,-27.4697207,-48.6402508,0.3
,,,"Vje Autocar, Rua Francisco de Barros, Ibiúna - SP, 18150-000, Brasil",Ibiúna,,SP,,18150-000,-23.66014,-47.22357,,,,,,Marinas,SP,-23.6601008,-47.223489,0.3
,,,"Rua Rio Claro, Porto São José, São Pedro do Paraná - PR, 87957-000, Brasil",São Pedro do Paraná,,PR,,87957-000,-22.71972,-53.17172,,,,,,Marinas,Demais Praças,-22.717719,-53.1718325,0.3
,,,"Avenida Governador Celso Ramos, 2825, Porto Belo - SC, 88210-000, Brasil",Porto Belo,,SC,,88210-000,-27.15307,-48.53966,,,,,,Marinas,Demais Praças,-27.153132,-48.539631,0.3
,,,"Rua Guarani, 171, Fama - MG, 37144-000, Brasil",Fama,,MG,,37144-000,-21.40925,-45.8294,,,,,,Marinas,Demais Praças,-21.4093821,-45.8290502,0.3
,,,"Rua Quinze de Novembro, 70, Centro, Mangaratiba - RJ, 23860-000, Brasil",Mangaratiba,,RJ,,23860-000,-22.95992,-44.04138,,,,,,Marinas,Demais Praças,-22.9598984,-44.0413146,0.3
,,,"Rua Luiz Figueiredo, 25, Joanópolis - SP, 12980-000, Brasil",Joanópolis,,SP,,12980-000,-22.92923,-46.27542,,,,,,Marinas,SP,-22.9292618,-46.2753862,0.3
,,,"Rua Benjamin Constant, 763, Centro Histórico, Paranaguá - PR, 83203-190, Brasil",Paranaguá,,PR,,83203-190,-25.5176,-48.50254,,,,,,Marinas,Demais Praças,-25.517564,-48.502585,0.3
,,,"Avenida Paraná, 93, São Pedro do Paraná - PR, 87955-000, Brasil",São Pedro do Paraná,,PR,,87955-000,-22.82485,-53.2199,,,,,,Marinas,Demais Praças,-22.8247037,-53.2198492,0.3
,,,"Avenida José da Silva Pacheco, Itapema do Norte, Itapoá - SC, 89249-000, Brasil",Itapoá,,SC,,89249-000,-26.07136,-48.61774,,,,,,Marinas,Demais Praças,-26.0713285,-48.6177384,0.3
,,,"Avenida José da Silva Pacheco, Itapema do Norte, Itapoá - SC, 89249-000, Brasil",Itapoá,,SC,,89249-000,-26.07136,-48.61774,,,,,,Marinas,Demais Praças,-26.0713285,-48.6177384,0.3
,,,"Magazine Luiza, Cássia - MG, 37980-000, Brasil",Cássia,,MG,,37980-000,-20.58504,-46.91915,,,,,,Marinas,Demais Praças,-20.5849457,-46.9191613,0.3
,,,"Estrada Timbé, Jardim Paraíso, Joinville - SC, 89226-500, Brasil",Joinville,,SC,,89226-500,-26.22137,-48.82184,,,,,,Marinas,Demais Praças,-26.221318,-48.821812,0.3
,,,"Rua Osório Fernandes de Macedo, 62, Da Barra, Balneário Camboriú - SC, 88332-075, Brasil",Balneário Camboriú,,SC,,88332-075,-27.00964,-48.61296,,,,,,Marinas,Demais Praças,-27.0096164,-48.6130822,0.3
,,,"Rua Vidal Flávio Dias, 1351, Gaspar - SC, 89117-455, Brasil",Gaspar,,SC,,89117-455,-26.8915,-49.00425,,,,,,Marinas,Demais Praças,-26.891487,-49.004251,0.3
,,,"Rua dos Pescadores, 1550, Arquipélago, Porto Alegre - RS, 90090-180, Brasil",Porto Alegre,,RS,,90090-180,-30.00096,-51.26121,,,,,,Marinas,Demais Praças,-30.0009406,-51.2611372,0.3
,,,"Elos Moda Praia Ltda, Avenida Coronel Cirilo Lopes de Moraes, Caldas Novas - GO, 75690-000, Brasil",Caldas Novas,,GO,,75690-000,-17.74033,-48.63202,,,,,,Marinas,Demais Praças,-17.7403188,-48.6318126,0.3
,,,"Avenida América Central, 40, Canal Palmer, Cabo Frio - RJ, Brasil",Cabo Frio,,RJ,,,-22.87033,-42.04763,,,,,,Marinas,Demais Praças,-22.870539,-42.047594,0.3
,,,"Rua Cinco, 105, Jardim Virgínia, Guarujá - SP, 11442-440, Brasil",Guarujá,,SP,,11442-440,-23.98172,-46.21368,,,,,,Marinas,SP,-23.981734,-46.213548,0.3
,,,"Yucatan BR - Akita Inu Brasil, Igaratá - SP, 12350-000, Brasil",Igaratá,,SP,,12350-000,-23.21688,-46.14208,,,,,,Marinas,SP,-23.2167338,-46.14158014,0.3
,,,"Rua Hirayuki Enomoto, 1736, Pereira Barreto - SP, 15371-212, Brasil",Pereira Barreto,,SP,,15371-212,-20.64047,-51.10364,,,,,,Marinas,SP,-20.640705,-51.103789,0.3
,,,"Rua Antônio Bento Peixoto, 744, Miguelópolis - SP, 14530-000, Brasil",Miguelópolis,,SP,,14530-000,-20.17986,-48.03109,,,,,,Marinas,SP,-20.179973,-48.0309631,0.3
,,,"Avenida Sambaqui, 294, Balneário Piçarras - SC, 88380-000, Brasil",Balneário Piçarras,,SC,,88380-000,-26.75471,-48.68798,,,,,,Marinas,Demais Praças,-26.7545181,-48.6876224,0.3
,,,"Avenida João Carraro, 80, Porto Rico - PR, 87950-000, Brasil",Porto Rico,,PR,,87950-000,-22.77079,-53.26776,,,,,,Marinas,Demais Praças,-22.7707592,-53.2676397,0.3
,,,"Rua Capitão Salinas, 65, São Francisco, São Sebastião - SP, 11629-215, Brasil",São Sebastião,,SP,,11629-215,-23.75556,-45.41246,,,,,,Marinas,SP,-23.7555238,-45.4123661,0.3
,,,"Rodovia Rio-Santos, Maranduba, Ubatuba - SP, 11680-000, Brasil",Ubatuba,,SP,,11680-000,-23.54583,-45.23215,,,,,,Marinas,SP,-23.54661,-45.231814,0.3
,,,"Avenida das Canoas, Mato Grande, Canoas - RS, 92323-270, Brasil",Canoas,,RS,,92323-270,-29.92351,-51.20114,,,,,,Marinas,Demais Praças,-29.923528,-51.201142,0.3
,,,"Avenida Almirante Tamandaré, 525, Ilhabela - SP, 11630-000, Brasil",Ilhabela,,SP,,11630-000,-23.80022,-45.36451,,,,,,Marinas,SP,-23.800262,-45.364575,0.3
,,,"Rua Rodrigo, 245, Rifaina - SP, 14490-000, Brasil",Rifaina,,SP,,14490-000,-20.08097,-47.42935,,,,,,Marinas,SP,-20.0807296,-47.4295515,0.3
,,,"Avenida Rui Barbosa, 366, Centro, Itanhaém - SP, 11740-000, Brasil",Itanhaém,,SP,,11740-000,-24.18185,-46.78498,,,,,,Marinas,SP,-24.1817994,-46.7850334,0.3
,,,"Rua Joaquim Cristovão, 200, Panorama - SP, 17980-000, Brasil",Panorama,,SP,,17980-000,-21.35422,-51.85659,,,,,,Marinas,SP,-21.3544405,-51.856666,0.3
,,,"Rua M. T. da Conceição, 23, Nazaré Paulista - SP, 12960-000, Brasil",Nazaré Paulista,,SP,,12960-000,-23.18159,-46.39787,,,,,,Marinas,SP,-23.1815565,-46.3978706,0.3
,,,"Rua Amor Perfeito, 162, Barra Velha - SC, 88390-000, Brasil",Barra Velha,,SC,,88390-000,-26.61225,-48.67957,,,,,,Marinas,Demais Praças,-26.612179,-48.67953,0.3
,,,"Alameda do Café, 11, Pontal do Paraná - PR, 83255-000, Brasil",Pontal do Paraná,,PR,,83255-000,-25.56964,-48.35566,,,,,,Marinas,Demais Praças,-25.569606,-48.355769,0.3
,,,"Rua Borba Gato, 201, Aviação, Praia Grande - SP, 11702-460, Brasil",Praia Grande,,SP,,11702-460,-24.01539,-46.43857,,,,,,Marinas,SP,-24.015328,-46.438593,0.3
,,,"Recanto da Lagoa, Rua Laurindo Januário da Silveira, Canto da Lagoa, Florianópolis - SC, 88062-201, Brasil",Florianópolis,,SC,,88062-201,-27.61383,-48.4846,,,,,,Marinas,Demais Praças,-27.613839,-48.484686,0.3
,,,"Cabo Frio, RJ, Brasil",Cabo Frio,,RJ,,28915-370,-22.87802,-42.02221,,,,,,Marinas,Demais Praças,-22.900085,-42.065583,0.3
,,,"Rua Camilo de Oliveira, 60, Balneário Barra do Sul - SC, 89247-000, Brasil",Balneário Barra do Sul,,SC,,89247-000,-26.45661,-48.61297,,,,,,Marinas,Demais Praças,-26.4565112,-48.6130755,0.3
,,,"Via Gastronômica, 65, Vila Real, Balneário Camboriú - SC, 88337-070, Brasil",Balneário Camboriú,,SC,,88337-070,-27.0071,-48.62317,,,,,,Marinas,Demais Praças,-27.007047,-48.623215,0.3
,,,"Drogariasaope, Abadiânia - GO, 72940-000, Brasil",Abadiânia,,GO,,72940-000,-16.19756,-48.706,,,,,,Marinas,Demais Praças,-16.1976908,-48.7060608,0.3
,,,"Rua Cento e Dezoito, 142, Centro, Itapema - SC, 88220-000, Brasil",Itapema,,SC,,88220-000,-27.09615,-48.61786,,,,,,Marinas,Demais Praças,-27.0960682,-48.6178074,0.3
,,,"Rua Joaquim Lopes, Porto Rico - PR, 87950-000, Brasil",Porto Rico,,PR,,87950-000,-22.77131,-53.26606,,,,,,Marinas,Demais Praças,-22.771402,-53.266063,0.3
,,,"Estrada da Barra da Tijuca, 347, Barra da Tijuca, Rio de Janeiro - RJ, 22611-201, Brasil",Rio de Janeiro,,RJ,,22611-201,-23.00905,-43.30051,,,,,,Marinas,Demais Praças,-23.009796,-43.300903,0.3
,,,"Rua Japão, Parque Bitaru, São Vicente - SP, 11330-210, Brasil",São Vicente,,SP,,11330-210,-23.97687,-46.39808,,,,,,Marinas,SP,-23.97754048,-46.39757885,0.3
,,,"Estrada União e Açúcar, Areal - RJ, 25845-000, Brasil",Areal,,RJ,,25845-000,-22.23258,-43.11427,,,,,,Golf Clubs,Demais Praças,-22.2318862,-43.1141413,0.3
,,,"Alameda Timbaúva, 281, Cerrito, Santa Maria - RS, 97095-610, Brasil",Santa Maria,,RS,,97095-610,-29.69801,-53.78322,,,,,,Golf Clubs,Demais Praças,-29.698193,-53.783295,0.3
,,,"Ponto De Carregamento Para Veículos Elétricos, Avenida Fernando Nobre, 4003, Vila de São Fernando, Cotia - SP, Brasil",Cotia,,SP,,,-23.5703,-46.87868,,,,,,Golf Clubs,SP,-23.5700715,-46.8786955,0.3
,,,"Estrada S. S. das Águas Claras, São Sebastião das Águas Claras, Nova Lima - MG, 34000-000, Brasil",Nova Lima,,MG,,34000-000,-20.03275,-43.93735,,,,,,Golf Clubs,Demais Praças,-20.026872,-43.933938,0.3
,,,"Avenida Presidente Roosevelt, Golfe, Teresópolis - RJ, Brasil",Teresópolis,,RJ,,,-22.39518,-42.98615,,,,,,Golf Clubs,Demais Praças,-22.3951627,-42.9860396,0.3
,,,"Rua Venâncio Aires, 1730, Centro, Santa Maria - RS, 97010-002, Brasil",Santa Maria,,RS,,97010-002,-29.68597,-53.80891,,,,,,Golf Clubs,Demais Praças,-29.6858441,-53.8088936,0.3
,,,"Avenida Juca Batista, Belém Novo, Porto Alegre - RS, 91781-001, Brasil",Porto Alegre,,RS,,91781-001,-30.18994,-51.17477,,,,,,Golf Clubs,Demais Praças,-30.19063063,-51.17267766,0.3
,,,"Rua Ana Neri, 41, Cambuí, Campinas - SP, 13024-500, Brasil",Campinas,,SP,,13024-500,-22.88882,-47.04906,,,,,,Golf Clubs,SP,-22.8888234,-47.0490418,0.3
,,,"Alameda dos Pinus, Porto Feliz - SP, 18548-100, Brasil",Porto Feliz,,SP,,18548-100,-23.34246,-47.54926,,,,,,Golf Clubs,SP,-23.34013496,-47.54748104,0.3
,,,"Cobel Comércio de Materiais de Construção, Avenida Anchieta, 11239, Indaiá, Bertioga - SP, 11260-054, Brasil",Bertioga,,SP,,11260-054,-23.80621,-46.05683,,,,,,Golf Clubs,SP,-23.806165,-46.0568963,0.3
,,,"Rua Neves de Carvalho, 514, Bom Retiro, São Paulo - SP, 01132-010, Brasil",São Paulo,,SP,,01132-010,-23.51937,-46.64913,,,,,,Golf Clubs,SP,-23.519409,-46.649155,0.3
,,,"Rua Alcebíades Affonso Guimarães, 624, Loteamento Santa Rita, Campo Largo - PR, 83602-210, Brasil",Campo Largo,,PR,,83602-210,-25.46808,-49.53904,,,,,,Golf Clubs,Demais Praças,-25.468034,-49.538966,0.3
,,,"Rua Ernesto Volk, 217, Minuano, Gramado - RS, 95670-082, Brasil",Gramado,,RS,,95670-082,-29.37635,-50.87844,,,,,,Golf Clubs,Demais Praças,-29.37616,-50.878136,0.3
,,,"VRS-829, Caxias do Sul - RS, Brasil",Caxias do Sul,,RS,,,-29.12236,-51.02323,,,,,,Golf Clubs,Demais Praças,-29.1223321,-51.0232317,0.3
,,,"Rua Ambrosina Maria de Jesus, 184, Vargem Grande Paulista - SP, 06730-470, Brasil",Vargem Grande Paulista,,SP,,06730-470,-23.60751,-47.02607,,,,,,Golf Clubs,SP,-23.607509,-47.026132,0.3
,,,"Avenida Benjamin Constant, Torres - RS, 95560-000, Brasil",Torres,,RS,,95560-000,-29.33841,-49.72819,,,,,,Golf Clubs,Demais Praças,-29.3383976,-49.728226,0.3
,,,"Avenida Pérsio de Queirós Filho, 493, Catiapoã, São Vicente - SP, 11370-302, Brasil",São Vicente,,SP,,11370-302,-23.95843,-46.38912,,,,,,Golf Clubs,SP,-23.9583677,-46.3890551,0.3
,,,"Rua Vereador Augusto Staben, 84, Bacacheri, Curitiba - PR, 82515-240, Brasil",Curitiba,,PR,,82515-240,-25.39671,-49.23129,,,,,,Golf Clubs,Demais Praças,-25.396633,-49.2312275,0.3
,,,"Avenida do Jaceguava, 2961, Parelheiros, São Paulo - SP, 04870-425, Brasil",São Paulo,,SP,,04870-425,-23.77799,-46.74367,,,,,,Golf Clubs,SP,-23.77868914,-46.74307548,0.3
,,,"Avenida das Nações, Clube dos 500, Guaratinguetá - SP, 12524-200, Brasil",Guaratinguetá,,SP,,12524-200,-22.80021,-45.16076,,,,,,Golf Clubs,SP,-22.79976664,-45.16036367,0.3
,,,"Rodovia Raposo Tavares, Araçoiaba da Serra - SP, 18190-000, Brasil",Araçoiaba da Serra,,SP,,18190-000,-23.53458,-47.63555,,,,,,Golf Clubs,SP,-23.53315186,-47.63666189,0.3
,,,"Shell, ERL S, Zona Cívico Administrativa, Brasília - DF, Brasil",Brasília,,DF,,,-15.79423,-47.88217,,,,,,Golf Clubs,Demais Praças,-15.7942287,-47.8821658,0.3
,,,"Rua Amazonas, Braz I, Avaré - SP, 18701-180, Brasil",Avaré,,SP,,18701-180,-23.10041,-48.91602,,,,,,Golf Clubs,SP,-23.100409,-48.9160363,0.3
,,,"Avenida Heráclito Fontoura Sobral Pinto, Ribeirão Preto - SP, 14022-020, Brasil",Ribeirão Preto,,SP,,14022-020,-21.24922,-47.79811,,,,,,Golf Clubs,SP,-21.2490323,-47.7982928,0.3
,,,"Avenida das Mangueiras, 1025, Guarujá - SP, 11444-060, Brasil",Guarujá,,SP,,11444-060,-23.96633,-46.19122,,,,,,Golf Clubs,SP,-23.966238,-46.191177,0.3
,,,"Avenida Country Club, 4995, Cascatinha, Petrópolis - RJ, 25730-410, Brasil",Petrópolis,,RJ,,25730-410,-22.42866,-43.11602,,,,,,Golf Clubs,Demais Praças,-22.428453,-43.1155966,0.3
,,,"Rua das Turmalinas, 500, QD62, Parque Bandeirante Prol, Rio Verde - GO, 75905-630, Brasil",Rio Verde,,GO,,75905-630,-17.79284,-50.91957,,,,,,Golf Clubs,Demais Praças,-17.79272,-50.9196585,0.3
,,,"Rua Olívia Marques, 553, Centro, Itapeva - SP, 18400-100, Brasil",Itapeva,,SP,,18400-100,-23.98509,-48.87418,,,,,,Golf Clubs,SP,-23.9850084,-48.8742698,0.3
,,,"Rua São Paulo, 1128, Jardim Porto Alegre, Toledo - PR, 85906-150, Brasil",Toledo,,PR,,85906-150,-24.712,-53.71821,,,,,,Golf Clubs,Demais Praças,-24.71200357,-53.7176225,0.3
,,,"Rua Mauro Lopes, Arujá - SP, 07434-300, Brasil",Arujá,,SP,,07434-300,-23.41184,-46.32224,,,,,,Golf Clubs,SP,-23.411868,-46.322237,0.3
,,,"Rua Onze, 2, Cara Cara, Ponta Grossa - PR, 84052-020, Brasil",Ponta Grossa,,PR,,84052-020,-25.10834,-50.09588,,,,,,Golf Clubs,Demais Praças,-25.1082861,-50.0957226,0.3
,,,"Praça Kunito Miyasaka, Bastos - SP, 17690-000, Brasil",Bastos,,SP,,17690-000,-21.9223,-50.7321,,,,,,Golf Clubs,SP,-21.9221397,-50.7317774,0.3
,,,"Bar da Cocheira, Cambé - PR, Brasil",Cambé,,PR,,,-23.3092,-51.29361,,,,,,Golf Clubs,Demais Praças,-23.31077729,-51.2941552,0.3
,,,"Rua Fernando Falcão, 649, Água Rasa, São Paulo - SP, 03180-000, Brasil",São Paulo,,SP,,03180-000,-23.55909,-46.58641,,,,,,Golf Clubs,SP,-23.559105,-46.586409,0.3
,,,"Estrada da Gávea, 800, São Conrado, Rio de Janeiro - RJ, 22610-002, Brasil",Rio de Janeiro,,RJ,,22610-002,-22.99731,-43.26435,,,,,,Golf Clubs,Demais Praças,-22.9973488,-43.2643762,0.3
,,,"Rua Episcopal, 1457, Centro, São Carlos - SP, 13560-570, Brasil",São Carlos,,SP,,13560-570,-22.01768,-47.89189,,,,,,Golf Clubs,SP,-22.0176747,-47.8919396,0.3
,,,"Avenida Julio de Vasconcelos, Nova Veneza, Sumaré - SP, 13174-405, Brasil",Sumaré,,SP,,13174-405,-22.81157,-47.25781,,,,,,Golf Clubs,SP,-22.811603,-47.257765,0.3
,,,"Rua São José Golfe, Condomínio Terras de São José, Itu - SP, Brasil",Itu,,SP,,,-23.30769,-47.29668,,,,,,Golf Clubs,SP,-23.307633,-47.296657,0.3
,,,"Rua 3, Campinho, Bragança Paulista - SP, 12918-001, Brasil",Bragança Paulista,,SP,,12918-001,-22.94985,-46.64535,,,,,,Golf Clubs,SP,-22.94914,-46.64443981,0.3
,,,"Estrada Iva-351, Itupeva - SP, 13295-000, Brasil",Itupeva,,SP,,13295-000,-23.1688,-47.07126,,,,,,Golf Clubs,SP,-23.168673,-47.071553,0.3
,,,"Estrada Fazenda Velha, 3365, Arujá - SP, 07400-000, Brasil",Arujá,,SP,,07400-000,-23.36708,-46.35235,,,,,,Golf Clubs,SP,-23.36971683,-46.35357247,0.3
,,,"Rua Galenbeck, São Bernardo do Campo - SP, Brasil",São Bernardo do Campo,,SP,,,-23.81258,-46.47334,,,,,,Golf Clubs,SP,-23.8126195,-46.4733424,0.3
,,,"Rua Osvaldo Scartezini, 118, Cafelândia - PR, 85415-000, Brasil",Cafelândia,,PR,,85415-000,-24.634,-53.30967,,,,,,Golf Clubs,Demais Praças,-24.633919,-53.309741,0.3
,,,"Estrada do Matão I, Vargem Grande Paulista - SP, 06730-000, Brasil",Vargem Grande Paulista,,SP,,06730-000,-23.6217,-47.01774,,,,,,Golf Clubs,SP,-23.621668,-47.018517,0.3
,,,"Estrada da Barra da Tijuca, Itanhangá, Rio de Janeiro - RJ, 22611-201, Brasil",Rio de Janeiro,,RJ,,22611-201,-22.99197,-43.3026,,,,,,Golf Clubs,Demais Praças,-22.991396,-43.30406648,0.3
,,,"Rua Doutor Armando da Silva Prado, 300, Campo Grande, São Paulo - SP, 04672-040, Brasil",São Paulo,,SP,,04672-040,-23.66253,-46.69979,,,,,,Golf Clubs,SP,-23.6641,-46.699049,0.3
,,,"Prefeitura de Valinhos, Rua Antônio Carlos, 301, Centro, Valinhos - SP, 13270-005, Brasil",Valinhos,,SP,,13270-005,-22.97126,-46.99382,,,,,,Golf Clubs,SP,-22.9713942,-46.9941723,0.3
,,,"Fagron Technologies, Avenida Nove de Julho, 3575, Bonfiglioli, Jundiaí - SP, 13207-480, Brasil",Jundiaí,,SP,,13207-480,-23.20252,-46.89189,,,,,,Bancos,SP,-23.2024208,-46.89193299999999,0.3
,,,"Rua Aurélio Cibim, 109, Morada do Sol, Americana - SP, 13470-241, Brasil",Americana,,SP,,13470-241,-22.72,-47.34752,,,,,,Bancos,SP,-22.7201006,-47.3475118,0.3
,,,"Rua da Independência, 165, Cambuci, São Paulo - SP, 01524-000, Brasil",São Paulo,,SP,,01524-000,-23.56474,-46.61961,,,,,,Bancos,SP,-23.5647586,-46.6196127,0.3
,,,"Rua Tiradentes, 313, Vila Itapura, Campinas - SP, 13023-190, Brasil",Campinas,,SP,,13023-190,-22.89393,-47.06416,,,,,,Bancos,SP,-22.8939122,-47.0641707,0.3
,,,"Avenida Invernada, 1963, Invernada, Valinhos - SP, 13271-450, Brasil",Valinhos,,SP,,13271-450,-22.96965,-47.01235,,,,,,Bancos,SP,-22.9696801,-47.0122666,0.3
,,,"Consultório Odontológico Leandra Roberta Gotti, Rua do Chumbo, 741, Jardim Mollon, Santa Bárbara d'Oeste - SP, 13468-600, Brasil",Santa Bárbara d'Oeste,,SP,,13468-600,-22.75347,-47.36106,,,,,,Bancos,SP,-22.7533716,-47.3610117,0.3
,,,"Cronix Security, Anhangabaú, Jundiaí - SP, 13208-703, Brasil",Jundiaí,,SP,,13208-703,-23.19206,-46.90349,,,,,,Bancos,SP,-23.1920544,-46.9035197,0.3
,,,"Renata Silva - Clinic & Academy, Avenida Capitão Cassiano Ricardo Toledo, 190, Centro, Jundiaí - SP, 13201-840, Brasil",Jundiaí,,SP,,13201-840,-23.18299,-46.8926,,,,,,Bancos,SP,-23.1832453,-46.8927808,0.3
,,,"Rua Helena Conci Gaspari, 85, Retiro, Jundiaí - SP, 13209-810, Brasil",Jundiaí,,SP,,13209-810,-23.18893,-46.90264,,,,,,Bancos,SP,-23.1889775,-46.9020417,0.3
,,,"Petra Medicina do Trabalho, Rua Barão de Jaguara, 1481, Centro, Campinas - SP, 13015-002, Brasil",Campinas,,SP,,13015-002,-22.90192,-47.06051,,,,,,Bancos,SP,-22.9019337,-47.0604199,0.3
,,,"Avenida Thereza Ana Cecon Breda, 272, Parque Orestes Ongaro, Hortolândia - SP, 13183-255, Brasil",Hortolândia,,SP,,13183-255,-22.85367,-47.228,,,,,,Bancos,SP,-22.8536297,-47.2280282,0.3
,,,"Avenida Nossa Senhora de Fátima, 79, Jardim Estoril IV, Bauru - SP, 17017-337, Brasil",Bauru,,SP,,17017-337,-22.3424,-49.06806,,,,,,Bancos,SP,-22.3424287,-49.0680074,0.3
,,,"Avenida Antônio Gazzola, 1001, Jardim Corazza, Itu - SP, 13301-245, Brasil",Itu,,SP,,13301-245,-23.25554,-47.29842,,,,,,Bancos,SP,-23.2556586,-47.2984623,0.3
,,,"Rua Carneiro Lobo, 536, Batel, Curitiba - PR, 80240-240, Brasil",Curitiba,,PR,,80240-240,-25.44629,-49.29049,,,,,,Bancos,Demais Praças,-25.4463629,-49.2904205,0.3
,,,"Rua Dom Alberto Gonçalves, 274, Mercês, Curitiba - PR, 80510-340, Brasil",Curitiba,,PR,,80510-340,-25.42003,-49.28262,,,,,,Bancos,Demais Praças,-25.4200683,-49.2826456,0.3
,,,"Avenida Higienópolis, 1601, Higienópolis, Londrina - PR, 86015-010, Brasil",Londrina,,PR,,86015-010,-23.3241,-51.1674,,,,,,Bancos,Demais Praças,-23.3241459,-51.1672823,0.3
,,,"Dr. Sérgio Keinert, Praça São Paulo da Cruz, Juveve, Curitiba - PR, 80030-480, Brasil",Curitiba,,PR,,80030-480,-25.41103,-49.25553,,,,,,Bancos,Demais Praças,-25.411007,-49.255511,0.3
,,,"Zletric, Avenida do Batel, 1550, Batel, Curitiba - PR, 80420-090, Brasil",Curitiba,,PR,,80420-090,-25.44204,-49.28809,,,,,,Bancos,Demais Praças,-25.4421382,-49.2880246,0.3
,,,"Luvitae, Avenida Iguaçu, Água Verde, Curitiba - PR, 80240-031, Brasil",Curitiba,,PR,,80240-031,-25.44909,-49.28859,,,,,,Bancos,Demais Praças,-25.4490302,-49.2885119,0.3
,,,"Implaara, Avenida Rodrigo Fernando Grillo, Jardim dos Manacás, Araraquara - SP, 14801-534, Brasil",Araraquara,,SP,,14801-534,-21.78434,-48.19762,,,,,,Bancos,SP,-21.7844854,-48.1975837,0.3
,,,"Rua Vasco da Gama, 40, Jabaquara, Santos - SP, 11013-590, Brasil",Santos,,SP,,11013-590,-23.94075,-46.33591,,,,,,Bancos,SP,-23.9407442,-46.3359939,0.3
,,,"Tmg Capital, Rua Joaquim Floriano, 72, Itaim Bibi, São Paulo - SP, 04534-000, Brasil",São Paulo,,SP,,04534-000,-23.58339,-46.671,,,,,,Bancos,SP,-23.5832873,-46.6711367,0.3
,,,"Alameda Vicente Pinzon, 144, Itaim Bibi, São Paulo - SP, 04547-130, Brasil",São Paulo,,SP,,04547-130,-23.59678,-46.68688,,,,,,Bancos,SP,-23.5966485,-46.6869052,0.3
,,,"Rua Boa Vista, 208, Sé, São Paulo - SP, 01014-001, Brasil",São Paulo,,SP,,01014-001,-23.54578,-46.63342,,,,,,Bancos,SP,-23.545765,-46.6331974,0.3
,,,"Avenida Brigadeiro Faria Lima, Pinheiros, São Paulo - SP, 01452-001, Brasil",São Paulo,,SP,,01452-001,-23.57752,-46.68682,,,,,,Bancos,SP,-23.5775252,-46.6868419,0.3
,,,"Condomínio Edificio Pedro Mariz - B.31, Avenida Brigadeiro Faria Lima, 3900, Itaim Bibi, São Paulo - SP, 04538-132, Brasil",São Paulo,,SP,,04538-132,-23.5902,-46.68207,,,,,,Bancos,SP,-23.5901841,-46.682061,0.3
,,,"Noronha, Avenida Brigadeiro Faria Lima, 1478, Pinheiros, São Paulo - SP, 01452-002, Brasil",São Paulo,,SP,,01452-002,-23.56949,-46.69125,,,,,,Bancos,SP,-23.5694409,-46.6912187,0.3
,,,"Avenida Chedid Jafet, 75, Itaim Bibi, São Paulo - SP, 04551-065, Brasil",São Paulo,,SP,,04551-065,-23.59216,-46.68903,,,,,,Bancos,SP,-23.59219,-46.6890431,0.3
,,,"Rua Helena, 260, Itaim Bibi, São Paulo - SP, 04552-050, Brasil",São Paulo,,SP,,04552-050,-23.59296,-46.68672,,,,,,Bancos,SP,-23.5930371,-46.68671699999999,0.3
,,,"Avenida Brigadeiro Faria Lima, 3600, Itaim Bibi, São Paulo - SP, 04538-132, Brasil",São Paulo,,SP,,04538-132,-23.58847,-46.68224,,,,,,Bancos,SP,-23.5884138,-46.6822137,0.3
,,,"Rua Domingos de Morais, 336, Vila Mariana, São Paulo - SP, 04010-000, Brasil",São Paulo,,SP,,04010-000,-23.58007,-46.6402,,,,,,Bancos,SP,-23.5801179,-46.6401822,0.3
,,,"Avenida das Nações Unidas, 14273, Santo Amaro, São Paulo - SP, 04795-100, Brasil",São Paulo,,SP,,04795-100,-23.62375,-46.70334,,,,,,Bancos,SP,-23.6236987,-46.7033679,0.3
,,,"Avenida Doutor Moraes Salles, 688, Centro, Campinas - SP, 13010-000, Brasil",Campinas,,SP,,13010-000,-22.90737,-47.05785,,,,,,Bancos,SP,-22.9074515,-47.0577698,0.3
,,,"Avenida dos Trabalhadores, 292, Indaiatuba - SP, 13338-050, Brasil",Indaiatuba,,SP,,13338-050,-23.08717,-47.19916,,,,,,Bancos,SP,-23.0871472,-47.1992591,0.3
,,,"Rua Nove Cj, 410, Cidade Jardim, Rio Claro - SP, 13501-100, Brasil",Rio Claro,,SP,,13501-100,-22.42438,-47.55988,,,,,,Bancos,SP,-22.4243764,-47.5598971,0.3
,,,"Rua Alayde Nascimento de Lemos, 803, Jardim Guarani, Campinas - SP, 13100-453, Brasil",Campinas,,SP,,13100-453,-22.91171,-47.04223,,,,,,Bancos,SP,-22.9118479,-47.0422059,0.3
,,,"Rua Doutor Sampaio Ferraz, 618, Cambuí, Campinas - SP, 13024-431, Brasil",Campinas,,SP,,13024-431,-22.89214,-47.0499,,,,,,Bancos,SP,-22.8921545,-47.0499766,0.3
,,,"Rua Santo Antônio, 49, Cambuí, Campinas - SP, 13024-440, Brasil",Campinas,,SP,,13024-440,-22.89079,-47.05199,,,,,,Bancos,SP,-22.8907823,-47.0519559,0.3
,,,"Rua Jerônimo Pattaro, 19, Barão Geraldo, Campinas - SP, 13084-110, Brasil",Campinas,,SP,,13084-110,-22.82266,-47.08524,,,,,,Bancos,SP,-22.822675,-47.0854623,0.3
,,,"Rua Doutor Osvaldo Cruz, 405, Jardim Nossa Senhora Auxiliadora, Campinas - SP, 13076-260, Brasil",Campinas,,SP,,13076-260,-22.88439,-47.05994,,,,,,Bancos,SP,-22.8844567,-47.060006,0.3
,,,"Rua Antônio José da Silva Martelinho, 426, Parque Industrial, Campinas - SP, 13031-650, Brasil",Campinas,,SP,,13031-650,-22.92248,-47.08704,,,,,,Bancos,SP,-22.9225205,-47.0871844,0.3
,,,"Rua José Guarnieri, 354, Jardim Silvania, Mogi Mirim - SP, 13806-674, Brasil",Mogi Mirim,,SP,,13806-674,-22.40613,-46.9678,,,,,,Bancos,SP,-22.4058982,-46.9677267,0.3
,,,"Rua Tiradentes, 1174, Centro, Piracicaba - SP, 13400-765, Brasil",Piracicaba,,SP,,13400-765,-22.72524,-47.65335,,,,,,Bancos,SP,-22.7253495,-47.6532452,0.3
,,,"Cronix Security, Anhangabaú, Jundiaí - SP, 13208-703, Brasil",Jundiaí,,SP,,13208-703,-23.19206,-46.90349,,,,,,Bancos,SP,-23.1920544,-46.9035197,0.3
,,,"Avenida Doutor Jesuíno Marcondes Machado, 2400, Chácara da Barra, Campinas - SP, 13090-723, Brasil",Campinas,,SP,,13090-723,-22.89018,-47.03547,,,,,,Bancos,SP,-22.8903359,-47.0354544,0.3
,,,"Rua Júlio Frank de Arruda, 227, Botafogo, Campinas - SP, 13020-190, Brasil",Campinas,,SP,,13020-190,-22.90073,-47.06567,,,,,,Bancos,SP,-22.9005651,-47.0656581,0.3
,,,"Rua Rio Branco, 92, Centro, Americana - SP, 13465-030, Brasil",Americana,,SP,,13465-030,-22.74124,-47.32871,,,,,,Bancos,SP,-22.7412934,-47.3287225,0.3
,,,"Avenida dos Imigrantes, 415A, Vinhedo - SP, 13280-000, Brasil",Vinhedo,,SP,,13280-000,-23.03677,-46.98347,,,,,,Bancos,SP,-23.0367239,-46.9834846,0.3
,,,"Rua Maria Monteiro, 830, Cambuí, Campinas - SP, 13025-151, Brasil",Campinas,,SP,,13025-151,-22.89702,-47.05176,,,,,,Bancos,SP,-22.8969675,-47.0516607,0.3
,,,"Avenida Pedro Botesi, 2149, Jardim Silvania, Mogi Mirim - SP, 13806-019, Brasil",Mogi Mirim,,SP,,13806-019,-22.40578,-46.96747,,,,,,Bancos,SP,-22.4058511,-46.967667,0.3
,,,"Rua Tamekichi Takano, 595, Registro - SP, 11900-000, Brasil",Registro,,SP,,11900-000,-24.49588,-47.84364,,,,,,Bancos,SP,-24.495874,-47.8436463,0.3
,,,"Bb agência Especializada Mpe, Avenida Sete de Setembro, 40033001, Rebouças, Curitiba - PR, 80230-010, Brasil",Curitiba,,PR,,80230-010,-25.4381,-49.26656,,,,,,Bancos,Demais Praças,-25.4381052,-49.2665602,0.3
,,,"Rua Capitão Tobias Pereira da Cruz, 52, São Pedro, São José dos Pinhais - PR, 83005-050, Brasil",São José dos Pinhais,,PR,,83005-050,-25.54446,-49.19891,,,,,,Bancos,Demais Praças,-25.5444903,-49.198938,0.3
,,,"Rua José Fernandes Maldonado, Bairro Alto, Curitiba - PR, 82840-020, Brasil",Curitiba,,PR,,82840-020,-25.40846,-49.216,,,,,,Bancos,Demais Praças,-25.4084687,-49.2159931,0.3
,,,"Avenida Sete de Setembro, 4690, Batel, Curitiba - PR, 80240-000, Brasil",Curitiba,,PR,,80240-000,-25.44398,-49.28377,,,,,,Bancos,Demais Praças,-25.4437075,-49.2837424,0.3
,,,"Rua Heitor Stockler de França, 356, Centro Cívico, Curitiba - PR, 80030-030, Brasil",Curitiba,,PR,,80030-030,-25.42098,-49.26812,,,,,,Bancos,Demais Praças,-25.4207846,-49.268057,0.3
,,,"Rua Assis Brasil, 415, Barreirinha, Curitiba - PR, 82220-150, Brasil",Curitiba,,PR,,82220-150,-25.36875,-49.2637,,,,,,Bancos,Demais Praças,-25.3685575,-49.2638378,0.3
,,,"Rua Doutor Pedrosa, 151, Centro, Curitiba - PR, 80420-120, Brasil",Curitiba,,PR,,80420-120,-25.43814,-49.27551,,,,,,Bancos,Demais Praças,-25.4381369,-49.2754104,0.3
,,,"Rua Padre Anchieta, 2050, Bigorrilho, Curitiba - PR, 80730-001, Brasil",Curitiba,,PR,,80730-001,-25.43275,-49.29927,,,,,,Bancos,Demais Praças,-25.4327799,-49.29918610000001,0.3
,,,"Avenida Sete de Setembro, 4484, Batel, Curitiba - PR, 80250-085, Brasil",Curitiba,,PR,,80250-085,-25.44323,-49.28182,,,,,,Bancos,Demais Praças,-25.4429984,-49.2819485,0.3
,,,"Espaço Vida Saudável do Renan, Avenida Cândido de Abreu, 526, Centro Cívico, Curitiba - PR, 80030-030, Brasil",Curitiba,,PR,,80030-030,-25.42021,-49.2686,,,,,,Bancos,Demais Praças,-25.4201651,-49.2685498,0.3
,,,"Mix Eletrônicos, Rodovia Professor Alfredo Rolim de Moura, 1001, Mogi das Cruzes - SP, 08880-000, Brasil",Mogi das Cruzes,,SP,,08880-000,-23.51696,-46.17904,,,,,,Bancos,SP,-23.5169108,-46.1790669,0.3
,,,"Power2Go, Rua Alexandre Herculano, 197, Gonzaga, Santos - SP, 11050-031, Brasil",Santos,,SP,,11050-031,-23.95937,-46.32986,,,,,,Bancos,SP,-23.9593729,-46.3298604,0.3
,,,"Rua Onze de Junho, 692, Centro, Santo André - SP, 09015-520, Brasil",Santo André,,SP,,09015-520,-23.66352,-46.52164,,,,,,Bancos,SP,-23.6634558,-46.5216963,0.3
,,,"Rua Doutor Renato Paes de Barros, 717, Itaim Bibi, São Paulo - SP, 04530-001, Brasil",São Paulo,,SP,,04530-001,-23.58488,-46.67327,,,,,,Bancos,SP,-23.5848825,-46.6731957,0.3
,,,"Viaduto Boa Vista, 47, Sé, São Paulo - SP, 01014-030, Brasil",São Paulo,,SP,,01014-030,-23.54723,-46.63338,,,,,,Bancos,SP,-23.5472411,-46.6334317,0.3
,,,"Rua Amazonas, 439, Santa Paula, São Caetano do Sul - SP, 09520-060, Brasil",São Caetano do Sul,,SP,,09520-060,-23.61454,-46.56939,,,,,,Bancos,SP,-23.6146049,-46.569119,0.3
,,,"C M Serviços Contabeis, Avenida Frei Pacífico Wagner, 163, Centro, Caraguatatuba - SP, 11660-280, Brasil",Caraguatatuba,,SP,,11660-280,-23.62179,-45.41451,,,,,,Bancos,SP,-23.6217465,-45.4144704,0.3
,,,"Avenida Adolfo Pinheiro, 1029, Santo Amaro, São Paulo - SP, 04734-002, Brasil",São Paulo,,SP,,04734-002,-23.64446,-46.7004,,,,,,Bancos,SP,-23.6444404,-46.7005036,0.3
,,,"Máxima Automóveis, Rua Raimundo Corrêa, Vila Marina Dias, Sorocaba - SP, 18035-265, Brasil",Sorocaba,,SP,,18035-265,-23.50623,-47.45844,,,,,,Bancos,SP,-23.5061647,-47.45842469999999,0.3
,,,"10 Andar Torre Maggiore, Rua Nestor Guimarães, Estrela, Ponta Grossa - PR, 84040-130, Brasil",Ponta Grossa,,PR,,84040-130,-25.10326,-50.15888,,,,,,Bancos,Demais Praças,-25.1032528,-50.1589075,0.3
,,,"Rua Claudionor Sandoval, 741, Jardim Paulista, Presidente Prudente - SP, 19023-200, Brasil",Presidente Prudente,,SP,,19023-200,-22.11518,-51.40008,,,,,,Bancos,SP,-22.1152563,-51.4001587,0.3
,,,"Avenida Ayrton Senna da Silva, 600, Palhano, Londrina - PR, 86050-460, Brasil",Londrina,,PR,,86050-460,-23.33119,-51.17756,,,,,,Bancos,Demais Praças,-23.3310776,-51.1778012,0.3
,,,"Rua Leoberto Leal, 440, Papanduva - SC, 89370-000, Brasil",Papanduva,,SC,,89370-000,-26.40772,-50.13995,,,,,,Bancos,Demais Praças,-26.4078596,-50.1398922,0.3
,,,"Rua Professora Amazilia, 69, União da Vitória - PR, 84600-285, Brasil",União da Vitória,,PR,,84600-285,-26.22849,-51.08989,,,,,,Bancos,Demais Praças,-26.2285009,-51.0898298,0.3
,,,"Rua David de Paula e Silva, 687, São Mateus do Sul - PR, 83900-126, Brasil",São Mateus do Sul,,PR,,83900-126,-25.87481,-50.38519,,,,,,Bancos,Demais Praças,-25.8748302,-50.3851688,0.3
,,,"Rua Marechal Deodoro, 254, Centro, Curitiba - PR, 80020-320, Brasil",Curitiba,,PR,,80020-320,-25.43163,-49.26974,,,,,,Bancos,Demais Praças,-25.4318572,-49.2697078,0.3
,,,"Avenida Manoel Ribas, 2028, Alto da XV, Guarapuava - PR, 85010-180, Brasil",Guarapuava,,PR,,85010-180,-25.38779,-51.46205,,,,,,Bancos,Demais Praças,-25.387732,-51.4619923,0.3
,,,"Rua Pedroso Alvarenga, 1254, Itaim Bibi, São Paulo - SP, 04531-012, Brasil",São Paulo,,SP,,04531-012,-23.58276,-46.68231,,,,,,Bancos,SP,-23.5826533,-46.6823747,0.3
,,,"Chesse Cake, Rua Líbero Badaró, 398, Sé, São Paulo - SP, 01008-000, Brasil",São Paulo,,SP,,01008-000,-23.5462,-46.6359,,,,,,Bancos,SP,-23.546218,-46.635848,0.3
,,,"Rua Barão de Jundiaí, 397, Centro, Jundiaí - SP, 13201-010, Brasil",Jundiaí,,SP,,13201-010,-23.19105,-46.88246,,,,,,Bancos,SP,-23.1910411,-46.8824595,0.3
,,,"Rua Visconde do Rio Branco, 11A, Monte Mor - SP, 13190-000, Brasil",Monte Mor,,SP,,13190-000,-22.95057,-47.30672,,,,,,Bancos,SP,-22.9506168,-47.3068051,0.3
,,,"Rua Quinze de Novembro, 1803, Cidade Alta, Piracicaba - SP, 13417-100, Brasil",Piracicaba,,SP,,13417-100,-22.73031,-47.64028,,,,,,Bancos,SP,-22.7303916,-47.6403249,0.3
,,,"Rua Sebastião Monteiro dos Santos, 354, Jardim Nova Itália, Limeira - SP, 13484-329, Brasil",Limeira,,SP,,13484-329,-22.56077,-47.41701,,,,,,Bancos,SP,-22.560772,-47.4170862,0.3
,,,"Avenida Presidente Vargas, 3235, Indaiatuba - SP, 13338-705, Brasil",Indaiatuba,,SP,,13338-705,-23.08532,-47.18438,,,,,,Bancos,SP,-23.0847649,-47.1841655,0.3
,,,"Gênesis Informática, Rua Romano Anselmo Fontana, 839, Centro, Concórdia - SC, 89700-000, Brasil",Concórdia,,SC,,89700-000,-27.22621,-52.02986,,,,,,Bancos,Demais Praças,-27.2263175,-52.0299208,0.3
,,,"Rua Pedro Álvares Cabral, 574, Centro, Erechim - RS, 99700-248, Brasil",Erechim,,RS,,99700-248,-27.63955,-52.26915,,,,,,Bancos,Demais Praças,-27.6394597,-52.2691309,0.3
,,,"Rua Santa Catarina, 864, Nazaré, Concórdia - SC, 89707-024, Brasil",Concórdia,,SC,,89707-024,-27.23562,-52.03715,,,,,,Bancos,Demais Praças,-27.2355554,-52.0372458,0.3
,,,"Rua Thomaz Gonzaga, 1, Vila Fátima, Passo Fundo - RS, 99020-170, Brasil",Passo Fundo,,RS,,99020-170,-28.24782,-52.40643,,,,,,Bancos,Demais Praças,-28.2477488,-52.4064379,0.3
,,,"Rua Teixeira Soares, 1117, Centro, Passo Fundo - RS, 99010-080, Brasil",Passo Fundo,,RS,,99010-080,-28.26264,-52.41235,,,,,,Bancos,Demais Praças,-28.2627198,-52.4124802,0.3
,,,"Rua Independência, 829, Centro, Passo Fundo - RS, 99010-041, Brasil",Passo Fundo,,RS,,99010-041,-28.26386,-52.4078,,,,,,Bancos,Demais Praças,-28.2638377,-52.4077477,0.3
,,,"Rua Herculano Hércules Zanuzzo, 500, Seara - SC, 89770-000, Brasil",Seara,,SC,,89770-000,-27.15883,-52.31573,,,,,,Bancos,Demais Praças,-27.1588542,-52.3159161,0.3
,,,"Avenida Brasil Oeste, 1261, Centro, Passo Fundo - RS, 99025-003, Brasil",Passo Fundo,,RS,,99025-003,-28.26459,-52.41588,,,,,,Bancos,Demais Praças,-28.264498,-52.4158869,0.3
,,,"Rua Antônio Araújo, 560, Centro, Passo Fundo - RS, 99010-220, Brasil",Passo Fundo,,RS,,99010-220,-28.25525,-52.39896,,,,,,Bancos,Demais Praças,-28.2552393,-52.3989398,0.3
,,,"Rua Coronel Farrapo, 555, Centro, Campos Novos - SC, 89620-000, Brasil",Campos Novos,,SC,,89620-000,-27.40273,-51.22881,,,,,,Bancos,Demais Praças,-27.402741,-51.2288067,0.3
,,,"Servilar, Avenida Sete de Setembro, Centro, Passo Fundo - RS, 99010-121, Brasil",Passo Fundo,,RS,,99010-121,-28.26571,-52.40519,,,,,,Bancos,Demais Praças,-28.2656563,-52.4053007,0.3
,,,"Avenida Brasil Oeste, 1111, Centro, Passo Fundo - RS, 99025-003, Brasil",Passo Fundo,,RS,,99025-003,-28.26406,-52.41472,,,,,,Bancos,Demais Praças,-28.263936,-52.41481049999999,0.3
,,,"Avenida Sete de Setembro, 1055, Centro, Passo Fundo - RS, 83649-600, Brasil",Passo Fundo,,RS,,83649-600,-28.26547,-52.40333,,,,,,Bancos,Demais Praças,-28.2653942,-52.40343000000001,0.3
,,,"Rua Barão do Rio Branco, 120, Casca - RS, 99260-000, Brasil",Casca,,RS,,99260-000,-28.56281,-51.97356,,,,,,Bancos,Demais Praças,-28.562689,-51.9736594,0.3
,,,"Avenida Itália, 433, São Pelegrino, Caxias do Sul - RS, 95010-040, Brasil",Caxias do Sul,,RS,,95010-040,-29.16867,-51.19336,,,,,,Bancos,Demais Praças,-29.168735,-51.19335599999999,0.3
,,,"Avenida Sete de Setembro, 185, Centro, Passo Fundo - RS, 99010-121, Brasil",Passo Fundo,,RS,,99010-121,-28.26555,-52.40207,,,,,,Bancos,Demais Praças,-28.2653195,-52.4021053,0.3
,,,"Rua Inácia Vieira, 403, Vacaria - RS, 95200-019, Brasil",Vacaria,,RS,,95200-019,-28.50713,-50.93697,,,,,,Bancos,Demais Praças,-28.5070995,-50.9370111,0.3
,,,"Rua Feijó Júnior, 583, São Pelegrino, Caxias do Sul - RS, 95034-160, Brasil",Caxias do Sul,,RS,,95034-160,-29.1668,-51.18867,,,,,,Bancos,Demais Praças,-29.1668043,-51.1886903,0.3
,,,"Rua Marechal Deodoro, 630, Centro, Curitiba - PR, 80010-010, Brasil",Curitiba,,PR,,80010-010,-25.43027,-49.26626,,,,,,Bancos,Demais Praças,-25.4303032,-49.2662611,0.3
,,,"Rua Otávio Francisco Dias, 542, Água Verde, Curitiba - PR, 80620-310, Brasil",Curitiba,,PR,,80620-310,-25.4581,-49.27743,,,,,,Bancos,Demais Praças,-25.4581037,-49.2774677,0.3
,,,"Alameda Doutor Carlos de Carvalho, 555, Centro, Curitiba - PR, 80430-180, Brasil",Curitiba,,PR,,80430-180,-25.4333,-49.28041,,,,,,Bancos,Demais Praças,-25.433458,-49.28045969999999,0.3
,,,"Rua Bom Jesus, 150, Juveve, Curitiba - PR, 80035-010, Brasil",Curitiba,,PR,,80035-010,-25.41084,-49.25542,,,,,,Bancos,Demais Praças,-25.410797,-49.2554463,0.3
,,,"Rua Orleans, 1005, América, Joinville - SC, 89204-580, Brasil",Joinville,,SC,,89204-580,-26.28485,-48.85644,,,,,,Bancos,Demais Praças,-26.284753,-48.8565787,0.3
,,,"Avenida Presidente Wenceslau Bráz, 1902, Guaíra, Curitiba - PR, 81010-000, Brasil",Curitiba,,PR,,81010-000,-25.47439,-49.27332,,,,,,Bancos,Demais Praças,-25.4743195,-49.2733638,0.3
,,,"Basesul Empreendimentos, Rua Grã Nicco, Mossungue, Curitiba - PR, 81200-200, Brasil",Curitiba,,PR,,81200-200,-25.43709,-49.32912,,,,,,Bancos,Demais Praças,-25.4371102,-49.3291009,0.3
,,,"Avenida Brigadeiro Faria Lima, Itaim Bibi, São Paulo - SP, 04538-133, Brasil",São Paulo,,SP,,04538-133,-23.58592,-46.68285,,,,,,Bancos,SP,-23.5859777,-46.6829919,0.3
,,,"Rua Américo Brasiliense, 1922, Santo Amaro, São Paulo - SP, 04715-004, Brasil",São Paulo,,SP,,04715-004,-23.62965,-46.70471,,,,,,Bancos,SP,-23.6298641,-46.7048838,0.3
,,,"Avenida Ibirapuera, 2120, Moema, São Paulo - SP, 04028-001, Brasil",São Paulo,,SP,,04028-001,-23.60279,-46.66177,,,,,,Bancos,SP,-23.6026769,-46.6618652,0.3
,,,"Tupinambá, Rua Ministro Jesuíno Cardoso, 454, Itaim Bibi, São Paulo - SP, 04544-050, Brasil",São Paulo,,SP,,04544-050,-23.59236,-46.68203,,,,,,Bancos,SP,-23.5923048,-46.6821803,0.3
,,,"Alameda Raja Gabaglia, 62, Itaim Bibi, São Paulo - SP, 04551-090, Brasil",São Paulo,,SP,,04551-090,-23.59447,-46.68883,,,,,,Bancos,SP,-23.5944972,-46.6889693,0.3
,,,"Rua Brasílio Bacellar Filho, 59, Tinguí, Curitiba - PR, 82620-250, Brasil",Curitiba,,PR,,82620-250,-25.38637,-49.22172,,,,,,Bancos,Demais Praças,-25.3864172,-49.22178359999999,0.3
,,,"Rua Corupá, 100, Anita Garibaldi, Joinville - SC, 89203-620, Brasil",Joinville,,SC,,89203-620,-26.31294,-48.8574,,,,,,Bancos,Demais Praças,-26.3129518,-48.8574474,0.3
,,,"Rua Itaiópolis, 730, Saguaçu, Joinville - SC, 89221-155, Brasil",Joinville,,SC,,89221-155,-26.28762,-48.84127,,,,,,Bancos,Demais Praças,-26.2876715,-48.8413941,0.3
,,,"Rua Lourenço Pinto, 190, Centro, Curitiba - PR, 80010-160, Brasil",Curitiba,,PR,,80010-160,-25.43528,-49.26883,,,,,,Bancos,Demais Praças,-25.4353808,-49.2688172,0.3
,,,"Rua Marcílio Dias, 333, Santo Antônio, Joinville - SC, 89218-005, Brasil",Joinville,,SC,,89218-005,-26.27567,-48.85338,,,,,,Bancos,Demais Praças,-26.2757997,-48.85325210000001,0.3
,,,"Rua Ismael Carlos Correia, 93, Saguaçu, Joinville - SC, 89221-520, Brasil",Joinville,,SC,,89221-520,-26.27448,-48.84349,,,,,,Bancos,Demais Praças,-26.2743993,-48.843554,0.3
,,,"Rua Visconde do Rio Branco, 1630, Centro, Curitiba - PR, 80420-210, Brasil",Curitiba,,PR,,80420-210,-25.43548,-49.27774,,,,,,Bancos,Demais Praças,-25.4355763,-49.2778139,0.3
,,,"Rua General Andrade Neves, 435, Centro, Cruz Alta - RS, 98005-239, Brasil",Cruz Alta,,RS,,98005-239,-28.64094,-53.60605,,,,,,Bancos,Demais Praças,-28.6409549,-53.6060241,0.3
,,,"Rua General Osório, 1032, Ibirubá - RS, 98200-000, Brasil",Ibirubá,,RS,,98200-000,-28.62998,-53.09088,,,,,,Bancos,Demais Praças,-28.6299492,-53.0908402,0.3
,,,"Avenida Marechal Floriano Peixoto, 1256, Soledade - RS, 99300-000, Brasil",Soledade,,RS,,99300-000,-28.82674,-52.51173,,,,,,Bancos,Demais Praças,-28.8267706,-52.5117947,0.3
,,,"Projettos Fabrica de Pastas e Bolsas, Rua Marechal Floriano Peixoto, 467, Centro, Santa Maria - RS, 97015-372, Brasil",Santa Maria,,RS,,97015-372,-29.69258,-53.80764,,,,,,Bancos,Demais Praças,-29.6926316,-53.8076314,0.3
,,,"Dr. Diego Chemello, Centro, Santa Maria - RS, Brasil",Santa Maria,,RS,,,-29.69154,-53.80625,,,,,,Bancos,Demais Praças,-29.691607,-53.8063205,0.3
,,,"Rua Marechal Deodoro, 582, Centro, Santa Cruz do Sul - RS, 96810-102, Brasil",Santa Cruz do Sul,,RS,,96810-102,-29.71845,-52.42599,,,,,,Bancos,Demais Praças,-29.7184624,-52.4259487,0.3
,,,"Avenida Carlos Gomes, 1408, Três Figueiras, Porto Alegre - RS, 90480-001, Brasil",Porto Alegre,,RS,,90480-001,-30.03358,-51.17819,,,,,,Bancos,Demais Praças,-30.03352,-51.1781063,0.3
,,,"Rua Hilário Ribeiro, 340, Moinhos de Vento, Porto Alegre - RS, 90510-040, Brasil",Porto Alegre,,RS,,90510-040,-30.02593,-51.20358,,,,,,Bancos,Demais Praças,-30.02582259999999,-51.20345409999999,0.3
,,,"Rua Marechal Floriano Peixoto, 10, Centro Histórico, Porto Alegre - RS, 90020-060, Brasil",Porto Alegre,,RS,,90020-060,-30.02879,-51.22662,,,,,,Bancos,Demais Praças,-30.028792,-51.2268294,0.3
,,,"Bergamaschi Advogados Associados, Avenida Benjamin Constant, 1010, Centro, Lajeado - RS, 95906-280, Brasil",Lajeado,,RS,,95906-280,-29.46254,-51.96723,,,,,,Bancos,Demais Praças,-29.46260729999999,-51.9672817,0.3
,,,"Rua Doutor Barbosa Gonçalves, 368, Chácara das Pedras, Porto Alegre - RS, 91330-320, Brasil",Porto Alegre,,RS,,91330-320,-30.03193,-51.16271,,,,,,Bancos,Demais Praças,-30.0319304,-51.1627954,0.3
,,,"Rua Ayrton Senna da Silva, 126, Nova Aliança, Rio das Ostras - RJ, 28890-407, Brasil",Rio das Ostras,,RJ,,28890-407,-22.53263,-41.96176,,,,,,Bancos,Demais Praças,-22.5330113,-41.9617784,0.3
,,,"Rua Visconde do Rio Branco, 2156, Centro, São José dos Pinhais - PR, 83005-420, Brasil",São José dos Pinhais,,PR,,83005-420,-25.53839,-49.1973,,,,,,Bancos,Demais Praças,-25.5383453,-49.1973221,0.3
,,,"Rua Hilário Fernandes Pacheco, 52, Vera Cruz, Criciúma - SC, 88810-040, Brasil",Criciúma,,SC,,88810-040,-28.67019,-49.3769,,,,,,Bancos,Demais Praças,-28.6700023,-49.3769314,0.3
,,,"Santander, Rua Cristovão Nunes Pires, 98, Centro, Florianópolis - SC, 88010-120, Brasil",Florianópolis,,SC,,88010-120,-27.59449,-48.55854,,,,,,Bancos,Demais Praças,-27.594447,-48.55852789999999,0.3
,,,"Ed. Donna Guiomar, Rua Sete de Setembro, Centro, Blumenau - SC, 89010-203, Brasil",Blumenau,,SC,,89010-203,-26.92179,-49.06635,,,,,,Bancos,Demais Praças,-26.9217872,-49.066348,0.3
,,,"Rua Marechal Deodoro, 950, Centro, Curitiba - PR, 80060-010, Brasil",Curitiba,,PR,,80060-010,-25.42908,-49.26353,,,,,,Bancos,Demais Praças,-25.4290975,-49.2635466,0.3
,,,"Rua Jerônimo Coelho, 240, Centro, Joinville - SC, 89201-050, Brasil",Joinville,,SC,,89201-050,-26.30275,-48.84301,,,,,,Bancos,Demais Praças,-26.3029807,-48.8429624,0.3
,,,"Rua José Maria Hannickel, 55, Parque Campolim, Sorocaba - SP, 18047-360, Brasil",Sorocaba,,SP,,18047-360,-23.52125,-47.46396,,,,,,Bancos,SP,-23.5211928,-47.4640756,0.3
,,,"Avenida Gisele Constantino, 850, Votorantim - SP, 18110-650, Brasil",Votorantim,,SP,,18110-650,-23.54525,-47.46679,,,,,,Bancos,SP,-23.5452203,-47.4667951,0.3
,,,"Rua Quinze de Novembro, 202, Centro, Sorocaba - SP, 18010-081, Brasil",Sorocaba,,SP,,18010-081,-23.50034,-47.45496,,,,,,Bancos,SP,-23.5005083,-47.4551195,0.3
,,,"Rua Alberto Bolliger, 826, Juveve, Curitiba - PR, 80030-280, Brasil",Curitiba,,PR,,80030-280,-25.41485,-49.25992,,,,,,Bancos,Demais Praças,-25.4147576,-49.2599228,0.3
,,,"Rua Benjamin Lins, 761, Batel, Curitiba - PR, 80420-100, Brasil",Curitiba,,PR,,80420-100,-25.44024,-49.28127,,,,,,Bancos,Demais Praças,-25.440218,-49.2813509,0.3
,,,"Avenida Prefeito Erasto Gaertner, 555, Bacacheri, Curitiba - PR, 82510-160, Brasil",Curitiba,,PR,,82510-160,-25.40214,-49.24136,,,,,,Bancos,Demais Praças,-25.4020181,-49.2414378,0.3
,,,"Confidence Câmbio, Avenida do Batel, 1868, Batel, Curitiba - PR, 80420-090, Brasil",Curitiba,,PR,,80420-090,-25.44304,-49.29085,,,,,,Bancos,Demais Praças,-25.4430439,-49.29084779999999,0.3
,,,"Rua Padre Anchieta, 2206, Bigorrilho, Curitiba - PR, 80730-001, Brasil",Curitiba,,PR,,80730-001,-25.43358,-49.30029,,,,,,Bancos,Demais Praças,-25.4337695,-49.3003394,0.3
,,,"Avenida Roque Petroni Júnior, 75, Santo Amaro, São Paulo - SP, 04707-000, Brasil",São Paulo,,SP,,04707-000,-23.62627,-46.68814,,,,,,Bancos,SP,-23.6262316,-46.6881874,0.3
,,,"Itaú, Avenida Anchieta, Jardim Nova América, São José dos Campos - SP, 12242-280, Brasil",São José dos Campos,,SP,,12242-280,-23.19283,-45.89414,,,,,,Bancos,SP,-23.1928589,-45.8942529,0.3
,,,"Igc, Avenida Cassiano Ricardo, Parque Residencial Aquarius, São José dos Campos - SP, 12240-540, Brasil",São José dos Campos,,SP,,12240-540,-23.22002,-45.91058,,,,,,Bancos,SP,-23.2199841,-45.9106168,0.3
,,,"Avenida Merimar Barbosa, 852, Barranco, Taubaté - SP, 12040-810, Brasil",Taubaté,,SP,,12040-810,-23.02652,-45.58056,,,,,,Bancos,SP,-23.0263481,-45.5804566,0.3
,,,"Alameda Rio Negro, 1439, Alphaville, Barueri - SP, 06454-000, Brasil",Barueri,,SP,,06454-000,-23.4933,-46.84964,,,,,,Bancos,SP,-23.4932242,-46.84966559999999,0.3
,,,"Avenida Capitão Manoel Rudge, 170, Mogi das Cruzes - SP, 08780-290, Brasil",Mogi das Cruzes,,SP,,08780-290,-23.5217,-46.18219,,,,,,Bancos,SP,-23.5218692,-46.18218230000001,0.3
,,,"Avenida Trompowsky, 432, Centro, Florianópolis - SC, 88015-300, Brasil",Florianópolis,,SC,,88015-300,-27.58685,-48.5487,,,,,,Bancos,Demais Praças,-27.5868104,-48.5486449,0.3
,,,"Rua Jorge Reid, 15, Cavaleiros, Macaé - RJ, 27920-260, Brasil",Macaé,,RJ,,27920-260,-22.40306,-41.79575,,,,,,Bancos,Demais Praças,-22.4029823,-41.7957208,0.3
,,,"Rua Bento Gonçalves, 2802, Centro, Novo Hamburgo - RS, 93510-138, Brasil",Novo Hamburgo,,RS,,93510-138,-29.68196,-51.129,,,,,,Bancos,Demais Praças,-29.6818871,-51.129099,0.3
,,,"Avenida Osvaldo Aranha, 720, Bom Fim, Porto Alegre - RS, 90035-191, Brasil",Porto Alegre,,RS,,90035-191,-30.03338,-51.21495,,,,,,Bancos,Demais Praças,-30.0332949,-51.214968,0.3
,,,"Rua Macaiá-Mirim, 1368, Santana, São Paulo - SP, 02013-080, Brasil",São Paulo,,SP,,02013-080,-23.50089,-46.63749,,,,,,Bancos,SP,-23.5008449,-46.6374361,0.3
,,,"Rua São João, 26, Picanço, Guarulhos - SP, 07134-280, Brasil",Guarulhos,,SP,,07134-280,-23.45293,-46.5436,,,,,,Bancos,SP,-23.452984,-46.5433242,0.3
,,,"Clínica Dra. Pâmela Costa, Avenida Prefeito Carlos Ferreira Lopes, 703, Mogi das Cruzes - SP, 08773-490, Brasil",Mogi das Cruzes,,SP,,08773-490,-23.51015,-46.19149,,,,,,Bancos,SP,-23.5101501,-46.1915632,0.3
,,,"Alameda Terracota, Cerâmica, São Caetano do Sul - SP, 09531-190, Brasil",São Caetano do Sul,,SP,,09531-190,-23.62405,-46.58094,,,,,,Bancos,SP,-23.6240509,-46.5806709,0.3
,,,"Rua Doutor Franco da Rocha, 551, Perdizes, São Paulo - SP, 05015-040, Brasil",São Paulo,,SP,,05015-040,-23.53711,-46.67322,,,,,,Bancos,SP,-23.5371445,-46.67318179999999,0.3
,,,"Rua Maria Figueiredo, 595, Vila Mariana, São Paulo - SP, 04007-003, Brasil",São Paulo,,SP,,04007-003,-23.57303,-46.65091,,,,,,Bancos,SP,-23.5730136,-46.6509349,0.3
,,,"Fair, Rua Vergueiro, 1753, Vila Mariana, São Paulo - SP, 04101-000, Brasil",São Paulo,,SP,,04101-000,-23.57776,-46.64041,,,,,,Bancos,SP,-23.5777878,-46.6403056,0.3
,,,"Rua Sete de Setembro, 322, Centro, Ponta Grossa - PR, 84010-350, Brasil",Ponta Grossa,,PR,,84010-350,-25.09946,-50.15749,,,,,,Bancos,Demais Praças,-25.0994977,-50.157585,0.3
,,,"Rua Floriano Peixoto, 300, Centro, Blumenau - SC, 89010-022, Brasil",Blumenau,,SC,,89010-022,-26.92364,-49.06471,,,,,,Bancos,Demais Praças,-26.9231993,-49.0647439,0.3
,,,"Rua João Januário Ayroso, 293, Jaraguá Esquerdo, Jaraguá do Sul - SC, 89253-100, Brasil",Jaraguá do Sul,,SC,,89253-100,-26.49623,-49.09038,,,,,,Bancos,Demais Praças,-26.4962272,-49.0904047,0.3
,,,"Rua Martim Stahl, 507, Vila Nova, Jaraguá do Sul - SC, 89259-310, Brasil",Jaraguá do Sul,,SC,,89259-310,-26.49914,-49.08318,,,,,,Bancos,Demais Praças,-26.4991385,-49.0831217,0.3
,,,"Rua Paulo Zimmermann, 142, Centro, Blumenau - SC, 89010-170, Brasil",Blumenau,,SC,,89010-170,-26.91494,-49.07151,,,,,,Bancos,Demais Praças,-26.9152032,-49.0712623,0.3
,,,"Avenida Venâncio Aires, 758, Santo Ângelo - RS, 98801-660, Brasil",Santo Ângelo,,RS,,98801-660,-28.30748,-54.25798,,,,,,Bancos,Demais Praças,-28.3076289,-54.2579588,0.3
,,,"Avenida Santa Cruz, 654, Centro, Santa Rosa - RS, 98780-744, Brasil",Santa Rosa,,RS,,98780-744,-27.86786,-54.48011,,,,,,Bancos,Demais Praças,-27.8677495,-54.4799152,0.3
,,,"Avenida Uruguai, 620, Três de Maio - RS, 98910-000, Brasil",Três de Maio,,RS,,98910-000,-27.77886,-54.23416,,,,,,Bancos,Demais Praças,-27.7789854,-54.2341072,0.3
,,,"Czech Fit Treinamento Personalizado, Rua Marechal Floriano, Três de Maio - RS, 98910-000, Brasil",Três de Maio,,RS,,98910-000,-27.77511,-54.23217,,,,,,Bancos,Demais Praças,-27.7752377,-54.2321493,0.3
,,,"Rua Dahne de Abreu, 729, Horizontina - RS, 98920-000, Brasil",Horizontina,,RS,,98920-000,-27.632,-54.30828,,,,,,Bancos,Demais Praças,-27.6320372,-54.3082523,0.3
,,,"Rua Marquês de Tamandaré, 561, Santo Ângelo - RS, 98802-573, Brasil",Santo Ângelo,,RS,,98802-573,-28.29524,-54.2657,,,,,,Bancos,Demais Praças,-28.2954059,-54.2656941,0.3
,,,"Avenida Fernando Machado, 141, Centro, Chapecó - SC, 89802-110, Brasil",Chapecó,,SC,,89802-110,-27.10655,-52.61576,,,,,,Bancos,Demais Praças,-27.1065818,-52.615665,0.3
,,,"Rua Clodomiro Amazonas, 249, Itaim Bibi, São Paulo - SP, 04537-010, Brasil",São Paulo,,SP,,04537-010,-23.58647,-46.67931,,,,,,Bancos,SP,-23.5864814,-46.6791683,0.3
,,,"Zletric, Rua Elvira Ferraz, 256, Itaim Bibi, São Paulo - SP, 04552-040, Brasil",São Paulo,,SP,,04552-040,-23.59478,-46.68186,,,,,,Bancos,SP,-23.5947096,-46.6818209,0.3
,,,"Phix It, Santo Amaro, São Paulo - SP, 04719-002, Brasil",São Paulo,,SP,,04719-002,-23.63094,-46.71324,,,,,,Bancos,SP,-23.6308943,-46.71329470000001,0.3
,,,"Rua Augusta, 2898, Jardim Paulista, São Paulo - SP, 01412-100, Brasil",São Paulo,,SP,,01412-100,-23.5657,-46.66824,,,,,,Bancos,SP,-23.5656594,-46.6682604,0.3
,,,"Zletric, Rua Leopoldo Couto Magalhães Júnior, 758, Itaim Bibi, São Paulo - SP, Brasil",São Paulo,,SP,,,-23.58779,-46.68039,,,,,,Bancos,SP,-23.58786,-46.6803818,0.3
,,,"Rua Rio Preto, 38, Jardim Paulista, São Paulo - SP, 01426-010, Brasil",São Paulo,,SP,,01426-010,-23.56633,-46.6659,,,,,,Bancos,SP,-23.5665706,-46.6655918,0.3
,,,"Edifício Olímpia Trade Center, Rua Lourenço Marques, Itaim Bibi, São Paulo - SP, 04547-100, Brasil",São Paulo,,SP,,04547-100,-23.59775,-46.68501,,,,,,Bancos,SP,-23.5976016,-46.6849454,0.3
,,,"Avenida Brigadeiro Faria Lima, 1800, Pinheiros, São Paulo - SP, 05477-000, Brasil",São Paulo,,SP,,05477-000,-23.57331,-46.6898,,,,,,Bancos,SP,-23.5733669,-46.6897419,0.3
,,,"Rua Barão do Triunfo, Campo Belo, São Paulo - SP, 04620-001, Brasil",São Paulo,,SP,,04620-001,-23.62316,-46.68198,,,,,,Bancos,SP,-23.6231991,-46.6818348,0.3
,,,"Banco Western Union do Brasil, Pinheiros, São Paulo - SP, 05477-000, Brasil",São Paulo,,SP,,05477-000,-23.57525,-46.69598,,,,,,Bancos,SP,-23.575251,-46.6959753,0.3
,,,"Ironhack, Alameda Jaú, 1301, Jardim Paulista, São Paulo - SP, 01420-001, Brasil",São Paulo,,SP,,01420-001,-23.56183,-46.66007,,,,,,Bancos,SP,-23.5617955,-46.6601677,0.3
,,,"Rua Leite, 1, Marcelino Ramos - RS, 99800-000, Brasil",Marcelino Ramos,,RS,,99800-000,-27.46219,-51.90944,,,,,,Bancos,Demais Praças,-27.4621365,-51.9094355,0.3
,,,"Meia Maratona de Caxias do Sul, Rua Alfredo Chaves, Exposição, Caxias do Sul - RS, 95020-460, Brasil",Caxias do Sul,,RS,,95020-460,-29.17151,-51.17571,,,,,,Bancos,Demais Praças,-29.17153309999999,-51.1756726,0.3
,,,"Rua Aurino Argemiro Zandonai, 1070, Santa Marta, Bento Gonçalves - RS, 95702-190, Brasil",Bento Gonçalves,,RS,,95702-190,-29.17763,-51.49522,,,,,,Bancos,Demais Praças,-29.1776958,-51.4952572,0.3
,,,"Avenida Castelo Branco, 1837, Paraí - RS, 95360-000, Brasil",Paraí,,RS,,95360-000,-28.5943,-51.78384,,,,,,Bancos,Demais Praças,-28.5943594,-51.7837698,0.3
,,,"Avenida Carlos Gomes, 364, Boa Vista, Porto Alegre - RS, 90480-003, Brasil",Porto Alegre,,RS,,90480-003,-30.02508,-51.18267,,,,,,Bancos,Demais Praças,-30.0250592,-51.1826832,0.3
,,,"Zletric, Avenida Carlos Gomes, 1672, Três Figueiras, Porto Alegre - RS, 90470-260, Brasil",Porto Alegre,,RS,,90470-260,-30.0353,-51.17657,,,,,,Bancos,Demais Praças,-30.0352983,-51.1765713,0.3
,,,"Abin RS, Petrópolis, Porto Alegre - RS, Brasil",Porto Alegre,,RS,,,-30.04322,-51.17585,,,,,,Bancos,Demais Praças,-30.0432547,-51.176094,0.3
,,,"Abf Advogados Associados, Boa Vista, Porto Alegre - RS, 90470-130, Brasil",Porto Alegre,,RS,,90470-130,-30.02733,-51.18094,,,,,,Bancos,Demais Praças,-30.027364,-51.18103929999999,0.3
,,,"Hdi Seguros S/A., Rua Bento Gonçalves, 1737, Boa Vista, Novo Hamburgo - RS, 93410-395, Brasil",Novo Hamburgo,,RS,,93410-395,-29.69092,-51.12668,,,,,,Bancos,Demais Praças,-29.6909696,-51.126619,0.3
,,,"Avenida Brasil, 1345, Centro, Foz do Iguaçu - PR, 85851-000, Brasil",Foz do Iguaçu,,PR,,85851-000,-25.5462,-54.58637,,,,,,Bancos,Demais Praças,-25.5461896,-54.5863473,0.3
,,,"Rua Pio XII, 3669, Claudete, Cascavel - PR, 85811-120, Brasil",Cascavel,,PR,,85811-120,-24.94518,-53.46895,,,,,,Bancos,Demais Praças,-24.9451834,-53.4689606,0.3
,,,"Rua Olavo Bilac, 1021, Centro, Cascavel - PR, 85812-260, Brasil",Cascavel,,PR,,85812-260,-24.95186,-53.44694,,,,,,Bancos,Demais Praças,-24.9515254,-53.4469209,0.3
,,,"Rua Prfa. Sílvia Gonçalves C. Ribas, 379, Santa Felicidade, Curitiba - PR, 82410-190, Brasil",Curitiba,,PR,,82410-190,-25.38436,-49.33412,,,,,,Bancos,Demais Praças,-25.3844192,-49.33417120000001,0.3
,,,"Rua Alcides Longhi, 137, Sanvitto, Caxias do Sul - RS, 95012-348, Brasil",Caxias do Sul,,RS,,95012-348,-29.17782,-51.21587,,,,,,Bancos,Demais Praças,-29.1777185,-51.2161535,0.3
,,,"Avenida Paraná, 337, Cabral, Curitiba - PR, 80035-130, Brasil",Curitiba,,PR,,80035-130,-25.40763,-49.25397,,,,,,Bancos,Demais Praças,-25.4075805,-49.2540694,0.3
,,,"Rua Coronel Brasilino Moura, 447, São Lourenço, Curitiba - PR, 80540-340, Brasil",Curitiba,,PR,,80540-340,-25.4012,-49.26757,,,,,,Bancos,Demais Praças,-25.4014053,-49.2675101,0.3
,,,"Avenida Cristóvão Colombo, 2967, Auxiliadora, Porto Alegre - RS, 90560-002, Brasil",Porto Alegre,,RS,,90560-002,-30.01784,-51.19089,,,,,,Bancos,Demais Praças,-30.0179048,-51.1909156,0.3
,,,"Rua Sete de Setembro, 370, Centro Histórico, Porto Alegre - RS, 90010-190, Brasil",Porto Alegre,,RS,,90010-190,-30.03129,-51.23676,,,,,,Bancos,Demais Praças,-30.03132,-51.23682969999999,0.3
,,,"Rua Mura, 278, Espírito Santo, Porto Alegre - RS, 91770-570, Brasil",Porto Alegre,,RS,,91770-570,-30.1522,-51.22116,,,,,,Bancos,Demais Praças,-30.1520525,-51.2210506,0.3
,,,"Avenida Plínio Brasil Milano, 291, Auxiliadora, Porto Alegre - RS, 90520-002, Brasil",Porto Alegre,,RS,,90520-002,-30.02276,-51.18822,,,,,,Bancos,Demais Praças,-30.0227653,-51.18821519999999,0.3
,,,"Rua Victorino de Andrade Pinto, 59, Morro Santana, Porto Alegre - RS, 91450-480, Brasil",Porto Alegre,,RS,,91450-480,-30.04068,-51.12571,,,,,,Bancos,Demais Praças,-30.0405683,-51.1256926,0.3
,,,"Rua Anita Garibaldi, 1151, Mont'Serrat, Porto Alegre - RS, 90450-001, Brasil",Porto Alegre,,RS,,90450-001,-30.02623,-51.1841,,,,,,Bancos,Demais Praças,-30.0264564,-51.1840559,0.3
,,,"Avenida Doutor Nilo Peçanha, 2811, Chácara das Pedras, Porto Alegre - RS, 91330-001, Brasil",Porto Alegre,,RS,,91330-001,-30.02828,-51.16283,,,,,,Bancos,Demais Praças,-30.0283061,-51.1629264,0.3
,,,"Avenida Ipiranga, 40, Praia de Belas, Porto Alegre - RS, 90160-090, Brasil",Porto Alegre,,RS,,90160-090,-30.04716,-51.23024,,,,,,Bancos,Demais Praças,-30.0469329,-51.2303302,0.3
,,,"Avenida Doutor Nilo Peçanha, 1201, Três Figueiras, Porto Alegre - RS, 91330-000, Brasil",Porto Alegre,,RS,,91330-000,-30.02934,-51.17973,,,,,,Bancos,Demais Praças,-30.0293764,-51.1798313,0.3
,,,"Avenida Atlântica, 206, Centro, Balneário Camboriú - SC, 88330-018, Brasil",Balneário Camboriú,,SC,,88330-018,-26.9928,-48.62881,,,,,,Bancos,Demais Praças,-26.9927719,-48.6287009,0.3
,,,"Rua João Picolli, 322, Centro, Jaraguá do Sul - SC, 89251-590, Brasil",Jaraguá do Sul,,SC,,89251-590,-26.48938,-49.07961,,,,,,Bancos,Demais Praças,-26.48955,-49.0797721,0.3
,,,"Rua Rui Barbosa, 1401, Centro, Campo Largo - PR, 83601-140, Brasil",Campo Largo,,PR,,83601-140,-25.46088,-49.53045,,,,,,Bancos,Demais Praças,-25.460785,-49.530451,0.3
,,,"Alameda Aristiliano Ramos, 1170, Santana, Rio do Sul - SC, 89160-113, Brasil",Rio do Sul,,SC,,89160-113,-27.21175,-49.63418,,,,,,Bancos,Demais Praças,-27.2117756,-49.6341951,0.3
,,,"Priscila Finger Extensão de Cílios / Lash Terapeuta, Rua Santos Dumont, 480, Centro, Ponta Grossa - PR, 84010-360, Brasil",Ponta Grossa,,PR,,84010-360,-25.09733,-50.15693,,,,,,Bancos,Demais Praças,-25.097291,-50.1568881,0.3
,,,"Espaço Águia, Rua Doutor José Bonifácio Malburg, Centro, Itajaí - SC, 88301-350, Brasil",Itajaí,,SC,,88301-350,-26.90419,-48.65769,,,,,,Bancos,Demais Praças,-26.9041484,-48.6577522,0.3
,,,"Rua Anita Garibaldi, 264, Anita Garibaldi, Joinville - SC, 89203-300, Brasil",Joinville,,SC,,89203-300,-26.31655,-48.84795,,,,,,Bancos,Demais Praças,-26.3165174,-48.84805230000001,0.3
,,,"Rua Demétrio Ribeiro, 105, Centro, Florianópolis - SC, 88020-700, Brasil",Florianópolis,,SC,,88020-700,-27.58399,-48.54382,,,,,,Bancos,Demais Praças,-27.5839274,-48.54394,0.3
,,,"Leila e Gisele, Rua Max Colin, 1440, Centro, Joinville - SC, 89204-040, Brasil",Joinville,,SC,,89204-040,-26.29487,-48.84927,,,,,,Bancos,Demais Praças,-26.2949485,-48.8492664,0.3
,,,"Rua Sete de Setembro, 290, Baixada, Pato Branco - PR, 85506-040, Brasil",Pato Branco,,PR,,85506-040,-26.23952,-52.67253,,,,,,Bancos,Demais Praças,-26.2394681,-52.6725797,0.3
,,,"Rua Joaquim Pedro Soares, 540, Centro, Novo Hamburgo - RS, 93510-320, Brasil",Novo Hamburgo,,RS,,93510-320,-29.68217,-51.1272,,,,,,Bancos,Demais Praças,-29.6820609,-51.1272163,0.3
,,,"Avenida Sapiranga, 30, Centro, Dois Irmãos - RS, 93950-000, Brasil",Dois Irmãos,,RS,,93950-000,-29.58803,-51.08633,,,,,,Bancos,Demais Praças,-29.5880059,-51.0862348,0.3
,,,"Praça Prefeito Dogelo Goss, Centro, Concórdia - SC, 89700-000, Brasil",Concórdia,,SC,,89700-000,-27.23133,-52.02383,,,,,,Bancos,Demais Praças,-27.2313452,-52.0238327,0.3
,,,"Rua Luiz Augusto Puperi, 649, Centro, Guaporé - RS, 99200-000, Brasil",Guaporé,,RS,,99200-000,-28.84621,-51.89266,,,,,,Bancos,Demais Praças,-28.8462016,-51.8926325,0.3
,,,"Rua Independência, 799, Centro, Passo Fundo - RS, 99010-041, Brasil",Passo Fundo,,RS,,99010-041,-28.26369,-52.40761,,,,,,Bancos,Demais Praças,-28.2637285,-52.407656,0.3
,,,"Rua Antonina, 2781, Centro, Cascavel - PR, 85812-040, Brasil",Cascavel,,PR,,85812-040,-24.95133,-53.45661,,,,,,Bancos,Demais Praças,-24.9512789,-53.4566498,0.3
,,,"Rua Mostardeiro, 366, Moinhos de Vento, Porto Alegre - RS, 90430-001, Brasil",Porto Alegre,,RS,,90430-001,-30.02854,-51.2037,,,,,,Bancos,Demais Praças,-30.0281956,-51.2037275,0.3
,,,"R M Personal, Rua Os Dezoito do Forte, 1356, Exposição, Caxias do Sul - RS, 95020-472, Brasil",Caxias do Sul,,RS,,95020-472,-29.16988,-51.17521,,,,,,Bancos,Demais Praças,-29.1697669,-51.1752118,0.3
,,,"Avenida Lageado, 1212, Petrópolis, Porto Alegre - RS, 90460-110, Brasil",Porto Alegre,,RS,,90460-110,-30.03519,-51.17982,,,,,,Bancos,Demais Praças,-30.0351423,-51.1799653,0.3
,,,"Avenida Cristóvão Colombo, 2939, Auxiliadora, Porto Alegre - RS, 90560-002, Brasil",Porto Alegre,,RS,,90560-002,-30.01788,-51.19121,,,,,,Bancos,Demais Praças,-30.0179613,-51.1911662,0.3
,,,"Talenter Consultoria, Rua Antônio Carlos Berta, Vila Ipiranga, Porto Alegre - RS, 91340-020, Brasil",Porto Alegre,,RS,,91340-020,-30.0232,-51.16098,,,,,,Bancos,Demais Praças,-30.02332909999999,-51.1608595,0.3
,,,"Avenida Carlos Gomes, 779, Bela Vista, Porto Alegre - RS, 90480-003, Brasil",Porto Alegre,,RS,,90480-003,-30.02879,-51.1815,,,,,,Bancos,Demais Praças,-30.0289134,-51.1816608,0.3
,,,"Rua Manoel Ribas, 2222, Centro, Cascavel - PR, 85802-180, Brasil",Cascavel,,PR,,85802-180,-24.95889,-53.47032,,,,,,Bancos,Demais Praças,-24.9588816,-53.4703651,0.3
,,,"Rua Quinze de Novembro, 657, Centro, Pelotas - RS, 96015-000, Brasil",Pelotas,,RS,,96015-000,-31.76675,-52.34073,,,,,,Bancos,Demais Praças,-31.7667508,-52.3407741,0.3
,,,"Rua Paraná, 1450, Centro, Cascavel - PR, 85812-010, Brasil",Cascavel,,PR,,85812-010,-24.94866,-53.44572,,,,,,Bancos,Demais Praças,-24.9486062,-53.44579719999999,0.3
,,,"Rua Clevelândia, 557, Jardim Itália, Chapecó - SC, 89802-405, Brasil",Chapecó,,SC,,89802-405,-27.10788,-52.61918,,,,,,Bancos,Demais Praças,-27.1079474,-52.6192234,0.3
,,,"Rua Otacílio Vieira da Costa, 113, Centro, Lages - SC, 88501-050, Brasil",Lages,,SC,,88501-050,-27.81326,-50.33,,,,,,Bancos,Demais Praças,-27.813257,-50.3300545,0.3
,,,"Avenida Centenário, 3958, São Cristóvão, Criciúma - SC, 88801-000, Brasil",Criciúma,,SC,,88801-000,-28.6814,-49.36442,,,,,,Bancos,Demais Praças,-28.6813984,-49.3644099,0.3
,,,"Rua Vereador Matias Ricardo Paz, 700, Jardim Maristela, Criciúma - SC, 88815-205, Brasil",Criciúma,,SC,,88815-205,-28.6914,-49.34541,,,,,,Bancos,Demais Praças,-28.6914117,-49.345379,0.3
,,,"Avenida Mauro Ramos, Agronômica, Florianópolis - SC, Brasil",Florianópolis,,SC,,,-27.58333,-48.5452,,,,,,Bancos,Demais Praças,-27.5833246,-48.5451882,0.3
,,,"Avenida Professor Othon Gama d'Eca, 677, Centro, Florianópolis - SC, 88015-240, Brasil",Florianópolis,,SC,,88015-240,-27.58962,-48.55203,,,,,,Bancos,Demais Praças,-27.589685,-48.5521411,0.3
,,,"Rua João José Guimarães, 345, Sombrio - SC, 88960-000, Brasil",Sombrio,,SC,,88960-000,-29.11401,-49.63831,,,,,,Bancos,Demais Praças,-29.1140055,-49.6383646,0.3
,,,"Rua José Luiz de Freitas, 46, Torres - RS, 95560-000, Brasil",Torres,,RS,,95560-000,-29.3397,-49.72992,,,,,,Bancos,Demais Praças,-29.3397721,-49.7300415,0.3
,,,"Rua Júlio de Castilhos, 266, Torres - RS, 95560-000, Brasil",Torres,,RS,,95560-000,-29.33952,-49.72589,,,,,,Bancos,Demais Praças,-29.3396001,-49.7258173,0.3
,,,"Avenida Marcolino Martins Cabral, 1197, Centro, Tubarão - SC, 88701-001, Brasil",Tubarão,,SC,,88701-001,-28.48175,-49.00613,,,,,,Bancos,Demais Praças,-28.4816791,-49.0061596,0.3
,,,"Avenida Getúlio Vargas, 219, Sombrio - SC, 88960-000, Brasil",Sombrio,,SC,,88960-000,-29.11333,-49.63515,,,,,,Bancos,Demais Praças,-29.1132993,-49.6351915,0.3
,,,"Avenida Silva Jardim, 929, Torres - RS, 95560-000, Brasil",Torres,,RS,,95560-000,-29.33297,-49.72308,,,,,,Bancos,Demais Praças,-29.333012,-49.7230246,0.3
,,,"Avenida Trompowsky, 366, Centro, Florianópolis - SC, 88015-300, Brasil",Florianópolis,,SC,,88015-300,-27.58765,-48.54806,,,,,,Bancos,Demais Praças,-27.5874445,-48.5478563,0.3
,,,"Zoo Trindade, Centro, Florianópolis - SC, 88015-200, Brasil",Florianópolis,,SC,,88015-200,-27.59245,-48.55418,,,,,,Bancos,Demais Praças,-27.592421,-48.55448699999999,0.3
,,,"WeCharge, Rodovia José Carlos Daux, 4100, Saco Grande, Florianópolis - SC, 88032-005, Brasil",Florianópolis,,SC,,88032-005,-27.54532,-48.50134,,,,,,Bancos,Demais Praças,-27.5452879,-48.5013318,0.3
,,,"Avenida Prefeito Osmar Cunha, 183, Centro, Florianópolis - SC, 88015-100, Brasil",Florianópolis,,SC,,88015-100,-27.59397,-48.55124,,,,,,Bancos,Demais Praças,-27.5939373,-48.5512111,0.3
,,,"Rua Esteves Júnior, Centro, Florianópolis - SC, 88015-130, Brasil",Florianópolis,,SC,,88015-130,-27.59083,-48.55305,,,,,,Bancos,Demais Praças,-27.5908261,-48.553016,0.3
,,,"Rua Rodésia, 432, Das Nações, Balneário Camboriú - SC, 88338-120, Brasil",Balneário Camboriú,,SC,,88338-120,-26.9756,-48.64707,,,,,,Bancos,Demais Praças,-26.9756322,-48.6471158,0.3
,,,"WeCharge, Rua Delfim Mário Pádua Peixoto, 522, Praia Brava, Itajaí - SC, 88306-700, Brasil",Itajaí,,SC,,88306-700,-26.94446,-48.63111,,,,,,Bancos,Demais Praças,-26.9444621,-48.6311154,0.3
,,,"Rua Presidente Nereu Ramos, 126, Centro, Florianópolis - SC, 88015-010, Brasil",Florianópolis,,SC,,88015-010,-27.59438,-48.55059,,,,,,Bancos,Demais Praças,-27.594394,-48.550595,0.3
,,,"Rua Quatrocentos e Seis, 460, Morretes, Itapema - SC, 88220-000, Brasil",Itapema,,SC,,88220-000,-27.12021,-48.6131,,,,,,Bancos,Demais Praças,-27.120163,-48.61312520000001,0.3
,,,"Avenida Pavão, 681, Bombas, Bombinhas - SC, 88215-000, Brasil",Bombinhas,,SC,,88215-000,-27.149,-48.50865,,,,,,Bancos,Demais Praças,-27.1490053,-48.5086743,0.3
,,,"Rua Mil e Quinhentos, 820, Centro, Balneário Camboriú - SC, 88330-526, Brasil",Balneário Camboriú,,SC,,88330-526,-26.99346,-48.63694,,,,,,Bancos,Demais Praças,-26.993459,-48.63697450000001,0.3
,,,"Rodovia Osvaldo Reis, 600, Fazenda, Itajaí - SC, 88306-000, Brasil",Itajaí,,SC,,88306-000,-26.92784,-48.64602,,,,,,Bancos,Demais Praças,-26.9278183,-48.6459657,0.3
,,,"Café Cassol, Praia Brava, Itajaí - SC, 88306-002, Brasil",Itajaí,,SC,,88306-002,-26.95206,-48.63984,,,,,,Bancos,Demais Praças,-26.9523187,-48.6397494,0.3
,,,"Avenida Rio Branco, 847, Centro, Florianópolis - SC, 88015-205, Brasil",Florianópolis,,SC,,88015-205,-27.5915,-48.54992,,,,,,Bancos,Demais Praças,-27.5913989,-48.5497953,0.3
,,,"WeCharge, Avenida Mauro Ramos, 1512, Centro, Florianópolis - SC, 88020-302, Brasil",Florianópolis,,SC,,88020-302,-27.58798,-48.54287,,,,,,Bancos,Demais Praças,-27.5879589,-48.542893,0.3
,,,"Rodovia José Carlos Daux, 10416, Recanto dos Açores, Florianópolis - SC, 88050-001, Brasil",Florianópolis,,SC,,88050-001,-27.49471,-48.50525,,,,,,Bancos,Demais Praças,-27.4944543,-48.5054689,0.3
,,,"Avenida Almirante Fonseca Neves, 520, Porto Belo - SC, 88210-000, Brasil",Porto Belo,,SC,,88210-000,-27.14813,-48.58713,,,,,,Bancos,Demais Praças,-27.1481366,-48.5871143,0.3
,,,"Rua Fernando Bauther da Silva, 327, Capivari, Florianópolis - SC, 88058-408, Brasil",Florianópolis,,SC,,88058-408,-27.45775,-48.40191,,,,,,Bancos,Demais Praças,-27.4576665,-48.40197329999999,0.3
,,,"Rua Intendente João Nunes Vieira, 718, Ingleses Centro, Florianópolis - SC, 88058-100, Brasil",Florianópolis,,SC,,88058-100,-27.43963,-48.40373,,,,,,Bancos,Demais Praças,-27.4396799,-48.403717,0.3
,,,"Rua Duzentos e Quarenta e Oito, 338, Meia Praia, Itapema - SC, 88220-000, Brasil",Itapema,,SC,,88220-000,-27.12987,-48.60463,,,,,,Bancos,Demais Praças,-27.1297537,-48.6047129,0.3
,,,"Rua XV de Novembro, 287, Centro, Curitiba - PR, 80020-310, Brasil",Curitiba,,PR,,80020-310,-25.43078,-49.27096,,,,,,Bancos,Demais Praças,-25.430811,-49.270938,0.3
,,,"Artbolos Nádia, Avenida Cândido Hartmann, 540, Bigorrilho, Curitiba - PR, 80730-440, Brasil",Curitiba,,PR,,80730-440,-25.43085,-49.29181,,,,,,Bancos,Demais Praças,-25.4308093,-49.29183769999999,0.3
,,,"Avenida Atlântica, 1613, Centro, Balneário Camboriú - SC, 88330-012, Brasil",Balneário Camboriú,,SC,,88330-012,-26.98408,-48.63403,,,,,,Bancos,Demais Praças,-26.9840809,-48.6340931,0.3
,,,"Avenida Brasil, 590, Centro, Balneário Camboriú - SC, 88330-043, Brasil",Balneário Camboriú,,SC,,88330-043,-26.97971,-48.6366,,,,,,Bancos,Demais Praças,-26.9796762,-48.6366417,0.3
,,,"Avenida Brasil, 995, Centro, Balneário Camboriú - SC, 88330-045, Brasil",Balneário Camboriú,,SC,,88330-045,-26.98307,-48.6357,,,,,,Bancos,Demais Praças,-26.9829699,-48.6355747,0.3
,,,"Rua México, 80, Das Nações, Balneário Camboriú - SC, 88338-220, Brasil",Balneário Camboriú,,SC,,88338-220,-26.97938,-48.64112,,,,,,Bancos,Demais Praças,-26.979342,-48.64103189999999,0.3
,,,"Rua Ângelo la Porta, 59, Centro, Florianópolis - SC, 88020-600, Brasil",Florianópolis,,SC,,88020-600,-27.58822,-48.54241,,,,,,Bancos,Demais Praças,-27.5881692,-48.5424487,0.3
,,,"Reevia, Rua Doutor Léo de Carvalho, 1, Velha, Blumenau - SC, 89036-239, Brasil",Blumenau,,SC,,89036-239,-26.91435,-49.08807,,,,,,Bancos,Demais Praças,-26.9145021,-49.0881064,0.3
,,,"Tonia's House, Centro, Itajaí - SC, 88301-350, Brasil",Itajaí,,SC,,88301-350,-26.90545,-48.66122,,,,,,Bancos,Demais Praças,-26.905539,-48.66133019999999,0.3
,,,"Rua Três Mil e Setecentos, 160, Centro, Balneário Camboriú - SC, 88330-203, Brasil",Balneário Camboriú,,SC,,88330-203,-27.00274,-48.62078,,,,,,Bancos,Demais Praças,-27.0027045,-48.6208733,0.3
,,,"Rua Mil Cento e Um, 88, Centro, Balneário Camboriú - SC, 88330-774, Brasil",Balneário Camboriú,,SC,,88330-774,-26.98197,-48.63519,,,,,,Bancos,Demais Praças,-26.9819043,-48.6350309,0.3
,,,"Rua Dois Mil e Trezentos, 1, Centro, Balneário Camboriú - SC, 88330-426, Brasil",Balneário Camboriú,,SC,,88330-426,-26.99255,-48.62907,,,,,,Bancos,Demais Praças,-26.9925334,-48.6291382,0.3
,,,"Avenida Atlântica, 2700, Centro, Balneário Camboriú - SC, 88330-018, Brasil",Balneário Camboriú,,SC,,88330-018,-26.99273,-48.62884,,,,,,Bancos,Demais Praças,-26.9926988,-48.6288682,0.3
,,,"Espaço Águia, Rua Doutor José Bonifácio Malburg, Centro, Itajaí - SC, 88301-350, Brasil",Itajaí,,SC,,88301-350,-26.90419,-48.65769,,,,,,Bancos,Demais Praças,-26.9042317,-48.65764799999999,0.3
,,,"Rua Ricardo Lustosa Ribas, 154, Estrela, Ponta Grossa - PR, 84040-140, Brasil",Ponta Grossa,,PR,,84040-140,-25.10392,-50.15974,,,,,,Bancos,Demais Praças,-25.1038382,-50.1597736,0.3
,,,"Rua Espanha, 192, Santa Catarina, Joinville - SC, 89233-130, Brasil",Joinville,,SC,,89233-130,-26.36821,-48.84838,,,,,,Bancos,Demais Praças,-26.3680849,-48.848445,0.3
,,,"Fisiomar Centro de Reabilitação e Fisioterapia, Avenida Ministro Victor Konder, 1010, Fazenda, Itajaí - SC, 88301-701, Brasil",Itajaí,,SC,,88301-701,-26.91641,-48.65252,,,,,,Bancos,Demais Praças,-26.9164383,-48.6525358,0.3
,,,"Associacao dos Despachantes de Transito da Região de Blumenau, Rua Sete de Setembro, 1714, Centro, Blumenau - SC, 89010-202, Brasil",Blumenau,,SC,,89010-202,-26.91644,-49.07165,,,,,,Bancos,Demais Praças,-26.9164086,-49.0716688,0.3
,,,"Rua Padre Anchieta, 2285, Bigorrilho, Curitiba - PR, 80730-001, Brasil",Curitiba,,PR,,80730-001,-25.43393,-49.30118,,,,,,Bancos,Demais Praças,-25.4339431,-49.3011065,0.3
,,,"Rua Visconde do Rio Branco, 1488, Centro, Curitiba - PR, 80420-210, Brasil",Curitiba,,PR,,80420-210,-25.43463,-49.27868,,,,,,Bancos,Demais Praças,-25.4347745,-49.2787672,0.3
,,,"Vf Instalações Hidraulicas, Rua 2070, 1050, Centro, Balneário Camboriú - SC, 88330-454, Brasil",Balneário Camboriú,,SC,,88330-454,-26.99872,-48.63966,,,,,,Bancos,Demais Praças,-26.9986085,-48.63965049999999,0.3
,,,"Drogaria Farmagnus, Rua Jorge Lacerda, Rio Fortuna - SC, 88760-000, Brasil",Rio Fortuna,,SC,,88760-000,-28.1329,-49.10485,,,,,,Bancos,Demais Praças,-28.1325764,-49.1049474,0.3
,,,"Rua Manoel Antônio de Souza, 390, Centro, Imbituba - SC, 88780-000, Brasil",Imbituba,,SC,,88780-000,-28.24436,-48.66364,,,,,,Bancos,Demais Praças,-28.2443207,-48.66363699999999,0.3
,,,"Rua Dezenove de Dezembro, 530, Ibiporã - PR, 86200-000, Brasil",Ibiporã,,PR,,86200-000,-23.26606,-51.04951,,,,,,Bancos,Demais Praças,-23.2660465,-51.0494292,0.3
,,,"Avenida Inglaterra, 930, Inglaterra, Londrina - PR, 86046-000, Brasil",Londrina,,PR,,86046-000,-23.34738,-51.14757,,,,,,Bancos,Demais Praças,-23.3473613,-51.14759360000001,0.3
,,,"Rua Cândido Xavier, 602, Água Verde, Curitiba - PR, 80240-280, Brasil",Curitiba,,PR,,80240-280,-25.45173,-49.29152,,,,,,Bancos,Demais Praças,-25.4518117,-49.29148559999999,0.3
,,,"Avenida República Argentina, 1237, Água Verde, Curitiba - PR, 80620-010, Brasil",Curitiba,,PR,,80620-010,-25.45767,-49.28812,,,,,,Bancos,Demais Praças,-25.4576109,-49.2882227,0.3
,,,"Zarp Studio, Avenida República Argentina, 1236, Vila Izabel, Curitiba - PR, 80620-010, Brasil",Curitiba,,PR,,80620-010,-25.45733,-49.28887,,,,,,Bancos,Demais Praças,-25.4573643,-49.2889271,0.3
,,,"Rua Luiz Tramontin, 1529, Campo Comprido, Curitiba - PR, 81230-161, Brasil",Curitiba,,PR,,81230-161,-25.45821,-49.33613,,,,,,Bancos,Demais Praças,-25.458231,-49.336144,0.3
,,,"Jet Oil, Avenida Doutor Victor do Amaral, Centro, Araucária - PR, 83702-040, Brasil",Araucária,,PR,,83702-040,-25.58691,-49.39996,,,,,,Bancos,Demais Praças,-25.5868798,-49.3998986,0.3
,,,"Rua Francisco Timóteo de Simas, 588, Uberaba, Curitiba - PR, 81570-270, Brasil",Curitiba,,PR,,81570-270,-25.48224,-49.23024,,,,,,Bancos,Demais Praças,-25.4823044,-49.2301942,0.3
,,,"Astron Hotel Bauru, Rua Luso-Brasileira, 44, Jardim Estoril IV, Bauru - SP, 17016-190, Brasil",Bauru,,SP,,17016-190,-22.33927,-49.06677,,,,,,Bancos,SP,-22.3391337,-49.0667799,0.3
,,,"Alameda Doutor Octávio Pinheiro Brisolla, Vila Cidade Universitária, Bauru - SP, 17012-424, Brasil",Bauru,,SP,,17012-424,-22.33849,-49.05864,,,,,,Bancos,SP,-22.3385912,-49.0586881,0.3
,,,"Avenida Getúlio Vargas, 21-51, Vila Aviação, Bauru - SP, 17017-383, Brasil",Bauru,,SP,,17017-383,-22.35148,-49.05086,,,,,,Bancos,SP,-22.3516093,-49.0509941,0.3
,,,"Avenida Carlos Consoni, 801, Subsetor Sul-4, Ribeirão Preto - SP, 14024-010, Brasil",Ribeirão Preto,,SP,,14024-010,-21.21975,-47.80683,,,,,,Bancos,SP,-21.2196552,-47.8068919,0.3
,,,"Avenida Vereador Manoel dos Santos, 966, Centro, Bombinhas - SC, 88215-000, Brasil",Bombinhas,,SC,,88215-000,-27.14821,-48.49333,,,,,,Bancos,Demais Praças,-27.1483661,-48.4933048,0.3
,,,"Avenida Leopoldo Zarling, 2581, Bombas, Bombinhas - SC, 88215-000, Brasil",Bombinhas,,SC,,88215-000,-27.14585,-48.50248,,,,,,Bancos,Demais Praças,-27.1457972,-48.502412,0.3
,,,"Avenida Leopoldo Zarling, 2072, Bombas, Bombinhas - SC, 88215-000, Brasil",Bombinhas,,SC,,88215-000,-27.14264,-48.50688,,,,,,Bancos,Demais Praças,-27.1426552,-48.50693589999999,0.3
,,,"Ibbca 2008 Corretora de Seguros, Centro, Florianópolis - SC, 88015-200, Brasil",Florianópolis,,SC,,88015-200,-27.59229,-48.55394,,,,,,Bancos,Demais Praças,-27.5921926,-48.5538332,0.3
,,,"Rua 258, 17, Meia Praia, Itapema - SC, 88220-000, Brasil",Itapema,,SC,,88220-000,-27.13059,-48.60049,,,,,,Bancos,Demais Praças,-27.1305157,-48.6004604,0.3
,,,"Rua Duzentos e Quatorze, 139, Meia Praia, Itapema - SC, 88220-000, Brasil",Itapema,,SC,,88220-000,-27.12188,-48.60792,,,,,,Bancos,Demais Praças,-27.122001,-48.6077599,0.3
,,,"Avenida Atílio Pedro Pagani, 1625, Caminho Novo, Palhoça - SC, 88132-149, Brasil",Palhoça,,SC,,88132-149,-27.64096,-48.68559,,,,,,Bancos,Demais Praças,-27.6410304,-48.6855558,0.3
,,,"Avenida Primeiro de Maio, 100, Centro 2, Brusque - SC, 88353-200, Brasil",Brusque,,SC,,88353-200,-27.10667,-48.9151,,,,,,Bancos,Demais Praças,-27.1066201,-48.9151466,0.3
,,,"Avenida Luiz Boiteux Piazza, 2326, Cachoeira do Bom Jesus, Florianópolis - SC, 88056-000, Brasil",Florianópolis,,SC,,88056-000,-27.42454,-48.43772,,,,,,Bancos,Demais Praças,-27.4245067,-48.4376797,0.3
,,,"Rua Hermann Huscher, 113, Vila Formosa, Blumenau - SC, 89023-000, Brasil",Blumenau,,SC,,89023-000,-26.93263,-49.06339,,,,,,Bancos,Demais Praças,-26.9326088,-49.0631701,0.3
,,,"Avenida Brigadeiro da Silva Paes, 18, Campinas, São José - SC, 88101-201, Brasil",São José,,SC,,88101-201,-27.59911,-48.60595,,,,,,Bancos,Demais Praças,-27.5989753,-48.6057497,0.3
,,,"Rua Duzentos e Sessenta e Nove, 113, Meia Praia, Itapema - SC, 88220-000, Brasil",Itapema,,SC,,88220-000,-27.13411,-48.59674,,,,,,Bancos,Demais Praças,-27.1341277,-48.5967105,0.3
,,,"Rua Santos Dumont, 423, Centro, Ponta Grossa - PR, 84010-360, Brasil",Ponta Grossa,,PR,,84010-360,-25.09792,-50.15718,,,,,,Bancos,Demais Praças,-25.097797,-50.1570152,0.3
,,,"Pilates e Físioterapia Elvira Azevedo, Rua Padre Nóbrega, Oficinas, Ponta Grossa - PR, 84040-090, Brasil",Ponta Grossa,,PR,,84040-090,-25.11452,-50.15539,,,,,,Bancos,Demais Praças,-25.1146024,-50.1553708,0.3
,,,"Rua Três Mil Setecentos e Cem, 204, Centro, Balneário Camboriú - SC, 88330-215, Brasil",Balneário Camboriú,,SC,,88330-215,-27.00195,-48.62235,,,,,,Bancos,Demais Praças,-27.0020003,-48.6223679,0.3
,,,"Rua Armazém, 45, Vila Real, Balneário Camboriú - SC, 88337-500, Brasil",Balneário Camboriú,,SC,,88337-500,-27.00593,-48.63288,,,,,,Bancos,Demais Praças,-27.0058575,-48.632797,0.3
,,,"Rua Liberdade, 130, Centro Penha, Penha - SC, 88385-000, Brasil",Penha,,SC,,88385-000,-26.77732,-48.63646,,,,,,Bancos,Demais Praças,-26.7773317,-48.6364975,0.3
,,,"Rua Dois Mil e Trezentos, 700, Centro, Balneário Camboriú - SC, 88330-430, Brasil",Balneário Camboriú,,SC,,88330-430,-26.99635,-48.63486,,,,,,Bancos,Demais Praças,-26.9963103,-48.63486839999999,0.3
,,,"Rua José Francisco Bernardes, 83, Centro, Camboriú - SC, 88340-233, Brasil",Camboriú,,SC,,88340-233,-27.02444,-48.65304,,,,,,Bancos,Demais Praças,-27.0243871,-48.6529986,0.3
,,,"Avenida Emanoel Pinto, 818, Balneário Piçarras - SC, 88380-000, Brasil",Balneário Piçarras,,SC,,88380-000,-26.76616,-48.67178,,,,,,Bancos,Demais Praças,-26.7660689,-48.6717581,0.3
,,,"Rua 1000, 46, Centro, Balneário Camboriú - SC, 88330-564, Brasil",Balneário Camboriú,,SC,,88330-564,-26.98924,-48.6337,,,,,,Bancos,Demais Praças,-26.989163,-48.63363950000001,0.3
,,,"Avenida da Lagoa, 14, Centro, Balneário Camboriú - SC, 88330-714, Brasil",Balneário Camboriú,,SC,,88330-714,-26.98494,-48.63503,,,,,,Bancos,Demais Praças,-26.9849208,-48.6346131,0.3
,,,"Avenida Nereu Ramos, 4770, Balneário Piçarras - SC, 88380-000, Brasil",Balneário Piçarras,,SC,,88380-000,-26.73502,-48.68195,,,,,,Bancos,Demais Praças,-26.7353622,-48.6816433,0.3
,,,"D Daniel, 620-686, Rua Dom José, Vila Real, Balneário Camboriú - SC, 88337-130, Brasil",Balneário Camboriú,,SC,,88337-130,-27.00985,-48.62914,,,,,,Bancos,Demais Praças,-27.0098739,-48.629207,0.3
,,,"Rua Floriano Peixoto, 300, Centro, Blumenau - SC, 89010-022, Brasil",Blumenau,,SC,,89010-022,-26.92364,-49.06471,,,,,,Bancos,Demais Praças,-26.923146,-49.06482099999999,0.3
,,,"Rua Afonso Orsi, 64, Fazenda, Itajaí - SC, 88306-030, Brasil",Itajaí,,SC,,88306-030,-26.93003,-48.64407,,,,,,Bancos,Demais Praças,-26.930096,-48.643969,0.3
,,,"Rua Antônio Zimmermann, 264, Centro, Guaramirim - SC, 89270-000, Brasil",Guaramirim,,SC,,89270-000,-26.47618,-48.9985,,,,,,Bancos,Demais Praças,-26.4760698,-48.9982209,0.3
,,,"Rua Visconde de Inhaúma, 1379, Jardim Paraíso, São Carlos - SP, 13560-190, Brasil",São Carlos,,SP,,13560-190,-22.0117,-47.89701,,,,,,Bancos,SP,-22.0117163,-47.8970098,0.3
,,,"Solucao Insumos Agrícolas, Avenida João Batista de Lima Figueiredo, 1847, Mocoquinha, Mococa - SP, 13733-045, Brasil",Mococa,,SP,,13733-045,-21.46448,-46.99809,,,,,,Bancos,SP,-21.4644414,-46.99813,0.3
,,,"Avenida José Adolfo Bianco Molina, 2094, Subsetor Sul-4, Ribeirão Preto - SP, 14024-210, Brasil",Ribeirão Preto,,SP,,14024-210,-21.21171,-47.80699,,,,,,Bancos,SP,-21.2116478,-47.8070467,0.3
,,,"Fisioterapeuta Isabella Beraldo, Rua Nagib Miguel, 080, Jardim Recanto do Bosque, São João da Boa Vista - SP, 13874-439, Brasil",São João da Boa Vista,,SP,,13874-439,-21.96805,-46.7607,,,,,,Bancos,SP,-21.9681035,-46.7606535,0.3
,,,"Avenida Professor João Fiúsa, 2686, Subsetor Sul-4, Ribeirão Preto - SP, 14024-260, Brasil",Ribeirão Preto,,SP,,14024-260,-21.21849,-47.80584,,,,,,Bancos,SP,-21.2183473,-47.80601009999999,0.3
,,,"Clínica Rivvé Viver Saúde, Rua Adolfo Serra, Subsetor Sul-4, Ribeirão Preto - SP, 14020-605, Brasil",Ribeirão Preto,,SP,,14020-605,-21.20648,-47.81078,,,,,,Bancos,SP,-21.2064244,-47.810609,0.3
,,,"Rua Goiás, 1265, Centro Histórico, Londrina - PR, 86020-410, Brasil",Londrina,,PR,,86020-410,-23.31555,-51.16369,,,,,,Bancos,Demais Praças,-23.3155854,-51.16362729999999,0.3
,,,"Sparksales, Avenida Bento Munhoz da Rocha Neto, 632, Zona 7, Maringá - PR, 87030-010, Brasil",Maringá,,PR,,87030-010,-23.41847,-51.92669,,,,,,Bancos,Demais Praças,-23.4187107,-51.9268545,0.3
,,,"Avenida Cerro Azul, 123, Zona 2, Maringá - PR, 87010-000, Brasil",Maringá,,PR,,87010-000,-23.4285,-51.93692,,,,,,Bancos,Demais Praças,-23.4284768,-51.9369019,0.3
,,,"Avenida Doutor Luiz Teixeira Mendes, 3224, Zona 5, Maringá - PR, 87015-000, Brasil",Maringá,,PR,,87015-000,-23.43067,-51.97256,,,,,,Bancos,Demais Praças,-23.4306615,-51.97257889999999,0.3
,,,"Rua Campos Sales, 954, Zona 7, Maringá - PR, 87020-080, Brasil",Maringá,,PR,,87020-080,-23.41576,-51.94874,,,,,,Bancos,Demais Praças,-23.415724,-51.9488193,0.3
,,,"Avenida Tiradentes, 1008, Zona 1, Maringá - PR, 87013-260, Brasil",Maringá,,PR,,87013-260,-23.42541,-51.94292,,,,,,Bancos,Demais Praças,-23.4254644,-51.9428276,0.3
,,,"Alameda Doutor Carlos de Carvalho, 417, Centro, Curitiba - PR, 80410-180, Brasil",Curitiba,,PR,,80410-180,-25.43272,-49.27892,,,,,,Bancos,Demais Praças,-25.4329291,-49.2788755,0.3
,,,"Produttivo, Rua Alferes Ângelo Sampaio, Mercês, Curitiba - PR, 80730-460, Brasil",Curitiba,,PR,,80730-460,-25.42949,-49.29097,,,,,,Bancos,Demais Praças,-25.4294205,-49.2909405,0.3
,,,"Rua Silveira Peixoto, 86, Água Verde, Curitiba - PR, 80240-120, Brasil",Curitiba,,PR,,80240-120,-25.45233,-49.28185,,,,,,Bancos,Demais Praças,-25.4522354,-49.2818201,0.3
,,,"Rua Rossini, 235, Osasco, Colombo - PR, Brasil",Colombo,,PR,,,-25.35569,-49.21043,,,,,,Bancos,Demais Praças,-25.3557107,-49.2105131,0.3
,,,"Rua Anne Frank, 3631, Boqueirão, Curitiba - PR, 81650-020, Brasil",Curitiba,,PR,,81650-020,-25.49716,-49.23792,,,,,,Bancos,Demais Praças,-25.4972536,-49.2378611,0.3
,,,"Rua Paula Gomes, 394, São Francisco, Curitiba - PR, 80510-070, Brasil",Curitiba,,PR,,80510-070,-25.42466,-49.27348,,,,,,Bancos,Demais Praças,-25.4246048,-49.273439,0.3
,,,"Avenida Brasília, 4671, Novo Mundo, Curitiba - PR, 81020-010, Brasil",Curitiba,,PR,,81020-010,-25.48686,-49.29219,,,,,,Bancos,Demais Praças,-25.48688,-49.2922197,0.3
,,,"Rua Carmelo Rangel, 137, Batel, Curitiba - PR, 80440-050, Brasil",Curitiba,,PR,,80440-050,-25.44142,-49.29133,,,,,,Bancos,Demais Praças,-25.441447,-49.291366,0.3
,,,"Rua Santo Celestino Coleto, 808, Boa Vista, Curitiba - PR, 82540-250, Brasil",Curitiba,,PR,,82540-250,-25.38763,-49.25365,,,,,,Bancos,Demais Praças,-25.3877362,-49.2535703,0.3
,,,"Farmácia Minerva, Avenida do Batel, 1566, Batel, Curitiba - PR, 80420-090, Brasil",Curitiba,,PR,,80420-090,-25.44225,-49.28791,,,,,,Bancos,Demais Praças,-25.4421754,-49.28790799999999,0.3
,,,"Latitude-Agência de Viagens e Turismo, Avenida República Argentina, 1334, Vila Izabel, Curitiba - PR, 80620-010, Brasil",Curitiba,,PR,,80620-010,-25.45826,-49.28905,,,,,,Bancos,Demais Praças,-25.4582094,-49.28907160000001,0.3
,,,"Gsw Interior Paulista, Subsetor Sul-5, Ribeirão Preto - SP, Brasil",Ribeirão Preto,,SP,,,-21.21176,-47.81806,,,,,,Bancos,SP,-21.2118834,-47.81844299999999,0.3
,,,"Ponto De Carregamento Para Veículos Elétricos, Rua Milton José Robusti, 75, Subsetor Sul-4, Ribeirão Preto - SP, 14020-670, Brasil",Ribeirão Preto,,SP,,14020-670,-21.20851,-47.79432,,,,,,Bancos,SP,-21.2085138,-47.7943216,0.3
,,,"Rua Cravinhos, 961, Subsetor Leste-2, Ribeirão Preto - SP, 14090-284, Brasil",Ribeirão Preto,,SP,,14090-284,-21.17687,-47.78664,,,,,,Bancos,SP,-21.1767922,-47.7867849,0.3
,,,"Rua Paschoal Bardaro, 1906, Subsetor Sul-4, Ribeirão Preto - SP, 14020-340, Brasil",Ribeirão Preto,,SP,,14020-340,-21.21678,-47.79786,,,,,,Bancos,SP,-21.2166225,-47.7979349,0.3
,,,"Rua Carlos de Gaitani, L-13, Ribeirão Preto - SP, 14098-340, Brasil",Ribeirão Preto,,SP,,14098-340,-21.21784,-47.76567,,,,,,Bancos,SP,-21.2176135,-47.7661263,0.3
,,,"Rua Adolfo Lutz, 459, Subsetor Sul-2, Ribeirão Preto - SP, 14020-310, Brasil",Ribeirão Preto,,SP,,14020-310,-21.19935,-47.80534,,,,,,Bancos,SP,-21.1993596,-47.8052813,0.3
,,,"Rua Eliseu Guilherme, 140, Subsetor Sul-1, Ribeirão Preto - SP, 14025-020, Brasil",Ribeirão Preto,,SP,,14025-020,-21.1852,-47.81434,,,,,,Bancos,SP,-21.1853031,-47.8143581,0.3
,,,"Rua Didimo Vieira da Silva, 385, Vila Ferroviária, Araraquara - SP, 14802-370, Brasil",Araraquara,,SP,,14802-370,-21.77726,-48.17274,,,,,,Bancos,SP,-21.7772716,-48.1727924,0.3
,,,"Avenida Paulo VI, 410, Parque Francal, Franca - SP, 14403-143, Brasil",Franca,,SP,,14403-143,-20.55632,-47.40684,,,,,,Bancos,SP,-20.5564434,-47.40682229999999,0.3
,,,"Rua Diogo Feijó, 1957, Estação, Franca - SP, 14405-212, Brasil",Franca,,SP,,14405-212,-20.53409,-47.41213,,,,,,Bancos,SP,-20.5340641,-47.4121959,0.3
,,,"Rua General Galvão, 269, Centro, Jaú - SP, 17201-030, Brasil",Jaú,,SP,,17201-030,-22.29379,-48.55498,,,,,,Bancos,SP,-22.2936975,-48.5548355,0.3
,,,"Sognare Consórcios - Hs Consórcios, Matão - SP, 15990-130, Brasil",Matão,,SP,,15990-130,-21.60599,-48.37194,,,,,,Bancos,SP,-21.6060955,-48.3720204,0.3
,,,"Rua José Fernandes, 601, Bady Bassitt - SP, 15115-000, Brasil",Bady Bassitt,,SP,,15115-000,-20.90373,-49.45034,,,,,,Bancos,SP,-20.903707,-49.4502902,0.3
,,,"Rua Coronel Solano, 227, Nova Rússia, Ponta Grossa - PR, 84010-420, Brasil",Ponta Grossa,,PR,,84010-420,-25.08745,-50.16839,,,,,,Bancos,Demais Praças,-25.087494,-50.1684352,0.3
,,,"Rua Treze de Maio, 279, Centro, Catanduva - SP, 15800-010, Brasil",Catanduva,,SP,,15800-010,-21.13428,-48.97365,,,,,,Bancos,SP,-21.1342791,-48.9735556,0.3
,,,"Rua Alagoas, 362, Centro, Catanduva - SP, 15800-010, Brasil",Catanduva,,SP,,15800-010,-21.13436,-48.9736,,,,,,Bancos,SP,-21.1343325,-48.9735935,0.3
,,,"7bens Consórcios, Rua Jair Martins Mil Homens, 400, Nova Redentora, São José do Rio Preto - SP, 15090-080, Brasil",São José do Rio Preto,,SP,,15090-080,-20.82689,-49.38927,,,,,,Bancos,SP,-20.8269688,-49.3893156,0.3
,,,"Rua Joaquim Pinheiro Castro, 655, Vila Sinibaldi, São José do Rio Preto - SP, 15084-190, Brasil",São José do Rio Preto,,SP,,15084-190,-20.8282,-49.3823,,,,,,Bancos,SP,-20.8280816,-49.3823168,0.3
,,,"Rua Doutor Raul Silva, 770, Redentora, São José do Rio Preto - SP, 15015-020, Brasil",São José do Rio Preto,,SP,,15015-020,-20.82263,-49.3876,,,,,,Bancos,SP,-20.8225808,-49.3876661,0.3
,,,"Avenida Alberto Andaló, 3345, Bom Jesus, São José do Rio Preto - SP, 15015-000, Brasil",São José do Rio Preto,,SP,,15015-000,-20.81616,-49.38033,,,,,,Bancos,SP,-20.8162482,-49.3801915,0.3
,,,"Rua Duque de Caxias, 409B, Casa Branca - SP, 13700-000, Brasil",Casa Branca,,SP,,13700-000,-21.77575,-47.08293,,,,,,Bancos,SP,-21.7757688,-47.0829248,0.3
,,,"Avenida Doutor David Benedito Ottoni, 499, Região Urbana Homogênea XIV, Poços de Caldas - MG, 37701-069, Brasil",Poços de Caldas,,MG,,37701-069,-21.78208,-46.56009,,,,,,Bancos,Demais Praças,-21.7820705,-46.5602117,0.3
,,,"Rua Argentina, 41, Águas de Lindóia - SP, 13940-000, Brasil",Águas de Lindóia,,SP,,13940-000,-22.47457,-46.63289,,,,,,Bancos,SP,-22.4745586,-46.6329582,0.3
,,,"Rua Doutor Fernando Costa, 284, Centro, Leme - SP, 13610-160, Brasil",Leme,,SP,,13610-160,-22.17909,-47.38693,,,,,,Bancos,SP,-22.1789987,-47.387023,0.3
,,,"Rua Veríssimo Prado, 813, São Pedro - SP, 13520-027, Brasil",São Pedro,,SP,,13520-027,-22.5508,-47.91447,,,,,,Bancos,SP,-22.5508492,-47.9144723,0.3
,,,"Rondon Empresarial, Avenida dos Municípios, Tabajaras, Uberlândia - MG, 38400-254, Brasil",Uberlândia,,MG,,38400-254,-18.93054,-48.28997,,,,,,Bancos,Demais Praças,-18.9305515,-48.2899197,0.3
,,,"Família Luccine, Vigilato Pereira, Uberlândia - MG, 38408-447, Brasil",Uberlândia,,MG,,38408-447,-18.93296,-48.27537,,,,,,Bancos,Demais Praças,-18.9327766,-48.2753734,0.3
,,,"Georgina Business Park, Avenida Anísio Haddad, Vivendas, São José do Rio Preto - SP, 15093-000, Brasil",São José do Rio Preto,,SP,,15093-000,-20.84518,-49.40095,,,,,,Bancos,SP,-20.8451699,-49.4009459,0.3
,,,"La Ville, Rua Itumbiara, 942, Nossa Senhora Aparecida, Uberlândia - MG, 38400-624, Brasil",Uberlândia,,MG,,38400-624,-18.90783,-48.26942,,,,,,Bancos,Demais Praças,-18.90784,-48.2694311,0.3
,,,"Avenida Quinze de Novembro, 171, Zona 1, Maringá - PR, 87013-230, Brasil",Maringá,,PR,,87013-230,-23.42392,-51.93429,,,,,,Bancos,Demais Praças,-23.4239633,-51.934338,0.3
,,,"Avenida Santos Dumont, 520, Aeroporto, Londrina - PR, 86039-090, Brasil",Londrina,,PR,,86039-090,-23.31936,-51.14759,,,,,,Bancos,Demais Praças,-23.3193549,-51.1475152,0.3
,,,"Rua Ibiporã, 448, Quebec, Londrina - PR, 86060-510, Brasil",Londrina,,PR,,86060-510,-23.3065,-51.17633,,,,,,Bancos,Demais Praças,-23.3064908,-51.1762958,0.3
,,,"Rua João Wyclif, 111, Guanabara, Londrina - PR, 86050-450, Brasil",Londrina,,PR,,86050-450,-23.33404,-51.17464,,,,,,Bancos,Demais Praças,-23.3341028,-51.1750761,0.3
,,,"Elemento Sutil, Avenida Luiz Eduardo Toledo Prado, 900, Ribeirão Preto - SP, Brasil",Ribeirão Preto,,SP,,,-21.22567,-47.83563,,,,,,Bancos,SP,-21.2257148,-47.83560079999999,0.3
,,,"Zletric, Avenida Wladimir Meirelles Ferreira, 1660, Subsetor Sul-4, Ribeirão Preto - SP, 14021-683, Brasil",Ribeirão Preto,,SP,,14021-683,-21.21044,-47.80211,,,,,,Bancos,SP,-21.2104445,-47.8021102,0.3
,,,"McDonald's, Jardim Lima, Franca - SP, 14403-117, Brasil",Franca,,SP,,14403-117,-20.55248,-47.40405,,,,,,Bancos,SP,-20.5525934,-47.4041337,0.3
,,,"Rua dos Antunes, 873, São Sebastião do Paraíso - MG, 37950-000, Brasil",São Sebastião do Paraíso,,MG,,37950-000,-20.91708,-46.99552,,,,,,Bancos,Demais Praças,-20.9170633,-46.9954881,0.3
,,,"Rua José Saretta, 105, Subsetor Sul-5, Ribeirão Preto - SP, 14026-593, Brasil",Ribeirão Preto,,SP,,14026-593,-21.22008,-47.81745,,,,,,Bancos,SP,-21.2199582,-47.8171916,0.3
,,,"Rua Alexandre Spereta, 1701, Residencial Itapuã, Franca - SP, 14406-307, Brasil",Franca,,SP,,14406-307,-20.54213,-47.43149,,,,,,Bancos,SP,-20.54216,-47.4313927,0.3
,,,"Avenida Santa Beatriz da Silva, 791, Uberaba - MG, 38050-096, Brasil",Uberaba,,MG,,38050-096,-19.76133,-47.94961,,,,,,Bancos,Demais Praças,-19.7614119,-47.9496487,0.3
,,,"Avenida Santos Dumont, 130, Uberaba - MG, 38010-370, Brasil",Uberaba,,MG,,38010-370,-19.74684,-47.93903,,,,,,Bancos,Demais Praças,-19.7468573,-47.9391141,0.3
,,,"Rua Doutor Silvério José Bernardes, 583, Uberaba - MG, 38060-470, Brasil",Uberaba,,MG,,38060-470,-19.75227,-47.9501,,,,,,Bancos,Demais Praças,-19.7523804,-47.9499751,0.3
,,,"Rua Vinte e Quatro, 3011, Ortega, Barretos - SP, 14783-235, Brasil",Barretos,,SP,,14783-235,-20.57278,-48.56171,,,,,,Bancos,SP,-20.5727108,-48.5616513,0.3
,,,"Rua Abel Pereira de Castro, 1073, Setor Central, Rio Verde - GO, 75901-060, Brasil",Rio Verde,,GO,,75901-060,-17.79417,-50.92553,,,,,,Bancos,Demais Praças,-17.7941159,-50.9255469,0.3
,,,"Rua Johen Carneiro, 395, Lídice, Uberlândia - MG, 38400-072, Brasil",Uberlândia,,MG,,38400-072,-18.92725,-48.27918,,,,,,Bancos,Demais Praças,-18.9270777,-48.2792524,0.3
,,,"Rua Arthur Vergueiro, 142, Espírito Santo do Pinhal - SP, 13990-000, Brasil",Espírito Santo do Pinhal,,SP,,13990-000,-22.18875,-46.74683,,,,,,Bancos,SP,-22.1887654,-46.7466963,0.3
,,,"Rua Ministro Salgado Filho, 479, Vila Godoy, Alfenas - MG, 37135-026, Brasil",Alfenas,,MG,,37135-026,-21.42687,-45.95381,,,,,,Bancos,Demais Praças,-21.4269051,-45.9538016,0.3
,,,"Hep Imobiliária, Rua Rafael Pereira, 1605, Mirandópolis - SP, 16800-000, Brasil",Mirandópolis,,SP,,16800-000,-21.13433,-51.10048,,,,,,Bancos,SP,-21.1343001,-51.1004691,0.3
,,,"Rua Eduardo de Oliveira, 501, Lídice, Uberlândia - MG, 38400-068, Brasil",Uberlândia,,MG,,38400-068,-18.91922,-48.2701,,,,,,Bancos,Demais Praças,-18.9191645,-48.2701234,0.3
,,,"FAST SHOP, Gávea, Uberlândia - MG, 38411-106, Brasil",Uberlândia,,MG,,38411-106,-18.9568,-48.27644,,,,,,Bancos,Demais Praças,-18.9562428,-48.2763747,0.3
,,,"Zup It Innovation, Rua Niterói, Tibery, Uberlândia - MG, 38405-178, Brasil",Uberlândia,,MG,,38405-178,-18.90825,-48.26114,,,,,,Bancos,Demais Praças,-18.9081918,-48.2613218,0.3
,,,"Avenida Washington Luiz, 442, Bosque, Presidente Prudente - SP, 19010-090, Brasil",Presidente Prudente,,SP,,19010-090,-22.12135,-51.38596,,,,,,Bancos,SP,-22.1211896,-51.3858779,0.3
,,,"Rua Duque de Caxias, 1105, Jardim Bandeirantes, Araçatuba - SP, 16015-520, Brasil",Araçatuba,,SP,,16015-520,-21.21567,-50.44071,,,,,,Bancos,SP,-21.2155919,-50.4406555,0.3
,,,"Avenida Rondon Pacheco, 3380, Cazeca, Uberlândia - MG, 38408-404, Brasil",Uberlândia,,MG,,38408-404,-18.91822,-48.26589,,,,,,Bancos,Demais Praças,-18.9183322,-48.2657402,0.3
,,,"Avenida Salomão Abrahão, 1737, Santa Mônica, Uberlândia - MG, 38408-261, Brasil",Uberlândia,,MG,,38408-261,-18.91542,-48.23837,,,,,,Bancos,Demais Praças,-18.9156855,-48.2384636,0.3
,,,"Condomínio Empresarial Torre Sul, Avenida dos Vinhedos, 71, Jardim Karaíba, Uberlândia - MG, 38411-216, Brasil",Uberlândia,,MG,,38411-216,-18.95222,-48.27162,,,,,,Bancos,Demais Praças,-18.9523777,-48.2716483,0.3
,,,"Maya Comunicacao, Avenida Sylvio della Rovere, 1048, Gaivota, São José do Rio Preto - SP, 15061-580, Brasil",São José do Rio Preto,,SP,,15061-580,-20.80909,-49.35071,,,,,,Bancos,SP,-20.8090014,-49.3508165,0.3
,,,"Psicóloga - Bárbara Maíra da Costa, Avenida das Esmeraldas, 379, Marília - SP, 17516-000, Brasil",Marília,,SP,,17516-000,-22.22078,-49.93944,,,,,,Bancos,SP,-22.2208023,-49.9394368,0.3
,,,"Rua José Garcia de Carvalho, 220, Lins - SP, 16400-460, Brasil",Lins,,SP,,16400-460,-21.6791,-49.76406,,,,,,Bancos,SP,-21.6792859,-49.7639501,0.3
,,,"Avenida Imbiara, 476, Centro, Araxá - MG, 38183-244, Brasil",Araxá,,MG,,38183-244,-19.59778,-46.94069,,,,,,Bancos,Demais Praças,-19.5977905,-46.9407298,0.3
,,,"Rua T-55, 741, Bueno, Goiânia - GO, 74215-170, Brasil",Goiânia,,GO,,74215-170,-16.70483,-49.27007,,,,,,Bancos,Demais Praças,-16.7046524,-49.2701989,0.3
,,,"Avenida Independência Quadra M, 8, Bairro Feliz, Goiânia - GO, 74633-355, Brasil",Goiânia,,GO,,74633-355,-16.66988,-49.23285,,,,,,Bancos,Demais Praças,-16.6697155,-49.23287269999999,0.3
,,,"Andrade Canguçu - Negócios Imobiliários, Avenida Deputado Jamel Cecílio, 2690, Jardim Goiás, Goiânia - GO, 74810-030, Brasil",Goiânia,,GO,,74810-030,-16.70495,-49.24081,,,,,,Bancos,Demais Praças,-16.7049919,-49.2408156,0.3
,,,"Rua Nove, Qd 8-141, Parque dos Buritis II, Rio Verde - GO, 75907-300, Brasil",Rio Verde,,GO,,75907-300,-17.81125,-50.93157,,,,,,Bancos,Demais Praças,-17.8112208,-50.9315222,0.3
,,,"Avenida Euclides Miragaia, 1225, Centro, Birigui - SP, 16200-130, Brasil",Birigui,,SP,,16200-130,-21.30172,-50.33872,,,,,,Bancos,SP,-21.3018023,-50.33879599999999,0.3
,,,"Avenida da Saudade, 3766, Santa Cruz, São José do Rio Preto - SP, 15014-020, Brasil",São José do Rio Preto,,SP,,15014-020,-20.81509,-49.37422,,,,,,Bancos,SP,-20.8151364,-49.3742825,0.3
,,,"Avenida 20 de Agosto, 5, Residencial Vale do Pirapitinga, Catalão - GO, 75701-100, Brasil",Catalão,,GO,,75701-100,-18.17896,-47.95549,,,,,,Bancos,Demais Praças,-18.1789118,-47.9556128,0.3
,,,"Rua Maria S. Romeu, 18, São Domingos, São Paulo - SP, 05159-010, Brasil",São Paulo,,SP,,05159-010,-23.48722,-46.74802,,,,,,Bancos,SP,-23.4871505,-46.7480205,0.3
,,,"Rua Francisco Pereira da Silva, 145, Pimentas, Guarulhos - SP, 07273-520, Brasil",Guarulhos,,SP,,07273-520,-23.46294,-46.42028,,,,,,Bancos,SP,-23.4627201,-46.4202746,0.3
,,,"Avenida Quatorze de Dezembro, 167, Centro, Caieiras - SP, 07700-175, Brasil",Caieiras,,SP,,07700-175,-23.36079,-46.7457,,,,,,Bancos,SP,-23.3608063,-46.7456793,0.3
,,,"Kairós R H, Avenida Cauaxi, 293, Alphaville, Barueri - SP, 06454-010, Brasil",Barueri,,SP,,06454-010,-23.49465,-46.85138,,,,,,Bancos,SP,-23.4944863,-46.8515509,0.3
,,,"Vlr Infra-Estrutura Urbana, Alameda Rio Negro, 585, Alphaville, Barueri - SP, 06454-000, Brasil",Barueri,,SP,,06454-000,-23.50123,-46.84844,,,,,,Bancos,SP,-23.5013965,-46.8487154,0.3
,,,"Estrada Municipal Bela Vista, 2500, Ipanema, Santana de Parnaíba - SP, 06539-010, Brasil",Santana de Parnaíba,,SP,,06539-010,-23.45322,-46.89721,,,,,,Bancos,SP,-23.4531211,-46.8972439,0.3
,,,"Correios, Avenida Yojiro Takaoka, Alphaville, Santana de Parnaíba - SP, 06541-038, Brasil",Santana de Parnaíba,,SP,,06541-038,-23.46423,-46.87129,,,,,,Bancos,SP,-23.4641575,-46.87119879999999,0.3
,,,"Banco do Brasil, Rua Tenente Avelar Pires Azevedo, Centro, Osasco - SP, 06016-060, Brasil",Osasco,,SP,,06016-060,-23.52924,-46.779,,,,,,Bancos,SP,-23.5290737,-46.7791192,0.3
,,,"Avenida Juruá, 376, Alphaville, Barueri - SP, 06455-010, Brasil",Barueri,,SP,,06455-010,-23.4997,-46.85496,,,,,,Bancos,SP,-23.4996616,-46.85495479999999,0.3
,,,"Reachlocal Brasil Serviços Online de Marketing, Alameda Xingu, 350, Alphaville, Barueri - SP, 06455-030, Brasil",Barueri,,SP,,06455-030,-23.50495,-46.84921,,,,,,Bancos,SP,-23.5048746,-46.8492622,0.3
,,,"Barcia Nunes Arquitetura e Interiores, Avenida Deputado Jamel Cecílio, Jardim Goiás, Goiânia - GO, 74810-100, Brasil",Goiânia,,GO,,74810-100,-16.70492,-49.24097,,,,,,Bancos,Demais Praças,-16.7049932,-49.2410533,0.3
,,,"Avenida Afonso Pena, 2240, Itumbiara - GO, 75516-010, Brasil",Itumbiara,,GO,,75516-010,-18.40108,-49.20417,,,,,,Bancos,Demais Praças,-18.4012193,-49.2041963,0.3
,,,"Rua Quatorze, 16-13, Jardim Goiás, Goiânia - GO, 74810-180, Brasil",Goiânia,,GO,,74810-180,-16.70312,-49.23304,,,,,,Bancos,Demais Praças,-16.7031375,-49.23311229999999,0.3
,,,"Avenida Comendador Luciano Guidotti, 1070, Verde, Piracicaba - SP, 13425-000, Brasil",Piracicaba,,SP,,13425-000,-22.74666,-47.63898,,,,,,Bancos,SP,-22.746629,-47.638872,0.3
,,,"Rua Ernest Mahle, 281, Nova Piracicaba, Piracicaba - SP, 13405-342, Brasil",Piracicaba,,SP,,13405-342,-22.70445,-47.67173,,,,,,Bancos,SP,-22.704497,-47.6716849,0.3
,,,"Rua Adalberto Ferraz, 299, Pouso Alegre - MG, 37550-104, Brasil",Pouso Alegre,,MG,,37550-104,-22.23236,-45.9359,,,,,,Bancos,Demais Praças,-22.2323685,-45.9358521,0.3
,,,"Ceasa, Pouso Alegre - MG, 37550-000, Brasil",Pouso Alegre,,MG,,37550-000,-22.22459,-45.92295,,,,,,Bancos,Demais Praças,-22.2246364,-45.9229274,0.3
,,,"Rodovia Fernão Dias, Extrema - MG, 37640-000, Brasil",Extrema,,MG,,37640-000,-22.80963,-46.28059,,,,,,Bancos,Demais Praças,-22.8089734,-46.28132919999999,0.3
,,,"Avenida Coronel José Vicente, 262A, Lorena - SP, 12608-000, Brasil",Lorena,,SP,,12608-000,-22.73396,-45.12433,,,,,,Bancos,SP,-22.7339275,-45.1244384,0.3
,,,"Rua Doutor Mello Nogueira, 106, Casa Verde, São Paulo - SP, 02510-040, Brasil",São Paulo,,SP,,02510-040,-23.51395,-46.65257,,,,,,Bancos,SP,-23.513713,-46.65251929999999,0.3
,,,"Iphone Dreams, Avenida Hilário Pereira de Souza, 406, Industrial Autonomistas, Osasco - SP, 06010-170, Brasil",Osasco,,SP,,06010-170,-23.53421,-46.77105,,,,,,Bancos,SP,-23.534118,-46.7709517,0.3
,,,"Rua Coronel José Eusébio, 141, Consolação, São Paulo - SP, 01239-030, Brasil",São Paulo,,SP,,01239-030,-23.55138,-46.65953,,,,,,Bancos,SP,-23.5514487,-46.659621,0.3
,,,"Rua Padre João Gonçalves, 137, Pinheiros, São Paulo - SP, 05432-040, Brasil",São Paulo,,SP,,05432-040,-23.55976,-46.68801,,,,,,Bancos,SP,-23.5597164,-46.6880278,0.3
,,,"Avenida José César de Oliveira, 111, Vila Leopoldina, São Paulo - SP, 05317-000, Brasil",São Paulo,,SP,,05317-000,-23.5398,-46.73376,,,,,,Bancos,SP,-23.5400283,-46.73425,0.3
,,,"Ponto De Carregamento Para Veículos Elétricos, Avenida Angélica, 2529, Consolação, São Paulo - SP, 01228-100, Brasil",São Paulo,,SP,,01228-100,-23.55417,-46.6622,,,,,,Bancos,SP,-23.5543397,-46.6621038,0.3
,,,"Park Station Estacione, Barra Funda, São Paulo - SP, 01139-000, Brasil",São Paulo,,SP,,01139-000,-23.52151,-46.66026,,,,,,Bancos,SP,-23.5214468,-46.6603855,0.3
,,,"Viela Ouro, Picanço, Guarulhos - SP, 07081-290, Brasil",Guarulhos,,SP,,07081-290,-23.44299,-46.55781,,,,,,Bancos,SP,-23.4430177,-46.5577951,0.3
,,,"Kairós R H, Avenida Cauaxi, 293, Alphaville, Barueri - SP, 06454-010, Brasil",Barueri,,SP,,06454-010,-23.49465,-46.85138,,,,,,Bancos,SP,-23.4945128,-46.8514638,0.3
,,,"Rua Walt Disney, 51, Bosque, Campinas - SP, 13026-005, Brasil",Campinas,,SP,,13026-005,-22.91291,-47.05497,,,,,,Bancos,SP,-22.9128823,-47.054982,0.3
,,,"Calçada das Hortências, 21, Alphaville, Barueri - SP, 06453-017, Brasil",Barueri,,SP,,06453-017,-23.49625,-46.8529,,,,,,Bancos,SP,-23.4962718,-46.8528949,0.3
,,,"Monet Odontologia, Rua João Huss, 500, Palhano, Londrina - PR, 86050-490, Brasil",Londrina,,PR,,86050-490,-23.3297,-51.17776,,,,,,Bancos,Demais Praças,-23.3297206,-51.1777139,0.3
,,,"Smilink, Estrada União e Indústria, 10395, Itaipava, Petrópolis - RJ, 25750-226, Brasil",Petrópolis,,RJ,,25750-226,-22.39856,-43.13401,,,,,,Bancos,Demais Praças,-22.3985702,-43.1340307,0.3
,,,"Rua Coronel Veiga, 1801, Petrópolis - RJ, 25655-158, Brasil",Petrópolis,,RJ,,25655-158,-22.53233,-43.19971,,,,,,Bancos,Demais Praças,-22.5324473,-43.1999527,0.3
,,,"Terminal de Carregamento EV, Avenida Independência, 3800, São Mateus, Juiz de Fora - MG, 36025-320, Brasil",Juiz de Fora,,MG,,36025-320,-21.78112,-43.36143,,,,,,Bancos,Demais Praças,-21.7812076,-43.3613731,0.3
,,,"Rua Sampaio, 340, Centro, Juiz de Fora - MG, 36010-359, Brasil",Juiz de Fora,,MG,,36010-359,-21.76638,-43.34609,,,,,,Bancos,Demais Praças,-21.7662074,-43.3461249,0.3
,,,"Espaço Luz de Maria, Rua Ataliba de Barros, São Mateus, Juiz de Fora - MG, 36025-275, Brasil",Juiz de Fora,,MG,,36025-275,-21.78153,-43.35897,,,,,,Bancos,Demais Praças,-21.7813881,-43.35918239999999,0.3
,,,"Rua Candelária, 106, Centro, Rio de Janeiro - RJ, 20091-020, Brasil",Rio de Janeiro,,RJ,,20091-020,-22.89849,-43.17799,,,,,,Bancos,Demais Praças,-22.898509,-43.1779926,0.3
,,,"Rua Teófilo Otoni, 15, Centro, Rio de Janeiro - RJ, 20090-070, Brasil",Rio de Janeiro,,RJ,,20090-070,-22.89981,-43.17673,,,,,,Bancos,Demais Praças,-22.8997984,-43.176722,0.3
,,,"Midas Medicina e Estética, Avenida Nilo Peçanha, 50, Centro, Rio de Janeiro - RJ, 20020-100, Brasil",Rio de Janeiro,,RJ,,20020-100,-22.90619,-43.17759,,,,,,Bancos,Demais Praças,-22.9062518,-43.1775724,0.3
,,,"Bernardo Pl Gomes, Praia de Botafogo, 228, Botafogo, Rio de Janeiro - RJ, Brasil",Rio de Janeiro,,RJ,,,-22.94233,-43.18155,,,,,,Bancos,Demais Praças,-22.942312,-43.1815818,0.3
,,,"Avenida Rio Branco, 108, Centro, Rio de Janeiro - RJ, 20040-005, Brasil",Rio de Janeiro,,RJ,,20040-005,-22.90406,-43.17822,,,,,,Bancos,Demais Praças,-22.9041278,-43.1782069,0.3
,,,"Espaço Luz de Maria, Rua Ataliba de Barros, São Mateus, Juiz de Fora - MG, 36025-275, Brasil",Juiz de Fora,,MG,,36025-275,-21.78153,-43.35897,,,,,,Bancos,Demais Praças,-21.7813881,-43.35918239999999,0.3
,,,"Avenida Rui Barbosa, 29, São Francisco, Niterói - RJ, 24360-440, Brasil",Niterói,,RJ,,24360-440,-22.92036,-43.0931,,,,,,Bancos,Demais Praças,-22.9203786,-43.0931279,0.3
,,,"Avenida Rio Branco, 123, Centro, Rio de Janeiro - RJ, 20040-001, Brasil",Rio de Janeiro,,RJ,,20040-001,-22.90375,-43.17788,,,,,,Bancos,Demais Praças,-22.9037501,-43.17789399999999,0.3
,,,"Vet Staff, Rua Almirante Pereira Guimarães, 65, Leblon, Rio de Janeiro - RJ, 22440-005, Brasil",Rio de Janeiro,,RJ,,22440-005,-22.98408,-43.21711,,,,,,Bancos,Demais Praças,-22.9841293,-43.2171098,0.3
,,,"Avenida Ataulfo de Paiva, 153, Leblon, Rio de Janeiro - RJ, 22440-033, Brasil",Rio de Janeiro,,RJ,,22440-033,-22.98387,-43.21751,,,,,,Bancos,Demais Praças,-22.9840043,-43.2174534,0.3
,,,"Rua Sete de Setembro, 92, Centro, Rio de Janeiro - RJ, 20050-002, Brasil",Rio de Janeiro,,RJ,,20050-002,-22.90522,-43.17826,,,,,,Bancos,Demais Praças,-22.9051376,-43.17828799999999,0.3
,,,"Rua Garça, Barra da Tijuca, Rio de Janeiro - RJ, 23064-250, Brasil",Rio de Janeiro,,RJ,,23064-250,-22.99811,-43.33746,,,,,,Bancos,Demais Praças,-22.9981232,-43.3372362,0.3
,,,"Rua Ulhôa Cintra, 88, Centro, Piracicaba - SP, 13400-430, Brasil",Piracicaba,,SP,,13400-430,-22.72604,-47.65419,,,,,,Bancos,SP,-22.7260217,-47.6541989,0.3
,,,"Rua das Azaléias, 100, Nova Piracicaba, Piracicaba - SP, 13405-083, Brasil",Piracicaba,,SP,,13405-083,-22.71743,-47.67373,,,,,,Bancos,SP,-22.7174449,-47.673754,0.3
,,,"Rua Jarbas Guimarães, 246, Avenida, Itajubá - MG, 37504-022, Brasil",Itajubá,,MG,,37504-022,-22.43181,-45.46421,,,,,,Bancos,Demais Praças,-22.4317713,-45.4642551,0.3
,,,"Maria Cristina Lourenço, Alameda Afonso Schmidt, 127, Santana, São Paulo - SP, 02450-001, Brasil",São Paulo,,SP,,02450-001,-23.49936,-46.63768,,,,,,Bancos,SP,-23.4993289,-46.637764,0.3
,,,"Avenida Santo Antônio, 1436, Vila Osasco, Osasco - SP, 06083-210, Brasil",Osasco,,SP,,06083-210,-23.54006,-46.77953,,,,,,Bancos,SP,-23.5398373,-46.7791888,0.3
,,,"Rua José Francisco Alves, 379F, Vila Ema, São José dos Campos - SP, 12243-060, Brasil",São José dos Campos,,SP,,12243-060,-23.20532,-45.90316,,,,,,Bancos,SP,-23.2052401,-45.9030553,0.3
,,,"Rua São Justiniano, 124, Vila Leopoldina, São Paulo - SP, 05303-110, Brasil",São Paulo,,SP,,05303-110,-23.53532,-46.72457,,,,,,Bancos,SP,-23.5353631,-46.72458719999999,0.3
,,,"Kpv Serviços de Apoio Administrativo, Avenida Paulista, 1842, Bela Vista, São Paulo - SP, 01410-000, Brasil",São Paulo,,SP,,01410-000,-23.55961,-46.65792,,,,,,Bancos,SP,-23.5596982,-46.6579321,0.3
,,,"Rua Platina, 886, Tatuapé, São Paulo - SP, 03308-010, Brasil",São Paulo,,SP,,03308-010,-23.54019,-46.56677,,,,,,Bancos,SP,-23.5402836,-46.56661940000001,0.3
,,,"Avenida Paulista, 1159, Jardim Paulista, São Paulo - SP, 01311-200, Brasil",São Paulo,,SP,,01311-200,-23.56439,-46.65344,,,,,,Bancos,SP,-23.5643576,-46.6534319,0.3
,,,"Rua da Amizade, 30, Maria Joaquina, Cabo Frio - RJ, 28928-724, Brasil",Cabo Frio,,RJ,,28928-724,-22.72793,-41.989,,,,,,Bancos,Demais Praças,-22.7278202,-41.9891306,0.3
,,,"Rua Barão do Rio Branco, 25, São Bento, Cabo Frio - RJ, 28906-170, Brasil",Cabo Frio,,RJ,,28906-170,-22.8772,-42.01319,,,,,,Bancos,Demais Praças,-22.8770955,-42.0132329,0.3
,,,"Rua José Tessarollo Santos, 14, Nova Friburgo - RJ, 28625-140, Brasil",Nova Friburgo,,RJ,,28625-140,-22.28896,-42.53487,,,,,,Bancos,Demais Praças,-22.2889658,-42.5349192,0.3
,,,"Avenida Ézio Cardoso da Fonseca, 565, Jardim Esperança, Cabo Frio - RJ, 28920-000, Brasil",Cabo Frio,,RJ,,28920-000,-22.83695,-42.02869,,,,,,Bancos,Demais Praças,-22.8368875,-42.0286401,0.3
,,,"Avenida Brasil, 141, Centro, Araruama - RJ, 28970-000, Brasil",Araruama,,RJ,,28970-000,-22.87182,-42.33401,,,,,,Bancos,Demais Praças,-22.8718947,-42.3342044,0.3
,,,"Avenida Victor Rocha, 580, Parque Burle, Cabo Frio - RJ, 28913-000, Brasil",Cabo Frio,,RJ,,28913-000,-22.88696,-42.04382,,,,,,Bancos,Demais Praças,-22.8869809,-42.0437101,0.3
,,,"Empório Brew, Nova Friburgo - RJ, 28623-020, Brasil",Nova Friburgo,,RJ,,28623-020,-22.28993,-42.53711,,,,,,Bancos,Demais Praças,-22.290009,-42.5371696,0.3
,,,"Rua Alfredo Backer, 353, Centro, Macaé - RJ, 27910-190, Brasil",Macaé,,RJ,,27910-190,-22.37238,-41.78321,,,,,,Bancos,Demais Praças,-22.3723436,-41.7831637,0.3
,,,"Rua Cinco de Julho, 226, Icaraí, Niterói - RJ, 24220-111, Brasil",Niterói,,RJ,,24220-111,-22.90607,-43.1059,,,,,,Bancos,Demais Praças,-22.9060615,-43.105922,0.3
,,,"Avenida Ataulfo de Paiva, 1079, Leblon, Rio de Janeiro - RJ, 22440-034, Brasil",Rio de Janeiro,,RJ,,22440-034,-22.98539,-43.22613,,,,,,Bancos,Demais Praças,-22.9854785,-43.2260598,0.3
,,,"Kairós R H, Avenida Cauaxi, 293, Alphaville, Barueri - SP, 06454-010, Brasil",Barueri,,SP,,06454-010,-23.49465,-46.85138,,,,,,Bancos,SP,-23.4944863,-46.8515509,0.3
,,,"Banca Alpha Graciosa, Alphaville, Barueri - SP, 06473-000, Brasil",Barueri,,SP,,06473-000,-23.48662,-46.86095,,,,,,Bancos,SP,-23.4867605,-46.8612422,0.3
,,,"EZvolt, Avenida Marquês de São Vicente, 230, Barra Funda, São Paulo - SP, 01139-001, Brasil",São Paulo,,SP,,01139-001,-23.52162,-46.66221,,,,,,Bancos,SP,-23.5216866,-46.6621582,0.3
,,,"Rua da Alfândega, 24, Centro, Rio de Janeiro - RJ, 20070-000, Brasil",Rio de Janeiro,,RJ,,20070-000,-22.9013,-43.17729,,,,,,Bancos,Demais Praças,-22.9013614,-43.17722879999999,0.3
,,,"Editora Cândido, Avenida Franklin Roosevelt, Centro, Rio de Janeiro - RJ, 20021-120, Brasil",Rio de Janeiro,,RJ,,20021-120,-22.90954,-43.16985,,,,,,Bancos,Demais Praças,-22.9096022,-43.1698311,0.3
,,,"Rua Lopes Quintas, 187, Jardim Botânico, Rio de Janeiro - RJ, 22460-010, Brasil",Rio de Janeiro,,RJ,,22460-010,-22.96471,-43.22039,,,,,,Bancos,Demais Praças,-22.9647906,-43.2203482,0.3
,,,"Rua Nascimento Silva, 448, Ipanema, Rio de Janeiro - RJ, 22421-026, Brasil",Rio de Janeiro,,RJ,,22421-026,-22.98171,-43.21001,,,,,,Bancos,Demais Praças,-22.9816578,-43.2100362,0.3
,,,"Thalita Galhardo Nutricionista, Avenida das Américas, 3500, Barra da Tijuca, Rio de Janeiro - RJ, 22640-102, Brasil",Rio de Janeiro,,RJ,,22640-102,-22.99941,-43.34822,,,,,,Bancos,Demais Praças,-22.9994579,-43.3482064,0.3
,,,"EZvolt, Rua Jardim Botânico, 657, Lagoa, Rio de Janeiro - RJ, 22461-000, Brasil",Rio de Janeiro,,RJ,,22461-000,-22.9649,-43.21779,,,,,,Bancos,Demais Praças,-22.9649023,-43.2177873,0.3
,,,"Rua Trinta e Três, 117, Vila Santa Cecília, Volta Redonda - RJ, 27259-350, Brasil",Volta Redonda,,RJ,,27259-350,-22.52126,-44.10301,,,,,,Bancos,Demais Praças,-22.5212672,-44.1028943,0.3
,,,"Rua Rodolfo Albino, 39, Leblon, Rio de Janeiro - RJ, 22450-020, Brasil",Rio de Janeiro,,RJ,,22450-020,-22.98445,-43.22793,,,,,,Bancos,Demais Praças,-22.9845227,-43.2279439,0.3
,,,"Alpha Games, Avenida Rio Branco, 156, Centro, Rio de Janeiro - RJ, 20050-006, Brasil",Rio de Janeiro,,RJ,,20050-006,-22.90564,-43.17829,,,,,,Bancos,Demais Praças,-22.9055338,-43.1782834,0.3
,,,"Downtown-Leste, Barra da Tijuca, Rio de Janeiro - RJ, Brasil",Rio de Janeiro,,RJ,,,-23.00367,-43.31729,,,,,,Bancos,Demais Praças,-23.003714,-43.317332,0.3
,,,"Avenida Pastor Martin Luther King Júnior, 10185, Coelho Neto, Rio de Janeiro - RJ, 21530-015, Brasil",Rio de Janeiro,,RJ,,21530-015,-22.83183,-43.34402,,,,,,Bancos,Demais Praças,-22.8318522,-43.3439323,0.3
,,,"Shopping Open Mall, Avenida das Américas, 7907, Barra da Tijuca, Rio de Janeiro - RJ, 22793-700, Brasil",Rio de Janeiro,,RJ,,22793-700,-23.00155,-43.38816,,,,,,Bancos,Demais Praças,-23.0015072,-43.3880879,0.3
,,,"Praia de Botafogo, 228, Botafogo, Rio de Janeiro - RJ, 22250-145, Brasil",Rio de Janeiro,,RJ,,22250-145,-22.94258,-43.1813,,,,,,Bancos,Demais Praças,-22.9424961,-43.181369,0.3
,,,"Rua Um, 175, Inoã, Maricá - RJ, 24942-545, Brasil",Maricá,,RJ,,24942-545,-22.9162,-42.93133,,,,,,Bancos,Demais Praças,-22.9161313,-42.9312703,0.3
,,,"Batata Bowl Sports Center, Rua Sargento Cunha, 55, Vale dos Bandeirantes, Juiz de Fora - MG, 36047-010, Brasil",Juiz de Fora,,MG,,36047-010,-21.72708,-43.35649,,,,,,Bancos,Demais Praças,-21.727033,-43.3564844,0.3
,,,"Rua Antônio Rufino, 232, São Pedro, Juiz de Fora - MG, 36037-130, Brasil",Juiz de Fora,,MG,,36037-130,-21.77132,-43.37418,,,,,,Bancos,Demais Praças,-21.7713115,-43.3741033,0.3
,,,"Praça Doutor Último Carvalho, 11, Rio Pomba - MG, 36180-000, Brasil",Rio Pomba,,MG,,36180-000,-21.27465,-43.18034,,,,,,Bancos,Demais Praças,-21.2746692,-43.1803766,0.3
,,,"Agência Corpo, Barra da Tijuca, Rio de Janeiro - RJ, 22775-057, Brasil",Rio de Janeiro,,RJ,,22775-057,-22.98509,-43.35878,,,,,,Bancos,Demais Praças,-22.9849673,-43.3587183,0.3
,,,"Essendi Clínica, Barra da Tijuca, Rio de Janeiro - RJ, 22640-100, Brasil",Rio de Janeiro,,RJ,,22640-100,-22.99769,-43.34639,,,,,,Bancos,Demais Praças,-22.9980045,-43.34630970000001,0.3
,,,"Bob's, Avenida Nilo Peçanha, Centro, Rio de Janeiro - RJ, 20020-100, Brasil",Rio de Janeiro,,RJ,,20020-100,-22.90668,-43.17681,,,,,,Bancos,Demais Praças,-22.9066934,-43.1768455,0.3
,,,"Avenida Ataulfo de Paiva, 204, Leblon, Rio de Janeiro - RJ, 22440-032, Brasil",Rio de Janeiro,,RJ,,22440-032,-22.98349,-43.21805,,,,,,Bancos,Demais Praças,-22.9833731,-43.2180252,0.3
,,,"Avenida Almirante Barroso, 81, Centro, Rio de Janeiro - RJ, 20031-004, Brasil",Rio de Janeiro,,RJ,,20031-004,-22.90739,-43.1752,,,,,,Bancos,Demais Praças,-22.9073392,-43.175273,0.3
,,,"Pizza Hut, Rua Quinze de Novembro, Centro, Niterói - RJ, 24020-125, Brasil",Niterói,,RJ,,24020-125,-22.89686,-43.12368,,,,,,Bancos,Demais Praças,-22.896859,-43.1236835,0.3
,,,"Avenida Ataulfo de Paiva, 980, Leblon, Rio de Janeiro - RJ, 22440-033, Brasil",Rio de Janeiro,,RJ,,22440-033,-22.98472,-43.22523,,,,,,Bancos,Demais Praças,-22.9846272,-43.2252337,0.3
,,,"Pet Harmony, Avenida das Américas, 8445, Barra da Tijuca, Rio de Janeiro - RJ, 22793-296, Brasil",Rio de Janeiro,,RJ,,22793-296,-23.00103,-43.39428,,,,,,Bancos,Demais Praças,-23.0010479,-43.3943072,0.3
,,,"Avenida Ataulfo de Paiva, 1098, Leblon, Rio de Janeiro - RJ, 22440-035, Brasil",Rio de Janeiro,,RJ,,22440-035,-22.98508,-43.22626,,,,,,Bancos,Demais Praças,-22.9849701,-43.2262491,0.3
,,,"Boulevard Vinte e Oito de Setembro, 271, Vila Isabel, Rio de Janeiro - RJ, 20551-030, Brasil",Rio de Janeiro,,RJ,,20551-030,-22.91568,-43.24436,,,,,,Bancos,Demais Praças,-22.9156305,-43.2443482,0.3
,,,"Wolff Sociedade de Advogados, Avenida das Américas, Barra da Tijuca, Rio de Janeiro - RJ, 22640-102, Brasil",Rio de Janeiro,,RJ,,22640-102,-22.99938,-43.34777,,,,,,Bancos,Demais Praças,-22.9994546,-43.3477264,0.3
,,,"Rua do Passeio, Centro, Rio de Janeiro - RJ, 20021-290, Brasil",Rio de Janeiro,,RJ,,20021-290,-22.91395,-43.17784,,,,,,Bancos,Demais Praças,-22.9139437,-43.1778894,0.3
,,,"Centro Empresarial Mourisco, Praia de Botafogo, 501, Botafogo, Rio de Janeiro - RJ, 22250-150, Brasil",Rio de Janeiro,,RJ,,22250-150,-22.95046,-43.18076,,,,,,Bancos,Demais Praças,-22.9505072,-43.1807382,0.3
,,,"Rua Porto Vitória, 161, Curicica, Rio de Janeiro - RJ, 22710-033, Brasil",Rio de Janeiro,,RJ,,22710-033,-22.93906,-43.37999,,,,,,Bancos,Demais Praças,-22.939038,-43.3800082,0.3
,,,"Rua Araújo Lima, 124, Vila Isabel, Rio de Janeiro - RJ, 20541-050, Brasil",Rio de Janeiro,,RJ,,20541-050,-22.92167,-43.24179,,,,,,Bancos,Demais Praças,-22.9216628,-43.2418416,0.3
,,,"Rua Quintino André Senos, 40, Jardim Olinda, Cabo Frio - RJ, 28911-037, Brasil",Cabo Frio,,RJ,,28911-037,-22.88854,-42.04591,,,,,,Bancos,Demais Praças,-22.8886065,-42.0459363,0.3
,,,"Avenida dos Pescadores, 650, Peró, Cabo Frio - RJ, 28922-175, Brasil",Cabo Frio,,RJ,,28922-175,-22.8638,-41.98815,,,,,,Bancos,Demais Praças,-22.8637744,-41.9881775,0.3
,,,"Zletric, Praia de Botafogo, 300, Botafogo, Rio de Janeiro - RJ, 22251-040, Brasil",Rio de Janeiro,,RJ,,22251-040,-22.94433,-43.18256,,,,,,Bancos,Demais Praças,-22.9443311,-43.1825559,0.3
,,,"Oliveira Nunes Advocacia e Consultoria, Rua da Assembléia, 10, Centro, Rio de Janeiro - RJ, 20011-000, Brasil",Rio de Janeiro,,RJ,,20011-000,-22.90422,-43.1752,,,,,,Bancos,Demais Praças,-22.9042323,-43.1752459,0.3
,,,"MITSUBISHI Corporation of Brazil S. A., Praia de Botafogo, 228, Botafogo, Rio de Janeiro - RJ, 22250-145, Brasil",Rio de Janeiro,,RJ,,22250-145,-22.94207,-43.1813,,,,,,Bancos,Demais Praças,-22.942242,-43.18133,0.3
,,,"Rua Aldo Bussade, 14, Niterói, Itaperuna - RJ, 28300-000, Brasil",Itaperuna,,RJ,,28300-000,-21.21003,-41.89495,,,,,,Bancos,Demais Praças,-21.2100042,-41.8950075,0.3
,,,"Rua Presidente Artur Bernardes, 199, Muriaé - MG, 36880-000, Brasil",Muriaé,,MG,,36880-000,-21.13031,-42.36905,,,,,,Bancos,Demais Praças,-21.1303433,-42.36915219999999,0.3
,,,"Rua Voluntários da Pátria, 502, Parque Avenida Pelinca, Campos dos Goytacazes - RJ, 28030-260, Brasil",Campos dos Goytacazes,,RJ,,28030-260,-21.7617,-41.33266,,,,,,Bancos,Demais Praças,-21.7615646,-41.3327626,0.3
,,,"Rua Almirante Greenhalgh, 86, Parque Tamandaré, Campos dos Goytacazes - RJ, 28035-025, Brasil",Campos dos Goytacazes,,RJ,,28035-025,-21.75729,-41.33972,,,,,,Bancos,Demais Praças,-21.7571426,-41.3397655,0.3
,,,"Rua Voluntários da Pátria, 514, Parque Avenida Pelinca, Campos dos Goytacazes - RJ, 28030-260, Brasil",Campos dos Goytacazes,,RJ,,28030-260,-21.76196,-41.33274,,,,,,Bancos,Demais Praças,-21.7619443,-41.3328344,0.3
,,,"Avenida Vicentina de Barros, 674, Viçosa - MG, 36572-146, Brasil",Viçosa,,MG,,36572-146,-20.76337,-42.89055,,,,,,Bancos,Demais Praças,-20.7633608,-42.8905934,0.3
,,,"Avenida Cardoso Moreira, 897, Centro, Itaperuna - RJ, 28300-000, Brasil",Itaperuna,,RJ,,28300-000,-21.20326,-41.8922,,,,,,Bancos,Demais Praças,-21.203276,-41.892226,0.3
,,,"Egídio da Silva Santana, Avenida Prefeito Telésforo Cândido Rezende, 480, Conselheiro Lafaiete - MG, 36400-076, Brasil",Conselheiro Lafaiete,,MG,,36400-076,-20.65829,-43.78505,,,,,,Bancos,Demais Praças,-20.6580857,-43.7851613,0.3
,,,"Rua dos Aimorés, 2011, Lourdes, Belo Horizonte - MG, 30140-074, Brasil",Belo Horizonte,,MG,,30140-074,-19.92736,-43.94301,,,,,,Bancos,Demais Praças,-19.9273635,-43.9429755,0.3
,,,"Rua Gonçalves Dias, 2122, Lourdes, Belo Horizonte - MG, 30140-092, Brasil",Belo Horizonte,,MG,,30140-092,-19.92928,-43.94458,,,,,,Bancos,Demais Praças,-19.929201,-43.9445402,0.3
,,,"Avenida Olegário Maciel, 1217, Lourdes, Belo Horizonte - MG, 30180-111, Brasil",Belo Horizonte,,MG,,30180-111,-19.92485,-43.94549,,,,,,Bancos,Demais Praças,-19.9248458,-43.9454984,0.3
,,,"Avenida Cristóvão Colombo, 485, Savassi, Belo Horizonte - MG, 30140-150, Brasil",Belo Horizonte,,MG,,30140-150,-19.93622,-43.93716,,,,,,Bancos,Demais Praças,-19.9361577,-43.9371775,0.3
,,,"Rua Desembargador Jorge Fontana, 498, Belvedere, Belo Horizonte - MG, 30320-670, Brasil",Belo Horizonte,,MG,,30320-670,-19.97626,-43.94443,,,,,,Bancos,Demais Praças,-19.9762567,-43.9444798,0.3
,,,"Rua Roma, 99, Das Mansões, Belo Horizonte - MG, 31550-470, Brasil",Belo Horizonte,,MG,,31550-470,-19.97016,-43.95554,,,,,,Bancos,Demais Praças,-19.9701432,-43.9555225,0.3
,,,"Rua Santa Catarina, 1541A, Lourdes, Belo Horizonte - MG, 30170-088, Brasil",Belo Horizonte,,MG,,30170-088,-19.93429,-43.94673,,,,,,Bancos,Demais Praças,-19.9342364,-43.9467348,0.3
,,,"Rua Antônio de Albuquerque, 344L, Savassi, Belo Horizonte - MG, 30112-010, Brasil",Belo Horizonte,,MG,,30112-010,-19.93837,-43.93362,,,,,,Bancos,Demais Praças,-19.9383117,-43.9336441,0.3
,,,"Avenida Nossa Senhora das Graças, 16, Ponte Nova - MG, 35430-214, Brasil",Ponte Nova,,MG,,35430-214,-20.40599,-42.89104,,,,,,Bancos,Demais Praças,-20.4059798,-42.8909955,0.3
,,,"Rua Professor Abeylard, 884, Sete Lagoas - MG, 35700-652, Brasil",Sete Lagoas,,MG,,35700-652,-19.44868,-44.24538,,,,,,Bancos,Demais Praças,-19.4486772,-44.2453099,0.3
,,,"Avenida Divino Espírito Santo, 1161, Divinópolis - MG, 35500-021, Brasil",Divinópolis,,MG,,35500-021,-20.13534,-44.89541,,,,,,Bancos,Demais Praças,-20.1353436,-44.8954244,0.3
,,,"Avenida Governador Valadares, 510, Centro, Betim - MG, 32600-135, Brasil",Betim,,MG,,32600-135,-19.96911,-44.19733,,,,,,Bancos,Demais Praças,-19.9691587,-44.1974181,0.3
,,,"Rua Virgílio da Costa Correa, 90, Letícia, Belo Horizonte - MG, 31570-410, Brasil",Belo Horizonte,,MG,,31570-410,-19.80471,-43.97553,,,,,,Bancos,Demais Praças,-19.8047499,-43.97559450000001,0.3
,,,"Avenida Bias Fortes, 359, Lourdes, Belo Horizonte - MG, 30170-011, Brasil",Belo Horizonte,,MG,,30170-011,-19.93013,-43.94083,,,,,,Bancos,Demais Praças,-19.9301744,-43.9407684,0.3
,,,"Rua Antônio de Albuquerque, 399, Savassi, Belo Horizonte - MG, 30112-010, Brasil",Belo Horizonte,,MG,,30112-010,-19.93861,-43.93448,,,,,,Bancos,Demais Praças,-19.93863,-43.9344659,0.3
,,,"Rua da Bahia, 2696, Lourdes, Belo Horizonte - MG, 30160-019, Brasil",Belo Horizonte,,MG,,30160-019,-19.93854,-43.94144,,,,,,Bancos,Demais Praças,-19.9385445,-43.9414648,0.3
,,,"Avenida João Chaves, 546, São Norberto, Montes Claros - MG, 39401-048, Brasil",Montes Claros,,MG,,39401-048,-16.7286,-43.88037,,,,,,Bancos,Demais Praças,-16.7285412,-43.8803331,0.3
,,,"Rua Bernardo Guimarães, 178, Funcionários, Belo Horizonte - MG, 30140-080, Brasil",Belo Horizonte,,MG,,30140-080,-19.93237,-43.92623,,,,,,Bancos,Demais Praças,-19.9324431,-43.9262144,0.3
,,,"Avenida Barbacena, 1205, Santo Agostinho, Belo Horizonte - MG, 30190-131, Brasil",Belo Horizonte,,MG,,30190-131,-19.92852,-43.95003,,,,,,Bancos,Demais Praças,-19.9285965,-43.94992420000001,0.3
,,,"Rua Antônio de Albuquerque, 263, Savassi, Belo Horizonte - MG, 30112-010, Brasil",Belo Horizonte,,MG,,30112-010,-19.93887,-43.93315,,,,,,Bancos,Demais Praças,-19.9388714,-43.9332078,0.3
,,,"Consulado Honorário Polônia, Avenida do Contorno, 6594, Savassi, Belo Horizonte - MG, 30110-044, Brasil",Belo Horizonte,,MG,,30110-044,-19.9392,-43.9407,,,,,,Bancos,Demais Praças,-19.9391601,-43.9406943,0.3
,,,"Rua Maranhão, 1970, Savassi, Belo Horizonte - MG, 30150-333, Brasil",Belo Horizonte,,MG,,30150-333,-19.93902,-43.92763,,,,,,Bancos,Demais Praças,-19.9389793,-43.9276591,0.3
,,,"Rua Antônio de Albuquerque, 707C, Savassi, Belo Horizonte - MG, 30112-011, Brasil",Belo Horizonte,,MG,,30112-011,-19.93798,-43.93723,,,,,,Bancos,Demais Praças,-19.9379942,-43.9373752,0.3
,,,"Rua Espírito Santo, 1607, Lourdes, Belo Horizonte - MG, 30160-035, Brasil",Belo Horizonte,,MG,,30160-035,-19.92869,-43.93978,,,,,,Bancos,Demais Praças,-19.9286403,-43.9396925,0.3
,,,"Avenida Brasil, 1718, Funcionários, Belo Horizonte - MG, 30140-004, Brasil",Belo Horizonte,,MG,,30140-004,-19.93118,-43.93483,,,,,,Bancos,Demais Praças,-19.9311389,-43.9348176,0.3
,,,"Avenida Getúlio Vargas, 499B, Funcionários, Belo Horizonte - MG, 30112-020, Brasil",Belo Horizonte,,MG,,30112-020,-19.9345,-43.92835,,,,,,Bancos,Demais Praças,-19.9344871,-43.9283672,0.3
,,,"Rua Sergipe, 1430, Savassi, Belo Horizonte - MG, 30130-174, Brasil",Belo Horizonte,,MG,,30130-174,-19.9391,-43.93874,,,,,,Bancos,Demais Praças,-19.9391775,-43.9387292,0.3
,,,"Rua da Paisagem, Nova Lima - MG, 34006-059, Brasil",Nova Lima,,MG,,34006-059,-19.98337,-43.94604,,,,,,Bancos,Demais Praças,-19.98338,-43.9460494,0.3
,,,"Rua Palmeiras, 477A, Horto, Ipatinga - MG, 35160-311, Brasil",Ipatinga,,MG,,35160-311,-19.50486,-42.57184,,,,,,Bancos,Demais Praças,-19.504859,-42.5718367,0.3
,,,"Rua Ipanema, 87, Vila do Sol, Governador Valadares - MG, 35041-340, Brasil",Governador Valadares,,MG,,35041-340,-18.90637,-41.96236,,,,,,Bancos,Demais Praças,-18.9063805,-41.9623539,0.3
,,,"Avenida Carlos Chagas, 269, Cidade Nobre, Ipatinga - MG, 35162-359, Brasil",Ipatinga,,MG,,35162-359,-19.46737,-42.55854,,,,,,Bancos,Demais Praças,-19.4673337,-42.5585309,0.3
,,,"Rua Exp. Paulo de Oliveira Santos, 333, Ouro Preto, Belo Horizonte - MG, 31310-080, Brasil",Belo Horizonte,,MG,,31310-080,-19.8643,-43.98131,,,,,,Bancos,Demais Praças,-19.8642236,-43.9811201,0.3
,,,"Avenida Afonso Pena, 2768, Savassi, Belo Horizonte - MG, 30130-012, Brasil",Belo Horizonte,,MG,,30130-012,-19.93566,-43.92865,,,,,,Bancos,Demais Praças,-19.935697,-43.92867409999999,0.3
,,,"Rua da Bahia, 2696, Lourdes, Belo Horizonte - MG, 30160-019, Brasil",Belo Horizonte,,MG,,30160-019,-19.93854,-43.94144,,,,,,Bancos,Demais Praças,-19.9385445,-43.9414648,0.3
,,,"Avenida Rui Barbosa, 783, São Gotardo - MG, 38800-000, Brasil",São Gotardo,,MG,,38800-000,-19.31727,-46.05008,,,,,,Bancos,Demais Praças,-19.3172542,-46.0500646,0.3
,,,"Avenida Barão Homem de Melo, 4490A, Das Mansões, Belo Horizonte - MG, 30494-270, Brasil",Belo Horizonte,,MG,,30494-270,-19.9676,-43.95497,,,,,,Bancos,Demais Praças,-19.967583,-43.9550586,0.3
,,,"Rua Barão de Guaxupé, 727, Alto dos Pinheiros, Belo Horizonte - MG, 30530-160, Brasil",Belo Horizonte,,MG,,30530-160,-19.93244,-44.0015,,,,,,Bancos,Demais Praças,-19.9323003,-44.001612,0.3
,,,"Avenida Afonso Pena, 582, Centro, Belo Horizonte - MG, 30130-001, Brasil",Belo Horizonte,,MG,,30130-001,-19.9187,-43.93924,,,,,,Bancos,Demais Praças,-19.9187005,-43.939269,0.3
,,,"Rua Inconfidentes, 867, Savassi, Belo Horizonte - MG, 30140-128, Brasil",Belo Horizonte,,MG,,30140-128,-19.93601,-43.93406,,,,,,Bancos,Demais Praças,-19.9360485,-43.9340735,0.3
,,,"Rua Quaresmeira, 226, Colonial, Contagem - MG, 32010-470, Brasil",Contagem,,MG,,32010-470,-19.89951,-44.09515,,,,,,Bancos,Demais Praças,-19.8994344,-44.0952407,0.3
,,,"Qe 7, Guará - DF, 71020-115, Brasil",Guará,,DF,,71020-115,-15.82137,-47.98072,,,,,,Bancos,Demais Praças,-15.8213076,-47.9807405,0.3
,,,"Allegro Cafe, SIG Quadra 6, Sudoeste/Octogonal - DF, 70610-460, Brasil",Sudoeste/Octogonal,,DF,,70610-460,-15.79135,-47.9135,,,,,,Bancos,Demais Praças,-15.7917014,-47.9136163,0.3
,,,"Rua C-237, 540-13, Jardim América, Goiânia - GO, 74290-140, Brasil",Goiânia,,GO,,74290-140,-16.70742,-49.27726,,,,,,Bancos,Demais Praças,-16.7073159,-49.2773008,0.3
,,,"Dermatologia Orion, Oeste, Goiânia - GO, 74150-030, Brasil",Goiânia,,GO,,74150-030,-16.68625,-49.27072,,,,,,Bancos,Demais Praças,-16.6862385,-49.2707267,0.3
,,,"Govesa Corretora de Seguros, Rua C-38, Jardim América, Goiânia - GO, 74265-280, Brasil",Goiânia,,GO,,74265-280,-16.69567,-49.29176,,,,,,Bancos,Demais Praças,-16.69558,-49.2918855,0.3
,,,"Rua Maria Alice, 63-10, Jardim Atlântico, Goiânia - GO, 74345-290, Brasil",Goiânia,,GO,,74345-290,-16.74266,-49.29345,,,,,,Bancos,Demais Praças,-16.7426887,-49.2936891,0.3
,,,"SIG Quadra 3, Sudoeste/Octogonal - DF, 70610-410, Brasil",Sudoeste/Octogonal,,DF,,70610-410,-15.7928,-47.90995,,,,,,Bancos,Demais Praças,-15.7928176,-47.9099635,0.3
,,,"SIG Quadra 2, Sudoeste/Octogonal - DF, 70610-440, Brasil",Sudoeste/Octogonal,,DF,,70610-440,-15.78748,-47.91429,,,,,,Bancos,Demais Praças,-15.7874548,-47.9144023,0.3
,,,"Allegro Cafe, SIG Quadra 6, Sudoeste/Octogonal - DF, 70610-460, Brasil",Sudoeste/Octogonal,,DF,,70610-460,-15.79135,-47.9135,,,,,,Bancos,Demais Praças,-15.7917014,-47.9136163,0.3
,,,"Habib's, Brasil",,,,,,-15.80996,-48.09402,,,,,,Bancos,Demais Praças,-15.809975,-48.0939452,0.3
,,,"ATM, Asa Norte, Brasília - DF, 70716-900, Brasil",Brasília,,DF,,70716-900,-15.78682,-47.88917,,,,,,Bancos,Demais Praças,-15.7868263,-47.8891917,0.3
,,,"Rua 20, 405, Central, Goiânia - GO, 74020-170, Brasil",Goiânia,,GO,,74020-170,-16.67556,-49.25287,,,,,,Bancos,Demais Praças,-16.6755898,-49.2529894,0.3
,,,"Rua Lazer, Urias Magalhães, Goiânia - GO, 74013-035, Brasil",Goiânia,,GO,,74013-035,-16.63542,-49.2726,,,,,,Bancos,Demais Praças,-16.6354679,-49.272585,0.3
,,,"Emporium Mix Sapataria, Avenida T-15, Bueno, Goiânia - GO, 74230-010, Brasil",Goiânia,,GO,,74230-010,-16.71368,-49.27045,,,,,,Bancos,Demais Praças,-16.7138598,-49.27076810000001,0.3
,,,"Via Hi 4 Sul, Setor de Habitações Individuais Sul, Lago Sul - DF, 71615-110, Brasil",Lago Sul,,DF,,71615-110,-15.85131,-47.90098,,,,,,Bancos,Demais Praças,-15.8513019,-47.900985,0.3
,,,"Rua Sete de Setembro, 376, Cristalina - GO, 73850-000, Brasil",Cristalina,,GO,,73850-000,-16.76615,-47.60809,,,,,,Bancos,Demais Praças,-16.7661945,-47.608126,0.3
,,,"Avenida Presidente Costa e Silva, 16, Campo Alegre de Goiás - GO, 75795-000, Brasil",Campo Alegre de Goiás,,GO,,75795-000,-17.63428,-47.77737,,,,,,Bancos,Demais Praças,-17.6342711,-47.7773256,0.3
,,,"Sescoop - Ocb, Asa Sul, Brasília - DF, 70070-936, Brasil",Brasília,,DF,,70070-936,-15.80328,-47.88078,,,,,,Bancos,Demais Praças,-15.8034572,-47.8807415,0.3
,,,"Carlota's Zen, SQN 111, Asa Norte, Brasília - DF, 70754-020, Brasil",Brasília,,DF,,70754-020,-15.75343,-47.88965,,,,,,Bancos,Demais Praças,-15.7536989,-47.8895779,0.3
,,,"SQN 210, Bloco D, Asa Norte, Brasília - DF, 70862-050, Brasil",Brasília,,DF,,70862-050,-15.75698,-47.88369,,,,,,Bancos,Demais Praças,-15.7570178,-47.8836321,0.3
,,,"Scn Quadra 1, QD N1, Asa Norte, Brasília - DF, 70711-000, Brasil",Brasília,,DF,,70711-000,-15.78773,-47.88253,,,,,,Bancos,Demais Praças,-15.7877168,-47.8823618,0.3
,,,"Avenida Pau Brasil, 10, Águas Claras - DF, 71926-000, Brasil",Águas Claras,,DF,,71926-000,-15.84056,-48.02723,,,,,,Bancos,Demais Praças,-15.8405589,-48.02727609999999,0.3
,,,"WESTERN UNION, Avenida das Araucárias, Águas Claras - DF, 71927-000, Brasil",Águas Claras,,DF,,71927-000,-15.84173,-48.0294,,,,,,Bancos,Demais Praças,-15.8417849,-48.0295303,0.3
,,,"Mrv Engenharia, Asa Sul, Brasília - DF, 70306-000, Brasil",Brasília,,DF,,70306-000,-15.79685,-47.8908,,,,,,Bancos,Demais Praças,-15.7968658,-47.8907408,0.3
,,,"Sbn Bloco B, Asa Norte, Brasília - DF, 70040-020, Brasil",Brasília,,DF,,70040-020,-15.78805,-47.87976,,,,,,Bancos,Demais Praças,-15.7880547,-47.8797564,0.3
,,,"Avenida João Neves Vieira, 1080, Loteamento Santa Cruz, Catalão - GO, 75704-390, Brasil",Catalão,,GO,,75704-390,-18.16451,-47.93238,,,,,,Bancos,Demais Praças,-18.1644964,-47.9323141,0.3
,,,"Rodovia GO - 010, GO-010, Goiânia - GO, Brasil",Goiânia,,GO,,,-16.64892,-49.15667,,,,,,Bancos,Demais Praças,-16.6488964,-49.1565948,0.3
,,,"Saguão Brookfield Tower, Rua Cinquenta e Seis, Jardim Goiás, Goiânia - GO, 74810-240, Brasil",Goiânia,,GO,,74810-240,-16.70444,-49.24036,,,,,,Bancos,Demais Praças,-16.7043871,-49.2403026,0.3
,,,"Rodo Farma, Sia, Guará - DF, 71215-000, Brasil",Guará,,DF,,71215-000,-15.81512,-47.96595,,,,,,Bancos,Demais Praças,-15.8151993,-47.9659718,0.3
,,,"Windsor Brasília Hotel, Shn, Asa Norte, Brasília - DF, 70701-030, Brasil",Brasília,,DF,,70701-030,-15.79089,-47.88504,,,,,,Bancos,Demais Praças,-15.7908684,-47.88505019999999,0.3
,,,"Avenida Cento e Trinta e Seis Quadra F44, 761, Sul, Goiânia - GO, 74093-250, Brasil",Goiânia,,GO,,74093-250,-16.69733,-49.25564,,,,,,Bancos,Demais Praças,-16.6971377,-49.2557137,0.3
,,,"Rua C-267, 614-17, Nova Suiça, Goiânia - GO, 74280-290, Brasil",Goiânia,,GO,,74280-290,-16.72123,-49.27315,,,,,,Bancos,Demais Praças,-16.7212003,-49.2730472,0.3
,,,"Rua Augusto César, 427, Tabajaras, Uberlândia - MG, 38400-162, Brasil",Uberlândia,,MG,,38400-162,-18.9282,-48.27998,,,,,,Bancos,Demais Praças,-18.9281806,-48.2799078,0.3
,,,"Rua João Guimarães Naves, 1250, Tibery, Uberlândia - MG, 38405-046, Brasil",Uberlândia,,MG,,38405-046,-18.89638,-48.2516,,,,,,Bancos,Demais Praças,-18.8963517,-48.2516615,0.3
,,,"Avenida Ana Godoy de Souza, 2979, Segismundo Pereira, Uberlândia - MG, 38408-271, Brasil",Uberlândia,,MG,,38408-271,-18.92576,-48.22776,,,,,,Bancos,Demais Praças,-18.9256717,-48.2277928,0.3
,,,"Avenida Cel. Teodolino Pereira Araújo, 1895, Centro, Araguari - MG, 38440-062, Brasil",Araguari,,MG,,38440-062,-18.65427,-48.19663,,,,,,Bancos,Demais Praças,-18.65424,-48.1966691,0.3
,,,"CLN 202 Bloco C, Bloco C, Asa Norte, Brasília - DF, 70832-535, Brasil",Brasília,,DF,,70832-535,-15.78344,-47.87796,,,,,,Bancos,Demais Praças,-15.7835077,-47.8780511,0.3
,,,"Avenida T-63, 2-8, Jardim Europa, Goiânia - GO, 74335-030, Brasil",Goiânia,,GO,,74335-030,-16.72057,-49.30198,,,,,,Bancos,Demais Praças,-16.7205591,-49.3019649,0.3
,,,"Rua C-139, 567-13, Jardim América, Goiânia - GO, 74268-165, Brasil",Goiânia,,GO,,74268-165,-16.71313,-49.27718,,,,,,Bancos,Demais Praças,-16.7130533,-49.2771577,0.3
,,,"Avenida T-4, 67, Bueno, Goiânia - GO, 74230-035, Brasil",Goiânia,,GO,,74230-035,-16.71315,-49.26683,,,,,,Bancos,Demais Praças,-16.7131469,-49.2667717,0.3
,,,"Rua Quatro D, 128-17, Setor Garavelo, Aparecida de Goiânia - GO, 74930-090, Brasil",Aparecida de Goiânia,,GO,,74930-090,-16.76978,-49.33444,,,,,,Bancos,Demais Praças,-16.7697633,-49.3343715,0.3
,,,"Rua José R. Maciel, 431, Aurilândia - GO, 76120-000, Brasil",Aurilândia,,GO,,76120-000,-16.682,-50.46412,,,,,,Bancos,Demais Praças,-16.6822171,-50.4641034,0.3
,,,"Avenida dos Eucaliptos, 627, Jardim Patrícia, Uberlândia - MG, 38414-006, Brasil",Uberlândia,,MG,,38414-006,-18.91038,-48.32357,,,,,,Bancos,Demais Praças,-18.9104697,-48.32358869999999,0.3
,,,"Rua Um, 89, Vila Santa Maria, Anápolis - GO, 75044-490, Brasil",Anápolis,,GO,,75044-490,-16.32425,-48.96634,,,,,,Bancos,Demais Praças,-16.3241786,-48.9663672,0.3
,,,"Eliá Spa, Águas Claras - DF, 71931-720, Brasil",Águas Claras,,DF,,71931-720,-15.83163,-48.04112,,,,,,Bancos,Demais Praças,-15.8316462,-48.0411298,0.3
,,,"Avenida T-4, 835, Bueno, Goiânia - GO, 74230-035, Brasil",Goiânia,,GO,,74230-035,-16.71497,-49.26675,,,,,,Bancos,Demais Praças,-16.7150021,-49.2668806,0.3
,,,"Rua Serra do Caiapó Quadra 1, 1, Riviera, Goiânia - GO, 74730-520, Brasil",Goiânia,,GO,,74730-520,-16.68739,-49.21251,,,,,,Bancos,Demais Praças,-16.6872848,-49.2126002,0.3
,,,"Du'Cheff Pixzaria, Avenida Milão, Celina Park, Goiânia - GO, 74373-270, Brasil",Goiânia,,GO,,74373-270,-16.7095,-49.32074,,,,,,Bancos,Demais Praças,-16.7094952,-49.3208358,0.3
,,,"Espetinho do Gordinho, Avenida C Cento e Setenta e Um, Jardim América, Goiânia - GO, 74275-010, Brasil",Goiânia,,GO,,74275-010,-16.72055,-49.28536,,,,,,Bancos,Demais Praças,-16.7205308,-49.285351,0.3
,,,"Avenida do Pau Brasil, 66, Uberaba - MG, 38066-060, Brasil",Uberaba,,MG,,38066-060,-19.73731,-47.94015,,,,,,Bancos,Demais Praças,-19.7372453,-47.9401225,0.3
,,,"Hospital e Maternidade Sagrada Família-PS, Rua Henrique Schwarz, 10, Centro, São Bento do Sul - SC, 89290-000, Brasil",São Bento do Sul,,SC,,89290-000,-26.24966,-49.38456,,,,,,Bancos,Demais Praças,-26.2495529,-49.384865,0.3
,,,"Avenida Higienópolis, 174, Centro Histórico, Londrina - PR, 86020-080, Brasil",Londrina,,PR,,86020-080,-23.31138,-51.1657,,,,,,Bancos,Demais Praças,-23.3113591,-51.16583060000001,0.3
,,,"Avenida São João, 140, Brasília, Londrina - PR, 86039-290, Brasil",Londrina,,PR,,86039-290,-23.31751,-51.14606,,,,,,Bancos,Demais Praças,-23.3175728,-51.1460942,0.3
,,,"Avenida Gisele Constantino, 850, Votorantim - SP, 18110-650, Brasil",Votorantim,,SP,,18110-650,-23.54525,-47.46679,,,,,,Bancos,SP,-23.5452203,-47.4667951,0.3
,,,"Rua Montreal, 123, Jardim Elton Ville, Sorocaba - SP, 18046-820, Brasil",Sorocaba,,SP,,18046-820,-23.52166,-47.46894,,,,,,Bancos,SP,-23.5216982,-47.4688267,0.3
,,,"Mate Mix Sucos, Rua Quinze de Novembro, 219, Centro, Sorocaba - SP, 18010-081, Brasil",Sorocaba,,SP,,18010-081,-23.50018,-47.45468,,,,,,Bancos,SP,-23.500121,-47.4546897,0.3
,,,"Rua Dona Maria Josepha de Souza Manente, 448, Jardim Faculdade, Sorocaba - SP, 18030-243, Brasil",Sorocaba,,SP,,18030-243,-23.51483,-47.46182,,,,,,Bancos,SP,-23.5147899,-47.4619029,0.3
,,,"Imobiliária Wolf, Sorocaba - SP, 18085-850, Brasil",Sorocaba,,SP,,18085-850,-23.47592,-47.42689,,,,,,Bancos,SP,-23.4758424,-47.4272885,0.3
,,,"Rua Antônio Guitti, 333, Jardim Pires de Melo, Sorocaba - SP, 18046-688, Brasil",Sorocaba,,SP,,18046-688,-23.52705,-47.47042,,,,,,Bancos,SP,-23.5269102,-47.470468,0.3
,,,"Rua Rio Grande do Sul, 382, Centro, Sorocaba - SP, 18035-500, Brasil",Sorocaba,,SP,,18035-500,-23.49782,-47.46599,,,,,,Bancos,SP,-23.4977422,-47.4658959,0.3
,,,"Avenida Washington Luiz, 685, Jardim Faculdade, Sorocaba - SP, Brasil",Sorocaba,,SP,,,-23.51426,-47.46235,,,,,,Bancos,SP,-23.514299,-47.46232,0.3
,,,"Rua Coronel José Pedro de Oliveira, 25, Jardim Faculdade, Sorocaba - SP, 18030-220, Brasil",Sorocaba,,SP,,18030-220,-23.51215,-47.45919,,,,,,Bancos,SP,-23.5120801,-47.4589227,0.3
,,,"Rua Ipiranga, 40, Jardim do Colégio, Sorocaba - SP, 18040-345, Brasil",Sorocaba,,SP,,18040-345,-23.50887,-47.47022,,,,,,Bancos,SP,-23.5087559,-47.47016670000001,0.3
,,,"Avenida Tiradentes, 501, Quebec, Londrina - PR, 86070-545, Brasil",Londrina,,PR,,86070-545,-23.30188,-51.17829,,,,,,Bancos,Demais Praças,-23.3017426,-51.1783923,0.3
,,,"Avenida Coronel Nogueira Padilha, 2036, Vila Colorau, Sorocaba - SP, 18020-003, Brasil",Sorocaba,,SP,,18020-003,-23.51102,-47.43492,,,,,,Bancos,SP,-23.511102,-47.4349291,0.3
,,,"Rua Benjamin Constant, 1646, Centro Histórico, Londrina - PR, 86020-320, Brasil",Londrina,,PR,,86020-320,-23.30859,-51.16649,,,,,,Bancos,Demais Praças,-23.3086432,-51.1665155,0.3
,,,"Rua Minas Gerais, 403, Alvorada, Francisco Beltrão - PR, 85601-060, Brasil",Francisco Beltrão,,PR,,85601-060,-26.07764,-53.06227,,,,,,Bancos,Demais Praças,-26.0776206,-53.0623002,0.3
,,,"Rua Sete de Setembro, 313, Dois Vizinhos - PR, 85660-000, Brasil",Dois Vizinhos,,PR,,85660-000,-25.74309,-53.05598,,,,,,Bancos,Demais Praças,-25.7430758,-53.0560714,0.3
,,,"Rua Duque de Caxias, 585, Maravilha - SC, 89874-000, Brasil",Maravilha,,SC,,89874-000,-26.76689,-53.17665,,,,,,Bancos,Demais Praças,-26.7667447,-53.1765287,0.3
,,,"Avenida Plínio Arlindo de Nes, 828, Xaxim - SC, 89825-000, Brasil",Xaxim,,SC,,89825-000,-26.95943,-52.53435,,,,,,Bancos,Demais Praças,-26.9595122,-52.5344069,0.3
,,,"Rua Rio Branco, 873, Centro, Salto - SP, 13320-270, Brasil",Salto,,SP,,13320-270,-23.20171,-47.29404,,,,,,Bancos,SP,-23.2017692,-47.29412689999999,0.3
,,,"Praça Miguel Ortega, 392, Taboão da Serra - SP, 06754-160, Brasil",Taboão da Serra,,SP,,06754-160,-23.60367,-46.76422,,,,,,Bancos,SP,-23.6036933,-46.7641028,0.3
,,,"Rua Tabapuã, 1160, Itaim Bibi, São Paulo - SP, 04533-014, Brasil",São Paulo,,SP,,04533-014,-23.58449,-46.68179,,,,,,Bancos,SP,-23.584433,-46.6818642,0.3
,,,"Avenida Nove de Julho, 4927, Itaim Bibi, São Paulo - SP, 01407-200, Brasil",São Paulo,,SP,,01407-200,-23.57763,-46.67305,,,,,,Bancos,SP,-23.5776167,-46.6730726,0.3
,,,"Rua Paraná, 3035, Centro, Cascavel - PR, 85810-010, Brasil",Cascavel,,PR,,85810-010,-24.95446,-53.45978,,,,,,Bancos,Demais Praças,-24.9544622,-53.4598033,0.3
,,,"Rua Presidente Kennedy, 648, Centro, Cascavel - PR, 85810-040, Brasil",Cascavel,,PR,,85810-040,-24.95058,-53.46367,,,,,,Bancos,Demais Praças,-24.9505957,-53.4637494,0.3
,,,"Rua Barão do Rio Branco, 2305, Centro, Toledo - PR, 85900-005, Brasil",Toledo,,PR,,85900-005,-24.72292,-53.73858,,,,,,Bancos,Demais Praças,-24.7229122,-53.738589,0.3
,,,"Rua Visconde do Rio Branco, 2633, Centro, Cascavel - PR, 85810-180, Brasil",Cascavel,,PR,,85810-180,-24.95563,-53.47176,,,,,,Bancos,Demais Praças,-24.9556072,-53.471779,0.3
,,,"Avenida Rio Grande do Sul, 2355, Medianeira - PR, 85884-000, Brasil",Medianeira,,PR,,85884-000,-25.29695,-54.0967,,,,,,Bancos,Demais Praças,-25.2969332,-54.09669539999999,0.3
,,,"Rua Érico Veríssimo, 717, Alto Alegre, Cascavel - PR, 85805-050, Brasil",Cascavel,,PR,,85805-050,-24.96216,-53.48256,,,,,,Bancos,Demais Praças,-24.9621905,-53.4825331,0.3
,,,"Rua Iguaçu, 808, Centro, Pato Branco - PR, 85501-266, Brasil",Pato Branco,,PR,,85501-266,-26.22705,-52.66983,,,,,,Bancos,Demais Praças,-26.2270031,-52.6698227,0.3
,,,"Rua São Paulo, 1290, Centro, Francisco Beltrão - PR, 85601-010, Brasil",Francisco Beltrão,,PR,,85601-010,-26.08157,-53.05076,,,,,,Bancos,Demais Praças,-26.0815088,-53.0508046,0.3
,,,"Avenida Salgado Filho, 854, Dois Vizinhos - PR, 85660-000, Brasil",Dois Vizinhos,,PR,,85660-000,-25.75861,-53.0568,,,,,,Bancos,Demais Praças,-25.7585558,-53.0568835,0.3
,,,"Rua Vinte e Um de Abril, 114, Palotina - PR, 85950-000, Brasil",Palotina,,PR,,85950-000,-24.27856,-53.84035,,,,,,Bancos,Demais Praças,-24.2785989,-53.84043089999999,0.3
,,,"Rua Floriano Peixoto, 1177, Ubiratã - PR, 85440-000, Brasil",Ubiratã,,PR,,85440-000,-24.53982,-52.99155,,,,,,Bancos,Demais Praças,-24.539794,-52.9915685,0.3
,,,"Pólo Wear, Primavera, Guarapuava - PR, 85050-030, Brasil",Guarapuava,,PR,,85050-030,-25.34861,-51.47389,,,,,,Bancos,Demais Praças,-25.3487878,-51.4739545,0.3
,,,"Rua Marechal Floriano Peixoto, 2208, Centro, Guarapuava - PR, 85010-250, Brasil",Guarapuava,,PR,,85010-250,-25.38917,-51.47093,,,,,,Bancos,Demais Praças,-25.3891835,-51.4709245,0.3
,,,"Rua Lord Cockrane, 648, Ipiranga, São Paulo - SP, 04213-001, Brasil",São Paulo,,SP,,04213-001,-23.5928,-46.60179,,,,,,Bancos,SP,-23.5930133,-46.6017857,0.3
,,,"Sucopires Sucos e Lanches Ltda, Rua Doutor Felício Laurito, 54, Centro, Ribeirão Pires - SP, 09400-210, Brasil",Ribeirão Pires,,SP,,09400-210,-23.71136,-46.41149,,,,,,Bancos,SP,-23.7113736,-46.4115249,0.3
,,,"Avenida Coronel Manoel Inocêncio, 1013, Vila São João, Caçapava - SP, 12281-020, Brasil",Caçapava,,SP,,12281-020,-23.10868,-45.70357,,,,,,Bancos,SP,-23.1086768,-45.7035034,0.3
,,,"Dra. Rozeny Anute, Avenida São João, 2405, Bosque Imperial, São José dos Campos - SP, 12242-000, Brasil",São José dos Campos,,SP,,12242-000,-23.20865,-45.90825,,,,,,Bancos,SP,-23.2087026,-45.9084349,0.3
,,,"Av. Cassandoca, 140, Móoca, São Paulo - SP, 03170-050, Brasil",São Paulo,,SP,,03170-050,-23.55078,-46.59494,,,,,,Bancos,SP,-23.5506502,-46.594682,0.3
,,,"Robert Half, Rua José Versolato, 101, Centro, São Bernardo do Campo - SP, 09750-730, Brasil",São Bernardo do Campo,,SP,,09750-730,-23.69141,-46.54932,,,,,,Bancos,SP,-23.6914012,-46.5492155,0.3
,,,"Rua Dominiciano Ribeiro, 325, Parque do Carmo, São Paulo - SP, 08280-260, Brasil",São Paulo,,SP,,08280-260,-23.5633,-46.46935,,,,,,Bancos,SP,-23.5632284,-46.4693626,0.3
,,,"Avenida Cláudio Augusto Fernandes, 349, São Mateus, São Paulo - SP, 03962-120, Brasil",São Paulo,,SP,,03962-120,-23.6079,-46.48053,,,,,,Bancos,SP,-23.6079229,-46.48051330000001,0.3
,,,"Grupo 3corações, Avenida Nazaré, 1139, Ipiranga, São Paulo - SP, 04263-100, Brasil",São Paulo,,SP,,04263-100,-23.59418,-46.60969,,,,,,Bancos,SP,-23.5942185,-46.6097006,0.3
,,,"Goldpam Locações, Avenida Vereador Abel Ferreira, 1800, Água Rasa, São Paulo - SP, 03348-025, Brasil",São Paulo,,SP,,03348-025,-23.56408,-46.5622,,,,,,Bancos,SP,-23.5640543,-46.5623189,0.3
,,,"Rua Roberto Simonsen, 120, Sé, São Paulo - SP, 01017-020, Brasil",São Paulo,,SP,,01017-020,-23.54872,-46.63209,,,,,,Bancos,SP,-23.5487344,-46.6320555,0.3
,,,"Rua Padre Raposo, 47, Móoca, São Paulo - SP, 03118-000, Brasil",São Paulo,,SP,,03118-000,-23.55756,-46.59981,,,,,,Bancos,SP,-23.5575035,-46.599878,0.3
,,,"Autoridade Municipal de Limpeza Urbana - AMLURB, Rua Líbero Badaró, 425, Sé, São Paulo - SP, 01009-000, Brasil",São Paulo,,SP,,01009-000,-23.54566,-46.63609,,,,,,Bancos,SP,-23.5456667,-46.6361053,0.3
,,,"Rua São Bento, 351, Sé, São Paulo - SP, 01010-001, Brasil",São Paulo,,SP,,01010-001,-23.546,-46.63515,,,,,,Bancos,SP,-23.5460143,-46.6351421,0.3
,,,"Rua Doutor Renato Granadeiro Guimarães, 11, Mogi das Cruzes - SP, 08773-100, Brasil",Mogi das Cruzes,,SP,,08773-100,-23.51432,-46.19812,,,,,,Bancos,SP,-23.5142515,-46.19811259999999,0.3
,,,"Avenida Francisco Ferreira Lopes, 600, Mogi das Cruzes - SP, 08735-200, Brasil",Mogi das Cruzes,,SP,,08735-200,-23.53377,-46.21433,,,,,,Bancos,SP,-23.533589,-46.2144531,0.3
,,,"Rua Stella Bruna Cechi Nardelli, 83, Centro, Ribeirão Pires - SP, 09400-150, Brasil",Ribeirão Pires,,SP,,09400-150,-23.71068,-46.41313,,,,,,Bancos,SP,-23.710677,-46.4131921,0.3
,,,"Rua Presidente Campos Salles, 950, Mogi das Cruzes - SP, 08730-490, Brasil",Mogi das Cruzes,,SP,,08730-490,-23.52651,-46.20047,,,,,,Bancos,SP,-23.5264921,-46.2004958,0.3
,,,"Rua José Galdino de Castro, 78, Braz Cubas, Mogi das Cruzes - SP, 08745-340, Brasil",Mogi das Cruzes,,SP,,08745-340,-23.54263,-46.23755,,,,,,Bancos,SP,-23.5426882,-46.2376936,0.3
,,,"Avenida Carmela Thomeu, 528, Bonsucesso, Guarulhos - SP, 07178-001, Brasil",Guarulhos,,SP,,07178-001,-23.39975,-46.39408,,,,,,Bancos,SP,-23.3998212,-46.3940764,0.3
,,,"Rua Alderico Alves de Freitas, 59A, Parque do Carmo, São Paulo - SP, 08270-210, Brasil",São Paulo,,SP,,08270-210,-23.56064,-46.46419,,,,,,Bancos,SP,-23.5606405,-46.4643285,0.3
,,,"Rua Ângelo Lavezzo, 111, Jardim Silvana, Amparo - SP, 13900-370, Brasil",Amparo,,SP,,13900-370,-22.70548,-46.76397,,,,,,Bancos,SP,-22.7056007,-46.7634357,0.3
,,,"Rua Luís Leite, 161, Centro, Amparo - SP, 13900-240, Brasil",Amparo,,SP,,13900-240,-22.70175,-46.7598,,,,,,Bancos,SP,-22.701692,-46.7597654,0.3
,,,"Rua Conde de Irajá, 337, Vila Mariana, São Paulo - SP, 04119-010, Brasil",São Paulo,,SP,,04119-010,-23.59153,-46.63203,,,,,,Bancos,SP,-23.59139,-46.6320573,0.3
,,,"Rua Vilela, 665, Tatuapé, São Paulo - SP, 03314-000, Brasil",São Paulo,,SP,,03314-000,-23.54026,-46.566,,,,,,Bancos,SP,-23.5402828,-46.56584369999999,0.3
,,,"EZvolt, Rua Domingos de Morais, 2187, Vila Mariana, São Paulo - SP, 04035-000, Brasil",São Paulo,,SP,,04035-000,-23.59548,-46.63622,,,,,,Bancos,SP,-23.5954967,-46.6362695,0.3
,,,"Rua Francisco Marengo, 500, Tatuapé, São Paulo - SP, 03313-000, Brasil",São Paulo,,SP,,03313-000,-23.54172,-46.55931,,,,,,Bancos,SP,-23.5417496,-46.5593049,0.3
,,,"Rua Líbero Badaró, 283, Sé, São Paulo - SP, 01009-000, Brasil",São Paulo,,SP,,01009-000,-23.54694,-46.63671,,,,,,Bancos,SP,-23.5468831,-46.636752,0.3
,,,"Rua Moreira Terra, 218, Parque do Carmo, São Paulo - SP, 08275-230, Brasil",São Paulo,,SP,,08275-230,-23.57351,-46.47797,,,,,,Bancos,SP,-23.5735061,-46.4779593,0.3
,,,"Rua José Versolato, 101, Centro, São Bernardo do Campo - SP, 09750-730, Brasil",São Bernardo do Campo,,SP,,09750-730,-23.69127,-46.54946,,,,,,Bancos,SP,-23.6914785,-46.54954860000001,0.3
,,,"Rua Pirapitingui, 80, Liberdade, São Paulo - SP, 01508-020, Brasil",São Paulo,,SP,,01508-020,-23.56292,-46.638,,,,,,Bancos,SP,-23.5631366,-46.6379172,0.3
,,,"Avenida Paulo Becker, 210, Vila Adyana, São José dos Campos - SP, 12243-610, Brasil",São José dos Campos,,SP,,12243-610,-23.19527,-45.89295,,,,,,Bancos,SP,-23.1952399,-45.8929205,0.3
,,,"Igc, Avenida Cassiano Ricardo, Parque Residencial Aquarius, São José dos Campos - SP, 12240-540, Brasil",São José dos Campos,,SP,,12240-540,-23.22002,-45.91058,,,,,,Bancos,SP,-23.2199841,-45.9106168,0.3
,,,"Travessa Carlos Cordeiro, 12, Itaquera, São Paulo - SP, 08247-020, Brasil",São Paulo,,SP,,08247-020,-23.53106,-46.43166,,,,,,Bancos,SP,-23.5311511,-46.4316651,0.3
,,,"Rua Monsenhor Aníbal de Melo, 336, Vila Conselheiro Rodrigues Alves, Guaratinguetá - SP, 12511-050, Brasil",Guaratinguetá,,SP,,12511-050,-22.80625,-45.20432,,,,,,Bancos,SP,-22.806158,-45.2044126,0.3
,,,"Rua Antônio Junqueira de Souza, 475, São Lourenço - MG, 37470-000, Brasil",São Lourenço,,MG,,37470-000,-22.11837,-45.05429,,,,,,Bancos,Demais Praças,-22.117982,-45.0543874,0.3
,,,"Rua Vinte e Seis, 36, Vila Santa Cecília, Volta Redonda - RJ, 27259-280, Brasil",Volta Redonda,,RJ,,27259-280,-22.52076,-44.104,,,,,,Bancos,Demais Praças,-22.52061,-44.10402699999999,0.3
,,,"Espaço Vida Saudável - Barra da Tijuca, Avenida José Silva de Azevedo Neto, 200, Barra da Tijuca, Rio de Janeiro - RJ, 22775-057, Brasil",Rio de Janeiro,,RJ,,22775-057,-22.98893,-43.35925,,,,,,Bancos,Demais Praças,-22.9889178,-43.3595726,0.3
,,,"Avenida Sete de Setembro, 300, Aterrado, Volta Redonda - RJ, 27213-310, Brasil",Volta Redonda,,RJ,,27213-310,-22.50609,-44.08995,,,,,,Bancos,Demais Praças,-22.5060773,-44.0899735,0.3
,,,"Caituba, Estrada do Tindiba, Taquara, Rio de Janeiro - RJ, 22730-262, Brasil",Rio de Janeiro,,RJ,,22730-262,-22.9179,-43.37668,,,,,,Bancos,Demais Praças,-22.9180849,-43.3768075,0.3
,,,"Thalita Galhardo Nutricionista, Avenida das Américas, 3500, Barra da Tijuca, Rio de Janeiro - RJ, 22640-102, Brasil",Rio de Janeiro,,RJ,,22640-102,-22.99941,-43.34822,,,,,,Bancos,Demais Praças,-22.9994579,-43.3482064,0.3
,,,"Estrada São Tarcísio, 144, Sepetiba, Rio de Janeiro - RJ, 23530-827, Brasil",Rio de Janeiro,,RJ,,23530-827,-22.98429,-43.69354,,,,,,Bancos,Demais Praças,-22.9842841,-43.6935519,0.3
,,,"Rua Rosalina Bravo, Barra da Tijuca, Rio de Janeiro - RJ, 22631-260, Brasil",Rio de Janeiro,,RJ,,22631-260,-23.00098,-43.34405,,,,,,Bancos,Demais Praças,-23.0009852,-43.343723,0.3
,,,"Avenida das Américas, 1155, Barra da Tijuca, Rio de Janeiro - RJ, 22631-000, Brasil",Rio de Janeiro,,RJ,,22631-000,-23.0034,-43.32557,,,,,,Bancos,Demais Praças,-23.00343,-43.32549059999999,0.3
,,,"Avenida Antônio Abrahão Caran, 690, São José, Belo Horizonte - MG, 31275-000, Brasil",Belo Horizonte,,MG,,31275-000,-19.86184,-43.9677,,,,,,Bancos,Demais Praças,-19.861867,-43.967736,0.3
,,,"Rua José Salomão Filho, 455, Lagoa Santa - MG, 33230-103, Brasil",Lagoa Santa,,MG,,33230-103,-19.62728,-43.89499,,,,,,Bancos,Demais Praças,-19.627216,-43.8949491,0.3
,,,"Open Mind, Avenida das Américas, 1155, Barra da Tijuca, Rio de Janeiro - RJ, 22631-470, Brasil",Rio de Janeiro,,RJ,,22631-470,-23.00381,-43.32624,,,,,,Bancos,Demais Praças,-23.0037324,-43.3263122,0.3
,,,"Agência Corpo, Barra da Tijuca, Rio de Janeiro - RJ, 22775-057, Brasil",Rio de Janeiro,,RJ,,22775-057,-22.98509,-43.35878,,,,,,Bancos,Demais Praças,-22.9849673,-43.3587183,0.3
,,,"Med Odonto, Avenida das Américas, 700, Barra da Tijuca, Rio de Janeiro - RJ, 22640-100, Brasil",Rio de Janeiro,,RJ,,22640-100,-23.00329,-43.32196,,,,,,Bancos,Demais Praças,-23.0033062,-43.3219443,0.3
,,,"Avenida Ataulfo de Paiva, 1251, Leblon, Rio de Janeiro - RJ, 22440-034, Brasil",Rio de Janeiro,,RJ,,22440-034,-22.98598,-43.22764,,,,,,Bancos,Demais Praças,-22.9860249,-43.2276253,0.3
,,,"Rua Rainha Guilhermina, 116, Leblon, Rio de Janeiro - RJ, 22441-120, Brasil",Rio de Janeiro,,RJ,,22441-120,-22.9851,-43.22651,,,,,,Bancos,Demais Praças,-22.9850949,-43.22649879999999,0.3
,,,"Rua Fernandes Tourinho, 669, Savassi, Belo Horizonte - MG, 30112-002, Brasil",Belo Horizonte,,MG,,30112-002,-19.93838,-43.94086,,,,,,Bancos,Demais Praças,-19.9384325,-43.9408777,0.3
,,,"Rua Cláudio Manoel, 1125, Savassi, Belo Horizonte - MG, 30140-108, Brasil",Belo Horizonte,,MG,,30140-108,-19.93311,-43.93578,,,,,,Bancos,Demais Praças,-19.9330805,-43.9357278,0.3
,,,"Banco 24horas, Rua Gonçalves Dias, Santo Agostinho, Belo Horizonte - MG, 30140-094, Brasil",Belo Horizonte,,MG,,30140-094,-19.92836,-43.9511,,,,,,Bancos,Demais Praças,-19.9282617,-43.9511559,0.3
,,,"Rua Coronel Augusto de Moura, 233A, Sete Lagoas - MG, 35700-210, Brasil",Sete Lagoas,,MG,,35700-210,-19.46837,-44.24927,,,,,,Bancos,Demais Praças,-19.4684032,-44.2492621,0.3
,,,"Rua Gonçalves Dias, 1197, Savassi, Belo Horizonte - MG, 30140-097, Brasil",Belo Horizonte,,MG,,30140-097,-19.93166,-43.93606,,,,,,Bancos,Demais Praças,-19.9316915,-43.9361054,0.3
,,,"Rua Rio Grande do Norte, 103A, Santa Efigênia, Belo Horizonte - MG, 30130-130, Brasil",Belo Horizonte,,MG,,30130-130,-19.92645,-43.92941,,,,,,Bancos,Demais Praças,-19.9264586,-43.9296051,0.3
,,,"Rua da Terra, 146, Contagem - MG, 32183-612, Brasil",Contagem,,MG,,32183-612,-19.91526,-44.08029,,,,,,Bancos,Demais Praças,-19.9152203,-44.0805427,0.3
,,,"Rua Rio de Janeiro, 2727A, Lourdes, Belo Horizonte - MG, 30160-048, Brasil",Belo Horizonte,,MG,,30160-048,-19.93782,-43.94349,,,,,,Bancos,Demais Praças,-19.9377761,-43.9437477,0.3
,,,"Rua Romualdo Lopes Cançado, 420, Castelo, Belo Horizonte - MG, 30840-460, Brasil",Belo Horizonte,,MG,,30840-460,-19.88833,-43.99666,,,,,,Bancos,Demais Praças,-19.8884087,-43.9969018,0.3
,,,"Rua Tenente Garro, 19, Santa Efigênia, Belo Horizonte - MG, 30240-360, Brasil",Belo Horizonte,,MG,,30240-360,-19.92568,-43.91932,,,,,,Bancos,Demais Praças,-19.925539,-43.9192712,0.3
,,,"Rua Rio Grande do Norte, 1456, Savassi, Belo Horizonte - MG, 30130-138, Brasil",Belo Horizonte,,MG,,30130-138,-19.93819,-43.93307,,,,,,Bancos,Demais Praças,-19.9381976,-43.9330955,0.3
,,,"Rua Paraíba, 486, Savassi, Belo Horizonte - MG, 30130-141, Brasil",Belo Horizonte,,MG,,30130-141,-19.9309,-43.93232,,,,,,Bancos,Demais Praças,-19.9308546,-43.9323588,0.3
,,,"Rua Cascalho, 181, Alpes, Belo Horizonte - MG, 31610-090, Brasil",Belo Horizonte,,MG,,31610-090,-19.95428,-43.96027,,,,,,Bancos,Demais Praças,-19.9542741,-43.9600593,0.3
,,,"Avenida Portugal, 1080, Jardim Atlântico, Belo Horizonte - MG, 31555-000, Brasil",Belo Horizonte,,MG,,31555-000,-19.84652,-43.98578,,,,,,Bancos,Demais Praças,-19.8465441,-43.9858622,0.3
,,,"Rua Rio Grande do Norte, 1008, Savassi, Belo Horizonte - MG, 30130-135, Brasil",Belo Horizonte,,MG,,30130-135,-19.93438,-43.93195,,,,,,Bancos,Demais Praças,-19.934397,-43.9319219,0.3
,,,"Rua dos Guajajaras, 577, Lourdes, Belo Horizonte - MG, 30180-101, Brasil",Belo Horizonte,,MG,,30180-101,-19.92556,-43.93948,,,,,,Bancos,Demais Praças,-19.9256365,-43.9394875,0.3
,,,"Rua Joaquim Nabuco, 1019, Centro, Novo Hamburgo - RS, 93310-002, Brasil",Novo Hamburgo,,RS,,93310-002,-29.68324,-51.12721,,,,,,Bancos,Demais Praças,-29.683208,-51.1271059,0.3
,,,"Rua Siqueira Campos, 832, Centro Histórico, Porto Alegre - RS, 90010-000, Brasil",Porto Alegre,,RS,,90010-000,-30.02912,-51.23354,,,,,,Bancos,Demais Praças,-30.0290172,-51.2335944,0.3
,,,"Avenida Praia de Belas, 1300, Menino Deus, Porto Alegre - RS, 90110-000, Brasil",Porto Alegre,,RS,,90110-000,-30.05008,-51.22783,,,,,,Bancos,Demais Praças,-30.0500824,-51.2277985,0.3
,,,"Carlos Trein Filho AL 1325 Esq. Barao de Ubá, Rua Carlos Trein Filho, Bela Vista, Porto Alegre - RS, 90450-120, Brasil",Porto Alegre,,RS,,90450-120,-30.03462,-51.18595,,,,,,Bancos,Demais Praças,-30.03475,-51.18601,0.3
,,,"Avenida Doutor Nilo Peçanha, 2410, Passo da Areia, Porto Alegre - RS, 91330-000, Brasil",Porto Alegre,,RS,,91330-000,-30.02805,-51.16804,,,,,,Bancos,Demais Praças,-30.0279068,-51.1679962,0.3
,,,"Rua Marechal Floriano, 610, Centro, Caxias do Sul - RS, 95020-370, Brasil",Caxias do Sul,,RS,,95020-370,-29.16811,-51.18402,,,,,,Bancos,Demais Praças,-29.16813299999999,-51.1839897,0.3
,,,"Rua Voluntários da Pátria, 383, Parque Avenida Pelinca, Campos dos Goytacazes - RJ, 28035-260, Brasil",Campos dos Goytacazes,,RJ,,28035-260,-21.76018,-41.33178,,,,,,Bancos,Demais Praças,-21.7601558,-41.3317355,0.3
,,,"Avenida Presidente Kennedy, 693, Estrela do Norte, São Gonçalo - RJ, 24445-795, Brasil",São Gonçalo,,RJ,,24445-795,-22.82062,-43.03946,,,,,,Bancos,Demais Praças,-22.8202362,-43.0396019,0.3
,,,"Rua Presidente Backer, 149, Icaraí, Niterói - RJ, 24220-045, Brasil",Niterói,,RJ,,24220-045,-22.90373,-43.11074,,,,,,Bancos,Demais Praças,-22.9037203,-43.110723,0.3
,,,"Rua Miguel de Frias, 99, Icaraí, Niterói - RJ, 24220-301, Brasil",Niterói,,RJ,,24220-301,-22.90363,-43.11673,,,,,,Bancos,Demais Praças,-22.9033863,-43.1168814,0.3
,,,"Lg Estacionamentos, Rua Jerônimo Coelho, 204, Centro, Florianópolis - SC, 88010-030, Brasil",Florianópolis,,SC,,88010-030,-27.59588,-48.55208,,,,,,Bancos,Demais Praças,-27.5959682,-48.5520284,0.3
,,,"Shn Bloco B, Asa Norte, Brasília - DF, 70704-020, Brasil",Brasília,,DF,,70704-020,-15.78939,-47.8899,,,,,,Bancos,Demais Praças,-15.7893902,-47.8898912,0.3
,,,"Avenida Floriano Peixoto, 224, Centro, Uberlândia - MG, 38400-100, Brasil",Uberlândia,,MG,,38400-100,-18.92078,-48.2776,,,,,,Bancos,Demais Praças,-18.9208407,-48.2776414,0.3
,,,"E-Park Estacionamento, Avenida Barão do Rio Branco, 2356, Centro, Juiz de Fora - MG, 36010-010, Brasil",Juiz de Fora,,MG,,36010-010,-21.76264,-43.34955,,,,,,Bancos,Demais Praças,-21.7626953,-43.349568,0.3
,,,"Avenida João Pinheiro, 141, Funcionários, Belo Horizonte - MG, 30130-183, Brasil",Belo Horizonte,,MG,,30130-183,-19.92652,-43.93632,,,,,,Bancos,Demais Praças,-19.926536,-43.9363434,0.3
,,,"Avenida das Esmeraldas, 877, Marília - SP, 17516-000, Brasil",Marília,,SP,,17516-000,-22.22484,-49.93254,,,,,,Bancos,SP,-22.2247885,-49.93240489999999,0.3
,,,"Edifício Vila Real, Rua Rio Branco, 23-34, Vila Nova Santa Clara, Bauru - SP, 17014-037, Brasil",Bauru,,SP,,17014-037,-22.33612,-49.06833,,,,,,Bancos,SP,-22.3361411,-49.06841319999999,0.3
,,,"Avenida Carlos Botelho, 651, São Dimas, Piracicaba - SP, 13416-145, Brasil",Piracicaba,,SP,,13416-145,-22.71442,-47.63771,,,,,,Bancos,SP,-22.7144748,-47.63769689999999,0.3
,,,"Itaú Personnalité, Rua Moraes Barros, 936, Centro, Piracicaba - SP, 13400-353, Brasil",Piracicaba,,SP,,13400-353,-22.72487,-47.64959,,,,,,Bancos,SP,-22.7247277,-47.6495924,0.3
,,,"Catedral de Nossa Senhora das Dores, Praça Doutor Luciano Esteves, Centro, Limeira - SP, 13480-211, Brasil",Limeira,,SP,,13480-211,-22.56172,-47.40211,,,,,,Bancos,SP,-22.5619336,-47.4022911,0.3
,,,"Rua Washington Luiz, 400, Centro, Americana - SP, 13465-520, Brasil",Americana,,SP,,13465-520,-22.7397,-47.33218,,,,,,Bancos,SP,-22.7395516,-47.3320898,0.3
,,,"Rua Piauí, 967, Centro Histórico, Londrina - PR, 86020-390, Brasil",Londrina,,PR,,86020-390,-23.31358,-51.16587,,,,,,Bancos,Demais Praças,-23.3135702,-51.165851,0.3
,,,"Laboratório Mastellini Prudente, Avenida Washington Luiz, 1009, Centro, Presidente Prudente - SP, 19015-150, Brasil",Presidente Prudente,,SP,,19015-150,-22.11919,-51.39124,,,,,,Bancos,SP,-22.1192485,-51.3913479,0.3
,,,"São Paulo Tribunal de Justiça, Rua Redentora, Imperial, São José do Rio Preto - SP, 15015-780, Brasil",São José do Rio Preto,,SP,,15015-780,-20.81594,-49.39249,,,,,,Bancos,SP,-20.8159444,-49.3925695,0.3
,,,"Avenida Alberto Andaló, 3251, Bom Jesus, São José do Rio Preto - SP, 15015-000, Brasil",São José do Rio Preto,,SP,,15015-000,-20.81573,-49.37977,,,,,,Bancos,SP,-20.8157853,-49.3797007,0.3
,,,"Avenida República do Líbano, 1A-15, Aeroporto, Goiânia - GO, 74070-045, Brasil",Goiânia,,GO,,74070-045,-16.67709,-49.26769,,,,,,Bancos,Demais Praças,-16.6771642,-49.2677763,0.3
,,,"Crs 506 Bloco A, 6, Asa Sul, Brasília - DF, 70350-580, Brasil",Brasília,,DF,,70350-580,-15.80994,-47.90239,,,,,,Bancos,Demais Praças,-15.8098606,-47.9023968,0.3
,,,"Handerson da S, Srtvs, 12, Asa Sul, Brasília - DF, 70340-901, Brasil",Brasília,,DF,,70340-901,-15.79732,-47.894,,,,,,Bancos,Demais Praças,-15.7972332,-47.8940017,0.3
,,,"Rua Marília de Dirceu, 108, Lourdes, Belo Horizonte - MG, 30170-090, Brasil",Belo Horizonte,,MG,,30170-090,-19.93394,-43.94605,,,,,,Bancos,Demais Praças,-19.9339586,-43.9460877,0.3
,,,"Rua Felipe dos Santos, 15, Lourdes, Belo Horizonte - MG, 30180-163, Brasil",Belo Horizonte,,MG,,30180-163,-19.93543,-43.94198,,,,,,Bancos,Demais Praças,-19.935376,-43.942023,0.3
,,,"Rua Tomé de Souza, 866, Savassi, Belo Horizonte - MG, 30140-136, Brasil",Belo Horizonte,,MG,,30140-136,-19.93679,-43.93486,,,,,,Bancos,Demais Praças,-19.9366749,-43.9348488,0.3
,,,"Avenida Independência, 1239, Subsetor Sul-1, Ribeirão Preto - SP, 14025-390, Brasil",Ribeirão Preto,,SP,,14025-390,-21.18841,-47.80718,,,,,,Bancos,SP,-21.1884474,-47.8071304,0.3
,,,"Pizza Hut, Avenida Presidente Kennedy, Indaiatuba - SP, 13334-170, Brasil",Indaiatuba,,SP,,13334-170,-23.08442,-47.20176,,,,,,Bancos,SP,-23.084424,-47.20171089999999,0.3
,,,"Avenida Barão do Amazonas, 72, Petrópolis - RJ, 25685-070, Brasil",Petrópolis,,RJ,,25685-070,-22.51027,-43.1837,,,,,,Bancos,Demais Praças,-22.5101339,-43.1838346,0.3
,,,"Rua Engenheiro Portela, 97, Setor Central, Anápolis - GO, 75024-040, Brasil",Anápolis,,GO,,75024-040,-16.32551,-48.95638,,,,,,Bancos,Demais Praças,-16.3254828,-48.9563575,0.3
,,,"Avenida Barão de Itapura, 1252, Vila Itapura, Campinas - SP, 13020-432, Brasil",Campinas,,SP,,13020-432,-22.89346,-47.06485,,,,,,Bancos,SP,-22.8935293,-47.0648466,0.3
,,,"Avenida Francisco Glicério, 1249, Centro, Campinas - SP, 13012-000, Brasil",Campinas,,SP,,13012-000,-22.90377,-47.06043,,,,,,Bancos,SP,-22.9038526,-47.06060180000001,0.3
,,,"Rua Paula Bueno, 811, Taquaral, Campinas - SP, 13076-061, Brasil",Campinas,,SP,,13076-061,-22.88421,-47.05335,,,,,,Bancos,SP,-22.8841423,-47.05347450000001,0.3
,,,"Fernando César Buttignol, Avenida dos Esportes, 538, Centro, Valinhos - SP, 13270-210, Brasil",Valinhos,,SP,,13270-210,-22.975,-46.99914,,,,,,Bancos,SP,-22.9749546,-46.9993238,0.3
,,,"Avenida Júlio de Mesquita, 606, Cambuí, Campinas - SP, 13025-061, Brasil",Campinas,,SP,,13025-061,-22.90006,-47.05451,,,,,,Bancos,SP,-22.8998763,-47.0545249,0.3
,,,"Rua Comendador Araújo, 652, Batel, Curitiba - PR, 80420-063, Brasil",Curitiba,,PR,,80420-063,-25.43771,-49.28118,,,,,,Bancos,Demais Praças,-25.4376935,-49.2813384,0.3
,,,"Rua Marechal Deodoro, 230, Centro, Curitiba - PR, 80020-320, Brasil",Curitiba,,PR,,80020-320,-25.43172,-49.26996,,,,,,Bancos,Demais Praças,-25.4318312,-49.26985149999999,0.3
,,,"Rua Hermínio Baggio, 39, Estrela, Ponta Grossa - PR, 84050-460, Brasil",Ponta Grossa,,PR,,84050-460,-25.11554,-50.17134,,,,,,Bancos,Demais Praças,-25.1154118,-50.171383,0.3
,,,"Rua Sete de Setembro, 673, Centro, Blumenau - SC, 89010-201, Brasil",Blumenau,,SC,,89010-201,-26.92296,-49.06375,,,,,,Bancos,Demais Praças,-26.9230744,-49.0638004,0.3
,,,"Avenida Higienópolis, 266, Centro Histórico, Londrina - PR, 86020-080, Brasil",Londrina,,PR,,86020-080,-23.31231,-51.16582,,,,,,Bancos,Demais Praças,-23.3123212,-51.165851,0.3
,,,"Avenida Getúlio Dorneles Vargas, 905N, Centro, Chapecó - SC, 89801-002, Brasil",Chapecó,,SC,,89801-002,-27.09675,-52.61679,,,,,,Bancos,Demais Praças,-27.0968103,-52.61681429999999,0.3
,,,"Rua Barão do Cerro Azul, 1246, Centro, Cascavel - PR, 85801-080, Brasil",Cascavel,,PR,,85801-080,-24.95481,-53.45207,,,,,,Bancos,Demais Praças,-24.9547022,-53.4520847,0.3
,,,"Rua Arcipreste Paiva, 187, Centro, Florianópolis - SC, 88010-530, Brasil",Florianópolis,,SC,,88010-530,-27.59528,-48.54919,,,,,,Bancos,Demais Praças,-27.5954565,-48.5488179,0.3
,,,"Integrabike Estaçao 02 - Pça Coronel Fernando Prestes, Rua São Bento, Centro, Sorocaba - SP, 18010-030, Brasil",Sorocaba,,SP,,18010-030,-23.50071,-47.45775,,,,,,Bancos,SP,-23.50081,-47.4576544,0.3
,,,"Rua Rio Branco, 24-65, Vila Samaritana, Bauru - SP, 17016-190, Brasil",Bauru,,SP,,17016-190,-22.33787,-49.06735,,,,,,Bancos,SP,-22.337943,-49.0673571,0.3
,,,"Avenida Sampaio Vidal, 536, Marília - SP, 17500-020, Brasil",Marília,,SP,,17500-020,-22.21809,-49.9485,,,,,,Bancos,SP,-22.2182105,-49.9482915,0.3
,,,"Empório Lanches, Rua Augusta, 1343, Consolação, São Paulo - SP, 01304-001, Brasil",São Paulo,,SP,,01304-001,-23.55775,-46.66016,,,,,,Bancos,SP,-23.5580091,-46.6598234,0.3
,,,"Rua Saldanha da Gama, 3954, Comerciário, Criciúma - SC, 88802-475, Brasil",Criciúma,,SC,,88802-475,-28.68148,-49.36489,,,,,,Bancos,Demais Praças,-28.6814533,-49.3648818,0.3
,,,"Avenida Santo Amaro, 7123, Santo Amaro, São Paulo - SP, 04505-001, Brasil",São Paulo,,SP,,04505-001,-23.64287,-46.69968,,,,,,Bancos,SP,-23.6429564,-46.69961869999999,0.3
,,,"Rua Júlio de Castilhos, 1500, Planalto, Farroupilha - RS, 95180-000, Brasil",Farroupilha,,RS,,95180-000,-29.22385,-51.34532,,,,,,Bancos,Demais Praças,-29.2236948,-51.3453279,0.3
,,,"Rua Júlio de Castilhos, 400, Centro, Novo Hamburgo - RS, 93510-130, Brasil",Novo Hamburgo,,RS,,93510-130,-29.68159,-51.12707,,,,,,Bancos,Demais Praças,-29.6816377,-51.12709539999999,0.3
,,,"Rua Mariante, 86, Moinhos de Vento, Porto Alegre - RS, 90430-180, Brasil",Porto Alegre,,RS,,90430-180,-30.02837,-51.2042,,,,,,Bancos,Demais Praças,-30.0283306,-51.2042487,0.3
,,,"Rua Conselheiro Saraiva, 207, Santana, São Paulo - SP, 02037-020, Brasil",São Paulo,,SP,,02037-020,-23.49872,-46.62471,,,,,,Bancos,SP,-23.4987434,-46.6246819,0.3
,,,"Ensino Einstein, Avenida Albert Einstein, 627, Morumbi, São Paulo - SP, 05652-090, Brasil",São Paulo,,SP,,05652-090,-23.59994,-46.71511,,,,,,Bancos,SP,-23.5998828,-46.71526189999999,0.3
,,,"Rua Carneiro da Cunha, 53, Saúde, São Paulo - SP, 04144-000, Brasil",São Paulo,,SP,,04144-000,-23.61378,-46.63788,,,,,,Bancos,SP,-23.6137258,-46.6377923,0.3
,,,"Schutz, Rua Treze de Maio, Bela Vista, São Paulo - SP, 04849-529, Brasil",São Paulo,,SP,,04849-529,-23.57112,-46.64361,,,,,,Bancos,SP,-23.5710639,-46.6435539,0.3
,,,"Rua Cantagalo, 74, Tatuapé, São Paulo - SP, 03319-000, Brasil",São Paulo,,SP,,03319-000,-23.54729,-46.57287,,,,,,Bancos,SP,-23.5473073,-46.5730526,0.3
,,,"Pierre Perrone Arquitetos, Avenida Brigadeiro Faria Lima, Pinheiros, São Paulo - SP, 05423-150, Brasil",São Paulo,,SP,,05423-150,-23.5712,-46.69011,,,,,,Bancos,SP,-23.5712396,-46.6902048,0.3
,,,"Travessa São Vicente de Paulo, 3, Centro, São Bernardo do Campo - SP, 09720-070, Brasil",São Bernardo do Campo,,SP,,09720-070,-23.7026,-46.55193,,,,,,Bancos,SP,-23.7024265,-46.5519098,0.3
,,,"Dental Special, Alameda Rio Negro, 1030, Alphaville, Barueri - SP, 06454-000, Brasil",Barueri,,SP,,06454-000,-23.49621,-46.84822,,,,,,Bancos,SP,-23.49633,-46.8481807,0.3
,,,"Avenida Paes de Barros, 242, Móoca, São Paulo - SP, 03114-000, Brasil",São Paulo,,SP,,03114-000,-23.55751,-46.60063,,,,,,Bancos,SP,-23.5575116,-46.6005891,0.3
,,,"Rua Frei Galvão, 121C, Pinheiros, São Paulo - SP, 01454-060, Brasil",São Paulo,,SP,,01454-060,-23.58034,-46.68558,,,,,,Bancos,SP,-23.580244,-46.6857751,0.3
,,,"Safra, Rua Roma, Lapa, São Paulo - SP, 05050-090, Brasil",São Paulo,,SP,,05050-090,-23.52287,-46.70353,,,,,,Bancos,SP,-23.5228528,-46.70350310000001,0.3
,,,"Praça Charles Miller, 10, Perdizes, São Paulo - SP, 01236-030, Brasil",São Paulo,,SP,,01236-030,-23.54423,-46.6662,,,,,,Bancos,SP,-23.544181,-46.666193,0.3
,,,"Rua Joaquim Floriano, 737, Itaim Bibi, São Paulo - SP, 04534-003, Brasil",São Paulo,,SP,,04534-003,-23.58543,-46.67718,,,,,,Bancos,SP,-23.5855365,-46.67712090000001,0.3
,,,"Rua Rangel Pestana, 305, Centro, Jundiaí - SP, 13201-000, Brasil",Jundiaí,,SP,,13201-000,-23.18623,-46.88485,,,,,,Bancos,SP,-23.186286,-46.8848396,0.3
,,,"Rua Martim Afonso, 146, Centro, Santos - SP, 11010-060, Brasil",Santos,,SP,,11010-060,-23.93686,-46.32723,,,,,,Bancos,SP,-23.9369279,-46.326921,0.3
,,,"Rua Manoel Coelho, 560, Centro, São Caetano do Sul - SP, 09510-101, Brasil",São Caetano do Sul,,SP,,09510-101,-23.61455,-46.57251,,,,,,Bancos,SP,-23.6145219,-46.57259089999999,0.3
,,,"Rua Costa Aguiar, 700, Centro, Campinas - SP, 13010-061, Brasil",Campinas,,SP,,13010-061,-22.90591,-47.05966,,,,,,Bancos,SP,-22.9059884,-47.0595846,0.3
,,,"Avenida Ibirapuera, 2392, Moema, São Paulo - SP, 04028-002, Brasil",São Paulo,,SP,,04028-002,-23.60414,-46.66319,,,,,,Bancos,SP,-23.6041371,-46.663141,0.3
,,,"Avenida Angélica, 1380, Consolação, São Paulo - SP, 01228-100, Brasil",São Paulo,,SP,,01228-100,-23.54466,-46.65743,,,,,,Bancos,SP,-23.5447164,-46.6576573,0.3
,,,"Rua Olavo Bilac, 267, Cambuí, Campinas - SP, 13024-110, Brasil",Campinas,,SP,,13024-110,-22.8936,-47.05657,,,,,,Bancos,SP,-22.8936377,-47.0565252,0.3
,,,"Café da Sinagoga, Pinheiros, São Paulo - SP, 01455-000, Brasil",São Paulo,,SP,,01455-000,-23.57859,-46.69399,,,,,,Bancos,SP,-23.578571,-46.6937365,0.3
,,,"Avenida Voluntário Fernando Pinheiro Franco, 48, Mogi das Cruzes - SP, 08710-500, Brasil",Mogi das Cruzes,,SP,,08710-500,-23.52398,-46.19503,,,,,,Bancos,SP,-23.5240059,-46.194993,0.3
,,,"Rua Senador Flaquer, 304, Centro, Santo André - SP, 09010-160, Brasil",Santo André,,SP,,09010-160,-23.66137,-46.5249,,,,,,Bancos,SP,-23.661393,-46.524931,0.3
,,,"Rua Felício Marcondes, 361, Centro, Guarulhos - SP, 07010-030, Brasil",Guarulhos,,SP,,07010-030,-23.46692,-46.53016,,,,,,Bancos,SP,-23.4669375,-46.5303193,0.3
,,,"Rua Floriano Peixoto, 53, Centro, Araçatuba - SP, 16010-000, Brasil",Araçatuba,,SP,,16010-000,-21.20588,-50.4377,,,,,,Bancos,SP,-21.2058881,-50.4376391,0.3
,,,"Rua Bernardino de Campos, 3390, Centro, São José do Rio Preto - SP, 15015-300, Brasil",São José do Rio Preto,,SP,,15015-300,-20.81383,-49.38346,,,,,,Bancos,SP,-20.8136994,-49.3835228,0.3
,,,"Avenida Charles Schnneider, 1555, Barranco, Taubaté - SP, 12040-001, Brasil",Taubaté,,SP,,12040-001,-23.02591,-45.58086,,,,,,Bancos,SP,-23.0260414,-45.5810468,0.3
,,,"Rua Carlos Dietzsch, 120, Portão, Curitiba - PR, 80330-000, Brasil",Curitiba,,PR,,80330-000,-25.47259,-49.29553,,,,,,Bancos,Demais Praças,-25.4726045,-49.29559339999999,0.3
,,,"Rua Coriolano, 369, Lapa, São Paulo - SP, 05047-000, Brasil",São Paulo,,SP,,05047-000,-23.52611,-46.68898,,,,,,Bancos,SP,-23.5262675,-46.6889797,0.3
,,,"Rua Soares de Barros, 93, Itaim Bibi, São Paulo - SP, 04543-000, Brasil",São Paulo,,SP,,04543-000,-23.58984,-46.68019,,,,,,Bancos,SP,-23.5898704,-46.6802449,0.3
,,,"Thalita Galhardo Nutricionista, Avenida das Américas, 3500, Barra da Tijuca, Rio de Janeiro - RJ, 22640-102, Brasil",Rio de Janeiro,,RJ,,22640-102,-22.99941,-43.34822,,,,,,Bancos,Demais Praças,-22.9994579,-43.3482064,0.3
,,,"Avenida João Pinheiro, 215, Funcionários, Belo Horizonte - MG, 30130-183, Brasil",Belo Horizonte,,MG,,30130-183,-19.9273,-43.93641,,,,,,Bancos,Demais Praças,-19.9272283,-43.9364137,0.3
,,,"EZvolt, Praia de Botafogo, 440, Botafogo, Rio de Janeiro - RJ, 22250-040, Brasil",Rio de Janeiro,,RJ,,22250-040,-22.94872,-43.18268,,,,,,Bancos,Demais Praças,-22.948682,-43.1826996,0.3
,,,"Rua Visconde de Pirajá, 254, Ipanema, Rio de Janeiro - RJ, 22410-000, Brasil",Rio de Janeiro,,RJ,,22410-000,-22.98423,-43.20231,,,,,,Bancos,Demais Praças,-22.9842632,-43.2022804,0.3
,,,"Rua Candelária, Centro, Rio de Janeiro - RJ, 20091-020, Brasil",Rio de Janeiro,,RJ,,20091-020,-22.90127,-43.17716,,,,,,Bancos,Demais Praças,-22.901218,-43.17701900000001,0.3
,,,"Labormed, Rua Ator Paulo Gustavo, 70, Icaraí, Niterói - RJ, 24230-062, Brasil",Niterói,,RJ,,24230-062,-22.90589,-43.11196,,,,,,Bancos,Demais Praças,-22.9061237,-43.11220540000001,0.3
,,,"Rua Duque de Caxias, 521, Setor Central, Ribeirão Preto - SP, 14015-020, Brasil",Ribeirão Preto,,SP,,14015-020,-21.17419,-47.809,,,,,,Bancos,SP,-21.1742323,-47.8090256,0.3
,,,"Rua Américo Brasiliense, 296, Setor Central, Ribeirão Preto - SP, 14015-050, Brasil",Ribeirão Preto,,SP,,14015-050,-21.17597,-47.81162,,,,,,Bancos,SP,-21.1760164,-47.811741,0.3
,,,"Avenida Afonso Pena, 778, Centro, Uberlândia - MG, 38400-130, Brasil",Uberlândia,,MG,,38400-130,-18.9171,-48.27685,,,,,,Bancos,Demais Praças,-18.9171096,-48.276647,0.3
,,,"Netatur, Praça Estado da Palestina, Oeste, Goiânia - GO, 74115-071, Brasil",Goiânia,,GO,,74115-071,-16.68369,-49.26622,,,,,,Bancos,Demais Praças,-16.6837192,-49.2662955,0.3
,,,"Rua T-27, 1072, Bueno, Goiânia - GO, 74210-030, Brasil",Goiânia,,GO,,74210-030,-16.69603,-49.27244,,,,,,Bancos,Demais Praças,-16.6958798,-49.2724225,0.3
,,,"Rua José Ramon Urtiza, 807, Vila Andrade, São Paulo - SP, 05717-270, Brasil",São Paulo,,SP,,05717-270,-23.63339,-46.73109,,,,,,Bancos,SP,-23.6332819,-46.73113559999999,0.3
,,,"Avenida Doutor Cardoso de Melo, 1368, Itaim Bibi, São Paulo - SP, 04548-004, Brasil",São Paulo,,SP,,04548-004,-23.59747,-46.68663,,,,,,Bancos,SP,-23.5973864,-46.6865837,0.3
,,,"Avenida Ibirapuera, 2349, Moema, São Paulo - SP, 04029-200, Brasil",São Paulo,,SP,,04029-200,-23.60475,-46.66293,,,,,,Bancos,SP,-23.6047547,-46.66290670000001,0.3
,,,"Avenida Doutor Nilo Peçanha, 2320, Passo da Areia, Porto Alegre - RS, 91330-000, Brasil",Porto Alegre,,RS,,91330-000,-30.02806,-51.16915,,,,,,Bancos,Demais Praças,-30.0279409,-51.1691189,0.3
,,,"Rua Emília Marengo, 100, Vila Formosa, São Paulo - SP, 03336-000, Brasil",São Paulo,,SP,,03336-000,-23.55297,-46.56613,,,,,,Bancos,SP,-23.5530855,-46.5661898,0.3
,,,"Banco Santander Select, Avenida Nove de Julho, 1088, Subsetor Sul-1, Ribeirão Preto - SP, 14025-000, Brasil",Ribeirão Preto,,SP,,14025-000,-21.18731,-47.80858,,,,,,Bancos,SP,-21.1873752,-47.8085887,0.3
,,,"Avenida Angélica, 1951, Consolação, São Paulo - SP, 01228-100, Brasil",São Paulo,,SP,,01228-100,-23.54965,-46.65949,,,,,,Bancos,SP,-23.5496276,-46.6594072,0.3
,,,"Rua Boa Morte, 966, Centro, Piracicaba - SP, 13400-140, Brasil",Piracicaba,,SP,,13400-140,-22.7251,-47.64965,,,,,,Bancos,SP,-22.725104,-47.64962999999999,0.3
,,,"Rua Augusta, 2901, Jardim Paulista, São Paulo - SP, 01412-100, Brasil",São Paulo,,SP,,01412-100,-23.56584,-46.66819,,,,,,Bancos,SP,-23.5658293,-46.6681634,0.3
,,,"Avenida Graça Aranha, 57A, Centro, Rio de Janeiro - RJ, 20030-002, Brasil",Rio de Janeiro,,RJ,,20030-002,-22.90929,-43.17431,,,,,,Bancos,Demais Praças,-22.9092795,-43.1743602,0.3
,,,"Rua Lord Cockrane, 649, Ipiranga, São Paulo - SP, 04213-001, Brasil",São Paulo,,SP,,04213-001,-23.59263,-46.60141,,,,,,Bancos,SP,-23.5925066,-46.6014367,0.3
,,,"Rua Senador Flaquer, 391, Centro, Santo André - SP, 09010-160, Brasil",Santo André,,SP,,09010-160,-23.66178,-46.52421,,,,,,Bancos,SP,-23.6617844,-46.5242515,0.3
,,,"Hilton, Avenida das Nações Unidas, 12901, Itaim Bibi, São Paulo - SP, 04576-080, Brasil",São Paulo,,SP,,04576-080,-23.61108,-46.6961,,,,,,Bancos,SP,-23.6111834,-46.6960925,0.3
,,,"Rua Rio Branco, 24-25, Vila Samaritana, Bauru - SP, 17016-190, Brasil",Bauru,,SP,,17016-190,-22.33744,-49.06759,,,,,,Bancos,SP,-22.3373898,-49.0675904,0.3
,,,"Avenida Brasil, Manoel Honório, Juiz de Fora - MG, 36035-030, Brasil",Juiz de Fora,,MG,,36035-030,-21.74518,-43.35305,,,,,,Bancos,Demais Praças,-21.7450745,-43.3529642,0.3
,,,"Cléber Cabola Romano - Flores, Avenida Professor Fonseca Rodrigues, 301, Alto de Pinheiros, São Paulo - SP, 05461-010, Brasil",São Paulo,,SP,,05461-010,-23.55324,-46.70995,,,,,,Bancos,SP,-23.5532587,-46.7100454,0.3
,,,"Caixa Eletrônico Banco Real Shop Pratavieira, Avenida Júlio de Castilhos, 2025, Centro, Caxias do Sul - RS, 95020-425, Brasil",Caxias do Sul,,RS,,95020-425,-29.16776,-51.18219,,,,,,Bancos,Demais Praças,-29.1676871,-51.182081,0.3
,,,"Avenida Adolfo Pinheiro, 2115, Santo Amaro, São Paulo - SP, 04734-003, Brasil",São Paulo,,SP,,04734-003,-23.63606,-46.69455,,,,,,Bancos,SP,-23.6360311,-46.6946136,0.3
,,,"Avenida Brigadeiro Faria Lima, 3935, Itaim Bibi, São Paulo - SP, 04538-133, Brasil",São Paulo,,SP,,04538-133,-23.5908,-46.68096,,,,,,Bancos,SP,-23.5907135,-46.6809776,0.3
,,,"Praça Sílvio Romero, 133, Tatuapé, São Paulo - SP, 03323-000, Brasil",São Paulo,,SP,,03323-000,-23.54485,-46.57311,,,,,,Bancos,SP,-23.5447116,-46.5731382,0.3
,,,"Avenida Água Verde, 766, Água Verde, Curitiba - PR, 80620-200, Brasil",Curitiba,,PR,,80620-200,-25.45269,-49.27868,,,,,,Bancos,Demais Praças,-25.452759,-49.2787714,0.3
,,,"Passagem B, 731, Alphaville, Barueri - SP, 06455-000, Brasil",Barueri,,SP,,06455-000,-23.49787,-46.85428,,,,,,Bancos,SP,-23.4980492,-46.8544127,0.3
,,,"Avenida Goethe, 20, Rio Branco, Porto Alegre - RS, 90430-100, Brasil",Porto Alegre,,RS,,90430-100,-30.02979,-51.20108,,,,,,Bancos,Demais Praças,-30.02983069999999,-51.2010709,0.3
,,,"Avenida Nazaré, 597, Ipiranga, São Paulo - SP, 04263-000, Brasil",São Paulo,,SP,,04263-000,-23.58935,-46.61034,,,,,,Bancos,SP,-23.5893542,-46.61043979999999,0.3
,,,"Rua Galeão Carvalhal, 47, Gonzaga, Santos - SP, 11055-201, Brasil",Santos,,SP,,11055-201,-23.96768,-46.33201,,,,,,Bancos,SP,-23.9676896,-46.3320231,0.3
,,,"Rua Bernardino de Campos, 3918, Redentora, São José do Rio Preto - SP, 15015-300, Brasil",São José do Rio Preto,,SP,,15015-300,-20.8172,-49.38707,,,,,,Bancos,SP,-20.8171852,-49.387173,0.3
,,,"Valens Serviços Financeiros, Avenida Brigadeiro Faria Lima, Pinheiros, São Paulo - SP, 01452-001, Brasil",São Paulo,,SP,,01452-001,-23.57842,-46.68595,,,,,,Bancos,SP,-23.5784064,-46.68589919999999,0.3
,,,"Avenida Paes de Barros, 1030, Móoca, São Paulo - SP, 03114-000, Brasil",São Paulo,,SP,,03114-000,-23.56398,-46.59715,,,,,,Bancos,SP,-23.5640715,-46.5971818,0.3
,,,"Rua João Lourenço, 580, Moema, São Paulo - SP, 04508-030, Brasil",São Paulo,,SP,,04508-030,-23.58984,-46.66978,,,,,,Bancos,SP,-23.5897696,-46.6696849,0.3
,,,"W P Persinato Comércio, Rua Tupi, Centro Histórico, Londrina - PR, 86020-350, Brasil",Londrina,,PR,,86020-350,-23.31083,-51.16572,,,,,,Bancos,Demais Praças,-23.3107084,-51.1658273,0.3
,,,"Praça Charles Miller, 108, Perdizes, São Paulo - SP, 01236-060, Brasil",São Paulo,,SP,,01236-060,-23.54362,-46.66598,,,,,,Bancos,SP,-23.5436328,-46.6659882,0.3
,,,"Avenida Nossa Senhora de Copacabana, 592, Copacabana, Rio de Janeiro - RJ, 22020-001, Brasil",Rio de Janeiro,,RJ,,22020-001,-22.96942,-43.18521,,,,,,Bancos,Demais Praças,-22.9693884,-43.18527110000001,0.3
,,,"Rua Coronel Quirino, 925, Cambuí, Campinas - SP, 13025-001, Brasil",Campinas,,SP,,13025-001,-22.89982,-47.05234,,,,,,Bancos,SP,-22.8998923,-47.0524863,0.3
,,,"Avenida Washington Luís, 210, Encruzilhada, Santos - SP, 11050-200, Brasil",Santos,,SP,,11050-200,-23.95533,-46.32646,,,,,,Bancos,SP,-23.9553847,-46.3264593,0.3
,,,"Avenida Floriano Peixoto, 850, Centro, Uberlândia - MG, 38400-102, Brasil",Uberlândia,,MG,,38400-102,-18.91646,-48.2743,,,,,,Bancos,Demais Praças,-18.916501,-48.2742157,0.3
,,,"Rua Rangel Pestana, 268, Centro, Jundiaí - SP, 13201-000, Brasil",Jundiaí,,SP,,13201-000,-23.18644,-46.88425,,,,,,Bancos,SP,-23.1863323,-46.8840949,0.3
,,,"Rua Dom Marcos Barbosa, 2, Cidade Nova, Rio de Janeiro - RJ, 20211-178, Brasil",Rio de Janeiro,,RJ,,20211-178,-22.91216,-43.20635,,,,,,Bancos,Demais Praças,-22.9123325,-43.2062607,0.3
,,,"Avenida do Contorno, 6082, Savassi, Belo Horizonte - MG, 30110-042, Brasil",Belo Horizonte,,MG,,30110-042,-19.93994,-43.93581,,,,,,Bancos,Demais Praças,-19.9398465,-43.9358139,0.3
,,,"Rua Quinze de Novembro, 201, Sé, São Paulo - SP, 01013-001, Brasil",São Paulo,,SP,,01013-001,-23.5472,-46.63437,,,,,,Bancos,SP,-23.5472013,-46.6343211,0.3
,,,"Rua Comendador Araújo, 689, Batel, Curitiba - PR, 80420-063, Brasil",Curitiba,,PR,,80420-063,-25.43819,-49.28137,,,,,,Bancos,Demais Praças,-25.4383362,-49.28133099999999,0.3
,,,"Avenida Escola Politécnica, 97A, Rio Pequeno, São Paulo - SP, 05350-000, Brasil",São Paulo,,SP,,05350-000,-23.56408,-46.7532,,,,,,Bancos,SP,-23.5639436,-46.7531452,0.3
,,,"Rua Felício Marcondes, 237, Centro, Guarulhos - SP, 07010-000, Brasil",Guarulhos,,SP,,07010-000,-23.46805,-46.5301,,,,,,Bancos,SP,-23.4680873,-46.53014100000001,0.3
,,,"Avenida Brigadeiro Faria Lima, 2726, Pinheiros, São Paulo - SP, 01452-001, Brasil",São Paulo,,SP,,01452-001,-23.58046,-46.68536,,,,,,Bancos,SP,-23.5805093,-46.68539490000001,0.3
,,,"Rua Domingos de Morais, 817, Vila Mariana, São Paulo - SP, 04010-100, Brasil",São Paulo,,SP,,04010-100,-23.58371,-46.6374,,,,,,Bancos,SP,-23.5837105,-46.6374421,0.3
,,,"Rua XV de Novembro, Telêmaco Borba - PR, 84265-400, Brasil",Telêmaco Borba,,PR,,84265-400,-24.33181,-50.62657,,,,,,Bancos,Demais Praças,-24.3317967,-50.6265337,0.3
,,,"Avenida Pelinca, 154, Parque Avenida Pelinca, Campos dos Goytacazes - RJ, 28035-053, Brasil",Campos dos Goytacazes,,RJ,,28035-053,-21.7597,-41.33363,,,,,,Bancos,Demais Praças,-21.7596059,-41.333624,0.3
,,,"Rua Roxo Moreira, 910, Barão Geraldo, Campinas - SP, 13083-830, Brasil",Campinas,,SP,,13083-830,-22.81962,-47.07245,,,,,,Bancos,SP,-22.8195421,-47.0723793,0.3
,,,"Rua Botucatu, 653, Vila Mariana, São Paulo - SP, 04023-062, Brasil",São Paulo,,SP,,04023-062,-23.59737,-46.64257,,,,,,Bancos,SP,-23.5972674,-46.6424805,0.3
,,,"Rua Joaquim Nabuco, 169, Campo Belo, São Paulo - SP, 04621-001, Brasil",São Paulo,,SP,,04621-001,-23.624,-46.68371,,,,,,Bancos,SP,-23.6239074,-46.6836178,0.3
,,,"Avenida Álvares Cabral, 1797, Santo Agostinho, Belo Horizonte - MG, 30170-008, Brasil",Belo Horizonte,,MG,,30170-008,-19.93346,-43.95085,,,,,,Bancos,Demais Praças,-19.9335266,-43.95090709999999,0.3
,,,"Rua Conde de Bonfim, 149, Tijuca, Rio de Janeiro - RJ, 20520-050, Brasil",Rio de Janeiro,,RJ,,20520-050,-22.92507,-43.22617,,,,,,Bancos,Demais Praças,-22.9252612,-43.22630170000001,0.3
,,,"Rua Uruguai, 244, Centro Histórico, Porto Alegre - RS, 90010-140, Brasil",Porto Alegre,,RS,,90010-140,-30.02882,-51.22855,,,,,,Bancos,Demais Praças,-30.0288201,-51.22886700000001,0.3
,,,"Avenida Jornalista Rubens de Arruda Ramos, 1254, Centro, Florianópolis - SC, 88015-700, Brasil",Florianópolis,,SC,,88015-700,-27.58862,-48.55735,,,,,,Bancos,Demais Praças,-27.588666,-48.5573413,0.3
,,,"Rua Dolores Carvalho Vasconcelos, 332, Glória, Macaé - RJ, 27937-600, Brasil",Macaé,,RJ,,27937-600,-22.40247,-41.79665,,,,,,Bancos,Demais Praças,-22.4023396,-41.7965992,0.3
,,,"Rua Gavião Peixoto, 250, Icaraí, Niterói - RJ, 24230-092, Brasil",Niterói,,RJ,,24230-092,-22.90572,-43.10827,,,,,,Bancos,Demais Praças,-22.905623,-43.1083151,0.3
,,,"Itaigara, Avenida Barão de Itapura, 390, Vila Itapura, Campinas - SP, 13020-431, Brasil",Campinas,,SP,,13020-431,-22.89644,-47.06734,,,,,,Bancos,SP,-22.8964349,-47.0672359,0.3
,,,"Avenida Quinze de Novembro, 155, Centro, São José dos Campos - SP, 12210-070, Brasil",São José dos Campos,,SP,,12210-070,-23.18554,-45.88642,,,,,,Bancos,SP,-23.1855187,-45.8863764,0.3
,,,"Rua Quinze de Novembro, 26, Sé, São Paulo - SP, 01013-001, Brasil",São Paulo,,SP,,01013-001,-23.54874,-46.63368,,,,,,Bancos,SP,-23.5487644,-46.6336911,0.3
,,,"Avenida Sampaio Vidal, 536, Marília - SP, 17500-020, Brasil",Marília,,SP,,17500-020,-22.21809,-49.9485,,,,,,Bancos,SP,-22.2180672,-49.9484434,0.3
,,,"Avenida Leopoldino de Oliveira, 3265, Uberaba - MG, 38010-000, Brasil",Uberaba,,MG,,38010-000,-19.75026,-47.93321,,,,,,Bancos,Demais Praças,-19.7503378,-47.9332499,0.3
,,,"Rua Floriano Peixoto, 651, Abaeté - MG, 35620-000, Brasil",Abaeté,,MG,,35620-000,-19.15396,-45.4524,,,,,,Bancos,Demais Praças,-19.153931,-45.452304,0.3
,,,"Clínica Femina, Rua Doutor João Colin, Centro, Joinville - SC, 89201-299, Brasil",Joinville,,SC,,89201-299,-26.29977,-48.84795,,,,,,Bancos,Demais Praças,-26.2997504,-48.84803309999999,0.3
,,,"Avenida Paulista, 687, Jardim Paulista, São Paulo - SP, 01310-100, Brasil",São Paulo,,SP,,01310-100,-23.56714,-46.65002,,,,,,Bancos,SP,-23.5672775,-46.650124,0.3
,,,"Avenida Francisco Glicério, 826, Centro, Campinas - SP, 13012-100, Brasil",Campinas,,SP,,13012-100,-22.90718,-47.0584,,,,,,Bancos,SP,-22.9071445,-47.0583975,0.3
,,,"Avenida Rio Branco, 70, Centro, Rio de Janeiro - RJ, 20040-070, Brasil",Rio de Janeiro,,RJ,,20040-070,-22.90184,-43.17904,,,,,,Bancos,Demais Praças,-22.9018555,-43.1791042,0.3
,,,"Rua Voluntários da Pátria, 198, Botafogo, Rio de Janeiro - RJ, 22270-000, Brasil",Rio de Janeiro,,RJ,,22270-000,-22.95278,-43.18853,,,,,,Bancos,Demais Praças,-22.9527988,-43.1884987,0.3
,,,"Avenida Sumaré, 1130, Perdizes, São Paulo - SP, 05016-110, Brasil",São Paulo,,SP,,05016-110,-23.53904,-46.67532,,,,,,Bancos,SP,-23.5390288,-46.6753221,0.3
,,,"Centro Odontológico Agami, Rua Treze de Maio, Bela Vista, São Paulo - SP, 04849-529, Brasil",São Paulo,,SP,,04849-529,-23.5708,-46.64422,,,,,,Bancos,SP,-23.5706753,-46.6443046,0.3
,,,"Rua Augusta, 1611, Consolação, São Paulo - SP, 01304-001, Brasil",São Paulo,,SP,,01304-001,-23.55748,-46.65942,,,,,,Bancos,SP,-23.5574803,-46.6594035,0.3
,,,"Alameda Gabriel Monteiro da Silva, 1236, Pinheiros, São Paulo - SP, 05477-000, Brasil",São Paulo,,SP,,05477-000,-23.57021,-46.6804,,,,,,Bancos,SP,-23.570188,-46.6805315,0.3
,,,"Rua Baraldi, 1070, Centro, São Caetano do Sul - SP, 09510-010, Brasil",São Caetano do Sul,,SP,,09510-010,-23.61391,-46.57056,,,,,,Bancos,SP,-23.6140517,-46.5705521,0.3
,,,"Avenida Afonso Pena, 4123, Serra, Belo Horizonte - MG, 30130-009, Brasil",Belo Horizonte,,MG,,30130-009,-19.9462,-43.92152,,,,,,Bancos,Demais Praças,-19.9462577,-43.9215348,0.3
,,,"Avenida das Américas, 3333, Barra da Tijuca, Rio de Janeiro - RJ, 22631-003, Brasil",Rio de Janeiro,,RJ,,22631-003,-23.00091,-43.34785,,,,,,Bancos,Demais Praças,-23.0009209,-43.3478293,0.3
,,,"Avenida República do Líbano, 1860, Oeste, Goiânia - GO, 74125-125, Brasil",Goiânia,,GO,,74125-125,-16.68235,-49.26641,,,,,,Bancos,Demais Praças,-16.6822977,-49.2665332,0.3
,,,"Avenida Antônio de Almeida Leite, 1064, Jardim Paulista, Ourinhos - SP, 19907-000, Brasil",Ourinhos,,SP,,19907-000,-22.97865,-49.88093,,,,,,Bancos,SP,-22.9786553,-49.8808683,0.3
,,,"Avenida Professor Celso Ferreira da Silva, 190, Jardim Europa III, Avaré - SP, 18707-150, Brasil",Avaré,,SP,,18707-150,-23.0888,-48.92333,,,,,,Bancos,SP,-23.0887809,-48.9231814,0.3
,,,"Shell SELECT, Rua Gustavo Maciel, 25-85, Vila Samaritana, Bauru - SP, 17012-110, Brasil",Bauru,,SP,,17012-110,-22.3329,-49.06786,,,,,,Bancos,SP,-22.3328863,-49.0678107,0.3
,,,"Rua Virgílio Malta, 22-16, Jardim Estoril, Bauru - SP, 17016-080, Brasil",Bauru,,SP,,17016-080,-22.3383,-49.0709,,,,,,Bancos,SP,-22.3382446,-49.0708967,0.3
,,,"Avenida Getúlio Vargas, 6, Vila Mariana, Bauru - SP, 17017-000, Brasil",Bauru,,SP,,17017-000,-22.34031,-49.06282,,,,,,Bancos,SP,-22.3402255,-49.0627547,0.3
,,,"Rua José Vieira da Cunha e Silva, 260, Centro, Assis - SP, 19800-140, Brasil",Assis,,SP,,19800-140,-22.66209,-50.41649,,,,,,Bancos,SP,-22.6620547,-50.4164239,0.3
,,,"Rua Lourenço Prado, 206, Centro, Jaú - SP, 17201-000, Brasil",Jaú,,SP,,17201-000,-22.29657,-48.5564,,,,,,Bancos,SP,-22.2965204,-48.5562074,0.3
,,,"Rua José Benedito Nogueira, 9, Jardim Tropical, Botucatu - SP, 18607-289, Brasil",Botucatu,,SP,,18607-289,-22.88934,-48.4631,,,,,,Bancos,SP,-22.8891726,-48.463161,0.3
,,,"Rua José Cimino, 42, Marília - SP, 17507-102, Brasil",Marília,,SP,,17507-102,-22.19463,-49.9625,,,,,,Bancos,SP,-22.194522,-49.96250509999999,0.3
,,,"Astron Hotel Bauru, Rua Luso-Brasileira, 44, Jardim Estoril IV, Bauru - SP, 17016-190, Brasil",Bauru,,SP,,17016-190,-22.33927,-49.06677,,,,,,Bancos,SP,-22.3391337,-49.0667799,0.3
,,,"Rua Treze de Maio, 797, Centro, Piracicaba - SP, 13400-300, Brasil",Piracicaba,,SP,,13400-300,-22.72273,-47.64723,,,,,,Bancos,SP,-22.7227743,-47.6471701,0.3
,,,"Rua Álvares Cabral, 421, Marília - SP, 17501-100, Brasil",Marília,,SP,,17501-100,-22.22032,-49.94372,,,,,,Bancos,SP,-22.2201925,-49.9437918,0.3
,,,"Travessa Portugal, 164, Cidade Jardim, Piracicaba - SP, 13416-470, Brasil",Piracicaba,,SP,,13416-470,-22.71873,-47.64586,,,,,,Bancos,SP,-22.7187745,-47.6457643,0.3
,,,"Avenida Professora Izoraida M. Peres, 256, Parque Campolim, Sorocaba - SP, 18048-110, Brasil",Sorocaba,,SP,,18048-110,-23.53221,-47.46557,,,,,,Bancos,SP,-23.5322798,-47.4658189,0.3
,,,"Avenida São Carlos, 1069, Centro, São Carlos - SP, 13560-010, Brasil",São Carlos,,SP,,13560-010,-22.02402,-47.89072,,,,,,Bancos,SP,-22.0240047,-47.8907667,0.3
,,,"Rua Visconde do Rio Branco, 1488, Centro, Curitiba - PR, 80420-210, Brasil",Curitiba,,PR,,80420-210,-25.43463,-49.27868,,,,,,Bancos,Demais Praças,-25.434749,-49.2787093,0.3
,,,"Avenida dos Estudantes, 361, Lençóis Paulista - SP, 18682-170, Brasil",Lençóis Paulista,,SP,,18682-170,-22.60826,-48.80474,,,,,,Bancos,SP,-22.6082545,-48.8047225,0.3
,,,"Rua Fulvio Salvador Pagani, Campinas - SP, 13080-657, Brasil",Campinas,,SP,,13080-657,-22.84948,-47.08325,,,,,,Bancos,SP,-22.8496079,-47.083491,0.3
,,,"Avenida Barão de Itapura, 3223, Jardim Nossa Senhora Auxiliadora, Campinas - SP, 13076-269, Brasil",Campinas,,SP,,13076-269,-22.87902,-47.05383,,,,,,Bancos,SP,-22.8788999,-47.0539908,0.3
,,,"Ruff Distribuidora de Combustíveis, Loteamento Residencial Vila Bella, Campinas - SP, 13087-725, Brasil",Campinas,,SP,,13087-725,-22.85682,-47.0554,,,,,,Bancos,SP,-22.8569037,-47.055223,0.3
,,,"Avenida Francisco Glicério, 1101, Centro, Campinas - SP, 13012-000, Brasil",Campinas,,SP,,13012-000,-22.90501,-47.0598,,,,,,Bancos,SP,-22.9050115,-47.0597844,0.3
,,,"Rua Francisco Leite, 290, Centro, Araras - SP, 13600-180, Brasil",Araras,,SP,,13600-180,-22.3564,-47.38938,,,,,,Bancos,SP,-22.3563686,-47.38939020000001,0.3
,,,"Rua Onze de Agosto, 139, Tietê - SP, 18530-000, Brasil",Tietê,,SP,,18530-000,-23.108,-47.71311,,,,,,Bancos,SP,-23.1080375,-47.7130527,0.3
,,,"Rua Visconde do Rio Branco, 550, Cidade Alta, Piracicaba - SP, 13419-115, Brasil",Piracicaba,,SP,,13419-115,-22.72607,-47.63845,,,,,,Bancos,SP,-22.7260366,-47.63842289999999,0.3
,,,"Rua Doutor César Paranhos de Godoy, Jardim Chapadão, Campinas - SP, 13070-075, Brasil",Campinas,,SP,,13070-075,-22.89332,-47.08793,,,,,,Bancos,SP,-22.8933395,-47.0884522,0.3
,,,"Rua Engenheiro Carlos Stevenson, 421, Nova Campinas, Campinas - SP, 13092-170, Brasil",Campinas,,SP,,13092-170,-22.90186,-47.04514,,,,,,Bancos,SP,-22.9016166,-47.0451747,0.3
,,,"Rua Visconde do Rio Branco, 380, Centro, Araras - SP, 13600-140, Brasil",Araras,,SP,,13600-140,-22.3542,-47.38388,,,,,,Bancos,SP,-22.3542414,-47.383835,0.3
,,,"Rua Pres. Humberto de A. Castelo Branco, 382, Jardim Mercedes, Limeira - SP, 13480-230, Brasil",Limeira,,SP,,13480-230,-22.56915,-47.40308,,,,,,Bancos,SP,-22.5689949,-47.4031545,0.3
,,,"Avenida Mogi Mirim, 1249, Mogi Guaçu - SP, 13844-110, Brasil",Mogi Guaçu,,SP,,13844-110,-22.38511,-46.94301,,,,,,Bancos,SP,-22.3851901,-46.9430209,0.3
,,,"Avenida Presidente Vargas, 3235, Indaiatuba - SP, 13338-705, Brasil",Indaiatuba,,SP,,13338-705,-23.08532,-47.18438,,,,,,Bancos,SP,-23.0847649,-47.1841655,0.3
,,,"Rua Chico Pinto, 712, Centro, Araras - SP, 13600-061, Brasil",Araras,,SP,,13600-061,-22.35594,-47.38968,,,,,,Bancos,SP,-22.3559385,-47.3897134,0.3
,,,"Praça Capital, Campinas - SP, Brasil",Campinas,,SP,,,-22.8475,-47.08578,,,,,,Bancos,SP,-22.8474826,-47.085793,0.3
,,,"Khouri, Pereira Sociedade de Advogados, Avenida Cassiano Ricardo, 601, Parque Residencial Aquarius, São José dos Campos - SP, 12240-540, Brasil",São José dos Campos,,SP,,12240-540,-23.21995,-45.91057,,,,,,Bancos,SP,-23.2199618,-45.91059689999999,0.3
,,,"Rua República do Iraque, 80, Jardim Oswaldo Cruz, São José dos Campos - SP, 12216-540, Brasil",São José dos Campos,,SP,,12216-540,-23.19972,-45.88356,,,,,,Bancos,SP,-23.1999071,-45.8834485,0.3
,,,"Avenida Perseu, 161, Jardim Satélite, São José dos Campos - SP, 12230-470, Brasil",São José dos Campos,,SP,,12230-470,-23.22381,-45.88897,,,,,,Bancos,SP,-23.2237847,-45.8890144,0.3
,,,"RN Clínica, Rua Carlos Maria Auricchio, 70, Royal Park, São José dos Campos - SP, 12246-876, Brasil",São José dos Campos,,SP,,12246-876,-23.22465,-45.91019,,,,,,Bancos,SP,-23.2246649,-45.910188,0.3
,,,"Olivetti & Silva, Avenida Cassiano Ricardo, 319, Parque Residencial Aquarius, São José dos Campos - SP, 12240-540, Brasil",São José dos Campos,,SP,,12240-540,-23.21407,-45.90927,,,,,,Bancos,SP,-23.2138469,-45.9093664,0.3
,,,"Avenida das Linhas, 306, Jacareí - SP, 12301-150, Brasil",Jacareí,,SP,,12301-150,-23.26559,-45.93843,,,,,,Bancos,SP,-23.2656619,-45.9383422,0.3
,,,"Avenida Cassiano Ricardo, 401, Parque Residencial Aquarius, São José dos Campos - SP, 12246-870, Brasil",São José dos Campos,,SP,,12246-870,-23.21568,-45.90949,,,,,,Bancos,SP,-23.2157293,-45.9095397,0.3
,,,"Rua Princesa Isabel de Bragança, 235, Mogi das Cruzes - SP, 08710-460, Brasil",Mogi das Cruzes,,SP,,08710-460,-23.52359,-46.19653,,,,,,Bancos,SP,-23.5235148,-46.1963753,0.3
,,,"Espaço Engenheiro Riugi Kojima, Avenida Cassiano Ricardo, Jardim Cassiano Ricardo, São José dos Campos - SP, 12240-540, Brasil",São José dos Campos,,SP,,12240-540,-23.22133,-45.91095,,,,,,Bancos,SP,-23.221346,-45.910705,0.3
,,,"Rua Guaiaó, 560, Aparecida, Santos - SP, 11035-260, Brasil",Santos,,SP,,11035-260,-23.9786,-46.3089,,,,,,Bancos,SP,-23.9787216,-46.309005,0.3
,,,"Rua Vereador Henrique Soler, 73, Ponta da Praia, Santos - SP, 11030-010, Brasil",Santos,,SP,,11030-010,-23.98095,-46.2989,,,,,,Bancos,SP,-23.9809304,-46.2988577,0.3
,,,"Rua Olímpia, 375, Vila Camilópolis, Santo André - SP, 09230-500, Brasil",Santo André,,SP,,09230-500,-23.62089,-46.52813,,,,,,Bancos,SP,-23.6209359,-46.5280537,0.3
,,,"Avenida Paulista, 1450, Bela Vista, São Paulo - SP, 01311-200, Brasil",São Paulo,,SP,,01311-200,-23.56215,-46.65502,,,,,,Bancos,SP,-23.562184,-46.6550358,0.3
,,,"Rua Azevedo Soares, 2046, Tatuapé, São Paulo - SP, 03322-002, Brasil",São Paulo,,SP,,03322-002,-23.54723,-46.55702,,,,,,Bancos,SP,-23.5472722,-46.5569987,0.3
,,,"Denardi Advogados, Jardim Paulista, São Paulo - SP, 01419-001, Brasil",São Paulo,,SP,,01419-001,-23.56681,-46.65254,,,,,,Bancos,SP,-23.5667203,-46.6524286,0.3
,,,"Alameda Santos, 466, Vila Mariana, São Paulo - SP, 01418-000, Brasil",São Paulo,,SP,,01418-000,-23.56947,-46.64865,,,,,,Bancos,SP,-23.5692422,-46.6486111,0.3
,,,"Rua Aurora Sathler Rosa, 350, Palhano, Londrina - PR, 86050-430, Brasil",Londrina,,PR,,86050-430,-23.33012,-51.17838,,,,,,Bancos,Demais Praças,-23.3301665,-51.178355,0.3
,,,"Rua José Maria da Silva Paranhos, 446, Presidente, Londrina - PR, 86061-270, Brasil",Londrina,,PR,,86061-270,-23.31712,-51.17976,,,,,,Bancos,Demais Praças,-23.3171341,-51.1798297,0.3
,,,"Avenida Coronel Diógenes de Castro Ribeiro, Jaraguá - GO, 76330-000, Brasil",Jaraguá,,GO,,76330-000,-15.75902,-49.3138,,,,,,Clubes,Demais Praças,-15.759032,-49.313784,0.3
,,,"Rua Anfilóquio Nunes Pires, 5300, Bela Vista, Gaspar - SC, 89111-090, Brasil",Gaspar,,SC,,89111-090,-26.89986,-49.01105,,,,,,Clubes,Demais Praças,-26.8997375,-49.0110756,0.3
,,,"Rua Iguaçu, Coronel Vivida - PR, 85550-000, Brasil",Coronel Vivida,,PR,,85550-000,-25.97982,-52.56782,,,,,,Clubes,Demais Praças,-25.979821,-52.5678016,0.3
,,,"Avenida Engenheiro Miguel Gemma, 838, Mogi das Cruzes - SP, 08780-680, Brasil",Mogi das Cruzes,,SP,,08780-680,-23.5165,-46.17034,,,,,,Clubes,SP,-23.51643,-46.170281,0.3
,,,"Avenida Rio Branco, 2182, Dom Pedrito - RS, 96450-000, Brasil",Dom Pedrito,,RS,,96450-000,-30.9863,-54.66435,,,,,,Clubes,Demais Praças,-30.98612462,-54.66432301,0.3
,,,"Rua Nove, Cezarina - GO, 76195-000, Brasil",Cezarina,,GO,,76195-000,-16.97229,-49.7763,,,,,,Clubes,Demais Praças,-16.9722816,-49.7762669,0.3
,,,"Prefeitura de Valinhos, Rua Antônio Carlos, 301, Centro, Valinhos - SP, 13270-005, Brasil",Valinhos,,SP,,13270-005,-22.97126,-46.99382,,,,,,Clubes,SP,-22.9713942,-46.9941723,0.3
,,,"Pires do Rio, GO, Brasil",Pires do Rio,,GO,,75200-000,-17.30426,-48.28208,,,,,,Clubes,Demais Praças,-17.23112083,-48.25886586,0.3
,,,"Algodão Doce, Avenida Barão do Rio Branco, 351, Santa Rita do Sapucaí - MG, 37536-042, Brasil",Santa Rita do Sapucaí,,MG,,37536-042,-22.2521,-45.7035,,,,,,Clubes,Demais Praças,-22.2522523,-45.7035974,0.3
,,,"Rua Hélio Gomes, 45, São Cristóvão, Teófilo Otoni - MG, 39804-542, Brasil",Teófilo Otoni,,MG,,39804-542,-17.84073,-41.51505,,,,,,Clubes,Demais Praças,-17.8407034,-41.5151601,0.3
,,,"Parque, Rua Pastor João Marcondes, Jandaia do Sul - PR, 86900-000, Brasil",Jandaia do Sul,,PR,,86900-000,-23.60361,-51.63955,,,,,,Clubes,Demais Praças,-23.603634,-51.6400085,0.3
,,,"ERS-734, Rio Grande - RS, 96216-400, Brasil",Rio Grande,,RS,,96216-400,-32.11729,-52.17569,,,,,,Clubes,Demais Praças,-32.1172747,-52.1757186,0.3
,,,"Rua Ângelo Sordi, 456, Santa Rosa de Viterbo - SP, 14270-000, Brasil",Santa Rosa de Viterbo,,SP,,14270-000,-21.49232,-47.37873,,,,,,Clubes,SP,-21.4930634,-47.3787585,0.3
,,,"Rodovia Raposo Tavares, Araçoiaba da Serra - SP, 18190-000, Brasil",Araçoiaba da Serra,,SP,,18190-000,-23.53458,-47.63555,,,,,,Clubes,SP,-23.53315186,-47.63666189,0.3
,,,"SUBWAY, Erw S Bloco M, Asa Sul, Brasília - DF, Brasil",Brasília,,DF,,,-15.79599,-47.88504,,,,,,Clubes,Demais Praças,-15.7959909,-47.885041,0.3
,,,"Ipe Country Clube, Rua Olavo Campanha, 90, Itambacuri - MG, 39830-000, Brasil",Itambacuri,,MG,,39830-000,-18.03208,-41.68285,,,,,,Clubes,Demais Praças,-18.032094,-41.6827892,0.3
,,,"Barretos Park Hotel, Los Angeles, Barretos - SP, 14786-115, Brasil",Barretos,,SP,,14786-115,-20.50446,-48.59257,,,,,,Clubes,SP,-20.50313746,-48.59679205,0.3
,,,"Avenida Senhora de Copacabana, 87, Lagoa Santa - MG, 33400-000, Brasil",Lagoa Santa,,MG,,33400-000,-19.64982,-43.89925,,,,,,Clubes,Demais Praças,-19.650884,-43.896641,0.3
,,,"Avenida Marechal Cordeiro de Farias, 79, Ivaiporã - PR, 86870-000, Brasil",Ivaiporã,,PR,,86870-000,-24.24313,-51.67658,,,,,,Clubes,Demais Praças,-24.243247,-51.676508,0.3
,,,"Rua Fagundes Varella, 136, Petrópolis - RJ, 25680-100, Brasil",Petrópolis,,RJ,,25680-100,-22.50109,-43.18453,,,,,,Clubes,Demais Praças,-22.501065,-43.184566,0.3
,,,"Avenida Vinte e Quatro de Outubro, 1946, Medianeira - PR, 85884-000, Brasil",Medianeira,,PR,,85884-000,-25.2842,-54.08625,,,,,,Clubes,Demais Praças,-25.2842978,-54.0861785,0.3
,,,"Panificadora Santo Antônio, Rua Tiradentes, São Jorge do Ivaí - PR, 87190-000, Brasil",São Jorge do Ivaí,,PR,,87190-000,-23.43405,-52.2931,,,,,,Clubes,Demais Praças,-23.4340664,-52.2933985,0.3
,,,"Rua Agapanto, 2, Vargem Grande, Rio de Janeiro - RJ, 22785-000, Brasil",Rio de Janeiro,,RJ,,22785-000,-22.9736,-43.49379,,,,,,Clubes,Demais Praças,-22.9737694,-43.4937589,0.3
,,,"Avenida Bento Munhoz da Rocha Neto, 995, União da Vitória - PR, 84600-040, Brasil",União da Vitória,,PR,,84600-040,-26.22205,-51.09316,,,,,,Clubes,Demais Praças,-26.222079,-51.0932582,0.3
,,,"Avenida General André Neves, Paranavaí - PR, Brasil",Paranavaí,,PR,,,-23.09526,-52.48271,,,,,,Clubes,Demais Praças,-23.0952593,-52.4827066,0.3
,,,"Rua Noventa, Alexânia - GO, 72930-000, Brasil",Alexânia,,GO,,72930-000,-16.08423,-48.5005,,,,,,Clubes,Demais Praças,-16.084277,-48.500508,0.3
,,,"Avenida Sansão Carneiro, 182, Galvão - SC, 89838-000, Brasil",Galvão,,SC,,89838-000,-26.45474,-52.69343,,,,,,Clubes,Demais Praças,-26.454616,-52.693551,0.3
,,,"Rua Miguel José Mansur, 420, Cascatinha, Juiz de Fora - MG, 36033-250, Brasil",Juiz de Fora,,MG,,36033-250,-21.78378,-43.36008,,,,,,Clubes,Demais Praças,-21.7836507,-43.3600731,0.3
,,,"Avenida da Liberdade, 87, Sé, São Paulo - SP, 01502-000, Brasil",São Paulo,,SP,,01502-000,-23.55375,-46.63496,,,,,,Clubes,SP,-23.553747,-46.634948,0.3
,,,"Rua Barão do Rio Branco, 660, Ipuã - SP, 14610-000, Brasil",Ipuã,,SP,,14610-000,-20.44431,-48.01326,,,,,,Clubes,SP,-20.4442588,-48.0133293,0.3
,,,"Rua Vicente Machado, 1893, Country, Cascavel - PR, 62850-000, Brasil",Cascavel,,PR,,62850-000,-24.94324,-53.45104,,,,,,Clubes,Demais Praças,-24.94351084,-53.45144357,0.3
,,,"Rua Estevam Domingos Pederassi, Porto Real - RJ, 27570-000, Brasil",Porto Real,,RJ,,27570-000,-22.43617,-44.30366,,,,,,Clubes,Demais Praças,-22.43618,-44.303643,0.3
,,,"Rua Augusto Pessoa, 88, São Gonçalo do Rio Abaixo - MG, 35935-000, Brasil",São Gonçalo do Rio Abaixo,,MG,,35935-000,-19.82627,-43.36004,,,,,,Clubes,Demais Praças,-19.8263408,-43.3599814,0.3
,,,"Rua Ferdinando Malanowski, 87, Cândido de Abreu - PR, 84470-000, Brasil",Cândido de Abreu,,PR,,84470-000,-24.572,-51.3421,,,,,,Clubes,Demais Praças,-24.57184134,-51.34207233,0.3
,,,"PR-498, Japurá - PR, 87225-000, Brasil",Japurá,,PR,,87225-000,-23.46979,-52.55472,,,,,,Clubes,Demais Praças,-23.470134,-52.5549674,0.3
,,,"Santa Cruz Country Club, Country, Santa Cruz do Sul - RS, 96820-790, Brasil",Santa Cruz do Sul,,RS,,96820-790,-29.71136,-52.39969,,,,,,Clubes,Demais Praças,-29.7112876,-52.3995353,0.3
,,,"Avenida Geraldo Almeida, 411, Formiga - MG, 35573-120, Brasil",Formiga,,MG,,35573-120,-20.49234,-45.43347,,,,,,Clubes,Demais Praças,-20.492542,-45.4334691,0.3
,,,"Rua do Imperador, 334, Petrópolis - RJ, 25620-003, Brasil",Petrópolis,,RJ,,25620-003,-22.5086,-43.17289,,,,,,Clubes,Demais Praças,-22.508668,-43.172836,0.3
,,,"Via Expressa de Contagem, Jardim das Alterosas Primeira Seção, Betim - MG, Brasil",Betim,,MG,,,-19.94809,-44.14991,,,,,,Clubes,Demais Praças,-19.9481255,-44.1498578,0.3
,,,"Conceição do Rio Verde, MG, Brasil",Conceição do Rio Verde,,MG,,37430-000,-21.88425,-45.08428,,,,,,Clubes,Demais Praças,-21.92641866,-45.07234909,0.3
,,,"Rua São Geraldo, 259, Nova Santa Rosa - PR, 85930-000, Brasil",Nova Santa Rosa,,PR,,85930-000,-24.47349,-53.95287,,,,,,Clubes,Demais Praças,-24.47348,-53.952883,0.3
,,,"Avenida Conselheiro Julius Arp, 145, Nova Friburgo - RJ, 28623-000, Brasil",Nova Friburgo,,RJ,,28623-000,-22.2918,-42.53672,,,,,,Clubes,Demais Praças,-22.2916016,-42.5369601,0.3
,,,"Rua São Paulo, 922, Lupionópolis - PR, 86635-000, Brasil",Lupionópolis,,PR,,86635-000,-22.75762,-51.65822,,,,,,Clubes,Demais Praças,-22.7575434,-51.6582701,0.3
,,,"Rodovia Amador Bueno da Veiga, Socorro, Pindamonhangaba - SP, 12424-590, Brasil",Pindamonhangaba,,SP,,12424-590,-22.9525,-45.48416,,,,,,Clubes,SP,-22.952485,-45.484173,0.3
,,,"Pousada Brilho do Sol, Serra Negra - SP, 13930-000, Brasil",Serra Negra,,SP,,13930-000,-22.57945,-46.65008,,,,,,Clubes,SP,-22.57494505,-46.64745249,0.3
,,,"Estrada Bougainville, 442, Jacarepaguá, Rio de Janeiro - RJ, 22753-210, Brasil",Rio de Janeiro,,RJ,,22753-210,-22.97107,-43.32559,,,,,,Clubes,Demais Praças,-22.97170465,-43.32295988,0.3
,,,"Avenida Heráclito Fontoura Sobral Pinto, Ribeirão Preto - SP, 14022-020, Brasil",Ribeirão Preto,,SP,,14022-020,-21.24922,-47.79811,,,,,,Clubes,SP,-21.2490323,-47.7982928,0.3
,,,"Rua do Barreiro, 549, Mairiporã - SP, 07629-322, Brasil",Mairiporã,,SP,,07629-322,-23.32472,-46.58799,,,,,,Clubes,SP,-23.324825,-46.587702,0.3
,,,"Avenida Nossa Senhora da Piedade, 94, Piedade, Itajubá - MG, 37504-593, Brasil",Itajubá,,MG,,37504-593,-22.44535,-45.4879,,,,,,Clubes,Demais Praças,-22.4465825,-45.487816,0.3
,,,"Rua Pio X II, 580, Ivatuba - PR, 87130-000, Brasil",Ivatuba,,PR,,87130-000,-23.61932,-52.2207,,,,,,Clubes,Demais Praças,-23.6191974,-52.2207636,0.3
,,,"Rua José Cota, 60, Ilha de Guaratiba, Rio de Janeiro - RJ, 23020-590, Brasil",Rio de Janeiro,,RJ,,23020-590,-22.9946,-43.54871,,,,,,Clubes,Demais Praças,-22.99492627,-43.54873461,0.3
,,,"Rodovia ARA-227, Araranguá - SC, 88900-000, Brasil",Araranguá,,SC,,88900-000,-28.94319,-49.42701,,,,,,Clubes,Demais Praças,-28.94345575,-49.4269939,0.3
,,,"Rua José A. Moreira, 95, Queluz - SP, 12800-000, Brasil",Queluz,,SP,,12800-000,-22.53134,-44.77801,,,,,,Clubes,SP,-22.5316634,-44.7785327,0.3
,,,"Quiosque 5, Arujá - SP, 07400-000, Brasil",Arujá,,SP,,07400-000,-23.4113,-46.37036,,,,,,Clubes,SP,-23.411049,-46.3707986,0.3
,,,"Rua Chile, 82, Vila Progresso, Niterói - RJ, 24322-000, Brasil",Niterói,,RJ,,24322-000,-22.89734,-43.03429,,,,,,Clubes,Demais Praças,-22.89736699,-43.03451419,0.3
,,,"Rua Fioravante Druda, 256, Ubá - MG, 36500-000, Brasil",Ubá,,MG,,36500-000,-21.1293,-42.95011,,,,,,Clubes,Demais Praças,-21.1293485,-42.9500064,0.3
,,,"Estrada das Arcas Próximo ao 2525, Rua Manoel Raposo da Silva, Itaipava, Petrópolis - RJ, 25745-430, Brasil",Petrópolis,,RJ,,25745-430,-22.38245,-43.11804,,,,,,Clubes,Demais Praças,-22.3824947,-43.1180455,0.3
,,,"Rua Itabaiana, 303, Grajaú, Rio de Janeiro - RJ, 20561-050, Brasil",Rio de Janeiro,,RJ,,20561-050,-22.92273,-43.26725,,,,,,Clubes,Demais Praças,-22.922513,-43.267523,0.3
,,,"Emeief Dom Pedro II, Rua Manoel Ribas, 356, Matelândia - PR, 85887-000, Brasil",Matelândia,,PR,,85887-000,-25.24673,-53.98119,,,,,,Clubes,Demais Praças,-25.246888,-53.9808565,0.3
,,,"Rua Palmitos, 666, Efapi, Chapecó - SC, 89809-600, Brasil",Chapecó,,SC,,89809-600,-27.10225,-52.67013,,,,,,Clubes,Demais Praças,-27.1021869,-52.6700591,0.3
,,,"Rua Durval de Oliveira, São Carlos - SP, 13571-783, Brasil",São Carlos,,SP,,13571-783,-22.07824,-47.83708,,,,,,Clubes,SP,-22.0748479,-47.83769507,0.3
,,,"Estrada da Ilha, 4830, Joinville - SC, 89239-250, Brasil",Joinville,,SC,,89239-250,-26.22169,-48.88302,,,,,,Clubes,Demais Praças,-26.2217166,-48.8828937,0.3
,,,"Rua João Guimarães, 371, Centro, Trajano de Moraes - RJ, 28750-000, Brasil",Trajano de Moraes,,RJ,,28750-000,-22.06391,-42.0603,,,,,,Clubes,Demais Praças,-22.0640027,-42.0601711,0.3
,,,"Estrada Marechal Marciano Ávila, 24, Restinga, Porto Alegre - RS, 91787-340, Brasil",Porto Alegre,,RS,,91787-340,-30.13241,-51.17187,,,,,,Clubes,Demais Praças,-30.1324483,-51.1713653,0.3
,,,"Pedra Azul, MG, Brasil",Pedra Azul,,MG,,39970-000,-15.99788,-41.28066,,,,,,Clubes,Demais Praças,-15.94549405,-41.11525245,0.3
,,,"Rua Joaquim C. de Rezende, Guaxupé - MG, 37800-000, Brasil",Guaxupé,,MG,,37800-000,-21.303,-46.69873,,,,,,Clubes,Demais Praças,-21.304365,-46.698129,0.3
,,,"Avenida Minas Gerais, 2176, Maria Eugênia, Governador Valadares - MG, 35057-760, Brasil",Governador Valadares,,MG,,35057-760,-18.84244,-41.9545,,,,,,Clubes,Demais Praças,-18.8426298,-41.9542326,0.3
,,,"Avenida do Jaceguava, 2961, Parelheiros, São Paulo - SP, 04870-425, Brasil",São Paulo,,SP,,04870-425,-23.77799,-46.74367,,,,,,Clubes,SP,-23.77868914,-46.74307548,0.3
,,,"Rua Francisco C. Sobrinho, Vianópolis - GO, 75265-000, Brasil",Vianópolis,,GO,,75265-000,-16.75394,-48.51783,,,,,,Clubes,Demais Praças,-16.753912,-48.517458,0.3
,,,"Avenida X, 289, Moradas da Colina, Guaíba - RS, 92500-000, Brasil",Guaíba,,RS,,92500-000,-30.13124,-51.33899,,,,,,Clubes,Demais Praças,-30.132229,-51.339843,0.3
,,,"Estrada S. S. das Águas Claras, São Sebastião das Águas Claras, Nova Lima - MG, 34000-000, Brasil",Nova Lima,,MG,,34000-000,-20.03275,-43.93735,,,,,,Clubes,Demais Praças,-20.026872,-43.933938,0.3
,,,"LMG-882, 202, Silvianópolis - MG, 37560-000, Brasil",Silvianópolis,,MG,,37560-000,-22.02721,-45.83578,,,,,,Clubes,Demais Praças,-22.027376,-45.835855,0.3
,,,"Rua Arnaldo Busato, 3481, Realeza - PR, 85770-000, Brasil",Realeza,,PR,,85770-000,-25.77155,-53.53443,,,,,,Clubes,Demais Praças,-25.7714923,-53.534619,0.3
,,,"Rua Sete de Setembro, 1204, Tapejara - PR, 87430-000, Brasil",Tapejara,,PR,,87430-000,-23.73477,-52.85892,,,,,,Clubes,Demais Praças,-23.7346704,-52.858999,0.3
,,,"Pastelaria Machado, Praça Antônio Ferreira Leme, São Miguel Arcanjo - SP, 18230-000, Brasil",São Miguel Arcanjo,,SP,,18230-000,-23.87862,-47.99395,,,,,,Clubes,SP,-23.8786864,-47.9940081,0.3
,,,"Praça Manoel dos Reis Filho, 100, Jaraguá, Belo Horizonte - MG, 31270-870, Brasil",Belo Horizonte,,MG,,31270-870,-19.85583,-43.94854,,,,,,Clubes,Demais Praças,-19.855855,-43.9485134,0.3
,,,"Rodovia dos Inconfidentes, Novo Itabirito, Itabirito - MG, 35450-000, Brasil",Itabirito,,MG,,35450-000,-20.26622,-43.76957,,,,,,Clubes,Demais Praças,-20.266201,-43.769575,0.3
,,,"Avenida João Medeiros, 2009, Ubiratã - PR, 85440-000, Brasil",Ubiratã,,PR,,85440-000,-24.54032,-52.98283,,,,,,Clubes,Demais Praças,-24.540318,-52.9828575,0.3
,,,"Avenida Brasil, 28725, Realengo, Rio de Janeiro - RJ, 21730-231, Brasil",Rio de Janeiro,,RJ,,21730-231,-22.86294,-43.44316,,,,,,Clubes,Demais Praças,-22.8628731,-43.4430607,0.3
,,,"Rua Amazonas, Braz I, Avaré - SP, 18701-180, Brasil",Avaré,,SP,,18701-180,-23.10041,-48.91602,,,,,,Clubes,SP,-23.100409,-48.9160363,0.3
,,,"Avenida Um, 539, Espírito Santo, Valinhos - SP, 13273-609, Brasil",Valinhos,,SP,,13273-609,-22.94049,-46.97731,,,,,,Clubes,SP,-22.9405796,-46.9771989,0.3
,,,"Rodovia Marechal Rondon, Lins - SP, Brasil",Lins,,SP,,,-21.71529,-49.72855,,,,,,Clubes,SP,-21.715283,-49.728543,0.3
,,,"Rua Ludovico Barbosa, 385, Nova Lima - MG, 34004-630, Brasil",Nova Lima,,MG,,34004-630,-20.00231,-43.88968,,,,,,Clubes,Demais Praças,-20.002293,-43.88971,0.3
,,,"Avenida dos Amores, 123, Itaipava, Petrópolis - RJ, 25730-320, Brasil",Petrópolis,,RJ,,25730-320,-22.41427,-43.1274,,,,,,Clubes,Demais Praças,-22.4142809,-43.1273661,0.3
,,,"Avenida Presidente Castelo Branco, 935, Dois Vizinhos - PR, 85660-000, Brasil",Dois Vizinhos,,PR,,85660-000,-25.74655,-53.06151,,,,,,Clubes,Demais Praças,-25.7464549,-53.0615734,0.3
,,,"Rua Fábio José Ribeiro, 314, Casimiro de Abreu - RJ, 28860-000, Brasil",Casimiro de Abreu,,RJ,,28860-000,-22.48368,-42.20163,,,,,,Clubes,Demais Praças,-22.4836725,-42.2015431,0.3
,,,"Avenida Country Club, 4995, Cascatinha, Petrópolis - RJ, 25730-410, Brasil",Petrópolis,,RJ,,25730-410,-22.42866,-43.11602,,,,,,Clubes,Demais Praças,-22.428453,-43.1155966,0.3
,,,"Avenida Avelino Vieira, 162, Wenceslau Braz - PR, 84950-000, Brasil",Wenceslau Braz,,PR,,84950-000,-23.87137,-49.8023,,,,,,Clubes,Demais Praças,-23.8714093,-49.8024588,0.3
,,,"Avenida Paraná, 643, Kaloré - PR, 86920-000, Brasil",Kaloré,,PR,,86920-000,-23.82542,-51.66814,,,,,,Clubes,Demais Praças,-23.82555071,-51.66789997,0.3
,,,"Casa da Juh e do Andrew, Centro, São José dos Pinhais - PR, 83005-160, Brasil",São José dos Pinhais,,PR,,83005-160,-25.53208,-49.20362,,,,,,Clubes,Demais Praças,-25.5318354,-49.2035722,0.3
,,,"Rua Senador Dantas, 701, Carmo - RJ, 28640-000, Brasil",Carmo,,RJ,,28640-000,-21.93138,-42.60495,,,,,,Clubes,Demais Praças,-21.9314519,-42.605043,0.3
,,,"Farmácias São João, Rua Alfredo Winck, 829, Chapada - RS, 99530-000, Brasil",Chapada,,RS,,99530-000,-28.05757,-53.06831,,,,,,Clubes,Demais Praças,-28.0576777,-53.0684395,0.3
,,,"Rua José Ribeiro da Silva, 1101, Jardim Recanto do Bosque, São João da Boa Vista - SP, 13874-421, Brasil",São João da Boa Vista,,SP,,13874-421,-21.97043,-46.76266,,,,,,Clubes,SP,-21.970417,-46.762504,0.3
,,,"Rua Uruguai, 574, Tijuca, Rio de Janeiro - RJ, 20510-060, Brasil",Rio de Janeiro,,RJ,,20510-060,-22.93634,-43.23884,,,,,,Clubes,Demais Praças,-22.93634,-43.23884,0.3
,,,"Rua Marechal Deodoro da Fonseca, 167, Cristina - MG, 37476-000, Brasil",Cristina,,MG,,37476-000,-22.20169,-45.25973,,,,,,Clubes,Demais Praças,-22.201818,-45.259698,0.3
,,,"Estrada Rural, Cafelândia - PR, 85415-000, Brasil",Cafelândia,,PR,,85415-000,-24.61262,-53.32517,,,,,,Clubes,Demais Praças,-24.612633,-53.325178,0.3
,,,"Praça Treze de Maio, 131, Pedregulho, Guaratinguetá - SP, 12515-025, Brasil",Guaratinguetá,,SP,,12515-025,-22.80792,-45.1969,,,,,,Clubes,SP,-22.807867,-45.196882,0.3
,,,"Caratinga, MG, Brasil",Caratinga,,MG,,35300-036,-19.79007,-42.13916,,,,,,Clubes,Demais Praças,-19.90678391,-42.22853559,0.3
,,,"Rua Prudente de Morais, 1597, Ipanema, Rio de Janeiro - RJ, 22420-043, Brasil",Rio de Janeiro,,RJ,,22420-043,-22.98505,-43.21242,,,,,,Clubes,Demais Praças,-22.9851278,-43.2123242,0.3
,,,"Rua João Antônio de Sousa, João Pinheiro - MG, 38770-000, Brasil",João Pinheiro,,MG,,38770-000,-17.74051,-46.17416,,,,,,Clubes,Demais Praças,-17.7405182,-46.1741639,0.3
,,,"Avenida Alberto Carazzai, 313, Cornélio Procópio - PR, 86300-000, Brasil",Cornélio Procópio,,PR,,86300-000,-23.18493,-50.64275,,,,,,Clubes,Demais Praças,-23.1843867,-50.6428495,0.3
,,,"Rua Careiro, 69, Cangaíba, São Paulo - SP, 03758-040, Brasil",São Paulo,,SP,,03758-040,-23.50294,-46.50189,,,,,,Clubes,SP,-23.5030795,-46.501829,0.3
,,,"Eliana - Maria Mole Ateliã., Rua Coronel Capucho, 66, Santo Antônio da Platina - PR, 86430-000, Brasil",Santo Antônio da Platina,,PR,,86430-000,-23.29817,-50.07278,,,,,,Clubes,Demais Praças,-23.2980974,-50.0726882,0.3
,,,"Algodão Doce, Avenida Barão do Rio Branco, 351, Santa Rita do Sapucaí - MG, 37536-042, Brasil",Santa Rita do Sapucaí,,MG,,37536-042,-22.2521,-45.7035,,,,,,Clubes,Demais Praças,-22.2522523,-45.7035974,0.3
,,,"Estrada da Gávea, 800, São Conrado, Rio de Janeiro - RJ, 22610-002, Brasil",Rio de Janeiro,,RJ,,22610-002,-22.99731,-43.26435,,,,,,Clubes,Demais Praças,-22.9973488,-43.2643762,0.3
,,,"Rua XV de Novembro, 7640, Centro, Guarapuava - PR, 85010-000, Brasil",Guarapuava,,PR,,85010-000,-25.39424,-51.46741,,,,,,Clubes,Demais Praças,-25.3944002,-51.4672472,0.3
,,,"GO-330, Campo Limpo de Goiás - GO, 75160-000, Brasil",Campo Limpo de Goiás,,GO,,75160-000,-16.31616,-49.06327,,,,,,Clubes,Demais Praças,-16.31185816,-49.06249476,0.3
,,,"Rua Dona Dagmar, 230, Centro, Belford Roxo - RJ, 26130-220, Brasil",Belford Roxo,,RJ,,26130-220,-22.76679,-43.40286,,,,,,Clubes,Demais Praças,-22.7669357,-43.4028568,0.3
,,,"Rua Oitenta e Oito, 7-12, Baliza-Itaipu, Goiânia - GO, 74355-466, Brasil",Goiânia,,GO,,74355-466,-16.78242,-49.35388,,,,,,Clubes,Demais Praças,-16.7823764,-49.3537987,0.3
,,,"Avenida Manoel Cabral, Jundiaí - SP, 13211-224, Brasil",Jundiaí,,SP,,13211-224,-23.19056,-46.9364,,,,,,Clubes,SP,-23.190556,-46.936393,0.3
,,,"Rua Professor Antônio Reginato, 238, Marília - SP, 17526-290, Brasil",Marília,,SP,,17526-290,-22.23256,-49.98021,,,,,,Clubes,SP,-22.2326299,-49.9801951,0.3
,,,"Rua Barão do Rio Branco, 150, Campo Belo - MG, 37270-000, Brasil",Campo Belo,,MG,,37270-000,-20.8939,-45.27226,,,,,,Clubes,Demais Praças,-20.8938356,-45.2721363,0.3
,,,"ímpar, Rua Nilo Peçanha, Zona 4, Maringá - PR, 87014-240, Brasil",Maringá,,PR,,87014-240,-23.43413,-51.94715,,,,,,Clubes,Demais Praças,-23.4346259,-51.9468805,0.3
,,,"Rua Neném Baiano, 17, Águas Formosas - MG, 39880-000, Brasil",Águas Formosas,,MG,,39880-000,-17.0806,-40.93886,,,,,,Clubes,Demais Praças,-17.0806813,-40.9387356,0.3
,,,"Avenida Quatorze de Dezembro, 47, Nova Fátima - PR, 86310-000, Brasil",Nova Fátima,,PR,,86310-000,-23.43643,-50.56211,,,,,,Clubes,Demais Praças,-23.43639656,-50.56196247,0.3
,,,"Rua Dezesseis, 850, Centro, Barretos - SP, 14780-050, Brasil",Barretos,,SP,,14780-050,-20.55997,-48.56603,,,,,,Clubes,SP,-20.5599813,-48.5660143,0.3
,,,"Rua Coronel João de Barros, 340, Centro, Passos - MG, 37900-049, Brasil",Passos,,MG,,37900-049,-20.72058,-46.61181,,,,,,Clubes,Demais Praças,-20.7205051,-46.611621,0.3
,,,"Rua José Simões, 583, Pará de Minas - MG, 35661-258, Brasil",Pará de Minas,,MG,,35661-258,-19.88287,-44.59782,,,,,,Clubes,Demais Praças,-19.882842,-44.597903,0.3
,,,"Bar e Restaurante Grotão, Rua João Batista Ferreira, Leopoldina - MG, 36700-482, Brasil",Leopoldina,,MG,,36700-482,-21.53195,-42.61747,,,,,,Clubes,Demais Praças,-21.53330083,-42.61731754,0.3
,,,"Avenida Hurlinghan, 8, Indaiatuba - SP, 13337-420, Brasil",Indaiatuba,,SP,,13337-420,-23.06232,-47.15726,,,,,,Clubes,SP,-23.061979,-47.157422,0.3
,,,"Academia do Caravela, Rua Salvira Marques, Carlópolis - PR, 86420-000, Brasil",Carlópolis,,PR,,86420-000,-23.41993,-49.7178,,,,,,Clubes,SP,-23.4195684,-49.7176129,0.3
,,,"BR-153, Jardim das Acácias, Aparecida de Goiânia - GO, 74987-300, Brasil",Aparecida de Goiânia,,GO,,74987-300,-16.81848,-49.24059,,,,,,Clubes,Demais Praças,-16.818505,-49.240444,0.3
,,,"Shell, Rodovia Santos Dumont, Itaobim - MG, 39625-000, Brasil",Itaobim,,MG,,39625-000,-16.55857,-41.50257,,,,,,Clubes,Demais Praças,-16.5585736,-41.5025529,0.3
,,,"Estrada Iva-351, Itupeva - SP, 13295-000, Brasil",Itupeva,,SP,,13295-000,-23.1688,-47.07126,,,,,,Clubes,SP,-23.168673,-47.071553,0.3
,,,"Avenida Juscelino Kubitschek, 94, Lagoa Formosa - MG, 38720-000, Brasil",Lagoa Formosa,,MG,,38720-000,-18.77489,-46.40601,,,,,,Clubes,Demais Praças,-18.7749518,-46.4061588,0.3
,,,"Rua Adão de Oliveira, 712, Tapira - PR, 87830-000, Brasil",Tapira,,PR,,87830-000,-23.32607,-53.06649,,,,,,Clubes,Demais Praças,-23.326213,-53.0664175,0.3
,,,"Avenida Munhoz da Rocha, Cabral, Curitiba - PR, 80035-000, Brasil",Curitiba,,PR,,80035-000,-25.40716,-49.24861,,,,,,Clubes,Demais Praças,-25.407165,-49.2486083,0.3
,,,"Rua Moacyr Barbosa, 264, Piraí - RJ, 27175-000, Brasil",Piraí,,RJ,,27175-000,-22.62634,-43.90575,,,,,,Clubes,Demais Praças,-22.6262971,-43.9058584,0.3
,,,"Rua Rio Grande do Sul, 850, Paracatu - MG, 38600-000, Brasil",Paracatu,,MG,,38600-000,-17.22024,-46.87013,,,,,,Clubes,Demais Praças,-17.2202002,-46.8700982,0.3
,,,"Rua Aureliano Coutinho, Petrópolis - RJ, 25625-000, Brasil",Petrópolis,,RJ,,25625-000,-22.51129,-43.17792,,,,,,Clubes,Demais Praças,-22.5112498,-43.1779306,0.3
,,,"Acesso ao Cajubá Country Clube, Vigilato Pereira, Uberlândia - MG, 38408-616, Brasil",Uberlândia,,MG,,38408-616,-18.93114,-48.27535,,,,,,Clubes,Demais Praças,-18.9311526,-48.2753329,0.3
,,,"Rua Vereador Altamiro Campos Silveira, 15, Rodeiro - MG, 36510-000, Brasil",Rodeiro,,MG,,36510-000,-21.20341,-42.85943,,,,,,Clubes,Demais Praças,-21.2039575,-42.8590292,0.3
,,,"Avenida Tancredo Neves, 110, Itapirapuã - GO, 76290-000, Brasil",Itapirapuã,,GO,,76290-000,-15.82642,-50.60891,,,,,,Clubes,Demais Praças,-15.82636853,-50.60873846,0.3
,,,"Rua Líbero Badaró, 322, Passo da Areia, Porto Alegre - RS, 91340-230, Brasil",Porto Alegre,,RS,,91340-230,-30.02012,-51.17126,,,,,,Clubes,Demais Praças,-30.0201559,-51.171396,0.3
,,,"Rua Bandeirantes, 893, Andirá - PR, 86380-000, Brasil",Andirá,,PR,,86380-000,-23.04396,-50.22634,,,,,,Clubes,Demais Praças,-23.0441679,-50.2262471,0.3
,,,"Rua Saladino de Araújo Leite, 451, Piedade - SP, 18170-000, Brasil",Piedade,,SP,,18170-000,-23.71181,-47.40561,,,,,,Clubes,SP,-23.711566,-47.40563,0.3
,,,"Rua Natal, 675, Marilena - PR, 87960-000, Brasil",Marilena,,PR,,87960-000,-22.73553,-53.03895,,,,,,Clubes,Demais Praças,-22.7352565,-53.0390174,0.3
,,,"Smpw Quadra 18 Conjunto 3, Park Way - DF, 71741-800, Brasil",Park Way,,DF,,71741-800,-15.90853,-47.94067,,,,,,Clubes,Demais Praças,-15.9085409,-47.9406712,0.3
,,,"Rua Vicente Machado, Sertaneja - PR, 86340-000, Brasil",Sertaneja,,PR,,86340-000,-23.0341,-50.8232,,,,,,Clubes,Demais Praças,-23.0365724,-50.8321348,0.3
,,,"Avenida Flamboyant, 17, Altos de São Fernando, Jandira - SP, 06630-000, Brasil",Jandira,,SP,,06630-000,-23.55343,-46.89199,,,,,,Clubes,SP,-23.553425,-46.892038,0.3
,,,"Rua Estilac Leal, 401, Rolândia - PR, 86600-115, Brasil",Rolândia,,PR,,86600-115,-23.31116,-51.36487,,,,,,Clubes,Demais Praças,-23.311145,-51.3648668,0.3
,,,"Muriaé, MG, Brasil",Muriaé,,MG,,36880-003,-21.12877,-42.37027,,,,,,Clubes,Demais Praças,-21.08302267,-42.449496,0.3
,,,"Rua da Cultura, 422, Tupãssi - PR, 85945-000, Brasil",Tupãssi,,PR,,85945-000,-24.59003,-53.51844,,,,,,Clubes,Demais Praças,-24.590026,-53.518319,0.3
,,,"Rua Almirante Barroso, 152, São José dos Campos - SP, 12234-020, Brasil",São José dos Campos,,SP,,12234-020,-23.27657,-45.90204,,,,,,Clubes,SP,-23.2765765,-45.9019645,0.3
,,,"Beercode, Vila Ipiranga, Porto Alegre - RS, 91340-001, Brasil",Porto Alegre,,RS,,91340-001,-30.02502,-51.16241,,,,,,Shoppings,Demais Praças,-30.02512,-51.16242,0.3
,,,"LE LIS BLANC, Sanvitto, Caxias do Sul - RS, 95112-360, Brasil",Caxias do Sul,,RS,,95112-360,-29.17604,-51.22064,,,,,,Shoppings,Demais Praças,-29.17606,-51.22034,0.3
,,,"Conserto de Roupas, Avenida Madre Benvenuta, 568, Itacorubi, Florianópolis - SC, 88035-020, Brasil",Florianópolis,,SC,,88035-020,-27.5901,-48.51499,,,,,,Shoppings,Demais Praças,-27.59011,-48.51503,0.3
,,,"iPlace, Avenida do Batel, 1868, Batel, Curitiba - PR, 80420-090, Brasil",Curitiba,,PR,,80420-090,-25.44295,-49.29082,,,,,,Shoppings,Demais Praças,-25.44293,-49.29081,0.3
,,,"Bacio di Latte, Avenida Marginal Pinheiros, Morumbi, São Paulo - SP, 05676-030, Brasil",São Paulo,,SP,,05676-030,-23.59891,-46.6976,,,,,,Shoppings,SP,-23.59891,-46.69760,0.3
,,,"Avenida Presidente Juscelino Kubitschek, 2041, Itaim Bibi, São Paulo - SP, 04543-000, Brasil",São Paulo,,SP,,04543-000,-23.59147,-46.68972,,,,,,Shoppings,SP,-23.59145,-46.68982,0.3
,,,"Lojas Centauro, Avenida Brigadeiro Faria Lima, 2232, Pinheiros, São Paulo - SP, 01452-001, Brasil",São Paulo,,SP,,01452-001,-23.5771,-46.68812,,,,,,Shoppings,SP,-23.57704,-46.68819,0.3
,,,"Casas Bahia, Avenida Professora Izoraida M. Peres, 401, Parque Campolim, Sorocaba - SP, 18048-105, Brasil",Sorocaba,,SP,,18048-105,-23.53369,-47.46344,,,,,,Shoppings,SP,-23.53366,-47.46344,0.3
,,,"Alameda Xingu, 350, Alphaville, Barueri - SP, 06454-000, Brasil",Barueri,,SP,,06454-000,-23.50457,-46.84841,,,,,,Shoppings,SP,-23.50456,-46.84836,0.3
,,,"Pégasus Art Esportivos Ltda, Brasil",,,,,,-22.99944,-43.35141,,,,,,Shoppings,Demais Praças,-22.99934,-43.35155,0.3
,,,"Rua dos Junquilhos, 10, Tijuca, Rio de Janeiro - RJ, 20521-090, Brasil",Rio de Janeiro,,RJ,,20521-090,-22.92838,-43.22548,,,,,,Shoppings,Demais Praças,-22.92833,-43.22536,0.3
,,,"Garagem de Parqueamento, Rua Barão de São Francisco, Andaraí, Rio de Janeiro - RJ, 20560-032, Brasil",Rio de Janeiro,,RJ,,20560-032,-22.91942,-43.25006,,,,,,Shoppings,Demais Praças,-22.91933,-43.25019,0.3
,,,"Gav Resorts, Avenida Iguatemi, 777, Vila Brandina, Campinas - SP, 13092-516, Brasil",Campinas,,SP,,13092-516,-22.89245,-47.0276,,,,,,Shoppings,SP,-22.89264,-47.02727,0.3
,,,"Hering, Avenida Iguatemi, 777, Vila Brandina, Campinas - SP, 13092-500, Brasil",Campinas,,SP,,13092-500,-22.89244,-47.0268,,,,,,Shoppings,SP,-22.89234,-47.02688,0.3
,,,"Crislen Ótica, Parque Faber Castell I, São Carlos - SP, Brasil",São Carlos,,SP,,,-22.01745,-47.91497,,,,,,Shoppings,SP,-22.01751,-47.91500,0.3
,,,"Ponto De Carregamento Para Veículos Elétricos, Avenida Luiz Eduardo Toledo Prado, 900, Ribeirão Preto - SP, Brasil",Ribeirão Preto,,SP,,,-21.22564,-47.83526,,,,,,Shoppings,SP,-21.22570,-47.83524,0.3
,,,"Ponto De Carregamento Para Veículos Elétricos, Avenida Pres. Juscelino Kubitschek Oliveira, São José do Rio Preto - SP, 15091-450, Brasil",São José do Rio Preto,,SP,,15091-450,-20.86645,-49.4145,,,,,,Shoppings,SP,-20.86646,-49.41453,0.3
,,,"Big Shopping, Av. João César de Oliveira, 1275, Cidade Jardim Eldorado, Contagem - MG, 32310-000, Brasil",Contagem,,MG,,32310-000,-19.94398,-44.04051,,,,,,Shoppings,Demais Praças,-19.94401,-44.04065,0.3
,,,"Emporio do Aço, Avenida João Naves de Ávila, Tibery, Uberlândia - MG, 38405-142, Brasil",Uberlândia,,MG,,38405-142,-18.91061,-48.25982,,,,,,Shoppings,Demais Praças,-18.91045,-48.25980,0.3
,,,"Rua Cônego Getúlio, 621, Cônego Getúlio, Patos de Minas - MG, 38700-205, Brasil",Patos de Minas,,MG,,38700-205,-18.59801,-46.5138,,,,,,Shoppings,Demais Praças,-18.59798,-46.51376,0.3
,,,"Kopenhagen, Shin Ca, 4, Setor de Hab. Individuais Norte, Lago Norte - DF, 71503-504, Brasil",Lago Norte,,DF,,71503-504,-15.72082,-47.88594,,,,,,Shoppings,Demais Praças,-15.72094,-47.88592,0.3
,,,"Rua Irmã, 158, Penha, São Paulo - SP, 03656-040, Brasil",São Paulo,,SP,,03656-040,-23.52559,-46.50836,,,,,,Restaurantes,SP,-23.5255533,-46.50845,0.3
,,,"Maní, Rua Joaquim Antunes, 210, Pinheiros, São Paulo - SP, 05415-000, Brasil",São Paulo,,SP,,05415-000,-23.5662,-46.67953,,,,,,Restaurantes,SP,-23.5662429,-46.679553,0.3
,,,"Restaurante Parador, Rua Araújo, 126, República, São Paulo - SP, 01247-090, Brasil",São Paulo,,SP,,01247-090,-23.54489,-46.64472,,,,,,Restaurantes,SP,-23.5449103,-46.6446962,0.3
,,,"Rua Padre João Manuel, 950, Jardim Paulista, São Paulo - SP, 01411-001, Brasil",São Paulo,,SP,,01411-001,-23.56517,-46.66582,,,,,,Restaurantes,SP,-23.5651184,-46.6659616,0.3
,,,"Rua General Jardim, 173, República, São Paulo - SP, 01223-011, Brasil",São Paulo,,SP,,01223-011,-23.54483,-46.64627,,,,,,Restaurantes,SP,-23.5448362,-46.6462222,0.3
,,,"Rua Augusta, 2985, Jardim Paulista, São Paulo - SP, 01412-100, Brasil",São Paulo,,SP,,01412-100,-23.56638,-46.66875,,,,,,Restaurantes,SP,-23.566461,-46.6686649,0.3
,,,"Rua Fradique Coutinho, 1897, Pinheiros, São Paulo - SP, 05416-012, Brasil",São Paulo,,SP,,05416-012,-23.55189,-46.69445,,,,,,Restaurantes,SP,-23.5518264,-46.6943104,0.3
,,,"Rua Mourato Coelho, 1404, Pinheiros, São Paulo - SP, 05417-002, Brasil",São Paulo,,SP,,05417-002,-23.55601,-46.6926,,,,,,Restaurantes,SP,-23.5561245,-46.6925681,0.3
,,,"Rua General Jardim, 173, República, São Paulo - SP, 01223-011, Brasil",São Paulo,,SP,,01223-011,-23.54483,-46.64627,,,,,,Restaurantes,SP,-23.5448362,-46.6462222,0.3
,,,"Rua Augusta, 1291, Consolação, São Paulo - SP, 01304-001, Brasil",São Paulo,,SP,,01304-001,-23.55542,-46.65718,,,,,,Restaurantes,SP,-23.5554987,-46.6571041,0.3
,,,"Rua Vitório Fasano, 88, Jardim Paulista, São Paulo - SP, 01414-020, Brasil",São Paulo,,SP,,01414-020,-23.56444,-46.66952,,,,,,Restaurantes,SP,-23.5644473,-46.6694869,0.3
,,,"Dior, Avenida Magalhães de Castro, 12000, Morumbi, São Paulo - SP, 05676-030, Brasil",São Paulo,,SP,,05676-030,-23.59862,-46.6979,,,,,,Restaurantes,SP,-23.5988139,-46.6982423,0.3
,,,"Rua dos Pinheiros, 1269, Pinheiros, São Paulo - SP, 05422-012, Brasil",São Paulo,,SP,,05422-012,-23.56826,-46.68971,,,,,,Restaurantes,SP,-23.5682867,-46.6897416,0.3
,,,"Rua Bela Cintra, 2062, Jardim Paulista, São Paulo - SP, 01415-007, Brasil",São Paulo,,SP,,01415-007,-23.5626,-46.66853,,,,,,Restaurantes,SP,-23.5626208,-46.6686011,0.3
,,,"Uniao Geral Armênia de Beneficencia, Rua Natingui, 1545, Pinheiros, São Paulo - SP, 05429-040, Brasil",São Paulo,,SP,,05429-040,-23.5598,-46.69924,,,,,,Restaurantes,SP,-23.5597308,-46.6993553,0.3
,,,"Rua Haddock Lobo, 1663, Jardim Paulista, São Paulo - SP, 01414-001, Brasil",São Paulo,,SP,,01414-001,-23.56501,-46.66896,,,,,,Restaurantes,SP,-23.5651537,-46.6688076,0.3
,,,"Rua Tabapuã, 1480, Itaim Bibi, São Paulo - SP, 04533-005, Brasil",São Paulo,,SP,,04533-005,-23.58548,-46.68476,,,,,,Restaurantes,SP,-23.5855831,-46.6848146,0.3
,,,"Lair Nunes Ribeiro, Rua Augusta, Jardim Paulista, São Paulo - SP, 01412-000, Brasil",São Paulo,,SP,,01412-000,-23.56053,-46.6625,,,,,,Restaurantes,SP,-23.5605285,-46.6623253,0.3
,,,"Rua Doutor Mário Ferraz, 529, Itaim Bibi, São Paulo - SP, 01453-011, Brasil",São Paulo,,SP,,01453-011,-23.5849,-46.68511,,,,,,Restaurantes,SP,-23.58487,-46.6850098,0.3
,,,"Rua General Jardim, 173, República, São Paulo - SP, 01223-011, Brasil",São Paulo,,SP,,01223-011,-23.54483,-46.64627,,,,,,Restaurantes,SP,-23.5448362,-46.6462222,0.3
,,,"Barbearia da Esquina, Rua Joaquim Antunes, Pinheiros, São Paulo - SP, 05415-001, Brasil",São Paulo,,SP,,05415-001,-23.5648,-46.68115,,,,,,Restaurantes,SP,-23.5647292,-46.6811122,0.3
,,,"Rua Oscar Freire, 155, Jardim Paulista, São Paulo - SP, 01426-001, Brasil",São Paulo,,SP,,01426-001,-23.56777,-46.66388,,,,,,Restaurantes,SP,-23.5678069,-46.6639107,0.3
,,,"Rua Diogo Jácome, 618, Moema, São Paulo - SP, 04512-001, Brasil",São Paulo,,SP,,04512-001,-23.59715,-46.66787,,,,,,Restaurantes,SP,-23.5971295,-46.667915,0.3
,,,"Rua Oscar Freire, 1631, Jardim Paulista, São Paulo - SP, 05409-010, Brasil",São Paulo,,SP,,05409-010,-23.55797,-46.67379,,,,,,Restaurantes,SP,-23.5578576,-46.6737616,0.3
,,,"Rua Estados Unidos, 1812, Jardim Paulista, São Paulo - SP, 01427-001, Brasil",São Paulo,,SP,,01427-001,-23.56484,-46.6709,,,,,,Restaurantes,SP,-23.5650382,-46.6709180999999,0.3
,,,"Rua dos Pinheiros, 1629, Pinheiros, São Paulo - SP, 05422-012, Brasil",São Paulo,,SP,,05422-012,-23.56763,-46.69346,,,,,,Restaurantes,SP,-23.5676048,-46.6934236,0.3
,,,"Rua dos Pinheiros, 227, Pinheiros, São Paulo - SP, 05422-010, Brasil",São Paulo,,SP,,05422-010,-23.56478,-46.68049,,,,,,Restaurantes,SP,-23.5647869,-46.6804664,0.3
,,,"Rua Padre João Manuel, 950, Jardim Paulista, São Paulo - SP, 01411-001, Brasil",São Paulo,,SP,,01411-001,-23.56517,-46.66582,,,,,,Restaurantes,SP,-23.5651184,-46.6659616,0.3
,,,"Rua dos Pinheiros, 262, Pinheiros, São Paulo - SP, 05422-000, Brasil",São Paulo,,SP,,05422-000,-23.5647,-46.68084,,,,,,Restaurantes,SP,-23.5646715,-46.6808476,0.3
,,,"Rua Bela Cintra, 2047, Jardim Paulista, São Paulo - SP, 01415-002, Brasil",São Paulo,,SP,,01415-002,-23.56267,-46.66824,,,,,,Restaurantes,SP,-23.5627159,-46.6681971,0.3
,,,"Rua Estados Unidos, 2085, Jardim Paulista, São Paulo - SP, 01427-002, Brasil",São Paulo,,SP,,01427-002,-23.56358,-46.67315,,,,,,Restaurantes,SP,-23.5635306,-46.6731127,0.3
,,,"Rua Augusta, 1291, Consolação, São Paulo - SP, 01304-001, Brasil",São Paulo,,SP,,01304-001,-23.55542,-46.65718,,,,,,Restaurantes,SP,-23.5554987,-46.6571041,0.3
,,,"Barbearia da Esquina, Rua Joaquim Antunes, Pinheiros, São Paulo - SP, 05415-001, Brasil",São Paulo,,SP,,05415-001,-23.5648,-46.68115,,,,,,Restaurantes,SP,-23.5647292,-46.6811122,0.3
,,,"Rua Bela Cintra, 2209, Jardim Paulista, São Paulo - SP, 01415-009, Brasil",São Paulo,,SP,,01415-009,-23.56374,-46.6694,,,,,,Restaurantes,SP,-23.5637434,-46.6694044,0.3
,,,"Rua dos Pinheiros, 1106, Pinheiros, São Paulo - SP, 05422-001, Brasil",São Paulo,,SP,,05422-001,-23.56776,-46.68842,,,,,,Restaurantes,SP,-23.5676086,-46.6883343,0.3
,,,"Rua Joaquim Antunes, 183, Pinheiros, São Paulo - SP, 05415-010, Brasil",São Paulo,,SP,,05415-010,-23.56658,-46.67977,,,,,,Restaurantes,SP,-23.5666615,-46.6798234,0.3
,,,"Rua dos Pinheiros, 209, Pinheiros, São Paulo - SP, 05422-010, Brasil",São Paulo,,SP,,05422-010,-23.56461,-46.68021,,,,,,Restaurantes,SP,-23.5645262,-46.6801825999999,0.3
,,,"Maní, Rua Joaquim Antunes, 210, Pinheiros, São Paulo - SP, 05415-000, Brasil",São Paulo,,SP,,05415-000,-23.5662,-46.67953,,,,,,Restaurantes,SP,-23.5662429,-46.679553,0.3
,,,"Rua Estados Unidos, 2085, Jardim Paulista, São Paulo - SP, 01427-002, Brasil",São Paulo,,SP,,01427-002,-23.56358,-46.67315,,,,,,Restaurantes,SP,-23.5635306,-46.6731127,0.3
,,,"Rua Augusta, 1291, Consolação, São Paulo - SP, 01304-001, Brasil",São Paulo,,SP,,01304-001,-23.55542,-46.65718,,,,,,Restaurantes,SP,-23.5554987,-46.6571041,0.3
,,,"Rua dos Pinheiros, 1269, Pinheiros, São Paulo - SP, 05422-012, Brasil",São Paulo,,SP,,05422-012,-23.56826,-46.68971,,,,,,Restaurantes,SP,-23.5682867,-46.6897416,0.3
,,,"Ourominas Dtvm, Avenida São Luís, República, São Paulo - SP, 01046-000, Brasil",São Paulo,,SP,,01046-000,-23.54541,-46.64341,,,,,,Restaurantes,SP,-23.5453644,-46.6434585,0.3
,,,"Ateliermix, Rua Oscar Freire, Jardim Paulista, São Paulo - SP, 01426-003, Brasil",São Paulo,,SP,,01426-003,-23.56341,-46.66889,,,,,,Restaurantes,SP,-23.5633779,-46.6689304999999,0.3
,,,"Rua Dias Ferreira, 166, Leblon, Rio de Janeiro - RJ, 22431-050, Brasil",Rio de Janeiro,,RJ,,22431-050,-22.98445,-43.22746,,,,,,Restaurantes,Demais Praças,-22.9844538,-43.2274071,0.3
,,,"Ponto De Carregamento Para Veículos Elétricos, Avenida Atlântica, 4240, Copacabana, Rio de Janeiro - RJ, 22070-002, Brasil",Rio de Janeiro,,RJ,,22070-002,-22.98628,-43.189,,,,,,Restaurantes,Demais Praças,-22.9862747,-43.1890001,0.3
,,,"Rua Dias Ferreira, 147, Leblon, Rio de Janeiro - RJ, 22431-050, Brasil",Rio de Janeiro,,RJ,,22431-050,-22.98478,-43.22798,,,,,,Restaurantes,Demais Praças,-22.9847776,-43.2280374,0.3
,,,"Brazilian Hits Remakes, Rua Luís Coelho, Consolação, São Paulo - SP, 01309-000, Brasil",São Paulo,,SP,,01309-000,-23.55697,-46.65912,,,,,,Restaurantes,SP,-23.5568907,-46.6591864,0.3
,,,"Rua Iaiá, 107, Itaim Bibi, São Paulo - SP, 04537-010, Brasil",São Paulo,,SP,,04537-010,-23.58677,-46.67812,,,,,,Restaurantes,SP,-23.5868611,-46.678221,0.3
,,,"Rua Joaquim Antunes, 116, Pinheiros, São Paulo - SP, 05415-000, Brasil",São Paulo,,SP,,05415-000,-23.56703,-46.67912,,,,,,Restaurantes,SP,-23.5670739,-46.6791816,0.3
,,,"Rua Cônego Eugênio Leite, 220, Pinheiros, São Paulo - SP, 05414-011, Brasil",São Paulo,,SP,,05414-011,-23.56445,-46.68029,,,,,,Restaurantes,SP,-23.5644275,-46.6802643,0.3
,,,"Rua Itapura, 1473, Tatuapé, São Paulo - SP, 03310-000, Brasil",São Paulo,,SP,,03310-000,-23.55162,-46.56481,,,,,,Restaurantes,SP,-23.5515971,-46.5647406,0.3
,,,"Rua Haddock Lobo, 1415, Jardim Paulista, São Paulo - SP, 01414-003, Brasil",São Paulo,,SP,,01414-003,-23.56351,-46.66713,,,,,,Restaurantes,SP,-23.5635108,-46.6671836,0.3
,,,"Rua Joaquim Antunes, 116, Pinheiros, São Paulo - SP, 05415-000, Brasil",São Paulo,,SP,,05415-000,-23.56703,-46.67912,,,,,,Restaurantes,SP,-23.5670775,-46.6791783,0.3
,,,"Rua dos Pinheiros, 344, Pinheiros, São Paulo - SP, 05422-000, Brasil",São Paulo,,SP,,05422-000,-23.56485,-46.68146,,,,,,Restaurantes,SP,-23.5648737,-46.6814586,0.3
,,,"Rua Avanhandava, 908, República, São Paulo - SP, 01306-000, Brasil",São Paulo,,SP,,01306-000,-23.55043,-46.6451,,,,,,Restaurantes,SP,-23.550347,-46.6450502,0.3
,,,"Alameda Ministro Rocha Azevedo, 726, Jardim Paulista, São Paulo - SP, 01410-000, Brasil",São Paulo,,SP,,01410-000,-23.5636,-46.66185,,,,,,Restaurantes,SP,-23.5636317,-46.6619337,0.3
,,,"Rua Padre João Manuel, 955, Jardim Paulista, São Paulo - SP, 01411-001, Brasil",São Paulo,,SP,,01411-001,-23.56533,-46.66571,,,,,,Restaurantes,SP,-23.5654002,-46.6656225,0.3
,,,"Alameda Casa Branca, 1008, Jardim Paulista, São Paulo - SP, 01408-001, Brasil",São Paulo,,SP,,01408-001,-23.56844,-46.66273,,,,,,Restaurantes,SP,-23.5685106,-46.6627388,0.3
,,,"Rua Oscar Freire, 390, Jardim Paulista, São Paulo - SP, 01426-000, Brasil",São Paulo,,SP,,01426-000,-23.56612,-46.66536,,,,,,Restaurantes,SP,-23.5660429,-46.6652975,0.3
,,,"Rua Bela Cintra, 1569, Jardim Paulista, São Paulo - SP, 01415-009, Brasil",São Paulo,,SP,,01415-009,-23.55956,-46.66505,,,,,,Restaurantes,SP,-23.5596155,-46.6649989,0.3
,,,"Rua Oscar Freire, 282, Jardim Paulista, São Paulo - SP, 01426-000, Brasil",São Paulo,,SP,,01426-000,-23.56677,-46.66468,,,,,,Restaurantes,SP,-23.566766,-46.6646685,0.3
,,,"Rua Sarandi, 30, Jardim Paulista, São Paulo - SP, 01414-010, Brasil",São Paulo,,SP,,01414-010,-23.56437,-46.6687,,,,,,Restaurantes,SP,-23.5643969,-46.6687103,0.3
,,,"Rua Dias Ferreira, 155, Leblon, Rio de Janeiro - RJ, 22431-050, Brasil",Rio de Janeiro,,RJ,,22431-050,-22.9846,-43.22784,,,,,,Restaurantes,Demais Praças,-22.9846421,-43.2277591,0.3
,,,"Rua dos Pinheiros, 227, Pinheiros, São Paulo - SP, 05422-010, Brasil",São Paulo,,SP,,05422-010,-23.56478,-46.68049,,,,,,Restaurantes,SP,-23.5647869,-46.6804664,0.3
,,,"Rua Joaquim Antunes, 116, Pinheiros, São Paulo - SP, 05415-000, Brasil",São Paulo,,SP,,05415-000,-23.56703,-46.67912,,,,,,Restaurantes,SP,-23.5670739,-46.6791816,0.3
,,,"Rua Dias Ferreira, 233, Leblon, Rio de Janeiro - RJ, 22431-050, Brasil",Rio de Janeiro,,RJ,,22431-050,-22.98414,-43.22749,,,,,,Restaurantes,Demais Praças,-22.9840863,-43.2275155,0.3
,,,"Rua dos Pinheiros, 358, Pinheiros, São Paulo - SP, 05422-000, Brasil",São Paulo,,SP,,05422-000,-23.56498,-46.68153,,,,,,Restaurantes,SP,-23.5649842,-46.6815426,0.3
,,,"Avenida Santo Amaro, 884, Itaim Bibi, São Paulo - SP, 04506-000, Brasil",São Paulo,,SP,,04506-000,-23.59177,-46.67282,,,,,,Restaurantes,SP,-23.5917828,-46.6727333,0.3
,,,"Rua Padre João Manuel, 1126, Jardim Paulista, São Paulo - SP, 01411-001, Brasil",São Paulo,,SP,,01411-001,-23.56632,-46.66706,,,,,,Restaurantes,SP,-23.5663397,-46.6671155,0.3
,,,"Rua Maria Antônia, 216, Consolação, São Paulo - SP, 01222-010, Brasil",São Paulo,,SP,,01222-010,-23.54657,-46.65048,,,,,,Restaurantes,SP,-23.5465907,-46.6504608,0.3
,,,"Rua Capitão Pinto Ferreira, 15, Jardim Paulista, São Paulo - SP, 01423-020, Brasil",São Paulo,,SP,,01423-020,-23.57145,-46.6544,,,,,,Restaurantes,SP,-23.5714476,-46.6543719,0.3
,,,"Avenida Brigadeiro Faria Lima, Pinheiros, São Paulo - SP, 05426-100, Brasil",São Paulo,,SP,,05426-100,-23.56648,-46.69427,,,,,,Restaurantes,SP,-23.5664606,-46.6942735,0.3
,,,"Rua Joaquim Floriano, 563, Itaim Bibi, São Paulo - SP, 04534-011, Brasil",São Paulo,,SP,,04534-011,-23.58489,-46.67539,,,,,,Restaurantes,SP,-23.5847422,-46.6754499,0.3
,,,"Rua dos Pinheiros, 230, Pinheiros, São Paulo - SP, 05422-000, Brasil",São Paulo,,SP,,05422-000,-23.56457,-46.6805,,,,,,Restaurantes,SP,-23.5645382,-46.6805126,0.3
,,,"Rua dos Pinheiros, 358, Pinheiros, São Paulo - SP, 05422-000, Brasil",São Paulo,,SP,,05422-000,-23.56498,-46.68153,,,,,,Restaurantes,SP,-23.5649842,-46.6815426,0.3
,,,"Rua Campos Bicudo, 129, Itaim Bibi, São Paulo - SP, 04536-010, Brasil",São Paulo,,SP,,04536-010,-23.58161,-46.68237,,,,,,Restaurantes,SP,-23.5816309,-46.6823493,0.3
,,,"Power2Go, Rua Oscar Freire, 281, Jardim Paulista, São Paulo - SP, 01426-000, Brasil",São Paulo,,SP,,01426-000,-23.56704,-46.66478,,,,,,Restaurantes,SP,-23.5670289,-46.6647549,0.3
,,,"Rua dos Pinheiros, 209, Pinheiros, São Paulo - SP, 05422-010, Brasil",São Paulo,,SP,,05422-010,-23.56461,-46.68021,,,,,,Restaurantes,SP,-23.5645262,-46.6801825999999,0.3
,,,"Rua General Severiano, Botafogo, Rio de Janeiro - RJ, 22290-040, Brasil",Rio de Janeiro,,RJ,,22290-040,-22.95346,-43.17839,,,,,,Restaurantes,Demais Praças,-22.9534323,-43.1784013,0.3
,,,"Rua Visconde de Pirajá, 338, Ipanema, Rio de Janeiro - RJ, 22410-003, Brasil",Rio de Janeiro,,RJ,,22410-003,-22.98414,-43.20482,,,,,,Restaurantes,Demais Praças,-22.9841156,-43.2049635,0.3
,,,"Santa Ajuda a Melhor Idade, Rua Figueiredo de Magalhães, Copacabana, Rio de Janeiro - RJ, 22031-011, Brasil",Rio de Janeiro,,RJ,,22031-011,-22.96775,-43.18791,,,,,,Restaurantes,Demais Praças,-22.9680091,-43.1879064,0.3
,,,"Rua Conde de Ipanema, 40, Campo Belo, São Paulo - SP, 04611-020, Brasil",São Paulo,,SP,,04611-020,-23.61801,-46.66539,,,,,,Restaurantes,SP,-23.6179549,-46.6654856,0.3
,,,"Rua Bela Cintra, 2183, Jardim Paulista, São Paulo - SP, 01415-009, Brasil",São Paulo,,SP,,01415-009,-23.5636,-46.66922,,,,,,Restaurantes,SP,-23.5636298,-46.6692585,0.3
,,,"Rua Haddock Lobo, 1091, Jardim Paulista, São Paulo - SP, 01414-003, Brasil",São Paulo,,SP,,01414-003,-23.56128,-46.66495,,,,,,Restaurantes,SP,-23.5613555,-46.6648502,0.3
,,,"Rua Augusta, 2705, Jardim Paulista, São Paulo - SP, 01413-100, Brasil",São Paulo,,SP,,01413-100,-23.56453,-46.6668,,,,,,Restaurantes,SP,-23.5645659,-46.6666917,0.3
,,,"Rua Joaquim Antunes, 116, Pinheiros, São Paulo - SP, 05415-000, Brasil",São Paulo,,SP,,05415-000,-23.56703,-46.67912,,,,,,Restaurantes,SP,-23.5670739,-46.6791816,0.3
,,,"Alameda Ministro Rocha Azevedo, 726, Jardim Paulista, São Paulo - SP, 01410-000, Brasil",São Paulo,,SP,,01410-000,-23.5636,-46.66185,,,,,,Restaurantes,SP,-23.5636317,-46.6619337,0.3
,,,"Alameda Rio Claro, 28, Bela Vista, São Paulo - SP, 01332-010, Brasil",São Paulo,,SP,,01332-010,-23.56023,-46.6519,,,,,,Restaurantes,SP,-23.5602963,-46.6518741,0.3
,,,"Rua Santa Clara, 84, Copacabana, Rio de Janeiro - RJ, 22041-011, Brasil",Rio de Janeiro,,RJ,,22041-011,-22.97097,-43.18747,,,,,,Restaurantes,Demais Praças,-22.9710159,-43.1874411999999,0.3
,,,"Rua Dias Ferreira, 320, Leblon, Rio de Janeiro - RJ, 22431-050, Brasil",Rio de Janeiro,,RJ,,22431-050,-22.98354,-43.22675,,,,,,Restaurantes,Demais Praças,-22.9834786,-43.2267468,0.3
,,,"Rua Dias Ferreira, 155, Leblon, Rio de Janeiro - RJ, 22431-050, Brasil",Rio de Janeiro,,RJ,,22431-050,-22.9846,-43.22784,,,,,,Restaurantes,Demais Praças,-22.9846421,-43.2277591,0.3
,,,"Rua Dias Ferreira, 175, Leblon, Rio de Janeiro - RJ, 22431-050, Brasil",Rio de Janeiro,,RJ,,22431-050,-22.98452,-43.22778,,,,,,Restaurantes,Demais Praças,-22.9844479,-43.227792,0.3
,,,"Rua Dias Ferreira, 189, Leblon, Rio de Janeiro - RJ, 22431-050, Brasil",Rio de Janeiro,,RJ,,22431-050,-22.98439,-43.2277,,,,,,Restaurantes,Demais Praças,-22.9844118,-43.2277645,0.3
,,,"Rua Dias Ferreira, 242, Leblon, Rio de Janeiro - RJ, 22431-050, Brasil",Rio de Janeiro,,RJ,,22431-050,-22.98424,-43.22727,,,,,,Restaurantes,Demais Praças,-22.9842562,-43.2272483,0.3
,,,"Ritz Turismo, Rua Sergipe, 410, Consolação, São Paulo - SP, 01243-001, Brasil",São Paulo,,SP,,01243-001,-23.54789,-46.65761,,,,,,Restaurantes,SP,-23.5478547,-46.6575253,0.3
,,,"Rua Djalma Ulrich, 4, Copacabana, Rio de Janeiro - RJ, 22071-020, Brasil",Rio de Janeiro,,RJ,,22071-020,-22.97898,-43.18965,,,,,,Restaurantes,Demais Praças,-22.9791393,-43.189599,0.3
,,,"Rua Joaquim Antunes, 116, Pinheiros, São Paulo - SP, 05415-000, Brasil",São Paulo,,SP,,05415-000,-23.56703,-46.67912,,,,,,Restaurantes,SP,-23.5670775,-46.6791783,0.3
,,,"Rua Augusta, 2705, Jardim Paulista, São Paulo - SP, 01413-100, Brasil",São Paulo,,SP,,01413-100,-23.56453,-46.6668,,,,,,Restaurantes,SP,-23.5645659,-46.6666917,0.3
,,,"Alameda Tietê, 665, Jardim Paulista, São Paulo - SP, 01417-020, Brasil",São Paulo,,SP,,01417-020,-23.5595,-46.66875,,,,,,Restaurantes,SP,-23.5593967,-46.6687592,0.3
,,,"Rua Voluntários da Pátria, 368, Botafogo, Rio de Janeiro - RJ, 22270-010, Brasil",Rio de Janeiro,,RJ,,22270-010,-22.95502,-43.19485,,,,,,Restaurantes,Demais Praças,-22.9550349,-43.1948681,0.3
,,,"Rua Augusta, 2705, Jardim Paulista, São Paulo - SP, 01413-100, Brasil",São Paulo,,SP,,01413-100,-23.56453,-46.6668,,,,,,Restaurantes,SP,-23.5645659,-46.6666917,0.3
,,,"Rua Dias Ferreira, 155, Leblon, Rio de Janeiro - RJ, 22431-050, Brasil",Rio de Janeiro,,RJ,,22431-050,-22.9846,-43.22784,,,,,,Restaurantes,Demais Praças,-22.9846421,-43.2277591,0.3
,,,"Rua Conde Bernadotte, 44, Leblon, Rio de Janeiro - RJ, 22430-200, Brasil",Rio de Janeiro,,RJ,,22430-200,-22.98147,-43.22334,,,,,,Restaurantes,Demais Praças,-22.9815216,-43.2232330999999,0.3
,,,"Rua Uruguaiana, 110, Centro, Rio de Janeiro - RJ, 20050-092, Brasil",Rio de Janeiro,,RJ,,20050-092,-22.90377,-43.18014,,,,,,Restaurantes,Demais Praças,-22.9037688,-43.1800731,0.3
,,,"Rua Doutor Mário Ferraz, 538, Itaim Bibi, São Paulo - SP, 01453-011, Brasil",São Paulo,,SP,,01453-011,-23.58511,-46.6852,,,,,,Restaurantes,SP,-23.5851658,-46.6853352,0.3
,,,"Rua Augusta, 2705, Jardim Paulista, São Paulo - SP, 01413-100, Brasil",São Paulo,,SP,,01413-100,-23.56453,-46.6668,,,,,,Restaurantes,SP,-23.5645659,-46.6666917,0.3
,,,"Rua Dias Ferreira, 155, Leblon, Rio de Janeiro - RJ, 22431-050, Brasil",Rio de Janeiro,,RJ,,22431-050,-22.9846,-43.22784,,,,,,Restaurantes,Demais Praças,-22.9846421,-43.2277591,0.3
,,,"Rua Dias Ferreira, 155, Leblon, Rio de Janeiro - RJ, 22431-050, Brasil",Rio de Janeiro,,RJ,,22431-050,-22.9846,-43.22784,,,,,,Restaurantes,Demais Praças,-22.9846421,-43.2277591,0.3
,,,"Rua Levindo Lopes, 241, Savassi, Belo Horizonte - MG, 30140-170, Brasil",Belo Horizonte,,MG,,30140-170,-19.93814,-43.93948,,,,,,Restaurantes,Demais Praças,-19.9380594,-43.9394697,0.3
,,,"Spp, Asa Norte, Brasília - DF, 70150-000, Brasil",Brasília,,DF,,70150-000,-15.78866,-47.83699,,,,,,Restaurantes,Demais Praças,-15.7886622,-47.8369928,0.3
,,,"Rua Colômbia, 84, Jardim Paulista, São Paulo - SP, 01438-000, Brasil",São Paulo,,SP,,01438-000,-23.56734,-46.67017,,,,,,Restaurantes,SP,-23.5673358,-46.6701801,0.3
,,,"Alameda Jaú, 1580, Jardim Paulista, São Paulo - SP, 01420-006, Brasil",São Paulo,,SP,,01420-006,-23.55969,-46.66216,,,,,,Restaurantes,SP,-23.5596709,-46.6621449,0.3
,,,"Rua da Consolação, 3675, Jardim Paulista, São Paulo - SP, 01416-000, Brasil",São Paulo,,SP,,01416-000,-23.56368,-46.67119,,,,,,Restaurantes,SP,-23.5637973,-46.6709768,0.3
,,,"Alameda Gabriel Monteiro da Silva, 1678, Pinheiros, São Paulo - SP, 01441-001, Brasil",São Paulo,,SP,,01441-001,-23.57356,-46.68332,,,,,,Restaurantes,SP,-23.5734314,-46.6832171,0.3
,,,"Rua Doutor Mário Ferraz, 510, Itaim Bibi, São Paulo - SP, 01453-011, Brasil",São Paulo,,SP,,01453-011,-23.5849,-46.68534,,,,,,Restaurantes,SP,-23.5849077,-46.6853841,0.3
,,,"Rua Guatemala, 75, Jardim Paulista, São Paulo - SP, 01437-050, Brasil",São Paulo,,SP,,01437-050,-23.56861,-46.67047,,,,,,Restaurantes,SP,-23.5683813,-46.670402,0.3
,,,"Rua Amauri, 282, Itaim Bibi, São Paulo - SP, 01448-000, Brasil",São Paulo,,SP,,01448-000,-23.58099,-46.68315,,,,,,Restaurantes,SP,-23.5809843,-46.6831538,0.3
,,,"Rua Professor Artur Ramos, 404, Pinheiros, São Paulo - SP, 01454-011, Brasil",São Paulo,,SP,,01454-011,-23.58283,-46.688,,,,,,Restaurantes,SP,-23.5830847,-46.6878393,0.3
,,,"Rua Estados Unidos, 1862, Jardim Paulista, São Paulo - SP, 01427-001, Brasil",São Paulo,,SP,,01427-001,-23.5646,-46.67138,,,,,,Restaurantes,SP,-23.5644474,-46.6712508,0.3
,,,"Rua Maria Rosa, 119, Itaim Bibi, São Paulo - SP, 01453-080, Brasil",São Paulo,,SP,,01453-080,-23.5843,-46.68443,,,,,,Restaurantes,SP,-23.5842738,-46.6844344999999,0.3
,,,"Rua Colômbia, 217, Jardim Paulista, São Paulo - SP, 01438-000, Brasil",São Paulo,,SP,,01438-000,-23.56804,-46.67036,,,,,,Restaurantes,SP,-23.5681187,-46.6702887999999,0.3
,,,"Lojas Centauro, Avenida Brigadeiro Faria Lima, 2232, Pinheiros, São Paulo - SP, 01452-001, Brasil",São Paulo,,SP,,01452-001,-23.5771,-46.68812,,,,,,Restaurantes,SP,-23.5771128,-46.6880055,0.3
,,,"Avenida Rebouças, 3454, Pinheiros, São Paulo - SP, 05402-300, Brasil",São Paulo,,SP,,05402-300,-23.57159,-46.69226,,,,,,Restaurantes,SP,-23.5715735,-46.692248,0.3
,,,"Rua Barão de Jaguaripe, 289, Ipanema, Rio de Janeiro - RJ, 22421-000, Brasil",Rio de Janeiro,,RJ,,22421-000,-22.98143,-43.20981,,,,,,Restaurantes,Demais Praças,-22.9814077,-43.2098679,0.3
,,,"Rua Barão de Jaguaripe, 242, Ipanema, Rio de Janeiro - RJ, 22421-000, Brasil",Rio de Janeiro,,RJ,,22421-000,-22.98122,-43.20863,,,,,,Restaurantes,Demais Praças,-22.9812349,-43.2086745999999,0.3
,,,"Rua General Venâncio Flores, 157, Leblon, Rio de Janeiro - RJ, 22441-090, Brasil",Rio de Janeiro,,RJ,,22441-090,-22.98578,-43.22479,,,,,,Restaurantes,Demais Praças,-22.9857538,-43.2248386,0.3
,,,"Atmosphere, Estrada da Barra da Tijuca, 1636, Itanhangá, Rio de Janeiro - RJ, 22641-010, Brasil",Rio de Janeiro,,RJ,,22641-010,-22.99986,-43.30431,,,,,,Restaurantes,Demais Praças,-22.9998574,-43.3044122,0.3
,,,"Rua Barão de Jaguaripe, 94, Ipanema, Rio de Janeiro - RJ, 22421-000, Brasil",Rio de Janeiro,,RJ,,22421-000,-22.98144,-43.205,,,,,,Restaurantes,Demais Praças,-22.9814133,-43.2050132,0.3
,,,"Rua Humberto de Campos, 105, Leblon, Rio de Janeiro - RJ, 22430-190, Brasil",Rio de Janeiro,,RJ,,22430-190,-22.98159,-43.21684,,,,,,Restaurantes,Demais Praças,-22.9819458,-43.2170213,0.3
,,,"Avenida Ataulfo de Paiva, 355, Leblon, Rio de Janeiro - RJ, 22440-032, Brasil",Rio de Janeiro,,RJ,,22440-032,-22.98395,-43.21939,,,,,,Restaurantes,Demais Praças,-22.9839506,-43.2194037,0.3
,,,"Rua Visconde de Pirajá, 559, Ipanema, Rio de Janeiro - RJ, 22410-002, Brasil",Rio de Janeiro,,RJ,,22410-002,-22.98399,-43.2119,,,,,,Restaurantes,Demais Praças,-22.9840213,-43.2118586,0.3
,,,"Rua Gutemberg, 216, Batel, Curitiba - PR, 80420-030, Brasil",Curitiba,,PR,,80420-030,-25.43825,-49.28687,,,,,,Restaurantes,Demais Praças,-25.4384454,-49.2867884,0.3
,,,"Alameda Presidente Taunay, 335, Batel, Curitiba - PR, 80420-180, Brasil",Curitiba,,PR,,80420-180,-25.4366,-49.28456,,,,,,Restaurantes,Demais Praças,-25.436609,-49.2846428,0.3
,,,"Avenida Afonso Pena, Savassi, Belo Horizonte - MG, 30130-012, Brasil",Belo Horizonte,,MG,,30130-012,-19.9327,-43.93032,,,,,,Restaurantes,Demais Praças,-19.9327287,-43.9303013,0.3
,,,"Rua Comendador Araújo, 777, Batel, Curitiba - PR, 80420-063, Brasil",Curitiba,,PR,,80420-063,-25.43866,-49.28184,,,,,,Restaurantes,Demais Praças,-25.4385984,-49.2817124,0.3
,,,"Shis Ql 8 Conjunto 1, 8, Setor de Habitações Individuais Sul, Lago Sul - DF, 71620-215, Brasil",Lago Sul,,DF,,71620-215,-15.84369,-47.89403,,,,,,Restaurantes,Demais Praças,-15.8436965,-47.8941886,0.3
,,,"SQS 315, Bloco B, Asa Sul, Brasília - DF, 70384-020, Brasil",Brasília,,DF,,70384-020,-15.82793,-47.92486,,,,,,Restaurantes,Demais Praças,-15.8277639,-47.9249014,0.3
,,,"Avenida Assis Chateaubriand, 554, Floresta, Belo Horizonte - MG, 30150-101, Brasil",Belo Horizonte,,MG,,30150-101,-19.91844,-43.93223,,,,,,Restaurantes,Demais Praças,-19.9184552,-43.9322528,0.3
,,,"Rua Inconfidentes, 619, Savassi, Belo Horizonte - MG, 30140-124, Brasil",Belo Horizonte,,MG,,30140-124,-19.9367,-43.93181,,,,,,Restaurantes,Demais Praças,-19.9367735,-43.9317986999999,0.3
,,,"Avenida Lageado, 991, Petrópolis, Porto Alegre - RS, 90460-110, Brasil",Porto Alegre,,RS,,90460-110,-30.03694,-51.1806,,,,,,Restaurantes,Demais Praças,-30.0369818,-51.180505,0.3
,,,"Avenida Teixeira Mendes, 882, Chácara das Pedras, Porto Alegre - RS, 91330-391, Brasil",Porto Alegre,,RS,,91330-391,-30.03251,-51.1655,,,,,,Restaurantes,Demais Praças,-30.0325472,-51.165599,0.3
,,,"Rua Andrelino Natividade da Costa, 97, Canto, Florianópolis - SC, 88090-390, Brasil",Florianópolis,,SC,,88090-390,-27.58571,-48.58861,,,,,,Restaurantes,Demais Praças,-27.5857167,-48.5885174,0.3
,,,"Rua Pereira Cardoso, 588, Morungaba - SP, 13260-000, Brasil",Morungaba,,SP,,13260-000,-22.87516,-46.79036,,,,,,Restaurantes,SP,-22.8751844,-46.7903824,0.3
,,,"Shell, Bairro da Ponte, Itatiba - SP, Brasil",Itatiba,,SP,,,-22.98194,-46.82228,,,,,,Restaurantes,SP,-22.9819379,-46.8222764,0.3
,,,"Rodovia Raposo Tavares, Mairinque - SP, 18120-000, Brasil",Mairinque,,SP,,18120-000,-23.53504,-47.18998,,,,,,Restaurantes,SP,-23.5350212,-47.1899227,0.3
,,,"Avenida Gílson Sá, 263, Praia do Saco, Mangaratiba - RJ, 23860-000, Brasil",Mangaratiba,,RJ,,23860-000,-22.94172,-44.04191,,,,,,Restaurantes,Demais Praças,-22.9416598,-44.0417808,0.3
,,,"Rodovia Dom Pedro I, Mato Dentro, Atibaia - SP, Brasil",Atibaia,,SP,,,-23.10079,-46.57669,,,,,,Restaurantes,SP,-23.1007998,-46.5766929,0.3
,,,"BikeRio Estação General Ivan Raposo, Avenida Lúcio Costa, Barra da Tijuca, Rio de Janeiro - RJ, 22620-172, Brasil",Rio de Janeiro,,RJ,,22620-172,-23.0137,-43.31407,,,,,,Restaurantes,Demais Praças,-23.0136633,-43.3140554,0.3
,,,"Rua Tenente Francisco Antônio, 295, Centro Histórico, Paraty - RJ, 23970-000, Brasil",Paraty,,RJ,,23970-000,-23.21869,-44.71408,,,,,,Restaurantes,Demais Praças,-23.2187136,-44.7140044,0.3
,,,"Bistrô Ville la Plage Hotel, Rua E, 40, Tartaruga, Armação dos Búzios - RJ, 28950-000, Brasil",Armação dos Búzios,,RJ,,28950-000,-22.76372,-41.89768,,,,,,Restaurantes,Demais Praças,-22.7639463,-41.8977043,0.3
,,,"Avenida Princesa Isabel, 1457, Ilhabela - SP, 11630-000, Brasil",Ilhabela,,SP,,11630-000,-23.81664,-45.36672,,,,,,Restaurantes,SP,-23.8165908,-45.3667925,0.3
,,,"Drogaria São Paulo, Shis Qi 13, Setor de Habitações Individuais Sul, Lago Sul - DF, 71635-060, Brasil",Lago Sul,,DF,,71635-060,-15.84132,-47.87667,,,,,,Restaurantes,Demais Praças,-15.8414298,-47.8767513,0.3
,,,"Reserva Ambiental - Ferradura Parque, Rua da Ferradura, Ferradura, Armação dos Búzios - RJ, 28950-000, Brasil",Armação dos Búzios,,RJ,,28950-000,-22.77432,-41.88869,,,,,,Restaurantes,Demais Praças,-22.7741097,-41.8885351,0.3
,,,"Rua Almirante Alexandrino, 5, Santa Teresa, Rio de Janeiro - RJ, 20241-260, Brasil",Rio de Janeiro,,RJ,,20241-260,-22.91895,-43.183,,,,,,Restaurantes,Demais Praças,-22.9190249,-43.1832895999999,0.3
,,,"Power2Go, Rua Oscar Freire, 281, Jardim Paulista, São Paulo - SP, 01426-000, Brasil",São Paulo,,SP,,01426-000,-23.56704,-46.66478,,,,,,Restaurantes,SP,-23.5670289,-46.6647549,0.3
,,,"Ciclovia da Niemeyer, Leblon, Rio de Janeiro - RJ, Brasil",Rio de Janeiro,,RJ,,,-22.98892,-43.22782,,,,,,Restaurantes,Demais Praças,-22.9889184,-43.227737,0.3
,,,"Rua Cais Pharoux, Centro, Rio de Janeiro - RJ, 20010-070, Brasil",Rio de Janeiro,,RJ,,20010-070,-22.90366,-43.17071,,,,,,Restaurantes,Demais Praças,-22.9036515,-43.1706985,0.3
,,,"Rodovia Jornalista Manoel de Menezes, 773, Praia Mole, Florianópolis - SC, 88061-700, Brasil",Florianópolis,,SC,,88061-700,-27.60466,-48.43949,,,,,,Restaurantes,Demais Praças,-27.6049532,-48.4392918,0.3
,,,"Avenida Atlântica, 1702, Copacabana, Rio de Janeiro - RJ, 22021-001, Brasil",Rio de Janeiro,,RJ,,22021-001,-22.96733,-43.17894,,,,,,Restaurantes,Demais Praças,-22.96731,-43.1793323,0.3
,,,"Avenida Queiroz Filho, 830, Vila Leopoldina, São Paulo - SP, 05319-000, Brasil",São Paulo,,SP,,05319-000,-23.53819,-46.72705,,,,,,Restaurantes,SP,-23.5381131,-46.7270175,0.3
,,,"Edifício Rivergardens, Batel, Curitiba - PR, 80420-090, Brasil",Curitiba,,PR,,80420-090,-25.44279,-49.28569,,,,,,Restaurantes,Demais Praças,-25.4426305,-49.2857798999999,0.3
,,,"Patú Anú, Setor de Mansões do Lago, Lago Norte - DF, 71540-121, Brasil",Lago Norte,,DF,,71540-121,-15.78806,-47.80427,,,,,,Restaurantes,Demais Praças,-15.7879402,-47.8042337,0.3
,,,"Avenida Princesa Isabel, 1457, Ilhabela - SP, 11630-000, Brasil",Ilhabela,,SP,,11630-000,-23.81664,-45.36672,,,,,,Restaurantes,SP,-23.8165908,-45.3667925,0.3
,,,"Estrada do Vinho, São Roque - SP, 18145-002, Brasil",São Roque,,SP,,18145-002,-23.56187,-47.13162,,,,,,Restaurantes,SP,-23.5618737,-47.1316203,0.3
,,,"Rua Bom Pastor, 800, Ipiranga, São Paulo - SP, 04203-000, Brasil",São Paulo,,SP,,04203-000,-23.58316,-46.60858,,,,,,Restaurantes,SP,-23.5831933,-46.6085945,0.3
,,,"Fortaleza Santa Cruz da Barra, Estrada General Eurico Gaspar Dutra, Jurujuba, Niterói - RJ, 24370-375, Brasil",Niterói,,RJ,,24370-375,-22.93827,-43.13185,,,,,,Restaurantes,Demais Praças,-22.9383813,-43.1318225,0.3
,,,"Avenida Manoel Viera, 603, Araçoiaba da Serra - SP, 18190-000, Brasil",Araçoiaba da Serra,,SP,,18190-000,-23.50882,-47.6086,,,,,,Restaurantes,SP,-23.5086476,-47.6085697,0.3
,,,"Rua General Polidoro, 101, Botafogo, Rio de Janeiro - RJ, 22280-002, Brasil",Rio de Janeiro,,RJ,,22280-002,-22.95745,-43.18918,,,,,,Restaurantes,Demais Praças,-22.9575836,-43.1891615,0.3
,,,"Estrada da Canoa, São Conrado, Rio de Janeiro - RJ, 22610-210, Brasil",Rio de Janeiro,,RJ,,22610-210,-22.99443,-43.27162,,,,,,Restaurantes,Demais Praças,-22.9944067,-43.2715516,0.3
,,,"Avenida Doutor Arnaldo, 1828, Perdizes, São Paulo - SP, 01255-000, Brasil",São Paulo,,SP,,01255-000,-23.54862,-46.68051,,,,,,Restaurantes,SP,-23.5486274,-46.6804231,0.3
,,,"Rua da Amendoeira, 3, Itanhangá, Rio de Janeiro - RJ, 22641-004, Brasil",Rio de Janeiro,,RJ,,22641-004,-22.98749,-43.30864,,,,,,Restaurantes,Demais Praças,-22.9874827,-43.308623,0.3
,,,"Monumento a Tiradentes, BR-356, Centro, Ouro Preto - MG, 35400-000, Brasil",Ouro Preto,,MG,,35400-000,-20.38597,-43.50377,,,,,,Restaurantes,Demais Praças,-20.3855212,-43.5036999,0.3
,,,"Padaria e Mercearia São Pedro, Rua Principal, Santa Maria Madalena - RJ, 28770-000, Brasil",Santa Maria Madalena,,RJ,,28770-000,-21.89931,-41.80314,,,,,,Restaurantes,Demais Praças,-21.8992518,-41.8032559,0.3
,,,"Goiás, GO, Brasil",Goiás,,GO,,76600-000,-15.94381,-50.15103,,,,,,Restaurantes,Demais Praças,-15.8272432,-50.265662,0.3
,,,"Via N1 Oeste, Asa Norte, Brasília - DF, 70705-130, Brasil",Brasília,,DF,,70705-130,-15.78879,-47.89336,,,,,,Restaurantes,Demais Praças,-15.7887865,-47.893357,0.3
,,,"Largo da Pedreira, Chácara Fátima, Paraty - RJ, 23970-000, Brasil",Paraty,,RJ,,23970-000,-23.2197,-44.71535,,,,,,Restaurantes,Demais Praças,-23.2196998,-44.715342,0.3
,,,"BR-381, São Gonçalo do Rio Abaixo - MG, 35935-000, Brasil",São Gonçalo do Rio Abaixo,,MG,,35935-000,-19.86095,-43.22687,,,,,,Restaurantes,Demais Praças,-19.8609834,-43.2268717,0.3
,,,"Avenida Antunes Ribas, 1325, São Miguel das Missões - RS, 98865-000, Brasil",São Miguel das Missões,,RS,,98865-000,-28.54584,-54.55178,,,,,,Restaurantes,Demais Praças,-28.5457445,-54.5515456,0.3
,,,"Rua Franklin Ferreira da Costa, 1275, São Miguel das Missões - RS, 98865-000, Brasil",São Miguel das Missões,,RS,,98865-000,-28.5522,-54.55448,,,,,,Restaurantes,Demais Praças,-28.552057,-54.5544674,0.3
,,,"Rua Luciano Notagiacomo, 510, São Luiz Gonzaga - RS, 97800-000, Brasil",São Luiz Gonzaga,,RS,,97800-000,-28.44848,-54.70925,,,,,,Restaurantes,Demais Praças,-28.4483816,-54.7090926,0.3
,,,"Rua Dalila Lorenzoni, 139, Entre-Ijuís - RS, 98855-000, Brasil",Entre-Ijuís,,RS,,98855-000,-28.36421,-54.26749,,,,,,Restaurantes,Demais Praças,-28.3642114,-54.2674101,0.3
,,,"Rua Padre João Manuel, 950, Jardim Paulista, São Paulo - SP, 01411-001, Brasil",São Paulo,,SP,,01411-001,-23.56517,-46.66582,,,,,,Restaurantes,SP,-23.5651184,-46.6659616,0.3
,,,"Rua Menna Barreto, 1425, Jaguarão - RS, 96300-000, Brasil",Jaguarão,,RS,,96300-000,-32.56114,-53.37675,,,,,,Restaurantes,Demais Praças,-32.561098,-53.3767343,0.3
,,,"Rua dos Pinheiros, 324, Pinheiros, São Paulo - SP, 05422-000, Brasil",São Paulo,,SP,,05422-000,-23.56489,-46.68129,,,,,,Restaurantes,SP,-23.5648811,-46.6813279,0.3
,,,"Rua dos Pinheiros, 266, Pinheiros, São Paulo - SP, 05422-000, Brasil",São Paulo,,SP,,05422-000,-23.56471,-46.68086,,,,,,Restaurantes,SP,-23.5646605,-46.6808936,0.3
,,,"Rua Barão de Capanema, 551, Jardim Paulista, São Paulo - SP, 01411-011, Brasil",São Paulo,,SP,,01411-011,-23.56621,-46.66752,,,,,,Restaurantes,SP,-23.5663224,-46.6675722,0.3
,,,"Rua Padre João Manuel, 950, Jardim Paulista, São Paulo - SP, 01411-001, Brasil",São Paulo,,SP,,01411-001,-23.56517,-46.66582,,,,,,Restaurantes,SP,-23.5651184,-46.6659616,0.3
,,,"Rua Cônego Eugênio Leite, 220, Pinheiros, São Paulo - SP, 05414-011, Brasil",São Paulo,,SP,,05414-011,-23.56445,-46.68029,,,,,,Restaurantes,SP,-23.5644275,-46.6802643,0.3
,,,"Rua Cônego Eugênio Leite, 220, Pinheiros, São Paulo - SP, 05414-011, Brasil",São Paulo,,SP,,05414-011,-23.56445,-46.68029,,,,,,Restaurantes,SP,-23.5644275,-46.6802643,0.3
,,,"Restaurante Parador, Rua Araújo, 126, República, São Paulo - SP, 01247-090, Brasil",São Paulo,,SP,,01247-090,-23.54489,-46.64472,,,,,,Restaurantes,SP,-23.5449136,-46.6447336,0.3
,,,"Rua Augusta, 15, República, São Paulo - SP, 01305-000, Brasil",São Paulo,,SP,,01305-000,-23.55013,-46.64638,,,,,,Restaurantes,SP,-23.55012,-46.6463715999999,0.3
,,,"Leburguer Jardins, Rua Augusta, República, São Paulo - SP, 01034-000, Brasil",São Paulo,,SP,,01034-000,-23.54991,-46.64647,,,,,,Restaurantes,SP,-23.5499142,-46.6464724999999,0.3
,,,"Leburguer Jardins, Rua Augusta, República, São Paulo - SP, 01034-000, Brasil",São Paulo,,SP,,01034-000,-23.54991,-46.64647,,,,,,Restaurantes,SP,-23.5499142,-46.6464724999999,0.3
,,,"Rua Oscar Freire, 384, Jardim Paulista, São Paulo - SP, 01426-000, Brasil",São Paulo,,SP,,01426-000,-23.56606,-46.66547,,,,,,Restaurantes,SP,-23.5660066,-46.6655264,0.3
,,,"Leburguer Jardins, Rua Augusta, República, São Paulo - SP, 01034-000, Brasil",São Paulo,,SP,,01034-000,-23.54991,-46.64647,,,,,,Restaurantes,SP,-23.5499142,-46.6464724999999,0.3
,,,"Alameda Casa Branca, 1008, Jardim Paulista, São Paulo - SP, 01408-001, Brasil",São Paulo,,SP,,01408-001,-23.56844,-46.66273,,,,,,Restaurantes,SP,-23.5685106,-46.6627388,0.3
,,,"Rua Doutor Renato Paes de Barros, 465, Itaim Bibi, São Paulo - SP, 04530-000, Brasil",São Paulo,,SP,,04530-000,-23.58277,-46.67396,,,,,,Restaurantes,SP,-23.5827613,-46.6739488,0.3
,,,"Rua Melo Alves, 767, Jardim Paulista, São Paulo - SP, 01417-010, Brasil",São Paulo,,SP,,01417-010,-23.56334,-46.67279,,,,,,Restaurantes,SP,-23.5633865,-46.672788,0.3
,,,"Rua Nilza Medeiros Martins, 21, Vila Sônia, São Paulo - SP, 05628-010, Brasil",São Paulo,,SP,,05628-010,-23.6009,-46.72805,,,,,,Restaurantes,SP,-23.6009115,-46.7280425999999,0.3
,,,"Rua Coronel Oscar Porto, 638, Vila Mariana, São Paulo - SP, 04003-002, Brasil",São Paulo,,SP,,04003-002,-23.57475,-46.64642,,,,,,Restaurantes,SP,-23.5747369,-46.6464858999999,0.3
,,,"Avenida Indianópolis, 1401, Saúde, São Paulo - SP, 04063-002, Brasil",São Paulo,,SP,,04063-002,-23.61062,-46.65135,,,,,,Restaurantes,SP,-23.6105308,-46.6512924,0.3
,,,"Pizza Hut, Rua Coronel Xavier de Toledo, República, São Paulo - SP, 01048-000, Brasil",São Paulo,,SP,,01048-000,-23.54656,-46.63863,,,,,,Restaurantes,SP,-23.5466528,-46.638548,0.3
,,,"Museu de Arte de São Paulo Assis Chateaubriand -Masp, Avenida Paulista, 1578, Bela Vista, São Paulo - SP, 01310-000, Brasil",São Paulo,,SP,,01310-000,-23.5615,-46.65595,,,,,,Restaurantes,SP,-23.5615171,-46.655961,0.3
,,,"Rua Barão de Capanema, 456, Jardim Paulista, São Paulo - SP, 01411-010, Brasil",São Paulo,,SP,,01411-010,-23.56655,-46.6668,,,,,,Restaurantes,SP,-23.5665283,-46.6668467999999,0.3
,,,"Rua Bandeira Paulista, 520, Itaim Bibi, São Paulo - SP, 04532-001, Brasil",São Paulo,,SP,,04532-001,-23.5841,-46.67614,,,,,,Restaurantes,SP,-23.584097,-46.6761539,0.3
,,,"Rua Haddock Lobo, 1738, Jardim Paulista, São Paulo - SP, 01414-002, Brasil",São Paulo,,SP,,01414-002,-23.56535,-46.66962,,,,,,Restaurantes,SP,-23.5652369,-46.6697294,0.3
,,,"Avenida Presidente Juscelino Kubitschek, 816, Itaim Bibi, São Paulo - SP, 04543-000, Brasil",São Paulo,,SP,,04543-000,-23.58903,-46.67734,,,,,,Restaurantes,SP,-23.5890297,-46.6774656,0.3
,,,"Rua Joaquim Antunes, 110, Pinheiros, São Paulo - SP, 05415-000, Brasil",São Paulo,,SP,,05415-000,-23.56708,-46.67908,,,,,,Restaurantes,SP,-23.5671005,-46.6790585,0.3
,,,"Empresa Paulistana de Estacionamentos, Rua da Consolação, 3545, Jardim Paulista, São Paulo - SP, 01416-001, Brasil",São Paulo,,SP,,01416-001,-23.56266,-46.67007,,,,,,Restaurantes,SP,-23.5627103,-46.6700773,0.3
,,,"Bacio di Latte, Avenida Marginal Pinheiros, Morumbi, São Paulo - SP, 05676-030, Brasil",São Paulo,,SP,,05676-030,-23.59891,-46.6976,,,,,,Restaurantes,SP,-23.5989077,-46.6976032,0.3
,,,"Rua Bela Cintra, 2230, Jardim Paulista, São Paulo - SP, 01415-002, Brasil",São Paulo,,SP,,01415-002,-23.56363,-46.66978,,,,,,Restaurantes,SP,-23.5636288,-46.6697984,0.3
,,,"Rua Oscar Freire, 523, Jardim Paulista, São Paulo - SP, 01426-001, Brasil",São Paulo,,SP,,01426-001,-23.56544,-46.66646,,,,,,Restaurantes,SP,-23.5654486,-46.6664884,0.3
,,,"Rua Oscar Freire, 216, Jardim Paulista, São Paulo - SP, 01426-000, Brasil",São Paulo,,SP,,01426-000,-23.56728,-46.66413,,,,,,Restaurantes,SP,-23.5672241,-46.6640855,0.3
,,,"Rua Iguatemi, 276, Itaim Bibi, São Paulo - SP, 01451-011, Brasil",São Paulo,,SP,,01451-011,-23.58405,-46.68238,,,,,,Restaurantes,SP,-23.5841029,-46.6825512,0.3
,,,"Barouche, Rua Medeiros de Albuquerque, Pinheiros, São Paulo - SP, 05436-060, Brasil",São Paulo,,SP,,05436-060,-23.55408,-46.68601,,,,,,Restaurantes,SP,-23.5539502,-46.6859644,0.3
,,,"Rua Peixoto Gomide, 1901, Jardim Paulista, São Paulo - SP, 01409-002, Brasil",São Paulo,,SP,,01409-002,-23.56794,-46.66422,,,,,,Restaurantes,SP,-23.5680267,-46.6641495,0.3
,,,"Rua Treze de Maio, 596, Bela Vista, São Paulo - SP, 01327-000, Brasil",São Paulo,,SP,,01327-000,-23.55848,-46.64652,,,,,,Restaurantes,SP,-23.5584777,-46.6465399999999,0.3
,,,"Avenida Mauro Ramos, 80, Centro, Florianópolis - SC, 88020-300, Brasil",Florianópolis,,SC,,88020-300,-27.60039,-48.54555,,,,,,Restaurantes,Demais Praças,-27.6004226,-48.5454851999999,0.3
,,,"Rua Manuel da Nóbrega, 66, Vila Mariana, São Paulo - SP, 04001-000, Brasil",São Paulo,,SP,,04001-000,-23.56862,-46.6492,,,,,,Restaurantes,SP,-23.5685892,-46.6491982999999,0.3
,,,"Rua Padre João Manuel, 708, Jardim Paulista, São Paulo - SP, 01411-001, Brasil",São Paulo,,SP,,01411-001,-23.56366,-46.66423,,,,,,Restaurantes,SP,-23.56365,-46.6642404,0.3
,,,"Rua Pontins, 52, Santana, São Paulo - SP, 02404-010, Brasil",São Paulo,,SP,,02404-010,-23.49229,-46.62955,,,,,,Restaurantes,SP,-23.4922571,-46.6294839,0.3
,,,"Rua Harmonia, 521, Pinheiros, São Paulo - SP, 05435-000, Brasil",São Paulo,,SP,,05435-000,-23.55391,-46.68903,,,,,,Restaurantes,SP,-23.5540219,-46.6891577,0.3
,,,"Alameda Campinas, 1333, Jardim Paulista, São Paulo - SP, 01404-002, Brasil",São Paulo,,SP,,01404-002,-23.57158,-46.6586,,,,,,Restaurantes,SP,-23.5716393,-46.6585798,0.3
,,,"Rua Amaral Gurgel, 352, Consolação, São Paulo - SP, 01221-001, Brasil",São Paulo,,SP,,01221-001,-23.54486,-46.64797,,,,,,Restaurantes,SP,-23.5448511,-46.6480077,0.3
,,,"Rua Sergipe, 753, Consolação, São Paulo - SP, 01243-001, Brasil",São Paulo,,SP,,01243-001,-23.54678,-46.6608,,,,,,Restaurantes,SP,-23.5467877,-46.6608166,0.3
,,,"Rua Artur de Azevedo, 546, Jardim Paulista, São Paulo - SP, 05404-001, Brasil",São Paulo,,SP,,05404-001,-23.56,-46.67761,,,,,,Restaurantes,SP,-23.5599221,-46.6775776,0.3
,,,"Alameda Tietê, 638, Jardim Paulista, São Paulo - SP, 01417-020, Brasil",São Paulo,,SP,,01417-020,-23.55953,-46.66847,,,,,,Restaurantes,SP,-23.5595241,-46.6684101,0.3
,,,"Rua Benjamin Egas, 275, Pinheiros, São Paulo - SP, 05418-030, Brasil",São Paulo,,SP,,05418-030,-23.56638,-46.6889,,,,,,Restaurantes,SP,-23.566417,-46.6888574,0.3
,,,"Rua Medeiros de Albuquerque, 254, Pinheiros, São Paulo - SP, 05436-060, Brasil",São Paulo,,SP,,05436-060,-23.55534,-46.68556,,,,,,Restaurantes,SP,-23.5553948,-46.6855309,0.3
,,,"Rua Padre Carvalho, 149, Pinheiros, São Paulo - SP, 05427-020, Brasil",São Paulo,,SP,,05427-020,-23.56129,-46.69652,,,,,,Restaurantes,SP,-23.5612849,-46.6964372,0.3
,,,"Rua Cotoxó, 110, Perdizes, São Paulo - SP, 05021-000, Brasil",São Paulo,,SP,,05021-000,-23.52839,-46.68245,,,,,,Restaurantes,SP,-23.5283889,-46.6825194,0.3
,,,"Alameda Franca, 1151, Jardim Paulista, São Paulo - SP, 01422-005, Brasil",São Paulo,,SP,,01422-005,-23.56156,-46.66414,,,,,,Restaurantes,SP,-23.5616078,-46.6641445,0.3
,,,"Rua Pedroso Alvarenga, 677, Itaim Bibi, São Paulo - SP, 04531-011, Brasil",São Paulo,,SP,,04531-011,-23.5815,-46.67703,,,,,,Restaurantes,SP,-23.5815706,-46.6769962,0.3
,,,"Rua Virajuba, 1099, Brasilândia, São Paulo - SP, 02847-085, Brasil",São Paulo,,SP,,02847-085,-23.46192,-46.69479,,,,,,Restaurantes,SP,-23.4620117,-46.694852,0.3
,,,"Avenida Deputado Jamel Cecílio, Jardim Goiás, Goiânia - GO, 74810-100, Brasil",Goiânia,,GO,,74810-100,-16.70689,-49.23759,,,,,,Joalherias,Demais Praças,-16.706871,-49.237572,0.3
,,,"Pégasus Art Esportivos Ltda, Brasil",,,,,,-22.99944,-43.35141,,,,,,Joalherias,Demais Praças,-22.999455,-43.351358,0.3
,,,"Shin Ca 4, Setor de Hab. Individuais Norte, Lago Norte - DF, 71503-504, Brasil",Lago Norte,,DF,,71503-504,-15.71945,-47.88519,,,,,,Joalherias,Demais Praças,-15.719407,-47.8851768,0.3
,,,"Salvatore Ferragamo, Avenida Presidente Juscelino Kubitschek, 2041, Itaim Bibi, São Paulo - SP, 04543-011, Brasil",São Paulo,,SP,,04543-011,-23.59053,-46.69057,,,,,,Joalherias,SP,-23.590418,-46.690551,0.3
,,,"Lima's Lanches Truck, Avenida Marginal Pinheiros, Morumbi, São Paulo - SP, 05502-001, Brasil",São Paulo,,SP,,05502-001,-23.59701,-46.69753,,,,,,Joalherias,SP,-23.5972545,-46.6973275,0.3
,,,"Fit, Avenida Brigadeiro Faria Lima, Pinheiros, São Paulo - SP, 01456-060, Brasil",São Paulo,,SP,,01456-060,-23.5774,-46.68824,,,,,,Joalherias,SP,-23.5773238,-46.6881771,0.3
,,,"Avenida Brigadeiro Faria Lima, Pinheiros, São Paulo - SP, 05426-100, Brasil",São Paulo,,SP,,05426-100,-23.57091,-46.69073,,,,,,Joalherias,SP,-23.5708974,-46.6907247,0.3
,,,"Avenida Hélio Ossamu Daikuara, 1551, Jardim Vista Alegre, Embu das Artes - SP, 06807-315, Brasil",Embu das Artes,,SP,,06807-315,-23.63374,-46.82563,,,,,,Joalherias,SP,-23.633823,-46.825586,0.3
,,,"Avenida do Batel, 1868, Batel, Curitiba - PR, 80420-090, Brasil",Curitiba,,PR,,80420-090,-25.44358,-49.29052,,,,,,Joalherias,Demais Praças,-25.443489,-49.290557,0.3
,,,"PANDORA, Alameda Terracota, 545, Cerâmica, São Caetano do Sul - SP, Brasil",São Caetano do Sul,,SP,,,-23.6265,-46.57971,,,,,,Joalherias,SP,-23.6264827,-46.57980531,0.3
,,,"Avenida Perimetral Norte, Jardim Balneário Meia Ponte, Goiânia - GO, 74573-260, Brasil",Goiânia,,GO,,74573-260,-16.63004,-49.27545,,,,,,Joalherias,Demais Praças,-16.629942,-49.275523,0.3
,,,"New Time, Santo Amaro, São Paulo - SP, 04710-190, Brasil",São Paulo,,SP,,04710-190,-23.6234,-46.69862,,,,,,Joalherias,SP,-23.6233825,-46.6986091,0.3
,,,"Avenida Maracanã, 972, Tijuca, Rio de Janeiro - RJ, 20511-000, Brasil",Rio de Janeiro,,RJ,,20511-000,-22.93863,-43.24819,,,,,,Joalherias,Demais Praças,-22.9387565,-43.2481818,0.3
,,,"Porsche Smart Mobility, Avenida Santa Catarina, 1, Dos Estados, Balneário Camboriú - SC, 88339-005, Brasil",Balneário Camboriú,,SC,,88339-005,-26.99311,-48.64678,,,,,,Joalherias,Demais Praças,-26.993018,-48.646905,0.3
,,,"J Canedo, Rua Konrad Adenauer, 370, Tarumã, Curitiba - PR, 82810-350, Brasil",Curitiba,,PR,,82810-350,-25.42938,-49.21468,,,,,,Joalherias,Demais Praças,-25.429332,-49.214691,0.3
,,,"Alameda Joaquim Eugênio de Lima, 547, Jardim Paulista, São Paulo - SP, 01403-001, Brasil",São Paulo,,SP,,01403-001,-23.56629,-46.65095,,,,,,Joalherias,SP,-23.566335,-46.65094,0.3
,,,"TOUCH, Avenida Independência, São Mateus, Juiz de Fora - MG, 36025-320, Brasil",Juiz de Fora,,MG,,36025-320,-21.7816,-43.36087,,,,,,Joalherias,Demais Praças,-21.781628,-43.360941,0.3
,,,"Stein Associados, Centro, Joinville - SC, 89201-420, Brasil",Joinville,,SC,,89201-420,-26.30341,-48.85041,,,,,,Joalherias,Demais Praças,-26.303521,-48.850279,0.3
,,,"Applebee's, Avenida Iguatemi, 777, Vila Brandina, Campinas - SP, 13092-500, Brasil",Campinas,,SP,,13092-500,-22.89285,-47.02797,,,,,,Joalherias,SP,-22.8927317,-47.0278787,0.3
,,,"Avenida Dona Tereza Cristina, 100, Figueira, Duque de Caxias - RJ, 25230-480, Brasil",Duque de Caxias,,RJ,,25230-480,-22.69024,-43.29149,,,,,,Joalherias,Demais Praças,-22.6903073,-43.291485,0.3
,,,"Sol Câmbio, Avenida Pompéia, Barra Funda, São Paulo - SP, 05022-000, Brasil",São Paulo,,SP,,05022-000,-23.52619,-46.68104,,,,,,Joalherias,SP,-23.5260444,-46.6808775,0.3
,,,"intimissimi, Avenida Cândido de Abreu, 127, Centro Cívico, Curitiba - PR, 80530-010, Brasil",Curitiba,,PR,,80530-010,-25.42294,-49.27062,,,,,,Joalherias,Demais Praças,-25.4228528,-49.270658,0.3
,,,"Triton Eyewear, Avenida Cristiano Machado, 4000, União, Belo Horizonte - MG, Brasil",Belo Horizonte,,MG,,,-19.87431,-43.9262,,,,,,Joalherias,Demais Praças,-19.874395,-43.926673,0.3
,,,"Avenida Pastor Martin Luther King Júnior, 10805, Coelho Neto, Rio de Janeiro - RJ, 21530-015, Brasil",Rio de Janeiro,,RJ,,21530-015,-22.82751,-43.34768,,,,,,Joalherias,Demais Praças,-22.8273552,-43.3476307,0.3
,,,"JOHN JOHN, Móoca, São Paulo - SP, 03109-000, Brasil",São Paulo,,SP,,03109-000,-23.58066,-46.59383,,,,,,Joalherias,SP,-23.5807459,-46.59401,0.3
,,,"Rua Tenente Antonio João, Zona Industrial Norte, Joinville - SC, 89219-720, Brasil",Joinville,,SC,,89219-720,-26.25173,-48.85252,,,,,,Joalherias,Demais Praças,-26.251735,-48.852608,0.3
,,,"Rodovia Presidente Castelo Branco, São Roque - SP, 18132-851, Brasil",São Roque,,SP,,18132-851,-23.42224,-47.16117,,,,,,Joalherias,SP,-23.422109,-47.161163,0.3
,,,"Rua North Shopping Barretos, Pereira, Barretos - SP, 14784-190, Brasil",Barretos,,SP,,14784-190,-20.57514,-48.55846,,,,,,Joalherias,SP,-20.57512,-48.558546,0.3
,,,"havaianas, Avenida Rio Negro, 1100, Franca - SP, 14406-010, Brasil",Franca,,SP,,14406-010,-20.54775,-47.41675,,,,,,Joalherias,SP,-20.5477468,-47.4167514,0.3
,,,"Carmen Steffens, Rua Henrique Savi, Jardim Infante Dom Henrique, Bauru - SP, 17012-205, Brasil",Bauru,,SP,,17012-205,-22.34238,-49.04955,,,,,,Joalherias,SP,-22.342332,-49.049463,0.3
,,,"Rua Treze de Maio, 150, Bela Vista, São Paulo - SP, 04849-529, Brasil",São Paulo,,SP,,04849-529,-23.57092,-46.64425,,,,,,Joalherias,SP,-23.57113,-46.643948,0.3
,,,"Avenida Deputado Benedito Matarazzo, 11641, Vila Tatetuba, São José dos Campos - SP, 12220-610, Brasil",São José dos Campos,,SP,,12220-610,-23.18525,-45.85291,,,,,,Joalherias,SP,-23.1853305,-45.8528748,0.3
,,,"Rua Frei Rolim, Cursino, São Paulo - SP, 04151-100, Brasil",São Paulo,,SP,,04151-100,-23.62056,-46.62769,,,,,,Joalherias,SP,-23.620509,-46.627679,0.3
,,,"Avenida do Contorno, 6075, São Pedro, Belo Horizonte - MG, 30110-042, Brasil",Belo Horizonte,,MG,,30110-042,-19.94017,-43.9341,,,,,,Joalherias,Demais Praças,-19.94004233,-43.93410667,0.3
,,,"Rodovia Governador Mário Covas, Porto Belo - SC, 85874-000, Brasil",Porto Belo,,SC,,85874-000,-27.17725,-48.61191,,,,,,Joalherias,Demais Praças,-27.17724824,-48.61195677,0.3
,,,"Rua Doutor Rodrigo Pereira Barreto, 4, Itaquera, São Paulo - SP, 08210-535, Brasil",São Paulo,,SP,,08210-535,-23.53089,-46.44679,,,,,,Joalherias,SP,-23.5309589,-46.44674867,0.3
,,,"Avenida Ibirapuera, 3103, Moema, São Paulo - SP, 04029-902, Brasil",São Paulo,,SP,,04029-902,-23.61012,-46.66718,,,,,,Joalherias,SP,-23.6100344,-46.6672731,0.3
,,,"Avenida Gisele Constantino, 180, Votorantim - SP, 18116-650, Brasil",Votorantim,,SP,,18116-650,-23.55076,-47.46566,,,,,,Joalherias,SP,-23.550895,-47.46581,0.3
,,,"ATM, Rua Fonseca, Bangu, Rio de Janeiro - RJ, 21820-005, Brasil",Rio de Janeiro,,RJ,,21820-005,-22.87847,-43.4666,,,,,,Joalherias,Demais Praças,-22.8787218,-43.4668192,0.3
,,,"Oficina de Lanternagem Estrela de Davi., Avenida Dom Helder Câmara, Cachambi, Rio de Janeiro - RJ, 20771-004, Brasil",Rio de Janeiro,,RJ,,20771-004,-22.88769,-43.28301,,,,,,Joalherias,Demais Praças,-22.8876746,-43.2830163,0.3
,,,"Praça T 24, Avenida T-10, Bueno, Goiânia - GO, 74223-060, Brasil",Goiânia,,GO,,74223-060,-16.70597,-49.26898,,,,,,Joalherias,Demais Praças,-16.7061712,-49.2690578,0.3
,,,"Vivenda do Camarão, Avenida Regente Feijó, Vila Formosa, São Paulo - SP, 03342-000, Brasil",São Paulo,,SP,,03342-000,-23.56207,-46.56098,,,,,,Joalherias,SP,-23.562087,-46.560815,0.3
,,,"W. Map, Rua Professor Antônio Maria Teixeira, Leblon, Rio de Janeiro - RJ, 22430-050, Brasil",Rio de Janeiro,,RJ,,22430-050,-22.98218,-43.21661,,,,,,Joalherias,Demais Praças,-22.9819599,-43.2168358,0.3
,,,"PUMA, Rua Prof. Pedro V. Parigot de Souza, 600, Mossungue, Curitiba - PR, 81200-100, Brasil",Curitiba,,PR,,81200-100,-25.43555,-49.3164,,,,,,Joalherias,Demais Praças,-25.435518,-49.3163973,0.3
,,,"Avenida Donato Quintino, 125, Canelas II, Montes Claros - MG, 39400-546, Brasil",Montes Claros,,MG,,39400-546,-16.73996,-43.87044,,,,,,Joalherias,Demais Praças,-16.74023867,-43.870405,0.3
,,,"Avenida Rio Verde, 988, Jardim Nova Era, Aparecida de Goiânia - GO, 74916-260, Brasil",Aparecida de Goiânia,,GO,,74916-260,-16.74334,-49.27869,,,,,,Joalherias,Demais Praças,-16.74325387,-49.27874241,0.3
,,,"Rodovia Marechal Rondon, Vila Cardia, Bauru - SP, 17030-005, Brasil",Bauru,,SP,,17030-005,-22.31512,-49.05513,,,,,,Joalherias,SP,-22.3151323,-49.0551481,0.3
,,,"Rodovia do Café Governador Ney Braga, Campo Largo - PR, Brasil",Campo Largo,,PR,,,-25.4347,-49.4131,,,,,,Joalherias,Demais Praças,-25.434723,-49.413096,0.3
,,,"Alameda 1, Ribeirão Preto - SP, Brasil",Ribeirão Preto,,SP,,,-21.22529,-47.83704,,,,,,Joalherias,SP,-21.225334,-47.837001,0.3
,,,"Avenida Vicente de Carvalho, 821, Vicente de Carvalho, Rio de Janeiro - RJ, 21220-270, Brasil",Rio de Janeiro,,RJ,,21220-270,-22.85122,-43.31111,,,,,,Joalherias,Demais Praças,-22.8513296,-43.3110368,0.3
,,,"BRT Transoeste, Vargem Grande, Rio de Janeiro - RJ, 22640-100, Brasil",Rio de Janeiro,,RJ,,22640-100,-23.01756,-43.51129,,,,,,Joalherias,Demais Praças,-23.0175314,-43.5112831,0.3
,,,"Tupinambá, Avenida Padre Cacique, 2893, Cristal, Porto Alegre - RS, 90810-240, Brasil",Porto Alegre,,RS,,90810-240,-30.08034,-51.24739,,,,,,Joalherias,Demais Praças,-30.080301,-51.247159,0.3
,,,"Praça Oswaldo Cruz, Centro, Curitiba - PR, 80250-230, Brasil",Curitiba,,PR,,80250-230,-25.44019,-49.27685,,,,,,Joalherias,Demais Praças,-25.440186,-49.276927,0.3
,,,"Rua Roma, Jardim Excelsior, Cabo Frio - RJ, Brasil",Cabo Frio,,RJ,,,-22.87694,-42.03231,,,,,,Joalherias,Demais Praças,-22.876926,-42.0323402,0.3
,,,"Primi Passi, Avenida Alberto Benassi, Jardim dos Manacás, Araraquara - SP, 14804-300, Brasil",Araraquara,,SP,,14804-300,-21.78357,-48.20079,,,,,,Joalherias,SP,-21.783575,-48.200789,0.3
,,,"Avenida Transguarulhense, Picanço, Guarulhos - SP, 07082-055, Brasil",Guarulhos,,SP,,07082-055,-23.44048,-46.54328,,,,,,Joalherias,SP,-23.440477,-46.543281,0.3
,,,"Soldado Mário Kozel Filho, Estrada do Engenho d'Água, Anil, Rio de Janeiro - RJ, 22765-240, Brasil",Rio de Janeiro,,RJ,,22765-240,-22.95564,-43.3399,,,,,,Joalherias,Demais Praças,-22.955587,-43.339941,0.3
,,,"Avenida Manoel Goulart, 2622, Jardim das Rosas, Presidente Prudente - SP, 19060-000, Brasil",Presidente Prudente,,SP,,19060-000,-22.1172,-51.40604,,,,,,Joalherias,SP,-22.11690134,-51.406212,0.3
,,,"Banca Cultural 108 Sul, SQS 108, Asa Sul, Brasília - DF, 70347-040, Brasil",Brasília,,DF,,70347-040,-15.81598,-47.9044,,,,,,Joalherias,Demais Praças,-15.8159611,-47.9043809,0.3
,,,"The Original Cupcake, Avenida Gov. André Franco Montoro, Taboão da Serra - SP, 06757-000, Brasil",Taboão da Serra,,SP,,06757-000,-23.61495,-46.77541,,,,,,Joalherias,SP,-23.614849,-46.775503,0.3
,,,"Avenida Sete de Setembro, 2587, Rebouças, Curitiba - PR, 80230-010, Brasil",Curitiba,,PR,,80230-010,-25.43754,-49.26583,,,,,,Joalherias,Demais Praças,-25.437528,-49.265823,0.3
,,,"Central PenhaEstacionamento, Rua Doutor João Ribeiro, 244, Penha, São Paulo - SP, 03634-000, Brasil",São Paulo,,SP,,03634-000,-23.52503,-46.54698,,,,,,Joalherias,SP,-23.5251956,-46.5470113,0.3
,,,"Shell, ERL S, Zona Cívico Administrativa, Brasília - DF, Brasil",Brasília,,DF,,,-15.79423,-47.88217,,,,,,Joalherias,Demais Praças,-15.7942287,-47.8821658,0.3
,,,"Oi, Rua Domingos Agostim, Tatuapé, São Paulo - SP, 03306-010, Brasil",São Paulo,,SP,,03306-010,-23.54177,-46.57661,,,,,,Joalherias,SP,-23.5417688,-46.5766632,0.3
,,,"SGAS 905, BLOCO A, Asa Sul, Brasília - DF, 70390-050, Brasil",Brasília,,DF,,70390-050,-15.80351,-47.90297,,,,,,Joalherias,Demais Praças,-15.803598,-47.903099,0.3
,,,"UP 2 You, Rua dos Tucunarés, 500, Marília - SP, 17507-393, Brasil",Marília,,SP,,17507-393,-22.18625,-49.96688,,,,,,Joalherias,SP,-22.186194,-49.966884,0.3
,,,"Avenida das Nações Unidas, 22360, Socorro, São Paulo - SP, 04795-000, Brasil",São Paulo,,SP,,04795-000,-23.68415,-46.69232,,,,,,Joalherias,SP,-23.684125,-46.692289,0.3
,,,"Rua Engenheiro Camilo Olivetti, Itapegica, Guarulhos - SP, 07042-040, Brasil",Guarulhos,,SP,,07042-040,-23.48663,-46.54988,,,,,,Joalherias,SP,-23.486605,-46.549867,0.3
,,,"Avenida Farroupilha, Marechal Rondon, Canoas - RS, Brasil",Canoas,,RS,,,-29.91494,-51.16569,,,,,,Joalherias,Demais Praças,-29.914949,-51.165644,0.3
,,,"Praça Samuel Sabatini, 226, Centro, São Bernardo do Campo - SP, 09750-700, Brasil",São Bernardo do Campo,,SP,,09750-700,-23.69303,-46.5522,,,,,,Joalherias,SP,-23.69301167,-46.55183267,0.3
,,,"Avenida das Américas, 4567, Barra da Tijuca, Rio de Janeiro - RJ, 22790-703, Brasil",Rio de Janeiro,,RJ,,22790-703,-23.00034,-43.36063,,,,,,Joalherias,Demais Praças,-23.0002151,-43.3607073,0.3
,,,"Empório Body Store, Tamboré, Barueri - SP, 06455-000, Brasil",Barueri,,SP,,06455-000,-23.50388,-46.83354,,,,,,Joalherias,SP,-23.5037325,-46.8336407,0.3
,,,"Inicial Games, Rua Carlos Gomes, Centro, Limeira - SP, 13480-013, Brasil",Limeira,,SP,,13480-013,-22.57067,-47.40805,,,,,,Joalherias,SP,-22.5704017,-47.4081761,0.3
,,,"Avenida General David Sarnoff, Cidade Industrial, Contagem - MG, 32210-110, Brasil",Contagem,,MG,,32210-110,-19.9482,-44.02563,,,,,,Joalherias,Demais Praças,-19.9482066,-44.0256258,0.3
,,,"Okuyamtomóveis, Avenida Charles Schnneider, Barranco, Taubaté - SP, 12040-001, Brasil",Taubaté,,SP,,12040-001,-23.02531,-45.58259,,,,,,Joalherias,SP,-23.0253193,-45.5824343,0.3
,,,"Rua Cônego Thomaz Fontes, 284, Centro, Itajaí - SC, 88301-100, Brasil",Itajaí,,SC,,88301-100,-26.9044,-48.66032,,,,,,Joalherias,Demais Praças,-26.904382,-48.660244,0.3
,,,"Shin Ca 4, Setor de Hab. Individuais Norte, Lago Norte - DF, 71503-504, Brasil",Lago Norte,,DF,,71503-504,-15.71945,-47.88519,,,,,,Joalherias,Demais Praças,-15.719407,-47.8851768,0.3
,,,"Avenida das Cataratas, Vila Yolanda, Foz do Iguaçu - PR, 85853-000, Brasil",Foz do Iguaçu,,PR,,85853-000,-25.55488,-54.56677,,,,,,Joalherias,Demais Praças,-25.554894,-54.566779,0.3
,,,"Empório dos Controles, Pirituba, São Paulo - SP, 05145-000, Brasil",São Paulo,,SP,,05145-000,-23.5061,-46.71794,,,,,,Joalherias,SP,-23.5060765,-46.7179002,0.3
,,,"Avenida Industrial, 641, Tamanduateí 3, Santo André - SP, 09080-510, Brasil",Santo André,,SP,,09080-510,-23.6493,-46.53326,,,,,,Joalherias,SP,-23.64932884,-46.53328462,0.3
,,,"Estrada de São Bento, 3304, Pium, Itaquaquecetuba - SP, 08598-100, Brasil",Itaquaquecetuba,,SP,,08598-100,-23.45991,-46.30695,,,,,,Joalherias,SP,-23.459863,-46.307036,0.3
,,,"Cinemas São Luiz, Avenida Maria Campos, Industrial Autonomistas, Osasco - SP, Brasil",Osasco,,SP,,,-23.53808,-46.77185,,,,,,Joalherias,SP,-23.538202,-46.771948,0.3
,,,"Rua Pataxo, 854, Pataxós, Embu das Artes - SP, Brasil",Embu das Artes,,SP,,,-23.65841,-46.83286,,,,,,Joalherias,SP,-23.658352,-46.83292,0.3
,,,"Lenny Niemeyer, Avenida do Batel, 1868, Batel, Curitiba - PR, 80420-090, Brasil",Curitiba,,PR,,80420-090,-25.44322,-49.29068,,,,,,Joalherias,Demais Praças,-25.44321648,-49.29067612,0.3
,,,"Avenida Abílio Augusto Távora, 3, Cabuçu, Nova Iguaçu - RJ, 26291-200, Brasil",Nova Iguaçu,,RJ,,26291-200,-22.78658,-43.54552,,,,,,Joalherias,Demais Praças,-22.786764,-43.545438,0.3
,,,"Vida Ativa, Avenida Fernando Machado, Líder, Chapecó - SC, Brasil",Chapecó,,SC,,,-27.0698,-52.62525,,,,,,Joalherias,Demais Praças,-27.0697921,-52.6250599,0.3
,,,"Gregory, Avenida Olegário Maciel, Santo Agostinho, Belo Horizonte - MG, 30140-085, Brasil",Belo Horizonte,,MG,,30140-085,-19.92829,-43.94688,,,,,,Joalherias,Demais Praças,-19.928228,-43.946818,0.3
,,,"Rua Casa do Ator, 1273, Itaim Bibi, São Paulo - SP, 04546-003, Brasil",São Paulo,,SP,,04546-003,-23.59614,-46.68518,,,,,,Joalherias,SP,-23.595926,-46.6851055,0.3
,,,"Méliuz, Rua Pacífico Mascarenhas, Santa Efigênia, Belo Horizonte - MG, 30260-010, Brasil",Belo Horizonte,,MG,,30260-010,-19.92047,-43.92117,,,,,,Joalherias,Demais Praças,-19.920396,-43.92114,0.3
,,,"Ponto De Carregamento Para Veículos Elétricos, Rua Quinze de Novembro, 8, Centro, Niterói - RJ, 24020-125, Brasil",Niterói,,RJ,,24020-125,-22.89678,-43.12389,,,,,,Joalherias,Demais Praças,-22.896721,-43.123917,0.3
,,,"Youcom, Rua Paulo de Faria, Tucuruvi, São Paulo - SP, 02267-000, Brasil",São Paulo,,SP,,02267-000,-23.47993,-46.60279,,,,,,Joalherias,SP,-23.4799135,-46.6029538,0.3
,,,"Avenida Praia de Belas, Praia de Belas, Porto Alegre - RS, 90110-000, Brasil",Porto Alegre,,RS,,90110-000,-30.05017,-51.22817,,,,,,Joalherias,Demais Praças,-30.050185,-51.228082,0.3
,,,"Fascar, Subsetor Sul-5, Ribeirão Preto - SP, Brasil",Ribeirão Preto,,SP,,,-21.21041,-47.81387,,,,,,Joalherias,SP,-21.2104407,-47.8138791,0.3
,,,"Rua Jacy Teixeira de Camargo, 412, Jardim do Lago, Campinas - SP, 13050-008, Brasil",Campinas,,SP,,13050-008,-22.93137,-47.07764,,,,,,Joalherias,SP,-22.93131,-47.077723,0.3
,,,"Innovasjon Norge, Rua Lauro Müller, Botafogo, Rio de Janeiro - RJ, 22290-160, Brasil",Rio de Janeiro,,RJ,,22290-160,-22.95688,-43.17631,,,,,,Joalherias,Demais Praças,-22.95680276,-43.17618724,0.3
,,,"Rua Ermelino de Leão, 1243, Olarias, Ponta Grossa - PR, 84035-000, Brasil",Ponta Grossa,,PR,,84035-000,-25.098,-50.15471,,,,,,Joalherias,Demais Praças,-25.0980329,-50.1546847,0.3
,,,"Droga Líder, Avenida João Naves de Ávila, Tibery, Uberlândia - MG, 38405-140, Brasil",Uberlândia,,MG,,38405-140,-18.91081,-48.25977,,,,,,Joalherias,Demais Praças,-18.910777,-48.259772,0.3
,,,"Drogasil, Avenida Rebouças, 3970, Pinheiros, São Paulo - SP, 05401-450, Brasil",São Paulo,,SP,,05401-450,-23.57315,-46.69562,,,,,,Joalherias,SP,-23.573355,-46.695552,0.3
,,,"adidas, Vila Ipiranga, Porto Alegre - RS, 91340-001, Brasil",Porto Alegre,,RS,,91340-001,-30.02608,-51.16268,,,,,,Joalherias,Demais Praças,-30.02603395,-51.16264757,0.3
,,,"Avenida Rotary, Ferrazópolis, São Bernardo do Campo - SP, 09721-000, Brasil",São Bernardo do Campo,,SP,,09721-000,-23.72233,-46.54317,,,,,,Joalherias,SP,-23.72241,-46.543163,0.3
,,,"MG-424, Confins - MG, 33500-000, Brasil",Confins,,MG,,33500-000,-19.67125,-43.99317,,,,,,Joalherias,Demais Praças,-19.671258,-43.993214,0.3
,,,"Rua Maria Soares Sendas, Centro, São João de Meriti - RJ, 25581-350, Brasil",São João de Meriti,,RJ,,25581-350,-22.79474,-43.3529,,,,,,Joalherias,Demais Praças,-22.7947525,-43.35289949,0.3
,,,"Montana Grill, Rua Domingos de Morais, Vila Mariana, São Paulo - SP, 04036-100, Brasil",São Paulo,,SP,,04036-100,-23.59935,-46.63695,,,,,,Joalherias,SP,-23.5994793,-46.63675,0.3
,,,"EPIA, Setores Complementares-Asa Sul, Brasília - DF, Brasil",Brasília,,DF,,,-15.83329,-47.95167,,,,,,Joalherias,Demais Praças,-15.8332936,-47.9516438,0.3
,,,"Baloné, Rua Professor Alfredo Gomes, Botafogo, Rio de Janeiro - RJ, 22251-080, Brasil",Rio de Janeiro,,RJ,,22251-080,-22.94753,-43.18347,,,,,,Joalherias,Demais Praças,-22.9475665,-43.1834719,0.3
,,,"RD I Motors, Avenida São João, 2200, Jardim Colinas, São José dos Campos - SP, Brasil",São José dos Campos,,SP,,,-23.20507,-45.90792,,,,,,Joalherias,SP,-23.20529,-45.90767,0.3
,,,"Rua Sebastião Fabiano Dias, Belvedere, Belo Horizonte - MG, 30320-690, Brasil",Belo Horizonte,,MG,,30320-690,-19.97572,-43.94474,,,,,,Joalherias,Demais Praças,-19.975722,-43.944744,0.3
,,,"Rua Rincão, 733, Rincão, Novo Hamburgo - RS, 93608-610, Brasil",Novo Hamburgo,,RS,,93608-610,-29.67005,-51.14365,,,,,,Joalherias,Demais Praças,-29.6699257,-51.1436221,0.3
,,,"MG-424, Confins - MG, 33500-000, Brasil",Confins,,MG,,33500-000,-19.67125,-43.99317,,,,,,Joalherias,Demais Praças,-19.671258,-43.993214,0.3
,,,"Rua Só O Amor Constrói, 109, Eldorado Prol, Rio Verde - GO, 75904-433, Brasil",Rio Verde,,GO,,75904-433,-17.77094,-50.92313,,,,,,Joalherias,Demais Praças,-17.7709305,-50.9232683,0.3
,,,"Rua Coronel Chicuta, 355, Centro, Passo Fundo - RS, 99010-051, Brasil",Passo Fundo,,RS,,99010-051,-28.26298,-52.40878,,,,,,Joalherias,Demais Praças,-28.262951,-52.40867,0.3
,,,"Avenida Marechal Floriano Peixoto, 52, Gonzaga, Santos - SP, 11060-300, Brasil",Santos,,SP,,11060-300,-23.96712,-46.33461,,,,,,Joalherias,SP,-23.9672128,-46.3346131,0.3
,,,"Ville Ótica, Avenida Severino Ballesteros Rodrigues, Cabral, Contagem - MG, 32146-003, Brasil",Contagem,,MG,,32146-003,-19.88062,-44.038,,,,,,Joalherias,Demais Praças,-19.8807095,-44.0381215,0.3
,,,"Te&Maki, Avenida Paulista, 1159, Jardim Paulista, São Paulo - SP, 01310-100, Brasil",São Paulo,,SP,,01310-100,-23.56482,-46.65335,,,,,,Joalherias,SP,-23.564733,-46.653379,0.3
,,,"SUBWAY, Avenida Costa e Silva, 185, Jardim Polo Centro, Foz do Iguaçu - PR, 85863-000, Brasil",Foz do Iguaçu,,PR,,85863-000,-25.53311,-54.57535,,,,,,Joalherias,Demais Praças,-25.533157,-54.575446,0.3
,,,"Avenida Diário de Notícias, 500, Cristal, Porto Alegre - RS, 91900-420, Brasil",Porto Alegre,,RS,,91900-420,-30.08623,-51.24748,,,,,,Joalherias,Demais Praças,-30.086247,-51.247602,0.3
,,,"Rua Orlando Odilio Koerich, Distrito Industrial, São José - SC, 86905-000, Brasil",São José,,SC,,86905-000,-27.61566,-48.64517,,,,,,Joalherias,Demais Praças,-27.615609,-48.64524399,0.3
,,,"Avenida Jorge Elias de Lucca, Nossa Senhora da Salete, Criciúma - SC, 88813-390, Brasil",Criciúma,,SC,,88813-390,-28.68761,-49.33541,,,,,,Joalherias,Demais Praças,-28.6876619,-49.335381,0.3
,,,"Via de Fato, Rua Guaiaó, Aparecida, Santos - SP, 11035-260, Brasil",Santos,,SP,,11035-260,-23.97735,-46.3098,,,,,,Joalherias,SP,-23.9772208,-46.3097622,0.3
,,,"Maz Brasil, Avenida Presidente Kennedy, Portão, Curitiba - PR, 80610-010, Brasil",Curitiba,,PR,,80610-010,-25.47784,-49.29184,,,,,,Joalherias,Demais Praças,-25.477799,-49.291768,0.3
,,,"Siberian, Sanvitto, Caxias do Sul - RS, 95112-360, Brasil",Caxias do Sul,,RS,,95112-360,-29.17686,-51.21923,,,,,,Joalherias,Demais Praças,-29.176931,-51.219207,0.3
,,,"Avenida Higienópolis, 683, Consolação, São Paulo - SP, 01238-000, Brasil",São Paulo,,SP,,01238-000,-23.54292,-46.65831,,,,,,Joalherias,SP,-23.542701,-46.658082,0.3
,,,"C&A, Avenida Santa Bárbara, Vila Mollon IV, Santa Bárbara d'Oeste - SP, 13456-625, Brasil",Santa Bárbara d'Oeste,,SP,,13456-625,-22.74784,-47.36725,,,,,,Joalherias,SP,-22.747899,-47.367288,0.3
,,,"Estrada do Campo Limpo, 414, Jardim São Luís, São Paulo - SP, 05777-000, Brasil",São Paulo,,SP,,05777-000,-23.64843,-46.7576,,,,,,Joalherias,SP,-23.648372,-46.757572,0.3
,,,"Pégasus Art Esportivos Ltda, Brasil",,,,,,-22.99944,-43.35141,,,,,,Joalherias,Demais Praças,-22.999455,-43.351358,0.3
,,,"Rua Gerôncio Thives, 862, Campinas, São José - SC, 88117-290, Brasil",São José,,SC,,88117-290,-27.58346,-48.614,,,,,,Joalherias,Demais Praças,-27.583547,-48.614367,0.3
,,,"Le Jardin, Parque dos Rodoviários, Campos dos Goytacazes - RJ, Brasil",Campos dos Goytacazes,,RJ,,,-21.75518,-41.3487,,,,,,Joalherias,Demais Praças,-21.755207,-41.348613,0.3
,,,"Rua Imperatriz Leopoldina, 271, Jardim Guanabara, Araçatuba - SP, 16026-220, Brasil",Araçatuba,,SP,,16026-220,-21.2193,-50.46568,,,,,,Joalherias,SP,-21.2192212,-50.4657096,0.3
,,,"Gráfica 2ml Uberlândia Shopping, Gávea, Uberlândia - MG, 38411-106, Brasil",Uberlândia,,MG,,38411-106,-18.9568,-48.27671,,,,,,Joalherias,Demais Praças,-18.95689,-48.276655,0.3
,,,"Rua Pedro Lessa, Santa Mônica, Florianópolis - SC, 88035-020, Brasil",Florianópolis,,SC,,88035-020,-27.59119,-48.51392,,,,,,Joalherias,Demais Praças,-27.591216,-48.513972,0.3
,,,"Toasted Potato, Avenida Andrômeda, 227, Jardim Satélite, São José dos Campos - SP, 12231-675, Brasil",São José dos Campos,,SP,,12231-675,-23.21658,-45.89293,,,,,,Joalherias,SP,-23.216415,-45.892972,0.3
,,,"Rodovia Akzo Nobei, Itupeva - SP, 13295-000, Brasil",Itupeva,,SP,,13295-000,-23.10228,-47.012,,,,,,Joalherias,SP,-23.102282,-47.012001,0.3
,,,"Rodovia Hélio Smidt, Várzea do Palácio, Guarulhos - SP, 07190-100, Brasil",Guarulhos,,SP,,07190-100,-23.46899,-46.49134,,,,,,Joalherias,SP,-23.46907,-46.49085934,0.3
,,,"Avenida Deputado Jamel Cecílio, Jardim Goiás, Goiânia - GO, 74810-100, Brasil",Goiânia,,GO,,74810-100,-16.70689,-49.23759,,,,,,Joalherias,Demais Praças,-16.706871,-49.237572,0.3
,,,"Santa Lolla, Avenida Kennedy, 700, Centro, São Bernardo do Campo - SP, 09726-252, Brasil",São Bernardo do Campo,,SP,,09726-252,-23.68375,-46.55778,,,,,,Joalherias,SP,-23.683705,-46.557798,0.3
,,,"Avenida Ayrton Senna da Silva, Sítio do Campo, Praia Grande - SP, 11726-000, Brasil",Praia Grande,,SP,,11726-000,-23.99809,-46.41139,,,,,,Joalherias,SP,-23.998117,-46.411367,0.3
,,,"Rua Pataxo, 854, Pataxós, Embu das Artes - SP, Brasil",Embu das Artes,,SP,,,-23.65841,-46.83286,,,,,,Joalherias,SP,-23.658352,-46.83292,0.3
,,,"Passeio dos Flamboyants, Parque Faber Castell I, São Carlos - SP, 13561-352, Brasil",São Carlos,,SP,,13561-352,-22.01821,-47.91687,,,,,,Joalherias,SP,-22.018214,-47.916816,0.3
,,,"Rua Pataxo, 854, Pataxós, Embu das Artes - SP, Brasil",Embu das Artes,,SP,,,-23.65841,-46.83286,,,,,,Joalherias,SP,-23.658352,-46.83292,0.3
,,,"Pizza Hut, Rua Coronel Xavier de Toledo, República, São Paulo - SP, 01048-000, Brasil",São Paulo,,SP,,01048-000,-23.54656,-46.63863,,,,,,Joalherias,SP,-23.5465273,-46.6386372,0.3
,,,"Rodovia dos Metalúrgicos, Siderópolis, Volta Redonda - RJ, Brasil",Volta Redonda,,RJ,,,-22.52679,-44.07674,,,,,,Joalherias,Demais Praças,-22.5268373,-44.0767886,0.3
,,,"BR-470, Fortaleza, Blumenau - SC, Brasil",Blumenau,,SC,,,-26.85918,-49.05858,,,,,,Joalherias,Demais Praças,-26.85923,-49.058581,0.3
,,,"Rua Bocaiúva, 2395, Centro, Florianópolis - SC, 88015-530, Brasil",Florianópolis,,SC,,88015-530,-27.58414,-48.54547,,,,,,Joalherias,Demais Praças,-27.58437,-48.545312,0.3
,,,"Rua Pataxo, 854, Pataxós, Embu das Artes - SP, Brasil",Embu das Artes,,SP,,,-23.65841,-46.83286,,,,,,Joalherias,SP,-23.658352,-46.83292,0.3
,,,"Avenida das Américas, 14840, Recreio dos Bandeirantes, Rio de Janeiro - RJ, 22790-702, Brasil",Rio de Janeiro,,RJ,,22790-702,-23.01271,-43.46196,,,,,,Joalherias,Demais Praças,-23.012691,-43.461962,0.3
,,,"Avenida Del Rey, Caiçaras, Belo Horizonte - MG, 30775-240, Brasil",Belo Horizonte,,MG,,30775-240,-19.88858,-43.96882,,,,,,Joalherias,Demais Praças,-19.888779,-43.968703,0.3
,,,"Estúdio da Sobrancelha, Rua Olimpíadas, Itaim Bibi, São Paulo - SP, 04547-004, Brasil",São Paulo,,SP,,04547-004,-23.59579,-46.68689,,,,,,Joalherias,SP,-23.595868,-46.686955,0.3
,,,"Banco 24 Horas, Vila Clóris, Belo Horizonte - MG, 31610-070, Brasil",Belo Horizonte,,MG,,31610-070,-19.82103,-43.9472,,,,,,Joalherias,Demais Praças,-19.8209978,-43.9471884,0.3
,,,"Rua Almirante Barroso, 1294, Centro, Foz do Iguaçu - PR, 85851-010, Brasil",Foz do Iguaçu,,PR,,85851-010,-25.54381,-54.58511,,,,,,Joalherias,Demais Praças,-25.543897,-54.585037,0.3
,,,"Alameda Santos, 1826, Jardim Paulista, São Paulo - SP, 01418-102, Brasil",São Paulo,,SP,,01418-102,-23.56122,-46.65858,,,,,,Joalherias,SP,-23.561257,-46.658572,0.3
,,,"Brs 2 - Rua Visconde de Pirajá Próximo ao 504, Rua Visconde de Pirajá, Ipanema, Rio de Janeiro - RJ, 22410-003, Brasil",Rio de Janeiro,,RJ,,22410-003,-22.98392,-43.21027,,,,,,Joalherias,Demais Praças,-22.9839424,-43.2102662,0.3
,,,"Rua Garcia d'Avila, 105, Ipanema, Rio de Janeiro - RJ, 22421-010, Brasil",Rio de Janeiro,,RJ,,22421-010,-22.9837,-43.20924,,,,,,Joalherias,Demais Praças,-22.9836527,-43.2093297,0.3
,,,"Avenida Moaci, Moema, São Paulo - SP, 04083-000, Brasil",São Paulo,,SP,,04083-000,-23.60898,-46.66696,,,,,,Joalherias,SP,-23.609039,-46.667016,0.3
,,,"Alameda dos Arapanés, 853, Moema, São Paulo - SP, 04524-001, Brasil",São Paulo,,SP,,04524-001,-23.60516,-46.66537,,,,,,Joalherias,SP,-23.6051432,-46.6654412,0.3
,,,"Alameda dos Arapanés, 881, Moema, São Paulo - SP, 04524-001, Brasil",São Paulo,,SP,,04524-001,-23.60535,-46.6655,,,,,,Joalherias,SP,-23.605355,-46.665535,0.3
,,,"Avenida Iguatemi, 523, Vila Brandina, Campinas - SP, 13092-500, Brasil",Campinas,,SP,,13092-500,-22.89332,-47.02896,,,,,,Joalherias,SP,-22.893227,-47.029045,0.3
,,,"Luz da Lua, Avenida Roque Petroni Júnior, 1089, Santo Amaro, São Paulo - SP, 04583-110, Brasil",São Paulo,,SP,,04583-110,-23.62366,-46.69892,,,,,,Joalherias,SP,-23.6236613,-46.6988489,0.3
,,,"Avenida Regente Feijó, 785, Água Rasa, São Paulo - SP, 03342-000, Brasil",São Paulo,,SP,,03342-000,-23.55805,-46.57084,,,,,,Joalherias,SP,-23.558073,-46.570943,0.3
,,,"Rua Treze de Maio, 1933, Bela Vista, São Paulo - SP, 04849-529, Brasil",São Paulo,,SP,,04849-529,-23.5704,-46.64362,,,,,,Joalherias,SP,-23.5703804,-46.6436832,0.3
,,,"Fit, Avenida Brigadeiro Faria Lima, Pinheiros, São Paulo - SP, 01456-060, Brasil",São Paulo,,SP,,01456-060,-23.5774,-46.68824,,,,,,Joalherias,SP,-23.5773238,-46.6881771,0.3
,,,"Avenida Hélio Ossamu Daikuara, 1551, Jardim Vista Alegre, Embu das Artes - SP, 06807-315, Brasil",Embu das Artes,,SP,,06807-315,-23.63374,-46.82563,,,,,,Joalherias,SP,-23.633823,-46.825586,0.3
,,,"Fit, Avenida Brigadeiro Faria Lima, Pinheiros, São Paulo - SP, 01456-060, Brasil",São Paulo,,SP,,01456-060,-23.5774,-46.68824,,,,,,Joalherias,SP,-23.5773238,-46.6881771,0.3
,,,"Il Barista Cafés Espec, Avenida Roque Petroni Júnior, 1089, Santo Amaro, São Paulo - SP, 04583-110, Brasil",São Paulo,,SP,,04583-110,-23.62346,-46.69891,,,,,,Joalherias,SP,-23.62346484,-46.6989065,0.3
,,,"Salvatore Ferragamo, Avenida Presidente Juscelino Kubitschek, 2041, Itaim Bibi, São Paulo - SP, 04543-011, Brasil",São Paulo,,SP,,04543-011,-23.59053,-46.69057,,,,,,Joalherias,SP,-23.590418,-46.690551,0.3
,,,"Fit, Avenida Brigadeiro Faria Lima, Pinheiros, São Paulo - SP, 01456-060, Brasil",São Paulo,,SP,,01456-060,-23.5774,-46.68824,,,,,,Joalherias,SP,-23.5773238,-46.6881771,0.3
,,,"Kosushi-Shopping Cidade Jardim, Avenida Magalhães de Castro, 12000, Morumbi, São Paulo - SP, 05676-030, Brasil",São Paulo,,SP,,05676-030,-23.59879,-46.69757,,,,,,Joalherias,SP,-23.5981725,-46.6974117,0.3
,,,"Avenida Doutor Cardoso de Melo, 854, Itaim Bibi, São Paulo - SP, 04548-004, Brasil",São Paulo,,SP,,04548-004,-23.59932,-46.68284,,,,,,Joalherias,SP,-23.5993694,-46.682819,0.3
,,,"Avenida Higienópolis, 618, Consolação, São Paulo - SP, 01238-001, Brasil",São Paulo,,SP,,01238-001,-23.54271,-46.6576,,,,,,Joalherias,SP,-23.54271,-46.6576,0.3
,,,"Avenida Magalhães de Castro, 12000, Morumbi, São Paulo - SP, 05502-001, Brasil",São Paulo,,SP,,05502-001,-23.59813,-46.69756,,,,,,Joalherias,SP,-23.598039,-46.6976265,0.3
,,,"Rua Garcia d'Avila, 118, Ipanema, Rio de Janeiro - RJ, 22421-010, Brasil",Rio de Janeiro,,RJ,,22421-010,-22.98344,-43.20903,,,,,,Joalherias,Demais Praças,-22.983397,-43.209185,0.3
,,,"Sindicato das Empresas Operadoras e Proprietarias dos Meios, Rua Frei Caneca, 1407, Consolação, São Paulo - SP, 01307-002, Brasil",São Paulo,,SP,,01307-002,-23.55857,-46.65864,,,,,,Joalherias,SP,-23.5585799,-46.6586363,0.3
,,,"Avenida Brasil, 589, Bairro de Lourdes, Anápolis - GO, 75095-795, Brasil",Anápolis,,GO,,75095-795,-16.33421,-48.91693,,,,,,Joalherias,Demais Praças,-16.3342088,-48.9170638,0.3
,,,"Avenida Gisele Constantino, 180, Votorantim - SP, 18116-650, Brasil",Votorantim,,SP,,18116-650,-23.55076,-47.46566,,,,,,Joalherias,SP,-23.550895,-47.46581,0.3
,,,"Avenida Moaci, Moema, São Paulo - SP, 04083-000, Brasil",São Paulo,,SP,,04083-000,-23.60898,-46.66696,,,,,,Joalherias,SP,-23.609039,-46.667016,0.3
,,,"Estrada Nova Lima, 3049, Belvedere, Belo Horizonte - MG, 30320-760, Brasil",Belo Horizonte,,MG,,30320-760,-19.97453,-43.94493,,,,,,Joalherias,Demais Praças,-19.974486,-43.9449069,0.3
,,,"Rua Engenheiro Camilo Olivetti, Itapegica, Guarulhos - SP, 07042-040, Brasil",Guarulhos,,SP,,07042-040,-23.48663,-46.54988,,,,,,Joalherias,SP,-23.486605,-46.549867,0.3
,,,"Pizza Hut, Rua Prof. Pedro V. Parigot de Souza, Mossungue, Curitiba - PR, 81200-100, Brasil",Curitiba,,PR,,81200-100,-25.43561,-49.31637,,,,,,Joalherias,Demais Praças,-25.4356426,-49.316402,0.3
,,,"Dermage, Avenida das Américas, 7777, Barra da Tijuca, Rio de Janeiro - RJ, 22793-081, Brasil",Rio de Janeiro,,RJ,,22793-081,-23.00134,-43.38629,,,,,,Joalherias,Demais Praças,-23.0013402,-43.3863067,0.3
,,,"Fast Burgers, Avenida Ferreira Viana, Areal, Pelotas - RS, 96085-000, Brasil",Pelotas,,RS,,96085-000,-31.7596,-52.31863,,,,,,Joalherias,Demais Praças,-31.75955,-52.318674,0.3
,,,"Avenida Deputado Jacob Salvador Sveibel, Butantã, São Paulo - SP, 05512-390, Brasil",São Paulo,,SP,,05512-390,-23.58539,-46.72431,,,,,,Joalherias,SP,-23.585384,-46.724373,0.3
,,,"Salvatore Ferragamo, Avenida Presidente Juscelino Kubitschek, 2041, Itaim Bibi, São Paulo - SP, 04543-011, Brasil",São Paulo,,SP,,04543-011,-23.59053,-46.69057,,,,,,Joalherias,SP,-23.590418,-46.690551,0.3
,,,"Puket, Águas Claras - DF, 71931-720, Brasil",Águas Claras,,DF,,71931-720,-15.83544,-48.04134,,,,,,Joalherias,Demais Praças,-15.8355016,-48.0412934,0.3
,,,"A Suissa, Avenida Aldino Pinotti, Centro, São Bernardo do Campo - SP, 09750-730, Brasil",São Bernardo do Campo,,SP,,09750-730,-23.69273,-46.55101,,,,,,Joalherias,SP,-23.6927028,-46.5511107,0.3
,,,"Avenida Donato Quintino, 125, Canelas II, Montes Claros - MG, 39400-546, Brasil",Montes Claros,,MG,,39400-546,-16.73996,-43.87044,,,,,,Joalherias,Demais Praças,-16.74023867,-43.870405,0.3
,,,"Rua Doze, 100, Siderlândia, Volta Redonda - RJ, 27273-230, Brasil",Volta Redonda,,RJ,,27273-230,-22.52083,-44.13533,,,,,,Joalherias,Demais Praças,-22.5207674,-44.135297,0.3
,,,"Praça Oswaldo Cruz, Centro, Curitiba - PR, 80250-230, Brasil",Curitiba,,PR,,80250-230,-25.44019,-49.27685,,,,,,Joalherias,Demais Praças,-25.440186,-49.276927,0.3
,,,"Barreds's, Rodovia Dom Gabriel Paulino Bueno Couto, 422, São Luiz, Itu - SP, 13304-350, Brasil",Itu,,SP,,13304-350,-23.26492,-47.28162,,,,,,Joalherias,SP,-23.2648758,-47.2817147,0.3
,,,"Avenida das Américas, 14840, Recreio dos Bandeirantes, Rio de Janeiro - RJ, 22790-702, Brasil",Rio de Janeiro,,RJ,,22790-702,-23.01271,-43.46196,,,,,,Joalherias,Demais Praças,-23.012691,-43.461962,0.3
,,,"Avenida Perimetral Norte, Jardim Balneário Meia Ponte, Goiânia - GO, 74573-260, Brasil",Goiânia,,GO,,74573-260,-16.63004,-49.27545,,,,,,Joalherias,Demais Praças,-16.629942,-49.275523,0.3
,,,"McDonald's, Avenida São Paulo, 1099, Zona 1, Maringá - PR, 87013-040, Brasil",Maringá,,PR,,87013-040,-23.42228,-51.93281,,,,,,Joalherias,Demais Praças,-23.4223,-51.932798,0.3
,,,"Gelateria Parmalat, Avenida Giovanni Gronchi, Vila Andrade, São Paulo - SP, 05724-003, Brasil",São Paulo,,SP,,05724-003,-23.63119,-46.73586,,,,,,Joalherias,SP,-23.6312304,-46.735867,0.3
,,,"Avenida Transguarulhense, Picanço, Guarulhos - SP, 07082-055, Brasil",Guarulhos,,SP,,07082-055,-23.44048,-46.54328,,,,,,Joalherias,SP,-23.440477,-46.543281,0.3
,,,"Applebee's, Marechal Rondon, Canoas - RS, Brasil",Canoas,,RS,,,-29.91499,-51.1653,,,,,,Joalherias,Demais Praças,-29.9150655,-51.1650964,0.3
,,,"SKETCH, Avenida Cristiano Machado, 4000, União, Belo Horizonte - MG, Brasil",Belo Horizonte,,MG,,,-19.87428,-43.9257,,,,,,Joalherias,Demais Praças,-19.8742387,-43.9257584,0.3
,,,"Rua Frei Rolim, Cursino, São Paulo - SP, 04151-100, Brasil",São Paulo,,SP,,04151-100,-23.62056,-46.62769,,,,,,Joalherias,SP,-23.620509,-46.627679,0.3
,,,"Popeyes LOUISIANA KITCHEN, Rua Sete de Setembro, 555, Suzano - SP, Brasil",Suzano,,SP,,,-23.54252,-46.31833,,,,,,Joalherias,SP,-23.542338,-46.318307,0.3
,,,"Poupatempo Mogi Guaçu, Rua Interna, Mogi Guaçu - SP, Brasil",Mogi Guaçu,,SP,,,-22.37629,-46.94448,,,,,,Joalherias,SP,-22.376226,-46.944458,0.3
,,,"Avenida Transguarulhense, Picanço, Guarulhos - SP, 07082-055, Brasil",Guarulhos,,SP,,07082-055,-23.44048,-46.54328,,,,,,Joalherias,SP,-23.440477,-46.543281,0.3
,,,"Oy Frei Caneca, Rua Frei Caneca, 641, Bela Vista, São Paulo - SP, 01307-001, Brasil",São Paulo,,SP,,01307-001,-23.55388,-46.65319,,,,,,Joalherias,SP,-23.553663,-46.653323,0.3
,,,"C&A, Avenida Santa Bárbara, Vila Mollon IV, Santa Bárbara d'Oeste - SP, 13456-625, Brasil",Santa Bárbara d'Oeste,,SP,,13456-625,-22.74784,-47.36725,,,,,,Joalherias,SP,-22.7478988,-47.3672883,0.3
,,,"Lion Assistência Tecni, Avenida Raimundo Pereira de Magalhães, 1717, Pirituba, São Paulo - SP, 05145-000, Brasil",São Paulo,,SP,,05145-000,-23.50584,-46.7173,,,,,,Joalherias,SP,-23.505971,-46.717298,0.3
,,,"Óticas DINIZ, Avenida Vereador Narciso Yague Guimarães, 1001, Mogi das Cruzes - SP, 08780-440, Brasil",Mogi das Cruzes,,SP,,08780-440,-23.51584,-46.17907,,,,,,Joalherias,SP,-23.516468,-46.17898,0.3
,,,"Estrada da Represa, Campo Grande, Rio de Janeiro - RJ, Brasil",Rio de Janeiro,,RJ,,,-22.93538,-43.51874,,,,,,Joalherias,Demais Praças,-22.935024,-43.518246,0.3
,,,"R. Palestra Itália, 2077 Garage, Rua Palestra Itália, 2077, Perdizes, São Paulo - SP, 05005-001, Brasil",São Paulo,,SP,,05005-001,-23.5264,-46.68112,,,,,,Joalherias,SP,-23.526347,-46.6811136,0.3
,,,"Rua Treze de Maio, 1933, Bela Vista, São Paulo - SP, 04849-529, Brasil",São Paulo,,SP,,04849-529,-23.5704,-46.64362,,,,,,Joalherias,SP,-23.5704202,-46.6437503,0.3
,,,"Avenida Doutor Antônio Maria Laet, 851A, Tucuruvi, São Paulo - SP, 02240-000, Brasil",São Paulo,,SP,,02240-000,-23.47437,-46.59942,,,,,,Joalherias,SP,-23.4743596,-46.5994445,0.3
,,,"Rua Tenente Antonio João, Zona Industrial Norte, Joinville - SC, 89219-720, Brasil",Joinville,,SC,,89219-720,-26.25173,-48.85252,,,,,,Joalherias,Demais Praças,-26.251735,-48.852608,0.3
,,,"Avenida Piracema, Tamboré, Barueri - SP, 06460-030, Brasil",Barueri,,SP,,06460-030,-23.50427,-46.83267,,,,,,Joalherias,SP,-23.504267,-46.832675,0.3
,,,"Rua Imperatriz Leopoldina, 271, Jardim Guanabara, Araçatuba - SP, 16026-220, Brasil",Araçatuba,,SP,,16026-220,-21.2193,-50.46568,,,,,,Joalherias,SP,-21.2192212,-50.4657096,0.3
,,,"Lojas Pernambucanas, Avenida dos Autonomistas, 1400, Industrial Autonomistas, Osasco - SP, Brasil",Osasco,,SP,,,-23.5412,-46.76638,,,,,,Joalherias,SP,-23.54116,-46.766435,0.3
,,,"Samsonite, Vila Formosa, São Paulo - SP, 03342-000, Brasil",São Paulo,,SP,,03342-000,-23.5615,-46.56046,,,,,,Joalherias,SP,-23.5615061,-46.5604411,0.3
,,,"Avenida Brasil, 3647, São Cristóvão, Cascavel - PR, 85816-302, Brasil",Cascavel,,PR,,85816-302,-24.94659,-53.435,,,,,,Joalherias,Demais Praças,-24.946782,-53.434924,0.3
,,,"Banco 24 Horas, Vila Clóris, Belo Horizonte - MG, 31610-070, Brasil",Belo Horizonte,,MG,,31610-070,-19.82103,-43.9472,,,,,,Joalherias,Demais Praças,-19.8209978,-43.9471884,0.3
,,,"SUBWAY, Tibery, Uberlândia - MG, 38405-142, Brasil",Uberlândia,,MG,,38405-142,-18.91037,-48.26048,,,,,,Joalherias,Demais Praças,-18.9104233,-48.2604898,0.3
,,,"Shell, ERL S, Zona Cívico Administrativa, Brasília - DF, Brasil",Brasília,,DF,,,-15.79423,-47.88217,,,,,,Joalherias,Demais Praças,-15.7942287,-47.8821658,0.3
,,,"Avenida Rio Verde, 988, Jardim Nova Era, Aparecida de Goiânia - GO, 74916-260, Brasil",Aparecida de Goiânia,,GO,,74916-260,-16.74334,-49.27869,,,,,,Joalherias,Demais Praças,-16.74325387,-49.27874241,0.3
,,,"Estrada do Monteiro, 1200, Campo Grande, Rio de Janeiro - RJ, 23045-830, Brasil",Rio de Janeiro,,RJ,,23045-830,-22.92864,-43.5736,,,,,,Joalherias,Demais Praças,-22.928549,-43.573692,0.3
,,,"Carmen Steffens, Rua Henrique Savi, Jardim Infante Dom Henrique, Bauru - SP, 17012-205, Brasil",Bauru,,SP,,17012-205,-22.34238,-49.04955,,,,,,Joalherias,SP,-22.342332,-49.049463,0.3
,,,"Rua Cônego Thomaz Fontes, 284, Centro, Itajaí - SC, 88301-100, Brasil",Itajaí,,SC,,88301-100,-26.9044,-48.66032,,,,,,Joalherias,Demais Praças,-26.904382,-48.660244,0.3
,,,"Avenida Iguatemi, 523, Vila Brandina, Campinas - SP, 13092-500, Brasil",Campinas,,SP,,13092-500,-22.89332,-47.02896,,,,,,Joalherias,SP,-22.893227,-47.029045,0.3
,,,"Avenida Aprígio Bezerra da Silva, Taboão da Serra - SP, 06763-040, Brasil",Taboão da Serra,,SP,,06763-040,-23.60836,-46.76755,,,,,,Joalherias,SP,-23.60838,-46.767539,0.3
,,,"Avenida Marechal Floriano Peixoto, 109, Gonzaga, Santos - SP, 11060-301, Brasil",Santos,,SP,,11060-301,-23.96717,-46.33678,,,,,,Joalherias,SP,-23.9670059,-46.3367649,0.3
,,,"Set Computadores, Rua Pacífico Mascarenhas, Santa Efigênia, Belo Horizonte - MG, 30260-010, Brasil",Belo Horizonte,,MG,,30260-010,-19.92072,-43.92051,,,,,,Joalherias,Demais Praças,-19.9207476,-43.9206068,0.3
,,,"Pólo Uk, Santa Luíza, Varginha - MG, Brasil",Varginha,,MG,,,-21.57144,-45.44915,,,,,,Joalherias,Demais Praças,-21.5711348,-45.4487893,0.3
,,,"Lima's Lanches Truck, Avenida Marginal Pinheiros, Morumbi, São Paulo - SP, 05502-001, Brasil",São Paulo,,SP,,05502-001,-23.59701,-46.69753,,,,,,Joalherias,SP,-23.5972545,-46.6973275,0.3
,,,"Montana Grill, Rua Domingos de Morais, Vila Mariana, São Paulo - SP, 04036-100, Brasil",São Paulo,,SP,,04036-100,-23.59935,-46.63695,,,,,,Joalherias,SP,-23.5994401,-46.6370048,0.3
,,,"Drogasil, Avenida Rebouças, 3970, Pinheiros, São Paulo - SP, 05401-450, Brasil",São Paulo,,SP,,05401-450,-23.57315,-46.69562,,,,,,Joalherias,SP,-23.573355,-46.695552,0.3
,,,"Renova Câmbio, Avenida T-15, Jardim América, Goiânia - GO, 74230-010, Brasil",Goiânia,,GO,,74230-010,-16.70776,-49.27318,,,,,,Joalherias,Demais Praças,-16.707804,-49.2732323,0.3
,,,"Avenida Professor Miguel Franchini Neto, 200, Jaraguá, São Paulo - SP, 02998-050, Brasil",São Paulo,,SP,,02998-050,-23.44443,-46.72579,,,,,,Joalherias,SP,-23.444004,-46.72652,0.3
,,,"Avenida Paulista, 2064, Consolação, São Paulo - SP, 01310-200, Brasil",São Paulo,,SP,,01310-200,-23.55837,-46.65957,,,,,,Joalherias,SP,-23.558308,-46.659478,0.3
,,,"Americanflex, Av Pres Juscelino K de Oliveira, 5000, São José do Rio Preto - SP, 15091-450, Brasil",São José do Rio Preto,,SP,,15091-450,-20.86633,-49.41479,,,,,,Joalherias,SP,-20.8665207,-49.4147385,0.3
,,,"KARG, Avenida Presidente Carlos Luz, 3001, Caiçaras, Belo Horizonte - MG, 31250-010, Brasil",Belo Horizonte,,MG,,31250-010,-19.8901,-43.9679,,,,,,Joalherias,Demais Praças,-19.8901794,-43.9680514,0.3
,,,"Banco 24horas, Parque dos Rodoviários, Campos dos Goytacazes - RJ, Brasil",Campos dos Goytacazes,,RJ,,,-21.75381,-41.34385,,,,,,Joalherias,Demais Praças,-21.7537444,-41.3440328,0.3
,,,"Live, Avenida Cândido de Abreu, 127, Centro Cívico, Curitiba - PR, 80530-000, Brasil",Curitiba,,PR,,80530-000,-25.42353,-49.27039,,,,,,Joalherias,Demais Praças,-25.423586,-49.270431,0.3
,,,"Lojas Pernambucanas, Avenida Guilherme Campos, 500, Barão Geraldo, Campinas - SP, Brasil",Campinas,,SP,,,-22.84763,-47.0643,,,,,,Joalherias,SP,-22.8476323,-47.0642989,0.3
,,,"Indigo, Avenida Lauro Sodré, 445, Botafogo, Rio de Janeiro - RJ, 22290-070, Brasil",Rio de Janeiro,,RJ,,22290-070,-22.95713,-43.17692,,,,,,Joalherias,Demais Praças,-22.9572182,-43.1769324,0.3
,,,"Fit, Avenida Brigadeiro Faria Lima, Pinheiros, São Paulo - SP, 01456-060, Brasil",São Paulo,,SP,,01456-060,-23.5774,-46.68824,,,,,,Joalherias,SP,-23.5773238,-46.6881771,0.3
,,,"Avenida Rebouças, 3400, Centro, Sumaré - SP, 13172-255, Brasil",Sumaré,,SP,,13172-255,-22.82963,-47.26652,,,,,,Joalherias,SP,-22.82967,-47.266578,0.3
,,,"mahogany, Avenida Limeira, 722, Vila Rezende, Piracicaba - SP, 13414-018, Brasil",Piracicaba,,SP,,13414-018,-22.70401,-47.64976,,,,,,Joalherias,SP,-22.704012,-47.6497642,0.3
,,,"Avenida Industrial, 641, Tamanduateí 3, Santo André - SP, 09080-510, Brasil",Santo André,,SP,,09080-510,-23.6493,-46.53326,,,,,,Joalherias,SP,-23.64932884,-46.53328462,0.3
,,,"Kopenhagen, Rua Pedro Botelho de Rezende, 901, Vivendas do Arvoredo, Londrina - PR, Brasil",Londrina,,PR,,,-23.34199,-51.18536,,,,,,Joalherias,Demais Praças,-23.3419954,-51.1853634,0.3
,,,"Bonsai Sushi Jl Shopping, Avenida Toledo, Centro, Cascavel - PR, 85810-230, Brasil",Cascavel,,PR,,85810-230,-24.95054,-53.47689,,,,,,Joalherias,Demais Praças,-24.950513,-53.477398,0.3
,,,"Xangai, Rua Senador Felipe Schmidt, 235, Centro, Joinville - SC, 89201-440, Brasil",Joinville,,SC,,89201-440,-26.30437,-48.84936,,,,,,Joalherias,Demais Praças,-26.3043501,-48.8491261,0.3
,,,"Rua Treze de Maio, 1933, Bela Vista, São Paulo - SP, 04849-529, Brasil",São Paulo,,SP,,04849-529,-23.5704,-46.64362,,,,,,Joalherias,SP,-23.57042,-46.64375,0.3
,,,"Fascar, Subsetor Sul-5, Ribeirão Preto - SP, Brasil",Ribeirão Preto,,SP,,,-21.21041,-47.81387,,,,,,Joalherias,SP,-21.210441,-47.813879,0.3
,,,"Soldado Mário Kozel Filho, Estrada do Engenho d'Água, Anil, Rio de Janeiro - RJ, 22765-240, Brasil",Rio de Janeiro,,RJ,,22765-240,-22.95564,-43.3399,,,,,,Joalherias,Demais Praças,-22.955587,-43.339941,0.3
,,,"Rua Gustavo Maciel, 5-2, Centro, Bauru - SP, 17010-040, Brasil",Bauru,,SP,,17010-040,-22.31878,-49.07218,,,,,,Joalherias,SP,-22.318656,-49.072075,0.3
,,,"Live, Avenida Cândido de Abreu, 127, Centro Cívico, Curitiba - PR, 80530-000, Brasil",Curitiba,,PR,,80530-000,-25.42353,-49.27039,,,,,,Joalherias,Demais Praças,-25.423534,-49.270408,0.3
,,,"SUBWAY, Rua Augusta, Consolação, São Paulo - SP, 01304-001, Brasil",São Paulo,,SP,,01304-001,-23.55756,-46.6592,,,,,,Joalherias,SP,-23.5575889,-46.6592402,0.3
,,,"Rua Gustavo Maciel, 5-2, Centro, Bauru - SP, 17010-040, Brasil",Bauru,,SP,,17010-040,-22.31878,-49.07218,,,,,,Joalherias,SP,-22.318656,-49.072075,0.3
,,,"Clínica Dentão, Avenida Doutor Afonso Vergueiro, Centro, Sorocaba - SP, 18035-370, Brasil",Sorocaba,,SP,,18035-370,-23.49607,-47.45969,,,,,,Joalherias,SP,-23.496127,-47.459607,0.3
,,,"Estrada do Campo Limpo, 414, Jardim São Luís, São Paulo - SP, 05777-000, Brasil",São Paulo,,SP,,05777-000,-23.64843,-46.7576,,,,,,Joalherias,SP,-23.648372,-46.757572,0.3
,,,"Avenida Ayrton Senna da Silva, 425, Guanabara, Londrina - PR, 86050-460, Brasil",Londrina,,PR,,86050-460,-23.32903,-51.17724,,,,,,Joalherias,Demais Praças,-23.32917,-51.177365,0.3
,,,"Estrada Cama Patente, 1000, Alvarenga, São Bernardo do Campo - SP, 09842-100, Brasil",São Bernardo do Campo,,SP,,09842-100,-23.74591,-46.59586,,,,,,Joalherias,SP,-23.7460038,-46.5954495,0.3
,,,"Avenida das Araucárias, 1835, Águas Claras - DF, 71940-720, Brasil",Águas Claras,,DF,,71940-720,-15.84166,-48.02361,,,,,,Joalherias,Demais Praças,-15.841666,-48.023602,0.3
,,,"BR-282, Roçado, São José - SC, 86905-000, Brasil",São José,,SC,,86905-000,-27.59857,-48.6213,,,,,,Joalherias,Demais Praças,-27.598568,-48.621304,0.3
,,,"Clínica de Uroginecolo, Avenida Charles Schnneider, Barranco, Taubaté - SP, 12040-000, Brasil",Taubaté,,SP,,12040-000,-23.02505,-45.58162,,,,,,Joalherias,SP,-23.0249989,-45.5815318,0.3
,,,"Rua Espinheiro, 582, Guaratiba, Rio de Janeiro - RJ, 21670-080, Brasil",Rio de Janeiro,,RJ,,21670-080,-23.00976,-43.54157,,,,,,Joalherias,Demais Praças,-23.0099972,-43.5418667,0.3
,,,"Olha O Churros, Cidade Satélite Íris, Campinas - SP, Brasil",Campinas,,SP,,,-22.92507,-47.12686,,,,,,Joalherias,SP,-22.9249058,-47.1269687,0.3
,,,"World Tennis, Alameda Filtros Mann, 670, Indaiatuba - SP, 13344-580, Brasil",Indaiatuba,,SP,,13344-580,-23.11744,-47.22004,,,,,,Joalherias,SP,-23.117319,-47.219862,0.3
,,,"Praça T 24, Avenida T-10, Bueno, Goiânia - GO, 74223-060, Brasil",Goiânia,,GO,,74223-060,-16.70597,-49.26898,,,,,,Joalherias,Demais Praças,-16.7061712,-49.2690578,0.3
,,,"Rodovia do Café Governador Ney Braga, Balsa Nova - PR, 83650-000, Brasil",Balsa Nova,,PR,,83650-000,-25.47084,-49.67819,,,,,,Joalherias,Demais Praças,-25.46763894,-49.67793162,0.3
,,,"TOUCH, Avenida Independência, São Mateus, Juiz de Fora - MG, 36025-320, Brasil",Juiz de Fora,,MG,,36025-320,-21.7816,-43.36087,,,,,,Joalherias,Demais Praças,-21.781628,-43.360941,0.3
,,,"RD I Motors, Avenida São João, 2200, Jardim Colinas, São José dos Campos - SP, Brasil",São José dos Campos,,SP,,,-23.20507,-45.90792,,,,,,Joalherias,SP,-23.20529,-45.90767,0.3
,,,"Tip Top Mega, Avenida das Américas, 7777, Barra da Tijuca, Rio de Janeiro - RJ, 22793-081, Brasil",Rio de Janeiro,,RJ,,22793-081,-23.00146,-43.3848,,,,,,Joalherias,Demais Praças,-23.001456,-43.38496,0.3
,,,"Tvz, Avenida Ramiro Colleoni, Vila Gilda, Santo André - SP, 09040-160, Brasil",Santo André,,SP,,09040-160,-23.66817,-46.53325,,,,,,Joalherias,SP,-23.6681156,-46.5333019,0.3
,,,"Rua Treze de Maio, 1947, Bela Vista, São Paulo - SP, 04849-529, Brasil",São Paulo,,SP,,04849-529,-23.57044,-46.64366,,,,,,Joalherias,SP,-23.5704366,-46.6437744,0.3
,,,"Bonsai Sushi Jl Shopping, Avenida Toledo, Centro, Cascavel - PR, 85810-230, Brasil",Cascavel,,PR,,85810-230,-24.95054,-53.47689,,,,,,Joalherias,Demais Praças,-24.950513,-53.477398,0.3
,,,"Avenida Diário de Notícias, 500, Cristal, Porto Alegre - RS, 91900-420, Brasil",Porto Alegre,,RS,,91900-420,-30.08623,-51.24748,,,,,,Joalherias,Demais Praças,-30.086247,-51.247602,0.3
,,,"Droga Líder, Avenida João Naves de Ávila, Tibery, Uberlândia - MG, 38405-140, Brasil",Uberlândia,,MG,,38405-140,-18.91081,-48.25977,,,,,,Joalherias,Demais Praças,-18.910777,-48.259772,0.3
,,,"Primi Passi, Avenida Alberto Benassi, Jardim dos Manacás, Araraquara - SP, 14804-300, Brasil",Araraquara,,SP,,14804-300,-21.78357,-48.20079,,,,,,Joalherias,SP,-21.7835752,-48.2007888,0.3
,,,"Avenida Antônio de Souza Noschese, Jaguaré, São Paulo - SP, 05328-000, Brasil",São Paulo,,SP,,05328-000,-23.54717,-46.75556,,,,,,Joalherias,SP,-23.547172,-46.755571,0.3
,,,"Philip Mônica, Rua Olimpíadas, 360, Itaim Bibi, São Paulo - SP, 04551-010, Brasil",São Paulo,,SP,,04551-010,-23.59544,-46.68692,,,,,,Joalherias,SP,-23.5954335,-46.6870474,0.3
,,,"Avenida General David Sarnoff, Cidade Industrial, Contagem - MG, 32210-110, Brasil",Contagem,,MG,,32210-110,-19.9482,-44.02563,,,,,,Joalherias,Demais Praças,-19.9482066,-44.0256258,0.3
,,,"Avenida do Contorno, 6075, São Pedro, Belo Horizonte - MG, 30110-042, Brasil",Belo Horizonte,,MG,,30110-042,-19.94017,-43.9341,,,,,,Joalherias,Demais Praças,-19.94004233,-43.93410667,0.3
,,,"SAMSUNG, Avenida Severino Ballesteros Rodrigues, Brasil",,,,,,-19.88109,-44.03835,,,,,,Joalherias,Demais Praças,-19.8811897,-44.0383409,0.3
,,,"Rua Professor Antônio Maria Teixeira, 33, Leblon, Rio de Janeiro - RJ, 22430-050, Brasil",Rio de Janeiro,,RJ,,22430-050,-22.98262,-43.21739,,,,,,Joalherias,Demais Praças,-22.9825622,-43.2173424,0.3
,,,"Avenida Otto Baumgart, 245, Vila Guilherme, São Paulo - SP, 02049-000, Brasil",São Paulo,,SP,,02049-000,-23.51543,-46.61777,,,,,,Joalherias,SP,-23.5155398,-46.6177669,0.3
,,,"Central PenhaEstacionamento, Rua Doutor João Ribeiro, 244, Penha, São Paulo - SP, 03634-000, Brasil",São Paulo,,SP,,03634-000,-23.52503,-46.54698,,,,,,Joalherias,SP,-23.5251956,-46.5470113,0.3
,,,"Shin Ca 4, Setor de Hab. Individuais Norte, Lago Norte - DF, 71503-504, Brasil",Lago Norte,,DF,,71503-504,-15.71945,-47.88519,,,,,,Joalherias,Demais Praças,-15.719407,-47.8851768,0.3
,,,"Avenida Dom Helder Câmara, 5269, Cachambi, Rio de Janeiro - RJ, 20771-004, Brasil",Rio de Janeiro,,RJ,,20771-004,-22.88767,-43.28232,,,,,,Joalherias,Demais Praças,-22.887542,-43.2823465,0.3
,,,"Rodovia Raposo Tavares, Centro, Cotia - SP, 06708-000, Brasil",Cotia,,SP,,06708-000,-23.60582,-46.94677,,,,,,Joalherias,SP,-23.605845,-46.946762,0.3
,,,"Avenida Higienópolis, 683, Consolação, São Paulo - SP, 01238-000, Brasil",São Paulo,,SP,,01238-000,-23.54292,-46.65831,,,,,,Joalherias,SP,-23.542701,-46.658082,0.3
,,,"Fit, Avenida Brigadeiro Faria Lima, Pinheiros, São Paulo - SP, 01456-060, Brasil",São Paulo,,SP,,01456-060,-23.5774,-46.68824,,,,,,Joalherias,SP,-23.5773238,-46.6881771,0.3
,,,"Ponto De Carregamento Para Veículos Elétricos, Rua Jacy Teixeira de Camargo, 940, Jardim do Lago, Campinas - SP, 13050-008, Brasil",Campinas,,SP,,13050-008,-22.93254,-47.07768,,,,,,Joalherias,SP,-22.9328254,-47.077649,0.3
,,,"Avenida Quinze de Novembro, Alexânia - GO, 72930-000, Brasil",Alexânia,,GO,,72930-000,-16.08214,-48.50744,,,,,,Joalherias,Demais Praças,-16.0821361,-48.5074307,0.3
,,,"Avenida Antônio Frederico Ozanan, 15, Hortolândia, Jundiaí - SP, 13214-206, Brasil",Jundiaí,,SP,,13214-206,-23.1732,-46.91412,,,,,,Joalherias,SP,-23.173288,-46.914177,0.3
,,,"Quadra SCIA Q 15 CJ 2, SCIA - DF, 71250-020, Brasil",SCIA,,DF,,71250-020,-15.79026,-47.97654,,,,,,Joalherias,Demais Praças,-15.79025,-47.9765549,0.3
,,,"Oi, Rua Domingos Agostim, Tatuapé, São Paulo - SP, 03306-010, Brasil",São Paulo,,SP,,03306-010,-23.54177,-46.57661,,,,,,Joalherias,SP,-23.5417688,-46.5766632,0.3
,,,"BURGER KING, Lovat, Umuarama - PR, 87520-000, Brasil",Umuarama,,PR,,87520-000,-23.75012,-53.27158,,,,,,Joalherias,Demais Praças,-23.7503057,-53.2714866,0.3
,,,"Art Invest Marketing Cultural, Avenida Paulista, 1159, Bela Vista, São Paulo - SP, 01310-100, Brasil",São Paulo,,SP,,01310-100,-23.56379,-46.6528,,,,,,Joalherias,SP,-23.5637828,-46.6528531,0.3
,,,"O Boticário, Avenida João Paulo I, Embu das Artes - SP, 06817-000, Brasil",Embu das Artes,,SP,,06817-000,-23.63631,-46.8232,,,,,,Joalherias,SP,-23.636111,-46.823285,0.3
,,,"Magic Games Empreendimentos Comerciais, Avenida Assis Brasil, 2611, Cristo Redentor, Porto Alegre - RS, 91010-006, Brasil",Porto Alegre,,RS,,91010-006,-30.0119,-51.16077,,,,,,Joalherias,Demais Praças,-30.0117603,-51.1605866,0.3
,,,"BR-287, 2885, Urlândia, Santa Maria - RS, 97070-800, Brasil",Santa Maria,,RS,,97070-800,-29.7074,-53.82967,,,,,,Joalherias,Demais Praças,-29.706767,-53.82918,0.3
,,,"Rua Jacy Teixeira de Camargo, 412, Jardim do Lago, Campinas - SP, 13050-008, Brasil",Campinas,,SP,,13050-008,-22.93137,-47.07764,,,,,,Joalherias,SP,-22.93131,-47.077723,0.3
,,,"A Suissa, Avenida Aldino Pinotti, Centro, São Bernardo do Campo - SP, 09750-730, Brasil",São Bernardo do Campo,,SP,,09750-730,-23.69273,-46.55101,,,,,,Joalherias,SP,-23.6927028,-46.5511107,0.3
,,,"Praça Oswaldo Cruz, Centro, Curitiba - PR, 80250-230, Brasil",Curitiba,,PR,,80250-230,-25.44019,-49.27685,,,,,,Joalherias,Demais Praças,-25.440186,-49.276927,0.3
,,,"Avenida Otto Baumgart, 372, Vila Guilherme, São Paulo - SP, 02049-000, Brasil",São Paulo,,SP,,02049-000,-23.51539,-46.61604,,,,,,Joalherias,SP,-23.515393,-46.616084,0.3
,,,"Gráfica 2ml Uberlândia Shopping, Gávea, Uberlândia - MG, 38411-106, Brasil",Uberlândia,,MG,,38411-106,-18.9568,-48.27671,,,,,,Joalherias,Demais Praças,-18.95689,-48.276655,0.3
,,,"Shell, ERL S, Zona Cívico Administrativa, Brasília - DF, Brasil",Brasília,,DF,,,-15.79423,-47.88217,,,,,,Joalherias,Demais Praças,-15.7942287,-47.8821658,0.3
,,,"Avenida das Cataratas, Vila Yolanda, Foz do Iguaçu - PR, 85853-000, Brasil",Foz do Iguaçu,,PR,,85853-000,-25.55488,-54.56677,,,,,,Joalherias,Demais Praças,-25.554894,-54.566779,0.3
,,,"Av. Giovanni Gronchi, 5819, Avenida Giovanni Gronchi, Vila Andrade, São Paulo - SP, 05724-003, Brasil",São Paulo,,SP,,05724-003,-23.62999,-46.73626,,,,,,Joalherias,SP,-23.63002,-46.736288,0.3
,,,"Bombow, Rua Bocaiúva, Centro, Florianópolis - SC, 88015-530, Brasil",Florianópolis,,SC,,88015-530,-27.58471,-48.5451,,,,,,Joalherias,Demais Praças,-27.5847549,-48.5451428,0.3
,,,"Rodovia Fernão Dias, Santo Antônio, Betim - MG, Brasil",Betim,,MG,,,-19.95579,-44.1098,,,,,,Joalherias,Demais Praças,-19.955785,-44.109803,0.3
,,,"Lopes Café, Primavera, Guarapuava - PR, 85050-030, Brasil",Guarapuava,,PR,,85050-030,-25.34881,-51.47507,,,,,,Joalherias,Demais Praças,-25.348554,-51.474786,0.3
,,,"McDonald's, Avenida São Paulo, 1099, Zona 1, Maringá - PR, 87013-040, Brasil",Maringá,,PR,,87013-040,-23.42228,-51.93281,,,,,,Joalherias,Demais Praças,-23.4222999,-51.9327976,0.3
,,,"J Canedo, Rua Konrad Adenauer, 370, Tarumã, Curitiba - PR, 82810-350, Brasil",Curitiba,,PR,,82810-350,-25.42938,-49.21468,,,,,,Joalherias,Demais Praças,-25.429332,-49.214691,0.3
,,,"New Time, Santo Amaro, São Paulo - SP, 04710-190, Brasil",São Paulo,,SP,,04710-190,-23.6234,-46.69862,,,,,,Joalherias,SP,-23.623383,-46.698609,0.3
,,,"Triton Eyewear, Avenida Cristiano Machado, 4000, União, Belo Horizonte - MG, Brasil",Belo Horizonte,,MG,,,-19.87431,-43.9262,,,,,,Joalherias,Demais Praças,-19.874395,-43.926673,0.3
,,,"SWAROVSKI, Avenida Santa Catarina, Dos Estados, Balneário Camboriú - SC, 88339-005, Brasil",Balneário Camboriú,,SC,,88339-005,-26.99315,-48.64745,,,,,,Joalherias,Demais Praças,-26.9931046,-48.647366,0.3
,,,"Rua Pedro Lessa, Santa Mônica, Florianópolis - SC, 88035-020, Brasil",Florianópolis,,SC,,88035-020,-27.59119,-48.51392,,,,,,Joalherias,Demais Praças,-27.591216,-48.513972,0.3
,,,"Praia de Botafogo, 374, Botafogo, Rio de Janeiro - RJ, 22250-040, Brasil",Rio de Janeiro,,RJ,,22250-040,-22.94688,-43.18276,,,,,,Joalherias,Demais Praças,-22.9468654,-43.1825928,0.3
,,,"Noblesse Abc, Avenida Pereira Barreto, 42, Vila Gilda, Santo André - SP, 09190-210, Brasil",Santo André,,SP,,09190-210,-23.66828,-46.53323,,,,,,Joalherias,SP,-23.66831447,-46.53315035,0.3
,,,"Catuaí Shopping Maringá, Zona 43, Maringá - PR, 87070-000, Brasil",Maringá,,PR,,87070-000,-23.42031,-51.97027,,,,,,Joalherias,Demais Praças,-23.4203701,-51.9704265,0.3
,,,"Avenida Antártica, 415, Barra Funda, São Paulo - SP, 05003-020, Brasil",São Paulo,,SP,,05003-020,-23.52817,-46.6748,,,,,,Joalherias,SP,-23.5280931,-46.6748364,0.3
,,,"Bar dos Gêmeos, Avenida Engenheiro Caetano Álvares, Mandaqui, São Paulo - SP, 02413-100, Brasil",São Paulo,,SP,,02413-100,-23.48632,-46.64028,,,,,,Joalherias,SP,-23.4862571,-46.6402914,0.3
,,,"Sabores do Mar, Avenida Santa Catarina, Dos Estados, Balneário Camboriú - SC, 88339-005, Brasil",Balneário Camboriú,,SC,,88339-005,-26.99271,-48.647,,,,,,Joalherias,Demais Praças,-26.9925606,-48.6469337,0.3
,,,"Cvc, Avenida Nove de Julho, 3333, Vianelo, Jundiaí - SP, 13207-645, Brasil",Jundiaí,,SP,,13207-645,-23.19948,-46.89021,,,,,,Joalherias,SP,-23.1995477,-46.8902183,0.3
,,,"Serilon Brasil, Avenida São Paulo, 775, Zona 1, Maringá - PR, 87030-025, Brasil",Maringá,,PR,,87030-025,-23.41923,-51.93326,,,,,,Joalherias,Demais Praças,-23.41923143,-51.93309286,0.3
,,,"Rua Zerillo Pereira Lopes, 83, Parque Alto Taquaral, Campinas - SP, 13087-757, Brasil",Campinas,,SP,,13087-757,-22.85964,-47.05418,,,,,,Joalherias,SP,-22.859574,-47.054071,0.3
,,,"Avenida Deputado Jamel Cecílio, Jardim Goiás, Goiânia - GO, 74810-100, Brasil",Goiânia,,GO,,74810-100,-16.70689,-49.23759,,,,,,Joalherias,Demais Praças,-16.706871,-49.237572,0.3
,,,"Ponto De Carregamento Para Veículos Elétricos, Avenida Brasil, 3545, Região do Lago, Cascavel - PR, 85816-010, Brasil",Cascavel,,PR,,85816-010,-24.94786,-53.43493,,,,,,Joalherias,Demais Praças,-24.947833,-53.43508,0.3
,,,"Rua Doutor Rodrigo Pereira Barreto, 4, Itaquera, São Paulo - SP, 08210-535, Brasil",São Paulo,,SP,,08210-535,-23.53089,-46.44679,,,,,,Joalherias,SP,-23.5309589,-46.44674867,0.3
,,,"Vida Ativa, Avenida Fernando Machado, Líder, Chapecó - SC, Brasil",Chapecó,,SC,,,-27.0698,-52.62525,,,,,,Joalherias,Demais Praças,-27.0697921,-52.6250599,0.3
,,,"Rodovia Presidente Dutra, Itapegica, Guarulhos - SP, 07025-000, Brasil",Guarulhos,,SP,,07025-000,-23.48875,-46.54604,,,,,,Joalherias,SP,-23.488765,-46.54603,0.3
,,,"Suco Bagaço, Av. Gov. Mario Covas Júnior, Mauá - SP, 09390-040, Brasil",Mauá,,SP,,09390-040,-23.66593,-46.46036,,,,,,Joalherias,SP,-23.6659289,-46.4602618,0.3
,,,"Avenida Dona Tereza Cristina, 100, Figueira, Duque de Caxias - RJ, 25230-480, Brasil",Duque de Caxias,,RJ,,25230-480,-22.69024,-43.29149,,,,,,Joalherias,Demais Praças,-22.6903073,-43.291485,0.3
,,,"Kdb Fiação, Rua Rosário, Jardim Oriente, São José dos Campos - SP, 12235-420, Brasil",São José dos Campos,,SP,,12235-420,-23.23415,-45.89719,,,,,,Joalherias,SP,-23.23409,-45.897185,0.3
,,,"Cia Food, Jardim Madalena, Campinas - SP, 13091-605, Brasil",Campinas,,SP,,13091-605,-22.86694,-47.0217,,,,,,Joalherias,SP,-22.867012,-47.021684,0.3
,,,"Vida Ativa, Avenida Fernando Machado, Líder, Chapecó - SC, Brasil",Chapecó,,SC,,,-27.0698,-52.62525,,,,,,Joalherias,Demais Praças,-27.0697921,-52.6250599,0.3
,,,"Rua Prof. Pedro V. Parigot de Souza, 600, Mossungue, Curitiba - PR, 81200-100, Brasil",Curitiba,,PR,,81200-100,-25.43629,-49.31627,,,,,,Joalherias,Demais Praças,-25.436267,-49.316273,0.3
,,,"Avenida Deputado Jacob Salvador Sveibel, Butantã, São Paulo - SP, 05512-390, Brasil",São Paulo,,SP,,05512-390,-23.58539,-46.72431,,,,,,Joalherias,SP,-23.585384,-46.724373,0.3
,,,"Avenida do Contorno, 6047, São Pedro, Belo Horizonte - MG, 30110-042, Brasil",Belo Horizonte,,MG,,30110-042,-19.94046,-43.93402,,,,,,Joalherias,Demais Praças,-19.9404162,-43.9340786,0.3
,,,"Avenida Interlagos, 2240, Campo Grande, São Paulo - SP, 04660-004, Brasil",São Paulo,,SP,,04660-004,-23.67334,-46.67784,,,,,,Joalherias,SP,-23.6734422,-46.6777561,0.3
,,,"Avenida Praia de Belas, Praia de Belas, Porto Alegre - RS, 90110-000, Brasil",Porto Alegre,,RS,,90110-000,-30.05017,-51.22817,,,,,,Joalherias,Demais Praças,-30.050185,-51.228082,0.3
,,,"Rua Sete de Setembro, 1327, Centro, Blumenau - SC, 89010-207, Brasil",Blumenau,,SC,,89010-207,-26.91929,-49.06919,,,,,,Joalherias,Demais Praças,-26.919304,-49.069227,0.3
,,,"Avenida Dom Helder Câmara, 5269, Cachambi, Rio de Janeiro - RJ, 20771-004, Brasil",Rio de Janeiro,,RJ,,20771-004,-22.88767,-43.28232,,,,,,Joalherias,Demais Praças,-22.887542,-43.2823465,0.3
,,,"Droga Raia, Avenida Afrânio de Melo Franco, 290, Leblon, Rio de Janeiro - RJ, 22430-190, Brasil",Rio de Janeiro,,RJ,,22430-190,-22.98244,-43.21693,,,,,,Joalherias,Demais Praças,-22.9821908,-43.2169457,0.3
,,,"Ilha Brasil, Rua Pereira Barreto, 21, Gonzaga, Santos - SP, 11065-110, Brasil",Santos,,SP,,11065-110,-23.96655,-46.33499,,,,,,Joalherias,SP,-23.9666135,-46.3349557,0.3
,,,"Banco 24 Horas, Vila Clóris, Belo Horizonte - MG, 31610-070, Brasil",Belo Horizonte,,MG,,31610-070,-19.82103,-43.9472,,,,,,Joalherias,Demais Praças,-19.8209978,-43.9471884,0.3
,,,"Soldado Mário Kozel Filho, Estrada do Engenho d'Água, Anil, Rio de Janeiro - RJ, 22765-240, Brasil",Rio de Janeiro,,RJ,,22765-240,-22.95564,-43.3399,,,,,,Joalherias,Demais Praças,-22.955587,-43.339941,0.3
,,,"Unhas Cariocas, Rua Gonçalves Crespo, Tatuapé, São Paulo - SP, 03066-030, Brasil",São Paulo,,SP,,03066-030,-23.53844,-46.57631,,,,,,Joalherias,SP,-23.538518,-46.576276,0.3
,,,"Shin Ca 4, Setor de Hab. Individuais Norte, Lago Norte - DF, 71503-504, Brasil",Lago Norte,,DF,,71503-504,-15.71945,-47.88519,,,,,,Joalherias,Demais Praças,-15.719407,-47.8851768,0.3
,,,"UP 2 You, Rua dos Tucunarés, 500, Marília - SP, 17507-393, Brasil",Marília,,SP,,17507-393,-22.18625,-49.96688,,,,,,Joalherias,SP,-22.1861935,-49.9668836,0.3
,,,"Rua Gerôncio Thives, 862, Campinas, São José - SC, 88117-290, Brasil",São José,,SC,,88117-290,-27.58346,-48.614,,,,,,Joalherias,Demais Praças,-27.583547,-48.614367,0.3
,,,"Artfinalvip, Avenida Sete de Setembro, 2768, Centro, Curitiba - PR, 80230-085, Brasil",Curitiba,,PR,,80230-085,-25.43701,-49.26566,,,,,,Joalherias,Demais Praças,-25.437169,-49.2655594,0.3
,,,"Tyrol, Sítio do Campo, Praia Grande - SP, 11726-000, Brasil",Praia Grande,,SP,,11726-000,-23.99755,-46.40641,,,,,,Joalherias,SP,-23.996799,-46.405869,0.3
,,,"Rua Capitão Pacheco e Chaves, Móoca, São Paulo - SP, 03126-001, Brasil",São Paulo,,SP,,03126-001,-23.58174,-46.59289,,,,,,Joalherias,SP,-23.581524,-46.592853,0.3
,,,"Cantina Seraggio, Vila Santa Maria, Passo Fundo - RS, 83649-600, Brasil",Passo Fundo,,RS,,83649-600,-28.27093,-52.38492,,,,,,Joalherias,Demais Praças,-28.2710164,-52.3851975,0.3
,,,"Nova Iguaçu Food, Luz, Nova Iguaçu - RJ, Brasil",Nova Iguaçu,,RJ,,,-22.76191,-43.46533,,,,,,Joalherias,Demais Praças,-22.761764,-43.465273,0.3
,,,"Rua Ermelino de Leão, 1243, Olarias, Ponta Grossa - PR, 84035-000, Brasil",Ponta Grossa,,PR,,84035-000,-25.098,-50.15471,,,,,,Joalherias,Demais Praças,-25.0980329,-50.1546847,0.3
,,,"Siberian, Sanvitto, Caxias do Sul - RS, 95112-360, Brasil",Caxias do Sul,,RS,,95112-360,-29.17686,-51.21923,,,,,,Joalherias,Demais Praças,-29.176931,-51.219207,0.3
,,,"Brs 1 - Praia de Botafogo Próximo ao 308, Praia de Botafogo, Botafogo, Rio de Janeiro - RJ, 22250-040, Brasil",Rio de Janeiro,,RJ,,22250-040,-22.94482,-43.1823,,,,,,Joalherias,Demais Praças,-22.9448222,-43.1823074,0.3
,,,"Rua Bela Cintra, 2149, Jardim Paulista, São Paulo - SP, 01415-009, Brasil",São Paulo,,SP,,01415-009,-23.56327,-46.66896,,,,,,Joalherias,SP,-23.5632611,-46.6689624,0.3
,,,"Rua Cônego Thomaz Fontes, 284, Centro, Itajaí - SC, 88301-100, Brasil",Itajaí,,SC,,88301-100,-26.9044,-48.66032,,,,,,Joalherias,Demais Praças,-26.904382,-48.660244,0.3
,,,"Rua Domingos Agostim, 89, Tatuapé, São Paulo - SP, 03306-010, Brasil",São Paulo,,SP,,03306-010,-23.54227,-46.57615,,,,,,Joalherias,SP,-23.5422376,-46.576148,0.3
,,,"Torriton Men, Avenida do Batel, 1868, Batel, Curitiba - PR, 80420-090, Brasil",Curitiba,,PR,,80420-090,-25.44327,-49.2909,,,,,,Joalherias,Demais Praças,-25.4432681,-49.2909449,0.3
,,,"Avenida Praia de Belas, Praia de Belas, Porto Alegre - RS, 90110-000, Brasil",Porto Alegre,,RS,,90110-000,-30.05017,-51.22817,,,,,,Joalherias,Demais Praças,-30.050185,-51.228082,0.3
,,,"Montana Grill, Rua Domingos de Morais, Vila Mariana, São Paulo - SP, 04036-100, Brasil",São Paulo,,SP,,04036-100,-23.59935,-46.63695,,,,,,Joalherias,SP,-23.5994793,-46.63675,0.3
,,,"Avenida C Quadra 32, 22, Santo Antonio, Goiânia - GO, 74853-055, Brasil",Goiânia,,GO,,74853-055,-16.72706,-49.24952,,,,,,Joalherias,Demais Praças,-16.727174,-49.249462,0.3
,,,"Santa Lolla, Avenida Kennedy, 700, Centro, São Bernardo do Campo - SP, 09726-252, Brasil",São Bernardo do Campo,,SP,,09726-252,-23.68375,-46.55778,,,,,,Joalherias,SP,-23.683705,-46.557798,0.3
,,,"VIVARA, Rua Izabel a Redentora, 1434, Centro, São José dos Pinhais - PR, 83005-150, Brasil",São José dos Pinhais,,PR,,83005-150,-25.53777,-49.20453,,,,,,Joalherias,Demais Praças,-25.5377312,-49.2045028,0.3
,,,"Rua Pedro Lessa, Santa Mônica, Florianópolis - SC, 88035-020, Brasil",Florianópolis,,SC,,88035-020,-27.59119,-48.51392,,,,,,Joalherias,Demais Praças,-27.591216,-48.513972,0.3
,,,"Estrada da Represa, Campo Grande, Rio de Janeiro - RJ, Brasil",Rio de Janeiro,,RJ,,,-22.93538,-43.51874,,,,,,Joalherias,Demais Praças,-22.935024,-43.518246,0.3
,,,"Lojas Pernambucanas, Avenida dos Autonomistas, 1400, Industrial Autonomistas, Osasco - SP, Brasil",Osasco,,SP,,,-23.5412,-46.76638,,,,,,Joalherias,SP,-23.54116,-46.766435,0.3
,,,"RSC-453, Sanvitto, Caxias do Sul - RS, 95112-360, Brasil",Caxias do Sul,,RS,,95112-360,-29.17571,-51.21599,,,,,,Joalherias,Demais Praças,-29.1757307,-51.2159946,0.3
,,,"Avenida Maracanã, 972, Tijuca, Rio de Janeiro - RJ, 20511-000, Brasil",Rio de Janeiro,,RJ,,20511-000,-22.93863,-43.24819,,,,,,Joalherias,Demais Praças,-22.9387565,-43.2481818,0.3
,,,"Avenida Deputado Benedito Matarazzo, 11641, Vila Tatetuba, São José dos Campos - SP, 12220-610, Brasil",São José dos Campos,,SP,,12220-610,-23.18525,-45.85291,,,,,,Joalherias,SP,-23.1853305,-45.8528748,0.3
,,,"havaianas, Avenida Rio Negro, 1100, Franca - SP, 14406-010, Brasil",Franca,,SP,,14406-010,-20.54775,-47.41675,,,,,,Joalherias,SP,-20.5477468,-47.4167514,0.3
,,,"Fascar, Subsetor Sul-5, Ribeirão Preto - SP, Brasil",Ribeirão Preto,,SP,,,-21.21041,-47.81387,,,,,,Joalherias,SP,-21.210441,-47.813879,0.3
,,,"Cantina Seraggio, Vila Santa Maria, Passo Fundo - RS, 83649-600, Brasil",Passo Fundo,,RS,,83649-600,-28.27093,-52.38492,,,,,,Joalherias,Demais Praças,-28.2710164,-52.3851975,0.3
,,,"Rua Um, Qd 27, Valparaíso de Goiás - GO, 72870-401, Brasil",Valparaíso de Goiás,,GO,,72870-401,-16.04995,-47.98462,,,,,,Joalherias,Demais Praças,-16.04989449,-47.98466373,0.3
,,,"Rodovia Presidente Castelo Branco, São Roque - SP, 18132-851, Brasil",São Roque,,SP,,18132-851,-23.42224,-47.16117,,,,,,Joalherias,SP,-23.422109,-47.161163,0.3
,,,"Alameda Joaquim Eugênio de Lima, 547, Jardim Paulista, São Paulo - SP, 01403-001, Brasil",São Paulo,,SP,,01403-001,-23.56629,-46.65095,,,,,,Joalherias,SP,-23.566335,-46.65094,0.3
,,,"Ponto De Carregamento Para Veículos Elétricos, Rua Comendador Araújo, 731, Batel, Curitiba - PR, Brasil",Curitiba,,PR,,,-25.43908,-49.2813,,,,,,Joalherias,Demais Praças,-25.4391877,-49.2811104,0.3
,,,"Avenida Del Rey, Caiçaras, Belo Horizonte - MG, 30775-240, Brasil",Belo Horizonte,,MG,,30775-240,-19.88858,-43.96882,,,,,,Joalherias,Demais Praças,-19.888779,-43.968703,0.3
,,,"Spirito Santo, Vila Ipiranga, Porto Alegre - RS, 91340-001, Brasil",Porto Alegre,,RS,,91340-001,-30.02542,-51.1627,,,,,,Joalherias,Demais Praças,-30.0254719,-51.1625127,0.3
,,,"ATM, Rua Vergueiro Steidel, Aparecida, Santos - SP, 11040-271, Brasil",Santos,,SP,,11040-271,-23.97718,-46.30945,,,,,,Joalherias,SP,-23.9773162,-46.3095607,0.3
,,,"Rua Verbo Divino, 1166, Santo Amaro, São Paulo - SP, 04719-002, Brasil",São Paulo,,SP,,04719-002,-23.63241,-46.70684,,,,,,Joalherias,SP,-23.632551,-46.706956,0.3
,,,"Avenida Presidente Kennedy, Subsetor Leste-6, Ribeirão Preto - SP, 14096-350, Brasil",Ribeirão Preto,,SP,,14096-350,-21.20577,-47.76912,,,,,,Joalherias,SP,-21.205779,-47.76904,0.3
,,,"Estúdio da Sobrancelha, Rua Doutor Veiga Filho, 133, Santa Cecília, São Paulo - SP, 01229-001, Brasil",São Paulo,,SP,,01229-001,-23.54208,-46.65725,,,,,,Joalherias,SP,-23.5420344,-46.6573897,0.3
,,,"Rua Sebastião Fabiano Dias, Belvedere, Belo Horizonte - MG, 30320-690, Brasil",Belo Horizonte,,MG,,30320-690,-19.97572,-43.94474,,,,,,Joalherias,Demais Praças,-19.975722,-43.944744,0.3
,,,"EPIA, Setores Complementares-Asa Sul, Brasília - DF, Brasil",Brasília,,DF,,,-15.83329,-47.95167,,,,,,Joalherias,Demais Praças,-15.8332936,-47.9516438,0.3
,,,"Quadra SCIA Q 15 CJ 2, SCIA - DF, 71250-020, Brasil",SCIA,,DF,,71250-020,-15.79026,-47.97654,,,,,,Joalherias,Demais Praças,-15.79025,-47.9765549,0.3
,,,"BR-287, 2885, Urlândia, Santa Maria - RS, 97070-800, Brasil",Santa Maria,,RS,,97070-800,-29.7074,-53.82967,,,,,,Joalherias,Demais Praças,-29.706767,-53.82918,0.3
,,,"Rua Jorge Marcolino de Rezende, Pacaembú, Londrina - PR, 86079-230, Brasil",Londrina,,PR,,86079-230,-23.2833,-51.1536,,,,,,Joalherias,Demais Praças,-23.283299,-51.153592,0.3
,,,"Rodovia Governador Mário Covas, Tijucas - SC, 88200-000, Brasil",Tijucas,,SC,,88200-000,-27.21656,-48.62431,,,,,,Joalherias,Demais Praças,-27.216557,-48.624321,0.3
,,,"Rua Zerillo Pereira Lopes, 83, Parque Alto Taquaral, Campinas - SP, 13087-757, Brasil",Campinas,,SP,,13087-757,-22.85964,-47.05418,,,,,,Joalherias,SP,-22.859574,-47.054071,0.3
,,,"Rua Antônio Sequeira de Almeida, 845, Vila Dalva, Caraguatatuba - SP, 11667-140, Brasil",Caraguatatuba,,SP,,11667-140,-23.68387,-45.43925,,,,,,Joalherias,SP,-23.6837316,-45.4393228,0.3
,,,"Estrada de São Bento, 3304, Pium, Itaquaquecetuba - SP, 08598-100, Brasil",Itaquaquecetuba,,SP,,08598-100,-23.45991,-46.30695,,,,,,Joalherias,SP,-23.459863,-46.307036,0.3
,,,"SUBWAY, Usiminas, Ipatinga - MG, 35160-290, Brasil",Ipatinga,,MG,,35160-290,-19.49726,-42.56578,,,,,,Joalherias,Demais Praças,-19.4972115,-42.5659355,0.3
,,,"Rua Tenente Antonio João, Zona Industrial Norte, Joinville - SC, 89219-720, Brasil",Joinville,,SC,,89219-720,-26.25173,-48.85252,,,,,,Joalherias,Demais Praças,-26.251735,-48.852608,0.3
,,,"R. Palestra Itália, 2077 Garage, Rua Palestra Itália, 2077, Perdizes, São Paulo - SP, 05005-001, Brasil",São Paulo,,SP,,05005-001,-23.5264,-46.68112,,,,,,Joalherias,SP,-23.526347,-46.6811136,0.3
,,,"Preçolandia Comercial, Avenida São João, 2200, Jardim Colinas, São José dos Campos - SP, Brasil",São José dos Campos,,SP,,,-23.20484,-45.90806,,,,,,Joalherias,SP,-23.2049903,-45.908366,0.3
,,,"Drogasil, Avenida Rebouças, 3970, Pinheiros, São Paulo - SP, 05401-450, Brasil",São Paulo,,SP,,05401-450,-23.57315,-46.69562,,,,,,Joalherias,SP,-23.5732013,-46.6956073,0.3
,,,"Tyrol, Sítio do Campo, Praia Grande - SP, 11726-000, Brasil",Praia Grande,,SP,,11726-000,-23.99755,-46.40641,,,,,,Joalherias,SP,-23.996799,-46.405869,0.3
,,,"Constance, Avenida Iguatemi, Vila Brandina, Campinas - SP, 13092-500, Brasil",Campinas,,SP,,13092-500,-22.89261,-47.02684,,,,,,Joalherias,SP,-22.8925109,-47.0270062,0.3
,,,"Pólo Uk, Santa Luíza, Varginha - MG, Brasil",Varginha,,MG,,,-21.57144,-45.44915,,,,,,Joalherias,Demais Praças,-21.5711348,-45.4487893,0.3
,,,"Shopping Nova América, Avenida Pastor Martin Luther King Júnior, 126, Del Castilho, Rio de Janeiro - RJ, 20765-000, Brasil",Rio de Janeiro,,RJ,,20765-000,-22.87956,-43.27019,,,,,,Joalherias,Demais Praças,-22.879481,-43.270203,0.3
,,,"Botequim Guanabara, Monte Verde, Florianópolis - SC, Brasil",Florianópolis,,SC,,,-27.55353,-48.49909,,,,,,Joalherias,Demais Praças,-27.553466,-48.4991811,0.3
,,,"Avenida do Batel, 1868, Batel, Curitiba - PR, 80420-090, Brasil",Curitiba,,PR,,80420-090,-25.44358,-49.29052,,,,,,Joalherias,Demais Praças,-25.443489,-49.290557,0.3
,,,"Oy Frei Caneca, Rua Frei Caneca, 641, Bela Vista, São Paulo - SP, 01307-001, Brasil",São Paulo,,SP,,01307-001,-23.55388,-46.65319,,,,,,Joalherias,SP,-23.553663,-46.653323,0.3
,,,"Óticas DINIZ, Avenida Vereador Narciso Yague Guimarães, 1001, Mogi das Cruzes - SP, 08780-440, Brasil",Mogi das Cruzes,,SP,,08780-440,-23.51584,-46.17907,,,,,,Joalherias,SP,-23.516468,-46.17898,0.3
,,,"5 à Sec, Industrial Autonomistas, Osasco - SP, Brasil",Osasco,,SP,,,-23.53813,-46.77153,,,,,,Joalherias,SP,-23.5382579,-46.7708328,0.3
,,,"Ammalis, Av. Pres. Juscelino K. de Oliveira, 2842, São José do Rio Preto - SP, 15091-450, Brasil",São José do Rio Preto,,SP,,15091-450,-20.86683,-49.41488,,,,,,Joalherias,SP,-20.8668468,-49.41477959,0.3
,,,"Avenida das Américas, 2800, Guaratiba, Rio de Janeiro - RJ, 22631-003, Brasil",Rio de Janeiro,,RJ,,22631-003,-23.01016,-43.54222,,,,,,Joalherias,Demais Praças,-23.0100058,-43.541895,0.3
,,,"Cia Food, Jardim Madalena, Campinas - SP, 13091-605, Brasil",Campinas,,SP,,13091-605,-22.86694,-47.0217,,,,,,Joalherias,SP,-22.867012,-47.021684,0.3
,,,"Rua Jean Anastace Rovelli, 123, Polvilho, Cajamar - SP, 07750-000, Brasil",Cajamar,,SP,,07750-000,-23.40769,-46.85602,,,,,,Joalherias,SP,-23.407765,-46.856072,0.3
,,,"Rodovia Hélio Smidt, Várzea do Palácio, Guarulhos - SP, 07190-100, Brasil",Guarulhos,,SP,,07190-100,-23.46899,-46.49134,,,,,,Joalherias,SP,-23.46907,-46.49085934,0.3
,,,"Toasted Potato, Avenida Andrômeda, 227, Jardim Satélite, São José dos Campos - SP, 12231-675, Brasil",São José dos Campos,,SP,,12231-675,-23.21658,-45.89293,,,,,,Joalherias,SP,-23.216415,-45.892972,0.3
,,,"Cinemas São Luiz, Avenida Maria Campos, Industrial Autonomistas, Osasco - SP, Brasil",Osasco,,SP,,,-23.53808,-46.77185,,,,,,Joalherias,SP,-23.538202,-46.771948,0.3
,,,"Avenida Aricanduva, 4032, Aricanduva, São Paulo - SP, 03951-220, Brasil",São Paulo,,SP,,03951-220,-23.55607,-46.51696,,,,,,Joalherias,SP,-23.5560558,-46.5169046,0.3
,,,"Rua Gerôncio Thives, 862, Campinas, São José - SC, 88117-290, Brasil",São José,,SC,,88117-290,-27.58346,-48.614,,,,,,Joalherias,Demais Praças,-27.583547,-48.614367,0.3
,,,"Avenida Moaci, Moema, São Paulo - SP, 04083-000, Brasil",São Paulo,,SP,,04083-000,-23.60898,-46.66696,,,,,,Joalherias,SP,-23.609039,-46.667016,0.3
,,,"ERS-734, Rio Grande - RS, 96216-400, Brasil",Rio Grande,,RS,,96216-400,-32.11729,-52.17569,,,,,,Joalherias,Demais Praças,-32.1172747,-52.1757186,0.3
,,,"PR-317, Zona 47, Maringá - PR, 87070-020, Brasil",Maringá,,PR,,87070-020,-23.45894,-51.99072,,,,,,Joalherias,Demais Praças,-23.458932,-51.990742,0.3
,,,"Avenida Maracanã, 972, Tijuca, Rio de Janeiro - RJ, 20511-000, Brasil",Rio de Janeiro,,RJ,,20511-000,-22.93863,-43.24819,,,,,,Joalherias,Demais Praças,-22.9387565,-43.2481818,0.3
,,,"Morumbi Town Shopping, Avenida Giovanni Gronchi, 5930, Vila Andrade, São Paulo - SP, 05734-150, Brasil",São Paulo,,SP,,05734-150,-23.63146,-46.73732,,,,,,Joalherias,SP,-23.631631,-46.736802,0.3
,,,"Rodovia Akzo Nobei, Itupeva - SP, 13295-000, Brasil",Itupeva,,SP,,13295-000,-23.10228,-47.012,,,,,,Joalherias,SP,-23.102282,-47.012001,0.3
,,,"Cacau Noir, Cerâmica, São Caetano do Sul - SP, Brasil",São Caetano do Sul,,SP,,,-23.62648,-46.57993,,,,,,Joalherias,SP,-23.626499,-46.579907,0.3
,,,"BR-101, Distrito Industrial, São José - SC, 88104-810, Brasil",São José,,SC,,88104-810,-27.61969,-48.64871,,,,,,Joalherias,Demais Praças,-27.6197017,-48.6487049,0.3
,,,"Rua Marechal Deodoro, 165, Petrópolis - RJ, 25620-150, Brasil",Petrópolis,,RJ,,25620-150,-22.51248,-43.17755,,,,,,Joalherias,Demais Praças,-22.5124161,-43.1774215,0.3
,,,"Banca Cultural 108 Sul, SQS 108, Asa Sul, Brasília - DF, 70347-040, Brasil",Brasília,,DF,,70347-040,-15.81598,-47.9044,,,,,,Joalherias,Demais Praças,-15.8159611,-47.9043809,0.3
,,,"Rua João Brito Oliveira, 233, Petrópolis, Betim - MG, 32655-060, Brasil",Betim,,MG,,32655-060,-19.96966,-44.18097,,,,,,Joalherias,Demais Praças,-19.969757,-44.180914,0.3
,,,"Gula Gula, Avenida Lauro Sodré, 445, Botafogo, Rio de Janeiro - RJ, 22290-160, Brasil",Rio de Janeiro,,RJ,,22290-160,-22.95692,-43.17668,,,,,,Joalherias,Demais Praças,-22.9568637,-43.1766512,0.3
,,,"UZ Games, Avenida Kennedy, 700, Centro, São Bernardo do Campo - SP, 09726-252, Brasil",São Bernardo do Campo,,SP,,09726-252,-23.68371,-46.55763,,,,,,Joalherias,SP,-23.683711,-46.5576643,0.3
,,,"Cacau Show, Rua Francisco Franco de Godoy Bueno, 801, Mogi Guaçu - SP, 13845-180, Brasil",Mogi Guaçu,,SP,,13845-180,-22.36745,-46.95242,,,,,,Joalherias,SP,-22.367538,-46.952403,0.3
,,,"Avenida Deputado Jamel Cecílio, Jardim Goiás, Goiânia - GO, 74810-100, Brasil",Goiânia,,GO,,74810-100,-16.70689,-49.23759,,,,,,Joalherias,Demais Praças,-16.706871,-49.237572,0.3
,,,"Rua Prefeito Antônio Curvelo Benjamim, Visconde de Araújo, Macaé - RJ, 27971-210, Brasil",Macaé,,RJ,,27971-210,-22.38365,-41.78275,,,,,,Joalherias,Demais Praças,-22.3836705,-41.7827461,0.3
,,,"Avenida das Américas, 2800, Guaratiba, Rio de Janeiro - RJ, 22631-003, Brasil",Rio de Janeiro,,RJ,,22631-003,-23.01016,-43.54222,,,,,,Joalherias,Demais Praças,-23.0100058,-43.541895,0.3
,,,"Wallimp, Rua Visconde do Rio Branco, 43, Centro, Niterói - RJ, 24020-007, Brasil",Niterói,,RJ,,24020-007,-22.89693,-43.12387,,,,,,Joalherias,Demais Praças,-22.8968957,-43.1238144,0.3
,,,"Avenida Santa Beatriz da Silva, 2070, Uberaba - MG, 38050-086, Brasil",Uberaba,,MG,,38050-086,-19.77023,-47.95677,,,,,,Joalherias,Demais Praças,-19.770274,-47.956778,0.3
,,,"Rua Imperatriz Leopoldina, 271, Jardim Guanabara, Araçatuba - SP, 16026-220, Brasil",Araçatuba,,SP,,16026-220,-21.2193,-50.46568,,,,,,Joalherias,SP,-21.2192212,-50.4657096,0.3
,,,"Mezzanela Massas, Rua Olavo Barreto Viana, Moinhos de Vento, Porto Alegre - RS, 90570-070, Brasil",Porto Alegre,,RS,,90570-070,-30.02391,-51.2017,,,,,,Joalherias,Demais Praças,-30.023787,-51.201483,0.3
,,,"Avenida Olegário Maciel, 1600, Santo Agostinho, Belo Horizonte - MG, 30140-085, Brasil",Belo Horizonte,,MG,,30140-085,-19.92784,-43.94683,,,,,,Joalherias,Demais Praças,-19.9279142,-43.9469106,0.3
,,,"Avenida Donato Quintino, 125, Canelas II, Montes Claros - MG, 39400-546, Brasil",Montes Claros,,MG,,39400-546,-16.73996,-43.87044,,,,,,Joalherias,Demais Praças,-16.74023867,-43.870405,0.3
,,,"BR-470, Fortaleza, Blumenau - SC, Brasil",Blumenau,,SC,,,-26.85918,-49.05858,,,,,,Joalherias,Demais Praças,-26.85923,-49.058581,0.3
,,,"PANDORA, Alameda Terracota, 545, Cerâmica, São Caetano do Sul - SP, Brasil",São Caetano do Sul,,SP,,,-23.6265,-46.57971,,,,,,Joalherias,SP,-23.6264998,-46.5797185,0.3
,,,"Rua Padre Anchieta, Centro, São Vicente - SP, 11310-040, Brasil",São Vicente,,SP,,11310-040,-23.96741,-46.38406,,,,,,Joalherias,SP,-23.9676138,-46.3839379,0.3
,,,"Avenida Presidente Kennedy, 411, Centro, São Gonçalo - RJ, 24445-000, Brasil",São Gonçalo,,RJ,,24445-000,-22.82225,-43.04614,,,,,,Joalherias,Demais Praças,-22.822316,-43.046114,0.3
,,,"Cvc, Avenida Nove de Julho, 3333, Vianelo, Jundiaí - SP, 13207-645, Brasil",Jundiaí,,SP,,13207-645,-23.19948,-46.89021,,,,,,Joalherias,SP,-23.1994233,-46.8903795,0.3
,,,"Avenida Brasil, 589, Bairro de Lourdes, Anápolis - GO, 75095-795, Brasil",Anápolis,,GO,,75095-795,-16.33421,-48.91693,,,,,,Joalherias,Demais Praças,-16.3342088,-48.9170638,0.3
,,,"Rodovia Hélio Smidt, Várzea do Palácio, Guarulhos - SP, 07190-100, Brasil",Guarulhos,,SP,,07190-100,-23.46899,-46.49134,,,,,,Joalherias,SP,-23.46907,-46.49085934,0.3
,,,"Barreds's, Rodovia Dom Gabriel Paulino Bueno Couto, 422, São Luiz, Itu - SP, 13304-350, Brasil",Itu,,SP,,13304-350,-23.26492,-47.28162,,,,,,Joalherias,SP,-23.2648758,-47.2817147,0.3
,,,"Avenida Aricanduva, 4032, Aricanduva, São Paulo - SP, 03951-220, Brasil",São Paulo,,SP,,03951-220,-23.55607,-46.51696,,,,,,Joalherias,SP,-23.5560558,-46.5169046,0.3
,,,"Avenida Farroupilha, Marechal Rondon, Canoas - RS, Brasil",Canoas,,RS,,,-29.91494,-51.16569,,,,,,Joalherias,Demais Praças,-29.914949,-51.165644,0.3
,,,"Inicial Games, Rua Carlos Gomes, Centro, Limeira - SP, 13480-013, Brasil",Limeira,,SP,,13480-013,-22.57067,-47.40805,,,,,,Joalherias,SP,-22.5704017,-47.4081761,0.3
,,,"Banca Cultural 108 Sul, SQS 108, Asa Sul, Brasília - DF, 70347-040, Brasil",Brasília,,DF,,70347-040,-15.81598,-47.9044,,,,,,Joalherias,Demais Praças,-15.8159611,-47.9043809,0.3
,,,"Avenida das Nações Unidas, Itaim Bibi, São Paulo - SP, 04795-100, Brasil",São Paulo,,SP,,04795-100,-23.59028,-46.69122,,,,,,Joalherias,SP,-23.590285,-46.69121,0.3
,,,"Méliuz, Rua Pacífico Mascarenhas, Santa Efigênia, Belo Horizonte - MG, 30260-010, Brasil",Belo Horizonte,,MG,,30260-010,-19.92047,-43.92117,,,,,,Joalherias,Demais Praças,-19.920396,-43.92114,0.3
,,,"Avenida Piracema, Tamboré, Barueri - SP, 06460-030, Brasil",Barueri,,SP,,06460-030,-23.50427,-46.83267,,,,,,Joalherias,SP,-23.504267,-46.832675,0.3
,,,"Avenida João Wallig, 1795, Passo da Areia, Porto Alegre - RS, 91340-001, Brasil",Porto Alegre,,RS,,91340-001,-30.02497,-51.16343,,,,,,Joalherias,Demais Praças,-30.024879,-51.163188,0.3
,,,"Estúdio da Sobrancelha, Rua Olimpíadas, Itaim Bibi, São Paulo - SP, 04547-004, Brasil",São Paulo,,SP,,04547-004,-23.59579,-46.68689,,,,,,Joalherias,SP,-23.595868,-46.686955,0.3
,,,"Avenida Vicente de Carvalho, 821, Vicente de Carvalho, Rio de Janeiro - RJ, 21220-270, Brasil",Rio de Janeiro,,RJ,,21220-270,-22.85122,-43.31111,,,,,,Joalherias,Demais Praças,-22.8513296,-43.3110368,0.3
,,,"Alameda 1, Ribeirão Preto - SP, Brasil",Ribeirão Preto,,SP,,,-21.22529,-47.83704,,,,,,Joalherias,SP,-21.225334,-47.837001,0.3
,,,"Rua Henrique Terra, 504, Jardim Excelsior, Cabo Frio - RJ, 28911-320, Brasil",Cabo Frio,,RJ,,28911-320,-22.8756,-42.03803,,,,,,Joalherias,Demais Praças,-22.875408,-42.03801,0.3
,,,"Avenida das Nações Unidas, 22360, Socorro, São Paulo - SP, 04795-000, Brasil",São Paulo,,SP,,04795-000,-23.68415,-46.69232,,,,,,Joalherias,SP,-23.684125,-46.692289,0.3
,,,"5àSec, Avenida Raimundo Pereira de Magalhães, 1720, Pirituba, São Paulo - SP, 05145-000, Brasil",São Paulo,,SP,,05145-000,-23.5066,-46.71786,,,,,,Joalherias,SP,-23.5065767,-46.7179334,0.3
,,,"World Tennis, Alameda Filtros Mann, 670, Indaiatuba - SP, 13344-580, Brasil",Indaiatuba,,SP,,13344-580,-23.11744,-47.22004,,,,,,Joalherias,SP,-23.1173192,-47.2198615,0.3
,,,"Rua Só O Amor Constrói, 109, Eldorado Prol, Rio Verde - GO, 75904-433, Brasil",Rio Verde,,GO,,75904-433,-17.77094,-50.92313,,,,,,Joalherias,Demais Praças,-17.7709305,-50.9232683,0.3
,,,"Gregory, Avenida Olegário Maciel, Santo Agostinho, Belo Horizonte - MG, 30140-085, Brasil",Belo Horizonte,,MG,,30140-085,-19.92829,-43.94688,,,,,,Joalherias,Demais Praças,-19.928228,-43.946818,0.3
,,,"Avenida Jorge Elias de Lucca, Nossa Senhora da Salete, Criciúma - SC, 88813-390, Brasil",Criciúma,,SC,,88813-390,-28.68761,-49.33541,,,,,,Joalherias,Demais Praças,-28.6876619,-49.335381,0.3
,,,"Poke Poke, Rua Pamplona, 1704, Jardim Paulista, São Paulo - SP, 01405-003, Brasil",São Paulo,,SP,,01405-003,-23.57055,-46.66099,,,,,,Joalherias,SP,-23.5705536,-46.6610224,0.3
,,,"ATM, Rua Fonseca, Bangu, Rio de Janeiro - RJ, 21820-005, Brasil",Rio de Janeiro,,RJ,,21820-005,-22.87847,-43.4666,,,,,,Joalherias,Demais Praças,-22.8787218,-43.4668192,0.3
,,,"Avenida Manoel Goulart, 2622, Jardim das Rosas, Presidente Prudente - SP, 19060-000, Brasil",Presidente Prudente,,SP,,19060-000,-22.1172,-51.40604,,,,,,Joalherias,SP,-22.11690134,-51.406212,0.3
,,,"Rua Joaquim Venâncio, 293, Pouso Alegre - MG, 37552-017, Brasil",Pouso Alegre,,MG,,37552-017,-22.22347,-45.93501,,,,,,Joalherias,Demais Praças,-22.223582,-45.934907,0.3
,,,"Avenida Moaci, Moema, São Paulo - SP, 04083-000, Brasil",São Paulo,,SP,,04083-000,-23.60898,-46.66696,,,,,,Joalherias,SP,-23.609039,-46.667016,0.3
,,,"Graffite, Avenida Presidente Kennedy, 4121, Portão, Curitiba - PR, 81020-770, Brasil",Curitiba,,PR,,81020-770,-25.4776,-49.29058,,,,,,Joalherias,Demais Praças,-25.4775638,-49.2906029,0.3
,,,"Viena Delicatessen, Santo Amaro, São Paulo - SP, 04710-190, Brasil",São Paulo,,SP,,04710-190,-23.62373,-46.6988,,,,,,Joalherias,SP,-23.6237934,-46.6987642,0.3
,,,"Espaçolaser, Avenida Maestro Paulo e Silva, Jardim Carioca, Rio de Janeiro - RJ, 21920-445, Brasil",Rio de Janeiro,,RJ,,21920-445,-22.8017,-43.20198,,,,,,Joalherias,Demais Praças,-22.801766,-43.2018716,0.3
,,,"Rua Só O Amor Constrói, 109, Eldorado Prol, Rio Verde - GO, 75904-433, Brasil",Rio Verde,,GO,,75904-433,-17.77094,-50.92313,,,,,,Joalherias,Demais Praças,-17.7709305,-50.9232683,0.3
,,,"Rua Manuel da Nóbrega, Centro, Diadema - SP, 09910-720, Brasil",Diadema,,SP,,09910-720,-23.69261,-46.62292,,,,,,Joalherias,SP,-23.6926139,-46.6229246,0.3
,,,"VIVARA, Avenida Limeira, 722, Vila Rezende, Piracicaba - SP, Brasil",Piracicaba,,SP,,,-22.70422,-47.64944,,,,,,Joalherias,SP,-22.7042389,-47.6494755,0.3
,,,"Rua Sete de Setembro, 1327, Centro, Blumenau - SC, 89010-207, Brasil",Blumenau,,SC,,89010-207,-26.91929,-49.06919,,,,,,Joalherias,Demais Praças,-26.919304,-49.069227,0.3
,,,"Rua Verbo Divino, 1166, Santo Amaro, São Paulo - SP, 04719-002, Brasil",São Paulo,,SP,,04719-002,-23.63241,-46.70684,,,,,,Joalherias,SP,-23.632551,-46.706956,0.3
,,,"Rua Doutor João Ribeiro, 280, Penha, São Paulo - SP, 03634-010, Brasil",São Paulo,,SP,,03634-010,-23.52443,-46.54752,,,,,,Joalherias,SP,-23.524413,-46.547503,0.3
,,,"Avenida Rotary, Ferrazópolis, São Bernardo do Campo - SP, 09721-000, Brasil",São Bernardo do Campo,,SP,,09721-000,-23.72233,-46.54317,,,,,,Joalherias,SP,-23.72241,-46.543163,0.3
,,,"KFC, Scs Bloco B, Asa Sul, Brasília - DF, 70332-900, Brasil",Brasília,,DF,,70332-900,-15.79603,-47.89199,,,,,,Joalherias,Demais Praças,-15.7960103,-47.8920051,0.3
,,,"Multi Money, Praça Souza Aranha, Barra Funda, São Paulo - SP, 05003-130, Brasil",São Paulo,,SP,,05003-130,-23.52723,-46.67401,,,,,,Joalherias,SP,-23.52716,-46.6741435,0.3
,,,"Passeio dos Flamboyants, Parque Faber Castell I, São Carlos - SP, 13561-352, Brasil",São Carlos,,SP,,13561-352,-22.01821,-47.91687,,,,,,Joalherias,SP,-22.018214,-47.916816,0.3
,,,"Avenida Perimetral Norte, Jardim Balneário Meia Ponte, Goiânia - GO, 74573-260, Brasil",Goiânia,,GO,,74573-260,-16.63004,-49.27545,,,,,,Joalherias,Demais Praças,-16.629942,-49.275523,0.3
,,,"Avenida das Nações Unidas, 22360, Socorro, São Paulo - SP, 04795-000, Brasil",São Paulo,,SP,,04795-000,-23.68415,-46.69232,,,,,,Joalherias,SP,-23.684125,-46.692289,0.3
,,,"Rua Conselheiro Moreira de Barros, 3054, Mandaqui, São Paulo - SP, 02430-000, Brasil",São Paulo,,SP,,02430-000,-23.48288,-46.64491,,,,,,Joalherias,SP,-23.482858,-46.644911,0.3
,,,"Avenida Antônio de Souza Noschese, Jaguaré, São Paulo - SP, 05328-000, Brasil",São Paulo,,SP,,05328-000,-23.54717,-46.75556,,,,,,Joalherias,SP,-23.547172,-46.755571,0.3
,,,"Rua Campos Salles, 825, Setor Central, Ribeirão Preto - SP, 14015-110, Brasil",Ribeirão Preto,,SP,,14015-110,-21.18239,-47.80903,,,,,,Joalherias,SP,-21.18235,-47.808961,0.3
,,,"Avenida Industrial, 641, Tamanduateí 3, Santo André - SP, 09080-510, Brasil",Santo André,,SP,,09080-510,-23.6493,-46.53326,,,,,,Joalherias,SP,-23.64932884,-46.53328462,0.3
,,,"Koni Store, Fazenda Militar, Barueri - SP, 06440-180, Brasil",Barueri,,SP,,06440-180,-23.51512,-46.85525,,,,,,Joalherias,SP,-23.51498,-46.8553273,0.3
,,,"Alameda 1, Ribeirão Preto - SP, Brasil",Ribeirão Preto,,SP,,,-21.22529,-47.83704,,,,,,Joalherias,SP,-21.225334,-47.837001,0.3
,,,"Pizza Hut, Rua Nova Vista, Campo Grande, São Paulo - SP, 04455-240, Brasil",São Paulo,,SP,,04455-240,-23.67653,-46.67658,,,,,,Joalherias,SP,-23.6764694,-46.6760812,0.3
,,,"Camicado, Alameda Rio Negro, 111, Alphaville, Barueri - SP, 06454-000, Brasil",Barueri,,SP,,06454-000,-23.50476,-46.84792,,,,,,Joalherias,SP,-23.5047667,-46.8478886,0.3
,,,"Paris Boulevard, Fraternidade, Londrina - PR, 86027-750, Brasil",Londrina,,PR,,86027-750,-23.31209,-51.14554,,,,,,Joalherias,Demais Praças,-23.312183,-51.1456229,0.3
,,,"Avenida Diário de Notícias, 500, Cristal, Porto Alegre - RS, 91900-420, Brasil",Porto Alegre,,RS,,91900-420,-30.08623,-51.24748,,,,,,Joalherias,Demais Praças,-30.086247,-51.247602,0.3
,,,"Kopenhagen, Rua Pedro Botelho de Rezende, 901, Vivendas do Arvoredo, Londrina - PR, Brasil",Londrina,,PR,,,-23.34199,-51.18536,,,,,,Joalherias,Demais Praças,-23.3419954,-51.1853634,0.3
,,,"Penteadeira, Rua Konrad Adenauer, 370, Tarumã, Curitiba - PR, 82821-020, Brasil",Curitiba,,PR,,82821-020,-25.42864,-49.21463,,,,,,Joalherias,Demais Praças,-25.4287353,-49.2146025,0.3
,,,"Avenida Anísio Haddad, São Manoel, São José do Rio Preto - SP, 15093-000, Brasil",São José do Rio Preto,,SP,,15093-000,-20.83835,-49.40104,,,,,,Joalherias,SP,-20.838463,-49.401055,0.3
,,,"Avenida Gisele Constantino, 180, Votorantim - SP, 18116-650, Brasil",Votorantim,,SP,,18116-650,-23.55076,-47.46566,,,,,,Joalherias,SP,-23.550895,-47.46581,0.3
,,,"Ecatec Indústria e Comercio, Avenida Mansur Frayha, 1155, Região Urbana Homogênea II, Poços de Caldas - MG, 37704-355, Brasil",Poços de Caldas,,MG,,37704-355,-21.77808,-46.60302,,,,,,Joalherias,Demais Praças,-21.778067,-46.602848,0.3
,,,"The Original Cupcake, Avenida Gov. André Franco Montoro, Taboão da Serra - SP, 06757-000, Brasil",Taboão da Serra,,SP,,06757-000,-23.61495,-46.77541,,,,,,Joalherias,SP,-23.614849,-46.775503,0.3
,,,"Estrada do Campo Limpo, 414, Jardim São Luís, São Paulo - SP, 05777-000, Brasil",São Paulo,,SP,,05777-000,-23.64843,-46.7576,,,,,,Joalherias,SP,-23.648372,-46.757572,0.3
,,,"Rua Marquês de São Vicente, 35, Gávea, Rio de Janeiro - RJ, 22451-041, Brasil",Rio de Janeiro,,RJ,,22451-041,-22.97563,-43.22772,,,,,,Joalherias,Demais Praças,-22.9755098,-43.2278144,0.3
,,,"Toasted Potato, Avenida Andrômeda, 227, Jardim Satélite, São José dos Campos - SP, 12231-675, Brasil",São José dos Campos,,SP,,12231-675,-23.21658,-45.89293,,,,,,Joalherias,SP,-23.216415,-45.892972,0.3
,,,"Te&Maki, Avenida Paulista, 1159, Jardim Paulista, São Paulo - SP, 01310-100, Brasil",São Paulo,,SP,,01310-100,-23.56482,-46.65335,,,,,,Joalherias,SP,-23.564733,-46.653379,0.3
,,,"Rua Verbo Divino, 1166, Santo Amaro, São Paulo - SP, 04719-002, Brasil",São Paulo,,SP,,04719-002,-23.63241,-46.70684,,,,,,Joalherias,SP,-23.632551,-46.706956,0.3
,,,"SGAS 905, BLOCO A, Asa Sul, Brasília - DF, 70390-050, Brasil",Brasília,,DF,,70390-050,-15.80351,-47.90297,,,,,,Joalherias,Demais Praças,-15.803598,-47.903099,0.3
,,,"Rua Quinze de Novembro, 55, Centro, Niterói - RJ, 24020-125, Brasil",Niterói,,RJ,,24020-125,-22.89633,-43.12105,,,,,,Joalherias,Demais Praças,-22.896399,-43.1211264,0.3
,,,"Passeio dos Flamboyants, Parque Faber Castell I, São Carlos - SP, 13561-352, Brasil",São Carlos,,SP,,13561-352,-22.01821,-47.91687,,,,,,Joalherias,SP,-22.018214,-47.916816,0.3
,,,"Avenida Juscelino Kubitschek de Oliveira, 1101, Campo do Galvão, Guaratinguetá - SP, 12505-300, Brasil",Guaratinguetá,,SP,,12505-300,-22.81545,-45.20193,,,,,,Joalherias,SP,-22.815389,-45.202066,0.3
,,,"Avenida Senador Tancredo Neves, 3550, Valparaíso de Goiás - GO, Brasil",Valparaíso de Goiás,,GO,,,-16.08301,-47.97146,,,,,,Joalherias,Demais Praças,-16.083113,-47.971394,0.3
,,,"Pizza Hut, Avenida Brasil, Mariano Procópio, Juiz de Fora - MG, 36080-060, Brasil",Juiz de Fora,,MG,,36080-060,-21.73859,-43.37248,,,,,,Joalherias,Demais Praças,-21.73894802,-43.37234136,0.3
,,,"Banco do Brasil, Barranco, Taubaté - SP, 12040-000, Brasil",Taubaté,,SP,,12040-000,-23.02407,-45.58219,,,,,,Joalherias,SP,-23.023987,-45.5821183,0.3
,,,"Triton Eyewear, Avenida Otto Baumgart, Vila Guilherme, São Paulo - SP, Brasil",São Paulo,,SP,,,-23.51603,-46.61872,,,,,,Joalherias,SP,-23.5159526,-46.6186899,0.3
,,,"Fitness Shop, Rua Guaiaó, Aparecida, Santos - SP, 11035-260, Brasil",Santos,,SP,,11035-260,-23.9777,-46.30939,,,,,,Joalherias,SP,-23.9776639,-46.3094169,0.3
,,,"SUBWAY, Avenida Costa e Silva, 185, Jardim Polo Centro, Foz do Iguaçu - PR, 85863-000, Brasil",Foz do Iguaçu,,PR,,85863-000,-25.53311,-54.57535,,,,,,Joalherias,Demais Praças,-25.533157,-54.575446,0.3
,,,"Avenida Getúlio Vargas, 268, Centro, Jaraguá do Sul - SC, 89251-000, Brasil",Jaraguá do Sul,,SC,,89251-000,-26.47989,-49.08509,,,,,,Joalherias,Demais Praças,-26.47983,-49.084944,0.3
,,,"Rua Esmeralda, 1025, Cajamar - SP, 07750-000, Brasil",Cajamar,,SP,,07750-000,-23.29955,-46.86929,,,,,,Joalherias,SP,-23.3017847,-46.8677744,0.3
,,,"Joli, Vila Nambi, Jundiaí - SP, 13202-460, Brasil",Jundiaí,,SP,,13202-460,-23.19107,-46.87412,,,,,,Joalherias,SP,-23.19111,-46.874325,0.3
,,,"KFC, Scs Bloco B, Asa Sul, Brasília - DF, 70332-900, Brasil",Brasília,,DF,,70332-900,-15.79603,-47.89199,,,,,,Joalherias,Demais Praças,-15.7960103,-47.8920051,0.3
,,,"Avenida Rio Negro, 1100, Franca - SP, 14406-005, Brasil",Franca,,SP,,14406-005,-20.54723,-47.41601,,,,,,Joalherias,SP,-20.547213,-47.416005,0.3
,,,"Rua dos Goitacazes, 365, Centro, Belo Horizonte - MG, 30190-050, Brasil",Belo Horizonte,,MG,,30190-050,-19.92276,-43.94034,,,,,,Joalherias,Demais Praças,-19.922741,-43.940413,0.3
,,,"Rodovia Presidente Castelo Branco, São Roque - SP, 18132-851, Brasil",São Roque,,SP,,18132-851,-23.42224,-47.16117,,,,,,Joalherias,SP,-23.422109,-47.161163,0.3
,,,"Avenida Nossa Senhora da Penha, 1263, Penha, Bragança Paulista - SP, 12929-470, Brasil",Bragança Paulista,,SP,,12929-470,-22.95122,-46.52075,,,,,,Joalherias,SP,-22.951124,-46.520081,0.3
,,,"C&A, Avenida Santa Bárbara, Vila Mollon IV, Santa Bárbara d'Oeste - SP, 13456-625, Brasil",Santa Bárbara d'Oeste,,SP,,13456-625,-22.74784,-47.36725,,,,,,Joalherias,SP,-22.747899,-47.367288,0.3
,,,"Via W. Cinco Norte, Asa Norte, Brasília - DF, Brasil",Brasília,,DF,,,-15.73419,-47.90407,,,,,,Joalherias,Demais Praças,-15.734184,-47.904034,0.3
,,,"Cacau Show, Rodovia dos Metalúrgicos, 1189, São Geraldo, Volta Redonda - RJ, 27253-005, Brasil",Volta Redonda,,RJ,,27253-005,-22.52266,-44.07873,,,,,,Joalherias,Demais Praças,-22.5227094,-44.0787846,0.3
,,,"Lava-Rápido Costa e S, Avenida Costa e Silva, Jardim Polo Centro, Foz do Iguaçu - PR, 85863-000, Brasil",Foz do Iguaçu,,PR,,85863-000,-25.53312,-54.57457,,,,,,Joalherias,Demais Praças,-25.5329416,-54.574636,0.3
,,,"TOUCH, Avenida Independência, São Mateus, Juiz de Fora - MG, 36025-320, Brasil",Juiz de Fora,,MG,,36025-320,-21.7816,-43.36087,,,,,,Joalherias,Demais Praças,-21.781628,-43.360941,0.3
,,,"Banco 24horas, Parque dos Rodoviários, Campos dos Goytacazes - RJ, Brasil",Campos dos Goytacazes,,RJ,,,-21.75381,-41.34385,,,,,,Joalherias,Demais Praças,-21.7537444,-41.3440328,0.3
,,,"Supper Rissul, Av. Centenário N, 555, Passo das Pedras, Gravataí - RS, 94035-160, Brasil",Gravataí,,RS,,94035-160,-29.9499,-50.99631,,,,,,Joalherias,Demais Praças,-29.950016,-50.996446,0.3
,,,"Rua Joaquim Nabuco, 157, Uvaranas, Ponta Grossa - PR, 84026-080, Brasil",Ponta Grossa,,PR,,84026-080,-25.09584,-50.15226,,,,,,Joalherias,Demais Praças,-25.0957683,-50.1523331,0.3
,,,"Rua Dianópolis, Móoca, São Paulo - SP, 03126-007, Brasil",São Paulo,,SP,,03126-007,-23.58194,-46.59103,,,,,,Joalherias,SP,-23.5818759,-46.5910457,0.3
,,,"Samsonite, Vila Formosa, São Paulo - SP, 03342-000, Brasil",São Paulo,,SP,,03342-000,-23.5615,-46.56046,,,,,,Joalherias,SP,-23.5615061,-46.5604411,0.3
,,,"Rodovia Raposo Tavares, Centro, Cotia - SP, 06708-000, Brasil",Cotia,,SP,,06708-000,-23.60582,-46.94677,,,,,,Joalherias,SP,-23.605845,-46.946762,0.3
,,,"Maz Brasil, Avenida Presidente Kennedy, Portão, Curitiba - PR, 80610-010, Brasil",Curitiba,,PR,,80610-010,-25.47784,-49.29184,,,,,,Joalherias,Demais Praças,-25.477799,-49.291768,0.3
,,,"Pólo Wear, Avenida Deputado Benedito Matarazzo, 9403, Jardim Oswaldo Cruz, São José dos Campos - SP, 12216-530, Brasil",São José dos Campos,,SP,,12216-530,-23.19987,-45.88137,,,,,,Joalherias,SP,-23.199784,-45.8814586,0.3
,,,"SGAN 916 Bloco F, Asa Norte, Brasília - DF, 70770-100, Brasil",Brasília,,DF,,70770-100,-15.73927,-47.90409,,,,,,Joalherias,Demais Praças,-15.7397842,-47.9038911,0.3
,,,"EPIA, Setores Complementares-Asa Sul, Brasília - DF, Brasil",Brasília,,DF,,,-15.83329,-47.95167,,,,,,Joalherias,Demais Praças,-15.8332936,-47.9516438,0.3
,,,"Avenida Doutora Ruth Cardoso, Alto de Pinheiros, São Paulo - SP, 05477-000, Brasil",São Paulo,,SP,,05477-000,-23.54804,-46.72948,,,,,,Joalherias,SP,-23.548045,-46.729481,0.3
,,,"Rua Doutor Rodrigo Pereira Barreto, 4, Itaquera, São Paulo - SP, 08210-535, Brasil",São Paulo,,SP,,08210-535,-23.53089,-46.44679,,,,,,Joalherias,SP,-23.5309589,-46.44674867,0.3
,,,"Alameda Rio Negro, Alphaville, Barueri - SP, Brasil",Barueri,,SP,,,-23.50407,-46.84748,,,,,,Joalherias,SP,-23.504093,-46.847522,0.3
,,,"Kiosqui Mrv Shopping Sjp, Rua Voluntários da Pátria, 170, Centro, São José dos Pinhais - PR, 83005-010, Brasil",São José dos Pinhais,,PR,,83005-010,-25.5378,-49.20443,,,,,,Joalherias,Demais Praças,-25.537732,-49.204314,0.3
,,,"Ponto De Carregamento Para Veículos Elétricos, Praça Leonor Kaupa, 100, Cursino, São Paulo - SP, Brasil",São Paulo,,SP,,,-23.61995,-46.62715,,,,,,Joalherias,SP,-23.6199582,-46.6271965,0.3
,,,"Avenida General Furtado do Nascimento, 4777, Alto de Pinheiros, São Paulo - SP, 05477-000, Brasil",São Paulo,,SP,,05477-000,-23.55177,-46.72242,,,,,,Joalherias,SP,-23.5519194,-46.7225102,0.3
,,,"Uberlândia Shopping-Norte, Gávea, Uberlândia - MG, Brasil",Uberlândia,,MG,,,-18.95615,-48.27714,,,,,,Joalherias,Demais Praças,-18.9560633,-48.2774058,0.3
,,,"Espaçolaser, Avenida Rotary, Ferrazópolis, São Bernardo do Campo - SP, 09790-000, Brasil",São Bernardo do Campo,,SP,,09790-000,-23.72322,-46.54296,,,,,,Joalherias,SP,-23.7232069,-46.5428769,0.3
,,,"Bb Básico, Areal, Pelotas - RS, 96085-000, Brasil",Pelotas,,RS,,96085-000,-31.76093,-52.31871,,,,,,Joalherias,Demais Praças,-31.7608855,-52.3186767,0.3
,,,"Ponto De Carregamento Para Veículos Elétricos, Avenida Santa Beatriz da Silva, 1501, Uberaba - MG, 38050-000, Brasil",Uberaba,,MG,,38050-000,-19.7661,-47.95085,,,,,,Joalherias,Demais Praças,-19.766298,-47.950768,0.3
,,,"Avenida Prestes Maia, 1474, Taboão, Diadema - SP, 09930-270, Brasil",Diadema,,SP,,09930-270,-23.67439,-46.61414,,,,,,Joalherias,SP,-23.674338,-46.614494,0.3
,,,"Shell, ERL S, Zona Cívico Administrativa, Brasília - DF, Brasil",Brasília,,DF,,,-15.79423,-47.88217,,,,,,Joalherias,Demais Praças,-15.7942287,-47.8821658,0.3
,,,"Avenida Gisele Constantino, 180, Votorantim - SP, 18116-650, Brasil",Votorantim,,SP,,18116-650,-23.55076,-47.46566,,,,,,Joalherias,SP,-23.550895,-47.46581,0.3
,,,"Alameda Gabriel Monteiro da Silva, 1487, Pinheiros, São Paulo - SP, 05477-000, Brasil",São Paulo,,SP,,05477-000,-23.57237,-46.68162,,,,,,Decor,SP,-23.5725608,-46.6815322,0.3
,,,"Alameda Gabriel Monteiro da Silva, 268, Jardim Paulista, São Paulo - SP, 01442-000, Brasil",São Paulo,,SP,,01442-000,-23.56323,-46.67511,,,,,,Decor,SP,-23.5632174,-46.6751925,0.3
,,,"Alameda Gabriel Monteiro da Silva, 1824, Pinheiros, São Paulo - SP, 01442-001, Brasil",São Paulo,,SP,,01442-001,-23.57407,-46.68464,,,,,,Decor,SP,-23.5739406,-46.6844876,0.3
,,,"Rua Doutor Antônio Carlos Assumpção, Pinheiros, São Paulo - SP, 01441-020, Brasil",São Paulo,,SP,,01441-020,-23.5727,-46.68177,,,,,,Decor,SP,-23.5725654,-46.6816196,0.3
,,,"Rua João Cachoeira, 1731, Itaim Bibi, São Paulo - SP, 04535-016, Brasil",São Paulo,,SP,,04535-016,-23.59523,-46.6743,,,,,,Decor,SP,-23.59525,-46.6742953,0.3
,,,"Alameda Gabriel Monteiro da Silva, 2138, Pinheiros, São Paulo - SP, 01442-001, Brasil",São Paulo,,SP,,01442-001,-23.57446,-46.68756,,,,,,Decor,SP,-23.5744175,-46.6876072,0.3
,,,"Iberostar Praia do Forte, Avenida das Nações Unidas, Itaim Bibi, São Paulo - SP, 04578-000, Brasil",São Paulo,,SP,,04578-000,-23.60905,-46.69692,,,,,,Decor,SP,-23.608981,-46.6969467,0.3
,,,"Alameda Gabriel Monteiro da Silva, 1824, Pinheiros, São Paulo - SP, 01442-001, Brasil",São Paulo,,SP,,01442-001,-23.57407,-46.68464,,,,,,Decor,SP,-23.5739619,-46.6845218,0.3
,,,"Avenida Jorge Tibiriçá, 1256, Vila Georgina, Campinas - SP, 13045-706, Brasil",Campinas,,SP,,13045-706,-22.93249,-47.04481,,,,,,Decor,SP,-22.9325029,-47.0447141,0.3
,,,"Rua Ibsen da Costa Manso, 48, Pinheiros, São Paulo - SP, 01440-010, Brasil",São Paulo,,SP,,01440-010,-23.56993,-46.6798,,,,,,Decor,SP,-23.5700268,-46.6797957,0.3
,,,"Papel Assinado, Alameda Gabriel Monteiro da Silva, Jardim Paulista, São Paulo - SP, 01441-000, Brasil",São Paulo,,SP,,01441-000,-23.56388,-46.67569,,,,,,Decor,SP,-23.5639082,-46.6757843,0.3
,,,"Mix Conceito, Rodovia Raposo Tavares, 27500, Jardim dos Ipês, Cotia - SP, 06708-000, Brasil",Cotia,,SP,,06708-000,-23.59989,-46.89659,,,,,,Decor,SP,-23.5998436,-46.8965522,0.3
,,,"Alameda Gabriel Monteiro da Silva, 1606, Pinheiros, São Paulo - SP, 01442-001, Brasil",São Paulo,,SP,,01442-001,-23.57318,-46.68272,,,,,,Decor,SP,-23.5731631,-46.6827644,0.3
,,,"Caixa Econômica Federal., Alameda Araguaia, 370, Alphaville, Barueri - SP, 06455-000, Brasil",Barueri,,SP,,06455-000,-23.49858,-46.85794,,,,,,Decor,SP,-23.4983908,-46.8579665,0.3
,,,"São Joaquim, SC, Brasil",São Joaquim,,SC,,88600-000,-28.29351,-49.93386,,,,,,Helipontos,Demais Praças,-28.1242174,-49.8209173,0.3
,,,"Ponte Dom Tito Buss, Jardim América, Rio do Sul - SC, 89160-000, Brasil",Rio do Sul,,SC,,89160-000,-27.20864,-49.63332,,,,,,Helipontos,Demais Praças,-27.2085866,-49.6325582,0.3
,,,"Rua Afonso Pena, Timbó - SC, 89120-000, Brasil",Timbó,,SC,,89120-000,-26.84746,-49.26806,,,,,,Helipontos,Demais Praças,-26.8478663,-49.2678131,0.3
,,,"Avenida Primeiro de Maio, 961, Poço Fundo, Brusque - SC, 88353-202, Brasil",Brusque,,SC,,88353-202,-27.12227,-48.90304,,,,,,Helipontos,Demais Praças,-27.1214913,-48.90192680000001,0.3
,,,"Rua Gerhard Nelson Appel, 145, Centro 2, Brusque - SC, 88354-121, Brasil",Brusque,,SC,,88354-121,-27.10749,-48.91668,,,,,,Helipontos,Demais Praças,-27.1076588,-48.9162178,0.3
,,,"Rua Doutor Olímpio de Souza Pitanga, 688, Jardim Maluche, Brusque - SC, 88354-310, Brasil",Brusque,,SC,,88354-310,-27.10515,-48.93465,,,,,,Helipontos,Demais Praças,-27.1049423,-48.93454740000001,0.3
,,,"Avenida Governador Irineu Bornhausen, Agronômica, Florianópolis - SC, 88015-710, Brasil",Florianópolis,,SC,,88015-710,-27.58284,-48.54514,,,,,,Helipontos,Demais Praças,-27.5826648,-48.5454193,0.3
,,,"BR-101, Araranguá - SC, 88900-000, Brasil",Araranguá,,SC,,88900-000,-29.0056,-49.56484,,,,,,Helipontos,Demais Praças,-29.0054172,-49.5649873,0.3
,,,"Rua Oswaldo Loos, 287, Poço Fundo, Brusque - SC, 88353-134, Brasil",Brusque,,SC,,88353-134,-27.10687,-48.90744,,,,,,Helipontos,Demais Praças,-27.1069794,-48.9072567,0.3
,,,"Rua Gustavo Zimmermann, 9969, Itoupava Alta, Blumenau - SC, 89063-185, Brasil",Blumenau,,SC,,89063-185,-26.76578,-49.07692,,,,,,Helipontos,Demais Praças,-26.7656997,-49.0773547,0.3
,,,"Rua Santa Catarina, 819, Ascurra - SC, 89138-000, Brasil",Ascurra,,SC,,89138-000,-26.9462,-49.38098,,,,,,Helipontos,Demais Praças,-26.9456489,-49.3808066,0.3
,,,"Avenida Normando Tedesco, 153, Centro, Balneário Camboriú - SC, 88330-120, Brasil",Balneário Camboriú,,SC,,88330-120,-27.00738,-48.61035,,,,,,Helipontos,Demais Praças,-27.007484,-48.6104072,0.3
,,,"Rua Bertolino João de Melo, Santo Amaro da Imperatriz - SC, 88140-000, Brasil",Santo Amaro da Imperatriz,,SC,,88140-000,-27.68063,-48.76636,,,,,,Helipontos,Demais Praças,-27.6804774,-48.7661427,0.3
,,,"Rua Cherne, 464, Centro, Bombinhas - SC, 88215-000, Brasil",Bombinhas,,SC,,88215-000,-27.1492,-48.49802,,,,,,Helipontos,Demais Praças,-27.1492173,-48.4981452,0.3
,,,"Rua Otto Hoier, 56, São Vicente, Itajaí - SC, 88308-100, Brasil",Itajaí,,SC,,88308-100,-26.91055,-48.68584,,,,,,Helipontos,Demais Praças,-26.910608,-48.6859385,0.3
,,,"Tattoo Show Studio - Tatuagens e Piercing, Nossa Senhora da Saúde, Caxias do Sul - RS, Brasil",Caxias do Sul,,RS,,,-29.14292,-51.20076,,,,,,Helipontos,Demais Praças,-29.143642,-51.2010325,0.3
,,,"Avenida Monsenhor Frederico Trombock, Industrial, São Ludgero - SC, 88730-000, Brasil",São Ludgero,,SC,,88730-000,-28.32039,-49.18296,,,,,,Helipontos,Demais Praças,-28.3212322,-49.1837526,0.3
,,,"Avenida Emanoel Pinto, 367, Balneário Piçarras - SC, 88380-000, Brasil",Balneário Piçarras,,SC,,88380-000,-26.76715,-48.67139,,,,,,Helipontos,Demais Praças,-26.766962,-48.6713524,0.3
,,,"Corpo de Bombeiros Militar Navegantes, São Domingos, Navegantes - SC, 88370-513, Brasil",Navegantes,,SC,,88370-513,-26.88937,-48.66293,,,,,,Helipontos,Demais Praças,-26.8893602,-48.6632427,0.3
,,,"Rua São Benedito, 420, Serraria, São José - SC, 88115-160, Brasil",São José,,SC,,88115-160,-27.54258,-48.62366,,,,,,Helipontos,Demais Praças,-27.542135,-48.6239011,0.3
,,,"Rua Joaquim Nabuco, 844, Centro, Novo Hamburgo - RS, 93310-002, Brasil",Novo Hamburgo,,RS,,93310-002,-29.6833,-51.12905,,,,,,Helipontos,Demais Praças,-29.6830967,-51.1291527,0.3
,,,"Zuanazzi e Lorenzini Advogados Associados, Centro Histórico, Porto Alegre - RS, Brasil",Porto Alegre,,RS,,,-30.02478,-51.22708,,,,,,Helipontos,Demais Praças,-30.024712,-51.2268331,0.3
,,,"Parque Marinha do Brasil, Praia de Belas, Porto Alegre - RS, 90110-240, Brasil",Porto Alegre,,RS,,90110-240,-30.05989,-51.23311,,,,,,Helipontos,Demais Praças,-30.0603091,-51.2328798,0.3
,,,"Avenida Protásio Alves, 127, Santa Cecília, Porto Alegre - RS, 90410-000, Brasil",Porto Alegre,,RS,,90410-000,-30.03737,-51.207,,,,,,Helipontos,Demais Praças,-30.0375488,-51.2070159,0.3
,,,"Avenida Iguaçu, 2878, Água Verde, Curitiba - PR, 80240-031, Brasil",Curitiba,,PR,,80240-031,-25.44926,-49.2887,,,,,,Helipontos,Demais Praças,-25.4492382,-49.28882,0.3
,,,"Rodovia Governador Mário Covas, Barra Velha - SC, 88390-000, Brasil",Barra Velha,,SC,,88390-000,-26.63423,-48.70032,,,,,,Helipontos,Demais Praças,-26.6345254,-48.7006,0.3
,,,"Avenida Prefeito Waldemar Grubba, 2799, Vila Lalau, Jaraguá do Sul - SC, 89256-500, Brasil",Jaraguá do Sul,,SC,,89256-500,-26.47805,-49.05479,,,,,,Helipontos,Demais Praças,-26.4778142,-49.0547773,0.3
,,,"Rua Ottokar Doerffel, Anita Garibaldi, Joinville - SC, 89203-001, Brasil",Joinville,,SC,,89203-001,-26.31707,-48.8655,,,,,,Helipontos,Demais Praças,-26.3169727,-48.8662266,0.3
,,,"Estrada da Riviera, Ferraria, Campo Largo - PR, Brasil",Campo Largo,,PR,,,-25.4402,-49.39214,,,,,,Helipontos,Demais Praças,-25.4401989,-49.3921297,0.3
,,,"Rua José Rodrigues Fortes, 526, Quatro Barras - PR, 83420-000, Brasil",Quatro Barras,,PR,,83420-000,-25.37591,-49.08319,,,,,,Helipontos,Demais Praças,-25.3766071,-49.0848209,0.3
,,,"Rua Belo Horizonte, Pinhalzinho - SC, 89870-000, Brasil",Pinhalzinho,,SC,,89870-000,-26.84852,-52.99229,,,,,,Helipontos,Demais Praças,-26.8485506,-52.9922452,0.3
,,,"Luis, Avenida Paraná, Centro, Fazenda Rio Grande - PR, 83829-010, Brasil",Fazenda Rio Grande,,PR,,83829-010,-25.65205,-49.31526,,,,,,Helipontos,Demais Praças,-25.652052,-49.315258,0.3
,,,"Rua Estéphano Rudeck, 73, Castro - PR, 84172-070, Brasil",Castro,,PR,,84172-070,-24.78778,-49.99451,,,,,,Helipontos,Demais Praças,-24.7877819,-49.9945588,0.3
,,,"Rua Viveiros de Castro, 386-536, Uvaranas, Ponta Grossa - PR, 84025-090, Brasil",Ponta Grossa,,PR,,84025-090,-25.09854,-50.10227,,,,,,Helipontos,Demais Praças,-25.0983196,-50.1024361,0.3
,,,"Rua Doutor Dagoberto Purch, 164, Castro - PR, 84174-130, Brasil",Castro,,PR,,84174-130,-24.8068,-49.9884,,,,,,Helipontos,Demais Praças,-24.8065604,-49.98823729999999,0.3
,,,"Rua das Indústrias, 1702, Apiaí - SP, 18320-000, Brasil",Apiaí,,SP,,18320-000,-24.51728,-48.8512,,,,,,Helipontos,SP,-24.5172267,-48.8502102,0.3
,,,"Rua B, São Jorge d'Oeste - PR, 85575-000, Brasil",São Jorge d'Oeste,,PR,,85575-000,-25.56661,-52.99764,,,,,,Helipontos,Demais Praças,-25.5665094,-52.9972208,0.3
,,,"Rep Shoppings, Itaim Bibi, São Paulo - SP, Brasil",São Paulo,,SP,,,-23.59868,-46.69038,,,,,,Helipontos,SP,-23.5983713,-46.6902379,0.3
,,,"Abraphe, Santana, São Paulo - SP, Brasil",São Paulo,,SP,,,-23.51232,-46.63853,,,,,,Helipontos,SP,-23.5116137,-46.6393067,0.3
,,,"Avenida Riachuelo, 85, Conceição, Diadema - SP, 09912-190, Brasil",Diadema,,SP,,09912-190,-23.68978,-46.60644,,,,,,Helipontos,SP,-23.6896231,-46.60652959999999,0.3
,,,"Avenida Alfredo Egídio de Souza Aranha, 100, Santo Amaro, São Paulo - SP, 04726-170, Brasil",São Paulo,,SP,,04726-170,-23.6328,-46.71215,,,,,,Helipontos,SP,-23.6328971,-46.7119082,0.3
,,,"Tmg Capital, Rua Joaquim Floriano, 72, Itaim Bibi, São Paulo - SP, 04534-000, Brasil",São Paulo,,SP,,04534-000,-23.58339,-46.671,,,,,,Helipontos,SP,-23.5834035,-46.6709653,0.3
,,,"Kraft Foods Brasil, Rua Surubim, 373, Itaim Bibi, São Paulo - SP, 04571-050, Brasil",São Paulo,,SP,,04571-050,-23.60154,-46.69262,,,,,,Helipontos,SP,-23.601599,-46.69253399999999,0.3
,,,"Rua Verbo Divino, 1661, Santo Amaro, São Paulo - SP, 04719-002, Brasil",São Paulo,,SP,,04719-002,-23.63116,-46.71126,,,,,,Helipontos,SP,-23.6314642,-46.7113481,0.3
,,,"Avenida Presidente Wilson, 84, Cambuci, São Paulo - SP, 03107-000, Brasil",São Paulo,,SP,,03107-000,-23.55671,-46.61066,,,,,,Helipontos,SP,-23.5565731,-46.6103011,0.3
,,,"Alameda Santos, 65, Vila Mariana, São Paulo - SP, 01419-000, Brasil",São Paulo,,SP,,01419-000,-23.57182,-46.64587,,,,,,Helipontos,SP,-23.571837,-46.6458705,0.3
,,,"Sala Quito, Santo Amaro, São Paulo - SP, 04795-100, Brasil",São Paulo,,SP,,04795-100,-23.65088,-46.72277,,,,,,Helipontos,SP,-23.650777,-46.72284699999999,0.3
,,,"Projeto Viol, Itaim Bibi, São Paulo - SP, 04543-011, Brasil",São Paulo,,SP,,04543-011,-23.59183,-46.68766,,,,,,Helipontos,SP,-23.5914374,-46.6874826,0.3
,,,"Rua Amauri, 255, Itaim Bibi, São Paulo - SP, 01448-000, Brasil",São Paulo,,SP,,01448-000,-23.58102,-46.68276,,,,,,Helipontos,SP,-23.581121,-46.6827058,0.3
,,,"Avenida Jacinto Júlio, Cidade Dutra, São Paulo - SP, 04815-160, Brasil",São Paulo,,SP,,04815-160,-23.70323,-46.69224,,,,,,Helipontos,SP,-23.7030105,-46.6925926,0.3
,,,"Rua James Joule, 65, Itaim Bibi, São Paulo - SP, 04576-080, Brasil",São Paulo,,SP,,04576-080,-23.611,-46.69595,,,,,,Helipontos,SP,-23.6111606,-46.6958698,0.3
,,,"Baía do Rods, Rua Engenheiro Francisco Pitta Brito, Santo Amaro, São Paulo - SP, 04753-080, Brasil",São Paulo,,SP,,04753-080,-23.65407,-46.71643,,,,,,Helipontos,SP,-23.6540082,-46.7164756,0.3
,,,"Restaurante Morte Lenta, Rua Ramon Penharrubia, Vila Mariana, São Paulo - SP, 01323-140, Brasil",São Paulo,,SP,,01323-140,-23.57373,-46.64162,,,,,,Helipontos,SP,-23.5735903,-46.6418121,0.3
,,,"Alameda Santos, 1940, Jardim Paulista, São Paulo - SP, 01418-102, Brasil",São Paulo,,SP,,01418-102,-23.56048,-46.65939,,,,,,Helipontos,SP,-23.560356,-46.65937,0.3
,,,"Rua Doutor Veiga Filho, 778, Consolação, São Paulo - SP, 01229-000, Brasil",São Paulo,,SP,,01229-000,-23.53798,-46.66235,,,,,,Helipontos,SP,-23.5381413,-46.6624752,0.3
,,,"Thinksuccess 7th Edition, Itaim Bibi, São Paulo - SP, 04707-000, Brasil",São Paulo,,SP,,04707-000,-23.6203,-46.69914,,,,,,Helipontos,SP,-23.620295,-46.698954,0.3
,,,"Rua Francisco Taranto, 18, Sacomã, São Paulo - SP, 04187-220, Brasil",São Paulo,,SP,,04187-220,-23.64686,-46.59471,,,,,,Helipontos,SP,-23.6467817,-46.5948927,0.3
,,,"MultiPark Internacional Plaza JK II, Avenida Presidente Juscelino Kubitschek, 3900, Itaim Bibi, São Paulo - SP, 04543-011, Brasil",São Paulo,,SP,,04543-011,-23.59114,-46.68227,,,,,,Helipontos,SP,-23.5911578,-46.6822331,0.3
,,,"Rua Jundiaí, 149, Moema, São Paulo - SP, 04001-140, Brasil",São Paulo,,SP,,04001-140,-23.57622,-46.65776,,,,,,Helipontos,SP,-23.5762538,-46.6577264,0.3
,,,"Praça da República, 295, República, São Paulo - SP, 01045-001, Brasil",São Paulo,,SP,,01045-001,-23.54374,-46.64445,,,,,,Helipontos,SP,-23.5436253,-46.6444269,0.3
,,,"Rua Santos Dumont, 317, Jataizinho - PR, 86210-000, Brasil",Jataizinho,,PR,,86210-000,-23.26037,-50.97568,,,,,,Helipontos,Demais Praças,-23.2606597,-50.9755201,0.3
,,,"Rua Antônio Moreno Eggea, 109, Jataizinho - PR, 86210-000, Brasil",Jataizinho,,PR,,86210-000,-23.26065,-50.97507,,,,,,Helipontos,Demais Praças,-23.2606757,-50.9750105,0.3
,,,"Rua Ezau Silveira, 438, Alvorada do Sul - PR, 86150-000, Brasil",Alvorada do Sul,,PR,,86150-000,-22.78166,-51.22899,,,,,,Helipontos,Demais Praças,-22.7815468,-51.2293613,0.3
,,,"Rua Antônio Schemberger, 662, Estrela, Ponta Grossa - PR, 84063-220, Brasil",Ponta Grossa,,PR,,84063-220,-25.11503,-50.17193,,,,,,Helipontos,Demais Praças,-25.114798,-50.1723173,0.3
,,,"RBS the Royal Bank of Scotland, Itaim Bibi, São Paulo - SP, 01451-011, Brasil",São Paulo,,SP,,01451-011,-23.58511,-46.68232,,,,,,Helipontos,SP,-23.5851047,-46.6823225,0.3
,,,"Rua Maestro Cardim, 407, Bela Vista, São Paulo - SP, 01323-000, Brasil",São Paulo,,SP,,01323-000,-23.56451,-46.64122,,,,,,Helipontos,SP,-23.5645057,-46.6411114,0.3
,,,"Ibravin, Rua Alameda Fenavinho, 29, Fenavinho, Bento Gonçalves - RS, 95700-000, Brasil",Bento Gonçalves,,RS,,95700-000,-29.16724,-51.49228,,,,,,Helipontos,Demais Praças,-29.1673269,-51.4920529,0.3
,,,"Avenida Independência, Novo Esteio, Esteio - RS, 93270-010, Brasil",Esteio,,RS,,93270-010,-29.85381,-51.18041,,,,,,Helipontos,Demais Praças,-29.853753,-51.180841,0.3
,,,"Avenida Independência, 64, Centro Histórico, Porto Alegre - RS, 90035-070, Brasil",Porto Alegre,,RS,,90035-070,-30.02949,-51.22095,,,,,,Helipontos,Demais Praças,-30.029811,-51.2208354,0.3
,,,"Estrada São José, Encantado - RS, 95960-000, Brasil",Encantado,,RS,,95960-000,-29.23769,-51.89958,,,,,,Helipontos,Demais Praças,-29.2376637,-51.8999959,0.3
,,,"Attilio TineliGaragem de Estacionamento, Rua Quintana, Itaim Bibi, São Paulo - SP, 04569-011, Brasil",São Paulo,,SP,,04569-011,-23.60235,-46.69355,,,,,,Helipontos,SP,-23.6024827,-46.693554,0.3
,,,"Estrada Jangadinha, Porto União - SC, 89400-000, Brasil",Porto União,,SC,,89400-000,-26.37231,-51.25398,,,,,,Helipontos,Demais Praças,-26.3727796,-51.253911,0.3
,,,"Hípica Centaurus, Tatuí - SP, Brasil",Tatuí,,SP,,,-23.35621,-47.82397,,,,,,Helipontos,SP,-23.357214,-47.8246326,0.3
,,,"Rua Eli Alves, 80, Subsetor Leste-3, Ribeirão Preto - SP, 14096-130, Brasil",Ribeirão Preto,,SP,,14096-130,-21.20454,-47.78774,,,,,,Helipontos,SP,-21.2046825,-47.78814089999999,0.3
,,,"Avenida Cezira Giovanoni Moretti, Santa Rosa, Piracicaba - SP, 13414-157, Brasil",Piracicaba,,SP,,13414-157,-22.69542,-47.61862,,,,,,Helipontos,SP,-22.6957438,-47.6186021,0.3
,,,"Via Anhanguera, Bairro Pires, Limeira - SP, 13486-199, Brasil",Limeira,,SP,,13486-199,-22.55274,-47.37147,,,,,,Helipontos,SP,-22.5530851,-47.3721715,0.3
,,,"Avenida Ireno da Silva Venâncio, Votorantim - SP, 18111-100, Brasil",Votorantim,,SP,,18111-100,-23.53638,-47.44969,,,,,,Helipontos,SP,-23.5365748,-47.4497011,0.3
,,,"Avenida Comendador Thomaz Fortunato, 3435, Chácara Letônia, Americana - SP, 13475-010, Brasil",Americana,,SP,,13475-010,-22.73259,-47.28596,,,,,,Helipontos,SP,-22.7322993,-47.2861698,0.3
,,,"Alameda Carla, Condomínio Terras de São José, Itu - SP, 13306-424, Brasil",Itu,,SP,,13306-424,-23.29941,-47.29538,,,,,,Helipontos,SP,-23.2987969,-47.29578950000001,0.3
,,,"Estrada Itu-157, 1522, Itu - SP, Brasil",Itu,,SP,,,-23.31872,-47.32217,,,,,,Helipontos,SP,-23.3158374,-47.3230445,0.3
,,,"Parque Brasil 500, Parque Brasil 500, Paulínia - SP, 13140-000, Brasil",Paulínia,,SP,,13140-000,-22.78492,-47.1586,,,,,,Helipontos,SP,-22.7852289,-47.1576259,0.3
,,,"Rua Francisco V. Blanco, 45, Olímpia - SP, 15400-000, Brasil",Olímpia,,SP,,15400-000,-20.72483,-48.91578,,,,,,Helipontos,SP,-20.724374,-48.9160416,0.3
,,,"Rua José Grande, 163, Vila Bressan, Araras - SP, 13600-529, Brasil",Araras,,SP,,13600-529,-22.35529,-47.37384,,,,,,Helipontos,SP,-22.3555202,-47.3737194,0.3
,,,"Ponte Dom Tito Buss, Jardim América, Rio do Sul - SC, 89160-000, Brasil",Rio do Sul,,SC,,89160-000,-27.20873,-49.63332,,,,,,Helipontos,Demais Praças,-27.2087082,-49.6327265,0.3
,,,"Avenida Coronel Pacífico Pinto, 840, Nova Serrana - MG, 35523-210, Brasil",Nova Serrana,,MG,,35523-210,-19.87457,-45.00372,,,,,,Helipontos,Demais Praças,-19.8744086,-45.0035482,0.3
,,,"Alameda Ezequiel Dias, 365, Santa Efigênia, Belo Horizonte - MG, 30130-110, Brasil",Belo Horizonte,,MG,,30130-110,-19.92556,-43.93162,,,,,,Helipontos,Demais Praças,-19.9257222,-43.9313305,0.3
,,,"São Gonçalo do Sapucaí, MG, Brasil",São Gonçalo do Sapucaí,,MG,,37490-000,-21.8964,-45.58928,,,,,,Helipontos,Demais Praças,-21.8201787,-45.5432452,0.3
,,,"Rua Walter Rodrigues da Silva, 547, Tiradentes - MG, 36325-000, Brasil",Tiradentes,,MG,,36325-000,-21.12757,-44.16971,,,,,,Helipontos,Demais Praças,-21.1278301,-44.170084,0.3
,,,"Magrí, Mangabeiras, Belo Horizonte - MG, 30210-110, Brasil",Belo Horizonte,,MG,,30210-110,-19.95499,-43.91277,,,,,,Helipontos,Demais Praças,-19.9546928,-43.9127693,0.3
,,,"Autódromo Velo Cittá, Mogi Guaçu - SP, Brasil",Mogi Guaçu,,SP,,,-22.28592,-46.85155,,,,,,Helipontos,SP,-22.2851767,-46.8510985,0.3
,,,"Rua José Monti Sobrinho, Pedralva - MG, 37520-000, Brasil",Pedralva,,MG,,37520-000,-22.23509,-45.47373,,,,,,Helipontos,Demais Praças,-22.2332889,-45.4721412,0.3
,,,"Centro de Treinamento do Oitavo Batalhão de Bombeiros Militar de Minas Gerais, Uberaba - MG, 38064-300, Brasil",Uberaba,,MG,,38064-300,-19.70475,-47.9716,,,,,,Helipontos,Demais Praças,-19.7051926,-47.9710105,0.3
,,,"Avenida Doutor Irineu Gonçalves da Silva, 1200, Campos do Jordão - SP, 12460-000, Brasil",Campos do Jordão,,SP,,12460-000,-22.7175,-45.57817,,,,,,Helipontos,SP,-22.7176812,-45.5777556,0.3
,,,"Sequoia Wellness Pousada do Quilombo, São Bento do Sapucaí - SP, 12490-000, Brasil",São Bento do Sapucaí,,SP,,12490-000,-22.67998,-45.72899,,,,,,Helipontos,Demais Praças,-22.680643,-45.7308009,0.3
,,,"Red Eventos, Jaguariúna - SP, 13820-000, Brasil",Jaguariúna,,SP,,13820-000,-22.70731,-47.01267,,,,,,Helipontos,SP,-22.7074126,-47.0115454,0.3
,,,"Via Unimed, Jardim Belvedere, Volta Redonda - RJ, Brasil",Volta Redonda,,RJ,,,-22.53442,-44.07656,,,,,,Helipontos,Demais Praças,-22.5342002,-44.0769607,0.3
,,,"Rua Nilton Coelho de Andrade, 891, Vila Maria, São Paulo - SP, 02167-010, Brasil",São Paulo,,SP,,02167-010,-23.51733,-46.57919,,,,,,Helipontos,SP,-23.5171505,-46.5792548,0.3
,,,"Rua Maestro Cardim, 642, Bela Vista, São Paulo - SP, 01323-001, Brasil",São Paulo,,SP,,01323-001,-23.5665,-46.64208,,,,,,Helipontos,SP,-23.5664761,-46.64228550000001,0.3
,,,"Harman, Rua Cincinato Braga, 340, Bela Vista, São Paulo - SP, 01333-020, Brasil",São Paulo,,SP,,01333-020,-23.56803,-46.64589,,,,,,Helipontos,SP,-23.5679791,-46.6459526,0.3
,,,"Grupo Ambipar Nova Odessa, Nova Odessa - SP, 13460-000, Brasil",Nova Odessa,,SP,,13460-000,-22.75965,-47.25417,,,,,,Helipontos,SP,-22.7601303,-47.2541038,0.3
,,,"Praça Vicente Rodrigues, 90, Butantã, São Paulo - SP, 05510-050, Brasil",São Paulo,,SP,,05510-050,-23.56797,-46.7082,,,,,,Helipontos,SP,-23.5679912,-46.70822039999999,0.3
,,,"Avenida Brigadeiro Luís Antônio, 5013, Moema, São Paulo - SP, 01402-002, Brasil",São Paulo,,SP,,01402-002,-23.5838,-46.6693,,,,,,Helipontos,SP,-23.583883,-46.66930929999999,0.3
,,,"Araponga, MG, Brasil",Araponga,,MG,,36594-000,-20.66678,-42.52172,,,,,,Helipontos,Demais Praças,-20.7201919,-42.4813111,0.3
,,,"Área 38 Oficina de Tb's, Congonhas - MG, 36415-000, Brasil",Congonhas,,MG,,36415-000,-20.48304,-43.91159,,,,,,Helipontos,Demais Praças,-20.4855761,-43.9084874,0.3
,,,"Três Rios, RJ, Brasil",Três Rios,,RJ,,25804-020,-22.11789,-43.2115,,,,,,Helipontos,Demais Praças,-22.1670088,-43.1428079,0.3
,,,"Escritório Central - Mina de Brucutu - Vale, São Gonçalo do Rio Abaixo - MG, 35935-000, Brasil",São Gonçalo do Rio Abaixo,,MG,,35935-000,-19.86924,-43.39468,,,,,,Helipontos,Demais Praças,-19.8695726,-43.3952509,0.3
,,,"Rua Gaivota, 655, Canaã, Ipatinga - MG, 35162-499, Brasil",Ipatinga,,MG,,35162-499,-19.45077,-42.55854,,,,,,Helipontos,Demais Praças,-19.4505718,-42.5581821,0.3
,,,"Rua Barão Miracema, 402, Parque Avenida Pelinca, Campos dos Goytacazes - RJ, 28030-460, Brasil",Campos dos Goytacazes,,RJ,,28030-460,-21.76217,-41.33046,,,,,,Helipontos,Demais Praças,-21.7622004,-41.3304747,0.3
,,,"62, Itaipava, Petrópolis - RJ, Brasil",Petrópolis,,RJ,,,-22.41068,-43.14919,,,,,,Helipontos,Demais Praças,-22.4107347,-43.1486329,0.3
,,,"Rua Francisco de Castro Nunes, 127, Nova Friburgo - RJ, 28625-607, Brasil",Nova Friburgo,,RJ,,28625-607,-22.28634,-42.53729,,,,,,Helipontos,Demais Praças,-22.2861756,-42.5373992,0.3
,,,"Heliponto da Lagoa Rodrigo de Freitas SDRJ, Lagoa, Rio de Janeiro - RJ, 22470-002, Brasil",Rio de Janeiro,,RJ,,22470-002,-22.9708,-43.21651,,,,,,Helipontos,Demais Praças,-22.9710718,-43.2164732,0.3
,,,"Rua Salvador Corrêa, 97, Parque Conselheiro Tomaz Coelho, Campos dos Goytacazes - RJ, 28035-310, Brasil",Campos dos Goytacazes,,RJ,,28035-310,-21.75599,-41.32867,,,,,,Helipontos,Demais Praças,-21.7563033,-41.3285833,0.3
,,,"Rua Barão Miracema, 402, Parque Avenida Pelinca, Campos dos Goytacazes - RJ, 28030-460, Brasil",Campos dos Goytacazes,,RJ,,28030-460,-21.76217,-41.33046,,,,,,Helipontos,Demais Praças,-21.7622226,-41.330486,0.3
,,,"Estrada da Restinga, 366, Atafona, São João da Barra - RJ, 28200-000, Brasil",São João da Barra,,RJ,,28200-000,-21.64795,-41.02223,,,,,,Helipontos,Demais Praças,-21.6474957,-41.0240851,0.3
,,,"Valença, RJ, Brasil",Valença,,RJ,,27601-060,-22.24623,-43.70354,,,,,,Helipontos,Demais Praças,-22.3605012,-43.78054239999999,0.3
,,,"Rua Renato Tinoco Farias, 26, São Jorge, Campos dos Goytacazes - RJ, 28080-730, Brasil",Campos dos Goytacazes,,RJ,,28080-730,-21.75019,-41.30241,,,,,,Helipontos,Demais Praças,-21.7501172,-41.302924,0.3
,,,"Parque da Lagoa 2, Lagoa, Rio de Janeiro - RJ, 22470-002, Brasil",Rio de Janeiro,,RJ,,22470-002,-22.97125,-43.21674,,,,,,Helipontos,Demais Praças,-22.9711412,-43.216623,0.3
,,,"Avenida Brasil, 500, Caju, Rio de Janeiro - RJ, 20940-070, Brasil",Rio de Janeiro,,RJ,,20940-070,-22.89413,-43.21495,,,,,,Helipontos,Demais Praças,-22.8939939,-43.21507039999999,0.3
,,,"Avenida Almirante Barroso, 81, Centro, Rio de Janeiro - RJ, 20031-004, Brasil",Rio de Janeiro,,RJ,,20031-004,-22.90739,-43.1752,,,,,,Helipontos,Demais Praças,-22.9074343,-43.1753497,0.3
,,,"Morro do Presépio, Aparecida - SP, 12570-000, Brasil",Aparecida,,SP,,12570-000,-22.8533,-45.23698,,,,,,Helipontos,SP,-22.8529523,-45.237787,0.3
,,,"Piracaia, SP, Brasil",Piracaia,,SP,,12970-000,-23.0545,-46.35852,,,,,,Helipontos,SP,-22.9804362,-46.3732893,0.3
,,,"Rua Francisco Alves, 263, Timóteo - MG, 35180-072, Brasil",Timóteo,,MG,,35180-072,-19.54295,-42.63831,,,,,,Helipontos,Demais Praças,-19.5429033,-42.6382696,0.3
,,,"Rua Santa Luzia, 145, Santo Antônio do Leite, Ouro Preto - MG, 35413-000, Brasil",Ouro Preto,,MG,,35413-000,-20.37031,-43.70637,,,,,,Helipontos,Demais Praças,-20.3703182,-43.7063518,0.3
,,,"MOV Mobilidade, Avenida das Árvores, 290, Lagoa Santa - MG, 33400-000, Brasil",Lagoa Santa,,MG,,33400-000,-19.65522,-43.91407,,,,,,Helipontos,Demais Praças,-19.6552251,-43.9140625,0.3
,,,"Avenida Governador Israel Pinheiro da Silva, 3989, Rio Acima - MG, 34300-000, Brasil",Rio Acima,,MG,,34300-000,-20.1209,-43.76952,,,,,,Helipontos,Demais Praças,-20.115738,-43.762621,0.3
,,,"Mercado Distrital da Barroca, Rua Gonçalves Dias, Barro Preto, Belo Horizonte - MG, 30140-093, Brasil",Belo Horizonte,,MG,,30140-093,-19.92688,-43.95772,,,,,,Helipontos,Demais Praças,-19.9269296,-43.95780509999999,0.3
,,,"Rua dos Moreiras, Jardim Vitória, Belo Horizonte - MG, 31998-257, Brasil",Belo Horizonte,,MG,,31998-257,-19.84216,-43.87168,,,,,,Helipontos,Demais Praças,-19.8420508,-43.8714713,0.3
,,,"Avenida do Contorno da Fiat, Dist. Industrial Paulo Camilo Sul, Betim - MG, 32530-490, Brasil",Betim,,MG,,32530-490,-19.97075,-44.10665,,,,,,Helipontos,Demais Praças,-19.9704712,-44.1066437,0.3
,,,"Rua Professor Eduardo Monteiro, Morumbi, São Paulo - SP, 05614-120, Brasil",São Paulo,,SP,,05614-120,-23.59532,-46.7108,,,,,,Helipontos,SP,-23.5952937,-46.7107475,0.3
,,,"Rodovia Coronel PM Nelson Tranchesi Km. 345, Rodovia Coronel Pm. Nelson Tranchesi, Itapevi - SP, Brasil",Itapevi,,SP,,,-23.52976,-46.93586,,,,,,Helipontos,SP,-23.530387,-46.9371209,0.3
,,,"Rua Damasco, 117, Capão Redondo, São Paulo - SP, 05870-110, Brasil",São Paulo,,SP,,05870-110,-23.67867,-46.77238,,,,,,Helipontos,SP,-23.6786941,-46.77245,0.3
,,,"Edifício Plaza Centenário, Avenida das Nações Unidas, 12999, Itaim Bibi, São Paulo - SP, 04578-000, Brasil",São Paulo,,SP,,04578-000,-23.60562,-46.69612,,,,,,Helipontos,SP,-23.6055814,-46.6960178,0.3
,,,"Okane Partners, Rua Fidêncio Ramos, 195, Brasil",,,,,,-23.59475,-46.68491,,,,,,Helipontos,SP,-23.5947158,-46.6849071,0.3
,,,"Avenida Engenheiro Luís Carlos Berrini, Itaim Bibi, São Paulo - SP, 04571-000, Brasil",São Paulo,,SP,,04571-000,-23.60844,-46.69419,,,,,,Helipontos,SP,-23.6083955,-46.6942227,0.3
,,,"Rua Dois, Cidade de Deus, Osasco - SP, Brasil",Osasco,,SP,,,-23.54867,-46.76882,,,,,,Helipontos,SP,-23.5486036,-46.768826,0.3
,,,"Morumbi Serviços Médicos, Avenida Engenheiro Oscar Americano, 840, Morumbi, São Paulo - SP, 05673-050, Brasil",São Paulo,,SP,,05673-050,-23.59104,-46.70346,,,,,,Helipontos,SP,-23.5910732,-46.703579,0.3
,,,"Avenida Eusébio Matoso, 1375, Morumbi, São Paulo - SP, 05423-180, Brasil",São Paulo,,SP,,05423-180,-23.5727,-46.70373,,,,,,Helipontos,SP,-23.5727715,-46.703564,0.3
,,,"Vinci Hair Clinic Alphaville, Avenida Copacabana, 112, Alphaville, Barueri - SP, 06473-073, Brasil",Barueri,,SP,,06473-073,-23.48502,-46.8569,,,,,,Helipontos,SP,-23.4850833,-46.8568913,0.3
,,,"Rua Direita, 256, Sé, São Paulo - SP, 01002-001, Brasil",São Paulo,,SP,,01002-001,-23.5479,-46.63601,,,,,,Helipontos,SP,-23.5480331,-46.6360847,0.3
,,,"Alameda Itu, 852, Jardim Paulista, São Paulo - SP, 01421-000, Brasil",São Paulo,,SP,,01421-000,-23.56224,-46.6611,,,,,,Helipontos,SP,-23.5620923,-46.6609912,0.3
,,,"Rua Oscar Freire, 390, Jardim Paulista, São Paulo - SP, 01426-000, Brasil",São Paulo,,SP,,01426-000,-23.56612,-46.66536,,,,,,Helipontos,SP,-23.566109,-46.6653683,0.3
,,,"Rua Cincinato Braga, 213, Bela Vista, São Paulo - SP, 01333-010, Brasil",São Paulo,,SP,,01333-010,-23.56905,-46.64542,,,,,,Helipontos,SP,-23.5690792,-46.6454862,0.3
,,,"Clínica Paulista Terapêutica Cárdio-Vascular, Bela Vista, São Paulo - SP, 01323-050, Brasil",São Paulo,,SP,,01323-050,-23.56698,-46.64165,,,,,,Helipontos,SP,-23.567203,-46.6415557,0.3
,,,"1 Batalhão de Polícia Militar, Rua Frei Caneca, Centro, Rio de Janeiro - RJ, 20211-005, Brasil",Rio de Janeiro,,RJ,,20211-005,-22.91092,-43.19558,,,,,,Helipontos,Demais Praças,-22.9108819,-43.1950906,0.3
,,,"Cushman and Wakefield, Avenida Pasteur, 501, Botafogo, Rio de Janeiro - RJ, 22290-240, Brasil",Rio de Janeiro,,RJ,,22290-240,-22.95065,-43.1806,,,,,,Helipontos,Demais Praças,-22.9507111,-43.1805974,0.3
,,,"Rua I, Brava, Armação dos Búzios - RJ, 28950-000, Brasil",Armação dos Búzios,,RJ,,28950-000,-22.74888,-41.87555,,,,,,Helipontos,Demais Praças,-22.7489828,-41.87569149999999,0.3
,,,"Travessa Borges, 58, Todos os Santos, Rio de Janeiro - RJ, 20735-140, Brasil",Rio de Janeiro,,RJ,,20735-140,-22.8992,-43.28133,,,,,,Helipontos,Demais Praças,-22.8992719,-43.2816391,0.3
,,,"Rua Sete de Setembro, 19, Centro, Rio de Janeiro - RJ, 20050-009, Brasil",Rio de Janeiro,,RJ,,20050-009,-22.90375,-43.17539,,,,,,Helipontos,Demais Praças,-22.9038528,-43.175379,0.3
,,,"Rua Paulo César de Andrade, 407, Laranjeiras, Rio de Janeiro - RJ, 22221-090, Brasil",Rio de Janeiro,,RJ,,22221-090,-22.93045,-43.18454,,,,,,Helipontos,Demais Praças,-22.930655,-43.1851995,0.3
,,,"Avenida Almirante Barroso, 81, Centro, Rio de Janeiro - RJ, 20031-004, Brasil",Rio de Janeiro,,RJ,,20031-004,-22.90739,-43.1752,,,,,,Helipontos,Demais Praças,-22.9073579,-43.17511440000001,0.3
,,,"Cia Athletica (le Parc), Barra da Tijuca, Rio de Janeiro - RJ, 22640-102, Brasil",Rio de Janeiro,,RJ,,22640-102,-22.99744,-43.34768,,,,,,Helipontos,Demais Praças,-22.996965,-43.3465539,0.3
,,,"Rua Savero José Bruno, Moquetá, Nova Iguaçu - RJ, 26285-021, Brasil",Nova Iguaçu,,RJ,,26285-021,-22.74297,-43.45841,,,,,,Helipontos,Demais Praças,-22.7427414,-43.4584285,0.3
,,,"Rua Juçanã, Botafogo, Rio de Janeiro - RJ, 22251-000, Brasil",Rio de Janeiro,,RJ,,22251-000,-22.94066,-43.18794,,,,,,Helipontos,Demais Praças,-22.9405434,-43.1879359,0.3
,,,"Ogx, Rua Álvaro Alvim, Centro, Rio de Janeiro - RJ, 20031-010, Brasil",Rio de Janeiro,,RJ,,20031-010,-22.91183,-43.17618,,,,,,Helipontos,Demais Praças,-22.9117239,-43.176118,0.3
,,,"Rua General Fonseca Ramos, Vila Militar, Rio de Janeiro - RJ, 21615-110, Brasil",Rio de Janeiro,,RJ,,21615-110,-22.86717,-43.39511,,,,,,Helipontos,Demais Praças,-22.8666519,-43.3949143,0.3
,,,"Barraca do U, Beco da Música, Centro, Rio de Janeiro - RJ, 20021-315, Brasil",Rio de Janeiro,,RJ,,20021-315,-22.90629,-43.17258,,,,,,Helipontos,Demais Praças,-22.9059785,-43.172674,0.3
,,,"Banana Air Táxi Aéreo, Barra da Tijuca, Rio de Janeiro - RJ, Brasil",Rio de Janeiro,,RJ,,,-22.98902,-43.36826,,,,,,Helipontos,Demais Praças,-22.9896326,-43.36844139999999,0.3
,,,"Travessa Lasalle, 56, Centro, Niterói - RJ, 24020-096, Brasil",Niterói,,RJ,,24020-096,-22.89453,-43.11561,,,,,,Helipontos,Demais Praças,-22.894508,-43.1157786,0.3
,,,"Rua Coronel Gomes Machado, 60, Centro, Niterói - RJ, 24020-111, Brasil",Niterói,,RJ,,24020-111,-22.89225,-43.11802,,,,,,Helipontos,Demais Praças,-22.8923148,-43.1182429,0.3
,,,"Engepred, Avenida República do Chile, 231, Centro, Rio de Janeiro - RJ, 20031-170, Brasil",Rio de Janeiro,,RJ,,20031-170,-22.9096,-43.17926,,,,,,Helipontos,Demais Praças,-22.9095425,-43.179348,0.3
,,,"Rua Santa Helena, Nossa Senhora de Fátima, Pirapora - MG, 39270-000, Brasil",Pirapora,,MG,,39270-000,-17.33951,-44.93816,,,,,,Helipontos,Demais Praças,-17.3397513,-44.9381107,0.3
,,,"Avenida Professor Vicente Guimarães, Morada do Sol, Montes Claros - MG, 39401-781, Brasil",Montes Claros,,MG,,39401-781,-16.73556,-43.88129,,,,,,Helipontos,Demais Praças,-16.7355995,-43.8813892,0.3
,,,"MG-060, Pequi - MG, 35667-000, Brasil",Pequi,,MG,,35667-000,-19.61423,-44.65789,,,,,,Helipontos,Demais Praças,-19.6078837,-44.6552681,0.3
,,,"Maturidade, Jardim Botânico - DF, Brasil",Jardim Botânico,,DF,,,-15.90744,-47.80895,,,,,,Helipontos,Demais Praças,-15.9058865,-47.8086524,0.3
,,,"Metrópolis Gourmet Universe, Via W4 Sul, Asa Sul, Brasília - DF, Brasil",Brasília,,DF,,,-15.7956,-47.89364,,,,,,Helipontos,Demais Praças,-15.7956093,-47.893591,0.3
,,,"Sgo, 3, Setores Complementares-Asa Norte, Brasília - DF, 70610-640, Brasil",Brasília,,DF,,70610-640,-15.77966,-47.91331,,,,,,Helipontos,Demais Praças,-15.779781,-47.9132572,0.3
,,,"Marcial, Depine e Braga Advogados Associados, Asa Sul, Brasília - DF, 70322-915, Brasil",Brasília,,DF,,70322-915,-15.79308,-47.89384,,,,,,Helipontos,Demais Praças,-15.7928362,-47.8938832,0.3
,,,"Estrada Hotéis de Turismo, Vila Planalto, Brasília - DF, 70150-000, Brasil",Brasília,,DF,,70150-000,-15.79201,-47.82322,,,,,,Helipontos,Demais Praças,-15.7922139,-47.8232205,0.3
,,,"Autódromo Internacional Nelson Piquet, SRPN-Autódromo Int. Nelson Piquet, Asa Norte, Brasília - DF, 70070-710, Brasil",Brasília,,DF,,70070-710,-15.77613,-47.90049,,,,,,Helipontos,Demais Praças,-15.7761502,-47.9004394,0.3
,,,"Banco do Brasil, Monte Castelo, Resende - RJ, Brasil",Resende,,RJ,,,-22.4511,-44.44921,,,,,,Helipontos,Demais Praças,-22.4494922,-44.4472718,0.3
,,,"Avenida Vereador Benedito Adelino, 9000, Ponta da Ribeira, Angra dos Reis - RJ, Brasil",Angra dos Reis,,RJ,,,-23.00227,-44.35303,,,,,,Helipontos,Demais Praças,-23.0021181,-44.3531719,0.3
,,,"Rua Maria Cândida, 1813, Vila Guilherme, São Paulo - SP, 02071-013, Brasil",São Paulo,,SP,,02071-013,-23.50761,-46.59829,,,,,,Helipontos,SP,-23.5076816,-46.59816000000001,0.3
,,,"Angra dos Reis, RJ, Brasil",Angra dos Reis,,RJ,,23900-620,-23.00711,-44.31312,,,,,,Helipontos,Demais Praças,-23.0543919,-44.3151727,0.3
,,,"BR-251, Cristalina - GO, 73850-000, Brasil",Cristalina,,GO,,73850-000,-16.08335,-47.52121,,,,,,Helipontos,Demais Praças,-16.0803825,-47.5184842,0.3
,,,"Sri/Hfa, Cruzeiro - DF, 70658-700, Brasil",Cruzeiro,,DF,,70658-700,-15.80361,-47.93696,,,,,,Helipontos,Demais Praças,-15.8036633,-47.9370523,0.3
,,,"Instituto Acreditar (Ceon), Qnc 15, Setor C Norte, Taguatinga - DF, 72115-650, Brasil",Taguatinga,,DF,,72115-650,-15.8242,-48.06705,,,,,,Helipontos,Demais Praças,-15.823916,-48.0671749,0.3
,,,"Parquinho Infantil, Águas Claras - DF, 71904-540, Brasil",Águas Claras,,DF,,71904-540,-15.82973,-48.02212,,,,,,Helipontos,Demais Praças,-15.8275313,-48.0231491,0.3
,,,"Smpw Quadra 12, Park Way - DF, 71741-204, Brasil",Park Way,,DF,,71741-204,-15.91227,-47.97176,,,,,,Helipontos,Demais Praças,-15.9117337,-47.97175300000001,0.3
,,,"Rua Amazonas, 11, Valparaíso de Goiás - GO, 72873-009, Brasil",Valparaíso de Goiás,,GO,,72873-009,-16.06326,-47.9989,,,,,,Helipontos,Demais Praças,-16.0636148,-47.9988639,0.3
,,,"BR-251, Brazlândia - DF, Brasil",Brazlândia,,DF,,,-15.67611,-48.20474,,,,,,Helipontos,Demais Praças,-15.6761475,-48.2043881,0.3
,,,"Avenida Central Leste, Gama - DF, Brasil",Gama,,DF,,,-16.02247,-48.06809,,,,,,Helipontos,Demais Praças,-16.0223646,-48.0682739,0.3
,,,"Flamboyant Shopping Center, Alameda das Paineiras, Jardim Goiás, Goiânia - GO, 74810-102, Brasil",Goiânia,,GO,,74810-102,-16.71006,-49.23846,,,,,,Helipontos,Demais Praças,-16.7100498,-49.2384591,0.3
,,,"Regus, Praça XV, Centro, Rio de Janeiro - RJ, 20010-010, Brasil",Rio de Janeiro,,RJ,,20010-010,-22.90236,-43.17421,,,,,,Helipontos,Demais Praças,-22.9023583,-43.17422639999999,0.3
,,,"Rua Ferradura, 128, Passagem, Cabo Frio - RJ, Brasil",Cabo Frio,,RJ,,,-22.87253,-42.01141,,,,,,Helipontos,Demais Praças,-22.8720391,-42.01146,0.3
,,,"Praia do Iguaçu, T02, Vila do Abraão, Angra dos Reis - RJ, Brasil",Angra dos Reis,,RJ,,,-23.12219,-44.19268,,,,,,Helipontos,Demais Praças,-23.1213919,-44.1928241,0.3
,,,"T02, Vila do Abraão, Angra dos Reis - RJ, Brasil",Angra dos Reis,,RJ,,,-23.11275,-44.20657,,,,,,Helipontos,Demais Praças,-23.1123204,-44.206038,0.3
,,,"Avenida Gen. Euclides de O. Figueiredo, Itaguaí - RJ, 23826-600, Brasil",Itaguaí,,RJ,,23826-600,-22.88315,-43.82532,,,,,,Helipontos,Demais Praças,-22.883333,-43.826111,0.3
,,,"Mistura Clássica, Verolme, Angra dos Reis - RJ, Brasil",Angra dos Reis,,RJ,,,-22.99902,-44.24827,,,,,,Helipontos,Demais Praças,-22.9986788,-44.2489439,0.3
,,,"Rua Gleba D, Portogalo, Angra dos Reis - RJ, 23917-010, Brasil",Angra dos Reis,,RJ,,23917-010,-23.0389,-44.19571,,,,,,Helipontos,Demais Praças,-23.039937,-44.1964209,0.3
,,,"Sorvete Itália, Urca, Rio de Janeiro - RJ, Brasil",Rio de Janeiro,,RJ,,,-22.95127,-43.16535,,,,,,Helipontos,Demais Praças,-22.9511726,-43.1655234,0.3
,,,"Angra dos Reis, RJ, Brasil",Angra dos Reis,,RJ,,23900-620,-23.00711,-44.31312,,,,,,Helipontos,Demais Praças,-22.9617287,-44.3471621,0.3
,,,"Porsche Smart Mobility, Rodovia Governador Mário Covas, Mangaratiba - RJ, 23860-000, Brasil",Mangaratiba,,RJ,,23860-000,-22.94983,-44.07461,,,,,,Helipontos,Demais Praças,-22.9496856,-44.0751133,0.3
,,,"BR Marinas, Verolme, Angra dos Reis - RJ, Brasil",Angra dos Reis,,RJ,,,-22.99816,-44.24952,,,,,,Helipontos,Demais Praças,-22.9983354,-44.2489166,0.3
,,,"Hering, Estrada Municipal, Praia da Chácara, Angra dos Reis - RJ, 23906-175, Brasil",Angra dos Reis,,RJ,,23906-175,-23.00396,-44.30016,,,,,,Helipontos,Demais Praças,-23.0039475,-44.3018639,0.3
,,,"Angra dos Reis, RJ, Brasil",Angra dos Reis,,RJ,,23900-620,-23.00711,-44.31312,,,,,,Helipontos,Demais Praças,-23.05444,-44.3141689,0.3
,,,"Pizza Hut, Rua Niterói, Tibery, Uberlândia - MG, 38405-178, Brasil",Uberlândia,,MG,,38405-178,-18.90865,-48.26094,,,,,,Helipontos,Demais Praças,-18.9087727,-48.2608381,0.3
,,,"Rua Víctor Rodrigues de Rezende, 732, Distrito Industrial, Uberlândia - MG, 38402-334, Brasil",Uberlândia,,MG,,38402-334,-18.86706,-48.29484,,,,,,Helipontos,Demais Praças,-18.86758,-48.2944769,0.3
,,,"Alameda Antônio Elias de Deus, Aparecida de Goiânia - GO, 74988-820, Brasil",Aparecida de Goiânia,,GO,,74988-820,-16.8256,-49.20358,,,,,,Helipontos,Demais Praças,-16.8251295,-49.2034507,0.3
,,,"Ponto De Carregamento Para Veículos Elétricos, Avenida Deputado Jamel Cecílio, 3300, Jardim Goiás, Goiânia - GO, Brasil",Goiânia,,GO,,,-16.70966,-49.236,,,,,,Helipontos,Demais Praças,-16.7093808,-49.2357539,0.3
,,,"Bandanna Digital, Jardim Goiás, Goiânia - GO, 74810-030, Brasil",Goiânia,,GO,,74810-030,-16.70506,-49.24084,,,,,,Helipontos,Demais Praças,-16.7050986,-49.24085220000001,0.3
,,,"Rua E M Um, Vila Sul, Aparecida de Goiânia - GO, Brasil",Aparecida de Goiânia,,GO,,,-16.74127,-49.24558,,,,,,Helipontos,Demais Praças,-16.7408991,-49.2462752,0.3
,,,"Bem-Estar Baby, Avenida Portugal, Marista, Goiânia - GO, 74150-030, Brasil",Goiânia,,GO,,74150-030,-16.69696,-49.26969,,,,,,Helipontos,Demais Praças,-16.6968665,-49.269663,0.3
,,,"Espaço Agir - Academia Crer, Criméia Leste, Goiânia - GO, Brasil",Goiânia,,GO,,,-16.65574,-49.24829,,,,,,Helipontos,Demais Praças,-16.6550919,-49.24903519999999,0.3
,,,"Rua Nove, 36-1, Vila Regina, Goiânia - GO, 74463-550, Brasil",Goiânia,,GO,,74463-550,-16.64895,-49.33636,,,,,,Helipontos,Demais Praças,-16.6483433,-49.3367543,0.3
,,,"Alameda das Sibipirunas, 27-6, Ceasa, Goiânia - GO, 74680-510, Brasil",Goiânia,,GO,,74680-510,-16.60909,-49.19205,,,,,,Helipontos,Demais Praças,-16.6082666,-49.1918779,0.3
,,,"Rua Mil Cento e Quarenta e Dois, 257-12, Marista, Goiânia - GO, 74180-190, Brasil",Goiânia,,GO,,74180-190,-16.70414,-49.25848,,,,,,Helipontos,Demais Praças,-16.7043967,-49.2582521,0.3
,,,"Alameda das Paineiras, 3300, Jardim Goiás, Goiânia - GO, 74810-102, Brasil",Goiânia,,GO,,74810-102,-16.70968,-49.23816,,,,,,Helipontos,Demais Praças,-16.7096708,-49.2384012,0.3
,,,"BR-060, Indiara - GO, 75955-000, Brasil",Indiara,,GO,,75955-000,-17.12427,-49.96564,,,,,,Helipontos,Demais Praças,-17.1257177,-49.9648264,0.3
,,,"Avenida Gov. Ludovico de Almeida, Santo Hilário, Goiânia - GO, Brasil",Goiânia,,GO,,,-16.64812,-49.20937,,,,,,Helipontos,Demais Praças,-16.6476939,-49.2087152,0.3
,,,"Band Tecnologia, Conjunto Residencial Santa Fé, Aparecida de Goiânia - GO, 74350-785, Brasil",Aparecida de Goiânia,,GO,,74350-785,-16.74999,-49.30462,,,,,,Helipontos,Demais Praças,-16.7499764,-49.304672,0.3
,,,"Avenida Nacional, Pólo Empresarial Goiás, Aparecida de Goiânia - GO, 74983-180, Brasil",Aparecida de Goiânia,,GO,,74983-180,-16.7912,-49.26185,,,,,,Helipontos,Demais Praças,-16.7913165,-49.2615959,0.3
,,,"Palácio Pedro Ludovico Teixeira, Praça Dr. Pedro Ludovico Teixeira, Central, Goiânia - GO, 74083-010, Brasil",Goiânia,,GO,,74083-010,-16.68193,-49.25594,,,,,,Helipontos,Demais Praças,-16.681908,-49.2559311,0.3
,,,"Mairipotaba, GO, Brasil",Mairipotaba,,GO,,75630-000,-17.29679,-49.48783,,,,,,Helipontos,Demais Praças,-17.1756824,-49.50899889999999,0.3
,,,"Usina Colombo - Santa Albertina/SP, Santa Albertina - SP, 15750-000, Brasil",Santa Albertina,,SP,,15750-000,-20.04188,-50.68344,,,,,,Helipontos,SP,-20.0407125,-50.6788281,0.3
,,,"Silvânia, GO, Brasil",Silvânia,,GO,,75180-000,-16.66096,-48.60902,,,,,,Helipontos,Demais Praças,-16.501758,-48.7924634,0.3
,,,"GO-010, Leopoldo de Bulhões - GO, 75190-000, Brasil",Leopoldo de Bulhões,,GO,,75190-000,-16.61524,-48.78941,,,,,,Helipontos,Demais Praças,-16.6148199,-48.78958309999999,0.3
,,,"Silvânia, GO, Brasil",Silvânia,,GO,,75180-000,-16.66096,-48.60902,,,,,,Helipontos,Demais Praças,-16.5854299,-48.7208599,0.3
,,,"Avenida Tocantins, Jardim Rio Grande, Aparecida de Goiânia - GO, 74982-540, Brasil",Aparecida de Goiânia,,GO,,74982-540,-16.80618,-49.24424,,,,,,Helipontos,Demais Praças,-16.8065571,-49.2443362,0.3
,,,"Avenida Deputado Jamel Cecílio, Autódromo, Goiânia - GO, 74820-050, Brasil",Goiânia,,GO,,74820-050,-16.70967,-49.22721,,,,,,Helipontos,Demais Praças,-16.7099792,-49.2271189,0.3
,,,"Codec - Comando de Defesa Civil do Estado de Goiás, Jardim Goiás, Goiânia - GO, Brasil",Goiânia,,GO,,,-16.6991,-49.23256,,,,,,Helipontos,Demais Praças,-16.6993222,-49.2321801,0.3
,,,"Fazenda Mabra 01, Nazário - GO, 76180-000, Brasil",Nazário,,GO,,76180-000,-16.61679,-49.88231,,,,,,Helipontos,Demais Praças,-16.6162747,-49.8828986,0.3
,,,"Sítio Primavera, Goianira - GO, 75370-000, Brasil",Goianira,,GO,,75370-000,-16.5422,-49.40976,,,,,,Helipontos,Demais Praças,-16.5423309,-49.4073713,0.3
,,,"Pirenópolis, GO, Brasil",Pirenópolis,,GO,,72980-000,-15.85387,-48.95838,,,,,,Helipontos,Demais Praças,-15.9306408,-48.92547330000001,0.3
,,,"Santo Antônio de Goiás, GO, Brasil",Santo Antônio de Goiás,,GO,,75375-000,-16.48558,-49.30918,,,,,,Helipontos,Demais Praças,-16.4641752,-49.2250705,0.3
,,,"Rua Antônio Henrique Ferreira, 202, Imbiruçu, Betim - MG, 32677-218, Brasil",Betim,,MG,,32677-218,-19.94387,-44.1129,,,,,,Helipontos,Demais Praças,-19.943971,-44.11331759999999,0.3
,,,"Avenida Alfredo Camaratti, 449, São Luíz, Belo Horizonte - MG, 31310-000, Brasil",Belo Horizonte,,MG,,31310-000,-19.86664,-43.97588,,,,,,Helipontos,Demais Praças,-19.8664818,-43.9746771,0.3
,,,"Rua Alagoa de Roça, 26, Tremembé, São Paulo - SP, 02357-130, Brasil",São Paulo,,SP,,02357-130,-23.44532,-46.61304,,,,,,Helipontos,SP,-23.4453136,-46.6130279,0.3
,,,"Zletric, Avenida das Nações Unidas, 12495, Itaim Bibi, São Paulo - SP, 04578-000, Brasil",São Paulo,,SP,,04578-000,-23.6081,-46.69669,,,,,,Helipontos,SP,-23.6080831,-46.6967203,0.3
,,,"Avenida Giovanni Gronchi, 5650, Vila Andrade, São Paulo - SP, 05724-002, Brasil",São Paulo,,SP,,05724-002,-23.62854,-46.73641,,,,,,Helipontos,SP,-23.628486,-46.7364495,0.3
,,,"Rodovia Rio Santos, Piraquara, Angra dos Reis - RJ, Brasil",Angra dos Reis,,RJ,,,-22.98536,-44.43845,,,,,,Helipontos,Demais Praças,-22.9852024,-44.4389002,0.3
,,,"108C, Jardim Primavera, Duque de Caxias - RJ, Brasil",Duque de Caxias,,RJ,,,-22.67255,-43.28433,,,,,,Helipontos,Demais Praças,-22.6728409,-43.28416120000001,0.3
,,,"Angra dos Reis, RJ, Brasil",Angra dos Reis,,RJ,,23900-620,-23.00711,-44.31312,,,,,,Helipontos,Demais Praças,-22.9528936,-44.35136620000001,0.3
,,,"Observatório Nuclear, Usina Nuclear, Angra dos Reis - RJ, Brasil",Angra dos Reis,,RJ,,,-23.00585,-44.46577,,,,,,Helipontos,Demais Praças,-23.0051807,-44.4657616,0.3
,,,"Ponto De Carregamento Para Veículos Elétricos, Avenida Virgílio C. Pinna, 8043, Quiririm, Taubaté - SP, 12061-180, Brasil",Taubaté,,SP,,12061-180,-23.06015,-45.60731,,,,,,Helipontos,SP,-23.060074,-45.60727,0.3
,,,"Luts Chalés, Gonçalves - MG, 37680-000, Brasil",Gonçalves,,MG,,37680-000,-22.67551,-45.84803,,,,,,Helipontos,Demais Praças,-22.6762889,-45.84891320000001,0.3
,,,"Clube dos Loucos Filial Paraty, Paraty Mirim, Paraty - RJ, 23970-000, Brasil",Paraty,,RJ,,23970-000,-23.34138,-44.66767,,,,,,Helipontos,Demais Praças,-23.343163,-44.663197,0.3
,,,"Vinícola Santa Maria, São Bento do Sapucaí - SP, 12490-000, Brasil",São Bento do Sapucaí,,SP,,12490-000,-22.72454,-45.68175,,,,,,Helipontos,SP,-22.723601,-45.681323,0.3
,,,"Rua Tijucas, 634, Camburi, São Sebastião - SP, 11619-100, Brasil",São Sebastião,,SP,,11619-100,-23.76953,-45.63255,,,,,,Helipontos,SP,-23.7691802,-45.6328582,0.3
,,,"Floresta da Tijuca, Estrada Mirante Dona Marta, Brasil",,,,,,-22.94675,-43.19824,,,,,,Helipontos,Demais Praças,-22.9466617,-43.1982328,0.3
,,,"Alameda das Amendoeiras, 3, Jardim Botânico - DF, 71684-624, Brasil",Jardim Botânico,,DF,,71684-624,-15.98757,-47.8209,,,,,,Helipontos,Demais Praças,-15.9879967,-47.82047559999999,0.3
,,,"Rua Augusto Caetano, 775, Parque Jequitibás, São João da Boa Vista - SP, 13874-448, Brasil",São João da Boa Vista,,SP,,13874-448,-21.96924,-46.76964,,,,,,Helipontos,SP,-21.9691603,-46.7696119,0.3
,,,"Vinícola Jabuticabal, Hidrolândia - GO, 75340-000, Brasil",Hidrolândia,,GO,,75340-000,-16.92544,-49.36158,,,,,,Helipontos,Demais Praças,-16.9255047,-49.36167,0.3
,,,"Unipé, Avenida Marechal Floriano Peixoto, Rebouças, Curitiba - PR, 80230-110, Brasil",Curitiba,,PR,,80230-110,-25.4389,-49.26786,,,,,,Helipontos,Demais Praças,-25.438903,-49.2677705,0.3
,,,"Avenida Jardim Botânico, Jardim Botânico, Curitiba - PR, 81560-000, Brasil",Curitiba,,PR,,81560-000,-25.44832,-49.24423,,,,,,Helipontos,Demais Praças,-25.4486039,-49.2442068,0.3
,,,"Alameda Doutor Carlos de Carvalho, 528, Centro, Curitiba - PR, 80430-180, Brasil",Curitiba,,PR,,80430-180,-25.43294,-49.28006,,,,,,Helipontos,Demais Praças,-25.4329203,-49.28004079999999,0.3
,,,"Rodovia Régis Bittencourt, Xaxim, Curitiba - PR, 81460-090, Brasil",Curitiba,,PR,,81460-090,-25.50279,-49.28102,,,,,,Helipontos,Demais Praças,-25.5030799,-49.2805827,0.3
,,,"Rua João Sigismundo Wysocri, Orleans, Curitiba - PR, 82310-435, Brasil",Curitiba,,PR,,82310-435,-25.43003,-49.3675,,,,,,Helipontos,Demais Praças,-25.4310481,-49.3676888,0.3
,,,"Rodovia Régis Bittencourt, Jardim Botânico, Curitiba - PR, 81460-090, Brasil",Curitiba,,PR,,81460-090,-25.45326,-49.24301,,,,,,Helipontos,Demais Praças,-25.4532708,-49.2430141,0.3
,,,"Rua Deputado Mário de Barros, Centro Cívico, Curitiba - PR, 80530-280, Brasil",Curitiba,,PR,,80530-280,-25.41216,-49.26827,,,,,,Helipontos,Demais Praças,-25.4126315,-49.2683809,0.3
,,,"Rodovia Br476, Pista Lateral - Bairro Alto, BR-476, Bairro Alto, Curitiba - PR, 82840-120, Brasil",Curitiba,,PR,,82840-120,-25.40725,-49.21873,,,,,,Helipontos,Demais Praças,-25.4074648,-49.2185894,0.3
,,,"PR-090, Bateias, Campo Largo - PR, Brasil",Campo Largo,,PR,,,-25.37197,-49.49292,,,,,,Helipontos,Demais Praças,-25.3719458,-49.4929194,0.3
,,,"Esquenta Corridas, Santo Inácio, Curitiba - PR, Brasil",Curitiba,,PR,,,-25.43019,-49.31493,,,,,,Helipontos,Demais Praças,-25.4306165,-49.3151636,0.3
,,,"Rua José Rossa, 2876, Campo Largo - PR, 83608-672, Brasil",Campo Largo,,PR,,83608-672,-25.43507,-49.42755,,,,,,Helipontos,Demais Praças,-25.4355975,-49.4266477,0.3
,,,"Avenida Prefeito Lothário Meissner, 836, Jardim Botânico, Curitiba - PR, 80210-170, Brasil",Curitiba,,PR,,80210-170,-25.44451,-49.23696,,,,,,Helipontos,Demais Praças,-25.4440009,-49.2369673,0.3